"ID","chrom","loc.start","loc.end","num.mark","seg.mean","seg.sd","seg.median","seg.mad","pval","lcl","ucl"
"Sample.1","chr1",692994,248923211,2000,-0.0342,0.0626,-0.0351,0.0588,NA,NA,NA
"Sample.1","chr10",55000,133645233,1048,-0.0302,0.0682,-0.0299,0.0628,NA,NA,NA
"Sample.1","chr11",130000,135013311,1124,-0.0263,0.0644,-0.0263,0.0583,NA,NA,NA
"Sample.1","chr12",55000,133207655,1060,-0.0225,0.0634,-0.0222,0.0616,NA,NA,NA
"Sample.1","chr13",18629053,114327164,520,-0.0125,0.0672,-0.0122,0.0653,NA,NA,NA
"Sample.1","chr14",19106322,106841859,714,-0.032,0.0665,-0.0311,0.0635,NA,NA,NA
"Sample.1","chr15",20012627,22279121,8,0.1286,0.0863,0.1397,0.0725,3.48386344744737e-13,21564251,22554121
"Sample.1","chr15",22554121,101890595,713,-0.0331,0.057,-0.0333,0.0556,NA,NA,NA
"Sample.1","chr16",55000,90139173,799,-0.0264,0.0648,-0.0273,0.0601,NA,NA,NA
"Sample.1","chr17",130000,83148721,939,-0.0305,0.0614,-0.0332,0.0599,NA,NA,NA
"Sample.1","chr18",80000,80231643,413,-0.0061,0.0643,-0.0074,0.0602,NA,NA,NA
"Sample.1","chr19",180000,58578808,820,-0.0333,0.0631,-0.0346,0.0608,NA,NA,NA
"Sample.1","chr2",105000,242116765,1664,-0.0185,0.0653,-0.019,0.0596,NA,NA,NA
"Sample.1","chr20",158168,64292084,568,-0.0255,0.0624,-0.0224,0.0612,NA,NA,NA
"Sample.1","chr21",5055000,46674992,256,0.0094,0.0683,0.0117,0.0683,NA,NA,NA
"Sample.1","chr22",15716995,50779234,445,-0.0083,0.0641,-0.0102,0.059,NA,NA,NA
"Sample.1","chr3",180000,198167780,1254,-0.0289,0.0607,-0.0288,0.0567,NA,NA,NA
"Sample.1","chr4",55000,190061561,950,-0.0123,0.0669,-0.0129,0.0616,NA,NA,NA
"Sample.1","chr5",55000,181364130,1117,-0.0207,0.0621,-0.0219,0.0621,NA,NA,NA
"Sample.1","chr6",155000,170647990,1189,-0.0426,0.0767,-0.04,0.0627,NA,NA,NA
"Sample.1","chr7",55000,159242987,1099,-0.0377,0.0678,-0.0341,0.0638,NA,NA,NA
"Sample.1","chr8",180000,6825000,54,0.0163,0.0662,0.0148,0.0642,2.14282625466327e-16,6825000,6975000
"Sample.1","chr8",6875000,7400000,5,-0.2771,0.1587,-0.2226,0.2052,3.06447415216232e-15,6975000,7533564
"Sample.1","chr8",7533564,145039318,892,-0.0347,0.0627,-0.032,0.06,NA,NA,NA
"Sample.1","chr9",130000,138217359,697,-0.0201,0.0622,-0.0248,0.0555,NA,NA,NA
"Sample.1","chrX",2518744,155640448,504,0.474,0.0895,0.4724,0.0884,NA,NA,NA
"Sample.1","chrY",3568744,24239248,16,-3.5502,1.0259,-3.8185,0.4525,NA,NA,NA
