"","value"
"chr1-001",-0.412987436363292
"chr1-002",-0.492499378353239
"chr1-003",-0.0305718664578217
"chr1-004",-0.00774699736327844
"chr1-005",-0.0163360061843229
"chr1-006",-0.0317686598276156
"chr1-007",-0.0260147716064189
"chr1-008",-0.00106297950952406
"chr1-009",0.128205173857885
"chr1-010",0.111565662139956
"chr1-011",0.251642651621009
"chr1-012",0.0833582312169088
"chr1-013",-0.0380394254548394
"chr1-014",0.0990285623881091
"chr1-015",0.114285251620483
"chr1-016",0.107812617172982
"chr1-017",0.222450770703916
"chr1-018",0.190624720405163
"chr1-019",0.0357343524113723
"chr1-020",0.0352408934700648
"chr1-021",0.122212495821564
"chr1-022",0.00592055527515294
"chr1-023",0.0872993457706935
"chr1-024",0.06210250149018
"chr1-025",0.103289732614777
"chr1-026",0.0938573991836164
"chr1-027",0.00553850879485936
"chr1-028",0.173763306437858
"chr1-029",0.187812409810521
"chr1-030",0.131491738990311
"chr1-031",0.0979934336769344
"chr1-032",0.0608778307677746
"chr1-033",0.0593538341193939
"chr1-034",0.149394850882486
"chr1-035",0.111744082971013
"chr1-036",0.0347282342864077
"chr1-037",0.0959922498253896
"chr1-038",0.0443141584377796
"chr1-039",0.109506395670974
"chr1-040",0.129293856011423
"chr1-041",0.120602924944896
"chr1-042",0.146746802717845
"chr1-043",0.105562381113952
"chr1-044",0.086705590867455
"chr1-045",0.0732623340906146
"chr1-046",0.0471764226357718
"chr1-047",0.0488966347098034
"chr1-048",0.129848507290716
"chr1-049",0.103508935576282
"chr1-050",0.171706470833521
"chr1-051",0.14893220532321
"chr1-052",0.140272694076289
"chr1-053",0.105776037261061
"chr1-054",0.0797658780020847
"chr1-055",0.0913042819831899
"chr1-056",0.052245492164119
"chr1-057",0.0826638261566337
"chr1-058",0.0651987956964248
"chr1-059",0.102154961884226
"chr1-060",0.0854844051351484
"chr1-061",0.147683696211724
"chr1-062",0.192456851984961
"chr1-063",0.126849192733852
"chr1-064",0.137065404183176
"chr1-065",0.0961974294994944
"chr1-066",0.0523900370774127
"chr1-067",0.0962757893653325
"chr1-068",0.15229413686006
"chr1-069",0.177791440316124
"chr1-070",0.181498067702783
"chr1-071",0.0985081593719872
"chr1-072",0.163303084665247
"chr1-073",0.11609204441313
"chr1-074",0.0801839865296174
"chr1-075",0.12062185550289
"chr1-076",0.165902499068661
"chr1-077",0.0714707686917045
"chr1-078",0.163608921358823
"chr1-079",0.136019530627619
"chr1-080",0.204988892304474
"chr1-081",0.1170720796412
"chr1-082",0.13938693872613
"chr1-083",0.133938722373991
"chr1-084",0.153937515877073
"chr1-085",0.157421883722385
"chr1-086",0.162199357447039
"chr1-087",0.125955869345267
"chr1-088",0.0980111286072182
"chr1-089",0.0959965112290166
"chr1-090",0.089614675931176
"chr1-091",0.107497537396897
"chr1-092",0.115044329128167
"chr1-093",0.148576619914512
"chr1-094",0.0874203701710999
"chr1-095",0.122823875665653
"chr1-096",0.102320777075991
"chr1-097",0.117825911213706
"chr1-098",0.226916224045073
"chr1-099",0.173443940864508
"chr1-100",0.0516891989328302
"chr1-101",0.123291502304749
"chr1-102",0.197893842054674
"chr1-103",0.120144699869058
"chr1-104",0.160589199505774
"chr1-105",0.140248739367234
"chr1-106",0.0690101053520033
"chr1-107",0.106468520202423
"chr1-108",0.140670699930621
"chr1-109",0.141399040323248
"chr1-110",0.0757731405702843
"chr1-111",0.149159648509998
"chr1-112",0.341582260962788
"chr1-113",0.215956369339447
"chr1-114",0.225921028251245
"chr1-115",0.289530625640069
"chr1-116",0.250540054240806
"chr1-117",0.165304200343351
"chr1-118",0.269975657680593
"chr1-119",0.283903530978937
"chr1-120",0.251134623975165
"chr1-121",0.213086633532732
"chr1-122",0.299817355728118
"chr1-123",0.262406182891596
"chr1-124",0.117731530336367
"chr1-125",0.157419546567267
"chr1-126",0.225216189991857
"chr1-127",0.200706828928478
"chr1-128",0.258915086803028
"chr1-129",0.24281369459825
"chr1-130",0.265128958439164
"chr1-131",0.196244499015233
"chr1-132",0.217713502624629
"chr1-133",0.34307584453918
"chr1-134",0.24779623815398
"chr1-135",0.203356972168893
"chr1-136",0.272703240620818
"chr1-137",0.24387604758129
"chr1-138",0.232976601306769
"chr1-139",0.233221364838663
"chr1-140",0.372999629490764
"chr1-141",0.235259166951344
"chr1-142",0.324089885774237
"chr1-143",0.24993243179901
"chr1-144",0.357170485823036
"chr1-145",0.364199848205288
"chr1-146",0.254006740492939
"chr1-147",0.276681608386039
"chr1-148",0.157366305582242
"chr1-149",0.295847595759464
"chr1-150",0.267824551568394
"chr1-151",0.205636734803295
"chr1-152",0.191825513142957
"chr1-153",0.272980353608135
"chr1-154",0.245607773688552
"chr1-155",0.26829461382042
"chr1-156",0.170213043404203
"chr1-157",0.367122410359618
"chr1-158",0.28580873095996
"chr1-159",0.31746329308107
"chr1-160",0.363653158311628
"chr1-161",0.404169138825679
"chr1-162",0.273277397934751
"chr1-163",0.245234053447652
"chr1-164",0.228205710390745
"chr1-165",0.180385018583302
"chr1-166",0.225548688355554
"chr1-167",0.153777685236708
"chr1-168",0.206411885301545
"chr1-169",0.280504234360903
"chr1-170",0.302763320937154
"chr1-171",0.299557756517793
"chr1-172",0.275136344077037
"chr1-173",0.227193287697032
"chr1-174",0.231871472379405
"chr1-175",0.205622200869608
"chr1-176",0.158773282297503
"chr1-177",0.19244000771205
"chr1-178",0.202463927779871
"chr1-179",0.0662548782371117
"chr1-180",0.214254126749793
"chr1-181",0.156451461140191
"chr1-182",0.185872712862992
"chr1-183",0.226329384351663
"chr1-184",0.262384057958954
"chr1-185",0.283065874314664
"chr1-186",0.409546604559283
"chr1-187",0.300984521624055
"chr1-188",0.246978859958986
"chr1-189",0.239550001047921
"chr1-190",0.246974670136628
"chr1-191",0.312708658042706
"chr1-192",0.193904658038822
"chr1-193",0.277293224930158
"chr1-194",0.246758715262375
"chr1-195",0.175872537440987
"chr1-196",0.263358989549736
"chr1-197",0.278742480984772
"chr1-198",0.253914382909878
"chr1-199",0.315396722914551
"chr1-200",0.191697649843615
"chr1-201",0.191164398545322
"chr1-202",0.186121569243322
"chr1-203",0.289361147798758
"chr1-204",0.29232060574416
"chr1-205",0.309068390710509
"chr1-206",0.234217041551608
"chr1-207",0.220541341142043
"chr1-208",0.121336230142492
"chr1-209",0.147041910229234
"chr1-210",0.160757459244177
"chr1-211",0.153232099740312
"chr1-212",0.225032322360181
"chr1-213",0.176726746811431
"chr1-214",0.22964772766113
"chr1-215",0.145798267533521
"chr1-216",0.166181054274149
"chr1-217",0.241667839074964
"chr1-218",0.17693255588957
"chr1-219",0.161900677277762
"chr1-220",0.276374720132336
"chr1-221",0.24384194312973
"chr1-222",0.232393543586146
"chr1-223",0.170732889780805
"chr1-224",0.232181935493634
"chr1-225",0.219166541488627
"chr1-226",0.225822127283069
"chr1-227",0.202112060012699
"chr1-228",0.220562510295587
"chr1-229",0.2306633567863
"chr1-230",0.173014744858144
"chr1-231",0.123833561039765
"chr1-232",0.301703886949618
"chr1-233",0.0769084979712177
"chr1-234",0.216338067286304
"chr1-235",0.276179075327785
"chr1-236",0.200868466180896
"chr1-237",0.230491077179978
"chr1-238",0.20722016579237
"chr1-239",0.18629745457547
"chr1-240",0.275960491886431
"chr1-241",0.161729742524976
"chr1-242",0.167320746768855
"chr1-243",0.244562610414262
"chr1-244",0.241296465990226
"chr1-245",0.305552684019609
"chr1-246",0.21440364594612
"chr1-247",0.248038045634783
"chr1-248",0.205347360239219
"chr1-249",0.160331466542171
"chr1-250",0.167308007232466
"chr1-251",0.165862504939409
"chr1-252",0.206036105809186
"chr1-253",0.196052202712486
"chr1-254",0.193957601895419
"chr1-255",0.149378894181581
"chr1-256",0.1809593364614
"chr1-257",0.156511041966863
"chr1-258",0.0940485917053727
"chr1-259",0.180891509232273
"chr1-260",0.119112049962656
"chr1-261",0.126661959209209
"chr1-262",0.179112033204125
"chr1-263",0.213842251031482
"chr1-264",0.204214434161035
"chr1-265",0.247429969175013
"chr1-266",0.234743148140103
"chr1-267",0.139810987069236
"chr1-268",0.170669959511439
"chr1-269",0.194191387683387
"chr1-270",0.160632967812839
"chr1-271",0.202455681816782
"chr1-272",0.211573277932607
"chr1-273",0.265248065931332
"chr1-274",0.335824648363607
"chr1-275",0.245299624563698
"chr1-276",0.242930208402628
"chr1-277",0.369643546427341
"chr1-278",0.194811247575327
"chr1-279",0.242501706095407
"chr1-280",0.189504344749396
"chr1-281",0.178998779065787
"chr1-282",0.154474331254775
"chr1-283",0.20224704671782
"chr1-284",0.240144350092277
"chr1-285",0.223117669808107
"chr1-286",0.30584996966246
"chr1-287",0.274618878190821
"chr1-288",0.265916735610173
"chr1-289",0.283010169707325
"chr1-290",0.255992188859012
"chr1-291",0.174116282637065
"chr1-292",0.298046957896877
"chr1-293",0.241086118178993
"chr1-294",0.276802741359375
"chr1-295",0.215674457819126
"chr1-296",0.21568470045598
"chr1-297",0.225477420339344
"chr1-298",0.232277249095993
"chr1-299",0.175532268606299
"chr1-300",0.140655107092458
"chr1-301",0.364741552125532
"chr1-302",0.263102327334876
"chr1-303",0.177455617853177
"chr1-304",0.216919725227381
"chr1-305",0.194564053128842
"chr1-306",0.225371311971991
"chr1-307",0.178579558491713
"chr1-308",0.154435855966828
"chr1-309",0.192881781284252
"chr1-310",0.145265135842728
"chr1-311",0.209079447944816
"chr1-312",0.196112759146992
"chr1-313",0.208608270673527
"chr1-314",0.298611421142033
"chr1-315",0.28055577245148
"chr1-316",0.305841758861656
"chr1-317",0.281401321431138
"chr1-318",0.195360246918789
"chr1-319",0.220634547887288
"chr1-320",0.199299205209365
"chr1-321",0.254652756917853
"chr1-322",0.266417671836039
"chr1-323",0.297605877389227
"chr1-324",0.12746603307918
"chr1-325",0.214191336354069
"chr1-326",0.203126323388849
"chr1-327",0.254099674060146
"chr1-328",0.098278353897143
"chr1-329",0.324892270458084
"chr1-330",0.307895865006946
"chr1-331",0.287991729065207
"chr1-332",0.23038856649837
"chr1-333",0.0936709612568833
"chr1-334",0.18787124007491
"chr1-335",0.228562685419315
"chr1-336",0.140579447689974
"chr1-337",0.22581886161984
"chr1-338",0.27948628143022
"chr1-339",0.150093905695522
"chr1-340",0.272482767082554
"chr1-341",0.253179983718804
"chr1-342",0.355529744253705
"chr1-343",0.190443989127709
"chr1-344",0.198134338355023
"chr1-345",0.134987857632639
"chr1-346",0.118609433508413
"chr1-347",0.185157522671199
"chr1-348",0.100362924971427
"chr1-349",0.156774086594218
"chr1-350",0.123268009463231
"chr1-351",0.204796819514713
"chr1-352",0.144586351858787
"chr1-353",0.163324263838392
"chr1-354",0.0947119899139133
"chr1-355",0.131945951622463
"chr1-356",0.173471815853698
"chr1-357",0.206303753508417
"chr1-358",0.269202653133871
"chr1-359",0.218890411563771
"chr1-360",0.225883649523013
"chr1-361",0.24697598194939
"chr1-362",0.255134141773879
"chr1-363",0.212540073323116
"chr1-364",0.192299954822432
"chr1-365",0.179995796453504
"chr1-366",0.114284351609224
"chr1-367",0.150672143348025
"chr1-368",0.213282843845366
"chr1-369",0.156793148759819
"chr1-370",0.178854059566512
"chr1-371",0.138185584068166
"chr1-372",0.274803967771135
"chr1-373",0.132059539901431
"chr1-374",0.292476349719029
"chr1-375",0.211117872000738
"chr1-376",0.266537032441417
"chr1-377",0.351908498824901
"chr1-378",0.187835401040177
"chr1-379",0.276719829032525
"chr1-380",0.309197966111899
"chr1-381",0.261612335989465
"chr1-382",0.292904744586067
"chr1-383",0.254343318528655
"chr1-384",0.17157605079425
"chr1-385",0.182655917502387
"chr1-386",0.328231407241033
"chr1-387",0.23603370898447
"chr1-388",0.230308630379664
"chr1-389",0.217313357119495
"chr1-390",0.136874371659067
"chr1-391",0.199425378660866
"chr1-392",0.133987170098537
"chr1-393",0.207661567050715
"chr1-394",0.226603330881838
"chr1-395",0.125231819027951
"chr1-396",0.125137990424582
"chr1-397",0.189105865862421
"chr1-398",0.195735748924624
"chr1-399",0.0881119104246453
"chr1-400",0.0306805358626431
"chr1-401",0.160898292916574
"chr1-402",0.216543768762131
"chr1-403",0.176267635226525
"chr1-404",0.191501432878663
"chr1-405",0.154965837023449
"chr1-406",0.234795142205245
"chr1-407",0.150866769691366
"chr1-408",0.154262729696291
"chr1-409",0.223294338226159
"chr1-410",0.183738992734383
"chr1-411",0.262265156981836
"chr1-412",0.190372515080555
"chr1-413",0.177149359975365
"chr1-414",0.25932521640448
"chr1-415",0.158169609655887
"chr1-416",0.126863531129628
"chr1-417",0.160803256280975
"chr1-418",0.194303047669243
"chr1-419",0.179982315831056
"chr1-420",0.127375202468229
"chr1-421",0.284835908554367
"chr1-422",0.3850531598069
"chr1-423",0.262458104116821
"chr1-424",0.235100286934442
"chr1-425",0.155986696093493
"chr1-426",0.273571846199145
"chr1-427",0.232093895013478
"chr1-428",0.276111061177967
"chr1-429",0.2046076260195
"chr1-430",0.192413511371051
"chr1-431",0.181810931569318
"chr1-432",0.140830746380167
"chr1-433",0.192476993406619
"chr1-434",0.187955883942584
"chr1-435",0.15261934543057
"chr1-436",0.211581325312515
"chr1-437",0.270295575120129
"chr1-438",0.169965564069015
"chr1-439",0.160950565818822
"chr1-440",0.140470754087054
"chr1-441",0.211056392926467
"chr1-442",0.0914839389170129
"chr10-001",-0.0565434619288085
"chr10-002",-0.0196113965675417
"chr10-003",-0.0708875002397075
"chr10-004",-0.0332701589204378
"chr10-005",-0.0221066250704995
"chr10-006",-0.0467918428522255
"chr10-007",0.00662501784363712
"chr10-008",0.104948483709758
"chr10-009",0.149401839413933
"chr10-010",0.100794225526691
"chr10-011",-0.0157737005776406
"chr10-012",-0.0203107489020549
"chr10-013",-0.0692668594971423
"chr10-014",0.000378246379640959
"chr10-015",0.0199986537586812
"chr10-016",-0.0598432609976512
"chr10-017",0.00552100625256761
"chr10-018",-0.0879145978299769
"chr10-019",0.187026809134836
"chr10-020",0.0890030015015378
"chr10-021",-0.0619553080578475
"chr10-022",0.0643854622312517
"chr10-023",-0.0337872491461393
"chr10-024",-0.0892191728834512
"chr10-025",-0.057698819066154
"chr10-026",0.000308591494439122
"chr10-027",-0.0295169068683118
"chr10-028",-0.0178929478482501
"chr10-029",0.00957168914012122
"chr10-030",-0.013273139888556
"chr10-031",0.00375069702238177
"chr10-032",0.0227116231942727
"chr10-033",0.00527392244413358
"chr10-034",0.0574941503888022
"chr10-035",0.0252618773112326
"chr10-036",-0.0155106832303551
"chr10-037",-0.0252594690891094
"chr10-038",-0.0633410275948188
"chr10-039",-0.040907688835299
"chr10-040",0.0104447406536267
"chr10-041",-0.00569583659323907
"chr10-042",-0.0453806969702796
"chr10-043",0.032798202249666
"chr10-044",0.049435045645018
"chr10-045",0.00812341246706432
"chr10-046",0.0386355634735704
"chr10-047",0.0303250881134583
"chr10-048",0.0703869057281879
"chr10-049",0.0655485070292859
"chr10-050",-0.0354162629557911
"chr10-051",-0.0487295194815783
"chr10-052",0.0200565435357565
"chr10-053",-0.040321739911375
"chr10-054",-0.0736864638662023
"chr10-055",0.0827558061581801
"chr10-056",0.0430769766340808
"chr10-057",-0.00276745100031847
"chr10-058",-0.021498259537365
"chr10-059",0.132689342503459
"chr10-060",0.013388517916089
"chr10-061",0.0452329564116038
"chr10-062",0.0970030140058158
"chr10-063",0.0581773508387606
"chr10-064",-0.0340916008580754
"chr10-065",-0.00280208308139309
"chr10-066",0.0496545015800884
"chr10-067",0.0482212723108437
"chr10-068",-0.00811342211103166
"chr10-069",0.0337359729404531
"chr10-070",-0.00619905169488503
"chr10-071",-0.00201846671519102
"chr10-072",0.116854967280426
"chr10-073",0.0524900227620736
"chr10-074",-0.0430215580265555
"chr10-075",-0.0416657763644694
"chr10-076",-0.0295932759528566
"chr10-077",0.00624360028391721
"chr10-078",-0.0942080004190083
"chr10-079",-0.100967050381634
"chr10-080",-0.0160903833620926
"chr10-081",-0.0148462947870762
"chr10-082",-0.00128644257821285
"chr10-083",-0.0125126756079148
"chr10-084",-0.167383767772343
"chr10-085",-0.0341617554707181
"chr10-086",0.0833292823652911
"chr10-087",-0.0413567655855481
"chr10-088",0.0945393189015845
"chr10-089",0.236473076504792
"chr10-090",0.00867203144971499
"chr10-091",-0.0404329266475811
"chr10-092",-0.00456293876104023
"chr10-093",-0.00110754867909302
"chr10-094",-0.0367521179816879
"chr10-095",0.0408465731545345
"chr10-096",0.0484109732873624
"chr10-097",0.00656569191839921
"chr10-098",-0.0456001619108753
"chr10-099",-0.0438952506873786
"chr10-100",0.0878970222197439
"chr10-101",-0.0831828047628795
"chr10-102",0.127424420787553
"chr10-103",0.0241220240697644
"chr10-104",0.0399759823134039
"chr10-105",0.0391367153275786
"chr10-106",0.107432001685453
"chr10-107",0.0489207943478481
"chr10-108",0.054125234877012
"chr10-109",0.102883382601453
"chr10-110",0.077289501058157
"chr10-111",-0.000622324669015652
"chr10-112",0.157871529757311
"chr10-113",0.101868188484612
"chr10-114",0.0779409998896282
"chr10-115",-0.0647804812034841
"chr10-116",-0.0379782172549032
"chr10-117",0.047077537142519
"chr10-118",0.0843640442278033
"chr10-119",0.118111936893672
"chr10-120",-0.0862727594433998
"chr10-121",-0.0420321975504278
"chr10-122",-0.0679097280698369
"chr10-123",-0.0659589460061384
"chr10-124",-0.00798980315253004
"chr10-125",-0.0475879638781362
"chr10-126",-0.0726333242910838
"chr10-127",-0.0581756609528908
"chr10-128",-0.08986845342258
"chr10-129",-0.0649581102791172
"chr10-130",-0.056819790426388
"chr10-131",0.0137718334904409
"chr10-132",-0.0236935830083846
"chr10-133",0.0037492606248295
"chr10-134",-0.00234396648510722
"chr10-135",-0.013791145131655
"chr10-136",-0.00360237436377595
"chr10-137",0.096335755233069
"chr10-138",0.0420747708701817
"chr10-139",0.0357513086215622
"chr10-140",0.0927340078192935
"chr10-141",0.028995331404246
"chr10-142",0.0300933185938719
"chr10-143",-0.0118000525934745
"chr10-144",-0.00616219086482968
"chr10-145",-0.0699011978191549
"chr10-146",-0.00290548473767282
"chr10-147",-0.0264894756676838
"chr10-148",0.00065075904157019
"chr10-149",0.0844604171869071
"chr10-150",0.145205942340778
"chr10-151",0.108898740215758
"chr10-152",0.0373700054589622
"chr10-153",-0.0606267293300786
"chr10-154",-0.0402855607495092
"chr10-155",-0.0794319164339193
"chr10-156",0.0219355464542185
"chr10-157",-0.0872776188507122
"chr10-158",-0.0727255777805584
"chr10-159",-0.0654434991009795
"chr10-160",-0.00360113018148878
"chr10-161",0.095484908372765
"chr10-162",0.0286205758106868
"chr10-163",0.0312674945447354
"chr10-164",-0.0201041727939022
"chr10-165",0.00186038650671156
"chr10-166",0.0500977839904751
"chr10-167",0.0656021762949154
"chr10-168",0.0674433167056486
"chr10-169",-0.04693812404559
"chr10-170",-0.0230287044277279
"chr10-171",-0.0100157275963216
"chr10-172",0.0056972536760903
"chr10-173",0.0180114630691544
"chr10-174",0.105335704826264
"chr10-175",0.05346127834833
"chr10-176",-0.00673880039151999
"chr10-177",0.0322094202569231
"chr10-178",-0.0281511561052828
"chr10-179",-0.052148382926135
"chr10-180",-0.0409277154178646
"chr10-181",0.00225905385983582
"chr10-182",0.189873836067604
"chr10-183",-0.00817649320737174
"chr10-184",0.00510136528746938
"chr10-185",-0.0382501773686542
"chr10-186",-0.0702870421156374
"chr10-187",-0.0848582335012599
"chr10-188",-0.0564223707300298
"chr10-189",-0.0709708434409988
"chr10-190",-0.0187075343131072
"chr10-191",-0.104537559167794
"chr10-192",-0.00538514181867695
"chr10-193",0.0316931439649596
"chr10-194",-0.0016361082341057
"chr10-195",0.0395727380027867
"chr10-196",0.0759371445993655
"chr10-197",0.0440761463319154
"chr10-198",0.0315117197355938
"chr10-199",0.0752807098846297
"chr10-200",0.079948788426692
"chr10-201",0.0881209176564481
"chr10-202",0.0350265870194328
"chr10-203",0.0539103254105426
"chr10-204",0.0601965941121238
"chr10-205",-0.0181418430595927
"chr10-206",-0.0558321688675296
"chr10-207",-0.00249119915906687
"chr10-208",0.0474767762306686
"chr10-209",0.0435261698701406
"chr10-210",0.0748186501695737
"chr10-211",0.0168716835184766
"chr10-212",0.072753709407118
"chr10-213",-0.0639928634726463
"chr10-214",-0.00995037847654278
"chr10-215",-0.0201171332449615
"chr10-216",-0.02739135873136
"chr10-217",-0.0568755412769484
"chr10-218",0.00336596421649653
"chr10-219",0.0814396415054952
"chr10-220",-0.00245105733048411
"chr10-221",-0.0453964598967424
"chr10-222",-0.00285271209974097
"chr10-223",0.000592395242270656
"chr10-224",0.032730492841647
"chr10-225",-0.0547908540541613
"chr10-226",0.0233234263256862
"chr10-227",-0.0268901677708076
"chr10-228",-0.0192748386369932
"chr10-229",0.00875226380511046
"chr10-230",-0.0373535479071262
"chr10-231",-0.0239686490635161
"chr10-232",-0.0833658360820209
"chr10-233",-0.03245205453206
"chr10-234",0.0167281662351515
"chr10-235",0.0192265197284303
"chr10-236",0.0254476672476016
"chr10-237",-0.0639212387294399
"chr10-238",0.0202562182178512
"chr10-239",-0.0575448279844241
"chr10-240",-0.0397993565835844
"chr10-241",-0.0172763374349021
"chr10-242",-0.00656284480345801
"chr10-243",-0.065017108955773
"chr10-244",-0.0773430722328649
"chr10-245",0.0423632876432521
"chr10-246",-0.0418817534722095
"chr10-247",-0.0739556963703146
"chr10-248",-0.0623535207457201
"chr10-249",-0.11738782488585
"chr10-250",-0.119860726184749
"chr10-251",-0.163182387505917
"chr10-252",-0.159609380240323
"chr11-001",-0.125445856437233
"chr11-002",-0.133658700018959
"chr11-003",-0.145119639238256
"chr11-004",-0.127711409557114
"chr11-005",-0.140599676018759
"chr11-006",-0.0931110829514512
"chr11-007",-0.0506852509233853
"chr11-008",-0.0459849409180673
"chr11-009",0.0460405119474897
"chr11-010",-0.0382951190954202
"chr11-011",-0.0881262989056916
"chr11-012",-0.00437296708755692
"chr11-013",-0.00568931775778692
"chr11-014",0.0200345932279824
"chr11-015",-0.00550080419872214
"chr11-016",0.0680101770228505
"chr11-017",-0.0224623449025953
"chr11-018",0.0568806471947906
"chr11-019",-0.0359931977924375
"chr11-020",0.0519295432166842
"chr11-021",0.0636932948481738
"chr11-022",0.0812872881552281
"chr11-023",0.0241475600275378
"chr11-024",0.0641840964014234
"chr11-025",0.122750256478116
"chr11-026",0.138404833884238
"chr11-027",0.0657986121266525
"chr11-028",-0.0133560119391607
"chr11-029",-0.048784890286945
"chr11-030",0.0228081857969965
"chr11-031",0.11215160752755
"chr11-032",0.0769931381285
"chr11-033",0.100021056948869
"chr11-034",0.026358052594735
"chr11-035",-0.0255593668284317
"chr11-036",0.0144582330465942
"chr11-037",-0.0313375280910935
"chr11-038",-0.0567067988489634
"chr11-039",0.0889992619661399
"chr11-040",0.11049283030991
"chr11-041",0.0757494804577571
"chr11-042",0.091956116545239
"chr11-043",-0.0327357658095676
"chr11-044",0.0613195173568992
"chr11-045",0.0419858538448369
"chr11-046",-0.189127999027427
"chr11-047",0.0163317719106586
"chr11-048",-0.0535122377923637
"chr11-049",0.0834782861285075
"chr11-050",0.0857046336003607
"chr11-051",0.0833551265404459
"chr11-052",0.0632167963195736
"chr11-053",0.0698664277931254
"chr11-054",-0.0052859950496586
"chr11-055",0.0143639228748155
"chr11-056",-0.0126105782253514
"chr11-057",0.0512139182451806
"chr11-058",0.0715368404222349
"chr11-059",0.123495326769999
"chr11-060",0.0124191449728976
"chr11-061",0.0209476831725419
"chr11-062",0.039330967954044
"chr11-063",0.0279955679635502
"chr11-064",-0.00365255023243918
"chr11-065",0.0632116947592083
"chr11-066",0.022991862770103
"chr11-067",0.0551620590334297
"chr11-068",0.0766682427956926
"chr11-069",0.14234084460843
"chr11-070",0.0710727052327245
"chr11-071",0.059463967436515
"chr11-072",-0.0749744259938258
"chr11-073",-0.116831731409016
"chr11-074",-0.00301695934598475
"chr11-075",0.107377486017023
"chr11-076",-0.0649668269232818
"chr11-077",-0.0107237415180949
"chr11-078",0.0146208279083025
"chr11-079",0.0533224699371741
"chr11-080",-0.0308821669502762
"chr11-081",0.0187515684364995
"chr11-082",0.0111341674664877
"chr11-083",-0.0183940879292304
"chr11-084",-0.068382380804903
"chr11-085",-0.0162568914917029
"chr11-086",-0.0659705136758708
"chr11-087",-0.0342221015534685
"chr11-088",-0.0101782133062377
"chr11-089",-0.195875366697513
"chr11-090",0.0442319194564449
"chr11-091",-0.117993283572155
"chr11-092",-0.135358282477539
"chr11-093",-0.488725494588115
"chr11-094",-0.426227084111285
"chr11-095",-0.482120273645301
"chr11-096",-0.414077222189069
"chr11-097",-0.188412162673281
"chr11-098",-0.289743871754884
"chr11-099",-0.358682922487699
"chr11-100",-0.267763483644931
"chr11-101",-0.242865714398645
"chr11-102",-0.284364808362504
"chr11-103",-0.340076001062222
"chr11-104",-0.285786263887438
"chr11-105",-0.254894852296261
"chr11-106",-0.307924984907088
"chr11-107",-0.277997201866501
"chr11-108",-0.292465714110248
"chr11-109",-0.51439162134892
"chr11-110",-0.305775904182206
"chr11-111",-0.335587240194249
"chr11-112",-0.352000647877982
"chr11-113",-0.292208868328892
"chr11-114",-0.312185910450574
"chr11-115",-0.296473704585846
"chr11-116",-0.347863630452276
"chr11-117",-0.349748418379553
"chr11-118",-0.30875243975682
"chr11-119",-0.372042103515942
"chr11-120",-0.352859567168774
"chr11-121",-0.299246418971443
"chr11-122",-0.355436191322125
"chr11-123",-0.360758880908295
"chr11-124",-0.392256532627296
"chr11-125",-0.334025251413186
"chr11-126",-0.299472629875644
"chr11-127",-0.250698923071489
"chr11-128",-0.340543864854449
"chr11-129",-0.300966341981888
"chr11-130",-0.325879866611582
"chr11-131",-0.321798801222137
"chr11-132",-0.255702185679427
"chr11-133",-0.33816574798051
"chr11-134",-0.275836821861389
"chr11-135",-0.338370078204882
"chr11-136",-0.282528233658789
"chr11-137",-0.284366450256288
"chr11-138",-0.371621069122725
"chr11-139",-0.273314847169715
"chr11-140",-0.283064128638765
"chr11-141",-0.257517739581466
"chr11-142",-0.31904135986174
"chr11-143",-0.160180814549192
"chr11-144",0.158402980080174
"chr11-145",0.255394426837206
"chr11-146",0.24289803296368
"chr11-147",0.293146629833265
"chr11-148",0.116864537131
"chr11-149",0.241397177674982
"chr11-150",0.106566410824554
"chr11-151",0.0524700160491952
"chr11-152",0.0446860008569785
"chr11-153",0.0819103964298512
"chr11-154",-0.22394623089058
"chr11-155",-0.29969295940962
"chr11-156",-0.298366750947882
"chr11-157",-0.243156323494486
"chr11-158",-0.310242661884538
"chr11-159",-0.300388592313624
"chr11-160",-0.327376810793238
"chr11-161",-0.194347944620785
"chr11-162",-0.209007477711122
"chr11-163",-0.330183541391013
"chr11-164",-0.293939877799407
"chr11-165",-0.189274095267456
"chr11-166",-0.14406057807983
"chr11-167",-0.179381492271531
"chr11-168",-0.219661830910683
"chr11-169",-0.408834110003599
"chr11-170",-0.421675172781201
"chr11-171",-0.285382786306572
"chr11-172",-0.509004045331067
"chr11-173",-0.174785357006267
"chr11-174",0.0615983271681608
"chr11-175",0.0517179983744895
"chr11-176",0.0480201385144405
"chr11-177",0.048675507738831
"chr11-178",0.0470674393611667
"chr11-179",0.00246953577845759
"chr11-180",0.010432116719592
"chr11-181",0.0578596306044378
"chr11-182",0.0404909683538882
"chr11-183",0.126880402188029
"chr11-184",0.131229974144792
"chr11-185",-0.136726382408627
"chr11-186",0.054012976801367
"chr11-187",0.0255495374346793
"chr11-188",0.0557257417942916
"chr11-189",0.115407575118353
"chr11-190",0.132088880627519
"chr11-191",0.0367234331312861
"chr11-192",0.0918019480499646
"chr11-193",0.053503578662647
"chr11-194",0.101595722794958
"chr11-195",0.0593317133709604
"chr11-196",0.141964950139479
"chr11-197",0.0572697572433822
"chr11-198",-0.0183433920784249
"chr11-199",0.17605413964171
"chr11-200",0.0270687644867999
"chr11-201",0.0452926919032957
"chr11-202",0.010888262020988
"chr11-203",-0.0247017426237887
"chr11-204",-0.0238843293699914
"chr11-205",-0.0197633507280159
"chr11-206",-0.205909335502213
"chr11-207",-0.322066114411826
"chr11-208",-0.302466634739045
"chr11-209",-0.243217071291715
"chr11-210",-0.315398959068344
"chr11-211",-0.290221918457828
"chr11-212",-0.323548132730757
"chr11-213",-0.298433766730545
"chr11-214",-0.163132673687012
"chr11-215",-0.235505902467233
"chr11-216",-0.346340430608768
"chr11-217",-0.269230424108484
"chr11-218",-0.325323692809853
"chr11-219",-0.288472436264954
"chr11-220",-0.293316946698237
"chr11-221",-0.265407811909499
"chr11-222",-0.425612286888408
"chr11-223",-0.802764858999363
"chr11-224",-0.87498604471573
"chr11-225",-0.93320386803897
"chr11-226",-0.909236903406678
"chr11-227",-0.849370232379373
"chr11-228",-0.993822417081336
"chr11-229",-0.892362671636571
"chr11-230",-0.853146324561606
"chr11-231",-0.885595428979855
"chr11-232",-0.95547919823312
"chr11-233",-0.868979374818597
"chr11-234",-0.836686253022127
"chr11-235",-0.947027688423465
"chr11-236",-0.901428041719578
"chr11-237",-0.781471912017483
"chr11-238",-0.817983873290047
"chr11-239",-0.919000495045448
"chr12-001",-0.300303131156761
"chr12-002",-0.274242447535089
"chr12-003",-0.228164951325615
"chr12-004",-0.270815607933409
"chr12-005",-0.154384277947037
"chr12-006",-0.256198551029197
"chr12-007",-0.241420970068851
"chr12-008",-0.290887602988819
"chr12-009",-0.329100089390372
"chr12-010",-0.294454128741475
"chr12-011",-0.24362098499377
"chr12-012",-0.279893803345228
"chr12-013",-0.251883862155299
"chr12-014",-0.239161375288784
"chr12-015",-0.376510243602244
"chr12-016",-0.185993592594647
"chr12-017",-0.600545873132302
"chr12-018",-0.201874747945702
"chr12-019",-0.025588080165253
"chr12-020",0.0373328966126681
"chr12-021",0.0433859756207381
"chr12-022",0.00979980162285607
"chr12-023",0.0216739133116448
"chr12-024",0.00630211865958953
"chr12-025",0.152629856780511
"chr12-026",0.0455915262299162
"chr12-027",0.0516744085563535
"chr12-028",0.0687002992790868
"chr12-029",0.0618327393453332
"chr12-030",0.102593697115246
"chr12-031",0.127526688021555
"chr12-032",0.0932316162542877
"chr12-033",0.109314481188597
"chr12-034",-0.00904683996588138
"chr12-035",0.173450838439073
"chr12-036",0.0148095656660755
"chr12-037",0.0973027218538934
"chr12-038",0.0126239475321236
"chr12-039",0.0375657593678026
"chr12-040",0.0376823557950252
"chr12-041",0.149105119423055
"chr12-042",0.0450429328691524
"chr12-043",0.0514873799661177
"chr12-044",0.0619552189641449
"chr12-045",0.079814004702542
"chr12-046",0.0462412131301029
"chr12-047",0.049239584367841
"chr12-048",0.191057728156778
"chr12-049",0.0550536238670852
"chr12-050",0.0552521939056081
"chr12-051",0.0614324802188502
"chr12-052",0.130435692413276
"chr12-053",0.0936422369025425
"chr12-054",0.11473358702186
"chr12-055",0.096033838562285
"chr12-056",0.106140266879229
"chr12-057",0.0668055220458836
"chr12-058",0.0546823905224601
"chr12-059",0.0448388913236657
"chr12-060",0.106174437857334
"chr12-061",0.0509994456621489
"chr12-062",0.0508645231626981
"chr12-063",0.0264613770904231
"chr12-064",-0.070257053702333
"chr12-065",0.0311694576963926
"chr12-066",0.0769867699165679
"chr12-067",0.103080907502531
"chr12-068",-0.000594034067926513
"chr12-069",-0.0754230984872792
"chr12-070",0.0267892696683465
"chr12-071",-0.134047584963967
"chr12-072",0.17366401903871
"chr12-073",-0.00986975499578802
"chr12-074",-0.00029407986325896
"chr12-075",0.113456379443732
"chr12-076",0.0968936105618591
"chr12-077",-0.00146844177603484
"chr12-078",-0.0718098922027871
"chr12-079",0.00959436445340859
"chr12-080",0.0766625594881921
"chr12-081",0.103795646687602
"chr12-082",0.0688121354706479
"chr12-083",0.0200809067152951
"chr12-084",0.0937007015805941
"chr12-085",0.0427899437696765
"chr12-086",0.0309704997550772
"chr12-087",0.174281354236648
"chr12-088",0.0503303660277416
"chr12-089",0.0529531036396803
"chr12-090",0.00772382482656506
"chr12-091",-0.02386447636962
"chr12-092",-0.0534526557449678
"chr12-093",-0.0195802702471619
"chr12-094",-0.026639632021862
"chr12-095",-0.0114611678584227
"chr12-096",-0.0194168173442671
"chr12-097",-0.0379436196908476
"chr12-098",-0.0803661462954979
"chr12-099",-0.033243195890778
"chr12-100",-0.0112369369903287
"chr12-101",-0.00528605715739543
"chr12-102",0.0377105371732882
"chr12-103",0.0182441928007067
"chr12-104",0.00191890492236219
"chr12-105",-0.0594557491557761
"chr12-106",-0.0014339964008352
"chr12-107",-0.0292786893562717
"chr12-108",-0.0615216547068407
"chr12-109",-0.0442743899986829
"chr12-110",-0.00133562574422026
"chr12-111",0.0476467198246163
"chr12-112",0.125519820048898
"chr12-113",0.0347716463962663
"chr12-114",-0.00407996677421149
"chr12-115",-0.0368441469871407
"chr12-116",0.0323677555263086
"chr12-117",0.0146091075945811
"chr12-118",0.0884333179373119
"chr12-119",-0.0421864444067438
"chr12-120",-0.0103624607873262
"chr12-121",0.0778729980914397
"chr12-122",0.0267111340755335
"chr12-123",0.0628347803336497
"chr12-124",0.0230647566348051
"chr12-125",0.0894435867533565
"chr12-126",0.0080842169177359
"chr12-127",0.0894994524383345
"chr12-128",0.0719230611476113
"chr12-129",0.00419161747590821
"chr12-130",-0.00824983638824852
"chr12-131",0.0331206736039582
"chr12-132",0.0477014265617501
"chr12-133",0.138740817414509
"chr12-134",0.0263395940864393
"chr12-135",0.0136720049516336
"chr12-136",0.0560071435587371
"chr12-137",0.00720845489535528
"chr12-138",-0.0519359196807091
"chr12-139",-0.00906414788061832
"chr12-140",0.0559301950359454
"chr12-141",0.0634011081125318
"chr12-142",0.102918361318962
"chr12-143",0.103490257555964
"chr12-144",0.0443105497647894
"chr12-145",0.063087121128213
"chr12-146",0.0845238261040534
"chr12-147",0.083317568369623
"chr12-148",0.0997541139861896
"chr12-149",0.0457168509029716
"chr12-150",-0.0246928634196546
"chr12-151",-0.00700829973979946
"chr12-152",0.0556138253939059
"chr12-153",0.0985796873553848
"chr12-154",0.120228602014901
"chr12-155",-0.00413731542714426
"chr12-156",0.0377430288467591
"chr12-157",-0.108611963132129
"chr12-158",0.103576981539238
"chr12-159",-0.0358695865594277
"chr12-160",0.119357609768544
"chr12-161",0.169599670704903
"chr12-162",0.0102168937138055
"chr12-163",0.106816789278698
"chr12-164",-0.0328971345588478
"chr12-165",0.102208569236341
"chr12-166",0.0778720909890104
"chr12-167",0.0524228765901947
"chr12-168",0.0180693925816464
"chr12-169",-0.0175189373807626
"chr12-170",0.469898499794268
"chr12-171",-0.0402344925270963
"chr12-172",0.0666231052584322
"chr12-173",0.0691472490774888
"chr12-174",0.0455540210137257
"chr12-175",0.115752511421114
"chr12-176",0.0215567946318811
"chr12-177",0.00711012494104547
"chr12-178",-0.0633416220185004
"chr12-179",-0.0305496079805685
"chr12-180",0.135067126164993
"chr12-181",0.146923372720555
"chr12-182",0.282553207663309
"chr12-183",0.305008849468319
"chr12-184",0.190484312182203
"chr12-185",0.202680690194535
"chr12-186",0.266481977177104
"chr12-187",0.239871605186993
"chr12-188",0.217059446344517
"chr12-189",0.263215635514186
"chr12-190",0.206596331784261
"chr12-191",0.181127926558049
"chr12-192",0.270071832625718
"chr12-193",0.314996755642381
"chr12-194",0.268159797108837
"chr12-195",0.24194623906951
"chr12-196",0.177087256453012
"chr12-197",0.275503815875767
"chr12-198",0.23093395976383
"chr12-199",0.285198571267016
"chr12-200",0.259345502132315
"chr12-201",0.228069774959668
"chr12-202",0.169041735227714
"chr12-203",0.204629672422631
"chr12-204",0.176244771244865
"chr12-205",0.227312968513582
"chr12-206",0.146840614930545
"chr12-207",0.100660189372194
"chr12-208",0.188752316432233
"chr12-209",0.150164270002718
"chr12-210",0.114057639967435
"chr12-211",0.0991748961170344
"chr12-212",0.122768673315986
"chr12-213",0.187468973316416
"chr12-214",0.0930598953369918
"chr12-215",0.0946241723971895
"chr12-216",0.199875558676235
"chr12-217",0.215557189674987
"chr12-218",0.307658110746123
"chr12-219",0.218105688449677
"chr12-220",0.275382735338809
"chr12-221",0.177197503356489
"chr12-222",0.134923381101779
"chr12-223",0.251091547721328
"chr12-224",0.236580234705943
"chr12-225",0.257222036382331
"chr12-226",0.217955501185265
"chr12-227",0.216106779752162
"chr12-228",0.0979032192654262
"chr12-229",0.129699705403701
"chr12-230",0.102357841741382
"chr12-231",0.0729894423542074
"chr12-232",0.113824811759294
"chr12-233",0.072213339559828
"chr12-234",0.125362964253041
"chr12-235",0.126916994185469
"chr12-236",0.10383763533811
"chr12-237",0.106580397048262
"chr12-238",0.147197591640412
"chr12-239",0.185090514197306
"chr12-240",0.314606315108089
"chr12-241",0.191923259557625
"chr12-242",0.191651613418706
"chr12-243",0.281493625645232
"chr12-244",0.223250336549309
"chr12-245",0.141756385343707
"chr12-246",0.143284862773463
"chr12-247",0.248381684555243
"chr12-248",0.138664053561742
"chr12-249",0.145630309945908
"chr12-250",0.0737037715871113
"chr12-251",0.0780893172834529
"chr12-252",0.065207751466257
"chr12-253",0.0293982981362181
"chr12-254",-0.0538241307006694
"chr12-255",-0.336836910565861
"chr13-001",0.105652066686655
"chr13-002",0.0395030633911644
"chr13-003",0.109691940964045
"chr13-004",0.11143841827903
"chr13-005",0.116060261497762
"chr13-006",0.119137760506199
"chr13-007",0.21007976447004
"chr13-008",0.285518942372756
"chr13-009",0.282016675742505
"chr13-010",0.338442750925271
"chr13-011",0.355843494455263
"chr13-012",0.372976599812745
"chr13-013",0.225100564938766
"chr13-014",0.33857422598488
"chr13-015",0.389822919634219
"chr13-016",0.310665222559226
"chr13-017",0.266315824517542
"chr13-018",0.338600390499344
"chr13-019",0.287205055900546
"chr13-020",0.361991550852429
"chr13-021",0.30370266386332
"chr13-022",0.331006115193416
"chr13-023",0.340879548120251
"chr13-024",0.316626645931349
"chr13-025",0.0193699358800274
"chr13-026",0.0791559979376936
"chr13-027",0.0169415279983114
"chr13-028",0.0365598601908332
"chr13-029",0.0541246715048452
"chr13-030",0.0943091355089334
"chr13-031",0.285492326108363
"chr13-032",0.129783258704417
"chr13-033",0.245974380632519
"chr13-034",0.18430259215574
"chr13-035",0.235145636505912
"chr13-036",0.231280789347495
"chr13-037",0.166792547605748
"chr13-038",-0.0509667902126991
"chr13-039",-0.424895657642573
"chr13-040",-0.457439689272195
"chr13-041",-0.403342215311762
"chr13-042",-0.319842697980808
"chr13-043",-0.313167493855432
"chr13-044",-0.248279629525948
"chr13-045",-0.392222724243141
"chr13-046",-0.354233359912756
"chr13-047",-0.359965605751725
"chr13-048",-0.346591980027611
"chr13-049",-0.392903559356329
"chr13-050",-0.29748418212373
"chr13-051",-0.313449685394281
"chr13-052",-0.25722374918167
"chr13-053",-0.278072265209492
"chr13-054",-0.446532495163789
"chr13-055",-0.334551705004098
"chr13-056",-0.36451085704792
"chr13-057",-0.259093665086618
"chr13-058",-0.363429178184429
"chr13-059",-0.587112063018252
"chr13-060",-0.458671888777432
"chr13-061",-0.297945259422568
"chr13-062",-0.399458995319829
"chr13-063",-0.404430042986597
"chr13-064",-0.293929483142324
"chr13-065",-0.254002016783141
"chr13-066",-0.311224730900354
"chr13-067",-0.310265796536451
"chr13-068",-0.343123625073921
"chr13-069",-0.398049434136313
"chr13-070",-0.396508820008217
"chr13-071",-0.345549952880428
"chr13-072",-0.562298406134389
"chr13-073",-0.293634422347039
"chr13-074",-0.365259634962698
"chr13-075",-0.465830906652005
"chr13-076",-0.481648276893805
"chr13-077",-0.40760539973136
"chr13-078",-0.352354155206427
"chr13-079",-0.413657396394058
"chr13-080",-0.444179371280737
"chr13-081",-0.356683512743126
"chr13-082",-0.432760557269597
"chr13-083",-0.471977152077932
"chr13-084",-0.367891453633258
"chr13-085",-0.422264438662529
"chr13-086",-0.194815646174021
"chr13-087",0.0454409864347261
"chr13-088",0.00656745567223255
"chr13-089",0.0523266584747373
"chr13-090",0.212845464287534
"chr13-091",0.028227855655504
"chr13-092",0.443223700074871
"chr13-093",0.424343791534527
"chr13-094",0.191574871010744
"chr13-095",0.346036774670587
"chr13-096",0.249886021367219
"chr13-097",0.338606359454837
"chr13-098",0.329753075079906
"chr13-099",0.255329749007058
"chr13-100",0.252619167966322
"chr13-101",0.145782017890773
"chr13-102",0.229467624789818
"chr13-103",0.303363596407828
"chr13-104",0.281971303173452
"chr13-105",0.231679919946703
"chr13-106",0.290287922118523
"chr13-107",0.254837470459722
"chr13-108",0.414471241841449
"chr13-109",0.256447054064861
"chr13-110",0.244278497312818
"chr13-111",0.339934324425517
"chr13-112",0.545220746504057
"chr13-113",0.321077065819064
"chr13-114",0.121961189796612
"chr13-115",0.304110847527115
"chr13-116",0.0993553106216122
"chr13-117",0.170469240101739
"chr13-118",0.284808036562638
"chr13-119",0.288843563449529
"chr13-120",0.298139330581067
"chr13-121",0.114124109778679
"chr13-122",0.369675897074495
"chr13-123",0.343700074370668
"chr13-124",0.381947845424897
"chr13-125",0.337896168755064
"chr13-126",0.374805721182718
"chr13-127",0.311263542949412
"chr13-128",0.303181310794858
"chr13-129",0.370643961387796
"chr13-130",0.288363397813409
"chr13-131",0.273175475949698
"chr13-132",0.212124089420641
"chr13-133",0.125662384053074
"chr13-134",0.174848076591609
"chr13-135",0.332947964886108
"chr13-136",0.217029077219607
"chr13-137",0.169932450907084
"chr13-138",0.225635459494144
"chr13-139",0.237171933632153
"chr13-140",0.158649951468782
"chr13-141",0.261361866976088
"chr13-142",0.21179728432973
"chr13-143",0.312493608112109
"chr13-144",0.383913928940756
"chr13-145",0.320030268130885
"chr13-146",0.214449517474987
"chr13-147",0.291376609701111
"chr13-148",0.374726647798439
"chr13-149",0.322902756883809
"chr13-150",0.333765689360736
"chr13-151",0.251496395518328
"chr13-152",0.208038188301146
"chr13-153",0.316133128689346
"chr13-154",0.396263335597154
"chr13-155",0.321137822513492
"chr13-156",0.28153862981231
"chr13-157",0.422216704238808
"chr13-158",0.275094987850804
"chr13-159",0.20345531996975
"chr13-160",0.282287379318892
"chr13-161",0.168006952773309
"chr13-162",0.199780897007511
"chr13-163",0.172321329330889
"chr13-164",0.13535474148059
"chr13-165",0.186527181316892
"chr13-166",0.158848855270462
"chr13-167",0.10160099544938
"chr13-168",0.000769804242077566
"chr13-169",-0.0521471785890537
"chr13-170",0.016426298477827
"chr14-001",-0.119113945336757
"chr14-002",0.0413386810267459
"chr14-003",0.133567887410578
"chr14-004",0.169622304487204
"chr14-005",0.206965109288161
"chr14-006",0.23432785754356
"chr14-007",0.343673444909147
"chr14-008",0.218599882506285
"chr14-009",0.167030128693082
"chr14-010",0.134992751401019
"chr14-011",0.128747526242868
"chr14-012",0.275741351511962
"chr14-013",0.326624173512546
"chr14-014",0.292305547496711
"chr14-015",0.306890451724926
"chr14-016",0.281571762445471
"chr14-017",0.334044493421415
"chr14-018",0.370604913367739
"chr14-019",0.271184166705747
"chr14-020",0.260702640373651
"chr14-021",0.176571619259989
"chr14-022",0.140159229635826
"chr14-023",0.196575076552441
"chr14-024",0.294441571560996
"chr14-025",0.331628685784619
"chr14-026",0.306332767193079
"chr14-027",0.223605528474509
"chr14-028",0.182304205869521
"chr14-029",0.212866802344572
"chr14-030",0.177955168528735
"chr14-031",-0.048720163177238
"chr14-032",0.0298648400677865
"chr14-033",-0.0231297710359967
"chr14-034",-0.0921661463067803
"chr14-035",-0.269454479538923
"chr14-036",-0.28004029335539
"chr14-037",0.0166963537444171
"chr14-038",0.00865503860005605
"chr14-039",-0.0560089423774181
"chr14-040",0.123755628859306
"chr14-041",-0.0661543470188298
"chr14-042",-0.232013682885741
"chr14-043",0.0333697467195458
"chr14-044",0.0338286064042646
"chr14-045",-0.0214591593436246
"chr14-046",-0.0173547900504721
"chr14-047",0.135458900895797
"chr14-048",-0.100688238186586
"chr14-049",0.0342202867367095
"chr14-050",-0.0019021742752626
"chr14-051",0.0715648875577586
"chr14-052",0.0190406727578535
"chr14-053",0.122601490390386
"chr14-054",0.0651626983753909
"chr14-055",-0.0185597766414987
"chr14-056",0.026362776284056
"chr14-057",-0.000496831451254745
"chr14-058",0.0462516051017389
"chr14-059",0.038959976606459
"chr14-060",0.0796862976632053
"chr14-061",0.0323212218236781
"chr14-062",-0.0166937956528113
"chr14-063",0.0886776290734498
"chr14-064",0.0931996356539916
"chr14-065",-0.18324597340748
"chr14-066",-0.353719315541424
"chr14-067",-0.379403966043857
"chr14-068",-0.347055021738164
"chr14-069",-0.22776450696302
"chr14-070",-0.348705110320879
"chr14-071",-0.302953397469311
"chr14-072",-0.313982252790834
"chr14-073",-0.313923499396876
"chr14-074",-0.254218442135962
"chr14-075",-0.316377177199222
"chr14-076",-0.343199591485842
"chr14-077",-0.305024091979342
"chr14-078",-0.307062342483937
"chr14-079",-0.269613567122146
"chr14-080",-0.306180337597076
"chr14-081",-0.292189895925397
"chr14-082",-0.220162234071335
"chr14-083",-0.323852791377367
"chr14-084",-0.400044166719168
"chr14-085",-0.368085269930049
"chr14-086",-0.282469276437126
"chr14-087",-0.234002081409107
"chr14-088",-0.156842040110538
"chr14-089",-0.267183233946191
"chr14-090",-0.296404680574539
"chr14-091",-0.320989482833539
"chr14-092",-0.306344656090587
"chr14-093",-0.33935823376285
"chr14-094",-0.303559443829188
"chr14-095",-0.380863217832464
"chr14-096",-0.302107688586868
"chr14-097",-0.421088509304253
"chr14-098",-0.337818792773811
"chr14-099",-0.362895397042175
"chr14-100",-0.314387233164826
"chr14-101",-0.329207354139065
"chr14-102",-0.276101751662169
"chr14-103",-0.341542631433128
"chr14-104",-0.25268794500499
"chr14-105",-0.201998226346523
"chr14-106",-0.337362653219603
"chr14-107",-0.336172993317898
"chr14-108",-0.283861095246582
"chr14-109",-0.187237929040716
"chr14-110",-0.271956306607717
"chr14-111",-0.222639881364202
"chr14-112",-0.361314575564722
"chr14-113",-0.282159585856043
"chr14-114",-0.200366917751705
"chr14-115",-0.314335222150153
"chr14-116",-0.331295905324229
"chr14-117",-0.40209483693782
"chr14-118",-0.332522682037288
"chr14-119",-0.284957425415921
"chr14-120",-0.270360537992523
"chr14-121",-0.376137366701652
"chr14-122",-0.278235343084056
"chr14-123",-0.351944378457069
"chr14-124",-0.130774102751451
"chr14-125",-0.324240758138464
"chr14-126",-0.325907368337422
"chr14-127",-0.196138676876149
"chr14-128",-0.286159942497083
"chr14-129",-0.327335333501057
"chr14-130",-0.273462353772996
"chr14-131",-0.329967978337936
"chr14-132",-0.319320238733853
"chr14-133",-0.324482813565139
"chr14-134",-0.335675666095137
"chr14-135",-0.350767933325698
"chr14-136",-0.268094121281558
"chr14-137",-0.277842565670387
"chr14-138",-0.313699557413454
"chr14-139",-0.233321449213496
"chr14-140",-0.33781091705868
"chr14-141",-0.244451321128781
"chr14-142",-0.286796680056235
"chr14-143",-0.236865758265308
"chr14-144",-0.359550988410074
"chr14-145",-0.349673322829293
"chr14-146",-0.320663025413317
"chr14-147",-0.318407558993256
"chr14-148",-0.286138296288048
"chr14-149",-0.33918335963249
"chr14-150",-0.443241911160721
"chr14-151",-0.250074480227392
"chr14-152",-0.350971445740609
"chr14-153",-0.356379674927301
"chr14-154",-0.379781769911508
"chr14-155",-0.337593142098097
"chr14-156",-0.393604091219921
"chr14-157",-0.481783414779662
"chr14-158",-0.366661357070109
"chr14-159",-0.405398332507396
"chr14-160",-0.322806161803392
"chr14-161",-0.361309980250403
"chr14-162",-0.321350667161335
"chr15-001",-0.0324704638987029
"chr15-002",-0.137171119569517
"chr15-003",-0.0263202395308948
"chr15-004",-0.142389247552983
"chr15-005",-0.0393395721828694
"chr15-006",-0.0306342207126086
"chr15-007",-0.0957347262417063
"chr15-008",-0.0956617497968352
"chr15-009",-0.222209292000798
"chr15-010",-0.0791283523878261
"chr15-011",-0.120120716501949
"chr15-012",-0.0659072199752639
"chr15-013",-0.0406853904322788
"chr15-014",-0.0782995183658124
"chr15-015",0.0762576560292404
"chr15-016",-0.0594734737689674
"chr15-017",-0.00773923194024625
"chr15-018",0.0548469745703696
"chr15-019",-0.0547237751185412
"chr15-020",-0.0453832791152771
"chr15-021",-0.054454835938518
"chr15-022",0.0440583971384968
"chr15-023",-0.0197101746630032
"chr15-024",0.0138690175537524
"chr15-025",0.0559527280383751
"chr15-026",0.096912415138008
"chr15-027",0.10002843624921
"chr15-028",0.0860046878926566
"chr15-029",-0.0177476874268462
"chr15-030",-0.0194927594738369
"chr15-031",0.111946846258603
"chr15-032",0.0292928426183328
"chr15-033",0.0574268704345055
"chr15-034",0.117893129637226
"chr15-035",0.179391082452124
"chr15-036",-0.0462279454837234
"chr15-037",0.0652187133349884
"chr15-038",0.0341031813257971
"chr15-039",0.119378325603834
"chr15-040",0.0988947405218785
"chr15-041",0.000203085211690131
"chr15-042",-0.096993339850985
"chr15-043",-0.0222201400876657
"chr15-044",-0.0924591609098818
"chr15-045",0.00404955636672851
"chr15-046",0.0100524063812874
"chr15-047",0.00423928309703874
"chr15-048",-0.000923607539936219
"chr15-049",0.012192894990542
"chr15-050",0.00645018788752797
"chr15-051",-0.0522521448381051
"chr15-052",-0.0331573080583518
"chr15-053",-0.0535104911135144
"chr15-054",0.136220048856711
"chr15-055",0.0877586704260704
"chr15-056",0.0727032380362674
"chr15-057",0.0201003703203026
"chr15-058",0.046229879355632
"chr15-059",0.0530891011236827
"chr15-060",0.0263353786026969
"chr15-061",0.00852337293271178
"chr15-062",0.0710499109373504
"chr15-063",-0.0292996845396324
"chr15-064",0.047826955629233
"chr15-065",0.0198941513130645
"chr15-066",0.112715047536737
"chr15-067",0.0486191375913595
"chr15-068",0.100735403257651
"chr15-069",-0.00426942245036064
"chr15-070",0.0307181579408819
"chr15-071",0.00465721751217281
"chr15-072",0.0157754903744592
"chr15-073",0.0143780634748475
"chr15-074",0.0112098982468423
"chr15-075",0.0496354716493125
"chr15-076",0.00519309742535567
"chr15-077",0.114112845041469
"chr15-078",-0.00274585242440419
"chr15-079",0.057888276670813
"chr15-080",0.0936106801252711
"chr15-081",0.0849480559899929
"chr15-082",0.021079907509998
"chr15-083",-0.0492764847491893
"chr15-084",0.00152846280523551
"chr15-085",0.0772557631719987
"chr15-086",0.0154793019978785
"chr15-087",-0.0275604435834038
"chr15-088",-0.0655168045669576
"chr15-089",-0.0851446267280861
"chr15-090",-0.065737855838488
"chr15-091",-0.0512175120750401
"chr15-092",-0.0660606708159726
"chr15-093",-0.0046837134860093
"chr15-094",-0.025537130182614
"chr15-095",0.0749526558924496
"chr15-096",0.0781912953112604
"chr15-097",-0.000516688819248467
"chr15-098",0.0523735124612689
"chr15-099",0.000575521215443019
"chr15-100",0.0567066617703941
"chr15-101",0.0738643674846397
"chr15-102",-0.0224929202496789
"chr15-103",-0.0152261298167979
"chr15-104",-0.0727799780562494
"chr15-105",-0.0711591998263189
"chr15-106",-0.0307517763089625
"chr15-107",-0.094775956826461
"chr15-108",-0.106452120059776
"chr15-109",-0.0256886516935268
"chr15-110",-0.082811786631393
"chr15-111",-0.0845466715110368
"chr15-112",-0.0505042719427848
"chr15-113",-0.0404282075614145
"chr15-114",-0.0976433976802367
"chr15-115",-0.0473826040044418
"chr15-116",-0.0713610713616104
"chr15-117",-0.0402627749347903
"chr15-118",0.0496662175315082
"chr15-119",0.0140653893793129
"chr15-120",-0.00389441777747357
"chr15-121",0.021167674736337
"chr15-122",0.0864172651640353
"chr15-123",0.0739260339183848
"chr15-124",-0.0688262037955061
"chr15-125",-0.0188062066127825
"chr15-126",-0.0067239266354995
"chr15-127",-0.0383495947878052
"chr15-128",-0.0343017937533762
"chr15-129",0.04212615803244
"chr15-130",0.0645883824668499
"chr15-131",0.145888710112675
"chr15-132",-0.0212151350051934
"chr15-133",0.0662841196441729
"chr15-134",-0.0375804145396008
"chr15-135",0.00996060714469501
"chr15-136",-0.0243137820458225
"chr15-137",-0.0496555798014568
"chr15-138",-0.0895206481158185
"chr15-139",-0.0311322780276931
"chr15-140",-0.000723940262654802
"chr15-141",0.00653729778291031
"chr15-142",0.0416085491633142
"chr15-143",-0.00976823851826566
"chr15-144",0.0235033437371085
"chr15-145",-0.0126509667277851
"chr15-146",0.000518154164289654
"chr15-147",0.0405530442403401
"chr15-148",0.0243102936581427
"chr15-149",0.0311281259928443
"chr15-150",0.102526603185715
"chr15-151",0.0614785166786952
"chr15-152",0.0188498885931928
"chr15-153",0.0392584740160664
"chr15-154",-0.000435968079956107
"chr15-155",-0.00928564757800479
"chr15-156",0.0597676363524745
"chr15-157",0.0511940897781972
"chr15-158",-0.0613876424904488
"chr15-159",-0.0278979825040013
"chr15-160",0.0109684832062548
"chr15-161",-0.00991390365745781
"chr15-162",-0.00254963269191516
"chr16-001",-0.400130639379767
"chr16-002",-0.439301780077458
"chr16-003",-0.519402863486191
"chr16-004",-0.40393912279579
"chr16-005",-0.403436517665541
"chr16-006",-0.423278377160514
"chr16-007",-0.434930882286186
"chr16-008",-0.376003679184763
"chr16-009",-0.407792565275668
"chr16-010",-0.370203073135398
"chr16-011",-0.414281899911892
"chr16-012",-0.296721028366026
"chr16-013",-0.35632791931033
"chr16-014",-0.434176588589527
"chr16-015",-0.369625333440301
"chr16-016",-0.326121652823892
"chr16-017",-0.195110107069504
"chr16-018",-0.321718384907649
"chr16-019",-0.327785702306262
"chr16-020",-0.359019458732272
"chr16-021",-0.377988658401712
"chr16-022",-0.360459750200897
"chr16-023",-0.344398417910534
"chr16-024",-0.348212901775199
"chr16-025",-0.306440498574437
"chr16-026",-0.311554200850512
"chr16-027",-0.333825714047331
"chr16-028",-0.284282161178805
"chr16-029",-0.300590808462469
"chr16-030",-0.287566987215779
"chr16-031",-0.312317200644618
"chr16-032",-0.359586576784999
"chr16-033",-0.274274952747501
"chr16-034",-0.252378073668812
"chr16-035",-0.227028587939721
"chr16-036",-0.408854226255319
"chr16-037",-0.578608718634721
"chr16-038",-0.292338524380263
"chr16-039",-0.372588819557756
"chr16-040",-0.299568141396282
"chr16-041",-0.37254424235448
"chr16-042",-0.259893650220283
"chr16-043",-0.334856627608891
"chr16-044",-0.303775660466802
"chr16-045",-0.320897761273871
"chr16-046",-0.366894693973345
"chr16-047",-0.340136312480944
"chr16-048",-0.373352366246081
"chr16-049",-0.44584161152863
"chr16-050",-0.293042608694026
"chr16-051",-0.361425713058518
"chr16-052",-0.356458783564711
"chr16-053",-0.344635956281368
"chr16-054",-0.513333052065755
"chr16-055",-0.307510118732739
"chr16-056",-0.30809256350345
"chr16-057",-0.374746309523854
"chr16-058",-0.385061826521021
"chr16-059",-0.278508000943967
"chr16-060",-0.326443585146201
"chr16-061",-0.367494345421799
"chr16-062",-0.335092038210598
"chr16-063",-0.406864004179783
"chr16-064",-0.357120791693682
"chr16-065",-0.112380368246937
"chr16-066",-0.134922114053181
"chr16-067",-0.205927672083774
"chr16-068",-0.362441133103274
"chr16-069",0.0103598656571589
"chr16-070",-0.0218299749004757
"chr16-071",0.212650337730614
"chr16-072",0.0730018054941259
"chr16-073",0.111000764900913
"chr16-074",0.193011104006744
"chr16-075",0.153868138137209
"chr16-076",0.167874818673065
"chr16-077",0.204336379859218
"chr16-078",0.0965509554142134
"chr16-079",0.131206790738005
"chr16-080",0.152014985650949
"chr16-081",0.0942290274329316
"chr16-082",-0.249845145766467
"chr16-083",-0.288977100280073
"chr16-084",-0.319566629075138
"chr16-085",-0.347129424908804
"chr16-086",-0.30971411386183
"chr16-087",-0.378394984221142
"chr16-088",-0.341205401409414
"chr16-089",-0.222336618939175
"chr16-090",-0.345399266150312
"chr16-091",-0.262150665942373
"chr16-092",-0.356960415527301
"chr16-093",-0.341506166120558
"chr16-094",-0.353667745047471
"chr16-095",-0.369451619763193
"chr16-096",-0.383305554076116
"chr16-097",-0.417009068002426
"chr16-098",-0.384664105174037
"chr16-099",-0.320798101923717
"chr16-100",-0.229533776036983
"chr16-101",-0.242361329364874
"chr16-102",-0.291527930207424
"chr16-103",-0.373159615476569
"chr16-104",-0.279618994178786
"chr16-105",-0.300057713035391
"chr16-106",-0.189127346164282
"chr16-107",-0.351501994783797
"chr16-108",-0.352115952925285
"chr16-109",-0.35672948500792
"chr16-110",-0.339495209497292
"chr16-111",-0.382230251986954
"chr16-112",-0.351344562848115
"chr16-113",-0.432398818169082
"chr16-114",-0.380952571560382
"chr16-115",-0.343366758629713
"chr16-116",-0.329870317324783
"chr16-117",-0.304533776733666
"chr16-118",-0.348180817484826
"chr16-119",-0.361709366113082
"chr16-120",-0.291654288987843
"chr16-121",-0.233911485520262
"chr16-122",-0.282583666921459
"chr16-123",-0.345386403699242
"chr16-124",-0.339621228082155
"chr16-125",-0.441461058949888
"chr16-126",-0.382060641433868
"chr16-127",-0.319297839318668
"chr16-128",-0.365040722359461
"chr16-129",-0.25237146042364
"chr16-130",-0.208207713229324
"chr16-131",-0.303968527208358
"chr16-132",-0.31824213952529
"chr16-133",-0.210686608311233
"chr16-134",-0.229345307332898
"chr16-135",-0.185787377429697
"chr16-136",-0.186469035520343
"chr16-137",-0.292787738002679
"chr16-138",-0.337360547869
"chr16-139",-0.311435711773117
"chr16-140",-0.291510590994856
"chr16-141",-0.18547425420855
"chr16-142",-0.365047282709284
"chr16-143",-0.3702153427704
"chr16-144",-0.39583771270232
"chr16-145",-0.356117429496243
"chr16-146",-0.568408273043074
"chr16-147",-0.552150953886327
"chr16-148",-0.362238582522969
"chr16-149",-0.36410449488843
"chr16-150",-0.334336892177336
"chr16-151",-0.394490615826105
"chr16-152",-0.391948749710226
"chr16-153",-0.462806253513786
"chr16-154",-0.389446180214459
"chr16-155",-0.404836830523035
"chr16-156",-0.375040250641079
"chr17-001",0.085678585624257
"chr17-002",-0.122770262516153
"chr17-003",-0.395189071994916
"chr17-004",-0.377165422078997
"chr17-005",-0.229471037109963
"chr17-006",-0.391978985976948
"chr17-007",-0.514867109562379
"chr17-008",-0.385811702617781
"chr17-009",-0.337842507392102
"chr17-010",-0.375644678270688
"chr17-011",-0.336783541338426
"chr17-012",-0.346411213693591
"chr17-013",-0.396800230737165
"chr17-014",-0.338730161214148
"chr17-015",-0.33843275675731
"chr17-016",-0.323034578506059
"chr17-017",-0.338048553941644
"chr17-018",-0.392524500021667
"chr17-019",-0.388574131811269
"chr17-020",-0.312677716287257
"chr17-021",-0.283711556638285
"chr17-022",0.395905788607789
"chr17-023",0.45343145956987
"chr17-024",0.480869131844379
"chr17-025",0.64058206878119
"chr17-026",0.541122914477986
"chr17-027",0.546469766259935
"chr17-028",0.57783901975301
"chr17-029",0.507435222731789
"chr17-030",0.546303544729749
"chr17-031",0.521896477230083
"chr17-032",0.467982961678548
"chr17-033",0.483769626477274
"chr17-034",0.364195781914376
"chr17-035",0.343313816445682
"chr17-036",0.289992989636902
"chr17-037",0.302090441103753
"chr17-038",0.408045928596999
"chr17-039",0.328634648612159
"chr17-040",0.345692917134212
"chr17-041",0.352345964629006
"chr17-042",0.290230257473091
"chr17-043",0.352909434210366
"chr17-044",0.381287226669485
"chr17-045",0.219266234973156
"chr17-046",0.255188451761039
"chr17-047",-0.0531474548206134
"chr17-048",-0.0619684813513899
"chr17-049",-0.0799867572722472
"chr17-050",-0.0628396301641812
"chr17-051",-0.0181583265019278
"chr17-052",-0.0409461417223105
"chr17-053",-0.0349637222387179
"chr17-054",-0.0112315741837448
"chr17-055",-0.0615413195844043
"chr17-056",-0.0679290865643858
"chr17-057",-0.0540686028399436
"chr17-058",-0.0908760261276211
"chr17-059",-0.0511449583479848
"chr17-060",0.0336130682115509
"chr17-061",0.000899532024144383
"chr17-062",-0.0324255911978186
"chr17-063",-0.0543645267767072
"chr17-064",-0.0259672187646235
"chr17-065",-0.0448268267055154
"chr17-066",-0.0746279283138764
"chr17-067",-0.0244383458062441
"chr17-068",0.0043343926149042
"chr17-069",-0.0453026059674415
"chr17-070",-0.0332092662462317
"chr17-071",-0.0997004946377614
"chr17-072",-0.0670528556713023
"chr17-073",-0.0914553940175874
"chr17-074",-0.0549160341731871
"chr17-075",0.00428283756365244
"chr17-076",0.00779914547121277
"chr17-077",-0.144258654866685
"chr17-078",-0.105413854954775
"chr17-079",-0.0758623997297284
"chr17-080",-0.0501036495047543
"chr17-081",-0.0659644788645881
"chr17-082",-0.0708081401247757
"chr17-083",-0.116099281194367
"chr17-084",-0.116296385738118
"chr17-085",-0.145038514104309
"chr17-086",0.151139977201959
"chr17-087",-0.0802244648312766
"chr17-088",0.00713170944389298
"chr17-089",-0.0647715198303173
"chr17-090",-0.0530898911128775
"chr17-091",-0.0843851314015797
"chr17-092",-0.0929467873560227
"chr17-093",-0.0603484735853342
"chr17-094",-0.0493760547298976
"chr17-095",-0.0753042095177062
"chr17-096",-0.057209590070795
"chr17-097",0.0925601252999693
"chr17-098",0.0959226178256507
"chr17-099",0.0353638185669585
"chr17-100",-0.141837397273576
"chr17-101",0.0229262251634621
"chr17-102",-0.0015749791058133
"chr17-103",0.338581825582392
"chr17-104",0.39021287344423
"chr17-105",0.2219534928826
"chr17-106",-0.0137308391535244
"chr17-107",0.0842596696902985
"chr17-108",0.00542284119198513
"chr17-109",-0.0726418549314359
"chr17-110",-0.0949703368844542
"chr17-111",-0.00443695437102725
"chr17-112",-0.0451220912876497
"chr17-113",-0.0559338411518122
"chr17-114",-0.0278660761572463
"chr17-115",0.245127432447655
"chr17-116",0.373911284800352
"chr17-117",0.187076072665708
"chr17-118",0.228216899348872
"chr17-119",-0.0104508057818378
"chr17-120",-0.0738916963386279
"chr17-121",-0.0111934465278592
"chr17-122",-0.0406247174169714
"chr17-123",-0.0160249962637267
"chr17-124",0.0282001210724491
"chr17-125",0.0852978238584646
"chr17-126",0.193744108663184
"chr17-127",-0.0426077134845851
"chr17-128",0.160466200301515
"chr17-129",0.237448106193393
"chr17-130",0.413748123760266
"chr17-131",0.367364952760023
"chr17-132",0.496113068080662
"chr17-133",0.372157424048897
"chr17-134",0.424854986814156
"chr17-135",0.443081906350699
"chr17-136",0.590042129744862
"chr17-137",0.348470205823613
"chr17-138",0.30157736918538
"chr17-139",0.184692370538877
"chr17-140",0.238514532775148
"chr17-141",0.154704541683301
"chr17-142",0.0729979151410261
"chr17-143",0.0407561026948677
"chr17-144",0.00503961638770793
"chr17-145",0.0517053762271885
"chr17-146",0.0729910369058554
"chr17-147",0.130764096970864
"chr17-148",0.0828786948749496
"chr17-149",0.0412328015952189
"chr17-150",0.062653335991623
"chr17-151",0.0320274847227069
"chr17-152",-0.0755308628933158
"chr17-153",0.0313454623256187
"chr17-154",0.0962405350712432
"chr17-155",-0.0107278903622108
"chr17-156",-0.0149116135850292
"chr17-157",-0.00205349577594317
"chr17-158",0.0462999951279223
"chr17-159",-0.00638944203254102
"chr17-160",-0.0804694459763483
"chr18-001",0.100804493026119
"chr18-002",0.176899755971781
"chr18-003",0.281974380125344
"chr18-004",0.335554460612538
"chr18-005",0.18766254609354
"chr18-006",0.271863503309974
"chr18-007",0.26459055421529
"chr18-008",0.205010164365586
"chr18-009",0.267029214591729
"chr18-010",0.291915396696955
"chr18-011",0.135658827500078
"chr18-012",0.278247963627719
"chr18-013",0.145845636275732
"chr18-014",0.277067606721792
"chr18-015",0.273508018142759
"chr18-016",0.145607305894875
"chr18-017",0.257572612085609
"chr18-018",0.25963746089914
"chr18-019",0.246585216050647
"chr18-020",0.217625306282624
"chr18-021",0.288151058337958
"chr18-022",0.165227836190883
"chr18-023",0.133522912159238
"chr18-024",0.132412016407464
"chr18-025",0.17690290143513
"chr18-026",0.129901517560162
"chr18-027",0.0838160534969047
"chr18-028",0.0596090170719882
"chr18-029",0.0430562999576352
"chr18-030",0.145362928793355
"chr18-031",0.111538861142884
"chr18-032",0.226199780466256
"chr18-033",0.276886391399567
"chr18-034",0.213759496810198
"chr18-035",0.208709833526906
"chr18-036",0.233876243030946
"chr18-037",0.374140913433971
"chr18-038",0.34822803417842
"chr18-039",0.279501534029886
"chr18-040",0.222430747434632
"chr18-041",0.245636805412067
"chr18-042",0.341013053900585
"chr18-043",0.39108744270042
"chr18-044",0.306690153445354
"chr18-045",0.277606130659842
"chr18-046",0.268752107033715
"chr18-047",0.263016531750788
"chr18-048",0.235550089447505
"chr18-049",0.280730699227498
"chr18-050",0.311694984194304
"chr18-051",0.275694024203034
"chr18-052",0.338815073898795
"chr18-053",0.312729850345934
"chr18-054",0.192170398998049
"chr18-055",0.207507169376541
"chr18-056",0.178420124208332
"chr18-057",0.276028303488302
"chr18-058",0.063415358387766
"chr18-059",0.209942712048121
"chr18-060",0.397389604079113
"chr18-061",0.175345325505195
"chr18-062",0.322560988172938
"chr18-063",0.286630865441433
"chr18-064",0.36179495976696
"chr18-065",0.397623041675776
"chr18-066",0.347886895962632
"chr18-067",0.375314290840887
"chr18-068",0.289153615481887
"chr18-069",0.19609831548995
"chr18-070",0.161538177332105
"chr18-071",0.133704855248346
"chr18-072",0.224098770110007
"chr18-073",0.205217957154495
"chr18-074",0.177553725408331
"chr18-075",0.187495656504587
"chr18-076",0.250984985020415
"chr18-077",0.200327275276421
"chr18-078",0.193012601638864
"chr18-079",0.229351969733539
"chr18-080",0.202254930165873
"chr18-081",0.314560951807104
"chr18-082",0.356213055518747
"chr18-083",0.298572282231378
"chr18-084",0.306640413614933
"chr18-085",0.244253626975241
"chr18-086",0.366658679697403
"chr18-087",0.403721790949224
"chr18-088",0.274556430509541
"chr18-089",0.284152532406258
"chr18-090",0.215049836949155
"chr18-091",0.216678179334395
"chr18-092",0.247485999803
"chr18-093",0.285329231767924
"chr18-094",0.21412036557647
"chr18-095",0.257708662176114
"chr18-096",0.259848963172484
"chr18-097",0.191341296335228
"chr18-098",0.251949133470789
"chr18-099",0.217675482359765
"chr18-100",0.203832628462045
"chr18-101",0.220239995253495
"chr18-102",0.311285289098488
"chr18-103",0.220127093901009
"chr18-104",0.322615663937068
"chr18-105",0.376861856067395
"chr18-106",0.273452547360118
"chr18-107",0.422769349208397
"chr18-108",0.348064937881596
"chr18-109",0.394129707761557
"chr18-110",0.331725244474771
"chr18-111",0.194244545562757
"chr18-112",0.38561309585542
"chr18-113",0.261311010396723
"chr18-114",0.288707430579957
"chr18-115",0.336771422065372
"chr18-116",0.245584027664471
"chr18-117",0.240605455885374
"chr18-118",0.257627004435133
"chr18-119",0.246031531605436
"chr18-120",0.243749692059071
"chr18-121",0.219824522021043
"chr18-122",0.201643960449561
"chr18-123",0.183775802287946
"chr18-124",0.204442827561149
"chr18-125",0.219908637903487
"chr18-126",0.171853525163205
"chr18-127",0.119703102616908
"chr18-128",0.0923885743154941
"chr18-129",0.142984701717989
"chr19-001",-0.0350930110197672
"chr19-002",-0.074277990245761
"chr19-003",-0.0651402735392061
"chr19-004",-0.0657168256861842
"chr19-005",-0.0128674150218081
"chr19-006",-0.102120482133136
"chr19-007",0.00147760684506006
"chr19-008",-0.0564954438765013
"chr19-009",-0.0037426047965152
"chr19-010",0.0153104769205923
"chr19-011",-0.0135230703669646
"chr19-012",0.00967370977930356
"chr19-013",0.062025585001337
"chr19-014",0.0212865807253109
"chr19-015",0.0586751112563233
"chr19-016",-0.0107082070596124
"chr19-017",0.00716981354454919
"chr19-018",0.0264977651816701
"chr19-019",0.053932338840956
"chr19-020",0.0609193580420708
"chr19-021",-0.0322710908349195
"chr19-022",-0.00401672627993742
"chr19-023",0.0468539875440173
"chr19-024",0.0664910096921647
"chr19-025",0.0617719069375584
"chr19-026",0.0391009913648252
"chr19-027",0.0744523046435182
"chr19-028",-0.00477263883769197
"chr19-029",0.0252049258299728
"chr19-030",0.0563507223434272
"chr19-031",0.0478250661786149
"chr19-032",0.0958545964249616
"chr19-033",0.0415766021869218
"chr19-034",0.059197948684487
"chr19-035",0.0122266078533657
"chr19-036",-0.0327458472570293
"chr19-037",-0.00477411938971158
"chr19-038",0.00962033389992654
"chr19-039",0.0265343400654467
"chr19-040",0.038118071989959
"chr19-041",0.170936351575403
"chr19-042",0.126257965585884
"chr19-043",0.153777196896091
"chr19-044",0.124888802930722
"chr19-045",0.167423176680454
"chr19-046",0.0747535757031303
"chr19-047",0.109395154628457
"chr19-048",0.102387219193153
"chr19-049",0.00998881020337733
"chr19-050",0.0574392045159789
"chr19-051",0.15191747279315
"chr19-052",0.234080983322217
"chr19-053",0.178715048531258
"chr19-054",-0.0377275777640158
"chr19-055",-0.0331799844698933
"chr19-056",0.0937226706400817
"chr19-057",0.00909291120041126
"chr19-058",-0.0609084195137657
"chr19-059",0.0183014213402881
"chr19-060",-0.148674201614988
"chr19-061",-0.105549399843276
"chr19-062",-0.0757321570137856
"chr19-063",-0.105336589724749
"chr19-064",-0.0507690846815117
"chr19-065",-0.140024900761754
"chr19-066",-0.159061351977021
"chr19-067",-0.0850066688195206
"chr19-068",-0.0169379912633958
"chr19-069",-0.0254544757491418
"chr19-070",-0.194606247811496
"chr19-071",-0.148394935477675
"chr19-072",-0.118100974653084
"chr19-073",-0.135173154043543
"chr19-074",-0.070958698155283
"chr19-075",-0.118805688620018
"chr19-076",-0.0930610081022758
"chr19-077",-0.115996743516739
"chr19-078",-0.100338679684241
"chr19-079",-0.118285278817539
"chr19-080",-0.0428308394189194
"chr19-081",-0.061869805899203
"chr19-082",-0.0849559238476437
"chr19-083",0.0404151908869735
"chr19-084",-0.152534401595283
"chr19-085",-0.190690798442292
"chr19-086",-0.140687217313753
"chr19-087",-0.120467740905829
"chr19-088",-0.0756300892926438
"chr19-089",-0.096531149212162
"chr19-090",-0.153056471222502
"chr19-091",-0.126234193137974
"chr19-092",-0.173223417441128
"chr19-093",-0.153166512762026
"chr19-094",-0.147243079267262
"chr19-095",-0.177345000346087
"chr19-096",-0.167231049718768
"chr19-097",-0.171798146940692
"chr19-098",-0.0467342976920167
"chr19-099",-0.0420317411076314
"chr19-100",-0.13718497771117
"chr19-101",-0.126684593981867
"chr19-102",-0.173560050845784
"chr19-103",-0.118933828650773
"chr19-104",-0.105964864699076
"chr19-105",-0.172194971949734
"chr19-106",-0.119505899420548
"chr19-107",-0.0676953525074933
"chr19-108",-0.0540442104903365
"chr19-109",-0.0969651864020847
"chr19-110",-0.0718814986261085
"chr19-111",-0.140389742392257
"chr19-112",-0.0861202633274506
"chr2-001",0.0143755970110151
"chr2-002",0.0350959677437051
"chr2-003",0.0407413794343934
"chr2-004",-0.000536502843520725
"chr2-005",0.128825250529336
"chr2-006",-0.0306558052307588
"chr2-007",-0.00763777137869988
"chr2-008",-0.0371585054438784
"chr2-009",0.0684628230860003
"chr2-010",0.0943552374976174
"chr2-011",0.145058533441373
"chr2-012",-0.00531940259086481
"chr2-013",-0.0112186208365918
"chr2-014",0.0590392261625894
"chr2-015",-0.0612699161916541
"chr2-016",0.0802294862526448
"chr2-017",0.0259183550154524
"chr2-018",0.0252672980927176
"chr2-019",0.00566499264928854
"chr2-020",-0.00704003706668878
"chr2-021",-0.0554658750741135
"chr2-022",-0.0663957669433101
"chr2-023",0.0087320207489376
"chr2-024",-0.0116178245792302
"chr2-025",0.0543888638128263
"chr2-026",0.0628613956418975
"chr2-027",0.0675439648371068
"chr2-028",-0.0226281992603686
"chr2-029",0.0229119610709834
"chr2-030",0.0170457972544684
"chr2-031",-0.0310036159813407
"chr2-032",-0.0330653855382999
"chr2-033",0.0106753033037053
"chr2-034",0.0842338849561414
"chr2-035",0.109205640004069
"chr2-036",0.0388153585999668
"chr2-037",0.121491766758709
"chr2-038",0.0765368915877262
"chr2-039",0.00544014486409401
"chr2-040",0.0175091242755323
"chr2-041",0.0484044280000292
"chr2-042",-0.0213692635081497
"chr2-043",0.0458721965514608
"chr2-044",0.032090137422544
"chr2-045",0.00688485526027967
"chr2-046",-0.0226846921804184
"chr2-047",-0.0275399941316919
"chr2-048",-0.0715865750694316
"chr2-049",0.00739610558133516
"chr2-050",-0.053989015577934
"chr2-051",-0.0316595868218253
"chr2-052",-0.0667726517279456
"chr2-053",-0.0408475366174198
"chr2-054",-0.0255424002259302
"chr2-055",0.0322335032526633
"chr2-056",0.0261536263586866
"chr2-057",0.0288749542622809
"chr2-058",-0.000938264965759325
"chr2-059",-0.0287269201861964
"chr2-060",0.0588958062985166
"chr2-061",-0.0137418300375697
"chr2-062",0.0231847327523472
"chr2-063",-0.0867238258444428
"chr2-064",-0.0245502110262021
"chr2-065",-0.0182134439476912
"chr2-066",0.0797365229958509
"chr2-067",0.000370508669285287
"chr2-068",-0.0463483195237179
"chr2-069",0.107851042162525
"chr2-070",-0.018608002912519
"chr2-071",0.0331623801937275
"chr2-072",0.142589667269398
"chr2-073",0.0702264418517332
"chr2-074",0.0155516572459932
"chr2-075",-0.00351405015265393
"chr2-076",0.0381877774385341
"chr2-077",0.127515350260534
"chr2-078",0.0639690185784346
"chr2-079",0.0588699174647297
"chr2-080",0.0507482434865709
"chr2-081",-0.0233996987175711
"chr2-082",0.0516577000573571
"chr2-083",-0.0336585590373487
"chr2-084",-0.0353826335501006
"chr2-085",0.00430958104402515
"chr2-086",0.0329303555027316
"chr2-087",0.0545923734294907
"chr2-088",0.00944946825595484
"chr2-089",0.0429148952402503
"chr2-090",-0.00172741297148751
"chr2-091",-0.0438539876594286
"chr2-092",0.0550538868179905
"chr2-093",0.0762637723765433
"chr2-094",0.0615961040654191
"chr2-095",0.147151128997892
"chr2-096",0.136014039008232
"chr2-097",0.0858482598949255
"chr2-098",0.00215836030815722
"chr2-099",0.114278538864166
"chr2-100",-0.0294775823530168
"chr2-101",0.0480356534219531
"chr2-102",0.0297534268151095
"chr2-103",0.0664610484176471
"chr2-104",0.0725623328757088
"chr2-105",0.0284479570857943
"chr2-106",-0.0116268406598026
"chr2-107",0.0388746034619775
"chr2-108",-0.00251351635788159
"chr2-109",0.0200639458237347
"chr2-110",0.0887014907778687
"chr2-111",0.0667831076257432
"chr2-112",0.142788695986591
"chr2-113",0.0695759667040831
"chr2-114",0.0112917469565225
"chr2-115",-0.0768900224385634
"chr2-116",-0.0210291429547608
"chr2-117",0.0202062572845471
"chr2-118",0.0724894344999903
"chr2-119",-0.0916700775363213
"chr2-120",0.0594234516809235
"chr2-121",0.0976595398766225
"chr2-122",0.0227296252545169
"chr2-123",0.016961466631655
"chr2-124",0.0953627701230657
"chr2-125",0.158205324955807
"chr2-126",0.101239856472502
"chr2-127",0.0993955501963021
"chr2-128",0.0269669361694453
"chr2-129",0.0512368652289813
"chr2-130",0.0727185368905269
"chr2-131",0.0601842241312222
"chr2-132",0.0492018904766406
"chr2-133",-0.0625388023189845
"chr2-134",-0.0333735424318464
"chr2-135",-0.0259050602674932
"chr2-136",-0.024713690743946
"chr2-137",-0.0533617729752621
"chr2-138",-0.101062525158204
"chr2-139",0.017359078863459
"chr2-140",-0.0084100035740967
"chr2-141",-0.0376264341391912
"chr2-142",-0.0231794059056235
"chr2-143",0.0619661942507659
"chr2-144",0.0951445117325385
"chr2-145",0.0225496524807499
"chr2-146",-0.0723067572864497
"chr2-147",-0.000350226257275936
"chr2-148",0.1287358279328
"chr2-149",0.0677573196337545
"chr2-150",0.140603429368232
"chr2-151",0.0253230005554234
"chr2-152",0.136435483576129
"chr2-153",-0.0200247840031916
"chr2-154",-0.149499775825104
"chr2-155",-0.0147333391328786
"chr2-156",0.18914073555203
"chr2-157",0.00032369523535139
"chr2-158",0.0309505005055141
"chr2-159",-0.0298443084406358
"chr2-160",0.0232727531228548
"chr2-161",0.0257624059886925
"chr2-162",0.190452280755548
"chr2-163",0.159688279398252
"chr2-164",-0.00335746352060336
"chr2-165",0.0232849765439183
"chr2-166",0.154837396840424
"chr2-167",-0.00348243898733409
"chr2-168",-0.0610863568866459
"chr2-169",-0.0336755033894885
"chr2-170",-0.0301341445245938
"chr2-171",-0.00791290413353363
"chr2-172",-0.0704537654393191
"chr2-173",-0.0334431153207653
"chr2-174",0.0462583506107787
"chr2-175",-0.0327228484674122
"chr2-176",0.0667700694288853
"chr2-177",-0.00640971447304571
"chr2-178",0.025806144737402
"chr2-179",0.0176544464148664
"chr2-180",0.032778970585727
"chr2-181",0.0757703224971886
"chr2-182",0.0370413966298667
"chr2-183",0.0852322756934027
"chr2-184",0.109842589865952
"chr2-185",0.0844910743417362
"chr2-186",0.099383974122394
"chr2-187",0.00326154420154826
"chr2-188",0.16286528299049
"chr2-189",0.0305722290041188
"chr2-190",0.0279869709668188
"chr2-191",0.0336380826868652
"chr2-192",0.0527573167669426
"chr2-193",0.0534494744498019
"chr2-194",0.0659659546523583
"chr2-195",0.0362024929798686
"chr2-196",-0.0601391986972469
"chr2-197",0.0141575876805064
"chr2-198",0.00674568609359725
"chr2-199",0.00494823206015238
"chr2-200",0.0437789051334114
"chr2-201",0.00125190855863484
"chr2-202",0.0612499538092058
"chr2-203",0.0245385019970787
"chr2-204",0.0435557028323448
"chr2-205",-0.0083451596712553
"chr2-206",-0.0155510977563897
"chr2-207",-0.0119020305727689
"chr2-208",0.163058426841756
"chr2-209",0.0401963194532653
"chr2-210",0.0621748771710271
"chr2-211",0.00949631518781478
"chr2-212",0.0353570497952093
"chr2-213",0.0363668136904969
"chr2-214",0.0139556868996179
"chr2-215",-0.0566219240676942
"chr2-216",-0.0373219578306998
"chr2-217",-0.0833027871998266
"chr2-218",-0.0318559717284675
"chr2-219",-0.0406268949504818
"chr2-220",0.0559426391353091
"chr2-221",0.0389942489518024
"chr2-222",0.119265931941486
"chr2-223",0.064911450402366
"chr2-224",0.0824025077688032
"chr2-225",-0.0805846100979755
"chr2-226",0.0192342216488326
"chr2-227",-0.00790160509032838
"chr2-228",-0.0142352538457792
"chr2-229",-0.0595243815239517
"chr2-230",-0.0681411127188976
"chr2-231",-0.0205974243671182
"chr2-232",0.0280192923690404
"chr2-233",-0.0100014597729442
"chr2-234",-0.0570623840733664
"chr2-235",-0.067272368046504
"chr2-236",-0.0810132472432925
"chr2-237",-0.0657470041466458
"chr2-238",-0.0718784403636153
"chr2-239",0.0622170067239996
"chr2-240",0.0345714588652738
"chr2-241",-0.0075576738965743
"chr2-242",0.0502324706051407
"chr2-243",0.027534219823758
"chr2-244",0.0659549199644821
"chr2-245",0.0142353426922793
"chr2-246",0.0822109462001656
"chr2-247",-0.0270948232208739
"chr2-248",0.00569248593832279
"chr2-249",0.193075112752509
"chr2-250",0.0926819480582238
"chr2-251",-0.00342482793353054
"chr2-252",0.00590809875599009
"chr2-253",0.0874390183316969
"chr2-254",0.040951728116691
"chr2-255",0.258284829635348
"chr2-256",-0.0217359463381511
"chr2-257",0.0897856269525772
"chr2-258",0.0355089888226729
"chr2-259",0.0814367581237731
"chr2-260",0.201608153294363
"chr2-261",0.053863260330702
"chr2-262",0.0658041324079114
"chr2-263",0.112567049606436
"chr2-264",0.0255709617755418
"chr2-265",0.0271294928477878
"chr2-266",0.0715390577942226
"chr2-267",0.0226912145510018
"chr2-268",0.0999935057317625
"chr2-269",0.0187971468862924
"chr2-270",0.0836785995835964
"chr2-271",0.11094935192209
"chr2-272",0.0908630386092585
"chr2-273",0.0622522829689309
"chr2-274",0.0615600972943506
"chr2-275",0.0554500547413089
"chr2-276",0.0524675924683862
"chr2-277",0.0234353203073011
"chr2-278",0.0820327234283443
"chr2-279",0.0359558821533169
"chr2-280",0.0688699542790006
"chr2-281",-0.118854299557263
"chr2-282",-0.246275636773595
"chr2-283",-0.389929363642214
"chr2-284",-0.285582854076102
"chr2-285",-0.255961333291536
"chr2-286",-0.226862547683879
"chr2-287",-0.324222579241046
"chr2-288",-0.310970628562818
"chr2-289",-0.30064741548264
"chr2-290",-0.214161595715093
"chr2-291",-0.191151181768641
"chr2-292",-0.284443045714339
"chr2-293",-0.280482648208143
"chr2-294",-0.240417428424154
"chr2-295",-0.231332390577881
"chr2-296",-0.270658634182824
"chr2-297",-0.229916485534146
"chr2-298",-0.243827695763241
"chr2-299",-0.280786989065112
"chr2-300",-0.320891379180993
"chr2-301",-0.271674979413298
"chr2-302",-0.311154806113437
"chr2-303",-0.357236137363164
"chr2-304",-0.282983985437224
"chr2-305",-0.23390155017768
"chr2-306",-0.277135121694317
"chr2-307",-0.263513817693203
"chr2-308",-0.376158688195044
"chr2-309",-0.32179411733236
"chr2-310",-0.319508327637418
"chr2-311",-0.313421900238682
"chr2-312",-0.348869455893208
"chr2-313",-0.325838222063737
"chr2-314",-0.299904779160129
"chr2-315",-0.281705931424689
"chr2-316",-0.257599099707906
"chr2-317",-0.159223638553449
"chr2-318",0.0565079012639766
"chr2-319",0.0463857850094286
"chr2-320",-0.00995281464598782
"chr2-321",0.0245057951597825
"chr2-322",0.0718617986981345
"chr2-323",0.0902578060602536
"chr2-324",0.0644791989586492
"chr2-325",0.0570856877166964
"chr2-326",0.0146535355738052
"chr2-327",0.0633623761863022
"chr2-328",0.0286556649909936
"chr2-329",-0.00849392132940925
"chr2-330",-0.00370503421768366
"chr2-331",0.0210572464776625
"chr2-332",-0.0397472411116611
"chr2-333",0.0378102905767137
"chr2-334",0.0785941445110048
"chr2-335",0.0216523884076825
"chr2-336",0.0419675672866858
"chr2-337",0.113793937343546
"chr2-338",-0.0866436469873095
"chr2-339",-0.057765440427058
"chr2-340",0.0810673539103099
"chr2-341",0.0618754913145162
"chr2-342",-0.0286997580487785
"chr2-343",0.0485228527869047
"chr2-344",0.0618676821257364
"chr2-345",0.081231819207808
"chr2-346",0.157863857005099
"chr2-347",0.0381573421209097
"chr2-348",0.0566791578137046
"chr2-349",0.0724508617817553
"chr2-350",0.119605061586087
"chr2-351",0.076250557812058
"chr2-352",0.103637713295836
"chr2-353",0.0143361899621073
"chr2-354",0.087219482888137
"chr2-355",-0.00623561572512766
"chr2-356",0.195265805242904
"chr2-357",0.104499963301697
"chr2-358",0.0474820967394314
"chr2-359",0.0234939669015169
"chr2-360",0.0542017913823212
"chr2-361",0.126987701287876
"chr2-362",0.0199561842811091
"chr2-363",0.106326867704687
"chr2-364",-0.0199803929867209
"chr2-365",-0.00512252095490967
"chr2-366",0.00677716657724831
"chr2-367",-0.013824603468359
"chr2-368",0.0111126798701781
"chr2-369",0.0115710083630232
"chr2-370",0.0668619000469981
"chr2-371",0.182345457416263
"chr2-372",0.105853019068345
"chr2-373",0.173957383699527
"chr2-374",0.0843431140691636
"chr2-375",-0.0483399871687473
"chr2-376",-0.000540333687483724
"chr2-377",0.146130494781663
"chr2-378",0.0148438500527334
"chr2-379",0.0117953890989499
"chr2-380",0.0294181752996724
"chr2-381",0.0252707477326572
"chr2-382",0.0698542338167006
"chr2-383",0.0896357672994119
"chr2-384",0.0654852024609449
"chr2-385",0.113112937687347
"chr2-386",0.0152947603289623
"chr2-387",0.0660169879241274
"chr2-388",0.0356714715134437
"chr2-389",0.119668397059036
"chr2-390",0.0848616040765019
"chr2-391",0.0947167638870164
"chr2-392",0.0647133156942775
"chr2-393",0.0662975028870611
"chr2-394",0.158877867134274
"chr2-395",0.105787412876123
"chr2-396",-0.064440638467842
"chr2-397",-0.0770545326364618
"chr2-398",-0.0494425577927555
"chr2-399",-0.0232887029557573
"chr2-400",0.144730150717947
"chr2-401",-0.0228399204801404
"chr2-402",0.0458672118505093
"chr2-403",0.0525582078255547
"chr2-404",0.0316558277432935
"chr2-405",0.016260977916471
"chr2-406",0.126448751725772
"chr2-407",-0.0168533246698871
"chr2-408",0.0449636311116555
"chr2-409",0.0880952586607164
"chr2-410",-0.0264422132634559
"chr2-411",-0.140560854875997
"chr2-412",0.0947823787476766
"chr2-413",0.0260884674979349
"chr2-414",0.0171664061493069
"chr2-415",-0.0286916294149971
"chr2-416",0.200029539839176
"chr2-417",-0.0339307626083818
"chr2-418",0.109374494267802
"chr2-419",0.0148703780605717
"chr2-420",0.00994333531799844
"chr2-421",-0.0365855525759956
"chr2-422",-0.0109987752517745
"chr2-423",-0.0497553923898414
"chr2-424",-0.134636208344915
"chr2-425",-0.0420996811733721
"chr2-426",-0.0486512488652639
"chr2-427",-0.0259448907614864
"chr2-428",-0.00524497897153302
"chr2-429",-0.0468074902347722
"chr2-430",-0.0199405391907121
"chr2-431",0.0373071868840177
"chr2-432",-0.100812743915442
"chr2-433",-0.020343604824941
"chr2-434",0.0409468377858811
"chr2-435",0.0243210570584015
"chr2-436",-0.0621024065961958
"chr2-437",-0.0402253382770469
"chr2-438",-0.0540675664909958
"chr2-439",-0.0112922563290019
"chr2-440",-0.101982372895906
"chr2-441",-0.0955451176987169
"chr2-442",-0.135798515584837
"chr2-443",-0.0684577133936105
"chr2-444",-0.10921127885566
"chr2-445",-0.0127907703151975
"chr20-001",0.0254102415754166
"chr20-002",-0.0230737912329261
"chr20-003",0.0578401176569043
"chr20-004",0.0241204327072528
"chr20-005",-0.30634843106532
"chr20-006",-0.298389552123571
"chr20-007",-0.370562560241428
"chr20-008",-0.330527251165567
"chr20-009",-0.371928372693551
"chr20-010",-0.276061029848849
"chr20-011",-0.317461276693777
"chr20-012",-0.33289379017318
"chr20-013",-0.319101572082366
"chr20-014",-0.194169057751356
"chr20-015",-0.295658444206296
"chr20-016",-0.245199081781747
"chr20-017",-0.192753277969509
"chr20-018",0.0176339641716007
"chr20-019",0.0453010565423915
"chr20-020",0.00594230530692663
"chr20-021",0.114269830386862
"chr20-022",0.0907287483475814
"chr20-023",0.153462675715074
"chr20-024",0.0608451353403128
"chr20-025",0.0617933712922104
"chr20-026",0.0170352986045477
"chr20-027",-0.0380540204250274
"chr20-028",0.0411916162320702
"chr20-029",0.0338237723283108
"chr20-030",0.0860310781887286
"chr20-031",0.107778716004383
"chr20-032",0.0417674937675417
"chr20-033",0.114849389228898
"chr20-034",0.0286345962456516
"chr20-035",0.111634597319136
"chr20-036",0.017762821194752
"chr20-037",-0.00396506338396022
"chr20-038",0.0539859308154191
"chr20-039",0.0640517718694421
"chr20-040",0.0861805573451986
"chr20-041",0.0608682531613462
"chr20-042",0.0669228036393288
"chr20-043",0.0692587480597357
"chr20-044",0.00446208832722863
"chr20-045",0.117328214482433
"chr20-046",-0.03456641087671
"chr20-047",0.0071496724520247
"chr20-048",0.0646131396213537
"chr20-049",0.0982090724924551
"chr20-050",0.00109870638603017
"chr20-051",-0.00745769078487824
"chr20-052",0.0067690473970241
"chr20-053",-0.0363150734850605
"chr20-054",-0.00866333571915265
"chr20-055",0.285884777481036
"chr20-056",0.235117439780421
"chr20-057",0.246066002333303
"chr20-058",0.205366155862274
"chr20-059",0.277921826424639
"chr20-060",0.255140494418786
"chr20-061",0.307723580346997
"chr20-062",0.236462738975097
"chr20-063",0.214032148185551
"chr20-064",0.284135970160148
"chr20-065",0.231436403422306
"chr20-066",0.240066269087448
"chr20-067",0.25455912483492
"chr20-068",0.25977143170051
"chr20-069",0.30766894744398
"chr20-070",0.250988562693692
"chr20-071",0.327798719576863
"chr20-072",0.532932701321745
"chr20-073",0.506945896606227
"chr20-074",0.269001477553888
"chr20-075",0.276875683421761
"chr20-076",0.396248622100942
"chr20-077",0.429931453938068
"chr20-078",0.403319872693261
"chr20-079",0.301708077744068
"chr20-080",0.237872379609132
"chr20-081",0.314653666522475
"chr20-082",0.301916667217707
"chr20-083",0.301999999163594
"chr20-084",0.260864327078228
"chr20-085",0.24879878088818
"chr20-086",0.37399905905667
"chr20-087",0.392418177693399
"chr20-088",0.33668537434957
"chr20-089",0.304801268339777
"chr20-090",0.301805834678177
"chr20-091",0.309180483609989
"chr20-092",0.261343001742866
"chr20-093",0.290006770359087
"chr20-094",0.265162759700601
"chr20-095",0.319878786792646
"chr20-096",0.32027328428807
"chr20-097",0.330584309245919
"chr20-098",0.374735688077765
"chr20-099",0.43501621585905
"chr20-100",0.472130685030277
"chr20-101",0.374111397429548
"chr20-102",0.403332601707256
"chr20-103",0.366886007117457
"chr20-104",0.274506670861826
"chr20-105",0.300703045362968
"chr20-106",0.287212971554118
"chr20-107",0.234689829513482
"chr20-108",0.310144713457469
"chr20-109",0.279228352023622
"chr20-110",0.253864618972286
"chr20-111",0.272952301214466
"chr20-112",0.268235288094326
"chr20-113",0.338287438689348
"chr20-114",0.313398904136573
"chr20-115",0.207845126450787
"chr20-116",0.129260574303465
"chr20-117",0.160017396038751
"chr20-118",0.143057856456977
"chr20-119",0.0970032570656889
"chr20-120",0.074531157370453
"chr21-001",-0.386059407317435
"chr21-002",-0.317604603531312
"chr21-003",-0.304542008676958
"chr21-004",-0.443277280516476
"chr21-005",-0.0311891838827166
"chr21-006",-0.278865766008625
"chr21-007",0.232380259457495
"chr21-008",0.0460337901286201
"chr21-009",-0.11543056834756
"chr21-010",0.0519470776131995
"chr21-011",0.0646767979405062
"chr21-012",0.0327637525727488
"chr21-013",0.0672319435644587
"chr21-014",0.184525615804559
"chr21-015",0.25286250267634
"chr21-016",0.194134735732194
"chr21-017",0.00236679713820991
"chr21-018",-0.244741837862017
"chr21-019",-0.268130633892288
"chr21-020",-0.292942152952921
"chr21-021",-0.155685766588176
"chr21-022",-0.18196321192752
"chr21-023",-0.0782344036635048
"chr21-024",-0.288995807995006
"chr21-025",-0.29112440875799
"chr21-026",-0.285298026684658
"chr21-027",-0.264660463256487
"chr21-028",-0.189340044596575
"chr21-029",-0.201869319292899
"chr21-030",-0.109472001963664
"chr21-031",-0.163732750425635
"chr21-032",-0.209608665867107
"chr21-033",-0.220687227959684
"chr21-034",-0.21475070440481
"chr21-035",-0.227501771267377
"chr21-036",-0.144154575438705
"chr21-037",-0.34916676947524
"chr21-038",-0.384062029168524
"chr21-039",-0.287728080134823
"chr21-040",-0.222766289769182
"chr21-041",-0.162706404779885
"chr21-042",-0.229456323823623
"chr21-043",-0.311364386227154
"chr21-044",-0.203028671258726
"chr21-045",-0.215973743342445
"chr21-046",-0.162138325633949
"chr21-047",-0.144111448797102
"chr21-048",-0.214889439989958
"chr21-049",-0.255114562666154
"chr21-050",-0.226239874630274
"chr21-051",-0.196918297485693
"chr21-052",-0.215814343941646
"chr21-053",-0.187795131363286
"chr21-054",-0.13206783617019
"chr21-055",-0.17860206461743
"chr21-056",-0.230681832932453
"chr21-057",-0.220163584696753
"chr21-058",-0.268950316038281
"chr21-059",-0.324513888188139
"chr21-060",-0.258183993747336
"chr21-061",-0.273350383146323
"chr21-062",-0.313236205138287
"chr21-063",-0.313011852890098
"chr21-064",-0.364358696081461
"chr21-065",-0.324827286372449
"chr21-066",-0.314769401755041
"chr21-067",-0.363010373375819
"chr21-068",-0.306728840554244
"chr21-069",-0.2639485699177
"chr21-070",-0.260894105596187
"chr21-071",-0.243148570101865
"chr21-072",-0.236282625878879
"chr22-001",-0.156216556938018
"chr22-002",-0.0571745949840601
"chr22-003",-0.0383153932852458
"chr22-004",-0.0344591104500172
"chr22-005",-0.0370964645500162
"chr22-006",-0.351218386139071
"chr22-007",-0.00282886658206644
"chr22-008",-0.102595552482305
"chr22-009",-0.126827956677937
"chr22-010",-0.0811359121139271
"chr22-011",-0.0733893212016049
"chr22-012",-0.154660975626358
"chr22-013",-0.0572541642337147
"chr22-014",-0.00885611487126435
"chr22-015",0.0132972294559838
"chr22-016",-0.0777970882092724
"chr22-017",-0.101883833088151
"chr22-018",-0.0357326033751873
"chr22-019",-0.0443861145986526
"chr22-020",-0.0732227113935546
"chr22-021",0.0394876363493998
"chr22-022",-0.00984858287045035
"chr22-023",0.00369039322873112
"chr22-024",0.0447729023153061
"chr22-025",-0.0367824306349595
"chr22-026",0.028488493030228
"chr22-027",-0.0528222456498692
"chr22-028",-0.0475396209360332
"chr22-029",-0.0363298515427942
"chr22-030",-0.0397317921116591
"chr22-031",-0.0732373021263683
"chr22-032",-0.0155988973424917
"chr22-033",0.00160312219027474
"chr22-034",-0.0258802400945741
"chr22-035",0.00802631945106119
"chr22-036",-0.0294323645782862
"chr22-037",0.033235872188834
"chr22-038",-0.00321100539861995
"chr22-039",0.0227213410294139
"chr22-040",-0.0508994513178217
"chr22-041",0.0418279204565931
"chr22-042",-0.00320813592403175
"chr22-043",-0.0336753104197074
"chr22-044",-0.0532915642250953
"chr22-045",-0.0649513578194699
"chr22-046",-0.0621060587725059
"chr22-047",-0.0459244512435855
"chr22-048",-0.112185862934863
"chr22-049",-0.0934416141186523
"chr22-050",-0.039745261494788
"chr22-051",-0.0418256502323037
"chr22-052",-0.0576656753672926
"chr22-053",-0.0675434267952126
"chr22-054",-0.0403487688438421
"chr22-055",-0.0153732379060668
"chr22-056",-0.107467103097902
"chr22-057",-0.0487501183310371
"chr22-058",-0.0546631210283262
"chr22-059",-0.151540529013296
"chr22-060",-0.0357132382014237
"chr22-061",-0.0895805416985821
"chr22-062",-0.0510657592978368
"chr22-063",-0.07644841366719
"chr22-064",0.0102540945875845
"chr22-065",0.00796657958493054
"chr22-066",-0.0632067614630769
"chr22-067",-0.0762333497935928
"chr22-068",-0.0569674083629494
"chr22-069",-0.0830602749942316
"chr22-070",-0.143487004157355
"chr22-071",-0.12035844946604
"chr3-001",0.36084219661335
"chr3-002",0.248390306664742
"chr3-003",-0.0101892520149529
"chr3-004",0.150426450663467
"chr3-005",0.00691674572772838
"chr3-006",0.132077391077409
"chr3-007",0.253658819865169
"chr3-008",0.288108623382945
"chr3-009",0.216471116762022
"chr3-010",0.36826775093745
"chr3-011",0.286952220047669
"chr3-012",0.279993559993677
"chr3-013",0.306828149122203
"chr3-014",0.2221158799623
"chr3-015",0.205701842863908
"chr3-016",0.172844727037258
"chr3-017",0.140977600088324
"chr3-018",0.17518367834989
"chr3-019",0.18145131582628
"chr3-020",0.266638773577794
"chr3-021",0.247107399955865
"chr3-022",0.131912812571875
"chr3-023",0.0728161500678229
"chr3-024",0.157416329091155
"chr3-025",0.148666301472785
"chr3-026",0.192869481765806
"chr3-027",0.240047741834062
"chr3-028",0.272678947488307
"chr3-029",0.33877695430557
"chr3-030",0.297656148347506
"chr3-031",0.279544594532725
"chr3-032",0.225768664823254
"chr3-033",0.301334564583712
"chr3-034",0.339833512459994
"chr3-035",0.344611068293735
"chr3-036",0.240983360316473
"chr3-037",0.255482207359355
"chr3-038",0.318959219968151
"chr3-039",0.205021861093106
"chr3-040",0.337226892670813
"chr3-041",0.308937970042369
"chr3-042",0.265348791249341
"chr3-043",0.298803090304531
"chr3-044",0.309333085916964
"chr3-045",0.343978135895102
"chr3-046",0.339777003979852
"chr3-047",0.334744867071416
"chr3-048",0.282911075167973
"chr3-049",0.302244978247825
"chr3-050",0.272528871905194
"chr3-051",0.267398516442033
"chr3-052",0.297762896479751
"chr3-053",0.290515627979751
"chr3-054",0.389311414655205
"chr3-055",0.327986460689949
"chr3-056",0.386410146336336
"chr3-057",0.289015121921857
"chr3-058",0.378302533588872
"chr3-059",0.311581854175707
"chr3-060",0.188972192715299
"chr3-061",0.200997815997799
"chr3-062",0.245893741527015
"chr3-063",0.254043195885019
"chr3-064",0.233186211587668
"chr3-065",0.403353108115863
"chr3-066",0.347991145316554
"chr3-067",0.133939576064408
"chr3-068",0.274021466081784
"chr3-069",0.231118763207958
"chr3-070",0.229924697146823
"chr3-071",0.192305676081525
"chr3-072",0.210145884608734
"chr3-073",0.21420373943091
"chr3-074",0.266361036336628
"chr3-075",0.211223313251607
"chr3-076",0.255578782346514
"chr3-077",0.261782454189351
"chr3-078",0.206208449335067
"chr3-079",0.234652866997064
"chr3-080",0.14187132913297
"chr3-081",0.302149456526671
"chr3-082",0.281821393650165
"chr3-083",0.271405279440966
"chr3-084",0.145490162265056
"chr3-085",0.224579491024635
"chr3-086",0.218606770378218
"chr3-087",0.213611906765933
"chr3-088",0.140661775491631
"chr3-089",0.132927903764596
"chr3-090",0.13413030309078
"chr3-091",0.181224547184513
"chr3-092",0.0799587824709845
"chr3-093",0.0926482859627592
"chr3-094",0.0850667908692099
"chr3-095",0.107936048814634
"chr3-096",0.156652354631445
"chr3-097",0.16319792985292
"chr3-098",0.135172466852322
"chr3-099",0.0996461231182593
"chr3-100",0.114449759163768
"chr3-101",0.163200872327055
"chr3-102",0.205464403148514
"chr3-103",0.277333589091184
"chr3-104",0.299402543151077
"chr3-105",0.327808683836215
"chr3-106",0.272789101781664
"chr3-107",0.204464815500592
"chr3-108",0.3028684331043
"chr3-109",0.258226481713354
"chr3-110",0.150908254203514
"chr3-111",0.228072858879688
"chr3-112",0.245161464439358
"chr3-113",0.251853001809513
"chr3-114",0.340395077398186
"chr3-115",0.249058123936502
"chr3-116",0.402385298131944
"chr3-117",0.271329033474188
"chr3-118",0.363050645284472
"chr3-119",0.246501208167389
"chr3-120",0.299744222494678
"chr3-121",0.321224655150484
"chr3-122",0.242915656319823
"chr3-123",0.34773776239705
"chr3-124",0.329710629608698
"chr3-125",0.296892386258535
"chr3-126",0.278724327115516
"chr3-127",0.313096024750658
"chr3-128",0.182561173727283
"chr3-129",0.345097907951627
"chr3-130",0.322993050127251
"chr3-131",0.38275872116628
"chr3-132",0.317217751356592
"chr3-133",0.308397810822736
"chr3-134",0.339044898239678
"chr3-135",0.323929077250635
"chr3-136",0.302037473084065
"chr3-137",0.372330282252679
"chr3-138",0.290689796112473
"chr3-139",0.227342086726551
"chr3-140",0.195628943067147
"chr3-141",0.27049000200242
"chr3-142",0.353744750499859
"chr3-143",0.502666800823532
"chr3-144",0.246093953782494
"chr3-145",0.0674866277906472
"chr3-146",0.132021599979049
"chr3-147",0.375252253976354
"chr3-148",0.305095240932767
"chr3-149",0.34858305334566
"chr3-150",0.334107155301473
"chr3-151",0.206832007327223
"chr3-152",0.41435306615911
"chr3-153",0.242544615123403
"chr3-154",0.254427906339638
"chr3-155",0.0246479898358873
"chr3-156",0.473428349010739
"chr3-157",0.275384664819511
"chr3-158",0.417355821089846
"chr3-159",0.231235818304363
"chr3-160",0.228233491016179
"chr3-161",0.248018781598923
"chr3-162",0.251025552676433
"chr3-163",0.278999474752837
"chr3-164",0.336883626209668
"chr3-165",0.209118813732943
"chr3-166",0.316905727530165
"chr3-167",0.204484565849512
"chr3-168",0.276561895742103
"chr3-169",0.26398422477959
"chr3-170",0.168504906745991
"chr3-171",0.242792773731892
"chr3-172",0.257213292369858
"chr3-173",0.223667113356894
"chr3-174",0.230549041890157
"chr3-175",0.264490010289358
"chr3-176",0.302133823515554
"chr3-177",0.258730667377563
"chr3-178",0.245865907936068
"chr3-179",0.245487345682185
"chr3-180",0.20976539994493
"chr3-181",0.35026762430581
"chr3-182",0.353719402366988
"chr3-183",0.282462243436665
"chr3-184",0.314010351287375
"chr3-185",0.266857625701059
"chr3-186",0.359221760877871
"chr3-187",0.355735421636295
"chr3-188",0.296830526922431
"chr3-189",0.286372905757073
"chr3-190",0.223231522643845
"chr3-191",0.206044139821514
"chr3-192",0.147405883428825
"chr3-193",0.178475224696382
"chr3-194",0.309847444847536
"chr3-195",0.273044876752264
"chr3-196",0.302837901960344
"chr3-197",0.298345390654136
"chr3-198",0.258263203823427
"chr3-199",0.320219030046426
"chr3-200",0.288657056507541
"chr3-201",0.203583647986396
"chr3-202",0.259255211190577
"chr3-203",0.307724451002093
"chr3-204",0.336041304773923
"chr3-205",0.31214960403355
"chr3-206",0.331053850856099
"chr3-207",0.280290421188085
"chr3-208",0.314070673694307
"chr3-209",0.32651479921064
"chr3-210",0.198732049469754
"chr3-211",0.248016062671093
"chr3-212",0.223352853351564
"chr3-213",0.242173299048158
"chr3-214",0.186921080094295
"chr3-215",0.248249713644294
"chr3-216",0.18356231311344
"chr3-217",0.187791937112801
"chr3-218",0.2032764025299
"chr3-219",0.167338952680631
"chr3-220",0.277144978730057
"chr3-221",0.23611588376912
"chr3-222",0.172719767974393
"chr3-223",0.183049550662699
"chr3-224",0.100182760050752
"chr3-225",0.147563643756103
"chr3-226",0.0968419699192836
"chr3-227",0.0651837956604043
"chr3-228",0.121970824237158
"chr3-229",0.0728499122867161
"chr3-230",0.127397817320217
"chr3-231",0.126216960443451
"chr3-232",0.10822871526982
"chr3-233",0.174099031064419
"chr3-234",0.271561055109393
"chr3-235",0.167489455643204
"chr3-236",0.199076591420654
"chr3-237",0.292095306445297
"chr3-238",0.228393580258867
"chr3-239",0.166364238105085
"chr3-240",0.14886181442193
"chr3-241",0.171797783047523
"chr3-242",0.133047618690712
"chr3-243",0.116920038840234
"chr3-244",0.2266143353531
"chr3-245",0.174166782546868
"chr3-246",0.102067513474675
"chr3-247",0.22388423852706
"chr3-248",0.247374906189182
"chr3-249",0.169826730327526
"chr3-250",0.0939606914645659
"chr3-251",0.128992288146104
"chr3-252",0.20891103013547
"chr3-253",0.349966499473359
"chr3-254",0.261855829935544
"chr3-255",0.279883391182603
"chr3-256",0.201476938556843
"chr3-257",0.2817048261247
"chr3-258",0.180422767653379
"chr3-259",0.250512380337223
"chr3-260",0.315754067960006
"chr3-261",0.340909955383904
"chr3-262",0.184256144827472
"chr3-263",0.302520636794998
"chr3-264",0.199740726754352
"chr3-265",0.318025183811468
"chr3-266",0.350762388956739
"chr3-267",0.277551051109464
"chr3-268",0.233966514552073
"chr3-269",0.29469061827445
"chr3-270",0.296998363564205
"chr3-271",0.207983748119588
"chr3-272",0.250657819326388
"chr3-273",0.23454289652215
"chr3-274",0.262564191490202
"chr3-275",0.222075977127751
"chr3-276",0.318839409544505
"chr3-277",0.265974650518415
"chr3-278",0.23498560431299
"chr3-279",0.386363686559684
"chr3-280",0.248763296795679
"chr3-281",0.203232163528101
"chr3-282",0.223507542099891
"chr3-283",0.143584229451033
"chr3-284",0.230483355519218
"chr3-285",0.2646346434761
"chr3-286",0.234229788249835
"chr3-287",0.320575101375347
"chr3-288",0.233765897618651
"chr3-289",0.242583069861286
"chr3-290",0.260259855899647
"chr3-291",0.315226884426146
"chr3-292",0.203780111529052
"chr3-293",0.315971174476165
"chr3-294",0.248532365161466
"chr3-295",0.252070642074667
"chr3-296",0.185832543465634
"chr3-297",0.227731222597503
"chr3-298",0.297360636487638
"chr3-299",0.187764993774652
"chr3-300",0.255741859618455
"chr3-301",0.331432047793713
"chr3-302",0.316454273257547
"chr3-303",0.22455357613315
"chr3-304",0.430219874517142
"chr3-305",0.340767728156618
"chr3-306",0.281913243939496
"chr3-307",0.170908830585299
"chr3-308",0.196886590772675
"chr3-309",0.341931581349506
"chr3-310",0.253121243947345
"chr3-311",0.243593540382202
"chr3-312",0.243021470454048
"chr3-313",0.283263466942031
"chr3-314",0.341473097598389
"chr3-315",0.245379807164383
"chr3-316",0.287660055127157
"chr3-317",0.312301890469835
"chr3-318",0.0406232415778648
"chr3-319",0.0401541851361622
"chr3-320",-0.0128019700760924
"chr3-321",0.129396078339809
"chr3-322",0.351863296276356
"chr3-323",0.289307980745096
"chr3-324",0.187707270655228
"chr3-325",0.237132281690554
"chr3-326",0.236321686603508
"chr3-327",0.170184514536558
"chr3-328",0.289547009763782
"chr3-329",0.31420123683644
"chr3-330",0.374124486985348
"chr3-331",0.210092007582636
"chr3-332",0.190738404581663
"chr3-333",0.098469470578514
"chr3-334",0.116322681373227
"chr3-335",0.123567729666431
"chr3-336",0.236301453384755
"chr3-337",0.248459156844126
"chr3-338",0.208094207474651
"chr3-339",0.0880187843183331
"chr3-340",-0.274420694206698
"chr3-341",-0.167098272514807
"chr3-342",-0.146899843101839
"chr3-343",-0.20729825906097
"chr3-344",-0.0503190551470543
"chr3-345",0.314996569832824
"chr3-346",0.29462795377862
"chr3-347",0.225597012995871
"chr3-348",0.298209807316935
"chr3-349",0.27920422692142
"chr3-350",0.210441327057401
"chr3-351",0.0875258138326812
"chr3-352",0.0589016193022286
"chr3-353",0.0447345205518733
"chr3-354",0.0954544642153592
"chr3-355",0.158631514920665
"chr3-356",0.186887360266436
"chr3-357",0.116931210765441
"chr3-358",0.105565390838009
"chr3-359",0.123710446532286
"chr3-360",0.19979685676746
"chr3-361",0.168021575361057
"chr3-362",0.108008697971337
"chr4-001",0.0514912296274802
"chr4-002",-0.0774841884220361
"chr4-003",-0.0597935583863336
"chr4-004",-0.105219735737766
"chr4-005",-0.104202630268489
"chr4-006",-0.0311162775557637
"chr4-007",-0.0317097137768519
"chr4-008",-0.0776762276450832
"chr4-009",-0.0711869872954239
"chr4-010",-0.0121961124328645
"chr4-011",-0.0105897996947992
"chr4-012",0.0489722684437506
"chr4-013",-0.0524283084208908
"chr4-014",-0.000461929516137814
"chr4-015",-0.068153576895079
"chr4-016",0.00459673258190106
"chr4-017",-0.052344008959493
"chr4-018",-0.0809422323659666
"chr4-019",0.0116356103000991
"chr4-020",-0.053844594243152
"chr4-021",0.0830701127452353
"chr4-022",0.0705041442045642
"chr4-023",0.0938908908299626
"chr4-024",0.0685003461176848
"chr4-025",-0.0519151559248768
"chr4-026",-0.0143323967290614
"chr4-027",0.030052188592505
"chr4-028",0.0645208635566507
"chr4-029",0.0635724214374087
"chr4-030",0.0880747827466083
"chr4-031",0.0905584758125287
"chr4-032",0.0463322957767051
"chr4-033",0.00491657475094112
"chr4-034",0.136459920857764
"chr4-035",0.0709035353886268
"chr4-036",0.0687265263217028
"chr4-037",0.0558286427391642
"chr4-038",0.0425034201484144
"chr4-039",0.115751315937273
"chr4-040",0.0761564812931558
"chr4-041",0.148304921996512
"chr4-042",0.109019337318551
"chr4-043",0.0716148691562542
"chr4-044",0.0675923845176147
"chr4-045",0.0610088398374634
"chr4-046",0.0504968679134784
"chr4-047",0.101228863190308
"chr4-048",0.113635580302917
"chr4-049",0.0936217252221292
"chr4-050",0.0791229719489486
"chr4-051",0.00241127796107073
"chr4-052",0.0775663997134846
"chr4-053",0.0865494257427506
"chr4-054",0.171722734775861
"chr4-055",0.0703170940686194
"chr4-056",0.0517285885664744
"chr4-057",0.0679655023164492
"chr4-058",0.173928840079012
"chr4-059",0.110294861724904
"chr4-060",0.160418537772174
"chr4-061",0.137337034245774
"chr4-062",0.0624606517704118
"chr4-063",0.158155025851032
"chr4-064",0.0329522553671912
"chr4-065",0.114414163469788
"chr4-066",0.157235293954064
"chr4-067",0.151433829040069
"chr4-068",0.0839342583518304
"chr4-069",-0.00650395233055224
"chr4-070",0.0574536527611322
"chr4-071",0.0205250017453853
"chr4-072",0.031663254972232
"chr4-073",0.0998548376240442
"chr4-074",0.0349269530793034
"chr4-075",0.0909108435391805
"chr4-076",0.154862769768104
"chr4-077",-0.00624361433998049
"chr4-078",0.138857960363161
"chr4-079",0.279182605441475
"chr4-080",0.110611902320168
"chr4-081",0.265329404154014
"chr4-082",0.0355593279161257
"chr4-083",0.0041350776551286
"chr4-084",0.0970683182576068
"chr4-085",0.0129547904035985
"chr4-086",0.0320734647168318
"chr4-087",0.165243802781018
"chr4-088",-0.0335368789342014
"chr4-089",0.112159156333691
"chr4-090",0.0693969114311361
"chr4-091",0.105589772624765
"chr4-092",0.0455815282142065
"chr4-093",0.0573181544276774
"chr4-094",0.0604802956855882
"chr4-095",0.0627572865266446
"chr4-096",0.0851392570653822
"chr4-097",0.0160588133884771
"chr4-098",0.0716117179104673
"chr4-099",0.111927443910784
"chr4-100",0.0909988856638347
"chr4-101",-0.0504521713424592
"chr4-102",0.0692187008181034
"chr4-103",0.145678217244896
"chr4-104",-0.0186067133086117
"chr4-105",0.117782126012176
"chr4-106",0.156318252150671
"chr4-107",-0.0097170883529587
"chr4-108",0.119852305016615
"chr4-109",0.0246929888221807
"chr4-110",0.0992188463515025
"chr4-111",0.185559796035893
"chr4-112",0.0594577618402966
"chr4-113",-0.0248926700377032
"chr4-114",0.0663172410311964
"chr4-115",0.0250379063045859
"chr4-116",0.0813526382088344
"chr4-117",0.0760405663649221
"chr4-118",0.174192594708188
"chr4-119",0.173671496502528
"chr4-120",0.123075722436106
"chr4-121",0.105345742045205
"chr4-122",0.036500167681394
"chr4-123",0.121021778619899
"chr4-124",0.107600164923967
"chr4-125",0.0100899125282016
"chr4-126",0.0607716808394187
"chr4-127",0.12487178612961
"chr4-128",0.0963974571828795
"chr4-129",0.00627362123360498
"chr4-130",0.0179761603318094
"chr4-131",0.127868007836258
"chr4-132",0.168347532884244
"chr4-133",0.177308498754583
"chr4-134",0.0725948521752407
"chr4-135",0.0919099370538832
"chr4-136",0.169399323347003
"chr4-137",0.091394559947361
"chr4-138",0.0481170328942852
"chr4-139",0.0388363931796843
"chr4-140",0.166115046211677
"chr4-141",0.139793778477516
"chr4-142",0.0580134276153708
"chr4-143",0.163552704395231
"chr4-144",0.178670021697864
"chr4-145",0.0656489698479966
"chr4-146",0.0658021121933489
"chr4-147",0.10773673078781
"chr4-148",0.102858648687631
"chr4-149",0.031926054360655
"chr4-150",0.0894731817293961
"chr4-151",0.100696786056987
"chr4-152",0.107952334739703
"chr4-153",0.0665629130961664
"chr4-154",0.153383294646902
"chr4-155",0.131229188535255
"chr4-156",0.057733186061826
"chr4-157",-0.205250399984985
"chr4-158",-0.100716846330972
"chr4-159",-0.21526550886412
"chr4-160",-0.187873279572968
"chr4-161",-0.117203612840409
"chr4-162",-0.0960443735281149
"chr4-163",-0.135073014597117
"chr4-164",-0.161988304867416
"chr4-165",-0.19656172440178
"chr4-166",-0.192292967155907
"chr4-167",-0.133946867992752
"chr4-168",-0.10809094829665
"chr4-169",-0.23510928830468
"chr4-170",-0.183601324802989
"chr4-171",-0.260799422725392
"chr4-172",-0.179742813617707
"chr4-173",-0.181148194925019
"chr4-174",-0.191948122713029
"chr4-175",-0.201282442030627
"chr4-176",-0.223455891539641
"chr4-177",-0.0835902723105891
"chr4-178",-0.166329963764364
"chr4-179",-0.241033042009269
"chr4-180",-0.164806281884273
"chr4-181",-0.206070771403428
"chr4-182",-0.18225956747488
"chr4-183",-0.15833420512756
"chr4-184",-0.128143627264762
"chr4-185",-0.214309284840506
"chr4-186",-0.15877548001569
"chr4-187",-0.218925617185823
"chr4-188",-0.179876920486918
"chr4-189",-0.145059432495807
"chr4-190",-0.139916594171421
"chr4-191",-0.205779689005539
"chr4-192",-0.232466290118134
"chr4-193",-0.125463138500165
"chr4-194",-0.125490769905854
"chr4-195",-0.265239429375995
"chr4-196",-0.170208470736442
"chr4-197",-0.410434075062287
"chr4-198",-0.184601297031218
"chr4-199",-0.281173096982137
"chr4-200",-0.127676765396832
"chr4-201",-0.114215063570395
"chr4-202",-0.18160044812567
"chr4-203",-0.15006710032854
"chr4-204",-0.198367462278977
"chr4-205",-0.247634323273661
"chr4-206",-0.181718403765843
"chr4-207",-0.189135291716129
"chr4-208",-0.285656452853705
"chr4-209",-0.194298375649029
"chr4-210",-0.233900405140701
"chr4-211",-0.155722878269761
"chr4-212",-0.338147868647358
"chr4-213",-0.239567833487417
"chr4-214",-0.210306273255056
"chr4-215",-0.232406603251478
"chr4-216",0.00689127162937778
"chr4-217",-0.222269310409703
"chr4-218",-0.156659201558104
"chr4-219",-0.236905605156891
"chr4-220",-0.139460512291489
"chr4-221",-0.180900897651125
"chr4-222",-0.318394652885842
"chr4-223",-0.207278261964822
"chr4-224",-0.404210283510197
"chr4-225",-0.199829799641646
"chr4-226",-0.212038328837315
"chr4-227",0.0214425205955572
"chr4-228",-0.296455645265974
"chr4-229",-0.294538355528698
"chr4-230",-0.190930024852302
"chr4-231",-0.169553528865398
"chr4-232",-0.400813196058492
"chr4-233",-0.218318046612752
"chr4-234",-0.224808785622093
"chr4-235",-0.247791501335651
"chr4-236",-0.134789487714989
"chr4-237",-0.110868371570122
"chr4-238",-0.197155656913782
"chr4-239",-0.127844713917096
"chr4-240",-0.186978951570932
"chr4-241",-0.22380294024968
"chr4-242",-0.182581150286315
"chr4-243",-0.161525200296411
"chr4-244",-0.230816646488091
"chr4-245",-0.139803783647236
"chr4-246",-0.152801447699174
"chr4-247",-0.179527149146596
"chr4-248",-0.126617618242527
"chr4-249",-0.134506805975747
"chr4-250",-0.164790421332483
"chr4-251",-0.177855559888838
"chr4-252",-0.195667524938882
"chr4-253",-0.122986044628914
"chr4-254",-0.303473961080093
"chr4-255",-0.217825444609696
"chr4-256",-0.150492138323824
"chr4-257",-0.184295949167528
"chr4-258",-0.26449305216357
"chr4-259",-0.171545308738639
"chr4-260",-0.153457208764208
"chr4-261",-0.169670988932355
"chr4-262",-0.15805267584251
"chr4-263",-0.186111146448288
"chr4-264",-0.172853945255224
"chr4-265",-0.249116295289054
"chr4-266",-0.224471509918141
"chr4-267",-0.233951235903425
"chr4-268",-0.17604806588167
"chr4-269",-0.140812060320841
"chr4-270",-0.152559284997747
"chr4-271",-0.182176391582897
"chr4-272",-0.100093644326078
"chr4-273",-0.125967140627191
"chr4-274",-0.199087230014654
"chr4-275",-0.27906689402395
"chr4-276",-0.215854628275655
"chr4-277",-0.204396212585429
"chr4-278",-0.380459350088369
"chr4-279",-0.126431871144736
"chr4-280",-0.200899763239472
"chr4-281",-0.257227466811671
"chr4-282",-0.237600779337758
"chr4-283",-0.159997753366129
"chr4-284",-0.167062036114199
"chr4-285",-0.218097369356218
"chr4-286",-0.18675929148926
"chr4-287",-0.190015286993019
"chr4-288",-0.334117506010344
"chr4-289",-0.293327500964708
"chr4-290",-0.243548021061216
"chr4-291",-0.141000750971425
"chr4-292",-0.223015732175433
"chr4-293",-0.234505335255568
"chr4-294",-0.154416530312464
"chr4-295",-0.19303499170569
"chr4-296",-0.132594100463703
"chr4-297",-0.164026882728108
"chr4-298",-0.154785450871721
"chr4-299",-0.17562008402772
"chr4-300",-0.203275541324853
"chr4-301",-0.149047643728278
"chr4-302",-0.295036189630164
"chr4-303",-0.154656623541149
"chr4-304",-0.274959931362725
"chr4-305",-0.293536862446181
"chr4-306",-0.240473405132273
"chr4-307",-0.21824502276756
"chr4-308",-0.252949717605731
"chr4-309",-0.215892237453236
"chr4-310",-0.0328478005280186
"chr4-311",-0.190680803363169
"chr4-312",-0.0375619620218555
"chr4-313",-0.128379907868843
"chr4-314",-0.207059529777216
"chr4-315",-0.222956131473123
"chr4-316",-0.208204352317023
"chr4-317",-0.193346995646402
"chr4-318",-0.189391774051423
"chr4-319",-0.219875363006577
"chr4-320",-0.193867436174485
"chr4-321",-0.118979037052951
"chr4-322",-0.150991083702893
"chr4-323",-0.178658343382618
"chr4-324",-0.13438695280074
"chr4-325",-0.187431287477767
"chr4-326",-0.216099938970034
"chr4-327",-0.236397353717361
"chr4-328",-0.12727275245708
"chr4-329",0.0541645542920542
"chr4-330",0.0807766655122893
"chr5-001",0.0966734340995934
"chr5-002",0.122367429696586
"chr5-003",0.0410123871674368
"chr5-004",0.104984638855546
"chr5-005",0.198714479365548
"chr5-006",0.171695876231799
"chr5-007",0.208537536770305
"chr5-008",0.212287706671432
"chr5-009",0.152564607883564
"chr5-010",0.287319545242522
"chr5-011",0.242225543787091
"chr5-012",0.13654050670796
"chr5-013",0.18852763019697
"chr5-014",0.207915293660849
"chr5-015",0.27668199208679
"chr5-016",0.257404910145572
"chr5-017",0.215762220364476
"chr5-018",0.315250736970479
"chr5-019",0.211717330760984
"chr5-020",0.28666118117027
"chr5-021",0.184664936779879
"chr5-022",0.217616687661942
"chr5-023",0.281059023943875
"chr5-024",0.360410071609142
"chr5-025",0.266615089197607
"chr5-026",0.0860857881575129
"chr5-027",0.434770157088103
"chr5-028",0.331804142044217
"chr5-029",0.271233744823991
"chr5-030",0.295273230550825
"chr5-031",0.359630274473726
"chr5-032",0.31659472848607
"chr5-033",0.232086507423666
"chr5-034",0.186130123281496
"chr5-035",0.21919561573728
"chr5-036",0.204760575322384
"chr5-037",0.21270734172443
"chr5-038",0.207315393640736
"chr5-039",0.327255984815991
"chr5-040",0.210076536302435
"chr5-041",0.196995897447402
"chr5-042",0.356684381035581
"chr5-043",0.352393861268158
"chr5-044",0.298405357059422
"chr5-045",0.305289458749524
"chr5-046",0.378362455274165
"chr5-047",0.255481778869122
"chr5-048",0.251918495383146
"chr5-049",0.314361611979769
"chr5-050",0.154341064074712
"chr5-051",0.144428266551423
"chr5-052",0.236299422678992
"chr5-053",0.281858120514578
"chr5-054",0.221992073971301
"chr5-055",0.18080812868599
"chr5-056",0.163701420711617
"chr5-057",0.209610352547373
"chr5-058",0.269575055206162
"chr5-059",0.204423495889447
"chr5-060",0.27274420723283
"chr5-061",0.26530561555471
"chr5-062",0.33840504402569
"chr5-063",0.294387240798611
"chr5-064",0.302716977940167
"chr5-065",0.250961705334499
"chr5-066",0.137124160269676
"chr5-067",0.24596771221729
"chr5-068",0.298870637647584
"chr5-069",0.272398019580811
"chr5-070",0.299829905081897
"chr5-071",0.345936675140827
"chr5-072",0.318284747625545
"chr5-073",0.193453499031191
"chr5-074",0.210602136576427
"chr5-075",0.291929512505675
"chr5-076",0.305367767647449
"chr5-077",0.230349513720008
"chr5-078",0.186910850758218
"chr5-079",0.319539439333663
"chr5-080",0.283438715447841
"chr5-081",0.245425242366319
"chr5-082",0.170498481253807
"chr5-083",0.157595357208519
"chr5-084",0.264328982787767
"chr5-085",0.262361353292108
"chr5-086",0.333008158142179
"chr5-087",0.274612693203376
"chr5-088",0.243128031356973
"chr5-089",0.276499927426553
"chr5-090",0.26451328036346
"chr5-091",0.213063078387857
"chr5-092",0.193245557221785
"chr5-093",0.204753950018625
"chr5-094",0.251591663875747
"chr5-095",0.252876466435026
"chr5-096",0.293779588438497
"chr5-097",0.300701997972336
"chr5-098",0.29649021085813
"chr5-099",0.199454804319454
"chr5-100",0.419331032652293
"chr5-101",0.342974654476267
"chr5-102",0.33155401943571
"chr5-103",0.248398442463697
"chr5-104",0.250771870943152
"chr5-105",0.227627555367951
"chr5-106",0.191831283761931
"chr5-107",0.236562275093687
"chr5-108",0.193569356913205
"chr5-109",0.127087432116362
"chr5-110",0.177754518037363
"chr5-111",0.318357554045357
"chr5-112",0.211504192879884
"chr5-113",0.245037228760494
"chr5-114",0.26875703178309
"chr5-115",0.311396997653635
"chr5-116",0.291933890283899
"chr5-117",0.34165868545243
"chr5-118",0.27616146079815
"chr5-119",0.191806563092516
"chr5-120",0.170605496608586
"chr5-121",0.272652517415672
"chr5-122",0.199278007867263
"chr5-123",0.307401310202018
"chr5-124",0.268195199178797
"chr5-125",0.196115786523314
"chr5-126",0.2378382446245
"chr5-127",0.302133436580946
"chr5-128",0.18127823254272
"chr5-129",0.202109121949035
"chr5-130",0.166318207945484
"chr5-131",0.166229619288614
"chr5-132",0.167069761606698
"chr5-133",0.242556025342607
"chr5-134",0.24252439293773
"chr5-135",0.18387236896633
"chr5-136",0.297172676683325
"chr5-137",0.129224377347157
"chr5-138",0.301980811427255
"chr5-139",0.158623885297137
"chr5-140",0.211484189019426
"chr5-141",0.168773185257251
"chr5-142",0.31523262694947
"chr5-143",0.244203343601408
"chr5-144",0.318144462286396
"chr5-145",0.275370560585448
"chr5-146",0.30615123064049
"chr5-147",0.323047043597331
"chr5-148",0.158948264576395
"chr5-149",0.321356927275386
"chr5-150",0.212462391909181
"chr5-151",0.175720808946965
"chr5-152",0.220568459776172
"chr5-153",0.352515214591864
"chr5-154",0.264824122191606
"chr5-155",0.310846120857366
"chr5-156",0.257671560887975
"chr5-157",0.251499467930902
"chr5-158",0.20618890601136
"chr5-159",0.252033137494453
"chr5-160",0.386369243087824
"chr5-161",0.357620949891029
"chr5-162",0.190231740363763
"chr5-163",0.194416958520274
"chr5-164",0.277084116475523
"chr5-165",0.259233911337717
"chr5-166",0.255711960683379
"chr5-167",0.322034939778026
"chr5-168",0.267630408232651
"chr5-169",0.229043146785224
"chr5-170",0.221587237457548
"chr5-171",0.1723444023602
"chr5-172",0.301846523184121
"chr5-173",0.306468515561683
"chr5-174",0.0747428879017935
"chr5-175",0.257573006881238
"chr5-176",0.218088892187684
"chr5-177",0.256578762561786
"chr5-178",0.273153219588283
"chr5-179",0.2759113321435
"chr5-180",0.334468684470394
"chr5-181",0.285674850735056
"chr5-182",0.388073904400847
"chr5-183",0.297883969405695
"chr5-184",0.215741297142878
"chr5-185",0.173186943734808
"chr5-186",0.26035866013148
"chr5-187",0.297376455428751
"chr5-188",0.395334652967984
"chr5-189",0.252811581275747
"chr5-190",0.226027634804022
"chr5-191",0.250587718654734
"chr5-192",0.232510628118408
"chr5-193",0.217204856677884
"chr5-194",0.256636624339072
"chr5-195",0.315152211570499
"chr5-196",0.237376664398176
"chr5-197",0.197510113525275
"chr5-198",0.269215010866445
"chr5-199",0.265626291166441
"chr5-200",0.297842706923452
"chr5-201",0.21056092573198
"chr5-202",0.189537300118971
"chr5-203",0.243101874620902
"chr5-204",0.270812064587764
"chr5-205",0.239373783698539
"chr5-206",0.205711269319884
"chr5-207",0.190759531035673
"chr5-208",0.260283602802993
"chr5-209",0.238253326989501
"chr5-210",0.210997641943311
"chr5-211",0.183460140812122
"chr5-212",0.375654755219264
"chr5-213",0.362579158564922
"chr5-214",0.374775145898594
"chr5-215",0.251640451849756
"chr5-216",0.254395472587625
"chr5-217",0.143512234413732
"chr5-218",0.259018763801094
"chr5-219",0.245834603584081
"chr5-220",0.167656823008035
"chr5-221",0.142420071831512
"chr5-222",0.263561871620508
"chr5-223",0.271021826114188
"chr5-224",0.380719806989966
"chr5-225",0.141790504115424
"chr5-226",0.183686093267697
"chr5-227",0.139679713395758
"chr5-228",0.181768077316536
"chr5-229",0.139214560257046
"chr5-230",0.149794956824172
"chr5-231",0.17763502615197
"chr5-232",0.153517296899048
"chr5-233",0.0859817069960263
"chr5-234",0.143358111123152
"chr5-235",0.12388959358629
"chr5-236",0.204002847741071
"chr5-237",0.323730384535105
"chr5-238",0.251468228632229
"chr5-239",0.214936221698925
"chr5-240",0.114448825298189
"chr5-241",0.177006428868667
"chr5-242",0.155538790441816
"chr5-243",0.0418786228422435
"chr5-244",0.0934098174461619
"chr5-245",0.200571207652687
"chr5-246",0.129484745735736
"chr5-247",0.17501899143761
"chr5-248",0.151319500932838
"chr5-249",0.143126352516455
"chr5-250",0.246718443840341
"chr5-251",0.253523458510298
"chr5-252",0.285286320509248
"chr5-253",0.202841310116474
"chr5-254",0.180619701408466
"chr5-255",0.248229622000927
"chr5-256",0.238351248321325
"chr5-257",0.232986052619845
"chr5-258",0.255745459952227
"chr5-259",0.251091095531804
"chr5-260",0.219317183499215
"chr5-261",0.193469768868899
"chr5-262",0.195514686568954
"chr5-263",0.138559646209342
"chr5-264",0.100857521137112
"chr5-265",0.136358993912156
"chr5-266",0.158052816092776
"chr5-267",0.221915356633137
"chr5-268",0.21313661375218
"chr5-269",0.291682660748744
"chr5-270",0.192113734640812
"chr5-271",0.235527402405361
"chr5-272",0.138758193474724
"chr5-273",0.13049228033899
"chr5-274",0.199109565976557
"chr5-275",0.0804045212920326
"chr5-276",0.313171505896469
"chr5-277",0.220465837910627
"chr5-278",0.178878054135568
"chr5-279",0.158903695349594
"chr5-280",0.319772307670717
"chr5-281",0.315342403506888
"chr5-282",0.253333987873302
"chr5-283",0.187992179726424
"chr5-284",0.158842048152901
"chr5-285",0.202248688162264
"chr5-286",0.309795222031843
"chr5-287",0.300351761703847
"chr5-288",0.198874818754764
"chr5-289",0.246631226897063
"chr5-290",0.266796796602098
"chr5-291",0.213544736370275
"chr5-292",0.258188035573475
"chr5-293",0.250783149849399
"chr5-294",0.101682133889091
"chr5-295",0.194308929421986
"chr5-296",0.277917544416416
"chr5-297",0.133937643599616
"chr5-298",0.130432614232488
"chr5-299",0.193640904305696
"chr5-300",0.257328331407073
"chr5-301",0.17665512537747
"chr5-302",0.135960286918507
"chr5-303",0.125587277219604
"chr5-304",0.175112478339843
"chr5-305",0.132886704477258
"chr5-306",0.183071476089868
"chr5-307",0.14071637986802
"chr5-308",0.183078774111036
"chr5-309",0.214674394677139
"chr5-310",0.135478385875444
"chr5-311",0.14878374649533
"chr5-312",0.10878623007049
"chr5-313",0.0693511020366249
"chr5-314",0.0244331196358256
"chr5-315",0.0618742661638789
"chr5-316",0.0636613746702946
"chr5-317",0.0488135905328336
"chr5-318",0.070591605016659
"chr5-319",0.032659984694364
"chr5-320",0.0808196257360387
"chr5-321",0.0639630253043667
"chr5-322",0.129030924072982
"chr5-323",0.109596427675908
"chr6-001",-0.748865162971695
"chr6-002",-0.90413432801243
"chr6-003",-0.980596720464777
"chr6-004",-0.858426968729496
"chr6-005",-0.876130763539753
"chr6-006",-0.904148402847256
"chr6-007",-0.829497736517595
"chr6-008",-0.889468780928726
"chr6-009",-0.911890097186356
"chr6-010",-0.821263849528692
"chr6-011",-0.859252913804703
"chr6-012",-0.794056557944321
"chr6-013",-0.804201809203129
"chr6-014",-0.926694266164597
"chr6-015",-0.874201233480601
"chr6-016",-0.913735418673679
"chr6-017",-0.976745479561592
"chr6-018",-0.959560853047827
"chr6-019",-0.906318487350701
"chr6-020",-0.956312443794199
"chr6-021",-0.965419274321905
"chr6-022",-0.882597720709891
"chr6-023",-0.825780197460322
"chr6-024",-0.81004834426485
"chr6-025",-0.904725007869723
"chr6-026",-1.05818569005951
"chr6-027",-0.860755407525259
"chr6-028",-0.946782584304875
"chr6-029",-0.906444271851653
"chr6-030",-0.862890301408351
"chr6-031",-0.285754995783025
"chr6-032",-0.269330136533966
"chr6-033",-0.308090405582017
"chr6-034",-0.230734235358874
"chr6-035",-0.245716363191183
"chr6-036",-0.221179482317272
"chr6-037",-0.273830577874107
"chr6-038",-0.336322912368597
"chr6-039",-0.24642943224671
"chr6-040",-0.238451945946054
"chr6-041",-0.246514235659519
"chr6-042",-0.290170820792205
"chr6-043",-0.293703130876543
"chr6-044",-0.290810517213791
"chr6-045",-0.388298640181606
"chr6-046",-0.254446764906155
"chr6-047",-0.323101848227598
"chr6-048",-0.27039949353592
"chr6-049",-0.263952733995635
"chr6-050",-0.213047398613955
"chr6-051",-0.33807615468222
"chr6-052",-0.233555819022038
"chr6-053",-0.38266964293384
"chr6-054",-0.356059574178947
"chr6-055",-0.343609973454669
"chr6-056",-0.336262953607498
"chr6-057",-0.411309749281803
"chr6-058",-0.422936696472575
"chr6-059",-0.322322445569663
"chr6-060",-0.33896061225651
"chr6-061",-0.314278801574129
"chr6-062",-0.412918658673788
"chr6-063",-0.384899876328797
"chr6-064",-0.401761380159167
"chr6-065",-0.370452548942321
"chr6-066",-0.327457459457084
"chr6-067",-0.366693179178384
"chr6-068",-0.403775583440202
"chr6-069",-0.359176393574788
"chr6-070",-0.299635325086039
"chr6-071",-0.365445705046103
"chr6-072",-0.320545910681657
"chr6-073",-0.282647808088953
"chr6-074",-0.277317767848546
"chr6-075",-0.32969200164493
"chr6-076",-0.298319220221177
"chr6-077",-0.307922125173867
"chr6-078",-0.305497017776603
"chr6-079",-0.241012410075902
"chr6-080",-0.319694804972751
"chr6-081",-0.297748389313797
"chr6-082",-0.35377883194126
"chr6-083",-0.328603786436604
"chr6-084",-0.357254796878532
"chr6-085",-0.367004691864855
"chr6-086",-0.291481993238887
"chr6-087",-0.285784689547457
"chr6-088",-0.304058605490495
"chr6-089",-0.376592168906543
"chr6-090",-0.340604548313239
"chr6-091",-0.20607352158302
"chr6-092",-0.310633669012517
"chr6-093",-0.338714336642881
"chr6-094",-0.318685855497485
"chr6-095",-0.338576258978486
"chr6-096",-0.225656835998572
"chr6-097",-0.222707828626118
"chr6-098",-0.343521979481358
"chr6-099",-0.462241195273007
"chr6-100",-0.398274519869575
"chr6-101",-0.351007771305741
"chr6-102",-0.228311658642368
"chr6-103",-0.295250887917298
"chr6-104",-0.323469586117553
"chr6-105",-0.28321295418003
"chr6-106",-0.316347659400169
"chr6-107",-0.260625215433333
"chr6-108",-0.271148665460815
"chr6-109",-0.424452722607709
"chr6-110",-0.419406514246295
"chr6-111",-0.263810073742898
"chr6-112",-0.26421833849498
"chr6-113",-0.275876847282735
"chr6-114",-0.235852895522725
"chr6-115",0.150380153890233
"chr6-116",0.160738474478581
"chr6-117",0.141961736743027
"chr6-118",0.055286802864824
"chr6-119",0.260793810779699
"chr6-120",0.309190910296237
"chr6-121",0.131599544037778
"chr6-122",0.0273333992980022
"chr6-123",0.18743646847869
"chr6-124",0.135953261169231
"chr6-125",0.218411570923358
"chr6-126",0.152865423846379
"chr6-127",0.223533083373606
"chr6-128",0.229579504505486
"chr6-129",0.117216313134024
"chr6-130",0.231709789121823
"chr6-131",0.0499552877521793
"chr6-132",0.29741576246557
"chr6-133",0.13579745229244
"chr6-134",-0.00530437737366526
"chr6-135",0.170083143177188
"chr6-136",0.114200432461071
"chr6-137",0.228904542450623
"chr6-138",0.217775800444116
"chr6-139",0.115562995877994
"chr6-140",0.324067539598676
"chr6-141",0.161637271445373
"chr6-142",0.0123915831962592
"chr6-143",0.152844411511576
"chr6-144",0.216803173748413
"chr6-145",0.263561821688193
"chr6-146",0.20019529426542
"chr6-147",0.207191857122997
"chr6-148",0.222778434738555
"chr6-149",0.296453799155416
"chr6-150",0.196140851013479
"chr6-151",0.165349100535806
"chr6-152",0.17282850856507
"chr6-153",0.163336055138049
"chr6-154",0.33538938566461
"chr6-155",-0.271601917118823
"chr6-156",-0.318515515243662
"chr6-157",-0.321652660066012
"chr6-158",-0.431577075803197
"chr6-159",-0.330110200404042
"chr6-160",-0.344054304774147
"chr6-161",-0.349343999593906
"chr6-162",-0.333393604201409
"chr6-163",-0.323424920365262
"chr6-164",-0.166459984728589
"chr6-165",-0.283070817933665
"chr6-166",-0.288255332213308
"chr6-167",-0.143308647329715
"chr6-168",-0.469590076007926
"chr6-169",-0.146469051900088
"chr6-170",-0.436719804494581
"chr6-171",-0.267313704326727
"chr6-172",-0.291922716321372
"chr6-173",-0.304709709295695
"chr6-174",-0.355280710531465
"chr6-175",-0.213078750984491
"chr6-176",-0.432400319457275
"chr6-177",-0.246095281347506
"chr6-178",-0.40923120216779
"chr6-179",-0.420058010972831
"chr6-180",-0.284149359985222
"chr6-181",-0.502371902628988
"chr6-182",-0.322618438140375
"chr6-183",-0.3003601083812
"chr6-184",-0.392864114229861
"chr6-185",-0.351367887015934
"chr6-186",-0.295880581817867
"chr6-187",-0.299207555451139
"chr6-188",-0.348372063099714
"chr6-189",-0.298412786947241
"chr6-190",-0.29174137196835
"chr6-191",-0.346520998441501
"chr6-192",-0.3785956211837
"chr6-193",-0.241991267605499
"chr6-194",-0.243571664039792
"chr6-195",-0.428451818483876
"chr6-196",-0.386251054100427
"chr6-197",-0.355938838598611
"chr6-198",-0.344655957381168
"chr6-199",-0.252348002557775
"chr6-200",-0.272101642302144
"chr6-201",-0.42985770356607
"chr6-202",-0.339630260277974
"chr6-203",-0.351032807744018
"chr6-204",-0.397445766086108
"chr6-205",-0.298845688491209
"chr6-206",-0.533489468259225
"chr6-207",-0.23765983676462
"chr6-208",0.143742098308118
"chr6-209",0.222778290880159
"chr6-210",0.184043468152105
"chr6-211",0.331169391168251
"chr6-212",0.265294455135235
"chr6-213",0.299304597134998
"chr6-214",0.407153262351037
"chr6-215",0.152480416466466
"chr6-216",0.308052617377473
"chr6-217",0.170803424305791
"chr6-218",0.238676760853589
"chr6-219",0.258709752788593
"chr6-220",0.195516197187267
"chr6-221",0.271549920345027
"chr6-222",0.188721924690006
"chr6-223",0.173236231990474
"chr6-224",0.32310356831691
"chr6-225",0.246046408485934
"chr6-226",0.310977648242612
"chr6-227",0.218246302074327
"chr6-228",0.216422124641657
"chr6-229",0.231173058835829
"chr6-230",0.232198535328947
"chr6-231",0.279314404554118
"chr6-232",0.250871068072868
"chr6-233",0.249583786922418
"chr6-234",0.398926670847812
"chr6-235",0.266356844103626
"chr6-236",0.294986734710582
"chr6-237",0.234050489396146
"chr6-238",0.173135690134621
"chr6-239",0.187707336903719
"chr6-240",0.253460846373621
"chr6-241",0.222537460983756
"chr6-242",0.233190410906068
"chr6-243",0.214066664440718
"chr6-244",0.247429125623071
"chr6-245",0.189050459474929
"chr6-246",0.147965717845467
"chr6-247",0.230115467859887
"chr6-248",0.220866512097847
"chr6-249",0.171030486016512
"chr6-250",0.250605537186157
"chr6-251",0.182689916767967
"chr6-252",0.34647726467001
"chr6-253",0.243158498039385
"chr6-254",0.279915507738006
"chr6-255",0.294297613186727
"chr6-256",0.173396213972284
"chr6-257",0.22219638474778
"chr6-258",0.215842697386615
"chr6-259",0.236803299203047
"chr6-260",0.190288787929047
"chr6-261",0.119187868823121
"chr6-262",0.302855837022172
"chr6-263",0.340108782660891
"chr6-264",0.197011594741537
"chr6-265",0.178283699700242
"chr6-266",0.236717723774042
"chr6-267",0.174594024933397
"chr6-268",0.176939512773349
"chr6-269",0.277031417058735
"chr6-270",0.224713632454428
"chr6-271",0.155430142737105
"chr6-272",0.171454384598975
"chr6-273",0.17287455760068
"chr6-274",0.178927713018112
"chr6-275",0.178688146071314
"chr6-276",0.275306602584468
"chr6-277",0.27572623821995
"chr6-278",0.30330876750776
"chr6-279",0.297224546642901
"chr6-280",0.253335407426373
"chr6-281",0.188464349724039
"chr6-282",0.21023138376794
"chr6-283",0.247746524606555
"chr6-284",0.363161826186118
"chr6-285",0.229485401833773
"chr6-286",0.222790690534468
"chr6-287",0.188760211878069
"chr6-288",0.160529360122556
"chr6-289",0.152859548868414
"chr6-290",0.202157402098086
"chr6-291",0.166693468205357
"chr6-292",0.177324563741537
"chr6-293",0.185935853385826
"chr6-294",0.211236498085248
"chr6-295",0.300872435398426
"chr6-296",0.235280563463267
"chr6-297",0.299532890893553
"chr6-298",0.144894772496974
"chr6-299",0.11218931561902
"chr6-300",0.223998550004439
"chr6-301",0.236082739954417
"chr6-302",0.135203161780368
"chr6-303",0.194124500809722
"chr6-304",0.0888764019835751
"chr6-305",0.110128628268569
"chr6-306",0.100954232300813
"chr6-307",0.100864667040627
"chr6-308",0.0584870208791838
"chr6-309",0.109425424233992
"chr6-310",0.131735139986142
"chr6-311",0.152408397249316
"chr6-312",0.0647982840060248
"chr6-313",0.0715740507715072
"chr7-001",-0.0955014559140491
"chr7-002",-0.104484986506512
"chr7-003",-0.178473494321617
"chr7-004",-0.24069098962067
"chr7-005",-0.21065164724814
"chr7-006",-0.168535497594121
"chr7-007",-0.148232829377928
"chr7-008",-0.0752242701200016
"chr7-009",-0.0862490458906638
"chr7-010",-0.181521813876938
"chr7-011",-0.201442629456391
"chr7-012",-0.224721520596584
"chr7-013",-0.129700548140788
"chr7-014",-0.135003873799656
"chr7-015",-0.21582021184971
"chr7-016",-0.00714082100168014
"chr7-017",0.0337936172151353
"chr7-018",0.0335755978645075
"chr7-019",0.0879597652823761
"chr7-020",0.00252476211763146
"chr7-021",0.0035249460999378
"chr7-022",0.0927347279902288
"chr7-023",-0.0707992254015295
"chr7-024",-0.0393586872078873
"chr7-025",-0.00263453595594244
"chr7-026",0.0450017801775155
"chr7-027",0.108282814764939
"chr7-028",0.080196750949496
"chr7-029",0.0432450786512215
"chr7-030",0.0606810234138127
"chr7-031",0.0921284496615862
"chr7-032",0.058803542575649
"chr7-033",-0.0444642256803686
"chr7-034",0.0420476312810945
"chr7-035",0.0354521154533498
"chr7-036",0.0611098544839083
"chr7-037",0.0982323360252315
"chr7-038",0.0653322184317147
"chr7-039",0.0456263621155705
"chr7-040",0.10709659554972
"chr7-041",0.079017230303896
"chr7-042",-0.0202692388697705
"chr7-043",0.0209570234297372
"chr7-044",0.0592665546863209
"chr7-045",0.00230344040576482
"chr7-046",-0.0381824983648
"chr7-047",-0.0476923041565164
"chr7-048",-0.0133146854213174
"chr7-049",0.0462259986081412
"chr7-050",0.0405997537729502
"chr7-051",0.147026653081611
"chr7-052",0.013368780789167
"chr7-053",0.0389095977481592
"chr7-054",-0.0354765103907936
"chr7-055",0.0409322443005097
"chr7-056",0.0821018985768588
"chr7-057",0.0551836067391654
"chr7-058",0.0223208038352954
"chr7-059",-0.0256457452769876
"chr7-060",0.0611963392473548
"chr7-061",-0.0634669279622342
"chr7-062",-0.0458170442196861
"chr7-063",-0.0363306520312172
"chr7-064",0.0771838921789533
"chr7-065",-0.00875848622227101
"chr7-066",0.00789733108713074
"chr7-067",0.07091839226876
"chr7-068",0.0194946964474556
"chr7-069",-0.0167414553132
"chr7-070",0.0243822017204863
"chr7-071",-0.0479237030275817
"chr7-072",-0.00334549823581352
"chr7-073",0.0332957070663295
"chr7-074",0.0770958865312783
"chr7-075",-0.00277762084891406
"chr7-076",-0.00106775352084529
"chr7-077",0.0513099302908604
"chr7-078",-0.0572049709596163
"chr7-079",-0.0440274852111923
"chr7-080",-0.0358306880958557
"chr7-081",-0.04592594223693
"chr7-082",-0.0491155206629025
"chr7-083",0.00684226644918851
"chr7-084",0.0739101609577554
"chr7-085",0.0203629667006162
"chr7-086",0.00191430171351893
"chr7-087",-0.0591559382144391
"chr7-088",-0.10899957639472
"chr7-089",-0.0790957931923365
"chr7-090",-0.083847645189026
"chr7-091",-0.0566890998501225
"chr7-092",0.0275603871912567
"chr7-093",0.061939386585381
"chr7-094",0.0350141450970507
"chr7-095",-0.0349476202769571
"chr7-096",0.00704587140774619
"chr7-097",-0.119395733455691
"chr7-098",0.00175119429315872
"chr7-099",-0.128519515140879
"chr7-100",-0.00644427273988419
"chr7-101",0.0347187415297114
"chr7-102",-0.055604221487953
"chr7-103",-0.0497018635058134
"chr7-104",-0.00937215998144441
"chr7-105",-0.0721804180996369
"chr7-106",0.0598703549470693
"chr7-107",0.038014439370974
"chr7-108",-0.0407351599858712
"chr7-109",0.0323454249356647
"chr7-110",-0.0175764818134421
"chr7-111",-0.171367341716717
"chr7-112",-0.0956138268205543
"chr7-113",-0.134819308087133
"chr7-114",-0.0495940183001279
"chr7-115",-0.100834577192192
"chr7-116",-0.114816996155943
"chr7-117",0.035882577156595
"chr7-118",-0.0965395992207258
"chr7-119",-0.125498088322259
"chr7-120",-0.108085584886585
"chr7-121",-0.165256694285118
"chr7-122",-0.0976677291219858
"chr7-123",-0.0229453331164842
"chr7-124",-0.0498471407950824
"chr7-125",-0.0907084885492764
"chr7-126",-0.174696534689724
"chr7-127",0.00609248622138309
"chr7-128",0.0749426022658186
"chr7-129",0.0942105341415586
"chr7-130",0.019912325502569
"chr7-131",-0.0493376372316164
"chr7-132",-0.0825173388586004
"chr7-133",-0.0706520379937084
"chr7-134",-0.0485818434766184
"chr7-135",-0.179237004162088
"chr7-136",-0.174048684268932
"chr7-137",-0.151595352117296
"chr7-138",-0.231577072290063
"chr7-139",-0.146471010979405
"chr7-140",-0.160091592914686
"chr7-141",-0.133493340693957
"chr7-142",-0.101721164627109
"chr7-143",0.0306898551983507
"chr7-144",0.0463561265120927
"chr7-145",0.0198317121471994
"chr7-146",0.17404045074466
"chr7-147",0.0597305654869246
"chr7-148",-0.0331285242760589
"chr7-149",0.0617702547398682
"chr7-150",0.026420780891695
"chr7-151",-0.00334564524198814
"chr7-152",0.0279143057610475
"chr7-153",0.0679464422716758
"chr7-154",-0.0278244313803347
"chr7-155",-0.0331711279243083
"chr7-156",0.0254521825750106
"chr7-157",0.0449385194993158
"chr7-158",-0.0942049047336566
"chr7-159",0.0146394205402459
"chr7-160",-0.0436909376717629
"chr7-161",0.0149302387536776
"chr7-162",0.0394250512478096
"chr7-163",0.0310442051699933
"chr7-164",0.0462289648289737
"chr7-165",0.0662638295582322
"chr7-166",-0.00617672664155613
"chr7-167",0.0328588396245388
"chr7-168",0.0194202184470871
"chr7-169",-0.00861609396867786
"chr7-170",-0.0241624545303322
"chr7-171",0.0442507340826106
"chr7-172",-0.00010041547536056
"chr7-173",-0.0195860642670382
"chr7-174",0.120059199812461
"chr7-175",-0.0214408877020531
"chr7-176",0.0397220395890418
"chr7-177",-0.0399280708954119
"chr7-178",0.107594031516854
"chr7-179",-0.0806391377898235
"chr7-180",-0.110059588017299
"chr7-181",-0.116332468686241
"chr7-182",-0.0673308735409573
"chr7-183",-0.0948850788315809
"chr7-184",-0.109675496219827
"chr7-185",-0.065967308266289
"chr7-186",-0.158194724993096
"chr7-187",-0.185230083257121
"chr7-188",-0.106197033442301
"chr7-189",-0.172410638814144
"chr7-190",0.00921486382991635
"chr7-191",-0.0282516123852989
"chr7-192",0.0145540691048456
"chr7-193",-0.0861377211630361
"chr7-194",-0.0598810436305588
"chr7-195",-0.0506113574286703
"chr7-196",-0.0378195171070267
"chr7-197",0.0698919815485261
"chr7-198",-0.0145731219027202
"chr7-199",0.0865366717840978
"chr7-200",0.0529415621752845
"chr7-201",0.0261830069803694
"chr7-202",-0.0540183056549939
"chr7-203",-0.0248060354278387
"chr7-204",0.115405254295314
"chr7-205",0.0378116122500657
"chr7-206",-0.0280200658875895
"chr7-207",0.0183273378885678
"chr7-208",-0.056163969770486
"chr7-209",-0.0776591226167504
"chr7-210",0.0907917384086702
"chr7-211",0.0426699970504013
"chr7-212",0.0973089486038192
"chr7-213",0.0223558392629897
"chr7-214",0.000365358694717541
"chr7-215",0.0388089426145943
"chr7-216",0.0159379713210656
"chr7-217",0.0428704667466316
"chr7-218",0.036977448126167
"chr7-219",0.0572746019159575
"chr7-220",0.0754894636952828
"chr7-221",0.0936501261870926
"chr7-222",0.0712913276155483
"chr7-223",0.0834523774165345
"chr7-224",-0.0503155182031962
"chr7-225",-0.0291011282710611
"chr7-226",-0.0318379846031197
"chr7-227",-0.0504181064055545
"chr7-228",-0.00137358297664329
"chr7-229",-0.0112806782799217
"chr7-230",0.0322934641584438
"chr7-231",0.0498204680583475
"chr7-232",-0.0203449589911988
"chr7-233",0.00136880523366744
"chr7-234",-0.0186700705268978
"chr7-235",-0.0865192520788878
"chr7-236",-0.0410119235983861
"chr7-237",-0.111951377126463
"chr7-238",-0.0346977205001048
"chr7-239",0.0499923541005766
"chr7-240",-0.00551161439613292
"chr7-241",-0.0469356846083063
"chr7-242",0.0564076278559034
"chr7-243",0.0205717623443361
"chr7-244",0.0875042425319967
"chr7-245",0.0598358599248411
"chr7-246",0.0235034119432517
"chr7-247",0.0554690192220102
"chr7-248",0.021312490770133
"chr7-249",0.00596855263963689
"chr7-250",0.0107098514137285
"chr7-251",-0.0313839543979296
"chr7-252",-0.00596200843244403
"chr7-253",0.0311091805522028
"chr7-254",0.00861212738009078
"chr7-255",-0.0292921899959442
"chr7-256",0.00690809817066736
"chr7-257",0.00740391642755107
"chr7-258",-0.0577104106420189
"chr7-259",-0.0184598101165156
"chr7-260",0.00543116433454861
"chr7-261",0.0236401474309943
"chr7-262",-0.0107867654039084
"chr7-263",-0.0285939896407456
"chr7-264",0.0142259491194341
"chr7-265",-0.048254404066773
"chr7-266",0.128759275910018
"chr7-267",0.0238151774911768
"chr7-268",-0.0459972012986123
"chr7-269",-0.0409812150721025
"chr7-270",0.0261241710124352
"chr7-271",-0.0522384246675861
"chr7-272",-0.00592315529268289
"chr7-273",0.0747143220686733
"chr7-274",0.00929499535377951
"chr7-275",-0.0720743524063434
"chr7-276",-0.103213333904188
"chr7-277",-0.0864266354011699
"chr7-278",-0.129647826298526
"chr7-279",-0.0841942937460736
"chr7-280",-0.0534087238556478
"chr7-281",-0.0192287882506171
"chr7-282",-0.0546309025980781
"chr7-283",0.0690454080627328
"chr7-284",-0.048677539290552
"chr7-285",-0.00728706576040854
"chr7-286",-0.037973701668672
"chr7-287",-0.0983423234899906
"chr7-288",-0.104746589522279
"chr7-289",-0.021556353139763
"chr7-290",-0.0422690554453963
"chr7-291",-0.147696567664248
"chr7-292",-0.119525762969937
"chr7-293",-0.101222210156346
"chr7-294",-0.0811617862212053
"chr7-295",-0.0865796163407345
"chr8-001",0.0366507718391997
"chr8-002",-0.0326219202475583
"chr8-003",-0.0575442296917355
"chr8-004",-0.0560597119093237
"chr8-005",-0.021415092839648
"chr8-006",0.0686250666819039
"chr8-007",-0.072826330520811
"chr8-008",0.0815864522507936
"chr8-009",0.0560420546383426
"chr8-010",-0.0190125471878867
"chr8-011",0.238551435446106
"chr8-012",0.0495707961188537
"chr8-013",-0.00214497423300404
"chr8-014",-0.00984184146161954
"chr8-015",-0.100873902050477
"chr8-016",-0.103200142367833
"chr8-017",-0.231949754080131
"chr8-018",-0.0719362592709224
"chr8-019",-0.0756593371181907
"chr8-020",0.0132598056651477
"chr8-021",-0.0116315655785182
"chr8-022",0.0285585658962173
"chr8-023",-0.0772578867960133
"chr8-024",-0.0422558407808697
"chr8-025",-0.0190687017357269
"chr8-026",-0.426221034710673
"chr8-027",-0.0871393021642816
"chr8-028",0.0215774512642495
"chr8-029",-0.0494045826087065
"chr8-030",-0.0163274903258512
"chr8-031",0.0399181021407093
"chr8-032",-0.0137220009136453
"chr8-033",0.0208466008999464
"chr8-034",-0.0479863836545129
"chr8-035",-0.0106992694714679
"chr8-036",0.0235898253301486
"chr8-037",0.0490762913340188
"chr8-038",-0.050494656576127
"chr8-039",0.000472600936174018
"chr8-040",-0.0301148998497462
"chr8-041",0.0486131769610685
"chr8-042",-0.0314431663978901
"chr8-043",0.0402971584826904
"chr8-044",0.0403973674010392
"chr8-045",-0.059813409438966
"chr8-046",-0.0888643244806877
"chr8-047",-0.0169634670693699
"chr8-048",-0.0386289089342737
"chr8-049",-0.00126935965116148
"chr8-050",0.0810104922710589
"chr8-051",0.031253939180111
"chr8-052",0.0526189225046465
"chr8-053",-0.0441650538003331
"chr8-054",-0.0350141614923734
"chr8-055",0.0379824806992127
"chr8-056",-0.0319723270878583
"chr8-057",-0.0434243081032762
"chr8-058",-0.00196897319000143
"chr8-059",-0.0477200449093496
"chr8-060",-0.0251522283803126
"chr8-061",0.0161839773946578
"chr8-062",-0.00900342671455438
"chr8-063",0.00546663393769786
"chr8-064",0.0199108360085977
"chr8-065",0.031424982607356
"chr8-066",0.0662076787634774
"chr8-067",-0.0204343133531486
"chr8-068",0.0168324614444087
"chr8-069",-0.0574899816825385
"chr8-070",0.0506547559010222
"chr8-071",0.00945230960680149
"chr8-072",0.0831026072180051
"chr8-073",0.0015869278177066
"chr8-074",0.0753525905970839
"chr8-075",0.0492108890642662
"chr8-076",0.0313954663356718
"chr8-077",-0.0508240767401383
"chr8-078",-0.0365255706952431
"chr8-079",0.0046148727410148
"chr8-080",-0.0787427075269203
"chr8-081",-0.0372468677445797
"chr8-082",-0.00148522057055641
"chr8-083",-0.0255570091583048
"chr8-084",0.0140791936500323
"chr8-085",-0.0993682360942968
"chr8-086",-0.0257649894807052
"chr8-087",-0.0313417908756516
"chr8-088",-0.0829491604615596
"chr8-089",0.0217020391994221
"chr8-090",-0.0577364325791256
"chr8-091",-0.0666727473805988
"chr8-092",-0.00456603265105255
"chr8-093",-0.00708782411582374
"chr8-094",-0.0178612520807856
"chr8-095",0.0459777571204522
"chr8-096",0.0674714420328887
"chr8-097",-0.0390201973896944
"chr8-098",-0.132529920154143
"chr8-099",-0.0837392786568624
"chr8-100",-0.0326310932312683
"chr8-101",0.101247212732591
"chr8-102",-0.0239848976569985
"chr8-103",-0.0743833004175315
"chr8-104",-0.0606878674488175
"chr8-105",-0.0511731835332653
"chr8-106",-0.139761513623842
"chr8-107",0.0200540531834356
"chr8-108",-0.0299747517723648
"chr8-109",-0.0286767830206882
"chr8-110",0.0709207772664118
"chr8-111",-0.0829568199255146
"chr8-112",0.077983437833865
"chr8-113",-0.319397862590731
"chr8-114",-0.29272900499922
"chr8-115",-0.281761669752133
"chr8-116",-0.0713643700459011
"chr8-117",-0.00556944190830844
"chr8-118",-0.0080976142493804
"chr8-119",-0.0310176599023371
"chr8-120",-0.0229803916910899
"chr8-121",-0.00332620575511149
"chr8-122",-0.0224735810616753
"chr8-123",-0.00290686092730105
"chr8-124",0.124958749680651
"chr8-125",0.0205829156198595
"chr8-126",-0.0305682273284366
"chr8-127",0.0330109080972672
"chr8-128",-0.0784918040661586
"chr8-129",-0.0377973881452111
"chr8-130",-0.073060707502711
"chr8-131",-0.0398513827608422
"chr8-132",-0.00941346935898488
"chr8-133",-0.0918104845638201
"chr8-134",-0.0457404253124047
"chr8-135",-0.071001545402663
"chr8-136",-0.0487132866265971
"chr8-137",-0.0273684163492358
"chr8-138",-0.00212935536534363
"chr8-139",0.11233133709472
"chr8-140",0.000217790302735541
"chr8-141",-0.0275072811077226
"chr8-142",-0.0710466443006921
"chr8-143",-0.0851100748580332
"chr8-144",-0.0800724149470242
"chr8-145",-0.0164893269256105
"chr8-146",-0.0592772286117594
"chr8-147",-0.288332390499469
"chr8-148",-0.23428251088342
"chr8-149",-0.302388904161029
"chr8-150",-0.258205615690191
"chr8-151",-0.113456827315561
"chr8-152",-0.196294960079069
"chr8-153",-0.264324434507093
"chr8-154",-0.308124737848173
"chr8-155",-0.323546901638038
"chr8-156",-0.297256882149371
"chr8-157",-0.209852721761896
"chr8-158",-0.293475572502431
"chr8-159",-0.334253623759155
"chr8-160",-0.445753875138516
"chr8-161",-0.146693129151604
"chr8-162",0.0149198309664699
"chr8-163",0.00467944932405217
"chr8-164",-0.0544927982754025
"chr8-165",0.00512955855501279
"chr8-166",-0.0426291842696262
"chr8-167",-0.108450568257129
"chr8-168",-0.288071432412603
"chr8-169",-0.379538156068853
"chr8-170",-0.353982988590234
"chr8-171",-0.35509664911112
"chr8-172",-0.211567294300588
"chr8-173",-0.343347164493158
"chr8-174",-0.290105093752862
"chr8-175",-0.194965080562128
"chr8-176",-0.403071588931311
"chr8-177",-0.345396059689071
"chr8-178",-0.317121628260686
"chr8-179",-0.28587072754611
"chr8-180",-0.239847655028858
"chr8-181",-0.281559930808463
"chr8-182",-0.310154299268513
"chr8-183",-0.337341764439296
"chr8-184",-0.270772169637035
"chr8-185",-0.454057328805568
"chr8-186",-0.233007942182137
"chr8-187",-0.197552924407814
"chr8-188",-0.265148133992392
"chr8-189",-0.335217363410604
"chr8-190",-0.346545652365804
"chr8-191",-0.374585960472855
"chr8-192",-0.436166893227643
"chr8-193",-0.250232913939747
"chr8-194",-0.32595415244226
"chr8-195",-0.291258017824297
"chr8-196",-0.248193605185878
"chr8-197",-0.284544002412051
"chr8-198",-0.305593524258824
"chr8-199",-0.313844258019129
"chr8-200",-0.35433250290478
"chr8-201",-0.380436477745271
"chr8-202",-0.288483012884119
"chr8-203",-0.352961839206809
"chr8-204",-0.217446845590596
"chr8-205",-0.412699657602036
"chr8-206",-0.333385160308551
"chr8-207",-0.306358509735703
"chr8-208",-0.314029202649356
"chr8-209",-0.364751154506025
"chr8-210",-0.306278079868898
"chr8-211",-0.20088327296616
"chr8-212",-0.319577362481111
"chr8-213",-0.230084512156904
"chr8-214",-0.391759096438115
"chr8-215",-0.176963395124187
"chr8-216",-0.361066398217133
"chr8-217",-0.285719763519758
"chr8-218",-0.441631589285574
"chr8-219",-0.27509089985569
"chr8-220",-0.352015992938748
"chr8-221",-0.254261046961621
"chr8-222",-0.268080264216169
"chr8-223",-0.328881739860613
"chr8-224",-0.325479707450115
"chr8-225",-0.263877524493656
"chr8-226",-0.238159077559405
"chr8-227",-0.288379338307644
"chr8-228",-0.306381296916546
"chr8-229",-0.331825029154541
"chr8-230",-0.418221868797935
"chr8-231",-0.260984410849642
"chr8-232",-0.245246001328512
"chr8-233",-0.295424737697007
"chr8-234",-0.310950931881352
"chr8-235",-0.217208522078153
"chr8-236",-0.344431918467615
"chr8-237",-0.218507384463749
"chr8-238",-0.301318733947399
"chr8-239",-0.261078049449807
"chr8-240",-0.330634247486262
"chr8-241",-0.268126691609758
"chr8-242",-0.360384300711891
"chr8-243",-0.277206146065633
"chr8-244",-0.319710137897053
"chr8-245",-0.235230205255566
"chr8-246",-0.240144758282926
"chr8-247",-0.259933597551699
"chr8-248",-0.321735951950337
"chr8-249",-0.245049626812738
"chr8-250",-0.247537711881259
"chr8-251",-0.216418329768451
"chr8-252",-0.243058630436058
"chr8-253",-0.276233403184982
"chr8-254",-0.394394206162104
"chr8-255",-0.311589472074405
"chr8-256",-0.244472603502971
"chr8-257",-0.227093971638419
"chr8-258",-0.300106428722696
"chr8-259",-0.286897735144256
"chr8-260",-0.285179141745042
"chr8-261",-0.249582395709161
"chr8-262",-0.254842300366029
"chr8-263",-0.184385147654124
"chr8-264",-0.372435039073868
"chr8-265",-0.394871318285096
"chr8-266",-0.317380172906016
"chr8-267",-0.39425073523897
"chr8-268",-0.322929853740146
"chr8-269",-0.353114361584788
"chr8-270",-0.330378376048712
"chr8-271",-0.343830954471023
"chr8-272",-0.404630990539056
"chr8-273",-0.467144418419962
"chr8-274",-0.434792186311876
"chr8-275",-0.42603219818236
"chr8-276",-0.389707493470386
"chr8-277",-0.365604904409173
"chr8-278",-0.355861199870886
"chr8-279",-0.280113938836638
"chr9-001",-0.855145758714635
"chr9-002",-0.837341621335607
"chr9-003",-0.246518214792598
"chr9-004",-0.387910071140976
"chr9-005",-0.187900043101544
"chr9-006",-0.243221012637027
"chr9-007",-0.260793802948911
"chr9-008",-0.23259530534333
"chr9-009",-0.269995407310943
"chr9-010",-0.212888508696575
"chr9-011",-0.348082209423654
"chr9-012",-0.367808646905157
"chr9-013",-0.34363121002568
"chr9-014",-0.294200190115177
"chr9-015",0.0215833629158608
"chr9-016",0.105408493604585
"chr9-017",0.0344529132645795
"chr9-018",0.00694445335775504
"chr9-019",0.0390132650324144
"chr9-020",0.107421611762244
"chr9-021",0.179281756091753
"chr9-022",0.0750830744729052
"chr9-023",0.126581111685069
"chr9-024",0.0488185191826733
"chr9-025",0.00931740217669145
"chr9-026",-0.0240838958399665
"chr9-027",0.120401887049189
"chr9-028",0.145766270589463
"chr9-029",-0.000489034099207729
"chr9-030",-0.288856938251232
"chr9-031",-0.24457370877038
"chr9-032",-0.241699981823026
"chr9-033",-0.37080111603896
"chr9-034",-0.428766461528714
"chr9-035",-0.25947659160871
"chr9-036",-0.276442465035585
"chr9-037",-0.299336527012299
"chr9-038",-0.111222093632424
"chr9-039",0.0712540334974067
"chr9-040",-0.119739547783365
"chr9-041",-0.252991018458649
"chr9-042",-0.0630075258762136
"chr9-043",0.0993314678985249
"chr9-044",0.0298950558441247
"chr9-045",0.0907990875205441
"chr9-046",0.14225559056754
"chr9-047",-0.0558211598112143
"chr9-048",0.0702025829904589
"chr9-049",0.042621819485882
"chr9-050",0.0149677510941973
"chr9-051",0.00738336453713625
"chr9-052",-0.00908155154580007
"chr9-053",-0.037454612178793
"chr9-054",-0.0253058091893852
"chr9-055",0.0180041262627422
"chr9-056",-0.00920686925991527
"chr9-057",0.0241472535204389
"chr9-058",0.00392284679898012
"chr9-059",-0.0245460762939207
"chr9-060",-0.0279841472589829
"chr9-061",0.0137911093345304
"chr9-062",-0.0291345578416561
"chr9-063",-0.0149146342092563
"chr9-064",0.119174257839035
"chr9-065",-0.0794373106886883
"chr9-066",0.0266680197628948
"chr9-067",-0.0867908584565639
"chr9-068",0.0131278221708378
"chr9-069",-0.0174671618931247
"chr9-070",0.204960469132839
"chr9-071",0.11014957929251
"chr9-072",-0.0396707818509739
"chr9-073",-0.00748715504313043
"chr9-074",0.0734385957018978
"chr9-075",0.0799591612045644
"chr9-076",0.0884134860768763
"chr9-077",0.0160635274350133
"chr9-078",-0.0015791250854918
"chr9-079",0.0926740824471651
"chr9-080",0.0585303728069024
"chr9-081",0.0795267593471596
"chr9-082",0.0349528983852836
"chr9-083",0.0142020350943136
"chr9-084",0.129600693502376
"chr9-085",-0.0159400703935469
"chr9-086",0.0564153834046774
"chr9-087",0.00896403628404267
"chr9-088",0.0631734893892113
"chr9-089",0.0538764755379569
"chr9-090",0.0397203759300686
"chr9-091",0.0862397910805763
"chr9-092",0.0535004908392792
"chr9-093",0.0171735535228511
"chr9-094",0.183105509296825
"chr9-095",0.160322170657972
"chr9-096",0.0888148535402448
"chr9-097",0.204084636518253
"chr9-098",0.0831169259311825
"chr9-099",0.0138323598929567
"chr9-100",0.0185055119236646
"chr9-101",0.12727858650799
"chr9-102",0.0269198105702349
"chr9-103",0.0614452312076719
"chr9-104",-0.0112446903343671
"chr9-105",0.0670066648225491
"chr9-106",0.0725575308989682
"chr9-107",-0.0278888759451351
"chr9-108",-0.0353787767732557
"chr9-109",0.0582882090362298
"chr9-110",-0.0156967861153312
"chr9-111",-0.0202138560712638
"chr9-112",0.0625837925600692
"chr9-113",-0.0119384081825549
"chr9-114",0.0143099600484216
"chr9-115",0.0367599430613884
"chr9-116",0.0378205195964444
"chr9-117",-0.0398128085539156
"chr9-118",-0.104991448078925
"chr9-119",-0.05268130211888
"chr9-120",-0.0235598270074107
"chr9-121",0.0299479213330338
"chr9-122",0.0407170358168613
"chr9-123",0.0729255521433722
"chr9-124",0.00528869810552816
"chr9-125",-0.0073523984295303
"chr9-126",-0.0716867353305754
"chr9-127",0.015476545655262
"chr9-128",-0.0830606236561518
"chr9-129",0.00135906591196061
"chr9-130",0.0832537189510401
"chr9-131",0.0741099086501269
"chr9-132",-0.0204397388658033
"chr9-133",0.0974721028773206
"chr9-134",0.0253890574342627
"chr9-135",0.0173846249230762
"chr9-136",-0.0653022765499758
"chr9-137",-0.00691117931501548
"chr9-138",0.0610559254543139
"chr9-139",0.0322782783950063
"chr9-140",-0.0260875489093604
"chr9-141",0.105707022947223
"chr9-142",0.00735886959946937
"chr9-143",0.053355226185619
"chr9-144",0.114480868837715
"chr9-145",-0.00701335705426356
"chr9-146",0.0122871316263924
"chr9-147",0.0414426990093498
"chr9-148",0.00979298632663586
"chr9-149",-0.0337914927773735
"chr9-150",0.043927652906526
"chr9-151",-0.0563592024087064
"chr9-152",-0.0226546538874351
"chr9-153",-0.0609575113086601
"chr9-154",-0.0192820598621291
"chr9-155",0.00315356823652836
"chr9-156",-0.0389190990497085
"chr9-157",0.0196497822415948
"chr9-158",0.0382444927917317
"chr9-159",0.0935049214118075
"chr9-160",0.0675236198625923
"chr9-161",0.106907380939992
"chr9-162",0.045084269012573
"chr9-163",0.131268004603827
"chr9-164",0.117175140255917
"chr9-165",0.0874144043894044
"chr9-166",0.0932260678813312
"chr9-167",0.0881110349553312
"chr9-168",-0.0151617935723456
"chr9-169",0.0653388974417587
"chr9-170",-0.0323729959086218
"chr9-171",-0.0251317440328228
"chr9-172",-0.0278648662862024
"chr9-173",-0.0404049909614141
"chr9-174",0.00908772228389236
"chr9-175",-0.0936253180918091
"chr9-176",-0.0903943446077152
"chr9-177",-0.0669495440268963
"chr9-178",-0.0310834204016245
"chr9-179",-0.0584058584751602
"chr9-180",-0.117544489373485
"chr9-181",-0.00440764686337392
"chr9-182",-0.129507319709664
"chr9-183",-0.112934966428634
"chr9-184",-0.131402420459428
"chr9-185",-0.143740064912081
"chr9-186",-0.140752784449312
"chr9-187",-0.104440896595436
"chr9-188",-0.108411870666207
"chr9-189",-0.144266494930823
"chr9-190",-0.0654399936584538
"chr9-191",-0.0887669791186818
"chr9-192",-0.0961408481046775
"chr9-193",-0.164817301619303
"chr9-194",-0.213290807318056
"chr9-195",-0.160057073062872
"chr9-196",-0.139267193326685
"chr9-197",-0.159261191471148
"chr9-198",-0.182050260061794
"chr9-199",-0.20267889919704
"chr9-200",-0.199014808480842
"chr9-201",-0.190994063761454
"chr9-202",-0.20428632534369
"chr9-203",-0.111466511029594
"chr9-204",-0.105254587244879
"chrX-001",-0.541352898513022
"chrX-002",-0.593259218711016
"chrX-003",-0.596052970635077
"chrX-004",-0.435158892170676
"chrX-005",-0.479356438585538
"chrX-006",-0.564212416702581
"chrX-007",-0.606493744963109
"chrX-008",-0.510047346399971
"chrX-009",-0.484472218200605
"chrX-010",-0.428802102739191
"chrX-011",-0.555781780602876
"chrX-012",-0.484827225637713
"chrX-013",-0.66504172187127
"chrX-014",-0.495315078090697
"chrX-015",-0.351136564911926
"chrX-016",-0.545763124855432
"chrX-017",-0.491274322296159
"chrX-018",-0.485098530829135
"chrX-019",-0.4818855361646
"chrX-020",-0.507587110425039
"chrX-021",-0.479821225879349
"chrX-022",-0.539865405540085
"chrX-023",-0.528339223602624
"chrX-024",-0.617318991204535
"chrX-025",-0.632492515945252
"chrX-026",-0.460042912168885
"chrX-027",-0.39876430363154
"chrX-028",-0.585841031561187
"chrX-029",-0.509556665809923
"chrX-030",-0.478390020426886
"chrX-031",-0.518717423209249
"chrX-032",-0.465004515479436
"chrX-033",-0.620012153338758
"chrX-034",-0.517856584552746
"chrX-035",-0.49411511663566
"chrX-036",-0.446300830357304
"chrX-037",-0.449500517323204
"chrX-038",-0.565546369054925
"chrX-039",-0.526424622284422
"chrX-040",-0.700318456000664
"chrX-041",-0.485889613474553
"chrX-042",-0.502485100923874
"chrX-043",-0.603893989688734
"chrX-044",-0.565290767201498
"chrX-045",-0.776441963503591
"chrX-046",-0.381817019357699
"chrX-047",-0.424148575854437
"chrX-048",-0.518193589527871
"chrX-049",-0.568339555815242
"chrX-050",-0.556081788430579
"chrX-051",-0.612938194417838
"chrX-052",-0.371925620146622
"chrX-053",-0.653234125475576
"chrX-054",-0.654153989923047
"chrX-055",-0.356614866554515
"chrX-056",-0.385382704026861
"chrX-057",-0.462762838284278
"chrX-058",-0.666069762233834
"chrX-059",-0.488876152738122
"chrX-060",-0.376066746662756
"chrX-061",-0.541578712644796
"chrX-062",-0.470986945313301
"chrX-063",-0.679062954891352
"chrX-064",-0.530516740847985
"chrX-065",-0.628047658939582
"chrX-066",1.03861893701805
"chrX-067",1.22030497708318
"chrX-068",1.03031996877518
"chrX-069",0.907139492563043
"chrX-070",1.0051236102691
"chrX-071",1.14403163069914
"chrX-072",0.99481352962902
"chrX-073",0.955883014717041
"chrX-074",0.849552709578723
"chrX-075",0.896508125526709
"chrX-076",0.889696957986161
"chrX-077",0.876236527897026
"chrX-078",0.758238268553343
"chrX-079",0.891092962775816
"chrX-080",1.10030376143224
"chrX-081",0.938019281198222
"chrX-082",0.9766101948982
"chrX-083",0.940660996973782
"chrX-084",1.04083294191598
"chrX-085",0.886754873894194
"chrX-086",0.827612221663849
"chrX-087",1.11263831600566
"chrX-088",0.879967217708908
"chrX-089",0.842222989059613
"chrX-090",0.840022694003015
"chrX-091",0.906510536340951
"chrX-092",1.10128128723358
"chrX-093",1.15602351630343
"chrX-094",1.03893419507399
"chrX-095",1.0182847926645
"chrX-096",0.767657295600332
"chrX-097",-0.44883604802879
"chrX-098",-0.603075572527055
"chrX-099",-0.577552354342896
"chrX-100",-0.502847292965156
"chrX-101",-0.522684035779302
"chrX-102",-0.739526926576403
"chrX-103",-0.523637738227204
"chrX-104",-0.53640211258253
"chrX-105",-0.418852010871947
"chrX-106",-0.594888713457241
"chrX-107",-0.45478500917377
"chrX-108",-0.511004672439798
"chrX-109",-0.730049379686377
"chrX-110",-0.659056926662585
"chrX-111",-0.565030262753718
"chrX-112",-0.458587240946723
"chrX-113",-0.594277757038464
"chrX-114",-0.482591090392899
"chrX-115",-0.628096411747923
"chrX-116",-0.603346103489937
"chrX-117",-0.425353499395079
"chrX-118",-0.744758535010458
"chrX-119",-0.583263654789238
"chrX-120",-0.513844697434503
"chrX-121",-0.7357191153781
"chrX-122",-0.615737398830001
"chrX-123",-0.714971671894362
"chrX-124",-0.489894124169236
"chrX-125",-0.361780856536117
"chrX-126",-0.663237427054948
"chrX-127",-0.701040829523365
"chrX-128",-0.63619610635117
"chrX-129",-0.542983754022827
"chrX-130",-0.490706747166406
"chrX-131",-0.57375377723433
"chrX-132",-0.599388525265912
"chrX-133",-0.688104623762071
"chrX-134",-0.45926743233576
"chrX-135",-0.859910805944761
"chrX-136",-0.611069262981206
"chrX-137",-0.569803978104933
"chrX-138",-0.450464194910963
"chrX-139",-0.528109196053642
"chrX-140",-0.528290359889917
"chrX-141",-0.428099183190867
"chrX-142",-0.601701845008814
"chrX-143",-0.53880923485924
"chrX-144",-0.469898443605601
"chrX-145",-0.470609151424096
"chrX-146",-0.570683924783597
"chrX-147",-0.472696193278663
"chrX-148",-0.308577876422517
"chrX-149",-0.65073820859556
"chrX-150",-0.564563680498258
"chrX-151",-0.637642094859732
"chrX-152",-0.451858522075406
"chrX-153",-0.612222695729277
"chrX-154",-0.716207859818183
"chrX-155",-0.56721336219587
"chrX-156",-0.545693847812921
"chrX-157",-0.498255387287886
"chrX-158",-0.39979486127045
"chrX-159",-0.566394258702457
"chrX-160",-0.42264743527847
"chrX-161",-0.415220631510635
"chrX-162",-0.650069249607335
"chrX-163",-0.534308590268759
"chrX-164",-0.576075964577002
"chrX-165",-0.58946477288589
"chrX-166",-0.609106071527831
"chrX-167",-0.735392496299114
"chrX-168",-0.45911648653218
"chrX-169",-0.59446810155183
"chrX-170",-0.549926407475792
"chrX-171",-0.669477003419082
"chrX-172",-0.593144191016888
"chrX-173",-0.56623935887202
"chrX-174",-0.629869163362871
"chrX-175",-0.418599966536614
"chrX-176",-0.532316682209079
"chrX-177",-0.666280732727115
"chrX-178",-0.531377963609723
"chrX-179",-0.608073036304909
"chrX-180",-0.724815201576159
"chrX-181",-0.577090760402491
"chrX-182",-0.582298549891151
"chrX-183",-0.464280565728382
"chrX-184",-0.508662980373071
"chrX-185",-0.635066246153816
"chrX-186",-0.607414446499723
"chrX-187",-0.509988387268901
"chrX-188",-0.68213003209799
"chrX-189",-0.505543104544795
"chrX-190",-0.585765311164892
"chrX-191",-0.561469071151666
"chrX-192",-0.528087235369615
"chrX-193",-0.493193917295139
"chrX-194",-0.555215005409958
"chrX-195",-0.51690919012355
"chrX-196",-0.573105620336968
"chrX-197",-0.437882724840937
"chrX-198",1.07418855899719
"chrX-199",0.895797102680903
"chrX-200",1.07352800450365
"chrX-201",1.10068295779358
"chrX-202",0.905873856681478
"chrX-203",1.11797101435661
"chrX-204",0.621682832645338
"chrX-205",1.02253784131426
"chrX-206",0.943367704841521
"chrX-207",0.853635948330772
"chrX-208",0.67837902968569
"chrX-209",1.15002844398549
"chrX-210",1.02273996105286
"chrX-211",0.918523881216558
"chrX-212",1.04256868750116
"chrX-213",0.912185761117381
"chrX-214",0.774533791788209
"chrX-215",0.960390601746076
"chrX-216",0.925469749768123
"chrX-217",0.938586954436864
"chrX-218",0.919886702496309
"chrX-219",0.910045710400017
"chrX-220",0.751203354885959
"chrX-221",0.719810974407757
"chrX-222",0.523659084911873
"chrX-223",0.715221108410577
"chrX-224",0.853684513133238
"chrX-225",0.940217861470359
"chrX-226",0.992796200197773
"chrY-001",-3.82453305743395
"chrY-002",-1.33438040728605
"chrY-003",-4.43942700964869
"chrY-004",-3.6616311482615
"chrY-005",-4.03839107273552
"chrY-006",-4.82118561996218
"chrY-007",-4.84526292408187
"chrY-008",-2.913731084964
"chrY-009",-0.132874303169635
"chrY-010",-3.07307836599738
"chrY-011",-3.98642282915175
"chrY-012",-4.03644562572975
"chrY-013",-3.61794086572659
"chrY-014",-4.62544803097606
"chrY-015",-3.29765944337262
"chrY-016",-4.18189080306998
"chrY-017",-3.80240478421906
"chrY-018",-4.38060868885381
