"","value"
"chr1-0001",-0.151898169555698
"chr1-0002",-0.166714660788015
"chr1-0003",0.117887999179526
"chr1-0004",-0.138999596993089
"chr1-0005",-0.187283047163528
"chr1-0006",-0.159949633286632
"chr1-0007",-0.0988233246298854
"chr1-0008",-0.173354388116718
"chr1-0009",-0.34763214392773
"chr1-0010",0.0578797026555483
"chr1-0011",-0.171094072831895
"chr1-0012",-0.0405526489446028
"chr1-0013",-0.118295650279748
"chr1-0014",-0.197581109727454
"chr1-0015",-0.197342097151649
"chr1-0016",-0.181118451177459
"chr1-0017",-0.176321092697116
"chr1-0018",0.0224875822519696
"chr1-0019",-0.228042376850956
"chr1-0020",-0.134986934256906
"chr1-0021",-0.0430490421372745
"chr1-0022",-0.0406680333644723
"chr1-0023",-0.125420078305794
"chr1-0024",-0.171978119207418
"chr1-0025",-0.247565301360843
"chr1-0026",-0.373803748205119
"chr1-0027",-0.422122254050289
"chr1-0028",-0.1145208289228
"chr1-0029",-0.0530820956751787
"chr1-0030",-0.124853593477741
"chr1-0031",-0.387790543243311
"chr1-0032",-0.0182186797811909
"chr1-0033",0.0753473869283537
"chr1-0034",-0.325000920987278
"chr1-0035",-0.396839092231772
"chr1-0036",-0.202858653112726
"chr1-0037",-0.40296409292662
"chr1-0038",-0.081171025939762
"chr1-0039",-0.420465109110751
"chr1-0040",-0.388499648676707
"chr1-0041",-0.146481701118534
"chr1-0042",-0.317224568762154
"chr1-0043",-0.289360881970446
"chr1-0044",-0.0982219379834282
"chr1-0045",-0.327083234480541
"chr1-0046",-0.184697056197493
"chr1-0047",-0.161074116083272
"chr1-0048",-0.221840304780735
"chr1-0049",-0.291103592366523
"chr1-0050",-0.291722719606523
"chr1-0051",-0.291309534200687
"chr1-0052",-0.233647374917235
"chr1-0053",-0.18182045517937
"chr1-0054",-0.0893795859818219
"chr1-0055",-0.329600776820624
"chr1-0056",-0.195299677768202
"chr1-0057",-0.04299113360614
"chr1-0058",-0.251499792261579
"chr1-0059",-0.306107925052765
"chr1-0060",-0.128512786799727
"chr1-0061",-0.172072789098003
"chr1-0062",-0.281259153314899
"chr1-0063",-0.131382326561965
"chr1-0064",-0.116696138023153
"chr1-0065",-0.0989160695435569
"chr1-0066",-0.185294359589762
"chr1-0067",-0.209997152893618
"chr1-0068",-0.270204055346359
"chr1-0069",-0.310040939881578
"chr1-0070",-0.347029276724672
"chr1-0071",-0.369495095202259
"chr1-0072",-0.0917077981288097
"chr1-0073",-0.154603856087726
"chr1-0074",-0.243077848742209
"chr1-0075",-0.313764033806765
"chr1-0076",-0.192421136639501
"chr1-0077",-0.0234119925952533
"chr1-0078",-0.207808897287453
"chr1-0079",-0.0980731140449592
"chr1-0080",-0.285708949715257
"chr1-0081",-0.243757041084013
"chr1-0082",-0.283943703578009
"chr1-0083",-0.280990238995489
"chr1-0084",-0.301351043327633
"chr1-0085",-0.407580457405526
"chr1-0086",-0.318913881160717
"chr1-0087",-0.214208878088267
"chr1-0088",-0.252451087093558
"chr1-0089",-0.239280503281749
"chr1-0090",-0.234947152598635
"chr1-0091",-0.163819701070815
"chr1-0092",-0.194986811893176
"chr1-0093",-0.180703290357639
"chr1-0094",-0.0948473232691478
"chr1-0095",-0.2723036722033
"chr1-0096",-0.415075485581461
"chr1-0097",-0.162738860003832
"chr1-0098",-0.11675418916175
"chr1-0099",-0.0801338387842041
"chr1-0100",-0.142514780559188
"chr1-0101",-0.22789021220885
"chr1-0102",-0.151102983053265
"chr1-0103",-0.266209596243521
"chr1-0104",-0.256984650939289
"chr1-0105",-0.292669262167146
"chr1-0106",-0.307729387511436
"chr1-0107",-0.327858557180472
"chr1-0108",-0.320229645876465
"chr1-0109",-0.205228567001699
"chr1-0110",-0.231318893964184
"chr1-0111",-0.495136057454021
"chr1-0112",-0.276759696000803
"chr1-0113",-0.396253245104089
"chr1-0114",-0.207640555593369
"chr1-0115",-0.423250262860139
"chr1-0116",-0.112101942787451
"chr1-0117",-0.204789244605625
"chr1-0118",-0.248996007993907
"chr1-0119",-0.475429751483209
"chr1-0120",-0.233278342999196
"chr1-0121",-0.37547135323823
"chr1-0122",-0.368903305400223
"chr1-0123",-0.37044802717168
"chr1-0124",-0.117675041621306
"chr1-0125",-0.140644807466424
"chr1-0126",-0.261795245292477
"chr1-0127",-0.229958770376974
"chr1-0128",-0.265153617352853
"chr1-0129",-0.406597055836496
"chr1-0130",-0.429697405748887
"chr1-0131",-0.330180864308596
"chr1-0132",-0.346469343636381
"chr1-0133",-0.241279832336688
"chr1-0134",-0.301314862070534
"chr1-0135",-0.364597520699828
"chr1-0136",-0.195598624839564
"chr1-0137",-0.163840714658638
"chr1-0138",-0.419004634146651
"chr1-0139",-0.49283101278026
"chr1-0140",-0.457422760562848
"chr1-0141",-0.444992371806992
"chr1-0142",-0.214666835045017
"chr1-0143",-0.219787677977516
"chr1-0144",-0.109742243924478
"chr1-0145",-0.258946036499912
"chr1-0146",-0.430872416513082
"chr1-0147",-0.115357306823087
"chr1-0148",-0.222393727502867
"chr1-0149",-0.177018553904112
"chr1-0150",-0.342883579737486
"chr1-0151",-0.219015542197473
"chr1-0152",-0.498039463080959
"chr1-0153",-0.282365208080517
"chr1-0154",-0.234078857589172
"chr1-0155",-0.288973315953749
"chr1-0156",-0.273163913192833
"chr1-0157",-0.398755133422886
"chr1-0158",-0.24535665506541
"chr1-0159",-0.362816915904665
"chr1-0160",-0.278605405653144
"chr1-0161",-0.342661132791152
"chr1-0162",-0.415503059395315
"chr1-0163",-0.164570377643077
"chr1-0164",-0.130291277713834
"chr1-0165",-0.382272699648059
"chr1-0166",-0.0909318417565638
"chr1-0167",-0.107690374171023
"chr1-0168",-0.57516050382298
"chr1-0169",-0.738701321277495
"chr1-0170",-0.473842326209038
"chr1-0171",-0.447977667192371
"chr1-0172",-0.563298702475904
"chr1-0173",-0.497392577054093
"chr1-0174",-0.222695453505593
"chr1-0175",-0.323450207509786
"chr1-0176",-0.266712481978597
"chr1-0177",-0.110527385723701
"chr1-0178",-0.320844951228695
"chr1-0179",-0.268159797320874
"chr1-0180",-0.683250080514886
"chr1-0181",-0.40017103507176
"chr1-0182",-0.373944118246287
"chr1-0183",-0.625191999308504
"chr1-0184",-0.522392374574348
"chr1-0185",-0.254830056861924
"chr1-0186",-0.547715718554757
"chr1-0187",-0.502658583828572
"chr1-0188",-0.459846481426537
"chr1-0189",-0.16861015231174
"chr1-0190",-0.435184511208391
"chr1-0191",-0.455437069171752
"chr1-0192",-0.108422066788583
"chr1-0193",-0.299785056285643
"chr1-0194",-0.191373108857571
"chr1-0195",-0.381016375423957
"chr1-0196",-0.679603052217672
"chr1-0197",-0.444957073570445
"chr1-0198",-0.231534383166872
"chr1-0199",-0.285869663609697
"chr1-0200",-0.476511787146519
"chr1-0201",-0.248987487017023
"chr1-0202",-0.21250018047475
"chr1-0203",-0.431959403864619
"chr1-0204",-0.150049362346138
"chr1-0205",-0.205181379903791
"chr1-0206",-0.381094734216624
"chr1-0207",-0.272610339088096
"chr1-0208",-0.582946467551165
"chr1-0209",-0.511845064433121
"chr1-0210",-0.160406004169299
"chr1-0211",-0.599217968219927
"chr1-0212",-0.347061880979085
"chr1-0213",-0.302038579209552
"chr1-0214",-0.318772813405056
"chr1-0215",-0.672730126057217
"chr1-0216",-0.644040890160155
"chr1-0217",-0.203918265468866
"chr1-0218",-0.0669798873131138
"chr1-0219",-0.077541861551864
"chr1-0220",-0.199843819808874
"chr1-0221",-0.342860883294979
"chr1-0222",-0.519452528721846
"chr1-0223",-0.237053569996429
"chr1-0224",-0.19150526944223
"chr1-0225",-0.354290685882
"chr1-0226",-0.559832902059103
"chr1-0227",-0.446016523288203
"chr1-0228",-0.368265463421299
"chr1-0229",-0.361279865117022
"chr1-0230",-0.45873493519503
"chr1-0231",-0.490210580298487
"chr1-0232",-0.544530342742684
"chr1-0233",-0.436980169507524
"chr1-0234",-0.0910979567517683
"chr1-0235",-0.253341986813617
"chr1-0236",-0.287280498968121
"chr1-0237",-0.415752942453059
"chr1-0238",-0.263903034374448
"chr1-0239",-0.0388375791716705
"chr1-0240",-0.572019387703803
"chr1-0241",-0.352935754092558
"chr1-0242",-0.406570682171859
"chr1-0243",-0.377259450137795
"chr1-0244",-0.382589807029405
"chr1-0245",-0.438090519497561
"chr1-0246",-0.480605673765803
"chr1-0247",-0.425417820985315
"chr1-0248",-0.424866698269161
"chr1-0249",-0.492806081377201
"chr1-0250",-0.550100670757103
"chr1-0251",-0.348815943060122
"chr1-0252",-0.394529460250581
"chr1-0253",-0.43647034242518
"chr1-0254",-0.274344677641178
"chr1-0255",-0.334572397817228
"chr1-0256",-0.158056372345253
"chr1-0257",-0.345740518815446
"chr1-0258",-0.253168932254342
"chr1-0259",-0.605230235164283
"chr1-0260",-0.530420363510267
"chr1-0261",-0.732433553114408
"chr1-0262",-0.520686466788169
"chr1-0263",-0.253896390368952
"chr1-0264",-0.410983306352297
"chr1-0265",-0.661929788429395
"chr1-0266",-0.137249266196735
"chr1-0267",-0.300456002101682
"chr1-0268",-0.152808012585502
"chr1-0269",-0.363946033092354
"chr1-0270",-0.328043413871386
"chr1-0271",-0.581871799805779
"chr1-0272",-0.397672241144803
"chr1-0273",-0.281829998681488
"chr1-0274",-0.466129159090341
"chr1-0275",-0.279884711194391
"chr1-0276",-0.365991304953897
"chr1-0277",-0.415858277547158
"chr1-0278",-0.432107827988183
"chr1-0279",-0.350471698372017
"chr1-0280",-0.290290319993703
"chr1-0281",-0.345927230547475
"chr1-0282",-0.436937637100428
"chr1-0283",-0.236761502468271
"chr1-0284",-0.559629987960247
"chr1-0285",-0.389110011775056
"chr1-0286",0.0326386821615084
"chr1-0287",-0.392844546001365
"chr1-0288",-0.534713005341478
"chr1-0289",-0.408974353204753
"chr1-0290",-0.192827377696341
"chr1-0291",-0.32700349995558
"chr1-0292",-0.707255910362043
"chr1-0293",-0.345179777143091
"chr1-0294",-0.386878852647387
"chr1-0295",-0.130913123499816
"chr1-0296",-0.392227270185551
"chr1-0297",-0.326088166050918
"chr1-0298",-0.300129653807539
"chr1-0299",-0.222702505773804
"chr1-0300",-0.367328109006609
"chr1-0301",-0.259971015038415
"chr1-0302",-0.350564939526036
"chr1-0303",-0.163752093137566
"chr1-0304",-0.446564523863079
"chr1-0305",-0.511513305230659
"chr1-0306",-0.529567590546604
"chr1-0307",-0.309485618792817
"chr1-0308",-0.53013368694262
"chr1-0309",0.0543837608836742
"chr1-0310",-0.00366350165295985
"chr1-0311",0.0553549317700586
"chr1-0312",0.0636636483526105
"chr1-0313",0.0927704723441498
"chr1-0314",0.00777327923652237
"chr1-0315",-0.224409868670131
"chr1-0316",-0.318628182483631
"chr1-0317",-0.464380834666992
"chr1-0318",-0.37998881874748
"chr1-0319",-0.11505279407141
"chr1-0320",-0.42830673601028
"chr1-0321",-0.358885883016263
"chr1-0322",-0.69081243371067
"chr1-0323",-0.395901217229102
"chr1-0324",-0.304649047915643
"chr1-0325",-0.55491895623297
"chr1-0326",-0.289396243848214
"chr1-0327",-0.47377105560801
"chr1-0328",-0.446349032204484
"chr1-0329",-0.643610713767325
"chr1-0330",-0.35209596832638
"chr1-0331",-0.404437903116438
"chr1-0332",-0.137818035485327
"chr1-0333",-0.169543973675304
"chr1-0334",-0.32995509843254
"chr1-0335",-0.248750739225485
"chr1-0336",-0.400884414792408
"chr1-0337",-0.621699470948849
"chr1-0338",-0.311441341033707
"chr1-0339",-0.529915718351344
"chr1-0340",-0.322146339941344
"chr1-0341",-0.400893042415109
"chr1-0342",-0.321068918877857
"chr1-0343",-0.498641494654348
"chr1-0344",-0.293176034539087
"chr1-0345",-0.431007024437307
"chr1-0346",-0.479852095560313
"chr1-0347",-0.300343176844399
"chr1-0348",-0.24311401766779
"chr1-0349",-0.229482016527467
"chr1-0350",-0.305289031811333
"chr1-0351",-0.12105183578356
"chr1-0352",-0.171831616492358
"chr1-0353",-0.308859360472983
"chr1-0354",-0.161534871413938
"chr1-0355",-0.489598826836383
"chr1-0356",-0.342066735140434
"chr1-0357",-0.431443427878186
"chr1-0358",-0.155612271101749
"chr1-0359",-0.243306682632038
"chr1-0360",-0.368176719568063
"chr1-0361",-0.358026796163717
"chr1-0362",-0.456324430903362
"chr1-0363",-0.476236651340584
"chr1-0364",-0.232256016502703
"chr1-0365",-0.35053905246337
"chr1-0366",-0.323630452747314
"chr1-0367",-0.483387099427801
"chr1-0368",-0.48580834467788
"chr1-0369",-0.311306755678734
"chr1-0370",-0.408690373699084
"chr1-0371",-0.39729227546276
"chr1-0372",-0.445975564127181
"chr1-0373",-0.284899897083215
"chr1-0374",-0.206066674269614
"chr1-0375",-0.311044341916376
"chr1-0376",-0.492991506269242
"chr1-0377",-0.244872009585057
"chr1-0378",-0.617134083135398
"chr1-0379",-0.275829132220959
"chr1-0380",-0.479911086779001
"chr1-0381",-0.165342246125964
"chr1-0382",-0.293534963345348
"chr1-0383",-0.435835758050427
"chr1-0384",-0.20651377746534
"chr1-0385",-0.309401067819207
"chr1-0386",-0.239877839426078
"chr1-0387",-0.284575134013092
"chr1-0388",-0.373839194177775
"chr1-0389",-0.410802245305381
"chr1-0390",-0.402112509475277
"chr1-0391",-0.384997782983988
"chr1-0392",-0.440287081291818
"chr1-0393",-0.385247408061957
"chr1-0394",-0.243956310349665
"chr1-0395",-0.40976553853136
"chr1-0396",-0.213528805256103
"chr1-0397",-0.325140639642013
"chr1-0398",-0.264823360325091
"chr1-0399",-0.277176757652054
"chr1-0400",-0.474340563608196
"chr1-0401",-0.367906142128841
"chr1-0402",-0.24545277255614
"chr1-0403",-0.162684370781824
"chr1-0404",-0.352127956437097
"chr1-0405",-0.398434401476322
"chr1-0406",-0.650011181956094
"chr1-0407",-0.529864337037245
"chr1-0408",-0.193969874225376
"chr1-0409",-0.440532420980623
"chr1-0410",-0.490093833429892
"chr1-0411",-0.396738410967812
"chr1-0412",-0.329157775042647
"chr1-0413",-0.122187150671174
"chr1-0414",-0.29359981583957
"chr1-0415",-0.358984069816156
"chr1-0416",-0.446466671903563
"chr1-0417",-0.255383714700787
"chr1-0418",-0.256174134346142
"chr1-0419",-0.259837920521138
"chr1-0420",-0.424601578299563
"chr1-0421",-0.72967070757313
"chr1-0422",-0.534909162382624
"chr1-0423",-0.541718153878455
"chr1-0424",-0.226425685709515
"chr1-0425",-0.328989543403217
"chr1-0426",-0.330813983737444
"chr1-0427",-0.444849818623157
"chr1-0428",-0.340526013684591
"chr1-0429",-0.444780226482853
"chr1-0430",-0.410232062755172
"chr1-0431",-0.647476017119677
"chr1-0432",-0.640459188107929
"chr1-0433",-0.404800167254396
"chr1-0434",-0.353030771090108
"chr1-0435",-0.364022364380102
"chr1-0436",-0.789307200500858
"chr1-0437",-0.535841793732103
"chr1-0438",-0.574196742507261
"chr1-0439",-0.222363428191882
"chr1-0440",-0.410239945275894
"chr1-0441",-0.347499632633561
"chr1-0442",-0.527365990533991
"chr1-0443",-0.28883258078472
"chr1-0444",-0.373682594164935
"chr1-0445",-0.273126643949204
"chr1-0446",-0.342554682997906
"chr1-0447",-0.428730413045008
"chr1-0448",-0.268037212047904
"chr1-0449",-0.433474374676767
"chr1-0450",-0.234629823966628
"chr1-0451",-0.419147089158349
"chr1-0452",-0.425975544035316
"chr1-0453",-0.168761827535444
"chr1-0454",-0.128070386323391
"chr1-0455",-0.14985817173663
"chr1-0456",-0.461516146228444
"chr1-0457",-0.425515705142631
"chr1-0458",-0.385274647674814
"chr1-0459",-0.499084368829346
"chr1-0460",-0.526559385005714
"chr1-0461",-0.374192123166677
"chr1-0462",-0.330766809402467
"chr1-0463",-0.423213934344891
"chr1-0464",-0.263552959287616
"chr1-0465",-0.255732607752316
"chr1-0466",-0.479793164962796
"chr1-0467",-0.233749520656628
"chr1-0468",-0.330254177898772
"chr1-0469",-0.447444702477411
"chr1-0470",-0.309313231475589
"chr1-0471",-0.49189377340689
"chr1-0472",-0.332827700129926
"chr1-0473",-0.225235706617595
"chr1-0474",-0.532002978954191
"chr1-0475",-0.140208694760995
"chr1-0476",-0.454830030046943
"chr1-0477",-0.450245529604297
"chr1-0478",-0.514228353473697
"chr1-0479",-0.172223076329743
"chr1-0480",-0.420452016943285
"chr1-0481",-0.416142128049924
"chr1-0482",-0.455475193712998
"chr1-0483",-0.567032278669608
"chr1-0484",-0.371300297251999
"chr1-0485",-0.257471532645991
"chr1-0486",-0.200489860612264
"chr1-0487",-0.563128790792741
"chr1-0488",-0.715527776458579
"chr1-0489",-0.149027121392053
"chr1-0490",-0.40254295840301
"chr1-0491",-0.141673639961418
"chr1-0492",-0.344880979728982
"chr1-0493",-0.193041544337499
"chr1-0494",-0.381951914486046
"chr1-0495",-0.421316832154148
"chr1-0496",-0.365153246428224
"chr1-0497",-0.303223430022961
"chr1-0498",-0.488177824109768
"chr1-0499",-0.339238274021828
"chr1-0500",-0.452770504267066
"chr1-0501",-0.270499006370496
"chr1-0502",-0.312049658321051
"chr1-0503",-0.275833468714082
"chr1-0504",-0.226472247924941
"chr1-0505",-0.22907824240461
"chr1-0506",-0.477253748021045
"chr1-0507",-0.195446067228987
"chr1-0508",-0.466799547082426
"chr1-0509",-0.251197353566152
"chr1-0510",-0.424085825977935
"chr1-0511",-0.35116547538343
"chr1-0512",-0.423554928751527
"chr1-0513",-0.398747981741133
"chr1-0514",-0.368442619235058
"chr1-0515",-0.518668567408216
"chr1-0516",-0.333370494355168
"chr1-0517",-0.641471304922644
"chr1-0518",-0.545922410969012
"chr1-0519",-0.434545810250368
"chr1-0520",-0.564486237586104
"chr1-0521",-0.709964264321936
"chr1-0522",-0.607917978563212
"chr1-0523",-0.852653549013563
"chr1-0524",-0.945979335044236
"chr1-0525",-0.41740925281697
"chr1-0526",-0.482686244480051
"chr1-0527",-0.695477453567825
"chr1-0528",-0.413784323129249
"chr1-0529",-0.483143012806285
"chr1-0530",-0.12668345412004
"chr1-0531",-0.456643347172348
"chr1-0532",-0.373996671903055
"chr1-0533",-0.467900760843929
"chr1-0534",-0.410979609600689
"chr1-0535",-0.315192502765089
"chr1-0536",-0.340072342695563
"chr1-0537",-0.549062562523164
"chr1-0538",-0.194185602955558
"chr1-0539",-0.30443832896158
"chr1-0540",-0.543285913140085
"chr1-0541",-0.299646423597963
"chr1-0542",-0.423164097705674
"chr1-0543",-0.346803288899904
"chr1-0544",-0.252409280547415
"chr1-0545",-0.360175028185118
"chr1-0546",-0.342998601689795
"chr1-0547",-0.268434100362051
"chr1-0548",-0.558371580538449
"chr1-0549",-0.295195808891625
"chr1-0550",-0.267042098583439
"chr1-0551",-0.412394322980749
"chr1-0552",-0.408808921950136
"chr1-0553",-0.436121161085984
"chr1-0554",-0.49720295669755
"chr1-0555",-0.508701175860903
"chr1-0556",-0.273761455845673
"chr1-0557",-0.21887131824922
"chr1-0558",-0.218245808047015
"chr1-0559",-0.503258870168146
"chr1-0560",-0.754702932716302
"chr1-0561",-0.261810658754549
"chr1-0562",-0.539590200171563
"chr1-0563",-0.268117403807749
"chr1-0564",-0.103496284281147
"chr1-0565",-0.467756523115358
"chr1-0566",-0.0607511606094911
"chr1-0567",-0.11945434785291
"chr1-0568",-0.214930271062253
"chr1-0569",-0.489784032270222
"chr1-0570",-0.708363062765819
"chr1-0571",-0.282948045169862
"chr1-0572",-0.750710345053177
"chr1-0573",-0.677166375431406
"chr1-0574",-0.134397033978177
"chr1-0575",-0.382981593981312
"chr1-0576",-0.568214738037649
"chr1-0577",-0.52179595059064
"chr1-0578",-0.608319564443978
"chr1-0579",-0.34295628560211
"chr1-0580",-0.138735636220721
"chr1-0581",-0.670004376781321
"chr1-0582",-0.591069665827634
"chr1-0583",-0.59337469366832
"chr1-0584",-0.298041476516527
"chr1-0585",-0.422572937382427
"chr1-0586",-0.356139839312165
"chr1-0587",-0.352751565799161
"chr1-0588",-0.347043112622063
"chr1-0589",-0.542331591175175
"chr1-0590",-0.0945711734566525
"chr1-0591",-0.535928512409104
"chr1-0592",-0.253939307933905
"chr1-0593",-0.388561158481122
"chr1-0594",-0.495797774989436
"chr1-0595",-0.203983433035168
"chr1-0596",-0.413745160920144
"chr1-0597",-0.426240380200944
"chr1-0598",-0.248203992400097
"chr1-0599",-0.414058141278124
"chr1-0600",-0.188132358657673
"chr1-0601",-0.373880400135626
"chr1-0602",-0.208850016642247
"chr1-0603",-0.490195539126909
"chr1-0604",-0.270652168526614
"chr1-0605",-0.184074203691517
"chr1-0606",-0.321503615549809
"chr1-0607",-0.310487823112239
"chr1-0608",-0.389955636163154
"chr1-0609",-0.262830829913089
"chr1-0610",-0.352920831188331
"chr1-0611",-0.205148945128397
"chr1-0612",-0.259247921835546
"chr1-0613",-0.277321737528534
"chr1-0614",-0.289420300976081
"chr1-0615",-0.299189007030212
"chr1-0616",-0.260729503981261
"chr1-0617",-0.382742020672501
"chr1-0618",-0.719188927823145
"chr1-0619",-0.426623263922404
"chr1-0620",-0.431184488934962
"chr1-0621",-0.488403694067981
"chr1-0622",-0.144634183818346
"chr1-0623",-0.0925379711192705
"chr1-0624",-0.843278317673159
"chr1-0625",-0.551680667680301
"chr1-0626",-0.414863606903903
"chr1-0627",-0.400834561423626
"chr1-0628",-0.150426612377078
"chr1-0629",-0.180099233313728
"chr1-0630",-0.366767490167734
"chr1-0631",-0.355919320933666
"chr1-0632",-0.29192713534778
"chr1-0633",-0.35554897778734
"chr1-0634",-0.559302258752226
"chr1-0635",-0.196875540035313
"chr1-0636",-0.347759487826167
"chr1-0637",-0.223506982261163
"chr1-0638",-0.448692089472636
"chr1-0639",-0.39947379541531
"chr1-0640",-0.306639353907607
"chr1-0641",-0.371596129707143
"chr1-0642",-0.465114424957932
"chr1-0643",-0.392964423403459
"chr1-0644",-0.406487498320042
"chr1-0645",-0.356134386594363
"chr1-0646",-0.395155769188414
"chr1-0647",-0.313704026623195
"chr1-0648",-0.224240843366184
"chr1-0649",-0.530827489673497
"chr1-0650",-0.510098341611056
"chr1-0651",-0.418328432926053
"chr1-0652",-0.49451159573108
"chr1-0653",-0.606050723755951
"chr1-0654",-0.0924633236333631
"chr1-0655",-0.220444191539721
"chr1-0656",-0.368859323971802
"chr1-0657",-0.467802385217013
"chr1-0658",-0.674875484784843
"chr1-0659",-0.571201752856982
"chr1-0660",-0.134659970920795
"chr1-0661",-0.423046520098193
"chr1-0662",-0.426535468120809
"chr1-0663",-0.426654132136672
"chr1-0664",-0.397184848780901
"chr1-0665",-0.121636286357925
"chr1-0666",0.164321518902308
"chr1-0667",0.093484490445044
"chr1-0668",0.194949378451295
"chr1-0669",0.150893373403483
"chr1-0670",0.158392066255957
"chr1-0671",0.505880617161559
"chr1-0672",0.237329902171978
"chr1-0673",0.52086094139398
"chr1-0674",0.260444513367406
"chr1-0675",0.291617336436891
"chr1-0676",0.299353974122204
"chr1-0677",0.216507059496741
"chr1-0678",0.375347155428703
"chr1-0679",0.169006858727516
"chr1-0680",0.257926316163049
"chr1-0681",0.162398505922924
"chr1-0682",0.164781248438411
"chr1-0683",0.188863939029158
"chr1-0684",0.0851453593387283
"chr1-0685",0.218553287104968
"chr1-0686",0.207393480881878
"chr1-0687",0.178290462452998
"chr1-0688",0.187352959900279
"chr1-0689",0.229032600845629
"chr1-0690",0.241551856198085
"chr1-0691",0.0964151451091636
"chr1-0692",0.278008547313094
"chr1-0693",0.208700041048789
"chr1-0694",0.12822840352879
"chr1-0695",0.271546806683192
"chr1-0696",0.162910518750102
"chr1-0697",0.21392750873889
"chr1-0698",0.353769864709906
"chr1-0699",0.342816561483205
"chr1-0700",0.254243386989009
"chr1-0701",0.138435192635272
"chr1-0702",0.0757978601333989
"chr1-0703",0.104161921865547
"chr1-0704",0.268329314987
"chr1-0705",0.25785478441355
"chr1-0706",0.490834207306438
"chr1-0707",0.347695931177431
"chr1-0708",0.155286440890801
"chr1-0709",0.232194145540801
"chr1-0710",0.148344234332691
"chr1-0711",0.285073909599948
"chr1-0712",0.316602820314021
"chr1-0713",0.216879429871898
"chr1-0714",0.255004301890302
"chr1-0715",0.343715428174706
"chr1-0716",0.268659370260984
"chr1-0717",0.271171703954133
"chr1-0718",0.423081947470719
"chr1-0719",0.511560605879703
"chr1-0720",0.274846431935007
"chr1-0721",0.242583345436066
"chr1-0722",0.24275360166848
"chr1-0723",0.243237833337744
"chr1-0724",0.256234256552231
"chr1-0725",0.18006716210965
"chr1-0726",0.250188779582675
"chr1-0727",0.151027339478529
"chr1-0728",0.229331258619941
"chr1-0729",0.255012239269764
"chr1-0730",0.278781559845621
"chr1-0731",0.267930053374537
"chr1-0732",0.283481778911755
"chr1-0733",0.130107692776286
"chr1-0734",0.179573231395542
"chr1-0735",0.215427850980435
"chr1-0736",0.211320607599475
"chr1-0737",0.233359297570822
"chr1-0738",0.0314906446239055
"chr1-0739",0.192604496350102
"chr1-0740",0.214714721352076
"chr1-0741",0.260496806334063
"chr1-0742",0.286869049300113
"chr1-0743",0.320625412844383
"chr1-0744",0.217658469660173
"chr1-0745",0.378422532228681
"chr1-0746",0.09614017778719
"chr1-0747",0.17748804917046
"chr1-0748",0.318087393464458
"chr1-0749",0.336488178362309
"chr1-0750",0.213346314718102
"chr1-0751",0.112310602116883
"chr1-0752",0.286919977487512
"chr1-0753",0.235728674373636
"chr1-0754",0.1626483833346
"chr1-0755",0.143923624535882
"chr1-0756",0.156244443471803
"chr1-0757",0.21914383724458
"chr1-0758",0.292933641739244
"chr1-0759",0.216111130470679
"chr1-0760",0.256718968073632
"chr1-0761",0.232879779605748
"chr1-0762",0.363540318053349
"chr1-0763",0.115979590192896
"chr1-0764",0.0637145516023336
"chr1-0765",0.163255948324744
"chr1-0766",0.0829054193175611
"chr1-0767",0.278535550437828
"chr1-0768",0.168720654061794
"chr1-0769",0.272190737896671
"chr1-0770",0.25370634768495
"chr1-0771",0.407431985879679
"chr1-0772",0.130865533586691
"chr1-0773",0.113491608897115
"chr1-0774",0.0453958135323964
"chr1-0775",0.0252074455150056
"chr1-0776",0.182104952568277
"chr1-0777",0.19914084144608
"chr1-0778",0.0862313204380778
"chr1-0779",0.227885054216753
"chr1-0780",0.211217411336609
"chr1-0781",0.360521578804356
"chr1-0782",0.182411062115062
"chr1-0783",0.13681481777334
"chr1-0784",0.17243499256903
"chr1-0785",0.0632051025616364
"chr1-0786",0.116357510904089
"chr1-0787",0.158414087652425
"chr1-0788",0.0793453191223937
"chr1-0789",0.0241644439840133
"chr1-0790",0.178433280110779
"chr1-0791",0.0703644611173313
"chr1-0792",0.0805966707370513
"chr1-0793",0.170693222898624
"chr1-0794",0.260927503861282
"chr1-0795",0.387075764028737
"chr1-0796",0.251214641394524
"chr1-0797",0.270592779275612
"chr1-0798",0.281940170485673
"chr1-0799",0.0552738625404989
"chr1-0800",0.189625935776025
"chr1-0801",0.20160283566631
"chr1-0802",0.361613735880976
"chr1-0803",0.205227820939073
"chr1-0804",0.251976654237502
"chr1-0805",0.199244324063999
"chr1-0806",0.21498303001953
"chr1-0807",0.159073894915199
"chr1-0808",0.130974621807715
"chr1-0809",0.367608796001129
"chr1-0810",0.426283198549752
"chr1-0811",0.169552029428166
"chr1-0812",0.331659168235551
"chr1-0813",0.380433492412109
"chr1-0814",0.358734083005141
"chr1-0815",0.241958369903831
"chr1-0816",0.437719585487537
"chr1-0817",0.128508759379325
"chr1-0818",0.146547430530109
"chr1-0819",0.321618098380294
"chr1-0820",0.301303539363017
"chr1-0821",0.294083604486211
"chr1-0822",0.295655402669169
"chr1-0823",0.129232216303328
"chr1-0824",0.114662092116616
"chr1-0825",0.096074369876393
"chr1-0826",0.223875233605866
"chr1-0827",0.21905831150179
"chr1-0828",0.440660144310817
"chr1-0829",0.0777612272996152
"chr1-0830",0.292940267716812
"chr1-0831",0.364214041198777
"chr1-0832",0.1013115821536
"chr1-0833",0.0595364615750478
"chr1-0834",0.120151646003073
"chr1-0835",0.318632872783353
"chr1-0836",0.295967903731195
"chr1-0837",0.285735354493364
"chr1-0838",0.110632976083401
"chr1-0839",0.171923909023041
"chr1-0840",0.186679179543057
"chr1-0841",0.273085261982358
"chr1-0842",0.0858966134513431
"chr1-0843",0.131827154819668
"chr1-0844",-0.00564023126179249
"chr1-0845",0.419717700945964
"chr1-0846",0.292918887033917
"chr1-0847",0.293717120596067
"chr1-0848",0.217577862386168
"chr1-0849",0.328873614123005
"chr1-0850",0.162776823329451
"chr1-0851",0.195297056164208
"chr1-0852",0.246453903147208
"chr1-0853",0.293406088802297
"chr1-0854",0.278689239568402
"chr1-0855",0.291208338215805
"chr1-0856",0.183235723653655
"chr1-0857",0.34215332765411
"chr1-0858",0.242536817929228
"chr1-0859",0.374237845185362
"chr1-0860",0.208789465550955
"chr1-0861",0.498525503883703
"chr1-0862",0.244297049112033
"chr1-0863",0.148126796552672
"chr1-0864",0.159227527176503
"chr1-0865",0.229682034103961
"chr1-0866",0.185036138202998
"chr1-0867",0.252513439937242
"chr1-0868",0.297118092742889
"chr1-0869",0.380101113316187
"chr1-0870",0.137993252270825
"chr1-0871",0.279519296551339
"chr1-0872",0.228754746238913
"chr1-0873",0.10998199743369
"chr1-0874",0.151715588056265
"chr1-0875",0.106855137754947
"chr1-0876",0.0922079978919354
"chr1-0877",0.135619259496181
"chr1-0878",0.162697237830589
"chr1-0879",0.195909884243557
"chr1-0880",0.237005336801953
"chr1-0881",0.149757882399793
"chr1-0882",0.126206854076131
"chr1-0883",0.365061630214798
"chr1-0884",0.408482038130167
"chr1-0885",0.313334135275311
"chr1-0886",0.452251983345609
"chr1-0887",0.446344746954555
"chr1-0888",0.442157177463803
"chr1-0889",0.400905791007777
"chr1-0890",0.345190374695273
"chr1-0891",0.321172065168476
"chr1-0892",0.378350144932973
"chr1-0893",0.458130136635918
"chr1-0894",0.323636893468248
"chr1-0895",0.397486709688226
"chr1-0896",0.524577227184704
"chr1-0897",0.354523230660579
"chr1-0898",0.324842592641476
"chr1-0899",0.249905071505213
"chr1-0900",0.158899400848541
"chr1-0901",0.359322483785983
"chr1-0902",0.232880342735426
"chr1-0903",0.256241893372936
"chr1-0904",0.179378760525132
"chr1-0905",0.450440623667959
"chr1-0906",0.346434975212874
"chr1-0907",0.245800211017022
"chr1-0908",0.365983360055107
"chr1-0909",0.25496256169998
"chr1-0910",0.440635225344393
"chr1-0911",0.458819121738196
"chr1-0912",0.518440438248246
"chr1-0913",0.395157655525774
"chr1-0914",0.239272230351243
"chr1-0915",0.288491712448374
"chr1-0916",0.422179864253231
"chr1-0917",0.394116588556218
"chr1-0918",0.308627847184461
"chr1-0919",0.194982493686673
"chr1-0920",0.522257806862062
"chr1-0921",0.493833258689562
"chr1-0922",0.244027788480968
"chr1-0923",0.247945095355822
"chr1-0924",0.160924744040271
"chr1-0925",0.137408648403852
"chr1-0926",0.0790004716346522
"chr1-0927",0.646096534588738
"chr1-0928",0.322573357101696
"chr1-0929",0.315726030344352
"chr1-0930",0.369052830403647
"chr1-0931",0.144805250167938
"chr1-0932",0.263956746251731
"chr1-0933",0.275310082671537
"chr1-0934",0.220467660206737
"chr1-0935",0.341424038761689
"chr1-0936",0.405404615572037
"chr1-0937",0.439385009299171
"chr1-0938",0.41288136526743
"chr1-0939",0.440224761373419
"chr1-0940",0.276095934694451
"chr1-0941",0.362584672518679
"chr1-0942",0.408639493379002
"chr1-0943",0.442620901549885
"chr1-0944",0.295318856810614
"chr1-0945",0.307568446010336
"chr1-0946",0.250221351527378
"chr1-0947",0.0836696000720533
"chr1-0948",0.228024138600847
"chr1-0949",0.24121032336116
"chr1-0950",0.347506597630533
"chr1-0951",0.496990270448725
"chr1-0952",0.527575144797569
"chr1-0953",0.241951298754355
"chr1-0954",0.516789670459185
"chr1-0955",0.508596438186641
"chr1-0956",0.42447289861109
"chr1-0957",0.513925034561106
"chr1-0958",0.36428662513492
"chr1-0959",0.191930486649158
"chr1-0960",0.381726433057678
"chr1-0961",0.478527908627702
"chr1-0962",0.263839470423844
"chr1-0963",0.253029413852865
"chr1-0964",0.195127127433469
"chr1-0965",0.329918589942156
"chr1-0966",0.387023607150929
"chr1-0967",0.291521884652043
"chr1-0968",0.24241795216947
"chr1-0969",0.32495977820559
"chr1-0970",0.406949571350555
"chr1-0971",0.362043642747557
"chr1-0972",0.351627551504829
"chr1-0973",0.42176415720787
"chr1-0974",0.357486170856524
"chr1-0975",0.35191707130152
"chr1-0976",0.318277528358038
"chr1-0977",0.547013225852981
"chr1-0978",0.554904820178624
"chr1-0979",0.300776165588873
"chr1-0980",0.2537434594022
"chr1-0981",0.580266986049702
"chr1-0982",0.265290007405359
"chr1-0983",0.35971248121197
"chr1-0984",0.618193855902804
"chr1-0985",0.540007436635126
"chr1-0986",0.679197665659836
"chr1-0987",0.526417614111534
"chr1-0988",0.390204407651362
"chr1-0989",0.391168416511794
"chr1-0990",0.406552891986084
"chr1-0991",0.708032926645359
"chr1-0992",0.235594844071344
"chr1-0993",0.188332898733392
"chr1-0994",0.130248906978351
"chr1-0995",0.309760300651618
"chr1-0996",0.233565686872007
"chr1-0997",0.23599948661754
"chr1-0998",0.0803877823517816
"chr1-0999",0.153419763139031
"chr1-1000",0.34394420379704
"chr1-1001",0.304845574529856
"chr1-1002",0.412100957583674
"chr1-1003",0.28062722194608
"chr1-1004",0.152867620972612
"chr1-1005",0.318368669416961
"chr1-1006",0.284179023650058
"chr1-1007",0.302679686385112
"chr1-1008",0.387598701014204
"chr1-1009",0.395289494752297
"chr1-1010",0.550294207601654
"chr1-1011",0.43658289538521
"chr1-1012",0.446130629055173
"chr1-1013",0.473551807664843
"chr1-1014",0.479262646325818
"chr1-1015",0.625312546132954
"chr1-1016",0.661316429446405
"chr1-1017",0.440164533723422
"chr1-1018",0.279666547048454
"chr1-1019",0.407073265877919
"chr1-1020",0.576959345273429
"chr1-1021",0.566458146576737
"chr1-1022",0.420446405468713
"chr1-1023",0.609510189602968
"chr1-1024",0.428684835039723
"chr1-1025",0.324187329725895
"chr1-1026",0.361102224306709
"chr1-1027",0.490074566098708
"chr1-1028",0.297660935056265
"chr1-1029",0.295030490953031
"chr1-1030",0.345218966733821
"chr1-1031",0.389740249893418
"chr1-1032",0.479601308443002
"chr1-1033",0.373343574418155
"chr1-1034",0.37406002716429
"chr1-1035",0.500047620147202
"chr1-1036",0.461075940994051
"chr1-1037",0.405355866427616
"chr1-1038",0.395140878830063
"chr1-1039",0.406464968438947
"chr1-1040",0.352301611497778
"chr1-1041",0.190568564385215
"chr1-1042",0.100114167652659
"chr1-1043",0.30105409202852
"chr1-1044",0.393348374903488
"chr1-1045",0.442951220192751
"chr1-1046",0.437043560965496
"chr1-1047",0.371858434898444
"chr1-1048",0.556692939495537
"chr1-1049",0.519494970887539
"chr1-1050",0.540717272175974
"chr1-1051",0.686077826741743
"chr1-1052",0.386703882494425
"chr1-1053",0.320990961890101
"chr1-1054",0.534189190541165
"chr1-1055",0.451919708652024
"chr1-1056",0.528842428685864
"chr1-1057",0.445720325806234
"chr1-1058",0.340268717356675
"chr1-1059",0.198126603141612
"chr1-1060",0.487454587687225
"chr1-1061",0.432009330392316
"chr1-1062",0.438239680894101
"chr1-1063",0.407556963114649
"chr1-1064",0.448930585297932
"chr1-1065",0.42640343889631
"chr1-1066",0.358340164515646
"chr1-1067",0.233754936195682
"chr1-1068",0.247427528773014
"chr1-1069",0.425456601273004
"chr1-1070",0.401249288580152
"chr1-1071",0.293393264723929
"chr1-1072",0.254626605605471
"chr1-1073",0.310506055456157
"chr1-1074",0.481646942480822
"chr1-1075",0.312154792582133
"chr1-1076",0.312470705797002
"chr1-1077",0.155529183539143
"chr1-1078",0.225341154054481
"chr1-1079",0.368965281212461
"chr1-1080",0.494849022222331
"chr1-1081",0.445712294491764
"chr1-1082",0.164983068838093
"chr1-1083",0.239653861911585
"chr1-1084",0.294959352099808
"chr1-1085",0.14124871358827
"chr1-1086",0.242873560970261
"chr1-1087",0.235310917645899
"chr1-1088",0.312371602768675
"chr1-1089",-0.0908734509342032
"chr1-1090",-0.0421167975710896
"chr1-1091",0.102174036212988
"chr1-1092",-0.0034521514600583
"chr1-1093",0.14136605622271
"chr1-1094",0.00963069589256263
"chr1-1095",0.0323613318988571
"chr1-1096",0.179073108890173
"chr1-1097",0.0364197928097626
"chr1-1098",0.0877861358000075
"chr1-1099",0.0280921230036092
"chr1-1100",0.0324646116620239
"chr1-1101",0.176330600978771
"chr1-1102",-0.00850167336546854
"chr1-1103",0.164369377247587
"chr1-1104",0.076670296681261
"chr1-1105",0.292272196861653
"chr1-1106",0.0993784855023435
"chr1-1107",0.129977846612179
"chr1-1108",0.22614413169528
"chr1-1109",0.156329773311328
"chr1-1110",0.26147451924394
"chr1-1111",0.238786806194335
"chr1-1112",0.137278758695331
"chr1-1113",0.281914125057798
"chr1-1114",0.170646063749718
"chr1-1115",0.0473235456995303
"chr1-1116",0.0864589270923987
"chr1-1117",0.0405894023038636
"chr1-1118",0.143789362903785
"chr1-1119",0.388121722661645
"chr1-1120",0.0649567819352358
"chr1-1121",0.109781881823947
"chr1-1122",0.135924221635957
"chr1-1123",0.477826414614483
"chr1-1124",0.11759893396453
"chr1-1125",0.234719303543588
"chr1-1126",0.452149712014197
"chr1-1127",0.461300028362461
"chr1-1128",0.435670067773731
"chr1-1129",0.215700033195427
"chr1-1130",0.601805128352259
"chr1-1131",0.423284616013732
"chr1-1132",0.366963094789224
"chr1-1133",0.495567214328338
"chr1-1134",0.353648876817108
"chr1-1135",0.314774320729256
"chr1-1136",-0.0501292685502184
"chr1-1137",-0.0135605380336148
"chr1-1138",-0.124526558069983
"chr1-1139",0.148850208047879
"chr1-1140",0.175511389459963
"chr1-1141",0.15496740823593
"chr1-1142",0.186351849386304
"chr1-1143",0.0511152566667996
"chr1-1144",0.205769462064333
"chr1-1145",0.151353836323695
"chr1-1146",0.0874719972537912
"chr1-1147",0.179530611696835
"chr1-1148",0.12476528417055
"chr1-1149",0.0739319452055424
"chr1-1150",0.142133631655466
"chr1-1151",0.112698885741892
"chr1-1152",-0.120166569721139
"chr1-1153",0.169325353361135
"chr1-1154",0.161646431264605
"chr1-1155",-0.0419392185537858
"chr1-1156",0.386072451835453
"chr1-1157",0.196626520558765
"chr1-1158",0.196002316999348
"chr1-1159",0.0905760847346964
"chr1-1160",0.0921059471876936
"chr1-1161",0.212028708885999
"chr1-1162",0.130396584526254
"chr1-1163",0.18524706606151
"chr1-1164",0.147161837690695
"chr1-1165",-0.0261440385009098
"chr1-1166",-0.0176252401518732
"chr1-1167",-0.332791610019225
"chr1-1168",0.0549975126789227
"chr1-1169",-0.256919584925685
"chr1-1170",-0.175222595034824
"chr1-1171",0.0901194206439117
"chr1-1172",-0.0121661195418422
"chr1-1173",0.113549563749688
"chr1-1174",0.0800758753196586
"chr1-1175",0.140270183844581
"chr1-1176",0.14544636871263
"chr1-1177",-0.0788818970156629
"chr1-1178",-0.164208287324073
"chr1-1179",0.102272275689525
"chr1-1180",0.0567184068231643
"chr1-1181",0.0413740915230679
"chr1-1182",0.0274010839404234
"chr1-1183",-0.0197798382834832
"chr1-1184",0.00957703963734072
"chr1-1185",0.0214689557449786
"chr1-1186",0.286990298348231
"chr1-1187",0.307845631062905
"chr1-1188",0.258608237820633
"chr1-1189",0.339597292392874
"chr1-1190",0.180536643851638
"chr1-1191",0.220026146173964
"chr1-1192",0.225891083752379
"chr1-1193",0.154652591011561
"chr1-1194",0.155423786082822
"chr1-1195",0.299492469573367
"chr1-1196",0.247730642136854
"chr1-1197",0.175808857029441
"chr1-1198",0.245389332240074
"chr1-1199",0.23273415672143
"chr1-1200",0.185705521536136
"chr1-1201",0.0759887110413289
"chr1-1202",0.185936140296778
"chr1-1203",0.153541296125803
"chr1-1204",0.19619282569982
"chr1-1205",0.0856766942190085
"chr1-1206",0.142659437680935
"chr1-1207",0.00186801139832731
"chr1-1208",-0.00953608819194252
"chr1-1209",-0.0808264557907489
"chr1-1210",0.072878696866864
"chr1-1211",0.0248758350609886
"chr1-1212",0.0538004986469358
"chr1-1213",0.0270421848166214
"chr1-1214",0.0243231470288071
"chr1-1215",0.052880161975255
"chr1-1216",0.133479782894406
"chr1-1217",0.154927894846091
"chr1-1218",-0.184451961221315
"chr1-1219",0.0972193476858717
"chr1-1220",0.0381089334768312
"chr1-1221",-0.0642506429478
"chr1-1222",0.0562850778744767
"chr1-1223",0.0436602659416682
"chr1-1224",-0.0601083093690873
"chr1-1225",-0.0901167960000149
"chr1-1226",0.11736799423982
"chr1-1227",-0.147059730080522
"chr1-1228",-0.0588217347406654
"chr1-1229",0.0519777983299233
"chr1-1230",0.207218237350621
"chr1-1231",0.0968166647081199
"chr1-1232",0.0975699242608198
"chr1-1233",-0.00316217722828536
"chr1-1234",0.131736306942807
"chr1-1235",0.0594867759481954
"chr1-1236",0.019184643885825
"chr1-1237",0.0906560967834441
"chr1-1238",0.0687799762697087
"chr1-1239",0.0563538740398
"chr1-1240",0.134031161090893
"chr1-1241",0.00720453149716464
"chr1-1242",0.171862522501194
"chr1-1243",0.234115038170366
"chr1-1244",0.0499663071466089
"chr1-1245",-0.11703642730953
"chr1-1246",-0.0247007365300454
"chr1-1247",0.190269674669876
"chr1-1248",0.0736504415610083
"chr1-1249",0.296669708541665
"chr1-1250",0.345105225671487
"chr1-1251",0.12178825642658
"chr1-1252",0.134974333416404
"chr1-1253",0.123064961634071
"chr1-1254",0.181759049395848
"chr1-1255",0.111543838159974
"chr1-1256",0.145762253343784
"chr1-1257",0.0817103229579457
"chr1-1258",0.12859908481995
"chr1-1259",0.271946995213666
"chr1-1260",-0.10112047870368
"chr1-1261",0.127461720068489
"chr1-1262",0.0828295308885181
"chr1-1263",0.0907830188914417
"chr1-1264",-0.0435369061196472
"chr1-1265",0.0703809606573377
"chr1-1266",0.00472216404300814
"chr1-1267",0.0351585121987569
"chr1-1268",0.002325265718667
"chr1-1269",-0.0741410913026536
"chr1-1270",0.238285430967161
"chr1-1271",0.058774568563651
"chr1-1272",0.0797112699715696
"chr1-1273",0.114374042744005
"chr1-1274",0.0765006630828928
"chr1-1275",0.0275154815198538
"chr1-1276",0.0749253387163286
"chr1-1277",0.0999677429601654
"chr1-1278",-0.0682543701036432
"chr1-1279",0.250065241120965
"chr1-1280",0.02077981790831
"chr1-1281",0.296640876794141
"chr1-1282",0.0911514320978152
"chr1-1283",0.0761579286261376
"chr1-1284",0.0895276300526411
"chr1-1285",0.0175248026761958
"chr1-1286",0.0428868228660418
"chr1-1287",0.0437866724931988
"chr1-1288",0.145417397282127
"chr1-1289",0.201723253176415
"chr1-1290",0.192900879259882
"chr1-1291",0.241150796347373
"chr1-1292",0.0708243688641994
"chr1-1293",0.238342012261036
"chr1-1294",0.101806134564742
"chr1-1295",0.128355649025235
"chr1-1296",0.243376358002592
"chr1-1297",-0.126619973687154
"chr1-1298",0.0885053206140305
"chr1-1299",0.155901467061013
"chr1-1300",0.125429251794773
"chr1-1301",-0.0999283884357146
"chr1-1302",0.031357672827614
"chr1-1303",0.138191316513579
"chr1-1304",0.0526409091815221
"chr1-1305",0.134099376304616
"chr1-1306",-0.0439891289077754
"chr1-1307",-0.155588268400807
"chr1-1308",-0.0418654754599653
"chr1-1309",0.142055026873779
"chr1-1310",-0.151512716940783
"chr1-1311",0.0225275036342597
"chr1-1312",-0.0225594158162587
"chr1-1313",-0.0560018594898423
"chr1-1314",-0.166134331466827
"chr1-1315",0.0551749890260846
"chr1-1316",0.141431773798597
"chr1-1317",0.17488365461261
"chr1-1318",0.118847010088288
"chr1-1319",-0.0774781792033284
"chr1-1320",0.0298994500080299
"chr1-1321",0.122103457404252
"chr1-1322",0.0691367509650535
"chr1-1323",-0.24182384779698
"chr1-1324",0.259212573243012
"chr1-1325",0.101601111118123
"chr1-1326",-0.0289397519130884
"chr1-1327",0.122220589281402
"chr1-1328",0.0196857317095078
"chr1-1329",0.214557217164771
"chr1-1330",0.0952927097441969
"chr1-1331",0.112348168936777
"chr1-1332",0.186206224203393
"chr1-1333",0.300862381016528
"chr1-1334",0.113416951891878
"chr1-1335",0.165360532890878
"chr1-1336",0.241562515612411
"chr1-1337",-0.0163102736918147
"chr1-1338",0.0428038844669676
"chr1-1339",0.132457162147965
"chr1-1340",0.13107953096801
"chr1-1341",0.203917094275306
"chr1-1342",0.0657418272226431
"chr1-1343",0.00661747922851411
"chr1-1344",-0.0321994687235223
"chr1-1345",-0.0936614842687863
"chr1-1346",0.0335651774734599
"chr1-1347",-0.106150918390198
"chr1-1348",-0.0532163055782994
"chr1-1349",-0.270916815179603
"chr1-1350",-0.166257460010742
"chr1-1351",0.0841276410318664
"chr1-1352",0.168111062659197
"chr1-1353",0.0542376316534852
"chr1-1354",-0.0340265459135072
"chr1-1355",-0.105410192171694
"chr1-1356",-0.148583505479958
"chr1-1357",0.133469648652621
"chr1-1358",-0.124925602293128
"chr1-1359",-0.158890987476531
"chr1-1360",-0.0838182333420675
"chr1-1361",-0.0837166138151492
"chr1-1362",0.00392835940939071
"chr1-1363",0.0956981746739395
"chr1-1364",-0.0593487816096293
"chr1-1365",0.0925190754578701
"chr1-1366",0.0452918751152058
"chr1-1367",-0.161093380203731
"chr1-1368",0.0765514999607694
"chr1-1369",0.0127439303502519
"chr1-1370",-0.0331351939117958
"chr1-1371",0.108916615780213
"chr1-1372",0.0671623936662263
"chr1-1373",-0.0118815613128608
"chr1-1374",0.120432997044801
"chr1-1375",-0.0105242220417614
"chr1-1376",0.00827266067524252
"chr1-1377",-0.121802446209626
"chr1-1378",-0.00778699006042974
"chr1-1379",0.0896005927461955
"chr1-1380",0.0826809508840938
"chr1-1381",0.103610441133274
"chr1-1382",0.105976539135753
"chr1-1383",-0.123076478831534
"chr1-1384",0.235008559784231
"chr1-1385",0.176351031135841
"chr1-1386",0.402775822596659
"chr1-1387",0.387646235172548
"chr1-1388",0.201364971189472
"chr1-1389",0.213510884333719
"chr1-1390",0.326564707454457
"chr1-1391",0.386210146621867
"chr1-1392",0.259319298918914
"chr1-1393",0.307853048504814
"chr1-1394",0.0910555636072104
"chr1-1395",0.193707075815702
"chr1-1396",0.13226154616781
"chr1-1397",0.266041621497785
"chr1-1398",0.169051319695502
"chr1-1399",0.270446701862642
"chr1-1400",0.277425960016263
"chr1-1401",0.15795425604403
"chr1-1402",0.0151752170448006
"chr1-1403",0.245023042096559
"chr1-1404",0.252284732323155
"chr1-1405",0.213637056140529
"chr1-1406",0.134756673604021
"chr1-1407",0.289271127071519
"chr1-1408",0.114766869092277
"chr1-1409",0.152671356686359
"chr1-1410",0.238838874909661
"chr1-1411",0.265404028213614
"chr1-1412",0.128680389309351
"chr1-1413",0.13899977646487
"chr1-1414",0.15998202835711
"chr1-1415",0.219165770826509
"chr1-1416",0.232383095110715
"chr1-1417",0.358138279634059
"chr1-1418",0.199253579776504
"chr1-1419",0.214147175160145
"chr1-1420",0.176804559446292
"chr1-1421",0.30360918988013
"chr1-1422",0.220588538807079
"chr1-1423",0.148252135736153
"chr1-1424",0.156181198167524
"chr1-1425",0.103598864325388
"chr1-1426",0.208068168271724
"chr1-1427",0.214117516178072
"chr1-1428",0.187309412586183
"chr1-1429",0.215989073040155
"chr1-1430",0.179887782554406
"chr1-1431",0.25043069737369
"chr1-1432",0.211985362949273
"chr1-1433",0.00617168423616907
"chr1-1434",0.228242639197284
"chr1-1435",0.172921393854268
"chr1-1436",0.155167422955871
"chr1-1437",0.0628634949531103
"chr1-1438",-0.118285623597377
"chr1-1439",0.190749863595353
"chr1-1440",0.0721758287309589
"chr1-1441",0.211049761961491
"chr1-1442",0.0652201202187796
"chr1-1443",0.0758593776554068
"chr1-1444",0.460573090608434
"chr1-1445",0.28965874144706
"chr1-1446",0.266307144106871
"chr1-1447",0.260291710226974
"chr1-1448",0.122628865415757
"chr1-1449",0.164120965542595
"chr1-1450",0.155296618524044
"chr1-1451",0.275972867506613
"chr1-1452",0.327865401586685
"chr1-1453",0.2022896520541
"chr1-1454",-0.00876124776658865
"chr1-1455",0.149848964215645
"chr1-1456",0.154943997275114
"chr1-1457",0.0524700630232953
"chr1-1458",0.299956115305624
"chr1-1459",0.0730564131145872
"chr1-1460",0.13157376473491
"chr1-1461",0.256795842178681
"chr1-1462",0.222198221115031
"chr1-1463",0.217564227424094
"chr1-1464",0.0349224753577586
"chr1-1465",0.255674097435683
"chr1-1466",0.224018220537972
"chr1-1467",0.341376668814503
"chr1-1468",0.110326772093881
"chr1-1469",0.232413539426668
"chr1-1470",0.115601462467298
"chr1-1471",0.162658019157858
"chr1-1472",0.130102051367928
"chr1-1473",0.151017916546061
"chr1-1474",0.201567938841798
"chr1-1475",0.183191769839734
"chr1-1476",0.16676934377747
"chr1-1477",0.204735269149032
"chr1-1478",0.283548803427189
"chr1-1479",0.280353200620907
"chr1-1480",0.180139439373738
"chr1-1481",0.434680472140835
"chr1-1482",0.375018955930587
"chr1-1483",0.302492860896169
"chr1-1484",0.312077990416204
"chr1-1485",0.247675441514979
"chr1-1486",0.381984650743858
"chr1-1487",0.223549112146576
"chr1-1488",0.351094055498982
"chr1-1489",0.546735590334989
"chr1-1490",0.327453815746148
"chr1-1491",0.369999302850633
"chr1-1492",0.388778255010043
"chr1-1493",0.267319441985979
"chr1-1494",0.366783466078238
"chr1-1495",0.485053488770214
"chr1-1496",0.211960832581832
"chr1-1497",0.106223562459877
"chr1-1498",0.240442874565821
"chr1-1499",0.285034208455905
"chr1-1500",0.118874664807355
"chr1-1501",0.19176422647388
"chr1-1502",0.11961804059849
"chr1-1503",0.0735813606961902
"chr1-1504",0.297404173234096
"chr1-1505",0.100416033586439
"chr1-1506",0.2805722004741
"chr1-1507",0.177477974325962
"chr1-1508",0.323952207150653
"chr1-1509",0.275771269083613
"chr1-1510",0.297708429331724
"chr1-1511",0.305371010387889
"chr1-1512",0.117936610914961
"chr1-1513",0.287938776879629
"chr1-1514",0.271615543259281
"chr1-1515",0.480046250542084
"chr1-1516",0.298447812379649
"chr1-1517",0.473244061191562
"chr1-1518",0.195428445313125
"chr1-1519",0.137963826863355
"chr1-1520",0.187530505283872
"chr1-1521",0.125035603339663
"chr1-1522",0.0118492035682754
"chr1-1523",0.324917416448389
"chr1-1524",0.296700215149145
"chr1-1525",0.148513847402599
"chr1-1526",0.172562658556153
"chr1-1527",0.150303038286808
"chr1-1528",0.109050165800554
"chr1-1529",0.168973788979682
"chr1-1530",0.0378595657131429
"chr1-1531",0.00575745261765226
"chr1-1532",0.248719586154579
"chr1-1533",0.148812382907082
"chr1-1534",0.0293879516370816
"chr1-1535",0.339825642238292
"chr1-1536",0.320438365492309
"chr1-1537",0.328123109114289
"chr1-1538",0.104514279589777
"chr1-1539",0.281419080971318
"chr1-1540",0.289636538221227
"chr1-1541",0.368903585615713
"chr1-1542",0.319161708128238
"chr1-1543",0.337250296236107
"chr1-1544",0.377892935456933
"chr1-1545",0.271797147972556
"chr1-1546",0.306460310800524
"chr1-1547",0.102819413008374
"chr1-1548",0.31462340279953
"chr1-1549",0.484994785844786
"chr1-1550",0.355540792208073
"chr1-1551",0.46287230482571
"chr1-1552",0.448433753325003
"chr1-1553",0.54557511384051
"chr1-1554",0.456882252247351
"chr1-1555",0.434039291515399
"chr1-1556",0.560317701140746
"chr1-1557",0.327392555992124
"chr1-1558",0.397451693685119
"chr1-1559",0.385771825776574
"chr1-1560",0.508555449898703
"chr1-1561",0.461212982143921
"chr1-1562",0.490537195608727
"chr1-1563",0.18207230713855
"chr1-1564",0.243780957892965
"chr1-1565",0.155624405521729
"chr1-1566",0.234809790963388
"chr1-1567",0.326538097347692
"chr1-1568",0.130256569166521
"chr1-1569",0.178385298019709
"chr1-1570",0.331612666423884
"chr1-1571",0.243847455134279
"chr1-1572",0.303293399279257
"chr1-1573",0.383783518785584
"chr1-1574",0.360861501706693
"chr1-1575",0.292759368264483
"chr1-1576",0.336566733378854
"chr1-1577",0.281030233670165
"chr1-1578",0.164856493716772
"chr1-1579",0.24905992500607
"chr1-1580",0.366015194676755
"chr1-1581",0.433948968680548
"chr1-1582",0.385753157598916
"chr1-1583",0.177810431743189
"chr1-1584",0.301760512305836
"chr1-1585",0.176401576056762
"chr1-1586",0.193840210817848
"chr1-1587",0.201548793204205
"chr1-1588",0.355279770886057
"chr1-1589",0.273594061815291
"chr1-1590",0.226433051979
"chr1-1591",0.221887362972338
"chr1-1592",0.335388870167133
"chr1-1593",0.384287549890859
"chr1-1594",0.230340964376804
"chr1-1595",0.342903389144562
"chr1-1596",0.320792903839565
"chr1-1597",0.38217112021195
"chr1-1598",0.484536666805846
"chr1-1599",0.404890763096012
"chr1-1600",0.364164864910146
"chr1-1601",0.377908777508343
"chr1-1602",0.47345168862601
"chr1-1603",0.279508044167311
"chr1-1604",0.372969338366967
"chr1-1605",0.296865509599191
"chr1-1606",0.3093812248483
"chr1-1607",0.309092631160191
"chr1-1608",0.424980950042218
"chr1-1609",0.552489603279681
"chr1-1610",0.531155647443389
"chr1-1611",0.368510158113402
"chr1-1612",0.340340393205945
"chr1-1613",0.574585391127706
"chr1-1614",0.53085557751727
"chr1-1615",0.385506156325662
"chr1-1616",0.353682626264257
"chr1-1617",0.220628341485299
"chr1-1618",0.344577510625251
"chr1-1619",0.305701907091935
"chr1-1620",0.339265387573112
"chr1-1621",0.595157873305
"chr1-1622",0.205258147647273
"chr1-1623",0.339999998374958
"chr1-1624",0.374327195487015
"chr1-1625",0.457647965481082
"chr1-1626",0.397312560858141
"chr1-1627",0.369676854029522
"chr1-1628",0.448038608307813
"chr1-1629",0.502806423775786
"chr1-1630",0.195554702884681
"chr1-1631",0.190527533121422
"chr1-1632",0.268159969342564
"chr1-1633",0.150376693816877
"chr1-1634",0.432337500547469
"chr1-1635",0.357165399290372
"chr1-1636",0.519780768231813
"chr1-1637",0.147511718710557
"chr1-1638",0.578348606324021
"chr1-1639",0.403365083692174
"chr1-1640",0.25788744796315
"chr1-1641",0.223995233547393
"chr1-1642",0.285898396767998
"chr1-1643",0.222987922505858
"chr1-1644",0.388260532203075
"chr1-1645",0.359849726009346
"chr1-1646",0.244362643635434
"chr1-1647",0.243061657132485
"chr1-1648",0.260096225982177
"chr1-1649",0.22526111263207
"chr1-1650",0.0512443104660828
"chr1-1651",0.530703980541076
"chr1-1652",0.40561539577082
"chr1-1653",0.259532042268881
"chr1-1654",0.375315985650634
"chr1-1655",0.315410045380539
"chr1-1656",0.261379841890728
"chr1-1657",0.497444102182287
"chr1-1658",0.462728501815062
"chr1-1659",0.567162683069278
"chr1-1660",0.211588682778746
"chr1-1661",0.138780748763998
"chr1-1662",0.30026390236337
"chr1-1663",0.483871747554854
"chr1-1664",0.462860708528734
"chr1-1665",0.418637343728626
"chr1-1666",0.26275264894526
"chr1-1667",0.113364501266314
"chr1-1668",0.108953968936382
"chr1-1669",0.33737497743781
"chr1-1670",0.373079222823623
"chr1-1671",0.184027376911172
"chr1-1672",0.25749316401117
"chr1-1673",0.378198225396198
"chr1-1674",0.252776977056777
"chr1-1675",0.176838511151938
"chr1-1676",0.180840752035159
"chr1-1677",0.551380456200602
"chr1-1678",0.289112229591576
"chr1-1679",0.370927382625941
"chr1-1680",0.608191552352542
"chr1-1681",0.301210770170003
"chr1-1682",0.176694245729106
"chr1-1683",0.311768770717224
"chr1-1684",0.204896463486207
"chr1-1685",0.257022193892575
"chr1-1686",0.170377250095389
"chr1-1687",0.288787397879847
"chr1-1688",0.0420656867689224
"chr1-1689",0.354187942524052
"chr1-1690",0.332358002559725
"chr1-1691",0.251925299426882
"chr1-1692",0.346053735991637
"chr1-1693",0.236933076507589
"chr1-1694",0.212981113110013
"chr1-1695",0.188118381939996
"chr1-1696",0.441036382121804
"chr1-1697",0.330657376669398
"chr1-1698",0.223053832164388
"chr1-1699",0.398563924681851
"chr1-1700",0.217314015656708
"chr1-1701",0.545244782503499
"chr1-1702",0.363272195878471
"chr1-1703",0.22959221342162
"chr1-1704",0.409928982312649
"chr1-1705",-0.115716478577172
"chr1-1706",0.320255647584961
"chr1-1707",0.296740556217057
"chr1-1708",0.235293316303291
"chr1-1709",0.472604128621366
"chr1-1710",0.533313099778223
"chr1-1711",0.453913765445793
"chr1-1712",0.337343160569941
"chr1-1713",0.307712566538802
"chr1-1714",0.198993602463545
"chr1-1715",0.463114709163403
"chr1-1716",0.526083883981442
"chr1-1717",0.316280623936685
"chr1-1718",0.510944556781982
"chr1-1719",0.225999368069103
"chr1-1720",0.555826721837995
"chr1-1721",0.466264603298346
"chr1-1722",0.0804127599298147
"chr1-1723",0.367131317358288
"chr1-1724",0.283770347059037
"chr1-1725",0.429708187850194
"chr1-1726",0.424284937808333
"chr1-1727",0.40779291505002
"chr1-1728",0.270782254682354
"chr1-1729",0.595032235375642
"chr1-1730",0.419430902571445
"chr1-1731",0.254406425611273
"chr1-1732",0.539872645066105
"chr1-1733",0.463070171516915
"chr1-1734",0.608671866760952
"chr1-1735",0.43891669218732
"chr1-1736",0.450962398611241
"chr1-1737",0.469219801152267
"chr1-1738",0.517060095355078
"chr1-1739",0.609857273931656
"chr1-1740",0.286033675257221
"chr1-1741",0.526770622370161
"chr1-1742",0.662021148842329
"chr1-1743",0.467263447915927
"chr1-1744",0.607676800594563
"chr1-1745",0.436406628104283
"chr1-1746",0.258776089512607
"chr1-1747",0.305947645971493
"chr1-1748",0.642197564319906
"chr1-1749",0.507242091616212
"chr1-1750",0.47655278011871
"chr1-1751",0.449678996010629
"chr1-1752",0.488939314134484
"chr1-1753",0.494075978596665
"chr1-1754",0.287774235208489
"chr1-1755",0.415102587733511
"chr1-1756",0.423947599314574
"chr1-1757",0.557486441061126
"chr1-1758",0.551632313127945
"chr1-1759",0.269476724205079
"chr1-1760",0.288961412090634
"chr1-1761",0.512984063420442
"chr1-1762",0.540133910763595
"chr1-1763",0.525067806328219
"chr1-1764",0.5773459239364
"chr1-1765",0.418403699079734
"chr1-1766",0.607979461299695
"chr1-1767",0.475421228872657
"chr1-1768",0.684359478871106
"chr1-1769",0.47732585997856
"chr1-1770",-0.133992287906946
"chr1-1771",0.249605849158356
"chr1-1772",0.358327830403903
"chr1-1773",0.301959147075695
"chr1-1774",0.316569815272773
"chr1-1775",0.274415908070618
"chr1-1776",0.23900258802417
"chr1-1777",0.197544104762764
"chr1-1778",0.188386482317795
"chr1-1779",0.255771223183356
"chr1-1780",0.201044376777046
"chr1-1781",0.218608852207334
"chr1-1782",0.202032785299224
"chr1-1783",0.267602414574798
"chr1-1784",0.114311718862004
"chr1-1785",0.309916809534909
"chr1-1786",0.223164837996075
"chr1-1787",0.164123343646921
"chr1-1788",0.0795729302958069
"chr1-1789",0.240103480027582
"chr1-1790",0.131096609448053
"chr1-1791",0.129864389924451
"chr1-1792",0.283969153646097
"chr1-1793",0.156640703779218
"chr1-1794",0.315589286550649
"chr1-1795",0.326677724197224
"chr1-1796",0.255683547106106
"chr1-1797",0.318462211952088
"chr1-1798",0.149395867708284
"chr1-1799",0.273923390115318
"chr1-1800",0.0650588338435004
"chr1-1801",0.0630880860017596
"chr1-1802",0.186388076638135
"chr1-1803",0.108817850481553
"chr1-1804",0.192147633504267
"chr1-1805",0.203776601864639
"chr1-1806",0.250271802535081
"chr1-1807",0.249108484463695
"chr1-1808",0.35578957391022
"chr1-1809",0.0730531995936953
"chr1-1810",0.157080947383764
"chr1-1811",0.271240077161333
"chr1-1812",0.238733963010901
"chr1-1813",0.276724642109499
"chr1-1814",0.257511202010924
"chr1-1815",0.16137251279418
"chr1-1816",0.326054701091818
"chr1-1817",0.123420414752551
"chr1-1818",0.246497016056514
"chr1-1819",0.377587000221278
"chr1-1820",0.257453679366816
"chr1-1821",0.16763680959282
"chr1-1822",0.103092068804696
"chr1-1823",0.126635055745331
"chr1-1824",0.118582803486622
"chr1-1825",0.162869949162177
"chr1-1826",0.265816992792031
"chr1-1827",0.19572240627375
"chr1-1828",0.152694485394272
"chr1-1829",0.24715081372701
"chr1-1830",0.277769161714488
"chr1-1831",0.160939075655787
"chr1-1832",-0.000562372203483579
"chr1-1833",0.28353702138866
"chr1-1834",0.145922552137787
"chr1-1835",0.299428325806423
"chr1-1836",0.0644715773203969
"chr1-1837",0.164993142135002
"chr1-1838",0.291786646633206
"chr1-1839",0.217805468384594
"chr1-1840",0.225070658180424
"chr1-1841",0.277892871178333
"chr1-1842",0.265107104498887
"chr1-1843",0.217930148445918
"chr1-1844",0.278769474447907
"chr1-1845",0.0847747657545229
"chr1-1846",0.160853627809299
"chr1-1847",0.183935122441097
"chr1-1848",-0.041324230135435
"chr1-1849",0.186286014727492
"chr1-1850",0.220135760465031
"chr1-1851",0.183886736133597
"chr1-1852",0.438427509730034
"chr1-1853",0.354071470319392
"chr1-1854",0.226141664375968
"chr1-1855",0.203339523884925
"chr1-1856",0.111343999966468
"chr1-1857",0.221825280249906
"chr1-1858",0.189024519761858
"chr1-1859",0.350866535821167
"chr1-1860",0.210081417430783
"chr1-1861",0.158839878039704
"chr1-1862",0.1191607874751
"chr1-1863",0.0925709499194653
"chr1-1864",0.207921968164787
"chr1-1865",0.162814500607332
"chr1-1866",0.230109123423517
"chr1-1867",0.113289119745942
"chr1-1868",0.336101970664667
"chr1-1869",0.0774504277084784
"chr1-1870",0.207986353823148
"chr1-1871",0.173397972157783
"chr1-1872",0.326082422170115
"chr1-1873",0.35016932522234
"chr1-1874",0.182552370063846
"chr1-1875",-0.0164402012681428
"chr1-1876",0.202721101953907
"chr1-1877",0.352474535852125
"chr1-1878",0.230491807716727
"chr1-1879",0.12956449651174
"chr1-1880",0.227343129808901
"chr1-1881",0.219174700310907
"chr1-1882",0.311600471784519
"chr1-1883",-0.000784724918447546
"chr1-1884",0.324713900695324
"chr1-1885",0.332662946388102
"chr1-1886",0.419063819172289
"chr1-1887",0.351201647194931
"chr1-1888",0.363541518380008
"chr1-1889",0.24715964081124
"chr1-1890",0.275645118742812
"chr1-1891",0.261563123388449
"chr1-1892",0.453505573281608
"chr1-1893",0.34748385626714
"chr1-1894",0.234760638197872
"chr1-1895",0.291000851698852
"chr1-1896",0.268790310079153
"chr1-1897",0.292973530349545
"chr1-1898",0.443551298851646
"chr1-1899",0.257696358046627
"chr1-1900",0.328001442575351
"chr1-1901",0.296965361257992
"chr1-1902",0.27568471311292
"chr1-1903",0.214361792688904
"chr1-1904",-0.257882238585048
"chr1-1905",-0.360250487062763
"chr1-1906",-0.442735604825554
"chr1-1907",-0.390625325211544
"chr1-1908",-0.266972341876701
"chr1-1909",-0.316199819843881
"chr1-1910",-0.288281345833228
"chr1-1911",-0.117009178610288
"chr1-1912",-0.233609191419417
"chr1-1913",-0.253675472463664
"chr1-1914",-0.234230186676285
"chr1-1915",-0.224859063159488
"chr1-1916",-0.297774591381207
"chr1-1917",-0.585714232768501
"chr1-1918",-0.260529589121909
"chr1-1919",-0.335245816332753
"chr1-1920",-0.462149811705628
"chr1-1921",-0.392736200748316
"chr1-1922",-0.341349787679431
"chr1-1923",-0.370097442248678
"chr1-1924",-0.167995141065509
"chr1-1925",-0.320878251865323
"chr1-1926",-0.376191331144599
"chr1-1927",-0.451349399017634
"chr1-1928",-0.307549813971017
"chr1-1929",-0.444072904169203
"chr1-1930",-0.395256375835333
"chr1-1931",-0.274386977863369
"chr1-1932",-0.373602771048288
"chr1-1933",-0.539301981307851
"chr1-1934",-0.290446273887687
"chr1-1935",-0.404193661967281
"chr1-1936",-0.343695551746337
"chr1-1937",-0.299732865290713
"chr1-1938",-0.540688699581684
"chr1-1939",-0.208379764048383
"chr1-1940",-0.227185115426254
"chr1-1941",-0.344652128318177
"chr1-1942",-0.450110319590562
"chr1-1943",-0.588431599125419
"chr1-1944",-0.483036364334285
"chr1-1945",-0.334078096564108
"chr1-1946",-0.423777251836793
"chr1-1947",-0.361872603677276
"chr1-1948",-0.190271570416686
"chr1-1949",-0.378856920508588
"chr1-1950",-0.2426614067675
"chr1-1951",-0.242540831689167
"chr1-1952",-0.225296959853075
"chr1-1953",-0.204271331232843
"chr1-1954",-0.308010512523161
"chr1-1955",-0.399206906218516
"chr1-1956",-0.184442289853995
"chr1-1957",-0.321300757174989
"chr1-1958",-0.331687297622048
"chr1-1959",-0.0860831169889633
"chr1-1960",-0.209799333056542
"chr1-1961",-0.221323191926465
"chr1-1962",-0.1589028440659
"chr1-1963",-0.283889704101421
"chr1-1964",-0.0996576426679442
"chr1-1965",-0.355847275972409
"chr1-1966",-0.0403068650897765
"chr1-1967",-0.274973186585258
"chr1-1968",-0.338980238728775
"chr1-1969",-0.362406426914125
"chr1-1970",-0.322519251225441
"chr1-1971",-0.311031533138055
"chr1-1972",-0.505082173645654
"chr1-1973",-0.390738347364561
"chr1-1974",-0.129552336154407
"chr1-1975",-0.275120472783314
"chr1-1976",-0.342196159880598
"chr1-1977",-0.345037491219246
"chr1-1978",-0.324716105911469
"chr1-1979",-0.52441582709332
"chr1-1980",-0.483155761149337
"chr1-1981",-0.441752107036283
"chr1-1982",-0.380236353479347
"chr1-1983",-0.336795609094358
"chr1-1984",-0.0180828634787151
"chr1-1985",-0.40661672708279
"chr1-1986",-0.177199103832081
"chr1-1987",-0.31760694731477
"chr1-1988",-0.436116987355909
"chr1-1989",-0.248483424077653
"chr1-1990",-0.226598081181684
"chr1-1991",-0.120458282777058
"chr1-1992",-0.215568295584696
"chr1-1993",-0.0294699489685572
"chr1-1994",-0.238897672101564
"chr1-1995",-0.317842609658692
"chr1-1996",-0.252281150124844
"chr1-1997",-0.241141381460341
"chr1-1998",-0.208838767221249
"chr1-1999",-0.214401143602468
"chr1-2000",-0.316610526705589
"chr1-2001",-0.156409378593222
"chr1-2002",-0.446821515848445
"chr1-2003",-0.365095488633887
"chr1-2004",-0.255869978551879
"chr1-2005",-0.350019457710639
"chr1-2006",-0.422601223515985
"chr1-2007",-0.472741061001994
"chr1-2008",-0.205583002528909
"chr1-2009",-0.264936730999882
"chr1-2010",-0.0568372037563807
"chr1-2011",-0.400008037368333
"chr1-2012",-0.768045724458255
"chr1-2013",-0.318028128052843
"chr1-2014",-0.723540844721688
"chr1-2015",-0.545855596528668
"chr1-2016",-0.52379089846606
"chr1-2017",-0.302196707109352
"chr1-2018",-0.160904906105218
"chr1-2019",-0.375334194680765
"chr1-2020",-0.521963512805862
"chr1-2021",-0.0935755951906054
"chr1-2022",-0.300137751354152
"chr1-2023",-0.406362251867427
"chr1-2024",-0.49411583143476
"chr1-2025",-0.354443534341858
"chr1-2026",-0.33492524877192
"chr1-2027",-0.269671552366493
"chr1-2028",-0.296335818761244
"chr1-2029",-0.295825113295691
"chr1-2030",-0.381236546312117
"chr1-2031",-0.435190874900377
"chr1-2032",-0.445747954138006
"chr1-2033",-0.391135801570335
"chr1-2034",-0.248272363101926
"chr1-2035",-0.313186039347018
"chr1-2036",-0.332941656446712
"chr1-2037",-0.290654029231331
"chr1-2038",-0.47710172420247
"chr1-2039",-0.334858694981096
"chr1-2040",-0.265262655688804
"chr1-2041",-0.233290880829859
"chr1-2042",-0.263885880997005
"chr1-2043",-0.209515616653366
"chr1-2044",-0.143401955886072
"chr1-2045",-0.188476364132059
"chr1-2046",-0.224626126726944
"chr1-2047",-0.27933029572606
"chr1-2048",-0.187234367670903
"chr1-2049",-0.422724656307737
"chr1-2050",-0.402291602253516
"chr1-2051",-0.160774203980031
"chr1-2052",-0.245314168569289
"chr1-2053",-0.134797416858854
"chr1-2054",-0.271821790652521
"chr1-2055",-0.121968676721164
"chr1-2056",-0.134609187884323
"chr1-2057",-0.328793093930051
"chr1-2058",-0.282231928620537
"chr1-2059",-0.0819381267301423
"chr1-2060",-0.16739459371346
"chr1-2061",-0.179201825997812
"chr1-2062",-0.162601201448299
"chr1-2063",-0.16678593972257
"chr1-2064",0.00615270812649944
"chr1-2065",-0.198972961132438
"chr1-2066",-0.0429744887207164
"chr1-2067",-0.365587097301298
"chr1-2068",-0.0919585149501035
"chr1-2069",-0.3713285259269
"chr1-2070",-0.433484138305264
"chr1-2071",-0.233946568388574
"chr1-2072",-0.163505932931727
"chr1-2073",-0.295950726704982
"chr1-2074",-0.0464909442124576
"chr1-2075",-0.362256470418522
"chr1-2076",-0.19198985370495
"chr1-2077",-0.287410255184895
"chr1-2078",-0.14297740632222
"chr1-2079",-0.412226769496979
"chr1-2080",-0.198480589971325
"chr1-2081",-0.37605518784322
"chr1-2082",-0.253118109462303
"chr1-2083",-0.122647001514953
"chr1-2084",-0.355634773121282
"chr1-2085",-0.300545304516535
"chr1-2086",-0.331923336655004
"chr1-2087",-0.309105667977581
"chr1-2088",-0.229685975906922
"chr1-2089",-0.306545313767826
"chr1-2090",-0.425560831420412
"chr1-2091",-0.391698625002282
"chr1-2092",-0.208951637864592
"chr1-2093",-0.428936072720485
"chr1-2094",-0.190886089680728
"chr1-2095",-0.0641177834466376
"chr1-2096",-0.272993748112251
"chr1-2097",-0.168326645626385
"chr1-2098",-0.360781813914609
"chr1-2099",-0.327477013897361
"chr1-2100",-0.196547585917352
"chr1-2101",-0.429877621727444
"chr1-2102",-0.26843439070701
"chr1-2103",-0.438762991219284
"chr1-2104",-0.368120367230646
"chr1-2105",-0.396499279398447
"chr1-2106",-0.511810654560557
"chr1-2107",-0.234862778951766
"chr1-2108",-0.363071880991124
"chr1-2109",-0.193506849090233
"chr1-2110",-0.173899068445451
"chr1-2111",-0.279456417938818
"chr1-2112",-0.316214267133351
"chr1-2113",-0.230952890061336
"chr1-2114",-0.417604855342209
"chr1-2115",-0.305797386077928
"chr1-2116",-0.187934440950422
"chr1-2117",-0.161909108011891
"chr1-2118",-0.151767665400203
"chr1-2119",-0.127239632243394
"chr1-2120",-0.181802552657893
"chr1-2121",-0.304570278620873
"chr1-2122",-0.422592255797869
"chr1-2123",-0.160219466927873
"chr1-2124",-0.470712965893375
"chr1-2125",-0.229862548982886
"chr1-2126",-0.31615740088153
"chr1-2127",-0.429484529797812
"chr1-2128",-0.266685757482884
"chr1-2129",-0.179296410044487
"chr1-2130",-0.222938236955727
"chr1-2131",-0.150256215053013
"chr1-2132",-0.296977744547508
"chr1-2133",-0.26911376314868
"chr1-2134",-0.25924353990859
"chr1-2135",-0.321839025021762
"chr1-2136",-0.228501082373421
"chr1-2137",-0.395537913246525
"chr1-2138",-0.431574331478265
"chr1-2139",-0.578411205969882
"chr1-2140",-0.60776195972361
"chr1-2141",-0.343641746942212
"chr1-2142",-0.579613472160112
"chr1-2143",-0.452641177118452
"chr1-2144",-0.440153912125675
"chr1-2145",-0.197570627757228
"chr1-2146",-0.493158916435981
"chr1-2147",-0.426654868954126
"chr1-2148",-0.464958445092033
"chr1-2149",-0.38711318460384
"chr1-2150",-0.480877952649981
"chr1-2151",-0.347823092663934
"chr1-2152",-0.355510544936952
"chr1-2153",-0.417667704840267
"chr1-2154",-0.303784795920785
"chr1-2155",-0.37548919112576
"chr1-2156",-0.498300683389233
"chr1-2157",-0.186042220591619
"chr1-2158",-0.219766596538413
"chr1-2159",-0.121147917129465
"chr1-2160",-0.445972946877512
"chr1-2161",-0.0481993850979737
"chr1-2162",-0.343802241814196
"chr1-2163",-0.3065859457142
"chr1-2164",-0.2841514955878
"chr1-2165",-0.484679545628658
"chr1-2166",-0.351882115302401
"chr1-2167",-0.320320698388325
"chr1-2168",-0.200487202002657
"chr1-2169",-0.220808802205951
"chr1-2170",-0.272230810039935
"chr1-2171",-0.160758739965948
"chr1-2172",-0.322422593871552
"chr1-2173",-0.520783967928947
"chr1-2174",-0.406776408323966
"chr1-2175",-0.225300603458554
"chr1-2176",-0.54566261613223
"chr1-2177",-0.170970121543836
"chr1-2178",-0.387016905775657
"chr1-2179",-0.199622039659019
"chr1-2180",-0.46225550406282
"chr1-2181",0.0464909560310102
"chr1-2182",-0.352493929748289
"chr1-2183",-0.465421242134058
"chr1-2184",-0.768808028274709
"chr1-2185",-0.611387571869344
"chr1-2186",-0.381536952513169
"chr1-2187",-0.239717544549271
"chr1-2188",-0.439835670961325
"chr1-2189",-0.0989582067986173
"chr1-2190",-0.266837865095929
"chr1-2191",-0.394829407641474
"chr1-2192",-0.173137964290366
"chr1-2193",-0.282469591760817
"chr1-2194",-0.267814901064909
"chr1-2195",-0.287668014481633
"chr1-2196",-0.332103522723495
"chr1-2197",-0.134630632763351
"chr1-2198",-0.457526404734777
"chr1-2199",-0.448853928634305
"chr1-2200",-0.318107171631439
"chr1-2201",-0.24420194592787
"chr1-2202",-0.252867144841915
"chr1-2203",-0.506974178936225
"chr1-2204",-0.258975882976916
"chr1-2205",-0.137578849078301
"chr1-2206",-0.378223769362409
"chr1-2207",-0.356538382761856
"chr1-2208",-0.385991197313019
"chr1-2209",-0.302660759593709
"chr1-2210",-0.269230768988964
"chr1-2211",-0.463210342046697
"chr1-2212",-0.272708993669937
"chr1-2213",-0.340378746167409
"chr1-2214",-0.169340330652768
"chr1-2215",-0.266236927903787
"chr1-2216",-0.163101327195153
"chr1-2217",-0.313630812842796
"chr1-2218",-0.231765352267375
"chr1-2219",-0.207237267758386
"chr1-2220",-0.222021192109478
"chr1-2221",-0.27230350040927
"chr1-2222",-0.419742061865114
"chr1-2223",-0.387454688457283
"chr1-2224",-0.289982198702493
"chr1-2225",-0.409973381579429
"chr1-2226",-0.193743948190921
"chr1-2227",-0.261771938476028
"chr1-2228",-0.702661535645946
"chr1-2229",-0.442413031985919
"chr1-2230",-0.464560187705318
"chr1-2231",-0.276171265505415
"chr1-2232",-0.194888940198607
"chr1-2233",-0.34788364603412
"chr1-2234",-0.510071333746379
"chr1-2235",-0.257078437426319
"chr1-2236",-0.148095383761731
"chr1-2237",-0.385346553716824
"chr1-2238",-0.136320047478114
"chr1-2239",-0.524537165705091
"chr1-2240",-0.539172705070316
"chr1-2241",-0.324739765493231
"chr1-2242",-0.238981386529989
"chr1-2243",-0.478826609671498
"chr1-2244",-0.38460401246808
"chr1-2245",-0.215639679293845
"chr1-2246",-0.291923634166461
"chr1-2247",-0.272617678167495
"chr1-2248",-0.337744017329009
"chr1-2249",-0.252379160781837
"chr1-2250",0.06371114435579
"chr10-0001",0.00185586692234339
"chr10-0002",0.0859185313137781
"chr10-0003",0.321881049739064
"chr10-0004",0.0329928112020638
"chr10-0005",0.215468818393968
"chr10-0006",0.0644817198327039
"chr10-0007",0.208427634837642
"chr10-0008",0.0247587763860038
"chr10-0009",0.100929776758368
"chr10-0010",0.2502950743268
"chr10-0011",0.180813382550094
"chr10-0012",0.106466064672856
"chr10-0013",0.230620562692724
"chr10-0014",0.275024625010428
"chr10-0015",0.32466737370089
"chr10-0016",0.121284491174305
"chr10-0017",0.0930447009404045
"chr10-0018",0.22717528299908
"chr10-0019",0.1895904048805
"chr10-0020",-0.0514476618461449
"chr10-0021",0.123996648029437
"chr10-0022",0.187154413040012
"chr10-0023",0.100494285935103
"chr10-0024",-0.0205231340993897
"chr10-0025",0.0260971129713631
"chr10-0026",0.11029203393494
"chr10-0027",0.102309806483626
"chr10-0028",0.118228696887794
"chr10-0029",0.126172607357154
"chr10-0030",-0.00599362305988983
"chr10-0031",0.0814955096532951
"chr10-0032",-0.0242890127292156
"chr10-0033",0.119005524842822
"chr10-0034",0.128746361666814
"chr10-0035",-0.0206635490712337
"chr10-0036",0.070980753886276
"chr10-0037",-0.0383773357897148
"chr10-0038",0.00787023104941248
"chr10-0039",0.0344924836677198
"chr10-0040",-0.0422279428730671
"chr10-0041",0.0516630392781862
"chr10-0042",0.0715531955656403
"chr10-0043",0.147327601896255
"chr10-0044",0.0734903709429286
"chr10-0045",0.0532260335298146
"chr10-0046",-0.0092656061883267
"chr10-0047",0.1219582262582
"chr10-0048",0.234673602305747
"chr10-0049",0.151969580131237
"chr10-0050",0.0571200657185241
"chr10-0051",-0.064462227609673
"chr10-0052",0.161904986194688
"chr10-0053",0.0488159808180804
"chr10-0054",0.158561335479276
"chr10-0055",0.0230603385543231
"chr10-0056",0.202259146758293
"chr10-0057",0.199000851987801
"chr10-0058",0.00261626139714
"chr10-0059",0.147698029377775
"chr10-0060",0.0621920853858745
"chr10-0061",0.140610723578039
"chr10-0062",0.149168077880806
"chr10-0063",0.29063362470143
"chr10-0064",0.270603544901677
"chr10-0065",0.135979038065948
"chr10-0066",0.00476651587697313
"chr10-0067",0.210462580524846
"chr10-0068",0.175120391716938
"chr10-0069",0.116139875687462
"chr10-0070",0.0259318552349912
"chr10-0071",0.130814504247425
"chr10-0072",0.228635280286187
"chr10-0073",0.268365193053088
"chr10-0074",0.303236593980012
"chr10-0075",0.277951317262135
"chr10-0076",0.266371158275909
"chr10-0077",0.151669713831626
"chr10-0078",0.216366600987775
"chr10-0079",-0.0188849767321153
"chr10-0080",-0.00903070988779572
"chr10-0081",-0.0870676175243049
"chr10-0082",0.129298739384638
"chr10-0083",-0.0015671439274611
"chr10-0084",0.148833208109826
"chr10-0085",0.0276484437023548
"chr10-0086",0.103644830443283
"chr10-0087",0.0797129916093742
"chr10-0088",0.18284649831021
"chr10-0089",0.213488429251835
"chr10-0090",0.0474669639547805
"chr10-0091",-0.331209236801185
"chr10-0092",0.0880866689610816
"chr10-0093",0.0590075950997688
"chr10-0094",-0.0380169757763216
"chr10-0095",0.0283864175956967
"chr10-0096",-0.103473164426351
"chr10-0097",-0.0845764589587043
"chr10-0098",0.161840701396645
"chr10-0099",-0.0720129707053992
"chr10-0100",-0.0104379353606234
"chr10-0101",0.0843261592759964
"chr10-0102",-0.00317380947350018
"chr10-0103",0.0368265261050544
"chr10-0104",-0.0393089822472997
"chr10-0105",0.0674495887753643
"chr10-0106",0.0725822253178083
"chr10-0107",0.0641604470483706
"chr10-0108",0.0959596129802898
"chr10-0109",0.171337763199172
"chr10-0110",0.029073320420664
"chr10-0111",-0.0486056449606131
"chr10-0112",0.0312376313400032
"chr10-0113",-0.117064212905077
"chr10-0114",-0.00482605542792027
"chr10-0115",0.0226812655024249
"chr10-0116",-0.00110536182486053
"chr10-0117",0.0184280841982929
"chr10-0118",0.0878326043327526
"chr10-0119",0.130255699350149
"chr10-0120",0.0253519898304452
"chr10-0121",-0.0292183999988668
"chr10-0122",0.145635245424498
"chr10-0123",0.180275304524263
"chr10-0124",0.162178216242857
"chr10-0125",0.152425656766552
"chr10-0126",0.214240714857352
"chr10-0127",0.154647842929198
"chr10-0128",0.194172249512241
"chr10-0129",0.117971207816129
"chr10-0130",0.126463276090891
"chr10-0131",0.12772158602411
"chr10-0132",0.0274728183735571
"chr10-0133",-0.0263111065096711
"chr10-0134",-0.0151706537628191
"chr10-0135",-0.00924571175635349
"chr10-0136",0.207744721442093
"chr10-0137",-0.133662064611669
"chr10-0138",0.0114198353413053
"chr10-0139",0.0554214768846883
"chr10-0140",-0.0981993529010089
"chr10-0141",-0.100476650341649
"chr10-0142",-0.116196108945667
"chr10-0143",-0.255374540796786
"chr10-0144",0.0848123729195296
"chr10-0145",-0.0985509047412379
"chr10-0146",-0.174978374972185
"chr10-0147",-0.00709364332615279
"chr10-0148",0.0460602566020608
"chr10-0149",-0.0403807151669097
"chr10-0150",0.0197724187595806
"chr10-0151",-0.00745785178286729
"chr10-0152",-0.164135289648424
"chr10-0153",-0.22381168967312
"chr10-0154",0.0784371801760685
"chr10-0155",0.0500011493319968
"chr10-0156",-0.107481907104423
"chr10-0157",-0.243972955257232
"chr10-0158",0.00393563544979042
"chr10-0159",0.0950163819545118
"chr10-0160",0.125655801500678
"chr10-0161",0.0181928277083161
"chr10-0162",-0.0182803656498963
"chr10-0163",-0.103232171024141
"chr10-0164",0.0530145459176384
"chr10-0165",-0.0271378929874277
"chr10-0166",0.141091255633617
"chr10-0167",0.0377365718652251
"chr10-0168",0.0420368469702587
"chr10-0169",-0.066366699102087
"chr10-0170",-0.0278850713853459
"chr10-0171",0.0753805077899318
"chr10-0172",0.111978602800883
"chr10-0173",0.115427201707888
"chr10-0174",-0.0159708604728284
"chr10-0175",0.00342813316071592
"chr10-0176",-0.109279527680786
"chr10-0177",-0.300375792408006
"chr10-0178",-0.167299636143437
"chr10-0179",-0.10718743455261
"chr10-0180",0.0242253056976151
"chr10-0181",0.146734672765654
"chr10-0182",0.0548002459089223
"chr10-0183",0.0507263933378233
"chr10-0184",-0.0268149715430763
"chr10-0185",-0.0381113425139788
"chr10-0186",0.150807673142044
"chr10-0187",0.198418274424216
"chr10-0188",-0.0263014950333454
"chr10-0189",0.144724582023189
"chr10-0190",0.091808082976997
"chr10-0191",0.0959171729428613
"chr10-0192",-0.0723200210928809
"chr10-0193",0.0070530263143494
"chr10-0194",0.00210466283818141
"chr10-0195",0.0897366504752066
"chr10-0196",0.129662565008589
"chr10-0197",0.195851916069549
"chr10-0198",0.0944591323202503
"chr10-0199",0.0949370857353212
"chr10-0200",0.0968664992153778
"chr10-0201",-0.15032145554201
"chr10-0202",0.233223859807802
"chr10-0203",0.0427203364335924
"chr10-0204",0.233431794679767
"chr10-0205",0.111699294112568
"chr10-0206",0.198745609924809
"chr10-0207",0.148530667295904
"chr10-0208",0.0428856586832994
"chr10-0209",0.0633754109055357
"chr10-0210",-0.191507020725361
"chr10-0211",0.048157986540502
"chr10-0212",0.128030997824239
"chr10-0213",0.202115083323008
"chr10-0214",0.100239299948746
"chr10-0215",0.0715442030085895
"chr10-0216",0.211058363114382
"chr10-0217",0.30813804535714
"chr10-0218",0.274033949468243
"chr10-0219",0.0114189976928992
"chr10-0220",0.0436915437325852
"chr10-0221",0.0703984294376796
"chr10-0222",0.109738032025246
"chr10-0223",0.110396941783147
"chr10-0224",-0.170535432514158
"chr10-0225",0.0636888978451348
"chr10-0226",0.0519900308431664
"chr10-0227",0.0879164633839603
"chr10-0228",0.124844291000682
"chr10-0229",-0.0409376007962964
"chr10-0230",-0.000289273045511689
"chr10-0231",0.0338294671549619
"chr10-0232",-0.0307540222318197
"chr10-0233",-0.0634606602798265
"chr10-0234",0.0997104840557338
"chr10-0235",0.0602887030128745
"chr10-0236",0.131698541651562
"chr10-0237",0.2195746528401
"chr10-0238",-0.0753078086254662
"chr10-0239",0.0103573061050895
"chr10-0240",0.141409459875761
"chr10-0241",-0.0197849500106547
"chr10-0242",0.0199239080569297
"chr10-0243",0.0937089183474748
"chr10-0244",0.131843525380009
"chr10-0245",0.0393890643582964
"chr10-0246",-0.0410861470170868
"chr10-0247",0.121153649560618
"chr10-0248",0.00963221136164956
"chr10-0249",-0.186414366261335
"chr10-0250",0.0921515948155254
"chr10-0251",-0.0310318122615054
"chr10-0252",-0.0187730092716845
"chr10-0253",-0.0663501784192859
"chr10-0254",-0.156565031257404
"chr10-0255",-0.162967810006182
"chr10-0256",0.0468186494440089
"chr10-0257",0.119854197849214
"chr10-0258",0.074648475293571
"chr10-0259",0.221599412778343
"chr10-0260",0.190467836322624
"chr10-0261",0.263130297058108
"chr10-0262",0.0868134241462567
"chr10-0263",0.0820929245463166
"chr10-0264",-0.107544131037676
"chr10-0265",-0.00602622521296759
"chr10-0266",0.155448179126904
"chr10-0267",-0.0388815385722132
"chr10-0268",0.0332623208419758
"chr10-0269",-0.0821136298680042
"chr10-0270",-0.02421231948972
"chr10-0271",0.0641398307401352
"chr10-0272",-0.00836770309658935
"chr10-0273",-0.0130761387746001
"chr10-0274",0.0940539714953273
"chr10-0275",-0.123070644054432
"chr10-0276",0.0602420431601536
"chr10-0277",0.2317184183026
"chr10-0278",-0.0508706067364667
"chr10-0279",0.167535192686642
"chr10-0280",0.150355890989059
"chr10-0281",0.200791074076175
"chr10-0282",0.0922420237627915
"chr10-0283",-0.0489487158026293
"chr10-0284",0.0132081683490357
"chr10-0285",-0.060665987614836
"chr10-0286",-0.0134543191759172
"chr10-0287",0.0867212394700061
"chr10-0288",0.00958874664008704
"chr10-0289",0.126753875001655
"chr10-0290",0.0880890379388549
"chr10-0291",0.0491531361227336
"chr10-0292",0.151138030025381
"chr10-0293",0.0680594086331005
"chr10-0294",0.0724789411523212
"chr10-0295",0.250160877538204
"chr10-0296",0.0115322036385905
"chr10-0297",0.121718006323628
"chr10-0298",0.0883704201492219
"chr10-0299",0.0794474746993633
"chr10-0300",0.0694598163465032
"chr10-0301",-0.275363616283779
"chr10-0302",0.209845369076594
"chr10-0303",0.0577742393317013
"chr10-0304",0.0852671731992797
"chr10-0305",0.13093999562034
"chr10-0306",0.121494732527715
"chr10-0307",0.168274912426106
"chr10-0308",0.0180333762546204
"chr10-0309",0.140194091635954
"chr10-0310",0.139512132921891
"chr10-0311",0.0909990845676528
"chr10-0312",0.198103468844207
"chr10-0313",0.275035045426187
"chr10-0314",0.11120217083366
"chr10-0315",0.0143128671138319
"chr10-0316",0.0860838052138493
"chr10-0317",0.0592283446630478
"chr10-0318",-0.0974137223370445
"chr10-0319",0.0389670390323743
"chr10-0320",0.00186436915602941
"chr10-0321",-0.0535222230241564
"chr10-0322",-0.207761226262104
"chr10-0323",0.106755815706265
"chr10-0324",0.105290582010716
"chr10-0325",0.0697888674435911
"chr10-0326",0.129536814694723
"chr10-0327",0.229330640851827
"chr10-0328",0.038829653885025
"chr10-0329",0.0835331179751536
"chr10-0330",-0.0203011063330789
"chr10-0331",0.04387271526112
"chr10-0332",-0.0299534221456631
"chr10-0333",-0.1950529630283
"chr10-0334",-0.0295948102412384
"chr10-0335",0.138587525577052
"chr10-0336",0.316527291345924
"chr10-0337",-0.0149486541706294
"chr10-0338",-0.233125617271251
"chr10-0339",0.014058125857763
"chr10-0340",-0.0508282634140967
"chr10-0341",0.00533820286405623
"chr10-0342",-0.0657560044489489
"chr10-0343",0.0683773426913794
"chr10-0344",-0.0320525833445465
"chr10-0345",0.067167851719619
"chr10-0346",0.0493731269624383
"chr10-0347",0.116231557650435
"chr10-0348",0.0709694277216512
"chr10-0349",0.00018697433831202
"chr10-0350",-0.0855666675361483
"chr10-0351",-0.0908040471183819
"chr10-0352",0.146272309091307
"chr10-0353",-0.117465639603985
"chr10-0354",-0.181943225939234
"chr10-0355",0.0245882420778478
"chr10-0356",0.129850038227062
"chr10-0357",-0.0223452576857974
"chr10-0358",0.0886131561591884
"chr10-0359",0.10770524141087
"chr10-0360",0.238023198236134
"chr10-0361",0.138353468605335
"chr10-0362",0.360479190757867
"chr10-0363",0.036045973983484
"chr10-0364",-0.00104089427134085
"chr10-0365",0.258774304914246
"chr10-0366",-0.0441850569620684
"chr10-0367",0.0831096110633151
"chr10-0368",0.176593376498631
"chr10-0369",0.0629207795660522
"chr10-0370",0.553651723536512
"chr10-0371",-0.162945991016188
"chr10-0372",0.106816814749936
"chr10-0373",0.117551043496904
"chr10-0374",0.0654431918321963
"chr10-0375",0.0229934501993722
"chr10-0376",0.019324038545738
"chr10-0377",-0.0310713610713715
"chr10-0378",-0.0654754831525346
"chr10-0379",0.162993398997309
"chr10-0380",-0.184706586544813
"chr10-0381",0.0423010583019221
"chr10-0382",-0.110573032855817
"chr10-0383",0.0593834017819553
"chr10-0384",0.135130699750188
"chr10-0385",0.282092724312909
"chr10-0386",0.138041827412021
"chr10-0387",-0.0533680450686978
"chr10-0388",0.0250235285338571
"chr10-0389",0.102791535445299
"chr10-0390",0.0235683798955986
"chr10-0391",-0.0792920665873809
"chr10-0392",0.0900303566946758
"chr10-0393",-0.0835338072164344
"chr10-0394",0.1990345248902
"chr10-0395",0.186387785820118
"chr10-0396",0.10538201811477
"chr10-0397",0.197480125478757
"chr10-0398",0.129046962733809
"chr10-0399",0.108450825223998
"chr10-0400",0.0793307017598549
"chr10-0401",0.0982276409723552
"chr10-0402",0.0475108821790889
"chr10-0403",0.150536277358898
"chr10-0404",-0.0542332856231973
"chr10-0405",0.134163684852251
"chr10-0406",0.0438401449951921
"chr10-0407",-0.0501357161538681
"chr10-0408",0.0730142496774067
"chr10-0409",0.141158805196938
"chr10-0410",0.0243658648643302
"chr10-0411",0.0561754822602579
"chr10-0412",0.0811192897556556
"chr10-0413",0.107377636450845
"chr10-0414",-0.00107146075245309
"chr10-0415",0.0755157322483381
"chr10-0416",0.181901381086601
"chr10-0417",0.00188931183865226
"chr10-0418",0.0106501417102733
"chr10-0419",-0.04019607639288
"chr10-0420",0.0215721419961765
"chr10-0421",0.0505845224447221
"chr10-0422",-0.0428526370574318
"chr10-0423",0.0356127299367367
"chr10-0424",0.152839396716193
"chr10-0425",0.119213106784799
"chr10-0426",0.114399757385769
"chr10-0427",-0.109970640512042
"chr10-0428",0.0225364879334796
"chr10-0429",0.132238002528959
"chr10-0430",0.258145941017524
"chr10-0431",0.10712753799234
"chr10-0432",0.149118375774579
"chr10-0433",0.0717793107586638
"chr10-0434",0.0599811014711276
"chr10-0435",0.0960941185260306
"chr10-0436",0.100865079301768
"chr10-0437",0.0487389256542706
"chr10-0438",0.214770892568507
"chr10-0439",0.149379971078329
"chr10-0440",0.251523979861381
"chr10-0441",-0.0246954069141599
"chr10-0442",-0.00877983463691324
"chr10-0443",0.24639174228599
"chr10-0444",0.030649980756593
"chr10-0445",0.192361471488741
"chr10-0446",-0.0345711030013861
"chr10-0447",0.111485240104492
"chr10-0448",0.193626404257105
"chr10-0449",0.152244613839112
"chr10-0450",0.135632308438901
"chr10-0451",0.00739762515528111
"chr10-0452",0.139983018285779
"chr10-0453",0.180411632913643
"chr10-0454",0.214779686850443
"chr10-0455",0.144339431007352
"chr10-0456",0.191209203644112
"chr10-0457",0.073880966755199
"chr10-0458",0.202941482645917
"chr10-0459",0.284308291797248
"chr10-0460",0.167530341095015
"chr10-0461",0.143734419417616
"chr10-0462",0.02077386846228
"chr10-0463",0.299466934058551
"chr10-0464",0.121972872123168
"chr10-0465",0.405946622732962
"chr10-0466",0.162003695131263
"chr10-0467",0.19357259586612
"chr10-0468",0.17835822106365
"chr10-0469",0.0525301818153361
"chr10-0470",0.0626807179721242
"chr10-0471",0.106638542740803
"chr10-0472",0.189033979317569
"chr10-0473",0.0781128667978845
"chr10-0474",0.230010916052023
"chr10-0475",0.114917399288951
"chr10-0476",0.0282391210548831
"chr10-0477",0.0276902836483971
"chr10-0478",0.0300207634063565
"chr10-0479",0.183506953317722
"chr10-0480",-0.164430850475738
"chr10-0481",0.0431344882821253
"chr10-0482",0.185983284950276
"chr10-0483",0.231831177691066
"chr10-0484",0.328708249697744
"chr10-0485",0.0416551660317813
"chr10-0486",0.121500644610858
"chr10-0487",-0.127684661282137
"chr10-0488",-0.484147897111642
"chr10-0489",0.308001866275972
"chr10-0490",0.101639689018739
"chr10-0491",-0.173469222974528
"chr10-0492",-0.123276949495929
"chr10-0493",-0.296641873625794
"chr10-0494",-0.264590401389467
"chr10-0495",-0.0586843325303672
"chr10-0496",0.017254962455513
"chr10-0497",-0.201926669645253
"chr10-0498",-0.0368987017505142
"chr10-0499",0.0389799230679257
"chr10-0500",-0.163836279103345
"chr10-0501",-0.00402894125078636
"chr10-0502",-0.228036357007511
"chr10-0503",-0.128983920103938
"chr10-0504",0.0332536905118321
"chr10-0505",-0.0725684373687977
"chr10-0506",-0.0460027724144704
"chr10-0507",-0.103121444642593
"chr10-0508",-0.0476783807357844
"chr10-0509",0.0205384902373099
"chr10-0510",0.0507316610963878
"chr10-0511",0.0143548321470244
"chr10-0512",-0.0914149493448506
"chr10-0513",0.0409352259342603
"chr10-0514",-0.148060313680275
"chr10-0515",0.0788633635376692
"chr10-0516",-0.0546057215198028
"chr10-0517",0.0172474052780148
"chr10-0518",0.033494306106101
"chr10-0519",0.1655465611413
"chr10-0520",-0.0875320789602432
"chr10-0521",0.0582389471136299
"chr10-0522",-0.0446395962488293
"chr10-0523",0.0212465511475454
"chr10-0524",-0.0203532738694017
"chr10-0525",-0.0335163756900017
"chr10-0526",-0.133342581671838
"chr10-0527",-0.179576045097191
"chr10-0528",0.0236453353962178
"chr10-0529",-0.0272447839703278
"chr10-0530",0.126900983030019
"chr10-0531",-0.0363302670651819
"chr10-0532",-0.0466354738904766
"chr10-0533",0.103507117998653
"chr10-0534",0.0247314414608909
"chr10-0535",-0.0203708371662813
"chr10-0536",0.0917711220998587
"chr10-0537",0.103801896579825
"chr10-0538",0.0203066353055413
"chr10-0539",0.00955196233976142
"chr10-0540",-0.0422359797170791
"chr10-0541",0.0290349667869121
"chr10-0542",0.0168053679859582
"chr10-0543",-0.104523981212735
"chr10-0544",0.0715209845281471
"chr10-0545",-0.0460970335304972
"chr10-0546",0.0495652597595768
"chr10-0547",0.0631500119841656
"chr10-0548",0.0117190149927445
"chr10-0549",0.0823145347312221
"chr10-0550",0.0477122111823448
"chr10-0551",-0.206482132889645
"chr10-0552",-0.10751374469839
"chr10-0553",0.0494013658610594
"chr10-0554",-0.00530258473068207
"chr10-0555",-0.0360410394082262
"chr10-0556",-0.0700957323798319
"chr10-0557",-0.059620509441307
"chr10-0558",-0.131160757252838
"chr10-0559",-0.0849990910031069
"chr10-0560",0.0335702175122911
"chr10-0561",-0.123912820805548
"chr10-0562",-0.0211860274186558
"chr10-0563",0.0363362945896584
"chr10-0564",-0.106160327333685
"chr10-0565",0.0654498105115609
"chr10-0566",0.000281938334384086
"chr10-0567",0.00198380797378593
"chr10-0568",-0.162739560812185
"chr10-0569",0.166322738050604
"chr10-0570",-0.116878560491745
"chr10-0571",-0.0399929546309773
"chr10-0572",-0.105147838947464
"chr10-0573",-0.348346805560355
"chr10-0574",0.00304193660353704
"chr10-0575",0.0225232818814982
"chr10-0576",0.103988483990186
"chr10-0577",0.000180196042435957
"chr10-0578",0.102606116112011
"chr10-0579",0.00158926372652524
"chr10-0580",-0.119904219299389
"chr10-0581",-0.163012212261073
"chr10-0582",-0.0502571760345265
"chr10-0583",-0.082075152646677
"chr10-0584",-0.0331469701919025
"chr10-0585",-0.530310927565615
"chr10-0586",-0.49074663205731
"chr10-0587",-0.544798541885791
"chr10-0588",-0.369884957895806
"chr10-0589",-0.48275134277743
"chr10-0590",-0.177750211737749
"chr10-0591",-0.275082763006505
"chr10-0592",-0.23172583749177
"chr10-0593",-0.241553505814308
"chr10-0594",-0.0812363404106067
"chr10-0595",-0.310515826913777
"chr10-0596",-0.227221105692176
"chr10-0597",-0.421563130871867
"chr10-0598",-0.402894077388086
"chr10-0599",-0.158876077038452
"chr10-0600",-0.151646319676841
"chr10-0601",-0.548647938263855
"chr10-0602",-0.372607728373375
"chr10-0603",-0.44511688185935
"chr10-0604",-0.214818302067401
"chr10-0605",-0.319724274375099
"chr10-0606",-0.16934335758605
"chr10-0607",-0.548241383280693
"chr10-0608",-0.317052918823539
"chr10-0609",-0.229176483627498
"chr10-0610",-0.221740764325756
"chr10-0611",-0.386973056824576
"chr10-0612",-0.575331210690046
"chr10-0613",-0.294009322451651
"chr10-0614",-0.286260159683165
"chr10-0615",-0.243851878108224
"chr10-0616",-0.385436981625646
"chr10-0617",-0.203227407395527
"chr10-0618",-0.395321866515743
"chr10-0619",-0.277715648598612
"chr10-0620",-0.304074594051303
"chr10-0621",-0.528667716280814
"chr10-0622",-0.166575942002874
"chr10-0623",-0.26101962522126
"chr10-0624",-0.178776262998052
"chr10-0625",-0.256605933710089
"chr10-0626",-0.0999330533664364
"chr10-0627",-0.224191245992291
"chr10-0628",-0.201839746736371
"chr10-0629",-0.145753311025476
"chr10-0630",-0.167143633584041
"chr10-0631",-0.375311869129614
"chr10-0632",-0.425964385358571
"chr10-0633",-0.181188600595168
"chr10-0634",-0.321416899547246
"chr10-0635",-0.421167001739146
"chr10-0636",-0.474088590600006
"chr10-0637",-0.444501928372155
"chr10-0638",-0.237616060212831
"chr10-0639",-0.24797599877598
"chr10-0640",-0.368087513841568
"chr10-0641",-0.348496788453368
"chr10-0642",-0.442923599780478
"chr10-0643",-0.162855184239203
"chr10-0644",-0.372398936067722
"chr10-0645",-0.39367145841036
"chr10-0646",-0.37487219507167
"chr10-0647",-0.394756260854229
"chr10-0648",-0.283000316776474
"chr10-0649",-0.272683949319287
"chr10-0650",-0.536106285924797
"chr10-0651",-0.439047864241826
"chr10-0652",-0.397095188908532
"chr10-0653",-0.420089361951984
"chr10-0654",-0.274677323166585
"chr10-0655",-0.470563707419688
"chr10-0656",-0.467062176109266
"chr10-0657",-0.436905587455587
"chr10-0658",-0.36310743862805
"chr10-0659",-0.360289953681527
"chr10-0660",-0.352940840974305
"chr10-0661",-0.204781537544044
"chr10-0662",-0.452012328832294
"chr10-0663",-0.397531084627298
"chr10-0664",-0.326445287936228
"chr10-0665",-0.296012167072287
"chr10-0666",-0.452711322891725
"chr10-0667",-0.348979775353695
"chr10-0668",-0.210829110181478
"chr10-0669",-0.574894768462952
"chr10-0670",-0.088977772993575
"chr10-0671",-0.104192108047231
"chr10-0672",-0.192868404264629
"chr10-0673",-0.374342534871576
"chr10-0674",-0.550244353131865
"chr10-0675",-0.223601737369093
"chr10-0676",-0.397845030765731
"chr10-0677",-0.184946944828859
"chr10-0678",-0.23625405544702
"chr10-0679",-0.281609232359783
"chr10-0680",-0.35719041237861
"chr10-0681",-0.437894784607104
"chr10-0682",-0.306209958989073
"chr10-0683",-0.391790802165647
"chr10-0684",-0.294644941641445
"chr10-0685",-0.240945626254032
"chr10-0686",-0.172050906031854
"chr10-0687",-0.361085589866823
"chr10-0688",-0.27219916563867
"chr10-0689",-0.454930378626831
"chr10-0690",-0.425610649357974
"chr10-0691",-0.379051923470797
"chr10-0692",-0.419597726163336
"chr10-0693",-0.208031976915686
"chr10-0694",-0.301158006750195
"chr10-0695",-0.308181275077673
"chr10-0696",-0.242264120214858
"chr10-0697",-0.386353171042479
"chr10-0698",-0.486833500714185
"chr10-0699",-0.227104253650308
"chr10-0700",-0.3586507215105
"chr10-0701",-0.232348000514551
"chr10-0702",-0.0510485191296132
"chr10-0703",-0.142047049846748
"chr10-0704",-0.408525628133199
"chr10-0705",-0.317220843499932
"chr10-0706",-0.344390262098023
"chr10-0707",-0.296083208415703
"chr10-0708",-0.163202369368557
"chr10-0709",-0.411136953031085
"chr10-0710",-0.43824010759441
"chr10-0711",-0.51768099126101
"chr10-0712",-0.420363982067106
"chr10-0713",-0.304994035815817
"chr10-0714",-0.423985143467291
"chr10-0715",-0.243478861433638
"chr10-0716",-0.514867600462038
"chr10-0717",-0.332189284577476
"chr10-0718",-0.424777087827095
"chr10-0719",-0.225527274971298
"chr10-0720",-0.456371180630179
"chr10-0721",-0.487572317473554
"chr10-0722",-0.635454155830806
"chr10-0723",-0.452402679309133
"chr10-0724",-0.182410317473283
"chr10-0725",-0.32740605357186
"chr10-0726",-0.258516881224159
"chr10-0727",-0.35258741967072
"chr10-0728",-0.493442564926706
"chr10-0729",-0.196192611728925
"chr10-0730",-0.337573587190959
"chr10-0731",-0.440250005928386
"chr10-0732",-0.361593090574606
"chr10-0733",-0.533384363350019
"chr10-0734",-0.40214320654599
"chr10-0735",-0.448403160910995
"chr10-0736",-0.334165559110337
"chr10-0737",-0.385057499673363
"chr10-0738",-0.403319205500899
"chr10-0739",-0.470857879851712
"chr10-0740",-0.214642259702595
"chr10-0741",-0.4445111258171
"chr10-0742",-0.269604141166705
"chr10-0743",-0.502883413863477
"chr10-0744",-0.283993717512115
"chr10-0745",-0.159630939218854
"chr10-0746",-0.402419132949991
"chr10-0747",-0.162080730705626
"chr10-0748",-0.436353115498358
"chr10-0749",-0.264062500984907
"chr10-0750",-0.174951374723491
"chr10-0751",-0.184039472878357
"chr10-0752",-0.319109714833145
"chr10-0753",-0.487758557481566
"chr10-0754",-0.546532143200547
"chr10-0755",-0.406061200115306
"chr10-0756",-0.337916492370832
"chr10-0757",-0.406278634194027
"chr10-0758",-0.255838921089017
"chr10-0759",-0.657169921132797
"chr10-0760",-0.403863974693733
"chr10-0761",-0.254123383855311
"chr10-0762",-0.740772039940355
"chr10-0763",-0.34921204369141
"chr10-0764",-0.231291059457201
"chr10-0765",-0.351763619312912
"chr10-0766",-0.394466489662399
"chr10-0767",-0.448945166220026
"chr10-0768",-0.224029719093719
"chr10-0769",-0.160195898171248
"chr10-0770",-0.19063781333701
"chr10-0771",-0.303929547430588
"chr10-0772",-0.16360418527324
"chr10-0773",-0.404917108283118
"chr10-0774",-0.34039479073363
"chr10-0775",-0.277682695080169
"chr10-0776",-0.157519729547731
"chr10-0777",-0.436134156291602
"chr10-0778",-0.257131104865226
"chr10-0779",-0.34472599473543
"chr10-0780",-0.195573974031158
"chr10-0781",-0.159170391230743
"chr10-0782",-0.480976094209242
"chr10-0783",-0.268950498956948
"chr10-0784",-0.361377920103127
"chr10-0785",-0.23704661216293
"chr10-0786",-0.283467256310232
"chr10-0787",-0.591974817892061
"chr10-0788",-0.409816124598764
"chr10-0789",-0.368609280822589
"chr10-0790",-0.467219401422776
"chr10-0791",-0.495505988022901
"chr10-0792",-0.686587800922521
"chr10-0793",-0.584138797846963
"chr10-0794",-0.0619573257732964
"chr10-0795",-0.233503329285921
"chr10-0796",-0.474155692790755
"chr10-0797",-0.854147037293389
"chr10-0798",-0.350742802308461
"chr10-0799",-0.35619933038813
"chr10-0800",-0.389009197734001
"chr10-0801",-0.461928870680239
"chr10-0802",-0.26218788623291
"chr10-0803",-0.581733909772652
"chr10-0804",-0.376242497118804
"chr10-0805",-0.334109024089148
"chr10-0806",-0.297957187793789
"chr10-0807",-0.389394417202525
"chr10-0808",-0.416481011428598
"chr10-0809",-0.382038916062842
"chr10-0810",-0.451611586797209
"chr10-0811",-0.279138007908052
"chr10-0812",-0.159211979707171
"chr10-0813",-0.238022237301731
"chr10-0814",-0.368087513109375
"chr10-0815",-0.323232945118454
"chr10-0816",-0.438569783878861
"chr10-0817",-0.330100785976999
"chr10-0818",-0.398158833776285
"chr10-0819",-0.330757661924725
"chr10-0820",-0.26143110215843
"chr10-0821",-0.290498865355887
"chr10-0822",-0.305696625057446
"chr10-0823",-0.293293620687082
"chr10-0824",-0.13565318532136
"chr10-0825",-0.601095748212343
"chr10-0826",-0.370824721681565
"chr10-0827",-0.408658107921159
"chr10-0828",-0.299814238312747
"chr10-0829",-0.302503209336763
"chr10-0830",-0.536453584468186
"chr10-0831",-0.312644753214492
"chr10-0832",-0.323722899873428
"chr10-0833",-0.203702135863994
"chr10-0834",-0.732515311353019
"chr10-0835",-0.475154033068958
"chr10-0836",-0.389399153788471
"chr10-0837",-0.213720298012298
"chr10-0838",-0.494845780675424
"chr10-0839",-0.564124706940964
"chr10-0840",-0.648213915202947
"chr10-0841",-0.329998009467264
"chr10-0842",-0.587353449806514
"chr10-0843",-0.128269192906293
"chr10-0844",-0.393300967582692
"chr10-0845",-0.509659987487457
"chr10-0846",-1.1211593587942
"chr10-0847",-0.603644004995035
"chr10-0848",-0.511180186146708
"chr10-0849",-0.309219564464861
"chr10-0850",-0.278366162022984
"chr10-0851",-0.167214443641398
"chr10-0852",-0.591370197305084
"chr10-0853",-0.152795515239213
"chr10-0854",-0.262202539964377
"chr10-0855",-0.230167245815859
"chr10-0856",-0.391750947699114
"chr10-0857",-0.311336889489515
"chr10-0858",-0.259018935821343
"chr10-0859",-0.0694401690517387
"chr10-0860",-0.4660760823175
"chr10-0861",-0.291993158507041
"chr10-0862",-0.401441528356684
"chr10-0863",-0.478461446161707
"chr10-0864",-0.206590169473204
"chr10-0865",-0.169638334623483
"chr10-0866",-0.410845753142328
"chr10-0867",-0.546124784771266
"chr10-0868",-0.620290595569495
"chr10-0869",-0.339882302518367
"chr10-0870",-0.396739169076178
"chr10-0871",-0.404600178262896
"chr10-0872",-0.328318995425796
"chr10-0873",-0.166406157724289
"chr10-0874",-0.371430063373635
"chr10-0875",-0.377030802898826
"chr10-0876",-0.269714611034072
"chr10-0877",-0.288372899253428
"chr10-0878",-0.283292106377112
"chr10-0879",-0.252019766330971
"chr10-0880",-0.329982745808755
"chr10-0881",-0.308439670233997
"chr10-0882",-0.391299477926766
"chr10-0883",-0.361938861401012
"chr10-0884",-0.333088952731161
"chr10-0885",-0.292704381159222
"chr10-0886",-0.394642183772346
"chr10-0887",-0.495086042549451
"chr10-0888",-0.395608242712935
"chr10-0889",-0.252426036175469
"chr10-0890",-0.402237940889107
"chr10-0891",-0.353045051854918
"chr10-0892",-0.351167460823501
"chr10-0893",-0.248535258409443
"chr10-0894",-0.4664673359963
"chr10-0895",-0.440031451452018
"chr10-0896",-0.510275008351261
"chr10-0897",-0.403301335287549
"chr10-0898",-0.286738181677116
"chr10-0899",-0.248855788439406
"chr10-0900",-0.340582212669226
"chr10-0901",-0.154065365575894
"chr10-0902",-0.486629456305634
"chr10-0903",-0.295380040174118
"chr10-0904",-0.280921550654681
"chr10-0905",-0.488418683769306
"chr10-0906",-0.338569170235835
"chr10-0907",-0.370773147976711
"chr10-0908",-0.0878765027022986
"chr10-0909",-0.45908734531703
"chr10-0910",-0.315801940208639
"chr10-0911",-0.079395683384492
"chr10-0912",-0.430737990496905
"chr10-0913",-0.238263529033466
"chr10-0914",-0.161420850521401
"chr10-0915",-0.467673046198321
"chr10-0916",-0.369986586291891
"chr10-0917",-0.436063753204337
"chr10-0918",-0.387296445769154
"chr10-0919",-0.356128730828971
"chr10-0920",-0.477044909484178
"chr10-0921",-0.302943868133176
"chr10-0922",-0.413195718565458
"chr10-0923",-0.458949209516346
"chr10-0924",-0.36413170322606
"chr10-0925",-0.171804485463641
"chr10-0926",-0.333012279016032
"chr10-0927",-0.189102852147359
"chr10-0928",-0.202030867276104
"chr10-0929",-0.333893544317701
"chr10-0930",-0.439459933128292
"chr10-0931",-0.518615499373464
"chr10-0932",-0.32812074516993
"chr10-0933",-0.288495226090504
"chr10-0934",-0.268973057709837
"chr10-0935",-0.35706781828499
"chr10-0936",-0.270133626786532
"chr10-0937",-0.327406858566089
"chr10-0938",-0.299543913778376
"chr10-0939",-0.404890765056136
"chr10-0940",-0.522330482913634
"chr10-0941",-0.613546148315353
"chr10-0942",-0.376930621159307
"chr10-0943",-0.43691449530575
"chr10-0944",-0.189805000901927
"chr10-0945",-0.103734396384791
"chr10-0946",-0.366315423317569
"chr10-0947",-0.237162015548871
"chr10-0948",-0.4064384270823
"chr10-0949",-0.474077041587705
"chr10-0950",-0.494660567323813
"chr10-0951",-0.557095786851431
"chr10-0952",-0.529665144729441
"chr10-0953",-0.764370261958031
"chr10-0954",-0.164853357255559
"chr10-0955",-0.632110293575032
"chr10-0956",-0.300920205494291
"chr10-0957",-0.346416345816809
"chr10-0958",-0.312608345244603
"chr10-0959",-0.378615054458557
"chr10-0960",-0.226677901127871
"chr10-0961",-0.405143924745297
"chr10-0962",-0.515329289058279
"chr10-0963",-0.52772262427616
"chr10-0964",-0.404115810941699
"chr10-0965",-0.236709811205043
"chr10-0966",-0.453540143057182
"chr10-0967",-0.357875687233055
"chr10-0968",-0.402352253837159
"chr10-0969",-0.401036843327904
"chr10-0970",-0.344972628667626
"chr10-0971",-0.324224419367468
"chr10-0972",-0.327159566233512
"chr10-0973",-0.211898117792226
"chr10-0974",-0.194921049299121
"chr10-0975",-0.500366065940926
"chr10-0976",-0.386573353341927
"chr10-0977",-0.194613184735141
"chr10-0978",-0.42088230110103
"chr10-0979",-0.447481527037041
"chr10-0980",-0.321505131591932
"chr10-0981",-0.375072117310611
"chr10-0982",-0.209218264716352
"chr10-0983",-0.198570307552699
"chr10-0984",-0.233808943338273
"chr10-0985",-0.15516499123107
"chr10-0986",-0.44310533214044
"chr10-0987",-0.309427894741514
"chr10-0988",-0.350896547599646
"chr10-0989",-0.245707561526696
"chr10-0990",-0.336724458944355
"chr10-0991",-0.486042362339443
"chr10-0992",-0.339151974759879
"chr10-0993",-0.263275790837601
"chr10-0994",-0.235029526290863
"chr10-0995",-0.330539524540103
"chr10-0996",-0.340445712592335
"chr10-0997",-0.260109959407156
"chr10-0998",-0.4714264874367
"chr10-0999",-0.373791860198637
"chr10-1000",-0.204457795317026
"chr10-1001",-0.407448767990672
"chr10-1002",-0.258482873120993
"chr10-1003",-0.103229022441801
"chr10-1004",-0.303818027057836
"chr10-1005",-0.397184671099442
"chr10-1006",-0.40215398662962
"chr10-1007",-0.417657968663634
"chr10-1008",-0.327746443986359
"chr10-1009",-0.146224260144255
"chr10-1010",-0.230768622856158
"chr10-1011",-0.315810773480832
"chr10-1012",-0.14027383565966
"chr10-1013",-0.213786828895682
"chr10-1014",-0.307077053873712
"chr10-1015",-0.392325491702528
"chr10-1016",-0.533185595135302
"chr10-1017",-0.383217756048097
"chr10-1018",-0.168008669122004
"chr10-1019",-0.355685284025745
"chr10-1020",-0.236086352907945
"chr10-1021",-0.32339877199822
"chr10-1022",-0.201670094592048
"chr10-1023",-0.281223157589799
"chr10-1024",-0.251146856264202
"chr10-1025",-0.392453426979469
"chr10-1026",-0.238008885353383
"chr10-1027",-0.182006263988793
"chr10-1028",-0.460931252525031
"chr10-1029",-0.301818109799602
"chr10-1030",-0.324513678923052
"chr10-1031",-0.307590374625107
"chr10-1032",-0.369033046529913
"chr10-1033",-0.242995315452893
"chr10-1034",-0.419258328816065
"chr10-1035",-0.169040539135867
"chr10-1036",-0.316593302319488
"chr10-1037",-0.249775453111887
"chr10-1038",-0.271110620735306
"chr10-1039",-0.575385605895976
"chr10-1040",-0.344586250065548
"chr10-1041",-0.222717546173422
"chr10-1042",-0.230259417249123
"chr10-1043",-0.177398366697725
"chr10-1044",-0.231634577947284
"chr10-1045",-0.469384756712955
"chr10-1046",-0.345799447997303
"chr10-1047",-0.395971774493516
"chr10-1048",-0.329167586106008
"chr10-1049",-0.344158691888353
"chr10-1050",-0.254261188211344
"chr10-1051",-0.271755401024764
"chr10-1052",-0.29039300220703
"chr10-1053",-0.258374770207957
"chr10-1054",-0.145819372779557
"chr10-1055",-0.188509992242414
"chr10-1056",-0.175970965999057
"chr10-1057",-0.174819700729616
"chr10-1058",-0.0651034070839046
"chr10-1059",-0.186645855147291
"chr10-1060",-0.124563547307623
"chr10-1061",-0.243093955262582
"chr10-1062",-0.246209223799436
"chr10-1063",-0.267424797541639
"chr10-1064",-0.343758423347137
"chr10-1065",-0.282929751951866
"chr10-1066",-0.230950487591674
"chr10-1067",-0.104210939298379
"chr10-1068",-0.451324358386993
"chr10-1069",-0.249764396405735
"chr10-1070",-0.301248897282955
"chr10-1071",-0.170559730798038
"chr10-1072",-0.294212169904571
"chr10-1073",-0.23475333726999
"chr10-1074",-0.266437397637075
"chr10-1075",-0.244410462582767
"chr10-1076",-0.45826116408215
"chr10-1077",-0.20315796486742
"chr10-1078",-0.220173872082081
"chr10-1079",-0.268272845480229
"chr10-1080",-0.446722879656996
"chr10-1081",-0.225474992174101
"chr10-1082",-0.363524143495095
"chr10-1083",-0.270401118033075
"chr10-1084",-0.277371013500668
"chr10-1085",-0.54528986744666
"chr10-1086",-0.332075617676354
"chr10-1087",-0.345111708950082
"chr10-1088",-0.38161065892185
"chr10-1089",-0.132192317711658
"chr10-1090",-0.116884496077079
"chr10-1091",-0.296803088869404
"chr10-1092",-0.1577044535832
"chr10-1093",-0.250023302418073
"chr10-1094",-0.369780112335812
"chr10-1095",-0.240816929698224
"chr10-1096",-0.191334958538124
"chr10-1097",-0.0686882728144429
"chr10-1098",-0.150355050077946
"chr10-1099",-0.19971497746451
"chr10-1100",-0.0724195580023224
"chr10-1101",-0.0958527286076912
"chr10-1102",-0.0534747920797944
"chr10-1103",-0.252756095830513
"chr10-1104",-0.232608436040562
"chr10-1105",0.0120709410843087
"chr10-1106",-0.0589325803686712
"chr10-1107",-0.0496665035579533
"chr10-1108",-0.193502196377554
"chr10-1109",-0.197914641561522
"chr10-1110",-0.237918736334097
"chr10-1111",-0.222097816616482
"chr10-1112",-0.14593802779205
"chr10-1113",-0.219700745096415
"chr10-1114",0.00905601241894197
"chr10-1115",-0.142332023424797
"chr10-1116",-0.21495105977275
"chr10-1117",-0.171585316724454
"chr10-1118",-0.0787068848683077
"chr10-1119",-0.164197452439307
"chr10-1120",-0.12613833451916
"chr10-1121",-0.0360061098241508
"chr10-1122",-0.383646708988394
"chr10-1123",-0.224899322736687
"chr10-1124",-0.168010607365392
"chr10-1125",-0.210895185222258
"chr10-1126",-0.137082418967709
"chr10-1127",-0.163997222124511
"chr10-1128",-0.23194904443883
"chr10-1129",-0.338464239499901
"chr10-1130",-0.197625556650034
"chr10-1131",-0.220978039812935
"chr10-1132",-0.278894192096122
"chr10-1133",-0.18988859856723
"chr10-1134",-0.224650228074037
"chr10-1135",-0.14381710715398
"chr10-1136",-0.0916533363611731
"chr10-1137",-0.157110109130695
"chr10-1138",-0.20273877271232
"chr10-1139",-0.15827669273765
"chr10-1140",-0.0321633773006291
"chr10-1141",-0.167884090608723
"chr10-1142",-0.239855014245938
"chr10-1143",-0.348504108429702
"chr10-1144",-0.149442350515856
"chr10-1145",-0.0788230884294863
"chr10-1146",-0.198346552421585
"chr10-1147",-0.330450324206781
"chr10-1148",-0.21985673964334
"chr10-1149",-0.247851440952524
"chr11-0001",0.220278315765833
"chr11-0002",0.101866187756309
"chr11-0003",0.00807837535833821
"chr11-0004",-0.115892617221176
"chr11-0005",0.0492283069892493
"chr11-0006",0.0202462230867378
"chr11-0007",0.0903216237323685
"chr11-0008",0.0705772656104133
"chr11-0009",0.183977558454603
"chr11-0010",0.135325432358977
"chr11-0011",0.0477796536176698
"chr11-0012",0.136773476704487
"chr11-0013",0.171924041631008
"chr11-0014",0.108635313309643
"chr11-0015",0.119975066225821
"chr11-0016",0.166071055320588
"chr11-0017",0.179974533919407
"chr11-0018",0.147101380518172
"chr11-0019",0.115452171424949
"chr11-0020",0.0385401949613267
"chr11-0021",0.106385821016168
"chr11-0022",0.100106485995381
"chr11-0023",-0.0276341195535822
"chr11-0024",0.0728187170514168
"chr11-0025",0.0544689102086552
"chr11-0026",0.0691574843477929
"chr11-0027",0.0973095351818168
"chr11-0028",0.0497851664141206
"chr11-0029",0.0561571742674674
"chr11-0030",-0.0657994452538308
"chr11-0031",0.0362876256170113
"chr11-0032",0.0522175616532054
"chr11-0033",0.153500480773646
"chr11-0034",0.0995775688594961
"chr11-0035",0.136846878752513
"chr11-0036",-0.0539295059718114
"chr11-0037",0.0258383255936666
"chr11-0038",0.0174269455716688
"chr11-0039",0.0171801331449542
"chr11-0040",0.254256866938575
"chr11-0041",0.105930401983044
"chr11-0042",0.0610006774057229
"chr11-0043",0.123040926480032
"chr11-0044",0.208591209203886
"chr11-0045",0.28162771710783
"chr11-0046",0.0932273965239596
"chr11-0047",0.0463857990827614
"chr11-0048",0.0545230014129523
"chr11-0049",0.223505604364675
"chr11-0050",0.0560856023923141
"chr11-0051",0.205348365537306
"chr11-0052",0.246072385180302
"chr11-0053",0.055118034331939
"chr11-0054",0.135213211817854
"chr11-0055",-0.0684097535104736
"chr11-0056",0.170981721257508
"chr11-0057",0.177279298170573
"chr11-0058",0.173741618098542
"chr11-0059",0.369671332850688
"chr11-0060",0.185425525199377
"chr11-0061",0.135779332817484
"chr11-0062",0.0503947241411544
"chr11-0063",0.0232526277958504
"chr11-0064",0.0416634190774158
"chr11-0065",0.215451853755586
"chr11-0066",0.0684392959994689
"chr11-0067",0.125346044880514
"chr11-0068",0.128172052419824
"chr11-0069",0.134431297132142
"chr11-0070",0.0548490059931262
"chr11-0071",0.0928519536234352
"chr11-0072",-0.0864505689097571
"chr11-0073",0.109015793423553
"chr11-0074",0.0950177839368331
"chr11-0075",-0.144735379402222
"chr11-0076",0.143205628514648
"chr11-0077",0.0915909450135849
"chr11-0078",0.104285694587795
"chr11-0079",-0.000398352925727256
"chr11-0080",0.0162824514891565
"chr11-0081",0.101197037034468
"chr11-0082",0.0387175587099351
"chr11-0083",0.0654167005831381
"chr11-0084",0.110917539134622
"chr11-0085",0.147068719504714
"chr11-0086",0.203564224394484
"chr11-0087",0.0911920398817103
"chr11-0088",0.147702603631527
"chr11-0089",0.137978839849282
"chr11-0090",0.0727077759319041
"chr11-0091",0.129390923707506
"chr11-0092",0.0526626269685516
"chr11-0093",0.13680897165124
"chr11-0094",-0.0581826544542137
"chr11-0095",0.107404459707916
"chr11-0096",0.0999220480890444
"chr11-0097",0.0939746948247863
"chr11-0098",-0.106968517080192
"chr11-0099",0.163851420882806
"chr11-0100",0.0398859288122012
"chr11-0101",0.0806285248075826
"chr11-0102",-0.0348272423818097
"chr11-0103",-0.0479593553083001
"chr11-0104",-0.0694938739077459
"chr11-0105",0.0393448920654493
"chr11-0106",0.0334791705556511
"chr11-0107",-0.0318261468552156
"chr11-0108",0.214346951799822
"chr11-0109",-0.0522589134317186
"chr11-0110",-0.0188973355134788
"chr11-0111",0.0715992906328476
"chr11-0112",0.0218455215554723
"chr11-0113",0.0612965652597257
"chr11-0114",-0.222309457388151
"chr11-0115",0.150208095821034
"chr11-0116",0.139448728210867
"chr11-0117",-0.128701518679515
"chr11-0118",0.223697216858594
"chr11-0119",-0.0789240178904441
"chr11-0120",0.0282664923237851
"chr11-0121",-0.0241197099578116
"chr11-0122",0.0484866088370133
"chr11-0123",0.218396411588335
"chr11-0124",-0.00879488370614303
"chr11-0125",-0.0164146001879622
"chr11-0126",0.00287218636674033
"chr11-0127",0.197398099844727
"chr11-0128",0.0771279122136634
"chr11-0129",-0.172825406648184
"chr11-0130",0.137146835142326
"chr11-0131",-0.199575253039306
"chr11-0132",-0.00857887560565759
"chr11-0133",0.209117565996601
"chr11-0134",0.101121543301373
"chr11-0135",0.0180892879093543
"chr11-0136",0.12455116466154
"chr11-0137",0.0718076167476409
"chr11-0138",0.180820460026945
"chr11-0139",0.0887018828841712
"chr11-0140",0.0654135502253699
"chr11-0141",0.00254971123825483
"chr11-0142",0.1570047501537
"chr11-0143",0.16461386212627
"chr11-0144",0.0810424382705729
"chr11-0145",0.494984365800896
"chr11-0146",0.123826661608423
"chr11-0147",-0.00422877630572243
"chr11-0148",0.104700069493743
"chr11-0149",0.172175485299233
"chr11-0150",0.111145993153221
"chr11-0151",0.140839652506322
"chr11-0152",-0.0491697908632462
"chr11-0153",0.109341420000814
"chr11-0154",0.0501738918665466
"chr11-0155",0.0480992740269032
"chr11-0156",-0.121613597807503
"chr11-0157",0.0604455245324592
"chr11-0158",0.146773465385147
"chr11-0159",0.0188699025723695
"chr11-0160",0.234083342493931
"chr11-0161",0.0501183874944151
"chr11-0162",-0.107061727176343
"chr11-0163",0.179003752239207
"chr11-0164",0.143521947345582
"chr11-0165",0.0619544631154491
"chr11-0166",0.12378946237503
"chr11-0167",0.0449958511332247
"chr11-0168",-0.0695093509967168
"chr11-0169",0.0504657800374775
"chr11-0170",0.167915130131299
"chr11-0171",0.10590632393917
"chr11-0172",-0.208909683810493
"chr11-0173",-0.103555582620492
"chr11-0174",-0.0100198736486452
"chr11-0175",-0.0751711464449787
"chr11-0176",-0.105013432261765
"chr11-0177",0.105585521998948
"chr11-0178",0.00018239971369329
"chr11-0179",-0.0103186945764531
"chr11-0180",0.0639340878142104
"chr11-0181",0.11884141428305
"chr11-0182",0.244689341676715
"chr11-0183",0.186603015773227
"chr11-0184",0.0885118969122553
"chr11-0185",-0.00941189690346921
"chr11-0186",0.131653036428968
"chr11-0187",0.11480865486901
"chr11-0188",0.22278288054604
"chr11-0189",0.198611418947824
"chr11-0190",-0.18280198779967
"chr11-0191",0.0902001165943521
"chr11-0192",0.12013282643024
"chr11-0193",0.0373997417584169
"chr11-0194",0.13845958322041
"chr11-0195",0.0314146675493208
"chr11-0196",0.0613292250337904
"chr11-0197",0.014043866608378
"chr11-0198",0.114128934189109
"chr11-0199",0.249070271058832
"chr11-0200",0.247680605882868
"chr11-0201",0.101899809653931
"chr11-0202",0.175193111436208
"chr11-0203",0.0785280772221566
"chr11-0204",-6.78118059572269e-05
"chr11-0205",0.0592335623098177
"chr11-0206",0.243721692502028
"chr11-0207",0.0855594335951303
"chr11-0208",0.162255063976789
"chr11-0209",0.231579034420583
"chr11-0210",0.245673328140302
"chr11-0211",0.0973427384081119
"chr11-0212",0.123690041452529
"chr11-0213",0.180486656619351
"chr11-0214",0.119418240986066
"chr11-0215",0.0749009531088198
"chr11-0216",0.20003527236549
"chr11-0217",0.108193215710924
"chr11-0218",0.155000588621938
"chr11-0219",0.032443715119652
"chr11-0220",-0.0673121725738688
"chr11-0221",0.0525362981609454
"chr11-0222",0.00911048680496213
"chr11-0223",0.0459281827471338
"chr11-0224",0.137056590690255
"chr11-0225",-0.0535590439023382
"chr11-0226",0.122711158624548
"chr11-0227",0.0415188648589713
"chr11-0228",0.183926802901687
"chr11-0229",0.282881331577993
"chr11-0230",0.103759924010454
"chr11-0231",0.142219600241661
"chr11-0232",0.228420043285133
"chr11-0233",0.120801392250164
"chr11-0234",0.224432954187857
"chr11-0235",0.175906980452142
"chr11-0236",0.124170294689431
"chr11-0237",0.0888187356759336
"chr11-0238",0.0804883276770147
"chr11-0239",0.0804948032155442
"chr11-0240",-0.0822665474804014
"chr11-0241",0.0172563076873184
"chr11-0242",0.0904080899120492
"chr11-0243",0.103297296069077
"chr11-0244",0.0156072480228177
"chr11-0245",0.0361719060479063
"chr11-0246",-0.0298611680499812
"chr11-0247",0.097780157937637
"chr11-0248",0.0797402214569583
"chr11-0249",0.148351603902576
"chr11-0250",0.0140997545570175
"chr11-0251",-0.0214365903663152
"chr11-0252",0.162878848296614
"chr11-0253",0.0595101410826462
"chr11-0254",0.0950811022438939
"chr11-0255",0.235582757927002
"chr11-0256",-0.176205924768264
"chr11-0257",-0.0512305575705201
"chr11-0258",0.0358590962492044
"chr11-0259",-0.00403284773393172
"chr11-0260",-0.0473840065183486
"chr11-0261",-0.082621370185796
"chr11-0262",-0.0987691910441321
"chr11-0263",-0.0508908799018756
"chr11-0264",0.00302241893448443
"chr11-0265",-0.0485234515218728
"chr11-0266",0.0127043775627506
"chr11-0267",-0.118013499058956
"chr11-0268",-0.0239208386562199
"chr11-0269",0.233186053808657
"chr11-0270",0.177855019290907
"chr11-0271",0.116184228310003
"chr11-0272",0.0618133338156659
"chr11-0273",0.0860741799719679
"chr11-0274",0.0424522612174476
"chr11-0275",0.172734639446554
"chr11-0276",0.126569195682002
"chr11-0277",0.0858056687739524
"chr11-0278",0.181022192333542
"chr11-0279",0.0849197394163069
"chr11-0280",0.017426365694276
"chr11-0281",0.163238148841827
"chr11-0282",0.128049293855917
"chr11-0283",0.113492114577956
"chr11-0284",0.180751723873655
"chr11-0285",0.190884365987557
"chr11-0286",0.116316909465634
"chr11-0287",0.145390217515866
"chr11-0288",0.206071337873612
"chr11-0289",0.184848796135175
"chr11-0290",0.127044299479059
"chr11-0291",0.348302369940235
"chr11-0292",0.167910547425911
"chr11-0293",0.111854468525351
"chr11-0294",0.230179200067972
"chr11-0295",0.189880343935314
"chr11-0296",0.291925618438466
"chr11-0297",0.151538549244086
"chr11-0298",0.14083654317
"chr11-0299",0.00255830033159382
"chr11-0300",0.138294994248209
"chr11-0301",0.0817787945314939
"chr11-0302",0.00952913189406188
"chr11-0303",0.0495974671690808
"chr11-0304",0.0406926976776933
"chr11-0305",0.112336341755784
"chr11-0306",0.219507143237257
"chr11-0307",0.180908435317328
"chr11-0308",0.148255783341693
"chr11-0309",0.173021121640901
"chr11-0310",0.16868000584449
"chr11-0311",0.232059552022053
"chr11-0312",0.132228307260314
"chr11-0313",0.171920322201305
"chr11-0314",0.233134781257072
"chr11-0315",0.363728758075616
"chr11-0316",0.22101317874751
"chr11-0317",0.0962478643819545
"chr11-0318",-0.0288505026953414
"chr11-0319",0.132705393454624
"chr11-0320",0.127889954386766
"chr11-0321",0.0719564620336507
"chr11-0322",0.130048824324087
"chr11-0323",0.0871478587996201
"chr11-0324",0.0422655945235818
"chr11-0325",0.0567411220548447
"chr11-0326",-0.00231935059824288
"chr11-0327",0.0880001598138745
"chr11-0328",0.0898281763579563
"chr11-0329",0.0401268950757029
"chr11-0330",0.0084370953326652
"chr11-0331",0.101088470674333
"chr11-0332",0.0955645660183525
"chr11-0333",-0.0236878836514789
"chr11-0334",0.0952395052188237
"chr11-0335",0.158950008289728
"chr11-0336",0.160827947284225
"chr11-0337",0.135814520629118
"chr11-0338",0.016933557969384
"chr11-0339",0.0447869223768255
"chr11-0340",-0.0109827303563876
"chr11-0341",0.0650818813147257
"chr11-0342",-0.0248555150567563
"chr11-0343",0.0097064628249851
"chr11-0344",0.074837532895169
"chr11-0345",0.0652203293286842
"chr11-0346",0.0395986506331309
"chr11-0347",0.213422421409972
"chr11-0348",0.124843912417265
"chr11-0349",0.163396363042554
"chr11-0350",0.189446536063058
"chr11-0351",0.0654658707602527
"chr11-0352",0.166869686660539
"chr11-0353",0.0606051516542738
"chr11-0354",0.0345697879887087
"chr11-0355",0.355085463586938
"chr11-0356",0.215697826557244
"chr11-0357",0.203249543923064
"chr11-0358",0.0964171215830827
"chr11-0359",0.156232751434924
"chr11-0360",0.277487038946978
"chr11-0361",0.0806614829607827
"chr11-0362",0.171958084023065
"chr11-0363",0.189043477887351
"chr11-0364",0.0393165389782023
"chr11-0365",0.0485057885251268
"chr11-0366",0.108029387083108
"chr11-0367",-0.05489506513716
"chr11-0368",0.132409106164463
"chr11-0369",0.109780886242172
"chr11-0370",0.217876232180585
"chr11-0371",0.166515633026198
"chr11-0372",0.268211757207046
"chr11-0373",0.0609718679334184
"chr11-0374",0.0331585387401424
"chr11-0375",0.264507029312497
"chr11-0376",0.124020200100978
"chr11-0377",-0.0375732742937067
"chr11-0378",0.261028936422986
"chr11-0379",0.080298934085844
"chr11-0380",0.181693043502994
"chr11-0381",-0.0343096408201339
"chr11-0382",0.125731489008413
"chr11-0383",0.0874509518711498
"chr11-0384",0.222702164373567
"chr11-0385",0.0684459553728129
"chr11-0386",-0.0285414547861125
"chr11-0387",0.0915346969185074
"chr11-0388",0.166963013185143
"chr11-0389",0.109642261198063
"chr11-0390",0.0365882561447071
"chr11-0391",0.0801855297526675
"chr11-0392",0.0326244080804039
"chr11-0393",0.0248752945257877
"chr11-0394",0.0314252141516068
"chr11-0395",0.107082215711492
"chr11-0396",-0.046938308339008
"chr11-0397",0.13898016479966
"chr11-0398",0.0993748683811884
"chr11-0399",0.0260900921255728
"chr11-0400",0.0969389904961796
"chr11-0401",0.118347860842538
"chr11-0402",0.167159026259454
"chr11-0403",0.0774786620658976
"chr11-0404",0.0778057112757323
"chr11-0405",0.0003691603083008
"chr11-0406",0.0008694529327534
"chr11-0407",0.164706973531897
"chr11-0408",-0.0213645752595497
"chr11-0409",0.0220604096274445
"chr11-0410",0.0116487593995357
"chr11-0411",0.11349554225306
"chr11-0412",0.000255986848428597
"chr11-0413",0.0241019402139575
"chr11-0414",0.0701347661687577
"chr11-0415",-0.0956573557837129
"chr11-0416",0.298386546713445
"chr11-0417",-0.0877763560987861
"chr11-0418",0.0258559897435315
"chr11-0419",-0.0333608061657322
"chr11-0420",0.059205216988325
"chr11-0421",-0.0275737804914561
"chr11-0422",0.0432663507007402
"chr11-0423",-0.229813239900775
"chr11-0424",0.0488333535326025
"chr11-0425",0.0298758020256509
"chr11-0426",0.0367458601716062
"chr11-0427",-0.04180917173595
"chr11-0428",0.147712894119028
"chr11-0429",0.195380985043385
"chr11-0430",-0.173133459418373
"chr11-0431",0.01164010355656
"chr11-0432",0.0529484613294736
"chr11-0433",0.16958214094972
"chr11-0434",-0.368269735324257
"chr11-0435",-0.0546689583395171
"chr11-0436",0.0630110995902931
"chr11-0437",-0.0173178739569022
"chr11-0438",0.175842227965232
"chr11-0439",0.0344392004985543
"chr11-0440",0.0525137862290363
"chr11-0441",-0.12276766115881
"chr11-0442",-0.0575194473390832
"chr11-0443",0.103379639634918
"chr11-0444",0.0348323168038342
"chr11-0445",-0.145360393716595
"chr11-0446",0.108730817635464
"chr11-0447",-0.100550831920455
"chr11-0448",-0.229846337819595
"chr11-0449",-0.140907027314283
"chr11-0450",-0.0482996570973653
"chr11-0451",0.0883932902262788
"chr11-0452",0.00556620324690832
"chr11-0453",-0.0255969910325993
"chr11-0454",-0.087623472719351
"chr11-0455",0.241843628923237
"chr11-0456",0.174595646620644
"chr11-0457",0.0740056295013901
"chr11-0458",-0.224640226893666
"chr11-0459",-0.144452183595421
"chr11-0460",0.167756239350071
"chr11-0461",0.106318737273142
"chr11-0462",0.026171175810454
"chr11-0463",0.0837726540422319
"chr11-0464",0.345870612469079
"chr11-0465",-0.0476529980995927
"chr11-0466",0.0534997533599836
"chr11-0467",0.0669125598347145
"chr11-0468",-0.061141259767836
"chr11-0469",0.176878505825548
"chr11-0470",0.0932694332554077
"chr11-0471",0.0491822689299248
"chr11-0472",-0.0570954850285651
"chr11-0473",-0.0319455953854625
"chr11-0474",0.0761928727763436
"chr11-0475",-0.0263428940539218
"chr11-0476",-0.01223227381874
"chr11-0477",0.0333682147918204
"chr11-0478",-0.147403910508943
"chr11-0479",-0.101835190757572
"chr11-0480",0.0865397578782383
"chr11-0481",-0.068713870367948
"chr11-0482",0.116018129324324
"chr11-0483",-0.0544910192361885
"chr11-0484",-0.0172478824443447
"chr11-0485",0.0206912857926581
"chr11-0486",-0.00113582299412485
"chr11-0487",0.0517023663642425
"chr11-0488",0.137199331517621
"chr11-0489",0.177483472055059
"chr11-0490",-0.0782265866056998
"chr11-0491",0.063545243005178
"chr11-0492",0.0343992215383522
"chr11-0493",0.0735255627438631
"chr11-0494",0.0688043557173579
"chr11-0495",0.0995258370669718
"chr11-0496",-0.0396122674964391
"chr11-0497",-0.258437180380648
"chr11-0498",-0.0471543076009334
"chr11-0499",0.0468832328734202
"chr11-0500",0.179851110450042
"chr11-0501",-0.0677171261215783
"chr11-0502",0.061644521719462
"chr11-0503",0.000740128020407867
"chr11-0504",0.0422194525642543
"chr11-0505",0.116769311387381
"chr11-0506",0.21396302517782
"chr11-0507",-0.0437598324568612
"chr11-0508",-0.0166563796448376
"chr11-0509",0.237089684986173
"chr11-0510",0.00860277535301824
"chr11-0511",-0.086330040762085
"chr11-0512",0.0530183325680473
"chr11-0513",0.0181497768147459
"chr11-0514",0.0410568702022849
"chr11-0515",0.0223364232733001
"chr11-0516",0.0721782886350932
"chr11-0517",-0.0699986524862357
"chr11-0518",0.0282537410518636
"chr11-0519",-0.073101760461021
"chr11-0520",0.0780577646819946
"chr11-0521",0.106567297045219
"chr11-0522",0.13720450459628
"chr11-0523",0.118277352100013
"chr11-0524",-0.0173987859530458
"chr11-0525",-0.118482759985972
"chr11-0526",0.112515598204302
"chr11-0527",0.0503391517504321
"chr11-0528",-0.0797585261948802
"chr11-0529",0.152204324796952
"chr11-0530",0.135169082216535
"chr11-0531",0.00663255171656319
"chr11-0532",-0.210585309951008
"chr11-0533",0.0325514661347536
"chr11-0534",0.134762821777688
"chr11-0535",0.030495429010695
"chr11-0536",0.0650142374148551
"chr11-0537",0.0804812882201508
"chr11-0538",0.0946149456975151
"chr11-0539",0.0495565337785725
"chr11-0540",-0.0720951449312353
"chr11-0541",-0.00612886931314561
"chr11-0542",-0.171014566857042
"chr11-0543",0.0962792946753626
"chr11-0544",-0.0170813399365383
"chr11-0545",-0.0111519291457737
"chr11-0546",-0.155651118894107
"chr11-0547",-0.0684143715088583
"chr11-0548",0.0160051821743294
"chr11-0549",0.0418168687015676
"chr11-0550",-0.0120216940079388
"chr11-0551",-0.0380711407456423
"chr11-0552",0.0520756667961759
"chr11-0553",-0.022035593943456
"chr11-0554",-0.166193561090821
"chr11-0555",0.0310201815694774
"chr11-0556",0.0456293522870132
"chr11-0557",0.17462253106658
"chr11-0558",-0.222438317870414
"chr11-0559",-0.389389413918069
"chr11-0560",-0.107675353661131
"chr11-0561",-0.110715125968398
"chr11-0562",0.177821310375841
"chr11-0563",0.0762865099140542
"chr11-0564",-0.0691259653304563
"chr11-0565",-0.0647157839526773
"chr11-0566",-0.0396664494177023
"chr11-0567",-0.208184129807849
"chr11-0568",0.0980032235610335
"chr11-0569",-0.0764051096336377
"chr11-0570",-0.0577341784504436
"chr11-0571",-0.141016288152981
"chr11-0572",0.0326017696421504
"chr11-0573",-0.0810534287151806
"chr11-0574",0.168061245979379
"chr11-0575",-0.0310668811383729
"chr11-0576",0.112894769544695
"chr11-0577",-0.0282609389693241
"chr11-0578",0.157929472326108
"chr11-0579",-0.303260236123074
"chr11-0580",-0.0408072049109866
"chr11-0581",-0.0510433722713855
"chr11-0582",0.0658543474206552
"chr11-0583",-0.0314951403112005
"chr11-0584",0.126031312826652
"chr11-0585",0.0836039060021818
"chr11-0586",-0.1094230922662
"chr11-0587",0.176507455966307
"chr11-0588",0.143656885757924
"chr11-0589",0.0410663652836742
"chr11-0590",0.0314775774488304
"chr11-0591",0.0348566768949668
"chr11-0592",0.00210721342305488
"chr11-0593",0.104200366733373
"chr11-0594",0.150356049513335
"chr11-0595",-0.139143580075996
"chr11-0596",0.0117417849962898
"chr11-0597",0.027207383448068
"chr11-0598",0.00242007772757643
"chr11-0599",0.0428614427703201
"chr11-0600",0.0492148875075914
"chr11-0601",-0.0358655466248076
"chr11-0602",0.184785647402382
"chr11-0603",0.173640166873646
"chr11-0604",0.0749612051614635
"chr11-0605",0.118795660636055
"chr11-0606",0.0160272450668424
"chr11-0607",0.0143501885827828
"chr11-0608",0.082610077271455
"chr11-0609",0.103960726295037
"chr11-0610",0.0289572743724846
"chr11-0611",-0.0255801610803863
"chr11-0612",-0.171997023321482
"chr11-0613",-0.0947283747725409
"chr11-0614",-0.0804908484434038
"chr11-0615",-0.134213479896604
"chr11-0616",-0.124947836400803
"chr11-0617",0.0423475005701419
"chr11-0618",-0.0429411012924476
"chr11-0619",0.15392740392283
"chr11-0620",-0.0557794214291034
"chr11-0621",-0.180727041438666
"chr11-0622",-0.00590002785247803
"chr11-0623",0.0830283576756331
"chr11-0624",-0.0112543578340775
"chr11-0625",0.170962117527233
"chr11-0626",-0.0146298814109446
"chr11-0627",0.0692654570611748
"chr11-0628",0.103315987912028
"chr11-0629",0.10506368765196
"chr11-0630",0.069336777211908
"chr11-0631",0.0416015047759115
"chr11-0632",0.151412218690035
"chr11-0633",0.00918114207167173
"chr11-0634",-0.0632019170185368
"chr11-0635",0.00857011886437711
"chr11-0636",0.0781081648319553
"chr11-0637",-0.0405973478441244
"chr11-0638",0.0498756125506399
"chr11-0639",0.019533956428693
"chr11-0640",0.0322876363216788
"chr11-0641",0.0612457045530302
"chr11-0642",0.0361780589408497
"chr11-0643",-0.0728683416812145
"chr11-0644",-0.0115099561454648
"chr11-0645",0.0490135180495765
"chr11-0646",0.10355680598498
"chr11-0647",-0.0111280569060077
"chr11-0648",0.0636372560988215
"chr11-0649",-0.0515701153660243
"chr11-0650",0.160973081443957
"chr11-0651",-0.399475481246595
"chr11-0652",-0.0275862477678153
"chr11-0653",-0.0196284040576516
"chr11-0654",-0.0164759808540439
"chr11-0655",0.0455823002683636
"chr11-0656",-0.152964436212713
"chr11-0657",-0.0451781187351868
"chr11-0658",-0.0767250316591476
"chr11-0659",0.0114387215308622
"chr11-0660",0.109799585205765
"chr11-0661",-0.0285985945119747
"chr11-0662",-0.0605658482587031
"chr11-0663",0.143203433508316
"chr11-0664",0.1474390842545
"chr11-0665",-0.140477839859215
"chr11-0666",-0.140590777556318
"chr11-0667",-0.140600683156086
"chr11-0668",-0.0458866127169157
"chr11-0669",0.038984195358379
"chr11-0670",-0.125392782672022
"chr11-0671",0.120863274028968
"chr11-0672",0.0652762255035823
"chr11-0673",0.155098536825107
"chr11-0674",0.0475252697246502
"chr11-0675",0.1515983011047
"chr11-0676",0.0652417098559465
"chr11-0677",0.0504123829392606
"chr11-0678",0.0336936578835501
"chr11-0679",0.0121987174371489
"chr11-0680",-0.00519883172008917
"chr11-0681",0.12191723822233
"chr11-0682",-0.0874617057731068
"chr11-0683",0.0782212589504101
"chr11-0684",0.129708632284824
"chr11-0685",0.129779747540311
"chr11-0686",-0.0261487095386457
"chr11-0687",-0.08575622760694
"chr11-0688",-0.0488317889222658
"chr11-0689",0.00115362436709176
"chr11-0690",0.0741331969160303
"chr11-0691",0.0458695416141448
"chr11-0692",0.0139033375994811
"chr11-0693",0.19288142441224
"chr11-0694",0.210508345649993
"chr11-0695",-0.150648904881159
"chr11-0696",0.151215205974863
"chr11-0697",-0.0632213266891
"chr11-0698",0.160941301839757
"chr11-0699",0.131561724082903
"chr11-0700",0.219094586839851
"chr11-0701",0.0708643946184609
"chr11-0702",0.0346625735363248
"chr11-0703",-0.0343981081508772
"chr11-0704",-0.0399949853926583
"chr11-0705",0.167490077800892
"chr11-0706",0.305313235335717
"chr11-0707",-0.130466185701263
"chr11-0708",-0.000547476968060759
"chr11-0709",0.119919890657194
"chr11-0710",0.0510619764295137
"chr11-0711",-0.0790877341684606
"chr11-0712",-0.00116323103010316
"chr11-0713",0.133719348622813
"chr11-0714",-0.163316430708468
"chr11-0715",-0.0148874487548929
"chr11-0716",0.0867303715284534
"chr11-0717",-0.000111264602360725
"chr11-0718",0.103296068364823
"chr11-0719",-0.00516398010118567
"chr11-0720",0.164343089789693
"chr11-0721",0.127257118982831
"chr11-0722",0.0763134145202652
"chr11-0723",0.0277903874230857
"chr11-0724",0.0277888676131845
"chr11-0725",0.0624322110797874
"chr11-0726",0.0482902919437374
"chr11-0727",0.149876821527001
"chr11-0728",0.100175306931995
"chr11-0729",0.110691706792205
"chr11-0730",0.126257295287691
"chr11-0731",0.0821798900519048
"chr11-0732",0.0212461998651127
"chr11-0733",-0.0229210469703608
"chr11-0734",-0.023957442958775
"chr11-0735",0.0643876989966258
"chr11-0736",0.0531890835144559
"chr11-0737",-0.00129414737636559
"chr11-0738",-0.0673439250252437
"chr11-0739",0.00800129783990128
"chr11-0740",0.104477562871202
"chr11-0741",0.0533393212216019
"chr11-0742",0.0215039368719612
"chr11-0743",-0.0950921482640932
"chr11-0744",0.0918068312263528
"chr11-0745",0.0810088707256728
"chr11-0746",-0.047657858007327
"chr11-0747",-0.10205533257594
"chr11-0748",-0.0317522270176634
"chr11-0749",0.141299383311108
"chr11-0750",0.196767492698762
"chr11-0751",0.192432688471671
"chr11-0752",0.0807498809366895
"chr11-0753",-0.0564514403655026
"chr11-0754",0.0756526250043048
"chr11-0755",0.0180987258575228
"chr11-0756",-0.176617948337386
"chr11-0757",0.025326403149641
"chr11-0758",-0.0798671886402678
"chr11-0759",0.0431486002263542
"chr11-0760",0.0489548413235925
"chr11-0761",0.130559612377411
"chr11-0762",-0.0233446639318247
"chr11-0763",0.0867794099830062
"chr11-0764",0.0275526850511172
"chr11-0765",-0.0614954392604899
"chr11-0766",0.0512738495319233
"chr11-0767",0.0116751598149608
"chr11-0768",0.0844998397025045
"chr11-0769",0.0517384937608783
"chr11-0770",0.159901284983342
"chr11-0771",0.0127938829001964
"chr11-0772",-0.0255163895319836
"chr11-0773",0.00227362266802987
"chr11-0774",0.0737870759729826
"chr11-0775",-0.0915106524903004
"chr11-0776",-0.0258975407629401
"chr11-0777",-0.0834562282792088
"chr11-0778",-0.00805535335788733
"chr11-0779",0.131174658287236
"chr11-0780",-0.0727984638711404
"chr11-0781",0.175818777821238
"chr11-0782",-0.0532382198697189
"chr11-0783",0.24055775522575
"chr11-0784",0.0734603863031857
"chr11-0785",0.279577340644666
"chr11-0786",-0.00643339821414897
"chr11-0787",-0.14269817023314
"chr11-0788",-0.0381992833356991
"chr11-0789",-0.0151565733320682
"chr11-0790",0.119491563162614
"chr11-0791",-0.0994089131643794
"chr11-0792",-0.00945210507094249
"chr11-0793",0.00416385673568965
"chr11-0794",0.0885045053762679
"chr11-0795",0.10206423612762
"chr11-0796",0.0665882090328643
"chr11-0797",0.0377114808460222
"chr11-0798",0.0900713042414309
"chr11-0799",0.142082617196267
"chr11-0800",0.129050863184038
"chr11-0801",0.0540948962386567
"chr11-0802",0.0554865544852518
"chr11-0803",0.0699475920137616
"chr11-0804",0.0848395298306765
"chr11-0805",0.146682471321632
"chr11-0806",0.0782363021746106
"chr11-0807",0.0625071616132039
"chr11-0808",0.034379216686226
"chr11-0809",-0.0533340844839396
"chr11-0810",0.214562676875518
"chr11-0811",-0.168392898299263
"chr11-0812",-0.0100545054631295
"chr11-0813",-0.21392806130398
"chr11-0814",0.0332602693146933
"chr11-0815",0.101077749945155
"chr11-0816",-0.118942400137245
"chr11-0817",-0.051873905173672
"chr11-0818",0.213232531201041
"chr11-0819",-0.00457763086392346
"chr11-0820",0.0659963330795038
"chr11-0821",-0.00414082939637095
"chr11-0822",-0.00289409581276339
"chr11-0823",0.0722597134528221
"chr11-0824",-0.00294769680906484
"chr11-0825",0.0748524828563629
"chr11-0826",-0.0202113120083742
"chr11-0827",0.0819077348625272
"chr11-0828",-0.0740127451946139
"chr11-0829",0.0114566492026079
"chr11-0830",0.0926399611394449
"chr11-0831",-0.192734785669882
"chr11-0832",0.0313319014255052
"chr11-0833",-0.147762920896008
"chr11-0834",-0.00929326836592105
"chr11-0835",0.0460547764724898
"chr11-0836",0.00503368468813796
"chr11-0837",0.101518194605276
"chr11-0838",0.188156392856011
"chr11-0839",0.0654784451036997
"chr11-0840",0.0714136574111063
"chr11-0841",0.0116983071976541
"chr11-0842",-0.00245476177807596
"chr11-0843",-0.0306595936448879
"chr11-0844",0.100064179753507
"chr11-0845",0.233781350763672
"chr11-0846",0.0653947358065485
"chr11-0847",0.0255252682971977
"chr11-0848",0.0658873259446044
"chr11-0849",0.18083002972785
"chr11-0850",0.111362862737121
"chr11-0851",0.0651299308864637
"chr11-0852",0.115935880341302
"chr11-0853",0.0150670246563958
"chr11-0854",0.0957269375692505
"chr11-0855",0.0437608057834651
"chr11-0856",0.10170744714102
"chr11-0857",0.0848704885938517
"chr11-0858",0.0528789896192612
"chr11-0859",0.124592910683329
"chr11-0860",0.120394552522337
"chr11-0861",0.137282225429436
"chr11-0862",0.120062575677051
"chr11-0863",0.200413939910033
"chr11-0864",0.0448614832265953
"chr11-0865",-0.0765248598479134
"chr11-0866",-0.000798175209749183
"chr11-0867",0.131052607250309
"chr11-0868",-0.0923916566691324
"chr11-0869",0.00581260065679596
"chr11-0870",-0.0878250334320641
"chr11-0871",-0.238814340366364
"chr11-0872",-0.0702031232950914
"chr11-0873",0.0885694389327081
"chr11-0874",0.0905268870127797
"chr11-0875",-0.00874464039544649
"chr11-0876",0.127134866409805
"chr11-0877",0.144147721341237
"chr11-0878",0.254398498622768
"chr11-0879",0.175854095974672
"chr11-0880",0.0735772330181927
"chr11-0881",0.184490892972444
"chr11-0882",0.208377930067046
"chr11-0883",0.246269132983394
"chr11-0884",0.129158747893475
"chr11-0885",0.175549940797111
"chr11-0886",0.194181547009873
"chr11-0887",0.070297771578518
"chr11-0888",-0.102218821145254
"chr11-0889",0.0813605106592253
"chr11-0890",0.00712415559572982
"chr11-0891",-0.0973246328151859
"chr11-0892",0.166859252738618
"chr11-0893",-0.0174478711335213
"chr11-0894",0.251090014942947
"chr11-0895",0.225302562333865
"chr11-0896",0.133756853693621
"chr11-0897",0.229313510281691
"chr11-0898",0.098322238661617
"chr11-0899",0.0772161871005506
"chr11-0900",0.25183047972962
"chr11-0901",0.0689657550853543
"chr11-0902",0.18062210302179
"chr11-0903",0.0802579760371686
"chr11-0904",0.060533760954853
"chr11-0905",0.049326021383205
"chr11-0906",-0.167761477899354
"chr11-0907",0.040116456319115
"chr11-0908",0.108391061135007
"chr11-0909",0.179922068732544
"chr11-0910",0.0115431377334913
"chr11-0911",0.118937679267325
"chr11-0912",0.0989333647277153
"chr11-0913",0.122165139120452
"chr11-0914",0.174919985057625
"chr11-0915",0.220518174325826
"chr11-0916",0.322883243148011
"chr11-0917",0.246409959229552
"chr11-0918",0.0244833466298406
"chr11-0919",0.124052007394953
"chr11-0920",-0.0329030030820602
"chr11-0921",0.370809686719953
"chr11-0922",0.23904057312566
"chr11-0923",0.0773042110552211
"chr11-0924",0.126197781071105
"chr11-0925",0.0199319792223685
"chr11-0926",0.172485767923409
"chr11-0927",0.208117061992283
"chr11-0928",0.158301583204384
"chr11-0929",0.145957924441404
"chr11-0930",0.162789150788014
"chr11-0931",0.231751030242359
"chr11-0932",0.0799955398931042
"chr11-0933",0.0610403578272728
"chr11-0934",0.167176010578599
"chr11-0935",0.257644448451218
"chr11-0936",0.167202652233451
"chr11-0937",0.200285434135149
"chr11-0938",-0.0838680479310803
"chr11-0939",0.010803678426218
"chr11-0940",-0.0296564101878207
"chr11-0941",0.018706676167043
"chr11-0942",-0.0505332331957084
"chr11-0943",0.0615957797916265
"chr11-0944",-0.00901428692967144
"chr11-0945",0.11487572673498
"chr11-0946",0.148230210186228
"chr11-0947",0.23414875978925
"chr11-0948",0.247611768760488
"chr11-0949",0.0225238714544348
"chr11-0950",0.299484250183468
"chr11-0951",0.236560735665945
"chr11-0952",0.102264915220953
"chr11-0953",0.109623673231297
"chr11-0954",0.147391056403387
"chr11-0955",0.154905213779363
"chr11-0956",0.293165366705699
"chr11-0957",0.169368223677654
"chr11-0958",0.198660532799669
"chr11-0959",0.250311758096156
"chr11-0960",0.205996391292343
"chr11-0961",0.148332645372056
"chr11-0962",0.0232647081721653
"chr11-0963",0.223437867635601
"chr11-0964",0.16361948768192
"chr11-0965",0.187154878727047
"chr11-0966",0.0910633183309977
"chr11-0967",0.439027430133076
"chr11-0968",0.166278521390159
"chr11-0969",0.263223328689055
"chr11-0970",0.283773959642317
"chr11-0971",0.097100444903909
"chr11-0972",0.206066600613116
"chr11-0973",0.147942714887626
"chr11-0974",0.0120940627235672
"chr11-0975",0.180814768329494
"chr11-0976",0.203973137445914
"chr11-0977",-0.0847556950692205
"chr11-0978",0.0975689292121061
"chr11-0979",-0.00997715707431888
"chr11-0980",0.0369715080479785
"chr11-0981",0.191558951214154
"chr11-0982",0.115823380045996
"chr11-0983",0.0848236090967488
"chr11-0984",0.173511563003008
"chr11-0985",0.134474264167557
"chr11-0986",0.0226279131460637
"chr11-0987",0.317098687095254
"chr11-0988",0.250206535589438
"chr11-0989",0.204770500685919
"chr11-0990",0.280174933782296
"chr11-0991",0.130936304273273
"chr11-0992",0.0841413222561981
"chr11-0993",0.106597525160187
"chr11-0994",0.146041900597598
"chr11-0995",0.214413473977717
"chr11-0996",0.275005229700519
"chr11-0997",0.225243506306146
"chr11-0998",0.117497579512165
"chr11-0999",0.2207693082684
"chr11-1000",0.117209485645518
"chr11-1001",0.194712950639326
"chr11-1002",0.0758536566525652
"chr11-1003",0.133935104371169
"chr11-1004",0.00219785221641059
"chr11-1005",0.00561167789972674
"chr11-1006",-0.102410541216259
"chr11-1007",-0.091035422374584
"chr11-1008",0.0257353829212409
"chr11-1009",0.0514230529755589
"chr11-1010",0.164712218433072
"chr11-1011",0.211503307737649
"chr11-1012",-0.00444570320899254
"chr11-1013",0.0169936035643249
"chr11-1014",0.164136538502575
"chr11-1015",0.192407204949212
"chr11-1016",0.269113458908284
"chr11-1017",0.343853793863817
"chr11-1018",-0.147711233924659
"chr11-1019",0.0426306327873335
"chr11-1020",0.0330474643054012
"chr11-1021",0.0443578140655492
"chr11-1022",0.169973442876348
"chr11-1023",0.119851166866964
"chr11-1024",0.163838634687152
"chr11-1025",0.172292528877402
"chr11-1026",0.0116987033440383
"chr11-1027",0.0731324506718052
"chr11-1028",0.252139740547947
"chr11-1029",0.0787845209320896
"chr11-1030",0.257718952802768
"chr11-1031",0.0990963202334485
"chr11-1032",0.0604412767731113
"chr11-1033",-0.0135358359260146
"chr11-1034",0.200019309332764
"chr11-1035",0.128866911718126
"chr11-1036",0.107349609970327
"chr11-1037",-0.0701704392348771
"chr11-1038",0.0627415251351912
"chr11-1039",0.000348852042123027
"chr11-1040",0.416440307916815
"chr11-1041",-0.136123016022459
"chr11-1042",0.112639790385794
"chr11-1043",0.0457254123140862
"chr11-1044",0.0261937709041564
"chr11-1045",0.132437569423212
"chr11-1046",0.0814917116458111
"chr11-1047",0.106648040617164
"chr11-1048",0.101172289541659
"chr11-1049",0.103644076404531
"chr11-1050",0.130807955195672
"chr11-1051",0.283811709792361
"chr11-1052",0.102689703481512
"chr11-1053",0.0856385587666298
"chr11-1054",-0.0167516795832113
"chr11-1055",-0.0214371538050815
"chr11-1056",0.0429509324521783
"chr11-1057",-0.115786765773982
"chr11-1058",0.0651682036054348
"chr11-1059",-0.0259262773979503
"chr11-1060",0.254925394497403
"chr11-1061",0.260960522584171
"chr11-1062",0.118835457444858
"chr11-1063",0.139639021777466
"chr11-1064",0.191708482648635
"chr11-1065",0.121366514065852
"chr11-1066",0.13639523994667
"chr11-1067",0.120645962323703
"chr11-1068",0.213367604472381
"chr11-1069",0.35976364092485
"chr11-1070",0.098936647493554
"chr11-1071",0.0966942469153127
"chr11-1072",-0.0319489357539396
"chr11-1073",0.0588465842978583
"chr11-1074",0.0148123797544754
"chr11-1075",0.0358579959467506
"chr11-1076",-0.202095703072419
"chr11-1077",0.201142584685163
"chr11-1078",0.034488925878743
"chr11-1079",0.0790227461364147
"chr11-1080",0.0804506775472885
"chr11-1081",0.00324422352174511
"chr11-1082",-0.08518208743613
"chr11-1083",0.0161339031456013
"chr11-1084",0.0487527568248947
"chr11-1085",-0.0611424607746111
"chr11-1086",0.155333780430383
"chr11-1087",0.046652922056799
"chr11-1088",-0.110487198455463
"chr11-1089",-0.0733480520638105
"chr11-1090",-0.158362987875463
"chr11-1091",0.0636196453297208
"chr11-1092",0.0474856894077724
"chr11-1093",0.0460023931433099
"chr11-1094",-0.109057127617515
"chr11-1095",-0.0462979370812792
"chr11-1096",0.0895027413188907
"chr11-1097",0.0205817672505215
"chr11-1098",0.0745876835045629
"chr11-1099",0.074777957543951
"chr11-1100",-0.136002918041787
"chr11-1101",-0.0586806261337307
"chr11-1102",0.0919131203350983
"chr11-1103",-0.0853136385645842
"chr11-1104",0.00549833796740057
"chr11-1105",-0.0164503408237285
"chr11-1106",-0.0738417353215368
"chr11-1107",0.062937311164272
"chr11-1108",-0.253775624619459
"chr11-1109",-0.19230934974499
"chr11-1110",-0.00533862339118311
"chr11-1111",0.240781479133444
"chr11-1112",-0.251880872185308
"chr11-1113",0.178917034210403
"chr11-1114",0.116960690978114
"chr11-1115",-0.095777066921235
"chr11-1116",-0.218038390496398
"chr11-1117",0.156091981528978
"chr11-1118",0.140645525606296
"chr11-1119",-0.0843135032288641
"chr11-1120",-0.0245717908607334
"chr11-1121",-0.154276012327866
"chr11-1122",-0.1560917453649
"chr11-1123",-0.12399780439213
"chr11-1124",0.0709659202568995
"chr11-1125",0.00500509348820862
"chr11-1126",-0.0111163661388056
"chr11-1127",0.11288972010411
"chr11-1128",0.0378112811248562
"chr11-1129",-0.157986447156954
"chr11-1130",0.0210725400279368
"chr11-1131",0.105564129401564
"chr11-1132",0.0970643420625241
"chr11-1133",0.0344184459430024
"chr11-1134",-0.0347915389867052
"chr11-1135",0.133019362084417
"chr11-1136",-0.0362830569921959
"chr11-1137",0.064394589611487
"chr11-1138",-0.0557440552294439
"chr11-1139",-0.0202005216128808
"chr11-1140",-0.00741893842607589
"chr11-1141",0.00930045855334594
"chr11-1142",0.0314243765742719
"chr11-1143",0.0167597156516812
"chr11-1144",0.0470944519715783
"chr11-1145",0.0601777878836553
"chr11-1146",0.173259821281265
"chr11-1147",0.0362389060274978
"chr11-1148",0.197068925415813
"chr11-1149",0.246008922848576
"chr11-1150",0.112807655891661
"chr11-1151",0.0251755295442242
"chr11-1152",-0.153250815211807
"chr11-1153",-0.0471300328103858
"chr11-1154",-0.00967641030966817
"chr11-1155",0.205050579326479
"chr11-1156",0.143825892271524
"chr11-1157",-0.0120734099845022
"chr11-1158",0.108456370969706
"chr11-1159",0.0121188199246223
"chr11-1160",0.179439257554684
"chr11-1161",0.0900106845621358
"chr11-1162",0.133978392422932
"chr11-1163",0.28735875849829
"chr11-1164",0.134497892060379
"chr11-1165",0.176277067351998
"chr11-1166",0.038297179693089
"chr11-1167",-0.00717052719721024
"chr11-1168",-0.0154979757985088
"chr11-1169",0.111001647575531
"chr11-1170",-0.0203107632222803
"chr11-1171",0.0293982582045185
"chr11-1172",0.0194765058128836
"chr11-1173",0.0654105654844955
"chr11-1174",-0.0161793441102004
"chr11-1175",0.134291641450525
"chr11-1176",-0.020743056080047
"chr11-1177",0.0397682862349568
"chr11-1178",0.0350582391728079
"chr11-1179",0.07761595834643
"chr11-1180",0.181483065132436
"chr11-1181",0.0278641610018741
"chr11-1182",0.0623086199093045
"chr11-1183",0.115173022632881
"chr11-1184",0.289850305447034
"chr11-1185",0.197143938682137
"chr11-1186",0.0681571287650782
"chr11-1187",0.11708879469903
"chr11-1188",0.120126710004062
"chr11-1189",-0.0671269343867262
"chr11-1190",0.16096595476107
"chr11-1191",0.140262159342748
"chr11-1192",-0.191827568999253
"chr11-1193",-0.0464913471907666
"chr11-1194",-0.0463523518671755
"chr11-1195",0.0646927997715488
"chr11-1196",-0.0675236920169687
"chr11-1197",0.106988563990792
"chr11-1198",0.0652601281648312
"chr11-1199",0.236564161906314
"chr11-1200",0.108437709504658
"chr11-1201",0.0695996234367416
"chr11-1202",0.0174814441251436
"chr11-1203",0.0516758372243197
"chr11-1204",0.0452082444316546
"chr11-1205",0.0242264773038232
"chr11-1206",-0.0185396973142673
"chr11-1207",-0.159174160522879
"chr11-1208",0.0540282248297334
"chr11-1209",0.123430488123267
"chr11-1210",-0.246099102836414
"chr11-1211",0.138344638944072
"chr11-1212",0.0341269885913497
"chr11-1213",0.186971678222217
"chr11-1214",0.013503201254066
"chr11-1215",0.101339136378396
"chr11-1216",0.00868561794391138
"chr11-1217",-0.0162746683942736
"chr11-1218",0.0509602493443984
"chr11-1219",0.180756301480154
"chr11-1220",-0.125915393728633
"chr11-1221",0.120206248376012
"chr11-1222",0.138564216893881
"chr11-1223",-0.173180897097026
"chr11-1224",0.00736432095166514
"chr11-1225",0.0835916558082296
"chr11-1226",0.241434448289989
"chr11-1227",0.0891048844017625
"chr11-1228",0.177247276155378
"chr11-1229",0.17823057214224
"chr11-1230",0.194362317126101
"chr11-1231",0.0955554113965621
"chr11-1232",0.20263116701513
"chr11-1233",0.261398517227071
"chr11-1234",0.0883634121104996
"chr11-1235",0.187865274627119
"chr11-1236",0.199746473777332
"chr11-1237",0.0875589936732052
"chr11-1238",0.237292643333722
"chr11-1239",0.0680081880493996
"chr11-1240",0.0897624203561921
"chr11-1241",-0.0747102501560781
"chr11-1242",0.00503499202095479
"chr11-1243",0.023361450252131
"chr11-1244",0.14621503600539
"chr11-1245",-0.0332484138763895
"chr11-1246",0.0781488649087552
"chr11-1247",0.0530303568420058
"chr11-1248",0.0498611673594633
"chr11-1249",0.115482413567533
"chr11-1250",0.150393724191626
"chr11-1251",0.0120021721790172
"chr11-1252",-0.0987190594319711
"chr11-1253",-0.0513636003950537
"chr11-1254",0.0772936320953128
"chr11-1255",0.144810465272166
"chr11-1256",-0.0342532377698191
"chr11-1257",-0.0206685189556643
"chr11-1258",0.18483209203967
"chr11-1259",0.115900560845074
"chr11-1260",0.188946602921808
"chr11-1261",0.238818054195721
"chr11-1262",0.0325719401559519
"chr11-1263",0.149849397567702
"chr11-1264",0.0377386780783641
"chr11-1265",-0.0677976947160357
"chr11-1266",0.0191366701870482
"chr11-1267",0.0970121302636982
"chr11-1268",0.241195511113734
"chr11-1269",0.0442821644004163
"chr11-1270",0.236212724864518
"chr11-1271",0.0544091380464168
"chr11-1272",0.167609169741046
"chr11-1273",0.119604174784512
"chr11-1274",0.211307596447444
"chr11-1275",0.103628120859817
"chr11-1276",0.220483609473393
"chr11-1277",0.0392455944029046
"chr11-1278",0.229340273181848
"chr11-1279",0.124812265448766
"chr11-1280",0.0948824235216476
"chr11-1281",0.104800812442984
"chr11-1282",-0.0186649200674474
"chr11-1283",0.169221541006274
"chr11-1284",-0.0605611354594535
"chr11-1285",0.0186519412385412
"chr11-1286",0.199376708228856
"chr11-1287",0.189135763994886
"chr11-1288",0.13459576995381
"chr11-1289",0.160917559471784
"chr11-1290",0.102114539603588
"chr11-1291",0.0812604245310962
"chr11-1292",0.116840884681325
"chr11-1293",-0.0961058740061636
"chr11-1294",0.101831030185918
"chr11-1295",0.079176432550648
"chr11-1296",0.124781958074261
"chr11-1297",-0.0014115595137892
"chr11-1298",0.0406820400730804
"chr11-1299",0.0992726516588734
"chr11-1300",0.0816828524067248
"chr11-1301",0.192173912148162
"chr12-0001",-0.0277738134149683
"chr12-0002",0.108124849763319
"chr12-0003",-0.0811727388277834
"chr12-0004",-0.0687817840421139
"chr12-0005",0.0783137648704778
"chr12-0006",-0.00481861554579708
"chr12-0007",-0.146489746408073
"chr12-0008",-0.131924457741137
"chr12-0009",0.0964465515234363
"chr12-0010",-0.0286762465929329
"chr12-0011",0.116467487324528
"chr12-0012",0.0362462036751516
"chr12-0013",0.0511230676170166
"chr12-0014",0.189738803039777
"chr12-0015",0.132997690270225
"chr12-0016",-0.124644794487001
"chr12-0017",-0.00364075107232519
"chr12-0018",0.39094510317859
"chr12-0019",0.273515729285245
"chr12-0020",0.0988583912365815
"chr12-0021",-0.152096220965706
"chr12-0022",0.12428936339202
"chr12-0023",0.16372864219539
"chr12-0024",0.0558762592823374
"chr12-0025",-0.00442079364046876
"chr12-0026",-0.0362280237084226
"chr12-0027",0.110433557450905
"chr12-0028",0.132870861402835
"chr12-0029",0.0217527294844981
"chr12-0030",0.0581691503785699
"chr12-0031",-0.273241109330276
"chr12-0032",0.156472058870314
"chr12-0033",0.186301755198155
"chr12-0034",0.196654311451498
"chr12-0035",0.12629308892096
"chr12-0036",-0.0454659035429477
"chr12-0037",0.289190511164471
"chr12-0038",0.138449642360407
"chr12-0039",0.127902870514538
"chr12-0040",0.132358813494142
"chr12-0041",0.131021123337411
"chr12-0042",-0.0136369290644724
"chr12-0043",0.0726432681589672
"chr12-0044",0.159948265206522
"chr12-0045",-0.0965292737324422
"chr12-0046",0.0286877699201593
"chr12-0047",-0.063632435698857
"chr12-0048",0.0184049171982691
"chr12-0049",0.00480657156831719
"chr12-0050",0.0558761747923777
"chr12-0051",-0.0177515430049426
"chr12-0052",0.0802711599325312
"chr12-0053",0.15245611572712
"chr12-0054",0.0162127510072621
"chr12-0055",0.260935630723956
"chr12-0056",0.014331568082522
"chr12-0057",0.00186262769248406
"chr12-0058",0.0646344743919144
"chr12-0059",0.117161719204562
"chr12-0060",0.0866726778645308
"chr12-0061",0.00103807955069631
"chr12-0062",0.0868857805705192
"chr12-0063",-0.13775293348757
"chr12-0064",-0.0192313967988781
"chr12-0065",0.137161706158765
"chr12-0066",-0.147011042709065
"chr12-0067",-0.032044914448309
"chr12-0068",0.100828888775506
"chr12-0069",0.0558111400741885
"chr12-0070",0.0422005828800498
"chr12-0071",-0.131826876634099
"chr12-0072",-0.0949283211984953
"chr12-0073",-0.0209400495277962
"chr12-0074",0.101996656970638
"chr12-0075",0.161285210842092
"chr12-0076",0.0220819882490699
"chr12-0077",-0.0349477697458881
"chr12-0078",0.201998557622206
"chr12-0079",0.00586669336195282
"chr12-0080",0.12323854977974
"chr12-0081",0.12179754256031
"chr12-0082",0.104397026154325
"chr12-0083",-0.00446510383013518
"chr12-0084",0.0228066455712687
"chr12-0085",0.106818864010538
"chr12-0086",0.0740603574260306
"chr12-0087",0.0697577206906137
"chr12-0088",0.0906026832371039
"chr12-0089",0.0396638495783561
"chr12-0090",0.0621195640398036
"chr12-0091",0.0755394940624298
"chr12-0092",-0.00931450044400484
"chr12-0093",0.0484369086540754
"chr12-0094",0.126093615121373
"chr12-0095",0.0172110478489474
"chr12-0096",-0.0116386155245467
"chr12-0097",-0.0995912699573676
"chr12-0098",0.0657079925799698
"chr12-0099",-0.162924851550661
"chr12-0100",0.219395745934201
"chr12-0101",0.0632226395884136
"chr12-0102",-0.00109602673605812
"chr12-0103",0.114203178782355
"chr12-0104",0.0552694152646502
"chr12-0105",0.187277519939788
"chr12-0106",0.021814156615231
"chr12-0107",-0.28903460725777
"chr12-0108",-0.0445179058744369
"chr12-0109",0.0304567071321237
"chr12-0110",0.00771076631324272
"chr12-0111",-0.0431750718590461
"chr12-0112",-0.092803703298911
"chr12-0113",0.171250672056954
"chr12-0114",-0.0194528592318437
"chr12-0115",0.0727961246656717
"chr12-0116",0.188938557591853
"chr12-0117",0.00132572246221493
"chr12-0118",-0.316150517667662
"chr12-0119",-0.305092938841599
"chr12-0120",-0.366042479545712
"chr12-0121",-0.0551944909987279
"chr12-0122",-0.173911336589737
"chr12-0123",0.0563655368738115
"chr12-0124",0.129124979841609
"chr12-0125",0.0160785161142697
"chr12-0126",0.110211767895123
"chr12-0127",0.13548453772641
"chr12-0128",-0.131695059102007
"chr12-0129",0.0321639847634249
"chr12-0130",-0.0123329729936751
"chr12-0131",0.0703192089099805
"chr12-0132",-0.0495612557251252
"chr12-0133",0.0350237555981301
"chr12-0134",0.339238233213715
"chr12-0135",0.13356910454276
"chr12-0136",0.145787074958468
"chr12-0137",0.0566330076150327
"chr12-0138",0.0179488904243369
"chr12-0139",-0.0091871766374283
"chr12-0140",0.207352548991849
"chr12-0141",0.173043551623468
"chr12-0142",0.207021795865369
"chr12-0143",0.219815028512163
"chr12-0144",0.140716222688803
"chr12-0145",0.0215349043644185
"chr12-0146",0.0262005052086582
"chr12-0147",-0.01723734001206
"chr12-0148",-0.15289342522773
"chr12-0149",-0.0111223417201593
"chr12-0150",0.382585871010006
"chr12-0151",0.217352676845004
"chr12-0152",-0.0531073198815823
"chr12-0153",0.331010007252841
"chr12-0154",0.076822957113092
"chr12-0155",0.239830490943617
"chr12-0156",0.206184308724516
"chr12-0157",0.0253470191854412
"chr12-0158",0.0949163761714838
"chr12-0159",0.102944973759866
"chr12-0160",0.13928890861215
"chr12-0161",0.156828126541159
"chr12-0162",0.31917731714034
"chr12-0163",0.217494056609923
"chr12-0164",0.107785235376694
"chr12-0165",0.0193371035396253
"chr12-0166",0.00929482170598266
"chr12-0167",0.0737266435583968
"chr12-0168",0.1368868784569
"chr12-0169",0.0918700057336224
"chr12-0170",0.196610448543544
"chr12-0171",0.171303779695879
"chr12-0172",-0.034950897163386
"chr12-0173",0.314099513724023
"chr12-0174",0.0949858193844863
"chr12-0175",0.111949243938741
"chr12-0176",0.187779198981676
"chr12-0177",-0.186342591172002
"chr12-0178",-0.0205406330785603
"chr12-0179",0.014520489684574
"chr12-0180",-0.0192124631150625
"chr12-0181",0.160725948634161
"chr12-0182",0.116934625107317
"chr12-0183",0.152344672167374
"chr12-0184",0.0662774451776259
"chr12-0185",-0.0170075386744999
"chr12-0186",0.121590014779256
"chr12-0187",0.0126039240746808
"chr12-0188",0.0261073252510315
"chr12-0189",0.0918244645585048
"chr12-0190",0.0379393810432965
"chr12-0191",0.283267496303082
"chr12-0192",-0.0250008246304625
"chr12-0193",0.161559706030979
"chr12-0194",0.133517501310207
"chr12-0195",0.0728828795225195
"chr12-0196",0.389717916210571
"chr12-0197",0.106293735979958
"chr12-0198",0.239935493532651
"chr12-0199",0.397236747658342
"chr12-0200",0.0959044894538282
"chr12-0201",0.113688419146913
"chr12-0202",0.253026299523815
"chr12-0203",0.12976407277212
"chr12-0204",0.133087591744727
"chr12-0205",0.0934361748296717
"chr12-0206",0.289835661111307
"chr12-0207",0.194370469200422
"chr12-0208",0.139797209921044
"chr12-0209",0.29729732970881
"chr12-0210",0.251672819543065
"chr12-0211",0.211093756891663
"chr12-0212",0.173833107724594
"chr12-0213",0.164326910158904
"chr12-0214",0.111046322033907
"chr12-0215",0.103706812014484
"chr12-0216",0.0834159312557811
"chr12-0217",0.204702788857204
"chr12-0218",0.180843254644035
"chr12-0219",0.307663529812094
"chr12-0220",0.321234039362729
"chr12-0221",0.245972599367399
"chr12-0222",0.171637275874718
"chr12-0223",0.352128610335731
"chr12-0224",0.00360998509457513
"chr12-0225",0.129610520139428
"chr12-0226",0.146319785291078
"chr12-0227",-0.0378983629455477
"chr12-0228",0.27291441386839
"chr12-0229",0.144937782432783
"chr12-0230",0.239164986206887
"chr12-0231",0.235713672096201
"chr12-0232",0.0170837649548674
"chr12-0233",0.00322202343989511
"chr12-0234",0.314091016847899
"chr12-0235",0.22836323500884
"chr12-0236",0.302284531081592
"chr12-0237",0.334459889521663
"chr12-0238",0.256201442577947
"chr12-0239",0.173387073103349
"chr12-0240",0.306434957110854
"chr12-0241",0.301581184512281
"chr12-0242",-0.0330475653775859
"chr12-0243",0.0150236883844327
"chr12-0244",-0.129336969773063
"chr12-0245",0.0371061021179228
"chr12-0246",0.300900349220285
"chr12-0247",0.0786901192900157
"chr12-0248",0.182996155491496
"chr12-0249",0.0380257988623052
"chr12-0250",0.158598221395595
"chr12-0251",-0.0107427654935266
"chr12-0252",0.322782850937052
"chr12-0253",0.286848079280611
"chr12-0254",0.209974233043748
"chr12-0255",0.145232267207124
"chr12-0256",0.0471137810116229
"chr12-0257",0.299115444806675
"chr12-0258",0.129964482536395
"chr12-0259",0.212401678210253
"chr12-0260",0.112561005014289
"chr12-0261",0.13376759017317
"chr12-0262",0.108918404258323
"chr12-0263",0.0698798951993867
"chr12-0264",0.102417226561732
"chr12-0265",0.194482856411242
"chr12-0266",0.110793667118255
"chr12-0267",0.328403142642167
"chr12-0268",0.150018450722542
"chr12-0269",0.0503375644339016
"chr12-0270",0.0701589989445877
"chr12-0271",0.195009937912578
"chr12-0272",0.180584018102232
"chr12-0273",0.191906677309389
"chr12-0274",0.24579638235968
"chr12-0275",0.26891311357611
"chr12-0276",0.0622293990621924
"chr12-0277",0.0783677564707401
"chr12-0278",0.181773613169303
"chr12-0279",0.228624963770151
"chr12-0280",0.253300223900515
"chr12-0281",0.071447205717438
"chr12-0282",0.198529598695851
"chr12-0283",0.172402097109234
"chr12-0284",0.385017854296361
"chr12-0285",0.0300561602844255
"chr12-0286",0.0709407256108991
"chr12-0287",0.0650965699931036
"chr12-0288",0.0646658684176216
"chr12-0289",0.123491156851342
"chr12-0290",0.134826985719529
"chr12-0291",-0.108760429596243
"chr12-0292",-0.106226187067384
"chr12-0293",-0.0254935218638563
"chr12-0294",-0.210150786105088
"chr12-0295",-0.431319984180911
"chr12-0296",0.120997813235228
"chr12-0297",0.209135609265978
"chr12-0298",-0.0185783464073031
"chr12-0299",0.0182653798251518
"chr12-0300",0.047112271724908
"chr12-0301",-0.0087030854674339
"chr12-0302",0.0659376784083398
"chr12-0303",0.0726938386968686
"chr12-0304",0.0620512555395521
"chr12-0305",0.0575160264081452
"chr12-0306",0.201580167944716
"chr12-0307",0.0884783393000816
"chr12-0308",-0.0815575885409064
"chr12-0309",-0.0621237324755085
"chr12-0310",0.153925857902045
"chr12-0311",0.133182631095237
"chr12-0312",0.162700352926009
"chr12-0313",0.102977561928392
"chr12-0314",-0.118468294920892
"chr12-0315",0.0821179499206949
"chr12-0316",0.232486258457359
"chr12-0317",0.0580454422616525
"chr12-0318",0.0611689029981899
"chr12-0319",0.0724876386662862
"chr12-0320",0.189525463724841
"chr12-0321",0.441125126404352
"chr12-0322",0.166269987814353
"chr12-0323",0.187670128609732
"chr12-0324",0.143313615923246
"chr12-0325",0.152983514346299
"chr12-0326",-0.00471364767738363
"chr12-0327",0.172133987483081
"chr12-0328",0.0717190081499025
"chr12-0329",0.0991186445699718
"chr12-0330",0.406151088768852
"chr12-0331",0.133489794132396
"chr12-0332",0.142858620228298
"chr12-0333",0.224515044433331
"chr12-0334",0.364152849101815
"chr12-0335",0.157097956273512
"chr12-0336",0.0325051130099807
"chr12-0337",0.388514299213422
"chr12-0338",0.130602746886258
"chr12-0339",0.218478761024574
"chr12-0340",0.0726823486197975
"chr12-0341",0.0622653579036715
"chr12-0342",0.0841587118091558
"chr12-0343",0.112640924622356
"chr12-0344",0.350118339973481
"chr12-0345",0.124197716248858
"chr12-0346",0.123599568015499
"chr12-0347",0.163823652081108
"chr12-0348",0.252765678040677
"chr12-0349",0.164706933175859
"chr12-0350",0.224478566614047
"chr12-0351",0.178111075727037
"chr12-0352",0.216273895231633
"chr12-0353",-0.158145354699221
"chr12-0354",-0.121989658359827
"chr12-0355",0.0179136593856718
"chr12-0356",0.152550752342389
"chr12-0357",0.111617076544503
"chr12-0358",0.124800862098072
"chr12-0359",0.096969207017827
"chr12-0360",0.0365769344396366
"chr12-0361",0.0602985499740667
"chr12-0362",0.104701016442432
"chr12-0363",-0.0096775801712819
"chr12-0364",-0.0626485715897888
"chr12-0365",0.104361262918747
"chr12-0366",-0.120180746877076
"chr12-0367",-0.0167492057018846
"chr12-0368",0.0586942270709818
"chr12-0369",0.176833432429748
"chr12-0370",-0.012103617251986
"chr12-0371",-0.0735135762497049
"chr12-0372",-0.0717015250673704
"chr12-0373",-0.356168577752366
"chr12-0374",0.146226475954509
"chr12-0375",-0.0141135869184826
"chr12-0376",-0.172348809424662
"chr12-0377",-0.0495181139116841
"chr12-0378",-0.0506993119395527
"chr12-0379",-0.0080570315964874
"chr12-0380",0.0740943556043826
"chr12-0381",0.181880788999385
"chr12-0382",0.0525274388782112
"chr12-0383",0.03093776725409
"chr12-0384",-0.0445961047021017
"chr12-0385",0.055167365590036
"chr12-0386",0.148611532195925
"chr12-0387",-0.0237643588645629
"chr12-0388",-0.190869540150532
"chr12-0389",0.110475050086788
"chr12-0390",-0.435091799649358
"chr12-0391",-0.000895660321572113
"chr12-0392",-0.0837825466836936
"chr12-0393",-0.031005813423489
"chr12-0394",0.0750380301440924
"chr12-0395",-0.0581804852171424
"chr12-0396",0.057657001743879
"chr12-0397",0.248522848918273
"chr12-0398",0.033353226140754
"chr12-0399",0.0220012622153097
"chr12-0400",-0.0624378232722125
"chr12-0401",0.0425690532528171
"chr12-0402",-0.0311140320896587
"chr12-0403",0.138223766280746
"chr12-0404",0.130985538506832
"chr12-0405",-0.0373860342054309
"chr12-0406",0.0505820114347425
"chr12-0407",0.064172688765312
"chr12-0408",0.0901795976992596
"chr12-0409",-0.0230420879161745
"chr12-0410",-0.0502165450551931
"chr12-0411",-0.0603562329097567
"chr12-0412",-0.106989444761463
"chr12-0413",0.102410721502835
"chr12-0414",0.0336624504343902
"chr12-0415",-0.0571982727815781
"chr12-0416",-0.0758567557448491
"chr12-0417",0.05998255093222
"chr12-0418",0.164524236129435
"chr12-0419",0.0959658044592958
"chr12-0420",-0.00449262619466979
"chr12-0421",-0.277545338149006
"chr12-0422",0.0722570696340416
"chr12-0423",0.00403608042273513
"chr12-0424",-0.100438197455587
"chr12-0425",0.263333750730728
"chr12-0426",0.105597089915787
"chr12-0427",-0.0229872148290047
"chr12-0428",-0.0738032825008714
"chr12-0429",0.0676986128254177
"chr12-0430",0.0834566126320141
"chr12-0431",0.0571536939306108
"chr12-0432",0.117842152354059
"chr12-0433",0.0978640351634662
"chr12-0434",0.125983295513169
"chr12-0435",0.0721525062894582
"chr12-0436",0.00184407461840886
"chr12-0437",0.0402536264671806
"chr12-0438",0.123285200335518
"chr12-0439",0.16643368557916
"chr12-0440",0.113490148119299
"chr12-0441",0.0278424257275142
"chr12-0442",-0.0101024179557312
"chr12-0443",-0.0334654863097126
"chr12-0444",0.162839030866991
"chr12-0445",0.0411752993442105
"chr12-0446",0.0914006849477383
"chr12-0447",0.0213612613277883
"chr12-0448",-0.0379187831532449
"chr12-0449",0.0623601341968645
"chr12-0450",0.0998027400635002
"chr12-0451",0.044487773135028
"chr12-0452",-0.0272224513020872
"chr12-0453",0.106065125824874
"chr12-0454",-0.0997441986110154
"chr12-0455",-0.0730388934587147
"chr12-0456",0.126397908414973
"chr12-0457",-0.0505690097651919
"chr12-0458",-0.0730696043583232
"chr12-0459",-0.21251453738643
"chr12-0460",0.147886533993591
"chr12-0461",0.0471367770980892
"chr12-0462",-0.0624565716991462
"chr12-0463",-0.0689066150886175
"chr12-0464",-0.119482237746135
"chr12-0465",-0.00049918608302963
"chr12-0466",0.0123251744952486
"chr12-0467",-0.099233904256086
"chr12-0468",0.159314405961958
"chr12-0469",0.15317565447527
"chr12-0470",0.0841024515629736
"chr12-0471",-0.0992640803570781
"chr12-0472",-0.11455195795864
"chr12-0473",0.146925986185462
"chr12-0474",0.0722527954412688
"chr12-0475",0.0420059972844938
"chr12-0476",0.0535638885751639
"chr12-0477",0.0724496109811537
"chr12-0478",0.023913388198913
"chr12-0479",0.0530734783211013
"chr12-0480",0.0522204679830186
"chr12-0481",0.0325524852960156
"chr12-0482",-0.122711989301991
"chr12-0483",-0.0593858883559234
"chr12-0484",0.0559998129825643
"chr12-0485",0.0991693916399337
"chr12-0486",-0.136757013196151
"chr12-0487",-0.0710268160251496
"chr12-0488",-0.246140194890209
"chr12-0489",0.00192173577922788
"chr12-0490",0.143043136211443
"chr12-0491",0.059697475058731
"chr12-0492",-0.0647567825626465
"chr12-0493",0.00695134383890415
"chr12-0494",-0.0041510008623357
"chr12-0495",0.0701342070840737
"chr12-0496",0.0848501997378549
"chr12-0497",0.28900244120354
"chr12-0498",0.127295440296077
"chr12-0499",0.0192717925763965
"chr12-0500",-0.0288047741919568
"chr12-0501",0.189040024997415
"chr12-0502",-0.17602723918081
"chr12-0503",0.0892400446359111
"chr12-0504",0.0241438085356954
"chr12-0505",-0.179998618357313
"chr12-0506",-0.18639445731626
"chr12-0507",0.0360781566490851
"chr12-0508",-0.00107218246620182
"chr12-0509",-0.0378465786168406
"chr12-0510",-0.100997048651013
"chr12-0511",-0.0807402609108381
"chr12-0512",-0.124151375488386
"chr12-0513",0.063856763355693
"chr12-0514",0.0189475102659913
"chr12-0515",-0.197414300813443
"chr12-0516",-0.078077175006383
"chr12-0517",-0.0448047570238862
"chr12-0518",0.085191597487175
"chr12-0519",-0.0959203922240945
"chr12-0520",-0.032769951997346
"chr12-0521",-0.211351477713099
"chr12-0522",-0.104267600457089
"chr12-0523",0.115227278984541
"chr12-0524",0.0402304223487167
"chr12-0525",-0.0393575340517431
"chr12-0526",-0.0153827661177762
"chr12-0527",-0.0744011217193457
"chr12-0528",-0.15297949700354
"chr12-0529",-0.0139701926547128
"chr12-0530",0.0518726873179087
"chr12-0531",0.174007607535808
"chr12-0532",-0.00363603581179818
"chr12-0533",-0.00827609220682776
"chr12-0534",0.101009080206516
"chr12-0535",0.0777392929878833
"chr12-0536",0.094554959645783
"chr12-0537",0.102525868347404
"chr12-0538",-0.0539822976670054
"chr12-0539",-0.0244675229320448
"chr12-0540",0.00817058302785134
"chr12-0541",-0.0826462021637036
"chr12-0542",-0.193743841898104
"chr12-0543",-0.0138228627610871
"chr12-0544",-0.0422412453121512
"chr12-0545",0.00668585859757559
"chr12-0546",0.272422654417732
"chr12-0547",0.000443163550612385
"chr12-0548",0.0215359291140799
"chr12-0549",0.069220687291815
"chr12-0550",-0.0192879198161731
"chr12-0551",0.0135677099324701
"chr12-0552",0.0722863423227079
"chr12-0553",0.0992834081303482
"chr12-0554",0.104269302705207
"chr12-0555",0.324798233060491
"chr12-0556",0.165862069589587
"chr12-0557",0.227822620209908
"chr12-0558",0.216042203422785
"chr12-0559",0.153146338909864
"chr12-0560",0.149600878913409
"chr12-0561",0.0181697405804967
"chr12-0562",0.141666550649602
"chr12-0563",0.0815322723236238
"chr12-0564",0.212434647022475
"chr12-0565",0.132650814008966
"chr12-0566",0.154424745796339
"chr12-0567",0.0316873446473615
"chr12-0568",0.0583252633366974
"chr12-0569",-0.160599587585604
"chr12-0570",0.161993819382971
"chr12-0571",0.207218480852809
"chr12-0572",0.181485530445057
"chr12-0573",0.116955453827654
"chr12-0574",0.0113178503288929
"chr12-0575",0.0790025430000059
"chr12-0576",0.131090132394703
"chr12-0577",0.228443916486948
"chr12-0578",-0.0714251079841562
"chr12-0579",-0.00463402264816275
"chr12-0580",0.0895680220681704
"chr12-0581",-0.0279361970898145
"chr12-0582",0.0518836744346343
"chr12-0583",0.0844221527314481
"chr12-0584",0.0911865265668079
"chr12-0585",0.094876011889425
"chr12-0586",0.199198916091033
"chr12-0587",0.199728580506412
"chr12-0588",0.059651546897131
"chr12-0589",0.0945550630720584
"chr12-0590",0.286209414226229
"chr12-0591",0.0894048680589024
"chr12-0592",0.00850502936087942
"chr12-0593",0.102282890446336
"chr12-0594",0.230516176758688
"chr12-0595",0.112046888766537
"chr12-0596",0.18067012512323
"chr12-0597",-0.0430939633253594
"chr12-0598",0.0846707575394762
"chr12-0599",0.14521867043677
"chr12-0600",0.335673110352128
"chr12-0601",0.121096239623142
"chr12-0602",0.245756969142752
"chr12-0603",0.228670496443866
"chr12-0604",0.198151894880854
"chr12-0605",0.197769134889898
"chr12-0606",0.138610490299065
"chr12-0607",0.19687565813475
"chr12-0608",0.209310899321469
"chr12-0609",0.0527153522947354
"chr12-0610",0.133213532465455
"chr12-0611",0.136228085391271
"chr12-0612",0.0492620535800731
"chr12-0613",0.113121629181793
"chr12-0614",0.258843345168807
"chr12-0615",0.00288949663056469
"chr12-0616",0.247460720221518
"chr12-0617",0.0869691074320164
"chr12-0618",0.114624395050723
"chr12-0619",-0.131404213692014
"chr12-0620",-0.0349833714007703
"chr12-0621",-0.00597095185466762
"chr12-0622",0.0767895669192383
"chr12-0623",0.0819854141947756
"chr12-0624",0.248930326952674
"chr12-0625",0.155837320533608
"chr12-0626",0.218288387660455
"chr12-0627",0.0991378163779034
"chr12-0628",0.313844746712052
"chr12-0629",0.417033680948045
"chr12-0630",0.201506891020845
"chr12-0631",0.419662580452206
"chr12-0632",0.0874984832359083
"chr12-0633",0.159465949171016
"chr12-0634",0.11121714629735
"chr12-0635",0.00956538386416628
"chr12-0636",0.0284937768020328
"chr12-0637",-0.0111325971542872
"chr12-0638",0.22784866327012
"chr12-0639",0.15332167672101
"chr12-0640",0.108924478420578
"chr12-0641",0.202646799089044
"chr12-0642",0.145728194258637
"chr12-0643",0.201240699002804
"chr12-0644",0.188466025791383
"chr12-0645",0.203409529653728
"chr12-0646",0.102223866886987
"chr12-0647",0.0612070982300917
"chr12-0648",-0.0408549897288272
"chr12-0649",0.361867163499723
"chr12-0650",0.348543704168837
"chr12-0651",0.304366998888278
"chr12-0652",0.102833926354072
"chr12-0653",0.0335443041415248
"chr12-0654",0.153039834209113
"chr12-0655",0.264737943574752
"chr12-0656",-0.112779068390857
"chr12-0657",0.121339043814257
"chr12-0658",0.0907324580662566
"chr12-0659",0.173818004705868
"chr12-0660",0.217604070867506
"chr12-0661",0.119734284391826
"chr12-0662",0.249432259602392
"chr12-0663",0.328998564832615
"chr12-0664",0.15657425818304
"chr12-0665",0.271150328458396
"chr12-0666",0.18606993592585
"chr12-0667",0.126593961527439
"chr12-0668",0.0273622279466391
"chr12-0669",-0.00997703102986349
"chr12-0670",0.164680708494012
"chr12-0671",0.128108900778017
"chr12-0672",0.0492209285483453
"chr12-0673",0.198244879393259
"chr12-0674",0.133538031570329
"chr12-0675",0.387876299083785
"chr12-0676",0.215514755655629
"chr12-0677",0.0281698058272676
"chr12-0678",0.133343247022509
"chr12-0679",0.141142537580968
"chr12-0680",0.0103540141047265
"chr12-0681",-0.0144486974109442
"chr12-0682",0.292635920303661
"chr12-0683",0.192721861319323
"chr12-0684",0.247501957794293
"chr12-0685",0.2286775834094
"chr12-0686",0.24462426556723
"chr12-0687",0.197420126333852
"chr12-0688",0.297897213098987
"chr12-0689",0.117061830284128
"chr12-0690",0.0888685654971343
"chr12-0691",0.105721507325508
"chr12-0692",0.214978753591839
"chr12-0693",0.292404986426753
"chr12-0694",0.222944472720238
"chr12-0695",0.199467273930926
"chr12-0696",0.219201654584173
"chr12-0697",0.226695639452823
"chr12-0698",0.0140039628591652
"chr12-0699",-0.0934287937984552
"chr12-0700",0.312144816685481
"chr12-0701",0.21218605431539
"chr12-0702",0.284131206937619
"chr12-0703",0.250438829559967
"chr12-0704",0.251245066670713
"chr12-0705",0.086438496699033
"chr12-0706",0.261175703890258
"chr12-0707",0.314411449686848
"chr12-0708",0.256148829912537
"chr12-0709",0.0981800441301684
"chr12-0710",0.0984132818738695
"chr12-0711",0.108583290420419
"chr12-0712",0.209454849037292
"chr12-0713",0.212188178521876
"chr12-0714",0.184514435344607
"chr12-0715",0.190150597569677
"chr12-0716",0.185034192528279
"chr12-0717",0.0919794190458343
"chr12-0718",0.103581912572188
"chr12-0719",0.0447122293226302
"chr12-0720",0.0552432814996
"chr12-0721",0.0111866138695788
"chr12-0722",0.0274027379448146
"chr12-0723",0.205023478759189
"chr12-0724",-0.0428571641386652
"chr12-0725",0.0720603448140163
"chr12-0726",0.302062988888574
"chr12-0727",0.116775856532121
"chr12-0728",0.220728849421835
"chr12-0729",0.0118437952399957
"chr12-0730",0.117789265662565
"chr12-0731",0.166869978703737
"chr12-0732",0.0028766060224685
"chr12-0733",0.0631495163983755
"chr12-0734",0.00612762037527731
"chr12-0735",-0.0583701700239829
"chr12-0736",-0.116083778977344
"chr12-0737",0.0600873815734402
"chr12-0738",-0.00272086400137511
"chr12-0739",-0.078660666709645
"chr12-0740",0.0987792047581153
"chr12-0741",-0.0747966241894497
"chr12-0742",-0.144503106091715
"chr12-0743",-0.0424633893895853
"chr12-0744",0.170691513206321
"chr12-0745",-0.187059989205017
"chr12-0746",0.126382221104961
"chr12-0747",0.106579816790093
"chr12-0748",0.0549635720269765
"chr12-0749",-0.00090496970957583
"chr12-0750",0.0363618105632326
"chr12-0751",-0.0716565854885737
"chr12-0752",0.0713609997552552
"chr12-0753",0.0968301316990997
"chr12-0754",0.0415701177195064
"chr12-0755",0.0252103787873484
"chr12-0756",-0.0996955250946055
"chr12-0757",-0.0812206613272745
"chr12-0758",0.209702752311426
"chr12-0759",0.234878946038046
"chr12-0760",0.0863580942515395
"chr12-0761",0.152195798743911
"chr12-0762",-0.0599693903745025
"chr12-0763",-0.15870839472844
"chr12-0764",0.0896152476430338
"chr12-0765",-0.0619739253775361
"chr12-0766",0.0281254233835365
"chr12-0767",0.0727247234093015
"chr12-0768",0.283820173413918
"chr12-0769",0.304190088350958
"chr12-0770",0.389647979114183
"chr12-0771",0.129779849520367
"chr12-0772",0.0584165662492555
"chr12-0773",-0.00775363332620007
"chr12-0774",0.163253493392208
"chr12-0775",0.132437105403005
"chr12-0776",0.0522368229813401
"chr12-0777",0.108865437498163
"chr12-0778",0.0429791404760357
"chr12-0779",0.154329616792135
"chr12-0780",0.101264382299945
"chr12-0781",-0.199854394034832
"chr12-0782",-0.0209081810857349
"chr12-0783",0.0827304379752625
"chr12-0784",0.165703117684044
"chr12-0785",0.0280033618001703
"chr12-0786",-0.268710131655784
"chr12-0787",0.0218656201108143
"chr12-0788",0.0266531759192791
"chr12-0789",0.144883350704189
"chr12-0790",0.154919635049953
"chr12-0791",0.142358214108416
"chr12-0792",0.344542764424081
"chr12-0793",0.104517614265223
"chr12-0794",0.0277719335576818
"chr12-0795",0.16005050957894
"chr12-0796",0.168075429380578
"chr12-0797",-0.0189664298165353
"chr12-0798",0.00835772836771622
"chr12-0799",-0.0351170386900805
"chr12-0800",0.0466561198371632
"chr12-0801",-0.147313898457406
"chr12-0802",-0.214545469152573
"chr12-0803",-0.0148406513282536
"chr12-0804",0.0486425786810151
"chr12-0805",0.0866053975400274
"chr12-0806",0.232210728300987
"chr12-0807",0.218609152109214
"chr12-0808",0.109398555388164
"chr12-0809",0.0262000582700427
"chr12-0810",0.278860376857478
"chr12-0811",0.095418448040859
"chr12-0812",0.0182499796012089
"chr12-0813",0.157678937724602
"chr12-0814",0.083923677852192
"chr12-0815",0.157497017673826
"chr12-0816",0.207282077672133
"chr12-0817",0.163535613657552
"chr12-0818",0.162807084619477
"chr12-0819",0.213905125910605
"chr12-0820",0.046261691100799
"chr12-0821",0.129339371416781
"chr12-0822",0.0765470679358624
"chr12-0823",0.0563724986038059
"chr12-0824",0.0538303540335127
"chr12-0825",0.293888326999612
"chr12-0826",0.0215190566105959
"chr12-0827",0.268008759261876
"chr12-0828",0.0611570936964966
"chr12-0829",0.0799657235483024
"chr12-0830",0.0139902759523102
"chr12-0831",0.0753618725514655
"chr12-0832",0.083260685685783
"chr12-0833",0.190778326723582
"chr12-0834",-0.0651747924874228
"chr12-0835",-0.0574702940411637
"chr12-0836",0.10339050268236
"chr12-0837",0.076299559954576
"chr12-0838",0.0958497233154598
"chr12-0839",-0.0637239715215708
"chr12-0840",0.0710925827352438
"chr12-0841",0.0892880270568391
"chr12-0842",0.0661587985702859
"chr12-0843",-0.0795644647734973
"chr12-0844",0.103896162697226
"chr12-0845",0.0933888828391211
"chr12-0846",-0.0321751377514368
"chr12-0847",0.0843589286188905
"chr12-0848",-0.126203166258305
"chr12-0849",-0.095559123438539
"chr12-0850",0.0130079601482583
"chr12-0851",-0.0397714953910516
"chr12-0852",-0.00248400825122239
"chr12-0853",-0.0502315556546594
"chr12-0854",0.044307999080195
"chr12-0855",0.115385782003307
"chr12-0856",-0.0613488327396163
"chr12-0857",0.074503436526235
"chr12-0858",-0.0571839703018287
"chr12-0859",-0.0571639519337488
"chr12-0860",-0.127775713034042
"chr12-0861",-0.0137619595733432
"chr12-0862",-0.0785990061553377
"chr12-0863",-0.0593137049360269
"chr12-0864",-0.223036868626772
"chr12-0865",-0.00507996914172892
"chr12-0866",-0.0199696186092986
"chr12-0867",0.0400532717897319
"chr12-0868",-0.0807286851406006
"chr12-0869",-0.194625766393351
"chr12-0870",0.125575469347403
"chr12-0871",-0.127937807282565
"chr12-0872",0.0273313811043753
"chr12-0873",0.0977724259425812
"chr12-0874",-0.26660402847407
"chr12-0875",-0.103414351632945
"chr12-0876",-0.0159399459329941
"chr12-0877",0.00146283199553527
"chr12-0878",-0.0959066802106036
"chr12-0879",-0.0440287776383637
"chr12-0880",0.00322135291879335
"chr12-0881",-0.0350424340206179
"chr12-0882",-0.150034198642605
"chr12-0883",-0.0677190702199898
"chr12-0884",0.0150236777823775
"chr12-0885",-0.0200619694210351
"chr12-0886",-0.0191279746026724
"chr12-0887",0.0626620589080406
"chr12-0888",-0.0754179653491755
"chr12-0889",-0.204261019894941
"chr12-0890",0.0216739511827582
"chr12-0891",0.0741510180464349
"chr12-0892",0.0526706862671954
"chr12-0893",0.0267578740694159
"chr12-0894",0.0930695820275743
"chr12-0895",-0.234890878656253
"chr12-0896",-0.0299646213735292
"chr12-0897",-0.0889523957334198
"chr12-0898",0.0540062170417274
"chr12-0899",-0.0199368517696252
"chr12-0900",-0.0415894142047292
"chr12-0901",0.118613883696289
"chr12-0902",-0.05739867523568
"chr12-0903",-0.022682709211894
"chr12-0904",-0.176365207067072
"chr12-0905",0.0220087192629545
"chr12-0906",0.0166801124918045
"chr12-0907",0.160095760654472
"chr12-0908",-0.0096430317773872
"chr12-0909",0.0722551765552387
"chr12-0910",0.0934478369058212
"chr12-0911",-0.0536679921956223
"chr12-0912",-0.0204092487354136
"chr12-0913",0.0471555931073237
"chr12-0914",-0.00789954320501238
"chr12-0915",0.068115801642855
"chr12-0916",0.0955400083217051
"chr12-0917",-0.242777570578529
"chr12-0918",-0.148547914373296
"chr12-0919",-0.248110335144994
"chr12-0920",0.0648557784088904
"chr12-0921",-0.120531742970638
"chr12-0922",-0.11700793757143
"chr12-0923",0.0487248288422449
"chr12-0924",0.0121102707130766
"chr12-0925",0.24317436071386
"chr12-0926",0.210731442065248
"chr12-0927",0.0629999396931619
"chr12-0928",0.141965864252516
"chr12-0929",-0.228423620215408
"chr12-0930",0.318148680011871
"chr12-0931",0.135194601183784
"chr12-0932",-0.0901716567982015
"chr12-0933",0.151319019389372
"chr12-0934",0.167917751592597
"chr12-0935",0.374049515563533
"chr12-0936",0.10276216184879
"chr12-0937",0.118914718150021
"chr12-0938",-0.0208698668021804
"chr12-0939",0.125474133956603
"chr12-0940",0.22222824436522
"chr12-0941",0.137381229672991
"chr12-0942",0.125262571714333
"chr12-0943",-0.137084150993535
"chr12-0944",-0.0540390401407958
"chr12-0945",0.0483816031078649
"chr12-0946",0.0791438038262311
"chr12-0947",0.130577777004905
"chr12-0948",0.0852648925471794
"chr12-0949",-0.157584913097656
"chr12-0950",0.0363574889588797
"chr12-0951",0.13762765136843
"chr12-0952",0.0788518590092495
"chr12-0953",-0.0544420336201836
"chr12-0954",0.0263192902274717
"chr12-0955",-0.145032912312948
"chr12-0956",-0.0772244591255813
"chr12-0957",0.0702047469153107
"chr12-0958",-0.0286099235301337
"chr12-0959",0.0955884114432786
"chr12-0960",0.097232745193935
"chr12-0961",-0.0186259890669481
"chr12-0962",-0.0503548086744911
"chr12-0963",0.157357177505067
"chr12-0964",0.0781506598403708
"chr12-0965",0.236585046228399
"chr12-0966",0.16716642820115
"chr12-0967",0.0190076278466658
"chr12-0968",0.0870962387918521
"chr12-0969",0.0498598389467162
"chr12-0970",-0.106628259854591
"chr12-0971",0.00524736993521929
"chr12-0972",0.00491572841945188
"chr12-0973",0.028110920897339
"chr12-0974",-0.0206896536429561
"chr12-0975",0.141087864627543
"chr12-0976",0.181215241379554
"chr12-0977",0.0388144168366987
"chr12-0978",-0.208361022999992
"chr12-0979",0.185487860977868
"chr12-0980",0.0923914345694147
"chr12-0981",0.0574762244358381
"chr12-0982",0.00170049507874049
"chr12-0983",0.030865400239202
"chr12-0984",-0.0292633235688392
"chr12-0985",0.0127310692395592
"chr12-0986",-0.21599636897208
"chr12-0987",-0.274849144087948
"chr12-0988",-0.0523244456437011
"chr12-0989",-0.0503266351950322
"chr12-0990",0.0266719393058025
"chr12-0991",-0.0386901283841732
"chr12-0992",-0.139539822480878
"chr12-0993",-0.05698864084303
"chr12-0994",0.109981246129397
"chr12-0995",-0.371756990502733
"chr12-0996",0.0804033827881179
"chr12-0997",0.0552175649040383
"chr12-0998",0.0422254898773994
"chr12-0999",0.0812764347019236
"chr12-1000",-0.0870011668467627
"chr12-1001",-0.0770267317216592
"chr12-1002",-0.176018341140875
"chr12-1003",-0.45360282077705
"chr12-1004",0.0137855776883217
"chr12-1005",0.0269703291626984
"chr12-1006",-0.04480971227544
"chr12-1007",0.0610206469321128
"chr12-1008",0.0207814008880451
"chr12-1009",-0.345105506604943
"chr12-1010",-0.190170380982409
"chr12-1011",-0.25165129175023
"chr12-1012",-0.0946898989040567
"chr12-1013",0.130786211375323
"chr12-1014",-0.0742995459269076
"chr12-1015",-0.0596457545278364
"chr12-1016",0.0767010381659866
"chr12-1017",0.00240129262541876
"chr12-1018",-0.196573439145964
"chr12-1019",-0.0958905987721774
"chr12-1020",0.0154544059298627
"chr12-1021",0.15239588070867
"chr12-1022",-0.034969693465296
"chr12-1023",-0.182704820725514
"chr12-1024",-0.109979649024897
"chr12-1025",-0.0905358909247102
"chr12-1026",0.105571719095565
"chr12-1027",0.168560900554573
"chr12-1028",0.0409975348790372
"chr12-1029",0.0542026311717605
"chr12-1030",0.0456463873360426
"chr12-1031",-0.0108338554668457
"chr12-1032",-0.236529475644279
"chr12-1033",0.00507219768358038
"chr12-1034",0.0132612596418103
"chr12-1035",-0.0522533439111291
"chr12-1036",-0.138795765959952
"chr12-1037",-0.113866263188026
"chr12-1038",-0.26168681404099
"chr12-1039",-0.0342955604090845
"chr12-1040",-0.258276255310755
"chr12-1041",0.205390763524169
"chr12-1042",-0.0909710350060457
"chr12-1043",-0.103125412782591
"chr12-1044",0.285595239072293
"chr12-1045",0.162168737111015
"chr12-1046",-0.076925527150352
"chr12-1047",0.00318918870252153
"chr12-1048",0.0623511249476358
"chr12-1049",0.111786022223167
"chr12-1050",0.0214813106742855
"chr12-1051",0.0455969126410221
"chr12-1052",0.0712357468978387
"chr12-1053",-0.0812686944763056
"chr12-1054",-0.0207776574280911
"chr12-1055",-0.0111402504422879
"chr12-1056",-0.174902058937788
"chr12-1057",-0.0419867775349518
"chr12-1058",-0.0991896048963255
"chr12-1059",-0.0434456382780665
"chr12-1060",-0.0188550129194549
"chr12-1061",0.0427535030739538
"chr12-1062",0.0923435745089848
"chr12-1063",-0.057062528035061
"chr12-1064",-0.00891819036696363
"chr12-1065",-0.0627553049735227
"chr12-1066",0.0752985727991452
"chr12-1067",0.236862161811244
"chr12-1068",0.0514668327821838
"chr12-1069",0.00434128596352725
"chr12-1070",-0.0122092351761427
"chr12-1071",-0.0701992637502966
"chr12-1072",0.106873767264695
"chr12-1073",0.0927744443243063
"chr12-1074",0.0806388449010315
"chr12-1075",0.0752173874662343
"chr12-1076",0.0797744232665318
"chr12-1077",0.12004497808659
"chr12-1078",0.0179430238999146
"chr12-1079",0.186674716905708
"chr12-1080",0.115963809633823
"chr12-1081",0.0861097130103364
"chr12-1082",0.0921874917384494
"chr12-1083",-0.0353113232741755
"chr12-1084",0.021008966907442
"chr12-1085",0.0983036890936871
"chr12-1086",-0.0726920483132527
"chr12-1087",0.0914634579569175
"chr12-1088",-0.260177873133382
"chr12-1089",-0.00177201524598872
"chr12-1090",0.106370792124207
"chr12-1091",-0.037500158640239
"chr12-1092",-0.011263785589908
"chr12-1093",0.0231752576641896
"chr12-1094",0.0577411375366327
"chr12-1095",0.204571746011039
"chr12-1096",0.0543537445385625
"chr12-1097",0.0177393834675595
"chr12-1098",-0.0480144796223175
"chr12-1099",-0.032415977317578
"chr12-1100",0.0467700847851937
"chr12-1101",0.187275070921251
"chr12-1102",-0.0279866452872243
"chr12-1103",0.163627750835973
"chr12-1104",0.15373406743311
"chr12-1105",0.029752469718802
"chr12-1106",0.0626496975069321
"chr12-1107",0.118723714889213
"chr12-1108",0.188929594798172
"chr12-1109",0.0201715699925854
"chr12-1110",0.154020222381347
"chr12-1111",0.053703037449744
"chr12-1112",0.0381804910668728
"chr12-1113",0.111587312167081
"chr12-1114",0.144688681865034
"chr12-1115",0.104973287871347
"chr12-1116",-0.0881575649436354
"chr12-1117",-0.0589601612074613
"chr12-1118",-0.126538878478355
"chr12-1119",0.109423922623137
"chr12-1120",0.14432272662637
"chr12-1121",-0.0569916643329577
"chr12-1122",0.0396683729537732
"chr12-1123",0.050811488427658
"chr12-1124",0.0733210836657878
"chr12-1125",-0.0491265404668623
"chr12-1126",0.0274542071274522
"chr12-1127",0.0174536594539734
"chr12-1128",0.0640078467901942
"chr12-1129",0.159298427948593
"chr12-1130",0.170311507463457
"chr12-1131",0.0228773647643819
"chr12-1132",-0.111914185046474
"chr12-1133",0.057009509036385
"chr12-1134",-0.0755359060315186
"chr12-1135",0.0484819973522248
"chr12-1136",0.0786942279513973
"chr12-1137",-0.13077700189939
"chr12-1138",-0.0872483312527122
"chr12-1139",0.179205729085885
"chr12-1140",-0.0434607770815804
"chr12-1141",0.115308507135932
"chr12-1142",-0.00297843045001615
"chr12-1143",-0.0321850588769135
"chr12-1144",0.0590605518251456
"chr12-1145",0.125584122933791
"chr12-1146",0.12045566421922
"chr12-1147",0.0299603632900697
"chr12-1148",0.0399238133484724
"chr12-1149",0.0510621329874224
"chr12-1150",0.0768911258652251
"chr12-1151",0.00496764240825406
"chr12-1152",0.175436141080033
"chr12-1153",0.0435311667407246
"chr12-1154",-0.0102168879674544
"chr12-1155",0.138785548394972
"chr12-1156",-0.0321949638556366
"chr12-1157",0.113454476396661
"chr12-1158",0.138576115468771
"chr12-1159",-0.0823376631947208
"chr12-1160",0.149138755975255
"chr12-1161",0.0803991036616505
"chr12-1162",0.188224531769086
"chr12-1163",-0.198945231274604
"chr12-1164",0.0811922170838913
"chr12-1165",0.028034693455254
"chr12-1166",0.157562821444938
"chr12-1167",0.0669988890780293
"chr12-1168",0.0435111544391133
"chr12-1169",-0.0104973477869132
"chr12-1170",0.173604662040171
"chr12-1171",0.146287766754133
"chr12-1172",0.244766050518636
"chr12-1173",0.183234059283827
"chr12-1174",0.182562702247605
"chr12-1175",0.182608229567002
"chr12-1176",0.0795870036664285
"chr12-1177",0.0729545210452711
"chr12-1178",0.0205360076881292
"chr12-1179",0.133153629745137
"chr12-1180",0.170174404000924
"chr12-1181",0.124076477851566
"chr12-1182",0.0684757741307759
"chr12-1183",0.142756808886852
"chr12-1184",0.0208668869989027
"chr12-1185",0.0918642378057404
"chr12-1186",0.135634336024597
"chr12-1187",0.080636288609819
"chr12-1188",0.194734898935566
"chr12-1189",0.0827247554385291
"chr12-1190",0.172828462884999
"chr12-1191",0.0970744369731823
"chr12-1192",0.0555590333364015
"chr12-1193",0.0875012860181867
"chr12-1194",0.151699338127857
"chr12-1195",0.182129775181651
"chr12-1196",0.217504729842868
"chr12-1197",0.0357413364618544
"chr12-1198",0.157734311469971
"chr12-1199",-0.032228924940569
"chr12-1200",0.185266545942322
"chr12-1201",0.0768513809406079
"chr12-1202",0.00867944291715425
"chr12-1203",0.0338403432919722
"chr12-1204",0.122424519175149
"chr12-1205",0.0467957282483365
"chr12-1206",0.0299858491521149
"chr12-1207",0.0783855200831673
"chr12-1208",0.171764439429895
"chr12-1209",0.157667974480111
"chr12-1210",0.143289696663436
"chr13-0001",0.15737226525438
"chr13-0002",-0.0145534022794172
"chr13-0003",0.0911337880605392
"chr13-0004",-0.0040963447905105
"chr13-0005",-0.107870938735769
"chr13-0006",-0.131482835051878
"chr13-0007",0.0708052549658615
"chr13-0008",0.0618180961269647
"chr13-0009",-0.163929869935461
"chr13-0010",0.0948734972464435
"chr13-0011",0.111293808830903
"chr13-0012",0.0624204229941782
"chr13-0013",-0.00348052231722319
"chr13-0014",0.207381008231628
"chr13-0015",-0.00794965104997862
"chr13-0016",-0.0700237447265232
"chr13-0017",0.132189606548249
"chr13-0018",-0.031393615236016
"chr13-0019",0.1242130155807
"chr13-0020",-0.105330635823321
"chr13-0021",-0.103292145025605
"chr13-0022",0.03514231099287
"chr13-0023",-0.159453260376692
"chr13-0024",0.0788423147141632
"chr13-0025",-0.135030425045904
"chr13-0026",-0.0128668741819156
"chr13-0027",-0.0125820826390222
"chr13-0028",-0.157098730944252
"chr13-0029",0.0210497048589556
"chr13-0030",0.176952844155116
"chr13-0031",0.0875001520827721
"chr13-0032",0.191431783218623
"chr13-0033",0.276388780595783
"chr13-0034",0.158416925709805
"chr13-0035",0.107311515564367
"chr13-0036",0.0970959949559469
"chr13-0037",0.161590192356019
"chr13-0038",0.172275034036813
"chr13-0039",0.103953630420031
"chr13-0040",0.10901443773293
"chr13-0041",0.145784016365977
"chr13-0042",0.162099693636581
"chr13-0043",0.0198367464417942
"chr13-0044",0.20828439448515
"chr13-0045",0.22021675267391
"chr13-0046",0.0871175742916675
"chr13-0047",0.117246002888548
"chr13-0048",0.158018345755343
"chr13-0049",0.0409951881295326
"chr13-0050",-0.0449042751661218
"chr13-0051",0.0847419767402024
"chr13-0052",0.0519573197824792
"chr13-0053",0.217905522973092
"chr13-0054",0.13208395956427
"chr13-0055",-0.0104700367924881
"chr13-0056",0.128205505160841
"chr13-0057",0.00261702719526677
"chr13-0058",-0.120544403957124
"chr13-0059",-0.102660019855433
"chr13-0060",-0.0189798380387594
"chr13-0061",-0.091089063390391
"chr13-0062",-0.0824801477200458
"chr13-0063",0.00784449328418151
"chr13-0064",0.07378019791998
"chr13-0065",0.234864696345253
"chr13-0066",0.146585363506736
"chr13-0067",-0.0417432106004029
"chr13-0068",-0.0273935739237082
"chr13-0069",0.0998915384927238
"chr13-0070",0.116581975853295
"chr13-0071",0.150527305328551
"chr13-0072",-0.0940100086628883
"chr13-0073",0.119046428866866
"chr13-0074",-0.0121983670917762
"chr13-0075",0.127234894633634
"chr13-0076",0.0758999840935244
"chr13-0077",0.171753240185935
"chr13-0078",0.150855917365119
"chr13-0079",0.0985232690315374
"chr13-0080",0.0494885319665911
"chr13-0081",0.0677280029291507
"chr13-0082",0.13766049686718
"chr13-0083",-0.0983977132765991
"chr13-0084",-0.00178739408710595
"chr13-0085",0.174749179132606
"chr13-0086",0.00562279061805114
"chr13-0087",0.166293310219141
"chr13-0088",0.144620849950423
"chr13-0089",0.0253025244852784
"chr13-0090",0.0771837025552029
"chr13-0091",0.0140080865693502
"chr13-0092",0.000152572878509658
"chr13-0093",-0.0261177642796431
"chr13-0094",-0.256003948820084
"chr13-0095",0.117672328262529
"chr13-0096",0.234926675854834
"chr13-0097",-0.0192404446810717
"chr13-0098",0.212048606938595
"chr13-0099",0.0913226523315403
"chr13-0100",-0.0390287172208348
"chr13-0101",-0.0393700355254553
"chr13-0102",-0.156515437544311
"chr13-0103",0.198890069601188
"chr13-0104",0.24483371518585
"chr13-0105",0.183752104325835
"chr13-0106",0.206626346903743
"chr13-0107",0.226738950728141
"chr13-0108",0.229073939454512
"chr13-0109",0.070619342059732
"chr13-0110",0.138845631241555
"chr13-0111",0.0652803295029821
"chr13-0112",-0.0241494025932664
"chr13-0113",0.225809116448273
"chr13-0114",0.0980899168577054
"chr13-0115",0.105722022110206
"chr13-0116",0.14120525788762
"chr13-0117",0.0756826196995891
"chr13-0118",-0.0440726090368237
"chr13-0119",0.0932692747987926
"chr13-0120",0.22413048195937
"chr13-0121",0.070384787272565
"chr13-0122",0.145981194903515
"chr13-0123",0.127661783175897
"chr13-0124",0.0400143214947672
"chr13-0125",0.417529861728254
"chr13-0126",0.14184106451894
"chr13-0127",0.087669584880002
"chr13-0128",0.158923150015043
"chr13-0129",0.240082304893366
"chr13-0130",-0.0173421027124335
"chr13-0131",0.199044923101567
"chr13-0132",-0.00145720526730993
"chr13-0133",0.205868673506206
"chr13-0134",0.0906477069432506
"chr13-0135",0.317854441699598
"chr13-0136",0.0818533255723763
"chr13-0137",0.262564559382769
"chr13-0138",0.0717022901483523
"chr13-0139",0.352368902285705
"chr13-0140",0.209010235316893
"chr13-0141",0.184251510249437
"chr13-0142",0.18579075205139
"chr13-0143",0.0722600277742038
"chr13-0144",0.164314179698939
"chr13-0145",0.216377494847018
"chr13-0146",0.188941445992582
"chr13-0147",0.125890467344458
"chr13-0148",0.064970345756266
"chr13-0149",0.36604943879422
"chr13-0150",0.129971587082048
"chr13-0151",0.0112632874085202
"chr13-0152",0.0834023058360677
"chr13-0153",0.0985793732091852
"chr13-0154",0.0689305770356
"chr13-0155",0.0733483485379534
"chr13-0156",-0.324334403306601
"chr13-0157",0.0847468827304084
"chr13-0158",0.174602103858239
"chr13-0159",0.328404640823476
"chr13-0160",0.214229883969141
"chr13-0161",0.109954046235482
"chr13-0162",0.0932712317085079
"chr13-0163",0.236982270428954
"chr13-0164",0.088414968327887
"chr13-0165",0.290825479058018
"chr13-0166",0.126504866203243
"chr13-0167",0.0348200473224551
"chr13-0168",0.189978808264537
"chr13-0169",0.327646533057229
"chr13-0170",0.158034264417052
"chr13-0171",0.143866223461528
"chr13-0172",0.164692076840921
"chr13-0173",0.0279406488452039
"chr13-0174",0.00192445055390774
"chr13-0175",-0.096181947735916
"chr13-0176",-0.0473672110154671
"chr13-0177",0.0708765393205348
"chr13-0178",0.219544239456198
"chr13-0179",0.0353987801497387
"chr13-0180",0.174146432317598
"chr13-0181",0.0485228656937581
"chr13-0182",-0.0247384752699075
"chr13-0183",-0.000441898377520374
"chr13-0184",0.0443862315241874
"chr13-0185",0.211487936603799
"chr13-0186",-0.044801057832639
"chr13-0187",0.159525512781491
"chr13-0188",0.108721776088506
"chr13-0189",0.274928437754238
"chr13-0190",0.0626518399920153
"chr13-0191",0.0789944592154998
"chr13-0192",0.0847029193296739
"chr13-0193",0.162046038595849
"chr13-0194",-0.0195741725404345
"chr13-0195",0.0995332707607824
"chr13-0196",0.257758336625456
"chr13-0197",0.244947694641667
"chr13-0198",0.100879371849853
"chr13-0199",0.197978887546642
"chr13-0200",0.168545695165847
"chr13-0201",0.279309591043645
"chr13-0202",-0.0687753688508145
"chr13-0203",0.194609259494533
"chr13-0204",0.0104889876878804
"chr13-0205",0.289032985544956
"chr13-0206",0.113446486712301
"chr13-0207",0.15230349963327
"chr13-0208",-0.0246303626859277
"chr13-0209",0.0444768420469299
"chr13-0210",0.136017178387083
"chr13-0211",0.124758123869616
"chr13-0212",-0.106877018029157
"chr13-0213",-0.132187043448687
"chr13-0214",-0.000106559635152947
"chr13-0215",-0.153153133226251
"chr13-0216",-0.0340618730413663
"chr13-0217",-0.0397678341099474
"chr13-0218",-0.0681279212701354
"chr13-0219",-0.0737754950533361
"chr13-0220",0.248798021870802
"chr13-0221",0.000939462337975712
"chr13-0222",0.0576754937548152
"chr13-0223",0.251780163071548
"chr13-0224",0.129395843583229
"chr13-0225",0.0274380928745833
"chr13-0226",0.165549016766674
"chr13-0227",0.0139507035819167
"chr13-0228",0.0424212923334313
"chr13-0229",0.207450041584113
"chr13-0230",0.183192987127855
"chr13-0231",0.294386797074463
"chr13-0232",-0.329905310667809
"chr13-0233",-0.355247792285129
"chr13-0234",-0.583651578692828
"chr13-0235",-0.52228996078626
"chr13-0236",-0.211256856720653
"chr13-0237",-0.425844891391167
"chr13-0238",-0.207292025988951
"chr13-0239",-0.421329632686645
"chr13-0240",-0.443575276887061
"chr13-0241",-0.162819090169581
"chr13-0242",-0.307736246699129
"chr13-0243",-0.256597824763902
"chr13-0244",-0.303774833769073
"chr13-0245",-0.383243659202301
"chr13-0246",-0.46351820441236
"chr13-0247",-0.652875276321719
"chr13-0248",-0.240808748798402
"chr13-0249",-0.493764762236562
"chr13-0250",-0.498111691991202
"chr13-0251",-0.289057212881441
"chr13-0252",-0.720602014640169
"chr13-0253",-0.203646662986827
"chr13-0254",-0.120103515642642
"chr13-0255",-0.38603628142831
"chr13-0256",-0.263102117012136
"chr13-0257",-0.130860322832768
"chr13-0258",-0.308598069848483
"chr13-0259",-0.16062937361047
"chr13-0260",-0.356321990645664
"chr13-0261",-0.153273718994437
"chr13-0262",-0.387635752968285
"chr13-0263",-0.346661844329727
"chr13-0264",-0.2581100289443
"chr13-0265",-0.382295438348737
"chr13-0266",-0.212349256299596
"chr13-0267",-0.149983890921248
"chr13-0268",-0.280174406623899
"chr13-0269",-0.237215617896482
"chr13-0270",-0.291954268100706
"chr13-0271",-0.412374315043368
"chr13-0272",-0.339759127364459
"chr13-0273",-0.443850354598593
"chr13-0274",-0.474640468052166
"chr13-0275",-0.426071528857357
"chr13-0276",-0.252610379389348
"chr13-0277",-0.459915514611408
"chr13-0278",-0.381846140097849
"chr13-0279",-0.295993671621472
"chr13-0280",-0.0287800313440413
"chr13-0281",-0.417205924616147
"chr13-0282",-0.371678768139349
"chr13-0283",-0.215879590788681
"chr13-0284",-0.327764750602487
"chr13-0285",-0.34069017961845
"chr13-0286",-0.262626067289341
"chr13-0287",-0.304414904270142
"chr13-0288",-0.476778420705608
"chr13-0289",-0.273862626478764
"chr13-0290",-0.234351483403286
"chr13-0291",-0.159175104191777
"chr13-0292",-0.431320750400381
"chr13-0293",-0.178213517239165
"chr13-0294",-0.277623005656095
"chr13-0295",-0.429560464161588
"chr13-0296",-0.435280194298833
"chr13-0297",-0.239023204122407
"chr13-0298",-0.144104141836665
"chr13-0299",0.0586792358945301
"chr13-0300",0.10208037442129
"chr13-0301",0.300025216101042
"chr13-0302",0.334016128235624
"chr13-0303",0.170894834900107
"chr13-0304",0.15704856784799
"chr13-0305",0.150184401784961
"chr13-0306",0.212842505233006
"chr13-0307",0.0719060061907444
"chr13-0308",0.286839536703738
"chr13-0309",0.472597115650321
"chr13-0310",0.0644700324204319
"chr13-0311",0.0641169819897542
"chr13-0312",-0.0352443925479421
"chr13-0313",0.0877023741175419
"chr13-0314",0.158735685473344
"chr13-0315",0.252512061226111
"chr13-0316",0.217459747980149
"chr13-0317",0.135251778196478
"chr13-0318",0.230820459047576
"chr13-0319",0.235640136064953
"chr13-0320",0.128403525154241
"chr13-0321",0.0683067858373829
"chr13-0322",0.134008443696462
"chr13-0323",0.114512555780555
"chr13-0324",-0.0492898610537135
"chr13-0325",0.0203342677316356
"chr13-0326",0.276481121178164
"chr13-0327",0.21820358121567
"chr13-0328",0.0445319261234879
"chr13-0329",0.180503659109523
"chr13-0330",0.0866845878173939
"chr13-0331",0.152859139875842
"chr13-0332",0.212699696077746
"chr13-0333",0.0995762062517274
"chr13-0334",0.157370377102437
"chr13-0335",0.157911501321753
"chr13-0336",0.263688835036959
"chr13-0337",0.143300605770247
"chr13-0338",0.104315381598101
"chr13-0339",0.206198476180727
"chr13-0340",0.205527621292018
"chr13-0341",0.0933793229324542
"chr13-0342",0.107432349338184
"chr13-0343",0.150818639375983
"chr13-0344",0.109255082742125
"chr13-0345",0.0831311155243776
"chr13-0346",0.355817558892645
"chr13-0347",0.243227466594109
"chr13-0348",0.210139008762229
"chr13-0349",0.266743648342163
"chr13-0350",0.0180107182768784
"chr13-0351",0.23019868348453
"chr13-0352",0.239609349350857
"chr13-0353",0.437024518829084
"chr13-0354",0.234741237556018
"chr13-0355",0.216321640858486
"chr13-0356",0.17046524655675
"chr13-0357",0.139376604341535
"chr13-0358",0.177263114083353
"chr13-0359",0.200387019508869
"chr13-0360",0.253183146699135
"chr13-0361",-0.00148247957785431
"chr13-0362",0.179095821957392
"chr13-0363",0.220293061308938
"chr13-0364",0.182739515504711
"chr13-0365",0.260774655216538
"chr13-0366",0.122241411420709
"chr13-0367",0.260865224078938
"chr13-0368",0.233837653034795
"chr13-0369",0.342290835019696
"chr13-0370",0.182548743828428
"chr13-0371",0.083681414734772
"chr13-0372",0.0358013021087468
"chr13-0373",0.0974609725154736
"chr13-0374",0.154102548571259
"chr13-0375",0.231960373688585
"chr13-0376",0.0623814699574947
"chr13-0377",-0.0659047316694485
"chr13-0378",0.0913651883181565
"chr13-0379",0.0799470236339178
"chr13-0380",0.0249849434847725
"chr13-0381",0.190506206927149
"chr13-0382",0.0818767853247464
"chr13-0383",0.0557688936071562
"chr13-0384",0.0659736453241622
"chr13-0385",-0.00194983693663924
"chr13-0386",0.124467976461491
"chr13-0387",0.0477606613898882
"chr13-0388",0.296603855875115
"chr13-0389",0.0555146391664149
"chr13-0390",0.151814130915875
"chr13-0391",-0.0751710701924686
"chr13-0392",0.133357189918507
"chr13-0393",-0.0240284586150108
"chr13-0394",0.141642763222546
"chr13-0395",0.071325659494618
"chr13-0396",0.124598985589203
"chr13-0397",0.214964290711359
"chr13-0398",0.0109951214574042
"chr13-0399",0.022087055909822
"chr13-0400",0.180830767484334
"chr13-0401",0.347494863589832
"chr13-0402",0.0941642138725789
"chr13-0403",0.0309445366331881
"chr13-0404",-0.0074380715259345
"chr13-0405",0.147644597520311
"chr13-0406",0.23736063363183
"chr13-0407",0.126377609706112
"chr13-0408",-0.0287918159837932
"chr13-0409",0.0116730726340028
"chr13-0410",0.0893160941513917
"chr13-0411",0.174009188016694
"chr13-0412",0.145337996721418
"chr13-0413",0.116765295546867
"chr13-0414",0.00031409019758186
"chr13-0415",-0.0652580632270094
"chr13-0416",0.0429113189689504
"chr13-0417",-0.100492312772208
"chr13-0418",0.0626701455747778
"chr13-0419",0.159146671346059
"chr13-0420",0.081182577962356
"chr13-0421",0.113741252341155
"chr13-0422",0.127244675208041
"chr13-0423",0.118792091890378
"chr13-0424",0.0180751871456873
"chr13-0425",0.0636181885561123
"chr13-0426",0.0548208648682002
"chr13-0427",0.207587106678094
"chr13-0428",0.338060459220451
"chr13-0429",0.365995133796484
"chr13-0430",0.101847955550143
"chr13-0431",0.224007751290394
"chr13-0432",0.00560941545831781
"chr13-0433",0.137590511116724
"chr13-0434",-0.0126738160128404
"chr13-0435",0.143742473922293
"chr13-0436",-0.0580423019490294
"chr13-0437",-0.0554007486280974
"chr13-0438",0.174037700647378
"chr13-0439",0.166374485139873
"chr13-0440",0.0105254720301873
"chr13-0441",0.238334586913369
"chr13-0442",0.222116254026147
"chr13-0443",0.225450933455797
"chr13-0444",0.0789562787701353
"chr13-0445",0.0859932499092476
"chr13-0446",0.0759997825515848
"chr13-0447",0.090562480842055
"chr13-0448",0.143656216092335
"chr13-0449",0.152131083512363
"chr13-0450",0.0422464486026564
"chr13-0451",0.173890666524424
"chr13-0452",0.338668596318825
"chr13-0453",0.184004041383668
"chr13-0454",0.286933535564502
"chr13-0455",0.135105394846845
"chr13-0456",0.130818846239434
"chr13-0457",0.0120212811568476
"chr13-0458",0.320126611739238
"chr13-0459",0.154497674673445
"chr13-0460",0.0478802961556001
"chr13-0461",0.063011826905216
"chr13-0462",0.253287845914579
"chr13-0463",0.118425252235294
"chr13-0464",0.0294621590956483
"chr13-0465",0.00558994819046404
"chr13-0466",0.0975628980681481
"chr13-0467",0.266362417842637
"chr13-0468",0.215991960102824
"chr13-0469",0.290689592202616
"chr13-0470",0.12576867059416
"chr13-0471",0.163540323025944
"chr13-0472",0.187950986260513
"chr13-0473",0.127438845281029
"chr13-0474",0.261109200194226
"chr13-0475",0.225584361990638
"chr13-0476",0.181532611300622
"chr13-0477",0.194107975766014
"chr13-0478",0.048960668135724
"chr13-0479",0.164661144373911
"chr13-0480",0.156278768877202
"chr13-0481",-0.00220143983724963
"chr13-0482",0.0683959651437842
"chr13-0483",0.16438325257622
"chr13-0484",0.0782124528440831
"chr13-0485",0.182963830003822
"chr13-0486",0.18790689892114
"chr13-0487",0.148233114024139
"chr13-0488",0.0915998865436924
"chr13-0489",0.0129862299052018
"chr13-0490",0.257184441217833
"chr13-0491",0.248871761838766
"chr13-0492",0.296597177689152
"chr13-0493",0.0792682606439536
"chr13-0494",0.0801677467889783
"chr13-0495",0.00125611186646545
"chr13-0496",0.0655934757909443
"chr13-0497",0.177097093331924
"chr13-0498",0.13660901296688
"chr13-0499",-0.0307984390825644
"chr13-0500",0.0517135705024369
"chr13-0501",-0.0421064143353037
"chr13-0502",0.155446866711546
"chr13-0503",0.118705844246247
"chr13-0504",0.1024166212386
"chr13-0505",0.0423607611279331
"chr13-0506",0.260412745204529
"chr13-0507",0.10723966473001
"chr13-0508",0.199095663655458
"chr13-0509",0.0187977808162091
"chr13-0510",0.0100690576883197
"chr13-0511",0.0653257303255489
"chr13-0512",-0.0725850758652031
"chr13-0513",0.117790719909335
"chr13-0514",0.242582241174963
"chr13-0515",0.235273926863121
"chr13-0516",0.006180109252686
"chr13-0517",0.00592909222335122
"chr13-0518",0.10556220036902
"chr13-0519",0.210542860513877
"chr13-0520",0.177249958305328
"chr13-0521",0.145078283684276
"chr13-0522",0.100469404011594
"chr13-0523",0.166237033316917
"chr13-0524",0.133145331606482
"chr13-0525",0.179659937990807
"chr13-0526",0.136552033780438
"chr13-0527",0.134387216276824
"chr13-0528",-0.0131168228501034
"chr13-0529",0.0880071363367251
"chr13-0530",0.0705538465539564
"chr13-0531",0.0315600474338787
"chr13-0532",0.125586814124107
"chr13-0533",0.099774706873681
"chr13-0534",0.0697898123524829
"chr13-0535",0.00281514370043536
"chr13-0536",0.0946167994032318
"chr13-0537",0.0145612460795539
"chr13-0538",0.288979456343212
"chr13-0539",0.123759830606378
"chr13-0540",0.137130069193447
"chr13-0541",-0.0587277114068474
"chr13-0542",0.0223071005096204
"chr13-0543",0.0233528349774041
"chr13-0544",0.0564337535890567
"chr13-0545",0.0569059302197484
"chr13-0546",0.0404622952440752
"chr13-0547",0.111732022994263
"chr13-0548",0.146962379711047
"chr13-0549",0.147512466177157
"chr13-0550",0.257522517716354
"chr13-0551",0.198862501898874
"chr13-0552",0.297115638344663
"chr13-0553",0.0963896933532342
"chr13-0554",0.223437024729486
"chr13-0555",0.114549520414905
"chr13-0556",0.178752263763655
"chr13-0557",0.171149446485863
"chr13-0558",0.190010258337146
"chr13-0559",0.311862971987497
"chr13-0560",0.234797255394535
"chr13-0561",0.255113339251063
"chr13-0562",0.19390028449946
"chr13-0563",0.0982416547970482
"chr13-0564",0.131258847866592
"chr13-0565",0.120461067180705
"chr13-0566",0.207063175445301
"chr14-0001",0.0717631713297369
"chr14-0002",0.155988732088438
"chr14-0003",0.345026920746628
"chr14-0004",0.678491024488434
"chr14-0005",-0.151641757177213
"chr14-0006",-0.089139595878656
"chr14-0007",-0.0445225880870669
"chr14-0008",-0.019855483262262
"chr14-0009",0.0316875231635339
"chr14-0010",0.00250841721018715
"chr14-0011",0.137746646777142
"chr14-0012",-0.117788422990051
"chr14-0013",-0.0455674242119293
"chr14-0014",-0.124129302703426
"chr14-0015",0.0827217697769591
"chr14-0016",-0.254547452879503
"chr14-0017",-0.0529812513198217
"chr14-0018",-7.15589784932003e-05
"chr14-0019",-0.00575607227463573
"chr14-0020",-0.0497871040203832
"chr14-0021",-0.0918518662802639
"chr14-0022",0.0634090421465846
"chr14-0023",0.132827903355811
"chr14-0024",0.0166206738742071
"chr14-0025",-0.135836311047152
"chr14-0026",-0.299711001759809
"chr14-0027",0.0641756560314157
"chr14-0028",0.0520771283524307
"chr14-0029",-0.0269141419969245
"chr14-0030",-0.234645728578882
"chr14-0031",-0.118555783792564
"chr14-0032",-0.184767497770794
"chr14-0033",0.0801271986355472
"chr14-0034",0.0717422164905583
"chr14-0035",0.158687692960148
"chr14-0036",0.152973623347988
"chr14-0037",0.0292048838968414
"chr14-0038",0.0834336337045201
"chr14-0039",0.190836928009554
"chr14-0040",0.104418409916957
"chr14-0041",0.119276686421034
"chr14-0042",0.10708618994646
"chr14-0043",0.0508396745402599
"chr14-0044",-0.0320320278518468
"chr14-0045",-0.136252243868449
"chr14-0046",-0.237069217427566
"chr14-0047",-0.112255344490831
"chr14-0048",-0.176328948884912
"chr14-0049",0.124161128410251
"chr14-0050",-0.181225634919701
"chr14-0051",-0.140531695189293
"chr14-0052",-0.279944433243969
"chr14-0053",0.0596630154383597
"chr14-0054",-0.169102911316256
"chr14-0055",-0.0210879321172278
"chr14-0056",0.0432634235057626
"chr14-0057",-0.151038408128038
"chr14-0058",0.0643710267815236
"chr14-0059",0.053980622924673
"chr14-0060",-0.146517519521423
"chr14-0061",0.0513788542015097
"chr14-0062",-0.0474876575930765
"chr14-0063",0.0921144755362202
"chr14-0064",-0.105144930105716
"chr14-0065",-0.134499191794495
"chr14-0066",-0.0377022891564147
"chr14-0067",-0.00485760967278663
"chr14-0068",0.081104496201579
"chr14-0069",-0.175827075135152
"chr14-0070",-0.0532278714288256
"chr14-0071",0.0543872065527325
"chr14-0072",0.120053266547243
"chr14-0073",-0.0383489844538524
"chr14-0074",0.112416244117753
"chr14-0075",0.0101508262230483
"chr14-0076",-0.0476369341068873
"chr14-0077",0.0493425213780172
"chr14-0078",0.0110004245842662
"chr14-0079",0.0262052283137265
"chr14-0080",-0.0485209139110422
"chr14-0081",-0.0610926832234578
"chr14-0082",0.136631394115204
"chr14-0083",0.0035265329085809
"chr14-0084",0.0518436537928395
"chr14-0085",0.0135403047665318
"chr14-0086",0.11300885051369
"chr14-0087",0.0430487451575142
"chr14-0088",0.0666520196525707
"chr14-0089",0.109838320001158
"chr14-0090",0.19814332364373
"chr14-0091",0.151569141177667
"chr14-0092",0.210504646319556
"chr14-0093",0.203938598128889
"chr14-0094",0.0564654390041111
"chr14-0095",0.0408165220964152
"chr14-0096",0.24210566666732
"chr14-0097",0.271426995792814
"chr14-0098",0.168976190435826
"chr14-0099",0.284064097756448
"chr14-0100",0.333410429780996
"chr14-0101",0.232469021824752
"chr14-0102",0.220231036627339
"chr14-0103",0.0718153351096184
"chr14-0104",-0.172328741410162
"chr14-0105",-0.0180964044516931
"chr14-0106",0.0640730403084442
"chr14-0107",0.0146758836715441
"chr14-0108",-0.0714742986944256
"chr14-0109",-0.036884660768566
"chr14-0110",0.059830260294154
"chr14-0111",0.0440154313900728
"chr14-0112",0.0264240053830165
"chr14-0113",0.205098492066315
"chr14-0114",0.301314655278454
"chr14-0115",0.12671642128003
"chr14-0116",0.22671412931019
"chr14-0117",0.353365700530178
"chr14-0118",0.2742976401829
"chr14-0119",0.240705996744725
"chr14-0120",0.0412420838690798
"chr14-0121",0.10341987187401
"chr14-0122",0.0217576563341987
"chr14-0123",0.0121422211562766
"chr14-0124",-0.0941303790970022
"chr14-0125",-0.17323773671405
"chr14-0126",-0.00485049317209014
"chr14-0127",0.122695697350789
"chr14-0128",0.130103756475112
"chr14-0129",-0.136608677382331
"chr14-0130",-0.0205382890879508
"chr14-0131",-0.0573445459781518
"chr14-0132",-0.104745245336847
"chr14-0133",-0.0569011705492726
"chr14-0134",0.0977756059056089
"chr14-0135",0.130788466825877
"chr14-0136",-0.000815665747275472
"chr14-0137",0.0578939408295314
"chr14-0138",0.196618935299486
"chr14-0139",-0.0250596909249383
"chr14-0140",0.0956623629273455
"chr14-0141",0.112021404660907
"chr14-0142",0.0120043584791544
"chr14-0143",0.163461743641376
"chr14-0144",-0.0722823888108253
"chr14-0145",0.0498789645653551
"chr14-0146",0.169619197113939
"chr14-0147",0.177538484350932
"chr14-0148",0.0580247980728639
"chr14-0149",0.214623551626101
"chr14-0150",0.315618275409082
"chr14-0151",-0.000330893578504534
"chr14-0152",0.192896904087281
"chr14-0153",-0.0432955683428952
"chr14-0154",-0.0800362681523346
"chr14-0155",-0.294124153835657
"chr14-0156",0.0318367494227925
"chr14-0157",0.0972072398879914
"chr14-0158",-0.0814423660268459
"chr14-0159",0.10792513521146
"chr14-0160",0.201981334909756
"chr14-0161",0.123269892510229
"chr14-0162",0.157195602129593
"chr14-0163",0.206256779512609
"chr14-0164",0.0521260598394249
"chr14-0165",0.0709935386296726
"chr14-0166",0.122520862692045
"chr14-0167",0.03709970480481
"chr14-0168",0.180561455738973
"chr14-0169",0.0691953897698537
"chr14-0170",-0.080488285464346
"chr14-0171",0.266393013305732
"chr14-0172",0.16222710891376
"chr14-0173",0.273647676413188
"chr14-0174",0.151676828806045
"chr14-0175",-0.0726028591654997
"chr14-0176",-0.0142266132903266
"chr14-0177",0.149738653226729
"chr14-0178",-0.137062715787901
"chr14-0179",0.0517883049002952
"chr14-0180",0.0288764436336181
"chr14-0181",-0.109013164454642
"chr14-0182",-0.00966777283811503
"chr14-0183",-0.0368287243289955
"chr14-0184",0.100468297831454
"chr14-0185",0.0128049142605522
"chr14-0186",0.106325775064137
"chr14-0187",0.0737290073890402
"chr14-0188",-0.0848573197631621
"chr14-0189",-0.00439816906734493
"chr14-0190",0.0710318321307398
"chr14-0191",0.0325319326641677
"chr14-0192",0.0419600118552717
"chr14-0193",0.1421604051142
"chr14-0194",0.0812532935402112
"chr14-0195",0.0900248146228889
"chr14-0196",0.101000494689135
"chr14-0197",0.107153858270928
"chr14-0198",0.0341169364563657
"chr14-0199",0.189587790477051
"chr14-0200",0.247136331589885
"chr14-0201",0.22715566487337
"chr14-0202",-0.0453397665961867
"chr14-0203",-0.0185791877814209
"chr14-0204",0.0833402042524235
"chr14-0205",0.0232548434924367
"chr14-0206",0.0249503276335095
"chr14-0207",0.0309065468269519
"chr14-0208",0.0672403948408205
"chr14-0209",-0.0681680370750954
"chr14-0210",0.186119770612199
"chr14-0211",0.235924389238929
"chr14-0212",0.0581521790252702
"chr14-0213",0.206695973921765
"chr14-0214",0.206867879398351
"chr14-0215",0.209976852282371
"chr14-0216",0.122844868432269
"chr14-0217",0.243325134809112
"chr14-0218",0.0739801986614417
"chr14-0219",0.0673217883224054
"chr14-0220",0.0709819176483499
"chr14-0221",-0.00430414987751089
"chr14-0222",0.173907114472151
"chr14-0223",0.19167502199066
"chr14-0224",0.079830277135751
"chr14-0225",0.0150025008484971
"chr14-0226",0.147591515675975
"chr14-0227",0.0311445430505458
"chr14-0228",-0.0250462833809299
"chr14-0229",-0.104009340908617
"chr14-0230",0.151301820701196
"chr14-0231",-0.0432434040785956
"chr14-0232",0.105771273334038
"chr14-0233",-0.186133122200567
"chr14-0234",0.0839666145777355
"chr14-0235",0.131248204896621
"chr14-0236",0.110158946272057
"chr14-0237",-0.00472527397981685
"chr14-0238",0.160636867986799
"chr14-0239",0.280785718455351
"chr14-0240",0.0552002431540546
"chr14-0241",0.0398082334259937
"chr14-0242",0.269355290850199
"chr14-0243",-0.0295663042310417
"chr14-0244",0.0871526801082434
"chr14-0245",0.096287671233
"chr14-0246",0.277826225209991
"chr14-0247",0.177535459332529
"chr14-0248",0.183745492478321
"chr14-0249",0.0659334753218414
"chr14-0250",0.0970581428473979
"chr14-0251",0.0263115441569437
"chr14-0252",0.0466126256345052
"chr14-0253",0.00369166427321446
"chr14-0254",-0.0355086587094797
"chr14-0255",0.011447844096234
"chr14-0256",-0.138163224785861
"chr14-0257",-0.140973926634508
"chr14-0258",0.0587546311627974
"chr14-0259",0.175179296640811
"chr14-0260",0.265459921381892
"chr14-0261",0.0190859980576642
"chr14-0262",0.260571000635813
"chr14-0263",0.0877133476780643
"chr14-0264",0.0391800685897464
"chr14-0265",0.129150998057956
"chr14-0266",0.243894285296871
"chr14-0267",-0.106090862453209
"chr14-0268",0.208428177607271
"chr14-0269",0.189932924711068
"chr14-0270",0.148185443418074
"chr14-0271",0.0469941570358646
"chr14-0272",-0.0295574540200294
"chr14-0273",0.0897966050731988
"chr14-0274",0.151028779598356
"chr14-0275",0.117981884213702
"chr14-0276",0.013510576124824
"chr14-0277",0.209023558483646
"chr14-0278",0.225550851710866
"chr14-0279",0.279575356290641
"chr14-0280",0.0808183163272216
"chr14-0281",0.0205974217762763
"chr14-0282",0.149219438601655
"chr14-0283",-0.0243569553094572
"chr14-0284",0.118405555863018
"chr14-0285",0.0153323903441739
"chr14-0286",0.163824304610101
"chr14-0287",-0.0462555456792855
"chr14-0288",-0.0787745541552846
"chr14-0289",0.0927861873853488
"chr14-0290",0.164023317636824
"chr14-0291",0.143180736822997
"chr14-0292",0.00617722666531028
"chr14-0293",0.276249091789037
"chr14-0294",-0.0134984367190463
"chr14-0295",0.109810012225214
"chr14-0296",-0.117480054466176
"chr14-0297",-0.0527648474345414
"chr14-0298",0.0529466803413604
"chr14-0299",0.0199066985528692
"chr14-0300",0.126229332263386
"chr14-0301",0.221240800093736
"chr14-0302",0.214438863211781
"chr14-0303",-0.0437252954714265
"chr14-0304",-0.0232734594508366
"chr14-0305",-0.0914774456128669
"chr14-0306",0.261960267104898
"chr14-0307",0.0162942259132942
"chr14-0308",0.010031184656753
"chr14-0309",0.113931743478844
"chr14-0310",0.176443023302765
"chr14-0311",-0.00319426283821057
"chr14-0312",0.0132773181062692
"chr14-0313",0.0194599230944864
"chr14-0314",-0.0889942508331145
"chr14-0315",-0.00173708295103265
"chr14-0316",0.0582843058834877
"chr14-0317",-0.0617869165870471
"chr14-0318",0.0461208484117028
"chr14-0319",-0.0553250392469628
"chr14-0320",-0.211623137480683
"chr14-0321",0.182041746606149
"chr14-0322",0.200178653313412
"chr14-0323",0.164276581675389
"chr14-0324",0.0214773097681474
"chr14-0325",0.18814728167248
"chr14-0326",-0.0179075838267629
"chr14-0327",-0.0491579259792651
"chr14-0328",0.083939967826197
"chr14-0329",0.10433911499286
"chr14-0330",0.0457983336241631
"chr14-0331",-0.0588510130729693
"chr14-0332",-0.0946566492217105
"chr14-0333",0.116852317932629
"chr14-0334",0.00365784824826553
"chr14-0335",-0.0121342106976899
"chr14-0336",0.028257609506652
"chr14-0337",0.0477635435107477
"chr14-0338",-0.026045071662549
"chr14-0339",0.394448760776665
"chr14-0340",0.220387509610608
"chr14-0341",0.139772791815734
"chr14-0342",0.143103354339027
"chr14-0343",0.183732238994771
"chr14-0344",0.20337882449258
"chr14-0345",0.0590263364539644
"chr14-0346",0.12399936311673
"chr14-0347",0.285738899849262
"chr14-0348",0.205356245647714
"chr14-0349",0.0846700429489002
"chr14-0350",0.0412789026772557
"chr14-0351",0.217839143054242
"chr14-0352",0.139821784130302
"chr14-0353",0.0892535863270785
"chr14-0354",0.034160537395262
"chr14-0355",0.163153091414228
"chr14-0356",-0.0177674802181694
"chr14-0357",0.0222122451473885
"chr14-0358",0.0637294273358557
"chr14-0359",-0.0638813101570534
"chr14-0360",-0.0144305409138355
"chr14-0361",0.0306066667569899
"chr14-0362",0.101813715469349
"chr14-0363",-0.0383767801271871
"chr14-0364",0.00845247292943701
"chr14-0365",0.157427772678173
"chr14-0366",0.13739866817302
"chr14-0367",0.202831766406926
"chr14-0368",0.113387976109424
"chr14-0369",0.179350098446807
"chr14-0370",0.000320913070930032
"chr14-0371",0.0945625970458088
"chr14-0372",0.129524526251394
"chr14-0373",-0.0830289315713349
"chr14-0374",-0.111790323621405
"chr14-0375",0.187258775543197
"chr14-0376",-0.0407053894216051
"chr14-0377",-0.00308387144268807
"chr14-0378",0.109364810467839
"chr14-0379",0.203163030286618
"chr14-0380",-0.496686865983796
"chr14-0381",-0.462563492235767
"chr14-0382",-0.835590634271937
"chr14-0383",-0.331315923635947
"chr14-0384",-0.3235078853957
"chr14-0385",-0.199475877690483
"chr14-0386",-0.332480109705738
"chr14-0387",-0.359682112599546
"chr14-0388",-0.371104515106266
"chr14-0389",-0.420692390058036
"chr14-0390",-0.368589501151261
"chr14-0391",-0.369928819544403
"chr14-0392",-0.308872265908191
"chr14-0393",-0.396360510991896
"chr14-0394",-0.517469923936226
"chr14-0395",-0.373777693568727
"chr14-0396",-0.477761821256764
"chr14-0397",-0.441130886803166
"chr14-0398",-0.569032333511385
"chr14-0399",-0.390480111048234
"chr14-0400",-0.359639490292648
"chr14-0401",-0.186886180450263
"chr14-0402",-0.49856862977825
"chr14-0403",-0.713630123748339
"chr14-0404",-0.493732156098978
"chr14-0405",-0.693127520771679
"chr14-0406",-0.726976687889095
"chr14-0407",-0.543384146870425
"chr14-0408",-0.574414461344311
"chr14-0409",-0.258472802623536
"chr14-0410",-0.111250082556177
"chr14-0411",-0.354221782317692
"chr14-0412",-0.581789057863211
"chr14-0413",-0.513818125754236
"chr14-0414",-0.30329071154877
"chr14-0415",-0.37620846646531
"chr14-0416",-0.493293171097168
"chr14-0417",-0.411741594890952
"chr14-0418",-0.374958478156754
"chr14-0419",-0.492663401228211
"chr14-0420",-0.325467613141772
"chr14-0421",-0.353448463952014
"chr14-0422",-0.134474288500741
"chr14-0423",-0.16154454386902
"chr14-0424",-0.233855241980027
"chr14-0425",-0.527184356777674
"chr14-0426",-0.605301939288505
"chr14-0427",-0.408283031812475
"chr14-0428",-0.351038234783108
"chr14-0429",-0.376401139341662
"chr14-0430",-0.434271504328523
"chr14-0431",-0.138409235810849
"chr14-0432",-0.475185861670081
"chr14-0433",-0.440931330780056
"chr14-0434",-0.485915535393196
"chr14-0435",-0.568949041413948
"chr14-0436",-0.531080348060869
"chr14-0437",-0.407394865162526
"chr14-0438",-0.547968308704271
"chr14-0439",-0.175653081909971
"chr14-0440",-0.340310603890116
"chr14-0441",-0.348620026038463
"chr14-0442",-0.385973427058453
"chr14-0443",-0.121225332223808
"chr14-0444",-0.340904127468981
"chr14-0445",-0.255302437627422
"chr14-0446",-0.323549990693459
"chr14-0447",-0.238801785471602
"chr14-0448",-0.474850844078216
"chr14-0449",-0.415933931651042
"chr14-0450",-0.371497149471442
"chr14-0451",-0.566968974442021
"chr14-0452",-0.539078373496442
"chr14-0453",-0.509526325028471
"chr14-0454",-0.450193521139571
"chr14-0455",-0.438385446224079
"chr14-0456",-0.184369370105796
"chr14-0457",-0.0584017624118383
"chr14-0458",-0.177275230571133
"chr14-0459",-0.410496854991372
"chr14-0460",-0.361026860966043
"chr14-0461",-0.334083059022499
"chr14-0462",-0.219035759937424
"chr14-0463",-0.377205665163609
"chr14-0464",-0.25050667694516
"chr14-0465",-0.376418160899837
"chr14-0466",-0.280027402693758
"chr14-0467",-0.1741584179763
"chr14-0468",-0.34792093798948
"chr14-0469",-0.476480663049467
"chr14-0470",-0.310699906155368
"chr14-0471",-0.365772380391171
"chr14-0472",-0.572179918670765
"chr14-0473",-0.385100405036658
"chr14-0474",-0.66569432036119
"chr14-0475",-0.393521490907218
"chr14-0476",-0.46074699369737
"chr14-0477",-0.428497372496985
"chr14-0478",-0.326015892653754
"chr14-0479",-0.163176341702979
"chr14-0480",-0.382749489054686
"chr14-0481",-0.320462435277947
"chr14-0482",-0.0322246659002861
"chr14-0483",-0.349459287093781
"chr14-0484",-0.433867163310938
"chr14-0485",-0.234797325743882
"chr14-0486",-0.420466587406451
"chr14-0487",-0.352747494823312
"chr14-0488",-0.334623815492875
"chr14-0489",-0.346753684437091
"chr14-0490",-0.266730316380074
"chr14-0491",-0.185092612707378
"chr14-0492",-0.204752088058522
"chr14-0493",-0.533677874868582
"chr14-0494",-0.14803835305189
"chr14-0495",-0.456223064216637
"chr14-0496",-0.316067011864073
"chr14-0497",-0.2077562363081
"chr14-0498",-0.198720358650238
"chr14-0499",-0.267912823721912
"chr14-0500",-0.19936860189823
"chr14-0501",-0.296445832978695
"chr14-0502",-0.229525225180762
"chr14-0503",-0.473211589188503
"chr14-0504",-0.353075407049641
"chr14-0505",-0.356458731614432
"chr14-0506",-0.400326636086026
"chr14-0507",-0.353353406304821
"chr14-0508",-0.261634167238849
"chr14-0509",-0.28776946960593
"chr14-0510",-0.269910147651871
"chr14-0511",-0.29016026891504
"chr14-0512",-0.293089660182201
"chr14-0513",-0.273602243305989
"chr14-0514",-0.241911740447128
"chr14-0515",-0.36206885236349
"chr14-0516",-0.258114015135287
"chr14-0517",-0.259774322795035
"chr14-0518",-0.260084368121753
"chr14-0519",-0.675194436726242
"chr14-0520",-0.276641560844494
"chr14-0521",-0.563497807191212
"chr14-0522",-0.239823294851982
"chr14-0523",-0.254659882792486
"chr14-0524",-0.515727310506076
"chr14-0525",0.00976682937115783
"chr14-0526",0.135100249073116
"chr14-0527",0.0664912987228375
"chr14-0528",0.0422845996685045
"chr14-0529",0.139522379545937
"chr14-0530",0.148336335871713
"chr14-0531",0.189155177042521
"chr14-0532",-0.069796686054522
"chr14-0533",-0.0396971312314416
"chr14-0534",0.118079047996082
"chr14-0535",-0.216695681480097
"chr14-0536",0.0121887160420735
"chr14-0537",0.0914646615715509
"chr14-0538",0.00585534896030173
"chr14-0539",0.051111079461176
"chr14-0540",-0.0571295114712857
"chr14-0541",0.0231553942152508
"chr14-0542",-0.0797229512800038
"chr14-0543",0.0876980964792291
"chr14-0544",0.141540642863288
"chr14-0545",-0.124938130456507
"chr14-0546",0.0811680533459815
"chr14-0547",0.0180007767142405
"chr14-0548",0.0741976085698019
"chr14-0549",-0.0775294975628574
"chr14-0550",0.0233013394512333
"chr14-0551",-0.0125429058527278
"chr14-0552",-0.0733465194749453
"chr14-0553",0.199715188976501
"chr14-0554",0.0107712823726029
"chr14-0555",0.0503349727761715
"chr14-0556",0.0828236209310237
"chr14-0557",0.127039995809746
"chr14-0558",-0.00755096664590512
"chr14-0559",0.0587541129634478
"chr14-0560",0.063698143105414
"chr14-0561",0.0568820595087054
"chr14-0562",0.0774453622673705
"chr14-0563",-0.0218748884429181
"chr14-0564",0.193944634527689
"chr14-0565",-0.181547603573959
"chr14-0566",0.0127234553980574
"chr14-0567",0.00633992170933275
"chr14-0568",0.145310572664737
"chr14-0569",0.10320454203715
"chr14-0570",0.0770000758156615
"chr14-0571",0.118776455302121
"chr14-0572",0.0882175516769615
"chr14-0573",-0.212182973393693
"chr14-0574",0.0814441037438015
"chr14-0575",-0.0614773182007793
"chr14-0576",0.0329464625067605
"chr14-0577",-0.0911018721987868
"chr14-0578",0.122008856236135
"chr14-0579",0.174086760477517
"chr14-0580",0.0249324973011251
"chr14-0581",-0.0428402992159186
"chr14-0582",0.0988012750900895
"chr14-0583",0.0308416278729827
"chr14-0584",0.141492227014273
"chr14-0585",-0.104151532892192
"chr14-0586",-0.164262048774329
"chr14-0587",0.157507756450917
"chr14-0588",0.117217098357542
"chr14-0589",0.272162856346758
"chr14-0590",0.145373421011064
"chr14-0591",0.0386559859581557
"chr14-0592",0.0847080937793455
"chr14-0593",0.168115126631342
"chr14-0594",0.120002009003623
"chr14-0595",0.082025361061361
"chr14-0596",0.137057705248213
"chr14-0597",-0.0250331376832694
"chr14-0598",0.0150273868339352
"chr14-0599",-0.0520364016808814
"chr14-0600",-0.0527273589505952
"chr14-0601",-0.0468810670328044
"chr14-0602",0.0659314997768212
"chr14-0603",0.0479555246171697
"chr14-0604",0.0333654663724977
"chr14-0605",0.050101596711164
"chr14-0606",0.0652604503645012
"chr14-0607",0.167475524077518
"chr14-0608",0.387982706587533
"chr14-0609",0.26711766336952
"chr14-0610",0.0913426046266571
"chr14-0611",-0.144896767524795
"chr14-0612",0.113498061762848
"chr14-0613",-0.0586415190684053
"chr14-0614",-0.0193302883579384
"chr14-0615",0.0150832654981513
"chr14-0616",0.206191593132704
"chr14-0617",0.194289585451009
"chr14-0618",0.0811181540011997
"chr14-0619",0.0426816088455351
"chr14-0620",0.283518270278758
"chr14-0621",0.0656229959011465
"chr14-0622",0.00129409317562197
"chr14-0623",0.0329908018718588
"chr14-0624",-0.0262242178243652
"chr14-0625",0.0373602476703631
"chr14-0626",0.15289715050034
"chr14-0627",-0.0315443344079927
"chr14-0628",0.133193262116993
"chr14-0629",0.0617935221124482
"chr14-0630",0.119676026767582
"chr14-0631",0.0681478654203441
"chr14-0632",0.165099846531768
"chr14-0633",0.0741587280287995
"chr14-0634",0.17111750752923
"chr14-0635",0.0890437817938517
"chr14-0636",0.0338666123607563
"chr14-0637",0.0695938915476379
"chr14-0638",0.123611730282474
"chr14-0639",-0.0479208848668061
"chr14-0640",0.0928585101853739
"chr14-0641",0.172154841735341
"chr14-0642",0.0831978070579159
"chr14-0643",0.127894677038205
"chr14-0644",-0.0134525403964422
"chr14-0645",0.0763493369281889
"chr14-0646",0.0630052503571587
"chr14-0647",-0.120453128329224
"chr14-0648",0.149918930455722
"chr14-0649",0.0618698582085056
"chr14-0650",0.0928368918121481
"chr14-0651",0.00759691513378402
"chr14-0652",-0.0162888315278153
"chr14-0653",0.157406270495268
"chr14-0654",0.214041450568269
"chr14-0655",0.131416058877143
"chr14-0656",0.00907903697130401
"chr14-0657",0.0718560921041893
"chr14-0658",0.111536023870658
"chr14-0659",-0.0346042153194029
"chr14-0660",0.0254515266611823
"chr14-0661",0.0867832837800152
"chr14-0662",0.0136639240395899
"chr14-0663",-0.029028921634678
"chr14-0664",0.0888186288992404
"chr14-0665",0.0830135749274296
"chr14-0666",0.0888543429134626
"chr14-0667",-0.0339929753659593
"chr14-0668",-0.20127406846972
"chr14-0669",0.128935178780051
"chr14-0670",0.16749582752817
"chr14-0671",0.0934639649804316
"chr14-0672",0.0726036396665503
"chr14-0673",0.153336347304737
"chr14-0674",0.150434364833135
"chr14-0675",0.104277793560116
"chr14-0676",0.0570737199581227
"chr14-0677",-0.0806964528760393
"chr14-0678",-0.0394208574401821
"chr14-0679",-0.11746314504383
"chr14-0680",0.223693553667768
"chr14-0681",0.240306717651444
"chr14-0682",0.193478549768853
"chr14-0683",0.0657915532261844
"chr14-0684",-0.0334499145340818
"chr14-0685",-0.0782074000049584
"chr14-0686",-0.0117082122282744
"chr14-0687",0.0228816983604385
"chr14-0688",-0.0727482927962475
"chr14-0689",0.0615636529886947
"chr14-0690",-0.154242370221765
"chr14-0691",0.16864432939734
"chr14-0692",0.0168707758486939
"chr14-0693",-0.0503397035129346
"chr14-0694",0.118652873223309
"chr14-0695",0.0271221043526152
"chr14-0696",0.178790097331531
"chr14-0697",-0.235629528136772
"chr14-0698",0.0222410107605504
"chr14-0699",-0.0982903283157131
"chr14-0700",0.0935564112411812
"chr14-0701",0.183475422605733
"chr14-0702",-0.0155278915802492
"chr14-0703",0.101613531300066
"chr14-0704",0.0671544407913131
"chr14-0705",0.167855793422255
"chr14-0706",0.0873547810212757
"chr14-0707",-0.0453839081931672
"chr14-0708",0.0331198301671558
"chr14-0709",0.107251984823677
"chr14-0710",0.0262592526814401
"chr14-0711",-0.188618596958384
"chr14-0712",-0.0146997643126877
"chr14-0713",0.121744658853604
"chr14-0714",-0.0476188194911641
"chr14-0715",0.0820400879500397
"chr14-0716",0.184765701142113
"chr14-0717",-0.00891151878806094
"chr14-0718",-0.0693535019255867
"chr14-0719",0.135630083253634
"chr14-0720",0.00598018877123839
"chr14-0721",0.107523503780419
"chr14-0722",0.0246231851528821
"chr14-0723",0.0792819100044008
"chr14-0724",-0.0492762318008501
"chr14-0725",-0.201218674782042
"chr14-0726",-0.0176433257553639
"chr14-0727",0.0408815798902571
"chr14-0728",0.0944974227723586
"chr14-0729",0.0545794302959995
"chr14-0730",0.0949022029094076
"chr14-0731",0.0279839878778511
"chr14-0732",0.0268995152215048
"chr14-0733",-0.022814181556628
"chr14-0734",0.0216374118307938
"chr14-0735",0.0873791583400163
"chr14-0736",0.0244940062275909
"chr14-0737",0.0655557708373033
"chr14-0738",0.00282524354322608
"chr14-0739",0.055541359453874
"chr14-0740",0.0664817484843892
"chr14-0741",-0.062662748717079
"chr14-0742",0.00142989582692057
"chr14-0743",0.163022336099375
"chr14-0744",0.0773196642299964
"chr14-0745",0.115321436771467
"chr14-0746",0.121275596123407
"chr14-0747",0.070464355610362
"chr14-0748",-0.0975500690951955
"chr14-0749",0.0916050700572963
"chr14-0750",0.136341442113677
"chr14-0751",-0.0816656699595658
"chr14-0752",0.118923229879422
"chr14-0753",0.0715881171723076
"chr14-0754",0.0734425528123556
"chr14-0755",0.177509689352305
"chr14-0756",-0.249892607149985
"chr14-0757",0.053789396990185
"chr14-0758",-0.0377964741625668
"chr14-0759",0.100643709574097
"chr14-0760",0.154860173953689
"chr14-0761",0.132002365464472
"chr14-0762",0.0805162908639559
"chr14-0763",0.138950840715615
"chr14-0764",0.120684245100022
"chr14-0765",0.0798800711418669
"chr14-0766",0.155168182293988
"chr14-0767",0.00310258238604326
"chr14-0768",-0.00423846302250123
"chr14-0769",0.128715862866098
"chr14-0770",0.0812809691894684
"chr14-0771",-0.0176610297581439
"chr14-0772",0.132578228752548
"chr14-0773",0.103130272077602
"chr14-0774",0.0548564312821546
"chr14-0775",-0.114152232140075
"chr14-0776",-0.00559363993128896
"chr14-0777",-0.0209392579172806
"chr14-0778",0.054434242695632
"chr14-0779",0.109409815082697
"chr14-0780",0.100915670230062
"chr14-0781",0.0738130921352514
"chr14-0782",0.0356410896877474
"chr14-0783",0.125220035905822
"chr14-0784",0.112107346616259
"chr14-0785",0.199251444272276
"chr14-0786",-0.0491589077819232
"chr14-0787",0.15439851223254
"chr14-0788",0.0292800689048588
"chr14-0789",0.024468308617131
"chr14-0790",-0.00693405571499954
"chr15-0001",-0.208494016441822
"chr15-0002",-0.32990644043891
"chr15-0003",-0.339164342452807
"chr15-0004",-0.456053930899157
"chr15-0005",-0.572835249010272
"chr15-0006",-0.39777471078169
"chr15-0007",-0.0033269323951137
"chr15-0008",-0.0815943709184252
"chr15-0009",-0.113896232924448
"chr15-0010",-0.027452369114799
"chr15-0011",0.0784391817695121
"chr15-0012",0.0980766074599407
"chr15-0013",0.0706380252345926
"chr15-0014",0.112653875472711
"chr15-0015",-0.0477682262434518
"chr15-0016",-0.0937715552161398
"chr15-0017",0.0790198025388491
"chr15-0018",0.21031924287366
"chr15-0019",0.146225826311309
"chr15-0020",0.0492576279122361
"chr15-0021",0.040060201244465
"chr15-0022",-0.0210211358316063
"chr15-0023",-0.0764404315110616
"chr15-0024",0.0434246596674007
"chr15-0025",-0.269554664380793
"chr15-0026",-0.0184445301989859
"chr15-0027",0.0857123837373455
"chr15-0028",0.110225330838228
"chr15-0029",-0.059249586513407
"chr15-0030",-0.0338025763671431
"chr15-0031",-0.0195139043785353
"chr15-0032",-0.0347800577827519
"chr15-0033",0.185318590064961
"chr15-0034",-0.00521447615707318
"chr15-0035",-0.031069095109361
"chr15-0036",-0.0104135962924897
"chr15-0037",0.0474108266930533
"chr15-0038",-0.0820675318706068
"chr15-0039",-0.0782147015478124
"chr15-0040",0.0351575406439492
"chr15-0041",-0.0432818913102926
"chr15-0042",0.148474940363152
"chr15-0043",0.0279277017345656
"chr15-0044",-0.0683475781654277
"chr15-0045",0.0874856014406225
"chr15-0046",-0.0127751652217401
"chr15-0047",0.0887882091261126
"chr15-0048",0.101870824400037
"chr15-0049",-0.197890135226941
"chr15-0050",-0.0108641961973509
"chr15-0051",0.0541523582152366
"chr15-0052",0.0428455825936611
"chr15-0053",0.085015531734332
"chr15-0054",0.0934306745889081
"chr15-0055",0.158432471697771
"chr15-0056",0.10448634199409
"chr15-0057",0.105860829829618
"chr15-0058",0.186871640810814
"chr15-0059",0.098628931548279
"chr15-0060",0.0208065607780775
"chr15-0061",-0.00203558929624038
"chr15-0062",0.0107359458070747
"chr15-0063",-0.0139483867913907
"chr15-0064",0.0662962185705835
"chr15-0065",-0.0233234321289088
"chr15-0066",0.0432345485928686
"chr15-0067",0.1398582556372
"chr15-0068",0.153657551422368
"chr15-0069",-0.0253946836771958
"chr15-0070",0.0243651071057031
"chr15-0071",0.0238195072575648
"chr15-0072",0.12125559498787
"chr15-0073",0.0971330239784037
"chr15-0074",0.0308639224752048
"chr15-0075",0.0223969731488602
"chr15-0076",0.0453114020993364
"chr15-0077",0.116135891915634
"chr15-0078",-0.0962228984470153
"chr15-0079",0.150305057808807
"chr15-0080",-0.0679418493187684
"chr15-0081",0.0598671169277535
"chr15-0082",0.139964705727559
"chr15-0083",0.130943723394172
"chr15-0084",0.105122145557495
"chr15-0085",0.0363017166331148
"chr15-0086",0.0823934832611008
"chr15-0087",0.279486363037875
"chr15-0088",-0.0510663592643647
"chr15-0089",0.0392816290844713
"chr15-0090",0.0988466361039579
"chr15-0091",0.191167345279673
"chr15-0092",0.106359954712951
"chr15-0093",0.159576829367351
"chr15-0094",0.0475826280868068
"chr15-0095",0.178204002060227
"chr15-0096",0.10369921734339
"chr15-0097",-0.20582924378961
"chr15-0098",-0.0221174899542498
"chr15-0099",-0.132320225477499
"chr15-0100",-0.135585863468042
"chr15-0101",-0.00188951119003573
"chr15-0102",0.0826682379143224
"chr15-0103",0.096197628609753
"chr15-0104",0.104287600555587
"chr15-0105",0.0621815958551611
"chr15-0106",-0.0587506449370509
"chr15-0107",0.044761860782767
"chr15-0108",0.233741864919769
"chr15-0109",0.322687835900512
"chr15-0110",0.0742391103752262
"chr15-0111",0.176580133003009
"chr15-0112",0.295433906682897
"chr15-0113",0.232981970344008
"chr15-0114",0.266796220181892
"chr15-0115",-0.0363081297161583
"chr15-0116",0.146327919831684
"chr15-0117",0.182391958087057
"chr15-0118",0.339452302311465
"chr15-0119",0.164230147793602
"chr15-0120",0.30319628737545
"chr15-0121",0.10781782149269
"chr15-0122",0.144658619600766
"chr15-0123",0.135650987683533
"chr15-0124",0.154171444009453
"chr15-0125",0.132082757422205
"chr15-0126",0.197163158214063
"chr15-0127",0.121734379956712
"chr15-0128",0.143282514359732
"chr15-0129",0.241698299425898
"chr15-0130",0.170464978071682
"chr15-0131",0.267158732445475
"chr15-0132",0.277105338732487
"chr15-0133",0.13111628124483
"chr15-0134",0.113448216530704
"chr15-0135",0.183511127374711
"chr15-0136",0.107171791284754
"chr15-0137",0.113869963289422
"chr15-0138",0.068179955533759
"chr15-0139",0.128784830048487
"chr15-0140",-0.0016632769920747
"chr15-0141",0.0256719646871379
"chr15-0142",0.0196884323393879
"chr15-0143",0.0509125916457361
"chr15-0144",-0.0191370287464111
"chr15-0145",0.0480406196835764
"chr15-0146",0.0976508976334998
"chr15-0147",0.0857275618160167
"chr15-0148",0.00233946559663167
"chr15-0149",0.0227084200974195
"chr15-0150",-0.14279408156188
"chr15-0151",-0.0427587423414649
"chr15-0152",0.0183856747883588
"chr15-0153",0.0140650371117181
"chr15-0154",-0.113234079269231
"chr15-0155",-0.208412478542906
"chr15-0156",-0.0518544101434091
"chr15-0157",-0.125267109093638
"chr15-0158",0.00663369524217629
"chr15-0159",-0.0690176679887683
"chr15-0160",-0.0101059863384382
"chr15-0161",-0.139026402976349
"chr15-0162",0.00418821813422879
"chr15-0163",0.0655908279876266
"chr15-0164",0.154689189010711
"chr15-0165",-0.0568521671491885
"chr15-0166",0.0575814451408445
"chr15-0167",0.0453633877999047
"chr15-0168",-0.0710189195205374
"chr15-0169",-0.276950932554522
"chr15-0170",-0.11036739497774
"chr15-0171",-0.0976246291070482
"chr15-0172",-0.0206654763399144
"chr15-0173",-0.105291326854295
"chr15-0174",-0.121781793294483
"chr15-0175",0.0137846433669265
"chr15-0176",-0.110090944836204
"chr15-0177",-0.0079545174614182
"chr15-0178",0.00371723062857681
"chr15-0179",0.0966005835790551
"chr15-0180",-0.051046062518421
"chr15-0181",-0.0147908877315097
"chr15-0182",0.0351245557214358
"chr15-0183",0.0733680636809695
"chr15-0184",0.0658526808427713
"chr15-0185",-0.00628570919255161
"chr15-0186",0.0304645028243654
"chr15-0187",0.0699975829442267
"chr15-0188",-0.0626068416980051
"chr15-0189",0.242944457033416
"chr15-0190",-0.212578904919199
"chr15-0191",-0.245179939264379
"chr15-0192",0.0363118019770931
"chr15-0193",0.00792973396090166
"chr15-0194",-0.0331754658175378
"chr15-0195",0.0523037861286882
"chr15-0196",-0.405330570958626
"chr15-0197",0.0062885733397344
"chr15-0198",0.200324376243511
"chr15-0199",-0.000305004257737985
"chr15-0200",-0.0362908633551708
"chr15-0201",0.0149242860266086
"chr15-0202",0.00386248030871895
"chr15-0203",0.0951796928630864
"chr15-0204",-0.00912862757000128
"chr15-0205",0.021174729873271
"chr15-0206",0.00393820221377524
"chr15-0207",-0.083859390646546
"chr15-0208",-0.0238450373259769
"chr15-0209",-0.0649762621727959
"chr15-0210",0.0715222909686089
"chr15-0211",-0.0303045527718726
"chr15-0212",-0.0950725299351738
"chr15-0213",-0.0446781763682244
"chr15-0214",-0.110801774252351
"chr15-0215",0.0223080166173062
"chr15-0216",0.102623076794607
"chr15-0217",-0.0227427485469225
"chr15-0218",-0.101607197169238
"chr15-0219",-0.026333157716992
"chr15-0220",-0.0257943068509144
"chr15-0221",-0.0789850185773497
"chr15-0222",-0.0149020416413324
"chr15-0223",-0.00259657719607816
"chr15-0224",-0.072600752065681
"chr15-0225",-0.0479825488121541
"chr15-0226",-0.141566448678084
"chr15-0227",-0.0582910105037977
"chr15-0228",0.15997702105589
"chr15-0229",0.0631105373051282
"chr15-0230",-0.0256496194450849
"chr15-0231",-0.04539142686959
"chr15-0232",0.0169566606533052
"chr15-0233",0.0740706985407061
"chr15-0234",-0.0437675300532017
"chr15-0235",0.163394974049109
"chr15-0236",0.370219120726452
"chr15-0237",0.139503365047037
"chr15-0238",0.140234619054461
"chr15-0239",0.100422597817361
"chr15-0240",0.150345384179103
"chr15-0241",0.322767837443014
"chr15-0242",0.194588535721046
"chr15-0243",0.164059401219934
"chr15-0244",0.0429849432056428
"chr15-0245",0.147685495150635
"chr15-0246",0.244067786372102
"chr15-0247",0.014692167568313
"chr15-0248",-0.100429046797362
"chr15-0249",-0.0160600999715993
"chr15-0250",0.0856542244426908
"chr15-0251",0.111370393673738
"chr15-0252",0.257750794835728
"chr15-0253",0.215304125149524
"chr15-0254",0.0492845872337054
"chr15-0255",0.229953297459794
"chr15-0256",0.0998330150502052
"chr15-0257",-0.00482414182234895
"chr15-0258",-0.0267274557017696
"chr15-0259",0.118654396424341
"chr15-0260",0.0232413868138176
"chr15-0261",-0.0794152934408593
"chr15-0262",0.0236638502126757
"chr15-0263",-0.0851506103713948
"chr15-0264",0.0358391718456432
"chr15-0265",0.257875770335063
"chr15-0266",0.101921150088932
"chr15-0267",0.147370518509501
"chr15-0268",0.0474044909373697
"chr15-0269",0.173945011090657
"chr15-0270",0.204947736164203
"chr15-0271",0.0849665332308168
"chr15-0272",-0.0529930731891039
"chr15-0273",0.0363536034049543
"chr15-0274",-0.200290462356185
"chr15-0275",-0.112297092494157
"chr15-0276",0.0802596718713619
"chr15-0277",-0.125795438223717
"chr15-0278",0.0111635269098944
"chr15-0279",0.0797115775830133
"chr15-0280",0.0166895378939581
"chr15-0281",0.182626132732362
"chr15-0282",0.0628246275799418
"chr15-0283",0.0489949421499589
"chr15-0284",0.20237169196358
"chr15-0285",0.0613383292328931
"chr15-0286",-0.00476710882032989
"chr15-0287",0.0205598249657699
"chr15-0288",0.213105898069783
"chr15-0289",0.113214923515739
"chr15-0290",0.227548572941129
"chr15-0291",-0.00529605152491896
"chr15-0292",0.136902411621015
"chr15-0293",-0.116754944834453
"chr15-0294",-0.11187055036122
"chr15-0295",-0.136244636009236
"chr15-0296",0.149575989636136
"chr15-0297",0.174978532039933
"chr15-0298",0.114233684495774
"chr15-0299",0.122422209433755
"chr15-0300",0.103561029872123
"chr15-0301",0.0898099700856442
"chr15-0302",0.0759029424873836
"chr15-0303",-0.00207167422931886
"chr15-0304",0.127195602484013
"chr15-0305",0.301833664167685
"chr15-0306",0.20471283318111
"chr15-0307",-0.151609515465725
"chr15-0308",-0.0585963968456396
"chr15-0309",0.0736139783822651
"chr15-0310",0.0821389876962953
"chr15-0311",-0.0226205805073167
"chr15-0312",0.0580566101291236
"chr15-0313",0.142747008297663
"chr15-0314",0.0180959159286217
"chr15-0315",0.0959105285209127
"chr15-0316",0.154155633031813
"chr15-0317",0.0884578187726853
"chr15-0318",0.058893545947774
"chr15-0319",0.13993476603969
"chr15-0320",0.0882616716102771
"chr15-0321",0.0792656570282372
"chr15-0322",0.22053738903572
"chr15-0323",-0.010233703637188
"chr15-0324",0.174674240055173
"chr15-0325",0.0762152200969213
"chr15-0326",0.00908593597160296
"chr15-0327",-0.0864666035059735
"chr15-0328",-0.0548551249168192
"chr15-0329",-0.0874915760531255
"chr15-0330",0.0141768345863952
"chr15-0331",-0.028247174557837
"chr15-0332",0.135648769361428
"chr15-0333",0.113938465176459
"chr15-0334",0.146366514608199
"chr15-0335",0.311604236359474
"chr15-0336",0.197837304245194
"chr15-0337",0.187144742138856
"chr15-0338",0.161798883789673
"chr15-0339",0.293306091815873
"chr15-0340",0.203908854104838
"chr15-0341",0.0365710254931804
"chr15-0342",0.160299225200382
"chr15-0343",0.054208689559513
"chr15-0344",-0.0392295974199403
"chr15-0345",-0.123160803678878
"chr15-0346",-0.0521132441105479
"chr15-0347",0.0519800436915522
"chr15-0348",0.010557227292881
"chr15-0349",0.0130251642204506
"chr15-0350",0.241750576310685
"chr15-0351",0.0140864977005359
"chr15-0352",0.181138064015293
"chr15-0353",0.116672152526327
"chr15-0354",0.0807422880361113
"chr15-0355",0.0661382537869321
"chr15-0356",0.0647209004554538
"chr15-0357",0.289932512808987
"chr15-0358",0.0239825775211842
"chr15-0359",-0.0250299539390722
"chr15-0360",0.19636827708239
"chr15-0361",0.146372752177483
"chr15-0362",0.176031958308219
"chr15-0363",0.17560935938546
"chr15-0364",-0.00676405864030409
"chr15-0365",-0.0521273119105195
"chr15-0366",0.0112503081296496
"chr15-0367",-0.0936979146592306
"chr15-0368",0.105197800114713
"chr15-0369",-0.0810222369962415
"chr15-0370",-0.120211733790519
"chr15-0371",0.00470604746560339
"chr15-0372",-0.0915097323570656
"chr15-0373",0.0495561207012263
"chr15-0374",-0.127739795245796
"chr15-0375",-0.00988868908114618
"chr15-0376",0.111027940682602
"chr15-0377",-0.0781038645411176
"chr15-0378",-0.0261710782904276
"chr15-0379",0.0804429208613005
"chr15-0380",0.026596177695645
"chr15-0381",0.0998313004265163
"chr15-0382",-0.0842081502431996
"chr15-0383",-0.148961564294993
"chr15-0384",0.0624673883336775
"chr15-0385",-0.012843025614091
"chr15-0386",-0.0945823609542197
"chr15-0387",0.101735229637019
"chr15-0388",-0.148229613779025
"chr15-0389",-0.0713865609880004
"chr15-0390",-0.00634756908555015
"chr15-0391",0.012915189997664
"chr15-0392",-0.338467019029408
"chr15-0393",-0.0365313233881615
"chr15-0394",0.0730497555896122
"chr15-0395",0.0503604697145513
"chr15-0396",-0.0808323039742005
"chr15-0397",0.0673496952288276
"chr15-0398",-0.0795353665181349
"chr15-0399",-0.155943480462493
"chr15-0400",-0.0249595562356428
"chr15-0401",-0.0279583188156313
"chr15-0402",-0.102789735622189
"chr15-0403",0.0670637914229175
"chr15-0404",0.0212212257837607
"chr15-0405",0.115061222424523
"chr15-0406",0.0788143771836154
"chr15-0407",0.192471296125721
"chr15-0408",0.0064587235547275
"chr15-0409",0.114555787365699
"chr15-0410",0.10718753619747
"chr15-0411",0.0174327972727081
"chr15-0412",-0.0552060944262359
"chr15-0413",-0.0509260815635187
"chr15-0414",0.145688637310073
"chr15-0415",0.154362415154453
"chr15-0416",-0.0333686098433478
"chr15-0417",0.117376952588578
"chr15-0418",0.230606583016651
"chr15-0419",-0.0408912951716988
"chr15-0420",0.0430526293900734
"chr15-0421",-0.00645509457213625
"chr15-0422",0.166169738252895
"chr15-0423",0.0212981988435712
"chr15-0424",0.0676057886191476
"chr15-0425",0.085615598243137
"chr15-0426",0.103747740177161
"chr15-0427",0.112453507312935
"chr15-0428",-0.257703166170878
"chr15-0429",0.0530572957431089
"chr15-0430",0.0334582103307416
"chr15-0431",0.113527147411739
"chr15-0432",-0.0566601600175888
"chr15-0433",-0.0103383162439978
"chr15-0434",0.263542921980307
"chr15-0435",0.0376907718007963
"chr15-0436",0.246535038758077
"chr15-0437",0.0487810943681446
"chr15-0438",0.00328168068819331
"chr15-0439",0.163540704243664
"chr15-0440",-0.00100493001655659
"chr15-0441",0.0630242326083286
"chr15-0442",0.0244864147645423
"chr15-0443",0.119268772156003
"chr15-0444",0.093987212242859
"chr15-0445",0.0765298408719143
"chr15-0446",0.105951378451512
"chr15-0447",0.160892648137756
"chr15-0448",0.0589974427791478
"chr15-0449",0.105561308927463
"chr15-0450",0.0502355974198715
"chr15-0451",0.0316004139666612
"chr15-0452",0.0329244513250994
"chr15-0453",0.169049424629501
"chr15-0454",0.0602836812779171
"chr15-0455",0.194701015894792
"chr15-0456",0.168855356715732
"chr15-0457",0.213462826583575
"chr15-0458",0.0801348047394998
"chr15-0459",0.0332781740816801
"chr15-0460",-0.0227568108464004
"chr15-0461",0.126629558190745
"chr15-0462",0.152161436767508
"chr15-0463",0.207272367286921
"chr15-0464",0.0555738119082084
"chr15-0465",-0.0819876529332544
"chr15-0466",0.0416169930564704
"chr15-0467",0.138914470466462
"chr15-0468",0.154260041992728
"chr15-0469",-0.0329563691823982
"chr15-0470",-0.053524042852735
"chr15-0471",-0.0651168922118744
"chr15-0472",0.00606670766033968
"chr15-0473",-0.0568280716681433
"chr15-0474",0.0627167787194615
"chr15-0475",0.0648783116341064
"chr15-0476",-0.0682189363903258
"chr15-0477",0.0996817772024493
"chr15-0478",0.0179823551932935
"chr15-0479",-0.025986463294795
"chr15-0480",-0.0248832677293091
"chr15-0481",-0.0315269001744217
"chr15-0482",0.100193408438795
"chr15-0483",0.136393516034467
"chr15-0484",0.0692397748575617
"chr15-0485",0.0292420776042039
"chr15-0486",0.0132259061715349
"chr15-0487",0.0892161994957572
"chr15-0488",-0.0176093632945787
"chr15-0489",-0.0185660367997739
"chr15-0490",-0.0529934218372212
"chr15-0491",0.00402251858581554
"chr15-0492",0.00430035051534034
"chr15-0493",-0.0458278614090879
"chr15-0494",0.0267413489448301
"chr15-0495",-0.0661054174119985
"chr15-0496",0.0537094784020068
"chr15-0497",-0.0859290944355982
"chr15-0498",0.0906034201973334
"chr15-0499",-0.054667635345122
"chr15-0500",-0.0527024502378297
"chr15-0501",0.0113323406262792
"chr15-0502",-0.0446051149170301
"chr15-0503",0.0708543023884084
"chr15-0504",-0.134264238446107
"chr15-0505",-0.111172808396992
"chr15-0506",-0.0940442106742737
"chr15-0507",-0.0241452913831263
"chr15-0508",-0.136193118071378
"chr15-0509",-0.242406792405667
"chr15-0510",-0.036409952155214
"chr15-0511",0.00831361875976856
"chr15-0512",-0.0908590216064209
"chr15-0513",0.0614240527315522
"chr15-0514",0.111277047011062
"chr15-0515",-0.119338053220988
"chr15-0516",0.033330797421997
"chr15-0517",-0.0110192542472365
"chr15-0518",0.111359643717926
"chr15-0519",0.0145933737318162
"chr15-0520",0.080619555315122
"chr15-0521",-0.00843840449830824
"chr15-0522",-0.0441817274467071
"chr15-0523",0.0843608256475016
"chr15-0524",0.0353359253265145
"chr15-0525",-0.0635041127369931
"chr15-0526",-0.0328436021806283
"chr15-0527",-0.0444335641910623
"chr15-0528",0.119064106865729
"chr15-0529",-0.0189318024667106
"chr15-0530",0.190857405212581
"chr15-0531",-0.0598294278805091
"chr15-0532",0.101732945484248
"chr15-0533",0.086586282539942
"chr15-0534",0.0751947205807506
"chr15-0535",0.0116980157787555
"chr15-0536",-0.0262112754827478
"chr15-0537",-0.047918882149824
"chr15-0538",-0.00113295577332143
"chr15-0539",-0.018646703895232
"chr15-0540",-0.0260516772003298
"chr15-0541",-0.0131735390656386
"chr15-0542",0.0721478669563536
"chr15-0543",0.153577674743343
"chr15-0544",0.125720027606718
"chr15-0545",0.115641681052729
"chr15-0546",0.0490803607120784
"chr15-0547",-0.0775176217212411
"chr15-0548",0.106282795982643
"chr15-0549",-0.000678266645789469
"chr15-0550",-0.039087375509169
"chr15-0551",-0.0418161728979386
"chr15-0552",-0.0376170125998158
"chr15-0553",-0.0370037538012994
"chr15-0554",-0.0750326998728669
"chr15-0555",0.0341498094512645
"chr15-0556",-0.125064483508582
"chr15-0557",-0.11099482853697
"chr15-0558",-0.192115703536669
"chr15-0559",-0.063733682478213
"chr15-0560",0.0211081205844187
"chr15-0561",-0.103817790385328
"chr15-0562",0.0314313401235813
"chr15-0563",-0.0264782495797399
"chr15-0564",0.181302646280227
"chr15-0565",0.155888021135661
"chr15-0566",0.119327446572396
"chr15-0567",0.101366722520932
"chr15-0568",0.187791669806967
"chr15-0569",0.100421484823996
"chr15-0570",-0.0374694671574533
"chr15-0571",-0.0173585147915906
"chr15-0572",0.191756653276613
"chr15-0573",-0.0270127554620344
"chr15-0574",0.0761359821532127
"chr15-0575",0.0588310298058955
"chr15-0576",0.0140191082023341
"chr15-0577",-0.0105734258327309
"chr15-0578",0.0382337262933594
"chr15-0579",0.0555449207540877
"chr15-0580",0.161897029986997
"chr15-0581",0.0793046435996484
"chr15-0582",0.121453836537117
"chr15-0583",-0.0101984263873812
"chr15-0584",0.0547764463934096
"chr15-0585",0.069327326918847
"chr15-0586",0.104702210343312
"chr15-0587",0.0742189318428227
"chr15-0588",0.247094694588174
"chr15-0589",0.106382296146842
"chr15-0590",0.117312072820897
"chr15-0591",0.00684173160962376
"chr15-0592",-0.023540314924887
"chr15-0593",0.0213777094618809
"chr15-0594",0.0117238641138108
"chr15-0595",0.0385132883516823
"chr15-0596",-0.0360872179347657
"chr15-0597",-0.0562976312943916
"chr15-0598",-0.0796187407265606
"chr15-0599",-0.248301527570917
"chr15-0600",0.0324385403856203
"chr15-0601",0.0963466040654299
"chr15-0602",0.177619787455189
"chr15-0603",0.00657682130206957
"chr15-0604",0.113332297709595
"chr15-0605",0.172271338570621
"chr15-0606",-0.0281331077973628
"chr15-0607",-0.110690208379905
"chr15-0608",-0.123032250928818
"chr15-0609",-0.0946781479839154
"chr15-0610",-0.219823969407798
"chr15-0611",-0.02457334008597
"chr15-0612",-0.110524437914228
"chr15-0613",-0.0610083513791811
"chr15-0614",0.0892755423407902
"chr15-0615",-0.143892387092528
"chr15-0616",-0.140365369983521
"chr15-0617",0.160020926371247
"chr15-0618",0.0357561370203181
"chr15-0619",-0.0393167028435751
"chr15-0620",-0.107600390484832
"chr15-0621",0.0758285131880784
"chr15-0622",0.151696672119565
"chr15-0623",0.284545906636149
"chr15-0624",0.159799596143303
"chr15-0625",0.33034512870945
"chr15-0626",0.198543823029435
"chr15-0627",-0.0457458527402005
"chr15-0628",-0.00569092492175116
"chr15-0629",0.112251850120034
"chr15-0630",0.117571125853529
"chr15-0631",0.0420299182407535
"chr15-0632",0.151332067805856
"chr15-0633",-0.0458227726176452
"chr15-0634",0.0806305351982103
"chr15-0635",0.0649516508908572
"chr15-0636",-0.00406028979161372
"chr15-0637",-0.0487756588994252
"chr15-0638",-0.0683889954661165
"chr15-0639",-0.0342417743705441
"chr15-0640",0.0124412976514379
"chr15-0641",0.0368045501336088
"chr15-0642",0.0410579755803674
"chr15-0643",-0.062791211556658
"chr15-0644",-0.0431234883942769
"chr15-0645",-0.0534875836099736
"chr15-0646",-0.00526670983059024
"chr15-0647",0.0217451358079852
"chr15-0648",-0.00663001062733583
"chr15-0649",0.068753258057942
"chr15-0650",0.0318118554709048
"chr15-0651",-0.0966591803414954
"chr15-0652",-0.00143747412216243
"chr15-0653",-0.149806461131389
"chr15-0654",-0.0414465407470126
"chr15-0655",0.0144513405876519
"chr15-0656",0.15225673085272
"chr15-0657",0.230029292283725
"chr15-0658",-0.251589249856441
"chr15-0659",-0.155960336300754
"chr15-0660",0.0279590468812887
"chr15-0661",0.0429324824431297
"chr15-0662",-0.082275998930173
"chr15-0663",-0.185182739448547
"chr15-0664",0.00866476793860395
"chr15-0665",0.0558893944262612
"chr15-0666",0.111786943510133
"chr15-0667",-0.0244699484816444
"chr15-0668",-0.0663392698799501
"chr15-0669",0.0569709492264021
"chr15-0670",-0.00796574665612744
"chr15-0671",-0.278445336874484
"chr15-0672",-0.00574069969680132
"chr15-0673",-0.0208752237580474
"chr15-0674",-0.0314642476621862
"chr15-0675",0.106397634359869
"chr15-0676",-0.176339838939627
"chr15-0677",-0.0891249451382622
"chr15-0678",0.0519612385161744
"chr15-0679",0.0737365479885011
"chr15-0680",0.138054012929875
"chr15-0681",0.0981079542625748
"chr15-0682",0.0761777267322423
"chr15-0683",-0.00295804330508917
"chr15-0684",-0.0249189360094338
"chr15-0685",-0.290393766663904
"chr15-0686",0.0327440192069345
"chr15-0687",0.171782212389237
"chr15-0688",0.284642722625807
"chr15-0689",0.0486399737644327
"chr15-0690",0.0971096198812978
"chr15-0691",0.215051560369592
"chr15-0692",0.112611484391832
"chr15-0693",0.195858007617514
"chr15-0694",0.0344082065305209
"chr15-0695",0.0763131748620927
"chr15-0696",0.0733769962591685
"chr15-0697",-0.0550690327310021
"chr15-0698",-0.00354748146173836
"chr15-0699",0.0491955421256375
"chr15-0700",0.0975977131275235
"chr15-0701",-0.164552120180421
"chr15-0702",0.0665848878704715
"chr15-0703",0.352592984504334
"chr15-0704",0.160901926688918
"chr15-0705",0.0476894489958508
"chr15-0706",0.165820239027761
"chr15-0707",0.198634178664042
"chr15-0708",-0.0843291090178218
"chr15-0709",-0.0815088819995111
"chr15-0710",-0.0308552423884476
"chr15-0711",-0.028975547739984
"chr15-0712",0.034601587929722
"chr15-0713",-0.00460076909729982
"chr15-0714",0.126221511094671
"chr15-0715",0.165376789729567
"chr15-0716",-0.0598591012152679
"chr15-0717",0.16952443184682
"chr15-0718",0.235858211977898
"chr15-0719",0.206275394482369
"chr15-0720",0.256020295513657
"chr15-0721",0.171599467625028
"chr15-0722",0.0858147412547883
"chr15-0723",0.154915853243087
"chr15-0724",0.115759972602414
"chr15-0725",0.108536492920049
"chr15-0726",0.152635053381452
"chr15-0727",0.0960933396095869
"chr15-0728",0.067827165401638
"chr15-0729",0.0726182121661996
"chr15-0730",-0.0733962337324867
"chr15-0731",0.0777655441417203
"chr15-0732",0.0357604372599647
"chr15-0733",-0.0167054698990714
"chr15-0734",-0.0607358217698197
"chr15-0735",-0.0339340585752711
"chr15-0736",-0.128210561323527
"chr15-0737",0.0705824629644394
"chr15-0738",0.130128383964361
"chr15-0739",-0.0210475465615325
"chr15-0740",0.130383796558487
"chr15-0741",0.119093767524235
"chr15-0742",0.124530411250516
"chr15-0743",0.0348629293895218
"chr15-0744",-0.138365212418
"chr15-0745",0.161782048638166
"chr15-0746",0.238350563895123
"chr15-0747",0.158970421478701
"chr15-0748",0.17143129149945
"chr15-0749",0.113746660819799
"chr15-0750",0.270100671975575
"chr15-0751",0.121437443749368
"chr15-0752",0.00370721736351481
"chr15-0753",-0.0443871850642324
"chr15-0754",-0.0116354631508162
"chr15-0755",0.0534966751654964
"chr15-0756",0.0129994047266147
"chr15-0757",0.116809712238606
"chr15-0758",0.0600705460898951
"chr15-0759",0.142124247734763
"chr15-0760",0.284473903248742
"chr15-0761",0.085526597112189
"chr15-0762",0.120691185242382
"chr15-0763",0.0749669585473847
"chr15-0764",0.13441754940533
"chr15-0765",0.0570186829177636
"chr15-0766",0.166261737995323
"chr15-0767",0.0668214273811829
"chr15-0768",0.0945978744703913
"chr15-0769",-0.0596094508341113
"chr15-0770",0.105536712981199
"chr15-0771",0.0993202275097291
"chr15-0772",0.228712332139543
"chr15-0773",0.117248881126655
"chr15-0774",-0.0108598901332645
"chr15-0775",0.0779491690981556
"chr15-0776",0.0504472475754173
"chr15-0777",0.144325586346892
"chr15-0778",0.101907562841819
"chr15-0779",-0.0139617290791135
"chr15-0780",0.175945152972699
"chr15-0781",0.0979084009722881
"chr15-0782",0.146727956965633
"chr16-0001",0.0610190773559878
"chr16-0002",0.0432590939809788
"chr16-0003",-0.0946479372788889
"chr16-0004",-0.0356074972031645
"chr16-0005",0.0140006168781192
"chr16-0006",-0.125185749859817
"chr16-0007",0.0845159951040325
"chr16-0008",0.0144991585081778
"chr16-0009",0.100252139402932
"chr16-0010",0.123153715860978
"chr16-0011",-0.039473856729309
"chr16-0012",0.100360310650395
"chr16-0013",0.0278892376877207
"chr16-0014",-0.00140958162837414
"chr16-0015",-0.0739258064544809
"chr16-0016",0.0377625843583585
"chr16-0017",0.0925294489047254
"chr16-0018",0.0991112199031145
"chr16-0019",0.0378083745892194
"chr16-0020",0.0784622589722519
"chr16-0021",0.106071864115271
"chr16-0022",0.160252783770255
"chr16-0023",0.129726500423859
"chr16-0024",-0.0588845149828261
"chr16-0025",0.0200152650237371
"chr16-0026",0.0968317314508944
"chr16-0027",0.225036831391345
"chr16-0028",-0.0449855547886566
"chr16-0029",-0.0539138339831823
"chr16-0030",0.0660100877359132
"chr16-0031",0.0557426334118111
"chr16-0032",0.0934010970636377
"chr16-0033",0.0600710272155459
"chr16-0034",0.0263867277665122
"chr16-0035",0.10084309829503
"chr16-0036",0.0271740788122091
"chr16-0037",0.127340334180831
"chr16-0038",-0.0114057947482699
"chr16-0039",0.0565989805724661
"chr16-0040",0.0465349279379147
"chr16-0041",-0.0108841237249376
"chr16-0042",0.124416763654824
"chr16-0043",0.0899498732038199
"chr16-0044",0.0676345151205717
"chr16-0045",-0.0367745572538061
"chr16-0046",0.0367994774844283
"chr16-0047",-0.116251062885541
"chr16-0048",0.0541452310248295
"chr16-0049",0.0811983354377186
"chr16-0050",0.0798932096395662
"chr16-0051",0.0738072496522252
"chr16-0052",-0.0810988681100171
"chr16-0053",0.121353011056336
"chr16-0054",0.00195484935004795
"chr16-0055",-0.020605113784915
"chr16-0056",0.0260516985824
"chr16-0057",0.145599925343966
"chr16-0058",0.0654192900482412
"chr16-0059",-0.157598767751326
"chr16-0060",0.100806227446881
"chr16-0061",0.110307172438665
"chr16-0062",0.119912967999052
"chr16-0063",0.0941337530629155
"chr16-0064",0.000335464481688016
"chr16-0065",0.16681721897271
"chr16-0066",0.148874652727532
"chr16-0067",0.0313706675714822
"chr16-0068",0.146168501694814
"chr16-0069",-0.0364790033853469
"chr16-0070",-0.284683637934295
"chr16-0071",0.0676643516829722
"chr16-0072",0.0166615184317378
"chr16-0073",-0.0669629850480811
"chr16-0074",0.0894839316836598
"chr16-0075",0.0104670842755941
"chr16-0076",0.0540387166796448
"chr16-0077",0.041231058669561
"chr16-0078",0.0823133131466297
"chr16-0079",0.165367998382895
"chr16-0080",-0.0695886964102129
"chr16-0081",-0.0306624525093305
"chr16-0082",0.0536322410751878
"chr16-0083",0.0745638179343406
"chr16-0084",0.203393788825551
"chr16-0085",0.0838876426745811
"chr16-0086",-0.0672478024075959
"chr16-0087",-0.0470338900122584
"chr16-0088",0.120365706011075
"chr16-0089",0.124024888298422
"chr16-0090",0.014376064444455
"chr16-0091",0.0634659695935486
"chr16-0092",0.069357853670455
"chr16-0093",0.0279164994442722
"chr16-0094",-0.0213740517140845
"chr16-0095",0.136588462676409
"chr16-0096",0.0171040507636071
"chr16-0097",-0.048082313354649
"chr16-0098",0.112699112262443
"chr16-0099",-0.1127522517454
"chr16-0100",0.0373677019240794
"chr16-0101",-0.110415305551472
"chr16-0102",-0.132470386662017
"chr16-0103",-0.0559934306592707
"chr16-0104",-0.0510795169269095
"chr16-0105",-0.214291096115689
"chr16-0106",0.0371590315241144
"chr16-0107",-0.0244226687655889
"chr16-0108",-0.0720326087033948
"chr16-0109",-0.106137721811463
"chr16-0110",0.0147904425643046
"chr16-0111",-0.104744430592
"chr16-0112",-0.124551682914734
"chr16-0113",0.00702238014221607
"chr16-0114",-0.0487545917393086
"chr16-0115",-0.130005254505203
"chr16-0116",-0.322482050211002
"chr16-0117",-0.100706390470246
"chr16-0118",-0.269703339510686
"chr16-0119",0.0662670636628006
"chr16-0120",0.146887228427544
"chr16-0121",-0.0643354317783643
"chr16-0122",0.119164925279528
"chr16-0123",-0.0305003637416955
"chr16-0124",-0.0258606029482971
"chr16-0125",-0.0790146165496287
"chr16-0126",-0.075394332068157
"chr16-0127",-0.227752100125709
"chr16-0128",-0.0642750961877364
"chr16-0129",-0.10728778506033
"chr16-0130",-0.0606435291486495
"chr16-0131",-0.123695594171242
"chr16-0132",0.124978790548664
"chr16-0133",0.132281944564895
"chr16-0134",-0.0498152053978472
"chr16-0135",-0.114907375650101
"chr16-0136",0.0389075023504235
"chr16-0137",0.0827245463532745
"chr16-0138",-0.26680728837233
"chr16-0139",0.0588522930255962
"chr16-0140",-0.318216335339569
"chr16-0141",-0.0811604080472
"chr16-0142",-0.0493073148416491
"chr16-0143",-0.148136692938609
"chr16-0144",0.0158042960266377
"chr16-0145",0.119306990189201
"chr16-0146",-0.0476873719611068
"chr16-0147",-0.259182796089698
"chr16-0148",-0.050402878650831
"chr16-0149",-0.230795833801573
"chr16-0150",0.0856710309190935
"chr16-0151",-0.0902742150158257
"chr16-0152",-0.0346190305545956
"chr16-0153",-0.0534197649759846
"chr16-0154",-0.0335677914045049
"chr16-0155",0.0988839936232335
"chr16-0156",0.0304652709995793
"chr16-0157",-0.163551778530165
"chr16-0158",-0.0637962647955423
"chr16-0159",0.230722917893844
"chr16-0160",0.131889938690712
"chr16-0161",-0.0138542380048389
"chr16-0162",0.0356246597952726
"chr16-0163",-0.051948784268814
"chr16-0164",0.0946241031843218
"chr16-0165",-0.222482060185889
"chr16-0166",-0.0786067659029611
"chr16-0167",0.0343549308725301
"chr16-0168",-0.037588934295758
"chr16-0169",0.0521365425433722
"chr16-0170",0.113478106141636
"chr16-0171",0.0600764023038715
"chr16-0172",-0.0448898987773115
"chr16-0173",0.166625241984988
"chr16-0174",0.0570742104485976
"chr16-0175",0.0632841288938391
"chr16-0176",-0.112146939096663
"chr16-0177",0.159197832245253
"chr16-0178",-0.0809750682240071
"chr16-0179",-0.131915727680748
"chr16-0180",-0.0962053379453095
"chr16-0181",0.124492357459644
"chr16-0182",-0.0748639422687302
"chr16-0183",-0.187765297486062
"chr16-0184",0.127761085597037
"chr16-0185",-0.0303532058141379
"chr16-0186",0.100661437368534
"chr16-0187",-0.0649445691999929
"chr16-0188",0.0918213985975459
"chr16-0189",-0.0364645338759187
"chr16-0190",0.057131389455707
"chr16-0191",0.00074445939747869
"chr16-0192",-0.355914683568206
"chr16-0193",-0.178791072261012
"chr16-0194",-0.0184155303579699
"chr16-0195",-0.104220411076061
"chr16-0196",-0.125827546685775
"chr16-0197",0.0624686881967657
"chr16-0198",-0.100073793037379
"chr16-0199",-0.160319600063065
"chr16-0200",-0.0171543269644523
"chr16-0201",0.208352174025308
"chr16-0202",0.0652950304280448
"chr16-0203",-0.00653612035565099
"chr16-0204",0.0792085931559115
"chr16-0205",-0.0953393243343872
"chr16-0206",0.0720198631358932
"chr16-0207",-0.00204170882499753
"chr16-0208",0.141481800757525
"chr16-0209",-0.115576785801801
"chr16-0210",-0.0717388526764768
"chr16-0211",-0.0768813159054069
"chr16-0212",0.0840283166318396
"chr16-0213",-0.00639121432879491
"chr16-0214",0.0230637280287527
"chr16-0215",-0.0729301001642787
"chr16-0216",-0.0394833989341837
"chr16-0217",0.0542891875641637
"chr16-0218",0.174144125505041
"chr16-0219",0.0114295991901635
"chr16-0220",-0.244758612484956
"chr16-0221",-0.117242244399927
"chr16-0222",0.0323289248624466
"chr16-0223",0.0467493650536476
"chr16-0224",-0.249251514701951
"chr16-0225",0.0608479382383503
"chr16-0226",-0.0305026626714983
"chr16-0227",-0.00741647501328167
"chr16-0228",-0.00391883370894921
"chr16-0229",-0.101775275532828
"chr16-0230",-0.0144359011610244
"chr16-0231",-0.0284736756593581
"chr16-0232",-0.0776236495980162
"chr16-0233",0.152476323587095
"chr16-0234",0.0329716355561464
"chr16-0235",0.059252328739346
"chr16-0236",0.144068240363568
"chr16-0237",0.300132878426831
"chr16-0238",0.0095954190978281
"chr16-0239",0.0604933441187748
"chr16-0240",-0.102786469606378
"chr16-0241",0.0568963224059782
"chr16-0242",-0.262333967692037
"chr16-0243",0.0332226061347948
"chr16-0244",-0.00258027629324429
"chr16-0245",-0.0772973703749464
"chr16-0246",-0.281475270894253
"chr16-0247",-0.258182508181655
"chr16-0248",0.164564715715564
"chr16-0249",0.0540897166291526
"chr16-0250",0.0204578581218142
"chr16-0251",-0.100318605430016
"chr16-0252",0.140979055080438
"chr16-0253",-0.0923355320092268
"chr16-0254",-0.0306144383963239
"chr16-0255",-0.14411191674641
"chr16-0256",-0.210420771602436
"chr16-0257",0.0283080219718812
"chr16-0258",-0.102909784921423
"chr16-0259",-0.05375625972082
"chr16-0260",0.148596155860319
"chr16-0261",0.102562206371902
"chr16-0262",0.0303669737767744
"chr16-0263",0.0684412502738069
"chr16-0264",0.085887496479358
"chr16-0265",0.0119073734211428
"chr16-0266",-0.18281321330474
"chr16-0267",0.00263688868173191
"chr16-0268",0.0759644621644371
"chr16-0269",0.04221182045864
"chr16-0270",-0.0391114204984906
"chr16-0271",-0.251857827603977
"chr16-0272",-0.126149283143133
"chr16-0273",-0.0703217863013101
"chr16-0274",-0.0847858068668359
"chr16-0275",0.0243514786156723
"chr16-0276",-0.152248048343554
"chr16-0277",0.0333882795592307
"chr16-0278",-0.278185024884903
"chr16-0279",0.0935343808648302
"chr16-0280",0.0170878331135663
"chr16-0281",-0.120777134675525
"chr16-0282",0.0784628252292173
"chr16-0283",0.0777090979776312
"chr16-0284",-0.0664440508409898
"chr16-0285",-0.0149945685369399
"chr16-0286",0.0281628267566948
"chr16-0287",-0.201801671339031
"chr16-0288",-0.0631766073682834
"chr16-0289",0.0757424461016957
"chr16-0290",-0.0017934738212764
"chr16-0291",0.0891526490555371
"chr16-0292",-0.093327326835222
"chr16-0293",0.255884524974495
"chr16-0294",0.101375378251341
"chr16-0295",-0.11272846260559
"chr16-0296",-0.0533618756430219
"chr16-0297",0.0215655608752464
"chr16-0298",0.11405041251581
"chr16-0299",-0.134239827143968
"chr16-0300",0.14894822040363
"chr16-0301",0.0472352775304668
"chr16-0302",-0.128177916407007
"chr16-0303",-0.185820147500788
"chr16-0304",-0.0783340497401629
"chr16-0305",-0.0594525263415346
"chr16-0306",0.00496680487676682
"chr16-0307",-0.111417509675786
"chr16-0308",-0.0689474781991649
"chr16-0309",0.0956985941852651
"chr16-0310",0.059887413471435
"chr16-0311",0.0603146600149981
"chr16-0312",-0.019852820673394
"chr16-0313",0.0579679857448618
"chr16-0314",0.077976406212838
"chr16-0315",-0.0448138559257119
"chr16-0316",0.0378382222166337
"chr16-0317",-0.00588041491479658
"chr16-0318",-0.204070674436394
"chr16-0319",-0.0605968632066718
"chr16-0320",-0.172486922493113
"chr16-0321",-0.0733199621997303
"chr16-0322",-0.155891791605522
"chr16-0323",-0.113777008056518
"chr16-0324",-0.194550357036836
"chr16-0325",-0.0273898057508807
"chr16-0326",-0.156493224604485
"chr16-0327",-0.255011523977137
"chr16-0328",-0.210270900073602
"chr16-0329",0.109515181789123
"chr16-0330",0.0504664451796003
"chr16-0331",-0.205617103767724
"chr16-0332",-0.0488758529522028
"chr16-0333",-0.209462702495802
"chr16-0334",0.10482537094023
"chr16-0335",-0.133176846695542
"chr16-0336",0.107888732077518
"chr16-0337",0.0921362981153199
"chr16-0338",-0.298277467284194
"chr16-0339",-0.00115115730195102
"chr16-0340",0.103407814391633
"chr16-0341",-0.116005376053877
"chr16-0342",-0.0990335747765386
"chr16-0343",-0.160477434903588
"chr16-0344",-0.0488486732544691
"chr16-0345",-0.351351862281633
"chr16-0346",-0.122015075341212
"chr16-0347",0.025939414123497
"chr16-0348",0.0316227602119993
"chr16-0349",-0.108867878971378
"chr16-0350",-0.217214018346915
"chr16-0351",0.0056982472185759
"chr16-0352",0.194203805032884
"chr16-0353",0.00482978068562497
"chr16-0354",-0.0415266917744141
"chr16-0355",0.00618960122445813
"chr16-0356",0.0538501969458235
"chr16-0357",0.112619013199093
"chr16-0358",0.0179105522754843
"chr16-0359",-0.0507319511362536
"chr16-0360",-0.0714624212384535
"chr16-0361",-0.0423727448942598
"chr16-0362",0.118267040341895
"chr16-0363",-0.0546911874566143
"chr16-0364",-0.149472595770511
"chr16-0365",0.0949092095996226
"chr16-0366",0.104098975746518
"chr16-0367",-0.162892540764946
"chr16-0368",-0.145158607837943
"chr16-0369",-0.136102362373325
"chr16-0370",-0.148016429389861
"chr16-0371",-0.0729888969651704
"chr16-0372",-0.149174440761957
"chr16-0373",-0.0894959116702197
"chr16-0374",-0.12706264088143
"chr16-0375",-0.0653053476820791
"chr16-0376",-0.018200070924572
"chr16-0377",-0.0433863619163978
"chr16-0378",-0.265481200967787
"chr16-0379",-0.0349033880386153
"chr16-0380",0.0681736785381973
"chr16-0381",0.133165492209135
"chr16-0382",0.135584447227048
"chr16-0383",0.00819388582246802
"chr16-0384",0.111612870755686
"chr16-0385",0.00774706650753087
"chr16-0386",0.0976814011291515
"chr16-0387",0.0523355755038991
"chr16-0388",0.000605570140426779
"chr16-0389",-0.1667367297103
"chr16-0390",-0.252923924700113
"chr16-0391",-0.067262179179826
"chr16-0392",0.0348440324331753
"chr16-0393",-0.125001839959097
"chr16-0394",-0.0543897392998087
"chr16-0395",-0.0388957705020226
"chr16-0396",-0.0506844962593066
"chr16-0397",-0.0425828879519992
"chr16-0398",-0.058484915399037
"chr16-0399",-0.0757398291378576
"chr16-0400",-0.0757971422329643
"chr16-0401",-0.0398256041532837
"chr16-0402",-0.0736863248215644
"chr16-0403",-0.0725291981870199
"chr16-0404",0.010070259328155
"chr16-0405",0.00947383421892687
"chr16-0406",0.0442948323621525
"chr16-0407",-0.271336094190067
"chr16-0408",-0.0712799347426846
"chr16-0409",-0.0950479327257442
"chr16-0410",-0.199271361618316
"chr16-0411",0.0702372333803855
"chr16-0412",-0.0162584932073026
"chr16-0413",-0.0844065686322183
"chr16-0414",-0.159640566509955
"chr16-0415",0.108044334520135
"chr16-0416",-0.0103977697191899
"chr16-0417",-0.0122236944703534
"chr16-0418",0.0151130360394106
"chr16-0419",0.00544265210360599
"chr16-0420",-0.241520759079228
"chr16-0421",-0.128275099787671
"chr16-0422",0.115425283387116
"chr16-0423",-0.0307428626630649
"chr16-0424",0.118211560762439
"chr16-0425",-0.0555731485166115
"chr16-0426",0.0112241248178501
"chr16-0427",0.0234581383812773
"chr16-0428",-0.0988362244154445
"chr16-0429",0.0129487654241009
"chr16-0430",-0.0613335958314561
"chr16-0431",-0.107611470820199
"chr16-0432",-0.106445654235184
"chr16-0433",-0.155995687831081
"chr16-0434",-0.137923420098803
"chr16-0435",-0.0855744392646323
"chr16-0436",-0.0865208500232327
"chr16-0437",-0.310475767359535
"chr16-0438",0.0140984121379633
"chr16-0439",0.042050417773197
"chr16-0440",0.0558208622319239
"chr16-0441",0.0524401528683436
"chr16-0442",0.0459466398265705
"chr16-0443",0.0202429487744526
"chr16-0444",-0.0265645610864199
"chr16-0445",0.0201119267413692
"chr16-0446",-0.0928696229811586
"chr16-0447",0.168755448987244
"chr16-0448",0.00180054947026326
"chr16-0449",-0.0759887293142509
"chr16-0450",0.0602577207510145
"chr16-0451",-0.23381638409161
"chr16-0452",-0.150197318312398
"chr16-0453",-0.0540018638709599
"chr16-0454",-0.0586221327736793
"chr16-0455",0.00729532406651216
"chr16-0456",0.0269351655849581
"chr16-0457",-0.132522543478232
"chr16-0458",-0.0455957050645839
"chr16-0459",0.386923683924715
"chr16-0460",0.254046130972941
"chr16-0461",0.00633829583823645
"chr16-0462",0.0656986332326743
"chr16-0463",0.00949230851487265
"chr16-0464",-0.164057488365302
"chr16-0465",-0.0996654813894176
"chr16-0466",0.0450680671708352
"chr16-0467",0.0776467425935316
"chr16-0468",0.204317119839291
"chr16-0469",-0.0458577915705635
"chr16-0470",0.0668210268293247
"chr16-0471",0.0601010577541622
"chr16-0472",-0.382041744704102
"chr16-0473",-0.397047193405128
"chr16-0474",-0.437228288876558
"chr16-0475",-0.384615345977299
"chr16-0476",-0.703424070964934
"chr16-0477",-0.344637143429153
"chr16-0478",-0.244487440169659
"chr16-0479",-0.433703354986815
"chr16-0480",-0.367425914076726
"chr16-0481",-0.235765381163988
"chr16-0482",-0.338652822674141
"chr16-0483",-0.277947281154271
"chr16-0484",-0.167860452442905
"chr16-0485",-0.493804547627385
"chr16-0486",-0.342924006785148
"chr16-0487",-0.273010892704819
"chr16-0488",-0.34825052012117
"chr16-0489",-0.301372632408732
"chr16-0490",-0.271284159287345
"chr16-0491",-0.497325263832122
"chr16-0492",-0.516516849135467
"chr16-0493",-0.326359459657075
"chr16-0494",-0.198012006348588
"chr16-0495",-0.395223595271972
"chr16-0496",-0.460445096623488
"chr16-0497",-0.240658164085738
"chr16-0498",-0.19420109886832
"chr16-0499",-0.348223553224442
"chr16-0500",-0.168050919797798
"chr16-0501",-0.331008410799759
"chr16-0502",-0.241866412241067
"chr16-0503",-0.237910414091006
"chr16-0504",-0.499998527700991
"chr16-0505",-0.251872579569085
"chr16-0506",-0.170010759649425
"chr16-0507",-0.34815167148392
"chr16-0508",-0.312857946848345
"chr16-0509",-0.173860026152658
"chr16-0510",-0.246443597574301
"chr16-0511",-0.278821190652018
"chr16-0512",-0.478669680888581
"chr16-0513",-0.441959765893178
"chr16-0514",-0.573747485481062
"chr16-0515",-0.255416219295772
"chr16-0516",-0.325564069993979
"chr16-0517",-0.364537213095518
"chr16-0518",-0.590957884963997
"chr16-0519",-0.273872554038503
"chr16-0520",-0.548303874429303
"chr16-0521",-0.383871236037557
"chr16-0522",-0.279569456052044
"chr16-0523",-0.346619123301656
"chr16-0524",-0.415264337160551
"chr16-0525",-0.233668678207574
"chr16-0526",-0.507700380022598
"chr16-0527",-0.329100571752707
"chr16-0528",-0.224432552111111
"chr16-0529",0.00413111553933944
"chr16-0530",0.0482936680480959
"chr16-0531",0.191680302527364
"chr16-0532",0.197919089825347
"chr16-0533",0.0749679351985519
"chr16-0534",-0.0799877483843871
"chr16-0535",-0.357649307244346
"chr16-0536",-0.220227670251785
"chr16-0537",-0.268462773529225
"chr16-0538",-0.260475318202349
"chr16-0539",-0.251021733760655
"chr16-0540",-0.303640610351473
"chr16-0541",-0.414103722181465
"chr16-0542",-0.34078372429621
"chr16-0543",-0.448831698179105
"chr16-0544",-0.18038781280619
"chr16-0545",-0.243470232888339
"chr16-0546",-0.384031946401989
"chr16-0547",-0.0610473050042282
"chr16-0548",0.00553547264132539
"chr16-0549",-0.0332362378706939
"chr16-0550",-0.018702349190123
"chr16-0551",-0.0867274648294239
"chr16-0552",0.0649522776362652
"chr16-0553",0.0162728735687246
"chr16-0554",-0.0401024867368521
"chr16-0555",0.0999770795183733
"chr16-0556",-0.0544688025894186
"chr16-0557",0.0148728134497446
"chr16-0558",-0.038829837240677
"chr16-0559",0.0914085899531113
"chr16-0560",-0.165234607725603
"chr16-0561",0.0562360497510681
"chr16-0562",0.0355981658779313
"chr16-0563",0.053583385303423
"chr16-0564",-0.0126547141497983
"chr16-0565",0.0309222558214611
"chr16-0566",0.0614244323020286
"chr16-0567",0.166163766814186
"chr16-0568",0.0451190728686938
"chr16-0569",0.0553007907700739
"chr16-0570",0.134781821771296
"chr16-0571",0.0588784165208553
"chr16-0572",0.137242299693375
"chr16-0573",-0.115347105206383
"chr16-0574",0.0256988354798517
"chr16-0575",-0.312979679066411
"chr16-0576",-0.204778747979307
"chr16-0577",-0.294665323119527
"chr16-0578",-0.51333308583517
"chr16-0579",-0.138854251628891
"chr16-0580",-0.386675267412923
"chr16-0581",-0.655218934422458
"chr16-0582",-0.380848907660882
"chr16-0583",-0.315781267726704
"chr16-0584",-0.456709673971052
"chr16-0585",-0.235488417637198
"chr16-0586",-0.777540728790714
"chr16-0587",-0.574850121571058
"chr16-0588",-0.363367589559325
"chr16-0589",-0.402726802346337
"chr16-0590",-0.53178336945782
"chr16-0591",-0.399315137346602
"chr16-0592",-0.106044978902609
"chr16-0593",-0.313563707128446
"chr16-0594",-0.160252201965945
"chr16-0595",-0.244276161367771
"chr16-0596",-0.375180756829481
"chr16-0597",-0.266112434049281
"chr16-0598",-0.217586404637118
"chr16-0599",-0.14399508947014
"chr16-0600",-0.130443032592484
"chr16-0601",-0.11984096283948
"chr16-0602",-0.257769192435959
"chr16-0603",-0.402395250048267
"chr16-0604",-0.346162256330208
"chr16-0605",-0.366590053444598
"chr16-0606",-0.388011669998473
"chr16-0607",-0.2652058415585
"chr16-0608",-0.292043928018832
"chr16-0609",-0.326761160016393
"chr16-0610",-0.162423508388342
"chr16-0611",-0.341189825617933
"chr16-0612",-0.12494650402702
"chr16-0613",-0.36888984751435
"chr16-0614",-0.626759420785176
"chr16-0615",-0.383376165533118
"chr16-0616",-0.0915327159037306
"chr16-0617",-0.37322537726245
"chr16-0618",-0.391070587507528
"chr16-0619",-0.283821319448625
"chr16-0620",-0.240733630097418
"chr16-0621",-0.612380940053994
"chr16-0622",-0.717180408844862
"chr16-0623",-0.301871542178825
"chr16-0624",-0.294663083680673
"chr16-0625",-0.448102644236681
"chr16-0626",-0.220808455207789
"chr16-0627",-0.220955215235711
"chr16-0628",-0.294757198438651
"chr16-0629",-0.331921050062058
"chr16-0630",-0.280563586373622
"chr16-0631",-0.409981725179092
"chr16-0632",-0.165730047377597
"chr16-0633",-0.473276577516997
"chr16-0634",-0.0821762844638641
"chr16-0635",-0.331902126877641
"chr16-0636",-0.14159333657714
"chr16-0637",-0.377863962527796
"chr16-0638",-0.136213088829623
"chr16-0639",-0.176531011559586
"chr16-0640",-0.347666526838609
"chr16-0641",-0.456806431478521
"chr16-0642",-0.25367428358202
"chr16-0643",-0.361942984456548
"chr16-0644",-0.223400405292998
"chr16-0645",-0.193170318149484
"chr16-0646",-0.258142524001886
"chr16-0647",-0.399347536116978
"chr16-0648",-0.366189759313109
"chr16-0649",-0.350655215104577
"chr16-0650",-0.127825280499504
"chr16-0651",-0.433700995027924
"chr16-0652",-0.470366247153
"chr16-0653",-0.39893702131933
"chr16-0654",-0.223683883450039
"chr16-0655",-0.330838148420262
"chr16-0656",-0.220658458106698
"chr16-0657",-0.554345772515026
"chr16-0658",-0.442154154732024
"chr16-0659",-0.448763383977199
"chr16-0660",-0.508008917305381
"chr16-0661",-0.624723302781278
"chr16-0662",-0.453260186744317
"chr16-0663",-0.497132424095693
"chr16-0664",-0.583375397307552
"chr16-0665",-0.426111473408809
"chr16-0666",-0.392584649861977
"chr16-0667",-0.187392346943502
"chr16-0668",-0.589986427566348
"chr16-0669",-0.23709404769592
"chr16-0670",-0.35870863112859
"chr16-0671",-0.440504729266377
"chr16-0672",-0.455356479408094
"chr16-0673",-0.553377026582346
"chr16-0674",-0.378089117629685
"chr16-0675",-0.470864387427575
"chr16-0676",-0.332523896697154
"chr16-0677",-0.582133233194261
"chr16-0678",-0.38939996434284
"chr16-0679",-0.248995474523116
"chr16-0680",-0.360186224761511
"chr16-0681",-0.255657004364129
"chr16-0682",-0.341607832104961
"chr16-0683",-0.604244006979079
"chr16-0684",-0.76063632384991
"chr16-0685",-0.483716841080339
"chr16-0686",-0.354929937125924
"chr16-0687",-0.524472817152767
"chr16-0688",-0.171198955592464
"chr16-0689",-0.479876114873844
"chr16-0690",-0.622281985296701
"chr16-0691",-0.152908377013276
"chr16-0692",-0.10163064160975
"chr16-0693",-0.18158140710346
"chr16-0694",-0.234361712844392
"chr16-0695",-0.0339605149592349
"chr16-0696",-0.292569264831287
"chr16-0697",-0.477902261318865
"chr16-0698",-0.450348926709322
"chr16-0699",-0.313779239015984
"chr16-0700",-0.302261240521838
"chr16-0701",-0.573237189859491
"chr16-0702",-0.618950850627978
"chr16-0703",-0.282184711600545
"chr16-0704",-0.515219170964277
"chr16-0705",-0.547039934892323
"chr16-0706",-0.514501052452769
"chr16-0707",-0.308048430162846
"chr16-0708",-0.509037796891154
"chr16-0709",-0.409201050121765
"chr16-0710",-0.483681323391195
"chr16-0711",-0.477318482525715
"chr16-0712",-0.365548994698831
"chr16-0713",-0.277854218499713
"chr16-0714",-0.400347223999455
"chr16-0715",-0.40519045566578
"chr16-0716",-0.402973632808419
"chr16-0717",-0.280227238038385
"chr16-0718",-0.0529635199079195
"chr16-0719",-0.400495667344608
"chr16-0720",-0.2024214051358
"chr16-0721",-0.238537489750043
"chr16-0722",-0.426554492393409
"chr16-0723",-0.17259002079866
"chr16-0724",-0.250721509928995
"chr16-0725",-0.335988442495819
"chr16-0726",-0.377794401188552
"chr16-0727",-0.417553100325135
"chr16-0728",-0.505581571409094
"chr16-0729",-0.668362354999936
"chr16-0730",-0.721160675655431
"chr16-0731",-0.50171983921189
"chr16-0732",-0.566822599506353
"chr16-0733",-0.677561066988269
"chr16-0734",-0.453927775606901
"chr16-0735",-0.620871727742013
"chr16-0736",-0.54681088077787
"chr16-0737",-0.482079286339948
"chr16-0738",-0.348773928355376
"chr16-0739",-0.537515663094458
"chr16-0740",-0.335365618814476
"chr16-0741",-0.341810770331178
"chr16-0742",-0.604924203691939
"chr16-0743",-0.362495450716841
"chr16-0744",-0.13006224343494
"chr16-0745",-0.206786075129867
"chr16-0746",-0.547989669840317
"chr16-0747",-0.322149100724209
"chr16-0748",-0.409422868215221
"chr16-0749",-0.241089608336897
"chr16-0750",-0.408550118132151
"chr16-0751",-0.510988466211494
"chr16-0752",-0.333980636946143
"chr16-0753",-0.31437884492743
"chr16-0754",-0.291318625718818
"chr16-0755",-0.32184796801578
"chr16-0756",-0.162940493915262
"chr16-0757",-0.0439603627756919
"chr16-0758",-0.496711166531604
"chr16-0759",-0.347389555615655
"chr16-0760",-0.265949048844944
"chr16-0761",-0.390568434557696
"chr16-0762",-0.387752189701553
"chr16-0763",-0.572348754921537
"chr16-0764",-0.327368448788318
"chr16-0765",-0.405241294586491
"chr16-0766",-0.245295243834734
"chr16-0767",-0.317837211074919
"chr16-0768",-0.290790095315971
"chr16-0769",-0.219720099853284
"chr16-0770",-0.23041764980303
"chr16-0771",-0.246038167246537
"chr16-0772",-0.126297765660209
"chr16-0773",-0.312743662777449
"chr16-0774",-0.290652855608564
"chr16-0775",-0.195038089467399
"chr16-0776",-0.308936856880748
"chr16-0777",-0.1048557121652
"chr16-0778",-0.244985434170104
"chr16-0779",-0.256568086419159
"chr16-0780",-0.37398802171485
"chr16-0781",-0.570628939475854
"chr16-0782",-0.463554880561709
"chr16-0783",-0.477451732206409
"chr16-0784",-0.398334097593231
"chr16-0785",-0.473464066929586
"chr16-0786",-0.685656588372927
"chr16-0787",-0.682687658817322
"chr16-0788",-0.352319430798914
"chr16-0789",-0.203243312638941
"chr16-0790",-0.186157524607978
"chr16-0791",-0.336243332632609
"chr16-0792",-0.379468079544403
"chr16-0793",-0.271915966398889
"chr16-0794",-0.241581689583451
"chr16-0795",-0.244869190995728
"chr16-0796",-0.331100806613475
"chr16-0797",-0.434756252093966
"chr16-0798",-0.302793600359995
"chr16-0799",-0.543522673225915
"chr16-0800",-0.30866782343323
"chr16-0801",-0.263391296142213
"chr16-0802",-0.536639045297697
"chr16-0803",-0.377290086823907
"chr16-0804",-0.392865156926898
"chr16-0805",-0.275835452955171
"chr16-0806",-0.306093336232039
"chr16-0807",-0.224539259665862
"chr16-0808",-0.56493777559391
"chr16-0809",-0.528074136984785
"chr16-0810",-0.379773685485574
"chr16-0811",-0.440874526752112
"chr16-0812",-0.309983880772598
"chr16-0813",-0.288023637059776
"chr16-0814",-0.390700938392219
"chr16-0815",-0.378950816534858
"chr16-0816",-0.462554010239526
"chr16-0817",-0.3387174332142
"chr16-0818",-0.181744790598357
"chr16-0819",-0.181883307543146
"chr16-0820",-0.205182072606508
"chr16-0821",-0.372682017858038
"chr16-0822",-0.218874057195549
"chr16-0823",-0.46036466220912
"chr16-0824",-0.561429591168069
"chr16-0825",-0.388919451142675
"chr16-0826",-0.395134896396035
"chr16-0827",-0.542257019546378
"chr16-0828",-0.304250092773735
"chr16-0829",-0.384013142423025
"chr16-0830",-0.287844016522667
"chr16-0831",-0.378659545938379
"chr16-0832",-0.480723219085346
"chr16-0833",-0.286986918842389
"chr16-0834",-0.318601717893183
"chr16-0835",-0.445430826514122
"chr16-0836",-0.50560568835242
"chr16-0837",-0.0822898459073267
"chr16-0838",-0.338880898034909
"chr16-0839",-0.627025267473733
"chr16-0840",-0.322246808326682
"chr16-0841",-0.24910742770733
"chr16-0842",-0.194639648759079
"chr16-0843",-0.239592763658214
"chr16-0844",-0.39234099033305
"chr16-0845",-0.270189615951811
"chr16-0846",-0.287423903416171
"chr16-0847",-0.257190318028457
"chr16-0848",-0.25265014824231
"chr16-0849",-0.252781333691699
"chr16-0850",-0.501933485529068
"chr16-0851",-0.242110806084503
"chr16-0852",-0.261450869728442
"chr16-0853",-0.195966998588592
"chr16-0854",-0.328081267628218
"chr16-0855",-0.15823092276167
"chr16-0856",-0.276814738760324
"chr16-0857",-0.181863346688129
"chr16-0858",-0.554644938271081
"chr16-0859",-0.423650491238557
"chr16-0860",-0.247586818232503
"chr16-0861",-0.175998124586727
"chr16-0862",-0.217345555448404
"chr16-0863",-0.156379139509313
"chr16-0864",-0.258028049582376
"chr16-0865",-0.493562119792366
"chr16-0866",-0.257522639910605
"chr16-0867",-0.387710852459799
"chr16-0868",-0.247041417468518
"chr16-0869",-0.480747170235277
"chr16-0870",-0.413738373589184
"chr16-0871",-0.377566768195968
"chr16-0872",-0.419884722671819
"chr16-0873",-0.296704897521477
"chr16-0874",-0.243218594198779
"chr16-0875",-0.198962028852164
"chr16-0876",-0.295129764719165
"chr16-0877",-0.280416512519649
"chr16-0878",-0.233823998678714
"chr16-0879",-0.194282449149166
"chr16-0880",-0.241994217083829
"chr16-0881",-0.305651542610179
"chr16-0882",-0.121927707708445
"chr16-0883",-0.161983419157698
"chr16-0884",0.00367880604718908
"chr16-0885",-0.21507597880198
"chr16-0886",-0.26383039663239
"chr16-0887",-0.289016234492928
"chr16-0888",-0.396148515686363
"chr16-0889",-0.287570570928197
"chr16-0890",-0.304329596025618
"chr16-0891",-0.411586282108017
"chr16-0892",-0.389181207243658
"chr16-0893",-0.252371059286381
"chr16-0894",-0.281717378105595
"chr16-0895",-0.297266973447561
"chr16-0896",-0.416165266464925
"chr16-0897",-0.44128040491615
"chr16-0898",-0.358254159521013
"chr16-0899",-0.260937771725256
"chr16-0900",-0.350087419183723
"chr16-0901",-0.26915400161451
"chr16-0902",-0.252109191400699
"chr16-0903",-0.185607642890583
"chr16-0904",-0.118599069301857
"chr16-0905",-0.407810913643629
"chr16-0906",-0.121231393621922
"chr16-0907",-0.361489810645777
"chr16-0908",-0.384236136249211
"chr16-0909",-0.420446917470463
"chr16-0910",-0.287647385255682
"chr16-0911",-0.567266690796378
"chr16-0912",-0.262487996399714
"chr16-0913",-0.228797652042023
"chr16-0914",-0.221464615920874
"chr16-0915",-0.382371253180572
"chr16-0916",-0.540628728580295
"chr16-0917",-0.13279544462444
"chr16-0918",-0.180475230561082
"chr16-0919",-0.48678975682765
"chr16-0920",-0.389751081816669
"chr16-0921",-0.503828768277517
"chr16-0922",-0.284379940315025
"chr16-0923",-0.162723179280781
"chr16-0924",-0.14184062475931
"chr16-0925",0.0487789285297406
"chr16-0926",-0.181531569397223
"chr16-0927",-0.267300491345703
"chr16-0928",-0.168642646269102
"chr16-0929",-0.289819823912703
"chr16-0930",-0.200120932728721
"chr16-0931",-0.0951331921856568
"chr16-0932",-0.18340255717524
"chr16-0933",-0.184374273148633
"chr16-0934",-0.283550717324308
"chr16-0935",0.0111863591531068
"chr16-0936",-0.221133016117795
"chr16-0937",-0.16585170840592
"chr16-0938",-0.00650425379837855
"chr16-0939",0.0281483811999214
"chr16-0940",-0.175732094728664
"chr16-0941",-0.261651502381988
"chr16-0942",-0.194768025730332
"chr16-0943",-0.417604897619316
"chr16-0944",-0.414055850573093
"chr16-0945",-0.216503075392793
"chr16-0946",-0.240555975137933
"chr16-0947",-0.235392765583512
"chr16-0948",-0.0775992378961065
"chr16-0949",-0.128345053074253
"chr16-0950",-0.126969193786598
"chr16-0951",-0.254026281426335
"chr16-0952",-0.16698206237179
"chr16-0953",-0.28259778095146
"chr16-0954",-0.152000908968746
"chr16-0955",-0.118636996501291
"chr16-0956",-0.218266374460514
"chr16-0957",-0.139555417351778
"chr16-0958",-0.135120727572957
"chr16-0959",-0.191060124621148
"chr16-0960",-0.35509172835552
"chr16-0961",-0.186008523888596
"chr16-0962",-0.245798487999548
"chr16-0963",-0.24936994558242
"chr16-0964",-0.164524950903043
"chr16-0965",-0.0950284387788061
"chr16-0966",-0.11110713030249
"chr16-0967",-0.351407059650551
"chr16-0968",-0.105327607954833
"chr16-0969",-0.389230531568828
"chr16-0970",-0.0571217694581979
"chr16-0971",-0.202957376331791
"chr16-0972",-0.131768632717257
"chr16-0973",-0.113207783922533
"chr16-0974",-0.311633242568655
"chr16-0975",-0.183287780717403
"chr16-0976",-0.603729473383064
"chr16-0977",-0.209159389638886
"chr16-0978",-0.361341152160747
"chr16-0979",-0.315019063383312
"chr16-0980",-0.187532519893136
"chr16-0981",-0.151069984639339
"chr16-0982",-0.496154255537989
"chr16-0983",-0.182428647569021
"chr16-0984",-0.315111612907593
"chr16-0985",-0.0935126459420835
"chr16-0986",-0.16896745267949
"chr16-0987",-0.355391405128481
"chr16-0988",-0.369237454596658
"chr16-0989",-0.232515178789626
"chr16-0990",-0.254860622539721
"chr16-0991",-0.237592352240486
"chr16-0992",-0.255730412190665
"chr16-0993",-0.31259604457182
"chr16-0994",-0.275460181600444
"chr16-0995",-0.295240014030214
"chr16-0996",-0.417190286100463
"chr16-0997",-0.197217821866136
"chr17-0001",0.0936692608360005
"chr17-0002",-0.0269249205665973
"chr17-0003",0.0198500338135905
"chr17-0004",0.0950175894793741
"chr17-0005",0.119524330833214
"chr17-0006",0.12403249530951
"chr17-0007",0.0123910953870876
"chr17-0008",-0.0250385622169072
"chr17-0009",0.0992192045727661
"chr17-0010",0.0776880298944738
"chr17-0011",0.0117823032432815
"chr17-0012",0.114692285246685
"chr17-0013",0.010156310218416
"chr17-0014",0.182836129050153
"chr17-0015",-0.103915248196644
"chr17-0016",-0.0780944955736898
"chr17-0017",-0.0396330686669453
"chr17-0018",0.298930276153088
"chr17-0019",-0.0614464774918824
"chr17-0020",-0.0134724522884886
"chr17-0021",-0.00943308481480589
"chr17-0022",0.0562404946310825
"chr17-0023",-0.215690695001049
"chr17-0024",-0.207947975720397
"chr17-0025",-0.0553391144862541
"chr17-0026",-0.0657989812586032
"chr17-0027",0.0479104412216177
"chr17-0028",0.132507463559132
"chr17-0029",0.0331461535317864
"chr17-0030",-0.00536519169889184
"chr17-0031",-0.0343863822179341
"chr17-0032",0.142746248934177
"chr17-0033",-0.0462041309719274
"chr17-0034",0.00146891106173502
"chr17-0035",-0.0777612146844806
"chr17-0036",-0.185890059777558
"chr17-0037",0.0319807209769103
"chr17-0038",-0.0774541456361819
"chr17-0039",-0.122842978526022
"chr17-0040",-0.279141865543919
"chr17-0041",-0.108460895862784
"chr17-0042",-0.0373837475786509
"chr17-0043",0.0617788748273371
"chr17-0044",-0.0573849528915913
"chr17-0045",-0.00621584723867828
"chr17-0046",0.00154680011832269
"chr17-0047",0.116718986813844
"chr17-0048",0.0486052445100823
"chr17-0049",-0.0791658012467807
"chr17-0050",-0.16747673872739
"chr17-0051",0.0749508253535825
"chr17-0052",0.0462011642295034
"chr17-0053",-0.0921718894346268
"chr17-0054",-0.235792728745016
"chr17-0055",-0.0629819616230355
"chr17-0056",0.0377444625607319
"chr17-0057",-0.108084299475808
"chr17-0058",-0.00402108902085099
"chr17-0059",0.0413603952663015
"chr17-0060",0.000515390480207012
"chr17-0061",-0.00184669192742641
"chr17-0062",0.201727060413795
"chr17-0063",0.150393287005111
"chr17-0064",0.128238220216022
"chr17-0065",0.0903855731279515
"chr17-0066",0.0808285619381701
"chr17-0067",0.175719062885366
"chr17-0068",0.155733485890572
"chr17-0069",0.0187337258037209
"chr17-0070",-0.199750763832883
"chr17-0071",-0.245629594735548
"chr17-0072",0.13380362179191
"chr17-0073",-0.158786422463345
"chr17-0074",0.0780632962856467
"chr17-0075",-0.0761375769971721
"chr17-0076",0.00426528231967563
"chr17-0077",0.0396587402484987
"chr17-0078",-0.0305737035513431
"chr17-0079",0.0105843650960992
"chr17-0080",-0.142058254623224
"chr17-0081",-0.209936442115133
"chr17-0082",-0.202805877747186
"chr17-0083",0.112904540859996
"chr17-0084",-0.200520918788189
"chr17-0085",0.00937825383155273
"chr17-0086",-0.00929551236609241
"chr17-0087",0.0391617413950331
"chr17-0088",-0.0731685930022811
"chr17-0089",-0.0213843881714715
"chr17-0090",-0.0527043865571345
"chr17-0091",0.00897142121903011
"chr17-0092",-0.0650009874269192
"chr17-0093",0.0212702556397402
"chr17-0094",-0.0722567828129614
"chr17-0095",-0.00360593066898223
"chr17-0096",0.0227367658679916
"chr17-0097",0.046859229909692
"chr17-0098",0.0834982288564126
"chr17-0099",0.0520259275509822
"chr17-0100",0.185266734917665
"chr17-0101",0.0597253181280987
"chr17-0102",-0.101035425251416
"chr17-0103",0.111515097993639
"chr17-0104",0.210115566338701
"chr17-0105",-0.0255964780800606
"chr17-0106",-0.096806252901256
"chr17-0107",-0.118442864426243
"chr17-0108",-0.0029892493970412
"chr17-0109",0.0721619729452081
"chr17-0110",-0.11879549299564
"chr17-0111",0.0511085671107852
"chr17-0112",-0.0521512144608519
"chr17-0113",-0.168420511572002
"chr17-0114",-0.0629483698381208
"chr17-0115",-0.221575551017507
"chr17-0116",-0.194941193469589
"chr17-0117",0.0506084801072793
"chr17-0118",-0.0520872313986512
"chr17-0119",0.227480391315434
"chr17-0120",0.042969875133964
"chr17-0121",-0.035988478611569
"chr17-0122",-0.0257682905864154
"chr17-0123",0.162826515181299
"chr17-0124",0.0371582784042164
"chr17-0125",-0.266294089875795
"chr17-0126",-0.106900570992252
"chr17-0127",0.00972834562351715
"chr17-0128",-0.0508393316963182
"chr17-0129",0.00859650405016704
"chr17-0130",-0.0557293342651906
"chr17-0131",0.0949977119508613
"chr17-0132",0.0631764393391646
"chr17-0133",-0.0615148255615124
"chr17-0134",0.0878929232662736
"chr17-0135",-0.0760238234072377
"chr17-0136",-0.0404428188653456
"chr17-0137",0.00683609682861284
"chr17-0138",-0.0591072762690711
"chr17-0139",-0.118287997231303
"chr17-0140",-0.259519993660911
"chr17-0141",0.076214399144468
"chr17-0142",-0.0219502410441273
"chr17-0143",-0.00398581555255444
"chr17-0144",0.138297144339225
"chr17-0145",0.0613331911250851
"chr17-0146",-0.0121329781574863
"chr17-0147",0.0506968580935753
"chr17-0148",0.00543781758798575
"chr17-0149",0.0326350243073997
"chr17-0150",0.0357916126951694
"chr17-0151",0.140795222532636
"chr17-0152",0.0299103532843298
"chr17-0153",-0.12981882530742
"chr17-0154",-0.137245072342664
"chr17-0155",-0.0648611012505999
"chr17-0156",-0.151004068625297
"chr17-0157",-0.0238067427660102
"chr17-0158",0.0569467433669451
"chr17-0159",0.00638794146472342
"chr17-0160",0.00169018197124488
"chr17-0161",-0.0141655354534126
"chr17-0162",-0.05699102678802
"chr17-0163",0.00425146055393502
"chr17-0164",0.141541842958094
"chr17-0165",-0.0565919207546678
"chr17-0166",0.0199963113873038
"chr17-0167",-0.0989777096911129
"chr17-0168",-0.178219726310669
"chr17-0169",0.0244632160543608
"chr17-0170",0.0197381666291446
"chr17-0171",0.029096720842249
"chr17-0172",0.0527457988946567
"chr17-0173",-0.0997126423144599
"chr17-0174",-0.245290060267783
"chr17-0175",-0.163482377628645
"chr17-0176",-0.0560455712749812
"chr17-0177",0.0114271355582049
"chr17-0178",-0.116233137386204
"chr17-0179",0.0381780145297174
"chr17-0180",0.00281183602285911
"chr17-0181",-0.0159602308649224
"chr17-0182",0.125014461746813
"chr17-0183",0.0318421786109446
"chr17-0184",-0.0388819504254461
"chr17-0185",-0.169267206116128
"chr17-0186",-0.14879268291182
"chr17-0187",-0.03640637403643
"chr17-0188",0.0685926632264994
"chr17-0189",-0.0063042747995527
"chr17-0190",0.104154603005583
"chr17-0191",-0.0179269248887792
"chr17-0192",-0.15567723854507
"chr17-0193",-0.0889185741545712
"chr17-0194",-0.196470954084701
"chr17-0195",-0.180519875704575
"chr17-0196",-0.144490969276808
"chr17-0197",-0.061275578945329
"chr17-0198",0.0278633851639977
"chr17-0199",0.126482930648791
"chr17-0200",0.0976748401500969
"chr17-0201",0.0160495713777863
"chr17-0202",-0.161615093403864
"chr17-0203",0.0670158996158459
"chr17-0204",-0.0420143083280287
"chr17-0205",0.106065561175808
"chr17-0206",-0.0694485435345881
"chr17-0207",0.0876646331910272
"chr17-0208",0.131703395508693
"chr17-0209",0.022939574673585
"chr17-0210",0.0170964163119291
"chr17-0211",0.137092369842312
"chr17-0212",0.0789062966882089
"chr17-0213",0.142502815554809
"chr17-0214",0.0289747054850505
"chr17-0215",0.0869997586813876
"chr17-0216",0.115601648044069
"chr17-0217",0.0675223771084409
"chr17-0218",-0.0162897667536482
"chr17-0219",0.0429307911717983
"chr17-0220",0.140260261841236
"chr17-0221",0.091882778998474
"chr17-0222",-0.00701050276359473
"chr17-0223",0.199013274610718
"chr17-0224",0.138226364331879
"chr17-0225",-0.0437369238354648
"chr17-0226",0.00436664651743167
"chr17-0227",0.029463634981629
"chr17-0228",-0.0860930367410389
"chr17-0229",0.0754045470086124
"chr17-0230",0.0340123327222345
"chr17-0231",0.100334876813116
"chr17-0232",0.167886178632411
"chr17-0233",0.0932392995046497
"chr17-0234",-0.0209787637613588
"chr17-0235",0.0965529717836703
"chr17-0236",0.0737346313043841
"chr17-0237",-0.014842939238108
"chr17-0238",0.165568649674804
"chr17-0239",0.152952180743853
"chr17-0240",0.171625588694586
"chr17-0241",-0.0628057306067671
"chr17-0242",0.153848662191915
"chr17-0243",0.137786146103136
"chr17-0244",0.124859142739151
"chr17-0245",0.129137233414949
"chr17-0246",0.0675031013344292
"chr17-0247",0.0942816363061114
"chr17-0248",0.0681795100007233
"chr17-0249",0.0690708952739392
"chr17-0250",0.077019075689307
"chr17-0251",-0.0281319300318048
"chr17-0252",-0.0822041920677501
"chr17-0253",-0.0290572657239326
"chr17-0254",-0.0435541595283459
"chr17-0255",-0.0212976601153668
"chr17-0256",0.0804016211902489
"chr17-0257",0.117120183178718
"chr17-0258",0.0898595340892257
"chr17-0259",-0.208902794069505
"chr17-0260",-0.0499623338488056
"chr17-0261",0.087496022541117
"chr17-0262",-0.128988306441373
"chr17-0263",-0.195344883669202
"chr17-0264",-0.00806082279021615
"chr17-0265",0.00890277042385242
"chr17-0266",-0.0717451065641876
"chr17-0267",0.13529038490871
"chr17-0268",0.0310498421241741
"chr17-0269",-0.131839392753122
"chr17-0270",0.0214803332249928
"chr17-0271",-0.00954720912744521
"chr17-0272",0.121727153151508
"chr17-0273",0.176101088491599
"chr17-0274",0.221649456496592
"chr17-0275",-0.0692666194092802
"chr17-0276",-0.0906613066655948
"chr17-0277",0.0178505369171045
"chr17-0278",-0.229824776547867
"chr17-0279",0.0629368209439965
"chr17-0280",0.132511778988978
"chr17-0281",0.0135045822793158
"chr17-0282",-0.0165777447324023
"chr17-0283",-0.00759504824194839
"chr17-0284",0.124648305161934
"chr17-0285",0.0725465775023718
"chr17-0286",0.116195449301573
"chr17-0287",0.0452352036491667
"chr17-0288",0.169960535090505
"chr17-0289",0.150395635161683
"chr17-0290",0.0611688130420682
"chr17-0291",0.0146080159293865
"chr17-0292",0.0234947924424029
"chr17-0293",0.102274936398051
"chr17-0294",-0.139206426991622
"chr17-0295",0.0165815034058529
"chr17-0296",-0.0450320993767874
"chr17-0297",-0.0351992644906641
"chr17-0298",0.116105613868094
"chr17-0299",-0.0463564917808291
"chr17-0300",-0.0124912785631842
"chr17-0301",0.0628346211418496
"chr17-0302",0.0178767158757756
"chr17-0303",-0.0123808804034366
"chr17-0304",0.0404027390853605
"chr17-0305",-0.156137096785538
"chr17-0306",-0.0125620241398461
"chr17-0307",-1.95752539807726e-05
"chr17-0308",-0.0266941643470703
"chr17-0309",-0.0204734913671268
"chr17-0310",0.112322332582753
"chr17-0311",0.0705925518252211
"chr17-0312",0.081649905522699
"chr17-0313",0.0500258136147946
"chr17-0314",-0.0343760350267031
"chr17-0315",0.107876456291109
"chr17-0316",-0.0616962795014913
"chr17-0317",0.00742933785769008
"chr17-0318",-0.0407912174225227
"chr17-0319",0.0976727463736302
"chr17-0320",0.0749475091810159
"chr17-0321",0.0459692086312171
"chr17-0322",-0.00231936528514665
"chr17-0323",-0.132944228324845
"chr17-0324",0.114534687856141
"chr17-0325",0.166721874043537
"chr17-0326",0.00716753890948735
"chr17-0327",0.0543212717971771
"chr17-0328",0.0943654930266003
"chr17-0329",-0.00719351502081072
"chr17-0330",0.025883044356133
"chr17-0331",0.0333406512571937
"chr17-0332",-0.254059779229321
"chr17-0333",-0.0755141444517354
"chr17-0334",0.0349098507725912
"chr17-0335",0.118456178347412
"chr17-0336",0.0615888166145746
"chr17-0337",0.143948314340719
"chr17-0338",0.0520656307045664
"chr17-0339",0.180019734271607
"chr17-0340",0.250124377603884
"chr17-0341",0.144623188081546
"chr17-0342",-0.111637096636043
"chr17-0343",-0.00570018879595064
"chr17-0344",0.0898868957930988
"chr17-0345",-0.0428835123560072
"chr17-0346",0.0685637024287993
"chr17-0347",0.0894277445475687
"chr17-0348",-0.15851626193209
"chr17-0349",-0.127515471019882
"chr17-0350",0.0512925166209478
"chr17-0351",0.0845195915281644
"chr17-0352",-0.060380062618655
"chr17-0353",-0.0124865934566846
"chr17-0354",-0.0182641447804937
"chr17-0355",-0.0615340403248779
"chr17-0356",0.00593778978838972
"chr17-0357",0.0381873976805938
"chr17-0358",0.135708855491649
"chr17-0359",-0.0248306828833942
"chr17-0360",0.0651651299349902
"chr17-0361",-0.0701524460682541
"chr17-0362",0.00807641980104304
"chr17-0363",0.0723159013258745
"chr17-0364",0.0113787232413368
"chr17-0365",0.000409441906641145
"chr17-0366",0.0265562869016104
"chr17-0367",0.0489184664386917
"chr17-0368",-0.0115838007829849
"chr17-0369",0.00222431040836128
"chr17-0370",0.0122504827459713
"chr17-0371",-0.499081593251084
"chr17-0372",-0.121495309020644
"chr17-0373",0.0734858566957094
"chr17-0374",0.0378866669315554
"chr17-0375",-0.015232662734294
"chr17-0376",-0.0461121703431697
"chr17-0377",0.00444065561411987
"chr17-0378",-0.149055416177072
"chr17-0379",-0.0658186886406513
"chr17-0380",0.146537158653025
"chr17-0381",0.0013198552906451
"chr17-0382",0.106554252418714
"chr17-0383",0.144417305385283
"chr17-0384",-0.0268508306204608
"chr17-0385",0.154031030732148
"chr17-0386",0.131431944167579
"chr17-0387",-0.00943202887060357
"chr17-0388",-0.016334216217414
"chr17-0389",0.0359329105856925
"chr17-0390",-0.014651124932621
"chr17-0391",0.037381959149756
"chr17-0392",-0.0796093633765402
"chr17-0393",0.147722455909648
"chr17-0394",-0.0383861669939931
"chr17-0395",-0.0565195155728563
"chr17-0396",0.0376278960020065
"chr17-0397",0.0222746637217869
"chr17-0398",0.0762350155225108
"chr17-0399",-0.0439432287374415
"chr17-0400",-0.0882784911266832
"chr17-0401",-0.122644660608233
"chr17-0402",0.0536977575883874
"chr17-0403",-0.113491046623815
"chr17-0404",0.106586273753425
"chr17-0405",-0.0425834328562114
"chr17-0406",0.0245529845697989
"chr17-0407",0.0868504623523091
"chr17-0408",0.0184009847175572
"chr17-0409",-0.0863620486352477
"chr17-0410",0.0366818500888261
"chr17-0411",-0.182044269402115
"chr17-0412",-0.141724197489339
"chr17-0413",0.00866907150437363
"chr17-0414",-0.0486169270322201
"chr17-0415",-0.138286804918757
"chr17-0416",-0.0462888853214982
"chr17-0417",0.180869736100721
"chr17-0418",-0.0519481736909719
"chr17-0419",0.0940708869232221
"chr17-0420",0.050315629427549
"chr17-0421",0.102907790187552
"chr17-0422",0.116405967043861
"chr17-0423",0.048249640554708
"chr17-0424",0.129392499389065
"chr17-0425",0.086884371680803
"chr17-0426",0.147102272513603
"chr17-0427",0.035016120231785
"chr17-0428",-0.00966498958577804
"chr17-0429",-0.00979586756491143
"chr17-0430",-0.0349718844099085
"chr17-0431",-0.0559554669720198
"chr17-0432",-0.0117620824018267
"chr17-0433",0.0549160404855538
"chr17-0434",-0.0909143584589548
"chr17-0435",-0.10098915212015
"chr17-0436",-0.0280505925858589
"chr17-0437",0.0895432025439365
"chr17-0438",-0.0133926331828291
"chr17-0439",-0.12390457288782
"chr17-0440",-0.0110472046664276
"chr17-0441",-0.00132909302188646
"chr17-0442",-0.0766243645855594
"chr17-0443",-0.0953283666600629
"chr17-0444",-0.211277537890897
"chr17-0445",-0.0108185341260503
"chr17-0446",-0.16816854629572
"chr17-0447",-0.0318237128824955
"chr17-0448",0.0461044908494251
"chr17-0449",-0.379603302971812
"chr17-0450",-0.0961053598347444
"chr17-0451",-0.0709719297232523
"chr17-0452",-0.00601273949702203
"chr17-0453",0.0338909815148324
"chr17-0454",0.045910855930146
"chr17-0455",0.0833476860718889
"chr17-0456",-0.0245257262944642
"chr17-0457",-0.0346149506768803
"chr17-0458",-0.129563102472554
"chr17-0459",0.11155963912867
"chr17-0460",0.236422827155312
"chr17-0461",0.0726082528606448
"chr17-0462",-0.074720142834786
"chr17-0463",0.0719490501538013
"chr17-0464",0.190364248500114
"chr17-0465",0.0509110957909851
"chr17-0466",0.0601064766593246
"chr17-0467",-0.11904958903449
"chr17-0468",0.0982184854384412
"chr17-0469",-0.0844655996567804
"chr17-0470",-0.202775612338508
"chr17-0471",0.0750407818702209
"chr17-0472",0.0307804766836297
"chr17-0473",0.0468526604462619
"chr17-0474",0.101083470257987
"chr17-0475",0.148946728657838
"chr17-0476",-0.12407161233174
"chr17-0477",0.0391244367732097
"chr17-0478",0.0792419377459092
"chr17-0479",0.0367762939326577
"chr17-0480",0.0345541679624389
"chr17-0481",-0.40472748005994
"chr17-0482",-0.114411851556834
"chr17-0483",-0.197822212647976
"chr17-0484",-0.0639426582682817
"chr17-0485",-0.0308068568859582
"chr17-0486",0.053658366701115
"chr17-0487",0.138812317087174
"chr17-0488",-0.130470700212913
"chr17-0489",-0.102654311883147
"chr17-0490",-0.145809886788505
"chr17-0491",0.223102972493578
"chr17-0492",0.0822595496385622
"chr17-0493",0.0927996897060116
"chr17-0494",0.0386795247161704
"chr17-0495",-0.144640414797674
"chr17-0496",0.00921732830911695
"chr17-0497",-0.110046460027496
"chr17-0498",0.0418944876756172
"chr17-0499",0.266265448616427
"chr17-0500",-0.166640224104146
"chr17-0501",0.0307229300059568
"chr17-0502",0.0550001859209188
"chr17-0503",-0.035358958086249
"chr17-0504",-0.010617503401059
"chr17-0505",0.0628312494602227
"chr17-0506",0.0835894737727791
"chr17-0507",-0.225922011051634
"chr17-0508",0.0122980941574572
"chr17-0509",-0.218281542947509
"chr17-0510",0.021232549974127
"chr17-0511",0.0151905290028338
"chr17-0512",0.0250449722010474
"chr17-0513",0.0296202668165975
"chr17-0514",-0.0796640394483
"chr17-0515",-0.0772309409235434
"chr17-0516",-0.0222395258372935
"chr17-0517",0.0190671462921125
"chr17-0518",0.0631048580052045
"chr17-0519",0.0525875380526747
"chr17-0520",0.0647342278166965
"chr17-0521",0.140189903209588
"chr17-0522",0.16723118752067
"chr17-0523",0.15580269911865
"chr17-0524",0.128079460559135
"chr17-0525",0.194808524844945
"chr17-0526",0.117506022159057
"chr17-0527",0.212704409093815
"chr17-0528",0.259140326452143
"chr17-0529",-0.00219623741675472
"chr17-0530",0.0870791867691425
"chr17-0531",0.126815890278838
"chr17-0532",0.115263591222717
"chr17-0533",-0.0801508968185226
"chr17-0534",0.0252262927229276
"chr17-0535",-0.0486433834232326
"chr17-0536",0.0470962245311902
"chr17-0537",-0.0985852853135658
"chr17-0538",-0.0560112111429006
"chr17-0539",-0.00337691825919837
"chr17-0540",0.0182659409128718
"chr17-0541",-0.300159508834155
"chr17-0542",-0.0890200941471576
"chr17-0543",-0.0889246375278848
"chr17-0544",0.132365851291328
"chr17-0545",0.0123945334402094
"chr17-0546",-0.0269650026912472
"chr17-0547",0.00590597151961583
"chr17-0548",-0.344639081884889
"chr17-0549",0.117824051043488
"chr17-0550",-0.0497101086988422
"chr17-0551",0.0660814538092742
"chr17-0552",-0.087093130252546
"chr17-0553",-0.0416487922159357
"chr17-0554",-0.14853260640581
"chr17-0555",-0.0111325087273548
"chr17-0556",0.0335433108481146
"chr17-0557",-0.058332436220748
"chr17-0558",0.000679615936705676
"chr17-0559",-0.273453698184249
"chr17-0560",-0.131651662855157
"chr17-0561",-0.126958347813489
"chr17-0562",0.0124970362389463
"chr17-0563",-0.0876491545030145
"chr17-0564",0.00363845033035871
"chr17-0565",-0.0828010086664386
"chr17-0566",-0.141036230387949
"chr17-0567",0.056181496693248
"chr17-0568",0.0809124117763884
"chr17-0569",0.0154526291783901
"chr17-0570",-0.123951798388874
"chr17-0571",-0.13236494764591
"chr17-0572",0.0313562893648072
"chr17-0573",-0.147908611782182
"chr17-0574",-0.200496178964826
"chr17-0575",-0.204662030670081
"chr17-0576",-0.140177177261674
"chr17-0577",0.0129887427854846
"chr17-0578",-0.147065756546482
"chr17-0579",-0.0775268440950864
"chr17-0580",-0.0203672559824921
"chr17-0581",-0.0845607987139485
"chr17-0582",-0.0743201849566435
"chr17-0583",-0.0530290163781705
"chr17-0584",-0.210867944528013
"chr17-0585",-0.0446582373652002
"chr17-0586",-0.186690232583578
"chr17-0587",0.0172016376743112
"chr17-0588",0.0496201954231457
"chr17-0589",0.140087790759363
"chr17-0590",0.0682846794385449
"chr17-0591",-0.0049859935907871
"chr17-0592",-0.127158904033077
"chr17-0593",-0.0649889881294711
"chr17-0594",-0.103090553286631
"chr17-0595",-0.105023612251311
"chr17-0596",-0.105820664401946
"chr17-0597",-0.159482072258624
"chr17-0598",0.0334928107011563
"chr17-0599",0.134251613116822
"chr17-0600",-0.16524001969539
"chr17-0601",-0.036151137439162
"chr17-0602",-0.0913515832605076
"chr17-0603",0.150607820770958
"chr17-0604",0.0468346258359435
"chr17-0605",-0.0981532084209
"chr17-0606",0.00350530714142253
"chr17-0607",-0.0910436102765126
"chr17-0608",-0.295624022406411
"chr17-0609",0.0686615871964235
"chr17-0610",0.113636312142362
"chr17-0611",-0.148856236361529
"chr17-0612",0.00155415782303607
"chr17-0613",0.00756904310485023
"chr17-0614",-0.054624097510518
"chr17-0615",0.0302528568977937
"chr17-0616",-0.233767271163594
"chr17-0617",-0.0536284407260615
"chr17-0618",-0.000698060729243021
"chr17-0619",-0.100907443132745
"chr17-0620",0.0206659606334607
"chr17-0621",0.0363260654879586
"chr17-0622",-0.0751406702749447
"chr17-0623",-0.0602531954766249
"chr17-0624",0.0438633280552092
"chr17-0625",0.0351429682461498
"chr17-0626",-0.0235607790803193
"chr17-0627",-0.154579638263887
"chr17-0628",-0.0618043074554886
"chr17-0629",-0.0963745990361895
"chr17-0630",0.0158983991720285
"chr17-0631",0.0200109782477349
"chr17-0632",0.0862732958578903
"chr17-0633",-0.0377392199241207
"chr17-0634",-0.0787828306215745
"chr17-0635",0.117365665406067
"chr17-0636",0.101671393289161
"chr17-0637",0.0506965909914912
"chr17-0638",0.0176826521510906
"chr17-0639",-0.0572595523682433
"chr17-0640",-0.0497114281580454
"chr17-0641",-0.0835677889134813
"chr17-0642",-0.0922482588826703
"chr17-0643",-0.0879753251572525
"chr17-0644",-0.0361249827487073
"chr17-0645",-0.0488299291123671
"chr17-0646",-0.0919777150460065
"chr17-0647",0.0571606570181419
"chr17-0648",0.0977810453081557
"chr17-0649",0.018355231669769
"chr17-0650",0.0962940448887114
"chr17-0651",0.150690497228416
"chr17-0652",-0.045078630103972
"chr17-0653",0.018735899915425
"chr17-0654",-0.148908843974234
"chr17-0655",0.0971439375704324
"chr17-0656",-0.0432920812182259
"chr17-0657",0.017689666010411
"chr17-0658",-0.0844768170635866
"chr17-0659",-0.280737860512016
"chr17-0660",0.010005160702938
"chr17-0661",0.0570927181630994
"chr17-0662",-0.0592132223145152
"chr17-0663",0.271712967638243
"chr17-0664",0.115561890748101
"chr17-0665",-0.137581445508738
"chr17-0666",0.0365886937125791
"chr17-0667",0.115014317719888
"chr17-0668",0.0684465375093504
"chr17-0669",0.0263692103226003
"chr17-0670",-0.0354590044913413
"chr17-0671",0.114339670792728
"chr17-0672",-0.11126435970486
"chr17-0673",-0.234037245566672
"chr17-0674",0.00231831222348477
"chr17-0675",-0.221553159386679
"chr17-0676",-0.335233069075674
"chr17-0677",0.00978367000686907
"chr17-0678",-0.192408180644197
"chr17-0679",0.0565259907267254
"chr17-0680",-0.0227143322091107
"chr17-0681",-0.117647133993253
"chr17-0682",-0.0101843129922753
"chr17-0683",-0.0349678282418795
"chr17-0684",-0.113176658407078
"chr17-0685",-0.0773570882712141
"chr17-0686",-0.235483709557802
"chr17-0687",-0.13462635123447
"chr17-0688",-0.0444021432154567
"chr17-0689",0.0490716051578883
"chr17-0690",0.0231854442982961
"chr17-0691",0.0509494198760789
"chr17-0692",0.00810278136387344
"chr17-0693",0.0397233765403541
"chr17-0694",-0.105683178093559
"chr17-0695",-0.116595565575324
"chr17-0696",-0.177381093964283
"chr17-0697",-0.0674199566596819
"chr17-0698",-0.0436231272482885
"chr17-0699",-0.00515497483708029
"chr17-0700",0.0258795002706362
"chr17-0701",0.134978604422678
"chr17-0702",0.0755886768457037
"chr17-0703",0.0486649797159378
"chr17-0704",0.0100217491914967
"chr17-0705",-0.056790126670508
"chr17-0706",-0.0780095207138901
"chr17-0707",-0.0823738425314345
"chr17-0708",0.0766057229677096
"chr17-0709",-0.0808542756480545
"chr17-0710",-0.0646519803671196
"chr17-0711",0.0312084608733905
"chr17-0712",0.057463819178748
"chr17-0713",-0.0991230679957084
"chr17-0714",0.0283971963582986
"chr17-0715",0.066184965452961
"chr17-0716",0.00848495996593361
"chr17-0717",0.0234890343531732
"chr17-0718",0.0162208132269453
"chr17-0719",-0.0250801317597867
"chr17-0720",-0.135884072658702
"chr17-0721",-0.0756258808748561
"chr17-0722",0.113346328684511
"chr17-0723",-0.0263386098176643
"chr17-0724",-0.0868588029314506
"chr17-0725",0.116016414619141
"chr17-0726",0.0211897151369116
"chr17-0727",0.00318540883918936
"chr17-0728",-0.229642312513133
"chr17-0729",0.0634193517787232
"chr17-0730",-0.0780674365080238
"chr17-0731",-0.00942463705407782
"chr17-0732",0.112530218810568
"chr17-0733",0.11149952560029
"chr17-0734",0.107759757317175
"chr17-0735",0.192164372110772
"chr17-0736",0.0546311571866456
"chr17-0737",0.160156468164005
"chr17-0738",0.0439440545941011
"chr17-0739",-0.025469114100301
"chr17-0740",0.154798014925771
"chr17-0741",-0.0526371615038294
"chr17-0742",0.14318660468208
"chr17-0743",0.191180728577084
"chr17-0744",0.111462375100622
"chr17-0745",0.0713415781163281
"chr17-0746",0.0691037859307082
"chr17-0747",0.0885158416817349
"chr17-0748",0.0732303977878164
"chr17-0749",0.0427545999780571
"chr17-0750",0.0391279432636437
"chr17-0751",-0.0187510528052496
"chr17-0752",0.102247831913427
"chr17-0753",-0.116324737743979
"chr17-0754",0.111287899904497
"chr17-0755",-0.00595598293503132
"chr17-0756",0.295432109699494
"chr17-0757",0.216742179017479
"chr17-0758",0.021306761447825
"chr17-0759",0.0643391686662736
"chr17-0760",0.0736527610506839
"chr17-0761",0.0787956583214264
"chr17-0762",0.0269357723233051
"chr17-0763",0.0954527706211834
"chr17-0764",-0.0203335571243891
"chr17-0765",0.0350805606507062
"chr17-0766",-0.0119436004941266
"chr17-0767",0.093323641473177
"chr17-0768",0.00689181926160414
"chr17-0769",-0.0898481852485248
"chr17-0770",0.0140305097881685
"chr17-0771",-0.0461482506084004
"chr17-0772",0.0583163128983155
"chr17-0773",0.13733048967885
"chr17-0774",0.0301177058001358
"chr17-0775",-0.040039626914258
"chr17-0776",0.0222805424068643
"chr17-0777",-0.273819187916913
"chr17-0778",-0.129234099986611
"chr17-0779",0.0150909177309247
"chr17-0780",-0.238173772535454
"chr17-0781",0.0153733177329289
"chr17-0782",0.109053828227815
"chr17-0783",-0.0878305276817556
"chr17-0784",4.20389006664072e-05
"chr17-0785",-0.031621546585948
"chr17-0786",-0.139734532850516
"chr17-0787",-0.189246700380713
"chr17-0788",-0.0424698598909547
"chr17-0789",-0.121242652640238
"chr17-0790",0.10927531290472
"chr17-0791",-0.0218264115252539
"chr17-0792",-0.048667418492266
"chr17-0793",-0.0537712488598977
"chr17-0794",-0.0256070288395965
"chr17-0795",-0.00945470738496398
"chr17-0796",-0.0299142392979382
"chr17-0797",0.0363428038613638
"chr17-0798",0.0902078552797923
"chr17-0799",-0.0476858619798661
"chr17-0800",0.116713818448825
"chr17-0801",0.246993523867346
"chr17-0802",-0.0500735287850013
"chr17-0803",0.109442815248954
"chr17-0804",0.109989431739387
"chr17-0805",0.0871043062126999
"chr17-0806",0.0586964570155746
"chr17-0807",0.137205891756055
"chr17-0808",-0.0346634429082134
"chr17-0809",-0.00617993535572165
"chr17-0810",-0.176912786270288
"chr17-0811",-0.115239129720148
"chr17-0812",-0.181251128579082
"chr17-0813",-0.0298125726192419
"chr17-0814",-0.102760490130274
"chr17-0815",-0.0745093183491333
"chr17-0816",0.0212236586817032
"chr17-0817",0.0165532637555441
"chr17-0818",-0.176085298089075
"chr17-0819",0.163725035198806
"chr17-0820",0.121918005005885
"chr17-0821",0.280614831304972
"chr17-0822",0.0988564839148857
"chr17-0823",0.0500854738966744
"chr17-0824",0.0643908647641066
"chr17-0825",-0.111697257615084
"chr17-0826",-0.163450048028694
"chr17-0827",0.0418469491602726
"chr17-0828",-0.0419574156209718
"chr17-0829",0.042992073331309
"chr17-0830",-0.0827772715508461
"chr17-0831",0.0464069917368443
"chr17-0832",0.113950680903963
"chr17-0833",0.0561360954105938
"chr17-0834",0.107131474219182
"chr17-0835",-0.230247392550612
"chr17-0836",-0.0226203100692696
"chr17-0837",0.0442708119367899
"chr17-0838",-0.158371898288007
"chr17-0839",0.051774090556621
"chr17-0840",-0.0249487662547081
"chr17-0841",0.119547083000385
"chr17-0842",-0.0239886363229669
"chr17-0843",-0.00270548550894238
"chr17-0844",-0.0100820107257122
"chr17-0845",-0.0307726944092587
"chr17-0846",0.161739671235041
"chr17-0847",0.095481552944949
"chr17-0848",-0.0763972500898911
"chr17-0849",0.0994184248189395
"chr17-0850",-0.000286413239401054
"chr17-0851",0.113869254443299
"chr17-0852",0.222490881704791
"chr17-0853",0.00398252439506603
"chr17-0854",0.0424259360112642
"chr17-0855",0.13956353715397
"chr17-0856",-0.0311859724042854
"chr17-0857",-0.0198212318489267
"chr17-0858",-0.148387078610441
"chr17-0859",-0.0360819918868581
"chr17-0860",0.00350356282802125
"chr17-0861",-0.216109599918471
"chr17-0862",0.0140179674942564
"chr17-0863",-0.0376863673587225
"chr17-0864",-0.180073181879569
"chr17-0865",0.105009300741227
"chr17-0866",-0.165720964090525
"chr17-0867",0.0152158632342998
"chr17-0868",0.018719119225918
"chr17-0869",-0.128964798246324
"chr17-0870",-0.00386904678455327
"chr17-0871",0.222539951954822
"chr17-0872",-0.0795606172155565
"chr17-0873",-0.0629300318453509
"chr17-0874",-0.0239582318671721
"chr17-0875",0.115311913313063
"chr17-0876",0.226718336805758
"chr17-0877",0.134381406348226
"chr17-0878",0.124120240423053
"chr17-0879",0.251970804327703
"chr17-0880",0.0382060643245618
"chr17-0881",0.0174352772868985
"chr17-0882",-0.281965037946418
"chr17-0883",0.255833566402017
"chr17-0884",0.20655626540457
"chr17-0885",0.156309426739351
"chr17-0886",-0.00055827859532585
"chr17-0887",0.280930546040983
"chr17-0888",0.299736281666367
"chr17-0889",0.217035120428491
"chr17-0890",0.282753675625046
"chr17-0891",0.0821206365715864
"chr17-0892",0.19772511794006
"chr17-0893",0.0325736005213481
"chr17-0894",-0.014972834638469
"chr17-0895",0.0504474300808646
"chr17-0896",0.147484080377221
"chr17-0897",0.0216251600808342
"chr17-0898",0.0763835870792951
"chr17-0899",0.0393692790610989
"chr17-0900",0.103480137190377
"chr17-0901",0.140997252677295
"chr17-0902",-0.179957001072567
"chr17-0903",0.0229308428153649
"chr17-0904",-0.103175639766886
"chr17-0905",0.0585436290151478
"chr17-0906",-0.0354050100784569
"chr17-0907",-0.0688274299493403
"chr17-0908",-0.0448833579972426
"chr17-0909",0.0489825310702715
"chr17-0910",-0.118399053032685
"chr17-0911",-0.0213681491235792
"chr17-0912",0.0356552495106848
"chr17-0913",0.030019338930746
"chr17-0914",-0.129304808695176
"chr17-0915",-0.0772003436040202
"chr17-0916",-0.0854725012507745
"chr17-0917",-0.20178629814144
"chr17-0918",-0.000361356319320274
"chr17-0919",-0.13752739823152
"chr17-0920",-0.342367610391762
"chr17-0921",-0.140663009601207
"chr17-0922",-0.0490925828958544
"chr17-0923",-0.0994232657666587
"chr17-0924",0.0464022121525736
"chr17-0925",0.0304891400080763
"chr17-0926",-0.0253438101426836
"chr17-0927",-0.262211945195353
"chr17-0928",-0.15385189335492
"chr17-0929",-0.247004447396242
"chr17-0930",-0.0291528498407986
"chr17-0931",0.0333957346690714
"chr17-0932",0.0610954050593543
"chr17-0933",-0.0682294420870279
"chr17-0934",-0.0850810310890202
"chr17-0935",-0.245991113581693
"chr17-0936",-0.092185311689706
"chr17-0937",-0.00532070649748376
"chr17-0938",-0.0504383002577097
"chr17-0939",-0.0111117681752268
"chr17-0940",0.0384264621335452
"chr17-0941",-0.183736922749223
"chr17-0942",-0.0654074658845552
"chr17-0943",-0.0536833080144664
"chr17-0944",-0.164659929206734
"chr17-0945",-0.109675415887266
"chr17-0946",0.0521593268265021
"chr17-0947",-0.0984582925999778
"chr17-0948",-0.0088422434013794
"chr17-0949",-0.055543908705633
"chr17-0950",-0.0770766483707638
"chr17-0951",-0.0657212035680864
"chr17-0952",0.0654350463196125
"chr17-0953",0.0120153791634172
"chr17-0954",-0.0718716224315366
"chr17-0955",0.0710522014405126
"chr17-0956",0.0227963634497041
"chr17-0957",0.0663488157070176
"chr17-0958",-0.080016646147549
"chr17-0959",-0.0247703850902397
"chr17-0960",0.0749647387653468
"chr17-0961",0.0305005762062633
"chr17-0962",-0.0648713453100801
"chr17-0963",0.0354361641694862
"chr17-0964",-0.0342994104125148
"chr17-0965",-0.0401008746928394
"chr17-0966",-0.202595309034702
"chr17-0967",0.013414402739975
"chr17-0968",-0.0444327886808269
"chr17-0969",-0.101257629335404
"chr17-0970",-0.0323221986112489
"chr17-0971",-0.153996130605223
"chr17-0972",-0.0424192124870605
"chr17-0973",-0.0633646206554215
"chr17-0974",0.151686807037477
"chr17-0975",-0.068891411406637
"chr17-0976",-0.0552395686314893
"chr17-0977",0.0475780558345792
"chr17-0978",0.112466738834837
"chr17-0979",-0.155587586822019
"chr17-0980",0.0248145669247815
"chr17-0981",0.0750688354807496
"chr17-0982",-0.125473695338164
"chr17-0983",-0.165647424887218
"chr17-0984",-0.110278925871187
"chr17-0985",-0.278700152651617
"chr17-0986",0.105337048316608
"chr17-0987",0.12378374586982
"chr17-0988",-0.16463247007472
"chr17-0989",0.000221626445970716
"chr17-0990",-0.0134520212416799
"chr17-0991",-0.0368506226861463
"chr17-0992",-0.17039359424533
"chr17-0993",-0.132719798642761
"chr17-0994",0.00475371513212832
"chr17-0995",0.179400385783292
"chr17-0996",0.0352011077538509
"chr17-0997",0.152242187920043
"chr17-0998",-0.00612161105154067
"chr17-0999",0.0836909617524242
"chr17-1000",0.138657759531052
"chr17-1001",0.0699989922580371
"chr17-1002",0.0623293960304245
"chr17-1003",-0.0432046853840581
"chr17-1004",0.0366577180566001
"chr17-1005",0.063001227924447
"chr17-1006",-0.0565116492336023
"chr17-1007",-0.0447027763321263
"chr17-1008",-0.00584478101836998
"chr17-1009",-0.174915197346597
"chr17-1010",0.0750322955739738
"chr17-1011",0.211863905686517
"chr17-1012",0.193496875181487
"chr17-1013",0.097979222760807
"chr17-1014",-0.105835322035484
"chr17-1015",-0.157906465326368
"chr17-1016",-0.0907858176714078
"chr17-1017",-0.0405775408839642
"chr17-1018",-0.00699816489090807
"chr17-1019",0.0442915473998708
"chr17-1020",-0.151265127790066
"chr17-1021",0.163199022904011
"chr17-1022",-0.000787576412363606
"chr17-1023",-0.149244359814404
"chr17-1024",-0.0438907954864662
"chr17-1025",-0.145356075908011
"chr17-1026",-0.131051848474604
"chr17-1027",-0.0417205031726273
"chr17-1028",-0.0370009441818593
"chr17-1029",0.1208614755531
"chr17-1030",0.29939619644666
"chr17-1031",0.120088471722791
"chr17-1032",-0.00912994587432637
"chr17-1033",-0.0217961864985095
"chr17-1034",0.0385350779482352
"chr17-1035",-0.0748607431427008
"chr17-1036",-0.00508363636098085
"chr17-1037",-0.146114822515467
"chr17-1038",0.0107127823072651
"chr17-1039",-0.0976221177598411
"chr17-1040",0.026538213329098
"chr17-1041",0.14527493383885
"chr17-1042",0.014506950305543
"chr17-1043",0.100414452287458
"chr17-1044",-0.206547264632376
"chr17-1045",-0.0271801202252677
"chr17-1046",0.0882980728998909
"chr17-1047",0.0042243130351337
"chr17-1048",-0.11409617276147
"chr17-1049",0.0790655764254943
"chr17-1050",0.0254802057287775
"chr17-1051",-0.162628291820558
"chr17-1052",-0.00596617625927403
"chr17-1053",-0.111302187946996
"chr17-1054",0.0160161996606714
"chr17-1055",-0.0329638308446045
"chr17-1056",0.0653262682261103
"chr17-1057",-0.0372763875973898
"chr17-1058",-0.0690630703063715
"chr17-1059",-0.0746322964329838
"chr17-1060",0.0565203220322219
"chr17-1061",-0.00953457709141871
"chr17-1062",0.257047375037635
"chr17-1063",0.0232886086402908
"chr17-1064",0.0525260149518537
"chr17-1065",0.110757422786469
"chr17-1066",-0.0218155044332486
"chr17-1067",-0.123681806226579
"chr17-1068",0.104511936004337
"chr17-1069",0.0170561389749007
"chr17-1070",-0.0319773265589891
"chr17-1071",0.115182356763051
"chr17-1072",-0.0184575868199281
"chr17-1073",0.125361206226323
"chr17-1074",0.16826777259597
"chr17-1075",0.0645725846740179
"chr17-1076",-0.0933230849113324
"chr17-1077",0.00475101217089609
"chr17-1078",-0.0911555889995592
"chr17-1079",0.0103537956487008
"chr17-1080",-0.028514168949536
"chr17-1081",0.0363274496377963
"chr17-1082",0.0492568623747915
"chr17-1083",-0.00753378721866257
"chr17-1084",0.152230799235496
"chr17-1085",0.159455450364664
"chr17-1086",0.0488707701391562
"chr17-1087",0.257953513547804
"chr17-1088",0.102149495161673
"chr17-1089",0.131133267160383
"chr17-1090",0.0513093920229122
"chr17-1091",0.0790526759363356
"chr17-1092",0.0513328800458098
"chr17-1093",0.100733926991519
"chr17-1094",0.0286973842397021
"chr17-1095",-0.00514203988738295
"chr17-1096",-0.069650541312188
"chr17-1097",0.138241344603564
"chr17-1098",0.00912166958885276
"chr17-1099",0.0894292025895573
"chr17-1100",0.14276029707548
"chr17-1101",0.0452670051752569
"chr17-1102",-0.072951087480525
"chr17-1103",0.0989926412923912
"chr17-1104",0.0419597100723861
"chr17-1105",0.116808982469449
"chr17-1106",0.148668318226327
"chr17-1107",0.126002301612382
"chr17-1108",-0.0692209295451749
"chr17-1109",0.0256964736074399
"chr17-1110",0.0780194260914925
"chr17-1111",0.170107514847558
"chr17-1112",0.204391041656502
"chr17-1113",0.1416092796188
"chr17-1114",-0.0490980883743731
"chr17-1115",0.00315729779195615
"chr17-1116",0.100963958408582
"chr17-1117",0.0350973969862605
"chr17-1118",-0.231410975476307
"chr17-1119",-0.0165335755635766
"chr17-1120",0.126173112526905
"chr17-1121",0.0232031083847167
"chr17-1122",0.0485598914035186
"chr17-1123",0.0428338135243755
"chr17-1124",0.0951075746547455
"chr17-1125",0.152952628453332
"chr17-1126",0.111079556111992
"chr17-1127",0.0322373313343662
"chr17-1128",-0.00830850572315994
"chr17-1129",0.133649157251288
"chr17-1130",0.0545047617185651
"chr17-1131",0.185408597369073
"chr17-1132",0.171462890885453
"chr17-1133",0.0197453525829706
"chr17-1134",-0.193719277699113
"chr17-1135",-0.0161613307446756
"chr17-1136",-0.130937418397614
"chr17-1137",-0.0111748257329412
"chr17-1138",0.187747254560699
"chr17-1139",0.170436503500877
"chr17-1140",0.073031884159418
"chr17-1141",0.114539233298729
"chr17-1142",0.00742524103012764
"chr17-1143",0.00157316635325335
"chr17-1144",0.073012218380352
"chr17-1145",0.14157356276492
"chr17-1146",0.102622589983396
"chr17-1147",0.0336961264820252
"chr17-1148",-0.150227482362128
"chr17-1149",-0.0763595631618621
"chr17-1150",-0.0408956412525425
"chr17-1151",0.0863113516314155
"chr17-1152",0.119514975154764
"chr17-1153",0.0262344619820442
"chr17-1154",0.0102257370119868
"chr17-1155",-0.01873312673946
"chr17-1156",-0.0824848750927367
"chr17-1157",0.123382817914396
"chr17-1158",0.0542419061287919
"chr17-1159",0.148389789817813
"chr17-1160",0.147947829021041
"chr17-1161",0.127623857109204
"chr17-1162",0.129035233415009
"chr17-1163",0.168478626446989
"chr17-1164",0.0459620734799635
"chr17-1165",0.096262906259472
"chr17-1166",0.267006025588635
"chr17-1167",0.130918522072415
"chr17-1168",0.0743984530251421
"chr17-1169",0.0999532181815824
"chr17-1170",0.154279066904322
"chr18-0001",0.0690580516490821
"chr18-0002",0.160960213522821
"chr18-0003",0.0375025696251509
"chr18-0004",-0.022063034439055
"chr18-0005",0.110955991394555
"chr18-0006",0.115685955912019
"chr18-0007",-0.0646280981844864
"chr18-0008",-0.183607117490786
"chr18-0009",0.00324431084172033
"chr18-0010",0.0376460535613447
"chr18-0011",0.184126589854066
"chr18-0012",0.224964827264107
"chr18-0013",-0.0649560108042004
"chr18-0014",0.0247406987130071
"chr18-0015",-0.0159037793015228
"chr18-0016",0.183499083400532
"chr18-0017",0.118895017166454
"chr18-0018",0.00772925718547181
"chr18-0019",0.0477012656253484
"chr18-0020",0.0405825952873086
"chr18-0021",0.0844837776080314
"chr18-0022",0.160565867643627
"chr18-0023",0.0706805063074797
"chr18-0024",0.0922080938031045
"chr18-0025",-0.207951124712922
"chr18-0026",0.0205351768880982
"chr18-0027",0.0334192179888722
"chr18-0028",0.318815943184398
"chr18-0029",0.167103048168012
"chr18-0030",0.0880366003449929
"chr18-0031",0.123137230924535
"chr18-0032",0.280561940102833
"chr18-0033",0.266710887827975
"chr18-0034",0.178389958974616
"chr18-0035",0.161270502847997
"chr18-0036",0.0586503953409819
"chr18-0037",0.160770217730208
"chr18-0038",0.306674869582567
"chr18-0039",0.0905066479112342
"chr18-0040",0.248338652570786
"chr18-0041",0.0316928179371549
"chr18-0042",0.242001635824286
"chr18-0043",0.268001484159902
"chr18-0044",0.222954795637058
"chr18-0045",0.147475610279442
"chr18-0046",-0.00405693244897738
"chr18-0047",0.0771117783641911
"chr18-0048",0.102778471196371
"chr18-0049",0.0380421198661196
"chr18-0050",-0.0635771927063451
"chr18-0051",0.134714933092315
"chr18-0052",0.0847671267108422
"chr18-0053",0.170624453142004
"chr18-0054",0.108594231852688
"chr18-0055",0.0479728806194733
"chr18-0056",0.209105175854665
"chr18-0057",0.210726582715334
"chr18-0058",0.0118058876617633
"chr18-0059",0.044758933996455
"chr18-0060",0.107772123859791
"chr18-0061",0.175439952045781
"chr18-0062",0.146288413693545
"chr18-0063",0.116186319456322
"chr18-0064",0.254761845232884
"chr18-0065",-0.0170597860960972
"chr18-0066",0.157349136069621
"chr18-0067",0.171040250562421
"chr18-0068",0.220491996060944
"chr18-0069",0.208129996553972
"chr18-0070",0.13872021363573
"chr18-0071",-0.0311434755639596
"chr18-0072",0.0679486090772111
"chr18-0073",-0.00186814964906789
"chr18-0074",0.0918684873511303
"chr18-0075",0.14414733971633
"chr18-0076",0.180197289516946
"chr18-0077",0.202791576987149
"chr18-0078",0.158618629296069
"chr18-0079",0.0401941059296678
"chr18-0080",0.00967967459037041
"chr18-0081",0.170303986683903
"chr18-0082",-0.101998352182275
"chr18-0083",-0.0312277829609544
"chr18-0084",0.0228406324290647
"chr18-0085",0.0915062953271706
"chr18-0086",-0.000338567215522367
"chr18-0087",0.0335995409073087
"chr18-0088",0.140795051977642
"chr18-0089",0.273296469273338
"chr18-0090",-0.0874483585074319
"chr18-0091",-0.0553513813948075
"chr18-0092",0.064992033717159
"chr18-0093",0.186138436936885
"chr18-0094",-0.00271188034204576
"chr18-0095",-0.00374103385916472
"chr18-0096",0.0374845385475142
"chr18-0097",0.113513220025595
"chr18-0098",0.166464847706181
"chr18-0099",0.0388594162315246
"chr18-0100",-0.0306465775764124
"chr18-0101",0.0222534501617733
"chr18-0102",-0.00292325293676068
"chr18-0103",0.0954989554750366
"chr18-0104",0.0377306714593455
"chr18-0105",0.0120527505023462
"chr18-0106",-0.069895729590456
"chr18-0107",-0.0664141295159849
"chr18-0108",0.00369460188769395
"chr18-0109",-0.0189287775333197
"chr18-0110",-0.00791225546304169
"chr18-0111",0.0361619354725424
"chr18-0112",-0.00994599245338224
"chr18-0113",0.126057425911192
"chr18-0114",0.0933990397079664
"chr18-0115",0.0538418012891919
"chr18-0116",-0.0151033270837103
"chr18-0117",-0.0163030084254196
"chr18-0118",-0.0606749764624665
"chr18-0119",0.0835447802686344
"chr18-0120",-0.206921259618694
"chr18-0121",0.151304849009529
"chr18-0122",-0.0267991245542478
"chr18-0123",-0.000930994300782103
"chr18-0124",0.0794749066727299
"chr18-0125",0.142145530783885
"chr18-0126",0.136191826343335
"chr18-0127",-0.0882293671746932
"chr18-0128",-0.167435482801258
"chr18-0129",-0.327367376271072
"chr18-0130",0.0331281013421648
"chr18-0131",0.124356044090421
"chr18-0132",0.0262939748416781
"chr18-0133",0.177531889964094
"chr18-0134",0.108261135130474
"chr18-0135",0.295288753666476
"chr18-0136",-0.0383831074294033
"chr18-0137",-0.0302155118169992
"chr18-0138",0.038990680774116
"chr18-0139",0.0564714643102885
"chr18-0140",0.147054719060618
"chr18-0141",-0.0815000053649365
"chr18-0142",0.168194292138832
"chr18-0143",-0.0810847041019459
"chr18-0144",0.10795449733537
"chr18-0145",0.343909011125568
"chr18-0146",0.204395944204333
"chr18-0147",0.246313242199708
"chr18-0148",0.10773433732074
"chr18-0149",0.219928802234522
"chr18-0150",0.0707840710702305
"chr18-0151",0.132501776479546
"chr18-0152",0.221927264350247
"chr18-0153",0.214421219727696
"chr18-0154",0.0691898905293056
"chr18-0155",0.129116739627802
"chr18-0156",-0.108681164896594
"chr18-0157",-0.329855712825787
"chr18-0158",0.108433823826301
"chr18-0159",0.195022734139428
"chr18-0160",0.0444079339401969
"chr18-0161",0.192278995513704
"chr18-0162",-0.00943236520017552
"chr18-0163",0.321973950132109
"chr18-0164",0.285643840936923
"chr18-0165",0.0637904538353815
"chr18-0166",0.169303091987135
"chr18-0167",0.267408079492504
"chr18-0168",0.294012815975454
"chr18-0169",0.0643732251939356
"chr18-0170",0.256681879258843
"chr18-0171",-0.102277576635808
"chr18-0172",0.0381003450335782
"chr18-0173",0.0654679977329395
"chr18-0174",0.0127526091453832
"chr18-0175",-0.0303444080685857
"chr18-0176",0.117226232498141
"chr18-0177",-0.0329577032375175
"chr18-0178",0.0144691773145662
"chr18-0179",0.0258235220421398
"chr18-0180",0.0171239805301281
"chr18-0181",0.147417914692219
"chr18-0182",0.0675247988261991
"chr18-0183",0.213149823308702
"chr18-0184",0.120588945726621
"chr18-0185",-0.0660862334619867
"chr18-0186",0.00417495899225181
"chr18-0187",0.0495195902880006
"chr18-0188",-0.0650129506892338
"chr18-0189",0.102035596070772
"chr18-0190",0.0773467077300054
"chr18-0191",0.272737625867779
"chr18-0192",0.239145464640901
"chr18-0193",0.113358977237318
"chr18-0194",0.266696437193839
"chr18-0195",0.230819713463995
"chr18-0196",0.322874311399044
"chr18-0197",0.239688358140089
"chr18-0198",0.333467355017562
"chr18-0199",-0.0199951126447772
"chr18-0200",0.237110955212223
"chr18-0201",0.153670766965087
"chr18-0202",0.32737998887557
"chr18-0203",0.11702137195718
"chr18-0204",-0.0532349899166813
"chr18-0205",0.157021119911347
"chr18-0206",-0.0297674441671219
"chr18-0207",-0.0772207840729684
"chr18-0208",-0.0713503649881096
"chr18-0209",-0.0861386549274162
"chr18-0210",-0.213959811578682
"chr18-0211",0.000493414661269376
"chr18-0212",0.0444858542582525
"chr18-0213",-0.0554626906010133
"chr18-0214",0.0140157225477797
"chr18-0215",-0.0167539368063019
"chr18-0216",-0.134544987564683
"chr18-0217",0.0370651411258086
"chr18-0218",0.0155017487433343
"chr18-0219",0.178483767979663
"chr18-0220",0.0119849671790496
"chr18-0221",0.146877241733898
"chr18-0222",0.117426869197381
"chr18-0223",0.138352536944901
"chr18-0224",0.0106154128985521
"chr18-0225",0.0702540912897805
"chr18-0226",0.0355645814405538
"chr18-0227",0.167487482029673
"chr18-0228",0.233022518913643
"chr18-0229",0.122611754461119
"chr18-0230",0.0806270306602822
"chr18-0231",0.174192394648374
"chr18-0232",0.132300789276086
"chr18-0233",-0.0147033948581796
"chr18-0234",0.0566216637901418
"chr18-0235",0.0485153767716863
"chr18-0236",-0.0420027770493819
"chr18-0237",0.0791600422495095
"chr18-0238",0.0820317775765767
"chr18-0239",0.0889918361731308
"chr18-0240",0.197512121455383
"chr18-0241",0.0431177109267597
"chr18-0242",0.0931065693854594
"chr18-0243",-0.0990178270750505
"chr18-0244",-0.00621236016530052
"chr18-0245",0.250532335683158
"chr18-0246",0.0451948241871052
"chr18-0247",0.0253606635073709
"chr18-0248",0.113787586771896
"chr18-0249",0.0651751107723243
"chr18-0250",0.0156520200029421
"chr18-0251",0.160563497221725
"chr18-0252",0.0772249684042593
"chr18-0253",0.109172976955113
"chr18-0254",0.2112263982048
"chr18-0255",-0.0840711480583652
"chr18-0256",0.214435775714688
"chr18-0257",0.0858601089478256
"chr18-0258",0.238704283659508
"chr18-0259",0.230806716508513
"chr18-0260",0.143567377026687
"chr18-0261",0.38688009590978
"chr18-0262",0.332999414560941
"chr18-0263",0.245612508058768
"chr18-0264",0.276782088536396
"chr18-0265",0.316768638949275
"chr18-0266",0.0453338783875927
"chr18-0267",0.0463164249874004
"chr18-0268",0.175798003987837
"chr18-0269",0.287705642362051
"chr18-0270",0.0289756904677596
"chr18-0271",-0.0289917154352858
"chr18-0272",0.0689987238117345
"chr18-0273",0.251183625148288
"chr18-0274",-0.0966163394289189
"chr18-0275",-0.126341166002573
"chr18-0276",-0.0811534863497868
"chr18-0277",-0.03854349298968
"chr18-0278",0.0819851919521641
"chr18-0279",0.0329123961805544
"chr18-0280",-0.0936758982304632
"chr18-0281",0.0420231273586985
"chr18-0282",0.102881201996682
"chr18-0283",-0.00981662528956267
"chr18-0284",0.279475235858362
"chr18-0285",0.133982712925625
"chr18-0286",0.136957914524124
"chr18-0287",0.0536707048456812
"chr18-0288",0.164126611274119
"chr18-0289",-0.0895320739401144
"chr18-0290",0.181727966498985
"chr18-0291",0.0337060818728375
"chr18-0292",0.03643711325699
"chr18-0293",0.0903816583312846
"chr18-0294",0.0113806981338131
"chr18-0295",0.114374527211394
"chr18-0296",-0.0300257874441519
"chr18-0297",-0.0445552184610306
"chr18-0298",-0.207252654791505
"chr18-0299",-0.0146410355894009
"chr18-0300",0.246951428243401
"chr18-0301",0.183225283574288
"chr18-0302",0.135744019696309
"chr18-0303",0.190733200583577
"chr18-0304",0.0998864355473084
"chr18-0305",0.192134653368565
"chr18-0306",0.111336709597927
"chr18-0307",0.0369052734540666
"chr18-0308",0.159450173388807
"chr18-0309",-0.110853362895966
"chr18-0310",0.0580617454264896
"chr18-0311",0.127029022646236
"chr18-0312",0.022772565637956
"chr18-0313",0.0841750592911022
"chr18-0314",0.247134078193372
"chr18-0315",0.176900989734747
"chr18-0316",0.0855210801468339
"chr18-0317",-0.0441475415894637
"chr18-0318",-0.111273609817088
"chr18-0319",0.0776513557675946
"chr18-0320",0.192683745970213
"chr18-0321",-0.0906102916102992
"chr18-0322",0.203268858744749
"chr18-0323",0.276872839700651
"chr18-0324",0.0504448659234127
"chr18-0325",0.0649970145649861
"chr18-0326",0.104689321724614
"chr18-0327",0.222770583656856
"chr18-0328",0.285274142135927
"chr18-0329",0.113515241211665
"chr18-0330",0.29840283806369
"chr18-0331",0.314958361017569
"chr18-0332",0.0674890743252019
"chr18-0333",0.197601220800393
"chr18-0334",0.283781428892045
"chr18-0335",0.174835380404408
"chr18-0336",0.283832392060492
"chr18-0337",0.130293243009878
"chr18-0338",0.368896824294163
"chr18-0339",0.228316842412578
"chr18-0340",0.131948500201786
"chr18-0341",0.13475124951329
"chr18-0342",0.115591540106614
"chr18-0343",0.0908719776794562
"chr18-0344",0.14574419246622
"chr18-0345",0.221747229912012
"chr18-0346",0.134422387485111
"chr18-0347",0.41856583299225
"chr18-0348",0.220761926059754
"chr18-0349",0.0945533560976596
"chr18-0350",0.0503170094436157
"chr18-0351",0.0238488622538133
"chr18-0352",0.130612472031634
"chr18-0353",0.0903222877496867
"chr18-0354",0.0417750936937125
"chr18-0355",-0.0151616021926669
"chr18-0356",0.112819882877959
"chr18-0357",0.292085598834378
"chr18-0358",0.38846167772079
"chr18-0359",0.249881092310662
"chr18-0360",0.220756288135752
"chr18-0361",0.182450998067901
"chr18-0362",0.205043525513363
"chr18-0363",0.192918716296061
"chr18-0364",0.228908808488958
"chr18-0365",0.226299472389681
"chr18-0366",0.156299111270645
"chr18-0367",0.0712179733892122
"chr18-0368",-0.00920736610571237
"chr18-0369",0.168221206661049
"chr18-0370",0.0811025209150072
"chr18-0371",0.0759396695551061
"chr18-0372",0.175793498204366
"chr18-0373",0.0266662220750344
"chr18-0374",0.0382842807865374
"chr18-0375",0.0592476037882822
"chr18-0376",0.0599967370108853
"chr18-0377",0.0694140645753036
"chr18-0378",0.154287652306697
"chr18-0379",-0.0384118867415348
"chr18-0380",0.0399780881972184
"chr18-0381",0.116599608240058
"chr18-0382",0.272519124997168
"chr18-0383",0.142091701526814
"chr18-0384",0.239190961236247
"chr18-0385",0.133539306065694
"chr18-0386",0.229961582128967
"chr18-0387",0.141015674754935
"chr18-0388",0.153377444988638
"chr18-0389",0.0582123892562063
"chr18-0390",0.071297892924006
"chr18-0391",0.126858102927337
"chr18-0392",0.188692071622971
"chr18-0393",0.0157380867689473
"chr18-0394",0.226537970618949
"chr18-0395",0.241046751868165
"chr18-0396",0.149705452735432
"chr18-0397",0.141056912135976
"chr18-0398",0.212411852710922
"chr18-0399",0.164015729617781
"chr18-0400",0.134352916559437
"chr18-0401",0.170202702616643
"chr18-0402",0.130582575915693
"chr18-0403",0.150008747763071
"chr18-0404",0.1717119703446
"chr18-0405",0.244517177279263
"chr18-0406",0.169219261130457
"chr18-0407",0.063401138794146
"chr18-0408",0.16120545981582
"chr18-0409",0.203899930542883
"chr18-0410",0.171755575054164
"chr18-0411",0.130917686875802
"chr18-0412",0.286557425365879
"chr18-0413",0.0609830573954478
"chr18-0414",-0.033490428545108
"chr18-0415",0.150948329744517
"chr18-0416",0.071074286096275
"chr18-0417",0.138464647222851
"chr18-0418",0.234470620526856
"chr18-0419",0.100970555095075
"chr18-0420",-0.00419334853476614
"chr18-0421",0.172650264673892
"chr18-0422",-0.0269689063917304
"chr18-0423",0.122097379116046
"chr18-0424",0.142121262401026
"chr18-0425",0.0536096208246657
"chr19-0001",0.0439418160389712
"chr19-0002",0.0445054214826413
"chr19-0003",0.0699788466279831
"chr19-0004",0.0301466232270964
"chr19-0005",0.0580111809662118
"chr19-0006",0.0683390620666822
"chr19-0007",0.0896031984420268
"chr19-0008",0.0849421042622539
"chr19-0009",-0.0350955988809874
"chr19-0010",-0.0820173381032354
"chr19-0011",0.0546491010110694
"chr19-0012",0.178780746223635
"chr19-0013",0.104510301001747
"chr19-0014",0.027722501380294
"chr19-0015",0.00121093146921932
"chr19-0016",-0.00924950037424222
"chr19-0017",-0.00720071684669975
"chr19-0018",0.0718915433079715
"chr19-0019",0.0600645473592957
"chr19-0020",0.154540681404936
"chr19-0021",0.0418869265070442
"chr19-0022",-0.0429537471996855
"chr19-0023",0.115763391418809
"chr19-0024",-0.0948242663729324
"chr19-0025",0.0568160065892984
"chr19-0026",0.0869568609490616
"chr19-0027",0.254821254377263
"chr19-0028",0.00854178907938091
"chr19-0029",0.135497475580399
"chr19-0030",0.00867503260964548
"chr19-0031",0.148988174678196
"chr19-0032",0.00238271727604543
"chr19-0033",0.0519666704273936
"chr19-0034",-0.0159808365279179
"chr19-0035",0.114877414251121
"chr19-0036",0.125081551369924
"chr19-0037",0.142011662215421
"chr19-0038",-0.150972927635057
"chr19-0039",0.0328919516465583
"chr19-0040",0.144420544899271
"chr19-0041",0.0876253070514678
"chr19-0042",-0.035707424439437
"chr19-0043",0.0637181968994999
"chr19-0044",-0.0321677466442088
"chr19-0045",-0.115097970493128
"chr19-0046",-0.0846515594626871
"chr19-0047",0.113924833781225
"chr19-0048",0.0866549798878573
"chr19-0049",0.0678906988868246
"chr19-0050",0.0359902434111921
"chr19-0051",-0.00765804160112894
"chr19-0052",-0.332605193744583
"chr19-0053",-0.242880467925452
"chr19-0054",-0.0667399161335721
"chr19-0055",-0.159719315536105
"chr19-0056",0.15758762792019
"chr19-0057",0.168859184422921
"chr19-0058",0.135622523275772
"chr19-0059",-0.000302981472108961
"chr19-0060",0.0135316629284902
"chr19-0061",0.0549513567041442
"chr19-0062",0.10616241755539
"chr19-0063",0.109223840176695
"chr19-0064",0.061743371482675
"chr19-0065",0.11592853814988
"chr19-0066",-0.0402458538433883
"chr19-0067",0.0638757916403063
"chr19-0068",-0.0299601647094162
"chr19-0069",-0.093600470606434
"chr19-0070",0.0407138607846551
"chr19-0071",0.101197451654746
"chr19-0072",0.0678123983927208
"chr19-0073",0.188153357320941
"chr19-0074",-0.0033467776482685
"chr19-0075",-0.0510644893458502
"chr19-0076",0.0470614824831795
"chr19-0077",0.0568180207992112
"chr19-0078",0.160566575571387
"chr19-0079",-0.114124313113751
"chr19-0080",-0.104237111709808
"chr19-0081",-0.0479080032946967
"chr19-0082",-0.0497299664668008
"chr19-0083",-0.0563665312241048
"chr19-0084",-0.133357828935664
"chr19-0085",0.00941082001896569
"chr19-0086",-0.414877479803759
"chr19-0087",0.0524238682623794
"chr19-0088",-0.0166738836871268
"chr19-0089",-0.0296736837311343
"chr19-0090",-0.0763292486992114
"chr19-0091",0.0294081287808759
"chr19-0092",-0.0455879927600914
"chr19-0093",-0.0929770842166402
"chr19-0094",-0.0720105469194041
"chr19-0095",-0.0643675685760551
"chr19-0096",-0.0726431600630586
"chr19-0097",-0.0562794151311405
"chr19-0098",0.0643006557316605
"chr19-0099",-0.0641657018897949
"chr19-0100",0.0768401550868256
"chr19-0101",-0.0541345800600078
"chr19-0102",-0.0710057459637172
"chr19-0103",-0.118854808365066
"chr19-0104",0.116513233210217
"chr19-0105",-0.0939029580347684
"chr19-0106",0.0701914349634992
"chr19-0107",0.0561133179516318
"chr19-0108",-0.0547823009974142
"chr19-0109",0.111251281090685
"chr19-0110",0.0113707064460139
"chr19-0111",-0.0958757542663769
"chr19-0112",0.11914515554809
"chr19-0113",-0.123964172044467
"chr19-0114",-0.0301727064578131
"chr19-0115",0.0590737168499988
"chr19-0116",-0.0932149536433831
"chr19-0117",-0.200566575686319
"chr19-0118",-0.034978184478115
"chr19-0119",0.145526211306273
"chr19-0120",-0.189806140382506
"chr19-0121",-0.20166690607186
"chr19-0122",-0.0341966811072704
"chr19-0123",-0.172127232071746
"chr19-0124",-0.246871912689521
"chr19-0125",-0.0033051797925633
"chr19-0126",0.0741200621769294
"chr19-0127",0.18049197146812
"chr19-0128",0.167297043141995
"chr19-0129",0.0802623039051108
"chr19-0130",-0.0129859626305854
"chr19-0131",-0.39420926859576
"chr19-0132",-0.194180027861525
"chr19-0133",-0.235148526110108
"chr19-0134",-0.181871062674346
"chr19-0135",-0.202040803251109
"chr19-0136",-0.169523162274191
"chr19-0137",0.162743085826626
"chr19-0138",0.0399513571865583
"chr19-0139",-0.0343863937889243
"chr19-0140",0.0024343270227548
"chr19-0141",0.126926535905073
"chr19-0142",-0.210738896032667
"chr19-0143",-0.171913982589885
"chr19-0144",-0.212510634869271
"chr19-0145",-0.00988898503365887
"chr19-0146",-0.0473686141629684
"chr19-0147",0.0416287815794531
"chr19-0148",-0.0142191947241262
"chr19-0149",-0.198972856934761
"chr19-0150",-0.116703321741087
"chr19-0151",-0.0582455855392685
"chr19-0152",-0.264134898113013
"chr19-0153",0.0310976364046582
"chr19-0154",-0.107834172552508
"chr19-0155",-0.0494783671654011
"chr19-0156",-0.0242074626771573
"chr19-0157",0.037793861928965
"chr19-0158",0.0785012467970605
"chr19-0159",0.0988963661987646
"chr19-0160",-0.0214266770608102
"chr19-0161",0.123605836186614
"chr19-0162",0.0587850065551394
"chr19-0163",-0.192922220415492
"chr19-0164",-0.0749081628025638
"chr19-0165",-0.101561307334827
"chr19-0166",-0.0494761418571043
"chr19-0167",-0.10052888963705
"chr19-0168",0.0718833102119821
"chr19-0169",-0.0204488262494391
"chr19-0170",-0.141014612744265
"chr19-0171",-0.139370610254461
"chr19-0172",-0.031384719876708
"chr19-0173",-0.0497290071146778
"chr19-0174",-0.146689941982176
"chr19-0175",-0.0679788830032016
"chr19-0176",0.220788503571757
"chr19-0177",-0.00457777813525862
"chr19-0178",0.0609028132879575
"chr19-0179",0.000888160183430736
"chr19-0180",0.0721712934966628
"chr19-0181",-0.0639568331528172
"chr19-0182",0.166900392850885
"chr19-0183",-0.0957479559609443
"chr19-0184",-0.061215080001242
"chr19-0185",-0.0451403323648095
"chr19-0186",-0.10704745876619
"chr19-0187",-0.247402871429323
"chr19-0188",-0.0972509957276764
"chr19-0189",-0.134783689493573
"chr19-0190",-0.242394106839685
"chr19-0191",-0.000101482003818982
"chr19-0192",-0.12344791121886
"chr19-0193",0.0964058368342735
"chr19-0194",-0.0700899348790091
"chr19-0195",-0.128125765473089
"chr19-0196",0.00412306873359184
"chr19-0197",-0.0195999480796618
"chr19-0198",-0.0356127156232038
"chr19-0199",-0.233336213292156
"chr19-0200",-0.0981631452511521
"chr19-0201",-0.0753128794846787
"chr19-0202",-0.271677029687334
"chr19-0203",0.136963598791144
"chr19-0204",-0.0235130413322091
"chr19-0205",-0.0505425854878038
"chr19-0206",0.103056352006911
"chr19-0207",-0.0321026284433047
"chr19-0208",-0.284747716694118
"chr19-0209",-0.145325375049203
"chr19-0210",-0.519246639921625
"chr19-0211",-0.113561413885521
"chr19-0212",-0.166634014434401
"chr19-0213",0.0665423505534906
"chr19-0214",0.0312331291195054
"chr19-0215",-0.0498882906947031
"chr19-0216",0.0563795107348633
"chr19-0217",0.134293403866741
"chr19-0218",0.0451802145203847
"chr19-0219",-0.104885460126011
"chr19-0220",-0.106885462385089
"chr19-0221",-0.11231701191578
"chr19-0222",-0.011827291702276
"chr19-0223",-0.121210987188028
"chr19-0224",-0.134612250314843
"chr19-0225",-0.189131478621812
"chr19-0226",-0.0450728681009065
"chr19-0227",-0.0777256455918843
"chr19-0228",0.0169881394564434
"chr19-0229",0.0391601018569625
"chr19-0230",-0.0741405557560357
"chr19-0231",-0.167794868188987
"chr19-0232",-0.227199204194234
"chr19-0233",-0.160752494142443
"chr19-0234",-0.222510839992226
"chr19-0235",-0.143326360640382
"chr19-0236",-0.416037675807003
"chr19-0237",-0.00295992493086216
"chr19-0238",-0.180837343759067
"chr19-0239",-0.0950516547096277
"chr19-0240",0.0479005891987554
"chr19-0241",-0.254539943289275
"chr19-0242",-0.242890791822513
"chr19-0243",-0.0917018014552889
"chr19-0244",-0.159852600648022
"chr19-0245",0.250480307070411
"chr19-0246",-0.00559149531987392
"chr19-0247",-0.157750364975059
"chr19-0248",-0.185107839419336
"chr19-0249",-0.141017571509703
"chr19-0250",-0.189954489210844
"chr19-0251",-0.0553859699503393
"chr19-0252",0.0245283847635203
"chr19-0253",-0.193413320564601
"chr19-0254",-0.29173318548241
"chr19-0255",-0.0912301183040676
"chr19-0256",-0.0331468033537097
"chr19-0257",-0.0448053043826357
"chr19-0258",0.0662441558252516
"chr19-0259",-0.0869120695114591
"chr19-0260",-0.04347872915085
"chr19-0261",0.0479647856095236
"chr19-0262",-0.031687365793912
"chr19-0263",-0.142629869701573
"chr19-0264",0.0245923849302342
"chr19-0265",0.0290723135504375
"chr19-0266",-0.282047939338187
"chr19-0267",-0.41649841817456
"chr19-0268",-0.163798730920661
"chr19-0269",-0.130388539363559
"chr19-0270",-0.0577837161144741
"chr19-0271",-0.0870423758104467
"chr19-0272",-0.00815290616993667
"chr19-0273",-0.171879405496083
"chr19-0274",-0.0867967812284007
"chr19-0275",-0.0565771142714354
"chr19-0276",-0.0293292007636607
"chr19-0277",-0.0768138523492394
"chr19-0278",-0.0633437153493657
"chr19-0279",-0.116171607481863
"chr19-0280",-0.153945503623557
"chr19-0281",-0.000569640740339506
"chr19-0282",0.0729497910805077
"chr19-0283",-0.179779982069964
"chr19-0284",-0.13168766783409
"chr19-0285",-0.0102976349747748
"chr19-0286",-0.0862817387668909
"chr19-0287",-0.18332984841456
"chr19-0288",-0.070004705737076
"chr19-0289",0.100501311928243
"chr19-0290",-0.0132197273957106
"chr19-0291",-0.0755851014695766
"chr19-0292",-0.289149877062258
"chr19-0293",-0.168128933935484
"chr19-0294",-0.0343153568089651
"chr19-0295",-0.140298147506456
"chr19-0296",-0.0563967389762722
"chr19-0297",-0.0479459656343255
"chr19-0298",-0.145522991560109
"chr19-0299",-0.105672637603521
"chr19-0300",-0.0497950248766333
"chr19-0301",0.026439602313666
"chr19-0302",-0.0702899043350375
"chr19-0303",-0.0703613457191777
"chr19-0304",-0.0402141069569485
"chr19-0305",-0.0773770335021246
"chr19-0306",-0.123247259556307
"chr19-0307",-0.0919200416437696
"chr19-0308",-0.226339465506277
"chr19-0309",-0.0404858708846198
"chr19-0310",0.0253935661645156
"chr19-0311",-0.14461052099259
"chr19-0312",-0.32233962822944
"chr19-0313",0.0511481172438782
"chr19-0314",-0.0527545378221785
"chr19-0315",-0.182766314029983
"chr19-0316",0.102292581580198
"chr19-0317",-0.0661821256597856
"chr19-0318",-0.151612058592429
"chr19-0319",-0.0262625967482884
"chr19-0320",-0.200160516379663
"chr19-0321",-0.0962291248559886
"chr19-0322",-0.235669170658154
"chr19-0323",0.137403113913719
"chr19-0324",0.0178128861229375
"chr19-0325",0.0318010751252151
"chr19-0326",-0.0802662178993248
"chr19-0327",-0.0819057832142977
"chr19-0328",-0.101484024136973
"chr19-0329",-0.0642855028478356
"chr19-0330",0.148022372886906
"chr19-0331",-0.113659252459153
"chr19-0332",-0.0524566151919258
"chr19-0333",-0.176573874297229
"chr19-0334",0.0239702421825884
"chr19-0335",-0.31647701599597
"chr19-0336",-0.262168926700337
"chr19-0337",-0.0678607173813179
"chr19-0338",-0.139625705090455
"chr19-0339",-0.0191716133618555
"chr19-0340",-0.124212455816668
"chr19-0341",-0.143371269120047
"chr19-0342",-0.0468251706544868
"chr19-0343",-0.0127383266437118
"chr19-0344",0.207298497308806
"chr19-0345",0.00730590239520985
"chr19-0346",-0.157824120313616
"chr19-0347",-0.00899966383048748
"chr19-0348",-0.236488519699462
"chr19-0349",-0.111197341325429
"chr19-0350",-0.0733948494615221
"chr19-0351",0.0710038381246173
"chr19-0352",0.0441525443536366
"chr19-0353",0.0870908381385619
"chr19-0354",-0.0144906693387903
"chr19-0355",-0.206124322592405
"chr19-0356",-0.180113960482368
"chr19-0357",-0.201934263582984
"chr19-0358",-0.214759973684444
"chr19-0359",-0.180394942703844
"chr19-0360",-0.161843746726335
"chr19-0361",0.0724731698428931
"chr19-0362",0.150155295713455
"chr19-0363",0.126482413238023
"chr19-0364",-0.113940753963989
"chr19-0365",0.00173495262255848
"chr19-0366",0.0440511437853993
"chr19-0367",0.0829683194659648
"chr19-0368",0.178790967618689
"chr19-0369",-0.10602510403679
"chr19-0370",-0.187292708474508
"chr19-0371",-0.0890103484306665
"chr19-0372",0.0368778532137324
"chr19-0373",-0.181343818010033
"chr19-0374",-0.0629127762429647
"chr19-0375",-0.0232946315808914
"chr19-0376",-0.0526373624607976
"chr19-0377",0.0306843155642858
"chr19-0378",-0.0345336062276683
"chr19-0379",0.0368837904806302
"chr19-0380",-0.0496315747110645
"chr19-0381",0.0117440558062379
"chr19-0382",-0.0573701034131467
"chr19-0383",-0.0261270909167068
"chr19-0384",-0.301675555557685
"chr19-0385",-0.0190629250755982
"chr19-0386",-0.0605105826814136
"chr19-0387",0.124257298096571
"chr19-0388",-0.242293350957783
"chr19-0389",-0.380682641230843
"chr19-0390",0.0651596118520493
"chr19-0391",0.0229493797377987
"chr19-0392",-0.208636457829906
"chr19-0393",-0.100912952528402
"chr19-0394",0.0356121555751085
"chr19-0395",0.0145558292768899
"chr19-0396",-0.205844336982864
"chr19-0397",0.0232179993573113
"chr19-0398",-0.129792250911704
"chr19-0399",-0.232377669146445
"chr19-0400",-0.0682322651900048
"chr19-0401",-0.128923178842289
"chr19-0402",-0.025649747024381
"chr19-0403",-0.0726166766934741
"chr19-0404",-0.0209789793617189
"chr19-0405",-0.0153782430724937
"chr19-0406",-0.0272844736872425
"chr19-0407",-0.124687392827034
"chr19-0408",-0.0152226544140137
"chr19-0409",-0.19466490674262
"chr19-0410",-0.108366759174777
"chr19-0411",-0.18545387854274
"chr19-0412",-0.0727838495423626
"chr19-0413",-0.072370193730783
"chr19-0414",-0.193470757304994
"chr19-0415",-0.179287005211184
"chr19-0416",-0.240873774551158
"chr19-0417",-0.0932009055558848
"chr19-0418",-0.144246229401677
"chr19-0419",-0.102695535053464
"chr19-0420",-0.0455780247504102
"chr19-0421",-0.121468224845585
"chr19-0422",-0.322717972028716
"chr19-0423",-0.0674253705105311
"chr19-0424",-0.0896851154626672
"chr19-0425",-0.107767503909094
"chr19-0426",0.0218247971674434
"chr19-0427",-0.144430038337727
"chr19-0428",0.0203583585673896
"chr19-0429",-0.0529282427502247
"chr19-0430",-0.0611569334777164
"chr19-0431",-0.193922702555409
"chr19-0432",-0.0268912919194829
"chr19-0433",0.101387901806707
"chr19-0434",0.0713544726632257
"chr19-0435",-0.0393680072435648
"chr19-0436",0.034509316445889
"chr19-0437",-0.0102348438000385
"chr19-0438",-0.0205355259719358
"chr19-0439",0.00111649610609497
"chr19-0440",0.0941081014013979
"chr19-0441",0.0866471113889646
"chr19-0442",0.126462342997636
"chr19-0443",-0.00264127408589561
"chr19-0444",-0.0360559665600067
"chr19-0445",0.0255645099582944
"chr19-0446",0.0974509964963031
"chr19-0447",0.121258315869828
"chr19-0448",-0.134361211444329
"chr19-0449",0.0229321496632195
"chr19-0450",-0.0361780890001213
"chr19-0451",-0.0500965784994488
"chr19-0452",0.0775043325056044
"chr19-0453",-0.277364756855345
"chr19-0454",-0.114224504442169
"chr19-0455",-0.188675117875873
"chr19-0456",-0.0920302690963479
"chr19-0457",-0.00370705625113364
"chr19-0458",-0.262640129500668
"chr19-0459",-0.00132660455742404
"chr19-0460",-0.0401117712882638
"chr19-0461",-0.0323734290202176
"chr19-0462",-0.199582107450203
"chr19-0463",0.0693190789336452
"chr19-0464",-0.004147826954619
"chr19-0465",-0.125153280484493
"chr19-0466",-0.0911090363075175
"chr19-0467",-0.14787139306901
"chr19-0468",0.0613996790183007
"chr19-0469",-0.113416989286956
"chr19-0470",-0.0937000800295362
"chr19-0471",-0.0419600636604228
"chr19-0472",-0.11384613003074
"chr19-0473",0.0167846304384441
"chr19-0474",-0.105557131330693
"chr19-0475",-0.14803880005488
"chr19-0476",0.0854357907459437
"chr19-0477",-0.011364097599016
"chr19-0478",0.00083605009556088
"chr19-0479",-0.224188262342392
"chr19-0480",-0.118982457778465
"chr19-0481",-0.132967207908839
"chr19-0482",-0.162282754331395
"chr19-0483",-0.0763102341770632
"chr19-0484",0.019204993626577
"chr19-0485",-0.0905055854088557
"chr19-0486",-0.206280534587097
"chr19-0487",-0.0456168340049051
"chr19-0488",0.00791065504464015
"chr19-0489",0.0836632273412078
"chr19-0490",0.00973628217366594
"chr19-0491",-0.0693632783483117
"chr19-0492",0.0131275593147133
"chr19-0493",-0.0520096240017994
"chr19-0494",0.0653910148413221
"chr19-0495",-0.0940553519418079
"chr19-0496",0.186855517774748
"chr19-0497",-0.0289581107129089
"chr19-0498",-0.0773100796943476
"chr19-0499",0.296900624959054
"chr19-0500",0.211553771328807
"chr19-0501",-0.130210557909969
"chr19-0502",0.0617313786645624
"chr19-0503",0.179928204944958
"chr19-0504",-0.00302780362661995
"chr19-0505",0.136664470351186
"chr19-0506",0.211168430268243
"chr19-0507",0.113834094253913
"chr19-0508",0.051451780845857
"chr19-0509",0.0309361449000301
"chr19-0510",-0.00269016150082964
"chr19-0511",0.170818674688217
"chr19-0512",0.00996917179330919
"chr19-0513",0.00981872211996057
"chr19-0514",-0.0396460539413341
"chr19-0515",-0.0426601545179029
"chr19-0516",-0.0672266032607274
"chr19-0517",-0.23553604479807
"chr19-0518",-0.0894030866266895
"chr19-0519",-0.045357010225827
"chr19-0520",0.00923527575325581
"chr19-0521",0.0508674627879276
"chr19-0522",-0.0790550719229286
"chr19-0523",0.109602714680869
"chr19-0524",0.0940542359904767
"chr19-0525",0.124673979821807
"chr19-0526",-0.0207925005636748
"chr19-0527",-0.0154661487584492
"chr19-0528",-0.0534491442415721
"chr19-0529",0.0645042971111828
"chr19-0530",0.00359092159720461
"chr19-0531",-0.0639088805183098
"chr19-0532",-0.113207388721308
"chr19-0533",0.0141687586574357
"chr19-0534",-0.158243745267775
"chr19-0535",-0.310475632467702
"chr19-0536",-0.484074367817567
"chr19-0537",-0.311445295963154
"chr19-0538",-0.398783368469161
"chr19-0539",-0.226453163822233
"chr19-0540",-0.465165896299528
"chr19-0541",-0.412286748711236
"chr19-0542",-0.402573604449238
"chr19-0543",-0.370655478214218
"chr19-0544",-0.391694816783588
"chr19-0545",-0.243057599085563
"chr19-0546",-0.330496508752456
"chr19-0547",-0.397026307380761
"chr19-0548",-0.456208551165811
"chr19-0549",-0.159158783267917
"chr19-0550",-0.468409061173198
"chr19-0551",-0.426116121120659
"chr19-0552",-0.377441162863082
"chr19-0553",-0.58284239958492
"chr19-0554",-0.611566922502311
"chr19-0555",-0.41933039959001
"chr19-0556",-0.388750855197478
"chr19-0557",-0.387766086528736
"chr19-0558",-0.433334170451378
"chr19-0559",-0.470314482021011
"chr19-0560",-0.699725763563681
"chr19-0561",-0.43387255997984
"chr19-0562",-0.484045521634889
"chr19-0563",-0.403261113111382
"chr19-0564",-0.526587252866498
"chr19-0565",-0.350672992941019
"chr19-0566",-0.712750337237118
"chr19-0567",-0.425619969972135
"chr19-0568",-0.487176143716184
"chr19-0569",-0.293560128833372
"chr19-0570",-0.642090722903506
"chr19-0571",-0.377714219841808
"chr19-0572",-0.279220801743249
"chr19-0573",-0.549481928556712
"chr19-0574",-0.514473539287834
"chr19-0575",-0.514814083758288
"chr19-0576",-0.323410251488702
"chr19-0577",-0.378247122858034
"chr19-0578",-0.507745179071015
"chr19-0579",-0.428615128218085
"chr19-0580",-0.195506670389455
"chr19-0581",-0.247367339258473
"chr19-0582",-0.324106265720529
"chr19-0583",-0.39816968005831
"chr19-0584",-0.454926622904258
"chr19-0585",-0.457988116837014
"chr19-0586",-0.396909080429579
"chr19-0587",-0.250156797893283
"chr19-0588",-0.314662846408528
"chr19-0589",-0.420302211354775
"chr19-0590",-0.164696884819481
"chr19-0591",-0.575743397695746
"chr19-0592",-0.336389231848654
"chr19-0593",-0.59095681246081
"chr19-0594",-0.539956678630714
"chr19-0595",-0.426553727998732
"chr19-0596",-0.342017701982907
"chr19-0597",-0.539567632822942
"chr19-0598",-0.569557394633576
"chr19-0599",-0.30654683949325
"chr19-0600",-0.55968927324512
"chr19-0601",-0.419563159070124
"chr19-0602",-0.353406881395556
"chr19-0603",-0.352441446085885
"chr19-0604",-0.519318566337917
"chr19-0605",-0.359388805763799
"chr19-0606",-0.43149432101801
"chr19-0607",-0.495661756885945
"chr19-0608",-0.586337517464451
"chr19-0609",-0.216368826085348
"chr19-0610",-0.446957748115649
"chr19-0611",-0.449906834698258
"chr19-0612",-0.33823501058751
"chr19-0613",-0.370775059136451
"chr19-0614",-0.479554191022533
"chr19-0615",-0.561856940464739
"chr19-0616",-0.531378481513269
"chr19-0617",-0.378708172524852
"chr19-0618",-0.345589071497236
"chr19-0619",-0.781111572352059
"chr19-0620",-0.387748617369352
"chr19-0621",-0.431896629453267
"chr19-0622",-0.228221488700465
"chr19-0623",-0.536789552444811
"chr19-0624",-0.384122753778906
"chr19-0625",-0.534656150944566
"chr19-0626",-0.369182641312719
"chr19-0627",-0.319838393380179
"chr19-0628",0.0272235740683875
"chr19-0629",-0.529738565340021
"chr19-0630",-0.867366042446933
"chr19-0631",-0.359892830168298
"chr19-0632",-0.461075539471511
"chr19-0633",-0.291328457470324
"chr19-0634",-0.55622309839444
"chr19-0635",-0.384822415993719
"chr19-0636",-0.281763602259594
"chr19-0637",-0.420966369496789
"chr19-0638",-0.344771135469717
"chr19-0639",-0.430532944111685
"chr19-0640",-0.681875289311898
"chr19-0641",-0.514304802017302
"chr19-0642",-0.296284329109083
"chr19-0643",-0.246882813078434
"chr19-0644",-0.305979214308872
"chr19-0645",-0.239402013514013
"chr19-0646",-0.49191586525589
"chr19-0647",-0.339042122107222
"chr19-0648",-0.495042035959585
"chr19-0649",-0.283230940323546
"chr19-0650",-0.34488209676837
"chr19-0651",-0.381784585894795
"chr19-0652",-0.367870018440017
"chr19-0653",-0.538467148532414
"chr19-0654",-0.37122953934227
"chr19-0655",-0.414226020277147
"chr19-0656",-0.426127358183655
"chr19-0657",-0.320976589822329
"chr19-0658",-0.125276374668563
"chr19-0659",-0.399692347945185
"chr19-0660",-0.273365527516198
"chr19-0661",-0.538002356763098
"chr19-0662",-0.0741484037051929
"chr19-0663",-0.38325289112201
"chr19-0664",-0.0448556991365422
"chr19-0665",-0.349170758364061
"chr19-0666",-0.481630565192463
"chr19-0667",-0.537062178909113
"chr19-0668",-0.18372286318561
"chr19-0669",-0.632527411707259
"chr19-0670",-0.604780454985324
"chr19-0671",-0.399679088533557
"chr19-0672",-0.481556208228659
"chr19-0673",-0.410591334625228
"chr19-0674",-0.547854162377181
"chr19-0675",-0.352556589710113
"chr19-0676",-0.431505684021869
"chr19-0677",-0.481098180101631
"chr19-0678",-0.372543890372363
"chr19-0679",-0.685640576401504
"chr19-0680",-0.27731556420214
"chr19-0681",-0.461582566534856
"chr19-0682",-0.565910923952254
"chr19-0683",-0.590989422134519
"chr19-0684",-0.353582786788872
"chr19-0685",-0.307366200898015
"chr19-0686",-0.568670723837256
"chr19-0687",-0.225814881656717
"chr19-0688",-0.646357115271767
"chr19-0689",-0.490298395665186
"chr19-0690",-0.249990896860485
"chr19-0691",-0.406195934311976
"chr19-0692",-0.247671763015593
"chr19-0693",-0.342974934057616
"chr19-0694",-0.204025362798355
"chr19-0695",-0.187066080462322
"chr19-0696",-0.0126840039665819
"chr19-0697",-0.512045832719967
"chr19-0698",-0.52332095759853
"chr19-0699",-0.265170211486275
"chr19-0700",-0.35267418792941
"chr19-0701",-0.244234873141409
"chr19-0702",-0.544576416757096
"chr19-0703",-0.542466832458925
"chr19-0704",-0.397925055112182
"chr19-0705",-0.341636841070788
"chr19-0706",-0.299604495910636
"chr19-0707",-0.286203189890406
"chr19-0708",-0.479828974166735
"chr19-0709",-0.583110550720376
"chr19-0710",-0.525854767235247
"chr19-0711",-0.599411059725887
"chr19-0712",-0.282263525798239
"chr19-0713",-0.358461700439289
"chr19-0714",-0.354371520885696
"chr19-0715",-0.732777536654326
"chr19-0716",-0.65769463758973
"chr19-0717",-0.212969627034295
"chr19-0718",-0.496682786185071
"chr19-0719",-0.673597823753338
"chr19-0720",-0.381405350679295
"chr19-0721",-0.540012844802067
"chr19-0722",-0.410981440355142
"chr19-0723",-0.445622268711736
"chr19-0724",-0.413762335930956
"chr19-0725",-0.546286028224191
"chr19-0726",-0.286272610574857
"chr19-0727",-0.426775478528834
"chr19-0728",-0.570543468429296
"chr19-0729",-0.291398626807586
"chr19-0730",-0.19489492369022
"chr19-0731",-0.359286694497109
"chr19-0732",-0.653489995662355
"chr19-0733",-0.462587078658497
"chr19-0734",-0.544823675178268
"chr19-0735",-0.233599463779553
"chr19-0736",-0.292625083054899
"chr19-0737",-0.68444637200374
"chr19-0738",-0.523550603689458
"chr19-0739",-0.322899698927684
"chr19-0740",-0.394965794281027
"chr19-0741",-0.527712051751492
"chr19-0742",-0.522954907944617
"chr19-0743",-0.427941532136905
"chr19-0744",-0.435173886455616
"chr19-0745",-0.609475202076093
"chr19-0746",-0.154571662434973
"chr19-0747",-0.338601389219746
"chr19-0748",-0.174989435411481
"chr19-0749",-0.436855106576174
"chr19-0750",-0.377715985511355
"chr19-0751",-0.45202909789328
"chr19-0752",-0.377291882920694
"chr19-0753",-0.85623636203116
"chr19-0754",-0.325049526152299
"chr19-0755",-0.497200638831765
"chr19-0756",-0.381221085125448
"chr19-0757",-0.467350892009376
"chr19-0758",-0.38269770165305
"chr19-0759",-0.587225173217893
"chr19-0760",-0.423123927575806
"chr19-0761",-0.469435035275235
"chr19-0762",-0.735688291679037
"chr19-0763",-0.393901507640557
"chr19-0764",-0.71043484452414
"chr19-0765",-0.404309832832199
"chr19-0766",-0.498201648657397
"chr19-0767",-0.26303009275882
"chr19-0768",-0.231805479967763
"chr19-0769",-0.207838704824575
"chr19-0770",-0.308800318352724
"chr19-0771",-0.522913757150971
"chr19-0772",-0.330309519096665
"chr19-0773",-0.394100972311924
"chr19-0774",-0.468300586194345
"chr19-0775",-0.334291017772005
"chr19-0776",-0.377391605017608
"chr19-0777",-0.334817085473135
"chr19-0778",-0.447662515200611
"chr19-0779",-0.516928594172425
"chr19-0780",-0.667810783223875
"chr19-0781",-0.370931837649304
"chr19-0782",-0.512973961217784
"chr19-0783",-0.409963488264487
"chr19-0784",-0.179065374001475
"chr19-0785",-0.663277263381845
"chr19-0786",-0.246444926160932
"chr19-0787",-0.166386324705626
"chr19-0788",-0.434587369962172
"chr19-0789",-0.410688149312362
"chr19-0790",-0.305914160030604
"chr19-0791",-0.595101550007444
"chr19-0792",-0.433442458864493
"chr19-0793",-0.457926248652861
"chr19-0794",-0.278793216365237
"chr19-0795",-0.218965357425623
"chr19-0796",-0.351910309830119
"chr19-0797",-0.303377705116408
"chr19-0798",-0.132393792403076
"chr19-0799",-0.480889645020848
"chr19-0800",-0.29580972668486
"chr19-0801",-0.258019340156526
"chr19-0802",-0.623450395406221
"chr19-0803",-0.634526259646081
"chr19-0804",-0.470576194555585
"chr19-0805",-0.344509772357076
"chr19-0806",-0.275128299104067
"chr19-0807",-0.587484232456295
"chr19-0808",-0.315554617995644
"chr19-0809",-0.520114389594217
"chr19-0810",-0.466507402399113
"chr19-0811",-0.379139772504346
"chr19-0812",-0.245385997373007
"chr19-0813",-0.628864321461943
"chr19-0814",-0.55938385913561
"chr19-0815",-0.994302196316662
"chr19-0816",-0.645214092490659
"chr19-0817",-0.546515103790768
"chr19-0818",-0.324564240058592
"chr19-0819",-0.359134034622059
"chr19-0820",-0.500619440130116
"chr19-0821",-0.398465965962665
"chr19-0822",-0.415217164064992
"chr19-0823",-0.323408492163311
"chr19-0824",-0.275235246038393
"chr19-0825",-0.505386666159721
"chr19-0826",-0.62780759742128
"chr19-0827",-0.376338574130671
"chr19-0828",-0.39596069852561
"chr19-0829",-0.320770905190167
"chr19-0830",-0.589335007198408
"chr19-0831",-0.317432429199797
"chr19-0832",-0.330509454142629
"chr19-0833",-0.241727794119122
"chr19-0834",-0.726813051192532
"chr19-0835",-0.29342793867185
"chr19-0836",-0.494563691527889
"chr19-0837",-0.465703287029689
"chr19-0838",-0.418752938991771
"chr19-0839",-0.596011945642056
"chr19-0840",-0.47794970600673
"chr19-0841",-0.365096649930711
"chr19-0842",-0.488958202645836
"chr19-0843",-0.250204292754812
"chr19-0844",-0.437898503666589
"chr19-0845",-0.224103307080661
"chr19-0846",-0.281279280837529
"chr19-0847",-0.432999254371266
"chr19-0848",-0.186066376312098
"chr19-0849",-0.457837621509539
"chr19-0850",-0.553476376519729
"chr19-0851",-0.589294625857328
"chr19-0852",-0.272465157485946
"chr19-0853",-0.635284268125747
"chr19-0854",-0.430872245825967
"chr19-0855",-0.429393933712073
"chr19-0856",-0.381644200034801
"chr19-0857",-0.416838140437479
"chr19-0858",-0.694046506840666
"chr19-0859",-0.525020200742037
"chr19-0860",-0.284350255392177
"chr19-0861",-0.430922729941328
"chr19-0862",-0.40842175564987
"chr19-0863",-0.378496309042798
"chr19-0864",-0.283311689413965
"chr19-0865",-0.392073053699323
"chr19-0866",-0.167953877276674
"chr19-0867",-0.211386130848665
"chr19-0868",-0.58050313309951
"chr19-0869",-0.44567292498593
"chr19-0870",-0.548118888513626
"chr19-0871",-0.869002526604877
"chr19-0872",-0.516598523126503
"chr19-0873",-0.291647682160654
"chr19-0874",-0.918509746669052
"chr19-0875",-0.292354903141904
"chr19-0876",-0.378789086702424
"chr19-0877",-0.517749929415395
"chr19-0878",-0.32430764277733
"chr19-0879",-0.206763498079771
"chr19-0880",-0.587162630326735
"chr19-0881",-0.395827681362001
"chr19-0882",-0.0316793544268631
"chr19-0883",-0.268714699259513
"chr19-0884",-0.137434722841575
"chr19-0885",-0.631418375370594
"chr19-0886",-0.370968324563996
"chr19-0887",-0.490874690229736
"chr19-0888",-0.602029842451185
"chr19-0889",-0.687687250017937
"chr19-0890",-0.512010860899885
"chr19-0891",-0.525024442373233
"chr19-0892",-0.507095834382543
"chr19-0893",-0.506326850851203
"chr19-0894",-0.508507068644991
"chr19-0895",-0.288234926170367
"chr19-0896",-0.391366181835253
"chr19-0897",-0.388477751116048
"chr19-0898",-0.285595274604
"chr19-0899",-0.441415917883819
"chr19-0900",-0.498167546081944
"chr19-0901",-0.684569082549113
"chr19-0902",-0.562238328211977
"chr19-0903",-0.415209953228313
"chr19-0904",-0.562833348114441
"chr19-0905",-0.385499870973385
"chr19-0906",-0.261202910655329
"chr19-0907",-0.436440710391625
"chr19-0908",-0.410426463362025
"chr19-0909",-0.688125815821036
"chr19-0910",-0.250687386163294
"chr19-0911",-0.393859435350799
"chr19-0912",-0.446677115314972
"chr19-0913",-0.485935563541708
"chr19-0914",-0.485678739290991
"chr19-0915",-0.437628790007003
"chr19-0916",-0.371953801609069
"chr19-0917",-0.63203136334604
"chr19-0918",-0.613816753205214
"chr19-0919",-0.685033083201685
"chr19-0920",-0.316059993999385
"chr19-0921",-0.419615000062124
"chr19-0922",-0.555110967591624
"chr19-0923",-0.44690946917837
"chr19-0924",-0.57165523432407
"chr19-0925",-0.401469882203432
"chr19-0926",-0.62233724272621
"chr19-0927",-0.551358295484085
"chr19-0928",-0.315044718172478
"chr19-0929",-0.624210764732418
"chr19-0930",-1.25275332906209
"chr19-0931",-0.57412900149134
"chr19-0932",-0.648058191997587
"chr19-0933",-0.274482161931834
"chr19-0934",-0.430163948571344
"chr19-0935",-0.649000124403863
"chr19-0936",-0.459826994916168
"chr19-0937",-0.530100395268123
"chr19-0938",-0.714312012654488
"chr19-0939",-0.162289387985784
"chr19-0940",-0.405245797504696
"chr19-0941",-0.997655190424913
"chr19-0942",-1.01180034674439
"chr19-0943",-1.05420075630004
"chr19-0944",-0.830388902842628
"chr19-0945",-0.828130571655562
"chr19-0946",-0.64380218692537
"chr19-0947",-0.241726453358031
"chr19-0948",-0.544917141275851
"chr19-0949",-0.362517870055929
"chr19-0950",-0.277864118760887
"chr19-0951",-0.718911219205437
"chr19-0952",-0.684605651195998
"chr19-0953",-0.428588250165453
"chr19-0954",-0.179100169324819
"chr19-0955",-0.470280981630593
"chr19-0956",-0.134030778320648
"chr19-0957",-0.409182433125319
"chr19-0958",-0.542368545112594
"chr19-0959",-0.420004274789465
"chr19-0960",-0.614135406002485
"chr19-0961",-0.469852824972027
"chr19-0962",-0.165485573677631
"chr19-0963",-0.287202978178065
"chr19-0964",-0.323058406862289
"chr19-0965",-0.336568716752583
"chr19-0966",-0.297859860037649
"chr19-0967",-0.344681069960824
"chr19-0968",-0.567940999738926
"chr19-0969",-0.388386996659612
"chr19-0970",-0.329795986092948
"chr19-0971",-0.599359480266584
"chr19-0972",-0.66758663592368
"chr19-0973",-0.280814002882106
"chr19-0974",-0.546652699318822
"chr19-0975",-0.36718817215614
"chr19-0976",-0.491570130549066
"chr19-0977",-0.448136702346024
"chr19-0978",-0.628870337422121
"chr19-0979",-0.199457471347348
"chr19-0980",-0.136567888271286
"chr19-0981",-0.415983205325892
"chr19-0982",-0.23668319822809
"chr19-0983",-0.226735345447482
"chr19-0984",-0.411382452330735
"chr19-0985",-0.269399170383967
"chr19-0986",-0.318384764463599
"chr19-0987",-0.380644976550061
"chr19-0988",-0.112767711388231
"chr19-0989",-0.511097985040194
"chr19-0990",-0.299636779859666
"chr19-0991",-0.197393591274796
"chr19-0992",-0.337485074977302
"chr19-0993",-0.355530181755693
"chr19-0994",-0.195978945611823
"chr19-0995",-0.417435868541104
"chr19-0996",-0.527417216718538
"chr19-0997",-0.762312249491035
"chr19-0998",-0.271407737715992
"chr19-0999",-0.129758098546865
"chr19-1000",-0.406020770194378
"chr19-1001",-0.16698023916853
"chr19-1002",-0.43924119309966
"chr19-1003",-0.618085428259908
"chr19-1004",-0.420665576205141
"chr19-1005",-0.455704107440137
"chr19-1006",-0.254537614985464
"chr19-1007",-0.169892352438802
"chr19-1008",-0.345212620425342
"chr19-1009",-0.230402869028848
"chr19-1010",-0.132444448514154
"chr19-1011",-0.291369461517362
"chr19-1012",-0.421365400311037
"chr19-1013",-0.300107532277779
"chr19-1014",-0.22001632303674
"chr19-1015",-0.564570290743782
"chr19-1016",-0.537796003041453
"chr19-1017",-0.241800587006225
"chr19-1018",-0.336421866786641
"chr19-1019",-0.241508450231082
"chr19-1020",-0.279181606634821
"chr19-1021",-0.509846906430266
"chr19-1022",-0.262397697624147
"chr19-1023",-0.572315560710331
"chr19-1024",-0.29364849036296
"chr19-1025",-0.469206530647048
"chr19-1026",-0.291726712553562
"chr19-1027",-0.347181462160319
"chr19-1028",-0.530590360702497
"chr19-1029",-0.492169326687085
"chr19-1030",-0.715293151740476
"chr19-1031",-0.239764793280367
"chr19-1032",-0.405697812732787
"chr19-1033",-0.509376056813125
"chr19-1034",-0.599455542373626
"chr19-1035",-0.555973454876524
"chr19-1036",-0.428002438968653
"chr19-1037",-0.348247943277606
"chr19-1038",-0.217141391245734
"chr19-1039",-0.227083762787856
"chr19-1040",-0.335073947034991
"chr19-1041",-0.429914736131094
"chr19-1042",-0.184320135955394
"chr19-1043",-0.234333271774213
"chr19-1044",-0.536003164870745
"chr19-1045",-0.421387894643255
"chr19-1046",-0.213411883780593
"chr19-1047",-0.347442325254038
"chr19-1048",-0.272341075519023
"chr19-1049",-0.113809620005111
"chr19-1050",-0.35199722487318
"chr19-1051",-0.0853705095097846
"chr19-1052",-0.197822344839666
"chr2-0001",-0.175051336896948
"chr2-0002",-0.367425637135083
"chr2-0003",-0.282157887520974
"chr2-0004",-0.146467687172593
"chr2-0005",-0.200344482182548
"chr2-0006",-0.192586528479122
"chr2-0007",-0.1575895928327
"chr2-0008",-0.0138152330855962
"chr2-0009",-0.429907295360159
"chr2-0010",-0.245293915997257
"chr2-0011",-0.317214476829328
"chr2-0012",-0.0706277477568056
"chr2-0013",-0.137887826929197
"chr2-0014",-0.0991063178282627
"chr2-0015",-0.189653394117212
"chr2-0016",-0.222399525881192
"chr2-0017",-0.216481874004671
"chr2-0018",-0.13878669869956
"chr2-0019",-0.305364182503997
"chr2-0020",-0.342583714233496
"chr2-0021",-0.236564526162979
"chr2-0022",-0.210726037614101
"chr2-0023",-0.130074978099063
"chr2-0024",-0.3162541676564
"chr2-0025",-0.219671108727795
"chr2-0026",-0.233076796180688
"chr2-0027",-0.129845258040516
"chr2-0028",-0.303742736775749
"chr2-0029",-0.195050977494121
"chr2-0030",-0.281321291991111
"chr2-0031",-0.179934275569152
"chr2-0032",-0.112264652862422
"chr2-0033",-0.189314710313531
"chr2-0034",-0.234074168874479
"chr2-0035",-0.323697440346423
"chr2-0036",-0.180543715037773
"chr2-0037",-0.245988864453619
"chr2-0038",-0.0984904804171468
"chr2-0039",-0.474195075508022
"chr2-0040",-0.0673089449264615
"chr2-0041",-0.260475786985738
"chr2-0042",-0.184392839414397
"chr2-0043",-0.158879428541884
"chr2-0044",-0.32368430448467
"chr2-0045",-0.204659786763319
"chr2-0046",-0.370832955978531
"chr2-0047",-0.25456794852955
"chr2-0048",-0.194877542743867
"chr2-0049",-0.327046809098346
"chr2-0050",-0.182483767799607
"chr2-0051",-0.216490078302434
"chr2-0052",-0.130623302736773
"chr2-0053",-0.103819939773769
"chr2-0054",-0.0979517341460872
"chr2-0055",-0.267063680004758
"chr2-0056",-0.172763679773397
"chr2-0057",-0.0931271326452513
"chr2-0058",-0.224124536011328
"chr2-0059",-0.269377364673774
"chr2-0060",-0.311476286193227
"chr2-0061",-0.341644249417878
"chr2-0062",-0.502232819683498
"chr2-0063",-0.195398081162805
"chr2-0064",-0.160213566411285
"chr2-0065",-0.153054659581909
"chr2-0066",-0.0843995775822632
"chr2-0067",-0.208399840867776
"chr2-0068",-0.268536548416705
"chr2-0069",-0.148752093959841
"chr2-0070",-0.1981657705739
"chr2-0071",-0.159505000023334
"chr2-0072",-0.466035801549665
"chr2-0073",-0.334297326225253
"chr2-0074",-0.241111388707636
"chr2-0075",-0.291279135996376
"chr2-0076",-0.27687762673849
"chr2-0077",-0.090398490142245
"chr2-0078",-0.312176960508225
"chr2-0079",-0.297579825216324
"chr2-0080",-0.235230910047853
"chr2-0081",-0.372583630154147
"chr2-0082",-0.258732710377153
"chr2-0083",-0.254171875956376
"chr2-0084",-0.436829797713072
"chr2-0085",-0.130839329884874
"chr2-0086",-0.28346090606401
"chr2-0087",-0.430388848707916
"chr2-0088",-0.364107689135872
"chr2-0089",-0.257552376441294
"chr2-0090",-0.227551414002287
"chr2-0091",-0.276635858717343
"chr2-0092",-0.257429583799373
"chr2-0093",-0.241322834545373
"chr2-0094",-0.303206146275246
"chr2-0095",-0.247723063851315
"chr2-0096",-0.395716943078334
"chr2-0097",-0.517873830991141
"chr2-0098",-0.34668491554155
"chr2-0099",-0.37410318040581
"chr2-0100",-0.344228050665699
"chr2-0101",-0.359409403622157
"chr2-0102",-0.292729605423179
"chr2-0103",-0.257047639092886
"chr2-0104",-0.2613594855991
"chr2-0105",-0.472971456402319
"chr2-0106",-0.215350238019002
"chr2-0107",-0.320385583536259
"chr2-0108",-0.23696809895241
"chr2-0109",-0.518300197599965
"chr2-0110",-0.178111751401271
"chr2-0111",-0.336901479298178
"chr2-0112",-0.2554121049566
"chr2-0113",-0.421797520983655
"chr2-0114",-0.31077241698883
"chr2-0115",-0.349476263434583
"chr2-0116",-0.313041532584316
"chr2-0117",-0.222994134888928
"chr2-0118",-0.160071223981061
"chr2-0119",-0.291423758723381
"chr2-0120",-0.187568260496874
"chr2-0121",-0.198262444358915
"chr2-0122",-0.201808522086841
"chr2-0123",-0.242658969326042
"chr2-0124",-0.712885736503303
"chr2-0125",-0.337690941726001
"chr2-0126",-0.6489238620984
"chr2-0127",-0.413189081161922
"chr2-0128",-0.240924600354938
"chr2-0129",-0.27347419987463
"chr2-0130",-0.270369658171479
"chr2-0131",-0.325497288868801
"chr2-0132",-0.393176234437261
"chr2-0133",-0.242441666594379
"chr2-0134",-0.438850698739899
"chr2-0135",-0.310784460668976
"chr2-0136",-0.270088428251103
"chr2-0137",-0.443751077026661
"chr2-0138",-0.266666850372937
"chr2-0139",-0.251713776808957
"chr2-0140",-0.320330012619628
"chr2-0141",-0.104349984247296
"chr2-0142",-0.279522162392567
"chr2-0143",-0.455379185744175
"chr2-0144",-0.362819522322584
"chr2-0145",-0.0655540889457786
"chr2-0146",-0.354459230151465
"chr2-0147",-0.294848114432702
"chr2-0148",-0.288732745935229
"chr2-0149",-0.113987153293274
"chr2-0150",-0.220999797552665
"chr2-0151",-0.401230300352271
"chr2-0152",-0.388317170106126
"chr2-0153",-0.182881993528943
"chr2-0154",-0.309986204584796
"chr2-0155",-0.411509521121256
"chr2-0156",-0.426236689238077
"chr2-0157",-0.409749816867228
"chr2-0158",-0.392122192135543
"chr2-0159",-0.366990914394834
"chr2-0160",-0.48816844319603
"chr2-0161",-0.296704200964497
"chr2-0162",-0.320251056246418
"chr2-0163",-0.252611706120235
"chr2-0164",-0.366242063506162
"chr2-0165",-0.162967624710144
"chr2-0166",-0.280121373096376
"chr2-0167",-0.183673316377121
"chr2-0168",-0.320035379463633
"chr2-0169",-0.220211243907426
"chr2-0170",-0.193812528249079
"chr2-0171",-0.310422711857997
"chr2-0172",-0.19424817523299
"chr2-0173",-0.245921589235699
"chr2-0174",-0.30797153383967
"chr2-0175",-0.353661187552889
"chr2-0176",-0.259994758644956
"chr2-0177",-0.29666933585891
"chr2-0178",-0.343387132893652
"chr2-0179",-0.131646898972297
"chr2-0180",-0.421168187653997
"chr2-0181",-0.420882624488754
"chr2-0182",-0.269133876882259
"chr2-0183",-0.161334344494831
"chr2-0184",-0.270165632493115
"chr2-0185",-0.422782130056161
"chr2-0186",-0.27698329636939
"chr2-0187",-0.207054071691575
"chr2-0188",-0.307706001698236
"chr2-0189",-0.192350191900355
"chr2-0190",-0.380287908201501
"chr2-0191",-0.147499370123951
"chr2-0192",-0.198423545212205
"chr2-0193",-0.355351764167024
"chr2-0194",-0.397177795030732
"chr2-0195",-0.332820394894053
"chr2-0196",-0.362166874119825
"chr2-0197",-0.1994512428939
"chr2-0198",-0.276819488683891
"chr2-0199",-0.181071036460971
"chr2-0200",-0.221623227333647
"chr2-0201",-0.213618647852258
"chr2-0202",0.00899544816905678
"chr2-0203",-0.211341240935514
"chr2-0204",-0.313420580517944
"chr2-0205",-0.216944271691272
"chr2-0206",-0.475937160325072
"chr2-0207",-0.428969707350466
"chr2-0208",-0.390118947738964
"chr2-0209",-0.458093556495586
"chr2-0210",-0.531603864914409
"chr2-0211",-0.338066301980383
"chr2-0212",-0.278073572293917
"chr2-0213",-0.272955390701404
"chr2-0214",-0.401508642600225
"chr2-0215",-0.266887794335205
"chr2-0216",-0.453241898135232
"chr2-0217",-0.55528289335932
"chr2-0218",-0.333889177418307
"chr2-0219",-0.276117386089057
"chr2-0220",-0.304886396969066
"chr2-0221",-0.301602897317631
"chr2-0222",-0.293618558186986
"chr2-0223",-0.230767379370419
"chr2-0224",-0.293254304952359
"chr2-0225",-0.339814697123544
"chr2-0226",-0.346651383551917
"chr2-0227",-0.465501150446672
"chr2-0228",-0.335420686519523
"chr2-0229",-0.443974545515194
"chr2-0230",-0.626241266795924
"chr2-0231",-0.0817849726108565
"chr2-0232",-0.35525219226608
"chr2-0233",-0.349364493926454
"chr2-0234",-0.383215660291346
"chr2-0235",-0.391048200806859
"chr2-0236",-0.102967148586759
"chr2-0237",-0.388573594724986
"chr2-0238",-0.236547388077057
"chr2-0239",-0.184587389276505
"chr2-0240",-0.383264632053017
"chr2-0241",-0.572422672513672
"chr2-0242",-0.32452649103656
"chr2-0243",-0.223799057627259
"chr2-0244",-0.326427717942819
"chr2-0245",-0.452762384954623
"chr2-0246",-0.188749077859644
"chr2-0247",-0.184370356461604
"chr2-0248",-0.302847686867442
"chr2-0249",-0.425225855713824
"chr2-0250",-0.234853458566582
"chr2-0251",-0.437009124996229
"chr2-0252",-0.473907779182663
"chr2-0253",-0.243261567410969
"chr2-0254",-0.264126284633203
"chr2-0255",-0.158658157285377
"chr2-0256",-0.144848370147943
"chr2-0257",-0.202683949974173
"chr2-0258",-0.316018491225388
"chr2-0259",-0.289977540589745
"chr2-0260",-0.473656208180223
"chr2-0261",-0.474928071188867
"chr2-0262",-0.218966210512677
"chr2-0263",-0.459797549529469
"chr2-0264",-0.344748842639492
"chr2-0265",-0.138323676930288
"chr2-0266",-0.197110874262893
"chr2-0267",-0.358371534157622
"chr2-0268",-0.251189969933238
"chr2-0269",-0.234048832083126
"chr2-0270",-0.193303253337957
"chr2-0271",-0.2921410152757
"chr2-0272",-0.346593806626624
"chr2-0273",-0.205133089547478
"chr2-0274",-0.575338406856515
"chr2-0275",-0.0236725926804432
"chr2-0276",-0.525558821836729
"chr2-0277",-0.387298636845896
"chr2-0278",-0.360476304113679
"chr2-0279",-0.313175236056367
"chr2-0280",-0.463231139733795
"chr2-0281",-0.491587169665407
"chr2-0282",-0.332124780754478
"chr2-0283",-0.654744319648314
"chr2-0284",-0.31197291021236
"chr2-0285",-0.140455514476483
"chr2-0286",-0.319658061611863
"chr2-0287",-0.565206902533197
"chr2-0288",-0.283835954327869
"chr2-0289",-0.316473441872966
"chr2-0290",-0.280097113535825
"chr2-0291",-0.314539142678817
"chr2-0292",-0.344784344213443
"chr2-0293",-0.261763464282845
"chr2-0294",-0.469980333181856
"chr2-0295",-0.351484844939414
"chr2-0296",-0.523819506076974
"chr2-0297",-0.367801813258641
"chr2-0298",-0.489996290019093
"chr2-0299",-0.818871962288948
"chr2-0300",-0.328057846803073
"chr2-0301",-0.460006918445976
"chr2-0302",-0.392648350690379
"chr2-0303",-0.37275059071442
"chr2-0304",-0.154250370981567
"chr2-0305",-0.299635869645144
"chr2-0306",-0.208735608974935
"chr2-0307",-0.433295625290217
"chr2-0308",-0.306524177990925
"chr2-0309",-0.322659759786014
"chr2-0310",-0.272854827371536
"chr2-0311",-0.33820588835559
"chr2-0312",-0.335791289760494
"chr2-0313",-0.297018336202442
"chr2-0314",-0.448239245212311
"chr2-0315",-0.222316907217191
"chr2-0316",-0.44476746111994
"chr2-0317",-0.448554926632969
"chr2-0318",-0.335730436819657
"chr2-0319",-0.317344994524244
"chr2-0320",-0.656985828376682
"chr2-0321",-0.258445145432139
"chr2-0322",-0.0125425576219286
"chr2-0323",-0.32011547957988
"chr2-0324",-0.31055536084022
"chr2-0325",-0.262837634290728
"chr2-0326",-0.164735224940799
"chr2-0327",-0.280984267647442
"chr2-0328",-0.329261267056041
"chr2-0329",-0.366469465670662
"chr2-0330",-0.172932504135318
"chr2-0331",-0.329707743359972
"chr2-0332",-0.553023106648105
"chr2-0333",-0.414359333536496
"chr2-0334",-0.438201269939844
"chr2-0335",-0.40634221078409
"chr2-0336",-0.211163569689393
"chr2-0337",-0.469637581971241
"chr2-0338",-0.487232914053226
"chr2-0339",-0.612960910863382
"chr2-0340",-0.357036393868301
"chr2-0341",-0.270685912872418
"chr2-0342",-0.348406363636738
"chr2-0343",-0.480086785787999
"chr2-0344",-0.206198856142566
"chr2-0345",-0.341725705748939
"chr2-0346",-0.359461983809839
"chr2-0347",-0.188052054581836
"chr2-0348",-0.39894129784557
"chr2-0349",-0.238704513700848
"chr2-0350",-0.205658869245867
"chr2-0351",-0.346747984332892
"chr2-0352",-0.229318726062184
"chr2-0353",-0.149429296020792
"chr2-0354",-0.401519655001189
"chr2-0355",-0.280238535717937
"chr2-0356",-0.274678962897462
"chr2-0357",-0.251203623476983
"chr2-0358",-0.384113967210817
"chr2-0359",-0.139543329998751
"chr2-0360",-0.332729311885082
"chr2-0361",-0.330659636743613
"chr2-0362",-0.484368007041122
"chr2-0363",-0.277419864058264
"chr2-0364",-0.48216810903976
"chr2-0365",-0.27038826630664
"chr2-0366",-0.316316915294108
"chr2-0367",-0.254157418521752
"chr2-0368",-0.333009705789861
"chr2-0369",-0.190979781904217
"chr2-0370",-0.284838876441919
"chr2-0371",-0.0699576837958635
"chr2-0372",-0.493197369804211
"chr2-0373",-0.460398035978184
"chr2-0374",-0.0761078270658183
"chr2-0375",-0.370214824564599
"chr2-0376",-0.53696543656162
"chr2-0377",-0.527836820591783
"chr2-0378",-0.544121559231656
"chr2-0379",-0.293134831046155
"chr2-0380",-0.396756178268287
"chr2-0381",-0.516023485523154
"chr2-0382",-0.390743770743277
"chr2-0383",-0.388870843979174
"chr2-0384",-0.46123053766358
"chr2-0385",-0.469624305696718
"chr2-0386",-0.504584775714527
"chr2-0387",-0.410897884275126
"chr2-0388",-0.268366252996863
"chr2-0389",-0.438732211481304
"chr2-0390",-0.221928987072327
"chr2-0391",-0.185029349103684
"chr2-0392",-0.238894237461862
"chr2-0393",-0.304953951229578
"chr2-0394",-0.206625359140597
"chr2-0395",-0.329766127160171
"chr2-0396",-0.167707714359476
"chr2-0397",-0.373560453831676
"chr2-0398",-0.49203969310981
"chr2-0399",-0.278668875521391
"chr2-0400",-0.375510130012648
"chr2-0401",-0.318768611238587
"chr2-0402",-0.253424081443101
"chr2-0403",-0.243551543133925
"chr2-0404",-0.275872014623658
"chr2-0405",-0.457488072431691
"chr2-0406",-0.248322117796365
"chr2-0407",-0.306110222756647
"chr2-0408",-0.0636082514674397
"chr2-0409",-0.5150776700417
"chr2-0410",-1.4009618048655
"chr2-0411",-1.33622783958151
"chr2-0412",-1.49537175094404
"chr2-0413",-1.33364615316568
"chr2-0414",-1.21872909731969
"chr2-0415",-1.36682877786015
"chr2-0416",-1.37832190687851
"chr2-0417",-1.36345392587987
"chr2-0418",-1.51502726983632
"chr2-0419",-2.00704612095736
"chr2-0420",-1.37496059230617
"chr2-0421",-1.32558896165691
"chr2-0422",-1.89112058284568
"chr2-0423",-1.58536369251165
"chr2-0424",-1.28222106401319
"chr2-0425",-1.5682728785582
"chr2-0426",-1.45594799643074
"chr2-0427",-1.46158133472956
"chr2-0428",-1.48758878540684
"chr2-0429",-1.40370507612523
"chr2-0430",-1.20994412896736
"chr2-0431",-1.43009512163715
"chr2-0432",-0.352476455595143
"chr2-0433",-0.147286774821133
"chr2-0434",-0.184745497109149
"chr2-0435",-0.180583055284139
"chr2-0436",-0.305019805203459
"chr2-0437",-0.0274769618236308
"chr2-0438",-0.280650819961905
"chr2-0439",-0.144949801165806
"chr2-0440",-0.389638388255276
"chr2-0441",-0.358026373583647
"chr2-0442",-0.26303865353684
"chr2-0443",-0.170516826821195
"chr2-0444",-0.342629442532553
"chr2-0445",-0.417296708188267
"chr2-0446",-0.437184374286821
"chr2-0447",-0.248868153852
"chr2-0448",-0.247573640057599
"chr2-0449",-0.264067604835554
"chr2-0450",-0.177121613903302
"chr2-0451",-0.0974408964869641
"chr2-0452",-0.309927304537112
"chr2-0453",-0.190150229498393
"chr2-0454",-0.398064543332152
"chr2-0455",-0.201992298542433
"chr2-0456",-0.463561261076036
"chr2-0457",-0.578363160944504
"chr2-0458",-0.603936508035286
"chr2-0459",-0.547218543525229
"chr2-0460",-0.33691359159187
"chr2-0461",-0.692575254886155
"chr2-0462",-0.572164960899724
"chr2-0463",-0.131696372483349
"chr2-0464",-0.108784171551647
"chr2-0465",-0.448730079570581
"chr2-0466",-0.364176766811794
"chr2-0467",-0.305800662893466
"chr2-0468",-0.327900736508955
"chr2-0469",-0.420559921684282
"chr2-0470",-0.280549095538796
"chr2-0471",-0.186214034976006
"chr2-0472",-0.311176984050102
"chr2-0473",-0.225911387046216
"chr2-0474",-0.145566158734657
"chr2-0475",-0.328732958368873
"chr2-0476",-0.230011374675212
"chr2-0477",-0.372307076032646
"chr2-0478",-0.306806054842632
"chr2-0479",-0.353120869389617
"chr2-0480",-0.491490143390555
"chr2-0481",-0.640752608942351
"chr2-0482",-0.301154801869664
"chr2-0483",-0.439688625903294
"chr2-0484",-0.258049004196878
"chr2-0485",-0.448016370181638
"chr2-0486",-0.127742207146253
"chr2-0487",-0.412057056828157
"chr2-0488",-0.709890668498165
"chr2-0489",-0.441001108054237
"chr2-0490",-0.413548190889518
"chr2-0491",-0.36993484144125
"chr2-0492",-0.475010218780716
"chr2-0493",-0.361270404858931
"chr2-0494",-0.419255694740597
"chr2-0495",-0.327945963552802
"chr2-0496",-0.237495325942299
"chr2-0497",-0.36174653372751
"chr2-0498",-0.235041038004538
"chr2-0499",-0.16811157312216
"chr2-0500",-0.152471445258987
"chr2-0501",-0.188784241955861
"chr2-0502",-0.465757779725328
"chr2-0503",-0.260073999179962
"chr2-0504",-0.448550070698787
"chr2-0505",-0.253997814102662
"chr2-0506",-0.112372553563629
"chr2-0507",-0.444173215397812
"chr2-0508",-0.187021226312087
"chr2-0509",-0.315345464788857
"chr2-0510",-0.175442351789295
"chr2-0511",-0.33483472481544
"chr2-0512",-0.106742890052674
"chr2-0513",-0.380249378472998
"chr2-0514",-0.18813325683294
"chr2-0515",-0.434834912639861
"chr2-0516",-0.34278185382364
"chr2-0517",-0.360187942928332
"chr2-0518",-0.503430805674868
"chr2-0519",-0.340803695872494
"chr2-0520",-0.397624169423791
"chr2-0521",-0.429251440938784
"chr2-0522",-0.292255908770856
"chr2-0523",-0.292113998749541
"chr2-0524",-0.321783048070311
"chr2-0525",-0.0888687810170322
"chr2-0526",-0.413392086996829
"chr2-0527",-0.355438316666319
"chr2-0528",-0.240431781221794
"chr2-0529",-0.201932898261371
"chr2-0530",-0.303666629932576
"chr2-0531",-0.238113004682432
"chr2-0532",-0.524839938975647
"chr2-0533",-0.250534139739222
"chr2-0534",-0.338993274421865
"chr2-0535",-0.408804745759917
"chr2-0536",-0.374116838794119
"chr2-0537",-0.376925834924839
"chr2-0538",-0.315101606256107
"chr2-0539",-0.264692549487841
"chr2-0540",-0.204265869846002
"chr2-0541",-0.562789208725703
"chr2-0542",-0.258865249326817
"chr2-0543",-0.420936190464008
"chr2-0544",-0.283198223389963
"chr2-0545",-0.365066711737942
"chr2-0546",-0.369028407123941
"chr2-0547",-0.228537195882722
"chr2-0548",-0.294189481957251
"chr2-0549",-0.260107323668064
"chr2-0550",-0.346481541304797
"chr2-0551",-0.206031680885125
"chr2-0552",-0.199511379701072
"chr2-0553",-0.32260497900243
"chr2-0554",-0.335275246765359
"chr2-0555",-0.386855420320825
"chr2-0556",-0.568305147755403
"chr2-0557",-0.290082959887579
"chr2-0558",-0.36868225019067
"chr2-0559",-0.227217132420836
"chr2-0560",-0.1729324451915
"chr2-0561",-0.277154454326177
"chr2-0562",-0.36253911127268
"chr2-0563",-0.313285306897417
"chr2-0564",-0.682059895867748
"chr2-0565",-0.354598927651419
"chr2-0566",-0.351437865734152
"chr2-0567",-0.27371850841605
"chr2-0568",-0.6679365314395
"chr2-0569",-0.393749818014209
"chr2-0570",-0.243716070941843
"chr2-0571",-0.272627996520246
"chr2-0572",-0.0516794430890929
"chr2-0573",-0.287485096510569
"chr2-0574",-0.670042412549022
"chr2-0575",-0.12120784487091
"chr2-0576",-0.287789095494393
"chr2-0577",-0.410462078417186
"chr2-0578",-0.213702854399777
"chr2-0579",-0.370329737114554
"chr2-0580",-0.343827696607428
"chr2-0581",-0.485825827405941
"chr2-0582",-0.378516939114993
"chr2-0583",-0.271046576366621
"chr2-0584",-0.338333698555522
"chr2-0585",-0.234169580292242
"chr2-0586",-0.202406827999017
"chr2-0587",-0.186458310482249
"chr2-0588",-0.269623838153303
"chr2-0589",-0.119858869220605
"chr2-0590",-0.459404474213898
"chr2-0591",-0.311894298897948
"chr2-0592",-0.481932398501122
"chr2-0593",-0.294446453041815
"chr2-0594",-0.414806158814102
"chr2-0595",-0.275800335849897
"chr2-0596",-0.160723252752085
"chr2-0597",-0.306320971615571
"chr2-0598",-0.423656705375625
"chr2-0599",-0.212536037449689
"chr2-0600",-0.17357704495575
"chr2-0601",-0.237349860371942
"chr2-0602",-0.365064174035472
"chr2-0603",-0.224655539877085
"chr2-0604",-0.293243921439165
"chr2-0605",-0.539445373632482
"chr2-0606",-0.389412137539998
"chr2-0607",-0.610456055651922
"chr2-0608",-0.264054554490756
"chr2-0609",-0.240474289868839
"chr2-0610",-0.204087798803504
"chr2-0611",-0.502550963670792
"chr2-0612",-0.384533252277239
"chr2-0613",-0.541793191238192
"chr2-0614",-0.312140076149192
"chr2-0615",-0.216485381832947
"chr2-0616",-0.453416700886253
"chr2-0617",-0.20257021865799
"chr2-0618",-0.573590381775613
"chr2-0619",-0.281105466676257
"chr2-0620",-0.270469514006488
"chr2-0621",-0.214257432286111
"chr2-0622",-0.345996588628837
"chr2-0623",-0.355883744326932
"chr2-0624",-0.494667995964528
"chr2-0625",-0.319341486065291
"chr2-0626",-0.420323899607393
"chr2-0627",-0.493294821165217
"chr2-0628",-0.0777157014381095
"chr2-0629",-0.220445905123206
"chr2-0630",-0.408800461898073
"chr2-0631",-0.263439644465779
"chr2-0632",-0.222476032188387
"chr2-0633",-0.121285418447854
"chr2-0634",-0.414835139502786
"chr2-0635",-0.127637700265286
"chr2-0636",-0.292459501300302
"chr2-0637",-0.300769685655712
"chr2-0638",-0.352371516900143
"chr2-0639",-0.193221074290818
"chr2-0640",-0.278134455023127
"chr2-0641",-0.174198741705756
"chr2-0642",-0.174251784828337
"chr2-0643",-0.148126001998225
"chr2-0644",-0.301378167277114
"chr2-0645",-0.297772780686827
"chr2-0646",-0.234601854574628
"chr2-0647",-0.173527547817516
"chr2-0648",-0.0905578139991629
"chr2-0649",-0.177212004261043
"chr2-0650",-0.226650762585282
"chr2-0651",-0.600492017629993
"chr2-0652",-0.287463477561681
"chr2-0653",-0.551115273857353
"chr2-0654",-0.371852656988404
"chr2-0655",-0.379728167007672
"chr2-0656",-0.322635216843596
"chr2-0657",-0.565716138409782
"chr2-0658",-0.242775200972861
"chr2-0659",-0.414007909318041
"chr2-0660",-0.439651727312485
"chr2-0661",-0.546601080830534
"chr2-0662",-0.351640140062005
"chr2-0663",-0.503926739304773
"chr2-0664",-0.291236033156181
"chr2-0665",-0.369907117945475
"chr2-0666",-0.361075536617523
"chr2-0667",-0.199842304025134
"chr2-0668",-0.406800178575078
"chr2-0669",-0.454584127155008
"chr2-0670",-0.563124372117262
"chr2-0671",-0.220774720865941
"chr2-0672",-0.436923282168707
"chr2-0673",-0.708366668904286
"chr2-0674",-0.369989178197608
"chr2-0675",-0.261310268809068
"chr2-0676",-0.177430020739167
"chr2-0677",-0.331983327903001
"chr2-0678",-0.325070151379866
"chr2-0679",-0.261993821620743
"chr2-0680",-0.578215805467932
"chr2-0681",-0.141001875996873
"chr2-0682",-0.0653179849387796
"chr2-0683",-0.782335235285956
"chr2-0684",-0.37234413630123
"chr2-0685",-0.282614779947586
"chr2-0686",-0.540886478929168
"chr2-0687",-0.625508453427753
"chr2-0688",-0.61651293611986
"chr2-0689",-0.569249298462327
"chr2-0690",-0.426538368886403
"chr2-0691",-0.253481302865932
"chr2-0692",-0.24354616888598
"chr2-0693",-0.282861908031163
"chr2-0694",-0.24166579806088
"chr2-0695",-0.150949565667778
"chr2-0696",-0.278551656691491
"chr2-0697",-0.267993485929783
"chr2-0698",-0.0509284171767133
"chr2-0699",-0.246585975418611
"chr2-0700",-0.595395820733351
"chr2-0701",-0.23602891954581
"chr2-0702",-0.295803649278349
"chr2-0703",-0.331917696576302
"chr2-0704",-0.324046214657662
"chr2-0705",-0.244777724237494
"chr2-0706",-0.0932982321586951
"chr2-0707",-0.270919279538986
"chr2-0708",-0.327660316209667
"chr2-0709",-0.250920355680099
"chr2-0710",-0.350679554359987
"chr2-0711",-0.218700554563812
"chr2-0712",-0.31658866657159
"chr2-0713",-0.117990146120218
"chr2-0714",-0.240610042961522
"chr2-0715",-0.341759272558427
"chr2-0716",-0.415455704954058
"chr2-0717",-0.253427270704559
"chr2-0718",-0.352019466626467
"chr2-0719",-0.459407257734979
"chr2-0720",-0.478253904536283
"chr2-0721",-0.172954429372321
"chr2-0722",-0.30254058729702
"chr2-0723",-0.49634696752076
"chr2-0724",-0.323291397484057
"chr2-0725",-0.268934455759246
"chr2-0726",-0.147098350999571
"chr2-0727",-0.227879151896413
"chr2-0728",-0.119969921341071
"chr2-0729",-0.34732993457337
"chr2-0730",-0.403974519141484
"chr2-0731",-0.399570252784035
"chr2-0732",-0.0118399556275756
"chr2-0733",-0.60791129079535
"chr2-0734",-0.195526452841071
"chr2-0735",-0.226011289267796
"chr2-0736",-0.263650364062118
"chr2-0737",-0.213205422940983
"chr2-0738",-0.12781975728865
"chr2-0739",-0.220593914977649
"chr2-0740",-0.297789531510594
"chr2-0741",-0.220603361085892
"chr2-0742",-0.0931290313507458
"chr2-0743",-0.231937564712082
"chr2-0744",-0.236701566127363
"chr2-0745",-0.117056412547847
"chr2-0746",-0.286698767129435
"chr2-0747",-0.407529709651871
"chr2-0748",-0.488639245241746
"chr2-0749",-0.258040821747372
"chr2-0750",-0.107304318516378
"chr2-0751",-0.162830103191491
"chr2-0752",-0.455293455448924
"chr2-0753",-0.292792894456085
"chr2-0754",-0.165351253094719
"chr2-0755",-0.361619713876928
"chr2-0756",-0.481020249658162
"chr2-0757",-0.335765159038545
"chr2-0758",-0.294092154379996
"chr2-0759",-0.422479194776495
"chr2-0760",-0.382819611914073
"chr2-0761",-0.370355680525902
"chr2-0762",-0.180809732903812
"chr2-0763",-0.30015294956734
"chr2-0764",-0.39087744006579
"chr2-0765",-0.100838587023134
"chr2-0766",-0.267243161909462
"chr2-0767",-0.283797443490569
"chr2-0768",-0.19762379847588
"chr2-0769",-0.362961095389628
"chr2-0770",-0.549361819679738
"chr2-0771",-0.316285130895749
"chr2-0772",-0.145966134759822
"chr2-0773",-0.366872774394059
"chr2-0774",-0.550788172448879
"chr2-0775",-0.165325523819623
"chr2-0776",-0.404092562021519
"chr2-0777",-0.156362132139399
"chr2-0778",-0.292222545443841
"chr2-0779",-0.264822499424446
"chr2-0780",-0.23990313660505
"chr2-0781",-0.28019121564974
"chr2-0782",-0.225736159389118
"chr2-0783",-0.329463893352555
"chr2-0784",-0.207564122258471
"chr2-0785",-0.151299633119613
"chr2-0786",-0.193922396164348
"chr2-0787",-0.31708134622169
"chr2-0788",-0.400312815877914
"chr2-0789",-0.352692042914776
"chr2-0790",-0.241164480672654
"chr2-0791",-0.192315856448528
"chr2-0792",-0.254023994879249
"chr2-0793",-0.271641283770972
"chr2-0794",-0.141657458505666
"chr2-0795",-0.273635002211459
"chr2-0796",-0.281142809321677
"chr2-0797",-0.121167095572167
"chr2-0798",-0.395957723521593
"chr2-0799",-0.316354230243582
"chr2-0800",-0.314805386973523
"chr2-0801",-0.492068490008993
"chr2-0802",-0.364674342196843
"chr2-0803",-0.202236391378365
"chr2-0804",-0.33180343133171
"chr2-0805",-0.168294597979212
"chr2-0806",-0.271496158526468
"chr2-0807",-0.397955427260107
"chr2-0808",-0.243124027681172
"chr2-0809",-0.14578181859893
"chr2-0810",-0.393200233051102
"chr2-0811",-0.242483387881592
"chr2-0812",-0.357673070561602
"chr2-0813",-0.202367802350488
"chr2-0814",-0.244728248160911
"chr2-0815",-0.525564623978749
"chr2-0816",-0.102363962869697
"chr2-0817",-0.234198734397241
"chr2-0818",-0.515080755985791
"chr2-0819",-0.224795532045427
"chr2-0820",-0.420178344148628
"chr2-0821",-0.286576724661727
"chr2-0822",-0.354250772458614
"chr2-0823",-0.663113666076281
"chr2-0824",-0.256387574196495
"chr2-0825",-0.381819459435678
"chr2-0826",-0.340912585129824
"chr2-0827",-0.549585929598493
"chr2-0828",-0.0153890198246067
"chr2-0829",-0.404266162316141
"chr2-0830",-0.184566825319501
"chr2-0831",-0.109359566433721
"chr2-0832",-0.203431213332679
"chr2-0833",-0.289127459251291
"chr2-0834",-0.332508567106321
"chr2-0835",-0.175621639479618
"chr2-0836",-0.291722252732963
"chr2-0837",-0.215019937264447
"chr2-0838",-0.357099058733465
"chr2-0839",-0.274083595438463
"chr2-0840",-0.267001910354026
"chr2-0841",-0.109285452382256
"chr2-0842",-0.173014060784204
"chr2-0843",-0.362903089795391
"chr2-0844",-0.267359157194157
"chr2-0845",-0.390240689469838
"chr2-0846",-0.224054971503933
"chr2-0847",-0.118338367805109
"chr2-0848",-0.386200919546144
"chr2-0849",-0.569126081874388
"chr2-0850",-0.230618904590817
"chr2-0851",-0.271109119717288
"chr2-0852",-0.287725947693145
"chr2-0853",-0.494189941105023
"chr2-0854",-0.29636740765133
"chr2-0855",-0.512981674450005
"chr2-0856",-0.409058310158992
"chr2-0857",-0.33392902226752
"chr2-0858",-0.365187869019419
"chr2-0859",-0.601767257867166
"chr2-0860",-0.400112761096545
"chr2-0861",-0.473693215678135
"chr2-0862",-0.140838921654916
"chr2-0863",-0.249604630170263
"chr2-0864",-0.278662662697897
"chr2-0865",-0.25341484842208
"chr2-0866",-0.139771591482725
"chr2-0867",-0.0950080034226032
"chr2-0868",-0.0679044911386311
"chr2-0869",-0.139236619674029
"chr2-0870",-0.394635607334553
"chr2-0871",-0.511354421052031
"chr2-0872",-0.556029705618946
"chr2-0873",-0.307324989987352
"chr2-0874",-0.0311911366477871
"chr2-0875",-0.203470094932792
"chr2-0876",-0.291922645662175
"chr2-0877",-0.158582182420342
"chr2-0878",-0.225671795266162
"chr2-0879",-0.317232669135171
"chr2-0880",-0.284821052626468
"chr2-0881",-0.259797454078144
"chr2-0882",-0.522173917224618
"chr2-0883",-0.531777172483747
"chr2-0884",-0.346063783659063
"chr2-0885",-0.343199227592296
"chr2-0886",-0.357405562811033
"chr2-0887",-0.363462556056745
"chr2-0888",-0.383785238991599
"chr2-0889",-0.484312056350784
"chr2-0890",-0.304389003289156
"chr2-0891",-0.200637518479719
"chr2-0892",-0.332474692293135
"chr2-0893",-0.149188639421018
"chr2-0894",-0.228986590860024
"chr2-0895",-0.334793455512448
"chr2-0896",-0.260591336101381
"chr2-0897",-0.32266277876821
"chr2-0898",-0.377147052242458
"chr2-0899",-0.504554363443141
"chr2-0900",-0.331269261974582
"chr2-0901",-0.19760524527505
"chr2-0902",-0.222175859092698
"chr2-0903",-0.422059189661821
"chr2-0904",-0.204068422808356
"chr2-0905",-0.370804514123921
"chr2-0906",-0.216839573708164
"chr2-0907",-0.272042002682567
"chr2-0908",-0.304237725465821
"chr2-0909",-0.313480220554578
"chr2-0910",-0.367946092582109
"chr2-0911",-0.247521915848397
"chr2-0912",-0.275241248991501
"chr2-0913",-0.282560103166862
"chr2-0914",-0.225008351365828
"chr2-0915",-0.227159316202025
"chr2-0916",-0.22662071219536
"chr2-0917",-0.247234262235187
"chr2-0918",-0.574152834618674
"chr2-0919",-0.369876044598103
"chr2-0920",-0.345716466275796
"chr2-0921",-0.171845945343252
"chr2-0922",-0.318434889795584
"chr2-0923",-0.406611679558287
"chr2-0924",-0.43603470759614
"chr2-0925",-0.411476997975498
"chr2-0926",-0.199039828208581
"chr2-0927",-0.332653577930987
"chr2-0928",-0.219822257113532
"chr2-0929",-0.214297403872643
"chr2-0930",-0.361313535657041
"chr2-0931",-0.43395124046506
"chr2-0932",-0.249506381020721
"chr2-0933",-0.38237570017616
"chr2-0934",-0.338600622684495
"chr2-0935",-0.245744201442757
"chr2-0936",-0.256736011296625
"chr2-0937",-0.202397990932757
"chr2-0938",-0.163448557817215
"chr2-0939",-0.304546870279572
"chr2-0940",-0.282865846095694
"chr2-0941",-0.431576161424165
"chr2-0942",-0.184734395921078
"chr2-0943",-0.42240711266695
"chr2-0944",-0.303152275167392
"chr2-0945",-0.234676029910473
"chr2-0946",-0.143243935167352
"chr2-0947",-0.44368358154993
"chr2-0948",-0.321372177196775
"chr2-0949",-0.39332619431411
"chr2-0950",-0.309638498171995
"chr2-0951",-0.275584683760737
"chr2-0952",-0.211448388767335
"chr2-0953",-0.45020164737737
"chr2-0954",-0.314495737071246
"chr2-0955",-0.137418106420993
"chr2-0956",-0.361381415918166
"chr2-0957",-0.305949327114196
"chr2-0958",-0.199026118715183
"chr2-0959",-0.155636416477608
"chr2-0960",-0.407830507590644
"chr2-0961",-0.336981866317794
"chr2-0962",-0.306334442409474
"chr2-0963",-0.254836914713104
"chr2-0964",-0.280763952724396
"chr2-0965",-0.391997971487894
"chr2-0966",-0.141700646768969
"chr2-0967",-0.22474642719945
"chr2-0968",-0.272981167378256
"chr2-0969",-0.206408182127286
"chr2-0970",-0.318238926871365
"chr2-0971",-0.365232695934953
"chr2-0972",-0.283790336838959
"chr2-0973",-0.358334652567803
"chr2-0974",-0.353233206575047
"chr2-0975",-0.279892092471652
"chr2-0976",-0.291397446280255
"chr2-0977",-0.384867649939224
"chr2-0978",-0.236924884368784
"chr2-0979",-0.34942389387137
"chr2-0980",-0.155759124869061
"chr2-0981",-0.295163743725534
"chr2-0982",-0.295596957559692
"chr2-0983",-0.197050949079274
"chr2-0984",-0.400752595928759
"chr2-0985",-0.181694543318493
"chr2-0986",-0.217634950610314
"chr2-0987",-0.311035192791657
"chr2-0988",-0.325541342670785
"chr2-0989",-0.176463128212127
"chr2-0990",-0.333324909115166
"chr2-0991",-0.0857296395170058
"chr2-0992",-0.104589408069683
"chr2-0993",-0.335278475521983
"chr2-0994",-0.287426321273993
"chr2-0995",-0.403812675808184
"chr2-0996",-0.421275003822387
"chr2-0997",-0.334316131893725
"chr2-0998",-0.341495785017526
"chr2-0999",-0.123219304222858
"chr2-1000",-0.278232387193909
"chr2-1001",-0.267725848786459
"chr2-1002",-0.139545534654888
"chr2-1003",-0.420023889122075
"chr2-1004",-0.60901205629126
"chr2-1005",-0.564205033902825
"chr2-1006",-0.211317674311758
"chr2-1007",-0.503978522335313
"chr2-1008",-0.512466394645164
"chr2-1009",-0.552470048572203
"chr2-1010",-0.540772999262008
"chr2-1011",-0.367690990001419
"chr2-1012",-0.336240966101053
"chr2-1013",-0.434522613937621
"chr2-1014",-0.388020041299646
"chr2-1015",-0.286091822047839
"chr2-1016",-0.233896256614818
"chr2-1017",-0.472637261154312
"chr2-1018",-0.587574639520382
"chr2-1019",-0.384282760500526
"chr2-1020",-0.272520598869996
"chr2-1021",-0.408862654366215
"chr2-1022",-0.271612305228714
"chr2-1023",-0.302276466351887
"chr2-1024",-0.0871975100694556
"chr2-1025",-0.194996527958132
"chr2-1026",-0.243939287294849
"chr2-1027",-0.355347791041008
"chr2-1028",-0.318677490791136
"chr2-1029",-0.239015523883441
"chr2-1030",-0.260417320688374
"chr2-1031",-0.49180454685958
"chr2-1032",-0.335962440148294
"chr2-1033",-0.316011876678152
"chr2-1034",-0.118799163196591
"chr2-1035",-0.226604115102315
"chr2-1036",-0.21835593131237
"chr2-1037",-0.21687636358452
"chr2-1038",-0.177461371492587
"chr2-1039",-0.226601992526441
"chr2-1040",-0.452257629458852
"chr2-1041",-0.143679516902855
"chr2-1042",0.0162336230050013
"chr2-1043",-0.237534341478113
"chr2-1044",-0.0889697438167156
"chr2-1045",-0.207008367874677
"chr2-1046",-0.203388312415826
"chr2-1047",-0.334642866445869
"chr2-1048",-0.166590426074276
"chr2-1049",-0.363715466670932
"chr2-1050",-0.172429807195089
"chr2-1051",-0.261581893925818
"chr2-1052",-0.159360879001851
"chr2-1053",-0.265837657748244
"chr2-1054",-0.334865906784437
"chr2-1055",-0.222501696095001
"chr2-1056",-0.293355266210133
"chr2-1057",-0.155469173751866
"chr2-1058",-0.332025573603234
"chr2-1059",-0.196969803100486
"chr2-1060",-0.159659088579828
"chr2-1061",-0.285592647368238
"chr2-1062",-0.389366756296421
"chr2-1063",-0.395928877130617
"chr2-1064",-0.208783035656577
"chr2-1065",-0.318285768765576
"chr2-1066",-0.243018042363357
"chr2-1067",-0.353833343979721
"chr2-1068",-0.252457949372886
"chr2-1069",-0.4879717959069
"chr2-1070",-0.331243806244329
"chr2-1071",-0.309627723498861
"chr2-1072",-0.212827872635138
"chr2-1073",-0.354525460145895
"chr2-1074",-0.573398609906956
"chr2-1075",-0.430363749532597
"chr2-1076",-0.240099520680272
"chr2-1077",-0.177652846999895
"chr2-1078",-0.296881864722678
"chr2-1079",-0.378748652298596
"chr2-1080",-0.55421275333544
"chr2-1081",-0.251110165407859
"chr2-1082",-0.392863746584445
"chr2-1083",-0.320738301480507
"chr2-1084",-0.250919345681292
"chr2-1085",-0.336681058002443
"chr2-1086",-0.112230705079606
"chr2-1087",-0.248359201416588
"chr2-1088",-0.362501595301444
"chr2-1089",-0.21527942289459
"chr2-1090",-0.217110242493421
"chr2-1091",-0.247378101558986
"chr2-1092",-0.350499730422665
"chr2-1093",-0.190397481220282
"chr2-1094",-0.427299127329656
"chr2-1095",-0.391018430405369
"chr2-1096",-0.061068739547099
"chr2-1097",-0.306648910619069
"chr2-1098",-0.341966361528376
"chr2-1099",-0.270630793899031
"chr2-1100",-0.0557798905668952
"chr2-1101",-0.20821802815121
"chr2-1102",-0.45949334782515
"chr2-1103",-0.344073874741779
"chr2-1104",-0.363937697555662
"chr2-1105",-0.781206397454527
"chr2-1106",-0.330535878478615
"chr2-1107",-0.261217158999463
"chr2-1108",-0.361281710645364
"chr2-1109",-0.240112425482529
"chr2-1110",-0.270523953966775
"chr2-1111",-0.30697987929953
"chr2-1112",-0.250371158497381
"chr2-1113",-0.326560249085059
"chr2-1114",-0.260351654063443
"chr2-1115",-0.145753034276282
"chr2-1116",-0.357264118658443
"chr2-1117",-0.168292870731014
"chr2-1118",-0.0782322643314771
"chr2-1119",-0.251004472631892
"chr2-1120",-0.503604677559786
"chr2-1121",-0.302130511173747
"chr2-1122",-0.236421099480211
"chr2-1123",-0.222347954416728
"chr2-1124",-0.353804812843479
"chr2-1125",-0.283750169029125
"chr2-1126",-0.400673518908627
"chr2-1127",-0.234891357794139
"chr2-1128",-0.0331655212572804
"chr2-1129",-0.183405038864522
"chr2-1130",-0.116618891736831
"chr2-1131",-0.164629515634526
"chr2-1132",-0.26721314993131
"chr2-1133",-0.146023350756054
"chr2-1134",-0.209651987332551
"chr2-1135",-0.231291898113167
"chr2-1136",-0.141316650622652
"chr2-1137",-0.238465884567013
"chr2-1138",-0.322279333499307
"chr2-1139",-0.322695985273969
"chr2-1140",-0.255310175658571
"chr2-1141",-0.44035480284352
"chr2-1142",-0.0440494880904469
"chr2-1143",-0.240092357804565
"chr2-1144",-0.164778097290464
"chr2-1145",-0.212909267331849
"chr2-1146",-0.303091104114741
"chr2-1147",-0.278671468881668
"chr2-1148",-0.20585839565704
"chr2-1149",-0.212395318145604
"chr2-1150",-0.206594079028726
"chr2-1151",-0.330578549809775
"chr2-1152",-0.387850790875948
"chr2-1153",-0.180224067973187
"chr2-1154",-0.342745859848944
"chr2-1155",-0.425183150133417
"chr2-1156",-0.382105056901646
"chr2-1157",-0.193842193970985
"chr2-1158",-0.34525748811693
"chr2-1159",-0.484513487813985
"chr2-1160",-0.287931916306536
"chr2-1161",-0.551073713434496
"chr2-1162",-0.368745305405918
"chr2-1163",-0.250844653274958
"chr2-1164",-0.340673919355123
"chr2-1165",-0.561391323008117
"chr2-1166",-0.212207388231169
"chr2-1167",-0.310831570556346
"chr2-1168",-0.254916796480741
"chr2-1169",-0.225573643125161
"chr2-1170",-0.505202316013714
"chr2-1171",-0.317442910123073
"chr2-1172",-0.457277416474446
"chr2-1173",-0.47492328165354
"chr2-1174",-0.521278311520803
"chr2-1175",-0.506233643900705
"chr2-1176",-0.432917864357423
"chr2-1177",-0.163330384573196
"chr2-1178",-0.219371962237987
"chr2-1179",-0.343354166654907
"chr2-1180",-0.524993822136545
"chr2-1181",-0.253207691575821
"chr2-1182",-0.471025609877702
"chr2-1183",-0.444872295353765
"chr2-1184",-0.296368083765257
"chr2-1185",-0.228863925883827
"chr2-1186",-0.506414422681153
"chr2-1187",-0.490980923804865
"chr2-1188",-0.0485606504059186
"chr2-1189",-0.378471796285392
"chr2-1190",-0.228731486883964
"chr2-1191",-0.446576844797673
"chr2-1192",-0.207555368985241
"chr2-1193",-0.471911115520826
"chr2-1194",-0.265009208621942
"chr2-1195",-0.349766090133921
"chr2-1196",-0.32880427091942
"chr2-1197",-0.23632531068359
"chr2-1198",-0.323442120190828
"chr2-1199",-0.265278770860761
"chr2-1200",-0.265322904864934
"chr2-1201",-0.258074858203401
"chr2-1202",-0.355718160872116
"chr2-1203",-0.126974347151945
"chr2-1204",-0.50898612927548
"chr2-1205",-0.0846819696457799
"chr2-1206",-0.283396560832701
"chr2-1207",-0.237269674149769
"chr2-1208",-0.196553955643788
"chr2-1209",-0.369047538512009
"chr2-1210",-0.00936682041271708
"chr2-1211",-0.184212036300703
"chr2-1212",-0.451175073250402
"chr2-1213",-0.243587011077844
"chr2-1214",-0.359735817664648
"chr2-1215",-0.316677708248908
"chr2-1216",-0.240926062625875
"chr2-1217",-0.113850100279142
"chr2-1218",-0.14725181420712
"chr2-1219",-0.378328535567516
"chr2-1220",-0.0546862127520563
"chr2-1221",-0.309899730264951
"chr2-1222",-0.139535788881306
"chr2-1223",-0.294296587598386
"chr2-1224",-0.354436532766518
"chr2-1225",-0.228167103256414
"chr2-1226",-0.157586799648168
"chr2-1227",-0.26006620056155
"chr2-1228",-0.110938818077605
"chr2-1229",-0.336299878336291
"chr2-1230",-0.0584774092550779
"chr2-1231",-0.403909933391557
"chr2-1232",-0.317873843628391
"chr2-1233",-0.26517987724133
"chr2-1234",-0.380886856525411
"chr2-1235",-0.433803629632643
"chr2-1236",-0.365212962809723
"chr2-1237",-0.427234488199432
"chr2-1238",-0.0322135220788085
"chr2-1239",-0.254531638830732
"chr2-1240",-0.127851238402284
"chr2-1241",-0.197842992739585
"chr2-1242",-0.279974488820871
"chr2-1243",-0.443630069302551
"chr2-1244",-0.259770604388057
"chr2-1245",-0.483088997711547
"chr2-1246",-0.253296522383513
"chr2-1247",-0.447965994422457
"chr2-1248",-0.301164363429706
"chr2-1249",-0.376412440904756
"chr2-1250",-0.276360681351651
"chr2-1251",-0.36564274313311
"chr2-1252",-0.235591594588879
"chr2-1253",-0.429366866742042
"chr2-1254",-0.115680411904063
"chr2-1255",-0.176645589812498
"chr2-1256",-0.559051599851244
"chr2-1257",-0.499493136841159
"chr2-1258",-0.371718793188081
"chr2-1259",-0.216920515392526
"chr2-1260",-0.0864609432821339
"chr2-1261",-0.445328848098672
"chr2-1262",-0.346156788814092
"chr2-1263",-0.396165010193437
"chr2-1264",-0.322312023618967
"chr2-1265",-0.230205911748689
"chr2-1266",-0.369550062100114
"chr2-1267",-0.232385277423343
"chr2-1268",-0.197857924445815
"chr2-1269",-0.453078570444093
"chr2-1270",-0.436812738633449
"chr2-1271",-0.475887802368361
"chr2-1272",-0.349970092134414
"chr2-1273",-0.263234550469753
"chr2-1274",-0.304462484950941
"chr2-1275",-0.2185257148255
"chr2-1276",-0.321882659985085
"chr2-1277",-0.194114633071905
"chr2-1278",-0.51851933604342
"chr2-1279",-0.40798810252561
"chr2-1280",-0.146390779280813
"chr2-1281",-0.293222845129784
"chr2-1282",-0.15325255998433
"chr2-1283",-0.261029591272425
"chr2-1284",-0.247983509272149
"chr2-1285",-0.28016412443305
"chr2-1286",-0.298351272606642
"chr2-1287",-0.11530049243066
"chr2-1288",-0.374504237296553
"chr2-1289",-0.274571282443167
"chr2-1290",-0.19417876440031
"chr2-1291",-0.445436236066852
"chr2-1292",-0.541269462050847
"chr2-1293",-0.193244140047948
"chr2-1294",-0.161521563199592
"chr2-1295",-0.176179044550218
"chr2-1296",-0.369448253385961
"chr2-1297",-0.169713379583501
"chr2-1298",-0.257699088729012
"chr2-1299",-0.334060715025513
"chr2-1300",-0.246799890695374
"chr2-1301",-0.0727575496659966
"chr2-1302",-0.311304473279009
"chr2-1303",-0.202088819888111
"chr2-1304",-0.142800863208159
"chr2-1305",-0.192240766892046
"chr2-1306",-0.355303398953117
"chr2-1307",-0.670078283643974
"chr2-1308",-0.176189268294155
"chr2-1309",-0.394371542498682
"chr2-1310",-0.186374626971089
"chr2-1311",-0.209783985501431
"chr2-1312",-0.195117819123443
"chr2-1313",-0.286654640388277
"chr2-1314",-0.337774013535299
"chr2-1315",-0.301736340602252
"chr2-1316",-0.202810843822244
"chr2-1317",-0.525318184844097
"chr2-1318",-0.476582464996739
"chr2-1319",-0.320585364984045
"chr2-1320",-0.326708285368037
"chr2-1321",-0.206870316844809
"chr2-1322",-0.233847610955954
"chr2-1323",-0.127026040241076
"chr2-1324",-0.145418023783772
"chr2-1325",-0.299355052719638
"chr2-1326",-0.293436835676119
"chr2-1327",-0.260061984369881
"chr2-1328",-0.35241249196154
"chr2-1329",-0.466735659413523
"chr2-1330",-0.366816810029153
"chr2-1331",-0.440307309757899
"chr2-1332",-0.146595397284095
"chr2-1333",-0.273555544804907
"chr2-1334",-0.379880384561077
"chr2-1335",-0.408934207334961
"chr2-1336",-0.343447577060591
"chr2-1337",-0.336538788657249
"chr2-1338",-0.964914340160313
"chr2-1339",-0.750170809623058
"chr2-1340",-0.400153694789758
"chr2-1341",-0.540439849921316
"chr2-1342",-0.528772077536339
"chr2-1343",-0.398553069130531
"chr2-1344",-0.666724600003399
"chr2-1345",-0.460595660189338
"chr2-1346",-0.662300716890326
"chr2-1347",-0.194002238952371
"chr2-1348",-0.191934864771471
"chr2-1349",-0.144647436044091
"chr2-1350",-0.519759794716793
"chr2-1351",-0.313079674217884
"chr2-1352",-0.243653375427577
"chr2-1353",-0.167498874447458
"chr2-1354",-0.316551382130327
"chr2-1355",-0.461670943497255
"chr2-1356",-0.522153800992637
"chr2-1357",-0.548107546793254
"chr2-1358",-0.552795729019505
"chr2-1359",-0.33208993319079
"chr2-1360",-0.221464486202074
"chr2-1361",-0.198014196965671
"chr2-1362",-0.557687324926612
"chr2-1363",-0.317533271833791
"chr2-1364",-0.248170655388544
"chr2-1365",-0.646999665192134
"chr2-1366",-0.291873382567853
"chr2-1367",-0.223346316904846
"chr2-1368",-0.499443220306704
"chr2-1369",-0.13729562244132
"chr2-1370",-0.174884299118114
"chr2-1371",-0.219462670377035
"chr2-1372",-0.21826079126271
"chr2-1373",-0.142997360534502
"chr2-1374",-0.304039350683621
"chr2-1375",-0.363791100923454
"chr2-1376",-0.521690389598533
"chr2-1377",-0.611195688025875
"chr2-1378",-0.66440830913148
"chr2-1379",-0.624952026500563
"chr2-1380",-0.320284035973321
"chr2-1381",-0.248081966629323
"chr2-1382",-0.279045502157246
"chr2-1383",-0.568874934508061
"chr2-1384",-0.420287974850864
"chr2-1385",-0.568805683603632
"chr2-1386",-0.335476875872192
"chr2-1387",-0.144632360954274
"chr2-1388",-0.259953916523951
"chr2-1389",-0.214686996426067
"chr2-1390",-0.255174594267195
"chr2-1391",-0.237419033223073
"chr2-1392",-0.448988992454535
"chr2-1393",-0.438803834565733
"chr2-1394",-0.471191130523297
"chr2-1395",-0.286695732223256
"chr2-1396",-0.247241434861395
"chr2-1397",-0.32457074698879
"chr2-1398",-0.429681283743828
"chr2-1399",-0.518008413761459
"chr2-1400",-0.412383098620281
"chr2-1401",-0.420576275649457
"chr2-1402",-0.252522286668379
"chr2-1403",-0.385182306252935
"chr2-1404",-0.116254512592277
"chr2-1405",-0.298560573543856
"chr2-1406",-0.556083083464428
"chr2-1407",-0.263289160204081
"chr2-1408",-0.195035207160559
"chr2-1409",-0.174400722856179
"chr2-1410",-0.410103301400784
"chr2-1411",-0.277293843127693
"chr2-1412",-0.307776120209582
"chr2-1413",-0.230261330018235
"chr2-1414",-0.174996180062887
"chr2-1415",-0.2916613505648
"chr2-1416",-0.295703960923161
"chr2-1417",-0.236706882945972
"chr2-1418",-0.229122819110237
"chr2-1419",-0.14699088638658
"chr2-1420",-0.266210165145254
"chr2-1421",-0.31198334739034
"chr2-1422",-0.360035400621378
"chr2-1423",-0.134551255135932
"chr2-1424",-0.441340770930267
"chr2-1425",-0.29235056254268
"chr2-1426",-0.285553833043184
"chr2-1427",-0.339780173556299
"chr2-1428",-0.22431476366908
"chr2-1429",-0.366319275704719
"chr2-1430",-0.294337924189266
"chr2-1431",-0.303629137563898
"chr2-1432",-0.379914594061937
"chr2-1433",-0.277196668240721
"chr2-1434",-0.142608183811126
"chr2-1435",-0.229965637789975
"chr2-1436",-0.356634698916228
"chr2-1437",-0.259883086940462
"chr2-1438",-0.192999033116785
"chr2-1439",-0.451099511817691
"chr2-1440",-0.505559916609643
"chr2-1441",-0.228760122830832
"chr2-1442",-0.291029851838402
"chr2-1443",-0.291257775790047
"chr2-1444",-0.255094501061453
"chr2-1445",-0.169692143678573
"chr2-1446",-0.220125368582858
"chr2-1447",-0.287214134387179
"chr2-1448",-0.289762105411863
"chr2-1449",-0.170918943127075
"chr2-1450",-0.29565981013812
"chr2-1451",-0.25459792201329
"chr2-1452",-0.155101862053254
"chr2-1453",-0.194100169740487
"chr2-1454",-0.144153818101314
"chr2-1455",-0.34636293474612
"chr2-1456",-0.517147182319885
"chr2-1457",-0.335040628666012
"chr2-1458",-0.295013810864202
"chr2-1459",-0.451212531453558
"chr2-1460",-0.49559228039301
"chr2-1461",-0.357845626438661
"chr2-1462",-0.344023742860217
"chr2-1463",-0.702839691489929
"chr2-1464",-0.382113730694052
"chr2-1465",-0.369488213475216
"chr2-1466",-0.424980449310045
"chr2-1467",-0.557019885298524
"chr2-1468",-0.421454643458519
"chr2-1469",-0.532018284010706
"chr2-1470",-0.261909356972862
"chr2-1471",-0.359022354237523
"chr2-1472",-0.246002424366062
"chr2-1473",-0.282539846079806
"chr2-1474",-0.188114505904055
"chr2-1475",-0.431919173109055
"chr2-1476",-0.251804813068566
"chr2-1477",-0.470343044662649
"chr2-1478",-0.0384474433536468
"chr2-1479",-0.184303232980626
"chr2-1480",-0.276317249380715
"chr2-1481",-0.390752640719649
"chr2-1482",-0.234776323153735
"chr2-1483",-0.26856845942864
"chr2-1484",-0.586158908327042
"chr2-1485",-0.107794566359335
"chr2-1486",-0.207396569590569
"chr2-1487",-0.113100508192162
"chr2-1488",-0.238954440713385
"chr2-1489",-0.235843017381659
"chr2-1490",-0.134977670833826
"chr2-1491",-0.110891818922054
"chr2-1492",-0.128323561309602
"chr2-1493",-0.395022574783051
"chr2-1494",-0.347617245323643
"chr2-1495",-0.465271190889543
"chr2-1496",-0.344184588076056
"chr2-1497",-0.392638362724641
"chr2-1498",-0.381240966776313
"chr2-1499",-0.264873868444143
"chr2-1500",-0.36195445582601
"chr2-1501",-0.402892995762056
"chr2-1502",-0.190339726317553
"chr2-1503",-0.250345791339904
"chr2-1504",-0.369274781261298
"chr2-1505",-0.391557300414103
"chr2-1506",-0.556577828831662
"chr2-1507",-0.3889986613141
"chr2-1508",-0.568541355961757
"chr2-1509",-0.147838968494275
"chr2-1510",-0.376824435161702
"chr2-1511",-0.536999181250907
"chr2-1512",-0.697797504506214
"chr2-1513",-0.572270705879243
"chr2-1514",-0.391873781521259
"chr2-1515",-0.25041176288208
"chr2-1516",-0.310122360426871
"chr2-1517",-0.451026091284525
"chr2-1518",-0.444857536772333
"chr2-1519",-0.443838876237622
"chr2-1520",-0.269619781382236
"chr2-1521",-0.291901455713284
"chr2-1522",-0.314519437886521
"chr2-1523",-0.367932757084221
"chr2-1524",-0.291875610971554
"chr2-1525",-0.120254816973322
"chr2-1526",-0.24388542272886
"chr2-1527",-0.440474241225635
"chr2-1528",-0.210133793017241
"chr2-1529",-0.25608864622639
"chr2-1530",-0.168455541972068
"chr2-1531",-0.295416427297891
"chr2-1532",0.0061856859031017
"chr2-1533",-0.193546073344343
"chr2-1534",-0.407442620056846
"chr2-1535",-0.616199051936954
"chr2-1536",-0.402967823970892
"chr2-1537",-0.462976349765432
"chr2-1538",-0.600092801576199
"chr2-1539",-0.302330801099775
"chr2-1540",-0.239855442726689
"chr2-1541",-0.539781552681354
"chr2-1542",-0.224469284315237
"chr2-1543",-0.386147049793488
"chr2-1544",-0.184955502024122
"chr2-1545",-0.329593550110424
"chr2-1546",-0.548172653729787
"chr2-1547",-0.36664094853671
"chr2-1548",-0.450253850415018
"chr2-1549",-0.493515303900112
"chr2-1550",-0.442295298754379
"chr2-1551",-0.231337704448755
"chr2-1552",-0.349925703435576
"chr2-1553",-0.81946848122693
"chr2-1554",-0.373604257406298
"chr2-1555",-0.233827257332382
"chr2-1556",-0.334995480616007
"chr2-1557",-0.121296926313836
"chr2-1558",-0.358700535160451
"chr2-1559",-0.344698333450881
"chr2-1560",-0.232026439393178
"chr2-1561",-0.290558591719598
"chr2-1562",-0.173547236422867
"chr2-1563",-0.281594728382699
"chr2-1564",-0.324841233768562
"chr2-1565",-0.531700858681344
"chr2-1566",-0.260653352550259
"chr2-1567",-0.271910577423246
"chr2-1568",-0.302452940724229
"chr2-1569",-0.337896228978051
"chr2-1570",-0.0601515278737034
"chr2-1571",-0.294873276801472
"chr2-1572",-0.02814509905395
"chr2-1573",-0.419664026508138
"chr2-1574",-0.267654010890638
"chr2-1575",-0.586392256045526
"chr2-1576",-0.380684294618948
"chr2-1577",-0.242675146508879
"chr2-1578",-0.0638358816259334
"chr2-1579",-0.277357587424518
"chr2-1580",-0.4219061321518
"chr2-1581",-0.215954263650731
"chr2-1582",-0.472115114088416
"chr2-1583",-0.204751559053847
"chr2-1584",-0.318049937660755
"chr2-1585",-0.362693632229959
"chr2-1586",-0.183942570151061
"chr2-1587",-0.358530305998376
"chr2-1588",-0.308864083006213
"chr2-1589",-0.27854744064973
"chr2-1590",-0.533537703407768
"chr2-1591",-0.472712907895379
"chr2-1592",-0.376048433895208
"chr2-1593",-0.616321744060581
"chr2-1594",-0.0938696807104555
"chr2-1595",-0.189193732288795
"chr2-1596",-0.2396710315209
"chr2-1597",-0.158029716150801
"chr2-1598",-0.196889125520432
"chr2-1599",-0.372200651429322
"chr2-1600",-0.250063411367443
"chr2-1601",-0.28785463234836
"chr2-1602",-0.245733159986436
"chr2-1603",-0.308419994584212
"chr2-1604",-0.362801015839203
"chr2-1605",-0.592416464103901
"chr2-1606",-0.38612276929771
"chr2-1607",-0.131453428801166
"chr2-1608",-0.40513950515563
"chr2-1609",-0.608433596204469
"chr2-1610",-0.17898255267269
"chr2-1611",-0.153408276794457
"chr2-1612",-0.1811156020704
"chr2-1613",-0.571591213837997
"chr2-1614",-0.230172252404072
"chr2-1615",-0.415283290887105
"chr2-1616",-0.314912379837501
"chr2-1617",-0.235299927607964
"chr2-1618",-0.272751952881188
"chr2-1619",-0.345582358624818
"chr2-1620",-0.131022638142453
"chr2-1621",-0.149911999682369
"chr2-1622",-0.130172201843099
"chr2-1623",-0.175171347195563
"chr2-1624",-0.161254115402281
"chr2-1625",-0.106261583377454
"chr2-1626",-0.177532315881975
"chr2-1627",-0.375537989585755
"chr2-1628",-0.447481847924386
"chr2-1629",-0.200306134842567
"chr2-1630",-0.269803873681677
"chr2-1631",-0.384497076804258
"chr2-1632",-0.285172367881296
"chr2-1633",-0.25090507453408
"chr2-1634",-0.305831979379913
"chr2-1635",-0.26681685100232
"chr2-1636",-0.250087135310967
"chr2-1637",-0.396624760247771
"chr2-1638",-0.319539638590583
"chr2-1639",-0.430635057918371
"chr2-1640",-0.166939778521815
"chr2-1641",-0.282383847509631
"chr2-1642",-0.152629574952571
"chr2-1643",-0.331873603295161
"chr2-1644",-0.175954109336926
"chr2-1645",-0.280862278995988
"chr2-1646",-0.186635814000978
"chr2-1647",-0.191885696184791
"chr2-1648",-0.0709661321389738
"chr2-1649",-0.363234037316539
"chr2-1650",-0.369183106146666
"chr2-1651",-0.299284361688805
"chr2-1652",-0.153273287031691
"chr2-1653",-0.21799035837231
"chr2-1654",-0.253430516310073
"chr2-1655",-0.337153748186597
"chr2-1656",-0.366254748070406
"chr2-1657",-0.21624668390481
"chr2-1658",-0.311614251771844
"chr2-1659",-0.118772512173449
"chr2-1660",-0.111028605369336
"chr2-1661",-0.105835392328217
"chr2-1662",-0.259920116054543
"chr2-1663",-0.166163064302023
"chr2-1664",-0.404999517604541
"chr2-1665",-0.228901426038745
"chr2-1666",-0.437356055810429
"chr2-1667",-0.12215657514536
"chr2-1668",-0.15520682217606
"chr2-1669",-0.284681274441448
"chr2-1670",-0.253723309833209
"chr2-1671",-0.188147879433881
"chr2-1672",-0.222886130042899
"chr2-1673",-0.0662363145883644
"chr2-1674",-0.349364820969206
"chr2-1675",-0.31991562555982
"chr2-1676",-0.451157260919397
"chr2-1677",-0.166729842348455
"chr2-1678",-0.078197378424772
"chr2-1679",-0.0701036593577304
"chr2-1680",-0.158188938663799
"chr2-1681",-0.185729863556383
"chr2-1682",-0.116783884322775
"chr2-1683",-0.0380373906742117
"chr2-1684",-0.23639396532841
"chr2-1685",-0.10680646306914
"chr2-1686",-0.151384278049435
"chr2-1687",-0.113054196198388
"chr2-1688",-0.210191841023097
"chr2-1689",-0.0763575485899646
"chr2-1690",-0.210575468442182
"chr2-1691",-0.194446917321015
"chr2-1692",-0.264880429268824
"chr2-1693",-0.265577851672869
"chr2-1694",-0.193718318679806
"chr2-1695",-0.387464085426002
"chr2-1696",-0.0794915633933567
"chr2-1697",-0.239896744353622
"chr2-1698",-0.37118134753712
"chr2-1699",-0.339984484954199
"chr2-1700",-0.145192604356343
"chr2-1701",-0.0678313388307202
"chr2-1702",-0.361106007019563
"chr2-1703",-0.25297269458893
"chr2-1704",-0.342782597096411
"chr2-1705",-0.379640250062915
"chr2-1706",-0.229007298550554
"chr2-1707",-0.257348732676328
"chr2-1708",-0.19034318200287
"chr2-1709",-0.19233478031894
"chr2-1710",-0.138642536369716
"chr2-1711",-0.180194618954229
"chr2-1712",-0.0822097493365659
"chr2-1713",-0.00293283179112169
"chr2-1714",-0.0956820383422784
"chr2-1715",-0.244063755098409
"chr2-1716",-0.252386105375384
"chr2-1717",-0.152851135654957
"chr2-1718",-0.188574394591481
"chr2-1719",-0.169337465497796
"chr2-1720",-0.164756753248852
"chr2-1721",-0.341312398527438
"chr2-1722",-0.263995962490603
"chr2-1723",-0.212559474880143
"chr2-1724",-0.160895479260632
"chr2-1725",-0.194315051200364
"chr2-1726",-0.296395348940118
"chr2-1727",-0.0622614249453089
"chr2-1728",-0.171450755873954
"chr2-1729",-0.148217712675273
"chr2-1730",-0.195536047915354
"chr2-1731",-0.0808619083459648
"chr2-1732",-0.36777394049732
"chr2-1733",-0.185902017903283
"chr2-1734",-0.246826335379972
"chr2-1735",-0.207203399570465
"chr2-1736",-0.121801117558839
"chr2-1737",-0.284876408968807
"chr2-1738",-0.125927879163108
"chr2-1739",-0.179387948926585
"chr2-1740",-0.432002839449576
"chr2-1741",-0.216469807010981
"chr2-1742",-0.144165256810293
"chr2-1743",-0.271687838719816
"chr2-1744",-0.0661644391978102
"chr2-1745",-0.150799979626878
"chr2-1746",-0.337369915543633
"chr2-1747",-0.147197172389206
"chr2-1748",-0.257398411442396
"chr2-1749",-0.131511594580051
"chr2-1750",-0.155993556906076
"chr2-1751",-0.434551635839235
"chr2-1752",-0.0893602817099121
"chr2-1753",-0.366517272424194
"chr2-1754",-0.0655876606889634
"chr2-1755",-0.174990226309211
"chr2-1756",-0.183039362371045
"chr2-1757",-0.18688949600601
"chr2-1758",-0.171481703465532
"chr2-1759",-0.185061288010676
"chr20-0001",-0.00622061589611318
"chr20-0002",0.129845487904969
"chr20-0003",-0.00639725286336964
"chr20-0004",0.025363014468633
"chr20-0005",0.139661725181908
"chr20-0006",-0.0214610065272738
"chr20-0007",-0.00414899835407586
"chr20-0008",0.0760999952795915
"chr20-0009",-0.0127135861294058
"chr20-0010",-0.0524229070162193
"chr20-0011",-0.0553290710201837
"chr20-0012",0.146203442059547
"chr20-0013",0.0160137830287538
"chr20-0014",0.110839505316245
"chr20-0015",0.00297018135135548
"chr20-0016",0.0089546292511925
"chr20-0017",0.0749795144760755
"chr20-0018",0.0933121134884841
"chr20-0019",0.108783455685612
"chr20-0020",0.145580495872129
"chr20-0021",-0.0701025813922621
"chr20-0022",0.189611999968484
"chr20-0023",0.08994352738871
"chr20-0024",-0.0110204273821935
"chr20-0025",0.0707220964443418
"chr20-0026",0.0571234032422253
"chr20-0027",0.0803843278698863
"chr20-0028",-0.0136945862748686
"chr20-0029",0.151515590944702
"chr20-0030",0.176603503744375
"chr20-0031",-0.101139554927646
"chr20-0032",-0.156788497614962
"chr20-0033",-0.059674517547178
"chr20-0034",-0.0423920100086406
"chr20-0035",-0.106679509119105
"chr20-0036",-0.0433568025758002
"chr20-0037",-0.0592679827392046
"chr20-0038",0.0566968533988641
"chr20-0039",0.0740226813736632
"chr20-0040",-0.00226817577868046
"chr20-0041",0.068384893144016
"chr20-0042",0.0169755258616881
"chr20-0043",0.0533801355548774
"chr20-0044",0.0399264151821048
"chr20-0045",-0.0395514419470705
"chr20-0046",0.0544522012222207
"chr20-0047",-0.289104505839737
"chr20-0048",-0.0382643847435361
"chr20-0049",0.325708567825018
"chr20-0050",0.0759177383287374
"chr20-0051",0.0804418574874596
"chr20-0052",0.0452390105523971
"chr20-0053",0.104060130429009
"chr20-0054",-0.0221437338182594
"chr20-0055",0.0817608833674078
"chr20-0056",-0.0175576181328669
"chr20-0057",-0.00838184218602099
"chr20-0058",0.0563080574054875
"chr20-0059",-0.0647823781754124
"chr20-0060",0.01365743507084
"chr20-0061",-0.0304547753007271
"chr20-0062",-0.0495897960228154
"chr20-0063",0.0366303211880948
"chr20-0064",0.145046100737084
"chr20-0065",0.0541154397602218
"chr20-0066",-0.0562139586322189
"chr20-0067",0.00993694575000229
"chr20-0068",0.0245205549608763
"chr20-0069",-0.157002560894074
"chr20-0070",5.28024042866599e-05
"chr20-0071",0.0718866750268842
"chr20-0072",0.13938509022757
"chr20-0073",-0.0816356478418934
"chr20-0074",0.0123339365670651
"chr20-0075",0.158028566645451
"chr20-0076",-0.0387219501418096
"chr20-0077",-0.239290219324019
"chr20-0078",-0.0146433000737412
"chr20-0079",-0.0200614992028236
"chr20-0080",0.0405828319177949
"chr20-0081",0.0775431117569427
"chr20-0082",0.0232303729006023
"chr20-0083",0.0424405434535212
"chr20-0084",0.061204260266383
"chr20-0085",0.291824912750684
"chr20-0086",0.161916254513498
"chr20-0087",0.287648558241111
"chr20-0088",0.272511749776892
"chr20-0089",0.141628945189638
"chr20-0090",0.226945286590555
"chr20-0091",0.208318353600103
"chr20-0092",0.285526651930013
"chr20-0093",0.132166368697548
"chr20-0094",0.173811733883031
"chr20-0095",0.122891118193853
"chr20-0096",0.0419485645622382
"chr20-0097",0.160236283476217
"chr20-0098",0.285856020745465
"chr20-0099",0.0930037685170226
"chr20-0100",0.0981880713505681
"chr20-0101",0.0955597512859301
"chr20-0102",0.113787395233331
"chr20-0103",0.315846483800884
"chr20-0104",0.368973613342132
"chr20-0105",0.070798324265434
"chr20-0106",0.0321726811263659
"chr20-0107",0.129486565103479
"chr20-0108",0.242885567324144
"chr20-0109",0.248418593172909
"chr20-0110",0.16221143814269
"chr20-0111",0.155083528177658
"chr20-0112",0.104893856772775
"chr20-0113",0.214289340089876
"chr20-0114",-0.0485984634897054
"chr20-0115",0.0450861943549535
"chr20-0116",0.183202042357724
"chr20-0117",0.251074570474754
"chr20-0118",0.235928684529035
"chr20-0119",0.285013519192271
"chr20-0120",-0.00431653402224335
"chr20-0121",0.137917965855351
"chr20-0122",0.382995373514723
"chr20-0123",0.150697989958409
"chr20-0124",-0.0252691303311297
"chr20-0125",0.130381651001688
"chr20-0126",0.259932099191261
"chr20-0127",0.140475281162198
"chr20-0128",0.0115598820600855
"chr20-0129",0.0293668837572794
"chr20-0130",0.0866841303143993
"chr20-0131",0.0393880344409864
"chr20-0132",0.0203922468279953
"chr20-0133",0.141729279392645
"chr20-0134",-0.0196116732706718
"chr20-0135",0.0844362375780568
"chr20-0136",-0.0267683079999904
"chr20-0137",-0.0589464431276418
"chr20-0138",0.0935605764442134
"chr20-0139",-0.133903489647612
"chr20-0140",0.0196780430387635
"chr20-0141",0.0285187274440278
"chr20-0142",0.0221299118783776
"chr20-0143",0.0343235240190877
"chr20-0144",-0.0472265723640155
"chr20-0145",0.0455431018573676
"chr20-0146",0.157810232266826
"chr20-0147",0.0986807140070695
"chr20-0148",0.233076215286079
"chr20-0149",0.0801936357357978
"chr20-0150",-0.0238077817251643
"chr20-0151",0.180208367575778
"chr20-0152",0.108460968489787
"chr20-0153",0.0400966455537964
"chr20-0154",0.184255013754595
"chr20-0155",0.0441897374714461
"chr20-0156",-0.105964167996248
"chr20-0157",0.169125402762023
"chr20-0158",0.110537407929775
"chr20-0159",0.270171757659963
"chr20-0160",0.313156709775022
"chr20-0161",0.0516045103690886
"chr20-0162",0.0691222515926939
"chr20-0163",0.138031713661244
"chr20-0164",0.31871950616065
"chr20-0165",0.0492972128515664
"chr20-0166",-0.0220275766688938
"chr20-0167",-0.132079616551596
"chr20-0168",-0.124826271344905
"chr20-0169",0.175306581215733
"chr20-0170",0.168793138554854
"chr20-0171",0.112647088594453
"chr20-0172",0.078930724483079
"chr20-0173",0.0596907673776966
"chr20-0174",-0.0393966706934546
"chr20-0175",0.0730334837777568
"chr20-0176",-0.027736635188951
"chr20-0177",0.185103699303221
"chr20-0178",0.0403208457117343
"chr20-0179",0.0368919863209436
"chr20-0180",0.0815520385209896
"chr20-0181",0.0768577706982699
"chr20-0182",0.0941049313204743
"chr20-0183",0.149287016373509
"chr20-0184",0.0472740022606901
"chr20-0185",0.189636875774754
"chr20-0186",0.168033588723912
"chr20-0187",0.0622035442393515
"chr20-0188",0.0794326582599411
"chr20-0189",-0.0510891114811328
"chr20-0190",-0.0324935335350466
"chr20-0191",0.162874039247541
"chr20-0192",0.093312596718292
"chr20-0193",0.119498262213483
"chr20-0194",-0.108501416614921
"chr20-0195",0.059850475951178
"chr20-0196",0.0407812429797513
"chr20-0197",0.119476503566831
"chr20-0198",0.0773315253754218
"chr20-0199",0.118979933131025
"chr20-0200",-0.0165392774615193
"chr20-0201",-0.058184731289266
"chr20-0202",-0.265036703957391
"chr20-0203",-0.145256607884457
"chr20-0204",-0.0829311217301235
"chr20-0205",-0.013616553883102
"chr20-0206",-0.126121529348411
"chr20-0207",-0.0409327220642772
"chr20-0208",0.0533148251598552
"chr20-0209",-0.0486494694866731
"chr20-0210",-0.151517366022481
"chr20-0211",0.0374247136708624
"chr20-0212",0.0449168867940723
"chr20-0213",0.0178783403488806
"chr20-0214",0.0403113254945496
"chr20-0215",-0.227795348311631
"chr20-0216",-0.076295933879476
"chr20-0217",-0.0150003094750839
"chr20-0218",0.133492358818242
"chr20-0219",-0.0398821386215986
"chr20-0220",-0.0658083537603251
"chr20-0221",0.121672458253064
"chr20-0222",0.0417381777728665
"chr20-0223",0.0325952359043864
"chr20-0224",0.0369120455943542
"chr20-0225",-0.194121567474576
"chr20-0226",-0.130240548415352
"chr20-0227",-0.0574495780177481
"chr20-0228",0.00104973882033419
"chr20-0229",-0.0669001767362412
"chr20-0230",0.0108537212856304
"chr20-0231",-0.0573391273221907
"chr20-0232",0.0134337037692359
"chr20-0233",-0.0516213068322105
"chr20-0234",-0.0204979901856452
"chr20-0235",-0.136216846423589
"chr20-0236",-0.113543834358579
"chr20-0237",0.0803461803987138
"chr20-0238",0.0703176974310091
"chr20-0239",-0.132819376432954
"chr20-0240",0.0999981009946826
"chr20-0241",-0.0674691721821565
"chr20-0242",0.0501469150087003
"chr20-0243",0.0911285776006693
"chr20-0244",-0.0543567414728441
"chr20-0245",-0.12229373128178
"chr20-0246",0.0035090193257923
"chr20-0247",-0.228454272058462
"chr20-0248",-0.291131515498654
"chr20-0249",-0.177969877353563
"chr20-0250",0.150275235823081
"chr20-0251",-0.0943817527071637
"chr20-0252",-0.0185239291847847
"chr20-0253",0.0502328913554614
"chr20-0254",-0.102165094505518
"chr20-0255",0.11263139716633
"chr20-0256",0.011506680889265
"chr20-0257",0.0380841740424326
"chr20-0258",-0.324290734152092
"chr20-0259",-0.149536001852754
"chr20-0260",-0.0195837001919992
"chr20-0261",0.0666219268696152
"chr20-0262",-0.103519953312936
"chr20-0263",-0.0695838684957922
"chr20-0264",0.0357052689201282
"chr20-0265",-0.22221533126313
"chr20-0266",-0.079135407965721
"chr20-0267",0.108114912200457
"chr20-0268",0.192520117793942
"chr20-0269",-0.171186295251315
"chr20-0270",0.0194680309860312
"chr20-0271",0.021927811684537
"chr20-0272",-0.19560496347649
"chr20-0273",-0.114368778193294
"chr20-0274",-0.0914250639861851
"chr20-0275",0.0510295783526763
"chr20-0276",0.0187010724272736
"chr20-0277",0.0414941856620979
"chr20-0278",0.00975270089857682
"chr20-0279",0.0489885313424628
"chr20-0280",0.0473082972895746
"chr20-0281",0.0273445857663283
"chr20-0282",-0.0241964835604373
"chr20-0283",-0.0752463125248481
"chr20-0284",0.138159627530155
"chr20-0285",-0.0665859113649746
"chr20-0286",0.0844803477424494
"chr20-0287",-0.118358274903141
"chr20-0288",-0.0374853484656249
"chr20-0289",-0.13005912462077
"chr20-0290",-0.0811906807708103
"chr20-0291",0.0899015854953296
"chr20-0292",0.0904481328421118
"chr20-0293",0.0437441210545013
"chr20-0294",-0.0417007092236454
"chr20-0295",-0.234369320401804
"chr20-0296",0.16257865321838
"chr20-0297",-0.0566781992999918
"chr20-0298",0.0634877520281975
"chr20-0299",0.127616634629355
"chr20-0300",0.0876657688762018
"chr20-0301",-0.136563680890545
"chr20-0302",-0.189221424115149
"chr20-0303",0.153437394682023
"chr20-0304",0.0593660568271701
"chr20-0305",0.222847913009779
"chr20-0306",0.0172797134298261
"chr20-0307",0.0785115141037057
"chr20-0308",0.105405123237141
"chr20-0309",0.0949590517784919
"chr20-0310",-0.0322492472578336
"chr20-0311",-0.0165673342983551
"chr20-0312",-0.0378697080303326
"chr20-0313",-0.122718389310965
"chr20-0314",0.00545535757167031
"chr20-0315",-0.0473092146968189
"chr20-0316",0.0357189185487593
"chr20-0317",-0.0491851629585482
"chr20-0318",-0.0551967361337826
"chr20-0319",-0.0641330567970846
"chr20-0320",0.123770795303052
"chr20-0321",0.105879127471848
"chr20-0322",0.20417519959093
"chr20-0323",0.205270236249278
"chr20-0324",0.0837424972185167
"chr20-0325",0.0561536445094067
"chr20-0326",0.0910656405461701
"chr20-0327",-0.031674091130692
"chr20-0328",0.0453002250009139
"chr20-0329",0.177571305236861
"chr20-0330",0.0468312307371351
"chr20-0331",0.0809955473050946
"chr20-0332",-0.0925550623990941
"chr20-0333",-0.00152229349521234
"chr20-0334",0.36294943355889
"chr20-0335",-0.0717266359960491
"chr20-0336",0.197439013079249
"chr20-0337",0.101550967454614
"chr20-0338",0.0193609109859831
"chr20-0339",-0.150730141737797
"chr20-0340",-0.00287370436322172
"chr20-0341",0.0986205873743937
"chr20-0342",0.106339740003866
"chr20-0343",-0.0177651604433241
"chr20-0344",-0.167816115598379
"chr20-0345",-0.0985665949178031
"chr20-0346",0.0215916188719303
"chr20-0347",0.0226666937764908
"chr20-0348",0.0778178257278304
"chr20-0349",0.0572598964416522
"chr20-0350",0.140850649057903
"chr20-0351",-0.0446206244247954
"chr20-0352",-0.0976790005387284
"chr20-0353",-0.143702254842202
"chr20-0354",-0.0876466550880015
"chr20-0355",-0.0113917099485751
"chr20-0356",-0.264361464085779
"chr20-0357",0.0602143341529656
"chr20-0358",-0.107976428684255
"chr20-0359",-0.0538916702847553
"chr20-0360",0.139831984642802
"chr20-0361",-0.109615986966161
"chr20-0362",0.0427135433289892
"chr20-0363",0.0218313660950815
"chr20-0364",0.0574796734077774
"chr20-0365",0.204392315254125
"chr20-0366",-0.0758750283818979
"chr20-0367",0.00814493000682001
"chr20-0368",-0.088248044183971
"chr20-0369",0.161126711297631
"chr20-0370",0.0219385844025905
"chr20-0371",0.0127488812406332
"chr20-0372",-0.23164422376777
"chr20-0373",-0.00939420303577108
"chr20-0374",-0.138375762503757
"chr20-0375",-0.0640896193931452
"chr20-0376",-0.098246746103677
"chr20-0377",-0.0119906223793786
"chr20-0378",-0.0612118405053099
"chr20-0379",-0.204877235320023
"chr20-0380",-0.0560403207504729
"chr20-0381",-0.13240232443708
"chr20-0382",0.133332178123302
"chr20-0383",-0.177312990832161
"chr20-0384",-0.0935684723845905
"chr20-0385",0.0571237486065272
"chr20-0386",-0.226826597164586
"chr20-0387",0.0145009949101034
"chr20-0388",-0.0274790633595322
"chr20-0389",-0.0685721984496687
"chr20-0390",0.0345467232270149
"chr20-0391",0.177733240990916
"chr20-0392",-0.0070429443313116
"chr20-0393",0.22010657506422
"chr20-0394",0.0574455859802709
"chr20-0395",-0.041343032325257
"chr20-0396",0.0245184939369651
"chr20-0397",0.13305962539623
"chr20-0398",0.189511211857982
"chr20-0399",0.174800419825825
"chr20-0400",0.0281738599141377
"chr20-0401",-0.00626484459968333
"chr20-0402",0.0381307444855903
"chr20-0403",-0.255018291706106
"chr20-0404",0.0812832509440779
"chr20-0405",0.193380935853848
"chr20-0406",0.0725118172634861
"chr20-0407",0.114673424988085
"chr20-0408",0.0497678992119197
"chr20-0409",0.141259113581644
"chr20-0410",0.0596018589049507
"chr20-0411",0.178262060972344
"chr20-0412",0.0981626267524319
"chr20-0413",0.118892248999768
"chr20-0414",0.0494489176413035
"chr20-0415",0.141963386545121
"chr20-0416",0.0455441977652347
"chr20-0417",-0.00580700744402259
"chr20-0418",-0.0810148815618767
"chr20-0419",-0.0165170580014208
"chr20-0420",0.0530427884216484
"chr20-0421",-0.0513560427399317
"chr20-0422",0.036320655692381
"chr20-0423",-0.151406632073703
"chr20-0424",-0.00647644761449213
"chr20-0425",0.0767735248913286
"chr20-0426",-0.102515506133077
"chr20-0427",0.0041739002383892
"chr20-0428",-0.170800854626737
"chr20-0429",-0.0779477802849267
"chr20-0430",-0.0786093076644646
"chr20-0431",0.0159571449639399
"chr20-0432",0.0884464154341
"chr20-0433",0.139358381184482
"chr20-0434",0.0896544046569542
"chr20-0435",-0.1190173439947
"chr20-0436",-0.0149267765698816
"chr20-0437",0.173579226082466
"chr20-0438",0.046364695902252
"chr20-0439",-0.144871436040662
"chr20-0440",-0.029196979366009
"chr20-0441",-0.00025460322690346
"chr20-0442",-0.0913297527716592
"chr20-0443",-0.0973792443552785
"chr20-0444",0.0482236867002672
"chr20-0445",-0.0584339921481545
"chr20-0446",0.0810742189733098
"chr20-0447",0.0532252110398452
"chr20-0448",0.030314733484235
"chr20-0449",0.0936320111777544
"chr20-0450",0.0233635974862981
"chr20-0451",-0.221008038873836
"chr20-0452",0.0516496095076275
"chr20-0453",0.0212684628193111
"chr20-0454",4.8513592998034e-05
"chr20-0455",0.0397164532300244
"chr20-0456",-0.0656759341621477
"chr20-0457",0.0837914733903857
"chr20-0458",0.163038310179557
"chr20-0459",0.0554595046040412
"chr20-0460",0.0690346089143121
"chr20-0461",0.0213660793875741
"chr20-0462",-0.00458213168906785
"chr20-0463",0.165981850806204
"chr20-0464",-0.0208704530103868
"chr20-0465",0.0314618831295685
"chr20-0466",0.0895785505185426
"chr20-0467",0.155817832453629
"chr20-0468",0.110685120937018
"chr20-0469",0.101389462989561
"chr20-0470",0.105767620580616
"chr20-0471",0.0989990584328575
"chr20-0472",0.0658670317639726
"chr20-0473",0.0790533037563435
"chr20-0474",0.0418795689868159
"chr20-0475",-0.145137319219538
"chr20-0476",-0.0737184200074793
"chr20-0477",-0.054258617746624
"chr20-0478",-0.0993768968612929
"chr20-0479",-0.262423285698398
"chr20-0480",-0.0679357880455098
"chr20-0481",0.0228124936111311
"chr20-0482",0.0622778731864856
"chr20-0483",0.100554280662292
"chr20-0484",0.0656966582233503
"chr20-0485",-0.0358430070537335
"chr20-0486",0.0275210651265327
"chr20-0487",0.24344531035392
"chr20-0488",0.0112991608179593
"chr20-0489",0.273947869024038
"chr20-0490",-0.0606006837397108
"chr20-0491",-0.183908127686959
"chr20-0492",0.107125122008421
"chr20-0493",0.00801790786193822
"chr20-0494",-0.064940831663477
"chr20-0495",0.184300514497547
"chr20-0496",0.164428320875484
"chr20-0497",0.0312828218492099
"chr20-0498",-0.12777550999794
"chr20-0499",0.0372296493575252
"chr20-0500",0.0402803505789399
"chr20-0501",-0.0575770722721081
"chr20-0502",0.122300772533257
"chr20-0503",-0.00831397793417597
"chr20-0504",0.227388543454833
"chr20-0505",0.211265177818768
"chr20-0506",0.186108477925895
"chr20-0507",0.0533362398537835
"chr20-0508",0.113592848035682
"chr20-0509",0.165991503594632
"chr20-0510",0.175398580341416
"chr20-0511",0.158115692955594
"chr20-0512",0.0917278861960142
"chr20-0513",0.0449217393081994
"chr20-0514",-0.0113256923398543
"chr20-0515",0.31464462345487
"chr20-0516",0.00656956876027914
"chr20-0517",0.140473968509369
"chr20-0518",0.161859869929498
"chr20-0519",0.122353325920873
"chr20-0520",-0.175496367796509
"chr20-0521",0.0227175895957351
"chr20-0522",0.0518632848413223
"chr20-0523",0.0271806238832579
"chr20-0524",-0.0108761724714001
"chr20-0525",-0.0648036684032095
"chr20-0526",0.124010064270402
"chr20-0527",0.0378605211707359
"chr20-0528",-0.150295858893407
"chr20-0529",0.0436478215019959
"chr20-0530",0.155444612926032
"chr20-0531",0.140847352666602
"chr20-0532",0.0768361800876747
"chr20-0533",0.0282765019220254
"chr20-0534",0.111768539034797
"chr20-0535",0.0508368633591718
"chr20-0536",0.167860328453483
"chr20-0537",0.0914467271772347
"chr20-0538",0.0614191017948207
"chr20-0539",0.0449634428714598
"chr20-0540",0.0562264478471649
"chr20-0541",-0.0437300708828745
"chr20-0542",0.0679604395946674
"chr20-0543",-0.0833842860963218
"chr20-0544",-0.01960689319465
"chr20-0545",0.0239809197834745
"chr20-0546",-0.000689968197203764
"chr20-0547",-0.100864087144068
"chr20-0548",-0.0659528320136792
"chr20-0549",-0.128743890887343
"chr20-0550",0.0870191648671352
"chr20-0551",0.0814206981919844
"chr20-0552",0.102088412826456
"chr20-0553",0.123863133237025
"chr20-0554",-0.0135497791205038
"chr20-0555",0.0731387634534884
"chr20-0556",-0.00185222970090114
"chr20-0557",-0.033905104853458
"chr20-0558",-0.115470449144503
"chr20-0559",0.163396640969509
"chr20-0560",0.130276747525184
"chr20-0561",0.109963589042633
"chr20-0562",0.0366797815857628
"chr20-0563",-0.103704224538552
"chr20-0564",-0.0348824300920702
"chr20-0565",0.0134243985598272
"chr20-0566",0.0232944927224618
"chr20-0567",0.00846268391740626
"chr20-0568",0.0453709628898364
"chr20-0569",-0.0197777791206972
"chr20-0570",0.136898942748085
"chr20-0571",-0.056340783676789
"chr20-0572",0.143391340886846
"chr20-0573",0.0311065273903522
"chr20-0574",0.0540680517027125
"chr20-0575",-0.0657486729894837
"chr20-0576",0.169327409297668
"chr20-0577",0.047225885358418
"chr20-0578",0.0332544573908524
"chr20-0579",0.0467767312914862
"chr20-0580",0.0137707341224892
"chr20-0581",-0.0234846770862026
"chr20-0582",-0.043857784238311
"chr20-0583",0.0517371015969992
"chr20-0584",-0.104035881534253
"chr20-0585",0.0910686834840175
"chr20-0586",0.0220482716024369
"chr20-0587",0.118037387474232
"chr20-0588",-0.00900448242965747
"chr20-0589",0.220814037990894
"chr20-0590",-0.00373538968099761
"chr20-0591",0.048123230255371
"chr20-0592",0.0418838027863225
"chr20-0593",0.132491609112776
"chr20-0594",-0.0663309406225841
"chr20-0595",0.0613059758925344
"chr20-0596",-0.0538237815747316
"chr20-0597",0.0795194023155145
"chr20-0598",0.0576756143549001
"chr20-0599",0.0911615795643798
"chr20-0600",0.0885141900170492
"chr20-0601",0.12827100839546
"chr20-0602",-0.00182068574520398
"chr20-0603",-0.134213097164456
"chr20-0604",0.094038471776219
"chr20-0605",0.0673561397898974
"chr20-0606",0.132389532336663
"chr20-0607",0.22624634264989
"chr20-0608",0.141634236919563
"chr20-0609",-0.0746575208685536
"chr20-0610",-0.0754056601704554
"chr20-0611",-0.0312366185589955
"chr20-0612",-0.106459077966144
"chr20-0613",0.0850451548537862
"chr20-0614",-0.174883571655795
"chr20-0615",0.101092364085568
"chr20-0616",0.0843159002799938
"chr20-0617",0.0156045717321405
"chr20-0618",0.1244234985835
"chr20-0619",0.0033542882753962
"chr20-0620",0.01237772230859
"chr20-0621",0.124798637300473
"chr20-0622",0.111621602391107
"chr20-0623",0.0894637580695494
"chr20-0624",0.203845619162101
"chr21-0001",0.0151706305100794
"chr21-0002",0.110778129946276
"chr21-0003",0.0509799677812499
"chr21-0004",0.0661726102532117
"chr21-0005",0.0293890789451848
"chr21-0006",0.0807258386689156
"chr21-0007",0.0420518924676663
"chr21-0008",-0.179744295926811
"chr21-0009",0.0665609936646678
"chr21-0010",0.0764755193070709
"chr21-0011",-0.310984537406456
"chr21-0012",0.0586290707075185
"chr21-0013",0.0755570143172232
"chr21-0014",0.253998518939239
"chr21-0015",0.120353711700538
"chr21-0016",0.409784617064327
"chr21-0017",0.0119411526220728
"chr21-0018",0.285924481016394
"chr21-0019",0.337028129038125
"chr21-0020",0.0409741706733686
"chr21-0021",0.154037677829487
"chr21-0022",0.146173643786568
"chr21-0023",0.311014619715408
"chr21-0024",0.411962702288532
"chr21-0025",0.44097082198254
"chr21-0026",0.237295952463861
"chr21-0027",-0.0124362955864074
"chr21-0028",0.100083345748968
"chr21-0029",0.118950860892007
"chr21-0030",0.134324445216258
"chr21-0031",0.246144596121967
"chr21-0032",0.26678846051087
"chr21-0033",0.356508271989211
"chr21-0034",0.218616564812728
"chr21-0035",0.296797225745454
"chr21-0036",0.0912218892871182
"chr21-0037",0.278185906397085
"chr21-0038",0.216920566799669
"chr21-0039",0.241930491703569
"chr21-0040",0.221193262922288
"chr21-0041",0.110962041180394
"chr21-0042",0.199152103289525
"chr21-0043",0.0333322123840094
"chr21-0044",0.0755906877175531
"chr21-0045",0.0861880927242329
"chr21-0046",0.0870947123698158
"chr21-0047",-0.0397929936661685
"chr21-0048",0.31284423628033
"chr21-0049",0.173253763767949
"chr21-0050",0.208624668737417
"chr21-0051",0.451672740667738
"chr21-0052",0.191786511250837
"chr21-0053",0.203259651307485
"chr21-0054",0.124934195382105
"chr21-0055",-0.0994856484903019
"chr21-0056",-0.0421158088019781
"chr21-0057",0.0518192683580541
"chr21-0058",0.223398989690621
"chr21-0059",0.126746561611147
"chr21-0060",0.101063846418631
"chr21-0061",0.1663158494704
"chr21-0062",0.0365474238861396
"chr21-0063",0.128679111064933
"chr21-0064",-0.0157359598352199
"chr21-0065",0.127140499333558
"chr21-0066",0.0115454388338336
"chr21-0067",-0.0696191286442635
"chr21-0068",-0.190616337427341
"chr21-0069",-0.128355708428815
"chr21-0070",-0.0423544111462471
"chr21-0071",0.091488395713421
"chr21-0072",-0.0386535072308458
"chr21-0073",0.0332542122181182
"chr21-0074",-0.0692733364597725
"chr21-0075",-0.100424963584529
"chr21-0076",0.0516009715854647
"chr21-0077",0.0187404016473638
"chr21-0078",0.00941085590243794
"chr21-0079",0.0694469205439505
"chr21-0080",0.00719225528810425
"chr21-0081",0.0679234341946468
"chr21-0082",0.0783738440105909
"chr21-0083",0.128577060758146
"chr21-0084",-0.0159884952078625
"chr21-0085",0.0225433973998968
"chr21-0086",-0.0872578579247109
"chr21-0087",0.169525986752881
"chr21-0088",0.17275693081806
"chr21-0089",0.197683772020571
"chr21-0090",-0.183162038678755
"chr21-0091",0.104993221864497
"chr21-0092",-0.0144871147881852
"chr21-0093",-0.0297888392536209
"chr21-0094",-0.0442260207160885
"chr21-0095",0.052775170807595
"chr21-0096",-0.0235012367025584
"chr21-0097",-0.0944995939945886
"chr21-0098",-0.187240028859121
"chr21-0099",0.0817706470531265
"chr21-0100",0.0320808478444181
"chr21-0101",0.13616317739526
"chr21-0102",0.157661166035691
"chr21-0103",-0.00439333035315427
"chr21-0104",0.0455332759285073
"chr21-0105",0.360267842005031
"chr21-0106",0.126125348189794
"chr21-0107",0.0163450093215999
"chr21-0108",0.225091322119242
"chr21-0109",0.312034603612868
"chr21-0110",0.0425874005462481
"chr21-0111",0.0311894773312123
"chr21-0112",0.1445623282373
"chr21-0113",0.195846620447471
"chr21-0114",0.167487694346365
"chr21-0115",0.220422525378151
"chr21-0116",0.182500096081771
"chr21-0117",0.251946403202623
"chr21-0118",0.207571056369121
"chr21-0119",0.160065013394011
"chr21-0120",0.129004854412529
"chr21-0121",-0.182041025941808
"chr21-0122",0.0104112406627021
"chr21-0123",-0.210406698259906
"chr21-0124",0.0211922869511735
"chr21-0125",-0.0958902239634249
"chr21-0126",-0.185185394398992
"chr21-0127",-0.0205005658953504
"chr21-0128",-0.0242137983626423
"chr21-0129",0.0448388174118256
"chr21-0130",0.0899602590892062
"chr21-0131",-0.0862682063748076
"chr21-0132",-0.127964007395791
"chr21-0133",0.0300767113496045
"chr21-0134",-0.044412028621949
"chr21-0135",0.0675533392988393
"chr21-0136",-0.114994519195506
"chr21-0137",0.331756199323563
"chr21-0138",0.0582431542886691
"chr21-0139",0.0374724476132648
"chr21-0140",0.0852162308776068
"chr21-0141",0.201240268479065
"chr21-0142",0.150644728847701
"chr21-0143",0.0332899993816486
"chr21-0144",0.0161922243019038
"chr21-0145",0.0574848687276574
"chr21-0146",-0.0631830685138202
"chr21-0147",0.122012021451286
"chr21-0148",0.14086446559025
"chr21-0149",0.308259126958242
"chr21-0150",0.11675388632141
"chr21-0151",0.123143415860067
"chr21-0152",0.164199387851738
"chr21-0153",0.100549954465112
"chr21-0154",0.0802665574924661
"chr21-0155",0.235158289069036
"chr21-0156",0.24994168147024
"chr21-0157",0.22061283521757
"chr21-0158",0.0917718713573364
"chr21-0159",0.130699794489546
"chr21-0160",-0.0626875970009367
"chr21-0161",0.170148229601045
"chr21-0162",0.0558052542924699
"chr21-0163",0.106841519396868
"chr21-0164",0.0068973496689744
"chr21-0165",0.132589817599444
"chr21-0166",0.00160144397801701
"chr21-0167",0.000606233935399539
"chr21-0168",0.0580932626762324
"chr21-0169",0.0598745317107752
"chr21-0170",0.109750340303695
"chr21-0171",-0.101676057925869
"chr21-0172",0.146564719252958
"chr21-0173",0.0481371415508549
"chr21-0174",-0.00422746430797946
"chr21-0175",-0.176545680248551
"chr21-0176",0.0553992225690796
"chr21-0177",0.0517869749285807
"chr21-0178",0.0338409426029531
"chr21-0179",0.0548299224914015
"chr21-0180",0.0909014625119889
"chr21-0181",0.115749687209926
"chr21-0182",0.0492458592176696
"chr21-0183",0.242486208420942
"chr21-0184",0.0891817122334137
"chr21-0185",0.110678924964682
"chr21-0186",-0.0221830830346
"chr21-0187",0.104298423347233
"chr21-0188",0.104511421745413
"chr21-0189",0.0407625867021874
"chr21-0190",-0.0695717331247144
"chr21-0191",0.0800426824938769
"chr21-0192",0.0276470002654867
"chr21-0193",-0.127674880772567
"chr21-0194",0.0218423532757667
"chr21-0195",0.0347117835225277
"chr21-0196",-0.134368592441496
"chr21-0197",0.0306186878197558
"chr21-0198",0.0387434574841719
"chr21-0199",-0.0365920987611993
"chr21-0200",-0.00337785503715987
"chr21-0201",0.0443889353344867
"chr21-0202",0.152701620133596
"chr21-0203",-0.131500353055256
"chr21-0204",0.145687000061151
"chr21-0205",0.110608616533394
"chr21-0206",-0.0248324480147942
"chr21-0207",0.0844887419568112
"chr21-0208",-0.170741795839608
"chr21-0209",-0.0368276035653587
"chr21-0210",0.0615294891348077
"chr21-0211",0.00181089096884135
"chr21-0212",0.0149565554397452
"chr21-0213",0.0632972574162609
"chr21-0214",0.102269602756049
"chr21-0215",0.0943274519304425
"chr21-0216",0.109666170747348
"chr21-0217",0.109124983692775
"chr21-0218",0.0577899029848763
"chr21-0219",0.095899413369625
"chr21-0220",0.058111518155536
"chr21-0221",0.08066613756864
"chr21-0222",0.00764460240986524
"chr21-0223",-0.0131228492608335
"chr21-0224",-0.0136003723638088
"chr21-0225",0.105377403955877
"chr21-0226",0.0654964696466804
"chr21-0227",-0.0231838738595185
"chr21-0228",0.123286641908043
"chr21-0229",0.159866950367352
"chr21-0230",0.118447269034269
"chr21-0231",-0.100276166340932
"chr21-0232",0.136426170033127
"chr21-0233",0.0566169289359387
"chr21-0234",0.132806440611706
"chr21-0235",-0.137869989741473
"chr21-0236",0.106239855962284
"chr21-0237",0.00652275188174532
"chr21-0238",-0.00856220798979008
"chr21-0239",0.0968155177395828
"chr21-0240",0.212401169128055
"chr21-0241",-0.0312321387220407
"chr21-0242",-0.016133105017362
"chr21-0243",-0.0109706285198556
"chr21-0244",-0.0282732046518191
"chr21-0245",0.0823972500129015
"chr21-0246",0.271763431901953
"chr21-0247",0.0800655024888075
"chr21-0248",0.0949953584086808
"chr21-0249",0.0339044169436364
"chr21-0250",0.0546531864332944
"chr21-0251",0.189104992971438
"chr21-0252",0.138363418512884
"chr21-0253",0.112693712067782
"chr21-0254",0.199184623569144
"chr21-0255",0.182371677058231
"chr21-0256",0.112790719998036
"chr21-0257",0.145839186762707
"chr21-0258",0.129444950278763
"chr21-0259",0.0973321076966761
"chr21-0260",0.222760298943614
"chr21-0261",0.0771929178438245
"chr21-0262",0.148135500637637
"chr21-0263",0.0237241068305639
"chr21-0264",0.142158104006459
"chr21-0265",0.101763952204042
"chr21-0266",0.0562878586171206
"chr21-0267",0.106270506601806
"chr21-0268",0.0855919368479042
"chr21-0269",0.125575922000114
"chr21-0270",0.189547377685363
"chr21-0271",0.144790572021469
"chr21-0272",0.052154435010183
"chr21-0273",0.08939826614119
"chr21-0274",0.133135340061073
"chr21-0275",0.198069460713808
"chr21-0276",0.10659150492997
"chr21-0277",0.213204437843437
"chr21-0278",0.173235956596888
"chr21-0279",0.0939956305179239
"chr21-0280",0.0962950082787678
"chr21-0281",0.0654379524765826
"chr21-0282",0.0825853650072985
"chr21-0283",0.206611877451565
"chr21-0284",-0.0156524378542275
"chr21-0285",0.125734553880341
"chr21-0286",0.00989116442467069
"chr21-0287",0.0197545226325833
"chr21-0288",0.294452543747488
"chr21-0289",0.0658230442795626
"chr21-0290",-0.00687782447777946
"chr21-0291",0.147605599042749
"chr21-0292",0.140952717438822
"chr21-0293",0.216036523300118
"chr22-0001",0.0518341915036103
"chr22-0002",-0.227073951412931
"chr22-0003",0.133511582810194
"chr22-0004",0.0370498741831572
"chr22-0005",0.00418058093979666
"chr22-0006",0.259479766577475
"chr22-0007",0.10916875438452
"chr22-0008",-0.0385584668993011
"chr22-0009",-0.101960960677112
"chr22-0010",-0.316224736443446
"chr22-0011",-0.196788211059657
"chr22-0012",-0.148773899785937
"chr22-0013",-0.0702862058393667
"chr22-0014",-0.0880264167472534
"chr22-0015",-0.177833912226152
"chr22-0016",0.0688043003567819
"chr22-0017",0.0792972574375076
"chr22-0018",0.101806307729432
"chr22-0019",0.16981636584793
"chr22-0020",0.0218854339129645
"chr22-0021",0.219641844382652
"chr22-0022",-0.155337364104556
"chr22-0023",-0.165751927432019
"chr22-0024",-0.092816859717746
"chr22-0025",-0.0798134170192954
"chr22-0026",-0.17207881008727
"chr22-0027",-0.0167306410669344
"chr22-0028",0.0656992925509744
"chr22-0029",-0.0518394559285998
"chr22-0030",0.0460262761435338
"chr22-0031",-0.116750997493015
"chr22-0032",0.0261194465378584
"chr22-0033",0.118621876961638
"chr22-0034",-0.0435142266339122
"chr22-0035",-0.0224365470077479
"chr22-0036",0.0284962408540735
"chr22-0037",-0.0538914593019472
"chr22-0038",0.0219417969973045
"chr22-0039",0.0389252241932436
"chr22-0040",0.110146090926306
"chr22-0041",-0.0354668231137405
"chr22-0042",-0.0951859982538857
"chr22-0043",-0.144818122374744
"chr22-0044",0.175432110576062
"chr22-0045",0.0988071896899567
"chr22-0046",0.0594643859675861
"chr22-0047",0.0064733338844601
"chr22-0048",0.105024322651325
"chr22-0049",-0.0547948082299363
"chr22-0050",0.139579000250023
"chr22-0051",0.17336973914189
"chr22-0052",0.12586418467824
"chr22-0053",-0.127275343800831
"chr22-0054",0.048577767207944
"chr22-0055",0.165180598053988
"chr22-0056",0.126787085128117
"chr22-0057",0.0131036525259746
"chr22-0058",0.018399819637895
"chr22-0059",0.0455246350558793
"chr22-0060",0.0167626902865236
"chr22-0061",-0.143084767725098
"chr22-0062",0.156758740678991
"chr22-0063",-0.0790760480760177
"chr22-0064",-0.132556669991859
"chr22-0065",-0.0595389818553811
"chr22-0066",0.0104912199255327
"chr22-0067",-0.00226065170013967
"chr22-0068",-0.0736338046371584
"chr22-0069",0.0127335628567658
"chr22-0070",-0.0194697731219621
"chr22-0071",-0.0155265338628294
"chr22-0072",-0.0195509416879839
"chr22-0073",-0.0599187284264614
"chr22-0074",0.136173405526128
"chr22-0075",-0.0042509708971574
"chr22-0076",0.000604386516155153
"chr22-0077",-0.137681189858026
"chr22-0078",0.12161828864996
"chr22-0079",-0.0388664747791877
"chr22-0080",-0.254585331315885
"chr22-0081",-0.0515704539391641
"chr22-0082",-0.269352807426854
"chr22-0083",0.0186009042381601
"chr22-0084",0.0129826190216952
"chr22-0085",-0.131349595223483
"chr22-0086",-0.0460665229812616
"chr22-0087",0.0487360299127689
"chr22-0088",0.00248833200954638
"chr22-0089",-0.0956319344439986
"chr22-0090",0.0244591192274265
"chr22-0091",-0.0107628004911019
"chr22-0092",0.0283899429640327
"chr22-0093",-0.0489004994677488
"chr22-0094",-0.136498460859159
"chr22-0095",0.00402983274418768
"chr22-0096",0.033730028875187
"chr22-0097",0.024599196356142
"chr22-0098",0.0307811316181263
"chr22-0099",0.0891360145316745
"chr22-0100",0.0265333643482816
"chr22-0101",0.127980196753514
"chr22-0102",-0.0324502080832621
"chr22-0103",0.0650771949544968
"chr22-0104",0.00775554332600701
"chr22-0105",0.0251911280072073
"chr22-0106",-0.0403575034509464
"chr22-0107",-0.187344656062449
"chr22-0108",-0.213832478901658
"chr22-0109",0.00844446449370669
"chr22-0110",-0.18778811039142
"chr22-0111",-0.0877129354164581
"chr22-0112",0.0319545792334688
"chr22-0113",-0.00495409079906289
"chr22-0114",-0.00203308709466978
"chr22-0115",0.0838462778039177
"chr22-0116",0.0961793531721938
"chr22-0117",0.0447535093372303
"chr22-0118",0.150009684666966
"chr22-0119",0.00695829615760028
"chr22-0120",-0.0315033358828989
"chr22-0121",0.131918190268379
"chr22-0122",0.161550083135175
"chr22-0123",0.0902171011074395
"chr22-0124",0.0248335513833897
"chr22-0125",-0.0403770757367071
"chr22-0126",0.0398308874397899
"chr22-0127",0.00266802400410359
"chr22-0128",-0.158717128637267
"chr22-0129",0.0123647535281427
"chr22-0130",-7.15155582349065e-05
"chr22-0131",-0.100811571738538
"chr22-0132",-0.0440283892441098
"chr22-0133",0.0340377618664599
"chr22-0134",-0.00363751981816634
"chr22-0135",-0.154201218044204
"chr22-0136",-0.0283506114110813
"chr22-0137",0.0665484708409032
"chr22-0138",0.286521617868655
"chr22-0139",-0.118978326335125
"chr22-0140",0.0147180528405382
"chr22-0141",0.107979208265726
"chr22-0142",-0.0786513435749256
"chr22-0143",0.068495938234096
"chr22-0144",0.046927019937034
"chr22-0145",0.0447978863433097
"chr22-0146",-0.0332327716924963
"chr22-0147",-0.0370554370879312
"chr22-0148",0.00736500763921134
"chr22-0149",0.0070972547833466
"chr22-0150",0.109922083973955
"chr22-0151",0.0870307788624574
"chr22-0152",-0.0482036193987081
"chr22-0153",0.041291723034148
"chr22-0154",0.0328450391702638
"chr22-0155",0.0320750687329025
"chr22-0156",0.217004095502098
"chr22-0157",0.151364837176751
"chr22-0158",0.141406080233665
"chr22-0159",0.0936131585141033
"chr22-0160",-0.0575162881856853
"chr22-0161",-0.152631768625908
"chr22-0162",-0.117151636487392
"chr22-0163",-0.00178609211782263
"chr22-0164",0.0907482227893569
"chr22-0165",-0.0937888304423973
"chr22-0166",0.0659733297713763
"chr22-0167",-0.187014809844106
"chr22-0168",0.047850897026883
"chr22-0169",0.0873537514202653
"chr22-0170",0.0655159923243128
"chr22-0171",0.0732664072561674
"chr22-0172",-0.140666972657028
"chr22-0173",-0.202297342525952
"chr22-0174",0.0363607097851043
"chr22-0175",-0.140378501238633
"chr22-0176",-0.000592587224549514
"chr22-0177",0.0823746296303364
"chr22-0178",-0.0410918591213013
"chr22-0179",0.111180135916104
"chr22-0180",-0.0745095424441364
"chr22-0181",-0.0884045489538078
"chr22-0182",0.13113942586971
"chr22-0183",-0.0283761142890814
"chr22-0184",0.0847617874152868
"chr22-0185",0.159615038870041
"chr22-0186",0.0926531588477392
"chr22-0187",0.092854709725884
"chr22-0188",0.071526877991578
"chr22-0189",-0.00873246038451149
"chr22-0190",-0.0817960268415754
"chr22-0191",-0.0805801386353855
"chr22-0192",0.059090367530348
"chr22-0193",0.0460994835604017
"chr22-0194",-0.0563612589196027
"chr22-0195",-0.122706035536933
"chr22-0196",-0.00307826967012688
"chr22-0197",-0.131393304718838
"chr22-0198",0.0227129655012803
"chr22-0199",-0.0212055977638543
"chr22-0200",0.0315396383117439
"chr22-0201",0.10062618063081
"chr22-0202",0.0029178944926412
"chr22-0203",0.0359118449588168
"chr22-0204",-0.135152867123785
"chr22-0205",-0.134595904158792
"chr22-0206",0.0225583203769879
"chr22-0207",0.0857055025364793
"chr22-0208",0.0505205463318405
"chr22-0209",-0.0811984118761737
"chr22-0210",-0.0327175413659224
"chr22-0211",-0.023056016742358
"chr22-0212",0.101341473813342
"chr22-0213",-0.0344281442527699
"chr22-0214",-0.0403778927227662
"chr22-0215",0.102144322337598
"chr22-0216",-0.0470247459830445
"chr22-0217",-0.0206400564993057
"chr22-0218",-0.134407041802674
"chr22-0219",-0.0862934983545442
"chr22-0220",-0.0361524654212606
"chr22-0221",0.326383239915828
"chr22-0222",-0.0790566641042224
"chr22-0223",0.0329649141808564
"chr22-0224",0.139868932193036
"chr22-0225",-0.218407790916976
"chr22-0226",0.0169130381060783
"chr22-0227",-0.0284512082273108
"chr22-0228",0.0134011666526385
"chr22-0229",0.0384757860164031
"chr22-0230",0.0801945431856802
"chr22-0231",-0.0886114110233159
"chr22-0232",-0.0367540090727793
"chr22-0233",-0.0200237732199134
"chr22-0234",0.0768874696317877
"chr22-0235",0.114766554955412
"chr22-0236",-0.120379945960809
"chr22-0237",-0.00931852405527482
"chr22-0238",-0.047993704399444
"chr22-0239",-0.064954816592312
"chr22-0240",-0.0359312085987717
"chr22-0241",-0.19519233174549
"chr22-0242",-0.00419134413073808
"chr22-0243",-0.00180568197406608
"chr22-0244",0.0538166193037523
"chr22-0245",0.121283208040649
"chr22-0246",-0.13060897738455
"chr22-0247",0.179849112880045
"chr22-0248",0.186302965699194
"chr22-0249",-0.117594394720957
"chr22-0250",-0.132574689152183
"chr22-0251",-0.0810357156773753
"chr22-0252",-0.0813915310600075
"chr22-0253",0.161164049572107
"chr22-0254",-0.0233602106647377
"chr22-0255",-0.168477360370238
"chr22-0256",0.00727901137640647
"chr22-0257",-0.20298240789923
"chr22-0258",0.0896066190206781
"chr22-0259",-0.357087863970568
"chr22-0260",0.0619635492928913
"chr22-0261",0.104310266713705
"chr22-0262",-0.0441843430585153
"chr22-0263",-0.0755038521613205
"chr22-0264",0.0916281619775882
"chr22-0265",0.140090583432681
"chr22-0266",-0.0589008418958009
"chr22-0267",-0.000341984740309019
"chr22-0268",0.111278849493203
"chr22-0269",0.165496841597522
"chr22-0270",-0.0854680142225221
"chr22-0271",-0.0102521136756043
"chr22-0272",0.0943087161489282
"chr22-0273",0.155230291612248
"chr22-0274",-0.128919584495765
"chr22-0275",-0.0658649146230567
"chr22-0276",0.0514873442901854
"chr22-0277",0.207106300387413
"chr22-0278",0.023427577192274
"chr22-0279",0.118364391325497
"chr22-0280",0.099071973644788
"chr22-0281",-0.0763324548944187
"chr22-0282",-0.0278413767627238
"chr22-0283",0.139893081039551
"chr22-0284",-0.122763439396133
"chr22-0285",-0.156529354775587
"chr22-0286",-0.000400753666772874
"chr22-0287",0.0218621129093172
"chr22-0288",-0.0380273358133603
"chr22-0289",-0.181564979688364
"chr22-0290",0.0904641419755193
"chr22-0291",-0.056795310495761
"chr22-0292",0.0442635928806517
"chr22-0293",-0.0554725884742816
"chr22-0294",0.12030898897586
"chr22-0295",-0.075854097763343
"chr22-0296",-0.111794905177662
"chr22-0297",-0.0571619565992659
"chr22-0298",0.103283219835319
"chr22-0299",0.0427171346327746
"chr22-0300",0.128101316952104
"chr22-0301",0.0980855150324911
"chr22-0302",0.354732441872333
"chr22-0303",-0.0930760096444424
"chr22-0304",0.0520251683222703
"chr22-0305",-0.159750477780289
"chr22-0306",0.0658271905072473
"chr22-0307",-0.0123905290397417
"chr22-0308",0.0339160138402124
"chr22-0309",0.0739689369598011
"chr22-0310",0.160891853164599
"chr22-0311",0.128969153999348
"chr22-0312",-0.141222835839044
"chr22-0313",0.133402138011024
"chr22-0314",-0.0641652298871355
"chr22-0315",-0.0710759691158401
"chr22-0316",-0.083341964045978
"chr22-0317",-0.150477720928599
"chr22-0318",-0.0777097107480907
"chr22-0319",0.0320076379537106
"chr22-0320",0.0462556288878537
"chr22-0321",-0.036414469078584
"chr22-0322",-0.018060547529016
"chr22-0323",-0.159511936126754
"chr22-0324",-0.0454015841044215
"chr22-0325",-0.160646657277696
"chr22-0326",-0.00619558405591279
"chr22-0327",-0.0205270407734897
"chr22-0328",-0.00539724281770484
"chr22-0329",-0.0724315690116266
"chr22-0330",-0.0109048316159391
"chr22-0331",-0.148086501260782
"chr22-0332",0.0124878806692628
"chr22-0333",-0.0914511638502769
"chr22-0334",-0.00176222831743076
"chr22-0335",0.0155411713815641
"chr22-0336",0.021169067781964
"chr22-0337",0.122208639736933
"chr22-0338",0.0184057355080367
"chr22-0339",0.165923111743989
"chr22-0340",-0.108591672304868
"chr22-0341",-0.12776105622838
"chr22-0342",0.101753709143019
"chr22-0343",0.0143866583425654
"chr22-0344",0.00734071609992758
"chr22-0345",-0.0999551593472147
"chr22-0346",0.0889533452776337
"chr22-0347",-0.0378934791599572
"chr22-0348",-0.161567944445888
"chr22-0349",-0.337013226584421
"chr22-0350",0.0944715426722271
"chr22-0351",-0.126510479277609
"chr22-0352",0.0478912097790504
"chr22-0353",-0.0662002945075846
"chr22-0354",-0.0471389634178702
"chr22-0355",-0.0280779267530682
"chr22-0356",-0.0709813138156185
"chr22-0357",-0.0243805252384156
"chr22-0358",0.033979906467833
"chr22-0359",0.0238146205707616
"chr22-0360",-0.0900166576613676
"chr22-0361",-0.064260242546779
"chr22-0362",0.0312013920742492
"chr22-0363",0.0141441594540194
"chr22-0364",-0.128029686481399
"chr22-0365",0.0831061340554304
"chr22-0366",0.0266978009149363
"chr22-0367",-0.0126193688296405
"chr22-0368",-0.298557684564268
"chr22-0369",0.0585758406575179
"chr22-0370",0.0913627783996989
"chr22-0371",0.0002047637510884
"chr22-0372",-0.0290697262127873
"chr22-0373",-0.0158937272532789
"chr22-0374",0.0021805815285875
"chr22-0375",-0.134602028337921
"chr22-0376",0.0413188251421055
"chr22-0377",-0.0252597499411343
"chr22-0378",-0.133369773161922
"chr22-0379",0.0523786353792376
"chr22-0380",0.00800237948375519
"chr22-0381",-0.0371373328429451
"chr22-0382",-0.0352365801681183
"chr22-0383",0.0842851265943853
"chr22-0384",0.126234596855592
"chr22-0385",0.218923754842577
"chr22-0386",-0.0947638574118741
"chr22-0387",-0.0262452656411225
"chr22-0388",-0.0675825379271251
"chr22-0389",-0.240587640531815
"chr22-0390",0.0754543118251502
"chr22-0391",-0.0787673271038876
"chr22-0392",0.0842289957949869
"chr22-0393",0.0231346720949786
"chr22-0394",0.0365179473482904
"chr22-0395",-0.0442967045754254
"chr22-0396",0.0678033171284217
"chr22-0397",-0.0396137091530621
"chr22-0398",0.0369495642821834
"chr22-0399",0.0488406171913291
"chr22-0400",-0.0928089040084065
"chr22-0401",-0.0230316815059391
"chr22-0402",-0.00511601808428058
"chr22-0403",-0.02052561611168
"chr22-0404",0.0756440313440487
"chr22-0405",-0.0560332348773036
"chr22-0406",0.054880034262889
"chr22-0407",0.0904997475080126
"chr22-0408",-0.0682243922079169
"chr22-0409",0.0219081541297202
"chr22-0410",-0.00427078781070976
"chr22-0411",0.21095148183151
"chr22-0412",-0.016504250809032
"chr22-0413",-0.120359158036924
"chr22-0414",-0.0696031605886681
"chr22-0415",0.14706131462847
"chr22-0416",-0.0180966527467451
"chr22-0417",0.00704797733356121
"chr22-0418",-0.102508670674758
"chr22-0419",0.106069127297125
"chr22-0420",0.0260810222655212
"chr22-0421",0.0259915556989109
"chr22-0422",0.138888617775565
"chr22-0423",-0.0751298101001978
"chr22-0424",0.029631996764735
"chr22-0425",0.0710096367441555
"chr22-0426",0.0707530249962025
"chr22-0427",-0.0445953046865595
"chr22-0428",-0.0868038611332833
"chr22-0429",-0.0405286239130393
"chr22-0430",-0.0244562702726707
"chr22-0431",-0.0969121368244756
"chr22-0432",0.182706091423923
"chr22-0433",0.133237483988905
"chr22-0434",0.162369123303557
"chr22-0435",-0.0490022454741033
"chr22-0436",0.0462074646763581
"chr22-0437",0.114783737126542
"chr22-0438",0.172431898062107
"chr22-0439",0.317846704769862
"chr22-0440",0.0620222414332243
"chr22-0441",0.191826279604219
"chr22-0442",-0.016648780760014
"chr22-0443",0.00890574591117721
"chr22-0444",0.100908771609921
"chr22-0445",0.0224779573267193
"chr22-0446",-0.047878541294495
"chr22-0447",-0.019359298182388
"chr22-0448",-0.0157306342354692
"chr22-0449",0.0531893941185325
"chr22-0450",0.0416002255382215
"chr22-0451",0.0285517194652065
"chr22-0452",0.128773711567184
"chr22-0453",0.119941332875472
"chr22-0454",0.0996751946082315
"chr22-0455",-0.0362471233105522
"chr22-0456",0.103524160842608
"chr22-0457",0.113980043725282
"chr22-0458",0.164836043475021
"chr22-0459",0.154161134093065
"chr22-0460",0.15220462280001
"chr22-0461",0.175795345785547
"chr22-0462",0.128871992435146
"chr22-0463",-0.0967992223579859
"chr22-0464",0.0777259580780581
"chr22-0465",0.0498480175173122
"chr22-0466",0.0112721088301534
"chr22-0467",0.0389985907368186
"chr22-0468",0.0479255494290883
"chr22-0469",-0.104880035870466
"chr22-0470",0.0972677348548117
"chr22-0471",0.138807996286047
"chr22-0472",-0.00995921218537859
"chr22-0473",0.0145776682619226
"chr22-0474",0.123903234020264
"chr22-0475",0.0246589332951687
"chr22-0476",0.07241861338052
"chr22-0477",0.0720670415665112
"chr22-0478",0.118754086554699
"chr22-0479",0.0267652043894384
"chr22-0480",0.0261083345217741
"chr22-0481",0.0834556064908344
"chr22-0482",0.0422036766495689
"chr22-0483",0.121648146254589
"chr22-0484",0.0266729261627616
"chr22-0485",-0.0011136236850526
"chr22-0486",-0.0515709558652407
"chr22-0487",-0.0163214751863304
"chr22-0488",-0.0253553587485918
"chr22-0489",0.123772195990013
"chr22-0490",0.175304221095268
"chr22-0491",0.216255111716665
"chr22-0492",0.080502862540992
"chr22-0493",0.122614543896709
"chr22-0494",0.129526526208486
"chr22-0495",0.141239424942175
"chr22-0496",0.168262314351992
"chr22-0497",-0.0691234596750153
"chr22-0498",0.0304741681828822
"chr22-0499",0.105980537331704
"chr22-0500",0.0880514490043912
"chr22-0501",0.180545894329549
"chr22-0502",0.203951413252282
"chr22-0503",0.0898985921566808
"chr22-0504",0.0529536792189108
"chr22-0505",0.110915549430215
"chr22-0506",0.20274504690792
"chr22-0507",0.119292924396159
"chr22-0508",-0.0703523847256684
"chr22-0509",0.0624630582312373
"chr22-0510",0.08725217605476
"chr22-0511",-0.00108350069231279
"chr22-0512",0.219451742840327
"chr22-0513",0.105558408363744
"chr22-0514",-0.172766354093758
"chr22-0515",0.0497529789325511
"chr22-0516",0.0857741496689758
"chr22-0517",0.10026625514492
"chr22-0518",0.0317055365343967
"chr22-0519",0.0703500949163237
"chr22-0520",0.00771909676623665
"chr3-0001",0.26528604558597
"chr3-0002",0.347711555061064
"chr3-0003",0.143820968775538
"chr3-0004",0.207614482800006
"chr3-0005",0.111099787191139
"chr3-0006",0.193279741503873
"chr3-0007",0.147971381785416
"chr3-0008",0.0358503847892188
"chr3-0009",0.00174326721965499
"chr3-0010",0.0570352725269958
"chr3-0011",0.0596168522617108
"chr3-0012",0.264500434550196
"chr3-0013",0.0724441089327186
"chr3-0014",0.038583271156782
"chr3-0015",0.160321389740499
"chr3-0016",0.0847086753504239
"chr3-0017",0.131518782857777
"chr3-0018",0.0768716833828618
"chr3-0019",-0.00355918112080863
"chr3-0020",0.0532671795749212
"chr3-0021",-0.222480957859484
"chr3-0022",-0.230739688502673
"chr3-0023",0.229308691753588
"chr3-0024",-0.0936838275492236
"chr3-0025",0.164894304080571
"chr3-0026",0.101566463496036
"chr3-0027",0.102494690617492
"chr3-0028",0.11379905387034
"chr3-0029",0.209858049636463
"chr3-0030",0.0685254372904122
"chr3-0031",-0.0835422415158844
"chr3-0032",0.0288737207459817
"chr3-0033",0.0049740430315765
"chr3-0034",0.0206652678700886
"chr3-0035",0.0279947421820243
"chr3-0036",-0.0291072659989192
"chr3-0037",-0.305793940535686
"chr3-0038",0.234169215488636
"chr3-0039",0.101177046661254
"chr3-0040",-0.045229941201126
"chr3-0041",-0.0771927596050784
"chr3-0042",-0.0379831031366461
"chr3-0043",0.104307926655912
"chr3-0044",-0.0614491889217302
"chr3-0045",0.0133895399260834
"chr3-0046",0.0968292312837384
"chr3-0047",-0.0998141672853226
"chr3-0048",-0.156941217526581
"chr3-0049",0.0656487310372836
"chr3-0050",0.0317746902383246
"chr3-0051",-0.134457260722048
"chr3-0052",-0.150733251176307
"chr3-0053",0.094998744593833
"chr3-0054",-0.00986619666521521
"chr3-0055",-0.0758929282326165
"chr3-0056",-0.288439109700482
"chr3-0057",-0.106174193389381
"chr3-0058",0.0382886186575234
"chr3-0059",-0.0286966198995233
"chr3-0060",0.0308656488082421
"chr3-0061",0.0292917630460935
"chr3-0062",0.038030615954538
"chr3-0063",0.212869244362261
"chr3-0064",-0.017548232262901
"chr3-0065",-0.028941162331012
"chr3-0066",0.0785887045546845
"chr3-0067",0.0351998132461195
"chr3-0068",0.0424392959247207
"chr3-0069",0.00643778514088126
"chr3-0070",0.0430472733571046
"chr3-0071",0.250189918740431
"chr3-0072",0.0532530586342099
"chr3-0073",-0.0499271840719404
"chr3-0074",0.0479234705090766
"chr3-0075",-0.0119733116431859
"chr3-0076",0.0132111440817193
"chr3-0077",0.216115113403072
"chr3-0078",0.143473667659658
"chr3-0079",0.105598014881113
"chr3-0080",0.0529012299142023
"chr3-0081",0.0735601850855656
"chr3-0082",-0.0841482514101793
"chr3-0083",0.095299593342904
"chr3-0084",0.182467414511247
"chr3-0085",0.099385841794948
"chr3-0086",0.038746769953436
"chr3-0087",-0.200476828652766
"chr3-0088",-0.029464241086075
"chr3-0089",-0.134442807015626
"chr3-0090",0.0740469488128884
"chr3-0091",0.0961490295254045
"chr3-0092",-0.146780872133632
"chr3-0093",0.0881958825931086
"chr3-0094",0.103353908871321
"chr3-0095",0.199816124867784
"chr3-0096",0.0484439695019295
"chr3-0097",0.067499468362658
"chr3-0098",-0.0458102761203594
"chr3-0099",-0.0254409812087854
"chr3-0100",-0.0698465521710669
"chr3-0101",-0.0924431578351046
"chr3-0102",-0.00147861801669685
"chr3-0103",-0.0758147856242672
"chr3-0104",0.181855352885815
"chr3-0105",-0.0530520467849071
"chr3-0106",0.0857000299944735
"chr3-0107",0.253060871140377
"chr3-0108",-0.0127011932561057
"chr3-0109",-0.105991548262976
"chr3-0110",0.0671458937438275
"chr3-0111",0.0947036783563726
"chr3-0112",0.0466118784299198
"chr3-0113",-0.0775427250386228
"chr3-0114",-0.0564753756124203
"chr3-0115",-0.184527012858694
"chr3-0116",-0.0325023317211118
"chr3-0117",0.0859278404993827
"chr3-0118",0.00719442806771864
"chr3-0119",-0.0104673030963177
"chr3-0120",-0.174584201126308
"chr3-0121",0.0370824907032085
"chr3-0122",-0.117867960105515
"chr3-0123",-0.0775216493789471
"chr3-0124",0.00960512748850467
"chr3-0125",0.206822497194258
"chr3-0126",0.0620276064717773
"chr3-0127",0.0557683186714919
"chr3-0128",-0.0500941950081142
"chr3-0129",0.119465900731824
"chr3-0130",0.0216982085615687
"chr3-0131",-0.0223718965468841
"chr3-0132",0.113629532296073
"chr3-0133",0.0742198491095273
"chr3-0134",-0.0517595157259915
"chr3-0135",0.153015377215891
"chr3-0136",0.041604680749797
"chr3-0137",0.251648311451138
"chr3-0138",0.130625359349694
"chr3-0139",0.0660626517314866
"chr3-0140",0.0826581767747893
"chr3-0141",0.199870630599962
"chr3-0142",0.265007685010455
"chr3-0143",0.17929116752305
"chr3-0144",0.296823135645043
"chr3-0145",0.197249723105918
"chr3-0146",0.260296228964449
"chr3-0147",0.326825485328273
"chr3-0148",0.171404966293405
"chr3-0149",0.11389821576251
"chr3-0150",0.189832707396552
"chr3-0151",0.0725001172202639
"chr3-0152",-0.107938834984406
"chr3-0153",0.21651945211217
"chr3-0154",0.243669560334931
"chr3-0155",0.129573738079552
"chr3-0156",0.142555433006719
"chr3-0157",0.0736926157299705
"chr3-0158",-0.0434776257636255
"chr3-0159",0.0718449390513388
"chr3-0160",0.159214579398119
"chr3-0161",0.125375175644084
"chr3-0162",0.24078532924494
"chr3-0163",0.106491615404543
"chr3-0164",0.140070322514765
"chr3-0165",0.084485289652767
"chr3-0166",0.164179701548387
"chr3-0167",0.0556425593645381
"chr3-0168",0.146675091732226
"chr3-0169",0.067433686943962
"chr3-0170",0.133867507360263
"chr3-0171",-0.091104495741042
"chr3-0172",0.172793036512355
"chr3-0173",0.0581815083108749
"chr3-0174",0.0548279206131949
"chr3-0175",0.198791286813621
"chr3-0176",0.198303082850445
"chr3-0177",0.149332513273447
"chr3-0178",0.155979817877871
"chr3-0179",0.1289318883919
"chr3-0180",0.0369224513055957
"chr3-0181",0.259722512187959
"chr3-0182",0.219746766433686
"chr3-0183",0.10497640768714
"chr3-0184",0.066074810710173
"chr3-0185",0.0664349496228554
"chr3-0186",0.161010755726506
"chr3-0187",0.000256554040426097
"chr3-0188",0.0591108747776885
"chr3-0189",-0.122985805510867
"chr3-0190",0.244839044252657
"chr3-0191",0.0974947272948929
"chr3-0192",-0.00584746843938535
"chr3-0193",0.115219294118671
"chr3-0194",0.0145852493162472
"chr3-0195",0.223229867316808
"chr3-0196",0.137864391430421
"chr3-0197",-0.024863684279842
"chr3-0198",0.27086369972649
"chr3-0199",0.219661884393791
"chr3-0200",0.119514758740796
"chr3-0201",0.212053524355203
"chr3-0202",0.147959437284505
"chr3-0203",0.134517369342176
"chr3-0204",0.0860373013481779
"chr3-0205",0.185926018511562
"chr3-0206",0.0897205268567919
"chr3-0207",0.119198482737212
"chr3-0208",0.0540342540043744
"chr3-0209",0.110660838268945
"chr3-0210",0.0699423891846668
"chr3-0211",0.0219904819707764
"chr3-0212",0.0214016997588092
"chr3-0213",-0.0274260626726195
"chr3-0214",-0.140665319320602
"chr3-0215",0.156919024000237
"chr3-0216",0.0826914467325182
"chr3-0217",-0.308534097603397
"chr3-0218",-0.154151366519012
"chr3-0219",0.0847998505914171
"chr3-0220",-0.009765644339533
"chr3-0221",0.0787040910522762
"chr3-0222",0.0227123539211457
"chr3-0223",0.0417566674009501
"chr3-0224",-0.044324398602903
"chr3-0225",0.0793966057694596
"chr3-0226",0.0480185457666765
"chr3-0227",0.153180606147826
"chr3-0228",-0.0190401714869769
"chr3-0229",0.0290626481476536
"chr3-0230",0.0921193263054093
"chr3-0231",0.0717621720117727
"chr3-0232",0.26651721699585
"chr3-0233",0.113236913674942
"chr3-0234",0.356335481414569
"chr3-0235",0.148879427957053
"chr3-0236",0.0320804817876248
"chr3-0237",0.130255991928063
"chr3-0238",-0.0388085800639881
"chr3-0239",-0.00106649689595241
"chr3-0240",0.0893529934228896
"chr3-0241",0.03384772870734
"chr3-0242",0.142748579814602
"chr3-0243",-0.0900138931345571
"chr3-0244",0.0444815640075258
"chr3-0245",-0.113291632163236
"chr3-0246",-0.0903631903272997
"chr3-0247",0.0413481134948833
"chr3-0248",0.185850952483683
"chr3-0249",-0.0207827023919518
"chr3-0250",0.0245194204738781
"chr3-0251",0.0731924423603023
"chr3-0252",0.0392810983643417
"chr3-0253",0.0245459703235539
"chr3-0254",0.0642662936133544
"chr3-0255",-0.184826992867233
"chr3-0256",0.0182089605785402
"chr3-0257",0.0188897834507903
"chr3-0258",0.00901586973175188
"chr3-0259",-0.103351101668848
"chr3-0260",0.156060699237335
"chr3-0261",0.134781369860074
"chr3-0262",0.0440217973880382
"chr3-0263",0.029434678248142
"chr3-0264",-0.0549348344448262
"chr3-0265",0.00828944650712955
"chr3-0266",-0.111968645937398
"chr3-0267",0.0525977382967052
"chr3-0268",0.118973549498185
"chr3-0269",-0.0113559291061915
"chr3-0270",-0.0088600027648371
"chr3-0271",0.0732146812592771
"chr3-0272",-0.155993579559917
"chr3-0273",-0.174451456578504
"chr3-0274",0.0151444988020876
"chr3-0275",0.0858190654725076
"chr3-0276",0.130113714283083
"chr3-0277",0.00885743872666823
"chr3-0278",0.341364316846152
"chr3-0279",0.041933839898964
"chr3-0280",-0.0371918263396778
"chr3-0281",-0.109959280647078
"chr3-0282",-0.0338423581918295
"chr3-0283",-0.111537471756494
"chr3-0284",-0.169228933127396
"chr3-0285",0.0683318220025826
"chr3-0286",0.108104481206563
"chr3-0287",0.052491425881218
"chr3-0288",-0.068489645700635
"chr3-0289",0.0171558866125583
"chr3-0290",0.0881336325090146
"chr3-0291",-0.0733179847478588
"chr3-0292",-0.0136738200436885
"chr3-0293",0.185520807823274
"chr3-0294",0.0468854388657733
"chr3-0295",-0.00699608008006666
"chr3-0296",-0.246716671235219
"chr3-0297",-0.135084353302843
"chr3-0298",-0.102160634237493
"chr3-0299",0.102107850310447
"chr3-0300",-0.0636333172495268
"chr3-0301",0.068974793533807
"chr3-0302",0.104440426942329
"chr3-0303",0.251259201314545
"chr3-0304",0.0539433042273754
"chr3-0305",0.262827325142796
"chr3-0306",-0.109846804147332
"chr3-0307",0.165345277036062
"chr3-0308",0.0596726722803596
"chr3-0309",-0.0270888343152695
"chr3-0310",0.0446206127726144
"chr3-0311",0.0491609041250009
"chr3-0312",0.154396754012915
"chr3-0313",-0.23355453649058
"chr3-0314",0.0226855804295187
"chr3-0315",0.151241291102031
"chr3-0316",-0.137366313508404
"chr3-0317",0.0038954333327072
"chr3-0318",-0.0410689910493623
"chr3-0319",-0.143243266509564
"chr3-0320",-0.0523049842265095
"chr3-0321",0.0198120857071064
"chr3-0322",-0.036818050911852
"chr3-0323",-0.0330395926565528
"chr3-0324",-0.00713871424907014
"chr3-0325",-0.113547281440139
"chr3-0326",0.015667626344036
"chr3-0327",-0.00694170072524165
"chr3-0328",0.153119370195634
"chr3-0329",-0.0657949018599305
"chr3-0330",0.0769177329344599
"chr3-0331",0.0172472755407443
"chr3-0332",0.0338990505456345
"chr3-0333",0.0040028273941094
"chr3-0334",0.0440802291455589
"chr3-0335",0.0868982547482425
"chr3-0336",-0.00368035560471146
"chr3-0337",-0.0787198741076303
"chr3-0338",0.0356746673133619
"chr3-0339",-0.0613576944105299
"chr3-0340",-0.0164603079694653
"chr3-0341",-0.0183901531537806
"chr3-0342",0.0572111337557814
"chr3-0343",-0.0083835533640702
"chr3-0344",0.0428739128120462
"chr3-0345",-0.123790777933544
"chr3-0346",-0.0645190948219018
"chr3-0347",-0.121791182661789
"chr3-0348",0.0731187232783831
"chr3-0349",0.158285029998005
"chr3-0350",-0.0348872779200846
"chr3-0351",0.078326558267629
"chr3-0352",0.0630694811272402
"chr3-0353",0.128839434384933
"chr3-0354",0.048701285090178
"chr3-0355",0.124873843748511
"chr3-0356",-0.041207016816874
"chr3-0357",-0.17349189104779
"chr3-0358",-0.205098291568854
"chr3-0359",0.0639611797830287
"chr3-0360",0.0712499473619423
"chr3-0361",-0.207589079173657
"chr3-0362",0.010421191857069
"chr3-0363",-0.243126785020202
"chr3-0364",-0.0724419362170783
"chr3-0365",0.0451060238821585
"chr3-0366",-0.323203639784815
"chr3-0367",-0.138858124146557
"chr3-0368",-0.0224288062194725
"chr3-0369",-0.0858033021571177
"chr3-0370",-0.0015433175684004
"chr3-0371",-0.0715078439406018
"chr3-0372",-0.00629318375227824
"chr3-0373",0.0704124112719585
"chr3-0374",0.136909786490918
"chr3-0375",0.0237903146473389
"chr3-0376",-0.0333147575290727
"chr3-0377",-0.0560765986437618
"chr3-0378",-0.0234478041625848
"chr3-0379",0.13916045316415
"chr3-0380",-0.0388896411382503
"chr3-0381",0.0821000583521007
"chr3-0382",-0.116726234812933
"chr3-0383",-0.055905505350318
"chr3-0384",-0.192664718735558
"chr3-0385",-0.069575359333283
"chr3-0386",-0.0148188269453054
"chr3-0387",-0.114023953058891
"chr3-0388",-0.00492703667548096
"chr3-0389",-0.0425604587607344
"chr3-0390",-0.0508922365986242
"chr3-0391",-0.279469757337215
"chr3-0392",-0.0198016795180805
"chr3-0393",0.0122424480432089
"chr3-0394",-0.0868897943875335
"chr3-0395",-0.195498433081104
"chr3-0396",0.0190769511711738
"chr3-0397",0.0357293113728363
"chr3-0398",0.0149882363113757
"chr3-0399",0.165152050782793
"chr3-0400",0.0520222333556468
"chr3-0401",-0.0362987671524884
"chr3-0402",0.0812670265059699
"chr3-0403",-0.0707717564991373
"chr3-0404",0.0892882813625408
"chr3-0405",-0.0833862675878342
"chr3-0406",-0.23274966135426
"chr3-0407",-0.0967472679746074
"chr3-0408",0.0882213299086514
"chr3-0409",-0.0241183300884962
"chr3-0410",-0.141414363353756
"chr3-0411",-0.0154506975401438
"chr3-0412",0.0150528080380454
"chr3-0413",0.0495289792124696
"chr3-0414",-0.0395931658700457
"chr3-0415",0.00988440590376912
"chr3-0416",-0.0445386943727201
"chr3-0417",-0.0378681285985913
"chr3-0418",-0.0697667141957653
"chr3-0419",0.100336167249327
"chr3-0420",-0.0137007677106506
"chr3-0421",-0.0440850214833796
"chr3-0422",0.0860251793419431
"chr3-0423",-0.155677444944882
"chr3-0424",-0.0191606564176768
"chr3-0425",0.0758702284855873
"chr3-0426",-0.0681158164800855
"chr3-0427",0.0520253666493947
"chr3-0428",0.0857121977233748
"chr3-0429",-0.0197132826294339
"chr3-0430",0.00910541701339426
"chr3-0431",0.076578203115629
"chr3-0432",-0.0861743187775732
"chr3-0433",-0.0614916481485271
"chr3-0434",0.0598276292766972
"chr3-0435",0.0573384010492919
"chr3-0436",-0.0422761941673983
"chr3-0437",0.00250789022066716
"chr3-0438",-0.0204247966449047
"chr3-0439",0.0132353495461202
"chr3-0440",-0.0142497757728634
"chr3-0441",0.102725336710699
"chr3-0442",0.0325775444744113
"chr3-0443",0.0256678231261515
"chr3-0444",0.103615872595646
"chr3-0445",0.00152855850837274
"chr3-0446",-0.116594379254725
"chr3-0447",-0.071462790604677
"chr3-0448",-0.0703307475711285
"chr3-0449",0.0710793742374318
"chr3-0450",0.0799301106558616
"chr3-0451",-0.0785302456416103
"chr3-0452",0.142527360313605
"chr3-0453",-0.00740280022540831
"chr3-0454",-0.109121034639357
"chr3-0455",-0.176983448332837
"chr3-0456",-0.0805882520823286
"chr3-0457",0.132633985854389
"chr3-0458",0.0104374285045335
"chr3-0459",0.135967168326585
"chr3-0460",0.0506083862233889
"chr3-0461",-0.00950112429857744
"chr3-0462",0.00594667441303761
"chr3-0463",0.0935494302176081
"chr3-0464",0.212624907160989
"chr3-0465",0.0758098470237229
"chr3-0466",0.171954069755683
"chr3-0467",0.110589918122514
"chr3-0468",0.176457703490245
"chr3-0469",0.243484403108435
"chr3-0470",0.123324210313589
"chr3-0471",0.0797414034747572
"chr3-0472",0.125057106288466
"chr3-0473",0.0801676934869692
"chr3-0474",0.0626039191492084
"chr3-0475",-0.00297122686089516
"chr3-0476",0.054692153743104
"chr3-0477",0.212054553284695
"chr3-0478",0.138721896671255
"chr3-0479",-0.0515600180256963
"chr3-0480",0.0877227865744008
"chr3-0481",0.075845468549759
"chr3-0482",-0.018933159892006
"chr3-0483",-0.147222817903142
"chr3-0484",-0.153265230412315
"chr3-0485",-0.0552271532518548
"chr3-0486",-0.140321364452501
"chr3-0487",0.000319145374318526
"chr3-0488",0.133296673822657
"chr3-0489",0.0553151501525403
"chr3-0490",-0.0102946792437286
"chr3-0491",0.0093606814194758
"chr3-0492",0.0219522176781241
"chr3-0493",-0.234343568988067
"chr3-0494",0.15256665718874
"chr3-0495",-0.0840603352470131
"chr3-0496",0.144513929225265
"chr3-0497",-0.0107228963645971
"chr3-0498",-0.0391077903338518
"chr3-0499",0.0701762594275468
"chr3-0500",0.161016537661706
"chr3-0501",0.118257473825792
"chr3-0502",0.0256867678965832
"chr3-0503",0.234844209493577
"chr3-0504",0.240157815951
"chr3-0505",0.17183586919256
"chr3-0506",0.251445285818694
"chr3-0507",0.304172718664876
"chr3-0508",-0.00148648448586376
"chr3-0509",0.003732174499801
"chr3-0510",0.0449039181543181
"chr3-0511",0.096865776508828
"chr3-0512",0.0355040279650542
"chr3-0513",0.114615907732486
"chr3-0514",0.120816502123293
"chr3-0515",0.171536055682218
"chr3-0516",0.177174358244235
"chr3-0517",0.143685603448603
"chr3-0518",0.10786700261851
"chr3-0519",0.117688535480105
"chr3-0520",0.151987179573229
"chr3-0521",0.0772792923702735
"chr3-0522",-0.00153828888028779
"chr3-0523",-0.0455546740972603
"chr3-0524",0.117524106396673
"chr3-0525",0.226058063240952
"chr3-0526",0.0943987911373664
"chr3-0527",0.123578242948299
"chr3-0528",0.145739109741702
"chr3-0529",0.13020536457607
"chr3-0530",0.254617708199738
"chr3-0531",-0.0222652164187722
"chr3-0532",0.230131337817782
"chr3-0533",0.144989362814459
"chr3-0534",0.195795006456361
"chr3-0535",0.0386003572815875
"chr3-0536",0.120877842616548
"chr3-0537",-0.0909703264613151
"chr3-0538",0.0281002899398609
"chr3-0539",-0.0368242836852072
"chr3-0540",0.136381172068123
"chr3-0541",0.293812398761355
"chr3-0542",0.114967799126269
"chr3-0543",0.104039004263843
"chr3-0544",-0.01612452633704
"chr3-0545",-0.0650851087451963
"chr3-0546",0.0965615929004242
"chr3-0547",0.132241247333233
"chr3-0548",0.0287788438001752
"chr3-0549",0.181524895880329
"chr3-0550",0.0786679457441415
"chr3-0551",0.0779532410706957
"chr3-0552",0.0315740069142763
"chr3-0553",0.163277546379994
"chr3-0554",0.144435478257875
"chr3-0555",0.253123755938021
"chr3-0556",0.253703760343388
"chr3-0557",0.182364872038095
"chr3-0558",0.284026945986174
"chr3-0559",0.185326185181004
"chr3-0560",0.189204879861348
"chr3-0561",0.171352721633661
"chr3-0562",0.29266136431067
"chr3-0563",0.146190732803619
"chr3-0564",0.14311435636984
"chr3-0565",0.215675022408611
"chr3-0566",0.212494786234169
"chr3-0567",0.394449168475376
"chr3-0568",0.0511988545344041
"chr3-0569",-0.0391121118464554
"chr3-0570",-0.0333550528194506
"chr3-0571",-0.0648355888621973
"chr3-0572",0.136156643736789
"chr3-0573",0.0657394077039533
"chr3-0574",-0.0218796721533698
"chr3-0575",0.215120333367931
"chr3-0576",-0.0856066761470828
"chr3-0577",-0.0958534230957721
"chr3-0578",-0.00121332803131829
"chr3-0579",0.0248946800395985
"chr3-0580",0.101347119299731
"chr3-0581",0.00544893172556653
"chr3-0582",0.185643276778916
"chr3-0583",0.169441933234644
"chr3-0584",0.215263290046898
"chr3-0585",0.160267271633026
"chr3-0586",0.23448868857421
"chr3-0587",0.134285647184275
"chr3-0588",0.0443433544722796
"chr3-0589",-0.107085717419542
"chr3-0590",0.169710201090152
"chr3-0591",0.0411517539946622
"chr3-0592",0.186897557693863
"chr3-0593",0.23470049140615
"chr3-0594",0.287589492226293
"chr3-0595",0.120641749554602
"chr3-0596",0.0950637378553535
"chr3-0597",0.345930759204613
"chr3-0598",0.123830302011364
"chr3-0599",0.0482283173467987
"chr3-0600",0.0647083110564867
"chr3-0601",0.0815544403362204
"chr3-0602",0.163644701007104
"chr3-0603",0.131965659651011
"chr3-0604",0.2146005942869
"chr3-0605",0.120606564678163
"chr3-0606",-0.148792335466618
"chr3-0607",-0.0338102689217122
"chr3-0608",0.293566944044837
"chr3-0609",0.145969700010925
"chr3-0610",0.14361566559784
"chr3-0611",-0.0989965751131515
"chr3-0612",0.289787207577643
"chr3-0613",0.135891630034603
"chr3-0614",0.11699331563385
"chr3-0615",-0.0502637212550779
"chr3-0616",0.0616580593486102
"chr3-0617",0.253614004151647
"chr3-0618",0.229564125027655
"chr3-0619",-0.0782272142306898
"chr3-0620",-0.0253573756783672
"chr3-0621",0.123826032909852
"chr3-0622",0.251157709901597
"chr3-0623",0.212647515506011
"chr3-0624",0.267478115663045
"chr3-0625",0.0624328184087911
"chr3-0626",0.13760928916521
"chr3-0627",0.166557372416091
"chr3-0628",0.27322641127038
"chr3-0629",-0.0179893937190815
"chr3-0630",0.0988035965302823
"chr3-0631",0.0317938231281308
"chr3-0632",0.109960378012815
"chr3-0633",0.101951875068638
"chr3-0634",0.236369729408105
"chr3-0635",0.172484077511997
"chr3-0636",0.201525683299687
"chr3-0637",0.177983481111157
"chr3-0638",0.118030054516944
"chr3-0639",0.325135897843314
"chr3-0640",0.187056276788643
"chr3-0641",0.170203149479009
"chr3-0642",0.142059793269359
"chr3-0643",-0.0340236002196187
"chr3-0644",-0.0079341301408234
"chr3-0645",0.139885906155704
"chr3-0646",0.0481818042036632
"chr3-0647",0.339308295111382
"chr3-0648",0.227021679994174
"chr3-0649",-0.0168465777908971
"chr3-0650",0.0363457075538878
"chr3-0651",0.0947527818929046
"chr3-0652",0.311403334556622
"chr3-0653",0.029290848448643
"chr3-0654",-0.291259741324977
"chr3-0655",0.0346949612898036
"chr3-0656",-0.0525871517308895
"chr3-0657",0.155950451965988
"chr3-0658",0.125737047145043
"chr3-0659",0.00555407156835352
"chr3-0660",0.0988466422613168
"chr3-0661",0.27460565661402
"chr3-0662",0.265264183337405
"chr3-0663",0.284823907600762
"chr3-0664",0.253685228488115
"chr3-0665",0.150046138784745
"chr3-0666",0.21418495364011
"chr3-0667",0.166767756538386
"chr3-0668",0.281673073742701
"chr3-0669",0.212200586768883
"chr3-0670",0.267700377623682
"chr3-0671",0.0433613360710602
"chr3-0672",0.0948794334520103
"chr3-0673",0.0943632579446275
"chr3-0674",0.251122404761237
"chr3-0675",0.182456222148838
"chr3-0676",0.044700797221388
"chr3-0677",0.26530043580936
"chr3-0678",0.142475314206097
"chr3-0679",0.122564816526555
"chr3-0680",0.11570520638027
"chr3-0681",0.0337296566769537
"chr3-0682",-0.113325912481385
"chr3-0683",0.22840747880577
"chr3-0684",-0.159945353091688
"chr3-0685",0.140950120767028
"chr3-0686",0.212409757361382
"chr3-0687",0.051132893923549
"chr3-0688",0.00955679208036623
"chr3-0689",0.0858060095661864
"chr3-0690",0.183976601283339
"chr3-0691",0.157922630459597
"chr3-0692",0.0178706859947492
"chr3-0693",-0.17352538789717
"chr3-0694",0.0771470824356234
"chr3-0695",0.0716922999949781
"chr3-0696",0.225404282482934
"chr3-0697",0.149442394394421
"chr3-0698",0.0939702976622058
"chr3-0699",0.139707709652734
"chr3-0700",0.34747971271867
"chr3-0701",0.0605937939272206
"chr3-0702",0.0855496871472207
"chr3-0703",0.305053539900972
"chr3-0704",0.115560950739886
"chr3-0705",0.18017042441842
"chr3-0706",0.0442516621841332
"chr3-0707",-0.00264810392654195
"chr3-0708",0.0148774502231533
"chr3-0709",-0.0306845183571614
"chr3-0710",0.122974357172989
"chr3-0711",-0.156303297404285
"chr3-0712",0.111552134699886
"chr3-0713",0.0420226548082951
"chr3-0714",0.192561174228683
"chr3-0715",0.111083817223637
"chr3-0716",0.22569335399377
"chr3-0717",0.151117022646623
"chr3-0718",0.312951077366986
"chr3-0719",0.260914425553396
"chr3-0720",0.313439628498706
"chr3-0721",0.272502719323619
"chr3-0722",0.132292258832617
"chr3-0723",0.123371227922693
"chr3-0724",0.147707974892632
"chr3-0725",0.168626962233882
"chr3-0726",0.17357384638222
"chr3-0727",0.294531320300205
"chr3-0728",0.181120539845539
"chr3-0729",0.260587348788346
"chr3-0730",0.0859587507476451
"chr3-0731",0.0690359587027711
"chr3-0732",0.259807981981517
"chr3-0733",0.109066509427457
"chr3-0734",0.0884909012453794
"chr3-0735",0.0833462555866908
"chr3-0736",-0.0150545587450294
"chr3-0737",-0.115055442997744
"chr3-0738",0.110968041600959
"chr3-0739",0.1492552378475
"chr3-0740",0.0692807708880103
"chr3-0741",0.133924757259496
"chr3-0742",-0.0330416423759317
"chr3-0743",0.145373150826126
"chr3-0744",0.134600556052982
"chr3-0745",0.100610316416553
"chr3-0746",0.0673400635774802
"chr3-0747",0.0162283395621109
"chr3-0748",0.134350290610138
"chr3-0749",-0.285276215488935
"chr3-0750",0.0674702982624072
"chr3-0751",0.00463178636158544
"chr3-0752",0.028241438870098
"chr3-0753",-0.0302946548382434
"chr3-0754",-0.0492061429941119
"chr3-0755",-0.0383115924611615
"chr3-0756",0.0548480398384186
"chr3-0757",-0.0272590563873155
"chr3-0758",-0.00268912279202387
"chr3-0759",0.0267250596255609
"chr3-0760",-0.09831109863483
"chr3-0761",-0.0522213398616117
"chr3-0762",0.197167237091113
"chr3-0763",-0.0553533872296686
"chr3-0764",0.110333761058428
"chr3-0765",0.00228028887260319
"chr3-0766",-0.0399496158713661
"chr3-0767",0.0586043992698815
"chr3-0768",0.0911660282885987
"chr3-0769",0.0458062556141523
"chr3-0770",-0.0558934047652747
"chr3-0771",-4.30984322655828e-05
"chr3-0772",0.0603262832472911
"chr3-0773",0.0211499672192259
"chr3-0774",0.139555597409745
"chr3-0775",0.279629217165765
"chr3-0776",0.145251140265077
"chr3-0777",-0.00176907590809563
"chr3-0778",0.0740302892362004
"chr3-0779",0.00778917284497007
"chr3-0780",0.0998550773103771
"chr3-0781",0.0582075884529704
"chr3-0782",0.0555687926558029
"chr3-0783",0.101964909367057
"chr3-0784",0.0272841268002272
"chr3-0785",-0.00144584422001966
"chr3-0786",0.145570302861321
"chr3-0787",-0.0417737568217081
"chr3-0788",0.112839031091841
"chr3-0789",0.0442390818224925
"chr3-0790",-0.0913639374907528
"chr3-0791",0.0384931931953884
"chr3-0792",0.0858818042484346
"chr3-0793",0.0574969831018491
"chr3-0794",0.158407806516376
"chr3-0795",-0.0851564659854984
"chr3-0796",-0.106574883883129
"chr3-0797",-0.124006740332219
"chr3-0798",-0.030690848941867
"chr3-0799",-0.146725053418845
"chr3-0800",0.113305509387763
"chr3-0801",0.188929585960218
"chr3-0802",0.158119415200576
"chr3-0803",0.0221675956154268
"chr3-0804",-0.0050871722354165
"chr3-0805",0.117968119578094
"chr3-0806",0.123489384233622
"chr3-0807",0.175544788146236
"chr3-0808",0.0452768209456629
"chr3-0809",0.0862762002509209
"chr3-0810",-0.0115421617954384
"chr3-0811",0.0875919933414576
"chr3-0812",-0.0887387253769232
"chr3-0813",0.0570279255602863
"chr3-0814",0.0498310825472831
"chr3-0815",0.0416935828251939
"chr3-0816",0.116664748493967
"chr3-0817",0.11066699323771
"chr3-0818",-0.00387900579393894
"chr3-0819",-0.000363135903427448
"chr3-0820",0.00040857255626251
"chr3-0821",-0.0494188983530174
"chr3-0822",-0.0902703748277106
"chr3-0823",-0.0777542072127869
"chr3-0824",0.0488801809333685
"chr3-0825",0.115921195975525
"chr3-0826",0.348992337881387
"chr3-0827",0.1044303059364
"chr3-0828",0.049041124618283
"chr3-0829",0.185382772271238
"chr3-0830",-0.0411654120545488
"chr3-0831",-0.117040171770216
"chr3-0832",0.10597044151098
"chr3-0833",0.168105981377991
"chr3-0834",-0.0781791913520666
"chr3-0835",0.020589385250062
"chr3-0836",0.082173957691117
"chr3-0837",0.0474625326948299
"chr3-0838",0.042518318480428
"chr3-0839",0.0821235210035766
"chr3-0840",0.0397129261823411
"chr3-0841",0.0370848225266213
"chr3-0842",0.130207501913672
"chr3-0843",0.091452993535053
"chr3-0844",0.0456609107368319
"chr3-0845",-0.0594840070545425
"chr3-0846",-0.0864784684782789
"chr3-0847",0.0417199001738339
"chr3-0848",-0.0163465464165058
"chr3-0849",-0.069205657213888
"chr3-0850",-0.0806136513973434
"chr3-0851",0.0376888113175658
"chr3-0852",0.0223525359961783
"chr3-0853",-0.106626146130417
"chr3-0854",0.461741192366203
"chr3-0855",-0.0285290917399293
"chr3-0856",-0.202677402969884
"chr3-0857",0.0568729428596563
"chr3-0858",0.0544858833326591
"chr3-0859",-0.188671572696571
"chr3-0860",0.00796174108014558
"chr3-0861",0.00831199203206987
"chr3-0862",-0.179699107376489
"chr3-0863",0.144978457183666
"chr3-0864",0.159242758058922
"chr3-0865",0.176000336893203
"chr3-0866",0.233756612578822
"chr3-0867",0.0113357580713663
"chr3-0868",-0.0230262432332635
"chr3-0869",0.141104275209528
"chr3-0870",-0.111438097178228
"chr3-0871",-0.0237244987827061
"chr3-0872",0.0751760116626117
"chr3-0873",0.0358290291030191
"chr3-0874",0.083605780860169
"chr3-0875",0.215887869610015
"chr3-0876",0.19899100670244
"chr3-0877",-0.108608837837962
"chr3-0878",0.206793594156177
"chr3-0879",0.174661464049859
"chr3-0880",0.0710987815331558
"chr3-0881",0.141442740878347
"chr3-0882",0.0283165455146297
"chr3-0883",0.106871536913489
"chr3-0884",0.0927705997166666
"chr3-0885",-0.00694118687126991
"chr3-0886",0.230066043538998
"chr3-0887",0.0100114882453541
"chr3-0888",0.0774850343471468
"chr3-0889",0.125354587256005
"chr3-0890",0.0240485087774322
"chr3-0891",0.0925002743985473
"chr3-0892",0.0275638219452626
"chr3-0893",0.0561639225832455
"chr3-0894",-0.0179404691633541
"chr3-0895",0.0952267470153643
"chr3-0896",0.0640168547129028
"chr3-0897",0.0232695053564954
"chr3-0898",0.132858981468275
"chr3-0899",0.0403455853744677
"chr3-0900",0.0195367354083512
"chr3-0901",-0.0356722666285185
"chr3-0902",0.0744000946896679
"chr3-0903",0.048707619036328
"chr3-0904",-0.0173223775713098
"chr3-0905",-0.113733170924572
"chr3-0906",0.037492606532195
"chr3-0907",-0.00986336980616061
"chr3-0908",0.183723610869388
"chr3-0909",0.0986030804305526
"chr3-0910",-0.0356548640182091
"chr3-0911",0.143377471743576
"chr3-0912",0.298630015023238
"chr3-0913",-0.0352880539868174
"chr3-0914",0.00517440755000173
"chr3-0915",-0.218610308814701
"chr3-0916",-0.0430708697192302
"chr3-0917",-0.0269110412131739
"chr3-0918",0.175371248145089
"chr3-0919",-0.0271228806251647
"chr3-0920",0.0854430138549099
"chr3-0921",0.0338144262938825
"chr3-0922",-0.00561074819870096
"chr3-0923",0.0883432175577634
"chr3-0924",-0.0340013169937126
"chr3-0925",-0.053896478176998
"chr3-0926",-0.00195388317162251
"chr3-0927",0.17731092324103
"chr3-0928",0.0388375905515653
"chr3-0929",0.0694845510868439
"chr3-0930",-0.112538608947531
"chr3-0931",0.00606714799027147
"chr3-0932",-0.100007112224242
"chr3-0933",-0.183461932878914
"chr3-0934",0.0177672989965529
"chr3-0935",0.045977126768252
"chr3-0936",0.166463569715479
"chr3-0937",-0.0663644859480787
"chr3-0938",-0.00900685104322473
"chr3-0939",-0.0966376479277647
"chr3-0940",-0.0415950761479714
"chr3-0941",0.060541243847772
"chr3-0942",0.0601343907864956
"chr3-0943",0.124989427905214
"chr3-0944",0.128713069610754
"chr3-0945",0.17882712188559
"chr3-0946",0.107338427495397
"chr3-0947",0.0987003514892704
"chr3-0948",0.164123798389706
"chr3-0949",0.111102354675823
"chr3-0950",0.151845531951263
"chr3-0951",0.217490343760851
"chr3-0952",0.202532179488588
"chr3-0953",0.107634132744122
"chr3-0954",-0.0607993829717452
"chr3-0955",0.00635127365499635
"chr3-0956",-0.115718238716444
"chr3-0957",0.1184249215469
"chr3-0958",0.0614226369416337
"chr3-0959",0.184039285276452
"chr3-0960",0.0396762423184406
"chr3-0961",0.197607334277867
"chr3-0962",0.143206910898928
"chr3-0963",0.180237190443599
"chr3-0964",0.0150087711583349
"chr3-0965",0.131512041835216
"chr3-0966",0.195357040103336
"chr3-0967",0.287139913063962
"chr3-0968",0.144603961928822
"chr3-0969",0.356096467533324
"chr3-0970",0.0716373546838423
"chr3-0971",0.305517625330165
"chr3-0972",0.155535278559301
"chr3-0973",0.143984608500266
"chr3-0974",0.319628480426847
"chr3-0975",0.280223554786933
"chr3-0976",-0.00153766270311507
"chr3-0977",0.0461791015455794
"chr3-0978",0.182151350031374
"chr3-0979",0.229046423676425
"chr3-0980",0.108266676380645
"chr3-0981",0.227219682029265
"chr3-0982",0.0905114612650457
"chr3-0983",0.218692787191208
"chr3-0984",0.206822361720278
"chr3-0985",0.157372953179562
"chr3-0986",0.0548796604793057
"chr3-0987",0.191309428073371
"chr3-0988",0.225092451510406
"chr3-0989",0.0477538429097148
"chr3-0990",0.135812921379971
"chr3-0991",0.191292265344169
"chr3-0992",0.164559938289386
"chr3-0993",0.0745936135434319
"chr3-0994",0.109883257446525
"chr3-0995",0.0930357814356323
"chr3-0996",0.198292394484766
"chr3-0997",-0.0190830568651997
"chr3-0998",0.050016221296344
"chr3-0999",0.131803144938717
"chr3-1000",0.111953449350366
"chr3-1001",0.0282076084075528
"chr3-1002",0.0082537338556634
"chr3-1003",0.0744481538915742
"chr3-1004",0.145451784783661
"chr3-1005",0.0902831559124253
"chr3-1006",0.224463941769092
"chr3-1007",0.0664235703036406
"chr3-1008",0.164184765790292
"chr3-1009",0.185269506399912
"chr3-1010",0.22294208874945
"chr3-1011",0.228247073197049
"chr3-1012",-0.148682704066432
"chr3-1013",0.136306187660839
"chr3-1014",0.18647037501464
"chr3-1015",0.0167602421041306
"chr3-1016",0.186616816480972
"chr3-1017",0.0690715664218173
"chr3-1018",0.140092668132779
"chr3-1019",0.0904948653348602
"chr3-1020",0.0683999328909759
"chr3-1021",0.226735619997272
"chr3-1022",0.270379904651173
"chr3-1023",0.0730997544608203
"chr3-1024",0.186172941349847
"chr3-1025",0.0826952067146952
"chr3-1026",0.154156146721421
"chr3-1027",-0.00366767031222773
"chr3-1028",0.159722799145368
"chr3-1029",0.03994464834308
"chr3-1030",0.35212944317613
"chr3-1031",-0.119889471297034
"chr3-1032",-0.0289405089787167
"chr3-1033",-0.0338785520068345
"chr3-1034",0.0761059589247164
"chr3-1035",0.0689585838655347
"chr3-1036",0.373543848872224
"chr3-1037",0.227724335184103
"chr3-1038",0.112559056499757
"chr3-1039",0.164960118449685
"chr3-1040",0.192008590297447
"chr3-1041",0.152685704065055
"chr3-1042",0.0716461371173902
"chr3-1043",0.143822357865818
"chr3-1044",0.0182880456736825
"chr3-1045",0.138054831621392
"chr3-1046",-0.0690292052037149
"chr3-1047",0.00436181016235614
"chr3-1048",0.231650657855254
"chr3-1049",0.245854677629489
"chr3-1050",0.207748212849676
"chr3-1051",0.0694733768679704
"chr3-1052",-0.0046098320315809
"chr3-1053",0.0369213150383661
"chr3-1054",0.166383624614874
"chr3-1055",0.10257224535015
"chr3-1056",0.242007457325535
"chr3-1057",0.0359638250858592
"chr3-1058",0.04627080376126
"chr3-1059",0.131851186656861
"chr3-1060",-0.103878949569722
"chr3-1061",0.110992436528552
"chr3-1062",0.175626675277199
"chr3-1063",0.0042337074292728
"chr3-1064",0.106567422735064
"chr3-1065",0.177378730281784
"chr3-1066",0.231323035500688
"chr3-1067",0.152412943820159
"chr3-1068",0.129706500911125
"chr3-1069",0.073056425600893
"chr3-1070",0.228847497513041
"chr3-1071",0.0346993771673462
"chr3-1072",0.0884112464642731
"chr3-1073",0.146589914768691
"chr3-1074",0.307372841668231
"chr3-1075",0.206727215960848
"chr3-1076",0.186328158139317
"chr3-1077",0.282762204983252
"chr3-1078",0.368137976223434
"chr3-1079",0.164206706036915
"chr3-1080",0.108417400885476
"chr3-1081",0.176467414029379
"chr3-1082",0.0623508261455463
"chr3-1083",0.269446012084846
"chr3-1084",0.373579256519257
"chr3-1085",0.273762140551782
"chr3-1086",0.287842085111608
"chr3-1087",0.256743506768471
"chr3-1088",0.115425993937121
"chr3-1089",0.0620272309097199
"chr3-1090",0.0309216274709776
"chr3-1091",-0.0449128325926346
"chr3-1092",0.0569161375913271
"chr3-1093",-0.158644297738147
"chr3-1094",-0.0353307163835587
"chr3-1095",-0.194077528450846
"chr3-1096",0.196478664019517
"chr3-1097",-0.0287029929685464
"chr3-1098",0.217717389805179
"chr3-1099",-0.00199659302570571
"chr3-1100",0.102107388932767
"chr3-1101",-0.188916162098501
"chr3-1102",0.174505068492086
"chr3-1103",0.315965333141028
"chr3-1104",0.196967612417099
"chr3-1105",0.00238896083039178
"chr3-1106",0.0706810203416962
"chr3-1107",0.0441865115710316
"chr3-1108",0.248589219371824
"chr3-1109",0.136792635319179
"chr3-1110",0.0557973637559711
"chr3-1111",0.281077904638193
"chr3-1112",0.115062058974662
"chr3-1113",0.135297290991975
"chr3-1114",0.0682905477723074
"chr3-1115",0.0379634766237442
"chr3-1116",0.13009950581016
"chr3-1117",0.0237065351390551
"chr3-1118",0.0245317370609613
"chr3-1119",0.190800521898151
"chr3-1120",0.0453893732530568
"chr3-1121",0.206004118735268
"chr3-1122",0.310346239439651
"chr3-1123",0.0542719501850478
"chr3-1124",0.132381683856781
"chr3-1125",0.345635365930694
"chr3-1126",0.241029834680681
"chr3-1127",0.191373870079309
"chr3-1128",0.21119384714895
"chr3-1129",0.0649904655756605
"chr3-1130",0.0350607808759972
"chr3-1131",-0.13654446217461
"chr3-1132",0.0857157866397775
"chr3-1133",0.085814781817755
"chr3-1134",0.31178429386727
"chr3-1135",0.227347485870389
"chr3-1136",0.1029391304782
"chr3-1137",0.275617018062667
"chr3-1138",0.346714841291663
"chr3-1139",0.162785880280589
"chr3-1140",0.280866703049125
"chr3-1141",0.210534315061684
"chr3-1142",-0.0247576714324709
"chr3-1143",0.10806492897023
"chr3-1144",0.107952561083945
"chr3-1145",-0.10792343607829
"chr3-1146",0.152362451773756
"chr3-1147",0.122794347945107
"chr3-1148",-0.00860156485141149
"chr3-1149",0.140302536940824
"chr3-1150",0.108553478534658
"chr3-1151",0.162170482201546
"chr3-1152",0.10579310750513
"chr3-1153",0.194009995533798
"chr3-1154",0.0467514214187747
"chr3-1155",0.0173079992762591
"chr3-1156",0.0806676061356971
"chr3-1157",0.251831548109721
"chr3-1158",0.266452740050403
"chr3-1159",0.0715810267916785
"chr3-1160",-0.0215635048021554
"chr3-1161",0.130545559254522
"chr3-1162",0.286669200597648
"chr3-1163",0.0900183581082374
"chr3-1164",-0.219552839680009
"chr3-1165",0.0990040876632491
"chr3-1166",-0.0180673830660622
"chr3-1167",-0.0973443784614559
"chr3-1168",0.213674023737927
"chr3-1169",0.0522845498798544
"chr3-1170",0.0725770964865596
"chr3-1171",-0.115899050887624
"chr3-1172",-0.144095853874846
"chr3-1173",0.0579574028318251
"chr3-1174",-0.0489075932087754
"chr3-1175",-0.0246263249652569
"chr3-1176",-0.0559849319751029
"chr3-1177",-0.194222986783756
"chr3-1178",-0.220119012214313
"chr3-1179",0.110311025100297
"chr3-1180",0.222221064370093
"chr3-1181",-0.241962562193722
"chr3-1182",-0.199023229293505
"chr3-1183",0.0314385590743983
"chr3-1184",0.141767726425001
"chr3-1185",0.0647083419523917
"chr3-1186",0.042215164358818
"chr3-1187",-0.0934593662953509
"chr3-1188",-0.169848747612462
"chr3-1189",0.16059546392138
"chr3-1190",-0.0315563380184841
"chr3-1191",0.00276238265667059
"chr3-1192",0.0550491199320901
"chr3-1193",-0.27146036689407
"chr3-1194",0.00758491559992889
"chr3-1195",0.128508410612342
"chr3-1196",0.0145210080803561
"chr3-1197",0.0277798960490225
"chr3-1198",-0.126972600267035
"chr3-1199",0.0134703352287287
"chr3-1200",0.0824131926298124
"chr3-1201",0.156887852609755
"chr3-1202",0.00263933300378423
"chr3-1203",0.119704899140918
"chr3-1204",0.156788729947077
"chr3-1205",0.149782638065436
"chr3-1206",-0.135484370502908
"chr3-1207",-0.074728203078722
"chr3-1208",-0.00644869176235927
"chr3-1209",-0.010767496532513
"chr3-1210",0.20163012023975
"chr3-1211",-0.1918938078972
"chr3-1212",-0.0795481678637524
"chr3-1213",0.208169141890899
"chr3-1214",0.209684728125029
"chr3-1215",0.0256403332805173
"chr3-1216",0.101968843189309
"chr3-1217",-0.0369884996923202
"chr3-1218",0.034531673805526
"chr3-1219",0.107962552285041
"chr3-1220",-0.0678407474051969
"chr3-1221",0.0121746489856696
"chr3-1222",-0.0875296766477506
"chr3-1223",0.0282428588007249
"chr3-1224",0.00558499760730172
"chr3-1225",-0.0721551210895553
"chr3-1226",0.103881632119282
"chr3-1227",0.0888707550752535
"chr3-1228",0.166865012940507
"chr3-1229",0.102809900040223
"chr3-1230",0.115135206967684
"chr3-1231",0.229824334832197
"chr3-1232",0.224501130110604
"chr3-1233",0.141372420930761
"chr3-1234",0.216501756778007
"chr3-1235",0.156024293982383
"chr3-1236",0.232117915914085
"chr3-1237",0.173830785215527
"chr3-1238",0.270195733378121
"chr3-1239",0.132202715607903
"chr3-1240",0.0814632893603941
"chr3-1241",0.201361513597729
"chr3-1242",0.281924319966092
"chr3-1243",0.306472221350863
"chr3-1244",0.116472349898478
"chr3-1245",0.343937026061345
"chr3-1246",0.120869120421148
"chr3-1247",0.266849157432595
"chr3-1248",0.135861371335563
"chr3-1249",-0.0658475689375479
"chr3-1250",0.0979447240831436
"chr3-1251",0.168495058127339
"chr3-1252",0.250427621719765
"chr3-1253",0.286410628589279
"chr3-1254",0.162182922315104
"chr3-1255",0.0641037913365905
"chr3-1256",0.303875927292798
"chr3-1257",0.215076345341808
"chr3-1258",0.274205861499836
"chr3-1259",0.272569273012013
"chr3-1260",0.259481825076907
"chr3-1261",0.152906490035549
"chr3-1262",0.160856971387098
"chr3-1263",0.219592594385499
"chr3-1264",0.0333493143041551
"chr3-1265",0.0817478696201319
"chr3-1266",0.188315509489792
"chr3-1267",0.137207804853956
"chr3-1268",-0.18445595072982
"chr3-1269",0.274470870886142
"chr3-1270",0.119124481043433
"chr3-1271",0.0759558618037963
"chr3-1272",-0.0226618379041558
"chr3-1273",-0.048208166566077
"chr3-1274",-0.0674209608855102
"chr3-1275",0.00380859821404241
"chr3-1276",0.165991430451624
"chr3-1277",0.0808087231888865
"chr3-1278",0.078925089560458
"chr3-1279",0.0389216589418793
"chr3-1280",0.0615138794887072
"chr3-1281",0.0809593307787407
"chr3-1282",0.0073893711593545
"chr3-1283",-0.0572441571632596
"chr3-1284",-0.132619174222791
"chr3-1285",-0.235374417217002
"chr3-1286",-0.044883827765996
"chr3-1287",0.0632497839035137
"chr3-1288",-0.0192841556744518
"chr3-1289",0.0125331233740601
"chr3-1290",-0.14898297440603
"chr3-1291",0.03093244095044
"chr3-1292",0.166386296339827
"chr3-1293",-0.0890203113074214
"chr3-1294",0.0217929456333327
"chr3-1295",0.168162855638719
"chr3-1296",0.0580236447199747
"chr3-1297",0.191399115579623
"chr3-1298",0.0235339958771978
"chr3-1299",0.049269169091054
"chr3-1300",-0.0129075669190718
"chr3-1301",0.0562551763911708
"chr3-1302",-0.0532564091552683
"chr3-1303",0.0848136239463552
"chr3-1304",0.07653316115613
"chr3-1305",0.0448410803197524
"chr3-1306",0.0627278471827985
"chr3-1307",0.0962178065842398
"chr3-1308",0.142540478137341
"chr3-1309",0.159509942212646
"chr3-1310",0.0528122835183993
"chr3-1311",-0.0086341082321908
"chr3-1312",0.0710548276207626
"chr3-1313",-0.0427863242302743
"chr3-1314",-0.0821227002739684
"chr3-1315",0.0114074546669592
"chr3-1316",0.0616264896058906
"chr3-1317",-0.139219183268774
"chr3-1318",-0.241491772793109
"chr3-1319",-0.117007033441053
"chr3-1320",-0.266500204620507
"chr3-1321",0.0390892180695419
"chr3-1322",-0.0426753370645846
"chr3-1323",-0.133117809591446
"chr3-1324",0.0379778078911201
"chr3-1325",-0.15427406706596
"chr3-1326",-0.236520242875466
"chr3-1327",-0.214524321145948
"chr3-1328",0.100632824550888
"chr3-1329",-0.155772919757126
"chr3-1330",0.214347237222097
"chr3-1331",0.0260630384539694
"chr3-1332",0.180981331154275
"chr3-1333",0.0697742219626586
"chr3-1334",-0.0455511856534134
"chr3-1335",-0.155282514688315
"chr3-1336",-0.0473811463459829
"chr3-1337",-0.00421100290190396
"chr3-1338",0.0890708759064964
"chr3-1339",0.081345929228488
"chr3-1340",0.102145956944715
"chr3-1341",0.176556457627711
"chr3-1342",0.0700741230208436
"chr3-1343",-0.136435921916761
"chr3-1344",0.13453608554444
"chr3-1345",0.101505853126182
"chr3-1346",-0.0064384452625422
"chr4-0001",0.208069231730686
"chr4-0002",-0.41217661597667
"chr4-0003",-0.335819622049041
"chr4-0004",-0.248250621034131
"chr4-0005",-0.0969156246737192
"chr4-0006",0.123460275206996
"chr4-0007",0.0752633799359499
"chr4-0008",-0.0098824712237861
"chr4-0009",0.159762976855377
"chr4-0010",0.130145000235386
"chr4-0011",0.028909291212046
"chr4-0012",0.311196644056208
"chr4-0013",0.0981966794817322
"chr4-0014",0.0781795608767395
"chr4-0015",-0.0117634939714136
"chr4-0016",-0.0155120847331997
"chr4-0017",0.0534297465460988
"chr4-0018",0.210708580915596
"chr4-0019",0.12388133568738
"chr4-0020",0.0656354458582205
"chr4-0021",0.128768936256781
"chr4-0022",0.127025089384049
"chr4-0023",0.0641946446978427
"chr4-0024",0.125435801146609
"chr4-0025",0.0380265728526762
"chr4-0026",-0.000900852057474015
"chr4-0027",0.0490249289431532
"chr4-0028",0.0550342346749013
"chr4-0029",0.192434504206281
"chr4-0030",0.164542800457306
"chr4-0031",0.0121676230952069
"chr4-0032",0.107407676168003
"chr4-0033",0.181574976984995
"chr4-0034",0.168939726452431
"chr4-0035",0.0543317263535036
"chr4-0036",0.144104020646966
"chr4-0037",0.0242254463702005
"chr4-0038",0.150353212424904
"chr4-0039",0.0917991097979188
"chr4-0040",0.125011155175801
"chr4-0041",0.0792171590945839
"chr4-0042",0.0321103413261485
"chr4-0043",0.0531587536828036
"chr4-0044",0.0772829563366509
"chr4-0045",-0.0587249993353639
"chr4-0046",0.0915697039960892
"chr4-0047",0.0154137857519306
"chr4-0048",0.1494474224995
"chr4-0049",0.0656215152462628
"chr4-0050",0.171821610900289
"chr4-0051",-0.0746172543222076
"chr4-0052",0.0494895383529143
"chr4-0053",-0.0145544074491421
"chr4-0054",0.0902894420730469
"chr4-0055",0.110327151798071
"chr4-0056",-0.0680464415221715
"chr4-0057",0.12177764099946
"chr4-0058",0.143337759705199
"chr4-0059",-0.038201648157217
"chr4-0060",0.0753423266119704
"chr4-0061",0.0931330590990952
"chr4-0062",0.0607672413223267
"chr4-0063",0.12636966801879
"chr4-0064",0.0940291317876855
"chr4-0065",0.0199816829780429
"chr4-0066",0.00575103396690255
"chr4-0067",-0.0721114366233839
"chr4-0068",0.0243713494514857
"chr4-0069",-0.130295203267067
"chr4-0070",0.0249493239452951
"chr4-0071",0.0845864375591651
"chr4-0072",0.00654778161462892
"chr4-0073",0.0319870063484274
"chr4-0074",0.081111192995963
"chr4-0075",0.18052145261629
"chr4-0076",0.121456486784439
"chr4-0077",0.136398189140949
"chr4-0078",-0.0169234373116064
"chr4-0079",0.0268354822513532
"chr4-0080",0.0974019614102271
"chr4-0081",0.112258588426276
"chr4-0082",0.128626922471911
"chr4-0083",0.199641698641569
"chr4-0084",0.276505252317877
"chr4-0085",-0.00213833137944376
"chr4-0086",0.155846293008549
"chr4-0087",0.137636977791742
"chr4-0088",0.17863826666538
"chr4-0089",0.112474013983653
"chr4-0090",0.138660233081439
"chr4-0091",0.184945227882984
"chr4-0092",0.0980581538630529
"chr4-0093",-0.0500766791240803
"chr4-0094",0.108489643760496
"chr4-0095",0.0949476171363761
"chr4-0096",-0.00144066435205395
"chr4-0097",0.0786386066738165
"chr4-0098",0.0818863900610854
"chr4-0099",0.0370976319414596
"chr4-0100",-0.00358638919572093
"chr4-0101",0.00223528822710868
"chr4-0102",-0.435228290400975
"chr4-0103",-0.118909997661606
"chr4-0104",-0.184079863260963
"chr4-0105",0.0453464276896204
"chr4-0106",-0.138868832481082
"chr4-0107",0.0497015243157732
"chr4-0108",0.177953420299055
"chr4-0109",-0.0395650726007318
"chr4-0110",0.00037625340222841
"chr4-0111",0.068549662456889
"chr4-0112",0.1362096741115
"chr4-0113",0.152739638032698
"chr4-0114",0.0570981121734955
"chr4-0115",0.0523098826362519
"chr4-0116",0.133695377462579
"chr4-0117",0.113455539790977
"chr4-0118",0.0298293848529357
"chr4-0119",0.0640216473426596
"chr4-0120",0.0938531575997803
"chr4-0121",-0.0341477993135554
"chr4-0122",0.0658118377468383
"chr4-0123",0.001353229574441
"chr4-0124",0.125464222343096
"chr4-0125",-0.0780193130135241
"chr4-0126",0.144999050260263
"chr4-0127",-0.0103615287624537
"chr4-0128",-0.0144974234834452
"chr4-0129",0.0257970049495031
"chr4-0130",-0.144267629127215
"chr4-0131",0.0827405151237698
"chr4-0132",-0.108968393834088
"chr4-0133",-0.0158641172554785
"chr4-0134",-0.0161758157420495
"chr4-0135",0.174341735162137
"chr4-0136",0.156373297416955
"chr4-0137",0.0776616510958268
"chr4-0138",0.0763819591485897
"chr4-0139",0.124018830272517
"chr4-0140",-0.0054026316041882
"chr4-0141",0.0808782736819355
"chr4-0142",0.0468155442830141
"chr4-0143",0.0478580064348282
"chr4-0144",0.0323788660011106
"chr4-0145",0.0414857654590595
"chr4-0146",0.0469645885779252
"chr4-0147",0.105457250682322
"chr4-0148",0.0663146791594438
"chr4-0149",-0.0117499899066698
"chr4-0150",0.0400459708926483
"chr4-0151",0.0875026404566095
"chr4-0152",0.0775298495286034
"chr4-0153",0.0992793247734016
"chr4-0154",0.145720539906847
"chr4-0155",0.23483360181852
"chr4-0156",0.196889466831936
"chr4-0157",0.0713070877454313
"chr4-0158",-0.0111997642008698
"chr4-0159",0.0863151234415563
"chr4-0160",0.0321746251241783
"chr4-0161",-0.0924179374208731
"chr4-0162",0.137774990847189
"chr4-0163",-0.0576433683234961
"chr4-0164",-0.0281086478315067
"chr4-0165",-0.00108776840839101
"chr4-0166",0.0795578966526051
"chr4-0167",0.0566430514543263
"chr4-0168",-0.0243851344743386
"chr4-0169",0.155013823575516
"chr4-0170",0.0628791565063339
"chr4-0171",0.0794778564728231
"chr4-0172",0.0701538532362015
"chr4-0173",0.00782517872027685
"chr4-0174",0.16469871341771
"chr4-0175",-0.0177270839973018
"chr4-0176",0.02274195846759
"chr4-0177",0.13644523548187
"chr4-0178",-0.020295241388865
"chr4-0179",0.0823654262492101
"chr4-0180",-0.0462164420302031
"chr4-0181",-0.0393599552414805
"chr4-0182",0.0303283566482289
"chr4-0183",-0.056279653863824
"chr4-0184",-0.0497768894898602
"chr4-0185",-0.117417335516064
"chr4-0186",0.0272048265726077
"chr4-0187",0.302432845242593
"chr4-0188",0.120356045990086
"chr4-0189",0.00354998172723082
"chr4-0190",0.202042879061981
"chr4-0191",0.191030408679745
"chr4-0192",0.042758351202716
"chr4-0193",0.0968302866797364
"chr4-0194",0.077751745279851
"chr4-0195",0.0874099305816954
"chr4-0196",0.000816281276386285
"chr4-0197",0.193040363890262
"chr4-0198",-0.073465312182984
"chr4-0199",0.0614427644469205
"chr4-0200",0.161188480215829
"chr4-0201",0.115215582189915
"chr4-0202",0.0782681745233624
"chr4-0203",0.0168260145907916
"chr4-0204",-0.0304422165777993
"chr4-0205",0.22322100470013
"chr4-0206",0.231061922438471
"chr4-0207",0.0798512886526376
"chr4-0208",0.158815833616659
"chr4-0209",0.0672340408599461
"chr4-0210",0.102526070054757
"chr4-0211",-0.0754769621408987
"chr4-0212",0.0367938862013141
"chr4-0213",0.0794067539778041
"chr4-0214",0.00528452558270616
"chr4-0215",0.00125372483046093
"chr4-0216",0.179640221866629
"chr4-0217",0.0730401376194658
"chr4-0218",0.394429548413118
"chr4-0219",0.0698199080751495
"chr4-0220",0.174478221918474
"chr4-0221",0.141604673474255
"chr4-0222",0.123813535863645
"chr4-0223",-0.0157746542930299
"chr4-0224",-0.0596424894436814
"chr4-0225",0.0713612357251681
"chr4-0226",0.0992376623185489
"chr4-0227",0.143622697919031
"chr4-0228",0.179650609660864
"chr4-0229",0.249341159810147
"chr4-0230",0.040321145878408
"chr4-0231",0.07361210879891
"chr4-0232",0.0202532896525822
"chr4-0233",0.179051731615666
"chr4-0234",0.114350860958319
"chr4-0235",0.270761155949268
"chr4-0236",0.145590187888602
"chr4-0237",0.22153009262062
"chr4-0238",0.087201009674225
"chr4-0239",0.314285431443517
"chr4-0240",0.0992446792950551
"chr4-0241",0.161181934800658
"chr4-0242",0.138791228943195
"chr4-0243",-0.0475256302023402
"chr4-0244",0.240961964772217
"chr4-0245",0.102649299624913
"chr4-0246",0.157795312763487
"chr4-0247",0.231926394424218
"chr4-0248",0.0450342969011704
"chr4-0249",0.120340083419446
"chr4-0250",0.0636193203542296
"chr4-0251",0.120084073442854
"chr4-0252",0.0554098091752266
"chr4-0253",-0.0394747674889237
"chr4-0254",-0.0902016031660897
"chr4-0255",-0.147909022143384
"chr4-0256",0.0972202074555163
"chr4-0257",0.0711621420935262
"chr4-0258",-0.146068570235491
"chr4-0259",0.132569426166509
"chr4-0260",-0.00948034855701232
"chr4-0261",-0.0336687687627939
"chr4-0262",0.0276125224004553
"chr4-0263",0.0784899337438326
"chr4-0264",0.122832419138321
"chr4-0265",0.159027324304196
"chr4-0266",-0.0743769810154594
"chr4-0267",0.0542741166514307
"chr4-0268",0.217648377182413
"chr4-0269",0.167500360138123
"chr4-0270",0.16191963106543
"chr4-0271",0.272599905950825
"chr4-0272",0.204472787931688
"chr4-0273",-0.0768606153396049
"chr4-0274",0.251530778689261
"chr4-0275",0.199138082246522
"chr4-0276",0.215143346002797
"chr4-0277",0.138847478191722
"chr4-0278",0.235432832994336
"chr4-0279",0.420276861389795
"chr4-0280",0.0677872721892856
"chr4-0281",0.142927464628263
"chr4-0282",0.180435568641036
"chr4-0283",0.178206744107224
"chr4-0284",0.160554621203426
"chr4-0285",0.0259515376084157
"chr4-0286",0.135190831784394
"chr4-0287",0.0592990445003063
"chr4-0288",-0.113798521838397
"chr4-0289",0.118246914564344
"chr4-0290",0.233146497777982
"chr4-0291",-0.0340952321280392
"chr4-0292",0.135526067379697
"chr4-0293",0.0504541819739287
"chr4-0294",0.337096650841715
"chr4-0295",0.156176324979573
"chr4-0296",0.299936409870216
"chr4-0297",0.168596430582066
"chr4-0298",0.00477534606407887
"chr4-0299",0.0468016449233401
"chr4-0300",-0.24610005860474
"chr4-0301",0.128529173181004
"chr4-0302",0.279312700440816
"chr4-0303",-0.0560576082062659
"chr4-0304",-0.152093452725653
"chr4-0305",-0.0815911992569704
"chr4-0306",0.0477594158217238
"chr4-0307",-0.00807556180620736
"chr4-0308",-0.10125163128548
"chr4-0309",0.151710924517398
"chr4-0310",-0.140579201379728
"chr4-0311",0.0927735125158171
"chr4-0312",-0.101456102966221
"chr4-0313",0.0879779125295302
"chr4-0314",-0.253844476814864
"chr4-0315",-0.0267003511938413
"chr4-0316",0.284941415012651
"chr4-0317",0.109709554625342
"chr4-0318",-0.0256156780497061
"chr4-0319",-0.0350169590083489
"chr4-0320",0.131669378839888
"chr4-0321",0.131597941159335
"chr4-0322",0.0419692536827477
"chr4-0323",0.10210350804314
"chr4-0324",0.073484327457523
"chr4-0325",0.270673609071898
"chr4-0326",0.0085041777132791
"chr4-0327",-0.0300808277866654
"chr4-0328",0.133114297659696
"chr4-0329",-0.0103416978092344
"chr4-0330",0.020447603822063
"chr4-0331",-0.0318451006283479
"chr4-0332",0.10850303671241
"chr4-0333",0.274474147156979
"chr4-0334",0.187666497102045
"chr4-0335",0.146980086843119
"chr4-0336",0.0341779394108908
"chr4-0337",0.168861269366566
"chr4-0338",0.0418893443361324
"chr4-0339",0.138554529465402
"chr4-0340",0.0652568679794221
"chr4-0341",0.177529241312052
"chr4-0342",0.302654349087625
"chr4-0343",0.0590543754482157
"chr4-0344",0.035155237677548
"chr4-0345",-0.085326532117405
"chr4-0346",0.202054136770504
"chr4-0347",-0.136180671589156
"chr4-0348",0.137766453260381
"chr4-0349",-0.000810302019468356
"chr4-0350",0.186139925547778
"chr4-0351",0.166351461810956
"chr4-0352",0.128205304589947
"chr4-0353",0.304447564571299
"chr4-0354",0.0298983084813972
"chr4-0355",0.00773379478580948
"chr4-0356",0.0866440674346768
"chr4-0357",-0.172187803457715
"chr4-0358",-0.154814627368922
"chr4-0359",0.0998774709379117
"chr4-0360",0.00861349585847123
"chr4-0361",0.0755213318307771
"chr4-0362",-0.123468772776058
"chr4-0363",0.0928735833050037
"chr4-0364",0.0312361266147805
"chr4-0365",-0.0263932544557324
"chr4-0366",0.154668865175992
"chr4-0367",0.0980438993612358
"chr4-0368",-0.143806282219274
"chr4-0369",0.256953485800871
"chr4-0370",0.156696102613687
"chr4-0371",0.18095298146988
"chr4-0372",0.0330988989094675
"chr4-0373",-0.057167833969568
"chr4-0374",-0.127337011670222
"chr4-0375",0.0264701757822366
"chr4-0376",0.180203820698877
"chr4-0377",0.120712591320933
"chr4-0378",0.0227477337471178
"chr4-0379",0.209018311764579
"chr4-0380",0.15504268769714
"chr4-0381",-0.0374686976579237
"chr4-0382",-0.069512513802087
"chr4-0383",0.0400509067260237
"chr4-0384",0.138084880035197
"chr4-0385",0.111619098172117
"chr4-0386",0.00644452999866609
"chr4-0387",0.186393373792312
"chr4-0388",0.095772367411889
"chr4-0389",0.114559043338904
"chr4-0390",-0.0259255820650623
"chr4-0391",0.0550124432748331
"chr4-0392",0.152551670846423
"chr4-0393",0.0186375243169759
"chr4-0394",-0.175476779075538
"chr4-0395",-0.00585572256690865
"chr4-0396",0.0579272850964432
"chr4-0397",0.0678072945407432
"chr4-0398",0.0223596028228417
"chr4-0399",-0.185902612306992
"chr4-0400",0.0924573917069165
"chr4-0401",-0.107077217004073
"chr4-0402",0.0320800460214041
"chr4-0403",0.0220876367831753
"chr4-0404",0.0497973261827037
"chr4-0405",0.106689143608944
"chr4-0406",0.237567981431894
"chr4-0407",0.1890285127006
"chr4-0408",0.0388222609811274
"chr4-0409",0.0695569705653586
"chr4-0410",0.223892024392189
"chr4-0411",0.111203763987674
"chr4-0412",0.143944987771479
"chr4-0413",0.376348266603035
"chr4-0414",0.197817413568547
"chr4-0415",-0.00752690637262313
"chr4-0416",0.0440362208834307
"chr4-0417",0.209696333843929
"chr4-0418",0.130198502029316
"chr4-0419",0.257371144768653
"chr4-0420",-0.0302242796406547
"chr4-0421",0.467868972003368
"chr4-0422",0.108283453659712
"chr4-0423",0.198263017027629
"chr4-0424",0.370634458437531
"chr4-0425",0.385944766060039
"chr4-0426",0.439423475760435
"chr4-0427",0.139231553403425
"chr4-0428",0.228398629067763
"chr4-0429",-0.174672425013411
"chr4-0430",-0.00248519615205508
"chr4-0431",0.153152453431657
"chr4-0432",-0.0189083877027884
"chr4-0433",0.191099990509147
"chr4-0434",0.186298160986986
"chr4-0435",0.0999793703698037
"chr4-0436",0.112936268492134
"chr4-0437",0.105870463927301
"chr4-0438",0.310589427896741
"chr4-0439",0.0637157056220182
"chr4-0440",0.155892089865068
"chr4-0441",0.0962344083056364
"chr4-0442",0.216972136107828
"chr4-0443",0.223123158259387
"chr4-0444",0.1894695362651
"chr4-0445",0.25349266158956
"chr4-0446",0.152862916312242
"chr4-0447",0.176437238433467
"chr4-0448",0.0840999692395068
"chr4-0449",0.188143349374217
"chr4-0450",0.128870633942236
"chr4-0451",0.12792771122124
"chr4-0452",0.217441302239763
"chr4-0453",0.162397633808607
"chr4-0454",0.0215689047640739
"chr4-0455",0.186407312273118
"chr4-0456",0.077465293383819
"chr4-0457",0.0933832554518149
"chr4-0458",0.100179372556025
"chr4-0459",-0.191107515398175
"chr4-0460",-0.0133778007437542
"chr4-0461",-0.0820250832126557
"chr4-0462",0.0871454033353161
"chr4-0463",0.181901780929442
"chr4-0464",0.0702233442309167
"chr4-0465",0.167570056392313
"chr4-0466",0.0473590448202601
"chr4-0467",0.161100152945115
"chr4-0468",0.179632658571626
"chr4-0469",0.0683486030319719
"chr4-0470",0.234016813419327
"chr4-0471",0.263012590003566
"chr4-0472",0.14633210423216
"chr4-0473",0.149607248649029
"chr4-0474",0.00777340114488268
"chr4-0475",0.101521005023295
"chr4-0476",0.0901749902459071
"chr4-0477",0.150676062873542
"chr4-0478",-0.181489406355114
"chr4-0479",0.034843260176599
"chr4-0480",-0.0165625241621635
"chr4-0481",0.112098644515547
"chr4-0482",0.14709862456168
"chr4-0483",0.29978819284997
"chr4-0484",0.0496564797302329
"chr4-0485",0.227363820215992
"chr4-0486",0.288820455414974
"chr4-0487",0.189786457711403
"chr4-0488",0.15041450278146
"chr4-0489",0.0654774014833125
"chr4-0490",0.244338008764696
"chr4-0491",0.146159089629566
"chr4-0492",0.0754606274750508
"chr4-0493",0.129985530143496
"chr4-0494",0.0112896032339237
"chr4-0495",0.170451129656737
"chr4-0496",0.150688258954537
"chr4-0497",0.224597251657139
"chr4-0498",0.0330033355012975
"chr4-0499",0.153661610483595
"chr4-0500",0.207971263970436
"chr4-0501",-0.265537238974556
"chr4-0502",0.012029933406456
"chr4-0503",-0.0172552646069104
"chr4-0504",-0.0124854987379123
"chr4-0505",0.270081257786415
"chr4-0506",-0.626968411406134
"chr4-0507",0.0770980744732165
"chr4-0508",0.0163266044626869
"chr4-0509",0.242060203335841
"chr4-0510",0.019768726794017
"chr4-0511",0.035957742164787
"chr4-0512",0.13025151549265
"chr4-0513",0.231731170235667
"chr4-0514",0.167450813723183
"chr4-0515",0.0941366677788059
"chr4-0516",0.136381821031717
"chr4-0517",0.219015254308519
"chr4-0518",0.166103288462594
"chr4-0519",0.230759694644826
"chr4-0520",0.0994734855010374
"chr4-0521",0.0599673100943404
"chr4-0522",0.17384975711245
"chr4-0523",0.228661348734992
"chr4-0524",0.082457603408859
"chr4-0525",0.095995930724183
"chr4-0526",-0.00815137576484794
"chr4-0527",0.00478693797406976
"chr4-0528",0.184787478524191
"chr4-0529",0.0909802323684023
"chr4-0530",0.200596150151354
"chr4-0531",0.269610647289761
"chr4-0532",0.0564855810398908
"chr4-0533",0.2583205165114
"chr4-0534",0.128858330860368
"chr4-0535",-0.0505966601224736
"chr4-0536",0.113646659581986
"chr4-0537",-0.212258316022731
"chr4-0538",0.10525224090636
"chr4-0539",0.16086765386252
"chr4-0540",0.18454713829124
"chr4-0541",0.250123612480278
"chr4-0542",0.151867565433224
"chr4-0543",0.136690101478703
"chr4-0544",0.245216491332988
"chr4-0545",0.262958932907256
"chr4-0546",0.0419705914260595
"chr4-0547",0.311769713771059
"chr4-0548",0.26043627676427
"chr4-0549",0.114749744699788
"chr4-0550",0.133468213530448
"chr4-0551",0.195896374358566
"chr4-0552",0.087438830258514
"chr4-0553",0.0455647989792647
"chr4-0554",0.265335594381532
"chr4-0555",0.218391761600351
"chr4-0556",-0.0146047659360955
"chr4-0557",0.118122464326946
"chr4-0558",0.20694954174508
"chr4-0559",0.0627298737514373
"chr4-0560",0.161607227394626
"chr4-0561",0.0598966624194243
"chr4-0562",0.402266468965957
"chr4-0563",0.340676595915877
"chr4-0564",0.0978001672621081
"chr4-0565",0.230885208354688
"chr4-0566",0.460681447640534
"chr4-0567",0.326710628030129
"chr4-0568",0.0685646762793786
"chr4-0569",0.151327566249239
"chr4-0570",-0.0353549362536426
"chr4-0571",0.196158465111661
"chr4-0572",0.0218647188206373
"chr4-0573",0.117165441899047
"chr4-0574",0.187264583187896
"chr4-0575",0.0462625773703005
"chr4-0576",0.186410022526609
"chr4-0577",0.120891376938035
"chr4-0578",0.201002267349079
"chr4-0579",0.117823757422918
"chr4-0580",0.0975564073461507
"chr4-0581",0.131283035702216
"chr4-0582",0.16559230331242
"chr4-0583",0.260746255304292
"chr4-0584",0.0633808467330536
"chr4-0585",0.457584747107906
"chr4-0586",0.177842209108121
"chr4-0587",0.154763733458785
"chr4-0588",0.415366031989412
"chr4-0589",0.125414909428887
"chr4-0590",0.0362434639013984
"chr4-0591",0.139198054035666
"chr4-0592",0.0463620073876407
"chr4-0593",0.0128988257226827
"chr4-0594",0.00321062095698601
"chr4-0595",0.0708186623117187
"chr4-0596",0.102353676651243
"chr4-0597",0.164492196567939
"chr4-0598",0.123313580660894
"chr4-0599",0.0277010057863144
"chr4-0600",0.0216455466156704
"chr4-0601",0.122329413019761
"chr4-0602",0.115445182983315
"chr4-0603",0.107478064542084
"chr4-0604",0.165028314874094
"chr4-0605",0.0486729936270402
"chr4-0606",0.116694549479702
"chr4-0607",-0.0706621586164285
"chr4-0608",0.0774728145257144
"chr4-0609",0.395819438075628
"chr4-0610",0.0904662345141177
"chr4-0611",0.20165629196959
"chr4-0612",0.00908664084370242
"chr4-0613",0.171463731364904
"chr4-0614",0.166212701218211
"chr4-0615",0.153661902192669
"chr4-0616",0.226351608080403
"chr4-0617",0.055571300502623
"chr4-0618",-0.0647588060469378
"chr4-0619",0.286167588058376
"chr4-0620",0.0869538615355619
"chr4-0621",0.0943173381669259
"chr4-0622",0.0565181565197238
"chr4-0623",0.256239556984898
"chr4-0624",-0.0134536016547819
"chr4-0625",0.0657421809283946
"chr4-0626",0.0605084993799506
"chr4-0627",0.0224060374033232
"chr4-0628",0.0796240184468536
"chr4-0629",-0.0818260269254927
"chr4-0630",0.176609139477189
"chr4-0631",0.159029014712516
"chr4-0632",0.176044922008328
"chr4-0633",-0.0397961520478231
"chr4-0634",0.12885091480092
"chr4-0635",0.181862796841573
"chr4-0636",0.307278767255952
"chr4-0637",0.0760604046227566
"chr4-0638",0.296898826805617
"chr4-0639",0.0847783833603012
"chr4-0640",0.0395734727411582
"chr4-0641",0.289210632488115
"chr4-0642",0.225902839073423
"chr4-0643",0.227707320979777
"chr4-0644",0.110827093878412
"chr4-0645",0.0769445420849461
"chr4-0646",0.163639353817212
"chr4-0647",-0.106980410424215
"chr4-0648",0.157822263141973
"chr4-0649",0.157036828707485
"chr4-0650",0.328941020242019
"chr4-0651",0.167165585382753
"chr4-0652",0.274811670232185
"chr4-0653",0.155495435696249
"chr4-0654",0.201159127473539
"chr4-0655",0.102045328836427
"chr4-0656",0.341093070529143
"chr4-0657",0.0677329647512886
"chr4-0658",0.112693987995267
"chr4-0659",0.184602756853171
"chr4-0660",0.221315342459448
"chr4-0661",0.209099507892587
"chr4-0662",0.028544646257752
"chr4-0663",0.129917549894152
"chr4-0664",0.175656356500037
"chr4-0665",0.31056366347514
"chr4-0666",0.0164423484198591
"chr4-0667",0.174351358165515
"chr4-0668",0.10235357326507
"chr4-0669",0.0624833832754359
"chr4-0670",0.104153976668867
"chr4-0671",0.152610754793827
"chr4-0672",0.235859286994689
"chr4-0673",0.128646135165253
"chr4-0674",0.193753212316606
"chr4-0675",0.221402215931328
"chr4-0676",0.294805605376467
"chr4-0677",0.356711876204343
"chr4-0678",0.212407754423901
"chr4-0679",0.0913644421716173
"chr4-0680",0.179986719664253
"chr4-0681",0.0152092482486781
"chr4-0682",0.071790941755199
"chr4-0683",0.176395512270651
"chr4-0684",0.154966418249197
"chr4-0685",0.16475163532086
"chr4-0686",0.104213976198054
"chr4-0687",0.31951976039734
"chr4-0688",0.0577838221376144
"chr4-0689",0.22437073424358
"chr4-0690",0.0807550215025174
"chr4-0691",0.21856446775957
"chr4-0692",0.0745446784142417
"chr4-0693",0.16777374816459
"chr4-0694",-0.0717497947912302
"chr4-0695",0.079986753340927
"chr4-0696",0.242462358050644
"chr4-0697",0.261657581289898
"chr4-0698",0.249212197890826
"chr4-0699",0.235320869720096
"chr4-0700",0.169157088045578
"chr4-0701",0.0655055336518575
"chr4-0702",0.314743610628766
"chr4-0703",0.435447292460679
"chr4-0704",0.202919560966599
"chr4-0705",0.266945206751357
"chr4-0706",0.200397842855262
"chr4-0707",0.265812873001947
"chr4-0708",0.0886360625727262
"chr4-0709",0.0494613366430391
"chr4-0710",0.101135312826111
"chr4-0711",0.127299361849857
"chr4-0712",0.0939747315620149
"chr4-0713",0.11841377116073
"chr4-0714",0.0372967744452914
"chr4-0715",0.0768203068201743
"chr4-0716",0.219134352995942
"chr4-0717",0.122725937226104
"chr4-0718",0.2639155843379
"chr4-0719",-0.0226120817082331
"chr4-0720",-0.385734900992646
"chr4-0721",0.119623816396958
"chr4-0722",0.158667470548147
"chr4-0723",-0.0458139047899262
"chr4-0724",0.264817823894054
"chr4-0725",0.131561131904086
"chr4-0726",0.210390462941751
"chr4-0727",0.233176045950993
"chr4-0728",0.272755505417141
"chr4-0729",0.285204563397759
"chr4-0730",0.211799619411764
"chr4-0731",0.041615320596467
"chr4-0732",0.253288024890181
"chr4-0733",0.186642323166338
"chr4-0734",0.114685023735549
"chr4-0735",0.138685525788114
"chr4-0736",0.0812000712251868
"chr4-0737",0.0138373229528691
"chr4-0738",0.0716899305194022
"chr4-0739",0.215786561484663
"chr4-0740",-0.0653681794345901
"chr4-0741",-0.0852018025859494
"chr4-0742",-0.0948733308510646
"chr4-0743",0.0269109027823995
"chr4-0744",0.00600147962037187
"chr4-0745",0.0298507168254701
"chr4-0746",-0.0247118568481675
"chr4-0747",0.159523383839195
"chr4-0748",0.182009842010513
"chr4-0749",0.178462921661319
"chr4-0750",0.199491033239478
"chr4-0751",0.0580146979407072
"chr4-0752",0.0681228070266541
"chr4-0753",0.182682999192048
"chr4-0754",0.105397318943757
"chr4-0755",0.134547612691507
"chr4-0756",0.193088880998718
"chr4-0757",0.241025366112276
"chr4-0758",0.271564766744906
"chr4-0759",0.106269125347394
"chr4-0760",0.100215780561732
"chr4-0761",0.277471870138045
"chr4-0762",0.135995547747617
"chr4-0763",0.323823031160174
"chr4-0764",0.132334435972635
"chr4-0765",0.300704088446477
"chr4-0766",0.0712835263307279
"chr4-0767",0.0837603297482122
"chr4-0768",0.189911667872771
"chr4-0769",0.0657536816918877
"chr4-0770",0.0292593460270733
"chr4-0771",0.0030213883585434
"chr4-0772",0.102135862209554
"chr4-0773",0.249170027214622
"chr4-0774",0.199077806099594
"chr4-0775",0.00389847082718424
"chr4-0776",0.248746501786947
"chr4-0777",0.115839914765019
"chr4-0778",0.0964787199597128
"chr4-0779",0.246922649856757
"chr4-0780",0.134394904324461
"chr4-0781",0.317258917951181
"chr4-0782",0.151703075883303
"chr4-0783",0.327966720394176
"chr4-0784",0.249691354860187
"chr4-0785",0.294606146205013
"chr4-0786",0.0305196873329573
"chr4-0787",0.1836042710599
"chr4-0788",0.220670601905636
"chr4-0789",0.086370143397461
"chr4-0790",0.166147392688181
"chr4-0791",-0.0595950675426796
"chr4-0792",0.0510755828059445
"chr4-0793",0.04110660764814
"chr4-0794",0.316080654186282
"chr4-0795",0.103343469603195
"chr4-0796",0.19988415586217
"chr4-0797",0.221285554151819
"chr4-0798",0.235240734264449
"chr4-0799",0.0772945973568208
"chr4-0800",0.343098058066774
"chr4-0801",0.183640279684968
"chr4-0802",0.204674383518952
"chr4-0803",-0.00481816968925055
"chr4-0804",0.204452717548261
"chr4-0805",0.0759081269964776
"chr4-0806",0.286091391497141
"chr4-0807",0.00958710567625214
"chr4-0808",0.288726536914835
"chr4-0809",0.10113668352999
"chr4-0810",0.201438719380567
"chr4-0811",0.299107003350418
"chr4-0812",0.251055321191475
"chr4-0813",-0.0130024469712398
"chr4-0814",-0.00289634881981635
"chr4-0815",0.0607582717858943
"chr4-0816",0.309343390717689
"chr4-0817",0.166527448941766
"chr4-0818",0.069119536733195
"chr4-0819",0.144106006799099
"chr4-0820",-0.0375362055424334
"chr4-0821",0.095933296218464
"chr4-0822",0.025421146041461
"chr4-0823",0.041648822821643
"chr4-0824",0.147265760474471
"chr4-0825",0.0677038071158738
"chr4-0826",0.0817091076350467
"chr4-0827",0.209667050296016
"chr4-0828",0.119030069230342
"chr4-0829",0.0818013269741479
"chr4-0830",0.0813638037930874
"chr4-0831",0.00500274704125156
"chr4-0832",0.0886581914802088
"chr4-0833",-0.010982877305057
"chr4-0834",0.212050468807971
"chr4-0835",0.297189218094028
"chr4-0836",0.201606813243939
"chr4-0837",-0.0403077801276761
"chr4-0838",0.240575786780194
"chr4-0839",0.472000979579221
"chr4-0840",0.189585076076436
"chr4-0841",0.185995139180705
"chr4-0842",0.184733321472608
"chr4-0843",0.222841565091359
"chr4-0844",0.208130229822624
"chr4-0845",0.31334265499872
"chr4-0846",0.0503052995610537
"chr4-0847",0.339412198841298
"chr4-0848",0.161908027136975
"chr4-0849",-0.0619288135310609
"chr4-0850",0.07924047605281
"chr4-0851",0.181563220320001
"chr4-0852",0.186416158402151
"chr4-0853",0.120908176311657
"chr4-0854",-0.0560846805470967
"chr4-0855",0.220056216118705
"chr4-0856",-0.0338414704220601
"chr4-0857",-0.00638605736908774
"chr4-0858",0.183294013062791
"chr4-0859",0.0783634538567429
"chr4-0860",0.0143621148527146
"chr4-0861",-0.152566380561661
"chr4-0862",0.129835353658267
"chr4-0863",0.101687115008096
"chr4-0864",0.24221876802207
"chr4-0865",0.334144014859997
"chr4-0866",0.0217119905742755
"chr4-0867",0.0919694513508901
"chr4-0868",0.0569732198733903
"chr4-0869",-0.165723407995599
"chr4-0870",-0.0701733523019591
"chr4-0871",0.229392882447033
"chr4-0872",-0.0798463521585498
"chr4-0873",0.159791729593591
"chr4-0874",0.147383222657785
"chr4-0875",0.144259028992573
"chr4-0876",0.131422326234324
"chr4-0877",0.0459397937621507
"chr4-0878",0.215623855311373
"chr4-0879",0.0279934382792703
"chr4-0880",-0.0140143595762028
"chr4-0881",0.158253881876205
"chr4-0882",0.0786466127914514
"chr4-0883",0.204653462646588
"chr4-0884",0.0914034440118698
"chr4-0885",0.0604313678607586
"chr4-0886",0.0172800226107845
"chr4-0887",0.221142965242633
"chr4-0888",0.107474250891797
"chr4-0889",0.217999486484106
"chr4-0890",0.142241699744019
"chr4-0891",-0.100497347382848
"chr4-0892",-0.0226531002254641
"chr4-0893",0.158507512316891
"chr4-0894",0.196267526192877
"chr4-0895",0.12806689700942
"chr4-0896",0.264890495429041
"chr4-0897",0.16878581795018
"chr4-0898",0.111127847551471
"chr4-0899",0.132512651968181
"chr4-0900",0.200535430539589
"chr4-0901",0.198293443426284
"chr4-0902",0.00361675730669799
"chr4-0903",0.10249895925208
"chr4-0904",0.252634270353145
"chr4-0905",0.066545064538153
"chr4-0906",0.154773866819298
"chr4-0907",0.000126515197221593
"chr4-0908",0.0757561837477556
"chr4-0909",0.155788101896195
"chr4-0910",0.193650708803312
"chr4-0911",0.192321693173439
"chr4-0912",0.400218246017534
"chr4-0913",0.185104985658059
"chr4-0914",0.106632302204701
"chr4-0915",-0.135707990841825
"chr4-0916",0.102972600199642
"chr4-0917",0.0153051741553934
"chr4-0918",-0.00894325431191873
"chr4-0919",0.0631308493639413
"chr4-0920",0.059302488567022
"chr4-0921",0.161809606634382
"chr4-0922",-0.0972716619705267
"chr4-0923",0.192702185764261
"chr4-0924",0.173560959742306
"chr4-0925",0.32036697973695
"chr4-0926",0.185774906800006
"chr4-0927",0.163933884992895
"chr4-0928",0.263011323032479
"chr4-0929",0.124207837192073
"chr4-0930",0.447416884925255
"chr4-0931",0.0810117599229818
"chr4-0932",0.191886284377276
"chr4-0933",-0.0112644501120232
"chr4-0934",0.0415711465212174
"chr4-0935",0.0555616614504474
"chr4-0936",0.0867168191729452
"chr4-0937",0.223525572613795
"chr4-0938",0.203164742707248
"chr4-0939",-0.0136696931541979
"chr4-0940",0.153331235656895
"chr4-0941",0.0869857630217372
"chr4-0942",0.0587732123007291
"chr4-0943",0.00914885089470343
"chr4-0944",0.082252492747965
"chr4-0945",0.138364435792518
"chr4-0946",0.214552304287241
"chr4-0947",0.0327376608844162
"chr4-0948",-0.0548311083753404
"chr4-0949",0.0955846949920975
"chr4-0950",0.122522444442539
"chr4-0951",0.0155399264272071
"chr4-0952",0.256705266691695
"chr4-0953",0.0388242998383587
"chr4-0954",0.112680927945616
"chr4-0955",0.0781964226043301
"chr4-0956",0.00580034767878843
"chr4-0957",-0.106561334295426
"chr4-0958",0.00268841960945817
"chr4-0959",0.00103400728963628
"chr4-0960",0.0720140077440908
"chr4-0961",0.106227606768048
"chr4-0962",0.0217317953065465
"chr4-0963",0.185458037530381
"chr4-0964",0.211415981596411
"chr4-0965",-0.11144435113118
"chr4-0966",0.205172456093148
"chr4-0967",0.220485306955854
"chr4-0968",0.10569773495036
"chr4-0969",0.350092946934111
"chr4-0970",0.102779820071311
"chr4-0971",0.170915011917773
"chr4-0972",0.0878221856594785
"chr4-0973",0.0982330098067168
"chr4-0974",0.0225628418246769
"chr4-0975",0.0682362592820123
"chr4-0976",0.175969214841653
"chr4-0977",0.160863476481734
"chr4-0978",0.16965004153562
"chr4-0979",0.168000106372061
"chr4-0980",0.184689492209958
"chr4-0981",0.176829138907151
"chr4-0982",0.207052019273617
"chr4-0983",0.195790457480509
"chr4-0984",0.202136678086214
"chr4-0985",0.186375880801127
"chr4-0986",0.0952811095286995
"chr4-0987",0.273577013703992
"chr4-0988",0.178649945800776
"chr4-0989",0.0304846344707082
"chr4-0990",0.248536243622771
"chr4-0991",0.202792604865209
"chr4-0992",0.309858729997297
"chr4-0993",0.149483462351581
"chr4-0994",-0.152138177072804
"chr4-0995",0.0939410157790111
"chr4-0996",0.000356293464977161
"chr4-0997",-0.000797536716262199
"chr4-0998",0.135141155664646
"chr4-0999",0.0686347535968936
"chr4-1000",0.238960562689336
"chr4-1001",0.0773947507221562
"chr4-1002",0.240969214243162
"chr4-1003",0.177747612379955
"chr4-1004",0.199058684174663
"chr4-1005",-0.0027354098625141
"chr4-1006",0.0489990496477331
"chr4-1007",0.0952634967169645
"chr5-0001",-0.0283154267467109
"chr5-0002",0.262203047304748
"chr5-0003",-0.00645739748125807
"chr5-0004",0.156238496329736
"chr5-0005",0.138919434541767
"chr5-0006",0.170034009979235
"chr5-0007",-0.00299618057428853
"chr5-0008",0.0758825036863369
"chr5-0009",0.127134138169099
"chr5-0010",0.196402161248007
"chr5-0011",0.0556527084915946
"chr5-0012",0.195265664286565
"chr5-0013",0.0742331716204506
"chr5-0014",0.151488068224489
"chr5-0015",0.0937018139963781
"chr5-0016",0.150098684250052
"chr5-0017",0.190894598183304
"chr5-0018",0.0376577332992348
"chr5-0019",0.100025336665115
"chr5-0020",0.243082050873591
"chr5-0021",0.179251616543395
"chr5-0022",0.161783279459131
"chr5-0023",0.248114916054193
"chr5-0024",0.184089952920363
"chr5-0025",0.127699927768431
"chr5-0026",0.225374390910596
"chr5-0027",0.121002377990328
"chr5-0028",0.154679323057826
"chr5-0029",0.00674367952114803
"chr5-0030",0.1229957011061
"chr5-0031",0.0977494207630622
"chr5-0032",0.0392876136599092
"chr5-0033",0.0840237043511113
"chr5-0034",0.138197266438741
"chr5-0035",0.0941943098877658
"chr5-0036",0.0911234083009709
"chr5-0037",-0.0850132138086218
"chr5-0038",0.119920213775521
"chr5-0039",0.0151451515514704
"chr5-0040",-0.0234502132820244
"chr5-0041",0.13694739882257
"chr5-0042",0.0537632559641575
"chr5-0043",0.17689944749799
"chr5-0044",-0.105556249830654
"chr5-0045",0.0666637257907115
"chr5-0046",0.0882604201608949
"chr5-0047",0.112622588759749
"chr5-0048",0.243087577624082
"chr5-0049",0.206293033520211
"chr5-0050",0.174928708155704
"chr5-0051",-0.0308033680009194
"chr5-0052",-0.0025799341524097
"chr5-0053",-0.0450561723460523
"chr5-0054",-0.0377717859354437
"chr5-0055",-0.136515492294854
"chr5-0056",0.0810885123722046
"chr5-0057",0.0429283837404113
"chr5-0058",0.109369289343308
"chr5-0059",0.144209960661982
"chr5-0060",0.0224866829085516
"chr5-0061",0.0531562043683181
"chr5-0062",0.0872909464265159
"chr5-0063",0.184551173504213
"chr5-0064",0.13841866850728
"chr5-0065",0.153612314084684
"chr5-0066",0.0930495289824924
"chr5-0067",-0.00576206076839925
"chr5-0068",0.104893520988519
"chr5-0069",0.0772459825964048
"chr5-0070",0.142944875849157
"chr5-0071",0.169122742971327
"chr5-0072",0.164359346333215
"chr5-0073",0.155267026746484
"chr5-0074",0.0767737081070592
"chr5-0075",0.0613143229890886
"chr5-0076",0.115507990097914
"chr5-0077",0.124268722179533
"chr5-0078",0.158579467886126
"chr5-0079",0.013818286654038
"chr5-0080",0.088449635662416
"chr5-0081",0.152680815144826
"chr5-0082",0.151694546284736
"chr5-0083",0.0865774439971853
"chr5-0084",0.0216403751598071
"chr5-0085",0.111455078026718
"chr5-0086",0.163553181279233
"chr5-0087",0.206420122940803
"chr5-0088",0.161064651464967
"chr5-0089",0.201472807047815
"chr5-0090",0.137899407880606
"chr5-0091",0.146023262891976
"chr5-0092",0.262759773044371
"chr5-0093",0.122118753249626
"chr5-0094",0.18234830096795
"chr5-0095",0.218018712171431
"chr5-0096",0.0781966402532344
"chr5-0097",0.179580233678722
"chr5-0098",0.0468934714176498
"chr5-0099",0.0985297786753463
"chr5-0100",0.094165832762978
"chr5-0101",-0.00396322494117563
"chr5-0102",0.167362915596564
"chr5-0103",0.107561280093807
"chr5-0104",0.0937719526828285
"chr5-0105",0.206306153018705
"chr5-0106",0.152460699542485
"chr5-0107",0.204061336211685
"chr5-0108",0.220725337570877
"chr5-0109",0.0973961258672317
"chr5-0110",0.250429959782586
"chr5-0111",0.152309997727727
"chr5-0112",0.198168441901197
"chr5-0113",0.164158096328618
"chr5-0114",0.209005665895086
"chr5-0115",0.102638651130427
"chr5-0116",0.0493947249792845
"chr5-0117",0.236712933164502
"chr5-0118",0.123704525816355
"chr5-0119",0.134626061467708
"chr5-0120",0.0942189428070969
"chr5-0121",0.105853758512342
"chr5-0122",0.00821555671188348
"chr5-0123",-0.00752018374656776
"chr5-0124",0.0179794782902427
"chr5-0125",0.066790678351353
"chr5-0126",-0.0467932683380277
"chr5-0127",-0.0735802512562788
"chr5-0128",-0.026582392851654
"chr5-0129",0.0733377706544358
"chr5-0130",0.073123962176807
"chr5-0131",0.17595270552945
"chr5-0132",0.0726940855265029
"chr5-0133",-0.0201301356227293
"chr5-0134",0.176202819686688
"chr5-0135",0.175403942164571
"chr5-0136",0.174187162034207
"chr5-0137",0.139236769303708
"chr5-0138",0.238293107113449
"chr5-0139",0.220040828919301
"chr5-0140",0.163533031457758
"chr5-0141",-0.0310356527531505
"chr5-0142",0.138985263397791
"chr5-0143",0.244154042865239
"chr5-0144",0.140235204663267
"chr5-0145",0.0907441859984752
"chr5-0146",0.136086529581935
"chr5-0147",0.323773108877796
"chr5-0148",0.286195622462171
"chr5-0149",0.0954275561634058
"chr5-0150",0.15267578694468
"chr5-0151",0.153665177786944
"chr5-0152",0.128783763476677
"chr5-0153",0.20550022567884
"chr5-0154",-0.0157905064908084
"chr5-0155",0.203829124024933
"chr5-0156",0.249739718972342
"chr5-0157",0.12702910921753
"chr5-0158",0.272996187413683
"chr5-0159",0.145533499692038
"chr5-0160",0.17301794061178
"chr5-0161",-0.0904248709082824
"chr5-0162",-0.00468382191923268
"chr5-0163",0.165814823387539
"chr5-0164",0.0358156955771377
"chr5-0165",-0.0156796910758672
"chr5-0166",-0.00433562618189326
"chr5-0167",0.104185469575759
"chr5-0168",0.0999880888052232
"chr5-0169",-0.109244826111148
"chr5-0170",0.11513917081715
"chr5-0171",0.241792739645688
"chr5-0172",0.112675023497604
"chr5-0173",-0.126083278645695
"chr5-0174",0.125504566322976
"chr5-0175",0.147210311094198
"chr5-0176",0.170711070217292
"chr5-0177",0.263401651152683
"chr5-0178",0.011143826868557
"chr5-0179",0.269904488066402
"chr5-0180",0.0651286332409748
"chr5-0181",0.0308720698149378
"chr5-0182",-0.129344959523498
"chr5-0183",0.380269276758901
"chr5-0184",-0.0589453244099682
"chr5-0185",0.197657620760041
"chr5-0186",0.275787473190166
"chr5-0187",0.150143023044307
"chr5-0188",0.390891721791398
"chr5-0189",0.304368737601213
"chr5-0190",0.211877632738215
"chr5-0191",0.297409794686107
"chr5-0192",0.309314556005883
"chr5-0193",0.196529584769855
"chr5-0194",0.188889995484839
"chr5-0195",0.308392669343414
"chr5-0196",0.388927042099066
"chr5-0197",0.0973338336506866
"chr5-0198",0.151278795406255
"chr5-0199",-0.0106569756367915
"chr5-0200",-0.111231588935307
"chr5-0201",-0.0834172796218095
"chr5-0202",0.025479479976798
"chr5-0203",0.0106511934870513
"chr5-0204",0.0763888082598776
"chr5-0205",0.185160446901728
"chr5-0206",-0.126880213307034
"chr5-0207",-0.128511074648273
"chr5-0208",-0.154237248240468
"chr5-0209",-0.0691319944042966
"chr5-0210",0.0443626906830083
"chr5-0211",-0.122914078736567
"chr5-0212",0.14196626442865
"chr5-0213",0.174480314550399
"chr5-0214",0.174745021622862
"chr5-0215",0.197035129647041
"chr5-0216",-0.0404432236685057
"chr5-0217",0.109541739678468
"chr5-0218",0.13823710497201
"chr5-0219",0.0966623743008508
"chr5-0220",0.0790662220514899
"chr5-0221",0.22507088444969
"chr5-0222",0.0471683010168392
"chr5-0223",-0.0356455366363991
"chr5-0224",0.144066947637119
"chr5-0225",0.0143077271570319
"chr5-0226",-0.0306135110550039
"chr5-0227",0.136714935880873
"chr5-0228",0.111762385610322
"chr5-0229",0.0540539458973684
"chr5-0230",0.244836799235275
"chr5-0231",-0.0120762789220042
"chr5-0232",0.168661816392617
"chr5-0233",0.207110324278851
"chr5-0234",0.0351447443923875
"chr5-0235",0.0625264997176968
"chr5-0236",0.242683598127888
"chr5-0237",0.301486228245833
"chr5-0238",0.0661909647223435
"chr5-0239",0.130696671738891
"chr5-0240",0.0766117202497898
"chr5-0241",-0.0737450541464298
"chr5-0242",0.154361248620024
"chr5-0243",0.0839106406202259
"chr5-0244",-0.515368844840987
"chr5-0245",0.147697175772624
"chr5-0246",0.0290985100355619
"chr5-0247",0.154296489346217
"chr5-0248",0.0713992284326963
"chr5-0249",0.111216420505512
"chr5-0250",0.154412417784018
"chr5-0251",0.167526047816728
"chr5-0252",0.1584414995156
"chr5-0253",0.0646729470393739
"chr5-0254",0.125777053046237
"chr5-0255",0.11191386848182
"chr5-0256",0.233192790391117
"chr5-0257",0.195715797298781
"chr5-0258",0.140132841282071
"chr5-0259",0.206618664554275
"chr5-0260",0.0802804321791576
"chr5-0261",0.229301478138643
"chr5-0262",0.248370363850982
"chr5-0263",0.276120065133909
"chr5-0264",0.236596631437637
"chr5-0265",0.00331699904633485
"chr5-0266",0.0456956985414632
"chr5-0267",0.0752548458491378
"chr5-0268",-0.0817361534459642
"chr5-0269",-0.070250048858122
"chr5-0270",0.11762732555844
"chr5-0271",0.187064254574312
"chr5-0272",0.251227634945495
"chr5-0273",0.0513937528094333
"chr5-0274",0.0818743071958012
"chr5-0275",0.173771792602881
"chr5-0276",0.228464201211077
"chr5-0277",0.0565161334122522
"chr5-0278",-0.0402682155343192
"chr5-0279",0.0698233553127883
"chr5-0280",0.189912502448539
"chr5-0281",-0.128315216815532
"chr5-0282",-0.0707548727949206
"chr5-0283",-0.0273366088769828
"chr5-0284",0.0731791614569567
"chr5-0285",-0.0606575589313351
"chr5-0286",-0.00400434640431225
"chr5-0287",0.0729008089887198
"chr5-0288",0.0941129492903711
"chr5-0289",0.202354523926264
"chr5-0290",0.281992492377048
"chr5-0291",0.144731992818636
"chr5-0292",0.197516966939659
"chr5-0293",0.144639853481514
"chr5-0294",0.168291637226737
"chr5-0295",0.0544734220225687
"chr5-0296",0.158014334670624
"chr5-0297",0.0207938736572368
"chr5-0298",0.232676666944099
"chr5-0299",0.088063978874484
"chr5-0300",0.0422044034237488
"chr5-0301",0.199451014549204
"chr5-0302",0.286760176782892
"chr5-0303",0.056843895159964
"chr5-0304",0.124187389082988
"chr5-0305",0.104633833925797
"chr5-0306",0.252948957216732
"chr5-0307",0.111979834611131
"chr5-0308",0.0237563848686585
"chr5-0309",0.141983335610663
"chr5-0310",0.037996799198914
"chr5-0311",0.138028502836452
"chr5-0312",0.199785391491663
"chr5-0313",0.129726990559662
"chr5-0314",-0.0332489791907549
"chr5-0315",0.00673134822141403
"chr5-0316",0.122217446871584
"chr5-0317",0.0685183523312109
"chr5-0318",0.0410107100077858
"chr5-0319",0.142019924032955
"chr5-0320",0.132370862827569
"chr5-0321",0.0484760490078482
"chr5-0322",0.0601831991574824
"chr5-0323",0.0464032645699837
"chr5-0324",0.116676548852537
"chr5-0325",-0.154699752934918
"chr5-0326",-0.00685672289082235
"chr5-0327",0.230506342023403
"chr5-0328",0.263669596559178
"chr5-0329",0.127435300571236
"chr5-0330",0.260922630698435
"chr5-0331",0.0217907975855423
"chr5-0332",0.137283755330675
"chr5-0333",0.223050454089137
"chr5-0334",-0.00192904273698648
"chr5-0335",0.276080891631206
"chr5-0336",0.159928089762111
"chr5-0337",0.250788195804758
"chr5-0338",0.179769921681197
"chr5-0339",0.171029910035822
"chr5-0340",0.220352668948805
"chr5-0341",0.210008414095632
"chr5-0342",0.0323189230275917
"chr5-0343",0.11078142282657
"chr5-0344",0.201019987483619
"chr5-0345",0.274409749702748
"chr5-0346",0.419779109155231
"chr5-0347",0.262806427650902
"chr5-0348",0.324402650751769
"chr5-0349",0.248411480019321
"chr5-0350",0.0818197452382982
"chr5-0351",0.169227945288308
"chr5-0352",0.22655689338466
"chr5-0353",-0.00754679638200537
"chr5-0354",0.020726936435164
"chr5-0355",0.0718264851171967
"chr5-0356",0.0645514831427208
"chr5-0357",0.0891674870052281
"chr5-0358",0.0919831995368529
"chr5-0359",0.227120991070163
"chr5-0360",-0.02645240947884
"chr5-0361",0.14096644538072
"chr5-0362",0.0314498316667371
"chr5-0363",-0.0224468742775321
"chr5-0364",-0.130749032900926
"chr5-0365",0.0491304205855425
"chr5-0366",0.176765200609189
"chr5-0367",0.0577896766192811
"chr5-0368",0.251608013580861
"chr5-0369",0.12794905524397
"chr5-0370",0.108378959549792
"chr5-0371",-0.0240965325337594
"chr5-0372",0.0719830631906733
"chr5-0373",0.113670803094535
"chr5-0374",0.159268863038534
"chr5-0375",0.101671288075516
"chr5-0376",0.0086854444977692
"chr5-0377",0.124024658099367
"chr5-0378",0.166497844696707
"chr5-0379",0.0856702237549979
"chr5-0380",0.183025867678236
"chr5-0381",0.0468515260088406
"chr5-0382",0.0407595085888437
"chr5-0383",-0.0443499514967307
"chr5-0384",0.138758150882313
"chr5-0385",0.158879373706455
"chr5-0386",0.145110847565316
"chr5-0387",0.250535919477089
"chr5-0388",0.114924839807147
"chr5-0389",0.173468185494486
"chr5-0390",0.195613888897826
"chr5-0391",0.389371965472377
"chr5-0392",0.426518536577418
"chr5-0393",0.0796921156458944
"chr5-0394",0.201403816376869
"chr5-0395",0.321765172971759
"chr5-0396",0.159425541644461
"chr5-0397",0.0628583745641858
"chr5-0398",0.0712631086276682
"chr5-0399",0.0357835088708791
"chr5-0400",0.014455038286053
"chr5-0401",-0.0714346931556497
"chr5-0402",-0.0724788022284524
"chr5-0403",-0.0479384920911464
"chr5-0404",-0.0453735805404299
"chr5-0405",-0.0113121392241237
"chr5-0406",-0.0706172503289562
"chr5-0407",-0.132012968966378
"chr5-0408",0.0104333171968691
"chr5-0409",-0.119258297831796
"chr5-0410",0.131812571140327
"chr5-0411",0.0717133518830813
"chr5-0412",0.311704265309352
"chr5-0413",0.118986581772849
"chr5-0414",0.121439678003359
"chr5-0415",-0.06496505838518
"chr5-0416",0.289125325460556
"chr5-0417",0.217812178621823
"chr5-0418",0.166892266550095
"chr5-0419",0.22273907995978
"chr5-0420",-0.0741783308661657
"chr5-0421",0.162934288134299
"chr5-0422",0.14887473352625
"chr5-0423",0.181554649334085
"chr5-0424",0.42755009259038
"chr5-0425",0.0551760017963519
"chr5-0426",-0.0232888473576403
"chr5-0427",0.0442990422385849
"chr5-0428",0.140458488442451
"chr5-0429",0.169062247306815
"chr5-0430",-0.0759531350553371
"chr5-0431",0.0990799614625967
"chr5-0432",0.0963658764861303
"chr5-0433",0.207183115303549
"chr5-0434",-0.0186271922813063
"chr5-0435",0.209655839946286
"chr5-0436",0.172862877922621
"chr5-0437",0.13727172475685
"chr5-0438",0.0745762938446408
"chr5-0439",0.124383775553299
"chr5-0440",-0.0606343826054487
"chr5-0441",-0.0957160101781206
"chr5-0442",0.222203989232992
"chr5-0443",0.203107232116518
"chr5-0444",0.103399786904025
"chr5-0445",0.0875043266854405
"chr5-0446",0.0840686676231453
"chr5-0447",-0.0327529294284983
"chr5-0448",0.097608644886772
"chr5-0449",0.102997966693542
"chr5-0450",0.153003232863952
"chr5-0451",-0.019088533463037
"chr5-0452",0.0111827319124128
"chr5-0453",0.157664862544641
"chr5-0454",-0.0735570064657936
"chr5-0455",-0.120500327931204
"chr5-0456",0.111424862379786
"chr5-0457",0.132560988658144
"chr5-0458",0.0940280235201557
"chr5-0459",0.259018881179687
"chr5-0460",0.136321628984852
"chr5-0461",0.126085314609219
"chr5-0462",0.16680205035245
"chr5-0463",0.112774562145386
"chr5-0464",0.172450952375998
"chr5-0465",0.224886463153676
"chr5-0466",-0.0570105768155209
"chr5-0467",0.0469812027016589
"chr5-0468",0.30454884535293
"chr5-0469",0.190775602151076
"chr5-0470",0.0728575374636426
"chr5-0471",-0.00171600234274899
"chr5-0472",0.284153430957499
"chr5-0473",0.226381294324645
"chr5-0474",0.118865795352551
"chr5-0475",0.0840610930719179
"chr5-0476",0.0693457025286931
"chr5-0477",0.184777594210168
"chr5-0478",0.0617639891779686
"chr5-0479",0.388189390288211
"chr5-0480",0.114768286815875
"chr5-0481",0.344182716699033
"chr5-0482",-0.145753895711342
"chr5-0483",-0.0255484734534635
"chr5-0484",-0.0245923456120976
"chr5-0485",-0.000372757917535713
"chr5-0486",-0.0939579631398461
"chr5-0487",0.124982986785649
"chr5-0488",0.072998458531818
"chr5-0489",0.125814733810613
"chr5-0490",0.126087320850958
"chr5-0491",-0.0193052276096372
"chr5-0492",0.340421507507585
"chr5-0493",0.176824515976471
"chr5-0494",0.183775421997033
"chr5-0495",0.0882178337688009
"chr5-0496",0.300551867958997
"chr5-0497",-0.0552242913058891
"chr5-0498",0.138563565135707
"chr5-0499",0.298027705026144
"chr5-0500",0.25695327302255
"chr5-0501",0.221063618222882
"chr5-0502",0.0889599059005208
"chr5-0503",0.290622163276604
"chr5-0504",0.239004765002526
"chr5-0505",0.189030054767233
"chr5-0506",0.0987012299088871
"chr5-0507",0.157483724374193
"chr5-0508",0.158864326812772
"chr5-0509",0.199688850406873
"chr5-0510",0.302839038128361
"chr5-0511",-0.145512103286463
"chr5-0512",0.0166221742602043
"chr5-0513",0.243936485504671
"chr5-0514",-0.00560026607663369
"chr5-0515",0.19672520961157
"chr5-0516",0.00248580275688781
"chr5-0517",0.232506016119693
"chr5-0518",0.240030832793057
"chr5-0519",0.101915724408725
"chr5-0520",0.35907784924766
"chr5-0521",0.198747868620661
"chr5-0522",0.378037955972014
"chr5-0523",0.166752542335358
"chr5-0524",0.050899342998679
"chr5-0525",0.126710074401971
"chr5-0526",0.195783399982543
"chr5-0527",0.213584430991959
"chr5-0528",0.184708536202695
"chr5-0529",0.0545671648535507
"chr5-0530",-0.102801840406579
"chr5-0531",0.213000152927314
"chr5-0532",0.224635320686791
"chr5-0533",0.3285824287743
"chr5-0534",0.40313514037329
"chr5-0535",0.258715076077542
"chr5-0536",0.251802315207001
"chr5-0537",0.352521650190484
"chr5-0538",0.252189298877322
"chr5-0539",0.118314090966267
"chr5-0540",0.120084516738729
"chr5-0541",0.260117794694127
"chr5-0542",0.0654830186175318
"chr5-0543",0.158734835762656
"chr5-0544",0.358292242421351
"chr5-0545",0.090464616918361
"chr5-0546",0.0816661321906631
"chr5-0547",-0.0120976887957475
"chr5-0548",0.101975625854195
"chr5-0549",0.118492896133569
"chr5-0550",0.13681111697563
"chr5-0551",0.057764791067734
"chr5-0552",0.29100602744849
"chr5-0553",0.203898829104747
"chr5-0554",0.195264929105256
"chr5-0555",0.3188514054729
"chr5-0556",0.114082709424932
"chr5-0557",0.192869409871837
"chr5-0558",0.0782549076619617
"chr5-0559",0.134060121618811
"chr5-0560",0.0889644373761936
"chr5-0561",0.148141032572752
"chr5-0562",0.124796617169311
"chr5-0563",0.297767164086075
"chr5-0564",0.0654303727791126
"chr5-0565",0.146627645827344
"chr5-0566",0.139333342053036
"chr5-0567",0.22706885232032
"chr5-0568",0.162106484437152
"chr5-0569",0.1837393890474
"chr5-0570",0.0910510321526193
"chr5-0571",0.0410236750241684
"chr5-0572",0.141562933136041
"chr5-0573",0.199637310925305
"chr5-0574",0.0831221618886182
"chr5-0575",0.232083679681677
"chr5-0576",0.114150209926415
"chr5-0577",0.172590048534822
"chr5-0578",0.147358385812482
"chr5-0579",0.12748483290279
"chr5-0580",0.303444904053893
"chr5-0581",0.184798297613491
"chr5-0582",0.176357618772639
"chr5-0583",0.463291197334606
"chr5-0584",0.162543899228939
"chr5-0585",0.273137468107203
"chr5-0586",0.172209925882067
"chr5-0587",0.377287151371484
"chr5-0588",0.280959068606055
"chr5-0589",0.269635000651898
"chr5-0590",0.187165098880376
"chr5-0591",0.0511305769070967
"chr5-0592",0.197374366207602
"chr5-0593",-0.0594535741621018
"chr5-0594",0.191769187867803
"chr5-0595",0.226782758636451
"chr5-0596",0.160516853150323
"chr5-0597",0.342598687255522
"chr5-0598",0.0450406626294315
"chr5-0599",0.0319436420937922
"chr5-0600",0.167875141745789
"chr5-0601",0.107896812833936
"chr5-0602",0.182782424396433
"chr5-0603",0.336047029808903
"chr5-0604",-0.0523172938482385
"chr5-0605",0.20966858929913
"chr5-0606",0.212394616663266
"chr5-0607",0.238824816935375
"chr5-0608",0.033629402955349
"chr5-0609",0.0744718412475818
"chr5-0610",0.117644847611685
"chr5-0611",0.160805011966474
"chr5-0612",0.109780106432397
"chr5-0613",0.121161377736123
"chr5-0614",-0.159100307836121
"chr5-0615",0.0365963294225845
"chr5-0616",0.0351282531112101
"chr5-0617",0.131605914322554
"chr5-0618",0.0459006282702633
"chr5-0619",0.0908993814845241
"chr5-0620",0.118319262700558
"chr5-0621",0.0587662846653564
"chr5-0622",0.0883633257984485
"chr5-0623",0.189968524481373
"chr5-0624",0.00634179313947912
"chr5-0625",0.121269630000422
"chr5-0626",0.189483514811688
"chr5-0627",-0.0177400870294028
"chr5-0628",0.27419992890381
"chr5-0629",0.146003547439499
"chr5-0630",0.134221754829846
"chr5-0631",0.115277108743324
"chr5-0632",0.186923977949993
"chr5-0633",0.0926270418598402
"chr5-0634",0.0576122209986059
"chr5-0635",0.0609781924778119
"chr5-0636",0.157210815675844
"chr5-0637",0.0441326512611669
"chr5-0638",0.258874256367424
"chr5-0639",0.238629520676018
"chr5-0640",0.162850478567704
"chr5-0641",0.160737766006957
"chr5-0642",0.0588016315697705
"chr5-0643",0.17757835374732
"chr5-0644",0.0963402288765701
"chr5-0645",0.135283025732756
"chr5-0646",0.0946499885770446
"chr5-0647",0.0372969436908282
"chr5-0648",0.175349045732087
"chr5-0649",0.159891804940461
"chr5-0650",0.188247359653648
"chr5-0651",0.223244009349641
"chr5-0652",0.190869589012822
"chr5-0653",0.103267510205305
"chr5-0654",0.0756138902435581
"chr5-0655",0.187490052135455
"chr5-0656",0.230422496074162
"chr5-0657",0.15413972147246
"chr5-0658",-0.02251065244705
"chr5-0659",0.196656568228811
"chr5-0660",0.186550983403497
"chr5-0661",0.195908358586533
"chr5-0662",0.210389043246504
"chr5-0663",0.136988696518654
"chr5-0664",0.22554983684155
"chr5-0665",0.236419593169936
"chr5-0666",0.183533390494792
"chr5-0667",0.273510917839914
"chr5-0668",0.184344934749692
"chr5-0669",0.2867718652378
"chr5-0670",0.209100906717069
"chr5-0671",0.163568514020608
"chr5-0672",0.254258503755254
"chr5-0673",0.28679876236685
"chr5-0674",0.307162297913658
"chr5-0675",0.254930841730129
"chr5-0676",0.16122187109115
"chr5-0677",-0.0326492572421927
"chr5-0678",-0.0306024645470674
"chr5-0679",-0.208164396873756
"chr5-0680",-0.0741377690452343
"chr5-0681",-0.139799292449762
"chr5-0682",0.0754138230409839
"chr5-0683",0.0160484377908974
"chr5-0684",0.135714563225227
"chr5-0685",0.168587879761937
"chr5-0686",0.480760400103227
"chr5-0687",0.0363086125127404
"chr5-0688",0.17303613672223
"chr5-0689",0.24316513667619
"chr5-0690",0.0359673032495998
"chr5-0691",0.338987117897839
"chr5-0692",0.211735792565454
"chr5-0693",0.140722291050721
"chr5-0694",0.294504978764029
"chr5-0695",0.104489938836785
"chr5-0696",0.0235455189708092
"chr5-0697",0.256950234213005
"chr5-0698",0.14048603384165
"chr5-0699",0.216601641241009
"chr5-0700",0.0780110250986904
"chr5-0701",-0.0802037528688798
"chr5-0702",-0.0107984974988006
"chr5-0703",0.163975789149715
"chr5-0704",0.123117374229928
"chr5-0705",-0.0350735071558553
"chr5-0706",0.0652992541367324
"chr5-0707",0.0289768729893341
"chr5-0708",0.0835194864924576
"chr5-0709",0.113839678844264
"chr5-0710",0.179912985038779
"chr5-0711",0.148178106411253
"chr5-0712",0.299311119152618
"chr5-0713",0.224389551918805
"chr5-0714",0.0628075594519918
"chr5-0715",0.110269028487162
"chr5-0716",0.131005689956529
"chr5-0717",0.160160082949419
"chr5-0718",0.0906198819230303
"chr5-0719",0.126147828109753
"chr5-0720",0.105871326405014
"chr5-0721",0.131373522481204
"chr5-0722",0.129276763316478
"chr5-0723",0.0410524570709111
"chr5-0724",0.0404471090462319
"chr5-0725",0.0985171600296565
"chr5-0726",-0.11569397408748
"chr5-0727",-0.0985849254920962
"chr5-0728",-0.0663618226350412
"chr5-0729",0.110295746482097
"chr5-0730",-0.006241996154645
"chr5-0731",0.0365465761932765
"chr5-0732",-0.0506834914502857
"chr5-0733",0.200385328606987
"chr5-0734",0.132505845082963
"chr5-0735",-0.137264910500299
"chr5-0736",-0.0817206317032683
"chr5-0737",0.124496420674192
"chr5-0738",0.0628010770184947
"chr5-0739",0.0830102102080911
"chr5-0740",0.0741473286168816
"chr5-0741",0.089026404173046
"chr5-0742",0.0537266910901746
"chr5-0743",-0.107418238193026
"chr5-0744",0.0339354875576397
"chr5-0745",0.116357440215468
"chr5-0746",-0.117728996227452
"chr5-0747",0.00337183519932307
"chr5-0748",-0.135124963300262
"chr5-0749",-0.0111487154199059
"chr5-0750",0.0948548861261927
"chr5-0751",0.0518927109587536
"chr5-0752",0.146653060167209
"chr5-0753",0.0942933382371504
"chr5-0754",0.16783846090386
"chr5-0755",0.157615863461287
"chr5-0756",0.033492309508742
"chr5-0757",0.0862797690732751
"chr5-0758",0.0734415811200532
"chr5-0759",0.0878021555298518
"chr5-0760",-0.0219165674406571
"chr5-0761",0.0220888251751723
"chr5-0762",0.112254128693118
"chr5-0763",0.208105541600625
"chr5-0764",0.0938438950417563
"chr5-0765",0.122636843210925
"chr5-0766",-0.0608266286430357
"chr5-0767",0.135049022229935
"chr5-0768",0.0704192635369165
"chr5-0769",0.0332754874135418
"chr5-0770",0.22261720251587
"chr5-0771",0.101866764800071
"chr5-0772",0.0204824576694962
"chr5-0773",-0.0512309691798144
"chr5-0774",0.00355197020953069
"chr5-0775",0.28789340768182
"chr5-0776",-0.0363492342834292
"chr5-0777",-0.110941742090471
"chr5-0778",-0.0086736776223642
"chr5-0779",-0.0938798993483162
"chr5-0780",-0.226481621861882
"chr5-0781",0.00112408480684961
"chr5-0782",-0.0376215013569087
"chr5-0783",0.146887147492837
"chr5-0784",0.113564355911804
"chr5-0785",-0.0501565071581449
"chr5-0786",-0.0762391870058912
"chr5-0787",-0.0326914899847082
"chr5-0788",-0.385766802094326
"chr5-0789",-0.032783781016412
"chr5-0790",0.245155486984302
"chr5-0791",0.149388441950131
"chr5-0792",0.117266218270494
"chr5-0793",0.0993897003226256
"chr5-0794",-0.0209464591900385
"chr5-0795",-0.0801846011405418
"chr5-0796",-0.155208148179253
"chr5-0797",0.0199702359330285
"chr5-0798",-0.0238040968064368
"chr5-0799",-0.0683703214225564
"chr5-0800",-0.156388446344659
"chr5-0801",-0.260320363733966
"chr5-0802",-0.0672427885252802
"chr5-0803",0.223454873548116
"chr5-0804",-0.126870934912449
"chr5-0805",0.0966512173015867
"chr5-0806",-0.0158570240751379
"chr5-0807",0.127290698634764
"chr5-0808",-0.0329266316966242
"chr5-0809",0.00161313253980532
"chr5-0810",0.0156796887297968
"chr5-0811",0.140249128041782
"chr5-0812",0.234116881395234
"chr5-0813",0.120910914238379
"chr5-0814",0.0290641468374276
"chr5-0815",0.235748575147255
"chr5-0816",-0.0627763051688914
"chr5-0817",-0.0517404055414542
"chr5-0818",-0.110651103848779
"chr5-0819",-0.141257987920352
"chr5-0820",-0.108759804744317
"chr5-0821",-0.116979820343782
"chr5-0822",-0.141429168812715
"chr5-0823",-0.0574882147270701
"chr5-0824",0.185713274240423
"chr5-0825",0.25417276815399
"chr5-0826",0.15948432490745
"chr5-0827",0.257543802578402
"chr5-0828",0.146923667323371
"chr5-0829",0.183127091789259
"chr5-0830",0.0818781858881673
"chr5-0831",-0.107935653161765
"chr5-0832",0.279288859562834
"chr5-0833",0.169115695696779
"chr5-0834",0.121357867379671
"chr5-0835",0.225777337405786
"chr5-0836",0.107892048482374
"chr5-0837",0.0941695172295155
"chr5-0838",-0.0129143677335475
"chr5-0839",0.0862690494036898
"chr5-0840",0.1603486997073
"chr5-0841",0.0945294800994437
"chr5-0842",0.138320403425587
"chr5-0843",0.0527479670543711
"chr5-0844",0.0975494733635418
"chr5-0845",0.109537802211924
"chr5-0846",0.246992907430802
"chr5-0847",0.0242975596632656
"chr5-0848",-0.0605120149713412
"chr5-0849",0.0259025259670919
"chr5-0850",-0.00777310131936072
"chr5-0851",-0.00276294901592782
"chr5-0852",0.0613717226281573
"chr5-0853",-0.0623260630855382
"chr5-0854",0.0172479328318672
"chr5-0855",-0.00648507630218217
"chr5-0856",0.0744312085335684
"chr5-0857",0.117376734955731
"chr5-0858",-0.387034579018108
"chr5-0859",0.210472574266272
"chr5-0860",-8.65758928078533e-05
"chr5-0861",0.0681152436449136
"chr5-0862",0.24102018581756
"chr5-0863",0.0659180145297572
"chr5-0864",0.234320828202995
"chr5-0865",0.133029005450209
"chr5-0866",0.106599752590492
"chr5-0867",0.170987215422955
"chr5-0868",0.134388877868276
"chr5-0869",0.0385976886288551
"chr5-0870",0.177591525263104
"chr5-0871",0.15400001864104
"chr5-0872",0.246237184377612
"chr5-0873",0.190888700259791
"chr5-0874",-0.026807998947026
"chr5-0875",0.199216873169387
"chr5-0876",0.08689263830898
"chr5-0877",0.238377478624877
"chr5-0878",0.0516937146691485
"chr5-0879",-0.0172016753326304
"chr5-0880",-0.109833608372096
"chr5-0881",0.0360046547788511
"chr5-0882",0.139760298823352
"chr5-0883",0.0083588840670968
"chr5-0884",0.130093581428725
"chr5-0885",0.0724357433119598
"chr5-0886",0.171888430369882
"chr5-0887",0.0221134292867954
"chr5-0888",0.331134563672133
"chr5-0889",0.310045002558347
"chr5-0890",0.220753868916555
"chr5-0891",-0.0647079416286478
"chr5-0892",0.171807443355992
"chr5-0893",0.153977559090306
"chr5-0894",0.109600738529687
"chr5-0895",0.161717673405991
"chr5-0896",0.283103692993298
"chr5-0897",0.124140848639575
"chr5-0898",0.1642584086236
"chr5-0899",0.113255701975247
"chr5-0900",0.163750387500326
"chr5-0901",0.0977167220147317
"chr5-0902",0.235975327724779
"chr5-0903",0.0885955046236671
"chr5-0904",0.01444201100455
"chr5-0905",0.194997609893999
"chr5-0906",-0.0445115353673007
"chr5-0907",0.13227782961877
"chr5-0908",0.00679970977186536
"chr5-0909",0.0540124812602694
"chr5-0910",-0.0957653066647444
"chr5-0911",-0.00494143422162354
"chr5-0912",-0.0341921517839063
"chr5-0913",0.122281520917818
"chr5-0914",-0.0577455624685208
"chr5-0915",0.0305600967349286
"chr5-0916",-0.0615991792580889
"chr5-0917",0.0515574678534696
"chr5-0918",0.124599407551333
"chr5-0919",0.0435440721205451
"chr5-0920",0.123426680208454
"chr5-0921",0.106866342620242
"chr5-0922",-0.077721047369917
"chr5-0923",0.0607614048338847
"chr5-0924",0.0295806801822056
"chr5-0925",-0.0149819361916285
"chr5-0926",-0.130509470209752
"chr5-0927",0.0817203617838922
"chr5-0928",0.0646388312172722
"chr5-0929",-0.0674014707395421
"chr5-0930",-0.0273845023363202
"chr5-0931",0.0949802515994217
"chr5-0932",0.123620298900488
"chr5-0933",-0.032453888566601
"chr5-0934",-0.0210210696788148
"chr5-0935",0.163989141599204
"chr5-0936",-0.0714365289195356
"chr5-0937",-0.0666120774823838
"chr5-0938",0.0589227729204198
"chr5-0939",0.202068271593147
"chr5-0940",0.0643049615007432
"chr5-0941",-0.054988485438812
"chr5-0942",-0.173172175187075
"chr5-0943",0.0143934418964382
"chr5-0944",0.0868933658923167
"chr5-0945",-0.0301202486505189
"chr5-0946",0.163523629791192
"chr5-0947",0.0445964464734453
"chr5-0948",-0.029607272084703
"chr5-0949",0.109890909410535
"chr5-0950",0.152432115586261
"chr5-0951",0.14092499796205
"chr5-0952",0.160990264127192
"chr5-0953",-0.0318538841335326
"chr5-0954",0.104898193417306
"chr5-0955",0.0859770737678641
"chr5-0956",0.1173230577668
"chr5-0957",0.0882623686587003
"chr5-0958",-0.075105852604506
"chr5-0959",0.116024161468798
"chr5-0960",-0.0302943804293678
"chr5-0961",-0.0835587270564697
"chr5-0962",-0.099669946281069
"chr5-0963",0.0159923469628017
"chr5-0964",-0.0668825136003001
"chr5-0965",0.0637881025228715
"chr5-0966",0.0677136618439074
"chr5-0967",0.202938185558618
"chr5-0968",0.172524620111512
"chr5-0969",0.313298598309416
"chr5-0970",-0.0375756927665827
"chr5-0971",-0.233381889236801
"chr5-0972",-0.372002789290482
"chr5-0973",0.0255712374310895
"chr5-0974",0.134233432814249
"chr5-0975",0.207678564096986
"chr5-0976",0.101178000474233
"chr5-0977",0.0791719859105517
"chr5-0978",0.144632458598791
"chr5-0979",0.0438442271602377
"chr5-0980",0.108043884994757
"chr5-0981",-0.0123458397405705
"chr5-0982",-0.154292908419921
"chr5-0983",0.478211420130827
"chr5-0984",0.307812475627722
"chr5-0985",0.272800661707271
"chr5-0986",0.217350053819213
"chr5-0987",0.351262073786658
"chr5-0988",0.199546645197404
"chr5-0989",0.248638858479337
"chr5-0990",0.257831113648104
"chr5-0991",0.112302706795486
"chr5-0992",0.163243460799663
"chr5-0993",-0.00985233813641138
"chr5-0994",0.0822008302037942
"chr5-0995",0.0773429773187695
"chr5-0996",0.00295265695119335
"chr5-0997",0.00702603110251572
"chr5-0998",-0.103155460065127
"chr5-0999",-0.049448620101682
"chr5-1000",-0.193060364300975
"chr5-1001",-0.0155129703540673
"chr5-1002",0.0599287038902343
"chr5-1003",0.0587558319898214
"chr5-1004",0.233533780322004
"chr5-1005",0.159850545940595
"chr5-1006",0.11308455409999
"chr5-1007",0.218631791107968
"chr5-1008",0.0589887237964871
"chr5-1009",0.198375262588053
"chr5-1010",0.12251343535129
"chr5-1011",0.0164058126871786
"chr5-1012",0.270338698276444
"chr5-1013",0.0663878120878368
"chr5-1014",-0.0478653140166293
"chr5-1015",0.181325955827846
"chr5-1016",0.227394484542432
"chr5-1017",0.239305244855445
"chr5-1018",0.0789537448193649
"chr5-1019",0.203031761758637
"chr5-1020",0.189761749724955
"chr5-1021",0.276005075439237
"chr5-1022",0.00392739291743337
"chr5-1023",0.13097222794658
"chr5-1024",0.248992245227032
"chr5-1025",0.0772071676871692
"chr5-1026",0.362435693539521
"chr5-1027",0.162847492912334
"chr5-1028",0.137735487472712
"chr5-1029",0.187690716635943
"chr5-1030",-0.000126351366241166
"chr5-1031",-0.0155025829495736
"chr5-1032",-0.0476243155361571
"chr5-1033",-0.134052507361492
"chr5-1034",-0.00126816511706519
"chr5-1035",-0.0766661405265069
"chr5-1036",0.0649799472829914
"chr5-1037",0.041449299215655
"chr5-1038",0.0724920873886223
"chr5-1039",0.0260689892934947
"chr5-1040",0.198780679192008
"chr5-1041",0.0832602205618567
"chr5-1042",0.110446187000567
"chr5-1043",0.215455650199724
"chr5-1044",0.0402851050196877
"chr5-1045",0.0870639793417472
"chr5-1046",0.124090354436997
"chr5-1047",0.122827000226561
"chr5-1048",0.100189766743991
"chr5-1049",0.0567146112338071
"chr5-1050",-0.0579431049175039
"chr5-1051",0.19808215645785
"chr5-1052",-0.111871097685222
"chr5-1053",-0.0173729191516253
"chr5-1054",0.234035527400273
"chr5-1055",0.0912386257028742
"chr5-1056",0.178818914586196
"chr5-1057",0.0965536808307529
"chr5-1058",0.0677370858023202
"chr5-1059",0.113579331685485
"chr5-1060",0.14147493823866
"chr5-1061",0.00229079148244702
"chr5-1062",-0.0271560742642138
"chr5-1063",-0.0752870255154338
"chr5-1064",-0.0402959750763464
"chr5-1065",0.0852058932701565
"chr5-1066",0.14790630474077
"chr5-1067",0.118844576509215
"chr5-1068",0.219684883656532
"chr5-1069",0.0567238467887844
"chr5-1070",0.0710370111138775
"chr5-1071",0.0270344973245342
"chr5-1072",0.0768893225258067
"chr5-1073",-0.0275106141711715
"chr5-1074",0.111776660774285
"chr5-1075",0.090664465065619
"chr5-1076",-0.0309558063239152
"chr5-1077",-0.110472305347569
"chr5-1078",-0.209810800464908
"chr5-1079",0.14319941359728
"chr5-1080",-0.00501117846931724
"chr5-1081",0.0118641310625884
"chr5-1082",-0.115294011236246
"chr5-1083",0.104538703320873
"chr5-1084",0.0549540316702462
"chr5-1085",0.058562435460214
"chr5-1086",0.123772048246076
"chr5-1087",0.0317108293002405
"chr5-1088",0.0357162006252146
"chr5-1089",0.00222873464008646
"chr5-1090",0.0437583451032706
"chr5-1091",0.0558219015909199
"chr5-1092",0.155115562685996
"chr5-1093",0.0538090615558449
"chr5-1094",0.0998447139382536
"chr5-1095",0.0536823155222634
"chr5-1096",-0.0138012682719915
"chr5-1097",0.0714730209660529
"chr5-1098",0.0351822193238444
"chr5-1099",0.245453535148503
"chr5-1100",0.0550119766832686
"chr5-1101",-0.0787996684154355
"chr5-1102",0.0124868846207072
"chr5-1103",-0.068918191531137
"chr5-1104",0.190885988765126
"chr5-1105",0.00522241833441184
"chr5-1106",-0.00498470982920163
"chr5-1107",0.0528059033376061
"chr5-1108",0.0848502965879681
"chr5-1109",0.0632655511957899
"chr5-1110",0.0332279683662745
"chr5-1111",0.066882804300419
"chr5-1112",0.0180815924295074
"chr5-1113",0.0413599331061717
"chr5-1114",-0.154891771196598
"chr5-1115",-0.0565688490794064
"chr5-1116",-0.134887425192991
"chr5-1117",-0.0831226729326939
"chr5-1118",0.00165607536456469
"chr5-1119",0.19497307322439
"chr5-1120",0.0904734071546826
"chr5-1121",0.00986999631357526
"chr5-1122",-0.150321268554934
"chr5-1123",0.0406089937617561
"chr5-1124",0.103404620364829
"chr5-1125",0.114361965442258
"chr5-1126",0.0586741129851739
"chr5-1127",-0.147240324445163
"chr5-1128",0.0459364423945487
"chr5-1129",0.0309105390188849
"chr5-1130",0.0633967907105955
"chr5-1131",0.116259186949588
"chr5-1132",-0.0348531112235832
"chr5-1133",-0.154528773699657
"chr5-1134",-0.0018676132542623
"chr5-1135",0.140022840976417
"chr5-1136",0.157917242413476
"chr5-1137",0.0801455353450017
"chr5-1138",0.0946948382798596
"chr5-1139",0.0431772473043231
"chr5-1140",0.152394921407589
"chr5-1141",0.00305939514542116
"chr5-1142",0.124621103791433
"chr5-1143",0.0704116642505288
"chr5-1144",-0.0789876913320641
"chr5-1145",-0.110100252567337
"chr5-1146",-0.0311312764611456
"chr5-1147",-0.232862768835148
"chr5-1148",-0.0128184622844282
"chr5-1149",-0.0725931895393438
"chr5-1150",-0.152774032576027
"chr5-1151",0.0534747463807717
"chr5-1152",0.0463570250844047
"chr5-1153",-0.111408060164025
"chr5-1154",-0.0559019536536415
"chr5-1155",-0.0861948709469116
"chr5-1156",-0.0293152787819453
"chr5-1157",-0.0262104080086087
"chr5-1158",0.189002988895321
"chr5-1159",-0.0310875779920721
"chr5-1160",-0.240181514970561
"chr5-1161",0.0649473851615478
"chr5-1162",0.0775506203258406
"chr5-1163",-0.01557523295596
"chr5-1164",0.0143183648903596
"chr5-1165",0.107572040593997
"chr5-1166",0.00137518398937533
"chr5-1167",-0.042146104303419
"chr5-1168",0.0530588332599147
"chr5-1169",0.122546941830028
"chr5-1170",0.095235806529604
"chr5-1171",-0.0253800282323103
"chr5-1172",0.0575243573957848
"chr5-1173",-0.0357964522942868
"chr5-1174",-0.036308184554379
"chr5-1175",0.067859575498639
"chr5-1176",-0.0609557407909358
"chr5-1177",-0.222603098548177
"chr5-1178",0.0351264010809633
"chr5-1179",0.0611128061009302
"chr5-1180",0.122414899392538
"chr5-1181",0.186153848292876
"chr5-1182",-0.191458141927808
"chr5-1183",0.0689155167602707
"chr5-1184",-0.0336826201463102
"chr5-1185",0.289444609581779
"chr5-1186",0.0677210184141239
"chr5-1187",-0.10526152667378
"chr5-1188",0.0787017514106791
"chr5-1189",0.107983602178049
"chr5-1190",0.161862576382989
"chr5-1191",0.089429062647311
"chr5-1192",0.133837233700917
"chr5-1193",-0.124389535926588
"chr5-1194",-0.0120227842356847
"chr5-1195",0.0177268866282675
"chr5-1196",0.0630244849873357
"chr5-1197",0.10598599872826
"chr5-1198",0.00306299528797949
"chr5-1199",0.0989794086271877
"chr5-1200",0.129151982732125
"chr5-1201",0.096053855586982
"chr5-1202",0.139280837426343
"chr5-1203",0.00967868274405218
"chr5-1204",0.00998385258107396
"chr5-1205",0.0909318419896268
"chr5-1206",-0.204205526479912
"chr5-1207",-0.0254314462046317
"chr5-1208",0.0567394459950104
"chr5-1209",-0.100201943004527
"chr5-1210",0.120732884059186
"chr6-0001",-0.0732198174970963
"chr6-0002",0.025633300792178
"chr6-0003",-0.00573557225310052
"chr6-0004",-0.0184935904847476
"chr6-0005",0.100211908045434
"chr6-0006",0.108713642775006
"chr6-0007",0.206894179649351
"chr6-0008",0.301632254331114
"chr6-0009",0.16609855773821
"chr6-0010",-0.117075022038073
"chr6-0011",0.104380794990242
"chr6-0012",0.0614798041387717
"chr6-0013",0.110349956345973
"chr6-0014",0.138899732681727
"chr6-0015",0.116235251369651
"chr6-0016",-0.0295194704713511
"chr6-0017",-0.0262676136588103
"chr6-0018",0.0631614436099184
"chr6-0019",0.0834813671005379
"chr6-0020",-0.0625717882592474
"chr6-0021",-0.0389074416932705
"chr6-0022",0.181321301874439
"chr6-0023",0.0668406870190405
"chr6-0024",-0.00695893475104261
"chr6-0025",0.237358307718774
"chr6-0026",0.175194620427787
"chr6-0027",-0.00653864039776977
"chr6-0028",0.115396230027124
"chr6-0029",0.0479013500174709
"chr6-0030",0.0580376771222883
"chr6-0031",-0.218623636533706
"chr6-0032",0.105938024242817
"chr6-0033",0.0451729433161858
"chr6-0034",-0.0232675467727267
"chr6-0035",-0.0203003207170481
"chr6-0036",0.0224403324952969
"chr6-0037",-0.0178752836182205
"chr6-0038",-0.272964108561134
"chr6-0039",-0.0337664610720538
"chr6-0040",0.0142859915387407
"chr6-0041",0.116109559810635
"chr6-0042",-0.0246407581991122
"chr6-0043",-0.0756527586392761
"chr6-0044",0.0279038603704147
"chr6-0045",0.0600835130397712
"chr6-0046",0.0718943442281911
"chr6-0047",0.0563379056830095
"chr6-0048",-0.156749490540783
"chr6-0049",0.0453447328918755
"chr6-0050",0.0447509238430952
"chr6-0051",0.103286010792533
"chr6-0052",-0.0127945405918413
"chr6-0053",0.0195099481632683
"chr6-0054",0.0969196978814717
"chr6-0055",-0.0548189410363666
"chr6-0056",0.0156435326234103
"chr6-0057",0.254955396778861
"chr6-0058",0.0702363523567574
"chr6-0059",0.0732279766329099
"chr6-0060",-0.0797214979295982
"chr6-0061",0.0835152974728303
"chr6-0062",-0.00164600574770726
"chr6-0063",-0.249107030553624
"chr6-0064",0.0650176070623081
"chr6-0065",-0.00981830971126649
"chr6-0066",0.213398103047717
"chr6-0067",-0.0869192705121727
"chr6-0068",-0.0032225413233137
"chr6-0069",0.000952400784172317
"chr6-0070",-0.0126998933883612
"chr6-0071",0.174443258905155
"chr6-0072",0.089963409812989
"chr6-0073",0.0318412070058227
"chr6-0074",-0.115692666760577
"chr6-0075",-0.00405599639440928
"chr6-0076",0.0211569249793799
"chr6-0077",0.00586428395689774
"chr6-0078",-0.0638558441755653
"chr6-0079",0.0209791669002828
"chr6-0080",-0.120693755282195
"chr6-0081",-0.082578801627307
"chr6-0082",0.0100725164560008
"chr6-0083",-0.0735074987712851
"chr6-0084",0.198627510931874
"chr6-0085",0.0575405562324742
"chr6-0086",0.0943733105964514
"chr6-0087",-0.128487235594579
"chr6-0088",0.0559234675105321
"chr6-0089",-0.0843663328795356
"chr6-0090",-0.270331395449264
"chr6-0091",0.111342619742138
"chr6-0092",-0.00795196379202671
"chr6-0093",0.0472321181173309
"chr6-0094",0.0885853204928182
"chr6-0095",0.0699501135505712
"chr6-0096",-0.0970563383346084
"chr6-0097",-0.0283313841079088
"chr6-0098",-0.0735751702830366
"chr6-0099",0.0216519257276963
"chr6-0100",0.150586386083922
"chr6-0101",0.144488542485329
"chr6-0102",0.0735972686462697
"chr6-0103",-0.121299524444306
"chr6-0104",0.0800872150863058
"chr6-0105",-0.0260313363102539
"chr6-0106",-0.110271759577119
"chr6-0107",-0.0246193520545604
"chr6-0108",-0.076656036588308
"chr6-0109",0.16657124268025
"chr6-0110",0.0139964230561299
"chr6-0111",-0.0732827190098125
"chr6-0112",0.0469088213288276
"chr6-0113",-0.295855832599476
"chr6-0114",-0.0206390092943301
"chr6-0115",-0.109286558713952
"chr6-0116",-0.0227369968327099
"chr6-0117",0.109038176000848
"chr6-0118",0.0494402013831001
"chr6-0119",0.0740483629415744
"chr6-0120",0.0880733172244107
"chr6-0121",-0.0987330652820858
"chr6-0122",0.136843354387961
"chr6-0123",0.0613303930472067
"chr6-0124",0.196356208368444
"chr6-0125",0.232547345316706
"chr6-0126",-0.0500866735899507
"chr6-0127",0.0171930617206074
"chr6-0128",-0.091468340165834
"chr6-0129",0.0787111179646345
"chr6-0130",0.0793324954303835
"chr6-0131",-0.14428754355487
"chr6-0132",-0.0329357072434762
"chr6-0133",0.0779159565938736
"chr6-0134",0.0823131626312302
"chr6-0135",0.0678154554328148
"chr6-0136",-0.0965770528721994
"chr6-0137",0.0108294160120527
"chr6-0138",0.0765593965556436
"chr6-0139",0.0556675564916306
"chr6-0140",-0.0125188994716721
"chr6-0141",0.0969445843399566
"chr6-0142",0.0941938457248168
"chr6-0143",0.039512929616058
"chr6-0144",-0.0184397263241465
"chr6-0145",0.0468951281066076
"chr6-0146",0.0873559664367114
"chr6-0147",0.052712840217936
"chr6-0148",-0.0121701488439264
"chr6-0149",0.0479402526617796
"chr6-0150",0.00557216954776327
"chr6-0151",-0.012622768161463
"chr6-0152",-0.18824611927161
"chr6-0153",0.300176719171544
"chr6-0154",-0.0784955665840949
"chr6-0155",0.102040431165008
"chr6-0156",0.229691695939234
"chr6-0157",0.0631648048049595
"chr6-0158",0.147660970891674
"chr6-0159",0.0879321277711028
"chr6-0160",0.159713072742647
"chr6-0161",-0.0169742123448346
"chr6-0162",-0.077414320633401
"chr6-0163",0.0262896994661133
"chr6-0164",-0.0866695708390906
"chr6-0165",0.138198773219223
"chr6-0166",0.103876253955266
"chr6-0167",0.0618340097013324
"chr6-0168",0.164745565975922
"chr6-0169",0.174475368817478
"chr6-0170",0.0629764840495645
"chr6-0171",0.0565222927238477
"chr6-0172",0.020734057020513
"chr6-0173",0.20424144237648
"chr6-0174",-0.148030091866831
"chr6-0175",0.102488727905638
"chr6-0176",0.0534904867332138
"chr6-0177",-0.0168073151136381
"chr6-0178",-0.178956814833501
"chr6-0179",-0.0602710312459526
"chr6-0180",-0.065829093172826
"chr6-0181",-0.0689939015414458
"chr6-0182",-0.0320315583046862
"chr6-0183",-0.0143867623730814
"chr6-0184",0.0185161614514
"chr6-0185",0.152344059432098
"chr6-0186",0.101034882601856
"chr6-0187",0.125596337780402
"chr6-0188",0.120225691228536
"chr6-0189",0.0324264941345796
"chr6-0190",-0.00396356221444856
"chr6-0191",0.0678846500835644
"chr6-0192",0.074440704006615
"chr6-0193",0.0575012005414715
"chr6-0194",-0.0153899474301667
"chr6-0195",0.0454040233035918
"chr6-0196",-0.469381350815395
"chr6-0197",-0.0714549805626907
"chr6-0198",-0.0521871873501417
"chr6-0199",0.0900249425210699
"chr6-0200",0.122862933543373
"chr6-0201",-0.050677968372472
"chr6-0202",0.159969525866142
"chr6-0203",0.308985593039532
"chr6-0204",0.0771599994874097
"chr6-0205",-0.000722201149008708
"chr6-0206",0.0275055319513781
"chr6-0207",-0.0469166817510865
"chr6-0208",0.0605033691225977
"chr6-0209",0.128980573615656
"chr6-0210",0.0542713479686809
"chr6-0211",-0.164856921346823
"chr6-0212",0.0581266253459692
"chr6-0213",-0.0460779181083384
"chr6-0214",0.144735298936439
"chr6-0215",0.133969167412603
"chr6-0216",0.0010488622977244
"chr6-0217",0.0742124586550498
"chr6-0218",0.0361550209229131
"chr6-0219",0.0782241043660459
"chr6-0220",0.100812357013021
"chr6-0221",0.0955589183675734
"chr6-0222",0.129088392468582
"chr6-0223",0.0622092961900746
"chr6-0224",-0.0618838104221144
"chr6-0225",0.00426435019246687
"chr6-0226",-0.00769588169550841
"chr6-0227",-0.158001456559087
"chr6-0228",0.095466494439803
"chr6-0229",0.10709334242186
"chr6-0230",-0.0787565315730493
"chr6-0231",-0.150003976553374
"chr6-0232",-0.0773201655843548
"chr6-0233",0.0526645755456112
"chr6-0234",-0.165508182453024
"chr6-0235",-0.0218856488369402
"chr6-0236",0.0566507791298695
"chr6-0237",-0.0323463690139412
"chr6-0238",-0.0507825703077981
"chr6-0239",0.0147542659340498
"chr6-0240",-0.0518582843703338
"chr6-0241",-0.204161531606725
"chr6-0242",-0.127595963898463
"chr6-0243",0.0792794779702242
"chr6-0244",-0.026976590676409
"chr6-0245",-0.0814063614528704
"chr6-0246",0.106034363950945
"chr6-0247",-0.0736834444151848
"chr6-0248",-0.25781166908589
"chr6-0249",0.00596203867462672
"chr6-0250",-0.0129088078678594
"chr6-0251",-0.0611631389318525
"chr6-0252",-0.0273064414296965
"chr6-0253",0.00261422092854087
"chr6-0254",-0.00391437863549514
"chr6-0255",-0.0728928467921695
"chr6-0256",-0.201713554819523
"chr6-0257",-0.18312672790447
"chr6-0258",-0.13374050186862
"chr6-0259",-0.0323675241610721
"chr6-0260",-0.126777826072894
"chr6-0261",-0.183606915618593
"chr6-0262",-0.1585176630046
"chr6-0263",-0.121924723961052
"chr6-0264",-0.0342520667268564
"chr6-0265",-0.0794569599534676
"chr6-0266",-0.101047808049111
"chr6-0267",-0.0829769690361059
"chr6-0268",0.0619468010837695
"chr6-0269",-0.0865563373967237
"chr6-0270",0.00584640274892471
"chr6-0271",0.0933065960454708
"chr6-0272",0.119750434418173
"chr6-0273",-0.064282350634594
"chr6-0274",-0.101292701938052
"chr6-0275",-0.139751631889314
"chr6-0276",-0.0989521097692331
"chr6-0277",-0.048106929957447
"chr6-0278",0.0639628789652022
"chr6-0279",-0.261932599758337
"chr6-0280",-0.105761748612171
"chr6-0281",-0.169208462903165
"chr6-0282",-0.274527583522906
"chr6-0283",0.0231164730025643
"chr6-0284",-0.0882317557275689
"chr6-0285",-0.0489658745843735
"chr6-0286",0.027008616468762
"chr6-0287",-0.0665422341592418
"chr6-0288",0.00626886804776401
"chr6-0289",-0.177827746491987
"chr6-0290",-0.0106074784050018
"chr6-0291",0.0639536665267189
"chr6-0292",-0.0571599369834448
"chr6-0293",-0.179180887286555
"chr6-0294",-0.103374841959362
"chr6-0295",-0.0918162618939909
"chr6-0296",-0.101571326695363
"chr6-0297",-0.0991523622197646
"chr6-0298",-0.181142774172176
"chr6-0299",-0.0227292151711372
"chr6-0300",0.0210877129585061
"chr6-0301",-0.227909188357546
"chr6-0302",-0.0467762654786606
"chr6-0303",-0.0508078814495257
"chr6-0304",-0.0365107580793851
"chr6-0305",0.0236340753276543
"chr6-0306",-0.0392165503840908
"chr6-0307",-0.0259547400245101
"chr6-0308",0.29320551796508
"chr6-0309",0.248133189507439
"chr6-0310",-0.108214881212862
"chr6-0311",-0.165907303702792
"chr6-0312",-0.112125241490159
"chr6-0313",-0.341719293011378
"chr6-0314",0.0341540374384843
"chr6-0315",0.180699353215524
"chr6-0316",-0.144447203765075
"chr6-0317",-0.126239227430596
"chr6-0318",-0.0830740505049477
"chr6-0319",0.0157856694701988
"chr6-0320",-0.0770105705172628
"chr6-0321",-0.0500645138859996
"chr6-0322",-0.109970141438916
"chr6-0323",-0.0582546061769382
"chr6-0324",-0.0510587424918193
"chr6-0325",-0.108072461377696
"chr6-0326",-0.212501986541818
"chr6-0327",-0.0600366903815739
"chr6-0328",-0.419573010656533
"chr6-0329",-0.130251433787716
"chr6-0330",-0.0638171502127
"chr6-0331",-0.153009853403468
"chr6-0332",-0.180382730311617
"chr6-0333",-0.178028168719828
"chr6-0334",-0.103940136199483
"chr6-0335",-0.205983101909831
"chr6-0336",-0.223106692741015
"chr6-0337",0.0223026328633611
"chr6-0338",0.0577787101012797
"chr6-0339",-0.0746541318077079
"chr6-0340",-0.0748372415901957
"chr6-0341",-0.225272726883016
"chr6-0342",-0.122214382995784
"chr6-0343",-0.314057619072977
"chr6-0344",-0.175752540057246
"chr6-0345",-0.135208526866852
"chr6-0346",-0.09410395944441
"chr6-0347",-0.362004201875567
"chr6-0348",-0.391201702840588
"chr6-0349",0.05519076065582
"chr6-0350",-0.225910436036326
"chr6-0351",-0.0172376586581913
"chr6-0352",-0.0536305087045185
"chr6-0353",-0.150775472973333
"chr6-0354",-0.0260850639748245
"chr6-0355",-0.0470024559907166
"chr6-0356",-0.0409860031400587
"chr6-0357",-0.191924453802944
"chr6-0358",-0.0935810054239589
"chr6-0359",-0.231177841141211
"chr6-0360",-0.0533136524369752
"chr6-0361",-0.073235429170628
"chr6-0362",-0.14402726499593
"chr6-0363",-0.0944614985037118
"chr6-0364",-0.0984815142813304
"chr6-0365",-0.0220527690914155
"chr6-0366",-0.048977578065352
"chr6-0367",-0.155200831654553
"chr6-0368",-0.437699769774795
"chr6-0369",-0.139271727233335
"chr6-0370",-0.0489196306284063
"chr6-0371",-0.00844031347270623
"chr6-0372",-0.14643981884569
"chr6-0373",0.0315480596651466
"chr6-0374",0.0245770240471586
"chr6-0375",-0.187625993437515
"chr6-0376",0.0242165312724815
"chr6-0377",-0.231194556292461
"chr6-0378",-0.0921698652077471
"chr6-0379",-0.0087191892803272
"chr6-0380",-0.127199186148852
"chr6-0381",-0.179676559832735
"chr6-0382",-0.10097402359844
"chr6-0383",-0.158569119309094
"chr6-0384",-0.359810557988746
"chr6-0385",0.0822876052020715
"chr6-0386",0.077563601343061
"chr6-0387",-0.227531921133621
"chr6-0388",-1.08347756758541
"chr6-0389",0.196991146144143
"chr6-0390",-0.304999441020908
"chr6-0391",0.538318343930357
"chr6-0392",-0.00921831102851129
"chr6-0393",-0.0542731406828684
"chr6-0394",-0.0875766041171944
"chr6-0395",-0.0710072581525534
"chr6-0396",0.0157364251071083
"chr6-0397",0.0367301563791817
"chr6-0398",-0.131290834573321
"chr6-0399",-0.119452835260003
"chr6-0400",-0.0393891964169828
"chr6-0401",-0.202367036272163
"chr6-0402",-0.0601280055656566
"chr6-0403",0.0209050497383773
"chr6-0404",0.126940633041137
"chr6-0405",-0.166225794567013
"chr6-0406",-0.372317700876202
"chr6-0407",-0.0576032415609248
"chr6-0408",0.00133139132533289
"chr6-0409",0.0272061412987951
"chr6-0410",-0.0768918393954648
"chr6-0411",-0.194406007200601
"chr6-0412",0.00962485456730883
"chr6-0413",0.010444879906636
"chr6-0414",-0.467168925239604
"chr6-0415",-0.0969588080630671
"chr6-0416",-0.0328281124067259
"chr6-0417",-0.00333548757725517
"chr6-0418",-0.0589992173589669
"chr6-0419",-0.224720791815934
"chr6-0420",-0.28351371820499
"chr6-0421",-0.0757269956476262
"chr6-0422",0.0266270229636557
"chr6-0423",-0.159986069937775
"chr6-0424",-0.0630579584919583
"chr6-0425",0.0735779999045937
"chr6-0426",-0.115318002494361
"chr6-0427",0.0475236031219652
"chr6-0428",-0.06671724998234
"chr6-0429",-0.149882115230153
"chr6-0430",-0.283688567190578
"chr6-0431",0.070299712130877
"chr6-0432",-0.0124538443604754
"chr6-0433",-0.0497303955313443
"chr6-0434",0.0449719946147068
"chr6-0435",-0.106370557028684
"chr6-0436",-0.0179039749716773
"chr6-0437",-0.0457433979335198
"chr6-0438",-0.123707111799955
"chr6-0439",0.076446610690565
"chr6-0440",-0.0561444586493214
"chr6-0441",-0.111657934076824
"chr6-0442",-0.166948486660097
"chr6-0443",-0.0970734724583048
"chr6-0444",-0.0137346556074075
"chr6-0445",-0.00869090460182813
"chr6-0446",0.022456640708634
"chr6-0447",0.0736062394197435
"chr6-0448",-0.0961010028809564
"chr6-0449",0.148371251208978
"chr6-0450",0.028815676692853
"chr6-0451",0.0416606130073342
"chr6-0452",-0.0391046016989135
"chr6-0453",0.141780488389991
"chr6-0454",-0.314110970658818
"chr6-0455",0.0934967635038857
"chr6-0456",-0.175061101285902
"chr6-0457",-0.142485410223674
"chr6-0458",-0.0937092449254961
"chr6-0459",-0.0395937648527447
"chr6-0460",-0.0363853897847338
"chr6-0461",-0.0153228648463407
"chr6-0462",0.113640064532341
"chr6-0463",0.0264722927194707
"chr6-0464",-0.194533162066232
"chr6-0465",-0.139348420415936
"chr6-0466",0.0057425232010337
"chr6-0467",-0.0828224800612164
"chr6-0468",0.0095593988858263
"chr6-0469",-0.102683963590295
"chr6-0470",-0.218218368145866
"chr6-0471",0.12422201731981
"chr6-0472",-0.251602437473346
"chr6-0473",-0.260265358921612
"chr6-0474",0.0636342919109329
"chr6-0475",0.202951166869793
"chr6-0476",-0.0768972976643328
"chr6-0477",-0.0678865609293311
"chr6-0478",-0.105458650941673
"chr6-0479",0.071085780634533
"chr6-0480",-0.0771533631845611
"chr6-0481",0.0643764251264694
"chr6-0482",-0.00670350555498213
"chr6-0483",-0.08404818272777
"chr6-0484",-0.0420071700640554
"chr6-0485",0.0264711977500005
"chr6-0486",0.0285179483643569
"chr6-0487",0.0742096092250877
"chr6-0488",-0.241635564143887
"chr6-0489",-0.0263678458383948
"chr6-0490",0.0367160172247698
"chr6-0491",0.120838200126145
"chr6-0492",0.0813402798171173
"chr6-0493",0.0906914336496707
"chr6-0494",-0.0192369946668372
"chr6-0495",-0.0212369036147548
"chr6-0496",0.115375393953124
"chr6-0497",-0.0308014637398415
"chr6-0498",0.115259632693216
"chr6-0499",-0.178296727032194
"chr6-0500",-0.14976320742307
"chr6-0501",0.0539761299995933
"chr6-0502",-0.119826728586439
"chr6-0503",-0.0477966976666472
"chr6-0504",0.054356947081186
"chr6-0505",0.0161937724795704
"chr6-0506",-0.0851519281107068
"chr6-0507",-0.170877103812446
"chr6-0508",-0.0661539448602683
"chr6-0509",-0.0480359356304516
"chr6-0510",0.0650988386780172
"chr6-0511",-0.0343874783329773
"chr6-0512",0.115693651336853
"chr6-0513",-0.0288758177852296
"chr6-0514",-0.16730469551179
"chr6-0515",-0.0413502342844828
"chr6-0516",0.0332713235365202
"chr6-0517",-0.0211984201867785
"chr6-0518",-0.0243119936409599
"chr6-0519",-0.077846596612585
"chr6-0520",-0.0824493808985447
"chr6-0521",0.0139601119280511
"chr6-0522",0.038387810624669
"chr6-0523",-0.150233533513842
"chr6-0524",-0.0218280706532247
"chr6-0525",-0.0508951217117404
"chr6-0526",0.0157021672590683
"chr6-0527",-0.097098823170186
"chr6-0528",0.0351080844020287
"chr6-0529",-0.208456415065672
"chr6-0530",-0.0498307963566267
"chr6-0531",-0.101146647311752
"chr6-0532",-0.145410261246019
"chr6-0533",-0.181470698009362
"chr6-0534",-0.108280419754329
"chr6-0535",0.0651662135647247
"chr6-0536",0.0382215328140299
"chr6-0537",0.0322673700491815
"chr6-0538",-0.0266975011971321
"chr6-0539",-0.115612530030069
"chr6-0540",-0.0467642408744165
"chr6-0541",-0.372971564181102
"chr6-0542",0.00470562593818312
"chr6-0543",-0.280980265584701
"chr6-0544",-0.000632178195715658
"chr6-0545",0.0299293520770523
"chr6-0546",0.0224996432920892
"chr6-0547",-0.00114764670095974
"chr6-0548",0.149163417668043
"chr6-0549",0.0414746437500308
"chr6-0550",0.0131268926920233
"chr6-0551",-0.0809623339247876
"chr6-0552",-0.00221481452409302
"chr6-0553",-0.152221297711984
"chr6-0554",-0.224076639972844
"chr6-0555",-0.0936410947565279
"chr6-0556",-0.0974674209445514
"chr6-0557",0.0821798377468769
"chr6-0558",-0.0803339072461583
"chr6-0559",-0.0570268436554788
"chr6-0560",-0.171435994759953
"chr6-0561",-0.0931160455011587
"chr6-0562",0.0117698072667357
"chr6-0563",0.0981525829810978
"chr6-0564",0.0904183073020837
"chr6-0565",-0.101791554469145
"chr6-0566",0.0543110803214537
"chr6-0567",-0.0299593886943705
"chr6-0568",-0.0944610499487607
"chr6-0569",0.0812255112709601
"chr6-0570",-0.0960600216390725
"chr6-0571",0.100952398312829
"chr6-0572",0.0119650041520187
"chr6-0573",0.0460008663720287
"chr6-0574",-0.0434731086938979
"chr6-0575",0.0349345617508597
"chr6-0576",-0.133794731562701
"chr6-0577",0.0135554764425195
"chr6-0578",0.143419679573536
"chr6-0579",0.0641895850501696
"chr6-0580",0.188318362419179
"chr6-0581",0.211233814450705
"chr6-0582",0.0801555029935597
"chr6-0583",0.172811301277356
"chr6-0584",0.0790690751633351
"chr6-0585",0.0522621640834968
"chr6-0586",0.0718057258347507
"chr6-0587",-0.0201167298611297
"chr6-0588",0.151585304679189
"chr6-0589",0.341032152908373
"chr6-0590",0.0143509972734205
"chr6-0591",-0.0573859038264198
"chr6-0592",-0.0267771559115273
"chr6-0593",0.247665615744812
"chr6-0594",0.0125314607300084
"chr6-0595",0.0255498004180855
"chr6-0596",-0.0290582119501035
"chr6-0597",0.0740629390031979
"chr6-0598",0.0458334633000002
"chr6-0599",0.0194708454313661
"chr6-0600",0.131352308014577
"chr6-0601",0.0568445523197857
"chr6-0602",0.238693405125704
"chr6-0603",-0.0165066729363548
"chr6-0604",0.11911544086092
"chr6-0605",0.198606222439365
"chr6-0606",0.0942807323211945
"chr6-0607",0.186135413838307
"chr6-0608",0.0132229803754037
"chr6-0609",0.126040604756611
"chr6-0610",0.177067644647127
"chr6-0611",0.220468364514521
"chr6-0612",-0.0650014418592624
"chr6-0613",0.20570763277331
"chr6-0614",0.174395060596239
"chr6-0615",-0.14067806989147
"chr6-0616",0.0279611474320826
"chr6-0617",0.0478292133629827
"chr6-0618",-0.00539300208215449
"chr6-0619",0.0729605683441433
"chr6-0620",-0.0297047531126792
"chr6-0621",0.0724509118301485
"chr6-0622",0.0148372771872165
"chr6-0623",0.123477535276661
"chr6-0624",-0.0350832760055375
"chr6-0625",-0.0401825863685328
"chr6-0626",0.003964337260375
"chr6-0627",0.148920561129078
"chr6-0628",0.0860184174488248
"chr6-0629",0.160236592359019
"chr6-0630",0.0292493969616724
"chr6-0631",0.239295790021531
"chr6-0632",0.175842929956847
"chr6-0633",0.159656233713164
"chr6-0634",0.115200245839713
"chr6-0635",0.154148050285754
"chr6-0636",-0.0560134923468969
"chr6-0637",0.125154868312283
"chr6-0638",0.147937891218987
"chr6-0639",0.183122544334157
"chr6-0640",0.0760772251773572
"chr6-0641",0.176015707995876
"chr6-0642",0.134452382323622
"chr6-0643",0.263330828687126
"chr6-0644",0.250398720899411
"chr6-0645",0.00839678041205507
"chr6-0646",0.0355495543215632
"chr6-0647",0.165197168876838
"chr6-0648",0.0475903346882611
"chr6-0649",0.187894881876697
"chr6-0650",-0.0350301700827333
"chr6-0651",-0.0149396497751411
"chr6-0652",-0.00241094994514483
"chr6-0653",0.00299872401943501
"chr6-0654",-0.0501870730416572
"chr6-0655",0.0639510644498304
"chr6-0656",0.0118519360499524
"chr6-0657",-0.00733219266703733
"chr6-0658",0.221522068571293
"chr6-0659",0.0843725990193277
"chr6-0660",0.279763572692116
"chr6-0661",0.0905281329445864
"chr6-0662",0.102272165092007
"chr6-0663",0.0243759547087526
"chr6-0664",0.270004173522259
"chr6-0665",0.010152820582668
"chr6-0666",0.271434556700935
"chr6-0667",-0.0179778116009785
"chr6-0668",0.0957074163008953
"chr6-0669",0.159361104648485
"chr6-0670",0.133211597629519
"chr6-0671",-0.0104944656449375
"chr6-0672",0.144840895466985
"chr6-0673",-0.191308088392972
"chr6-0674",0.0948579500947564
"chr6-0675",0.0576441367108412
"chr6-0676",-0.0784372245038969
"chr6-0677",0.0681968094306954
"chr6-0678",0.111133521741235
"chr6-0679",0.0768797815032073
"chr6-0680",0.190489803463169
"chr6-0681",0.0994829790602089
"chr6-0682",0.295827366216685
"chr6-0683",0.280640788051361
"chr6-0684",-0.0102709236208595
"chr6-0685",0.174982763566008
"chr6-0686",0.0316306694912164
"chr6-0687",-0.226483714182988
"chr6-0688",-0.0835771983445212
"chr6-0689",-0.232429119625895
"chr6-0690",0.0696325469163153
"chr6-0691",-0.315263552337237
"chr6-0692",-0.526329345223178
"chr6-0693",-0.0860466237838506
"chr6-0694",0.162066572397269
"chr6-0695",0.126070989475708
"chr6-0696",0.157900446245634
"chr6-0697",0.146765057404331
"chr6-0698",0.0476197731982005
"chr6-0699",-0.000740262949469287
"chr6-0700",0.032060563135429
"chr6-0701",0.209873668403721
"chr6-0702",-0.00438652301649867
"chr6-0703",-0.00186149353326254
"chr6-0704",-0.112441502338061
"chr6-0705",0.00195116978692203
"chr6-0706",0.167139116772783
"chr6-0707",-0.0711450491225219
"chr6-0708",0.0812248361335565
"chr6-0709",0.162167530949713
"chr6-0710",0.101562791246478
"chr6-0711",0.0751018870850559
"chr6-0712",0.181579386865658
"chr6-0713",0.0928132204487344
"chr6-0714",0.196635869909642
"chr6-0715",0.0191349155301778
"chr6-0716",0.0905026406566528
"chr6-0717",0.109059939202905
"chr6-0718",0.177836321158152
"chr6-0719",0.146838276712257
"chr6-0720",0.321043259757715
"chr6-0721",-0.07784421940138
"chr6-0722",0.107359199553496
"chr6-0723",0.16354175619986
"chr6-0724",0.173017066364549
"chr6-0725",-0.00122660106326979
"chr6-0726",0.280102083992301
"chr6-0727",0.132478718480837
"chr6-0728",0.213216115411132
"chr6-0729",0.00899691334588524
"chr6-0730",0.129603856613271
"chr6-0731",-0.0339247939975637
"chr6-0732",-0.00675340569864798
"chr6-0733",0.399492341558752
"chr6-0734",0.147536668512149
"chr6-0735",-0.0732059953210725
"chr6-0736",0.167129390445044
"chr6-0737",0.120625448396665
"chr6-0738",0.00667158302021245
"chr6-0739",0.03297968653238
"chr6-0740",0.0476224437562914
"chr6-0741",-0.0244553677371705
"chr6-0742",-0.0432974095953712
"chr6-0743",-0.018563341018022
"chr6-0744",0.157675445199042
"chr6-0745",-0.471837415083459
"chr6-0746",-0.173627155232025
"chr6-0747",-0.129413919305121
"chr6-0748",-0.164091518276918
"chr6-0749",-0.099108356677889
"chr6-0750",0.0362027793515601
"chr6-0751",-0.0205013453416973
"chr6-0752",0.0823762489631803
"chr6-0753",0.123877842365672
"chr6-0754",0.0218814335892543
"chr6-0755",-0.0618749222292309
"chr6-0756",0.128216902864073
"chr6-0757",-0.100384925581133
"chr6-0758",0.121528073053567
"chr6-0759",0.00294969527616031
"chr6-0760",0.0202632869851519
"chr6-0761",0.0405365193591873
"chr6-0762",-0.492959220865085
"chr6-0763",-0.328227312880325
"chr6-0764",-0.1529107885548
"chr6-0765",0.108792979244765
"chr6-0766",0.228006388998799
"chr6-0767",0.189049877861074
"chr6-0768",0.246607516132618
"chr6-0769",-0.0595631878372345
"chr6-0770",0.118863667529506
"chr6-0771",0.186178478379604
"chr6-0772",0.385661484444293
"chr6-0773",0.151481790564005
"chr6-0774",0.060053846783908
"chr6-0775",0.198458937353388
"chr6-0776",0.118777807719234
"chr6-0777",0.235937360071553
"chr6-0778",0.108007780087473
"chr6-0779",-0.116903972451176
"chr6-0780",0.0959251526507138
"chr6-0781",0.263396307133133
"chr6-0782",0.174711227250776
"chr6-0783",-0.035223979669242
"chr6-0784",0.0770928057572704
"chr6-0785",0.0298621354190174
"chr6-0786",0.0124912918323452
"chr6-0787",0.272319152174841
"chr6-0788",-0.237719052725214
"chr6-0789",0.0879360087067539
"chr6-0790",-0.034630207969953
"chr6-0791",-0.028191072550387
"chr6-0792",0.108427678153284
"chr6-0793",-0.0996193941160993
"chr6-0794",0.200851160747429
"chr6-0795",0.0712200018202386
"chr6-0796",0.086494551306418
"chr6-0797",0.189939912024594
"chr6-0798",0.0774486023589813
"chr6-0799",0.0404060948099507
"chr6-0800",0.367454054699085
"chr6-0801",0.114636144848566
"chr6-0802",0.195083983880602
"chr6-0803",0.213935696228252
"chr6-0804",-0.0455630431871874
"chr6-0805",0.105825882531395
"chr6-0806",0.0285480861330637
"chr6-0807",0.2163408621437
"chr6-0808",0.214056863877915
"chr6-0809",0.0731456020865664
"chr6-0810",0.0190144907633358
"chr6-0811",0.215646481410275
"chr6-0812",-0.0271475326323983
"chr6-0813",0.134807265193916
"chr6-0814",0.0805564459589197
"chr6-0815",0.00487932279890773
"chr6-0816",-0.0558785032308309
"chr6-0817",-0.0753819499747914
"chr6-0818",-0.0592272594352667
"chr6-0819",-0.0466846759242583
"chr6-0820",0.0378733807279673
"chr6-0821",0.298784234387292
"chr6-0822",0.181797335007758
"chr6-0823",-0.0190582029306462
"chr6-0824",-0.126899891435682
"chr6-0825",0.068530065936201
"chr6-0826",-0.0178832093355868
"chr6-0827",0.0272768623982185
"chr6-0828",0.0214341651972552
"chr6-0829",0.105201609107091
"chr6-0830",0.0315396986433526
"chr6-0831",-0.043170970826861
"chr6-0832",0.133952958687712
"chr6-0833",-0.0273367405913681
"chr6-0834",0.154205491735386
"chr6-0835",0.109973393950372
"chr6-0836",0.0183177158786509
"chr6-0837",0.112054818841407
"chr6-0838",0.294528063004164
"chr6-0839",0.102799881439868
"chr6-0840",0.0400589333627823
"chr6-0841",0.0535247016790621
"chr6-0842",0.0175139718423222
"chr6-0843",0.0576463865086352
"chr6-0844",0.0496154757931957
"chr6-0845",0.0184923952093768
"chr6-0846",-0.0212703602668314
"chr6-0847",-0.00881105322145742
"chr6-0848",-0.11286936436492
"chr6-0849",-0.114640247698848
"chr6-0850",-0.155672955398047
"chr6-0851",-0.0505212223740883
"chr6-0852",-0.0203495406923665
"chr6-0853",-0.00194478854796295
"chr6-0854",0.0881846776636953
"chr6-0855",-0.0698124188500171
"chr6-0856",-0.19109081248597
"chr6-0857",-0.246571730935565
"chr6-0858",0.0339917991304622
"chr6-0859",-0.0711028403678988
"chr6-0860",0.246377627882456
"chr6-0861",0.119343221262821
"chr6-0862",0.00732712382169227
"chr6-0863",0.214424820074812
"chr6-0864",0.133880681974785
"chr6-0865",0.0284191989449536
"chr6-0866",0.158977198183974
"chr6-0867",0.10273855320796
"chr6-0868",0.0671915721667196
"chr6-0869",0.100163659145133
"chr6-0870",0.230158083159273
"chr6-0871",0.0687250012550354
"chr6-0872",0.169708534335459
"chr6-0873",0.0915134803879986
"chr6-0874",0.076909546180986
"chr6-0875",0.200733303921142
"chr6-0876",0.172983308200008
"chr6-0877",0.185911534807465
"chr6-0878",0.140485449350427
"chr6-0879",0.0556809149453952
"chr6-0880",-0.0392228233158071
"chr6-0881",0.208949444122008
"chr6-0882",0.366375473860315
"chr6-0883",0.0403449513311821
"chr6-0884",0.0565651658597547
"chr6-0885",0.20918775974455
"chr6-0886",0.0899287188190892
"chr6-0887",0.0431373965469704
"chr6-0888",-0.255665887435031
"chr6-0889",-0.129717583244712
"chr6-0890",-0.046241149204213
"chr6-0891",0.224401369914474
"chr6-0892",0.0600643180454775
"chr6-0893",0.0433054057234543
"chr6-0894",0.109594883228894
"chr6-0895",0.141329509726902
"chr6-0896",-0.00878130317706223
"chr6-0897",0.0869026509829269
"chr6-0898",0.0133846767586194
"chr6-0899",0.127691255350562
"chr6-0900",0.191850756991744
"chr6-0901",0.101384093469662
"chr6-0902",0.17241064408306
"chr6-0903",0.227572691498664
"chr6-0904",0.145793448179678
"chr6-0905",0.326452081568631
"chr6-0906",-0.139934996934912
"chr6-0907",-0.0462772318554382
"chr6-0908",0.168984237534253
"chr6-0909",0.0565239954477928
"chr6-0910",0.141273271605034
"chr6-0911",0.106995522449603
"chr6-0912",0.0985377922019065
"chr6-0913",0.187674350432095
"chr6-0914",0.0384377980688188
"chr6-0915",0.129955014613072
"chr6-0916",0.133524579003382
"chr6-0917",0.18645720293929
"chr6-0918",0.176027968244976
"chr6-0919",-0.13626506177531
"chr6-0920",0.101308047730205
"chr6-0921",0.125550804695401
"chr6-0922",0.101343813364275
"chr6-0923",0.24491620124206
"chr6-0924",0.28123979394519
"chr6-0925",0.144736059441043
"chr6-0926",0.152563295170859
"chr6-0927",0.0984346308387775
"chr6-0928",0.0888766379257396
"chr6-0929",0.214022013490833
"chr6-0930",0.12951506988099
"chr6-0931",0.229423374880044
"chr6-0932",-0.0343685132897077
"chr6-0933",0.197750984358489
"chr6-0934",0.0500220488019207
"chr6-0935",0.271565357065519
"chr6-0936",0.24040594311108
"chr6-0937",0.0690623201156693
"chr6-0938",0.116380923744586
"chr6-0939",0.29161692941623
"chr6-0940",0.101436852263621
"chr6-0941",-0.021857445861585
"chr6-0942",0.200395994193841
"chr6-0943",0.229129513786584
"chr6-0944",0.0601491555172285
"chr6-0945",0.0395202199585742
"chr6-0946",0.0766073604303463
"chr6-0947",0.0752633447624935
"chr6-0948",0.138053472702554
"chr6-0949",0.11102654085232
"chr6-0950",0.0841443493253067
"chr6-0951",0.253424095582901
"chr6-0952",0.338072415639194
"chr6-0953",0.111789697055229
"chr6-0954",0.111341753310088
"chr6-0955",0.204461179783923
"chr6-0956",-0.00626402337519404
"chr6-0957",0.205017762183118
"chr6-0958",0.183566025780054
"chr6-0959",0.0589903092664575
"chr6-0960",0.126458525286776
"chr6-0961",-0.184762555785812
"chr6-0962",0.213372101213888
"chr6-0963",0.092460768800659
"chr6-0964",-0.192879923637438
"chr6-0965",-0.191043248033801
"chr6-0966",0.0311641751722308
"chr6-0967",0.205837490431875
"chr6-0968",0.205143119991618
"chr6-0969",0.194712801219907
"chr6-0970",0.115916612224819
"chr6-0971",0.0251580029484429
"chr6-0972",0.216007982527576
"chr6-0973",0.0859554242976215
"chr6-0974",-0.0898072691862677
"chr6-0975",0.0157855001911644
"chr6-0976",0.0591462029304684
"chr6-0977",0.0536828606459201
"chr6-0978",0.167710147985417
"chr6-0979",0.0124465950386915
"chr6-0980",0.136693564533376
"chr6-0981",-0.0134809458667072
"chr6-0982",0.151071782210147
"chr6-0983",0.151580684916345
"chr6-0984",0.183130272801571
"chr6-0985",0.0456441434979914
"chr6-0986",0.321867515530213
"chr6-0987",0.0864461683518879
"chr6-0988",-0.067830329003829
"chr6-0989",0.0684220967872247
"chr6-0990",0.211222266271203
"chr6-0991",0.127406219887239
"chr6-0992",-0.131774138728868
"chr6-0993",-0.113858747980839
"chr6-0994",-0.00385830357682842
"chr6-0995",0.180150637993999
"chr6-0996",0.123961848896451
"chr6-0997",0.0306860398180008
"chr6-0998",0.166922849026147
"chr6-0999",0.0237889100473347
"chr6-1000",0.245431348877144
"chr6-1001",0.00153876398279579
"chr6-1002",0.146218069126305
"chr6-1003",0.12716923121885
"chr6-1004",0.0752717379229228
"chr6-1005",0.0334434834695022
"chr6-1006",-0.0278175859991714
"chr6-1007",0.019297971791239
"chr6-1008",0.0284048342253547
"chr6-1009",0.139380105902702
"chr6-1010",0.00296520931766628
"chr6-1011",-0.0359200608350928
"chr6-1012",0.203394201708594
"chr6-1013",-0.0712318380416578
"chr6-1014",0.110987698031631
"chr6-1015",0.117552254104218
"chr6-1016",-0.0662723293955273
"chr6-1017",0.123226729273019
"chr6-1018",0.036548182904963
"chr6-1019",0.180823039608579
"chr6-1020",0.303237513974938
"chr6-1021",0.272560405818124
"chr6-1022",0.112874246283906
"chr6-1023",0.182890723638998
"chr6-1024",0.153935744983364
"chr6-1025",0.309459783128874
"chr6-1026",0.206693457720023
"chr6-1027",0.175530587144558
"chr6-1028",0.117308900238537
"chr6-1029",0.0509056971111548
"chr6-1030",0.220987012037834
"chr6-1031",0.159262035773249
"chr6-1032",0.189513929462663
"chr6-1033",0.30412138922622
"chr6-1034",0.1928020217951
"chr6-1035",0.0405518871676246
"chr6-1036",0.35995262259919
"chr6-1037",0.0646312431595735
"chr6-1038",0.0295355723111698
"chr6-1039",-0.0101548959859669
"chr6-1040",0.0109527180699373
"chr6-1041",0.113978771905752
"chr6-1042",-0.0219891118869911
"chr6-1043",0.400438805583545
"chr6-1044",0.242253458897588
"chr6-1045",-0.00119900531292137
"chr6-1046",0.0130334509781145
"chr6-1047",0.067725397069633
"chr6-1048",0.0329300359990849
"chr6-1049",0.132382332278813
"chr6-1050",0.0185491440490704
"chr6-1051",0.208205416731106
"chr6-1052",0.181816071326486
"chr6-1053",0.207450108629003
"chr6-1054",0.228275960769653
"chr6-1055",0.0494961574964919
"chr6-1056",-0.00752966171443034
"chr6-1057",0.0318743511810068
"chr6-1058",0.189878782907736
"chr6-1059",0.186993393178593
"chr6-1060",0.248888213942771
"chr6-1061",0.286288755059328
"chr6-1062",0.106237015298814
"chr6-1063",0.125922675778143
"chr6-1064",0.130960579523858
"chr6-1065",0.0738446310694998
"chr6-1066",-0.0776885298569829
"chr6-1067",0.210360353011759
"chr6-1068",0.122258201262676
"chr6-1069",0.0630035839772546
"chr6-1070",0.174495124723187
"chr6-1071",0.119767113951843
"chr6-1072",0.028821754659883
"chr6-1073",0.150041478767728
"chr6-1074",0.165338450816762
"chr6-1075",0.109453116886141
"chr6-1076",0.216321202033321
"chr6-1077",0.0492722486771745
"chr6-1078",0.131490915094891
"chr6-1079",-0.181045144404585
"chr6-1080",0.0915988884781677
"chr6-1081",-0.247146907307763
"chr6-1082",0.133088968666596
"chr6-1083",0.100486434514313
"chr6-1084",-0.0627167141168835
"chr6-1085",0.00342663032192806
"chr6-1086",-0.0955881831461237
"chr6-1087",0.00936959192977479
"chr6-1088",-0.0574253605020273
"chr6-1089",0.0179243334524134
"chr6-1090",0.091848769424019
"chr6-1091",-0.0132648158896204
"chr6-1092",-0.00351954849076256
"chr6-1093",0.0298679013467144
"chr6-1094",0.00090110243722572
"chr6-1095",0.0554512903755226
"chr6-1096",0.0109193953870272
"chr6-1097",-0.0209002871306092
"chr6-1098",-0.0015386257727795
"chr6-1099",-0.143205516171246
"chr6-1100",0.0288636734022916
"chr6-1101",-0.10537943948464
"chr6-1102",-0.140045740924174
"chr6-1103",0.0432328565176315
"chr6-1104",-0.0400414841867713
"chr6-1105",-0.174053995992647
"chr6-1106",0.0115792498365048
"chr6-1107",0.0929068800339089
"chr6-1108",0.0800079874770198
"chr6-1109",0.121861378618748
"chr6-1110",0.0295571282391373
"chr6-1111",0.0575869646553286
"chr6-1112",0.194316742117843
"chr6-1113",0.0495750988413594
"chr6-1114",0.057462928886605
"chr6-1115",0.153451956566291
"chr6-1116",0.0246611444496685
"chr6-1117",-0.0967669672652038
"chr6-1118",0.225870269193635
"chr6-1119",0.0432916659042581
"chr6-1120",-0.201309513051432
"chr6-1121",0.13477863571444
"chr6-1122",0.199440523223084
"chr6-1123",0.0520444316878321
"chr6-1124",-0.0162376860095155
"chr6-1125",-0.00247077253119585
"chr6-1126",0.0336782274255129
"chr6-1127",0.023675158120583
"chr6-1128",0.144534276814302
"chr6-1129",0.174397349666716
"chr6-1130",0.11597419153629
"chr6-1131",0.243555553651426
"chr6-1132",0.148438317194871
"chr6-1133",0.0224425930831587
"chr6-1134",0.230296895450312
"chr6-1135",0.0809275394947801
"chr6-1136",0.0313140248075003
"chr6-1137",0.231217054173031
"chr6-1138",0.256339139048688
"chr6-1139",0.139360199143556
"chr6-1140",-0.0858520085697691
"chr6-1141",0.104701877161966
"chr6-1142",0.00273590908232691
"chr6-1143",0.150615600012875
"chr6-1144",-0.00964590832521886
"chr6-1145",0.0794861155273126
"chr6-1146",0.172690703419283
"chr6-1147",0.100220544577123
"chr6-1148",0.161982652645695
"chr6-1149",0.0174315069716368
"chr6-1150",0.105185488135021
"chr6-1151",0.00670971181692412
"chr6-1152",0.10834651942096
"chr6-1153",-0.133057352942105
"chr6-1154",0.0179659799030979
"chr6-1155",0.146786254524717
"chr6-1156",0.00656291864776308
"chr6-1157",0.0148564307945224
"chr6-1158",0.0728734880611097
"chr6-1159",-0.0462223735862713
"chr6-1160",-0.0796355539801679
"chr6-1161",-0.0879817768004671
"chr6-1162",0.0417273856926653
"chr6-1163",0.0135837261447691
"chr6-1164",0.138502637917484
"chr6-1165",0.0856453783400039
"chr6-1166",-0.0522937720640669
"chr6-1167",0.120121096715162
"chr6-1168",0.137429030543365
"chr6-1169",-0.0532567265416644
"chr6-1170",0.305127850695385
"chr6-1171",-0.0164117281702265
"chr6-1172",0.0663397931118725
"chr6-1173",0.207502257738078
"chr6-1174",-0.0742235210974409
"chr6-1175",0.0261810926926331
"chr6-1176",0.156064883232824
"chr6-1177",0.220956570663773
"chr6-1178",0.200494509991258
"chr6-1179",0.0638277855731669
"chr6-1180",-0.0209328593791297
"chr6-1181",-0.00664467497068462
"chr6-1182",0.0676845065422994
"chr6-1183",-0.0332123333163
"chr6-1184",0.0657739733372102
"chr6-1185",0.107772756446457
"chr6-1186",0.172068147616415
"chr6-1187",0.162160994427615
"chr6-1188",0.0314810198217475
"chr6-1189",0.104219192609268
"chr6-1190",0.0733522694949475
"chr6-1191",0.30036559906057
"chr6-1192",-0.00618444895302627
"chr6-1193",0.25575742236385
"chr6-1194",0.0284306658973724
"chr6-1195",0.227367225346886
"chr6-1196",-0.0689928553939975
"chr6-1197",0.11241452448438
"chr6-1198",-0.0948748103857329
"chr6-1199",0.0598511850151939
"chr6-1200",-0.000476511285753817
"chr6-1201",0.243709832391775
"chr6-1202",-0.0207950712260299
"chr6-1203",-0.0649339930712742
"chr6-1204",-0.12058392768516
"chr6-1205",0.138921229014848
"chr6-1206",0.0434111019187246
"chr6-1207",-0.0402889706237923
"chr6-1208",0.145207084947849
"chr6-1209",-0.0623242995083509
"chr6-1210",0.0460219942629043
"chr6-1211",0.120593854570953
"chr6-1212",0.155492247461085
"chr6-1213",0.0615760523988106
"chr6-1214",0.0875460410315122
"chr6-1215",-0.130390585009017
"chr6-1216",0.027816182654848
"chr6-1217",-0.0139332942210991
"chr6-1218",-0.105320573667932
"chr6-1219",0.0307796215345138
"chr6-1220",0.0682303552857256
"chr6-1221",-0.236038229572329
"chr6-1222",0.122813538205701
"chr6-1223",0.0994129778282436
"chr6-1224",0.13262236086735
"chr6-1225",-0.0489166109980521
"chr6-1226",0.0940908785558818
"chr6-1227",0.00920161515783527
"chr6-1228",0.0853762198053819
"chr6-1229",0.0133612841585233
"chr6-1230",0.0829366552901739
"chr6-1231",0.0422319586110978
"chr6-1232",0.0456481211579649
"chr6-1233",0.15073039573309
"chr6-1234",-0.0741507465663436
"chr6-1235",-0.0255480856688413
"chr6-1236",-0.0320303397593865
"chr6-1237",-0.064269527660899
"chr6-1238",-0.067026328796811
"chr6-1239",0.055322430168867
"chr6-1240",0.0164900954745277
"chr6-1241",0.000154720222262352
"chr6-1242",0.114953940003188
"chr6-1243",0.127024280970225
"chr6-1244",-0.0186230422484459
"chr6-1245",0.0782940128894276
"chr6-1246",0.141727821618737
"chr6-1247",0.0197931612296001
"chr6-1248",0.228331351765525
"chr6-1249",0.0999271932881857
"chr6-1250",0.161757825019266
"chr6-1251",0.134821883102162
"chr6-1252",-0.149327970905806
"chr6-1253",-0.122370282452604
"chr6-1254",0.0129953760455708
"chr6-1255",0.0557901503824602
"chr6-1256",0.0817693328158453
"chr6-1257",0.0355944537350317
"chr6-1258",-0.103463436879689
"chr6-1259",0.196169622068296
"chr6-1260",-0.121410877705775
"chr6-1261",0.127709433799674
"chr6-1262",0.150754496970318
"chr6-1263",0.140718524177406
"chr6-1264",0.0164778167368576
"chr6-1265",0.025783843703207
"chr6-1266",-0.00940723427477469
"chr6-1267",0.0558917859972131
"chr6-1268",0.0924824970638318
"chr6-1269",-0.0286163286485502
"chr6-1270",0.165842602378695
"chr6-1271",0.181988417137675
"chr6-1272",0.0640879780626524
"chr6-1273",0.208930595857797
"chr6-1274",-0.0355641248195219
"chr6-1275",0.178163465596163
"chr6-1276",0.250719685941027
"chr6-1277",0.25884851007637
"chr6-1278",0.153322847680014
"chr6-1279",0.116035152713311
"chr6-1280",-0.0266415547605889
"chr6-1281",-0.005115646604766
"chr6-1282",0.172983689686566
"chr6-1283",0.0732668678193331
"chr6-1284",0.0814275908875154
"chr6-1285",0.00773254840556003
"chr6-1286",0.0211530122983687
"chr6-1287",0.105560514818658
"chr6-1288",0.176087649267734
"chr6-1289",0.182592240207034
"chr6-1290",0.12332417450336
"chr6-1291",0.172590058657821
"chr6-1292",0.038594156603624
"chr6-1293",0.0318117388860291
"chr6-1294",-0.0100598001200267
"chr6-1295",0.0862572913447691
"chr6-1296",0.0629741206843377
"chr6-1297",0.0331369257644774
"chr6-1298",0.0282398540692553
"chr6-1299",0.0765767118883359
"chr6-1300",0.0569998221925715
"chr6-1301",0.00968600632679419
"chr6-1302",0.112920065892791
"chr6-1303",0.158172122024201
"chr6-1304",0.183298019921746
"chr6-1305",0.112898553817835
"chr6-1306",0.0813395424852747
"chr6-1307",-0.0339438907080639
"chr6-1308",-0.165654780488922
"chr7-0001",-0.203904726969469
"chr7-0002",-0.188996773214933
"chr7-0003",-0.173458272865804
"chr7-0004",-0.209866883090178
"chr7-0005",-0.304014722678773
"chr7-0006",-0.147727077555336
"chr7-0007",-0.183787108155256
"chr7-0008",-0.115102705186499
"chr7-0009",-0.1563321400513
"chr7-0010",-0.241434928870927
"chr7-0011",-0.304542575947511
"chr7-0012",-0.172288811490472
"chr7-0013",-0.217377641853584
"chr7-0014",-0.340347460804092
"chr7-0015",-0.436472287478915
"chr7-0016",-0.251229410515275
"chr7-0017",-0.402000225657536
"chr7-0018",-0.268492951300122
"chr7-0019",-0.19216949953405
"chr7-0020",-0.263144486431939
"chr7-0021",-0.155820443276457
"chr7-0022",-0.520419064675128
"chr7-0023",-0.326750744810158
"chr7-0024",-0.188282037203634
"chr7-0025",-0.119421098482369
"chr7-0026",-0.254575572701004
"chr7-0027",-0.284314850926962
"chr7-0028",-0.46212463417109
"chr7-0029",-0.250506090070302
"chr7-0030",-0.0754387229889755
"chr7-0031",-0.286208680772058
"chr7-0032",-0.119000931068311
"chr7-0033",-0.293653686046628
"chr7-0034",-0.253672238862572
"chr7-0035",-0.303356753537166
"chr7-0036",-0.289416765143991
"chr7-0037",-0.669579598725876
"chr7-0038",-0.631508572581769
"chr7-0039",-0.350119356679309
"chr7-0040",-0.495493521501961
"chr7-0041",-0.392540716914884
"chr7-0042",-0.303344565511697
"chr7-0043",-0.468969379534828
"chr7-0044",-0.620325399797535
"chr7-0045",-0.42974314171505
"chr7-0046",-0.366421424316263
"chr7-0047",-0.0744774252993361
"chr7-0048",-0.0826894719737143
"chr7-0049",-0.117480375869584
"chr7-0050",-0.293890178591021
"chr7-0051",-0.0691286781307336
"chr7-0052",-0.297415676406054
"chr7-0053",-0.575517571671764
"chr7-0054",-0.326944619093107
"chr7-0055",-0.162500719419962
"chr7-0056",-0.451861859953777
"chr7-0057",-0.221241379216461
"chr7-0058",-0.0920080655157309
"chr7-0059",-0.712402357851153
"chr7-0060",-0.147545977773967
"chr7-0061",-0.0151608427935211
"chr7-0062",-0.233128005273919
"chr7-0063",-0.16651106710002
"chr7-0064",-0.132991060533362
"chr7-0065",-0.169533600091113
"chr7-0066",-0.237344728490418
"chr7-0067",-0.219782008766888
"chr7-0068",-0.164972490500065
"chr7-0069",-0.250744959109893
"chr7-0070",-0.318580185846051
"chr7-0071",-0.182525450136363
"chr7-0072",-0.129338524671592
"chr7-0073",-0.286825742891335
"chr7-0074",-0.217322647126016
"chr7-0075",-0.248441466672021
"chr7-0076",-0.339604286532093
"chr7-0077",-0.217674437313389
"chr7-0078",-0.523479178806137
"chr7-0079",-0.468811811943774
"chr7-0080",-0.394917408561044
"chr7-0081",-0.120141340164566
"chr7-0082",-0.649866349672491
"chr7-0083",-0.364231327799897
"chr7-0084",-0.342704809269821
"chr7-0085",-0.197502739416063
"chr7-0086",-0.224198368413879
"chr7-0087",-0.343930984662734
"chr7-0088",-0.311473284764619
"chr7-0089",-0.196825803885413
"chr7-0090",-0.101509196274265
"chr7-0091",-0.335710793696177
"chr7-0092",-0.367034047139841
"chr7-0093",-0.200721512017633
"chr7-0094",-0.243493453504245
"chr7-0095",-0.359050354388911
"chr7-0096",-0.36820683752884
"chr7-0097",-0.45984991752058
"chr7-0098",-0.637467752393381
"chr7-0099",-0.33578191207359
"chr7-0100",-0.308023596578281
"chr7-0101",-0.560802122148648
"chr7-0102",-0.4352206326992
"chr7-0103",-0.668200493619497
"chr7-0104",-0.401761215852763
"chr7-0105",-0.508252946548019
"chr7-0106",-0.55314602752876
"chr7-0107",-0.316580049232285
"chr7-0108",-0.269252028429672
"chr7-0109",-0.263524955295974
"chr7-0110",-0.248926021382571
"chr7-0111",-0.331540314403847
"chr7-0112",-0.29807230171773
"chr7-0113",-0.322237168530484
"chr7-0114",-0.210533234021212
"chr7-0115",-0.346307045968205
"chr7-0116",-0.289854984487808
"chr7-0117",-0.543139004990597
"chr7-0118",-0.547652874915386
"chr7-0119",-0.407294764266383
"chr7-0120",-0.5048343147433
"chr7-0121",-0.383181268654067
"chr7-0122",-0.25151624917024
"chr7-0123",-0.330962116830088
"chr7-0124",-0.330631613287491
"chr7-0125",-0.325257297201165
"chr7-0126",-0.431341254521648
"chr7-0127",-0.702355408262503
"chr7-0128",-0.399057290565906
"chr7-0129",-0.579797482352977
"chr7-0130",-0.887082313096372
"chr7-0131",-1.14507270032685
"chr7-0132",-0.414240411171702
"chr7-0133",-0.34698922633493
"chr7-0134",-0.213622950708007
"chr7-0135",-0.27689589595347
"chr7-0136",-0.302396638570748
"chr7-0137",-0.28134984483484
"chr7-0138",-0.480107953364605
"chr7-0139",-0.436558490777165
"chr7-0140",-0.502903009263942
"chr7-0141",-0.225805920815942
"chr7-0142",-0.144583496835123
"chr7-0143",-0.71367945189057
"chr7-0144",-0.206397351133171
"chr7-0145",-0.428250551403454
"chr7-0146",-0.393071136311855
"chr7-0147",-0.50115629882615
"chr7-0148",-0.685979760504924
"chr7-0149",-0.36044903023753
"chr7-0150",-0.475046675366704
"chr7-0151",-0.949750382013315
"chr7-0152",-0.292706986173814
"chr7-0153",-0.309772463075249
"chr7-0154",-0.4985142077896
"chr7-0155",-0.716534617240901
"chr7-0156",-0.341430065922078
"chr7-0157",-0.63655126359539
"chr7-0158",-0.54075197693324
"chr7-0159",-0.184972514508493
"chr7-0160",-0.640186397662866
"chr7-0161",-0.510024966010053
"chr7-0162",-0.28193019936685
"chr7-0163",-0.423480085269338
"chr7-0164",-0.244329736948073
"chr7-0165",-0.391024379701993
"chr7-0166",-0.725429733437853
"chr7-0167",-0.431992676669513
"chr7-0168",-0.595535367643882
"chr7-0169",-0.423500640930047
"chr7-0170",-0.502958806942166
"chr7-0171",-0.30334728711587
"chr7-0172",-0.220329823735838
"chr7-0173",-0.319277843238071
"chr7-0174",-0.487173326130112
"chr7-0175",-0.361019615685723
"chr7-0176",-0.369620989852716
"chr7-0177",-0.199358284064938
"chr7-0178",-0.234665755844615
"chr7-0179",-0.244887496781303
"chr7-0180",-0.301672641055162
"chr7-0181",-0.180328327076952
"chr7-0182",-0.231813469230346
"chr7-0183",-0.14942358285616
"chr7-0184",-0.270070469436984
"chr7-0185",-0.272370267574237
"chr7-0186",-0.448036986258781
"chr7-0187",-0.186969555438924
"chr7-0188",-0.643311137606321
"chr7-0189",-0.400127693073357
"chr7-0190",-0.358124454961186
"chr7-0191",-0.139746189419114
"chr7-0192",-0.424967255305204
"chr7-0193",-0.299137330781122
"chr7-0194",-0.236509541884683
"chr7-0195",-0.304413027747914
"chr7-0196",-0.303484642355194
"chr7-0197",-0.359995757756179
"chr7-0198",-0.267729153708024
"chr7-0199",-0.228481811552978
"chr7-0200",-0.454384886811599
"chr7-0201",-0.342589316993583
"chr7-0202",-0.241944065066337
"chr7-0203",-0.198105242911625
"chr7-0204",-0.372926578879044
"chr7-0205",-0.266006267843023
"chr7-0206",-0.342909426068912
"chr7-0207",-0.237772530294418
"chr7-0208",-0.385304240985209
"chr7-0209",-0.306276633399066
"chr7-0210",-0.242754568207876
"chr7-0211",-0.365460807420706
"chr7-0212",-0.251141967569687
"chr7-0213",-0.100604622493689
"chr7-0214",-0.47933941223631
"chr7-0215",-0.303342533212517
"chr7-0216",-0.269385470491071
"chr7-0217",-0.540700635869473
"chr7-0218",-0.137809529523489
"chr7-0219",-0.421038598901816
"chr7-0220",-0.336565298011736
"chr7-0221",-0.375293119444123
"chr7-0222",-0.271026353411575
"chr7-0223",-0.343003240659464
"chr7-0224",-0.461475241985334
"chr7-0225",-0.321348529931118
"chr7-0226",-0.363562821712489
"chr7-0227",-0.551266278635145
"chr7-0228",-0.435584895688054
"chr7-0229",-0.192453519665648
"chr7-0230",-0.454451660739653
"chr7-0231",-0.215751275841681
"chr7-0232",-0.385007771517013
"chr7-0233",-0.306877156907641
"chr7-0234",-0.300081841914557
"chr7-0235",-0.204613242905658
"chr7-0236",-0.372927921219211
"chr7-0237",-0.49973417727983
"chr7-0238",-0.384765586024854
"chr7-0239",-0.433154211981087
"chr7-0240",-0.322826523456235
"chr7-0241",-0.891998676126696
"chr7-0242",-0.464732645607271
"chr7-0243",-0.501659160645073
"chr7-0244",-0.489897553886189
"chr7-0245",-0.382662788080542
"chr7-0246",-0.633841224752643
"chr7-0247",-0.264296632104996
"chr7-0248",-0.322906135329712
"chr7-0249",-0.237748281363487
"chr7-0250",-0.503968929358632
"chr7-0251",-0.318790965142974
"chr7-0252",-0.331901499533288
"chr7-0253",-0.324545998609008
"chr7-0254",-0.259249721321442
"chr7-0255",-0.323834821320409
"chr7-0256",-0.192065429315004
"chr7-0257",-0.350892288390165
"chr7-0258",-0.391811465893095
"chr7-0259",-0.348791550567534
"chr7-0260",-0.15768639885104
"chr7-0261",-0.384460819850765
"chr7-0262",-0.171748548227272
"chr7-0263",-0.255837302413618
"chr7-0264",-0.321514245431241
"chr7-0265",-0.594735378040898
"chr7-0266",-0.235319898221749
"chr7-0267",-0.379234916655585
"chr7-0268",-0.430106434690229
"chr7-0269",-0.14698904322497
"chr7-0270",-0.220171299415271
"chr7-0271",-0.404530136495501
"chr7-0272",-0.395745529159227
"chr7-0273",-0.409405742764248
"chr7-0274",-0.273394750924948
"chr7-0275",-0.174890122735716
"chr7-0276",-0.254418282849885
"chr7-0277",-0.207843511073074
"chr7-0278",-0.145269876079257
"chr7-0279",-0.248611704060469
"chr7-0280",-0.488052882051959
"chr7-0281",-0.211393290189681
"chr7-0282",-0.336373332941315
"chr7-0283",-0.444752651687991
"chr7-0284",-0.291541321335478
"chr7-0285",-0.187472179477909
"chr7-0286",-0.311252717100988
"chr7-0287",-0.284274595372237
"chr7-0288",-0.303318437489695
"chr7-0289",-0.327853338428129
"chr7-0290",-0.418108446760018
"chr7-0291",-0.247133181594321
"chr7-0292",-0.444225551651763
"chr7-0293",-0.32093826858585
"chr7-0294",-0.553079785519311
"chr7-0295",-0.338500220692617
"chr7-0296",-0.29828094074004
"chr7-0297",-0.379150412216662
"chr7-0298",-0.367533151205923
"chr7-0299",-0.00629385507100513
"chr7-0300",-0.306058086546368
"chr7-0301",-0.339055873260447
"chr7-0302",-0.381607570102406
"chr7-0303",-0.156121137852097
"chr7-0304",-0.300617606981576
"chr7-0305",-0.422120449363007
"chr7-0306",-0.236300119080662
"chr7-0307",-0.13330788094074
"chr7-0308",-0.196204389765902
"chr7-0309",-0.371171714539162
"chr7-0310",-0.342680537587177
"chr7-0311",-0.344208785707261
"chr7-0312",-0.147711726046073
"chr7-0313",-0.334376620652528
"chr7-0314",-0.443808990683417
"chr7-0315",-0.335060659269139
"chr7-0316",-0.452857810339522
"chr7-0317",-0.41935178344367
"chr7-0318",-0.345950140088127
"chr7-0319",-0.41925490161021
"chr7-0320",-0.385641050629872
"chr7-0321",-0.368504135634506
"chr7-0322",-0.100519530535696
"chr7-0323",-0.171188894424692
"chr7-0324",-0.403082863529058
"chr7-0325",-0.277432348179777
"chr7-0326",-0.356757520474594
"chr7-0327",-0.39036359855925
"chr7-0328",-0.251247888778413
"chr7-0329",-0.397708149425989
"chr7-0330",-0.314660473602852
"chr7-0331",-0.240276106215234
"chr7-0332",-0.317936448320463
"chr7-0333",-0.161502461942119
"chr7-0334",-0.281352847016608
"chr7-0335",-0.244078045144073
"chr7-0336",-0.224808109323889
"chr7-0337",-0.318793175195239
"chr7-0338",-0.188821927353456
"chr7-0339",-0.277669997510579
"chr7-0340",-0.357466852755359
"chr7-0341",-0.368434222931386
"chr7-0342",-0.360926685624087
"chr7-0343",-0.249948250596537
"chr7-0344",-0.511668570871651
"chr7-0345",-0.247487682486567
"chr7-0346",-0.346573280841179
"chr7-0347",-0.393544387351203
"chr7-0348",-0.60491506949098
"chr7-0349",-0.430961229702549
"chr7-0350",-0.425964827518644
"chr7-0351",-0.237101370074211
"chr7-0352",-0.295927343185314
"chr7-0353",-0.395044047977678
"chr7-0354",-0.372256683091294
"chr7-0355",-0.337908944382275
"chr7-0356",-0.300229142141322
"chr7-0357",-0.508943696208958
"chr7-0358",-0.306259087618747
"chr7-0359",-0.367223636310339
"chr7-0360",-0.270058525446089
"chr7-0361",-0.328744191657484
"chr7-0362",-0.274113119510805
"chr7-0363",-0.323501577688657
"chr7-0364",-0.412676089764699
"chr7-0365",-0.318435895651579
"chr7-0366",-0.212770779347856
"chr7-0367",-0.425745839843
"chr7-0368",-0.30678983144013
"chr7-0369",-0.305129263742269
"chr7-0370",-0.425856988577376
"chr7-0371",-0.358737942812454
"chr7-0372",-0.281916772315909
"chr7-0373",-0.477877501312975
"chr7-0374",-0.418442248946464
"chr7-0375",-0.365985227596878
"chr7-0376",-0.219648714421006
"chr7-0377",-0.355785268047479
"chr7-0378",-0.635323702309545
"chr7-0379",-0.363506366165065
"chr7-0380",-0.548207069318503
"chr7-0381",-0.477485838438615
"chr7-0382",-0.41695849047828
"chr7-0383",-0.362130917102182
"chr7-0384",-0.438226465182685
"chr7-0385",-0.307369711081583
"chr7-0386",-0.219288793923957
"chr7-0387",-0.320227782042122
"chr7-0388",-0.546604651311946
"chr7-0389",-0.234946808845972
"chr7-0390",-0.411823761995734
"chr7-0391",-0.316454294198513
"chr7-0392",-0.198169382179288
"chr7-0393",-0.371153404215387
"chr7-0394",-0.177968444642545
"chr7-0395",-0.281177383993487
"chr7-0396",-0.443974710266378
"chr7-0397",-0.0901681004457666
"chr7-0398",-0.338136261932231
"chr7-0399",-0.337970418389112
"chr7-0400",-0.331457988510199
"chr7-0401",-0.223576313068091
"chr7-0402",-0.351967885865706
"chr7-0403",-0.413824604116175
"chr7-0404",-0.389079126539331
"chr7-0405",-0.440961557515408
"chr7-0406",-0.135625305224439
"chr7-0407",-0.407409057832046
"chr7-0408",-0.471938147142105
"chr7-0409",-0.302033945373277
"chr7-0410",-0.338563358122908
"chr7-0411",-0.159771912037087
"chr7-0412",-0.497411067934824
"chr7-0413",-0.507441686064095
"chr7-0414",-0.595006494552414
"chr7-0415",-0.387986248857238
"chr7-0416",-0.302701249494479
"chr7-0417",-0.335125482575674
"chr7-0418",-0.352323412696186
"chr7-0419",-0.360822940456188
"chr7-0420",-0.522648323101188
"chr7-0421",-0.491794423875436
"chr7-0422",-0.303458024099264
"chr7-0423",-0.205708944261154
"chr7-0424",-0.457463694378458
"chr7-0425",-0.606336134543618
"chr7-0426",-0.542139966111015
"chr7-0427",-0.220664477408316
"chr7-0428",-0.257743482883137
"chr7-0429",-0.269186736294648
"chr7-0430",-0.286168836638204
"chr7-0431",-0.446849644163435
"chr7-0432",-0.371526009861846
"chr7-0433",-0.469116143334495
"chr7-0434",-0.359279747543869
"chr7-0435",-0.246849569240978
"chr7-0436",-0.437030386983446
"chr7-0437",-0.319760577805088
"chr7-0438",-0.350297046809352
"chr7-0439",-0.231911198246505
"chr7-0440",-0.329091466565531
"chr7-0441",-0.514403700562206
"chr7-0442",-0.272746208593714
"chr7-0443",-0.35958602814129
"chr7-0444",-0.200598653401851
"chr7-0445",-0.244184167087947
"chr7-0446",-0.15157480770259
"chr7-0447",-0.296258140544081
"chr7-0448",-0.382942257623527
"chr7-0449",-0.232175469073498
"chr7-0450",-0.437877502053312
"chr7-0451",-0.369683459583693
"chr7-0452",-0.277992779273426
"chr7-0453",-0.523476047085024
"chr7-0454",-0.591782464649429
"chr7-0455",-0.270540620631702
"chr7-0456",-0.393028302063698
"chr7-0457",-0.302372458455647
"chr7-0458",-0.257983132390808
"chr7-0459",-0.445642058795165
"chr7-0460",-0.523199909360855
"chr7-0461",-0.273557624439046
"chr7-0462",-0.355669523070834
"chr7-0463",-0.112807200243539
"chr7-0464",-0.327091076798711
"chr7-0465",-0.290203439721032
"chr7-0466",-0.318580514792777
"chr7-0467",-0.445653298842612
"chr7-0468",-0.202991287358605
"chr7-0469",-0.216662492581885
"chr7-0470",-0.277494372427107
"chr7-0471",-0.447444918943607
"chr7-0472",-0.486400686640371
"chr7-0473",-0.468879154880959
"chr7-0474",-0.292185543865854
"chr7-0475",-0.423055069010382
"chr7-0476",-0.333499957615994
"chr7-0477",-0.267608903931579
"chr7-0478",-0.190071439801545
"chr7-0479",-0.318333322115093
"chr7-0480",-0.323612484403309
"chr7-0481",-0.324674769062537
"chr7-0482",-0.282548149877544
"chr7-0483",-0.346498348453531
"chr7-0484",-0.453769748345403
"chr7-0485",-0.505560066662156
"chr7-0486",-0.124311690068853
"chr7-0487",-0.113298325736624
"chr7-0488",-0.296794928532938
"chr7-0489",-0.221237556516999
"chr7-0490",-0.265190622450485
"chr7-0491",-0.313537163490185
"chr7-0492",-0.167139322799107
"chr7-0493",-0.343166170542666
"chr7-0494",-0.267330487389321
"chr7-0495",-0.312111476498332
"chr7-0496",-0.345117824536646
"chr7-0497",-0.604461036060735
"chr7-0498",-0.724155605136105
"chr7-0499",-0.409626618430524
"chr7-0500",-0.40590712912447
"chr7-0501",-0.659116321337086
"chr7-0502",-0.513792360683017
"chr7-0503",-0.66122870079156
"chr7-0504",-0.510504125038554
"chr7-0505",-0.192858050546033
"chr7-0506",-0.279525303110604
"chr7-0507",-0.31014031969167
"chr7-0508",-0.221087718376952
"chr7-0509",-0.392135639810229
"chr7-0510",-0.197662917643083
"chr7-0511",-0.596024165090143
"chr7-0512",-0.461642437512278
"chr7-0513",-0.215286147112934
"chr7-0514",-0.576064769814832
"chr7-0515",-0.295380323137626
"chr7-0516",-0.402518915241954
"chr7-0517",-0.520884812314241
"chr7-0518",-0.393270501311324
"chr7-0519",-0.398067794264127
"chr7-0520",-0.429983571509037
"chr7-0521",-0.480851997493767
"chr7-0522",-0.417484817350696
"chr7-0523",-0.41076585490317
"chr7-0524",-0.487651355053166
"chr7-0525",-0.464564770115214
"chr7-0526",-0.454327648020489
"chr7-0527",-0.200281412436034
"chr7-0528",-0.578054376396857
"chr7-0529",-0.583253206689917
"chr7-0530",-0.326544168101475
"chr7-0531",-0.713121607519668
"chr7-0532",-0.465087300659992
"chr7-0533",-0.696417806596737
"chr7-0534",-0.511703840557128
"chr7-0535",-0.545602584081197
"chr7-0536",-0.626359484660802
"chr7-0537",-0.522228659010098
"chr7-0538",-0.430009841826381
"chr7-0539",-0.557607924901338
"chr7-0540",-0.435934069606838
"chr7-0541",-0.365301329948809
"chr7-0542",-0.598781899071925
"chr7-0543",-0.272705700219141
"chr7-0544",-0.342261150800484
"chr7-0545",-0.76074208272362
"chr7-0546",-0.695981407818839
"chr7-0547",-0.720306472904997
"chr7-0548",-0.677649532673011
"chr7-0549",-0.376822346497571
"chr7-0550",-0.375279531573898
"chr7-0551",-0.261846971605459
"chr7-0552",-0.349405249428077
"chr7-0553",-0.391571700221717
"chr7-0554",-0.435842195874534
"chr7-0555",-0.255308547524568
"chr7-0556",-0.562987899119081
"chr7-0557",-0.69952207712127
"chr7-0558",-0.414748283581282
"chr7-0559",-0.407851240495535
"chr7-0560",-0.655026735360445
"chr7-0561",-0.278242615104704
"chr7-0562",-0.429546860641143
"chr7-0563",-0.461500889407294
"chr7-0564",-0.433058630852244
"chr7-0565",-0.544924005586854
"chr7-0566",-0.326222782714482
"chr7-0567",-0.338071561810972
"chr7-0568",-0.314103996673813
"chr7-0569",-0.356710498807768
"chr7-0570",-0.678624772607974
"chr7-0571",-0.41703864855519
"chr7-0572",-0.327751170557413
"chr7-0573",-0.225024982370473
"chr7-0574",-0.408902528457843
"chr7-0575",-0.372325633671056
"chr7-0576",-0.570751111704675
"chr7-0577",-0.461666218620892
"chr7-0578",-0.482102037340079
"chr7-0579",-0.451732695676324
"chr7-0580",-0.49532093073804
"chr7-0581",-0.355746740277883
"chr7-0582",-0.716454429768506
"chr7-0583",-0.710445528070952
"chr7-0584",-0.547877148889493
"chr7-0585",-0.471906288217466
"chr7-0586",-0.463121117433011
"chr7-0587",-0.562407782689601
"chr7-0588",-0.745342586892107
"chr7-0589",-0.890878911238802
"chr7-0590",-0.488256504556308
"chr7-0591",-0.419577983647352
"chr7-0592",-0.319139687683074
"chr7-0593",-0.51183597325306
"chr7-0594",-0.410805081760838
"chr7-0595",-0.799600600568767
"chr7-0596",-0.508300703920731
"chr7-0597",-0.780369765100213
"chr7-0598",-0.751709630932854
"chr7-0599",-0.700144384556796
"chr7-0600",-0.426361424057798
"chr7-0601",-0.481523323632967
"chr7-0602",-0.439765504848844
"chr7-0603",-0.307012705059374
"chr7-0604",-0.539852777218962
"chr7-0605",-0.421656723374823
"chr7-0606",-0.59906098713631
"chr7-0607",-0.567513806408589
"chr7-0608",-0.73733096145692
"chr7-0609",-0.256620750273121
"chr7-0610",-0.435400880462447
"chr7-0611",-0.381772548938946
"chr7-0612",-0.168936674721486
"chr7-0613",-0.688259806335738
"chr7-0614",-0.620383595537256
"chr7-0615",-0.436887486508135
"chr7-0616",-0.533709788303268
"chr7-0617",-0.503347592323221
"chr7-0618",-0.435035537683517
"chr7-0619",-0.628620032270043
"chr7-0620",-0.373375475430972
"chr7-0621",-0.289207261834124
"chr7-0622",-0.229611007902321
"chr7-0623",-0.447383633809357
"chr7-0624",-0.221174792494489
"chr7-0625",-0.304029519744356
"chr7-0626",-0.136963445860906
"chr7-0627",-0.426126276342422
"chr7-0628",-0.140888655058591
"chr7-0629",-0.428408835259391
"chr7-0630",-0.336834065123375
"chr7-0631",-0.314649354496863
"chr7-0632",-0.490230436371195
"chr7-0633",-0.241134892656284
"chr7-0634",-0.359360509806771
"chr7-0635",-0.407352095164236
"chr7-0636",-0.160764013430874
"chr7-0637",-0.379285300575123
"chr7-0638",-0.494471649342032
"chr7-0639",-0.207628561116353
"chr7-0640",-0.28515830519501
"chr7-0641",-0.201375971258079
"chr7-0642",-0.221818145792735
"chr7-0643",-0.425207411393244
"chr7-0644",-0.349321248690199
"chr7-0645",-0.423074248261436
"chr7-0646",-0.388740058230388
"chr7-0647",-0.462014313649877
"chr7-0648",-0.113856333022289
"chr7-0649",-0.254631208415974
"chr7-0650",-0.292885657379879
"chr7-0651",-0.131872358993762
"chr7-0652",-0.145322131923995
"chr7-0653",-0.25128173024499
"chr7-0654",-0.131763859652494
"chr7-0655",-0.494275129021632
"chr7-0656",-0.298553309133499
"chr7-0657",-0.264589349655166
"chr7-0658",-0.129580828765572
"chr7-0659",-0.399689718082544
"chr7-0660",-0.241718269855958
"chr7-0661",-0.356426993245808
"chr7-0662",-0.00167993405472569
"chr7-0663",-0.0809070331501955
"chr7-0664",-0.224101192955414
"chr7-0665",-0.345978590410992
"chr7-0666",-0.253492999751372
"chr7-0667",-0.355279027596811
"chr7-0668",-0.133531663722262
"chr7-0669",-0.169254132310056
"chr7-0670",-0.020296590852481
"chr7-0671",-0.422844633647526
"chr7-0672",-0.380047920149709
"chr7-0673",-0.512548343597879
"chr7-0674",-0.260703022399485
"chr7-0675",-0.455468575019202
"chr7-0676",-0.191776645524444
"chr7-0677",-0.537654806549215
"chr7-0678",-0.15235270846427
"chr7-0679",-0.208753803435903
"chr7-0680",-0.251525052423992
"chr7-0681",-0.463939984278114
"chr7-0682",-0.219457787972279
"chr7-0683",-0.39571014253279
"chr7-0684",-0.334722944324219
"chr7-0685",-0.246211865032101
"chr7-0686",-0.346997815101938
"chr7-0687",-0.486403999046172
"chr7-0688",-0.349212954217206
"chr7-0689",-0.340145577568827
"chr7-0690",-0.338981270380736
"chr7-0691",-0.323803905329086
"chr7-0692",-0.349147446062162
"chr7-0693",-0.410544064126207
"chr7-0694",-0.719060589764561
"chr7-0695",-0.256727836184989
"chr7-0696",-0.343694435552469
"chr7-0697",-0.356165577700575
"chr7-0698",-0.337037181781222
"chr7-0699",-0.472157721319538
"chr7-0700",-0.339362924510081
"chr7-0701",-0.38533244299739
"chr7-0702",-0.436829008914164
"chr7-0703",-0.385599110351972
"chr7-0704",-0.132200038547226
"chr7-0705",-0.269149581747094
"chr7-0706",-0.231868998530292
"chr7-0707",-0.319249165998961
"chr7-0708",-0.434295499006505
"chr7-0709",-0.200042901358349
"chr7-0710",-0.318286132279296
"chr7-0711",-0.28372903498942
"chr7-0712",-0.201297591945545
"chr7-0713",-0.348163356193703
"chr7-0714",-0.5123268685225
"chr7-0715",-0.372940702493953
"chr7-0716",-0.222443240789343
"chr7-0717",-0.224225227986933
"chr7-0718",-0.418843081899264
"chr7-0719",-0.39201026829289
"chr7-0720",-0.450933423076992
"chr7-0721",-0.477287250877016
"chr7-0722",-0.554550428610232
"chr7-0723",-0.239583649056419
"chr7-0724",-0.668865653388538
"chr7-0725",-0.254572038268158
"chr7-0726",-0.143135596322402
"chr7-0727",-0.247464144921556
"chr7-0728",-0.331990080951004
"chr7-0729",-0.376960121134739
"chr7-0730",-0.727367331389578
"chr7-0731",-0.601716567176952
"chr7-0732",-0.318308424746545
"chr7-0733",-0.627338848862577
"chr7-0734",-0.381170811004883
"chr7-0735",-0.407381223291406
"chr7-0736",-0.271225699582782
"chr7-0737",-0.192190693891953
"chr7-0738",-0.0782503435336011
"chr7-0739",-0.438410990201919
"chr7-0740",-0.213000135674085
"chr7-0741",-0.560531036093344
"chr7-0742",-0.490839891206611
"chr7-0743",-0.464810480239497
"chr7-0744",-0.519091204314327
"chr7-0745",-0.345465741486743
"chr7-0746",-0.309009059795134
"chr7-0747",-0.506072883023274
"chr7-0748",-0.911159977367917
"chr7-0749",-0.582699693984164
"chr7-0750",-0.498876694277657
"chr7-0751",-0.359722583506834
"chr7-0752",-0.472085574681709
"chr7-0753",-0.422215292659339
"chr7-0754",-0.641282800081212
"chr7-0755",-0.769719466802919
"chr7-0756",-0.534763217112327
"chr7-0757",-0.32494064141612
"chr7-0758",-0.484047402294168
"chr7-0759",-0.397020863089632
"chr7-0760",-0.71345142266185
"chr7-0761",-0.479854396940574
"chr7-0762",-0.273666826234149
"chr7-0763",-0.452344099302053
"chr7-0764",-0.663432177192686
"chr7-0765",-0.412513962236268
"chr7-0766",-0.277176456855452
"chr7-0767",-0.477971520409549
"chr7-0768",-0.247439307589138
"chr7-0769",-0.343083064628161
"chr7-0770",-0.0830087526211882
"chr7-0771",-0.378249520541232
"chr7-0772",-0.423973056176653
"chr7-0773",-0.301951831510774
"chr7-0774",-0.537707391598321
"chr7-0775",-0.19534465541008
"chr7-0776",-0.594791100977172
"chr7-0777",-0.297462692347564
"chr7-0778",-0.492977192527819
"chr7-0779",-0.302203972218136
"chr7-0780",-0.281779293629785
"chr7-0781",-0.474087252303179
"chr7-0782",-0.4125854256644
"chr7-0783",-0.649721066219479
"chr7-0784",-0.36616859614296
"chr7-0785",-0.693642380452753
"chr7-0786",-0.349360098973367
"chr7-0787",-0.328154659373217
"chr7-0788",-0.742509418126466
"chr7-0789",-0.41948681621896
"chr7-0790",-0.593005818573162
"chr7-0791",-0.533755619233618
"chr7-0792",-0.64913058738712
"chr7-0793",-0.47631214707663
"chr7-0794",-0.578756700750841
"chr7-0795",-0.309274507419874
"chr7-0796",-0.535644324158141
"chr7-0797",-0.242277318923721
"chr7-0798",-0.378273208885233
"chr7-0799",-0.409827143883717
"chr7-0800",-0.770148548295715
"chr7-0801",-0.545070691171427
"chr7-0802",-0.504318273442129
"chr7-0803",-0.308569506573418
"chr7-0804",-0.461709387747023
"chr7-0805",-0.470270002331468
"chr7-0806",-0.379886692433504
"chr7-0807",-0.472147203492472
"chr7-0808",-0.469982505589774
"chr7-0809",-0.350180571061575
"chr7-0810",-0.11020769507335
"chr7-0811",-0.571708387863335
"chr7-0812",-0.427857818808462
"chr7-0813",-0.223952728578922
"chr7-0814",-0.387184503959579
"chr7-0815",-0.39885183388065
"chr7-0816",-0.659526931035466
"chr7-0817",-0.269498773153947
"chr7-0818",-0.285702278166847
"chr7-0819",-0.223437811876648
"chr7-0820",-0.377527058230506
"chr7-0821",-0.507919144413651
"chr7-0822",-0.538166332114029
"chr7-0823",-0.324720382097194
"chr7-0824",-0.242478008296726
"chr7-0825",-0.500351616689193
"chr7-0826",-0.646533518845449
"chr7-0827",-0.3914012018991
"chr7-0828",-0.415079146805849
"chr7-0829",-0.30203643486293
"chr7-0830",-0.523454724140577
"chr7-0831",-0.335425292935846
"chr7-0832",-0.28099719970149
"chr7-0833",-0.364999974080988
"chr7-0834",-0.240746550459669
"chr7-0835",-0.172365512375191
"chr7-0836",-0.436958724855007
"chr7-0837",-0.125005740666802
"chr7-0838",-0.478192188105607
"chr7-0839",-0.3023538904375
"chr7-0840",-0.445839861063445
"chr7-0841",-0.256899947218684
"chr7-0842",-0.203138011711473
"chr7-0843",-0.201428781830857
"chr7-0844",-0.186588485275714
"chr7-0845",-0.335733674897601
"chr7-0846",-0.346517473552624
"chr7-0847",-0.457000517716154
"chr7-0848",-0.412456690609628
"chr7-0849",-0.250444554613764
"chr7-0850",-0.412120595090891
"chr7-0851",-0.178775318135703
"chr7-0852",-0.433502303391778
"chr7-0853",-0.322647575118971
"chr7-0854",-0.33244451230519
"chr7-0855",-0.405666746712679
"chr7-0856",-0.317990016551212
"chr7-0857",-0.340981109793584
"chr7-0858",-0.210736746889188
"chr7-0859",-0.36043839484425
"chr7-0860",-0.479621357854506
"chr7-0861",-0.290493697739137
"chr7-0862",-0.345659745239995
"chr7-0863",-0.225183919386196
"chr7-0864",-0.481906253093149
"chr7-0865",-0.57790764768013
"chr7-0866",-0.336478874876825
"chr7-0867",-0.416781823214753
"chr7-0868",-0.297025044306486
"chr7-0869",-0.330786513564274
"chr7-0870",-0.476463460715123
"chr7-0871",-0.357302172668061
"chr7-0872",-0.395639617515971
"chr7-0873",-0.240785575735571
"chr7-0874",-0.348471807102659
"chr7-0875",-0.298045585810913
"chr7-0876",-0.0705843145387837
"chr7-0877",-0.209884400287552
"chr7-0878",-0.197425195865947
"chr7-0879",-0.477679451672985
"chr7-0880",-0.44292797891475
"chr7-0881",-0.504100927711806
"chr7-0882",-0.27517266781758
"chr7-0883",-0.317132332768443
"chr7-0884",-0.289843366817576
"chr7-0885",-0.239582962192386
"chr7-0886",-0.295791536317146
"chr7-0887",-0.329883976000159
"chr7-0888",-0.209486827122456
"chr7-0889",-0.371642061884976
"chr7-0890",-0.416323522094456
"chr7-0891",-0.326472809745834
"chr7-0892",-0.461932417915891
"chr7-0893",-0.219672844260045
"chr7-0894",-0.288921901871842
"chr7-0895",-0.439290430222172
"chr7-0896",-0.345417047846798
"chr7-0897",-0.395075101914523
"chr7-0898",-0.190445425944515
"chr7-0899",-0.340258747662834
"chr7-0900",-0.127780748086432
"chr7-0901",-0.332960228527429
"chr7-0902",-0.451678285512445
"chr7-0903",-0.199751525059983
"chr7-0904",-0.297372353103267
"chr7-0905",-0.177696945238251
"chr7-0906",-0.386451953957174
"chr7-0907",-0.170761064769518
"chr7-0908",-0.2869252166133
"chr7-0909",-0.297809298901259
"chr7-0910",-0.537395717882221
"chr7-0911",-0.341546736449874
"chr7-0912",-0.314780875137926
"chr7-0913",-0.194162449162083
"chr7-0914",-0.231853487002202
"chr7-0915",-0.515787358299528
"chr7-0916",-0.807928227826601
"chr7-0917",-0.382724885012589
"chr7-0918",-0.511240747243639
"chr7-0919",-0.520468155997215
"chr7-0920",-0.223846398213515
"chr7-0921",-0.506340570156967
"chr7-0922",-0.294237018577222
"chr7-0923",-0.283114071988214
"chr7-0924",-0.533453307223936
"chr7-0925",-0.415903491871342
"chr7-0926",-0.500645493162153
"chr7-0927",-0.487575947566506
"chr7-0928",-0.409316115325625
"chr7-0929",-0.303910162747756
"chr7-0930",-0.305834793480348
"chr7-0931",-0.302561426687899
"chr7-0932",-0.359691315420023
"chr7-0933",-0.532878570545053
"chr7-0934",-0.542708300253812
"chr7-0935",-0.182144630119147
"chr7-0936",-0.391018444232175
"chr7-0937",-0.369696697536874
"chr7-0938",-0.503760761031965
"chr7-0939",-0.340267901203542
"chr7-0940",-0.502072710921694
"chr7-0941",-0.396974894969986
"chr7-0942",-0.217059581707583
"chr7-0943",-0.414876067623057
"chr7-0944",-0.23973997932091
"chr7-0945",-0.481259762418274
"chr7-0946",-0.452722301365449
"chr7-0947",-0.439641817440878
"chr7-0948",-0.259316536930358
"chr7-0949",-0.162717553948644
"chr7-0950",-0.353296125804566
"chr7-0951",-0.308791467807241
"chr7-0952",-0.213910902001657
"chr7-0953",-0.562239172748126
"chr7-0954",-0.215567594232638
"chr7-0955",-0.335205474016054
"chr7-0956",-0.467335004405479
"chr7-0957",-0.329615350906856
"chr7-0958",-0.223022735562015
"chr7-0959",-0.492937842987315
"chr7-0960",-0.495623232577443
"chr7-0961",-0.198748193971164
"chr7-0962",-0.466908921086092
"chr7-0963",-0.932238148998633
"chr7-0964",-0.560680537010311
"chr7-0965",-0.690611794520644
"chr7-0966",-0.443978603760084
"chr7-0967",-0.508562842540018
"chr7-0968",-0.467704772561977
"chr7-0969",-0.213185284189643
"chr7-0970",-0.411168723266091
"chr7-0971",-0.189793779638554
"chr7-0972",-0.302681169146414
"chr7-0973",-0.299419618468768
"chr7-0974",-0.304119973917091
"chr7-0975",-0.47604483664365
"chr7-0976",-0.469928214428682
"chr7-0977",-0.46919747563818
"chr7-0978",-0.402197525946725
"chr7-0979",-0.319065669357185
"chr7-0980",-0.301662789714113
"chr7-0981",-0.306984225831078
"chr7-0982",-0.290758894409331
"chr7-0983",-0.378890766654152
"chr7-0984",-0.232822359579536
"chr7-0985",-0.285825346390352
"chr7-0986",-0.20626781996816
"chr7-0987",-0.335345405816448
"chr7-0988",-0.122093007892861
"chr7-0989",-0.236117414814298
"chr7-0990",-0.148093407478337
"chr7-0991",-0.369967707038908
"chr7-0992",-0.447013840199934
"chr7-0993",-0.312140118479878
"chr7-0994",-0.447633334108693
"chr7-0995",-0.325951568178215
"chr7-0996",-0.421029743849134
"chr7-0997",-0.698938177692322
"chr7-0998",-0.356803143914655
"chr7-0999",-0.503497421223458
"chr7-1000",-0.487945637867338
"chr7-1001",-0.496524827026372
"chr7-1002",-0.315020468014719
"chr7-1003",-0.302231785876469
"chr7-1004",-0.251431761797186
"chr7-1005",-0.204154213866435
"chr7-1006",-0.204847790271449
"chr7-1007",-0.328943041609361
"chr7-1008",-0.357029363467547
"chr7-1009",-0.609606579184454
"chr7-1010",-0.411999912508858
"chr7-1011",-0.318982654926101
"chr7-1012",-0.451656564450398
"chr7-1013",-0.356772699648526
"chr7-1014",-0.307010355044406
"chr7-1015",-0.401496722524097
"chr7-1016",-0.182413427682185
"chr7-1017",-0.404755527849214
"chr7-1018",-0.488930197232008
"chr7-1019",-0.434807648550975
"chr7-1020",-0.208059857579989
"chr7-1021",-0.385110013301209
"chr7-1022",-0.457826539529521
"chr7-1023",-0.326420629704149
"chr7-1024",-0.63654833615645
"chr7-1025",-0.564114991443268
"chr7-1026",-0.461639936638304
"chr7-1027",-0.582257767995803
"chr7-1028",-0.519208626831194
"chr7-1029",-0.427250900562956
"chr7-1030",-0.276987952566393
"chr7-1031",-0.293826174350286
"chr7-1032",-0.415027975188975
"chr7-1033",-0.301898647228918
"chr7-1034",-0.40905760078316
"chr7-1035",-0.436858320538536
"chr7-1036",-0.431783655238878
"chr7-1037",-0.327945248858959
"chr7-1038",-0.409465072287274
"chr7-1039",-0.293500310734364
"chr7-1040",-0.254984080282391
"chr7-1041",-0.43011586796654
"chr7-1042",-0.188533504933669
"chr7-1043",-0.115060742501621
"chr7-1044",-0.457980403942901
"chr7-1045",-0.378521433903295
"chr7-1046",-0.287882426627847
"chr7-1047",-0.515294167371701
"chr7-1048",-0.200972580864856
"chr7-1049",-0.553781066174223
"chr7-1050",-0.441286163530015
"chr7-1051",-0.729707365271592
"chr7-1052",-0.685371115186339
"chr7-1053",-0.505154156534986
"chr7-1054",-0.58667512008223
"chr7-1055",-0.305194385047532
"chr7-1056",-0.280702618985943
"chr7-1057",-0.502574334879716
"chr7-1058",-0.759497640747261
"chr7-1059",-0.624783915691129
"chr7-1060",-0.377171026464922
"chr7-1061",-0.454187614255307
"chr7-1062",-0.187076677526253
"chr7-1063",-0.244911477423695
"chr7-1064",-0.403607091972541
"chr7-1065",-0.318845839297509
"chr7-1066",-0.342243974531473
"chr7-1067",-0.420772848059941
"chr7-1068",-0.467439681721715
"chr7-1069",-0.341676549686185
"chr7-1070",-0.429219029656898
"chr7-1071",-0.622895986303629
"chr7-1072",-0.386006765141736
"chr7-1073",-0.234634385121238
"chr7-1074",-0.345751018719404
"chr7-1075",-0.546746139376181
"chr7-1076",-0.411272907900222
"chr7-1077",-0.421449901703431
"chr7-1078",-0.502883250646917
"chr7-1079",-0.390572638144872
"chr7-1080",-0.290095972492657
"chr7-1081",-0.165386958752307
"chr7-1082",-0.271674078629908
"chr7-1083",-0.421568222875841
"chr7-1084",-0.422833864076048
"chr7-1085",-0.316938077215708
"chr7-1086",-0.313294299771929
"chr7-1087",-0.366356556945834
"chr7-1088",-0.525062312513847
"chr7-1089",-0.561758246556246
"chr7-1090",-0.385732873491274
"chr7-1091",-0.29551743891685
"chr7-1092",-0.534366834820416
"chr7-1093",-0.225722254302745
"chr7-1094",-0.194350540021483
"chr7-1095",-0.375983174843789
"chr7-1096",-0.494153911281855
"chr7-1097",-0.509827750162087
"chr7-1098",-0.386083564469149
"chr7-1099",-0.3068868693433
"chr7-1100",-0.234966046610072
"chr7-1101",-0.290171691053269
"chr7-1102",-0.635714402284335
"chr7-1103",-0.481169603118585
"chr7-1104",-0.458355345006314
"chr7-1105",-0.349564255288781
"chr7-1106",-0.307310921651317
"chr7-1107",-0.408163647367322
"chr7-1108",-0.184959639770746
"chr7-1109",-0.382800226144275
"chr7-1110",-0.30144897654326
"chr7-1111",-0.324334731143063
"chr7-1112",-0.316598509874636
"chr7-1113",-0.145065181793889
"chr7-1114",-0.310418531196809
"chr7-1115",-0.277016708090075
"chr7-1116",-0.17062048695106
"chr7-1117",-0.498996319829048
"chr7-1118",-0.204459116396314
"chr7-1119",-0.409463333072679
"chr7-1120",-0.307980223313831
"chr7-1121",-0.210923166929708
"chr7-1122",-0.167367224269323
"chr7-1123",-0.239944892427709
"chr7-1124",-0.214353070416383
"chr7-1125",-0.367821837740246
"chr7-1126",-0.415721651006147
"chr7-1127",-0.288267922429592
"chr7-1128",-0.509844911544963
"chr7-1129",-0.475221544195492
"chr7-1130",-0.497371349018677
"chr7-1131",-0.289151246265925
"chr7-1132",-0.458192267127254
"chr7-1133",-0.222536358709881
"chr7-1134",-0.20282826634525
"chr7-1135",-0.268305305310463
"chr7-1136",-0.406321978654228
"chr7-1137",-0.195218696395148
"chr7-1138",-0.0956982156360688
"chr7-1139",-0.183822536587493
"chr7-1140",-0.210025048389104
"chr7-1141",0.0138058868521911
"chr7-1142",-0.26163970059783
"chr7-1143",-0.488728452323837
"chr7-1144",-0.237424473752384
"chr7-1145",-0.333168806161058
"chr7-1146",-0.164004095310757
"chr7-1147",-0.392240579596621
"chr7-1148",-0.400709758803786
"chr7-1149",-0.506447050162628
"chr7-1150",-0.347482719126688
"chr7-1151",-0.248605909851669
"chr7-1152",-0.317463174887356
"chr7-1153",-0.399514414981139
"chr7-1154",-0.252423704808696
"chr7-1155",-0.324581025606104
"chr7-1156",-0.43047626611536
"chr7-1157",-0.0323208257709063
"chr7-1158",-0.531784351789517
"chr7-1159",-0.704946376361842
"chr7-1160",-0.147563643075322
"chr7-1161",-0.245388020784089
"chr7-1162",-0.227902357862279
"chr7-1163",-0.233327450816765
"chr7-1164",-0.200934832707534
"chr7-1165",-0.571192742437466
"chr7-1166",-0.336646996770085
"chr7-1167",-0.170646218435733
"chr7-1168",-0.585982709405257
"chr7-1169",-0.443816636924868
"chr7-1170",-0.331137457007096
"chr7-1171",-0.276443511429255
"chr7-1172",-0.128015521261338
"chr7-1173",-0.328103460778191
"chr7-1174",-0.251611033459957
"chr7-1175",-0.438635742621613
"chr7-1176",-0.272818398894569
"chr7-1177",-0.223087187745687
"chr7-1178",-0.450799783133703
"chr7-1179",-0.354847889078366
"chr7-1180",-0.273978703978015
"chr7-1181",-0.106998214760207
"chr7-1182",-0.364078874696683
"chr7-1183",-0.211966844134499
"chr7-1184",-0.33582412466012
"chr7-1185",-0.443458849169908
"chr7-1186",-0.278741306499543
"chr7-1187",-0.466547405445958
"chr7-1188",-0.3876235250033
"chr7-1189",-0.428958188666219
"chr7-1190",-0.112162494622262
"chr7-1191",-0.375091190988827
"chr7-1192",-0.448833519741023
"chr7-1193",-0.410749938647216
"chr7-1194",-0.364721953005552
"chr7-1195",-0.443073132335379
"chr7-1196",-0.224500366006978
"chr7-1197",-0.338242690270131
"chr7-1198",-0.227267357742366
"chr7-1199",-0.297285024398455
"chr7-1200",-0.256749324424677
"chr7-1201",-0.456484960182044
"chr7-1202",-0.240997576255238
"chr7-1203",-0.292750223882609
"chr7-1204",-0.190866136901539
"chr7-1205",-0.482043527924756
"chr7-1206",-0.297312312771466
"chr7-1207",-0.248149295610266
"chr7-1208",-0.257837375121155
"chr7-1209",-0.447923769076637
"chr7-1210",-0.447371623495591
"chr7-1211",-0.404036175592648
"chr7-1212",-0.415784885361272
"chr7-1213",-0.42307195118739
"chr7-1214",-0.405086671108099
"chr7-1215",-0.436732669894888
"chr7-1216",-0.256532103263261
"chr7-1217",-0.173905248737091
"chr7-1218",-0.325118020037661
"chr7-1219",-0.264822551210121
"chr7-1220",-0.468170615834577
"chr7-1221",-0.494968013634682
"chr7-1222",-0.363035038894363
"chr7-1223",-0.286656451191167
"chr7-1224",-0.212059263591729
"chr7-1225",-0.307352754720121
"chr7-1226",-0.42828109766673
"chr7-1227",-0.289173811687235
"chr7-1228",-0.268723337293496
"chr7-1229",-0.205123981948112
"chr7-1230",-0.320905079571452
"chr7-1231",-0.233114947393872
"chr7-1232",-0.39720394016407
"chr7-1233",-0.353094286272907
"chr7-1234",-0.292354572713736
"chr7-1235",-0.314359973979275
"chr7-1236",-0.199220895613385
"chr7-1237",-0.197912934652941
"chr7-1238",-0.161640849173489
"chr7-1239",-0.297088094475381
"chr7-1240",-0.441632895261354
"chr7-1241",-0.388281153846834
"chr7-1242",-0.332015580821158
"chr7-1243",-0.205231351500555
"chr7-1244",-0.393980274204508
"chr7-1245",-0.267494143360468
"chr7-1246",-0.310824660814805
"chr7-1247",-0.204117153061677
"chr7-1248",-0.109670588747308
"chr7-1249",-0.45394390560489
"chr7-1250",-0.184773496450997
"chr7-1251",-0.302140400139141
"chr7-1252",-0.245544761664796
"chr7-1253",-0.264277080496816
"chr7-1254",-0.282551805192789
"chr7-1255",-0.300312150888368
"chr7-1256",-0.221818374397917
"chr7-1257",-0.29030247358198
"chr7-1258",-0.178150820173371
"chr7-1259",-0.341059820304324
"chr7-1260",-0.209003331368487
"chr7-1261",-0.0903767287158485
"chr7-1262",-0.183252458409147
"chr7-1263",-0.314733261045043
"chr7-1264",-0.190302294905546
"chr7-1265",-0.123900420051421
"chr7-1266",-0.301365667319031
"chr7-1267",-0.312730094309402
"chr7-1268",-0.359922653609861
"chr7-1269",-0.405575624936822
"chr7-1270",-0.295567305089684
"chr8-0001",-0.0479652359596023
"chr8-0002",0.0331605032083969
"chr8-0003",0.360485214830716
"chr8-0004",0.114901784518194
"chr8-0005",0.1746952596523
"chr8-0006",0.0860829186669726
"chr8-0007",0.0725898600321873
"chr8-0008",0.108443520249287
"chr8-0009",0.0759698353402946
"chr8-0010",0.236830920048634
"chr8-0011",0.236606243919279
"chr8-0012",0.078326609860147
"chr8-0013",-0.0915978150872845
"chr8-0014",0.0598340526707017
"chr8-0015",0.0986452017388474
"chr8-0016",0.124647242363846
"chr8-0017",0.02472816338948
"chr8-0018",0.218895232133553
"chr8-0019",0.20253400342964
"chr8-0020",0.0570805383771394
"chr8-0021",0.0714313072960922
"chr8-0022",0.0910898349843173
"chr8-0023",0.241837084837573
"chr8-0024",0.149751463450569
"chr8-0025",0.272915861501236
"chr8-0026",0.132087449223084
"chr8-0027",0.169081224368467
"chr8-0028",0.0510502632867233
"chr8-0029",0.0636964447982027
"chr8-0030",0.0340564249121019
"chr8-0031",0.0713726436060517
"chr8-0032",0.0839548464329605
"chr8-0033",0.0484423884544954
"chr8-0034",0.117340837806034
"chr8-0035",0.11067048091907
"chr8-0036",0.212361273702713
"chr8-0037",-0.14055965113139
"chr8-0038",0.0310099227913825
"chr8-0039",-0.0284321663656876
"chr8-0040",0.14187164030106
"chr8-0041",0.100044693774238
"chr8-0042",0.22418369464021
"chr8-0043",0.0134291367824895
"chr8-0044",0.134685869668747
"chr8-0045",0.0540020900485853
"chr8-0046",0.101726538782854
"chr8-0047",0.123566653121816
"chr8-0048",0.185527263792731
"chr8-0049",0.120361312529199
"chr8-0050",0.198133121050075
"chr8-0051",0.0412280626961562
"chr8-0052",0.225302335336194
"chr8-0053",0.0819286264778231
"chr8-0054",0.0811938290121785
"chr8-0055",0.050841917350009
"chr8-0056",0.0780978270624121
"chr8-0057",0.0922558777714106
"chr8-0058",0.0081222018602463
"chr8-0059",0.157573058356484
"chr8-0060",0.0623343739683948
"chr8-0061",0.0629287165913349
"chr8-0062",0.0561523071371669
"chr8-0063",0.134502927859749
"chr8-0064",0.217410236990131
"chr8-0065",0.0836879822025464
"chr8-0066",0.130294584772454
"chr8-0067",0.222378269065231
"chr8-0068",0.102709874794555
"chr8-0069",-0.101559090486187
"chr8-0070",0.196221030510475
"chr8-0071",0.0192746299779838
"chr8-0072",0.0519536358154273
"chr8-0073",0.0700467061938235
"chr8-0074",0.222296813642803
"chr8-0075",0.213220456635771
"chr8-0076",0.137140999789225
"chr8-0077",0.217821100863492
"chr8-0078",-0.0120031921513574
"chr8-0079",-0.14670725175208
"chr8-0080",0.0961282546163452
"chr8-0081",-0.135686092421656
"chr8-0082",0.0362194783075813
"chr8-0083",0.0490098855799196
"chr8-0084",-0.143269136944334
"chr8-0085",0.0647181872459483
"chr8-0086",-0.0565308323103578
"chr8-0087",-0.0352640454338866
"chr8-0088",0.132234544344162
"chr8-0089",0.0257015118771242
"chr8-0090",0.00112315602682319
"chr8-0091",0.0312466555511822
"chr8-0092",0.0351055875907286
"chr8-0093",0.0927820968829632
"chr8-0094",0.123031227727511
"chr8-0095",0.156171137604122
"chr8-0096",-0.00804193412515022
"chr8-0097",-0.0614876052680886
"chr8-0098",0.129820246407758
"chr8-0099",0.141812034399647
"chr8-0100",0.0728723473465701
"chr8-0101",-0.00695415817023186
"chr8-0102",-0.142423879059796
"chr8-0103",-0.0250806252331221
"chr8-0104",-0.0519447049023268
"chr8-0105",0.136113558607069
"chr8-0106",-0.107779381183076
"chr8-0107",0.105820554982074
"chr8-0108",-0.0507038923025761
"chr8-0109",0.278457473371763
"chr8-0110",0.269718061842884
"chr8-0111",0.0692639008594879
"chr8-0112",0.0270868285472112
"chr8-0113",0.0791235745430712
"chr8-0114",0.0583189762502322
"chr8-0115",-0.0993472720268157
"chr8-0116",0.02162744637729
"chr8-0117",-0.0961222955473642
"chr8-0118",0.092639531321419
"chr8-0119",-0.0173079154642531
"chr8-0120",0.0142421267295775
"chr8-0121",-0.046755020393255
"chr8-0122",0.00799707113655468
"chr8-0123",-0.00333581149167692
"chr8-0124",-0.0341588923326313
"chr8-0125",0.114968209158502
"chr8-0126",0.100406639060193
"chr8-0127",-0.105524635454562
"chr8-0128",0.0656758635027724
"chr8-0129",-0.0109862190624837
"chr8-0130",-0.0425599045483226
"chr8-0131",0.0212315822174846
"chr8-0132",-0.0154486722906254
"chr8-0133",-0.0649595564643715
"chr8-0134",-0.0146668701915963
"chr8-0135",-0.117205048075587
"chr8-0136",-0.0993392752738085
"chr8-0137",0.109848443681584
"chr8-0138",-0.12439037986361
"chr8-0139",-0.126650347617834
"chr8-0140",-0.196665883318931
"chr8-0141",0.00248021603072598
"chr8-0142",0.0757154292461069
"chr8-0143",-0.404434029996081
"chr8-0144",0.0511133065759857
"chr8-0145",0.110439415651712
"chr8-0146",0.217215707716819
"chr8-0147",-0.0114969418961805
"chr8-0148",-0.042523006350276
"chr8-0149",0.116531780125208
"chr8-0150",-0.127740040634407
"chr8-0151",0.196889083606507
"chr8-0152",-0.0595797825209418
"chr8-0153",0.0951892510849049
"chr8-0154",0.351977015637937
"chr8-0155",-0.00480478205010776
"chr8-0156",-0.106877625904007
"chr8-0157",0.0944481327659405
"chr8-0158",-0.0856124014507747
"chr8-0159",0.0560077806132822
"chr8-0160",0.127147110884627
"chr8-0161",0.154810059120162
"chr8-0162",0.108547927623698
"chr8-0163",0.0905854404336706
"chr8-0164",-0.103522568647335
"chr8-0165",0.189550758901931
"chr8-0166",0.415838195097589
"chr8-0167",0.202829451914684
"chr8-0168",0.0705326852278102
"chr8-0169",0.14501987928077
"chr8-0170",0.0784711033039688
"chr8-0171",-0.0997083225189724
"chr8-0172",0.0220781519689938
"chr8-0173",0.113549467371598
"chr8-0174",0.134727447568604
"chr8-0175",0.125681466639585
"chr8-0176",0.0490509592303617
"chr8-0177",-0.0378733044836379
"chr8-0178",0.10757908795616
"chr8-0179",0.140978213414457
"chr8-0180",0.0378758475383975
"chr8-0181",0.216403414561831
"chr8-0182",0.136739564189108
"chr8-0183",0.0983274855047501
"chr8-0184",0.0735998332797665
"chr8-0185",0.0788784051491173
"chr8-0186",-0.283458916004566
"chr8-0187",0.0777851055052605
"chr8-0188",0.0111745467933131
"chr8-0189",0.0783573741707379
"chr8-0190",0.0437153626171666
"chr8-0191",-0.0393586566000284
"chr8-0192",0.029132124732439
"chr8-0193",0.0279992658920077
"chr8-0194",-0.0546385901761465
"chr8-0195",0.0911587640553316
"chr8-0196",-0.0808444397334816
"chr8-0197",-0.0695977492495802
"chr8-0198",-0.0394570248500881
"chr8-0199",-0.0644976833887865
"chr8-0200",0.0819268657581799
"chr8-0201",0.109756661061229
"chr8-0202",0.0330371884330055
"chr8-0203",0.0132487646645833
"chr8-0204",0.000704197660840559
"chr8-0205",-0.158189049625799
"chr8-0206",0.0639567861128921
"chr8-0207",0.0222049249483483
"chr8-0208",0.0933959206067832
"chr8-0209",0.119994339580634
"chr8-0210",0.131367572148484
"chr8-0211",0.113740122798774
"chr8-0212",-0.0133529831212643
"chr8-0213",0.0198528327716326
"chr8-0214",0.0758019508601306
"chr8-0215",0.091888582907229
"chr8-0216",-0.0134908930359263
"chr8-0217",0.071662149182709
"chr8-0218",-0.264638731174612
"chr8-0219",0.0302111404122082
"chr8-0220",0.0149639980026771
"chr8-0221",0.0376551064571489
"chr8-0222",-0.0016189870445106
"chr8-0223",-0.00213897998362133
"chr8-0224",-0.0443589641132198
"chr8-0225",0.0430318544870259
"chr8-0226",-0.0116954557766272
"chr8-0227",-0.00333690097429923
"chr8-0228",0.0498259587903264
"chr8-0229",-0.0417574678509627
"chr8-0230",-0.0261584131688994
"chr8-0231",0.131943827977866
"chr8-0232",-0.0660161833789535
"chr8-0233",0.0872324782912201
"chr8-0234",0.354810986244873
"chr8-0235",0.15154062904973
"chr8-0236",0.18208073660062
"chr8-0237",0.214824672238141
"chr8-0238",0.0228797552686181
"chr8-0239",0.0493385668103593
"chr8-0240",0.03237765548927
"chr8-0241",-0.00980895891096854
"chr8-0242",-0.0443613892647933
"chr8-0243",0.0824476547453919
"chr8-0244",0.0232093664313803
"chr8-0245",-0.076532910446073
"chr8-0246",0.176574725051928
"chr8-0247",0.0525229780492554
"chr8-0248",-0.109746375668439
"chr8-0249",0.129990122930652
"chr8-0250",0.0687938461498457
"chr8-0251",0.132441336318698
"chr8-0252",0.046776990702685
"chr8-0253",0.0286726967720209
"chr8-0254",0.131090568254498
"chr8-0255",-0.0283017611098329
"chr8-0256",-0.0375560723662325
"chr8-0257",0.118114509166825
"chr8-0258",-0.122870330119158
"chr8-0259",0.0468260490281682
"chr8-0260",0.124955710103784
"chr8-0261",0.0180265841853161
"chr8-0262",-0.107774050844588
"chr8-0263",-0.0868628367799292
"chr8-0264",0.0740360935687798
"chr8-0265",0.0564436146788314
"chr8-0266",0.0728996367573377
"chr8-0267",-0.021628993737586
"chr8-0268",0.134025790653246
"chr8-0269",-0.165042190062688
"chr8-0270",-0.0604928703493207
"chr8-0271",0.0164904149309429
"chr8-0272",0.0226786497882349
"chr8-0273",-0.146803474979027
"chr8-0274",-0.207530337957562
"chr8-0275",0.121375269472909
"chr8-0276",-0.157507281968911
"chr8-0277",0.109873174581379
"chr8-0278",0.135126857898329
"chr8-0279",0.0895416207000937
"chr8-0280",0.0208224968713284
"chr8-0281",0.147186842209209
"chr8-0282",0.177317883634661
"chr8-0283",-0.134680751602013
"chr8-0284",0.00210959001505756
"chr8-0285",0.0730205307795576
"chr8-0286",-0.112927849370346
"chr8-0287",-0.0136275200610171
"chr8-0288",-0.0733907638516386
"chr8-0289",0.0362638578995144
"chr8-0290",0.140436011538428
"chr8-0291",0.0577811958651754
"chr8-0292",-0.0839544494112611
"chr8-0293",0.00235596712316899
"chr8-0294",-0.0540720056166584
"chr8-0295",-0.127587296257749
"chr8-0296",0.0387295923701064
"chr8-0297",-0.151461797841132
"chr8-0298",0.0580140850667944
"chr8-0299",-0.0998930655065321
"chr8-0300",-0.250349632048369
"chr8-0301",-0.131066585300726
"chr8-0302",0.0603644179877949
"chr8-0303",-0.0811939186375329
"chr8-0304",0.256472446928679
"chr8-0305",0.21614300104692
"chr8-0306",0.310676138943392
"chr8-0307",0.0811694843726254
"chr8-0308",0.0851601656024457
"chr8-0309",0.219983632907841
"chr8-0310",0.0519398374325746
"chr8-0311",0.171178783830527
"chr8-0312",-0.0983509922756192
"chr8-0313",-0.108281043232373
"chr8-0314",-0.152373400612349
"chr8-0315",-0.26886327978202
"chr8-0316",-0.0358127153755763
"chr8-0317",0.092211662800922
"chr8-0318",0.227276015444288
"chr8-0319",0.205853544965086
"chr8-0320",0.15654598488311
"chr8-0321",0.196880345158703
"chr8-0322",0.0392360225677928
"chr8-0323",0.157131948456746
"chr8-0324",-0.0206901936912894
"chr8-0325",0.11533386026488
"chr8-0326",0.0119551757701893
"chr8-0327",-0.0219430414495333
"chr8-0328",0.0566744732599256
"chr8-0329",-0.0674431786403142
"chr8-0330",-0.190425835369341
"chr8-0331",-0.0938007602908428
"chr8-0332",-0.0803269740851827
"chr8-0333",-0.167792694181995
"chr8-0334",-0.0054110863741878
"chr8-0335",-0.124750328838709
"chr8-0336",-0.00404510374832997
"chr8-0337",-0.0953729922602291
"chr8-0338",-0.145837928299596
"chr8-0339",0.0309341227371631
"chr8-0340",0.124544809782996
"chr8-0341",0.289335125798752
"chr8-0342",0.0281133749456002
"chr8-0343",0.0183303944690162
"chr8-0344",-0.0363073399820909
"chr8-0345",-0.0132257231838538
"chr8-0346",0.114036872640833
"chr8-0347",-0.0699527308475354
"chr8-0348",-0.0267182021538343
"chr8-0349",-0.0172149061522675
"chr8-0350",0.111015125111127
"chr8-0351",0.228230641453953
"chr8-0352",-0.0653955143248246
"chr8-0353",-0.0352163647532972
"chr8-0354",-0.145137182144606
"chr8-0355",-0.00894194123931925
"chr8-0356",-0.0450748311851766
"chr8-0357",-0.0130812273451914
"chr8-0358",-0.134850020890721
"chr8-0359",0.263959402844886
"chr8-0360",-0.0145559614651241
"chr8-0361",-0.0402273917528176
"chr8-0362",-0.0416642863060175
"chr8-0363",0.0894046522088794
"chr8-0364",-0.0645101910783089
"chr8-0365",-0.10356198495143
"chr8-0366",-0.0179286602329829
"chr8-0367",-0.198987473494449
"chr8-0368",0.0716344191904743
"chr8-0369",-0.0169748479604768
"chr8-0370",-0.010067205460774
"chr8-0371",0.00360611839864488
"chr8-0372",0.086290088550262
"chr8-0373",-0.0417772062090608
"chr8-0374",0.0690332769627489
"chr8-0375",-0.111559371990133
"chr8-0376",0.152233380378616
"chr8-0377",0.0624443209567432
"chr8-0378",-0.120775469730048
"chr8-0379",-0.133948436278008
"chr8-0380",0.0624811069967402
"chr8-0381",0.00357986432444555
"chr8-0382",0.105466012641196
"chr8-0383",0.0692495640119763
"chr8-0384",0.0630187385231311
"chr8-0385",-0.157197561707196
"chr8-0386",-0.0559557085514682
"chr8-0387",0.00249572677732134
"chr8-0388",0.0709965397210523
"chr8-0389",0.0768330378290824
"chr8-0390",-0.0563512165626496
"chr8-0391",0.118835242407117
"chr8-0392",-0.0253641142909993
"chr8-0393",0.13970611790089
"chr8-0394",0.188137851261622
"chr8-0395",0.333123633390449
"chr8-0396",0.0239114055840414
"chr8-0397",0.103542150548074
"chr8-0398",-0.0809845802409927
"chr8-0399",0.0742918004576505
"chr8-0400",0.156921248335187
"chr8-0401",0.0739956635842356
"chr8-0402",0.0955108267521206
"chr8-0403",0.0693612127966238
"chr8-0404",-0.1287227559083
"chr8-0405",-0.0267534458606214
"chr8-0406",-0.114012776020825
"chr8-0407",-0.00316053271364171
"chr8-0408",0.0981302091806258
"chr8-0409",0.0921226708726142
"chr8-0410",-0.00554592667036942
"chr8-0411",0.132973924548206
"chr8-0412",0.180960194869647
"chr8-0413",0.0256879034367123
"chr8-0414",0.209932300926782
"chr8-0415",0.206636435803358
"chr8-0416",0.139701995163415
"chr8-0417",0.150340511693165
"chr8-0418",0.141129860590287
"chr8-0419",0.415081242837878
"chr8-0420",0.0311656962173367
"chr8-0421",0.084862096776674
"chr8-0422",0.130883501249428
"chr8-0423",0.114119942374366
"chr8-0424",0.0784793278530246
"chr8-0425",-0.054303177646137
"chr8-0426",0.292475874852331
"chr8-0427",0.219301662154998
"chr8-0428",0.118383295432251
"chr8-0429",-0.0351882992037838
"chr8-0430",-0.026766310449979
"chr8-0431",0.0791608175256183
"chr8-0432",0.0850500869631755
"chr8-0433",0.230022469531777
"chr8-0434",-0.0729360959817938
"chr8-0435",0.215572466645946
"chr8-0436",0.0323318851302795
"chr8-0437",0.0055750181299621
"chr8-0438",-0.0976347884780067
"chr8-0439",-0.0207315044973674
"chr8-0440",-0.0569640660896355
"chr8-0441",-0.0385075702323926
"chr8-0442",0.0892773387587366
"chr8-0443",0.0430281354597525
"chr8-0444",0.305349689957694
"chr8-0445",0.00234621481433965
"chr8-0446",0.18513660876645
"chr8-0447",-0.0325764012859585
"chr8-0448",-0.0437967648572826
"chr8-0449",0.0201302089058714
"chr8-0450",-0.19568093560734
"chr8-0451",0.0323230663622512
"chr8-0452",0.090334250273601
"chr8-0453",0.0101716829558258
"chr8-0454",0.00581029855628302
"chr8-0455",0.25861907361506
"chr8-0456",-0.0194408528059605
"chr8-0457",-0.124067348874347
"chr8-0458",0.249121907491897
"chr8-0459",0.141409902547905
"chr8-0460",0.131763063462413
"chr8-0461",0.149687180833119
"chr8-0462",0.116823466042598
"chr8-0463",0.101811158029327
"chr8-0464",0.129122797344711
"chr8-0465",0.115436951225098
"chr8-0466",0.261164173720028
"chr8-0467",0.363953725440589
"chr8-0468",0.273950709792069
"chr8-0469",0.212978522876752
"chr8-0470",0.217230117644586
"chr8-0471",0.12941243532955
"chr8-0472",0.225411018573767
"chr8-0473",0.016971586610661
"chr8-0474",0.0182679446739632
"chr8-0475",0.183416996073374
"chr8-0476",0.325207022558865
"chr8-0477",0.102724776312332
"chr8-0478",-0.0343856316352315
"chr8-0479",0.012421080850481
"chr8-0480",0.16664612792196
"chr8-0481",0.0576176386422225
"chr8-0482",0.313660899506801
"chr8-0483",0.133618996204472
"chr8-0484",0.147029850473828
"chr8-0485",0.058405532274258
"chr8-0486",0.0776389454109855
"chr8-0487",0.0841175387929609
"chr8-0488",0.188832426348829
"chr8-0489",0.220310404258584
"chr8-0490",0.117126475198874
"chr8-0491",0.0496364981182715
"chr8-0492",0.290390364408788
"chr8-0493",0.272806974570669
"chr8-0494",-0.0356713831860031
"chr8-0495",-0.0361224467127968
"chr8-0496",-0.0356580426171767
"chr8-0497",0.0873682737727871
"chr8-0498",0.157965899459166
"chr8-0499",-0.0992158240498707
"chr8-0500",0.135993176444733
"chr8-0501",0.17243936057911
"chr8-0502",-0.0638535001725315
"chr8-0503",0.0465448012741058
"chr8-0504",0.049446347617909
"chr8-0505",0.0762993438303996
"chr8-0506",-0.144311541272399
"chr8-0507",0.146885067702762
"chr8-0508",0.133037584625034
"chr8-0509",-0.0233970982084767
"chr8-0510",0.190337315206973
"chr8-0511",0.0185491780519327
"chr8-0512",0.106918349949888
"chr8-0513",0.0371402988774376
"chr8-0514",-0.22824590479365
"chr8-0515",0.129957747762102
"chr8-0516",0.102873078589363
"chr8-0517",0.00313849469791051
"chr8-0518",0.0686089641430281
"chr8-0519",0.035400279179742
"chr8-0520",0.178800256269902
"chr8-0521",0.144978183291499
"chr8-0522",0.0183287831502521
"chr8-0523",-0.0957562352212503
"chr8-0524",0.109857118207524
"chr8-0525",0.101557051655218
"chr8-0526",0.36732069987296
"chr8-0527",-0.000988971299440709
"chr8-0528",0.13522644672974
"chr8-0529",0.303003803459015
"chr8-0530",0.233572306390956
"chr8-0531",0.11579349109638
"chr8-0532",0.0165097820415254
"chr8-0533",-0.0236663086480652
"chr8-0534",0.154829036447713
"chr8-0535",0.41008774965463
"chr8-0536",0.15516007299135
"chr8-0537",0.101030715913403
"chr8-0538",0.185776586030653
"chr8-0539",0.151750883511054
"chr8-0540",-0.0503576331011976
"chr8-0541",0.0962708129001765
"chr8-0542",-0.00242570686675859
"chr8-0543",0.204936979768304
"chr8-0544",0.126060266530235
"chr8-0545",0.0726473736184157
"chr8-0546",0.0612984220385003
"chr8-0547",-0.106108691989007
"chr8-0548",0.156204367516874
"chr8-0549",0.0599251205166726
"chr8-0550",0.0197913958291801
"chr8-0551",0.252177361059255
"chr8-0552",0.0349484225409341
"chr8-0553",-0.0473152012343821
"chr8-0554",-0.0414038765828657
"chr8-0555",-0.0580410194859184
"chr8-0556",-0.0280205683034645
"chr8-0557",0.0926795221996616
"chr8-0558",0.0957367682627648
"chr8-0559",0.00838273938204353
"chr8-0560",0.211927997763995
"chr8-0561",0.0439801276195838
"chr8-0562",0.156857682344203
"chr8-0563",0.227567855440834
"chr8-0564",0.108036421699176
"chr8-0565",0.0756152533877461
"chr8-0566",0.280874070961344
"chr8-0567",0.258603606910679
"chr8-0568",0.300728502907131
"chr8-0569",0.30231146416436
"chr8-0570",0.161738482614289
"chr8-0571",0.165746610844089
"chr8-0572",0.0106666144486976
"chr8-0573",0.0740071702583069
"chr8-0574",0.179814718812627
"chr8-0575",0.108503311167846
"chr8-0576",0.0981423993813868
"chr8-0577",0.101894100801259
"chr8-0578",0.0966121533350391
"chr8-0579",-0.259078337888248
"chr8-0580",0.0824923778021046
"chr8-0581",0.177281583066582
"chr8-0582",0.101791594691934
"chr8-0583",0.14037223110306
"chr8-0584",0.0920413546231804
"chr8-0585",0.206558559190476
"chr8-0586",0.115287905864042
"chr8-0587",0.117323514385049
"chr8-0588",0.0547136611693656
"chr8-0589",-0.0043249575497294
"chr8-0590",-0.00359749364824671
"chr8-0591",0.00729884302166803
"chr8-0592",-0.0492550185277491
"chr8-0593",0.261768378136177
"chr8-0594",0.0223334635839293
"chr8-0595",0.306369491880568
"chr8-0596",0.035809796654728
"chr8-0597",0.20890433238903
"chr8-0598",-0.0892506051322385
"chr8-0599",0.0177437806727258
"chr8-0600",0.0310647044856799
"chr8-0601",0.169091039916032
"chr8-0602",0.234591098448783
"chr8-0603",0.0239235102300492
"chr8-0604",0.0519554879300273
"chr8-0605",0.0120175769374813
"chr8-0606",0.111633343505727
"chr8-0607",0.0680913479898706
"chr8-0608",0.0372474466569527
"chr8-0609",0.150581861103723
"chr8-0610",0.144926163805214
"chr8-0611",0.102664824877482
"chr8-0612",-0.0701039666709226
"chr8-0613",0.0601102453371599
"chr8-0614",-0.0153214719208434
"chr8-0615",0.101473842219121
"chr8-0616",0.0792402290577879
"chr8-0617",0.197410711291636
"chr8-0618",0.159969187118105
"chr8-0619",0.157755441566687
"chr8-0620",-0.332277997505702
"chr8-0621",0.123101711319195
"chr8-0622",0.315652498806808
"chr8-0623",0.118169131142816
"chr8-0624",0.154669411869434
"chr8-0625",0.193745630618761
"chr8-0626",0.383126084271297
"chr8-0627",0.312086423954611
"chr8-0628",0.146406784079372
"chr8-0629",0.164126945204624
"chr8-0630",0.156027110411702
"chr8-0631",0.0776230115906411
"chr8-0632",0.068001070605536
"chr8-0633",0.00127193289805162
"chr8-0634",-0.125949002029181
"chr8-0635",0.0773029179943071
"chr8-0636",0.122058407986219
"chr8-0637",0.0200341682466936
"chr8-0638",0.0291328852362439
"chr8-0639",0.176945348179513
"chr8-0640",0.217017313997701
"chr8-0641",-0.0832201245528066
"chr8-0642",-0.156387882418295
"chr8-0643",-0.082309932570586
"chr8-0644",0.0455424518450065
"chr8-0645",-0.0220495099282391
"chr8-0646",0.155039399628503
"chr8-0647",-0.0184530732231696
"chr8-0648",0.0524087765021931
"chr8-0649",0.140756062166564
"chr8-0650",0.0397144556443673
"chr8-0651",0.100794641465044
"chr8-0652",0.0354203689879748
"chr8-0653",0.131090886652732
"chr8-0654",-0.0206852994262276
"chr8-0655",0.137179114780486
"chr8-0656",0.0213385777153484
"chr8-0657",0.125765655148549
"chr8-0658",0.196240050652498
"chr8-0659",0.132872006490341
"chr8-0660",0.273658044063888
"chr8-0661",0.168589871602034
"chr8-0662",0.101085746136192
"chr8-0663",-0.0695236349767347
"chr8-0664",-0.0726102380575634
"chr8-0665",-0.0373147322441367
"chr8-0666",0.0222044365298472
"chr8-0667",-0.0820477010801596
"chr8-0668",-0.040419297278211
"chr8-0669",-0.091376184376632
"chr8-0670",-0.413478997628717
"chr8-0671",-0.199160212557323
"chr8-0672",0.213947664161495
"chr8-0673",0.00871489407712239
"chr8-0674",0.170784363646331
"chr8-0675",0.213433312149966
"chr8-0676",0.0205817521934
"chr8-0677",-0.0351301291980953
"chr8-0678",0.0311539247492521
"chr8-0679",0.172718791306819
"chr8-0680",0.00175814456036433
"chr8-0681",0.247897498657722
"chr8-0682",0.185551995192402
"chr8-0683",0.121128665680691
"chr8-0684",0.1200939792672
"chr8-0685",0.0223664350242369
"chr8-0686",0.242328312794728
"chr8-0687",-0.076291070265046
"chr8-0688",0.100611300832354
"chr8-0689",0.0164593634401348
"chr8-0690",0.0159103880093381
"chr8-0691",-0.108070945525671
"chr8-0692",-0.0230146892308253
"chr8-0693",-0.0329940441970359
"chr8-0694",0.0424944844042215
"chr8-0695",-0.0549538145433513
"chr8-0696",0.0752476146584728
"chr8-0697",0.0597414209388574
"chr8-0698",0.126256283640202
"chr8-0699",0.141402201609499
"chr8-0700",-0.0829572978528021
"chr8-0701",0.111921909663212
"chr8-0702",0.219592837940771
"chr8-0703",0.0655754293404524
"chr8-0704",0.10929234220483
"chr8-0705",0.0673853672094798
"chr8-0706",0.111999125966059
"chr8-0707",0.243313447878783
"chr8-0708",0.246327460193429
"chr8-0709",0.177338460293245
"chr8-0710",-0.0817072424389425
"chr8-0711",0.0189322650711896
"chr8-0712",0.0681961497290351
"chr8-0713",-0.018439873159716
"chr8-0714",0.12816381615275
"chr8-0715",-0.000379409064709332
"chr8-0716",-0.0426041868095918
"chr8-0717",-0.0140833422326315
"chr8-0718",0.117179450146932
"chr8-0719",0.0853812130038255
"chr8-0720",0.189889707919412
"chr8-0721",0.0603390949667073
"chr8-0722",0.194508950095467
"chr8-0723",0.123677456691334
"chr8-0724",0.0544426646674833
"chr8-0725",0.073591673469368
"chr8-0726",0.0691688429525046
"chr8-0727",0.214814248745829
"chr8-0728",0.128691988344025
"chr8-0729",0.124693174646123
"chr8-0730",0.141062524078795
"chr8-0731",0.22482014299071
"chr8-0732",0.0600353835186673
"chr8-0733",0.0604848881650487
"chr8-0734",0.130218479095429
"chr8-0735",0.18600559674918
"chr8-0736",0.148648797384572
"chr8-0737",-0.00921686140421902
"chr8-0738",0.16738278411041
"chr8-0739",0.186000143877476
"chr8-0740",0.0373553506202578
"chr8-0741",-0.055339207185779
"chr8-0742",0.0989047984507675
"chr8-0743",0.278361242210198
"chr8-0744",-0.107999215974154
"chr8-0745",-0.0274716873124956
"chr8-0746",0.303849778056645
"chr8-0747",0.0167216482483856
"chr8-0748",0.0870475777418533
"chr8-0749",-0.0285321870520083
"chr8-0750",0.264379824553687
"chr8-0751",0.173469867096396
"chr8-0752",0.220898811108398
"chr8-0753",0.083795874136229
"chr8-0754",0.147288111376921
"chr8-0755",0.237976572915672
"chr8-0756",0.0301460391075663
"chr8-0757",0.296316200710853
"chr8-0758",0.184794665588571
"chr8-0759",0.239626394021645
"chr8-0760",0.261129510774708
"chr8-0761",0.174279619503981
"chr8-0762",0.118249771721648
"chr8-0763",0.0047585320808486
"chr8-0764",0.137707267908168
"chr8-0765",0.104120913702012
"chr8-0766",0.102752783511034
"chr8-0767",0.276419240836711
"chr8-0768",0.00167619853336777
"chr8-0769",0.235024223458254
"chr8-0770",0.107181514811406
"chr8-0771",0.00321605509790911
"chr8-0772",0.172801620515719
"chr8-0773",0.235807869490985
"chr8-0774",0.0455091086524631
"chr8-0775",0.201798870719373
"chr8-0776",0.0627212863601852
"chr8-0777",-0.00700851668653906
"chr8-0778",0.180369876712002
"chr8-0779",0.11569081807532
"chr8-0780",0.123916436709096
"chr8-0781",0.17290043423884
"chr8-0782",-0.0637273312418343
"chr8-0783",0.222662331858832
"chr8-0784",-0.0850345623649019
"chr8-0785",-0.0778271295078604
"chr8-0786",-0.0124294648609077
"chr8-0787",0.283437856036219
"chr8-0788",0.127222930636182
"chr8-0789",0.287514107301592
"chr8-0790",0.257696494648525
"chr8-0791",0.32975830232294
"chr8-0792",0.175043778726655
"chr8-0793",0.0836833607863658
"chr8-0794",0.118189075771873
"chr8-0795",0.179679350478219
"chr8-0796",0.11721865561493
"chr8-0797",0.0795586200619734
"chr8-0798",0.0632373762769934
"chr8-0799",0.0834263421517115
"chr8-0800",-0.0416227677262509
"chr8-0801",-0.176129517623076
"chr8-0802",-0.117383565827523
"chr8-0803",0.0322836874325055
"chr8-0804",-0.139464582641941
"chr8-0805",-0.0523660908877557
"chr8-0806",0.105603880102592
"chr8-0807",-0.167334023872708
"chr8-0808",0.0890463101989298
"chr8-0809",-0.115650721025601
"chr8-0810",0.0812934526884903
"chr8-0811",0.131393893823962
"chr8-0812",0.159292190625047
"chr8-0813",0.15259810527694
"chr8-0814",0.148985250512468
"chr8-0815",0.0417790536126518
"chr8-0816",0.121797802018699
"chr8-0817",0.142367592996759
"chr8-0818",0.0540110515857821
"chr8-0819",0.039116909148127
"chr8-0820",-0.0264040244722122
"chr8-0821",0.129521043813716
"chr8-0822",-0.0328867737238449
"chr8-0823",0.122974742552922
"chr8-0824",0.118288423269941
"chr8-0825",0.0509043423085771
"chr8-0826",0.216923572759046
"chr8-0827",0.00441065054337249
"chr8-0828",0.0512753571292083
"chr8-0829",0.107997968023446
"chr8-0830",0.0328688967766602
"chr8-0831",0.149137308810946
"chr8-0832",0.0564914533088419
"chr8-0833",-0.227629145329603
"chr8-0834",0.0458052542453018
"chr8-0835",0.0107562918876406
"chr8-0836",0.0275116066833842
"chr8-0837",0.0799594736793253
"chr8-0838",0.287701146456411
"chr8-0839",-0.0463589408957569
"chr8-0840",0.0408152280047084
"chr8-0841",-0.0727341679717103
"chr8-0842",-0.0328732048207811
"chr8-0843",0.139954023846582
"chr8-0844",0.0125968248570945
"chr8-0845",0.132898026028158
"chr8-0846",0.0601013006417439
"chr8-0847",0.100507521247105
"chr8-0848",0.176064587101819
"chr8-0849",0.00410594302233765
"chr8-0850",0.00812722757906398
"chr8-0851",-0.0694019127392866
"chr8-0852",-0.0527804269267705
"chr8-0853",-0.0559219247119152
"chr8-0854",-0.0517411850164046
"chr8-0855",0.102929021289797
"chr8-0856",0.101253439113341
"chr8-0857",0.0466290624514438
"chr8-0858",0.0629837578831482
"chr8-0859",0.265168677892772
"chr8-0860",0.00525126052557348
"chr8-0861",0.272172375608252
"chr8-0862",0.070152820342719
"chr8-0863",0.0374135213611483
"chr8-0864",0.158379586372603
"chr8-0865",-0.0598668027180578
"chr8-0866",0.0277588746899136
"chr8-0867",0.0415720211563403
"chr8-0868",0.0168788278505067
"chr8-0869",0.0314116264742289
"chr8-0870",0.139307647537471
"chr8-0871",0.149868702513197
"chr8-0872",0.1075750075055
"chr8-0873",0.0571382535493487
"chr8-0874",0.0148702294250798
"chr8-0875",0.103798113694523
"chr8-0876",0.0815532295858581
"chr8-0877",-0.0103431630619084
"chr8-0878",0.174807611217098
"chr8-0879",-0.102708188257986
"chr8-0880",0.00975704231457263
"chr8-0881",0.0021921647739735
"chr8-0882",0.30243895929653
"chr8-0883",0.119411813226507
"chr8-0884",0.123091549295827
"chr8-0885",0.119635931883611
"chr8-0886",0.208930885580393
"chr8-0887",0.203567405990448
"chr8-0888",0.0954792286337324
"chr8-0889",0.067120015635493
"chr8-0890",0.0894190373087696
"chr8-0891",-0.125352252312902
"chr8-0892",0.0681536224730617
"chr8-0893",0.0581996878049367
"chr8-0894",-0.0738002482468171
"chr8-0895",-0.0463271431694602
"chr8-0896",0.201682026166221
"chr8-0897",0.146760050569648
"chr8-0898",0.0443366105035125
"chr8-0899",0.00284979978390191
"chr8-0900",0.0150561621853133
"chr8-0901",0.108695895049615
"chr8-0902",0.0165088961200608
"chr8-0903",-0.0832484787259093
"chr8-0904",0.104313313083769
"chr8-0905",0.0629522865001014
"chr8-0906",0.0837303333763429
"chr8-0907",0.183941288376779
"chr8-0908",0.251350438905581
"chr8-0909",0.0650485082879852
"chr8-0910",-0.04755407010963
"chr8-0911",-0.0251335296292862
"chr8-0912",0.0617224936007031
"chr8-0913",0.0219902003615664
"chr8-0914",-0.0119600775185936
"chr8-0915",-0.151167212388638
"chr8-0916",-0.0158466584065639
"chr8-0917",0.0325907462177056
"chr8-0918",0.0635296632223267
"chr8-0919",-0.085195450159678
"chr8-0920",0.0361479942579437
"chr8-0921",-0.014077376144417
"chr8-0922",0.185952417047497
"chr8-0923",0.12118253749757
"chr8-0924",0.00890925389084322
"chr8-0925",0.0380694949476881
"chr8-0926",0.082028288552312
"chr8-0927",-0.00736885757288679
"chr8-0928",0.0962462258236566
"chr8-0929",-0.0158334941517996
"chr8-0930",-0.244953971177402
"chr8-0931",0.110933643574819
"chr8-0932",0.0685387720952649
"chr8-0933",-0.083956088728301
"chr8-0934",-0.131442499042867
"chr8-0935",0.173572419752422
"chr8-0936",-0.00816240995168244
"chr8-0937",-0.0617474337332632
"chr8-0938",-0.118797006838194
"chr8-0939",-0.0285418143782195
"chr8-0940",0.00457906112197344
"chr8-0941",0.0895196316720833
"chr8-0942",0.0320609767610341
"chr8-0943",0.096277495264084
"chr8-0944",0.0663104422115127
"chr8-0945",0.107848380576198
"chr8-0946",0.194271147732607
"chr8-0947",0.0516237190272931
"chr8-0948",0.068118362787397
"chr8-0949",0.0240244583999875
"chr8-0950",-0.0199395166751038
"chr8-0951",0.0550083424973457
"chr8-0952",-0.0118993821483629
"chr8-0953",-0.0212393272087456
"chr8-0954",-0.109503971428358
"chr8-0955",0.0437498783073742
"chr8-0956",-0.0768102834747534
"chr8-0957",-0.01179002348513
"chr8-0958",0.011646695704213
"chr8-0959",-0.0325144725974584
"chr8-0960",-0.00245825749261785
"chr8-0961",-0.0398573361475667
"chr8-0962",-0.137984383408479
"chr8-0963",0.0830262442917376
"chr8-0964",0.0340332353402001
"chr8-0965",0.0167155383113077
"chr8-0966",0.0406707286998667
"chr8-0967",-0.0602503603058245
"chr8-0968",0.0450092053517019
"chr8-0969",-0.0158944905495205
"chr8-0970",0.0295872709139834
"chr8-0971",0.0128101120968737
"chr8-0972",0.0726149159341643
"chr8-0973",0.165843737303389
"chr8-0974",0.00471838596837203
"chr8-0975",-0.0886545329377263
"chr8-0976",-0.00515193308755337
"chr8-0977",0.0642520718162178
"chr8-0978",0.102977197050668
"chr8-0979",-0.0797344438281596
"chr8-0980",-0.0518535835703192
"chr8-0981",-0.0152974732737962
"chr8-0982",-0.0579474186556566
"chr8-0983",-0.0239723377246805
"chr8-0984",0.0885689809734269
"chr8-0985",-0.0473257857939832
"chr8-0986",-0.0213107871443009
"chr8-0987",0.0536065422666174
"chr8-0988",0.0529252438731902
"chr8-0989",0.126738815183122
"chr8-0990",0.0558522146785112
"chr8-0991",0.0904946516875915
"chr8-0992",-0.0690934080836884
"chr8-0993",0.0274068372505859
"chr8-0994",0.0756832197233726
"chr8-0995",0.12769764572429
"chr8-0996",0.0469679128512069
"chr8-0997",-0.0725798669749171
"chr8-0998",0.0737582481381354
"chr8-0999",0.0495363814830611
"chr8-1000",0.0955526087793742
"chr8-1001",0.136031908512464
"chr8-1002",0.0208549336476985
"chr8-1003",0.0176481559708165
"chr8-1004",-0.0775002439660788
"chr8-1005",0.0825914405003963
"chr8-1006",0.167806984150269
"chr8-1007",-0.0882874540428213
"chr8-1008",0.103405634302148
"chr8-1009",0.112244247870572
"chr8-1010",0.137682587963648
"chr8-1011",0.0487138065042714
"chr8-1012",0.120538257523115
"chr8-1013",0.0772580255257807
"chr8-1014",0.163755831719214
"chr8-1015",0.235690048876457
"chr8-1016",0.103881283587929
"chr8-1017",-0.0145148334039861
"chr8-1018",0.0593199517803242
"chr8-1019",0.0124558714647744
"chr8-1020",0.0244642566923107
"chr8-1021",0.149637459979935
"chr8-1022",0.244608933225772
"chr8-1023",0.0149793287940482
"chr8-1024",0.228562464908907
"chr8-1025",0.0666155730719337
"chr8-1026",0.0631485247914345
"chr8-1027",0.0215326947243722
"chr8-1028",0.0978400835213438
"chr8-1029",0.0267831009831995
"chr8-1030",0.119100478598405
"chr8-1031",0.131180106849493
"chr8-1032",0.0650925941555027
"chr8-1033",0.0733499552876674
"chr8-1034",0.0936738284951286
"chr8-1035",-0.0638408479701108
"chr8-1036",0.00955622482385274
"chr8-1037",0.0240305506480716
"chr8-1038",0.00754069628911281
"chr8-1039",-0.106760141753525
"chr8-1040",0.0820248839622387
"chr8-1041",0.0595813515200405
"chr8-1042",-0.0804215543934247
"chr8-1043",-0.00659044801185846
"chr9-0001",-0.00756458612682683
"chr9-0002",0.0762451916515849
"chr9-0003",0.0967149223130477
"chr9-0004",0.00940654980207456
"chr9-0005",0.187332974882229
"chr9-0006",0.118131064256626
"chr9-0007",-0.153809944989692
"chr9-0008",0.0540471676714259
"chr9-0009",0.124251364201372
"chr9-0010",0.137746753933825
"chr9-0011",0.0968214300479086
"chr9-0012",0.161353103873337
"chr9-0013",0.194142820780205
"chr9-0014",0.140658382687358
"chr9-0015",0.0425383789090261
"chr9-0016",0.119956719966491
"chr9-0017",0.0629330282476511
"chr9-0018",0.203821057880914
"chr9-0019",0.266528244104787
"chr9-0020",0.350564265735124
"chr9-0021",0.328574428228093
"chr9-0022",0.200630437117732
"chr9-0023",0.218230153300917
"chr9-0024",0.0328896157588619
"chr9-0025",0.0324301247219805
"chr9-0026",0.0685814870732659
"chr9-0027",0.135736784216762
"chr9-0028",0.13610735431762
"chr9-0029",0.0961574404863751
"chr9-0030",0.248862437965877
"chr9-0031",-0.0824498315370377
"chr9-0032",0.0906289442699234
"chr9-0033",-0.0559680937943661
"chr9-0034",0.0732505336756094
"chr9-0035",-0.0992345718951744
"chr9-0036",0.0470878061278853
"chr9-0037",0.0969022447433213
"chr9-0038",-0.137905789610807
"chr9-0039",-0.169969378761777
"chr9-0040",0.0633991863550538
"chr9-0041",0.241554691741936
"chr9-0042",0.149487593719449
"chr9-0043",-0.154315644463903
"chr9-0044",0.221092743769939
"chr9-0045",0.155113392970082
"chr9-0046",0.228224329903477
"chr9-0047",0.243332702306052
"chr9-0048",0.23698837071632
"chr9-0049",0.262442853652198
"chr9-0050",0.199465194622215
"chr9-0051",0.108156274337052
"chr9-0052",0.237077080829753
"chr9-0053",0.0102547536455098
"chr9-0054",0.0173117269263345
"chr9-0055",0.0443969115721477
"chr9-0056",-0.0479394459943859
"chr9-0057",0.147591202255437
"chr9-0058",0.0188540530203138
"chr9-0059",0.159053817197276
"chr9-0060",0.198014420707057
"chr9-0061",0.290388087050605
"chr9-0062",0.143863039385475
"chr9-0063",0.253044658289967
"chr9-0064",0.318452951427757
"chr9-0065",0.0824117992448003
"chr9-0066",0.160644482383751
"chr9-0067",-0.0966236540048032
"chr9-0068",-0.130406972051561
"chr9-0069",0.00538316494624986
"chr9-0070",0.0411096971280121
"chr9-0071",0.161671475803522
"chr9-0072",0.27910628357691
"chr9-0073",-0.00440838075173661
"chr9-0074",0.114252201632252
"chr9-0075",0.143315615376887
"chr9-0076",0.0951593123176643
"chr9-0077",0.266485443176463
"chr9-0078",0.0931958849623425
"chr9-0079",0.130424468216636
"chr9-0080",0.0339845542510511
"chr9-0081",0.100568720932732
"chr9-0082",0.185049032668629
"chr9-0083",0.14529884354738
"chr9-0084",0.197013917446183
"chr9-0085",0.306301796793682
"chr9-0086",0.100388356135482
"chr9-0087",-0.00471250493003498
"chr9-0088",0.151550179689771
"chr9-0089",0.154878535624218
"chr9-0090",0.184331621659156
"chr9-0091",0.265293529868518
"chr9-0092",0.129223463402608
"chr9-0093",0.251298005841318
"chr9-0094",0.0984369452570187
"chr9-0095",-0.15043666003531
"chr9-0096",0.0911244809169562
"chr9-0097",0.0563073044456826
"chr9-0098",-0.00904780277015134
"chr9-0099",-0.122384677643382
"chr9-0100",-0.0455881160908806
"chr9-0101",-0.234767699051552
"chr9-0102",-0.192710258433361
"chr9-0103",0.206741986830976
"chr9-0104",-0.013031497492438
"chr9-0105",0.04733075503757
"chr9-0106",0.00599008271756899
"chr9-0107",0.000302933638044149
"chr9-0108",0.164358625934391
"chr9-0109",-0.107098354591235
"chr9-0110",0.0639984046035748
"chr9-0111",-0.430074473440679
"chr9-0112",-0.104721060219197
"chr9-0113",0.131008077030406
"chr9-0114",-0.103918267264426
"chr9-0115",0.0300371566663596
"chr9-0116",0.000124543377199584
"chr9-0117",0.00213044410159815
"chr9-0118",0.0915385782537654
"chr9-0119",-0.0749534470480304
"chr9-0120",0.032281311683878
"chr9-0121",-0.0156213631008676
"chr9-0122",0.0330899110030548
"chr9-0123",0.0182348935554723
"chr9-0124",0.21802028631566
"chr9-0125",-0.0507283988558934
"chr9-0126",0.0499054227015142
"chr9-0127",0.0158156580297809
"chr9-0128",-0.0499135489255018
"chr9-0129",-0.0438078194674384
"chr9-0130",0.0194014754023381
"chr9-0131",0.0698229007670676
"chr9-0132",-0.0180443494186394
"chr9-0133",0.0593079139540372
"chr9-0134",0.0506441049021607
"chr9-0135",-0.00622555886588718
"chr9-0136",0.159226695079048
"chr9-0137",0.0108902905646655
"chr9-0138",0.040656530405244
"chr9-0139",-0.253070752650059
"chr9-0140",0.243738345820549
"chr9-0141",-0.121771774799284
"chr9-0142",0.0732774712048442
"chr9-0143",-0.0381577062169063
"chr9-0144",0.0947617047689371
"chr9-0145",-0.0258747879334896
"chr9-0146",-0.0943453832596738
"chr9-0147",0.233620454172502
"chr9-0148",0.0134297043486135
"chr9-0149",0.0628596612665043
"chr9-0150",-0.0631568903556172
"chr9-0151",-0.219954623345636
"chr9-0152",-0.14433916359492
"chr9-0153",-0.0999471719258654
"chr9-0154",-0.0884684266651567
"chr9-0155",0.0622285996427152
"chr9-0156",0.0725844989435303
"chr9-0157",0.14383225294287
"chr9-0158",0.0324895009655573
"chr9-0159",0.0973478477796961
"chr9-0160",0.0802293158376652
"chr9-0161",0.0551834407073329
"chr9-0162",0.0157320297932039
"chr9-0163",-0.165028348446538
"chr9-0164",-0.133354416400944
"chr9-0165",-0.0353104916760208
"chr9-0166",-0.094910261563763
"chr9-0167",-0.0531481545592781
"chr9-0168",0.00684321218088317
"chr9-0169",0.0952719174248165
"chr9-0170",-0.0685668561649946
"chr9-0171",0.0753299051016792
"chr9-0172",-0.0540391225481616
"chr9-0173",-0.0616743965411996
"chr9-0174",-0.0157770080756292
"chr9-0175",0.029819267836942
"chr9-0176",0.0629997919405093
"chr9-0177",0.0793310622500543
"chr9-0178",0.0435222633496069
"chr9-0179",-0.0117689769755572
"chr9-0180",-0.0365468477152655
"chr9-0181",0.138779846548356
"chr9-0182",0.0806581017596394
"chr9-0183",0.162552921803179
"chr9-0184",0.278809038426123
"chr9-0185",0.037195464810858
"chr9-0186",-0.0302507217684921
"chr9-0187",-0.0739636462436675
"chr9-0188",-0.0264897055215325
"chr9-0189",0.0702435379014459
"chr9-0190",0.0972483658561369
"chr9-0191",0.167237540770787
"chr9-0192",0.17231734472767
"chr9-0193",0.297659112263953
"chr9-0194",0.152826631506756
"chr9-0195",-0.30013237188342
"chr9-0196",0.0243157935757537
"chr9-0197",-0.089924808873356
"chr9-0198",0.00929422162752555
"chr9-0199",-0.251702057453408
"chr9-0200",-0.104429621108634
"chr9-0201",0.0691841853606348
"chr9-0202",-0.0550470632256502
"chr9-0203",0.156173548268945
"chr9-0204",0.0962724833867599
"chr9-0205",0.130823564069114
"chr9-0206",0.0585534064794579
"chr9-0207",0.164454319407272
"chr9-0208",0.148834960778281
"chr9-0209",0.206629195537316
"chr9-0210",0.0860204876529959
"chr9-0211",0.0736500828223775
"chr9-0212",0.0261185578282438
"chr9-0213",-0.102726917918912
"chr9-0214",0.11177998263311
"chr9-0215",0.243436173606751
"chr9-0216",0.2134754853494
"chr9-0217",0.214353488872098
"chr9-0218",0.186422540228194
"chr9-0219",0.148769802040829
"chr9-0220",0.168466187833744
"chr9-0221",0.0451808949428573
"chr9-0222",0.140469633599845
"chr9-0223",0.242238417053321
"chr9-0224",0.0474571764205198
"chr9-0225",0.123713515725851
"chr9-0226",0.141696406255933
"chr9-0227",0.174396208444373
"chr9-0228",-0.259933002797716
"chr9-0229",0.207942247317476
"chr9-0230",0.0451193628893899
"chr9-0231",-0.00888355388353689
"chr9-0232",0.118765079347435
"chr9-0233",0.136815267370752
"chr9-0234",0.0642430303201377
"chr9-0235",0.289782673540776
"chr9-0236",0.0100490960499548
"chr9-0237",0.237613105340785
"chr9-0238",-0.0917494910163695
"chr9-0239",0.125122306043003
"chr9-0240",0.0383696284640444
"chr9-0241",0.148732247088606
"chr9-0242",0.0965245226307812
"chr9-0243",0.144600141104917
"chr9-0244",-0.0869085432703433
"chr9-0245",0.126249789695369
"chr9-0246",0.0629235680440716
"chr9-0247",0.146699435397595
"chr9-0248",0.0396380320247698
"chr9-0249",0.138044423468991
"chr9-0250",0.0421886011313722
"chr9-0251",-0.0881096105186504
"chr9-0252",-0.309987933091299
"chr9-0253",0.0505286340798361
"chr9-0254",0.123562294259225
"chr9-0255",0.124126175768293
"chr9-0256",0.219938850474259
"chr9-0257",0.0253452932414368
"chr9-0258",0.0150170449814151
"chr9-0259",0.160773114080235
"chr9-0260",0.0229661779716308
"chr9-0261",0.00200305925587049
"chr9-0262",-0.0265985726985192
"chr9-0263",0.0956983116363957
"chr9-0264",0.122423809584375
"chr9-0265",-0.0228953450575601
"chr9-0266",0.306820638189138
"chr9-0267",0.27351025484481
"chr9-0268",-0.0241344385182059
"chr9-0269",0.00152321758068383
"chr9-0270",0.162084827437119
"chr9-0271",0.119897428548029
"chr9-0272",-0.0362801568752755
"chr9-0273",0.219588589587424
"chr9-0274",-0.0934868841929858
"chr9-0275",0.0939991770161077
"chr9-0276",-0.00851174380282316
"chr9-0277",0.0111194405498669
"chr9-0278",-0.124317795487738
"chr9-0279",0.17769327432615
"chr9-0280",0.111073147154317
"chr9-0281",0.100106614076599
"chr9-0282",0.00253594351049016
"chr9-0283",0.0583041909668401
"chr9-0284",-0.0901736594188656
"chr9-0285",0.0113619259311439
"chr9-0286",0.0141254002581896
"chr9-0287",0.175906149096503
"chr9-0288",-0.260893982953637
"chr9-0289",-0.0748017095952915
"chr9-0290",-0.0405159356931677
"chr9-0291",-0.0180719265174234
"chr9-0292",0.0557627449244886
"chr9-0293",0.102284526415629
"chr9-0294",0.158490211707259
"chr9-0295",0.13428376241138
"chr9-0296",0.0229141865100971
"chr9-0297",0.0163960362622394
"chr9-0298",0.0247693868890998
"chr9-0299",-0.00234248879807116
"chr9-0300",-0.240243034900038
"chr9-0301",-0.0905763210532565
"chr9-0302",-0.0334333662195982
"chr9-0303",0.0245018536461066
"chr9-0304",0.116183998768755
"chr9-0305",0.0336573692458431
"chr9-0306",0.216833375333615
"chr9-0307",0.196409318282056
"chr9-0308",0.108408269052242
"chr9-0309",0.263957833504893
"chr9-0310",0.116328162613012
"chr9-0311",0.104849148937614
"chr9-0312",0.121306192617705
"chr9-0313",-0.0257132628270611
"chr9-0314",0.116180152257083
"chr9-0315",0.170506829033638
"chr9-0316",0.0684247411271842
"chr9-0317",0.137734556243332
"chr9-0318",0.120877011953091
"chr9-0319",0.124363489653561
"chr9-0320",0.190518798014932
"chr9-0321",0.248107198254887
"chr9-0322",0.0500152695473549
"chr9-0323",0.0263274888984721
"chr9-0324",0.0143555516299676
"chr9-0325",-0.0679141421294287
"chr9-0326",-0.0834707850860036
"chr9-0327",0.143561657300508
"chr9-0328",-0.0451455172745256
"chr9-0329",-0.0554981692917741
"chr9-0330",0.113903970256599
"chr9-0331",-0.00967268640557692
"chr9-0332",0.0237292108344846
"chr9-0333",-0.201635353249327
"chr9-0334",0.0251222655809006
"chr9-0335",-0.060695605343578
"chr9-0336",-0.0515962585182404
"chr9-0337",-0.195853705796511
"chr9-0338",-0.0339924966195401
"chr9-0339",0.0162936498803065
"chr9-0340",-0.0275387866820134
"chr9-0341",0.0370557902452892
"chr9-0342",0.0542120075239685
"chr9-0343",0.15686274201695
"chr9-0344",0.171645553754924
"chr9-0345",0.0606112866520346
"chr9-0346",0.149995156398448
"chr9-0347",-0.00617867538746269
"chr9-0348",0.213722645483419
"chr9-0349",0.128923649383714
"chr9-0350",0.0257829137825203
"chr9-0351",0.0362912536597802
"chr9-0352",0.0330131910875633
"chr9-0353",0.218928001243084
"chr9-0354",0.109486097029697
"chr9-0355",-0.0822088504743485
"chr9-0356",0.144060107665206
"chr9-0357",0.0110273447990227
"chr9-0358",0.188237090013695
"chr9-0359",0.288485826627131
"chr9-0360",0.12066732238891
"chr9-0361",-0.0348258745080948
"chr9-0362",0.0283343231708717
"chr9-0363",0.032685488765116
"chr9-0364",-0.0713172042902258
"chr9-0365",0.0566854238125519
"chr9-0366",-0.00525416374104504
"chr9-0367",-0.0274482309227122
"chr9-0368",-0.0353105033993388
"chr9-0369",0.0363691794323709
"chr9-0370",-0.0457351075198247
"chr9-0371",0.202084193766163
"chr9-0372",0.231067585221723
"chr9-0373",0.0819298716116824
"chr9-0374",0.111592321609481
"chr9-0375",-0.241142899559127
"chr9-0376",-0.142698931469785
"chr9-0377",0.0462225982042232
"chr9-0378",0.152966197262849
"chr9-0379",0.0986215458660183
"chr9-0380",0.0473216511805548
"chr9-0381",-0.107118123275015
"chr9-0382",0.154313114577369
"chr9-0383",0.263311909473913
"chr9-0384",-0.0515510025702773
"chr9-0385",-0.0735977920741653
"chr9-0386",-0.0690058846887944
"chr9-0387",0.0482122991434437
"chr9-0388",0.0888300575985465
"chr9-0389",0.0550347892968232
"chr9-0390",0.0838441174567589
"chr9-0391",0.138814545814286
"chr9-0392",0.132127302544401
"chr9-0393",-0.0575968083780806
"chr9-0394",0.22797004613394
"chr9-0395",0.143267055323244
"chr9-0396",0.12906928511964
"chr9-0397",0.282794360097757
"chr9-0398",0.17047051803539
"chr9-0399",0.0171816110122755
"chr9-0400",-0.103551551029145
"chr9-0401",0.0186259710066845
"chr9-0402",-0.0569429932638459
"chr9-0403",-0.127632730480839
"chr9-0404",-0.0952202043226838
"chr9-0405",-0.106259346433851
"chr9-0406",0.165688729952462
"chr9-0407",0.0140199073086708
"chr9-0408",0.0355140938746848
"chr9-0409",0.108955473466648
"chr9-0410",-0.0408535196590037
"chr9-0411",0.183108993580812
"chr9-0412",-0.00291245911689146
"chr9-0413",-0.0715563493503174
"chr9-0414",-0.231780821493745
"chr9-0415",-0.227267582723462
"chr9-0416",0.0842786419020866
"chr9-0417",0.0948074490676091
"chr9-0418",-0.0211154333907776
"chr9-0419",0.0587567620617921
"chr9-0420",-0.035862698787404
"chr9-0421",0.0296897573004087
"chr9-0422",0.107956493186977
"chr9-0423",0.0328656462217127
"chr9-0424",-0.0092763174641947
"chr9-0425",-0.00208912778713487
"chr9-0426",0.0682758173925281
"chr9-0427",-0.0326184489356237
"chr9-0428",0.030068090613391
"chr9-0429",0.0382356090279058
"chr9-0430",-0.0275065638009806
"chr9-0431",0.0422366153315591
"chr9-0432",0.152053289585174
"chr9-0433",0.129589870425045
"chr9-0434",0.0179834112414303
"chr9-0435",0.00316972655255412
"chr9-0436",0.0989202572753351
"chr9-0437",0.0318452699160977
"chr9-0438",-0.0487237161520787
"chr9-0439",0.0908141971908263
"chr9-0440",0.112660853705013
"chr9-0441",0.166923448150438
"chr9-0442",0.240081319809164
"chr9-0443",0.121784093108292
"chr9-0444",0.0732750003463699
"chr9-0445",0.105550364086166
"chr9-0446",0.046811957947947
"chr9-0447",0.0673578249638205
"chr9-0448",-0.247415752828562
"chr9-0449",0.103321496982889
"chr9-0450",-0.0771730894821166
"chr9-0451",0.118698329426258
"chr9-0452",0.176872813878333
"chr9-0453",0.0417425957286629
"chr9-0454",0.0645792682826777
"chr9-0455",0.0794358305373678
"chr9-0456",-0.00246450760913197
"chr9-0457",-0.0636709717359409
"chr9-0458",0.0152185456362358
"chr9-0459",0.158232655758483
"chr9-0460",0.0305885957467221
"chr9-0461",0.149586973182751
"chr9-0462",0.0871553438327656
"chr9-0463",-0.0716563374218608
"chr9-0464",0.0113386048793442
"chr9-0465",-0.00804368890847029
"chr9-0466",-0.0947455818912809
"chr9-0467",-0.0529590915080645
"chr9-0468",-0.0285007464591683
"chr9-0469",0.271099652014213
"chr9-0470",-0.00724794911534928
"chr9-0471",-0.0237780145929024
"chr9-0472",-0.153410812287024
"chr9-0473",-0.153424926483007
"chr9-0474",-0.109526421846409
"chr9-0475",-0.0686555939542468
"chr9-0476",-0.2344934767099
"chr9-0477",0.125003970004053
"chr9-0478",0.105695577163484
"chr9-0479",-0.179515092697914
"chr9-0480",0.0477169617872419
"chr9-0481",0.0648915504085143
"chr9-0482",0.16102569266698
"chr9-0483",0.0652132032515031
"chr9-0484",0.189595844013655
"chr9-0485",0.130614646018655
"chr9-0486",0.120126630738531
"chr9-0487",-0.0588183576964701
"chr9-0488",-0.0721864682815629
"chr9-0489",-0.0765928520586043
"chr9-0490",-0.0175912203869018
"chr9-0491",0.0770527877841721
"chr9-0492",0.00658886661908468
"chr9-0493",0.0582836197659388
"chr9-0494",-0.0211902657991991
"chr9-0495",0.111681649578725
"chr9-0496",-0.0353291059738551
"chr9-0497",-0.0229614258638528
"chr9-0498",-0.115145184797391
"chr9-0499",-0.0289901942732067
"chr9-0500",-0.158048407668187
"chr9-0501",-0.0147818587348563
"chr9-0502",0.361914214145769
"chr9-0503",0.096416271661399
"chr9-0504",0.00528821725867967
"chr9-0505",0.129958920285826
"chr9-0506",0.0347864106964293
"chr9-0507",0.11525215442115
"chr9-0508",-0.0583935796866536
"chr9-0509",0.108073416688208
"chr9-0510",0.151728094615698
"chr9-0511",0.0698366619795341
"chr9-0512",-0.0566702014085317
"chr9-0513",-0.0898728669179215
"chr9-0514",-0.0319415091783096
"chr9-0515",-0.0618687912712531
"chr9-0516",-0.0899179711750957
"chr9-0517",0.0892284391295623
"chr9-0518",0.099187478753091
"chr9-0519",0.111170633943774
"chr9-0520",-0.0129511988779866
"chr9-0521",0.101282293879621
"chr9-0522",0.0526641596409998
"chr9-0523",-0.0283565197346328
"chr9-0524",-0.0370230710744862
"chr9-0525",-0.00498338922454046
"chr9-0526",-0.0990352225819881
"chr9-0527",-0.108505933571875
"chr9-0528",-0.0930836834233929
"chr9-0529",0.11723966094197
"chr9-0530",0.0662199903002164
"chr9-0531",0.16914956591328
"chr9-0532",-0.176925451936412
"chr9-0533",-0.04426510969525
"chr9-0534",-0.0161304698042243
"chr9-0535",0.163695284831893
"chr9-0536",-0.0736472776144844
"chr9-0537",-0.0705130964362993
"chr9-0538",0.0314263330367735
"chr9-0539",0.132117378765894
"chr9-0540",0.0630655563641389
"chr9-0541",0.0231426671541943
"chr9-0542",-0.0134070059643136
"chr9-0543",0.0616873939381217
"chr9-0544",-0.262765925168918
"chr9-0545",-0.136538588977486
"chr9-0546",0.0806842216717341
"chr9-0547",-0.119809310070119
"chr9-0548",0.0473383396023653
"chr9-0549",0.121035207083658
"chr9-0550",0.163885817310508
"chr9-0551",-0.151958436874426
"chr9-0552",-0.0308887042577594
"chr9-0553",-0.0258846886248076
"chr9-0554",-0.0498837229827324
"chr9-0555",-0.110921990586179
"chr9-0556",-0.0855579672466679
"chr9-0557",-0.0251776773507687
"chr9-0558",-0.0119726712858104
"chr9-0559",-0.0298761312604379
"chr9-0560",0.0306417264134068
"chr9-0561",0.11698551276401
"chr9-0562",-0.0743556004186541
"chr9-0563",0.0768783076622266
"chr9-0564",-0.240325847270923
"chr9-0565",-0.0467427623009364
"chr9-0566",-0.137134820369925
"chr9-0567",0.0464396693472411
"chr9-0568",-0.025277411789867
"chr9-0569",-0.0206518301890384
"chr9-0570",-0.0689833014543239
"chr9-0571",-0.0527367778269241
"chr9-0572",0.0240809268284021
"chr9-0573",-0.00309916159460855
"chr9-0574",-0.0959046586258535
"chr9-0575",-0.085732723478334
"chr9-0576",0.0452140308959062
"chr9-0577",-0.097819595495898
"chr9-0578",-0.165342855196862
"chr9-0579",-0.0362691226061507
"chr9-0580",-0.105157552820228
"chr9-0581",0.0353053080468691
"chr9-0582",0.0204162092855203
"chr9-0583",-0.0649306621685518
"chr9-0584",-0.038221767087416
"chr9-0585",-0.176622169953702
"chr9-0586",0.0818358975258273
"chr9-0587",-0.186493627623127
"chr9-0588",-0.0889086550963455
"chr9-0589",0.00397673508194518
"chr9-0590",0.0990621352258416
"chr9-0591",0.112344813065239
"chr9-0592",0.0415054037553639
"chr9-0593",0.000629607186917804
"chr9-0594",-0.145774075127086
"chr9-0595",-0.141415008281796
"chr9-0596",0.0217430692376949
"chr9-0597",0.211331510026998
"chr9-0598",-0.212061199130511
"chr9-0599",0.0326503868713064
"chr9-0600",-0.207591890343715
"chr9-0601",-0.138698053295563
"chr9-0602",-0.052056036080552
"chr9-0603",-0.0598377075254878
"chr9-0604",0.0334075457934521
"chr9-0605",0.102250220260071
"chr9-0606",0.0962457163028348
"chr9-0607",0.0310495170055896
"chr9-0608",0.00940021036629206
"chr9-0609",0.18810352928268
"chr9-0610",-0.112506018455122
"chr9-0611",0.100729199738035
"chr9-0612",-0.0492297395777567
"chr9-0613",-0.00799142524644842
"chr9-0614",0.0334634534038039
"chr9-0615",-0.150070414744679
"chr9-0616",-0.0202376581347978
"chr9-0617",-0.0211102915405577
"chr9-0618",0.0828949910897135
"chr9-0619",-0.00589056019409946
"chr9-0620",-0.0657444637470189
"chr9-0621",0.000819868426729428
"chr9-0622",-0.0443042728027869
"chr9-0623",-0.294407377466425
"chr9-0624",-0.230081236261312
"chr9-0625",-0.087825506782145
"chr9-0626",0.159581882461821
"chr9-0627",0.0518903969202443
"chr9-0628",-0.0151841234050872
"chr9-0629",-0.0311042054288531
"chr9-0630",0.00249694089699807
"chr9-0631",-0.0479809350728277
"chr9-0632",0.00236866707872414
"chr9-0633",-0.0727550142630878
"chr9-0634",0.0248212355985282
"chr9-0635",0.0568723875013813
"chr9-0636",-0.0180052873727273
"chr9-0637",-0.0446939129526836
"chr9-0638",-0.0465645358145692
"chr9-0639",-0.0872893371810097
"chr9-0640",-0.0501712583844033
"chr9-0641",0.0463434722747167
"chr9-0642",0.0298650222095642
"chr9-0643",0.0061338577056437
"chr9-0644",0.0172704637268725
"chr9-0645",0.0209801532812434
"chr9-0646",0.0283213782021856
"chr9-0647",0.0172504754874323
"chr9-0648",0.0784791266696498
"chr9-0649",0.113283819759879
"chr9-0650",-0.0719054739388255
"chr9-0651",-0.0736322745760373
"chr9-0652",-0.00959399489805596
"chr9-0653",0.132326063945188
"chr9-0654",0.0225750352838593
"chr9-0655",0.0164524281025405
"chr9-0656",0.0138696233845038
"chr9-0657",0.158209896264359
"chr9-0658",0.0150521703312906
"chr9-0659",0.0837427259020934
"chr9-0660",-0.0351236015229032
"chr9-0661",0.0745251796390719
"chr9-0662",0.0939464465928383
"chr9-0663",-0.0639017845642602
"chr9-0664",0.0700990228229218
"chr9-0665",0.138585157701443
"chr9-0666",-0.0582237401937695
"chr9-0667",0.00997516328015603
"chr9-0668",-0.127291935203685
"chr9-0669",-0.0548719015893938
"chr9-0670",-0.0198788702288507
"chr9-0671",-0.0522625826406822
"chr9-0672",-0.00191012860140743
"chr9-0673",0.0132865508352191
"chr9-0674",0.0452215891723182
"chr9-0675",-0.234155905776321
"chr9-0676",-0.0252192711124623
"chr9-0677",-0.018024694219308
"chr9-0678",-0.0382126958496553
"chr9-0679",0.156524585754379
"chr9-0680",0.0323968262622088
"chr9-0681",0.114688822142636
"chr9-0682",0.0748133352323599
"chr9-0683",-0.00906130636259996
"chr9-0684",0.0243384751611568
"chr9-0685",0.0375075963385144
"chr9-0686",0.000418758548258272
"chr9-0687",0.00507181704785428
"chr9-0688",-0.108493275233424
"chr9-0689",-0.0881161159580628
"chr9-0690",0.1257355694983
"chr9-0691",0.0030682640690434
"chr9-0692",0.0503789914994908
"chr9-0693",0.125119585944601
"chr9-0694",-0.0193324057942255
"chr9-0695",0.00863920734734535
"chr9-0696",0.0120144853717744
"chr9-0697",0.109935895039892
"chr9-0698",0.043459120239151
"chr9-0699",0.150886355872832
"chr9-0700",0.0703444484197313
"chr9-0701",0.122265717977262
"chr9-0702",0.111471819248187
"chr9-0703",0.0942352117187022
"chr9-0704",0.00984314098868355
"chr9-0705",-0.0923468587050712
"chr9-0706",-0.0303961644594872
"chr9-0707",-0.00430236856859548
"chr9-0708",0.199647017839103
"chr9-0709",0.103743261980984
"chr9-0710",-0.0868142513566188
"chr9-0711",0.0435371085303003
"chr9-0712",0.0647655990839302
"chr9-0713",0.058765859279393
"chr9-0714",0.0480089693912829
"chr9-0715",0.060654388056767
"chr9-0716",-0.0288767265120844
"chr9-0717",0.104120157877609
"chr9-0718",0.0382546878919326
"chr9-0719",-0.0443359484638567
"chr9-0720",0.0310570502724478
"chr9-0721",0.105871112562705
"chr9-0722",0.111567168347168
"chr9-0723",-0.0895834637047107
"chr9-0724",0.00376465351098159
"chr9-0725",0.086163184629801
"chr9-0726",0.0693175119197922
"chr9-0727",0.195448155032696
"chr9-0728",0.12742459321451
"chr9-0729",0.048302976381946
"chr9-0730",0.0287569080089183
"chr9-0731",0.0963419999385908
"chr9-0732",-0.150667502534155
"chr9-0733",-0.0462876793813466
"chr9-0734",0.158355630647573
"chr9-0735",-0.0116507227917779
"chr9-0736",-0.054505663275768
"chr9-0737",0.0733147447028879
"chr9-0738",0.131296835441619
"chr9-0739",0.146576900858459
"chr9-0740",0.0264513401202623
"chr9-0741",-0.0306972071027213
"chr9-0742",-0.0543190550705525
"chr9-0743",0.0143793283819303
"chrX-0001",0.412305444265894
"chrX-0002",0.247371372163233
"chrX-0003",0.49043849523443
"chrX-0004",0.556624580844025
"chrX-0005",0.343166352595878
"chrX-0006",0.355154507494917
"chrX-0007",0.629551185340837
"chrX-0008",0.542299442680647
"chrX-0009",0.636062655781487
"chrX-0010",0.454505106524886
"chrX-0011",0.568302866593893
"chrX-0012",0.80723680061178
"chrX-0013",0.480140161346877
"chrX-0014",0.367610778272335
"chrX-0015",0.54524195095094
"chrX-0016",0.492521656770582
"chrX-0017",0.688424718890185
"chrX-0018",0.622103417584814
"chrX-0019",0.542487388095396
"chrX-0020",0.50430427478979
"chrX-0021",0.533595360802244
"chrX-0022",0.676177756346544
"chrX-0023",0.658275225576203
"chrX-0024",0.561494812230172
"chrX-0025",0.575278826885717
"chrX-0026",0.679209429280512
"chrX-0027",0.711177632275175
"chrX-0028",0.834875633877995
"chrX-0029",0.987888444724352
"chrX-0030",0.863478821866232
"chrX-0031",0.712045556045964
"chrX-0032",0.719236068675996
"chrX-0033",0.792812239594059
"chrX-0034",0.653855608531871
"chrX-0035",0.616140566453541
"chrX-0036",0.680388055833505
"chrX-0037",0.700965257330591
"chrX-0038",0.57561401834138
"chrX-0039",0.690602557818155
"chrX-0040",0.603483131634425
"chrX-0041",0.509961093591725
"chrX-0042",0.459820895779712
"chrX-0043",0.467928247849903
"chrX-0044",0.737737388841945
"chrX-0045",0.610945264073133
"chrX-0046",0.693943670946764
"chrX-0047",0.941418266512896
"chrX-0048",0.582721450178271
"chrX-0049",0.810990783219628
"chrX-0050",0.412655593825611
"chrX-0051",0.623286938989671
"chrX-0052",0.640306770489916
"chrX-0053",0.591838495961789
"chrX-0054",0.253475616912926
"chrX-0055",0.788303174095255
"chrX-0056",0.555230804222311
"chrX-0057",0.395219941031491
"chrX-0058",0.544392968986109
"chrX-0059",0.606396322379211
"chrX-0060",0.69525080710365
"chrX-0061",0.714704050286099
"chrX-0062",0.70464727800216
"chrX-0063",0.645119698370437
"chrX-0064",0.600445919662154
"chrX-0065",0.395645333888865
"chrX-0066",0.553183232568064
"chrX-0067",0.613886994010052
"chrX-0068",0.383478115733869
"chrX-0069",0.440561315412291
"chrX-0070",0.525541381812068
"chrX-0071",0.585329559381254
"chrX-0072",0.50239737398042
"chrX-0073",0.601749183966291
"chrX-0074",0.569756781822628
"chrX-0075",0.601998142571403
"chrX-0076",0.64663196272994
"chrX-0077",0.493563853149213
"chrX-0078",0.79280419357729
"chrX-0079",0.775584458837796
"chrX-0080",0.830131298036186
"chrX-0081",0.749786896571245
"chrX-0082",0.698188814879274
"chrX-0083",0.571196996087039
"chrX-0084",0.655239016906435
"chrX-0085",0.615842068847577
"chrX-0086",0.683804192549872
"chrX-0087",0.381156820492213
"chrX-0088",0.395742277992083
"chrX-0089",0.874732018227013
"chrX-0090",0.305005768346567
"chrX-0091",0.398731059154522
"chrX-0092",0.43888828657421
"chrX-0093",0.486376159878922
"chrX-0094",0.604802265204074
"chrX-0095",0.52083974205213
"chrX-0096",0.633306970601489
"chrX-0097",0.702526012057366
"chrX-0098",0.634745755367194
"chrX-0099",0.606543105264191
"chrX-0100",0.609686730191859
"chrX-0101",0.586707371469755
"chrX-0102",0.635410732250962
"chrX-0103",0.440080370805563
"chrX-0104",0.654867317569921
"chrX-0105",0.718200663886889
"chrX-0106",0.847972730196748
"chrX-0107",0.79419609976439
"chrX-0108",0.691585225936348
"chrX-0109",0.630271960746261
"chrX-0110",0.454450656483957
"chrX-0111",0.586823098269
"chrX-0112",0.568389297934069
"chrX-0113",0.805895401730589
"chrX-0114",0.772160682452284
"chrX-0115",0.670487182806144
"chrX-0116",0.566952006368678
"chrX-0117",0.53926186294112
"chrX-0118",0.466251698618284
"chrX-0119",0.705916581564281
"chrX-0120",0.675923290605685
"chrX-0121",0.76622099912631
"chrX-0122",0.630423145295698
"chrX-0123",0.466570089151145
"chrX-0124",0.41668025446286
"chrX-0125",0.38237823976879
"chrX-0126",0.449548276771138
"chrX-0127",0.601983998125005
"chrX-0128",0.491591278921751
"chrX-0129",0.419629386435275
"chrX-0130",0.469966306441318
"chrX-0131",0.483480745640061
"chrX-0132",0.296650977805963
"chrX-0133",0.530086437610888
"chrX-0134",0.496244729676683
"chrX-0135",0.485648950347731
"chrX-0136",0.493967572665524
"chrX-0137",0.588831519554775
"chrX-0138",0.0943456420089898
"chrX-0139",0.39197358193597
"chrX-0140",0.537918062714492
"chrX-0141",0.697336811434666
"chrX-0142",0.846826200528277
"chrX-0143",0.629409497892839
"chrX-0144",0.576795860200839
"chrX-0145",0.868029641199279
"chrX-0146",0.716058679156107
"chrX-0147",0.603114975300993
"chrX-0148",0.417934444262122
"chrX-0149",0.392048873283805
"chrX-0150",0.464285182957679
"chrX-0151",0.760546825163541
"chrX-0152",0.508327405897606
"chrX-0153",0.362688243806786
"chrX-0154",0.690751974505944
"chrX-0155",0.651659980448914
"chrX-0156",0.58908381041188
"chrX-0157",0.583524372273187
"chrX-0158",0.636997758718324
"chrX-0159",0.6409011416298
"chrX-0160",0.786763703665626
"chrX-0161",0.361534584058828
"chrX-0162",0.242118372444058
"chrX-0163",0.635113058236676
"chrX-0164",0.481754063712013
"chrX-0165",0.276507666256368
"chrX-0166",0.606245549207731
"chrX-0167",0.125907842574672
"chrX-0168",0.530603440558422
"chrX-0169",0.577418216496245
"chrX-0170",0.525200053087921
"chrX-0171",0.746678451717326
"chrX-0172",0.230859159452296
"chrX-0173",0.798132120589554
"chrX-0174",0.576168975194243
"chrX-0175",0.484300704764892
"chrX-0176",0.181821875411861
"chrX-0177",0.0625504586953069
"chrX-0178",0.500925642767727
"chrX-0179",0.52928244695874
"chrX-0180",0.561922282422997
"chrX-0181",0.458629302208752
"chrX-0182",0.350451661042188
"chrX-0183",0.386510142860541
"chrX-0184",0.200232835774949
"chrX-0185",0.438222202515581
"chrX-0186",0.503551660240248
"chrX-0187",0.511167638632818
"chrX-0188",0.459486700023767
"chrX-0189",0.535868274764268
"chrX-0190",0.467923190954982
"chrX-0191",0.317915390495854
"chrX-0192",0.501626518736886
"chrX-0193",0.461746390040087
"chrX-0194",0.341942500127428
"chrX-0195",0.418744877870884
"chrX-0196",0.406820417200501
"chrX-0197",0.702604498242782
"chrX-0198",0.563089250250416
"chrX-0199",0.57977821299763
"chrX-0200",0.509601538179694
"chrX-0201",0.547951365047617
"chrX-0202",0.504815066134171
"chrX-0203",0.487509055973103
"chrX-0204",0.529750042885447
"chrX-0205",0.598074425815957
"chrX-0206",0.316151921227726
"chrX-0207",0.433903022289353
"chrX-0208",0.354990946632174
"chrX-0209",0.548585265615494
"chrX-0210",0.434691006873736
"chrX-0211",0.475673930188609
"chrX-0212",0.42295785305988
"chrX-0213",0.531191016957585
"chrX-0214",0.370252805272637
"chrX-0215",0.572071729744749
"chrX-0216",0.570433591873568
"chrX-0217",0.543598447850511
"chrX-0218",0.430350706377617
"chrX-0219",0.447860446006581
"chrX-0220",0.564344078803629
"chrX-0221",0.710273230518972
"chrX-0222",0.5752610843603
"chrX-0223",0.650479306964929
"chrX-0224",0.545503686697036
"chrX-0225",0.791996829457979
"chrX-0226",0.739557842124527
"chrX-0227",0.600806352923636
"chrX-0228",0.826589630653505
"chrX-0229",0.58142942806382
"chrX-0230",0.563336063764826
"chrX-0231",0.856853821171456
"chrX-0232",0.469274216361098
"chrX-0233",0.651824475983018
"chrX-0234",0.480429566936435
"chrX-0235",0.619538094113334
"chrX-0236",0.497726254311655
"chrX-0237",0.590342551164688
"chrX-0238",0.468502110491094
"chrX-0239",0.595567506487798
"chrX-0240",0.707714715694621
"chrX-0241",0.530711955097913
"chrX-0242",0.655115549759793
"chrX-0243",0.578206222280321
"chrX-0244",0.365356237376711
"chrX-0245",0.461922301035663
"chrX-0246",0.361910363666984
"chrX-0247",0.44318476878184
"chrX-0248",0.160789889425479
"chrX-0249",0.47833670828709
"chrX-0250",0.489357225196553
"chrX-0251",0.708236457927747
"chrX-0252",0.10601301200294
"chrX-0253",0.500991771677777
"chrX-0254",0.583185460675144
"chrX-0255",0.504846619049015
"chrX-0256",0.500852628328188
"chrX-0257",0.402871854982524
"chrX-0258",0.309343413699406
"chrX-0259",0.298401642250078
"chrX-0260",0.24522913278199
"chrX-0261",0.686178064523382
"chrX-0262",0.21946044834665
"chrX-0263",0.470938442034498
"chrX-0264",0.506155084801074
"chrX-0265",0.223996312956616
"chrX-0266",0.351698991307445
"chrX-0267",0.669180895458463
"chrX-0268",0.626681256729734
"chrX-0269",0.607806956791382
"chrX-0270",0.42755755162838
"chrX-0271",0.15532232991019
"chrX-0272",0.385805130534071
"chrX-0273",0.602963733715666
"chrX-0274",0.496298525195585
"chrX-0275",0.382093208417759
"chrX-0276",0.566808310394631
"chrX-0277",0.194715615604827
"chrX-0278",0.598686763024464
"chrX-0279",0.600056267826698
"chrX-0280",0.465700236503676
"chrX-0281",0.440183065686926
"chrX-0282",0.632395884564694
"chrX-0283",0.604728724312548
"chrX-0284",0.273001267706637
"chrX-0285",0.50854114194974
"chrX-0286",0.488628801636752
"chrX-0287",0.425865717214203
"chrX-0288",0.717608017136831
"chrX-0289",0.560394640558059
"chrX-0290",0.467835329816192
"chrX-0291",0.616471778550258
"chrX-0292",0.458709798368492
"chrX-0293",0.751531119896826
"chrX-0294",0.178557339512795
"chrX-0295",0.736801212430119
"chrX-0296",0.537805442758992
"chrX-0297",0.46552852721326
"chrX-0298",0.0424507370570436
"chrX-0299",0.347246256076738
"chrX-0300",0.402758023486201
"chrX-0301",0.402879595009156
"chrX-0302",0.812402878727236
"chrX-0303",0.623855484558481
"chrX-0304",0.677324461142678
"chrX-0305",0.489425239981433
"chrX-0306",0.538949210296039
"chrX-0307",0.461044941354129
"chrX-0308",0.486273546368154
"chrX-0309",0.412834716912628
"chrX-0310",0.490860934483083
"chrX-0311",0.536215787943891
"chrX-0312",0.588752773464041
"chrX-0313",0.588952174838682
"chrX-0314",0.491049459403115
"chrX-0315",0.5931661672155
"chrX-0316",0.529161982377048
"chrX-0317",0.552382798850533
"chrX-0318",0.77381705570402
"chrX-0319",0.719367268602026
"chrX-0320",0.486954439813431
"chrX-0321",0.435045188028305
"chrX-0322",0.457468490144825
"chrX-0323",0.738845084425003
"chrX-0324",0.61628232830562
"chrX-0325",0.570967508098687
"chrX-0326",0.412004737507336
"chrX-0327",0.634360796650982
"chrX-0328",0.649974454772038
"chrX-0329",0.399517300740363
"chrX-0330",0.512377278465112
"chrX-0331",0.739052476546529
"chrX-0332",0.653170818380067
"chrX-0333",0.576855418830931
"chrX-0334",0.903027725601194
"chrX-0335",0.599254570980618
"chrX-0336",0.600324485841509
"chrX-0337",0.523478962081759
"chrX-0338",0.430855133316235
"chrX-0339",0.375054391813692
"chrX-0340",0.663589358594599
"chrX-0341",0.485305267085312
"chrX-0342",0.607185303573608
"chrX-0343",0.628240207043904
"chrX-0344",0.562222892723598
"chrX-0345",0.464729376617709
"chrX-0346",0.516284246248919
"chrX-0347",0.415533977333375
"chrX-0348",0.506098746849904
"chrX-0349",0.608286802556015
"chrX-0350",0.873402007159803
"chrX-0351",0.57837074305282
"chrX-0352",0.481552585048209
"chrX-0353",1.03466715965226
"chrX-0354",0.654725717657643
"chrX-0355",0.664398636973162
"chrX-0356",0.536604257380249
"chrX-0357",0.461961207837928
"chrX-0358",0.628831721640426
"chrX-0359",0.620619682415011
"chrX-0360",0.558673189136379
"chrX-0361",0.537812354055238
"chrX-0362",0.319853096502412
"chrX-0363",0.614767827400037
"chrX-0364",0.515130496676014
"chrX-0365",0.487706876984987
"chrX-0366",0.690566158097886
"chrX-0367",0.50304502437143
"chrX-0368",0.756207249061974
"chrX-0369",0.782440950001384
"chrX-0370",0.565496328029549
"chrX-0371",0.52750484714199
"chrX-0372",0.493387037514222
"chrX-0373",0.485569783132516
"chrX-0374",0.770102660799796
"chrX-0375",0.552497686163879
"chrX-0376",0.397873968714383
"chrX-0377",0.721934444032119
"chrX-0378",0.406523108996911
"chrX-0379",0.384977987953113
"chrX-0380",0.134384889985927
"chrX-0381",0.455829658629425
"chrX-0382",0.387921921688458
"chrX-0383",0.509363278406009
"chrX-0384",0.646413116699558
"chrX-0385",0.56359935485793
"chrX-0386",0.52549598779099
"chrX-0387",0.494558735121516
"chrX-0388",0.58895355952439
"chrX-0389",0.57467739038513
"chrX-0390",0.689762279359824
"chrX-0391",0.625991024811519
"chrX-0392",0.2358917065475
"chrX-0393",0.461343259456658
"chrX-0394",0.535359547943686
"chrX-0395",0.550049529502608
"chrX-0396",0.669680984228336
"chrX-0397",0.629364738485932
"chrX-0398",0.505831593855508
"chrX-0399",0.685273197893698
"chrX-0400",0.357795344123678
"chrX-0401",0.496077268510198
"chrX-0402",0.717775684072318
"chrX-0403",0.398661299212793
"chrX-0404",0.519799337787082
"chrX-0405",0.774580590237291
"chrX-0406",0.344831909887632
"chrX-0407",0.58285816174064
"chrX-0408",0.496551495275171
"chrX-0409",0.369853189416663
"chrX-0410",0.548397847105846
"chrX-0411",0.482301143854845
"chrX-0412",0.757603549552649
"chrX-0413",0.564203676464708
"chrX-0414",0.498114631772565
"chrX-0415",0.571534767083241
"chrX-0416",0.725295994301337
"chrX-0417",0.39400752538983
"chrX-0418",0.879089071484894
"chrX-0419",0.551724936101366
"chrX-0420",0.676820608341249
"chrX-0421",0.813176135354794
"chrX-0422",0.564722626883006
"chrX-0423",0.406197175444385
"chrX-0424",0.672382884178361
"chrX-0425",0.792067523865562
"chrX-0426",0.25208141416163
"chrX-0427",0.777982758083445
"chrX-0428",0.493115803708638
"chrX-0429",0.511901100805968
"chrX-0430",0.408635732896972
"chrX-0431",0.602748065330522
"chrX-0432",0.809046225600529
"chrX-0433",0.950292539739527
"chrX-0434",0.448967069292158
"chrX-0435",0.539646665905265
"chrX-0436",0.337280816231411
"chrX-0437",0.466146276333742
"chrX-0438",0.669906588120689
"chrX-0439",0.517594698708265
"chrX-0440",0.64793813796801
"chrX-0441",1.03790025301025
"chrX-0442",0.671607732150402
"chrX-0443",0.767277300736627
"chrX-0444",0.789439090186925
"chrX-0445",0.418471242416033
"chrX-0446",0.509649326725634
"chrX-0447",0.556824852354235
"chrX-0448",0.580053855805952
"chrX-0449",0.50792355192435
"chrX-0450",0.754504890352215
"chrX-0451",0.736365388363553
"chrX-0452",0.694997646180445
"chrX-0453",0.592316978589579
"chrX-0454",0.508674808424669
"chrX-0455",0.689463631014716
"chrX-0456",0.606166242363546
"chrX-0457",0.449078497354296
"chrX-0458",1.09546698603243
"chrX-0459",0.157610322797821
"chrX-0460",0.537284947570633
"chrX-0461",0.611648538483842
"chrX-0462",0.529980982784781
"chrX-0463",0.793932185295162
"chrX-0464",0.393300979085949
"chrX-0465",0.42623362439801
"chrX-0466",0.618574939358284
"chrX-0467",0.645222500183172
"chrX-0468",0.693190319453947
"chrX-0469",0.692225140688291
"chrX-0470",0.488686997945497
"chrX-0471",0.591691155485751
"chrX-0472",0.524316914094127
"chrX-0473",0.832352944625303
"chrX-0474",0.631147986609795
"chrX-0475",0.913166570093943
"chrX-0476",0.610392933220528
"chrX-0477",0.425032952539931
"chrX-0478",0.730551019954099
"chrX-0479",0.529103309551802
"chrX-0480",0.766527418488536
"chrX-0481",0.424246210180432
"chrX-0482",0.608469075625314
"chrX-0483",0.377878300092062
"chrX-0484",0.480783583448013
"chrX-0485",0.488624785742116
"chrX-0486",0.678169850131081
"chrX-0487",0.4361768961948
"chrX-0488",0.557744926567707
"chrX-0489",0.408249395204849
"chrX-0490",0.356650037311559
"chrX-0491",0.423498839553228
"chrX-0492",0.518036139475493
"chrX-0493",0.448849561218389
"chrX-0494",0.404704854802039
"chrX-0495",0.517342602891973
"chrX-0496",0.419057820888131
"chrX-0497",0.266593349434822
"chrX-0498",0.370547276234195
"chrX-0499",0.445537957364583
"chrX-0500",0.621320670687644
"chrX-0501",0.429873170325678
"chrX-0502",0.269900161947219
"chrX-0503",0.632798540604862
"chrX-0504",0.334579062267481
"chrX-0505",0.451332074724569
"chrX-0506",0.277488070066931
"chrX-0507",0.39272917618108
"chrX-0508",0.408559703180916
"chrX-0509",0.243724868645715
"chrX-0510",0.414044872291532
"chrX-0511",0.524420116752459
"chrX-0512",0.469274049311062
"chrX-0513",0.356868324225969
"chrX-0514",0.240757304175954
"chrX-0515",0.429684827210438
"chrX-0516",0.415533441403835
"chrX-0517",0.574808181263483
"chrX-0518",0.780516750815426
"chrX-0519",0.370012044786318
"chrX-0520",0.891669256284206
"chrX-0521",0.373909891717221
"chrX-0522",0.786612040974957
"chrX-0523",0.537332569971871
"chrX-0524",0.442173240954806
"chrX-0525",0.573524576892897
"chrX-0526",0.411582162921661
"chrX-0527",0.608983498242344
"chrX-0528",0.573838460349559
"chrX-0529",0.614101883344733
"chrX-0530",0.509144247713753
"chrY-0001",-2.93404259450134
"chrY-0002",-3.74999393791821
"chrY-0003",-3.21875011303277
"chrY-0004",-4.490267592831
"chrY-0005",-3.51935615121997
"chrY-0006",-0.467915988401206
"chrY-0007",-1.86764896860178
"chrY-0008",-3.76716407249482
"chrY-0009",-3.56873397592848
"chrY-0010",-3.05326306972593
"chrY-0011",-4.24303052877939
"chrY-0012",-3.36679243565943
"chrY-0013",-3.79028212423354
"chrY-0014",-3.33007214828168
"chrY-0015",-3.29232107896337
"chrY-0016",-4.04859562556301
