"","value"
"chr1-0001",-0.0635710770904028
"chr1-0002",-0.451183168546313
"chr1-0003",0.0331335419130919
"chr1-0004",-0.236509028971265
"chr1-0005",-0.251482661705814
"chr1-0006",-0.262844971362717
"chr1-0007",-0.244736907794211
"chr1-0008",-0.214403437217889
"chr1-0009",-0.371348090126367
"chr1-0010",-0.21966195349266
"chr1-0011",-0.22025067348528
"chr1-0012",-0.26474647025044
"chr1-0013",-0.45997021278581
"chr1-0014",-0.296032503643859
"chr1-0015",-0.265872811096855
"chr1-0016",-0.28777935549132
"chr1-0017",-0.282566990262114
"chr1-0018",-0.183408858966649
"chr1-0019",-0.286979395311723
"chr1-0020",-0.262759360766761
"chr1-0021",-0.382487295600417
"chr1-0022",-0.384090842272244
"chr1-0023",-0.321784658999588
"chr1-0024",-0.26182898943454
"chr1-0025",-0.253041983699452
"chr1-0026",-0.249700894405775
"chr1-0027",-0.283207652241756
"chr1-0028",-0.236935080384962
"chr1-0029",-0.280153591228473
"chr1-0030",-0.329489648371834
"chr1-0031",-0.219858516582121
"chr1-0032",-0.331542386329323
"chr1-0033",-0.291185477380941
"chr1-0034",-0.278967908646024
"chr1-0035",-0.359216695530886
"chr1-0036",-0.361045017172505
"chr1-0037",-0.147413866680653
"chr1-0038",-0.164268719607138
"chr1-0039",-0.301568385274594
"chr1-0040",-0.291750255475686
"chr1-0041",-0.302463079803027
"chr1-0042",-0.332622980531393
"chr1-0043",-0.374267806556686
"chr1-0044",-0.206899702201767
"chr1-0045",-0.196919975349025
"chr1-0046",-0.29105414267011
"chr1-0047",-0.366685887021544
"chr1-0048",-0.319896548883451
"chr1-0049",-0.381096538966842
"chr1-0050",-0.294924445186055
"chr1-0051",-0.303753839499228
"chr1-0052",-0.304447031156074
"chr1-0053",-0.323977311800456
"chr1-0054",-0.216690773291056
"chr1-0055",-0.211553824133464
"chr1-0056",-0.334403545872404
"chr1-0057",-0.341360658659877
"chr1-0058",-0.187068134957544
"chr1-0059",-0.318137858589666
"chr1-0060",-0.302782785624109
"chr1-0061",-0.373420171881524
"chr1-0062",-0.210835413673265
"chr1-0063",-0.191014308586961
"chr1-0064",-0.286619118925963
"chr1-0065",-0.450481845388369
"chr1-0066",-0.30830548589683
"chr1-0067",-0.483216129577041
"chr1-0068",-0.347748414199673
"chr1-0069",-0.258519889162403
"chr1-0070",-0.216948487842877
"chr1-0071",-0.0803616023988608
"chr1-0072",-0.273894647047759
"chr1-0073",-0.357415070982682
"chr1-0074",-0.299664659698219
"chr1-0075",-0.482649578457696
"chr1-0076",-0.39010430585276
"chr1-0077",-0.404368538116543
"chr1-0078",-0.267311300878667
"chr1-0079",-0.246100290663663
"chr1-0080",-0.447705753039036
"chr1-0081",-0.411159401617526
"chr1-0082",-0.409891537087497
"chr1-0083",-0.293390430955008
"chr1-0084",-0.245875363022411
"chr1-0085",-0.36587426549258
"chr1-0086",-0.339992330418132
"chr1-0087",-0.42071639074399
"chr1-0088",-0.24821385739209
"chr1-0089",-0.316096787206389
"chr1-0090",-0.54899306096204
"chr1-0091",-0.181338052476823
"chr1-0092",-0.188962493363226
"chr1-0093",-0.293601876764854
"chr1-0094",-0.328149079904219
"chr1-0095",-0.406465419864806
"chr1-0096",-0.438803309135038
"chr1-0097",-0.316828439891977
"chr1-0098",-0.460919671683319
"chr1-0099",-0.431686091186135
"chr1-0100",-0.343268082870116
"chr1-0101",-0.360877371078587
"chr1-0102",-0.338426662371085
"chr1-0103",-0.455235346783089
"chr1-0104",-0.394203813609071
"chr1-0105",-0.438822813138521
"chr1-0106",-0.4495081494011
"chr1-0107",-0.335800000038335
"chr1-0108",-0.319750513652708
"chr1-0109",-0.245388559670022
"chr1-0110",-0.319890003605671
"chr1-0111",-0.314417397252166
"chr1-0112",-0.450100734716804
"chr1-0113",-0.492922000984961
"chr1-0114",-0.325498741540363
"chr1-0115",-0.328069992697701
"chr1-0116",-0.474047338058446
"chr1-0117",-0.108855132074702
"chr1-0118",-0.345077670066167
"chr1-0119",-0.283693051099091
"chr1-0120",-0.335287959850192
"chr1-0121",-0.260128117242987
"chr1-0122",-0.472417844412932
"chr1-0123",-0.335317679768754
"chr1-0124",-0.264795627953822
"chr1-0125",-0.319444206981561
"chr1-0126",-0.387105117958852
"chr1-0127",-0.24547667436325
"chr1-0128",-0.294317886749258
"chr1-0129",-0.343849570287019
"chr1-0130",-0.334881422963816
"chr1-0131",-0.455367195866641
"chr1-0132",-0.305383603598889
"chr1-0133",-0.349103366985894
"chr1-0134",-0.254341016159749
"chr1-0135",-0.38298536611543
"chr1-0136",-0.328921468502977
"chr1-0137",-0.332297025396867
"chr1-0138",-0.400241344721424
"chr1-0139",-0.470802066455044
"chr1-0140",-0.13346981620127
"chr1-0141",-0.0198487200676297
"chr1-0142",0.0324339677557812
"chr1-0143",-0.188369813913585
"chr1-0144",-0.37158121976353
"chr1-0145",-0.380682262995749
"chr1-0146",-0.354189705617199
"chr1-0147",-0.41094126733402
"chr1-0148",-0.574122050347293
"chr1-0149",-0.312400987869386
"chr1-0150",-0.410491058113256
"chr1-0151",-0.2269393842505
"chr1-0152",-0.300143085480612
"chr1-0153",-0.327824043188542
"chr1-0154",-0.559201714911014
"chr1-0155",-0.305251430531275
"chr1-0156",-0.329646363631485
"chr1-0157",-0.311174984998604
"chr1-0158",-0.281971078699351
"chr1-0159",-0.631518964787319
"chr1-0160",-0.397616315797624
"chr1-0161",-0.428913730194689
"chr1-0162",-0.257051514079268
"chr1-0163",-0.301129983688975
"chr1-0164",-0.189199957930606
"chr1-0165",-0.138611549054802
"chr1-0166",-0.343817731357634
"chr1-0167",-0.204404679373424
"chr1-0168",-0.31530967185385
"chr1-0169",-0.416641024626026
"chr1-0170",-0.407874832404963
"chr1-0171",-0.280287374280442
"chr1-0172",-0.259763161836972
"chr1-0173",-0.282098219082452
"chr1-0174",-0.472139579141725
"chr1-0175",-0.352143627096575
"chr1-0176",-0.122997780181717
"chr1-0177",-0.225286633293918
"chr1-0178",-0.386643469578929
"chr1-0179",-0.407605895058639
"chr1-0180",-0.297836087828413
"chr1-0181",-0.354444609514301
"chr1-0182",-0.0895625018755266
"chr1-0183",-0.45834579254073
"chr1-0184",-0.44974254008986
"chr1-0185",-0.345680709880076
"chr1-0186",-0.358487605013301
"chr1-0187",-0.28567606541445
"chr1-0188",-0.322009420959097
"chr1-0189",-0.33051509905864
"chr1-0190",-0.36592434941656
"chr1-0191",-0.282093721757638
"chr1-0192",-0.474317930223923
"chr1-0193",-0.545572201822899
"chr1-0194",-0.305369384556948
"chr1-0195",-0.344223860416626
"chr1-0196",-0.410670724225415
"chr1-0197",-0.328003786183265
"chr1-0198",-0.215707407773915
"chr1-0199",-0.334011925409219
"chr1-0200",-0.274753033328023
"chr1-0201",-0.186950011380224
"chr1-0202",-0.29954464497991
"chr1-0203",-0.380312533412137
"chr1-0204",-0.514274701918925
"chr1-0205",-0.416079976053687
"chr1-0206",-0.364080778183695
"chr1-0207",-0.336251977141834
"chr1-0208",-0.361978875289009
"chr1-0209",-0.58040284265159
"chr1-0210",-0.349484705784112
"chr1-0211",-0.468383256941407
"chr1-0212",-0.348954296302287
"chr1-0213",-0.37241294777251
"chr1-0214",-0.346009165645184
"chr1-0215",-0.381822630236382
"chr1-0216",-0.220030727307588
"chr1-0217",-0.313691638985695
"chr1-0218",-0.298712421272066
"chr1-0219",-0.291766129237013
"chr1-0220",-0.390346208025494
"chr1-0221",-0.246857074392578
"chr1-0222",-0.146204500517348
"chr1-0223",-0.226070546211133
"chr1-0224",-0.384670930564676
"chr1-0225",-0.388637703653961
"chr1-0226",-0.509921203814537
"chr1-0227",-0.374098785159321
"chr1-0228",-0.350272197920228
"chr1-0229",-0.253773867653287
"chr1-0230",-0.323945904225748
"chr1-0231",-0.365694834620988
"chr1-0232",-0.332320555573831
"chr1-0233",-0.352705939437827
"chr1-0234",-0.410007160672536
"chr1-0235",-0.378491672576553
"chr1-0236",-0.442784984844661
"chr1-0237",-0.415015242755442
"chr1-0238",-0.41701023878772
"chr1-0239",-0.30842288476189
"chr1-0240",-0.256061812794696
"chr1-0241",-0.329773794402377
"chr1-0242",-0.449671280463481
"chr1-0243",-0.409656233200621
"chr1-0244",-0.345570833384205
"chr1-0245",-0.362904788001435
"chr1-0246",-0.310255213837325
"chr1-0247",-0.613128045955496
"chr1-0248",-0.272368936097926
"chr1-0249",-0.363900144870518
"chr1-0250",-0.212164134790194
"chr1-0251",-0.326287143316067
"chr1-0252",-0.492954776211447
"chr1-0253",-0.445943136588781
"chr1-0254",-0.472489217466873
"chr1-0255",-0.514676181504254
"chr1-0256",-0.669335409794129
"chr1-0257",-0.732589391018104
"chr1-0258",-0.558990474199294
"chr1-0259",-0.562480660032853
"chr1-0260",-0.379268636118907
"chr1-0261",-0.420701463363732
"chr1-0262",-0.386385482964051
"chr1-0263",-0.298604055157318
"chr1-0264",-0.350785881682329
"chr1-0265",-0.347503453173402
"chr1-0266",-0.417381254207944
"chr1-0267",-0.274474259599804
"chr1-0268",-0.519286033381181
"chr1-0269",-0.258389107988969
"chr1-0270",-0.344998600050892
"chr1-0271",-0.277399261804407
"chr1-0272",-0.332195054879666
"chr1-0273",-0.345558520379757
"chr1-0274",-0.291701109868969
"chr1-0275",-0.385268041257916
"chr1-0276",-0.311986729323234
"chr1-0277",-0.260820010916213
"chr1-0278",-0.407401994500804
"chr1-0279",-0.412873440945415
"chr1-0280",-0.391650007981498
"chr1-0281",-0.36001133367934
"chr1-0282",-0.257728691735041
"chr1-0283",-0.439324738650084
"chr1-0284",-0.264319690891978
"chr1-0285",-0.244630401457681
"chr1-0286",-0.350980704470909
"chr1-0287",-0.467695173446693
"chr1-0288",-0.334130893327626
"chr1-0289",-0.409799582096034
"chr1-0290",-0.476559870657005
"chr1-0291",-0.380087467474218
"chr1-0292",-0.445110209543819
"chr1-0293",-0.694670987185632
"chr1-0294",-0.357812271963589
"chr1-0295",-0.412571365586073
"chr1-0296",-0.352359818649479
"chr1-0297",-0.375640553869707
"chr1-0298",-0.342611263522653
"chr1-0299",-0.312106027737764
"chr1-0300",-0.321918702490369
"chr1-0301",-0.221145096807144
"chr1-0302",-0.259976853751605
"chr1-0303",-0.233892940561667
"chr1-0304",-0.222239203000901
"chr1-0305",-0.323631350553749
"chr1-0306",-0.268653497023292
"chr1-0307",-0.283816463446205
"chr1-0308",-0.32979619912901
"chr1-0309",-0.453364703951657
"chr1-0310",-0.240931819434769
"chr1-0311",-0.427624096367578
"chr1-0312",-0.251015790850116
"chr1-0313",-0.186719751930358
"chr1-0314",-0.708041287958426
"chr1-0315",-0.481993454600046
"chr1-0316",-0.317490203983085
"chr1-0317",-0.202988402123266
"chr1-0318",-0.394541913222003
"chr1-0319",-0.354888180494721
"chr1-0320",-0.495032142768375
"chr1-0321",-0.306306543950908
"chr1-0322",-0.346347302954557
"chr1-0323",-0.377183066888274
"chr1-0324",-0.328184273349111
"chr1-0325",-0.370009837180476
"chr1-0326",-0.346723519517087
"chr1-0327",-0.312935468287569
"chr1-0328",-0.432070650369643
"chr1-0329",-0.339828142875906
"chr1-0330",-0.353420839921708
"chr1-0331",-0.453707381018599
"chr1-0332",-0.429628618300489
"chr1-0333",-0.292155892047855
"chr1-0334",-0.500763362958947
"chr1-0335",-0.262961265116765
"chr1-0336",-0.371349402205867
"chr1-0337",-0.340486962563232
"chr1-0338",-0.370434254881994
"chr1-0339",-0.220774331568003
"chr1-0340",0.243446598320119
"chr1-0341",0.148670634299511
"chr1-0342",0.113411029526192
"chr1-0343",0.172558101390153
"chr1-0344",0.29565875618795
"chr1-0345",0.272637407681564
"chr1-0346",0.405815584703003
"chr1-0347",0.265643229867676
"chr1-0348",0.191415176292244
"chr1-0349",0.133050853414117
"chr1-0350",0.101537056135386
"chr1-0351",0.114121957980185
"chr1-0352",0.148369185470872
"chr1-0353",0.179965505469271
"chr1-0354",0.209130975837116
"chr1-0355",0.116040045683057
"chr1-0356",0.0799406171750365
"chr1-0357",0.250999275602464
"chr1-0358",0.184871639686688
"chr1-0359",0.175055558080834
"chr1-0360",0.300699435558858
"chr1-0361",0.126727056397295
"chr1-0362",0.211226354617158
"chr1-0363",0.232699341498779
"chr1-0364",0.417578850148814
"chr1-0365",0.289824928728583
"chr1-0366",0.141759841389667
"chr1-0367",0.139041802453279
"chr1-0368",0.182308183461172
"chr1-0369",0.280451892420781
"chr1-0370",0.273020841092968
"chr1-0371",0.386753255318444
"chr1-0372",0.365841137441745
"chr1-0373",0.228006289184085
"chr1-0374",0.227611675358058
"chr1-0375",0.242788728205265
"chr1-0376",0.189924764605507
"chr1-0377",0.223610745007459
"chr1-0378",0.139978288110024
"chr1-0379",0.242671874969677
"chr1-0380",0.203485109334311
"chr1-0381",0.185289620993641
"chr1-0382",0.144001750057797
"chr1-0383",0.0831603603881136
"chr1-0384",0.108046087910104
"chr1-0385",0.230555923489639
"chr1-0386",0.181438884964043
"chr1-0387",0.0877194227738636
"chr1-0388",0.297227339835862
"chr1-0389",0.259055842900003
"chr1-0390",0.124291022935078
"chr1-0391",0.0884296768198737
"chr1-0392",0.185499240506777
"chr1-0393",0.183182185089559
"chr1-0394",0.22894561894247
"chr1-0395",0.280727277215618
"chr1-0396",0.170020955797911
"chr1-0397",0.185602405736145
"chr1-0398",0.0892575144326834
"chr1-0399",0.171055500140574
"chr1-0400",0.143238911921163
"chr1-0401",0.202314525378248
"chr1-0402",0.128714009062117
"chr1-0403",0.094585868441182
"chr1-0404",0.0390445364868543
"chr1-0405",0.0767048004194188
"chr1-0406",0.148782461064701
"chr1-0407",0.197909805576615
"chr1-0408",0.359605624840227
"chr1-0409",0.231805603161414
"chr1-0410",0.104458795738462
"chr1-0411",0.0663693490339964
"chr1-0412",0.0588960776978809
"chr1-0413",0.0494527666597097
"chr1-0414",0.0619676082905297
"chr1-0415",0.245710423255422
"chr1-0416",0.178237772090147
"chr1-0417",0.404406057195047
"chr1-0418",0.0668475572008665
"chr1-0419",0.132081480790786
"chr1-0420",0.040964193760514
"chr1-0421",0.238047504205429
"chr1-0422",0.0910296999830326
"chr1-0423",0.283590071010986
"chr1-0424",0.164731134136099
"chr1-0425",0.130373419420115
"chr1-0426",0.252167812534662
"chr1-0427",0.26722173350436
"chr1-0428",0.341904238803604
"chr1-0429",0.354179574251477
"chr1-0430",0.250674126774694
"chr1-0431",0.399820585758529
"chr1-0432",0.301599024961258
"chr1-0433",0.157208107852294
"chr1-0434",0.470678607332178
"chr1-0435",0.133512418516928
"chr1-0436",0.129056562411208
"chr1-0437",0.372237011276412
"chr1-0438",0.21790941184391
"chr1-0439",0.205845576627418
"chr1-0440",0.116782355080021
"chr1-0441",0.328659497738843
"chr1-0442",0.17746131865971
"chr1-0443",0.246516844802836
"chr1-0444",0.349936701883725
"chr1-0445",0.173658867908285
"chr1-0446",0.156659967202789
"chr1-0447",0.106983993463982
"chr1-0448",0.277107779335919
"chr1-0449",0.28329478876298
"chr1-0450",0.186857041735766
"chr1-0451",0.184044670140919
"chr1-0452",0.118805587099693
"chr1-0453",0.101179422725225
"chr1-0454",0.0534504547259894
"chr1-0455",0.146688024928137
"chr1-0456",0.130092400092004
"chr1-0457",0.216089221927994
"chr1-0458",0.24049270226374
"chr1-0459",0.182417769298934
"chr1-0460",0.151733258849234
"chr1-0461",0.258350629884932
"chr1-0462",0.169275620390334
"chr1-0463",0.218137344549524
"chr1-0464",0.312451439515943
"chr1-0465",0.142947150425342
"chr1-0466",0.371672083445503
"chr1-0467",0.143673514487419
"chr1-0468",0.180617493554285
"chr1-0469",0.210995800780634
"chr1-0470",0.273007947449682
"chr1-0471",0.135889885934392
"chr1-0472",0.129161297257491
"chr1-0473",0.108923044232205
"chr1-0474",0.143693988234557
"chr1-0475",0.180259441853164
"chr1-0476",0.0953115389073174
"chr1-0477",0.233370768600702
"chr1-0478",0.415039604247682
"chr1-0479",0.405489712711196
"chr1-0480",0.367119230103566
"chr1-0481",0.448617736167342
"chr1-0482",0.345211581725101
"chr1-0483",0.294264100496207
"chr1-0484",0.331101521373284
"chr1-0485",0.345131962273298
"chr1-0486",0.253726272690982
"chr1-0487",0.350502238190997
"chr1-0488",0.457267324551393
"chr1-0489",0.225910750650084
"chr1-0490",0.440385165027681
"chr1-0491",0.354346780056597
"chr1-0492",0.300196736788559
"chr1-0493",0.170177898355003
"chr1-0494",0.297167173214888
"chr1-0495",0.2498720277655
"chr1-0496",0.109586490003153
"chr1-0497",0.428761401593854
"chr1-0498",0.300285024956269
"chr1-0499",0.383557857739121
"chr1-0500",0.415133244647301
"chr1-0501",0.229715990472207
"chr1-0502",0.469935952129953
"chr1-0503",0.446603053048776
"chr1-0504",0.470348080006838
"chr1-0505",0.411280016779716
"chr1-0506",0.149343230006767
"chr1-0507",0.28606331554035
"chr1-0508",0.431257590786098
"chr1-0509",0.392251873931678
"chr1-0510",0.424309958706918
"chr1-0511",0.232316174707888
"chr1-0512",0.617298312043293
"chr1-0513",0.604230470753867
"chr1-0514",0.399655806271733
"chr1-0515",0.216820249590973
"chr1-0516",0.459049263143146
"chr1-0517",0.0554199152792232
"chr1-0518",0.132535058089378
"chr1-0519",0.147233856225392
"chr1-0520",0.275556377962521
"chr1-0521",0.425862695369962
"chr1-0522",0.234217840403975
"chr1-0523",0.538512675422952
"chr1-0524",0.341243311582881
"chr1-0525",0.249210001054291
"chr1-0526",0.18270739985714
"chr1-0527",0.477255613777116
"chr1-0528",0.250689882829709
"chr1-0529",0.407372984675974
"chr1-0530",0.36665996973251
"chr1-0531",0.448371400777047
"chr1-0532",0.539077714497993
"chr1-0533",0.351783034766454
"chr1-0534",0.256296092610682
"chr1-0535",0.524420426439258
"chr1-0536",0.43909431283929
"chr1-0537",0.365469946083873
"chr1-0538",0.276840553207959
"chr1-0539",0.12406874372855
"chr1-0540",0.231769624424129
"chr1-0541",0.281679135619443
"chr1-0542",0.463859058561185
"chr1-0543",0.374664672935447
"chr1-0544",0.226420420403004
"chr1-0545",0.479748246456158
"chr1-0546",0.545310577350864
"chr1-0547",0.531386638244208
"chr1-0548",0.365234213267339
"chr1-0549",0.549827218176969
"chr1-0550",0.390463188811926
"chr1-0551",0.217157377260791
"chr1-0552",0.334769907504359
"chr1-0553",0.34187005739337
"chr1-0554",0.357365219859503
"chr1-0555",0.268106622946595
"chr1-0556",0.259324052066901
"chr1-0557",0.368021904107132
"chr1-0558",0.296966578644207
"chr1-0559",0.360833704029927
"chr1-0560",0.482144063811812
"chr1-0561",0.312568352144471
"chr1-0562",0.320601486775151
"chr1-0563",0.353920660436136
"chr1-0564",0.298189180250386
"chr1-0565",0.565667596772873
"chr1-0566",0.271836600741424
"chr1-0567",0.0880139758112526
"chr1-0568",0.276838947396981
"chr1-0569",0.507438865359811
"chr1-0570",0.481150953198555
"chr1-0571",0.442848503456004
"chr1-0572",0.639373577519852
"chr1-0573",0.445442331016685
"chr1-0574",0.200536715783814
"chr1-0575",0.432722500219249
"chr1-0576",0.339889209559067
"chr1-0577",0.670693661207185
"chr1-0578",0.229855521193722
"chr1-0579",0.178131487940717
"chr1-0580",0.220653050504242
"chr1-0581",0.25143007902551
"chr1-0582",0.0114826862550733
"chr1-0583",0.161490519529722
"chr1-0584",0.141035822688176
"chr1-0585",0.462613948478737
"chr1-0586",0.26375264855662
"chr1-0587",0.252855997887193
"chr1-0588",0.300657151356623
"chr1-0589",0.211921987691207
"chr1-0590",0.237416541929739
"chr1-0591",0.363927330785328
"chr1-0592",0.58957601007925
"chr1-0593",0.321767859329496
"chr1-0594",0.441487933203858
"chr1-0595",0.442147912814223
"chr1-0596",0.441305027191082
"chr1-0597",0.523639563025065
"chr1-0598",0.556918270798366
"chr1-0599",0.426983692019082
"chr1-0600",0.400531405391667
"chr1-0601",0.521603695114527
"chr1-0602",0.451394340808058
"chr1-0603",0.502542622353385
"chr1-0604",0.396093756208574
"chr1-0605",0.381491464357456
"chr1-0606",0.439047859318432
"chr1-0607",0.28433056340237
"chr1-0608",0.51843508131736
"chr1-0609",0.238485029975226
"chr1-0610",0.27690591105535
"chr1-0611",0.372165780424432
"chr1-0612",0.387810586157644
"chr1-0613",0.453313565641216
"chr1-0614",0.44294386718476
"chr1-0615",0.428856941541314
"chr1-0616",0.327350530995939
"chr1-0617",0.28754912907408
"chr1-0618",0.192193710623833
"chr1-0619",0.163416327218889
"chr1-0620",0.255839192738293
"chr1-0621",0.154787413881835
"chr1-0622",0.481390710994937
"chr1-0623",0.252033450271846
"chr1-0624",0.365877418439905
"chr1-0625",0.450342718207186
"chr1-0626",0.46739472518134
"chr1-0627",0.33854436777571
"chr1-0628",0.578230511277309
"chr1-0629",0.494521412801988
"chr1-0630",0.295391696087205
"chr1-0631",0.275210690874326
"chr1-0632",0.309739745934795
"chr1-0633",0.381839731915848
"chr1-0634",0.44969899505649
"chr1-0635",0.579029379211589
"chr1-0636",0.464728105569632
"chr1-0637",0.322955625405226
"chr1-0638",0.298549630521938
"chr1-0639",0.365382230302687
"chr1-0640",0.338292744001838
"chr1-0641",0.260222451031692
"chr1-0642",0.508560515280581
"chr1-0643",0.259965089891756
"chr1-0644",0.287761086368938
"chr1-0645",0.243173113742398
"chr1-0646",0.356436869519775
"chr1-0647",0.418087829367145
"chr1-0648",0.256908991053422
"chr1-0649",0.221808859025546
"chr1-0650",0.547792398595636
"chr1-0651",0.081105492187073
"chr1-0652",0.17892592905271
"chr1-0653",0.196918099949423
"chr1-0654",0.236944883801037
"chr1-0655",0.203403921519573
"chr1-0656",0.00248755666787309
"chr1-0657",-0.0496462640226792
"chr1-0658",0.126738538953307
"chr1-0659",0.0910732750787859
"chr1-0660",0.0689539494479065
"chr1-0661",0.0151924630950627
"chr1-0662",0.0492274312816645
"chr1-0663",0.15486291845539
"chr1-0664",0.132274185536528
"chr1-0665",0.0370930112166849
"chr1-0666",0.0298897304199822
"chr1-0667",0.1282227987355
"chr1-0668",0.201830287532183
"chr1-0669",0.0376857945802003
"chr1-0670",0.142207124306848
"chr1-0671",0.245470099067385
"chr1-0672",0.11547267106165
"chr1-0673",0.169400981392679
"chr1-0674",0.154973221486642
"chr1-0675",0.157782304689699
"chr1-0676",0.196419096352685
"chr1-0677",0.0475085260798698
"chr1-0678",0.0586115783044634
"chr1-0679",0.118902941861616
"chr1-0680",0.185454420692796
"chr1-0681",0.295784808549117
"chr1-0682",0.314499667085511
"chr1-0683",0.209170620931711
"chr1-0684",0.0441358290803062
"chr1-0685",0.239214183815309
"chr1-0686",0.404048522217388
"chr1-0687",0.114002972951769
"chr1-0688",0.193700513482148
"chr1-0689",0.544988156526832
"chr1-0690",0.385299382819761
"chr1-0691",0.116326583160206
"chr1-0692",0.464823317473929
"chr1-0693",0.545437781860091
"chr1-0694",0.552296555964897
"chr1-0695",0.321547063170587
"chr1-0696",0.314598627480215
"chr1-0697",0.252667569867051
"chr1-0698",0.372574355570481
"chr1-0699",0.0444883727423658
"chr1-0700",-0.167370752472823
"chr1-0701",0.135505457442614
"chr1-0702",0.214785994189387
"chr1-0703",0.200238413708488
"chr1-0704",0.348277800018216
"chr1-0705",-0.0242358216368996
"chr1-0706",0.111441262185979
"chr1-0707",0.196971843065393
"chr1-0708",0.144990451065206
"chr1-0709",0.100725128616827
"chr1-0710",0.19049560259258
"chr1-0711",0.135411394722583
"chr1-0712",0.07758191629776
"chr1-0713",0.102717050269522
"chr1-0714",0.204362333581517
"chr1-0715",0.320070808395731
"chr1-0716",-0.0827823093569621
"chr1-0717",0.221245344443742
"chr1-0718",0.221908427093597
"chr1-0719",0.27835193603704
"chr1-0720",0.0912011651800549
"chr1-0721",0.191846820829563
"chr1-0722",0.065629576116449
"chr1-0723",0.075459923620803
"chr1-0724",0.142051295051146
"chr1-0725",0.0787960361880773
"chr1-0726",0.173195286307796
"chr1-0727",0.0508926977856983
"chr1-0728",-0.154399246948406
"chr1-0729",-0.175613853774645
"chr1-0730",-0.12221759683932
"chr1-0731",0.0308269812683181
"chr1-0732",0.197985305305004
"chr1-0733",-0.0467743184147502
"chr1-0734",-0.0184418843334304
"chr1-0735",-0.0489745377548578
"chr1-0736",0.0813171079321353
"chr1-0737",0.305248487650267
"chr1-0738",0.197545004801985
"chr1-0739",0.24299366602618
"chr1-0740",0.142445979031819
"chr1-0741",0.226500512603516
"chr1-0742",0.221521978444831
"chr1-0743",0.169708330397513
"chr1-0744",0.184048516353491
"chr1-0745",0.146901172318151
"chr1-0746",0.109179233466431
"chr1-0747",0.285177217038295
"chr1-0748",0.237229160813579
"chr1-0749",0.0632815343500445
"chr1-0750",0.103871046062851
"chr1-0751",0.060062498141519
"chr1-0752",0.0882152708894441
"chr1-0753",0.0575431818003448
"chr1-0754",0.10336981705777
"chr1-0755",-0.0570021799509994
"chr1-0756",0.0660262512820502
"chr1-0757",0.0667938393591138
"chr1-0758",0.0838715544466537
"chr1-0759",0.111014132951969
"chr1-0760",0.010190566363837
"chr1-0761",-0.0348574184065817
"chr1-0762",-0.00164353617449245
"chr1-0763",-0.151408519769092
"chr1-0764",-0.042231273354071
"chr1-0765",-0.0325704753679319
"chr1-0766",0.0648711515815552
"chr1-0767",0.0477802779847748
"chr1-0768",0.254053297057661
"chr1-0769",0.0527326457278492
"chr1-0770",0.0552692128879954
"chr1-0771",-0.00518442385988012
"chr1-0772",0.0314150539165512
"chr1-0773",-0.00015982420789097
"chr1-0774",0.0537548743006644
"chr1-0775",-0.0690420346085374
"chr1-0776",0.0380565376403081
"chr1-0777",-0.0358743548309002
"chr1-0778",-0.0149851695634889
"chr1-0779",0.129684609050442
"chr1-0780",0.163669687408407
"chr1-0781",0.136106371958482
"chr1-0782",0.292398717528414
"chr1-0783",0.1592883007584
"chr1-0784",0.101805087889141
"chr1-0785",0.186772159925517
"chr1-0786",0.0549441854724683
"chr1-0787",0.102746101215913
"chr1-0788",0.0216706543205249
"chr1-0789",0.187329643753184
"chr1-0790",0.093898201043432
"chr1-0791",0.0959902496119712
"chr1-0792",0.101866385365563
"chr1-0793",0.0498316539894759
"chr1-0794",0.0170850363875255
"chr1-0795",0.140676858677075
"chr1-0796",0.164240205541101
"chr1-0797",0.0942243984403732
"chr1-0798",0.159184191174581
"chr1-0799",0.0647432290944845
"chr1-0800",0.15338111212234
"chr1-0801",0.0825550298333894
"chr1-0802",0.0534677128600799
"chr1-0803",0.17845202391272
"chr1-0804",-0.0269249563917735
"chr1-0805",0.0662083705991373
"chr1-0806",0.105733057417656
"chr1-0807",0.0850421145257163
"chr1-0808",0.0373052221498873
"chr1-0809",0.0107642808008845
"chr1-0810",0.0968747728416742
"chr1-0811",0.0935191671238379
"chr1-0812",0.142269461122121
"chr1-0813",0.2168102744336
"chr1-0814",0.320210671356799
"chr1-0815",0.0533592652125646
"chr1-0816",0.115342238879546
"chr1-0817",0.27189810902146
"chr1-0818",-0.0639066333716735
"chr1-0819",0.167201099375634
"chr1-0820",0.196754969093224
"chr1-0821",-0.00867299882352709
"chr1-0822",0.164470150574082
"chr1-0823",0.154169377928486
"chr1-0824",0.124186681241466
"chr1-0825",0.137152817426205
"chr1-0826",0.0498074084217254
"chr1-0827",0.118394716888623
"chr1-0828",0.0319120441848175
"chr1-0829",-0.092964115962608
"chr1-0830",-0.0402588092061048
"chr1-0831",-0.0806276408292507
"chr1-0832",-0.00859459903510616
"chr1-0833",0.105137602442717
"chr1-0834",0.0894153059265486
"chr1-0835",0.0296954552165236
"chr1-0836",0.0895105508206183
"chr1-0837",0.0493713833603897
"chr1-0838",0.0793316669672543
"chr1-0839",0.0223216048553416
"chr1-0840",0.116504808936955
"chr1-0841",0.0254221633034999
"chr1-0842",0.144312999152588
"chr1-0843",0.0766112785766879
"chr1-0844",0.00272687417523097
"chr1-0845",0.337268101854702
"chr1-0846",0.353422657722599
"chr1-0847",0.22672070374726
"chr1-0848",0.17084831121109
"chr1-0849",0.208056442501737
"chr1-0850",0.317087353680194
"chr1-0851",0.150421876826695
"chr1-0852",0.0150385194579204
"chr1-0853",0.129593083247494
"chr1-0854",0.113969945259925
"chr1-0855",0.0313227637687795
"chr1-0856",-0.0341729141141894
"chr1-0857",-0.113712673792556
"chr1-0858",-0.0882601683120324
"chr1-0859",-0.0376176614864334
"chr1-0860",-0.0409883790213658
"chr1-0861",-0.0767174079647853
"chr1-0862",-0.101834316562484
"chr1-0863",-0.0307414750134155
"chr1-0864",-0.111706046238756
"chr1-0865",-0.0174869551302715
"chr1-0866",-0.00901171437293188
"chr1-0867",-0.00558559034903133
"chr1-0868",0.0552573513281974
"chr1-0869",-0.0325348374288495
"chr1-0870",0.0603823805291045
"chr1-0871",0.0391483802556394
"chr1-0872",-0.00713184002925837
"chr1-0873",-0.0058321210061983
"chr1-0874",0.0596192666791265
"chr1-0875",0.216313711299503
"chr1-0876",0.0317840993394208
"chr1-0877",0.0550089922127261
"chr1-0878",0.204923562415662
"chr1-0879",0.336441275561563
"chr1-0880",0.252873081810612
"chr1-0881",0.200481248571081
"chr1-0882",0.288113581425125
"chr1-0883",0.403687811689151
"chr1-0884",0.46937904001689
"chr1-0885",0.320892401583635
"chr1-0886",0.221334265495066
"chr1-0887",0.199745839327043
"chr1-0888",0.175805918489079
"chr1-0889",0.155427518551898
"chr1-0890",0.14148611792279
"chr1-0891",0.0980722453813552
"chr1-0892",0.276560443259359
"chr1-0893",0.160808849311051
"chr1-0894",0.11635221158851
"chr1-0895",0.187416001314148
"chr1-0896",0.286989386105681
"chr1-0897",0.251477637174395
"chr1-0898",0.213470607448112
"chr1-0899",0.268248688679549
"chr1-0900",0.0849556676584351
"chr1-0901",0.112991880199654
"chr1-0902",0.113449584575072
"chr1-0903",0.0666019723185373
"chr1-0904",0.0664735632550306
"chr1-0905",0.0681184555411443
"chr1-0906",0.150409318397808
"chr1-0907",0.112721604253997
"chr1-0908",0.119159824954519
"chr1-0909",0.261758664630215
"chr1-0910",0.0747845484564515
"chr1-0911",0.173372499695156
"chr1-0912",0.0993037242711997
"chr1-0913",0.102808463744433
"chr1-0914",0.141523852105856
"chr1-0915",0.140047788363286
"chr1-0916",0.0953000488841949
"chr1-0917",0.117817303601536
"chr1-0918",0.0871382929801961
"chr1-0919",0.186324992018019
"chr1-0920",0.240677519379245
"chr1-0921",0.20758628237782
"chr1-0922",0.26599637673266
"chr1-0923",0.343089453322162
"chr1-0924",0.374798464971598
"chr1-0925",0.468780444787217
"chr1-0926",0.226788756995228
"chr1-0927",0.268617480178048
"chr1-0928",0.285961601510926
"chr1-0929",0.25205686727993
"chr1-0930",0.417132438750266
"chr1-0931",0.276833162790157
"chr1-0932",0.511027219579837
"chr1-0933",0.624296277642069
"chr1-0934",0.377232828378472
"chr1-0935",0.406780330558695
"chr1-0936",0.272248216008883
"chr1-0937",0.345654754211681
"chr1-0938",0.396583939709545
"chr1-0939",0.307455228712694
"chr1-0940",0.185904584702388
"chr1-0941",0.0813219118425856
"chr1-0942",0.228710824473531
"chr1-0943",0.193276560161963
"chr1-0944",0.244104726739273
"chr1-0945",0.215933500032605
"chr1-0946",0.242861189626204
"chr1-0947",0.488265182194619
"chr1-0948",0.381199404125587
"chr1-0949",0.328961377801311
"chr1-0950",0.219980239221295
"chr1-0951",0.115119644386103
"chr1-0952",0.197095450580232
"chr1-0953",0.127255555713361
"chr1-0954",0.180070771179288
"chr1-0955",0.195260595127761
"chr1-0956",0.0791358210110006
"chr1-0957",0.309030045431335
"chr1-0958",0.271415086197324
"chr1-0959",0.174046739603455
"chr1-0960",0.405263333126408
"chr1-0961",0.30385315655284
"chr1-0962",0.306583777202835
"chr1-0963",0.334554341203464
"chr1-0964",0.277827690878427
"chr1-0965",0.138915611145368
"chr1-0966",0.23988413807046
"chr1-0967",0.506381658234229
"chr1-0968",0.357961792550238
"chr1-0969",0.45622236488651
"chr1-0970",0.435537101181521
"chr1-0971",0.498360856524103
"chr1-0972",0.437904621088876
"chr1-0973",0.522293230383711
"chr1-0974",0.283503831442144
"chr1-0975",0.330132074606663
"chr1-0976",0.474947351509391
"chr1-0977",0.474301833058863
"chr1-0978",0.416304708909509
"chr1-0979",0.338150815441531
"chr1-0980",0.135911472392075
"chr1-0981",0.238908201589678
"chr1-0982",0.306590950243919
"chr1-0983",0.170999566104279
"chr1-0984",0.162792273750315
"chr1-0985",0.326721052438159
"chr1-0986",0.271459784135268
"chr1-0987",0.274680897778255
"chr1-0988",0.476504923345917
"chr1-0989",0.286864879356377
"chr1-0990",0.252322480093773
"chr1-0991",0.264568438314018
"chr1-0992",0.269711017679699
"chr1-0993",0.296839801786141
"chr1-0994",0.428801117025694
"chr1-0995",0.304203818735065
"chr1-0996",0.249901501038006
"chr1-0997",0.169370766269147
"chr1-0998",0.30155774296445
"chr1-0999",0.195478456308264
"chr1-1000",0.265691354996224
"chr1-1001",0.308887809563177
"chr1-1002",0.259481742949731
"chr1-1003",0.23645341120925
"chr1-1004",0.380217880823384
"chr1-1005",0.449689815162708
"chr1-1006",0.342990309116643
"chr1-1007",0.420772130356636
"chr1-1008",0.345410700657073
"chr1-1009",0.274943098682233
"chr1-1010",0.297092324415867
"chr1-1011",0.407206399804517
"chr1-1012",0.430973240118417
"chr1-1013",0.310919454464554
"chr1-1014",0.295957510520152
"chr1-1015",0.413571949616894
"chr1-1016",0.502416021476783
"chr1-1017",0.430642528736794
"chr1-1018",0.330973083034547
"chr1-1019",0.537078494481122
"chr1-1020",0.515943568847783
"chr1-1021",0.443796319323765
"chr1-1022",0.468582987886619
"chr1-1023",0.200366471177621
"chr1-1024",0.381838017309169
"chr1-1025",0.231564793520211
"chr1-1026",0.289171515493364
"chr1-1027",0.19678335101017
"chr1-1028",0.539453159058256
"chr1-1029",0.577778861989772
"chr1-1030",0.306377598869076
"chr1-1031",0.398474292079193
"chr1-1032",0.328246589763979
"chr1-1033",0.463644868322902
"chr1-1034",0.449917415830945
"chr1-1035",0.392310062961813
"chr1-1036",0.402815499929624
"chr1-1037",0.412511612199444
"chr1-1038",0.304002355881207
"chr1-1039",0.124347593668031
"chr1-1040",0.150618793518992
"chr1-1041",0.326260996786765
"chr1-1042",0.223028359460376
"chr1-1043",0.390019880847381
"chr1-1044",0.31347011258998
"chr1-1045",0.416711471951809
"chr1-1046",0.230548301402548
"chr1-1047",0.467784702288805
"chr1-1048",0.327530655465895
"chr1-1049",0.2757391481617
"chr1-1050",0.30692806389727
"chr1-1051",0.347861748640117
"chr1-1052",0.281157169532553
"chr1-1053",0.190545532731156
"chr1-1054",0.344748257459546
"chr1-1055",0.265150914110647
"chr1-1056",0.44769699309825
"chr1-1057",0.379391664122088
"chr1-1058",0.250435605849863
"chr1-1059",0.367520040256014
"chr1-1060",0.367752704411733
"chr1-1061",0.351946245263601
"chr1-1062",0.391807739837229
"chr1-1063",0.36195130508118
"chr1-1064",0.42510064818374
"chr1-1065",0.132229078190954
"chr1-1066",0.28879730608076
"chr1-1067",0.375228507979318
"chr1-1068",0.378056681345515
"chr1-1069",0.210675562006925
"chr1-1070",0.410866424963101
"chr1-1071",0.140475230255739
"chr1-1072",0.143557582276199
"chr1-1073",0.233813745460102
"chr1-1074",0.291485008427759
"chr1-1075",0.216657952551715
"chr1-1076",0.189047821293578
"chr1-1077",0.211643813790391
"chr1-1078",0.236464719362407
"chr1-1079",0.235982517644128
"chr1-1080",0.242293690557972
"chr1-1081",0.529800760767762
"chr1-1082",0.245740170409481
"chr1-1083",0.21945998310302
"chr1-1084",0.173761993133884
"chr1-1085",0.227040530109057
"chr1-1086",0.185345399884881
"chr1-1087",0.422130290024314
"chr1-1088",0.267642703385758
"chr1-1089",0.212121839326383
"chr1-1090",0.375901082504463
"chr1-1091",0.167357173207594
"chr1-1092",0.248915944925233
"chr1-1093",0.173776647018025
"chr1-1094",0.291063272862608
"chr1-1095",0.4287850496279
"chr1-1096",0.280466777852812
"chr1-1097",0.193104926048249
"chr1-1098",0.363125756840714
"chr1-1099",0.416039153988639
"chr1-1100",0.297967322837429
"chr1-1101",0.482990502073894
"chr1-1102",0.0696467799123042
"chr1-1103",0.328327251017741
"chr1-1104",0.349553106837594
"chr1-1105",0.55222609404538
"chr1-1106",0.385128527837044
"chr1-1107",0.230567188819404
"chr1-1108",0.281428156393795
"chr1-1109",0.431324771506008
"chr1-1110",0.442033157286575
"chr1-1111",0.460079157995467
"chr1-1112",0.272444528189787
"chr1-1113",0.25034302051229
"chr1-1114",0.488731116709637
"chr1-1115",0.298031632561099
"chr1-1116",0.269221140843729
"chr1-1117",0.253372491616654
"chr1-1118",0.354466536158783
"chr1-1119",0.384996909894762
"chr1-1120",0.444229570884906
"chr1-1121",0.145537878086266
"chr1-1122",0.466965044703732
"chr1-1123",0.217387130726884
"chr1-1124",0.509518704854039
"chr1-1125",0.430160814200548
"chr1-1126",0.552896442871167
"chr1-1127",0.461463272012944
"chr1-1128",0.483426891329986
"chr1-1129",0.457463336630609
"chr1-1130",0.392946306383785
"chr1-1131",0.323030619906776
"chr1-1132",0.5392417875755
"chr1-1133",0.338105854024926
"chr1-1134",0.371954527889254
"chr1-1135",0.549915529880453
"chr1-1136",0.55491472497926
"chr1-1137",0.590558154797911
"chr1-1138",0.3587374262386
"chr1-1139",0.388541463750562
"chr1-1140",0.313101648176562
"chr1-1141",0.426565161455758
"chr1-1142",0.560290128878162
"chr1-1143",0.509913909535617
"chr1-1144",0.306470134506083
"chr1-1145",0.54279811013181
"chr1-1146",0.490572660195241
"chr1-1147",0.353873829987392
"chr1-1148",0.245555917280453
"chr1-1149",0.320937217286175
"chr1-1150",0.436283311188067
"chr1-1151",0.598193303373761
"chr1-1152",0.282609017523695
"chr1-1153",0.248035013872549
"chr1-1154",0.361516829225168
"chr1-1155",0.558251196140588
"chr1-1156",0.404842081306751
"chr1-1157",0.504380012984943
"chr1-1158",0.569214927036558
"chr1-1159",0.543629161331622
"chr1-1160",0.563528273274142
"chr1-1161",0.428367675250109
"chr1-1162",0.231256294900732
"chr1-1163",0.311216865534951
"chr1-1164",0.370385567032236
"chr1-1165",0.329666916136441
"chr1-1166",0.271423899667324
"chr1-1167",0.268665275998656
"chr1-1168",0.159791704675851
"chr1-1169",0.203624966079622
"chr1-1170",0.143147717472487
"chr1-1171",0.123932698493263
"chr1-1172",0.205493974989732
"chr1-1173",0.191520288032462
"chr1-1174",0.14947351792908
"chr1-1175",0.12965804602322
"chr1-1176",0.121023522338662
"chr1-1177",0.263202020329689
"chr1-1178",0.303814154624569
"chr1-1179",0.233067360037526
"chr1-1180",0.0970442160000195
"chr1-1181",0.0889006297880627
"chr1-1182",0.183518857823146
"chr1-1183",0.149900640240392
"chr1-1184",0.195535438652956
"chr1-1185",0.408059829827589
"chr1-1186",0.380602907150518
"chr1-1187",0.246297346088035
"chr1-1188",0.169830505235453
"chr1-1189",0.146317892560424
"chr1-1190",0.180359502633508
"chr1-1191",0.209728043474862
"chr1-1192",0.112965074013809
"chr1-1193",0.173685373840052
"chr1-1194",0.129799466924535
"chr1-1195",0.241345047515899
"chr1-1196",0.264258379759342
"chr1-1197",0.105189227484682
"chr1-1198",0.2853068110798
"chr1-1199",0.118297617787867
"chr1-1200",0.111774974567446
"chr1-1201",0.169126087307041
"chr1-1202",0.176664495427862
"chr1-1203",0.161627903835715
"chr1-1204",0.1882088526917
"chr1-1205",0.194178901501178
"chr1-1206",0.216463556384096
"chr1-1207",0.205336761454765
"chr1-1208",0.297894184930111
"chr1-1209",0.242957630880877
"chr1-1210",0.130480900653074
"chr1-1211",0.245657642062477
"chr1-1212",0.164451342271773
"chr1-1213",0.134195723848451
"chr1-1214",0.144120394089157
"chr1-1215",0.137957290454243
"chr1-1216",0.1885437054791
"chr1-1217",0.300073500992833
"chr1-1218",0.154395281461975
"chr1-1219",0.26690931738567
"chr1-1220",0.263549103268624
"chr1-1221",0.249571494561658
"chr1-1222",0.0751421180438715
"chr1-1223",0.223273853333719
"chr1-1224",0.278616179972958
"chr1-1225",0.248975301590188
"chr1-1226",0.352705787314057
"chr1-1227",0.318093824447475
"chr1-1228",0.226912888882699
"chr1-1229",0.33173610298728
"chr1-1230",0.447992882501363
"chr1-1231",0.30292680669109
"chr1-1232",0.31190244429899
"chr1-1233",0.214245744074849
"chr1-1234",0.220486466651806
"chr1-1235",0.385989826992102
"chr1-1236",0.300411154428764
"chr1-1237",0.299356600028744
"chr1-1238",0.25243047155881
"chr1-1239",0.284013520412691
"chr1-1240",-0.243334304255256
"chr1-1241",-0.283473544343662
"chr1-1242",-0.192232155133539
"chr1-1243",-0.365399669638471
"chr1-1244",-0.176025508549054
"chr1-1245",-0.226695297501727
"chr1-1246",-0.120123538143998
"chr1-1247",-0.223355336783394
"chr1-1248",-0.399585041611929
"chr1-1249",-0.160056896042342
"chr1-1250",-0.298984978940357
"chr1-1251",-0.282020459509999
"chr1-1252",-0.193966128393827
"chr1-1253",-0.197790452393259
"chr1-1254",-0.287929643280057
"chr1-1255",-0.261234847914271
"chr1-1256",-0.301083676751924
"chr1-1257",-0.321454029872898
"chr1-1258",-0.429431018452078
"chr1-1259",-0.366485981712125
"chr1-1260",-0.335470625711779
"chr1-1261",-0.218982241285279
"chr1-1262",-0.335477936399066
"chr1-1263",-0.322665970066484
"chr1-1264",-0.321942481315516
"chr1-1265",-0.278651046062567
"chr1-1266",-0.303094387793899
"chr1-1267",-0.292663570403717
"chr1-1268",-0.211190230726628
"chr1-1269",-0.413059712963064
"chr1-1270",-0.507079518456426
"chr1-1271",-0.2570536913474
"chr1-1272",-0.293791825845321
"chr1-1273",-0.221905227944438
"chr1-1274",-0.24933812081153
"chr1-1275",-0.147983630133636
"chr1-1276",-0.092659022537669
"chr1-1277",-0.186912393586105
"chr1-1278",-0.207842895886661
"chr1-1279",-0.328169963718915
"chr1-1280",-0.313891488048952
"chr1-1281",-0.274354922753349
"chr1-1282",-0.0425361029280231
"chr1-1283",-0.175664467164732
"chr1-1284",-0.165238607511344
"chr1-1285",-0.184784988655053
"chr1-1286",-0.0974387079437537
"chr1-1287",-0.110882782071532
"chr1-1288",-0.211402590875358
"chr1-1289",-0.111693642041893
"chr1-1290",-0.231638257675378
"chr1-1291",-0.240832617624455
"chr1-1292",-0.0719554771097903
"chr1-1293",-0.340692847114385
"chr1-1294",-0.293214080449996
"chr1-1295",-0.0979500194605832
"chr1-1296",-0.198720696271397
"chr1-1297",-0.152788876408495
"chr1-1298",-0.221010625245477
"chr1-1299",-0.15417114340643
"chr1-1300",-0.0137866518491351
"chr1-1301",-0.126760923246041
"chr1-1302",-0.322830343115928
"chr1-1303",-0.503307695735461
"chr1-1304",-0.255362270029443
"chr1-1305",-0.410637543406705
"chr1-1306",-0.218370767033281
"chr1-1307",-0.247605777741372
"chr1-1308",-0.103609383562978
"chr1-1309",-0.38468199770589
"chr1-1310",-0.279998161605714
"chr1-1311",-0.264607270980072
"chr1-1312",-0.107935145358842
"chr1-1313",-0.0254510536803436
"chr1-1314",-0.156942912814885
"chr1-1315",-0.162132317514124
"chr1-1316",-0.159495374459035
"chr1-1317",-0.239462833121995
"chr1-1318",-0.181938817888736
"chr1-1319",-0.0893746190578955
"chr1-1320",-0.296317013960695
"chr1-1321",-0.167747377409811
"chr1-1322",-0.256711477635941
"chr1-1323",-0.332154524552222
"chr1-1324",-0.279008168378317
"chr1-1325",-0.242405892793658
"chr1-1326",-0.205327691607699
"chr1-1327",-0.264381573316007
"chr1-1328",-0.339507688259238
"chr1-1329",-0.397913937155229
"chr1-1330",-0.231818479084805
"chr1-1331",-0.18468656412648
"chr1-1332",-0.478377743820059
"chr1-1333",-0.36990573063197
"chr1-1334",-0.493920305943275
"chr1-1335",-0.216944236536012
"chr1-1336",-0.250716297064969
"chr1-1337",-0.364782702617954
"chr1-1338",-0.190920986199272
"chr1-1339",-0.146583365256334
"chr1-1340",-0.326553184385073
"chr1-1341",-0.311734065439257
"chr1-1342",-0.431653574453937
"chr1-1343",-0.30635044980645
"chr1-1344",-0.313083607637724
"chr1-1345",-0.350881730672294
"chr1-1346",-0.432798126134211
"chr1-1347",-0.278886621041648
"chr1-1348",-0.290470654587435
"chr1-1349",-0.214092902146104
"chr1-1350",-0.277325371464159
"chr1-1351",-0.327587228310896
"chr1-1352",-0.160331636705217
"chr1-1353",-0.247633462496575
"chr1-1354",-0.193310680249412
"chr1-1355",-0.180704514641912
"chr1-1356",-0.273271844655635
"chr1-1357",-0.354306553657384
"chr1-1358",-0.28347852478146
"chr1-1359",-0.30936469141914
"chr1-1360",-0.298828989923248
"chr1-1361",-0.260147225810916
"chr1-1362",-0.293107732942616
"chr1-1363",-0.296834538140317
"chr1-1364",-0.224865941656321
"chr1-1365",-0.314537630470539
"chr1-1366",-0.294573795905077
"chr1-1367",-0.237632488297469
"chr1-1368",-0.281481669819177
"chr1-1369",-0.14474718232055
"chr1-1370",-0.250230543277749
"chr1-1371",-0.160985907524478
"chr1-1372",-0.267426930751389
"chr1-1373",-0.294833026482483
"chr1-1374",-0.241156076035084
"chr1-1375",-0.234767474473147
"chr1-1376",-0.363967192467639
"chr1-1377",-0.176680328281689
"chr1-1378",-0.300166368062792
"chr1-1379",-0.230318958482732
"chr1-1380",-0.297374151883938
"chr1-1381",-0.176281702390954
"chr1-1382",-0.235841901894479
"chr1-1383",-0.204669880899869
"chr1-1384",-0.163240628246549
"chr1-1385",-0.0866761178509621
"chr1-1386",-0.230165657778877
"chr1-1387",-0.130102508607906
"chr1-1388",-0.286791319965745
"chr1-1389",-0.246385339255266
"chr1-1390",-0.277085819930861
"chr1-1391",-0.247726072222613
"chr1-1392",-0.350604895521183
"chr1-1393",-0.24283339252737
"chr1-1394",-0.356828475413501
"chr1-1395",-0.340853032991106
"chr1-1396",-0.0831591716902703
"chr1-1397",-0.175111637518891
"chr1-1398",-0.204040892549026
"chr1-1399",-0.171941496873394
"chr1-1400",-0.144501626797033
"chr1-1401",-0.348636294982097
"chr1-1402",-0.342844359868565
"chr1-1403",-0.262440987134934
"chr1-1404",-0.148627763855897
"chr1-1405",-0.09262750797255
"chr1-1406",-0.0924636945251657
"chr1-1407",-0.144268405249313
"chr1-1408",-0.24383728065676
"chr1-1409",-0.372235177405836
"chr1-1410",-0.278161921270523
"chr1-1411",-0.0783365282244674
"chr1-1412",-0.334486805634265
"chr1-1413",-0.270888988824084
"chr1-1414",-0.141758462479317
"chr1-1415",-0.116011605152843
"chr1-1416",-0.216807034723121
"chr1-1417",-0.213926184952413
"chr1-1418",-0.159371940341664
"chr1-1419",-0.202313629547194
"chr1-1420",-0.335355782421507
"chr1-1421",-0.438849032258795
"chr1-1422",-0.367433226954036
"chr1-1423",-0.484097674072284
"chr1-1424",-0.437195370161069
"chr1-1425",-0.281168972944079
"chr1-1426",-0.316606097186927
"chr1-1427",-0.332189242899938
"chr1-1428",-0.311125669232884
"chr1-1429",-0.308094787992457
"chr1-1430",-0.274651733081463
"chr1-1431",-0.325931595607127
"chr1-1432",-0.265860221030739
"chr1-1433",-0.384494829585316
"chr1-1434",-0.158950046260353
"chr1-1435",-0.207481730833704
"chr1-1436",-0.171550088112848
"chr1-1437",-0.129602589300893
"chr1-1438",-0.227859140655354
"chr1-1439",-0.293261110410931
"chr1-1440",-0.116383342993044
"chr1-1441",-0.21772651881223
"chr1-1442",0.0392724766893494
"chr1-1443",-0.125617483119987
"chr1-1444",-0.204471450574274
"chr1-1445",-0.144892713164912
"chr1-1446",-0.279076822797988
"chr1-1447",-0.311967878654132
"chr1-1448",-0.313293460632888
"chr1-1449",-0.248359551955402
"chr1-1450",-0.182289891896526
"chr1-1451",-0.137860943404276
"chr1-1452",-0.251162564103316
"chr1-1453",-0.124136738377677
"chr1-1454",-0.11147655536022
"chr1-1455",-0.329537112916098
"chr1-1456",-0.485946681309489
"chr1-1457",-0.499591984879461
"chr1-1458",-0.214363861828172
"chr1-1459",-0.313464975737952
"chr1-1460",-0.134303750331742
"chr1-1461",-0.267516465953587
"chr1-1462",-0.205161387407853
"chr1-1463",-0.311801587245314
"chr1-1464",-0.130266584138037
"chr1-1465",-0.241811134960871
"chr1-1466",-0.361693159268146
"chr1-1467",-0.190534949375079
"chr1-1468",-0.0555925390895267
"chr1-1469",-0.231264216598673
"chr1-1470",-0.403681299618546
"chr1-1471",-0.200587561788558
"chr1-1472",-0.147998280858463
"chr1-1473",-0.368026475708617
"chr1-1474",-0.255976093053013
"chr1-1475",-0.336365282388614
"chr1-1476",-0.103303037284166
"chr1-1477",-0.405588395665075
"chr1-1478",-0.225555800797624
"chr1-1479",-0.191803246476789
"chr1-1480",-0.368689546140122
"chr1-1481",-0.250054436203945
"chr1-1482",-0.178073983167301
"chr1-1483",-0.14412573943183
"chr1-1484",-0.101506844360849
"chr1-1485",-0.242691070213905
"chr1-1486",-0.066425460060155
"chr1-1487",-0.151095468996454
"chr1-1488",-0.194274617306054
"chr1-1489",-0.188177859740115
"chr1-1490",-0.120269093837576
"chr1-1491",-0.340226884655842
"chr1-1492",-0.270538954809481
"chr1-1493",-0.162200406447536
"chr1-1494",-0.416683611883198
"chr1-1495",-0.410401027606461
"chr1-1496",-0.466475407566474
"chr1-1497",-0.258930701416596
"chr1-1498",-0.193051883803904
"chr1-1499",-0.281331903564698
"chr1-1500",-0.286420858331096
"chr1-1501",-0.190281136736236
"chr1-1502",-0.317620247760695
"chr1-1503",-0.289010734335203
"chr1-1504",-0.424339028990935
"chr1-1505",-0.241516530836461
"chr1-1506",-0.109382847952366
"chr1-1507",-0.393044209314921
"chr1-1508",-0.464246194759818
"chr1-1509",-0.260212442528498
"chr1-1510",-0.048278313112506
"chr1-1511",-0.0818836998453241
"chr1-1512",-0.260254926651918
"chr1-1513",-0.335887884535003
"chr1-1514",-0.315931746366668
"chr1-1515",-0.059773133738271
"chr10-0001",-0.000860462487169745
"chr10-0002",0.141760924041518
"chr10-0003",0.180589574529037
"chr10-0004",0.0985564587803996
"chr10-0005",0.204468545878849
"chr10-0006",0.165125604924596
"chr10-0007",0.143518263267258
"chr10-0008",0.0452097549423612
"chr10-0009",0.166723073529707
"chr10-0010",-0.000398172736364122
"chr10-0011",0.0704032742637183
"chr10-0012",0.0713976493566881
"chr10-0013",0.0160538359384503
"chr10-0014",0.143484531243093
"chr10-0015",0.0527004049646143
"chr10-0016",0.0416711140057795
"chr10-0017",0.0377586788517744
"chr10-0018",0.0928268234791353
"chr10-0019",0.087782108064974
"chr10-0020",0.0981915540742152
"chr10-0021",0.0895570931652103
"chr10-0022",0.185336306659068
"chr10-0023",0.184257441821357
"chr10-0024",-0.0517646119768354
"chr10-0025",0.0698126211089556
"chr10-0026",0.174942547137839
"chr10-0027",0.124611812148345
"chr10-0028",0.106883819527657
"chr10-0029",0.177514513601212
"chr10-0030",0.12861171534369
"chr10-0031",0.267647793944624
"chr10-0032",0.254921692033575
"chr10-0033",0.202024346064893
"chr10-0034",0.163854539084709
"chr10-0035",0.217448711956853
"chr10-0036",0.178005463191386
"chr10-0037",0.340175331655811
"chr10-0038",0.269955542701677
"chr10-0039",0.314897089078062
"chr10-0040",0.287309474353669
"chr10-0041",0.307080304653606
"chr10-0042",0.122619755190223
"chr10-0043",0.281136921017334
"chr10-0044",0.15263127924233
"chr10-0045",0.166239679912791
"chr10-0046",0.0123771441443511
"chr10-0047",0.0512067517473805
"chr10-0048",0.0930654000533256
"chr10-0049",0.121104016861026
"chr10-0050",0.151996511634209
"chr10-0051",0.0455187125431161
"chr10-0052",0.0217272952333921
"chr10-0053",0.0239198172227951
"chr10-0054",0.0500308597108709
"chr10-0055",0.048380637071833
"chr10-0056",0.0230674930246087
"chr10-0057",0.212202094773492
"chr10-0058",0.104651251780256
"chr10-0059",0.144519154678927
"chr10-0060",0.07591094135526
"chr10-0061",0.138965441128958
"chr10-0062",0.243289405337377
"chr10-0063",0.00316416836753243
"chr10-0064",-0.0399705624927928
"chr10-0065",0.0715100108665056
"chr10-0066",-0.0740645495451941
"chr10-0067",-0.0169557699439038
"chr10-0068",0.0933816268947456
"chr10-0069",0.0400741626447583
"chr10-0070",0.0727170963171226
"chr10-0071",0.281221546197207
"chr10-0072",0.147226521997139
"chr10-0073",0.259224926909953
"chr10-0074",0.138925937046476
"chr10-0075",0.170252606103608
"chr10-0076",0.131684365154475
"chr10-0077",0.124988380888607
"chr10-0078",-0.00590698466723533
"chr10-0079",0.0540936672617277
"chr10-0080",0.152695673170558
"chr10-0081",0.030803382416236
"chr10-0082",-0.0658099257829454
"chr10-0083",-0.0490359275222369
"chr10-0084",0.0150326378825365
"chr10-0085",-0.217491484814145
"chr10-0086",-0.0947006583922285
"chr10-0087",-0.0611659421890744
"chr10-0088",0.122744822829138
"chr10-0089",-0.12927426569816
"chr10-0090",0.056942444970169
"chr10-0091",0.158203574256984
"chr10-0092",0.0134566752527864
"chr10-0093",0.0468491065747069
"chr10-0094",-0.110704677679173
"chr10-0095",-0.00859611840724019
"chr10-0096",-0.0385195935424034
"chr10-0097",0.000866545341501957
"chr10-0098",0.101490187641179
"chr10-0099",0.00695034653163766
"chr10-0100",0.132623756757206
"chr10-0101",0.0183408021520745
"chr10-0102",-0.0129985659824137
"chr10-0103",0.177683861204176
"chr10-0104",0.0452031323214995
"chr10-0105",0.0954624494012751
"chr10-0106",0.0754162770154307
"chr10-0107",0.0199658347829322
"chr10-0108",0.127598406489569
"chr10-0109",0.144663027429438
"chr10-0110",0.174611644409944
"chr10-0111",-0.0214261525906902
"chr10-0112",-0.128384044962943
"chr10-0113",-0.104215648278407
"chr10-0114",0.0564778902518332
"chr10-0115",0.217502076802202
"chr10-0116",0.100299210715961
"chr10-0117",0.123939410293915
"chr10-0118",-0.0902367480654819
"chr10-0119",0.075905469199708
"chr10-0120",0.0985773145848396
"chr10-0121",0.183138018593787
"chr10-0122",0.207630371361587
"chr10-0123",0.048740820711778
"chr10-0124",0.218809501146124
"chr10-0125",0.286204828429893
"chr10-0126",0.148548185711578
"chr10-0127",0.0396506136323371
"chr10-0128",0.0257365285707893
"chr10-0129",0.0769588184547636
"chr10-0130",-0.0136943560023476
"chr10-0131",0.151858939639051
"chr10-0132",0.0583288692956668
"chr10-0133",0.140325547855052
"chr10-0134",0.275131877605594
"chr10-0135",0.200094353461044
"chr10-0136",0.106999062012394
"chr10-0137",0.0620507089520922
"chr10-0138",0.0225095953658177
"chr10-0139",0.171602473083489
"chr10-0140",0.114694756117738
"chr10-0141",0.228780334025206
"chr10-0142",0.238656149479402
"chr10-0143",0.199302157026087
"chr10-0144",0.138923634999758
"chr10-0145",0.104084821806852
"chr10-0146",-0.118742312530364
"chr10-0147",0.00418799950042242
"chr10-0148",0.118484371152463
"chr10-0149",0.136118694530549
"chr10-0150",0.195628973756775
"chr10-0151",0.217763448825578
"chr10-0152",0.197982060447554
"chr10-0153",0.0593275423031376
"chr10-0154",0.176459082073331
"chr10-0155",0.228401687131303
"chr10-0156",0.0637863895999396
"chr10-0157",0.0700739811460354
"chr10-0158",0.120098326708292
"chr10-0159",0.0972341829985718
"chr10-0160",0.0269946803417555
"chr10-0161",0.0313195777744714
"chr10-0162",-0.0252009630914315
"chr10-0163",0.000595610241924329
"chr10-0164",0.0766181342674084
"chr10-0165",0.00849961529699418
"chr10-0166",0.206435988424554
"chr10-0167",0.191863875651298
"chr10-0168",0.11581186547904
"chr10-0169",0.171430082573189
"chr10-0170",0.130338691931551
"chr10-0171",0.137580402937546
"chr10-0172",-0.0263776118102459
"chr10-0173",0.105294459500156
"chr10-0174",0.104481117160282
"chr10-0175",0.0229842004823307
"chr10-0176",0.107684634645265
"chr10-0177",0.055169413518039
"chr10-0178",0.00347504113004476
"chr10-0179",-0.0326066429855854
"chr10-0180",0.0399200169394795
"chr10-0181",0.0166142973790818
"chr10-0182",-0.142893946895355
"chr10-0183",0.0403094639108496
"chr10-0184",0.0939862935496808
"chr10-0185",0.051941776188574
"chr10-0186",0.142135978883969
"chr10-0187",0.132271745967322
"chr10-0188",0.168834761381794
"chr10-0189",0.135995787397626
"chr10-0190",0.10119428467855
"chr10-0191",0.00305595676302878
"chr10-0192",0.133875510800706
"chr10-0193",0.022162976119324
"chr10-0194",0.0914994529814741
"chr10-0195",0.0337818552060947
"chr10-0196",0.16524393524748
"chr10-0197",0.156801999461642
"chr10-0198",0.0117438968851176
"chr10-0199",0.15289688943902
"chr10-0200",0.114324251555969
"chr10-0201",0.129998608639517
"chr10-0202",0.178848208691691
"chr10-0203",0.101842103988812
"chr10-0204",0.128970455879426
"chr10-0205",0.0474754698945509
"chr10-0206",-0.0770624194334058
"chr10-0207",-0.0394590060853546
"chr10-0208",-0.00565956868329537
"chr10-0209",0.190900111427963
"chr10-0210",0.163056771845837
"chr10-0211",0.163034828526563
"chr10-0212",0.147633892478307
"chr10-0213",0.0948637002783363
"chr10-0214",0.056104054423244
"chr10-0215",0.190577781235083
"chr10-0216",0.230215449564312
"chr10-0217",0.104436332640519
"chr10-0218",0.25807889831566
"chr10-0219",0.0883941440939887
"chr10-0220",0.0782463078514249
"chr10-0221",-0.0852051527210734
"chr10-0222",-0.184586421841755
"chr10-0223",0.0944905649138652
"chr10-0224",0.180185245807308
"chr10-0225",0.0658786812956445
"chr10-0226",0.0724294891248472
"chr10-0227",0.136012041903173
"chr10-0228",0.131502673770463
"chr10-0229",0.211962333099807
"chr10-0230",0.134975077272604
"chr10-0231",0.196448852795382
"chr10-0232",0.119086813770691
"chr10-0233",0.177887253367917
"chr10-0234",0.29519223185181
"chr10-0235",0.281642550581161
"chr10-0236",0.218197237241732
"chr10-0237",0.174651897254793
"chr10-0238",0.156837467484783
"chr10-0239",0.0480236909082495
"chr10-0240",-0.011112802036742
"chr10-0241",-0.0328036455821091
"chr10-0242",-0.0534026777943854
"chr10-0243",-0.136674318644694
"chr10-0244",0.165303561019502
"chr10-0245",0.128403253348098
"chr10-0246",0.119233068736847
"chr10-0247",0.0628903424295916
"chr10-0248",0.197303413565514
"chr10-0249",0.186255040030268
"chr10-0250",0.155115042331948
"chr10-0251",0.0758334842152125
"chr10-0252",-0.00692660808880203
"chr10-0253",-0.082613860457501
"chr10-0254",0.0318515458362061
"chr10-0255",0.0976250561669436
"chr10-0256",-0.0698493547952376
"chr10-0257",0.0268734552465997
"chr10-0258",0.0543983997163216
"chr10-0259",-0.0247207247427267
"chr10-0260",-0.146585829894513
"chr10-0261",-0.156930554653731
"chr10-0262",-0.154216793932415
"chr10-0263",-0.0126969407170376
"chr10-0264",-0.0994817018720152
"chr10-0265",-0.0543260054776657
"chr10-0266",0.0215882231602578
"chr10-0267",-0.0598596358406066
"chr10-0268",-0.0680772400799946
"chr10-0269",-0.184713163874159
"chr10-0270",0.0654780901339991
"chr10-0271",0.0807159648705851
"chr10-0272",-0.00662513182317517
"chr10-0273",0.158361898910184
"chr10-0274",0.107836999172388
"chr10-0275",0.268675841353929
"chr10-0276",0.219883167182686
"chr10-0277",0.0345019427443425
"chr10-0278",-0.0530719456996646
"chr10-0279",0.264621717935684
"chr10-0280",-0.0166179692483924
"chr10-0281",0.0535643230134428
"chr10-0282",0.209903314409601
"chr10-0283",0.0148678810865017
"chr10-0284",0.0458000582590706
"chr10-0285",0.0933919280834712
"chr10-0286",-0.0148093635332907
"chr10-0287",0.0285460840687606
"chr10-0288",0.000193544989607135
"chr10-0289",-0.318226730801352
"chr10-0290",-0.00259843886803452
"chr10-0291",0.0496797582223738
"chr10-0292",-0.022731103428299
"chr10-0293",0.204262528453155
"chr10-0294",0.190484907470949
"chr10-0295",0.00227020084023842
"chr10-0296",0.0597321374022481
"chr10-0297",0.0112640638980248
"chr10-0298",0.128488816703261
"chr10-0299",0.219341747284985
"chr10-0300",0.0985193318073003
"chr10-0301",0.133314848456331
"chr10-0302",0.0792127448886751
"chr10-0303",0.0671207893973958
"chr10-0304",0.038763884872045
"chr10-0305",0.133904994683984
"chr10-0306",0.0064016343177512
"chr10-0307",-0.0129914896907534
"chr10-0308",0.123268549585583
"chr10-0309",0.0922040954352712
"chr10-0310",-0.0119338408144302
"chr10-0311",0.0331271643230048
"chr10-0312",0.0588910849349451
"chr10-0313",0.035593397975163
"chr10-0314",0.0043305131697206
"chr10-0315",-0.0415590962651945
"chr10-0316",-0.0548041176053712
"chr10-0317",0.150039640252985
"chr10-0318",0.137869870568089
"chr10-0319",0.144557545316876
"chr10-0320",0.068970512464745
"chr10-0321",-0.139630753728238
"chr10-0322",0.0920918054856134
"chr10-0323",0.120144841227981
"chr10-0324",0.157232729058166
"chr10-0325",0.35130562492882
"chr10-0326",0.0207658782814883
"chr10-0327",0.205650287979755
"chr10-0328",0.0470027624180298
"chr10-0329",0.269822626283165
"chr10-0330",0.0388892602667369
"chr10-0331",0.193881891619263
"chr10-0332",0.150638682457453
"chr10-0333",0.221751733636519
"chr10-0334",0.208196511874402
"chr10-0335",-0.0323764311012112
"chr10-0336",0.112571689509304
"chr10-0337",0.0381516685396918
"chr10-0338",0.174547576305335
"chr10-0339",0.212118892581349
"chr10-0340",0.208004002634728
"chr10-0341",0.229023716333693
"chr10-0342",0.100569919696846
"chr10-0343",0.0996226384771731
"chr10-0344",0.139571056635216
"chr10-0345",0.192214136624102
"chr10-0346",0.15124426709659
"chr10-0347",0.171014407527397
"chr10-0348",0.306075438326172
"chr10-0349",0.212492085897711
"chr10-0350",0.189420799052282
"chr10-0351",0.325184856144792
"chr10-0352",0.0962406913678723
"chr10-0353",0.169594502039338
"chr10-0354",0.0801451366220633
"chr10-0355",0.176837462725729
"chr10-0356",0.220828226865955
"chr10-0357",0.117157146428859
"chr10-0358",0.22679598785248
"chr10-0359",0.294836711837796
"chr10-0360",0.176285198960577
"chr10-0361",0.229112409833335
"chr10-0362",0.151227276906351
"chr10-0363",0.0671651244176776
"chr10-0364",0.0138677458215178
"chr10-0365",0.150300716171648
"chr10-0366",0.259440934225475
"chr10-0367",0.28263531969305
"chr10-0368",0.264173630367385
"chr10-0369",0.0936686430925231
"chr10-0370",-0.0930316440773074
"chr10-0371",0.097730375477775
"chr10-0372",0.0325211878598694
"chr10-0373",0.104230972351546
"chr10-0374",-0.0164623885327458
"chr10-0375",0.0766183393242197
"chr10-0376",0.100678677896917
"chr10-0377",0.283006427667333
"chr10-0378",0.325883380888129
"chr10-0379",0.186338687698099
"chr10-0380",0.274220388484692
"chr10-0381",-0.0198856348123602
"chr10-0382",0.00377161669614017
"chr10-0383",-0.024496087716746
"chr10-0384",-0.0378774286322886
"chr10-0385",-0.14464029381567
"chr10-0386",0.0196470506661936
"chr10-0387",-0.0629749206720476
"chr10-0388",-0.0637845935149075
"chr10-0389",0.235983922018229
"chr10-0390",-0.196255773543684
"chr10-0391",-0.17215834172912
"chr10-0392",-0.127540083002437
"chr10-0393",0.010483008282138
"chr10-0394",-0.0516952695292545
"chr10-0395",-0.0352779289296412
"chr10-0396",-0.0368432831628066
"chr10-0397",0.0292121068892407
"chr10-0398",-0.152264326313151
"chr10-0399",-0.0402385946889126
"chr10-0400",0.014317202081931
"chr10-0401",0.0208528292301678
"chr10-0402",0.110374949721685
"chr10-0403",-0.0601405711941079
"chr10-0404",0.0185592293355789
"chr10-0405",-0.0206258311087449
"chr10-0406",-0.0562164966150722
"chr10-0407",-0.113322934359368
"chr10-0408",-0.0450025103654134
"chr10-0409",0.0478481915863275
"chr10-0410",0.055074325925612
"chr10-0411",0.0583807991768524
"chr10-0412",0.0265761247892355
"chr10-0413",-0.0330258422991445
"chr10-0414",-0.0138082658881887
"chr10-0415",0.0309628083594155
"chr10-0416",0.0524068351116892
"chr10-0417",0.0809115494439578
"chr10-0418",-0.0402443624303821
"chr10-0419",-0.0290978672305591
"chr10-0420",-0.0843464908489553
"chr10-0421",0.00247843628447328
"chr10-0422",-0.0355541664558613
"chr10-0423",-0.0516543436339988
"chr10-0424",-0.0928339045200874
"chr10-0425",0.0299738541686549
"chr10-0426",-0.0537506236448256
"chr10-0427",-0.0420806830117342
"chr10-0428",0.0511096055739095
"chr10-0429",0.0902547636500778
"chr10-0430",-0.0384071532233419
"chr10-0431",-0.0040471469053465
"chr10-0432",0.174792645788214
"chr10-0433",-0.13649816850591
"chr10-0434",0.101883259829677
"chr10-0435",-0.0806813480573067
"chr10-0436",-0.0141082661862634
"chr10-0437",0.0410659486902776
"chr10-0438",-0.112535310380398
"chr10-0439",-0.0975150275109618
"chr10-0440",-0.0610068103281128
"chr10-0441",0.176854187238586
"chr10-0442",-0.374629560652235
"chr10-0443",-0.35573744663363
"chr10-0444",-0.396552875466043
"chr10-0445",-0.386907233009699
"chr10-0446",-0.420247765596563
"chr10-0447",-0.280889325042635
"chr10-0448",-0.265827168108517
"chr10-0449",-0.18913948837472
"chr10-0450",-0.16468722425455
"chr10-0451",-0.0974432625796886
"chr10-0452",-0.0721002635879402
"chr10-0453",-0.268518943454511
"chr10-0454",-0.222440920150988
"chr10-0455",-0.238752650363777
"chr10-0456",-0.127291477550929
"chr10-0457",-0.296401315892903
"chr10-0458",-0.308375747829221
"chr10-0459",-0.328606304354065
"chr10-0460",-0.265314405997669
"chr10-0461",-0.147690987919445
"chr10-0462",-0.335769212960043
"chr10-0463",-0.406278186596266
"chr10-0464",-0.303212161800752
"chr10-0465",-0.280254968970108
"chr10-0466",-0.453338575625997
"chr10-0467",-0.204947538191394
"chr10-0468",-0.216975718575412
"chr10-0469",-0.171212248592183
"chr10-0470",-0.223681331543914
"chr10-0471",-0.228648320708649
"chr10-0472",-0.220804975532249
"chr10-0473",-0.365423121424041
"chr10-0474",-0.316272171763676
"chr10-0475",-0.286967233881155
"chr10-0476",-0.316915557098225
"chr10-0477",-0.34171938142432
"chr10-0478",-0.222711813948052
"chr10-0479",-0.16981343872111
"chr10-0480",-0.346240791158553
"chr10-0481",-0.376211413666347
"chr10-0482",-0.222480511256614
"chr10-0483",-0.346239853227069
"chr10-0484",-0.435049065960642
"chr10-0485",-0.295451064231082
"chr10-0486",-0.228747028232058
"chr10-0487",-0.331333214966833
"chr10-0488",-0.298429347811294
"chr10-0489",-0.281677669667412
"chr10-0490",-0.36164960251516
"chr10-0491",-0.252364356475439
"chr10-0492",-0.369310611881183
"chr10-0493",-0.215351026568866
"chr10-0494",-0.297280574673196
"chr10-0495",-0.120690636488562
"chr10-0496",-0.18302498204861
"chr10-0497",-0.340651329006939
"chr10-0498",-0.377475183666239
"chr10-0499",-0.361650425429611
"chr10-0500",-0.232652704548619
"chr10-0501",-0.324966620442485
"chr10-0502",-0.38636036157636
"chr10-0503",-0.288088252741565
"chr10-0504",-0.245218853195408
"chr10-0505",-0.369535259544847
"chr10-0506",-0.379906570594787
"chr10-0507",-0.395279367956221
"chr10-0508",-0.356389846538275
"chr10-0509",-0.305756970204649
"chr10-0510",-0.394166654885485
"chr10-0511",-0.376715891314247
"chr10-0512",-0.320668654759644
"chr10-0513",-0.368017010858242
"chr10-0514",-0.243411682101452
"chr10-0515",-0.00306729763990249
"chr10-0516",-0.167810051808729
"chr10-0517",-0.25231832314697
"chr10-0518",-0.185553886315495
"chr10-0519",-0.425352580924599
"chr10-0520",-0.123102371855721
"chr10-0521",-0.119321480564611
"chr10-0522",-0.0896966439443842
"chr10-0523",-0.179946851743459
"chr10-0524",-0.15639612475892
"chr10-0525",-0.292613316889248
"chr10-0526",-0.24924062562043
"chr10-0527",-0.218964760541101
"chr10-0528",-0.195636739722752
"chr10-0529",-0.215813896362244
"chr10-0530",-0.316277021721472
"chr10-0531",-0.237204136067973
"chr10-0532",-0.26959386228235
"chr10-0533",-0.305182941250799
"chr10-0534",-0.246416535763027
"chr10-0535",-0.308550937104388
"chr10-0536",-0.291144323357525
"chr10-0537",-0.115769984200272
"chr10-0538",-0.165562627356349
"chr10-0539",-0.286148044384506
"chr10-0540",-0.336640390014182
"chr10-0541",-0.21361684122089
"chr10-0542",-0.14186754324277
"chr10-0543",-0.186988346283003
"chr10-0544",-0.275699414291845
"chr10-0545",-0.228190558158185
"chr10-0546",-0.194594049712447
"chr10-0547",-0.145639262248842
"chr10-0548",-0.191356452756132
"chr10-0549",-0.393765894540763
"chr10-0550",-0.276611368196284
"chr10-0551",-0.369565243467224
"chr10-0552",-0.272184024626038
"chr10-0553",-0.422240692511984
"chr10-0554",-0.323075844935752
"chr10-0555",-0.27286470467259
"chr10-0556",-0.317085529567523
"chr10-0557",-0.239871250283612
"chr10-0558",-0.396478934393009
"chr10-0559",-0.429817660918427
"chr10-0560",-0.128842611081509
"chr10-0561",-0.186586858759915
"chr10-0562",-0.295622364285377
"chr10-0563",-0.253683848642617
"chr10-0564",-0.204336463435158
"chr10-0565",-0.247116499360686
"chr10-0566",-0.23677010277782
"chr10-0567",-0.508045234367642
"chr10-0568",-0.381011650050593
"chr10-0569",-0.299941325133649
"chr10-0570",-0.31583319013981
"chr10-0571",-0.330117886788342
"chr10-0572",-0.339506114937234
"chr10-0573",-0.264675406671097
"chr10-0574",-0.36516101589459
"chr10-0575",-0.35220019264471
"chr10-0576",-0.32534337478988
"chr10-0577",-0.0749979167309174
"chr10-0578",-0.409883915172207
"chr10-0579",-0.280098147675234
"chr10-0580",-0.200003462001542
"chr10-0581",-0.123942336904039
"chr10-0582",-0.194868269952874
"chr10-0583",-0.250720078377683
"chr10-0584",-0.300571964198125
"chr10-0585",-0.400255134341603
"chr10-0586",-0.327515416253191
"chr10-0587",-0.173736399385738
"chr10-0588",-0.359493254855269
"chr10-0589",-0.292657907072228
"chr10-0590",-0.588921979705308
"chr10-0591",-0.359436784981645
"chr10-0592",-0.410977546468325
"chr10-0593",-0.394227213760854
"chr10-0594",-0.368446028906446
"chr10-0595",-0.190280655167129
"chr10-0596",-0.360922785609385
"chr10-0597",-0.34036195010723
"chr10-0598",-0.305808083012461
"chr10-0599",-0.231248072428534
"chr10-0600",-0.307973167994662
"chr10-0601",-0.300569434276285
"chr10-0602",-0.0752618206226121
"chr10-0603",-0.155325056247541
"chr10-0604",-0.322716072447841
"chr10-0605",-0.328339099788084
"chr10-0606",-0.303558591837276
"chr10-0607",-0.412024639699861
"chr10-0608",-0.350365188013627
"chr10-0609",-0.338874153100662
"chr10-0610",-0.397824708478695
"chr10-0611",-0.447721736176215
"chr10-0612",-0.227260946290688
"chr10-0613",-0.516003361300759
"chr10-0614",-0.317419129256132
"chr10-0615",-0.424102453108263
"chr10-0616",-0.371222008950312
"chr10-0617",-0.413440912718119
"chr10-0618",-0.3734036938422
"chr10-0619",-0.304711821892676
"chr10-0620",-0.409993113251858
"chr10-0621",-0.29352347395974
"chr10-0622",-0.366461858281811
"chr10-0623",-0.381098016702367
"chr10-0624",-0.29950417477865
"chr10-0625",-0.305543055142139
"chr10-0626",-0.315242883583671
"chr10-0627",-0.279382699685776
"chr10-0628",-0.440709437904664
"chr10-0629",-0.314194740559726
"chr10-0630",-0.249405509679313
"chr10-0631",-0.403724275146094
"chr10-0632",-0.336174244518601
"chr10-0633",-0.379282308619692
"chr10-0634",-0.388215705200978
"chr10-0635",-0.316376632329125
"chr10-0636",-0.263818863611824
"chr10-0637",-0.398998943177956
"chr10-0638",-0.452962693298848
"chr10-0639",-0.240113369259166
"chr10-0640",-0.167089356355111
"chr10-0641",-0.374879692183613
"chr10-0642",-0.629741110009145
"chr10-0643",-0.508382420995618
"chr10-0644",-0.246541812453432
"chr10-0645",-0.371950199920851
"chr10-0646",-0.310864828881748
"chr10-0647",-0.381303682140712
"chr10-0648",-0.265263258401312
"chr10-0649",-0.221990425996762
"chr10-0650",-0.299403191660086
"chr10-0651",-0.273217735967895
"chr10-0652",-0.353432733391387
"chr10-0653",-0.219966056719134
"chr10-0654",-0.414418640607597
"chr10-0655",-0.385335381028899
"chr10-0656",-0.36438056780209
"chr10-0657",-0.242985534050193
"chr10-0658",-0.25940867892088
"chr10-0659",-0.349297634976454
"chr10-0660",-0.165322607379613
"chr10-0661",-0.216164126538418
"chr10-0662",-0.139454107471769
"chr10-0663",-0.241819176713698
"chr10-0664",-0.358868763470891
"chr10-0665",-0.194389061288092
"chr10-0666",-0.210667510050995
"chr10-0667",-0.320555688049493
"chr10-0668",-0.299824059277692
"chr10-0669",-0.294716913234333
"chr10-0670",-0.237018894657364
"chr10-0671",-0.274771563119064
"chr10-0672",-0.311234264047599
"chr10-0673",-0.37257554637621
"chr10-0674",-0.199899277268684
"chr10-0675",-0.306737897387811
"chr10-0676",-0.297458531702577
"chr10-0677",-0.270376974064944
"chr10-0678",-0.156865047929752
"chr10-0679",-0.434517821114676
"chr10-0680",-0.237172045719229
"chr10-0681",-0.404481268051605
"chr10-0682",-0.370701421887438
"chr10-0683",-0.290542150830084
"chr10-0684",-0.073845394113713
"chr10-0685",-0.37559743987167
"chr10-0686",-0.198600137221257
"chr10-0687",-0.213201363381585
"chr10-0688",-0.242020162155096
"chr10-0689",-0.207629205341185
"chr10-0690",-0.324241982558931
"chr10-0691",-0.340138955743958
"chr10-0692",-0.344487470625393
"chr10-0693",-0.188460613594111
"chr10-0694",-0.425825114870112
"chr10-0695",-0.188991481879085
"chr10-0696",-0.078508272424784
"chr10-0697",-0.327212434402438
"chr10-0698",-0.353916616219583
"chr10-0699",-0.327098198181872
"chr10-0700",-0.318330088622157
"chr10-0701",-0.331943344937184
"chr10-0702",-0.336553835310569
"chr10-0703",-0.20578619272412
"chr10-0704",-0.253800995104504
"chr10-0705",-0.370094570598254
"chr10-0706",-0.183803701429622
"chr10-0707",-0.24431868929585
"chr10-0708",-0.313686628099712
"chr10-0709",-0.227751308413453
"chr10-0710",-0.324406719687302
"chr10-0711",-0.404279596910045
"chr10-0712",-0.373929942946198
"chr10-0713",-0.249397850072472
"chr10-0714",-0.330370651476882
"chr10-0715",-0.349858795138402
"chr10-0716",-0.242776196490048
"chr10-0717",-0.55506345103591
"chr10-0718",-0.356877944286912
"chr10-0719",-0.239489088542773
"chr10-0720",-0.107946928738515
"chr10-0721",-0.134688715379329
"chr10-0722",-0.162485051736022
"chr10-0723",-0.215167884938988
"chr10-0724",-0.424125178656562
"chr10-0725",-0.325661212826003
"chr10-0726",-0.355157860715998
"chr10-0727",-0.440275461041543
"chr10-0728",-0.49125668871479
"chr10-0729",-0.282621694009833
"chr10-0730",-0.344281231141794
"chr10-0731",-0.304163971505942
"chr10-0732",-0.350794934391465
"chr10-0733",-0.402764485607596
"chr10-0734",-0.246629706900694
"chr10-0735",-0.275974696306297
"chr10-0736",-0.328137215408626
"chr10-0737",-0.239314397131932
"chr10-0738",-0.305160247665301
"chr10-0739",-0.320793687063091
"chr10-0740",-0.293333631098463
"chr10-0741",-0.306258791982778
"chr10-0742",-0.276696143139977
"chr10-0743",-0.197751499517854
"chr10-0744",-0.437698193503524
"chr10-0745",-0.167665768732735
"chr10-0746",-0.352554240187054
"chr10-0747",-0.362261095450969
"chr10-0748",-0.320846953794067
"chr10-0749",-0.213715058516092
"chr10-0750",-0.265244286672384
"chr10-0751",-0.202378980030556
"chr10-0752",-0.220253213810454
"chr10-0753",-0.347462901314447
"chr10-0754",-0.292749767943047
"chr10-0755",-0.374303061848273
"chr10-0756",-0.299217136020329
"chr10-0757",-0.241805167338443
"chr10-0758",-0.232366067570333
"chr10-0759",-0.3858639081442
"chr10-0760",-0.325216927732669
"chr10-0761",-0.308425500806025
"chr10-0762",-0.318321201031678
"chr10-0763",-0.239818080879256
"chr10-0764",-0.237873642516029
"chr10-0765",-0.369654006587127
"chr10-0766",-0.267942668972989
"chr10-0767",-0.323401176393528
"chr10-0768",-0.419816164891372
"chr10-0769",-0.358733739113065
"chr10-0770",-0.220016785726788
"chr10-0771",-0.208772621139706
"chr10-0772",-0.306098901193749
"chr10-0773",-0.574959803153138
"chr10-0774",-0.283328611613534
"chr10-0775",-0.199346249188116
"chr10-0776",-0.171518625882864
"chr10-0777",-0.255701003712914
"chr10-0778",-0.279755381050954
"chr10-0779",-0.155748506868602
"chr10-0780",-0.236242131972842
"chr10-0781",-0.229993367753566
"chr10-0782",-0.307785302232916
"chr10-0783",-0.286697806040685
"chr10-0784",-0.210282873890209
"chr10-0785",-0.188498856647304
"chr10-0786",-0.203778003248805
"chr10-0787",-0.332628008604112
"chr10-0788",-0.314242223469305
"chr10-0789",-0.18693222009948
"chr10-0790",-0.165216465011184
"chr10-0791",-0.227588678891305
"chr10-0792",-0.181419737967063
"chr10-0793",-0.219997531768205
"chr10-0794",-0.263996946859115
"chr10-0795",-0.436667311378652
"chr10-0796",-0.365380788590537
"chr10-0797",-0.170551261165463
"chr10-0798",-0.272879168660338
"chr10-0799",-0.3375114177125
"chr10-0800",-0.241126540127117
"chr10-0801",-0.264316324803422
"chr10-0802",-0.229861472883682
"chr10-0803",-0.25390744131283
"chr10-0804",-0.226102211778425
"chr10-0805",-0.233711440219373
"chr10-0806",-0.22140194538692
"chr10-0807",-0.178013428793296
"chr10-0808",-0.184477697117285
"chr10-0809",-0.130325338857054
"chr10-0810",-0.197493034358594
"chr10-0811",-0.105392456590794
"chr10-0812",-0.216095609479419
"chr10-0813",-0.233337040509711
"chr10-0814",-0.131064333915168
"chr10-0815",-0.248124154142362
"chr10-0816",-0.36712929560677
"chr10-0817",-0.255005218834639
"chr10-0818",-0.194220799428471
"chr10-0819",-0.293642223692619
"chr10-0820",-0.20287296656953
"chr10-0821",-0.246081112448228
"chr10-0822",-0.176123950780163
"chr10-0823",-0.23100493682211
"chr10-0824",-0.274550380822924
"chr10-0825",-0.370103055857174
"chr10-0826",-0.237927373950536
"chr10-0827",-0.339260418559075
"chr10-0828",-0.287213955645504
"chr10-0829",-0.357010673501968
"chr10-0830",-0.384491127237141
"chr10-0831",-0.43681228302111
"chr10-0832",-0.163060758023065
"chr10-0833",-0.257715144263092
"chr10-0834",-0.266756603191955
"chr10-0835",-0.232903874743594
"chr10-0836",-0.175568415458064
"chr10-0837",-0.198826719781962
"chr10-0838",-0.26647208476022
"chr10-0839",-0.159131510241078
"chr10-0840",-0.148682211783585
"chr10-0841",-0.205868614633631
"chr10-0842",-0.252506959344422
"chr10-0843",-0.24118162018973
"chr10-0844",-0.214973235629015
"chr10-0845",-0.223981680669491
"chr10-0846",-0.28173034955675
"chr10-0847",-0.253915732838158
"chr10-0848",-0.230276508916885
"chr10-0849",-0.230269781422863
"chr11-0001",0.111536323676414
"chr11-0002",-0.0768446379010383
"chr11-0003",0.0516170800817188
"chr11-0004",-0.0143305405097443
"chr11-0005",0.0153706456158875
"chr11-0006",0.0489666008352999
"chr11-0007",-0.02280642962833
"chr11-0008",-0.0660118902351963
"chr11-0009",0.00323879987369448
"chr11-0010",0.00905342210236871
"chr11-0011",0.00382256477960183
"chr11-0012",0.0247580986469185
"chr11-0013",0.0213362164147727
"chr11-0014",0.0840294633947495
"chr11-0015",0.0354649372544424
"chr11-0016",0.0929435988523934
"chr11-0017",0.0556737245483019
"chr11-0018",0.00144699943450753
"chr11-0019",0.0161224735750503
"chr11-0020",-0.0117035808222855
"chr11-0021",-0.00296192382871811
"chr11-0022",0.0145248165468006
"chr11-0023",0.017679314342442
"chr11-0024",-0.0127357357229269
"chr11-0025",-0.0204382106890992
"chr11-0026",0.0997315109140403
"chr11-0027",0.065233458274948
"chr11-0028",0.0512739408797163
"chr11-0029",0.0138940166083723
"chr11-0030",0.0343342563683858
"chr11-0031",0.00645014836250003
"chr11-0032",-0.0560647591984954
"chr11-0033",0.137245243584446
"chr11-0034",0.0249173210932203
"chr11-0035",0.0406491217517254
"chr11-0036",-0.0348314136281745
"chr11-0037",-0.0663467900220528
"chr11-0038",0.00922129094807433
"chr11-0039",0.000275425803849258
"chr11-0040",-0.021295395589027
"chr11-0041",-0.00876138126582264
"chr11-0042",0.104764673367041
"chr11-0043",0.0988647515420737
"chr11-0044",0.0589586897679028
"chr11-0045",0.0861291576448562
"chr11-0046",0.0874820773247501
"chr11-0047",0.0153279641491101
"chr11-0048",0.0587431266915991
"chr11-0049",0.221948963688776
"chr11-0050",-0.00276534234482668
"chr11-0051",0.089140385364719
"chr11-0052",0.097483571330795
"chr11-0053",0.180229220555668
"chr11-0054",0.130511980538388
"chr11-0055",-0.149111884353562
"chr11-0056",0.0122725779083787
"chr11-0057",0.05120231206572
"chr11-0058",-0.00230578015593974
"chr11-0059",0.142116354879072
"chr11-0060",0.0124549086811665
"chr11-0061",0.221263399591414
"chr11-0062",0.0442776350843957
"chr11-0063",0.164909556356404
"chr11-0064",0.132512635698779
"chr11-0065",0.125606052169327
"chr11-0066",0.061435595672505
"chr11-0067",0.126259891921777
"chr11-0068",0.0961395588397448
"chr11-0069",0.182282381731395
"chr11-0070",0.072733161587495
"chr11-0071",-0.0242579370592772
"chr11-0072",0.0253801106501634
"chr11-0073",0.0379358913085869
"chr11-0074",0.0411569415660197
"chr11-0075",0.0553400192571611
"chr11-0076",0.0232768341915402
"chr11-0077",0.146668255966036
"chr11-0078",0.183385623232061
"chr11-0079",-0.036972754218195
"chr11-0080",0.084823945372115
"chr11-0081",0.0238852416768039
"chr11-0082",-0.0269684221070821
"chr11-0083",-0.0690879427547961
"chr11-0084",-0.144413088181588
"chr11-0085",0.0149959355477665
"chr11-0086",0.000948230531001633
"chr11-0087",0.0745127703378063
"chr11-0088",0.242051564090584
"chr11-0089",0.0842916662446008
"chr11-0090",0.0550328190761682
"chr11-0091",0.118964817165387
"chr11-0092",0.179489312460217
"chr11-0093",0.162940830904295
"chr11-0094",0.0410480043604694
"chr11-0095",0.106274669884903
"chr11-0096",0.0343447638127506
"chr11-0097",0.134057705033032
"chr11-0098",0.209683565446416
"chr11-0099",0.0521334789728316
"chr11-0100",0.126587483198365
"chr11-0101",-0.0128740929979935
"chr11-0102",0.193487624220448
"chr11-0103",0.22598709785891
"chr11-0104",0.142983759381063
"chr11-0105",0.159865780549494
"chr11-0106",0.080625447364621
"chr11-0107",0.245086883273006
"chr11-0108",0.259683859521711
"chr11-0109",0.123490192089704
"chr11-0110",0.140331858469479
"chr11-0111",0.291899138257186
"chr11-0112",0.271566415561504
"chr11-0113",0.0855634784967073
"chr11-0114",0.0697355467032771
"chr11-0115",0.145460093251235
"chr11-0116",0.191048851297767
"chr11-0117",0.154963870234349
"chr11-0118",0.096525323404
"chr11-0119",0.100629824512706
"chr11-0120",0.0534881386502843
"chr11-0121",0.14010597423505
"chr11-0122",0.117394226484065
"chr11-0123",0.0182136574105233
"chr11-0124",0.0153009328977101
"chr11-0125",0.0956349330401003
"chr11-0126",0.0777749743238962
"chr11-0127",0.0562995734989387
"chr11-0128",0.0138407795714316
"chr11-0129",0.0188581198793188
"chr11-0130",-0.0107638396006661
"chr11-0131",0.0972111071939212
"chr11-0132",0.2481367046964
"chr11-0133",0.197966105219268
"chr11-0134",0.134867764124907
"chr11-0135",0.245133629961483
"chr11-0136",0.125378249629519
"chr11-0137",0.123941124497251
"chr11-0138",0.103765495414672
"chr11-0139",0.0419705027030122
"chr11-0140",-0.00844897315387054
"chr11-0141",-0.065789246856985
"chr11-0142",0.0496891012677938
"chr11-0143",0.0361648666144448
"chr11-0144",0.0129175529885667
"chr11-0145",0.0725973703589328
"chr11-0146",-0.0254907964642876
"chr11-0147",0.168850363012684
"chr11-0148",0.107460715286882
"chr11-0149",-0.0482351535458761
"chr11-0150",-0.0954573158514519
"chr11-0151",-0.032667955969501
"chr11-0152",-0.0965583543678252
"chr11-0153",-0.0542000514098085
"chr11-0154",-0.0664976296578099
"chr11-0155",-0.0231376977885068
"chr11-0156",0.0767574131193044
"chr11-0157",0.0769854587782991
"chr11-0158",0.0956604349332714
"chr11-0159",0.172867906627027
"chr11-0160",0.136038109624168
"chr11-0161",0.187370295071814
"chr11-0162",0.135596377756436
"chr11-0163",0.0211672769635404
"chr11-0164",0.241446105955979
"chr11-0165",0.213857424138705
"chr11-0166",0.0767089362234918
"chr11-0167",0.00476804026896617
"chr11-0168",0.12354451854153
"chr11-0169",0.0800446632042751
"chr11-0170",0.177120318849615
"chr11-0171",0.131874822151356
"chr11-0172",0.127146425518289
"chr11-0173",0.322204137192828
"chr11-0174",0.0916817825051242
"chr11-0175",0.161377950587119
"chr11-0176",-0.0589532645340745
"chr11-0177",0.157163101154028
"chr11-0178",0.241526791689739
"chr11-0179",0.195043134150673
"chr11-0180",0.280183377382864
"chr11-0181",0.179092543412063
"chr11-0182",0.267079748565496
"chr11-0183",0.131108133538479
"chr11-0184",0.212784458679173
"chr11-0185",0.131798954330946
"chr11-0186",0.170575115557505
"chr11-0187",0.0976596985653502
"chr11-0188",0.107690955914568
"chr11-0189",0.0575338070409957
"chr11-0190",-0.0130407749181476
"chr11-0191",0.28069696128956
"chr11-0192",0.137661950749006
"chr11-0193",0.181005674970076
"chr11-0194",0.25220300071222
"chr11-0195",0.299745650598813
"chr11-0196",0.108460376313459
"chr11-0197",0.148879706500662
"chr11-0198",0.2290553888615
"chr11-0199",0.347194121206571
"chr11-0200",0.169321997739881
"chr11-0201",0.0296407664704473
"chr11-0202",0.108391624345187
"chr11-0203",0.0497226211796824
"chr11-0204",0.213073894187083
"chr11-0205",0.201004461826134
"chr11-0206",0.115447656416736
"chr11-0207",0.0329657677530098
"chr11-0208",0.037929303895413
"chr11-0209",0.0666175302283966
"chr11-0210",0.0520740781407261
"chr11-0211",0.00199864314516742
"chr11-0212",0.111161893959111
"chr11-0213",0.0953769072152411
"chr11-0214",0.0736185384165446
"chr11-0215",0.00987643963914623
"chr11-0216",0.0887126090329612
"chr11-0217",0.0486904750366719
"chr11-0218",0.137082143470496
"chr11-0219",0.068680036615082
"chr11-0220",-0.0354790867184994
"chr11-0221",0.0943508880349557
"chr11-0222",0.0309604937969974
"chr11-0223",0.15212111775929
"chr11-0224",0.145842818777726
"chr11-0225",0.228686455926611
"chr11-0226",0.066007468070244
"chr11-0227",0.180489013947317
"chr11-0228",0.131263561569001
"chr11-0229",0.25366153772991
"chr11-0230",0.185861557808135
"chr11-0231",0.133152343872793
"chr11-0232",0.170791326267286
"chr11-0233",0.152305544991454
"chr11-0234",0.272669163049772
"chr11-0235",0.0892837193293461
"chr11-0236",0.247489878887992
"chr11-0237",0.0543062609748057
"chr11-0238",0.0770597096665759
"chr11-0239",0.122864220443132
"chr11-0240",0.150790086215414
"chr11-0241",0.15140365876254
"chr11-0242",0.233153785708992
"chr11-0243",0.0634691877369908
"chr11-0244",0.28376248620726
"chr11-0245",-0.00591859723359262
"chr11-0246",0.347347870756594
"chr11-0247",0.192488731648829
"chr11-0248",0.142625565747216
"chr11-0249",0.00245829583716118
"chr11-0250",0.0953472155404673
"chr11-0251",0.225558557609966
"chr11-0252",0.0441576977029612
"chr11-0253",0.0654696050955339
"chr11-0254",0.136501891559655
"chr11-0255",0.0407690885563534
"chr11-0256",-0.0142166522834406
"chr11-0257",0.0671417752222954
"chr11-0258",0.0561256940800258
"chr11-0259",0.0293390334936723
"chr11-0260",0.0817210092067452
"chr11-0261",0.0636028468704281
"chr11-0262",0.0821394919637489
"chr11-0263",0.0445750164578483
"chr11-0264",0.0348011874236667
"chr11-0265",0.0346807075636841
"chr11-0266",0.0239329053322379
"chr11-0267",0.0299499503594288
"chr11-0268",0.0655899008361588
"chr11-0269",0.0350828548393612
"chr11-0270",0.0333414676795527
"chr11-0271",0.115210215017418
"chr11-0272",0.0371161903029177
"chr11-0273",0.0156714154610081
"chr11-0274",0.00605707801607091
"chr11-0275",0.110774152944347
"chr11-0276",-0.0154631989330713
"chr11-0277",0.0536221974129608
"chr11-0278",0.00101918073089039
"chr11-0279",0.0152143400232007
"chr11-0280",0.0425052818617732
"chr11-0281",0.0405047894461945
"chr11-0282",-0.0361252392151782
"chr11-0283",0.0217440848693132
"chr11-0284",0.00855989829192395
"chr11-0285",-0.0144663146370425
"chr11-0286",-0.0801305471406132
"chr11-0287",-0.0529461214508846
"chr11-0288",-0.137239241151222
"chr11-0289",-0.0336087554383405
"chr11-0290",0.0808247644207968
"chr11-0291",0.0143587207085185
"chr11-0292",0.0554989647954884
"chr11-0293",-0.070715669190718
"chr11-0294",0.179367858896887
"chr11-0295",0.190473222271949
"chr11-0296",0.0306462170133163
"chr11-0297",-0.0317439326117331
"chr11-0298",0.00744484991770119
"chr11-0299",-0.35116277106548
"chr11-0300",0.241250960781495
"chr11-0301",0.228577404383922
"chr11-0302",0.0511807958628605
"chr11-0303",0.168652077524922
"chr11-0304",0.133495136666794
"chr11-0305",0.140484932529634
"chr11-0306",0.179052977363137
"chr11-0307",-0.020212461067906
"chr11-0308",-0.0317302079069203
"chr11-0309",0.0556864224303485
"chr11-0310",-0.00746219950125185
"chr11-0311",-0.0560761902074663
"chr11-0312",-0.060132317750387
"chr11-0313",-0.0182915724313335
"chr11-0314",0.0123898647752552
"chr11-0315",0.0470785451345449
"chr11-0316",0.0266047743970243
"chr11-0317",0.0504098098269043
"chr11-0318",-0.107679013357717
"chr11-0319",0.233533205216033
"chr11-0320",0.176554332291131
"chr11-0321",0.10622457701191
"chr11-0322",0.0471452684227958
"chr11-0323",0.10036353724108
"chr11-0324",0.0116619136291984
"chr11-0325",0.0468711035075115
"chr11-0326",0.0114421142382161
"chr11-0327",0.0194213083946263
"chr11-0328",-0.00528344101107283
"chr11-0329",0.11563695417161
"chr11-0330",0.0356802295737269
"chr11-0331",0.24171705956055
"chr11-0332",0.12016609970623
"chr11-0333",0.162291315920433
"chr11-0334",0.0578746380757916
"chr11-0335",0.285841743882305
"chr11-0336",-0.048982312855377
"chr11-0337",0.0453065478775557
"chr11-0338",0.0301410057506666
"chr11-0339",0.00306548943808469
"chr11-0340",-0.0464703286364051
"chr11-0341",0.00679308771655314
"chr11-0342",0.0431604693405712
"chr11-0343",-0.0276291180495607
"chr11-0344",0.00560187434341639
"chr11-0345",-0.0672607424916581
"chr11-0346",-0.119773639987372
"chr11-0347",-0.0353774519653059
"chr11-0348",-0.0215511038815669
"chr11-0349",-0.0727029134617586
"chr11-0350",-0.17562523724276
"chr11-0351",0.0329390598356451
"chr11-0352",-0.0203068015019183
"chr11-0353",0.0673893390809352
"chr11-0354",-0.0387585177622499
"chr11-0355",-0.0373161675047325
"chr11-0356",-0.0852010306369336
"chr11-0357",-0.184158449969292
"chr11-0358",-0.0710957735359783
"chr11-0359",-0.104274172336754
"chr11-0360",-0.049297614396834
"chr11-0361",-0.0422364168776877
"chr11-0362",0.0726934137826831
"chr11-0363",-0.0599283750198452
"chr11-0364",-0.0358346233358638
"chr11-0365",0.0549101675849675
"chr11-0366",0.00617830578132383
"chr11-0367",-0.0275051293634498
"chr11-0368",-0.00966394609615541
"chr11-0369",-0.00353123058625926
"chr11-0370",-0.0448603673409458
"chr11-0371",-0.0541659741964918
"chr11-0372",-0.0481277601415667
"chr11-0373",-0.0427422482562851
"chr11-0374",0.042097720071556
"chr11-0375",0.00588012233639529
"chr11-0376",-0.0220378209419369
"chr11-0377",-0.0809017394644976
"chr11-0378",-0.129213345494332
"chr11-0379",-0.0278655181296262
"chr11-0380",-0.107874162135143
"chr11-0381",-0.0671784552784034
"chr11-0382",-0.00315451469871525
"chr11-0383",0.00595874491574157
"chr11-0384",-0.0184571359466609
"chr11-0385",-0.0211699803065869
"chr11-0386",-0.0577767106093165
"chr11-0387",-0.0712211187870798
"chr11-0388",-0.017189270652129
"chr11-0389",0.0744071566842955
"chr11-0390",-0.0482252473709488
"chr11-0391",-0.0801303112598648
"chr11-0392",-0.00535129278800862
"chr11-0393",-0.0770632136355128
"chr11-0394",-0.0337758678949563
"chr11-0395",-0.0584928648792949
"chr11-0396",0.0341908678042559
"chr11-0397",-0.0760845547461254
"chr11-0398",-0.0865956631288673
"chr11-0399",-0.0869776616163574
"chr11-0400",0.0100436312440951
"chr11-0401",-0.0416229213773461
"chr11-0402",-0.0546340018580375
"chr11-0403",-0.0148519078620223
"chr11-0404",0.00192053814884415
"chr11-0405",-0.262071206330971
"chr11-0406",0.0706672995026489
"chr11-0407",0.0765528154365786
"chr11-0408",-0.0341117046870612
"chr11-0409",-0.00722482937361516
"chr11-0410",0.0385053822777698
"chr11-0411",0.0943418923255349
"chr11-0412",-0.0905544141530072
"chr11-0413",0.205459857863299
"chr11-0414",-0.0124412396271912
"chr11-0415",0.0698890209203926
"chr11-0416",-0.0389776211492381
"chr11-0417",0.0508834816499423
"chr11-0418",0.102803744387024
"chr11-0419",0.0190944019608303
"chr11-0420",0.0362955315993999
"chr11-0421",0.0923669017975026
"chr11-0422",0.0728086174236813
"chr11-0423",0.0946259671857945
"chr11-0424",0.0638829214787589
"chr11-0425",-0.0658422601118455
"chr11-0426",-0.0873620269292009
"chr11-0427",0.028286013715561
"chr11-0428",-0.0172145697097666
"chr11-0429",0.011632892341336
"chr11-0430",-0.0138753136449662
"chr11-0431",0.012517152455835
"chr11-0432",0.0969236673210579
"chr11-0433",-0.0391973381455003
"chr11-0434",-0.0175756747413961
"chr11-0435",0.0117093320128026
"chr11-0436",0.0542967683750563
"chr11-0437",0.133145731675154
"chr11-0438",0.0238908716978656
"chr11-0439",-0.0520573395807981
"chr11-0440",-0.0523485450240709
"chr11-0441",0.0318702028750329
"chr11-0442",0.0268682919950981
"chr11-0443",-0.0716495830863206
"chr11-0444",0.0365315798790636
"chr11-0445",0.0461400118060539
"chr11-0446",-0.0023643104591199
"chr11-0447",-0.0190652353652391
"chr11-0448",0.0236017637095812
"chr11-0449",0.0695764615741701
"chr11-0450",0.159431898534444
"chr11-0451",-0.0459558280092191
"chr11-0452",0.000312484817480548
"chr11-0453",-0.0280736585834001
"chr11-0454",-0.0491052291226674
"chr11-0455",0.0351613318896301
"chr11-0456",0.0609743596233704
"chr11-0457",0.029720633638221
"chr11-0458",0.0386117804788683
"chr11-0459",0.151109183586969
"chr11-0460",-0.0392086815313722
"chr11-0461",0.0151992101982337
"chr11-0462",-0.0738705576142037
"chr11-0463",-0.0406785446545116
"chr11-0464",-0.010243491123591
"chr11-0465",0.0779663915386007
"chr11-0466",-0.121912169139949
"chr11-0467",0.152832485141835
"chr11-0468",0.0658944465102915
"chr11-0469",0.00971897532097961
"chr11-0470",0.0180884152265249
"chr11-0471",0.0572946993213986
"chr11-0472",0.0234584784530873
"chr11-0473",0.0120155702987263
"chr11-0474",0.0123336359553017
"chr11-0475",0.00312715100443054
"chr11-0476",0.0209601805936814
"chr11-0477",-0.0531403400848063
"chr11-0478",-0.0240963963150401
"chr11-0479",0.0489689576864691
"chr11-0480",0.0922429867209656
"chr11-0481",-0.0304714978637711
"chr11-0482",-0.0206986393385488
"chr11-0483",0.196164479173139
"chr11-0484",0.138549991956118
"chr11-0485",-0.0592024275829573
"chr11-0486",0.0749175034245391
"chr11-0487",0.0403051227491268
"chr11-0488",0.193331180953818
"chr11-0489",0.0434818865611677
"chr11-0490",0.00937919310220096
"chr11-0491",-0.0157855459606107
"chr11-0492",0.071169083937026
"chr11-0493",0.0474631954789329
"chr11-0494",0.0512257989522108
"chr11-0495",0.171832706114247
"chr11-0496",0.126136409418987
"chr11-0497",-0.0783518408233169
"chr11-0498",-0.0730598676827214
"chr11-0499",0.0701272572197646
"chr11-0500",-0.0962993626928497
"chr11-0501",-0.136224708088541
"chr11-0502",-0.092233986601982
"chr11-0503",-0.0918847349530898
"chr11-0504",0.167717378615083
"chr11-0505",0.0867138936359917
"chr11-0506",0.0433376846025984
"chr11-0507",0.0216220684946092
"chr11-0508",0.102221628097398
"chr11-0509",0.0558931133702577
"chr11-0510",0.239309896014546
"chr11-0511",0.154866259360795
"chr11-0512",0.207453605087678
"chr11-0513",0.152857815089872
"chr11-0514",0.120385549585751
"chr11-0515",0.280630684914042
"chr11-0516",0.236840335629763
"chr11-0517",0.337755991489144
"chr11-0518",0.119601801053853
"chr11-0519",0.0193516996040359
"chr11-0520",0.0603766960382217
"chr11-0521",0.026460938276374
"chr11-0522",-0.0312513260405691
"chr11-0523",-0.0308396058414663
"chr11-0524",0.125304068043017
"chr11-0525",0.242495933739294
"chr11-0526",0.210602765599617
"chr11-0527",0.262100003028881
"chr11-0528",0.245663626324945
"chr11-0529",0.266454798948212
"chr11-0530",0.118204855586993
"chr11-0531",0.089316538253302
"chr11-0532",0.0791095901346624
"chr11-0533",0.0517193383257953
"chr11-0534",-0.0316455536852936
"chr11-0535",-0.0223565221221027
"chr11-0536",0.069413181545094
"chr11-0537",0.185614828296155
"chr11-0538",0.189495692660504
"chr11-0539",0.105984871673171
"chr11-0540",0.122054651431813
"chr11-0541",0.261976387139184
"chr11-0542",0.187947606530251
"chr11-0543",0.167444847919708
"chr11-0544",0.0664653657322759
"chr11-0545",0.330704881924323
"chr11-0546",0.2190227199799
"chr11-0547",0.108979179072992
"chr11-0548",0.242359724886979
"chr11-0549",0.229751766708179
"chr11-0550",0.0627452626635338
"chr11-0551",0.142677759917497
"chr11-0552",0.186179425664733
"chr11-0553",0.127053710795103
"chr11-0554",0.0801838225802475
"chr11-0555",0.185624495430583
"chr11-0556",0.293949116682853
"chr11-0557",0.0701055126445388
"chr11-0558",0.246465878593751
"chr11-0559",0.172798317473751
"chr11-0560",0.093068118847998
"chr11-0561",0.157782302377597
"chr11-0562",0.275941978562746
"chr11-0563",0.151613836569217
"chr11-0564",-0.0420032445354964
"chr11-0565",-0.0790586226503558
"chr11-0566",-0.0146063728304934
"chr11-0567",0.0479811556504529
"chr11-0568",0.0068776418538214
"chr11-0569",0.0804385918374037
"chr11-0570",0.205204498422969
"chr11-0571",0.183907648617768
"chr11-0572",0.180718264522576
"chr11-0573",0.192042541959747
"chr11-0574",0.0634792394096714
"chr11-0575",0.12749372982076
"chr11-0576",0.262748611916797
"chr11-0577",0.236102746396884
"chr11-0578",0.135391974038546
"chr11-0579",0.24232194343125
"chr11-0580",0.227969043395143
"chr11-0581",0.0784655111591405
"chr11-0582",0.155167015876881
"chr11-0583",0.118898885910868
"chr11-0584",0.0997430816250774
"chr11-0585",0.250845157869416
"chr11-0586",0.257117766948621
"chr11-0587",0.220294143909681
"chr11-0588",0.180896073452984
"chr11-0589",0.325665154024104
"chr11-0590",0.181363340541532
"chr11-0591",0.111641589137306
"chr11-0592",0.0849254342733551
"chr11-0593",0.169650500649367
"chr11-0594",-0.0620212752397002
"chr11-0595",0.163676102276582
"chr11-0596",0.0625914038663429
"chr11-0597",0.0996550574215428
"chr11-0598",0.0839607637866721
"chr11-0599",0.117133661023914
"chr11-0600",0.154370720413185
"chr11-0601",0.175692770089772
"chr11-0602",0.372136767893252
"chr11-0603",0.282251559514716
"chr11-0604",0.00952429501452978
"chr11-0605",0.164597835375959
"chr11-0606",0.239660517377915
"chr11-0607",0.0817048876145295
"chr11-0608",0.191837873398547
"chr11-0609",0.114017966624191
"chr11-0610",0.0875595438991072
"chr11-0611",0.260459906890258
"chr11-0612",0.200681498569729
"chr11-0613",0.277430270037306
"chr11-0614",0.213526124455163
"chr11-0615",0.323177018172161
"chr11-0616",0.146535297780948
"chr11-0617",0.145504631213423
"chr11-0618",0.294247668592543
"chr11-0619",-0.0125373770319169
"chr11-0620",0.0302291939141849
"chr11-0621",0.0921019698602941
"chr11-0622",-0.0968174455303882
"chr11-0623",-0.127088683678389
"chr11-0624",-0.0859489106157505
"chr11-0625",-0.0381394719995948
"chr11-0626",0.0966291815093705
"chr11-0627",0.000653259774846102
"chr11-0628",0.0936418398637175
"chr11-0629",0.00182054409793827
"chr11-0630",0.298301631157656
"chr11-0631",0.15584077029235
"chr11-0632",0.041599313946142
"chr11-0633",0.272155431343842
"chr11-0634",0.269500001114422
"chr11-0635",0.29562517388546
"chr11-0636",0.0838295806373869
"chr11-0637",-0.0593643913880987
"chr11-0638",0.0924902618839701
"chr11-0639",0.137779954686501
"chr11-0640",0.271189059029665
"chr11-0641",0.0891819261170464
"chr11-0642",0.143124388094139
"chr11-0643",0.147163170418935
"chr11-0644",0.146946489375139
"chr11-0645",0.157356064749078
"chr11-0646",0.122703095201401
"chr11-0647",0.0323224888496162
"chr11-0648",0.109477171292974
"chr11-0649",0.0135348924335756
"chr11-0650",0.187405410110715
"chr11-0651",0.0343376367025689
"chr11-0652",0.11370307795999
"chr11-0653",0.213904422010881
"chr11-0654",0.0796383431228084
"chr11-0655",0.0922247775535837
"chr11-0656",0.0739536295616602
"chr11-0657",0.16426805495495
"chr11-0658",0.0540581027387506
"chr11-0659",-0.0227671906374608
"chr11-0660",-0.013997009840166
"chr11-0661",0.109529212886445
"chr11-0662",0.121904997442905
"chr11-0663",0.154569288978926
"chr11-0664",0.168197894178125
"chr11-0665",0.180330393470479
"chr11-0666",0.164326951288016
"chr11-0667",0.257854878959615
"chr11-0668",0.248944894992895
"chr11-0669",0.150706953582713
"chr11-0670",0.15220663906317
"chr11-0671",0.271443601749768
"chr11-0672",0.310476868489098
"chr11-0673",0.0696129276753597
"chr11-0674",0.0764500445650576
"chr11-0675",0.0327104188079655
"chr11-0676",0.0562150284120525
"chr11-0677",-0.108203949851181
"chr11-0678",-0.0106815796356015
"chr11-0679",0.023269079132186
"chr11-0680",0.072524389430636
"chr11-0681",0.0394253402940659
"chr11-0682",0.0457205819240391
"chr11-0683",0.225172770627358
"chr11-0684",0.0967055384670914
"chr11-0685",-0.0592725237988826
"chr11-0686",0.0760487440505533
"chr11-0687",-0.0227302051728933
"chr11-0688",-0.000275425110760371
"chr11-0689",-0.0565084746265177
"chr11-0690",-0.0676577115247254
"chr11-0691",0.0679892291673778
"chr11-0692",0.0128155976977766
"chr11-0693",-0.0579826576592063
"chr11-0694",0.0224084867277436
"chr11-0695",-0.0335853547837166
"chr11-0696",0.0773965465091951
"chr11-0697",-0.0512392266036282
"chr11-0698",-0.049369830469867
"chr11-0699",-0.0959802112062638
"chr11-0700",0.0882403789912173
"chr11-0701",-0.0453730969581212
"chr11-0702",-0.00697588317464188
"chr11-0703",-0.060530637055943
"chr11-0704",-0.0997495291306078
"chr11-0705",-0.0322713546938607
"chr11-0706",0.118650709442773
"chr11-0707",-0.0113389267438798
"chr11-0708",0.0348986742048784
"chr11-0709",-0.0669154253654797
"chr11-0710",-0.0115463188047056
"chr11-0711",-0.0203598099591101
"chr11-0712",-0.0149522030310074
"chr11-0713",0.058076711303367
"chr11-0714",0.0105527948271739
"chr11-0715",5.35143206193838e-05
"chr11-0716",-0.0148961085896263
"chr11-0717",0.180931185041535
"chr11-0718",0.101112694014049
"chr11-0719",0.0661501232410645
"chr11-0720",-0.0435213401648114
"chr11-0721",-0.0458286864421232
"chr11-0722",-0.0162129288449526
"chr11-0723",0.0245781225397071
"chr11-0724",0.124549712981013
"chr11-0725",0.160038293871969
"chr11-0726",-0.0123984438881384
"chr11-0727",0.116686764906257
"chr11-0728",0.173492887018272
"chr11-0729",0.213755429218502
"chr11-0730",0.107408177452482
"chr11-0731",0.217959209470208
"chr11-0732",0.425565946490981
"chr11-0733",0.274010823006541
"chr11-0734",0.220271858719172
"chr11-0735",0.237323837236504
"chr11-0736",0.135486001377953
"chr11-0737",-0.0137206963152789
"chr11-0738",0.0800092688782844
"chr11-0739",-0.0125188030225029
"chr11-0740",-0.000436769721030489
"chr11-0741",0.0690457738579293
"chr11-0742",0.164734491421452
"chr11-0743",0.0579967381092263
"chr11-0744",0.140277347107713
"chr11-0745",0.00815943246763707
"chr11-0746",0.037620131773457
"chr11-0747",-0.0268861931255555
"chr11-0748",0.112168659242031
"chr11-0749",0.107311121737151
"chr11-0750",0.181222863524514
"chr11-0751",0.236863064154618
"chr11-0752",0.208377342721871
"chr11-0753",0.184168866341535
"chr11-0754",0.142709806039181
"chr11-0755",0.0841925624702684
"chr11-0756",0.102342421952735
"chr11-0757",0.0267533259994683
"chr11-0758",-0.0557017048893281
"chr11-0759",0.0793393313356409
"chr11-0760",0.0313686031305037
"chr11-0761",0.120458108753141
"chr11-0762",-0.00562265506050878
"chr11-0763",0.0418329375275938
"chr11-0764",0.0168114028841872
"chr11-0765",-0.0583690048507275
"chr11-0766",-0.0422128212319966
"chr11-0767",0.290205668081207
"chr11-0768",-0.0378896881464078
"chr11-0769",0.0944346339536125
"chr11-0770",0.107613061084529
"chr11-0771",0.0882771684415061
"chr11-0772",0.000403589769289252
"chr11-0773",0.00156463719336764
"chr11-0774",-0.00470611478549628
"chr11-0775",0.0614640969034038
"chr11-0776",0.147400460158252
"chr11-0777",0.245743324511614
"chr11-0778",0.0771705479572712
"chr11-0779",0.099422224377999
"chr11-0780",0.200556961001931
"chr11-0781",0.259356335845691
"chr11-0782",0.283193419106551
"chr11-0783",0.160880616874012
"chr11-0784",0.14620894910805
"chr11-0785",0.145685758806101
"chr11-0786",0.108842240309152
"chr11-0787",0.0283340649906891
"chr11-0788",0.0697241478159687
"chr11-0789",0.164027224748428
"chr11-0790",0.0184550332419046
"chr11-0791",0.0332745574130372
"chr11-0792",0.079043708807587
"chr11-0793",0.0518080106040042
"chr11-0794",0.123110745697553
"chr11-0795",0.0260364330915718
"chr11-0796",0.0831224287848947
"chr11-0797",0.000641904353548731
"chr11-0798",0.0667016120390512
"chr11-0799",0.0830722629687616
"chr11-0800",0.0917289845910787
"chr11-0801",0.334013734850998
"chr11-0802",0.220387299288204
"chr11-0803",0.123290802372812
"chr11-0804",0.162140791136209
"chr11-0805",0.148882095054919
"chr11-0806",0.0764171833873016
"chr11-0807",0.0714606051395009
"chr11-0808",0.146488112256985
"chr11-0809",0.165321917350689
"chr11-0810",0.175030772686625
"chr11-0811",0.271468744754538
"chr11-0812",0.0853930711205537
"chr11-0813",0.176416694014583
"chr11-0814",0.142381634482847
"chr11-0815",0.283864854124665
"chr11-0816",-0.00799564708782021
"chr11-0817",0.102608355165437
"chr11-0818",0.212595285070892
"chr11-0819",0.144672619579862
"chr11-0820",0.0891015592144578
"chr11-0821",0.0777260753231046
"chr11-0822",0.0619920230153592
"chr11-0823",0.0252514731644535
"chr11-0824",0.240871744990154
"chr11-0825",0.0415480293372206
"chr11-0826",0.00735695717020345
"chr11-0827",0.0677057872983567
"chr11-0828",0.0174903129628949
"chr11-0829",0.0578025895404711
"chr11-0830",0.139130399681731
"chr11-0831",0.152418463821323
"chr12-0001",0.0480255249470473
"chr12-0002",0.0044619807105235
"chr12-0003",0.0803157555546153
"chr12-0004",-0.00876199776326302
"chr12-0005",-0.0605740971020184
"chr12-0006",0.00872562362581132
"chr12-0007",0.0574259271390381
"chr12-0008",0.12595087247367
"chr12-0009",0.188070745809747
"chr12-0010",0.0425279811820481
"chr12-0011",0.261071061676021
"chr12-0012",0.145234655945303
"chr12-0013",0.077899579315743
"chr12-0014",0.0258581435696953
"chr12-0015",0.0818768922240467
"chr12-0016",-0.0371847098855881
"chr12-0017",0.168074553322385
"chr12-0018",0.0701218738449288
"chr12-0019",0.0773423533156279
"chr12-0020",0.209216771789502
"chr12-0021",0.199224741339216
"chr12-0022",0.112680404840455
"chr12-0023",-0.00525256572892781
"chr12-0024",0.109541296440917
"chr12-0025",0.0518121218987072
"chr12-0026",-0.0374409236050345
"chr12-0027",-0.0675118349275691
"chr12-0028",-0.103548668427783
"chr12-0029",0.0469605126627007
"chr12-0030",0.0947595135678773
"chr12-0031",0.036172061243099
"chr12-0032",-0.0118674414173434
"chr12-0033",0.15357802555831
"chr12-0034",0.123965849047198
"chr12-0035",0.0431823825195642
"chr12-0036",0.0879294346467608
"chr12-0037",0.0938019855634925
"chr12-0038",0.0887311814222299
"chr12-0039",-0.0593216404033977
"chr12-0040",0.0174056058413393
"chr12-0041",0.0262228899290517
"chr12-0042",0.0382873895937719
"chr12-0043",0.13753372118604
"chr12-0044",0.0740149954388332
"chr12-0045",-0.0623836733353411
"chr12-0046",0.00632201630671063
"chr12-0047",-0.0721067151781002
"chr12-0048",0.0785815255394832
"chr12-0049",0.0475434747179217
"chr12-0050",0.146248402728759
"chr12-0051",0.0389240740887538
"chr12-0052",0.0952301133920724
"chr12-0053",0.104724546782666
"chr12-0054",0.0887366297283436
"chr12-0055",0.0850248984153597
"chr12-0056",0.0841913173414276
"chr12-0057",0.0768129622355023
"chr12-0058",0.0288563595786716
"chr12-0059",-0.0129362955300306
"chr12-0060",-0.00111858298214318
"chr12-0061",0.0217317727746331
"chr12-0062",0.0364402201023246
"chr12-0063",-0.0308266335113875
"chr12-0064",-0.0457986766549167
"chr12-0065",-0.0463746662604183
"chr12-0066",0.146292244368287
"chr12-0067",0.0217922817807687
"chr12-0068",0.118267598156952
"chr12-0069",-0.141238964343955
"chr12-0070",-0.192457114502098
"chr12-0071",0.0258982290416975
"chr12-0072",-0.166639402169156
"chr12-0073",0.043267473979213
"chr12-0074",0.0422691725950258
"chr12-0075",0.102321157249102
"chr12-0076",-0.125851473664662
"chr12-0077",-0.00781509551835355
"chr12-0078",0.11369111603031
"chr12-0079",0.08669562141998
"chr12-0080",-0.062603905592202
"chr12-0081",0.0749813988249117
"chr12-0082",0.239960200873628
"chr12-0083",0.217006746895502
"chr12-0084",0.141066924232603
"chr12-0085",0.0537773007782114
"chr12-0086",-0.0686950223241122
"chr12-0087",0.116542523336417
"chr12-0088",0.214000475320377
"chr12-0089",0.221300525271795
"chr12-0090",0.169334569791912
"chr12-0091",0.163101492314253
"chr12-0092",0.0290091811147141
"chr12-0093",0.00377614551920271
"chr12-0094",0.326370786617397
"chr12-0095",0.202482219747003
"chr12-0096",0.201580893877559
"chr12-0097",-0.0126254147331982
"chr12-0098",0.221866648363639
"chr12-0099",0.112533820268059
"chr12-0100",0.191636419786888
"chr12-0101",0.182219455090083
"chr12-0102",0.137171982688401
"chr12-0103",0.146639539515117
"chr12-0104",0.135299976113588
"chr12-0105",0.141445397410822
"chr12-0106",0.327365472121337
"chr12-0107",0.232253461950624
"chr12-0108",0.151232243872905
"chr12-0109",0.0175386552328194
"chr12-0110",-0.0109586902621562
"chr12-0111",0.163290471575174
"chr12-0112",0.218796368646675
"chr12-0113",0.0111960160831834
"chr12-0114",0.0884458897111429
"chr12-0115",-0.0309390046193129
"chr12-0116",0.0451535439339835
"chr12-0117",0.0926731149147082
"chr12-0118",0.0426553980481615
"chr12-0119",0.11070622141187
"chr12-0120",0.129607375932343
"chr12-0121",0.221462852735214
"chr12-0122",0.0658797330463129
"chr12-0123",0.146657019204471
"chr12-0124",0.151192000352168
"chr12-0125",0.0153537678417112
"chr12-0126",0.248414287736472
"chr12-0127",0.0327094364178709
"chr12-0128",0.214594102999549
"chr12-0129",0.243612388530478
"chr12-0130",0.113195212234712
"chr12-0131",0.0613859147802155
"chr12-0132",0.28113821262889
"chr12-0133",0.477188844539015
"chr12-0134",0.0700791242824973
"chr12-0135",0.149090895248986
"chr12-0136",0.0584129345465862
"chr12-0137",0.198181266416276
"chr12-0138",0.259670674277255
"chr12-0139",0.210024566785313
"chr12-0140",0.338705924108131
"chr12-0141",0.309177603238527
"chr12-0142",0.27535901952208
"chr12-0143",0.17717666453479
"chr12-0144",0.257808878026168
"chr12-0145",0.0583566357374173
"chr12-0146",0.200950392315791
"chr12-0147",0.0810060917956043
"chr12-0148",0.27789154914173
"chr12-0149",0.118006028583652
"chr12-0150",0.185069538350127
"chr12-0151",0.207512606538012
"chr12-0152",0.311784233843504
"chr12-0153",0.24048408488175
"chr12-0154",0.156940116074215
"chr12-0155",0.120643655960227
"chr12-0156",0.0809971707268567
"chr12-0157",0.0499349004590178
"chr12-0158",0.293768838740923
"chr12-0159",0.131564770460749
"chr12-0160",0.217975375580508
"chr12-0161",0.0882044944119374
"chr12-0162",0.13035276407101
"chr12-0163",0.061863664268815
"chr12-0164",0.0098269603391839
"chr12-0165",0.352947350606593
"chr12-0166",0.298980812443929
"chr12-0167",0.353650569949007
"chr12-0168",0.16015504284335
"chr12-0169",0.216624469975822
"chr12-0170",0.223587472174754
"chr12-0171",0.199992351394612
"chr12-0172",0.0337646177928936
"chr12-0173",0.186369091606116
"chr12-0174",0.146370247459363
"chr12-0175",0.208709161202261
"chr12-0176",0.128550777765665
"chr12-0177",0.210991353356602
"chr12-0178",0.100229168710733
"chr12-0179",0.258986622179324
"chr12-0180",0.232459046127094
"chr12-0181",0.113433483391747
"chr12-0182",0.0721148372927863
"chr12-0183",0.221676922380795
"chr12-0184",0.346665117791437
"chr12-0185",0.258197979629313
"chr12-0186",0.240229496362599
"chr12-0187",0.144423870331366
"chr12-0188",0.116802606587095
"chr12-0189",0.0586787736159138
"chr12-0190",0.310051245188887
"chr12-0191",0.22187309575537
"chr12-0192",0.0480733530963863
"chr12-0193",0.241059320718513
"chr12-0194",0.243664061888641
"chr12-0195",0.0603658908665238
"chr12-0196",0.0698230413028672
"chr12-0197",0.339504094182273
"chr12-0198",0.187382238004599
"chr12-0199",0.136718162776882
"chr12-0200",0.303391712267479
"chr12-0201",0.298669712857053
"chr12-0202",0.117181847262371
"chr12-0203",0.0807294347942754
"chr12-0204",0.157281741189637
"chr12-0205",0.179922140153907
"chr12-0206",0.205815892180372
"chr12-0207",0.207652676983764
"chr12-0208",0.230654755875467
"chr12-0209",0.107119409463493
"chr12-0210",0.116492177401361
"chr12-0211",0.0940149134747195
"chr12-0212",0.0485144641135603
"chr12-0213",-0.0438331191190181
"chr12-0214",0.124071903823092
"chr12-0215",0.049458195452782
"chr12-0216",0.0636509572077196
"chr12-0217",0.0394828878893789
"chr12-0218",-0.0467302681055833
"chr12-0219",-0.189857487219661
"chr12-0220",-0.127998622553182
"chr12-0221",0.0104759006305465
"chr12-0222",0.132174437025428
"chr12-0223",0.119926841240288
"chr12-0224",0.116000460499755
"chr12-0225",0.0409747865072525
"chr12-0226",0.158168288635094
"chr12-0227",0.0284474332535542
"chr12-0228",0.133161037080492
"chr12-0229",0.0326194051676499
"chr12-0230",0.108128588955147
"chr12-0231",0.212400889790467
"chr12-0232",0.127914751898135
"chr12-0233",-0.117906135990889
"chr12-0234",-0.0150540540289665
"chr12-0235",0.0620377220290998
"chr12-0236",-0.0714453921691227
"chr12-0237",-0.0461450142259207
"chr12-0238",0.153350875366443
"chr12-0239",0.45473001018757
"chr12-0240",0.0764217040954199
"chr12-0241",0.178136452938389
"chr12-0242",0.100337774377065
"chr12-0243",0.131161389580329
"chr12-0244",0.233188280529635
"chr12-0245",0.31311618733818
"chr12-0246",0.281130611424962
"chr12-0247",0.216420407550357
"chr12-0248",0.204856663490603
"chr12-0249",0.0549825445666958
"chr12-0250",0.23100163288278
"chr12-0251",0.0732244012210439
"chr12-0252",0.199058583203385
"chr12-0253",-0.0535614774680905
"chr12-0254",0.0614860117726701
"chr12-0255",0.255148654339294
"chr12-0256",0.177888627096678
"chr12-0257",0.198393683359952
"chr12-0258",0.191103907735609
"chr12-0259",0.332112739541731
"chr12-0260",0.122738981974752
"chr12-0261",0.0134051867304183
"chr12-0262",0.166360596829344
"chr12-0263",0.282079761521331
"chr12-0264",0.105183335197063
"chr12-0265",0.163825565612232
"chr12-0266",0.0685773616513864
"chr12-0267",0.164169377375837
"chr12-0268",0.115704422260213
"chr12-0269",0.109816567021133
"chr12-0270",0.115656163821564
"chr12-0271",0.249415789293079
"chr12-0272",0.187513936221036
"chr12-0273",0.0990177424778922
"chr12-0274",0.341517675977954
"chr12-0275",0.218556210273289
"chr12-0276",0.170564754940823
"chr12-0277",-0.0367549530799109
"chr12-0278",-0.0508596398082206
"chr12-0279",0.0757254978069213
"chr12-0280",0.0403076465351434
"chr12-0281",0.0298873123642542
"chr12-0282",-0.0523704806886179
"chr12-0283",0.0197773128824228
"chr12-0284",-0.0329533553112031
"chr12-0285",0.111721633231545
"chr12-0286",0.0831891429732913
"chr12-0287",-0.0228682381913595
"chr12-0288",-0.0281141601732677
"chr12-0289",-0.110663936263619
"chr12-0290",-0.0502192323517195
"chr12-0291",-0.0842038441881781
"chr12-0292",0.00190720925476055
"chr12-0293",-0.00442965826059342
"chr12-0294",-0.0316942520132139
"chr12-0295",-0.108563222183749
"chr12-0296",0.0774917699033469
"chr12-0297",-0.00240208902823839
"chr12-0298",0.120897132951574
"chr12-0299",0.0300075129566009
"chr12-0300",-0.0944971942516489
"chr12-0301",0.000749634441362038
"chr12-0302",0.0281489991866382
"chr12-0303",-0.00383513355272841
"chr12-0304",0.00584620512824862
"chr12-0305",-0.0864408474140585
"chr12-0306",-0.00662989725992254
"chr12-0307",0.259176764252845
"chr12-0308",0.0152974987368826
"chr12-0309",0.0451121487018591
"chr12-0310",-0.00623619078192287
"chr12-0311",0.0566699883872094
"chr12-0312",-0.200593741047372
"chr12-0313",0.0115028086488848
"chr12-0314",0.0319478635297483
"chr12-0315",0.128392889302198
"chr12-0316",0.19403606259985
"chr12-0317",-0.0566713395068626
"chr12-0318",0.0890801460156223
"chr12-0319",0.0196645176563822
"chr12-0320",0.00951749019461771
"chr12-0321",0.0443034434716624
"chr12-0322",0.0868398776575063
"chr12-0323",-0.000147424759212436
"chr12-0324",0.0725480331276108
"chr12-0325",0.0781860309758245
"chr12-0326",0.0223590276960588
"chr12-0327",-0.00667909845729191
"chr12-0328",-0.0767871486131668
"chr12-0329",-0.0879592788315161
"chr12-0330",0.0130341628392518
"chr12-0331",-0.0759610117660811
"chr12-0332",-0.0798908207371474
"chr12-0333",0.0541739398330351
"chr12-0334",-0.0117925966717272
"chr12-0335",0.0610293404679308
"chr12-0336",-0.0297738808677986
"chr12-0337",0.0438868063317728
"chr12-0338",0.0217901712456441
"chr12-0339",-0.0022711534627474
"chr12-0340",-0.0500307384817373
"chr12-0341",-0.0300295303423099
"chr12-0342",0.00595410538051802
"chr12-0343",0.00468323380169876
"chr12-0344",0.101999233430622
"chr12-0345",0.265030238115091
"chr12-0346",0.127967199213273
"chr12-0347",0.214234448828614
"chr12-0348",-0.00611726842690145
"chr12-0349",0.00148689998118768
"chr12-0350",-0.0674439662928557
"chr12-0351",-0.0680187090763169
"chr12-0352",-0.0686426314537289
"chr12-0353",-0.0365843027380717
"chr12-0354",-0.0874287939803941
"chr12-0355",-0.112258692506279
"chr12-0356",-0.0645202976618851
"chr12-0357",0.0555100711105957
"chr12-0358",-0.0251986180666961
"chr12-0359",-0.103222442438402
"chr12-0360",0.0435930827442583
"chr12-0361",0.0222285713038052
"chr12-0362",0.00223178209314526
"chr12-0363",-0.0395342622379551
"chr12-0364",0.0503151898225973
"chr12-0365",-0.0788891109491354
"chr12-0366",0.00810103091803464
"chr12-0367",0.0781721823938122
"chr12-0368",0.00325295521597203
"chr12-0369",-0.00295908632867949
"chr12-0370",0.00557540642923048
"chr12-0371",0.289031019871674
"chr12-0372",0.237427222634933
"chr12-0373",0.233913693209631
"chr12-0374",0.119621658319399
"chr12-0375",0.251461039913622
"chr12-0376",0.0877780431325194
"chr12-0377",0.186237218186678
"chr12-0378",0.0889662438468874
"chr12-0379",0.106002686074368
"chr12-0380",0.110756239784353
"chr12-0381",0.0157060313967126
"chr12-0382",0.111926470836055
"chr12-0383",0.129157023383533
"chr12-0384",-0.0326593538092381
"chr12-0385",0.128505617949091
"chr12-0386",0.166346295565784
"chr12-0387",0.141517468837571
"chr12-0388",0.0209535639363112
"chr12-0389",0.138116107838458
"chr12-0390",0.257401611577257
"chr12-0391",-0.0738659658481923
"chr12-0392",-0.13594479582331
"chr12-0393",0.0392017374639954
"chr12-0394",-0.00603150578942598
"chr12-0395",0.10604400502469
"chr12-0396",0.0581770698734097
"chr12-0397",0.11445981077003
"chr12-0398",0.154956099666021
"chr12-0399",0.0677501641555889
"chr12-0400",0.369512182043013
"chr12-0401",0.291386716180212
"chr12-0402",0.121086135658716
"chr12-0403",0.0491821803024466
"chr12-0404",0.130703955044149
"chr12-0405",0.274796658434322
"chr12-0406",0.287975549767669
"chr12-0407",0.0158669708600958
"chr12-0408",0.0626468700029038
"chr12-0409",0.235309742475301
"chr12-0410",0.324049680247238
"chr12-0411",0.0782890662777874
"chr12-0412",0.119622667712353
"chr12-0413",0.267065920506374
"chr12-0414",0.242577763680149
"chr12-0415",0.263626632263783
"chr12-0416",0.25552642205708
"chr12-0417",0.230399986615533
"chr12-0418",0.252106138514856
"chr12-0419",0.267164336370129
"chr12-0420",0.0735122382847374
"chr12-0421",0.147825595258029
"chr12-0422",0.0566114045146286
"chr12-0423",0.105719757837254
"chr12-0424",0.0689345673781379
"chr12-0425",0.147825896537803
"chr12-0426",0.278522990040892
"chr12-0427",0.160496914549972
"chr12-0428",0.0669954376367873
"chr12-0429",-0.0784305065835648
"chr12-0430",0.0333754171240044
"chr12-0431",0.132615875995973
"chr12-0432",0.123560271848214
"chr12-0433",0.121037397060202
"chr12-0434",0.194885846736846
"chr12-0435",0.0894979000856578
"chr12-0436",0.188439567331611
"chr12-0437",0.37632157428142
"chr12-0438",0.184244859097048
"chr12-0439",0.348244581597907
"chr12-0440",0.0962212179996693
"chr12-0441",0.0199985744961072
"chr12-0442",0.0582651071796717
"chr12-0443",0.0151426255568059
"chr12-0444",0.196210271188122
"chr12-0445",0.202498024426262
"chr12-0446",0.0722085047006449
"chr12-0447",0.266203821303376
"chr12-0448",0.1547053996772
"chr12-0449",0.115093981015132
"chr12-0450",0.264879470719276
"chr12-0451",0.156207840301185
"chr12-0452",0.0329838579958203
"chr12-0453",0.10404092798619
"chr12-0454",0.154546579484591
"chr12-0455",0.281228503801237
"chr12-0456",0.396630559374383
"chr12-0457",0.257885386585123
"chr12-0458",0.179889609641388
"chr12-0459",0.150422000490536
"chr12-0460",0.189760341023714
"chr12-0461",-0.00518979840193362
"chr12-0462",0.0942995663620964
"chr12-0463",0.11699334510137
"chr12-0464",0.152951311565977
"chr12-0465",0.141796938180443
"chr12-0466",0.257402658783806
"chr12-0467",0.28399991619545
"chr12-0468",0.328903632024324
"chr12-0469",0.394470753946938
"chr12-0470",0.214592546504552
"chr12-0471",0.229808211042693
"chr12-0472",0.204495861249474
"chr12-0473",0.212285939673118
"chr12-0474",0.041625632919136
"chr12-0475",0.108628995185263
"chr12-0476",0.140746523786547
"chr12-0477",0.149459571726124
"chr12-0478",0.141327403297237
"chr12-0479",0.303707087424146
"chr12-0480",0.167398413654078
"chr12-0481",0.246619995894515
"chr12-0482",0.109019252057376
"chr12-0483",0.369533682173563
"chr12-0484",0.194162653310422
"chr12-0485",0.0922844789679829
"chr12-0486",0.0423362049980729
"chr12-0487",0.249926972970598
"chr12-0488",0.126893506820951
"chr12-0489",0.0408540151477451
"chr12-0490",0.222750257910046
"chr12-0491",0.092656406579879
"chr12-0492",0.196733349777508
"chr12-0493",0.217238728357614
"chr12-0494",0.245608424936381
"chr12-0495",0.27610201831476
"chr12-0496",0.26580967984451
"chr12-0497",0.0843958739930362
"chr12-0498",-0.0166577527039198
"chr12-0499",0.284680426116795
"chr12-0500",0.265537919054034
"chr12-0501",0.222119264562431
"chr12-0502",0.314130568398374
"chr12-0503",-0.0215350162692087
"chr12-0504",0.0561083181991099
"chr12-0505",0.252180823223207
"chr12-0506",0.214709944827074
"chr12-0507",0.381890892931732
"chr12-0508",0.3066813588761
"chr12-0509",0.22751357099926
"chr12-0510",0.174662289835384
"chr12-0511",0.467706267444237
"chr12-0512",0.305479347489393
"chr12-0513",0.107943620407442
"chr12-0514",0.129269586835131
"chr12-0515",0.148830016469413
"chr12-0516",0.237743101292866
"chr12-0517",0.239075951182515
"chr12-0518",0.187495920715471
"chr12-0519",0.0813853118718728
"chr12-0520",0.195389491039912
"chr12-0521",0.303470619516754
"chr12-0522",0.135589339708822
"chr12-0523",0.126682197548304
"chr12-0524",0.0807341888281072
"chr12-0525",0.0499264582064492
"chr12-0526",0.141078715054233
"chr12-0527",0.171977735413026
"chr12-0528",0.119574426575979
"chr12-0529",0.157751262085927
"chr12-0530",0.0607046274894876
"chr12-0531",0.127467699742845
"chr12-0532",-0.103371315237387
"chr12-0533",-0.00390635302857686
"chr12-0534",0.0583320648901041
"chr12-0535",0.168233207927378
"chr12-0536",0.0323786443956535
"chr12-0537",-0.0450025589320563
"chr12-0538",-0.0117082392660546
"chr12-0539",-0.0615440896943368
"chr12-0540",-0.0125856744741748
"chr12-0541",0.110726308847543
"chr12-0542",0.0444778396173433
"chr12-0543",0.166332053999545
"chr12-0544",0.0707364979396055
"chr12-0545",0.00877999943340869
"chr12-0546",-0.0332537891398424
"chr12-0547",0.0191515073399699
"chr12-0548",0.146675836791696
"chr12-0549",0.0721052779013662
"chr12-0550",-0.0156159437321697
"chr12-0551",0.0561808080653645
"chr12-0552",0.116311082888136
"chr12-0553",0.254453821841025
"chr12-0554",0.17826707681334
"chr12-0555",0.227780713721402
"chr12-0556",0.146878228690876
"chr12-0557",0.0389545980589366
"chr12-0558",0.00037526503119503
"chr12-0559",-0.00603882441467597
"chr12-0560",-0.0589007218244478
"chr12-0561",0.043609225688914
"chr12-0562",0.254861967719173
"chr12-0563",0.169064928013468
"chr12-0564",0.167064672879617
"chr12-0565",0.138662589253135
"chr12-0566",0.0255796648494557
"chr12-0567",-0.00255194168616185
"chr12-0568",0.261243616660412
"chr12-0569",0.0551932344138694
"chr12-0570",0.105788993903514
"chr12-0571",0.172258029895804
"chr12-0572",0.0551918060284057
"chr12-0573",0.00205382176183454
"chr12-0574",0.00220961575824246
"chr12-0575",0.17261923793126
"chr12-0576",0.132216070894888
"chr12-0577",-0.133686195320019
"chr12-0578",0.058198013947223
"chr12-0579",0.083983496800007
"chr12-0580",0.0291123386731825
"chr12-0581",0.311565113831641
"chr12-0582",0.131228350259695
"chr12-0583",0.126296167187497
"chr12-0584",0.220171160007543
"chr12-0585",0.152813953939491
"chr12-0586",0.127322034482213
"chr12-0587",0.147686774338872
"chr12-0588",0.14972307208879
"chr12-0589",-0.0729149244648829
"chr12-0590",0.0571384823142728
"chr12-0591",0.0659731417026845
"chr12-0592",-0.0462682264880388
"chr12-0593",0.0259937406259388
"chr12-0594",0.0529561850335791
"chr12-0595",0.26218009260601
"chr12-0596",0.251870696562655
"chr12-0597",0.137518171455483
"chr12-0598",0.161718713165793
"chr12-0599",0.0666899019444369
"chr12-0600",0.117548353880214
"chr12-0601",0.148994020607848
"chr12-0602",0.147238793446831
"chr12-0603",0.183272111156999
"chr12-0604",0.158318036629067
"chr12-0605",0.183840968814389
"chr12-0606",0.0982043001738061
"chr12-0607",0.0370074522387742
"chr12-0608",0.0491188769256732
"chr12-0609",0.10975822916464
"chr12-0610",0.156631573771094
"chr12-0611",0.102744689822786
"chr12-0612",0.0902862185242824
"chr12-0613",-0.0160468621071473
"chr12-0614",0.015408878972595
"chr12-0615",0.145126968433095
"chr12-0616",0.0458862628885506
"chr12-0617",-0.0236041979982733
"chr12-0618",-0.255182587312123
"chr12-0619",0.151453431468445
"chr12-0620",0.0682678340472262
"chr12-0621",-0.00476232781778013
"chr12-0622",0.039802094131428
"chr12-0623",0.0439274639048748
"chr12-0624",0.0606934262719772
"chr12-0625",0.0760602502096014
"chr12-0626",0.00383754555338767
"chr12-0627",-0.0402333859579086
"chr12-0628",0.0401746819868201
"chr12-0629",-0.0566941092181059
"chr12-0630",0.0467385156546086
"chr12-0631",0.0410589381045506
"chr12-0632",-0.0425481332745273
"chr12-0633",-0.0409491267542514
"chr12-0634",-0.0229814399225056
"chr12-0635",-0.0591277863149955
"chr12-0636",-0.0483293044821715
"chr12-0637",-0.0488299708896924
"chr12-0638",0.0339105940225641
"chr12-0639",-0.00606730099337098
"chr12-0640",0.0246329963450837
"chr12-0641",-0.0573366791712005
"chr12-0642",-0.0117074199800408
"chr12-0643",-0.0590085958730563
"chr12-0644",-0.023401360060477
"chr12-0645",-0.0491816644023252
"chr12-0646",0.0534717716798957
"chr12-0647",0.018203091466446
"chr12-0648",0.0776788548397793
"chr12-0649",0.037803282971333
"chr12-0650",-0.120321306262239
"chr12-0651",0.0111599298377647
"chr12-0652",0.041733906570019
"chr12-0653",-0.265366782580794
"chr12-0654",-0.0722613258042648
"chr12-0655",0.0945069354442478
"chr12-0656",-0.157830316694748
"chr12-0657",-0.0148098886428483
"chr12-0658",-0.00707528756792548
"chr12-0659",0.0129713141314505
"chr12-0660",-0.124980911361463
"chr12-0661",0.00693966982563575
"chr12-0662",0.146302077479467
"chr12-0663",0.100940404107978
"chr12-0664",0.0755810530089584
"chr12-0665",0.0072899057122184
"chr12-0666",-0.0565633547877626
"chr12-0667",0.0125256394427339
"chr12-0668",-0.0975122449538456
"chr12-0669",-0.102907924785093
"chr12-0670",-0.0578540980802464
"chr12-0671",-0.142576143118152
"chr12-0672",-0.0495839318112789
"chr12-0673",0.023750669596736
"chr12-0674",0.0421877579799391
"chr12-0675",0.218078251750298
"chr12-0676",0.131122974394008
"chr12-0677",0.198452299367121
"chr12-0678",0.0601939332207557
"chr12-0679",0.165304790383159
"chr12-0680",0.304188913639123
"chr12-0681",0.160471586235481
"chr12-0682",0.15500588699229
"chr12-0683",0.160553435929074
"chr12-0684",0.202154249843047
"chr12-0685",0.194603463690113
"chr12-0686",0.107777976369939
"chr12-0687",0.0281677229342752
"chr12-0688",0.069852980831403
"chr12-0689",0.0920113731282332
"chr12-0690",0.0947916093579192
"chr12-0691",0.0549912202688422
"chr12-0692",-0.0718963049395077
"chr12-0693",0.093595671532673
"chr12-0694",-0.0870132062353876
"chr12-0695",0.00894356981157721
"chr12-0696",-0.14779412840746
"chr12-0697",-0.0234000736556938
"chr12-0698",0.121156552410904
"chr12-0699",-0.00187231879547211
"chr12-0700",0.114263361257594
"chr12-0701",0.109051228474128
"chr12-0702",-0.0693428450579009
"chr12-0703",0.107861718244589
"chr12-0704",0.108662617563801
"chr12-0705",0.025039106665113
"chr12-0706",0.119244389362673
"chr12-0707",-0.0257415992923723
"chr12-0708",0.0415036982091594
"chr12-0709",-0.0269300309227014
"chr12-0710",0.00892855444638692
"chr12-0711",0.0901629765237553
"chr12-0712",0.182098679857163
"chr12-0713",-0.00653471013472905
"chr12-0714",0.0583041157772813
"chr12-0715",0.0456821205291781
"chr12-0716",0.0126600245052035
"chr12-0717",-0.0549757010727501
"chr12-0718",-0.113043489399223
"chr12-0719",-0.0726283987266335
"chr12-0720",-0.0746439349086128
"chr12-0721",-0.0449067674905806
"chr12-0722",0.0158284314244432
"chr12-0723",0.189373226308195
"chr12-0724",-0.0602196332564092
"chr12-0725",-0.155034106539959
"chr12-0726",0.0222868894300775
"chr12-0727",-0.0657674758262937
"chr12-0728",-0.201585720343403
"chr12-0729",-0.0109208759413365
"chr12-0730",0.0116059200227938
"chr12-0731",-0.118552540836414
"chr12-0732",-0.090132905112721
"chr12-0733",-0.0308655011871597
"chr12-0734",-0.0654301794919248
"chr12-0735",0.044735619137197
"chr12-0736",-0.0618152124288111
"chr12-0737",-0.015957926130287
"chr12-0738",-0.0120177220829372
"chr12-0739",-0.0274997087735019
"chr12-0740",-0.219679201004891
"chr12-0741",-0.116617222661022
"chr12-0742",0.00409327953315949
"chr12-0743",0.0651394681786394
"chr12-0744",-0.0691368586024092
"chr12-0745",0.0589948814419668
"chr12-0746",0.0577055215935023
"chr12-0747",-0.0280363888682935
"chr12-0748",-0.101796346401642
"chr12-0749",-0.0457968452465289
"chr12-0750",-0.180328440586563
"chr12-0751",-0.0211539661627115
"chr12-0752",-0.0290783261482618
"chr12-0753",0.00774608530455185
"chr12-0754",0.0999605622121431
"chr12-0755",0.122074287241227
"chr12-0756",0.0160436752673006
"chr12-0757",0.0572454618980088
"chr12-0758",0.0310445623145039
"chr12-0759",0.0729931806922883
"chr12-0760",0.0637140427484991
"chr12-0761",0.0171468384991056
"chr12-0762",0.00710197481358236
"chr12-0763",-0.00402498988785173
"chr12-0764",-0.0153300174442453
"chr12-0765",-0.0185743305176486
"chr12-0766",-0.00576540538457334
"chr12-0767",0.0423071739104011
"chr12-0768",0.00406603027915726
"chr12-0769",0.118147831303471
"chr12-0770",0.0304568511449608
"chr12-0771",0.166728189830466
"chr12-0772",0.161081609769303
"chr12-0773",0.102524158051824
"chr12-0774",0.090274555917418
"chr12-0775",-0.0235812072599296
"chr12-0776",0.172035473551941
"chr12-0777",0.134182346520894
"chr12-0778",0.194595539500036
"chr12-0779",0.0949469362745897
"chr12-0780",0.00500831837823676
"chr12-0781",0.149707780129613
"chr12-0782",0.0383272947522932
"chr12-0783",0.242363855393732
"chr12-0784",0.102545423803223
"chr12-0785",-0.00139705814034514
"chr12-0786",-0.0078424634856802
"chr12-0787",0.0666634528943089
"chr12-0788",0.160668448108812
"chr12-0789",-0.0310881543835398
"chr12-0790",0.0614602920763319
"chr12-0791",0.038228577280965
"chr12-0792",0.00372036264703426
"chr12-0793",0.257378808716882
"chr12-0794",0.129798679057017
"chr12-0795",-0.0118832212421136
"chr12-0796",-0.0110487513684257
"chr12-0797",0.0682937648119044
"chr12-0798",-0.0718176961784535
"chr12-0799",0.0883021249082843
"chr12-0800",0.0393740861597477
"chr12-0801",0.036089540894233
"chr12-0802",-0.0120751976184881
"chr12-0803",0.0637019485267501
"chr12-0804",-0.00770309015948249
"chr12-0805",0.0541547167705366
"chr12-0806",0.0411772629506133
"chr12-0807",0.0863576490830702
"chr12-0808",0.133185495451716
"chr12-0809",-0.031929652030857
"chr12-0810",-0.0259559498669712
"chr12-0811",0.109989215199318
"chr12-0812",0.0479262288742518
"chr12-0813",-0.0786494676496682
"chr12-0814",0.0757695384519228
"chr12-0815",0.0229135102273928
"chr12-0816",0.0661389449216462
"chr12-0817",0.0032474098954968
"chr12-0818",0.0692429273553728
"chr12-0819",0.041449652232315
"chr12-0820",0.0166028379853166
"chr12-0821",-0.0356567827738139
"chr12-0822",0.0324843396872759
"chr12-0823",0.129256035915594
"chr13-0001",0.0547083811728996
"chr13-0002",0.0629860827540357
"chr13-0003",-0.0892928932485395
"chr13-0004",0.020711307498239
"chr13-0005",0.0906400437600627
"chr13-0006",0.0425272904196946
"chr13-0007",-0.136939978556813
"chr13-0008",-0.0113549681077821
"chr13-0009",0.0302075291568775
"chr13-0010",0.195368826934304
"chr13-0011",0.0660774342224027
"chr13-0012",-0.0159654589906745
"chr13-0013",0.203200751701374
"chr13-0014",0.155722217908819
"chr13-0015",-0.027501993467224
"chr13-0016",0.0588720513249907
"chr13-0017",-0.0350127758952972
"chr13-0018",-0.00750177751032303
"chr13-0019",-0.0334485168045827
"chr13-0020",0.207571002064638
"chr13-0021",0.077119856314223
"chr13-0022",0.189703426751549
"chr13-0023",0.0834883410011766
"chr13-0024",0.236751360787018
"chr13-0025",0.206492353885341
"chr13-0026",0.206272959031912
"chr13-0027",0.210083324186568
"chr13-0028",0.225721415347993
"chr13-0029",0.130053458266423
"chr13-0030",0.104431482171523
"chr13-0031",0.0358914196204776
"chr13-0032",0.19026908357043
"chr13-0033",0.214508633175212
"chr13-0034",0.119863511097047
"chr13-0035",0.184818396213929
"chr13-0036",0.163147763238337
"chr13-0037",0.185358264153475
"chr13-0038",0.0243275896972693
"chr13-0039",-0.0524385372154705
"chr13-0040",0.108524669220483
"chr13-0041",0.167427423505598
"chr13-0042",0.125445300186925
"chr13-0043",0.0472925176322638
"chr13-0044",-0.0760191009707626
"chr13-0045",4.86621485821434e-05
"chr13-0046",0.196693617036578
"chr13-0047",-0.0762535840896807
"chr13-0048",0.0252044659782526
"chr13-0049",0.202895507542691
"chr13-0050",-0.00594570322418479
"chr13-0051",0.00611462942497863
"chr13-0052",0.201398797898045
"chr13-0053",-0.0202958379799949
"chr13-0054",0.0451726926183905
"chr13-0055",0.155382490280722
"chr13-0056",0.0430416461955032
"chr13-0057",0.0661566271122624
"chr13-0058",0.0616473769716873
"chr13-0059",0.0337920043790647
"chr13-0060",0.192710798274262
"chr13-0061",-0.057416844187817
"chr13-0062",0.0025658628732829
"chr13-0063",0.0408659254011645
"chr13-0064",0.113199103279525
"chr13-0065",-0.0687296127278902
"chr13-0066",0.0930654806476346
"chr13-0067",-0.0805749891676545
"chr13-0068",0.0420364756285846
"chr13-0069",0.184086057062099
"chr13-0070",0.169159563407485
"chr13-0071",0.195556943062762
"chr13-0072",0.0862215214469511
"chr13-0073",0.0213943896042367
"chr13-0074",0.139123449092228
"chr13-0075",0.112435147675527
"chr13-0076",0.204319689836114
"chr13-0077",0.201600965109985
"chr13-0078",0.196501900008318
"chr13-0079",0.0896951592898046
"chr13-0080",0.0787881428211184
"chr13-0081",0.103895998914832
"chr13-0082",0.143848519270621
"chr13-0083",0.104337372194051
"chr13-0084",0.0347072034136872
"chr13-0085",0.0743095437929622
"chr13-0086",0.159665768721627
"chr13-0087",0.166438648607821
"chr13-0088",0.150248488674993
"chr13-0089",0.113397046975794
"chr13-0090",0.222492842462844
"chr13-0091",0.105542859523842
"chr13-0092",0.21643690151495
"chr13-0093",0.161623048890774
"chr13-0094",0.282298658659582
"chr13-0095",0.000413357679295501
"chr13-0096",0.113858829480536
"chr13-0097",0.157704627504269
"chr13-0098",0.254604527419442
"chr13-0099",0.131032463224372
"chr13-0100",0.25575084291992
"chr13-0101",0.255858426171041
"chr13-0102",0.174347182084133
"chr13-0103",0.268236931857154
"chr13-0104",0.0977983600115183
"chr13-0105",0.216743917716678
"chr13-0106",0.266750834341104
"chr13-0107",0.11592447010227
"chr13-0108",0.293564658026678
"chr13-0109",0.145270476748937
"chr13-0110",0.240072628346974
"chr13-0111",0.0593615127133048
"chr13-0112",0.207157103351294
"chr13-0113",0.0485475079620124
"chr13-0114",0.0754524295648576
"chr13-0115",0.106589873413274
"chr13-0116",0.0912866933532866
"chr13-0117",0.0932335868448373
"chr13-0118",0.0104783081677743
"chr13-0119",-0.175071665302892
"chr13-0120",0.285100762661824
"chr13-0121",0.25998243223574
"chr13-0122",0.0914793775766752
"chr13-0123",0.0755452192318016
"chr13-0124",-0.0482296335542195
"chr13-0125",0.230519024006025
"chr13-0126",0.135708875626976
"chr13-0127",0.143225760026591
"chr13-0128",0.326566489092932
"chr13-0129",0.161974639913101
"chr13-0130",0.250645320677152
"chr13-0131",0.187145171050447
"chr13-0132",0.126801068924308
"chr13-0133",-0.049429343315392
"chr13-0134",-0.111610326596788
"chr13-0135",0.0706486443630843
"chr13-0136",0.0416342753961095
"chr13-0137",0.0332349154528918
"chr13-0138",-0.00323391712785889
"chr13-0139",0.0218735271910508
"chr13-0140",-0.00853274356121289
"chr13-0141",0.129679795575498
"chr13-0142",0.081660948339716
"chr13-0143",0.170370699331824
"chr13-0144",0.0528581709857132
"chr13-0145",0.161974232092085
"chr13-0146",0.167864091943202
"chr13-0147",0.0462225661187347
"chr13-0148",0.161843679348284
"chr13-0149",0.128526850556416
"chr13-0150",0.198577684390182
"chr13-0151",0.0644223246066988
"chr13-0152",0.00784024620487972
"chr13-0153",0.17409942143379
"chr13-0154",0.369230349292673
"chr13-0155",0.219305869985148
"chr13-0156",0.125826109794269
"chr13-0157",0.191393773983073
"chr13-0158",0.13415966084099
"chr13-0159",0.153300970836885
"chr13-0160",0.275266129836274
"chr13-0161",0.138137609114724
"chr13-0162",0.0781555615381801
"chr13-0163",0.0070287615107446
"chr13-0164",0.179549552396766
"chr13-0165",0.129515196825294
"chr13-0166",0.0113497042092186
"chr13-0167",-0.0301752879166276
"chr13-0168",0.0200635915674179
"chr13-0169",-0.023119571115144
"chr13-0170",-0.0795251288293722
"chr13-0171",0.0486223701267453
"chr13-0172",0.0209979830874223
"chr13-0173",0.148097239716014
"chr13-0174",0.111237345799437
"chr13-0175",0.139278629679325
"chr13-0176",0.0514807784759306
"chr13-0177",0.30164933216553
"chr13-0178",0.217276280275081
"chr13-0179",0.0921425721228794
"chr13-0180",0.182193456235072
"chr13-0181",0.109360208215335
"chr13-0182",0.245591204034755
"chr13-0183",0.135531808447637
"chr13-0184",0.245626989061846
"chr13-0185",0.187823626988779
"chr13-0186",-0.349295268580755
"chr13-0187",-0.42191126191297
"chr13-0188",-0.224910415691164
"chr13-0189",-0.381553944874705
"chr13-0190",-0.33461390334774
"chr13-0191",-0.202664238179225
"chr13-0192",-0.154980878289377
"chr13-0193",-0.146605506539129
"chr13-0194",-0.247241803746241
"chr13-0195",-0.268998085219549
"chr13-0196",-0.257041600045273
"chr13-0197",-0.351667476317664
"chr13-0198",-0.224659478196897
"chr13-0199",-0.428688558713847
"chr13-0200",-0.544474834383389
"chr13-0201",-0.393274288326196
"chr13-0202",-0.425935568994665
"chr13-0203",-0.379002383539003
"chr13-0204",-0.154696854982947
"chr13-0205",-0.13118948378742
"chr13-0206",-0.0309293008985938
"chr13-0207",-0.12992899522786
"chr13-0208",-0.251957196430099
"chr13-0209",-0.158784210633441
"chr13-0210",-0.154866029122713
"chr13-0211",-0.267411903464904
"chr13-0212",-0.283908294851316
"chr13-0213",-0.187707701507861
"chr13-0214",-0.208206414277205
"chr13-0215",-0.247334909466809
"chr13-0216",-0.150207980064136
"chr13-0217",-0.129935474402549
"chr13-0218",-0.220190958352711
"chr13-0219",-0.202483033966896
"chr13-0220",-0.32714102511517
"chr13-0221",-0.377581774291073
"chr13-0222",-0.231984591627413
"chr13-0223",-0.435405254377624
"chr13-0224",-0.37805092619376
"chr13-0225",-0.247722068032792
"chr13-0226",-0.258983548053058
"chr13-0227",-0.147109041607706
"chr13-0228",-0.2108452698892
"chr13-0229",-0.252083915919363
"chr13-0230",-0.295926283315436
"chr13-0231",-0.143184587021724
"chr13-0232",-0.183611826020376
"chr13-0233",-0.188798805352173
"chr13-0234",-0.320977733564129
"chr13-0235",-0.0691912216080686
"chr13-0236",-0.200859453888071
"chr13-0237",-0.22507859905083
"chr13-0238",-0.111213790638007
"chr13-0239",-0.159309850342028
"chr13-0240",-0.275522822501165
"chr13-0241",-0.289064680625594
"chr13-0242",-0.273238660312603
"chr13-0243",-0.0616952083482233
"chr13-0244",0.120789793746036
"chr13-0245",0.136778306471593
"chr13-0246",0.193823980397069
"chr13-0247",0.428532720414811
"chr13-0248",0.331692247982888
"chr13-0249",0.185141376827036
"chr13-0250",0.215692260534431
"chr13-0251",0.180527806669151
"chr13-0252",0.280682928141724
"chr13-0253",0.140826411391701
"chr13-0254",0.358766799819963
"chr13-0255",0.397198434910643
"chr13-0256",0.210125599587638
"chr13-0257",0.00614978388537883
"chr13-0258",0.104784453510738
"chr13-0259",0.167478926929111
"chr13-0260",0.198269083967495
"chr13-0261",0.1681310750391
"chr13-0262",0.138549282194193
"chr13-0263",0.174130882652513
"chr13-0264",0.318490454487273
"chr13-0265",0.234256159551398
"chr13-0266",0.253614365699717
"chr13-0267",0.180936004238925
"chr13-0268",0.215621638407728
"chr13-0269",0.0971189614137257
"chr13-0270",0.0503252502188871
"chr13-0271",-0.0970591798579052
"chr13-0272",0.277744057095783
"chr13-0273",0.31787833647725
"chr13-0274",0.275075934017211
"chr13-0275",0.0840151867169043
"chr13-0276",0.0496855054419399
"chr13-0277",0.215025607873013
"chr13-0278",0.117517509816009
"chr13-0279",0.189601354647424
"chr13-0280",0.0915128994917296
"chr13-0281",0.317202394954127
"chr13-0282",0.0802655153015944
"chr13-0283",0.284427105028998
"chr13-0284",0.227597111677318
"chr13-0285",0.143368655327421
"chr13-0286",0.285198140508027
"chr13-0287",0.0163185953153002
"chr13-0288",0.280521490476531
"chr13-0289",0.426392829915709
"chr13-0290",0.234300337307827
"chr13-0291",0.139707880617182
"chr13-0292",0.240066550603755
"chr13-0293",0.369694383506841
"chr13-0294",0.286346611735581
"chr13-0295",0.22224056856528
"chr13-0296",0.363055792592712
"chr13-0297",0.202291295419695
"chr13-0298",0.134313568269143
"chr13-0299",0.352583729371088
"chr13-0300",0.246163319922016
"chr13-0301",0.173372480606217
"chr13-0302",0.119778419682311
"chr13-0303",0.0955117840295711
"chr13-0304",0.0759210830408897
"chr13-0305",0.216829273166682
"chr13-0306",0.12935477763742
"chr13-0307",0.214799375391742
"chr13-0308",0.401680862544258
"chr13-0309",0.171972253685857
"chr13-0310",0.272570635210202
"chr13-0311",0.332747916660596
"chr13-0312",0.340644688523783
"chr13-0313",-0.226988230033432
"chr13-0314",0.118088887353386
"chr13-0315",0.0845767840605191
"chr13-0316",0.259726201071909
"chr13-0317",0.152461402888225
"chr13-0318",0.0167677931648623
"chr13-0319",0.0374012532012151
"chr13-0320",0.075510607229091
"chr13-0321",0.0452230232762575
"chr13-0322",0.217654215053477
"chr13-0323",0.112121435756111
"chr13-0324",0.141477466412449
"chr13-0325",0.223430577034084
"chr13-0326",0.298852897332288
"chr13-0327",0.304158180102753
"chr13-0328",0.115590331373171
"chr13-0329",0.183572124893299
"chr13-0330",0.0421998710435527
"chr13-0331",0.149021125367955
"chr13-0332",0.121021458901918
"chr13-0333",0.151914781947307
"chr13-0334",0.180696101677932
"chr13-0335",0.156150328628027
"chr13-0336",0.0281296104108175
"chr13-0337",0.295430994410717
"chr13-0338",0.304734625211995
"chr13-0339",0.198966556397118
"chr13-0340",0.183503963927256
"chr13-0341",0.228428020247926
"chr13-0342",0.0426656518913677
"chr13-0343",0.114628325813315
"chr13-0344",0.190154386670078
"chr13-0345",0.0978613537999918
"chr13-0346",0.110086386873852
"chr13-0347",0.0197744886759754
"chr13-0348",-0.128194528070245
"chr13-0349",0.175437266074841
"chr13-0350",0.234365892153184
"chr13-0351",0.167320803723089
"chr13-0352",0.0995823887359082
"chr13-0353",0.127240087143974
"chr13-0354",0.208364534312396
"chr13-0355",0.171579426800711
"chr13-0356",0.270047555051139
"chr13-0357",0.322957209666247
"chr13-0358",0.315147950863529
"chr13-0359",0.106665747788719
"chr13-0360",0.258399771814845
"chr13-0361",0.0595930107594028
"chr13-0362",0.0294268820568035
"chr13-0363",0.293390295389818
"chr13-0364",-0.0681456879338243
"chr13-0365",0.0846802729015904
"chr13-0366",0.148255171541749
"chr13-0367",0.301769432313831
"chr13-0368",0.350810983526569
"chr13-0369",0.395445718461514
"chr13-0370",0.336968676291415
"chr13-0371",0.175848199317702
"chr13-0372",0.171447512814122
"chr13-0373",0.147440778694295
"chr13-0374",0.200650565427841
"chr13-0375",0.120183788546387
"chr13-0376",0.282295204548994
"chr13-0377",0.377443734003292
"chr13-0378",0.303844555504618
"chr13-0379",0.262880586956705
"chr13-0380",0.126095372427641
"chr13-0381",0.21483890472533
"chr13-0382",0.326071891258286
"chr13-0383",0.149835801645994
"chr13-0384",0.179586334179956
"chr13-0385",0.314063534686029
"chr13-0386",0.295415653731264
"chr13-0387",0.187495739409103
"chr13-0388",0.178307363592738
"chr13-0389",0.212271590707505
"chr13-0390",0.266257065841461
"chr13-0391",0.148762053087718
"chr13-0392",0.195359089893888
"chr13-0393",0.182556528781976
"chr13-0394",0.14628401633366
"chr13-0395",0.124256099721653
"chr13-0396",0.0786598605378521
"chr13-0397",0.016076312161465
"chr13-0398",0.148619262820751
"chr13-0399",0.136805867887848
"chr13-0400",0.104653561736013
"chr13-0401",0.217087051761101
"chr13-0402",0.322155112286592
"chr13-0403",0.0430369888390272
"chr13-0404",0.0152801301158059
"chr13-0405",0.108135964392018
"chr13-0406",0.184469149243005
"chr13-0407",-0.0284245122786205
"chr13-0408",0.070400906577003
"chr13-0409",0.113708053704642
"chr13-0410",0.0717104640109064
"chr13-0411",0.058640505556305
"chr13-0412",0.0621970178351556
"chr13-0413",-0.0468352876224865
"chr13-0414",0.199804607706752
"chr13-0415",0.0686748723087016
"chr13-0416",0.139179926844856
"chr13-0417",0.113006937649338
"chr13-0418",0.0214601962243892
"chr13-0419",0.0388831041122509
"chr13-0420",0.0503558928905587
"chr13-0421",0.126822944371332
"chr13-0422",0.0760992859556018
"chr13-0423",0.0850478640801504
"chr13-0424",0.19147776022929
"chr13-0425",0.134558037118666
"chr13-0426",0.0834904591210601
"chr13-0427",0.196376188778399
"chr13-0428",0.18700611212676
"chr13-0429",0.149180424274235
"chr13-0430",0.0831048301949094
"chr14-0001",0.0952421041346984
"chr14-0002",0.146902932485867
"chr14-0003",0.366548609162747
"chr14-0004",0.0192179347824714
"chr14-0005",0.000356178353734917
"chr14-0006",-0.0242576902600804
"chr14-0007",0.158519375818736
"chr14-0008",-0.0359236330016777
"chr14-0009",-0.0159903066655215
"chr14-0010",0.0296942066918628
"chr14-0011",0.021343239490153
"chr14-0012",0.0300600060724063
"chr14-0013",0.108218541367898
"chr14-0014",0.00478830832057051
"chr14-0015",-0.0299858663982862
"chr14-0016",0.0148793993483706
"chr14-0017",-0.147568037948729
"chr14-0018",-0.0552765058218506
"chr14-0019",0.183132630884264
"chr14-0020",0.143703912776671
"chr14-0021",0.20228701359198
"chr14-0022",0.209795611009124
"chr14-0023",0.213138172199956
"chr14-0024",0.10853016727327
"chr14-0025",0.141037682515879
"chr14-0026",0.192485998964484
"chr14-0027",0.104311875538629
"chr14-0028",-0.121983988406568
"chr14-0029",-0.070653861122483
"chr14-0030",-0.127012103703305
"chr14-0031",-0.0313545079967382
"chr14-0032",0.0802436547230258
"chr14-0033",-0.0675453953878811
"chr14-0034",0.0074319830992577
"chr14-0035",-0.046248839843127
"chr14-0036",0.0122108800081615
"chr14-0037",-0.0220696801161405
"chr14-0038",0.0264281354383968
"chr14-0039",-0.049546948434275
"chr14-0040",-0.062313535116217
"chr14-0041",-0.0546677343006481
"chr14-0042",0.0161403908254963
"chr14-0043",-0.0213949940592615
"chr14-0044",0.111738830368933
"chr14-0045",0.185747774035199
"chr14-0046",0.240012054929319
"chr14-0047",0.249510922687667
"chr14-0048",0.19765464883918
"chr14-0049",0.246367169860655
"chr14-0050",0.0976562817787
"chr14-0051",0.162616048368027
"chr14-0052",0.286027761494621
"chr14-0053",0.325700359318291
"chr14-0054",0.179649880460291
"chr14-0055",0.182362747650879
"chr14-0056",0.344377928315136
"chr14-0057",0.379797838910914
"chr14-0058",0.182324106034506
"chr14-0059",0.224676102724868
"chr14-0060",0.0585337056856575
"chr14-0061",-0.044822794451271
"chr14-0062",-0.00165398096610706
"chr14-0063",0.0603782051380035
"chr14-0064",0.0904493345939625
"chr14-0065",-0.0621453146844634
"chr14-0066",0.0176107765282886
"chr14-0067",0.0219509339906566
"chr14-0068",0.0932639650687777
"chr14-0069",0.252881078940292
"chr14-0070",0.0153093667568694
"chr14-0071",0.258670503977664
"chr14-0072",0.239300756804212
"chr14-0073",0.454175891904331
"chr14-0074",0.24095856786791
"chr14-0075",0.257719256653208
"chr14-0076",0.207100735766646
"chr14-0077",0.0663767344273689
"chr14-0078",0.088058498993697
"chr14-0079",0.204511249139693
"chr14-0080",-0.0797296270335545
"chr14-0081",-0.105364093704496
"chr14-0082",0.0556558134813515
"chr14-0083",0.0750255786421291
"chr14-0084",0.161626426984589
"chr14-0085",-0.0958103791216175
"chr14-0086",-0.0539931799510924
"chr14-0087",-0.0249167628855803
"chr14-0088",-0.0749574296651519
"chr14-0089",0.00807288913231861
"chr14-0090",0.0509560056981778
"chr14-0091",0.0653519400274048
"chr14-0092",0.047760424815091
"chr14-0093",0.304652578261298
"chr14-0094",0.160489795492619
"chr14-0095",0.0940066679277154
"chr14-0096",-0.0227238042625618
"chr14-0097",-0.0216300864637218
"chr14-0098",0.284838775201382
"chr14-0099",0.00933474635126278
"chr14-0100",-0.00975269191439429
"chr14-0101",0.110614743676838
"chr14-0102",0.0710497614163121
"chr14-0103",0.249642675058512
"chr14-0104",0.283134413472342
"chr14-0105",0.113045060595423
"chr14-0106",0.016231442436866
"chr14-0107",-0.068132311084547
"chr14-0108",0.0428611767136685
"chr14-0109",0.0610684113170467
"chr14-0110",0.251092058704681
"chr14-0111",0.182804003710262
"chr14-0112",0.0882843235972883
"chr14-0113",0.137990222457877
"chr14-0114",0.156735875265697
"chr14-0115",0.178553659246665
"chr14-0116",0.0684729699589141
"chr14-0117",0.0162838203665575
"chr14-0118",0.094699136112308
"chr14-0119",0.0880015593495178
"chr14-0120",0.0222489443699544
"chr14-0121",0.233335595185005
"chr14-0122",0.344902435144221
"chr14-0123",0.265345146163403
"chr14-0124",0.0272660956533217
"chr14-0125",0.126919463933835
"chr14-0126",-0.0890019039014035
"chr14-0127",-0.0249061186190934
"chr14-0128",0.0196794627294397
"chr14-0129",-0.053118902716521
"chr14-0130",0.0822248980849368
"chr14-0131",0.0445355320984965
"chr14-0132",0.0452558905622134
"chr14-0133",-0.0426647184851458
"chr14-0134",-0.0122364904290427
"chr14-0135",0.19854630341626
"chr14-0136",0.0571151808363324
"chr14-0137",0.0957213161867098
"chr14-0138",0.131397000371331
"chr14-0139",0.0981799206487751
"chr14-0140",0.0184892188236175
"chr14-0141",0.112932178062762
"chr14-0142",0.146441243122077
"chr14-0143",0.158873993485417
"chr14-0144",0.245702050952829
"chr14-0145",0.272536959551088
"chr14-0146",0.226634343659721
"chr14-0147",0.0206939952221286
"chr14-0148",0.200609831122117
"chr14-0149",0.157851350294463
"chr14-0150",0.0305742475016655
"chr14-0151",0.171059648522005
"chr14-0152",0.144720266038262
"chr14-0153",0.110565006431908
"chr14-0154",0.0873318272486896
"chr14-0155",-0.0664988766930637
"chr14-0156",0.121451101359089
"chr14-0157",0.177745874077501
"chr14-0158",0.0834661642221031
"chr14-0159",0.233824813396144
"chr14-0160",0.266979102857032
"chr14-0161",0.0864617854900483
"chr14-0162",0.260077759666564
"chr14-0163",0.124584379044635
"chr14-0164",0.140234769615278
"chr14-0165",0.0417734264428037
"chr14-0166",0.153391038735434
"chr14-0167",0.178255913926394
"chr14-0168",0.161811855242582
"chr14-0169",-0.0740544297194444
"chr14-0170",0.0279302780096339
"chr14-0171",0.03550785069556
"chr14-0172",0.0945244501166947
"chr14-0173",0.160029364223052
"chr14-0174",0.00896920568321906
"chr14-0175",-0.0136960565418188
"chr14-0176",0.202604593653779
"chr14-0177",0.100227277524744
"chr14-0178",0.21523494201657
"chr14-0179",0.199256982296964
"chr14-0180",0.156663568758055
"chr14-0181",0.125366382349282
"chr14-0182",0.0516472118097905
"chr14-0183",0.078106308217839
"chr14-0184",0.266030513945733
"chr14-0185",0.225993654619636
"chr14-0186",0.166903865192057
"chr14-0187",0.153899497842939
"chr14-0188",0.0530049070135533
"chr14-0189",-0.0790293286288191
"chr14-0190",-0.00738379267887849
"chr14-0191",-0.0859798076719711
"chr14-0192",-0.110645143325893
"chr14-0193",0.160012320870581
"chr14-0194",0.106972229080158
"chr14-0195",0.19649938388551
"chr14-0196",0.0309006869073045
"chr14-0197",0.312041866552347
"chr14-0198",0.211919485924024
"chr14-0199",0.0905071880418044
"chr14-0200",0.0992399335743868
"chr14-0201",0.147971183036857
"chr14-0202",0.146396891902042
"chr14-0203",0.0141786092973294
"chr14-0204",0.0465238195691505
"chr14-0205",0.165760493206129
"chr14-0206",0.15234880888418
"chr14-0207",0.189098358991283
"chr14-0208",0.0164114434559924
"chr14-0209",0.0844472564384715
"chr14-0210",0.089038931639753
"chr14-0211",0.203474463049154
"chr14-0212",0.183824422192987
"chr14-0213",0.230719753249875
"chr14-0214",0.00776699468885526
"chr14-0215",0.151772920671642
"chr14-0216",0.188334235701808
"chr14-0217",0.146740177173332
"chr14-0218",0.00959421401247028
"chr14-0219",0.0676166962739611
"chr14-0220",0.146191164045468
"chr14-0221",0.153167688179916
"chr14-0222",0.171338712296467
"chr14-0223",0.0699873354847041
"chr14-0224",-0.0856426820693142
"chr14-0225",0.192881754308172
"chr14-0226",0.186873644155994
"chr14-0227",0.0826230189067497
"chr14-0228",0.0949873465414267
"chr14-0229",-0.0609222733708067
"chr14-0230",0.0472855875975623
"chr14-0231",0.0706329509504488
"chr14-0232",0.173648881743548
"chr14-0233",0.282330381418805
"chr14-0234",0.177471268552749
"chr14-0235",0.165451589001383
"chr14-0236",-0.101697078521903
"chr14-0237",-0.0290345893998591
"chr14-0238",0.0123291126589386
"chr14-0239",-0.0624408102441983
"chr14-0240",0.0308252221115934
"chr14-0241",-0.0221633715848255
"chr14-0242",-0.0635133229223908
"chr14-0243",0.116314918165243
"chr14-0244",0.047310246909866
"chr14-0245",0.00474696046700849
"chr14-0246",0.0779206969259679
"chr14-0247",0.159863719177167
"chr14-0248",0.202663215975962
"chr14-0249",0.24868769736684
"chr14-0250",0.0503161817987897
"chr14-0251",0.239350941217786
"chr14-0252",0.0290517100338105
"chr14-0253",0.187018162269805
"chr14-0254",0.0343212460954235
"chr14-0255",0.00375325296136323
"chr14-0256",-0.0778278266350307
"chr14-0257",-0.0201699741214202
"chr14-0258",0.00413676251610252
"chr14-0259",0.0308952520313494
"chr14-0260",0.145480976505723
"chr14-0261",0.456811259104194
"chr14-0262",0.262849834414571
"chr14-0263",0.198645000687551
"chr14-0264",0.274678134388274
"chr14-0265",0.160816617680607
"chr14-0266",0.103344404557968
"chr14-0267",0.0638138493196464
"chr14-0268",0.0909376949013863
"chr14-0269",0.0804832971930916
"chr14-0270",0.036823478879206
"chr14-0271",0.0711598465238143
"chr14-0272",0.047829782814394
"chr14-0273",-0.0234228884912777
"chr14-0274",-0.0284574446790814
"chr14-0275",0.00241492841724288
"chr14-0276",0.0915576855681001
"chr14-0277",0.0337597167351838
"chr14-0278",0.172717446933793
"chr14-0279",0.18477309778202
"chr14-0280",0.132351220951009
"chr14-0281",0.123984590069695
"chr14-0282",0.0739074124768836
"chr14-0283",-0.0809254280785135
"chr14-0284",0.0601927857482826
"chr14-0285",0.044160831397362
"chr14-0286",0.0844130704072712
"chr14-0287",0.113985800737421
"chr14-0288",0.189688114117888
"chr14-0289",-0.405502147976288
"chr14-0290",-0.447176956762265
"chr14-0291",-0.276802747511382
"chr14-0292",-0.248121700564174
"chr14-0293",-0.275496232135035
"chr14-0294",-0.269274481450553
"chr14-0295",-0.22114790897384
"chr14-0296",-0.397255331567399
"chr14-0297",-0.437668598709079
"chr14-0298",-0.249787680348807
"chr14-0299",-0.213044182107645
"chr14-0300",-0.293954466727183
"chr14-0301",-0.432035050755825
"chr14-0302",-0.395468897762917
"chr14-0303",-0.438677875468026
"chr14-0304",-0.309662801175353
"chr14-0305",-0.325327688028021
"chr14-0306",-0.432760557077486
"chr14-0307",-0.490475233723151
"chr14-0308",-0.530680447496699
"chr14-0309",-0.257663040456812
"chr14-0310",-0.433456318727914
"chr14-0311",-0.352752756960463
"chr14-0312",-0.325954395316614
"chr14-0313",-0.372106848669765
"chr14-0314",-0.417569040200309
"chr14-0315",-0.254336257415152
"chr14-0316",-0.108350774025491
"chr14-0317",-0.27299798545732
"chr14-0318",-0.360412279882788
"chr14-0319",-0.332041595890443
"chr14-0320",-0.336302787409477
"chr14-0321",-0.394863663201411
"chr14-0322",-0.39126753454092
"chr14-0323",-0.33578544131648
"chr14-0324",-0.542968544898718
"chr14-0325",-0.245178971437347
"chr14-0326",-0.260705121016086
"chr14-0327",-0.261736143052358
"chr14-0328",-0.0695924476196695
"chr14-0329",-0.246228033380984
"chr14-0330",-0.258018684125782
"chr14-0331",-0.110130078178558
"chr14-0332",-0.382964602178994
"chr14-0333",-0.247327652028913
"chr14-0334",-0.394891112180826
"chr14-0335",-0.454638557358733
"chr14-0336",-0.390951197626496
"chr14-0337",-0.204776050951016
"chr14-0338",-0.331774802027649
"chr14-0339",-0.357541606717741
"chr14-0340",-0.278836049299896
"chr14-0341",-0.365710305382262
"chr14-0342",-0.321912075882148
"chr14-0343",-0.23039628424504
"chr14-0344",-0.376253941178955
"chr14-0345",-0.302358157372179
"chr14-0346",-0.377609891405359
"chr14-0347",-0.465132984892947
"chr14-0348",-0.401519882623237
"chr14-0349",-0.29956338940651
"chr14-0350",-0.330318213254299
"chr14-0351",-0.36963988910894
"chr14-0352",0.0296003562980746
"chr14-0353",-0.258268467466973
"chr14-0354",-0.201055873370113
"chr14-0355",-0.0754008625118774
"chr14-0356",-0.184858857191776
"chr14-0357",-0.0325635933748884
"chr14-0358",-0.264329638578449
"chr14-0359",-0.275147329676147
"chr14-0360",-0.397458891994244
"chr14-0361",-0.313238265155341
"chr14-0362",-0.259110492146586
"chr14-0363",-0.238309008485717
"chr14-0364",-0.107801382269921
"chr14-0365",-0.185280376174006
"chr14-0366",0.0154062263255263
"chr14-0367",-0.265236737502682
"chr14-0368",-0.0872224624889376
"chr14-0369",-0.219818583034479
"chr14-0370",-0.151128124049428
"chr14-0371",-0.377259858752769
"chr14-0372",-0.127105315101543
"chr14-0373",-0.166803863791504
"chr14-0374",-0.264323321746351
"chr14-0375",-0.195267432469389
"chr14-0376",-0.104886050928773
"chr14-0377",-0.222143254873022
"chr14-0378",-0.319884262933977
"chr14-0379",-0.352047406315535
"chr14-0380",-0.131822312184236
"chr14-0381",-0.326432409104193
"chr14-0382",-0.222538189982926
"chr14-0383",-0.209098819779396
"chr14-0384",-0.2415785778421
"chr14-0385",-0.149700895872153
"chr14-0386",-0.207655359277853
"chr14-0387",-0.199735117240398
"chr14-0388",-0.298631092257071
"chr14-0389",-0.215654492023931
"chr14-0390",-0.381982268654675
"chr14-0391",-0.281371850537373
"chr14-0392",-0.295983554415588
"chr14-0393",-0.315378517597463
"chr14-0394",-0.4101119447265
"chr14-0395",0.0399073089953354
"chr14-0396",0.107965530953132
"chr14-0397",0.0987881445065131
"chr14-0398",0.192974567361956
"chr14-0399",0.185558934458202
"chr14-0400",0.0147635506982849
"chr14-0401",0.0771081006532724
"chr14-0402",-0.024828260330315
"chr14-0403",0.0388257227943029
"chr14-0404",-0.010552973348336
"chr14-0405",0.0542708959627972
"chr14-0406",-0.0766072280888768
"chr14-0407",0.193416509746985
"chr14-0408",0.058319303735595
"chr14-0409",0.140356578422872
"chr14-0410",-0.0115621746494019
"chr14-0411",-0.158127969403902
"chr14-0412",-0.0588296126943508
"chr14-0413",0.00773942961378099
"chr14-0414",0.0300836166750143
"chr14-0415",0.0490966082676634
"chr14-0416",0.0178973720660646
"chr14-0417",0.0387319239076945
"chr14-0418",0.045761902381378
"chr14-0419",-0.0182263699529812
"chr14-0420",0.0667030845595222
"chr14-0421",-0.0451667857093014
"chr14-0422",0.030478118048299
"chr14-0423",0.112700319695691
"chr14-0424",0.142127124257857
"chr14-0425",0.0970743269220077
"chr14-0426",-0.0311062656447944
"chr14-0427",-0.00886672131634947
"chr14-0428",0.0102553155715064
"chr14-0429",0.0774899917776089
"chr14-0430",0.166362473183043
"chr14-0431",0.0217055491592991
"chr14-0432",0.120546288286534
"chr14-0433",0.0743382282996332
"chr14-0434",-0.0425964865785664
"chr14-0435",0.212983744880185
"chr14-0436",0.0536514859020861
"chr14-0437",0.150665725025021
"chr14-0438",0.253329632937139
"chr14-0439",0.148224132042965
"chr14-0440",0.16231630199
"chr14-0441",0.113737642141577
"chr14-0442",0.0708762193132459
"chr14-0443",-0.0409783009733136
"chr14-0444",0.0147442107240498
"chr14-0445",-0.0664848113606352
"chr14-0446",0.110653790332961
"chr14-0447",0.0395097759179534
"chr14-0448",-0.0159324391926311
"chr14-0449",0.105890427535178
"chr14-0450",0.148917598682647
"chr14-0451",-0.00440442043600927
"chr14-0452",-0.0293410558703992
"chr14-0453",0.000395981673170232
"chr14-0454",-0.109120531517644
"chr14-0455",0.26886107189739
"chr14-0456",0.152868811726499
"chr14-0457",0.179020756712425
"chr14-0458",0.14778466805538
"chr14-0459",0.152665625294467
"chr14-0460",0.183104557961104
"chr14-0461",0.120656127465352
"chr14-0462",0.19435836902121
"chr14-0463",0.0837137481127245
"chr14-0464",0.0715889969099362
"chr14-0465",0.0344134181635479
"chr14-0466",-0.0877268863332306
"chr14-0467",0.10208401246963
"chr14-0468",0.104927260944596
"chr14-0469",-0.0633270715912789
"chr14-0470",0.126757811104962
"chr14-0471",0.0724885231595414
"chr14-0472",0.0233505600776206
"chr14-0473",-0.00580285949993075
"chr14-0474",0.105223493674269
"chr14-0475",0.121382864923195
"chr14-0476",0.0963051942477665
"chr14-0477",0.0221664905330802
"chr14-0478",0.0304453817022997
"chr14-0479",-0.0397305238953399
"chr14-0480",0.130648724300769
"chr14-0481",0.0596582354437905
"chr14-0482",0.0583518780916492
"chr14-0483",0.0295074219431666
"chr14-0484",0.0214479812803376
"chr14-0485",0.0749716856138374
"chr14-0486",0.107926138099907
"chr14-0487",0.107300112136151
"chr14-0488",0.0818988874167999
"chr14-0489",0.108128698066256
"chr14-0490",0.117961159219185
"chr14-0491",-0.0466551020600298
"chr14-0492",-0.0102521425949616
"chr14-0493",0.0514495215189418
"chr14-0494",0.201126647376607
"chr14-0495",-0.00555661294375064
"chr14-0496",0.0182349868398229
"chr14-0497",-0.0935394549545853
"chr14-0498",0.0581486620630047
"chr14-0499",-0.0416992188593629
"chr14-0500",0.0618820694162007
"chr14-0501",-0.0759418038204234
"chr14-0502",-0.0490998098851521
"chr14-0503",-0.0339642641607179
"chr14-0504",0.178089093488156
"chr14-0505",-0.00551841634507737
"chr14-0506",0.00249201701137796
"chr14-0507",0.00920057222104455
"chr14-0508",-0.0270457957402694
"chr14-0509",0.00528780823599163
"chr14-0510",0.0687819848942348
"chr14-0511",-0.0221220991142351
"chr14-0512",0.0412689127943764
"chr14-0513",0.0530703067004046
"chr14-0514",-0.036314288873658
"chr14-0515",-0.172372719878253
"chr14-0516",0.0135171143799457
"chr14-0517",-0.0105428533602099
"chr14-0518",-0.0239015804688777
"chr14-0519",0.0192974155105642
"chr14-0520",0.00670295798980941
"chr14-0521",-0.0597257681187039
"chr14-0522",-0.0108548358002148
"chr14-0523",0.0095909297017938
"chr14-0524",-0.000155793239668608
"chr14-0525",-0.0037596530920815
"chr14-0526",-0.0800774725090355
"chr14-0527",-0.00248189611388811
"chr14-0528",0.0276430681247234
"chr14-0529",-0.000139597509653661
"chr14-0530",-0.0206608316292073
"chr14-0531",-0.0181461267014162
"chr14-0532",-0.165375461682749
"chr14-0533",-0.112372758453
"chr14-0534",0.0284154108733281
"chr14-0535",0.0321615002629701
"chr14-0536",0.119134858726315
"chr14-0537",0.0669524446517842
"chr14-0538",0.178128194140931
"chr14-0539",-0.0502922392314124
"chr14-0540",0.134592187048532
"chr14-0541",0.101502404391064
"chr14-0542",0.0957746533675958
"chr15-0001",-0.176866004434727
"chr15-0002",-0.302148721320121
"chr15-0003",-0.344505396217778
"chr15-0004",-0.31426078127925
"chr15-0005",-0.358360181887199
"chr15-0006",-0.363486692410101
"chr15-0007",-0.027043999922151
"chr15-0008",0.0232933298496738
"chr15-0009",-0.0812439123755955
"chr15-0010",0.0428485161861043
"chr15-0011",0.00719257815273064
"chr15-0012",-0.0304341914315789
"chr15-0013",0.100322429072703
"chr15-0014",0.109969819966087
"chr15-0015",0.0522390865233173
"chr15-0016",0.0403472930568366
"chr15-0017",0.0821678441672846
"chr15-0018",-0.0137918292334199
"chr15-0019",-0.0333189439618871
"chr15-0020",0.0143180552031006
"chr15-0021",0.0197485425764613
"chr15-0022",-0.109697502850275
"chr15-0023",-0.0976573595365415
"chr15-0024",0.0971542812797815
"chr15-0025",0.0531354820903563
"chr15-0026",0.0159808483231464
"chr15-0027",0.0418325062408825
"chr15-0028",0.0242198330256382
"chr15-0029",-0.012433645814032
"chr15-0030",0.0090308392641821
"chr15-0031",0.115349444953435
"chr15-0032",0.108649150391931
"chr15-0033",-0.00978308220850867
"chr15-0034",0.0691371059999306
"chr15-0035",0.0520202864423461
"chr15-0036",0.223037564564886
"chr15-0037",0.116980445253694
"chr15-0038",0.0363723812540212
"chr15-0039",0.000823789193076884
"chr15-0040",0.0725788112081967
"chr15-0041",0.0993581292564592
"chr15-0042",0.0858753283804619
"chr15-0043",0.0877447013171668
"chr15-0044",0.127748830674105
"chr15-0045",-0.00839376072643022
"chr15-0046",0.0924107077460658
"chr15-0047",0.0834438762901033
"chr15-0048",0.0223555156899521
"chr15-0049",-0.0633668383176844
"chr15-0050",0.0189140903077881
"chr15-0051",0.0313526203608586
"chr15-0052",0.0187637934567317
"chr15-0053",0.0747441701591249
"chr15-0054",0.109404088892557
"chr15-0055",0.0138508581704554
"chr15-0056",0.00271667659943499
"chr15-0057",0.00675990894572757
"chr15-0058",0.046862407973195
"chr15-0059",0.0815231567436018
"chr15-0060",0.119203864034015
"chr15-0061",-0.00391791712555761
"chr15-0062",0.0128493090692265
"chr15-0063",0.0315309669333061
"chr15-0064",0.0519616923956977
"chr15-0065",0.0214513485987778
"chr15-0066",0.0463872080567868
"chr15-0067",0.0573553312356964
"chr15-0068",0.21341160385227
"chr15-0069",0.13429344345603
"chr15-0070",0.232315761361233
"chr15-0071",0.34086040799828
"chr15-0072",0.0963714160761961
"chr15-0073",0.111611224395704
"chr15-0074",0.211517046318437
"chr15-0075",0.0903171015148386
"chr15-0076",0.192031384670963
"chr15-0077",0.0473146379904476
"chr15-0078",0.281461392680671
"chr15-0079",-0.0952256591087028
"chr15-0080",0.00338903477749336
"chr15-0081",-0.0608393212060866
"chr15-0082",-0.0446736841462869
"chr15-0083",0.136901133570474
"chr15-0084",0.00647059988232908
"chr15-0085",0.0610061190988022
"chr15-0086",-0.0919411407202093
"chr15-0087",0.161551428331383
"chr15-0088",0.225533060716709
"chr15-0089",0.312968420848373
"chr15-0090",0.173685610850798
"chr15-0091",0.239176710881515
"chr15-0092",0.281638242840976
"chr15-0093",-0.0354040134726212
"chr15-0094",0.179435282537914
"chr15-0095",0.126650631789006
"chr15-0096",0.269214176468127
"chr15-0097",0.321624429136166
"chr15-0098",0.149551879999473
"chr15-0099",0.137550871348724
"chr15-0100",0.180655486825638
"chr15-0101",0.0964136709735459
"chr15-0102",0.213824742349472
"chr15-0103",0.105932116022848
"chr15-0104",0.226520564201396
"chr15-0105",0.285907856370423
"chr15-0106",0.16478013637386
"chr15-0107",0.207916717113388
"chr15-0108",0.324986481764245
"chr15-0109",0.198570261710741
"chr15-0110",0.157305854215265
"chr15-0111",0.335716535354202
"chr15-0112",0.198557996834705
"chr15-0113",0.188071911095574
"chr15-0114",0.0595344528874658
"chr15-0115",0.0882307967213751
"chr15-0116",-0.00198617107223472
"chr15-0117",0.00169814685792433
"chr15-0118",0.00181626171181425
"chr15-0119",-0.0502685055395577
"chr15-0120",-0.0473777812620762
"chr15-0121",-0.188601457440393
"chr15-0122",-0.0442087556769488
"chr15-0123",-0.108134648670709
"chr15-0124",-0.0523916283246139
"chr15-0125",0.134882647843101
"chr15-0126",0.0180513779689701
"chr15-0127",-0.0843394044106096
"chr15-0128",-0.0744078775535103
"chr15-0129",-0.123704521529596
"chr15-0130",-0.145510616953627
"chr15-0131",0.0581926425527836
"chr15-0132",-0.014999040518701
"chr15-0133",0.016529573359051
"chr15-0134",-0.00100510419643405
"chr15-0135",0.0153109557750029
"chr15-0136",0.0490622033140767
"chr15-0137",-0.0132031221541635
"chr15-0138",0.20792770835397
"chr15-0139",0.00483579014431817
"chr15-0140",-0.128974993533057
"chr15-0141",0.0332251332558686
"chr15-0142",-0.023253929075025
"chr15-0143",0.0468324180900224
"chr15-0144",-0.00877958154060654
"chr15-0145",-0.00170069133787433
"chr15-0146",0.0972976187100817
"chr15-0147",0.0495894375993036
"chr15-0148",0.0534884526454889
"chr15-0149",-0.120083511646744
"chr15-0150",-0.0609569148917196
"chr15-0151",0.140238297512648
"chr15-0152",-0.0671151008233511
"chr15-0153",0.0414960514611065
"chr15-0154",-0.0702681727006958
"chr15-0155",-0.0446553286624942
"chr15-0156",0.017473084700717
"chr15-0157",0.0977501546517456
"chr15-0158",0.0229152937600941
"chr15-0159",-0.117870224708721
"chr15-0160",-0.0193856390618132
"chr15-0161",-0.0779141087166725
"chr15-0162",-0.0129248711084657
"chr15-0163",0.000394362948239163
"chr15-0164",0.0592798806473163
"chr15-0165",-0.0506068758035816
"chr15-0166",0.0439413114120061
"chr15-0167",0.116231281649351
"chr15-0168",0.179702561290095
"chr15-0169",0.265159316926759
"chr15-0170",0.18978477747543
"chr15-0171",0.0749088636446435
"chr15-0172",0.101193087484711
"chr15-0173",0.157505744562531
"chr15-0174",0.218812327802371
"chr15-0175",0.293550393333519
"chr15-0176",0.0454147380163492
"chr15-0177",0.210611846375402
"chr15-0178",0.351494719661418
"chr15-0179",0.144553134040841
"chr15-0180",0.319278914913061
"chr15-0181",-0.00570241323502878
"chr15-0182",0.0576788118650945
"chr15-0183",0.0316350567361184
"chr15-0184",0.0547772786632168
"chr15-0185",0.216916987035053
"chr15-0186",0.255445320373358
"chr15-0187",0.199270132586437
"chr15-0188",0.269584909070755
"chr15-0189",0.0813147128035806
"chr15-0190",0.00322318028516143
"chr15-0191",0.0171142836113186
"chr15-0192",0.087240280434226
"chr15-0193",-0.139338813974493
"chr15-0194",0.031126433646386
"chr15-0195",0.0116312839722982
"chr15-0196",0.1919230761268
"chr15-0197",0.215851391225231
"chr15-0198",0.178448131459055
"chr15-0199",0.0819494759704209
"chr15-0200",0.197269000539886
"chr15-0201",0.108813647586884
"chr15-0202",0.0194331866265273
"chr15-0203",0.0186656007554894
"chr15-0204",-0.150155567232312
"chr15-0205",0.0302019005027263
"chr15-0206",0.0361713391425375
"chr15-0207",0.107991092894247
"chr15-0208",0.288336692102385
"chr15-0209",0.144022649985742
"chr15-0210",0.00535323378302154
"chr15-0211",0.332610764763924
"chr15-0212",0.0395488576707702
"chr15-0213",0.029587002862793
"chr15-0214",0.295790965381138
"chr15-0215",0.114452879226392
"chr15-0216",0.224006327258683
"chr15-0217",0.210220105275119
"chr15-0218",-0.0303486532259377
"chr15-0219",0.165147086225118
"chr15-0220",-0.0676220842145842
"chr15-0221",-0.0971630222468361
"chr15-0222",0.0390338550344647
"chr15-0223",0.114684129709832
"chr15-0224",0.133660200544484
"chr15-0225",0.282951416801823
"chr15-0226",0.303610089795933
"chr15-0227",0.0670371126964345
"chr15-0228",0.0452089887059031
"chr15-0229",0.162779331497656
"chr15-0230",0.100322105969328
"chr15-0231",0.0558621680518345
"chr15-0232",0.250293920353868
"chr15-0233",0.210398410130573
"chr15-0234",0.000161687290939855
"chr15-0235",0.122080426225272
"chr15-0236",0.0164326873419297
"chr15-0237",0.267170520070109
"chr15-0238",0.111851496791929
"chr15-0239",0.0600189371440034
"chr15-0240",0.160423211376087
"chr15-0241",0.164155947287151
"chr15-0242",0.129936509138159
"chr15-0243",0.134982110357909
"chr15-0244",-0.0132866558478633
"chr15-0245",0.150184427473775
"chr15-0246",0.0755448207661044
"chr15-0247",0.0940172062232399
"chr15-0248",0.215442214979607
"chr15-0249",0.104620185134044
"chr15-0250",0.0404558621533252
"chr15-0251",-0.0461860544808723
"chr15-0252",0.0653174752083715
"chr15-0253",0.00198405298341087
"chr15-0254",0.0375725744371876
"chr15-0255",0.189662876962507
"chr15-0256",0.101659131850726
"chr15-0257",0.0458018070153431
"chr15-0258",0.209020782914471
"chr15-0259",0.226041465494893
"chr15-0260",0.2418639630485
"chr15-0261",0.156475809385571
"chr15-0262",0.144907448701923
"chr15-0263",0.0606271380727567
"chr15-0264",0.0447252175897221
"chr15-0265",0.176027265133704
"chr15-0266",0.00939091347312761
"chr15-0267",-0.0249292078411717
"chr15-0268",0.218044597263286
"chr15-0269",0.0436782060060363
"chr15-0270",-0.0428026453309991
"chr15-0271",0.121923939409454
"chr15-0272",0.245477634578377
"chr15-0273",0.0916153748732791
"chr15-0274",0.135626748037547
"chr15-0275",0.0121987861744058
"chr15-0276",0.224502193382769
"chr15-0277",0.0258244796600259
"chr15-0278",0.0183126074421231
"chr15-0279",0.174774226542801
"chr15-0280",0.100088069917736
"chr15-0281",-0.0238131404042101
"chr15-0282",0.0210403337850199
"chr15-0283",-0.0848867215098191
"chr15-0284",0.0492555130114404
"chr15-0285",-0.0993526688795015
"chr15-0286",-0.000912104285896916
"chr15-0287",0.0130029032321041
"chr15-0288",-0.0756613633301403
"chr15-0289",-0.144806852108816
"chr15-0290",0.0195664483067151
"chr15-0291",-0.0109520763877984
"chr15-0292",-0.0120904968168814
"chr15-0293",-0.0845224688150637
"chr15-0294",-0.0719426571665296
"chr15-0295",-0.0898194163156598
"chr15-0296",-0.0676851598656837
"chr15-0297",-0.0491042528745867
"chr15-0298",-0.00426925457216268
"chr15-0299",-0.0233668339539535
"chr15-0300",-0.00424357598226574
"chr15-0301",0.034425383964641
"chr15-0302",0.0402170297163119
"chr15-0303",-0.142778640204801
"chr15-0304",-0.0765620924658879
"chr15-0305",-0.00442457614283507
"chr15-0306",-0.0265962749857271
"chr15-0307",0.0257390496869618
"chr15-0308",0.0498728042257366
"chr15-0309",0.0724673911966861
"chr15-0310",0.104763237028177
"chr15-0311",0.075873665205069
"chr15-0312",0.0490688860918979
"chr15-0313",0.0672771197489116
"chr15-0314",0.0184031998049336
"chr15-0315",0.218328061520226
"chr15-0316",9.07898558200767e-05
"chr15-0317",0.0734221141208639
"chr15-0318",0.145456158219767
"chr15-0319",0.0485024967753785
"chr15-0320",0.101477745545663
"chr15-0321",0.140702277576005
"chr15-0322",-0.00770722938650779
"chr15-0323",0.0646751505924288
"chr15-0324",0.0970627879466765
"chr15-0325",0.065941464277677
"chr15-0326",0.0647206209604075
"chr15-0327",0.0576011603485357
"chr15-0328",0.140732454516746
"chr15-0329",0.0635632181447943
"chr15-0330",0.0672576467584739
"chr15-0331",0.0578749639079714
"chr15-0332",0.135104576647328
"chr15-0333",0.13824012032922
"chr15-0334",0.227157297231956
"chr15-0335",0.0911055262209806
"chr15-0336",0.0936240116972139
"chr15-0337",0.0775254248713771
"chr15-0338",0.0645504630151386
"chr15-0339",0.00421516793634708
"chr15-0340",0.144397765065391
"chr15-0341",0.063867129682609
"chr15-0342",0.123160740350615
"chr15-0343",0.180427255893764
"chr15-0344",0.133548906634339
"chr15-0345",0.0721125725397302
"chr15-0346",0.180548426528762
"chr15-0347",0.0660168193321969
"chr15-0348",0.180940922304859
"chr15-0349",0.227400979567939
"chr15-0350",0.109108080329019
"chr15-0351",0.138940244259278
"chr15-0352",0.0579230484257029
"chr15-0353",0.05338673690293
"chr15-0354",0.123285471258514
"chr15-0355",0.029020447139243
"chr15-0356",-0.0169960163353501
"chr15-0357",-0.00613871722983958
"chr15-0358",-0.119547385371878
"chr15-0359",0.0249624608097274
"chr15-0360",0.157155510657865
"chr15-0361",-0.0905347975763152
"chr15-0362",0.14630760855513
"chr15-0363",0.012497838094534
"chr15-0364",-0.0162372233506952
"chr15-0365",0.116883495142616
"chr15-0366",-0.00217676838321223
"chr15-0367",0.105112299113232
"chr15-0368",-0.118600420043487
"chr15-0369",-0.00454112637109866
"chr15-0370",-0.0339497727898149
"chr15-0371",-0.0478938930850356
"chr15-0372",-0.0719327165765592
"chr15-0373",0.0193182368446887
"chr15-0374",-0.0782508011287629
"chr15-0375",-0.0805207725961648
"chr15-0376",-0.154964533445563
"chr15-0377",0.0526825211182568
"chr15-0378",-0.0509956229474266
"chr15-0379",-0.0174614454386698
"chr15-0380",-0.0902169773429899
"chr15-0381",-0.113140576872
"chr15-0382",-0.0186936922678878
"chr15-0383",-0.0591516473325421
"chr15-0384",-0.0567751507000391
"chr15-0385",0.0760220702367896
"chr15-0386",-0.166215250425687
"chr15-0387",0.00463054801165465
"chr15-0388",-0.0688998662259377
"chr15-0389",-0.0119949707183112
"chr15-0390",0.0754312647113994
"chr15-0391",-0.0255087201431624
"chr15-0392",0.0686569405151251
"chr15-0393",0.0602661686243464
"chr15-0394",0.0810764775704956
"chr15-0395",0.12367385623024
"chr15-0396",0.156325838138684
"chr15-0397",0.0132672682134552
"chr15-0398",-0.0615651404643211
"chr15-0399",-0.0469615066487339
"chr15-0400",-0.0970634078992151
"chr15-0401",-0.0402797019823051
"chr15-0402",0.0959123666471421
"chr15-0403",0.0388168767566114
"chr15-0404",0.0153658595007647
"chr15-0405",-0.0861806799399775
"chr15-0406",-0.012696961412053
"chr15-0407",-0.0855850791284705
"chr15-0408",-0.0739665552676251
"chr15-0409",-0.0773841750491753
"chr15-0410",-0.0699994156654147
"chr15-0411",-0.0412258864498374
"chr15-0412",-0.0980900632186869
"chr15-0413",0.0498926146871118
"chr15-0414",0.0108384925374862
"chr15-0415",0.116532788315776
"chr15-0416",0.063158491361403
"chr15-0417",0.214134545641407
"chr15-0418",0.0969698882549497
"chr15-0419",0.0298212994293984
"chr15-0420",-0.039541440307127
"chr15-0421",0.201494308497885
"chr15-0422",0.0373169177596634
"chr15-0423",-0.0527029411149236
"chr15-0424",0.127774596881587
"chr15-0425",0.0148730505853321
"chr15-0426",0.0632104649960477
"chr15-0427",0.0518801889141268
"chr15-0428",0.019967840046933
"chr15-0429",0.0896488623734944
"chr15-0430",0.117740653669289
"chr15-0431",0.0243876843177953
"chr15-0432",0.17139186103633
"chr15-0433",0.149930570802547
"chr15-0434",0.217023530618475
"chr15-0435",0.136316872247967
"chr15-0436",0.0752256978194218
"chr15-0437",0.0646949468769071
"chr15-0438",-0.0167207166646043
"chr15-0439",-0.00476758002013917
"chr15-0440",-0.0521739776460076
"chr15-0441",-0.0245107191313937
"chr15-0442",0.000250712429212701
"chr15-0443",-0.0784719793095642
"chr15-0444",-0.0764309838021226
"chr15-0445",0.0650696541055257
"chr15-0446",0.143954810033662
"chr15-0447",-0.120592641477162
"chr15-0448",0.0989411464779393
"chr15-0449",0.135913519462578
"chr15-0450",-0.00237810672072636
"chr15-0451",-0.0686215835988077
"chr15-0452",-0.0429123967834811
"chr15-0453",-0.0543267728994224
"chr15-0454",0.0331953191908801
"chr15-0455",-0.0073753940035603
"chr15-0456",0.089501176794261
"chr15-0457",-0.0247413443340657
"chr15-0458",0.098311974112721
"chr15-0459",0.238488495657902
"chr15-0460",0.260623729530866
"chr15-0461",0.223422127751495
"chr15-0462",0.0607392658398381
"chr15-0463",0.0405107389906985
"chr15-0464",0.197858359506385
"chr15-0465",0.159001143798595
"chr15-0466",0.291088040955791
"chr15-0467",0.196855992402033
"chr15-0468",0.0821482890102901
"chr15-0469",0.100837462558967
"chr15-0470",-0.0231822054951513
"chr15-0471",-0.0358576430759175
"chr15-0472",-0.000974819711348359
"chr15-0473",-0.00371928868447
"chr15-0474",0.0741004495974288
"chr15-0475",-0.0203181289915238
"chr15-0476",0.00250232729467188
"chr15-0477",-0.0450868644411645
"chr15-0478",0.0976386667234419
"chr15-0479",-0.0223503920848788
"chr15-0480",-0.0430375269062249
"chr15-0481",-0.0749124824393095
"chr15-0482",-0.0722768537284018
"chr15-0483",-0.017278327632962
"chr15-0484",-0.0634473690069033
"chr15-0485",-0.0423544639025097
"chr15-0486",-0.0164705868354585
"chr15-0487",0.0570182471087531
"chr15-0488",-0.0509751291045552
"chr15-0489",-0.126752497694974
"chr15-0490",-0.0861739802405547
"chr15-0491",0.0375540712475274
"chr15-0492",0.102557758660887
"chr15-0493",-0.104388632657166
"chr15-0494",-0.000623759312909933
"chr15-0495",0.0716120725040188
"chr15-0496",-0.0102952842884322
"chr15-0497",-0.117120414680117
"chr15-0498",0.178632572526249
"chr15-0499",0.203939367585076
"chr15-0500",0.104133150022409
"chr15-0501",0.212578634233446
"chr15-0502",0.120292076292239
"chr15-0503",0.128202687048114
"chr15-0504",0.138995867712982
"chr15-0505",0.0745673550466285
"chr15-0506",-0.00423150506324659
"chr15-0507",0.0426935928451725
"chr15-0508",0.111819245372964
"chr15-0509",0.0175752274579089
"chr15-0510",0.108003234558756
"chr15-0511",0.137641763624866
"chr15-0512",0.10091989236234
"chr15-0513",0.0123903296524933
"chr15-0514",-0.0156092653845467
"chr15-0515",0.111352964351604
"chr15-0516",0.0346035474732754
"chr15-0517",-0.00400805051585058
"chr15-0518",0.0409335898134702
"chr15-0519",0.134581813254224
"chr15-0520",0.174562397872878
"chr15-0521",0.232977855840999
"chr15-0522",0.187805315371288
"chr15-0523",0.0394795267910309
"chr15-0524",0.17638349648487
"chr15-0525",0.213507193634317
"chr15-0526",0.240287729978924
"chr15-0527",0.308925961204294
"chr15-0528",0.290696914482257
"chr15-0529",0.173714537287018
"chr15-0530",0.226776427495673
"chr15-0531",0.140234575757647
"chr15-0532",0.138616685062026
"chr15-0533",0.0411092852135725
"chr15-0534",0.307627654270384
"chr15-0535",0.154823000966674
"chr15-0536",0.0450497435878911
"chr15-0537",0.0738389263324859
"chr15-0538",0.172366011707566
"chr15-0539",0.0910158781824114
"chr15-0540",0.0546000659707321
"chr15-0541",-0.124856220894701
"chr15-0542",-0.0048289832327151
"chr15-0543",-0.00486507540118926
"chr15-0544",0.162407607364792
"chr15-0545",0.138324297074242
"chr15-0546",0.0950199157454544
"chr15-0547",-0.125272514573002
"chr15-0548",0.130579604327619
"chr15-0549",0.267231177174708
"chr15-0550",0.259962712897661
"chr15-0551",0.0890678980637115
"chr15-0552",0.107515755139424
"chr15-0553",0.0161615305369849
"chr15-0554",-0.0850641295286762
"chr15-0555",0.0214091416084614
"chr15-0556",0.0926654819787691
"chr15-0557",0.0173255080662175
"chr15-0558",0.111834770230826
"chr15-0559",0.182285236012838
"chr15-0560",0.121280512205377
"chr15-0561",0.0303506881590672
"chr15-0562",0.124825252627224
"chr15-0563",0.0677029058591612
"chr15-0564",0.113714820492263
"chr15-0565",0.0324415288992516
"chr15-0566",0.0464047216003732
"chr15-0567",0.069581541934255
"chr15-0568",0.0607259480971431
"chr15-0569",0.0834891895145949
"chr15-0570",0.0789314481677678
"chr16-0001",-0.0288093316355896
"chr16-0002",-0.0402266777844761
"chr16-0003",-0.0746067225586952
"chr16-0004",0.00916303200484783
"chr16-0005",-0.042956754331724
"chr16-0006",-0.00443236376388979
"chr16-0007",0.0154381988386968
"chr16-0008",-0.0403192224531536
"chr16-0009",-0.0543077423037419
"chr16-0010",0.0324680141094953
"chr16-0011",-0.0110950342167172
"chr16-0012",-0.0417060069425964
"chr16-0013",-0.0872956723885455
"chr16-0014",-0.0402236954026729
"chr16-0015",-0.0594151879516226
"chr16-0016",0.0051595750327098
"chr16-0017",0.0577939479949788
"chr16-0018",0.00677870035175533
"chr16-0019",-0.0559630501017838
"chr16-0020",-0.0468777890370664
"chr16-0021",-0.0250916717936942
"chr16-0022",-0.0565802104096668
"chr16-0023",-0.0420692763385596
"chr16-0024",-0.00367246734262519
"chr16-0025",-0.036293656498553
"chr16-0026",-0.0260842711799217
"chr16-0027",0.00729451774244402
"chr16-0028",-0.056514779479944
"chr16-0029",-0.110058585759033
"chr16-0030",-0.100564268672426
"chr16-0031",-0.138871309459956
"chr16-0032",-0.0971699372949177
"chr16-0033",-0.114673034829363
"chr16-0034",0.00329925403621702
"chr16-0035",-0.00354470405619977
"chr16-0036",-0.0969678648288689
"chr16-0037",-0.0195978950671185
"chr16-0038",0.0210796102904765
"chr16-0039",0.130041476393921
"chr16-0040",0.00735292003156022
"chr16-0041",0.0553101551564052
"chr16-0042",-0.0549321052843432
"chr16-0043",-0.0829968158859065
"chr16-0044",-0.00360951666781387
"chr16-0045",-0.116428390656127
"chr16-0046",-0.0136122101986452
"chr16-0047",-0.0464964583570007
"chr16-0048",-0.130475344109859
"chr16-0049",0.132417124722024
"chr16-0050",-0.0907405987062808
"chr16-0051",-0.0585169315021006
"chr16-0052",-0.0481989115377352
"chr16-0053",0.116608678047424
"chr16-0054",0.0618760065328469
"chr16-0055",0.0124777834715445
"chr16-0056",0.158548977456944
"chr16-0057",0.19839741925492
"chr16-0058",0.0256216957960971
"chr16-0059",0.208310005285349
"chr16-0060",-0.0529549778031234
"chr16-0061",-0.038610989988413
"chr16-0062",-0.118712052394621
"chr16-0063",0.0873238087597355
"chr16-0064",-0.0930438220531647
"chr16-0065",-0.0472680300050379
"chr16-0066",0.0287330577795116
"chr16-0067",0.115942351030559
"chr16-0068",0.126435828344217
"chr16-0069",0.0975361309228205
"chr16-0070",-0.121541864846771
"chr16-0071",-0.0681918208624216
"chr16-0072",-0.192251310154695
"chr16-0073",-0.0544508516012738
"chr16-0074",-0.114148038247698
"chr16-0075",-0.0612176480076706
"chr16-0076",-0.0462205157771026
"chr16-0077",0.0419126025433865
"chr16-0078",0.0759842540249476
"chr16-0079",0.00420593968562318
"chr16-0080",-0.0412744988181157
"chr16-0081",-0.0997909879184044
"chr16-0082",-0.0329216201758101
"chr16-0083",-0.00612462818832176
"chr16-0084",-0.0237954154733434
"chr16-0085",0.00788194730259491
"chr16-0086",-0.203893621924815
"chr16-0087",-0.0080755239813383
"chr16-0088",-0.0050793082578134
"chr16-0089",0.054584795815666
"chr16-0090",0.105796514381096
"chr16-0091",0.00273641184541108
"chr16-0092",-0.0633416053518315
"chr16-0093",-0.031420392403637
"chr16-0094",-0.0358452135850438
"chr16-0095",-0.0327523575866985
"chr16-0096",-0.0356040365622342
"chr16-0097",-0.0182175270230818
"chr16-0098",0.241083225454639
"chr16-0099",0.115659347663183
"chr16-0100",0.189789672508354
"chr16-0101",0.0515283212455942
"chr16-0102",0.318272417141868
"chr16-0103",0.125450550103903
"chr16-0104",-0.0168843096295002
"chr16-0105",0.066677899570914
"chr16-0106",0.160523403537824
"chr16-0107",-0.168320375920355
"chr16-0108",0.102029026896084
"chr16-0109",0.0301502472290773
"chr16-0110",-0.0541977048584199
"chr16-0111",-0.0289331788673626
"chr16-0112",-0.161099385079189
"chr16-0113",-0.0382171306654366
"chr16-0114",-0.00878111071691105
"chr16-0115",0.0658304129732328
"chr16-0116",-0.0913830060755796
"chr16-0117",-0.168187608906465
"chr16-0118",-0.072946269591047
"chr16-0119",-0.0296284801849938
"chr16-0120",0.040844438375183
"chr16-0121",0.185488234874953
"chr16-0122",0.0991607487374947
"chr16-0123",0.101243337331933
"chr16-0124",0.131511055219171
"chr16-0125",0.0253047739481948
"chr16-0126",-0.138649215022194
"chr16-0127",-0.0129536193441337
"chr16-0128",0.0111525768758973
"chr16-0129",0.0648614033715886
"chr16-0130",-0.0334332402433318
"chr16-0131",-0.173830665047999
"chr16-0132",-0.149794727659086
"chr16-0133",-0.0548229650253136
"chr16-0134",0.0937606928674828
"chr16-0135",0.0655370896164325
"chr16-0136",-0.0964891609914171
"chr16-0137",0.0170189414547281
"chr16-0138",-0.0283088799733966
"chr16-0139",0.0101229880050722
"chr16-0140",-0.0665517739030436
"chr16-0141",-0.0150510774163215
"chr16-0142",0.0272045726963392
"chr16-0143",-0.0567212599868304
"chr16-0144",0.120205444181798
"chr16-0145",0.0174189851692201
"chr16-0146",-0.0156812388453927
"chr16-0147",-0.131022772098993
"chr16-0148",0.0483759585369782
"chr16-0149",0.0242786800543476
"chr16-0150",0.0463580397614738
"chr16-0151",-0.0266775087927692
"chr16-0152",-0.102172370341134
"chr16-0153",0.000883237532671359
"chr16-0154",0.0467363509854517
"chr16-0155",-0.0630616387654609
"chr16-0156",-0.0227167308112336
"chr16-0157",0.0124865450195274
"chr16-0158",0.0832701075055809
"chr16-0159",0.0101242381393345
"chr16-0160",0.00788239370475267
"chr16-0161",0.17630330785574
"chr16-0162",-0.0799379936049455
"chr16-0163",-0.0883683884526806
"chr16-0164",-0.0907069071070438
"chr16-0165",-0.123573489072597
"chr16-0166",-0.113105535275164
"chr16-0167",-0.0974317863409566
"chr16-0168",-0.214834741658654
"chr16-0169",0.0340361809608627
"chr16-0170",-0.0286837553312563
"chr16-0171",-0.032992557521018
"chr16-0172",-0.108738427516317
"chr16-0173",-0.030373592797158
"chr16-0174",-0.0981598179348174
"chr16-0175",0.101600476648721
"chr16-0176",-0.0201108212861754
"chr16-0177",0.103717434420991
"chr16-0178",-0.0333305557268931
"chr16-0179",-0.141487592731186
"chr16-0180",-0.172339888333781
"chr16-0181",0.0591891743576838
"chr16-0182",0.165501201447982
"chr16-0183",-0.0482445228966318
"chr16-0184",-0.00735509953540857
"chr16-0185",-0.150158390587971
"chr16-0186",0.0047699501157135
"chr16-0187",-0.0264516216701356
"chr16-0188",0.0398805533435224
"chr16-0189",-0.0253585875241712
"chr16-0190",-0.0334966349352065
"chr16-0191",0.0797095977687951
"chr16-0192",-0.0746845754182053
"chr16-0193",-0.102038499201192
"chr16-0194",-0.0847292871154428
"chr16-0195",0.176508758938546
"chr16-0196",-0.173177765707775
"chr16-0197",-0.0544866875876454
"chr16-0198",-0.0957122170852262
"chr16-0199",-0.121784487203612
"chr16-0200",-0.184945268397539
"chr16-0201",-0.117835963084743
"chr16-0202",-0.0995470326196846
"chr16-0203",0.0933970294544901
"chr16-0204",0.0544473168532242
"chr16-0205",0.0324940965396092
"chr16-0206",0.0631978235988122
"chr16-0207",-0.0234286665930221
"chr16-0208",-0.112151244240912
"chr16-0209",-0.00782347009121023
"chr16-0210",-0.0809297587479366
"chr16-0211",-0.116437457378044
"chr16-0212",-0.0419346289969141
"chr16-0213",-0.0730960429575257
"chr16-0214",-0.122290824233187
"chr16-0215",-0.108753046295127
"chr16-0216",-0.0491152967028469
"chr16-0217",-0.0203136573354369
"chr16-0218",-0.103062391439374
"chr16-0219",-0.0723279869503479
"chr16-0220",-0.078060124010102
"chr16-0221",-0.105001486094559
"chr16-0222",-0.181182047315689
"chr16-0223",-0.126822556237939
"chr16-0224",-0.0101439775552337
"chr16-0225",-0.00221111404790314
"chr16-0226",-0.0371838626327576
"chr16-0227",0.0262598725404318
"chr16-0228",0.0571519761884109
"chr16-0229",-0.0340322801576887
"chr16-0230",0.123788833732087
"chr16-0231",0.106116691335786
"chr16-0232",-0.0757518997225634
"chr16-0233",0.07060675421469
"chr16-0234",-0.0537282302013049
"chr16-0235",-0.0346501312517603
"chr16-0236",-0.0217123304627218
"chr16-0237",0.0133602812903254
"chr16-0238",-0.0618255291203717
"chr16-0239",0.0347701419592392
"chr16-0240",0.13199462940347
"chr16-0241",0.0329599312189026
"chr16-0242",0.0227421759313481
"chr16-0243",-0.0678282756737379
"chr16-0244",-0.0533305671974045
"chr16-0245",-0.021924336819923
"chr16-0246",-0.0668137755409977
"chr16-0247",0.155567974693206
"chr16-0248",-0.0891446736240013
"chr16-0249",0.0784838530838161
"chr16-0250",0.0758535717711626
"chr16-0251",0.0454925203009232
"chr16-0252",-0.298954324431718
"chr16-0253",-0.338954121517747
"chr16-0254",-0.340014713491275
"chr16-0255",-0.276068137471938
"chr16-0256",-0.262240405632213
"chr16-0257",-0.392873482061054
"chr16-0258",-0.34374834596714
"chr16-0259",-0.257662383750857
"chr16-0260",-0.308081582539201
"chr16-0261",-0.17587896144251
"chr16-0262",-0.331926174667951
"chr16-0263",-0.328406006798027
"chr16-0264",-0.281069478164602
"chr16-0265",-0.326147673131468
"chr16-0266",-0.346119818787649
"chr16-0267",-0.495112272190522
"chr16-0268",-0.253831460325682
"chr16-0269",-0.183147504779702
"chr16-0270",-0.425390928936211
"chr16-0271",-0.241857868962607
"chr16-0272",-0.213527819467479
"chr16-0273",-0.201724158171034
"chr16-0274",-0.340106436335963
"chr16-0275",-0.28225359574063
"chr16-0276",-0.171817641321707
"chr16-0277",-0.218498667024456
"chr16-0278",-0.254193777836005
"chr16-0279",-0.105035387152267
"chr16-0280",-0.0748458380231075
"chr16-0281",-0.193044681278504
"chr16-0282",-0.32059499884196
"chr16-0283",-0.336689594755501
"chr16-0284",-0.366615325720235
"chr16-0285",-0.172917415659236
"chr16-0286",-0.204294709882336
"chr16-0287",-0.464951298046657
"chr16-0288",-0.277901746262493
"chr16-0289",-0.471940136759553
"chr16-0290",-0.204779116728664
"chr16-0291",-0.163828869939623
"chr16-0292",-0.277638621695147
"chr16-0293",-0.279133741270416
"chr16-0294",-0.503558198826341
"chr16-0295",-0.230502464861992
"chr16-0296",-0.409464697732842
"chr16-0297",-0.262797341879702
"chr16-0298",-0.134973803783918
"chr16-0299",-0.00503792575740287
"chr16-0300",0.0944752434072307
"chr16-0301",0.136850258520246
"chr16-0302",0.0145108210610005
"chr16-0303",-0.00972615935996027
"chr16-0304",-0.0274141494065282
"chr16-0305",-0.378605472524473
"chr16-0306",-0.202900957578699
"chr16-0307",-0.236363651984058
"chr16-0308",-0.279868933689367
"chr16-0309",-0.247111122391829
"chr16-0310",-0.359427861962556
"chr16-0311",-0.282484892704985
"chr16-0312",0.0690308612731809
"chr16-0313",-0.0504533380428764
"chr16-0314",-0.0602618664024624
"chr16-0315",0.00469377322576422
"chr16-0316",0.0191209085180635
"chr16-0317",-0.0495764490108501
"chr16-0318",-0.059700767489295
"chr16-0319",-0.0408621815295481
"chr16-0320",-0.0672157780978372
"chr16-0321",0.0350956031838294
"chr16-0322",-0.0275328540487471
"chr16-0323",-0.033119667643116
"chr16-0324",-0.123904980282474
"chr16-0325",-0.333570422618036
"chr16-0326",-0.266083190709946
"chr16-0327",-0.433729056274433
"chr16-0328",-0.383765179000432
"chr16-0329",-0.396394432838774
"chr16-0330",-0.316971334484938
"chr16-0331",-0.505273928682061
"chr16-0332",-0.296336092900562
"chr16-0333",-0.134125023888875
"chr16-0334",-0.215510244083543
"chr16-0335",-0.176348706138881
"chr16-0336",-0.282362581340865
"chr16-0337",-0.224672459845981
"chr16-0338",-0.187127934244191
"chr16-0339",-0.129434334158789
"chr16-0340",-0.0797230607366559
"chr16-0341",-0.175360790067886
"chr16-0342",-0.274282223178105
"chr16-0343",-0.250316115113773
"chr16-0344",-0.316573647211902
"chr16-0345",-0.210011829507151
"chr16-0346",-0.324548346497138
"chr16-0347",-0.350828001346656
"chr16-0348",-0.23954475145011
"chr16-0349",-0.295699165426405
"chr16-0350",-0.449386400064858
"chr16-0351",-0.395303560568772
"chr16-0352",-0.406162789173546
"chr16-0353",-0.342725080942555
"chr16-0354",-0.324979248464137
"chr16-0355",-0.341900387426276
"chr16-0356",-0.317847643600638
"chr16-0357",-0.283527829618057
"chr16-0358",-0.293261133001287
"chr16-0359",-0.294175877440821
"chr16-0360",-0.334571148345167
"chr16-0361",-0.334984603874453
"chr16-0362",-0.340496192007492
"chr16-0363",-0.344275433697674
"chr16-0364",-0.318237054323196
"chr16-0365",-0.327024385285991
"chr16-0366",-0.395194817359411
"chr16-0367",-0.43627806856318
"chr16-0368",-0.444409968448902
"chr16-0369",-0.581321139527583
"chr16-0370",-0.503485402793848
"chr16-0371",-0.406389285810585
"chr16-0372",-0.41247833428021
"chr16-0373",-0.371743319747165
"chr16-0374",-0.315549298773692
"chr16-0375",-0.401398706764253
"chr16-0376",-0.291466625621208
"chr16-0377",-0.409220765590958
"chr16-0378",-0.273808239751695
"chr16-0379",-0.204550647900574
"chr16-0380",-0.163651701965895
"chr16-0381",-0.261419782772771
"chr16-0382",-0.46778544058179
"chr16-0383",-0.475557070747839
"chr16-0384",-0.32041009471507
"chr16-0385",-0.453131242570395
"chr16-0386",-0.195731496527005
"chr16-0387",-0.23218139249165
"chr16-0388",-0.0818575479129931
"chr16-0389",0.037741741053274
"chr16-0390",-0.394493620152158
"chr16-0391",-0.320408389598582
"chr16-0392",-0.37332872670109
"chr16-0393",-0.432843787777569
"chr16-0394",-0.40937978691375
"chr16-0395",-0.415671064943275
"chr16-0396",-0.417843150732918
"chr16-0397",-0.25294570424395
"chr16-0398",-0.457094836502929
"chr16-0399",-0.27297021939227
"chr16-0400",-0.155150757593161
"chr16-0401",-0.343875772368492
"chr16-0402",-0.287494635486654
"chr16-0403",-0.0048514476127427
"chr16-0404",-0.22165924688762
"chr16-0405",-0.243079790300241
"chr16-0406",-0.136082684337712
"chr16-0407",-0.300620961442223
"chr16-0408",-0.135621897784365
"chr16-0409",-0.231691603521457
"chr16-0410",-0.301273523164499
"chr16-0411",-0.455043403816428
"chr16-0412",-0.478763659762551
"chr16-0413",-0.446108009464199
"chr16-0414",-0.396004414959909
"chr16-0415",-0.50517493154416
"chr16-0416",-0.385108331501128
"chr16-0417",-0.459177039325677
"chr16-0418",-0.247513945880272
"chr16-0419",-0.421808292223248
"chr16-0420",-0.310596163478685
"chr16-0421",-0.386209159179699
"chr16-0422",-0.384291022803078
"chr16-0423",-0.373411857788295
"chr16-0424",-0.396173174301404
"chr16-0425",-0.2308753216019
"chr16-0426",-0.228297931355839
"chr16-0427",-0.245205168348692
"chr16-0428",-0.109139417221054
"chr16-0429",-0.138623681376564
"chr16-0430",-0.383309453244472
"chr16-0431",-0.103510324465691
"chr16-0432",-0.208513386901818
"chr16-0433",-0.385803300652853
"chr16-0434",-0.346924663884463
"chr16-0435",-0.511450152809485
"chr16-0436",-0.258888801960561
"chr16-0437",-0.297288245553034
"chr16-0438",-0.228872816649817
"chr16-0439",-0.128829905361027
"chr16-0440",-0.233782734726811
"chr16-0441",-0.17122743859906
"chr16-0442",-0.100312973712708
"chr16-0443",-0.120291849417443
"chr16-0444",-0.245922754371084
"chr16-0445",-0.216274000265062
"chr16-0446",-0.103182204585805
"chr16-0447",-0.219678461340582
"chr16-0448",-0.110058118527711
"chr16-0449",-0.142417994159816
"chr16-0450",-0.294682296487091
"chr16-0451",-0.376330973916992
"chr16-0452",-0.35696377163024
"chr16-0453",-0.377999055939875
"chr16-0454",-0.632948156541685
"chr16-0455",-0.544349787032043
"chr16-0456",-0.308671035197784
"chr16-0457",-0.230246576986695
"chr16-0458",-0.223749787731879
"chr16-0459",-0.1958052783244
"chr16-0460",-0.362720002151814
"chr16-0461",-0.387601722504978
"chr16-0462",-0.198487256074058
"chr16-0463",-0.248700454842566
"chr16-0464",-0.301906190873375
"chr16-0465",-0.311704028723907
"chr16-0466",-0.23721310866228
"chr16-0467",-0.216812788699863
"chr16-0468",-0.237034686171684
"chr16-0469",-0.266096240288286
"chr16-0470",-0.371777280334365
"chr16-0471",-0.264442483697926
"chr16-0472",-0.351285865792241
"chr16-0473",-0.332731313362523
"chr16-0474",-0.252691312043466
"chr16-0475",-0.305069850168986
"chr16-0476",-0.47509259976253
"chr16-0477",-0.338777673257803
"chr16-0478",-0.356012307405026
"chr16-0479",-0.352612183316352
"chr16-0480",-0.283797790095221
"chr16-0481",-0.225294763281344
"chr16-0482",-0.382655243430707
"chr16-0483",-0.231567619884119
"chr16-0484",-0.295289138191179
"chr16-0485",-0.2291201625952
"chr16-0486",-0.22424177590718
"chr16-0487",-0.30024931559307
"chr16-0488",-0.324631241255464
"chr16-0489",-0.338666507963281
"chr16-0490",-0.224021992786829
"chr16-0491",-0.380804041669409
"chr16-0492",-0.345614111216434
"chr16-0493",-0.260427287918222
"chr16-0494",-0.251295299914682
"chr16-0495",-0.25324271003051
"chr16-0496",-0.215809664285956
"chr16-0497",-0.176976896440442
"chr16-0498",-0.211320562090555
"chr16-0499",-0.214318595166649
"chr16-0500",-0.210989075022824
"chr16-0501",-0.248941466014054
"chr16-0502",-0.284186865109339
"chr16-0503",-0.298817814187015
"chr16-0504",-0.205834205405716
"chr16-0505",-0.355827721838803
"chr16-0506",-0.281978823907004
"chr16-0507",-0.270524010295446
"chr16-0508",-0.161940419793095
"chr16-0509",-0.372441130858296
"chr16-0510",-0.34803633656618
"chr16-0511",-0.283100194922505
"chr16-0512",-0.283495426220638
"chr16-0513",-0.22404470193454
"chr16-0514",-0.166911501492358
"chr16-0515",-0.203657052300187
"chr16-0516",-0.151347820841589
"chr16-0517",-0.198971508134358
"chr16-0518",-0.192755339082236
"chr16-0519",-0.341544632835215
"chr16-0520",-0.31871989847922
"chr16-0521",-0.190437633473738
"chr16-0522",-0.233178617554262
"chr16-0523",-0.239910473694991
"chr16-0524",-0.287223823373723
"chr16-0525",-0.195937209153724
"chr16-0526",-0.244090300041713
"chr16-0527",-0.172124326018461
"chr16-0528",-0.320496528918839
"chr16-0529",-0.290993929778283
"chr16-0530",-0.304485896709589
"chr16-0531",-0.283733510252775
"chr16-0532",-0.278331116526378
"chr16-0533",-0.296698762455244
"chr16-0534",-0.318181824695614
"chr17-0001",-0.0556755278585856
"chr17-0002",0.048490927669981
"chr17-0003",0.0215042090487472
"chr17-0004",0.0226188961629312
"chr17-0005",0.0892025190327774
"chr17-0006",0.0821237787609832
"chr17-0007",0.00153715301922394
"chr17-0008",0.0180159412108974
"chr17-0009",-0.0379259647142685
"chr17-0010",0.0401940270622193
"chr17-0011",-0.0649861922305914
"chr17-0012",-0.0462129532169448
"chr17-0013",-0.195169628168305
"chr17-0014",0.00426675672626283
"chr17-0015",-0.0465874561152394
"chr17-0016",-0.0214492174264163
"chr17-0017",-0.0432632212435636
"chr17-0018",0.0192030075262314
"chr17-0019",-0.015431476316825
"chr17-0020",-0.0011018000315902
"chr17-0021",0.199951726581097
"chr17-0022",0.127513820252343
"chr17-0023",0.0589518974755327
"chr17-0024",-0.00929616234176661
"chr17-0025",-0.0695385473946211
"chr17-0026",0.011594084781859
"chr17-0027",-0.141233829043117
"chr17-0028",-0.0957833601796263
"chr17-0029",0.044549304419333
"chr17-0030",-0.0306133860752989
"chr17-0031",0.0259231386644518
"chr17-0032",-0.0455778897168683
"chr17-0033",0.0485603293326928
"chr17-0034",-0.0780853601345993
"chr17-0035",-0.0834358238287951
"chr17-0036",-0.0662141684075734
"chr17-0037",-0.000205597608468237
"chr17-0038",-0.0117582448285234
"chr17-0039",0.11632669367713
"chr17-0040",0.0666402152877774
"chr17-0041",-0.000181910669882043
"chr17-0042",-0.0767073916996251
"chr17-0043",-0.100254493892813
"chr17-0044",-0.0570136459026318
"chr17-0045",-0.11938468745545
"chr17-0046",-0.134496414609991
"chr17-0047",0.0229863031752054
"chr17-0048",-0.0260687801840029
"chr17-0049",-0.142730511530874
"chr17-0050",-0.037028955340192
"chr17-0051",-0.0544030056444055
"chr17-0052",0.0903943233348684
"chr17-0053",-0.0162661478879812
"chr17-0054",0.0278354833924088
"chr17-0055",-0.0401023076912936
"chr17-0056",-0.107971253567502
"chr17-0057",-0.0864716085698029
"chr17-0058",-0.194665596025428
"chr17-0059",-0.0347593313155167
"chr17-0060",-0.0263237665915553
"chr17-0061",-0.0252374234223213
"chr17-0062",-0.0164658676255945
"chr17-0063",0.0499933503255478
"chr17-0064",0.0770953181658706
"chr17-0065",-0.0692334148863148
"chr17-0066",-0.074066085791205
"chr17-0067",-0.0396192900339156
"chr17-0068",-0.0915767385154353
"chr17-0069",-0.0658713740248434
"chr17-0070",-0.0182637822330281
"chr17-0071",-0.155165143016462
"chr17-0072",-0.0321029652893517
"chr17-0073",-0.0518378182192444
"chr17-0074",0.0576677123349478
"chr17-0075",-0.11015087684472
"chr17-0076",-0.0623884597492802
"chr17-0077",-0.170831335588173
"chr17-0078",-0.0868502813820622
"chr17-0079",0.0358616833404943
"chr17-0080",0.110658424867237
"chr17-0081",0.0983849015550377
"chr17-0082",-0.0264310592174516
"chr17-0083",-0.00909049941685181
"chr17-0084",0.00824926893071198
"chr17-0085",0.0339609364845697
"chr17-0086",0.0336108464817584
"chr17-0087",0.0556997546400058
"chr17-0088",0.0952903274607389
"chr17-0089",0.100235045968099
"chr17-0090",0.0350108114870451
"chr17-0091",0.0465224599324699
"chr17-0092",0.138098593155579
"chr17-0093",0.00949578706240841
"chr17-0094",0.0492688093346815
"chr17-0095",0.073307693194991
"chr17-0096",0.000876881143662949
"chr17-0097",0.0930590611642201
"chr17-0098",0.345425831209068
"chr17-0099",-0.0279165217367701
"chr17-0100",0.146571828110967
"chr17-0101",0.00761870813602959
"chr17-0102",0.115217327655141
"chr17-0103",0.0609877421483371
"chr17-0104",0.0487048322517009
"chr17-0105",0.112756955812916
"chr17-0106",0.211513710000208
"chr17-0107",0.171073436572527
"chr17-0108",-0.00280161080874987
"chr17-0109",0.10177569891103
"chr17-0110",0.0845343652408256
"chr17-0111",0.00466877715274582
"chr17-0112",0.119952587844095
"chr17-0113",0.147008285610351
"chr17-0114",0.0385517246615665
"chr17-0115",0.167877592333829
"chr17-0116",0.01882523176508
"chr17-0117",0.0824013726486144
"chr17-0118",0.0962741143695304
"chr17-0119",0.132989653527304
"chr17-0120",0.0496168063931947
"chr17-0121",0.0821355168927524
"chr17-0122",0.0560165974331204
"chr17-0123",0.157517285875456
"chr17-0124",0.00831836533970677
"chr17-0125",0.0583739813707032
"chr17-0126",-0.0537515403608481
"chr17-0127",-0.0159447802018151
"chr17-0128",0.015958893130936
"chr17-0129",0.19655083275866
"chr17-0130",-0.111683501102837
"chr17-0131",-0.114960565126869
"chr17-0132",-0.0430396988526699
"chr17-0133",-0.0940027327432577
"chr17-0134",0.0615661908071189
"chr17-0135",-0.0196416278594535
"chr17-0136",-0.054194071764518
"chr17-0137",0.0536159735465905
"chr17-0138",0.0909289747951763
"chr17-0139",0.0640032729375516
"chr17-0140",-0.0451748449589524
"chr17-0141",0.0735495921484997
"chr17-0142",-0.05383407302627
"chr17-0143",0.0217412477934985
"chr17-0144",0.0211074522342577
"chr17-0145",0.0295032412287375
"chr17-0146",-0.0293935411620458
"chr17-0147",-0.00871713405902345
"chr17-0148",-0.102418917520733
"chr17-0149",-0.0406275490626994
"chr17-0150",-0.0426427811952547
"chr17-0151",0.0609749786603096
"chr17-0152",-0.0278642083560019
"chr17-0153",0.0118026157651952
"chr17-0154",-0.0888088512865242
"chr17-0155",-0.0354709678346728
"chr17-0156",-0.0414109621581177
"chr17-0157",0.121937407568691
"chr17-0158",-0.0648799781448898
"chr17-0159",0.0281804845538101
"chr17-0160",-0.0515674823130416
"chr17-0161",0.0496384107637662
"chr17-0162",0.02685485539148
"chr17-0163",-0.0325021766454691
"chr17-0164",-0.0541754066837505
"chr17-0165",0.0990551925491647
"chr17-0166",0.0820954179233966
"chr17-0167",0.118508126634051
"chr17-0168",0.0755709651249447
"chr17-0169",0.082448689680638
"chr17-0170",-0.035669817074898
"chr17-0171",0.0564109095503499
"chr17-0172",0.0308955193435093
"chr17-0173",-0.0824810285927837
"chr17-0174",-0.0633151423249835
"chr17-0175",0.0069619659813005
"chr17-0176",0.0191209981418301
"chr17-0177",0.0286114132775825
"chr17-0178",0.113070050053725
"chr17-0179",-0.0947863828331165
"chr17-0180",-0.0176302917761087
"chr17-0181",0.0967696367539468
"chr17-0182",-0.0099524542175413
"chr17-0183",0.0328548673266158
"chr17-0184",-0.024831244494468
"chr17-0185",-0.155787853116939
"chr17-0186",0.110422299566286
"chr17-0187",0.0500854184998619
"chr17-0188",-0.0640722408127041
"chr17-0189",0.0215350599369939
"chr17-0190",0.0215649805102529
"chr17-0191",0.0551452098700954
"chr17-0192",0.128233052851649
"chr17-0193",-0.000731463285510463
"chr17-0194",-0.0151731009336544
"chr17-0195",-0.0368501449667463
"chr17-0196",0.00499623400740686
"chr17-0197",0.0479308793971595
"chr17-0198",-0.0452991950182529
"chr17-0199",-0.0720808619623033
"chr17-0200",-0.0160235291876699
"chr17-0201",0.00556281808626977
"chr17-0202",0.00581255147504619
"chr17-0203",0.0724877259995551
"chr17-0204",-0.13596869769318
"chr17-0205",-0.0227487640802257
"chr17-0206",0.0261821304496253
"chr17-0207",0.0667641913291884
"chr17-0208",0.0233591661114703
"chr17-0209",-0.0453454445322453
"chr17-0210",0.0724093918764797
"chr17-0211",0.0661070058339252
"chr17-0212",-0.0518921329924604
"chr17-0213",0.0102505559253991
"chr17-0214",-0.0477919864064792
"chr17-0215",-0.0768600901178375
"chr17-0216",-0.080257121686036
"chr17-0217",-0.0490918387713474
"chr17-0218",-0.0515049378041182
"chr17-0219",0.181720376671844
"chr17-0220",0.119957171057901
"chr17-0221",-0.0272717645446888
"chr17-0222",0.0473756982778829
"chr17-0223",-0.104925418810256
"chr17-0224",0.0813592017867582
"chr17-0225",-0.0451178476169215
"chr17-0226",-0.0855559048129397
"chr17-0227",-0.0603571688746819
"chr17-0228",0.0112517581662945
"chr17-0229",-0.105129322073087
"chr17-0230",0.0721076031074211
"chr17-0231",0.0141620112425007
"chr17-0232",0.265171023252358
"chr17-0233",0.0619094597020194
"chr17-0234",-0.100950827780689
"chr17-0235",0.120452872097077
"chr17-0236",0.0831956041614092
"chr17-0237",0.083002942808096
"chr17-0238",0.156521494263203
"chr17-0239",0.0696705673308347
"chr17-0240",0.116173378163323
"chr17-0241",-0.015055638859644
"chr17-0242",0.00341452890599491
"chr17-0243",-0.0777152014115722
"chr17-0244",-0.0573247473562468
"chr17-0245",-0.041907428664188
"chr17-0246",0.0224816350403852
"chr17-0247",-0.115240856756046
"chr17-0248",-0.0319264570460202
"chr17-0249",-0.110966107940426
"chr17-0250",-0.0302032895302839
"chr17-0251",-0.0337479825488976
"chr17-0252",-0.049522021349511
"chr17-0253",0.00575381344048538
"chr17-0254",0.0244542453485001
"chr17-0255",0.0845594152815326
"chr17-0256",-0.237983117669815
"chr17-0257",-0.121503612511228
"chr17-0258",-0.0479757779010563
"chr17-0259",0.0201097027912702
"chr17-0260",-0.00981981851424345
"chr17-0261",-0.0387419951225181
"chr17-0262",-0.0158683630109834
"chr17-0263",0.160901595550014
"chr17-0264",0.222674393303792
"chr17-0265",0.0349316184582866
"chr17-0266",0.0399418581165216
"chr17-0267",0.0353210599523577
"chr17-0268",-0.0444728498216206
"chr17-0269",0.00627701568358672
"chr17-0270",-0.0291647191944042
"chr17-0271",-0.178479456627805
"chr17-0272",0.00649528567189615
"chr17-0273",-0.0114161983552736
"chr17-0274",0.0206803856710823
"chr17-0275",-0.0606990021457513
"chr17-0276",-0.0279779981516391
"chr17-0277",-0.105324932402841
"chr17-0278",-0.103219085616482
"chr17-0279",0.0204725475787855
"chr17-0280",-0.0174361069401589
"chr17-0281",-0.135976265959161
"chr17-0282",-0.113338944372736
"chr17-0283",-0.0481407811141901
"chr17-0284",-0.034394373311292
"chr17-0285",-0.114390091427353
"chr17-0286",0.142511147178142
"chr17-0287",-0.00413439019250559
"chr17-0288",0.00492935404462175
"chr17-0289",-0.100744382017641
"chr17-0290",-0.0930498700360936
"chr17-0291",-0.0395038483427828
"chr17-0292",-0.0784109973234198
"chr17-0293",0.0190211340745709
"chr17-0294",0.0850087591368529
"chr17-0295",0.149056290918024
"chr17-0296",0.222552858641919
"chr17-0297",0.170268420775546
"chr17-0298",0.23061068684787
"chr17-0299",0.180940445442809
"chr17-0300",0.199360407602615
"chr17-0301",0.156403162451013
"chr17-0302",0.0398316017557598
"chr17-0303",-0.0413196318180869
"chr17-0304",0.00131405869264028
"chr17-0305",-0.134054323741805
"chr17-0306",-0.0971776171114467
"chr17-0307",-0.108570090436349
"chr17-0308",-0.0767508619737844
"chr17-0309",-0.115335812662977
"chr17-0310",-0.00163793628693537
"chr17-0311",-0.0632325105112551
"chr17-0312",-0.0370552316053998
"chr17-0313",-0.0903052249666054
"chr17-0314",-0.0368025093761114
"chr17-0315",-0.051307829582835
"chr17-0316",-0.0302572696226504
"chr17-0317",-0.181732606314781
"chr17-0318",-0.117489002950358
"chr17-0319",-0.0539343904041465
"chr17-0320",-0.0631252604342468
"chr17-0321",-0.0731673975709413
"chr17-0322",-0.0815964614421975
"chr17-0323",-0.104122519893481
"chr17-0324",0.00250345526545647
"chr17-0325",0.061556016898575
"chr17-0326",-0.0326062626136873
"chr17-0327",-0.147663893578845
"chr17-0328",-0.145475873837987
"chr17-0329",-0.114773706649744
"chr17-0330",0.00376036133574033
"chr17-0331",-0.0392609929455382
"chr17-0332",-0.0316341507455581
"chr17-0333",-0.139639394363018
"chr17-0334",-0.0941557148810995
"chr17-0335",-0.160677800393784
"chr17-0336",-0.072038536015589
"chr17-0337",-0.0976209823823046
"chr17-0338",-0.106709763261424
"chr17-0339",-0.0340474367954561
"chr17-0340",-0.0354844979007994
"chr17-0341",-0.0454303242607527
"chr17-0342",-0.0967798741221652
"chr17-0343",-0.0107308397275342
"chr17-0344",-0.0775597960932386
"chr17-0345",-0.0716754623090729
"chr17-0346",-0.0257705321298607
"chr17-0347",0.101612824512273
"chr17-0348",0.137191056301227
"chr17-0349",0.0506440490246165
"chr17-0350",0.027831862574385
"chr17-0351",-0.0751966626601449
"chr17-0352",-0.0631366245815698
"chr17-0353",0.010465887627254
"chr17-0354",0.0711091842429513
"chr17-0355",0.169555096394134
"chr17-0356",0.0117127867525653
"chr17-0357",-0.103643788215157
"chr17-0358",-0.0150726903682574
"chr17-0359",-0.0328499909876163
"chr17-0360",-0.0483977035697995
"chr17-0361",-0.0497716395752152
"chr17-0362",-0.0264968934958844
"chr17-0363",0.356297479163432
"chr17-0364",0.020989079028815
"chr17-0365",0.117041576082988
"chr17-0366",0.021225002289105
"chr17-0367",0.0039593914860147
"chr17-0368",-0.134198410025733
"chr17-0369",-0.100733689077781
"chr17-0370",-0.0818934379257922
"chr17-0371",-0.00158276530771969
"chr17-0372",-0.160101919552517
"chr17-0373",-0.000250097734038747
"chr17-0374",-0.122997416269435
"chr17-0375",-0.0075748154744028
"chr17-0376",-0.0605418977940067
"chr17-0377",-0.0636728664231452
"chr17-0378",-0.0718495669227615
"chr17-0379",-0.038188222429981
"chr17-0380",-0.00544882286512308
"chr17-0381",-0.0418464358990548
"chr17-0382",-0.0242051866596001
"chr17-0383",-0.0606939587869435
"chr17-0384",-0.0619524862629185
"chr17-0385",-0.0352448579229175
"chr17-0386",0.00142418045469368
"chr17-0387",-0.0172745054149518
"chr17-0388",0.0115784765166705
"chr17-0389",-0.0148074719316982
"chr17-0390",0.128798812044472
"chr17-0391",-0.0791319492392727
"chr17-0392",-0.00837632103624706
"chr17-0393",-0.0695841474487814
"chr17-0394",0.138551150280464
"chr17-0395",0.174089325310228
"chr17-0396",0.0724195701826609
"chr17-0397",0.153419724642974
"chr17-0398",0.174159607248575
"chr17-0399",0.192268298946432
"chr17-0400",0.0378602082775059
"chr17-0401",0.138797506164539
"chr17-0402",0.147144199127813
"chr17-0403",0.0209542581266418
"chr17-0404",0.227281422103347
"chr17-0405",0.212402187741361
"chr17-0406",0.0917078659311051
"chr17-0407",0.186612666680951
"chr17-0408",0.00848338466269519
"chr17-0409",0.125599206902431
"chr17-0410",0.0492982108968844
"chr17-0411",-0.00364514655380745
"chr17-0412",-0.0133939665815751
"chr17-0413",-0.018428722503032
"chr17-0414",0.189156486071856
"chr17-0415",0.216661260614804
"chr17-0416",0.0923596003741832
"chr17-0417",0.135409470184528
"chr17-0418",0.0716812494681189
"chr17-0419",0.0959152124762199
"chr17-0420",-0.00645817680621411
"chr17-0421",-0.0317358789449738
"chr17-0422",0.0648128234948297
"chr17-0423",0.00662535679553081
"chr17-0424",-0.0187189060103174
"chr17-0425",0.00335057528035024
"chr17-0426",0.0673477280978802
"chr17-0427",0.0304374183067163
"chr17-0428",-0.0891788566338392
"chr17-0429",0.024381889645271
"chr17-0430",-0.124259395063065
"chr17-0431",-0.0355230813716965
"chr17-0432",-0.0716258533756612
"chr17-0433",0.0641926320272232
"chr17-0434",-0.108167565356802
"chr17-0435",-0.0489568975387633
"chr17-0436",0.0109586047309297
"chr17-0437",-0.12416852257663
"chr17-0438",-0.10159183238913
"chr17-0439",-0.0499940886597846
"chr17-0440",0.0528999090402406
"chr17-0441",-0.0529564094527417
"chr17-0442",0.0579363698104186
"chr17-0443",-0.0800403241308467
"chr17-0444",-0.0436601807102824
"chr17-0445",-0.114740485640819
"chr17-0446",0.302525097710681
"chr17-0447",0.20743414601547
"chr17-0448",0.305732096693669
"chr17-0449",0.226366855949926
"chr17-0450",0.0469971783209153
"chr17-0451",0.0435368890860108
"chr17-0452",0.131554315451019
"chr17-0453",0.212586849623413
"chr17-0454",-0.131300505945583
"chr17-0455",-0.102119072632268
"chr17-0456",-0.032612135722559
"chr17-0457",0.0170728828017394
"chr17-0458",-0.0208188158656229
"chr17-0459",-0.00887081886955141
"chr17-0460",0.101697622756893
"chr17-0461",0.233648465786693
"chr17-0462",0.16868504563765
"chr17-0463",0.0885421131999005
"chr17-0464",-0.0990582395902988
"chr17-0465",0.00574605105007801
"chr17-0466",0.00189732288363908
"chr17-0467",-0.00656806393827567
"chr17-0468",-0.0099455254636752
"chr17-0469",0.0695913630612932
"chr17-0470",0.0343914309247994
"chr17-0471",0.0312633565261946
"chr17-0472",0.0281872294219478
"chr17-0473",-0.0136691679490095
"chr17-0474",0.0527843828803445
"chr17-0475",0.07880212894918
"chr17-0476",0.0164124423278876
"chr17-0477",0.00506206299686873
"chr17-0478",0.0623438911485236
"chr17-0479",0.0444636092882643
"chr17-0480",0.0167374562161046
"chr17-0481",0.02547660795489
"chr17-0482",0.0438395986809537
"chr17-0483",0.12760909983457
"chr17-0484",-0.0578104997201816
"chr17-0485",0.0775897113357839
"chr17-0486",0.196926728230131
"chr17-0487",0.20008472905272
"chr17-0488",0.130794766348147
"chr17-0489",0.0961676746310135
"chr17-0490",0.0678319797653003
"chr17-0491",-0.0783080560501521
"chr17-0492",-0.0347255309660737
"chr17-0493",0.0187587218433411
"chr17-0494",-0.0278588934138022
"chr17-0495",-0.0500743361349202
"chr17-0496",0.0678637986802835
"chr17-0497",-0.0503738406848586
"chr17-0498",-0.14591746668057
"chr17-0499",-0.0352950967373385
"chr17-0500",-0.0105114921749607
"chr17-0501",-0.0329436332603717
"chr17-0502",-0.0180885345550088
"chr17-0503",-0.0490801672906575
"chr17-0504",0.0441623233144714
"chr17-0505",0.0536834142711589
"chr17-0506",0.173505215281664
"chr17-0507",0.0439290843109245
"chr17-0508",0.229223168757108
"chr17-0509",0.190192988739767
"chr17-0510",0.106370864082246
"chr17-0511",0.0564826645914325
"chr17-0512",-0.167080004112563
"chr17-0513",0.277771366735437
"chr17-0514",0.326886446246243
"chr17-0515",0.266710622798163
"chr17-0516",0.138803527888013
"chr17-0517",0.231848382323446
"chr17-0518",0.183129600772559
"chr17-0519",0.342935746305299
"chr17-0520",0.241917339104433
"chr17-0521",0.269707186961474
"chr17-0522",0.104055098623237
"chr17-0523",0.0708234601790012
"chr17-0524",0.0230906462732616
"chr17-0525",0.156622720739794
"chr17-0526",0.0350840838436345
"chr17-0527",0.0809528827806276
"chr17-0528",0.0510877776406632
"chr17-0529",0.171396141914704
"chr17-0530",-0.0577866218667673
"chr17-0531",-0.0929260981529413
"chr17-0532",-0.0499580413369844
"chr17-0533",-0.0946224117580937
"chr17-0534",-0.0401035557072738
"chr17-0535",-0.021277975695655
"chr17-0536",-0.080645226198771
"chr17-0537",0.0219192274733472
"chr17-0538",-0.0949109584761263
"chr17-0539",-0.11234172150294
"chr17-0540",-0.0963011992042026
"chr17-0541",-0.099870526461149
"chr17-0542",-0.120238316555416
"chr17-0543",-0.108971020758652
"chr17-0544",-0.0759948373321265
"chr17-0545",-0.0180810948996453
"chr17-0546",-0.0138802875087509
"chr17-0547",-0.0864355174600149
"chr17-0548",-0.068733686950249
"chr17-0549",-0.167980089957342
"chr17-0550",-0.0982254657089075
"chr17-0551",-0.13442515413458
"chr17-0552",-0.0522385533442707
"chr17-0553",0.0662905587646267
"chr17-0554",-0.0406357857534618
"chr17-0555",-0.0263321242342077
"chr17-0556",-0.0267165792281004
"chr17-0557",-0.0585114803040782
"chr17-0558",-0.059573418199062
"chr17-0559",-0.0996570290918233
"chr17-0560",-0.0524583295797637
"chr17-0561",-0.0501900440885118
"chr17-0562",-0.025180826719579
"chr17-0563",-0.0397019904805951
"chr17-0564",0.0386986795271399
"chr17-0565",-0.0401406173708245
"chr17-0566",-0.0910725375861141
"chr17-0567",0.00907999368549716
"chr17-0568",-0.0713711014241143
"chr17-0569",-0.00942048063706054
"chr17-0570",-0.169699278782609
"chr17-0571",0.102903259894959
"chr17-0572",0.0281875458055331
"chr17-0573",0.0179171118376565
"chr17-0574",0.0358988544705085
"chr17-0575",0.0123671477604157
"chr17-0576",0.0135605799736244
"chr17-0577",0.0380271003660994
"chr17-0578",-0.00504338435944058
"chr17-0579",0.00192185940553023
"chr17-0580",0.206795598824701
"chr17-0581",-0.0285278761910117
"chr17-0582",-0.0743088979401608
"chr17-0583",-0.017796639871743
"chr17-0584",-0.042403866735519
"chr17-0585",-0.07337350851893
"chr17-0586",-0.0101488327906113
"chr17-0587",0.163055784793876
"chr17-0588",0.00143805249145456
"chr17-0589",-0.100293836291558
"chr17-0590",0.0473215555382997
"chr17-0591",-0.0735068324210965
"chr17-0592",-0.0234441822192722
"chr17-0593",-0.00593433419580405
"chr17-0594",-0.0376627094420376
"chr17-0595",0.0199889360662388
"chr17-0596",-0.0224131242382422
"chr17-0597",-0.0283176026922131
"chr17-0598",-0.0443422561350782
"chr17-0599",0.0190305844646256
"chr17-0600",0.00681178161127433
"chr17-0601",-0.0074661182653212
"chr17-0602",0.049165795237658
"chr17-0603",0.0415675251876904
"chr17-0604",-0.0405022171903879
"chr17-0605",-0.0321059186080993
"chr17-0606",0.0858233055598849
"chr17-0607",0.210417735022281
"chr17-0608",0.061663331983534
"chr17-0609",-0.000705712576876604
"chr17-0610",0.00602346102611153
"chr17-0611",-0.0619803904121776
"chr17-0612",-0.00937921770215936
"chr17-0613",-0.0433713839743881
"chr17-0614",0.0395921383107596
"chr17-0615",-0.04077163701765
"chr17-0616",-0.057370044075351
"chr17-0617",-0.0411693215841105
"chr17-0618",-0.0209871700321742
"chr17-0619",-0.0094927100063299
"chr17-0620",-0.000426905500677798
"chr17-0621",-0.0364598734721163
"chr17-0622",0.110326525298303
"chr17-0623",0.00503763933640859
"chr17-0624",0.00667524993691609
"chr17-0625",-0.0312286869041461
"chr17-0626",0.0271038430232878
"chr17-0627",-0.0304303439642825
"chr17-0628",0.116821481705031
"chr17-0629",0.110076045045489
"chr17-0630",0.0741542776794092
"chr18-0001",0.0692390780840219
"chr18-0002",0.0516293433299608
"chr18-0003",0.0581640989009766
"chr18-0004",-0.0417088957176046
"chr18-0005",0.122941062057509
"chr18-0006",-0.0668096911789624
"chr18-0007",-0.0361405001466815
"chr18-0008",-0.00710962456865584
"chr18-0009",0.065996462525443
"chr18-0010",0.185620862006439
"chr18-0011",-0.0468115691678775
"chr18-0012",0.0241310593286221
"chr18-0013",-0.0498914214393852
"chr18-0014",0.168272540827572
"chr18-0015",0.116114370358995
"chr18-0016",0.0180736442639817
"chr18-0017",0.094340546548481
"chr18-0018",0.0428302424928521
"chr18-0019",0.134357649601971
"chr18-0020",-0.0161728923242468
"chr18-0021",0.0711755387381477
"chr18-0022",0.228826736121197
"chr18-0023",0.166047097264215
"chr18-0024",0.160230189828252
"chr18-0025",0.188329078876744
"chr18-0026",0.222239090899515
"chr18-0027",0.116554787616009
"chr18-0028",0.157584048327253
"chr18-0029",0.0669614448350206
"chr18-0030",0.12353256398903
"chr18-0031",0.227463241338715
"chr18-0032",0.226673076664379
"chr18-0033",0.0126172676314058
"chr18-0034",0.172019158332799
"chr18-0035",0.209268928458297
"chr18-0036",0.227735494431624
"chr18-0037",0.093353011062854
"chr18-0038",0.132533439270604
"chr18-0039",0.06625276774914
"chr18-0040",0.090224060477372
"chr18-0041",0.0314545119365513
"chr18-0042",0.177121420506425
"chr18-0043",0.0523053244205382
"chr18-0044",0.10955219825734
"chr18-0045",0.0419941455615712
"chr18-0046",0.0193285032829277
"chr18-0047",0.191527368378943
"chr18-0048",0.171141292379315
"chr18-0049",0.140110159119308
"chr18-0050",0.167759688230961
"chr18-0051",0.153809122647589
"chr18-0052",0.222507801662784
"chr18-0053",0.177757679483373
"chr18-0054",0.114164282590716
"chr18-0055",0.102134759533299
"chr18-0056",0.267642594732229
"chr18-0057",0.183089660807934
"chr18-0058",0.245652702496481
"chr18-0059",0.0382887499809603
"chr18-0060",-0.0205747818583557
"chr18-0061",0.0242198280340342
"chr18-0062",0.0287341629501571
"chr18-0063",0.139757147400448
"chr18-0064",0.0887591296080839
"chr18-0065",0.0227282431884624
"chr18-0066",-0.0254436779688576
"chr18-0067",0.0117538730292384
"chr18-0068",-0.0638081651195519
"chr18-0069",0.179848921532973
"chr18-0070",0.0567955631249388
"chr18-0071",0.0742156244158022
"chr18-0072",-0.0131975379175309
"chr18-0073",0.0970047613155638
"chr18-0074",0.140554476163992
"chr18-0075",0.118498785974258
"chr18-0076",0.00791620862546344
"chr18-0077",-0.0162363507807154
"chr18-0078",-0.021917613135105
"chr18-0079",0.0815675048463956
"chr18-0080",0.146703803899383
"chr18-0081",0.0545589025932228
"chr18-0082",-0.0348304557269072
"chr18-0083",0.0938074460267799
"chr18-0084",-0.0258309448934846
"chr18-0085",0.0632871507379473
"chr18-0086",0.0399105220197509
"chr18-0087",0.057878566072141
"chr18-0088",-0.074034855506108
"chr18-0089",-0.0850297090143584
"chr18-0090",0.061952999441185
"chr18-0091",0.0791680586370049
"chr18-0092",0.0451210985286409
"chr18-0093",0.0786780992805822
"chr18-0094",0.0424352378844947
"chr18-0095",0.14095930558355
"chr18-0096",0.212777844361683
"chr18-0097",0.00834821139941815
"chr18-0098",0.0202932189012597
"chr18-0099",0.0953357684233273
"chr18-0100",0.114017508340209
"chr18-0101",0.0112039025333541
"chr18-0102",0.0377327925012284
"chr18-0103",-0.0292214797053512
"chr18-0104",0.148572521613842
"chr18-0105",0.186321489064755
"chr18-0106",0.181871304743095
"chr18-0107",0.0249707239544001
"chr18-0108",-0.0869958475109095
"chr18-0109",0.0430584984737108
"chr18-0110",0.0823575262650546
"chr18-0111",0.250084292107121
"chr18-0112",0.211971646218356
"chr18-0113",0.212005622775902
"chr18-0114",0.104711859528792
"chr18-0115",0.0250165763365746
"chr18-0116",0.114352084863163
"chr18-0117",0.0233734171844822
"chr18-0118",0.060222197456559
"chr18-0119",0.0437397453519417
"chr18-0120",0.0689297444675282
"chr18-0121",0.199744540882707
"chr18-0122",0.283407706985005
"chr18-0123",0.210036762072995
"chr18-0124",0.268838581659977
"chr18-0125",0.149221325747512
"chr18-0126",0.101451932404638
"chr18-0127",0.165679551791661
"chr18-0128",0.291668916426181
"chr18-0129",0.163281431840306
"chr18-0130",0.231396864363268
"chr18-0131",0.127015729146204
"chr18-0132",0.183001379208465
"chr18-0133",-0.0376907548385919
"chr18-0134",-0.0721525187131661
"chr18-0135",0.217411542027724
"chr18-0136",0.0235565970536316
"chr18-0137",-0.0481419772029324
"chr18-0138",0.309467754871125
"chr18-0139",0.0358765154035893
"chr18-0140",0.17803159283983
"chr18-0141",0.333691006488676
"chr18-0142",0.183438497532223
"chr18-0143",0.226424139033061
"chr18-0144",0.274547254473126
"chr18-0145",0.139885689572053
"chr18-0146",0.272055198641337
"chr18-0147",-0.0505515033556305
"chr18-0148",-0.0404774069661428
"chr18-0149",0.108705406262349
"chr18-0150",0.147402421530184
"chr18-0151",-0.0284263695793734
"chr18-0152",-0.0739800735293443
"chr18-0153",-0.00381167391506247
"chr18-0154",0.164769106592748
"chr18-0155",0.228403700756624
"chr18-0156",-0.00554209808346626
"chr18-0157",0.00821367119528943
"chr18-0158",-0.00327159383373239
"chr18-0159",0.00359867031074039
"chr18-0160",0.0256944039697863
"chr18-0161",0.279187921610856
"chr18-0162",0.298800331422144
"chr18-0163",0.157961676071398
"chr18-0164",0.309184920123682
"chr18-0165",0.216976009708067
"chr18-0166",0.253540083515075
"chr18-0167",0.286715901319247
"chr18-0168",0.347641951307278
"chr18-0169",0.283810319761533
"chr18-0170",0.153311004196086
"chr18-0171",0.313644016537307
"chr18-0172",0.138162259767314
"chr18-0173",0.192293871916729
"chr18-0174",-0.03394468912623
"chr18-0175",0.129066934395885
"chr18-0176",0.0719909079798629
"chr18-0177",-0.148858869393182
"chr18-0178",-0.0527685590392036
"chr18-0179",-0.11408418694538
"chr18-0180",0.0514343441394509
"chr18-0181",0.103927457459396
"chr18-0182",0.0587710307803321
"chr18-0183",-0.00761213032726023
"chr18-0184",-0.0242857859477748
"chr18-0185",0.0626434429976882
"chr18-0186",0.119391150624077
"chr18-0187",-0.0398080390262801
"chr18-0188",0.199882166819218
"chr18-0189",0.023397067627538
"chr18-0190",0.203575448172517
"chr18-0191",0.112826386267928
"chr18-0192",0.10256263903796
"chr18-0193",0.0633153663318645
"chr18-0194",0.0810825255409744
"chr18-0195",0.0905234535971624
"chr18-0196",0.148537725601368
"chr18-0197",0.138364341441481
"chr18-0198",0.0866714492026001
"chr18-0199",0.114126975413007
"chr18-0200",0.145295441021707
"chr18-0201",0.0648233109816768
"chr18-0202",-0.0187401861315036
"chr18-0203",0.101346755263048
"chr18-0204",0.0933437918677516
"chr18-0205",0.127087346565294
"chr18-0206",0.106715899354137
"chr18-0207",0.00855308199996967
"chr18-0208",-0.018251000012941
"chr18-0209",0.24797509102672
"chr18-0210",0.116244924337029
"chr18-0211",0.0940973097904858
"chr18-0212",0.0436586385779191
"chr18-0213",0.053746946995967
"chr18-0214",0.179677793027414
"chr18-0215",-0.0198517794263827
"chr18-0216",0.154837309381414
"chr18-0217",0.0216198844670586
"chr18-0218",0.203266557424999
"chr18-0219",0.118002144902779
"chr18-0220",0.0615446467315265
"chr18-0221",0.252580378444222
"chr18-0222",0.309228601784973
"chr18-0223",0.138839154650593
"chr18-0224",0.184646853495376
"chr18-0225",0.168333582753425
"chr18-0226",0.422173446879085
"chr18-0227",0.277962886530538
"chr18-0228",0.350207812950561
"chr18-0229",0.385168239115483
"chr18-0230",0.115329807021224
"chr18-0231",0.208568663077572
"chr18-0232",0.144979895006482
"chr18-0233",0.100430868163341
"chr18-0234",0.0078586714882566
"chr18-0235",0.0566628095348331
"chr18-0236",0.168658975586069
"chr18-0237",-0.119624692460196
"chr18-0238",0.0185940947264644
"chr18-0239",0.00684674773017532
"chr18-0240",0.124666336225099
"chr18-0241",0.0833792121594659
"chr18-0242",0.0968461646173515
"chr18-0243",0.0974904718359391
"chr18-0244",0.271486489197361
"chr18-0245",0.115654529847261
"chr18-0246",0.162536550507959
"chr18-0247",0.18222764431998
"chr18-0248",0.0905756551371633
"chr18-0249",0.0649829819749962
"chr18-0250",0.259938450888785
"chr18-0251",0.0712713066535058
"chr18-0252",-0.00171757194007364
"chr18-0253",0.0974536384323831
"chr18-0254",0.07003269102055
"chr18-0255",0.141946674994125
"chr18-0256",0.067455741513908
"chr18-0257",-0.0187001445827488
"chr18-0258",-0.00432866573618895
"chr18-0259",0.202101923918113
"chr18-0260",0.154704021872537
"chr18-0261",0.270493983030916
"chr18-0262",0.113135133369867
"chr18-0263",0.161580844357547
"chr18-0264",0.0826432877297447
"chr18-0265",0.205221692557564
"chr18-0266",0.198640375925049
"chr18-0267",0.185362473306539
"chr18-0268",0.043406171089726
"chr18-0269",0.10419358608156
"chr18-0270",-0.0589923769490407
"chr18-0271",0.0897350452217404
"chr18-0272",0.111427356708709
"chr18-0273",0.138852079894244
"chr18-0274",0.278297649782672
"chr18-0275",0.27012919946669
"chr18-0276",0.253334674698277
"chr18-0277",0.0750682689606324
"chr18-0278",0.0533967055244744
"chr18-0279",0.314524915054639
"chr18-0280",0.117460637822072
"chr18-0281",0.081975302159604
"chr18-0282",0.167966319982981
"chr18-0283",0.12640280385877
"chr18-0284",0.293407198368828
"chr18-0285",0.238482239268577
"chr18-0286",0.261917299902457
"chr18-0287",0.351662705991595
"chr18-0288",0.262823156610711
"chr18-0289",0.270835426453404
"chr18-0290",0.338963004729788
"chr18-0291",0.172831352592681
"chr18-0292",0.366179004572876
"chr18-0293",0.230175353926226
"chr18-0294",0.275825869277029
"chr18-0295",0.219222602439497
"chr18-0296",0.288392992290515
"chr18-0297",0.071204544929295
"chr18-0298",0.187969026276095
"chr18-0299",0.121925513826535
"chr18-0300",0.24977333384231
"chr18-0301",0.216149446060822
"chr18-0302",0.321667715050664
"chr18-0303",0.261063860755284
"chr18-0304",0.0653951557667246
"chr18-0305",0.055284124322918
"chr18-0306",0.15479683717204
"chr18-0307",0.0823768400047058
"chr18-0308",0.0235009666270864
"chr18-0309",0.268878100784933
"chr18-0310",0.336468880294098
"chr18-0311",0.262513393052494
"chr18-0312",0.0851157533649131
"chr18-0313",0.136167956494747
"chr18-0314",0.230781930541898
"chr18-0315",0.183112309095282
"chr18-0316",0.18337572271059
"chr18-0317",0.143441057475892
"chr18-0318",0.0849660255368228
"chr18-0319",0.177961741784404
"chr18-0320",0.136938157836859
"chr18-0321",0.00857292712355112
"chr18-0322",0.157159058893957
"chr18-0323",0.0823845420523648
"chr18-0324",0.075205583906484
"chr18-0325",0.0140153098787371
"chr18-0326",0.152603906691516
"chr18-0327",0.219074897579844
"chr18-0328",0.0990181605392648
"chr18-0329",0.183257064803224
"chr18-0330",0.113519554145016
"chr18-0331",0.147329356594712
"chr18-0332",0.0990638834932973
"chr18-0333",0.169056381219863
"chr18-0334",0.127131242323538
"chr18-0335",0.157483989822786
"chr18-0336",0.313907495837738
"chr18-0337",0.0894941345998025
"chr18-0338",0.100959465195724
"chr18-0339",0.146235029802287
"chr18-0340",0.105654053629517
"chr18-0341",0.0784697000558183
"chr18-0342",0.073724038334437
"chr18-0343",-0.0442473484328733
"chr18-0344",0.0911502947219853
"chr18-0345",0.108198014913976
"chr18-0346",0.0731906515429068
"chr19-0001",-0.0364255494378506
"chr19-0002",0.0808055550515731
"chr19-0003",0.00317760544174472
"chr19-0004",-0.0506877522599201
"chr19-0005",0.00293230439596348
"chr19-0006",-0.0321468698508593
"chr19-0007",-0.0211211040494453
"chr19-0008",-0.0802494726841155
"chr19-0009",-0.0302321072653788
"chr19-0010",-0.0204599331930731
"chr19-0011",-0.0137109927113399
"chr19-0012",-0.00855051168155862
"chr19-0013",-0.0776941857353543
"chr19-0014",-0.104340184624456
"chr19-0015",-0.0726123000746002
"chr19-0016",-0.175949886621746
"chr19-0017",0.0009503392204166
"chr19-0018",-0.00642205522845393
"chr19-0019",-0.0818821485627913
"chr19-0020",-0.0481368500576419
"chr19-0021",-0.0197992629043964
"chr19-0022",-0.0380597389098929
"chr19-0023",-0.0397122751238787
"chr19-0024",-0.0356916413899588
"chr19-0025",-0.169003206642817
"chr19-0026",-0.0646301158812709
"chr19-0027",-0.0656498027195343
"chr19-0028",-0.0742872106482538
"chr19-0029",-0.130544774704282
"chr19-0030",-0.00556761802020306
"chr19-0031",-0.0904246238647683
"chr19-0032",-0.0471187379550812
"chr19-0033",-0.0523121676443762
"chr19-0034",-0.117401045218653
"chr19-0035",-0.0550088601867743
"chr19-0036",-0.120433104448759
"chr19-0037",-0.174369774618075
"chr19-0038",-0.110162526387523
"chr19-0039",0.0393968140413502
"chr19-0040",-0.203217921701085
"chr19-0041",-0.174233157099129
"chr19-0042",-0.0861938771352008
"chr19-0043",-0.022632682969068
"chr19-0044",-0.109481784377963
"chr19-0045",-0.0940579961375003
"chr19-0046",-0.102747379277707
"chr19-0047",-0.185033420642834
"chr19-0048",-0.047316448023775
"chr19-0049",0.0336897859643271
"chr19-0050",0.0155605989852215
"chr19-0051",0.0248254818760355
"chr19-0052",-0.0725724364943099
"chr19-0053",-0.129682620284037
"chr19-0054",-0.0614360213673908
"chr19-0055",-0.0953573685905039
"chr19-0056",-0.150990640685813
"chr19-0057",-0.134396293453119
"chr19-0058",-0.0684172927105703
"chr19-0059",0.0360317485875343
"chr19-0060",-0.00368559016191304
"chr19-0061",0.0791293087174606
"chr19-0062",-0.144354733858401
"chr19-0063",-0.1299473216767
"chr19-0064",-0.188137116638265
"chr19-0065",-0.200532845861555
"chr19-0066",-0.0660342404188112
"chr19-0067",-0.13859415067686
"chr19-0068",0.0188645246499935
"chr19-0069",-0.131342157968767
"chr19-0070",0.00962837558205906
"chr19-0071",-0.154925146434762
"chr19-0072",-0.158512702515805
"chr19-0073",-0.0413449957508454
"chr19-0074",-0.0865577554224206
"chr19-0075",-0.138500398243073
"chr19-0076",-0.0995797670612646
"chr19-0077",-0.0311336997849925
"chr19-0078",-0.138367073460504
"chr19-0079",-0.20309728906483
"chr19-0080",-0.0897111408296614
"chr19-0081",-0.179014229839351
"chr19-0082",-0.0397986542048712
"chr19-0083",-0.18278733005629
"chr19-0084",-0.145761534158422
"chr19-0085",-0.0509437340549492
"chr19-0086",-0.281018063614056
"chr19-0087",-0.158299891082381
"chr19-0088",-0.00158665768621502
"chr19-0089",-0.197119613109245
"chr19-0090",-0.158956922661572
"chr19-0091",-0.161090620863245
"chr19-0092",-0.158474500968933
"chr19-0093",-0.0580481544971306
"chr19-0094",-0.186933210704394
"chr19-0095",-0.198655128532776
"chr19-0096",-0.0924472904222174
"chr19-0097",-0.215090411567638
"chr19-0098",-0.0886942146132003
"chr19-0099",-0.175029617671537
"chr19-0100",-0.122494074209125
"chr19-0101",-0.143062198008925
"chr19-0102",-0.134119479564447
"chr19-0103",-0.05007629583953
"chr19-0104",-0.0823737878311701
"chr19-0105",-0.048295855100035
"chr19-0106",-0.126569688757366
"chr19-0107",-0.0679184641628876
"chr19-0108",-0.164598414278442
"chr19-0109",-0.119200840295827
"chr19-0110",-0.180144292368005
"chr19-0111",-0.117125622174319
"chr19-0112",-0.0554247777721764
"chr19-0113",-0.1683013877006
"chr19-0114",-0.11296574953241
"chr19-0115",-0.182609754798355
"chr19-0116",-0.0876688157910034
"chr19-0117",-0.0608555754964339
"chr19-0118",-0.0417716590010183
"chr19-0119",-0.149875029576983
"chr19-0120",-0.129871017891062
"chr19-0121",-0.156701518334924
"chr19-0122",-0.0980335173447037
"chr19-0123",-0.190515468788184
"chr19-0124",-0.171538282940493
"chr19-0125",0.0801174836752823
"chr19-0126",-0.176191583967126
"chr19-0127",-0.0349441054943551
"chr19-0128",-0.0213739240888604
"chr19-0129",-0.131089608509753
"chr19-0130",-0.171312792928551
"chr19-0131",-0.0807064741040822
"chr19-0132",-0.147105276079494
"chr19-0133",-0.00616857689995012
"chr19-0134",-0.0539093459460844
"chr19-0135",-0.228038917815454
"chr19-0136",-0.0720281034133147
"chr19-0137",-0.128604224610054
"chr19-0138",-0.216168961071562
"chr19-0139",-0.238909692261575
"chr19-0140",0.0369130100736912
"chr19-0141",-0.149153861027378
"chr19-0142",-0.0647187906138526
"chr19-0143",-0.0150082858302097
"chr19-0144",-0.0404969498663082
"chr19-0145",-0.00190494501095669
"chr19-0146",0.0160009084062569
"chr19-0147",-0.209559602980077
"chr19-0148",-0.0704003715653342
"chr19-0149",-0.00918828688850602
"chr19-0150",-0.105946184089329
"chr19-0151",-0.0926606648451407
"chr19-0152",-0.00900842937337502
"chr19-0153",-0.0981218025914167
"chr19-0154",-0.0854451782562668
"chr19-0155",0.0325007049159995
"chr19-0156",-0.148406888504551
"chr19-0157",-0.0617456606561593
"chr19-0158",-0.084497960339469
"chr19-0159",-0.227436221336324
"chr19-0160",-0.0953861543608867
"chr19-0161",-0.095558950532418
"chr19-0162",-0.0917266042274791
"chr19-0163",-0.100186238260702
"chr19-0164",-0.107334729020115
"chr19-0165",-0.0968972321812194
"chr19-0166",-0.041502702577205
"chr19-0167",-0.139100967270973
"chr19-0168",-0.193281685879684
"chr19-0169",-0.140522802989354
"chr19-0170",-0.179430721435333
"chr19-0171",-0.130147517329599
"chr19-0172",-0.145101045411762
"chr19-0173",-0.135646613197906
"chr19-0174",-0.148162681573319
"chr19-0175",-0.115602067038277
"chr19-0176",-0.0612451991269456
"chr19-0177",-0.0656521635642383
"chr19-0178",-0.000951512948593961
"chr19-0179",-0.0661230722719105
"chr19-0180",-0.0229204173436566
"chr19-0181",-0.0775884219739143
"chr19-0182",-0.0489272818668368
"chr19-0183",-0.163586967287868
"chr19-0184",-0.14227607659282
"chr19-0185",-0.108865608162409
"chr19-0186",-0.0061949745770634
"chr19-0187",-0.0977284223699762
"chr19-0188",-0.0589038293725942
"chr19-0189",-0.143830702977707
"chr19-0190",-0.125882562492061
"chr19-0191",-0.183844359323465
"chr19-0192",-0.141583315507665
"chr19-0193",-0.0941251051170606
"chr19-0194",-0.0750957400302788
"chr19-0195",0.0634586450463026
"chr19-0196",-0.0991190918653125
"chr19-0197",-0.128728528871925
"chr19-0198",0.0145387028613519
"chr19-0199",0.046129779327341
"chr19-0200",-0.0465638253934765
"chr19-0201",-0.199913084653952
"chr19-0202",0.0455188487245417
"chr19-0203",0.0284117721342038
"chr19-0204",-0.0845009151656565
"chr19-0205",-0.0103448060279276
"chr19-0206",-0.132570463758036
"chr19-0207",-0.0777627015748426
"chr19-0208",-0.0206838109738883
"chr19-0209",-0.294055441482346
"chr19-0210",0.0119838799452023
"chr19-0211",-0.175732796218004
"chr19-0212",-0.0610603093341233
"chr19-0213",0.0764156515210893
"chr19-0214",0.0439825060954357
"chr19-0215",0.143111953139567
"chr19-0216",0.0566987637367506
"chr19-0217",-0.0900244203930119
"chr19-0218",-0.125553758797271
"chr19-0219",-0.00538729968969649
"chr19-0220",-0.154459054302799
"chr19-0221",-0.0161604783930861
"chr19-0222",0.16137360657762
"chr19-0223",0.00513445894914424
"chr19-0224",-0.0457337182490389
"chr19-0225",0.111364934293359
"chr19-0226",0.0473895017477682
"chr19-0227",0.0921956167581319
"chr19-0228",0.163572803973942
"chr19-0229",0.179961893005367
"chr19-0230",0.112242651424254
"chr19-0231",0.00414244319955449
"chr19-0232",0.0742038988857099
"chr19-0233",-0.00255168935982031
"chr19-0234",0.151414248428448
"chr19-0235",-0.0321859793715874
"chr19-0236",-0.11081756462038
"chr19-0237",-0.0531478354223867
"chr19-0238",-0.0549432361889772
"chr19-0239",-0.0424076959339471
"chr19-0240",-0.283296985835091
"chr19-0241",-0.200833620341254
"chr19-0242",-0.0139330622215709
"chr19-0243",-0.0452545077233102
"chr19-0244",0.0245336819570711
"chr19-0245",0.0708497309130157
"chr19-0246",-0.143481942257945
"chr19-0247",-0.090488307276053
"chr19-0248",-0.0132119735661952
"chr19-0249",-0.0464693207134416
"chr19-0250",-0.0771607058561639
"chr19-0251",-0.0985235600791277
"chr19-0252",-0.0721120986952846
"chr19-0253",-0.13067180525539
"chr19-0254",-0.408663776774453
"chr19-0255",-0.280356559926
"chr19-0256",-0.422708738161718
"chr19-0257",-0.319647046126646
"chr19-0258",-0.364658021213262
"chr19-0259",-0.384159812861581
"chr19-0260",-0.391026475961109
"chr19-0261",-0.331572533524809
"chr19-0262",-0.399898381580291
"chr19-0263",-0.38624157071804
"chr19-0264",-0.47983588503953
"chr19-0265",-0.463826693172302
"chr19-0266",-0.522664278159901
"chr19-0267",-0.436397066967381
"chr19-0268",-0.449454263040575
"chr19-0269",-0.557356198568974
"chr19-0270",-0.432738054442194
"chr19-0271",-0.418001316271267
"chr19-0272",-0.436487296657113
"chr19-0273",-0.341479594448405
"chr19-0274",-0.458592548631989
"chr19-0275",-0.351123560730039
"chr19-0276",-0.387646184172316
"chr19-0277",-0.426214046154224
"chr19-0278",-0.493103045257654
"chr19-0279",-0.347573546865342
"chr19-0280",-0.215542373219277
"chr19-0281",-0.273043315705378
"chr19-0282",-0.358725673025304
"chr19-0283",-0.602651824230073
"chr19-0284",-0.362951284172652
"chr19-0285",-0.420253463229369
"chr19-0286",-0.488867398485907
"chr19-0287",-0.673407422980943
"chr19-0288",-0.41610699846626
"chr19-0289",-0.274996111640074
"chr19-0290",-0.323918990440698
"chr19-0291",-0.456864577393093
"chr19-0292",-0.426048326398453
"chr19-0293",-0.400401915108981
"chr19-0294",-0.493534603686429
"chr19-0295",-0.427304617945313
"chr19-0296",-0.319526918952598
"chr19-0297",-0.445308009208096
"chr19-0298",-0.451303436725097
"chr19-0299",-0.548639030355866
"chr19-0300",-0.338963646392326
"chr19-0301",-0.513495103687741
"chr19-0302",-0.45730405140957
"chr19-0303",-0.422335741687253
"chr19-0304",-0.554258589188463
"chr19-0305",-0.653719234904693
"chr19-0306",-0.330142745656708
"chr19-0307",-0.28846872804885
"chr19-0308",-0.364472721807791
"chr19-0309",-0.481711569719691
"chr19-0310",-0.353818525558669
"chr19-0311",-0.332445838438008
"chr19-0312",-0.418764415728317
"chr19-0313",-0.492011909649601
"chr19-0314",-0.347884384928187
"chr19-0315",-0.178387539501328
"chr19-0316",-0.423821639688321
"chr19-0317",-0.356542956060861
"chr19-0318",-0.415578443817243
"chr19-0319",-0.409481314126798
"chr19-0320",-0.43810005019418
"chr19-0321",-0.401032819155613
"chr19-0322",-0.365600242152962
"chr19-0323",-0.583793470808729
"chr19-0324",-0.249791825674013
"chr19-0325",-0.34506391678808
"chr19-0326",-0.466978345213391
"chr19-0327",-0.388874315217252
"chr19-0328",-0.440488560806044
"chr19-0329",-0.306658152763276
"chr19-0330",-0.369909495619093
"chr19-0331",-0.326761729674864
"chr19-0332",-0.439434522911155
"chr19-0333",-0.387923763595953
"chr19-0334",-0.31936642456917
"chr19-0335",-0.322228145247569
"chr19-0336",-0.246445144748487
"chr19-0337",-0.255469271708857
"chr19-0338",-0.355510302307614
"chr19-0339",-0.454913067598136
"chr19-0340",-0.384929001981794
"chr19-0341",-0.421423501266278
"chr19-0342",-0.420086388792026
"chr19-0343",-0.353546405985264
"chr19-0344",-0.403749382755136
"chr19-0345",-0.347150890353997
"chr19-0346",-0.373861369427297
"chr19-0347",-0.405685589637702
"chr19-0348",-0.200685083527694
"chr19-0349",-0.232229103931034
"chr19-0350",-0.608680723299731
"chr19-0351",-0.407211169749506
"chr19-0352",-0.445845676955964
"chr19-0353",-0.42335052857596
"chr19-0354",-0.514683385493648
"chr19-0355",-0.415811958627478
"chr19-0356",-0.37748236629813
"chr19-0357",-0.436618692586354
"chr19-0358",-0.530568288599413
"chr19-0359",-0.451597266438006
"chr19-0360",-0.435747219616272
"chr19-0361",-0.478097682293829
"chr19-0362",-0.313144243324647
"chr19-0363",-0.404661770371837
"chr19-0364",-0.371736123200273
"chr19-0365",-0.278277689940918
"chr19-0366",-0.271623735754999
"chr19-0367",-0.385614412770489
"chr19-0368",-0.41230026671364
"chr19-0369",-0.363229534786571
"chr19-0370",-0.756751774033167
"chr19-0371",-0.352002221377425
"chr19-0372",-0.481338929746669
"chr19-0373",-0.389090852912681
"chr19-0374",-0.239999727842716
"chr19-0375",-0.386658924168837
"chr19-0376",-0.259828233208061
"chr19-0377",-0.371832588157822
"chr19-0378",-0.504941784843914
"chr19-0379",-0.355754210765885
"chr19-0380",-0.457620317039599
"chr19-0381",-0.349480729971937
"chr19-0382",-0.417641619427545
"chr19-0383",-0.597095872705808
"chr19-0384",-0.416725376109325
"chr19-0385",-0.480476990174253
"chr19-0386",-0.362231499352889
"chr19-0387",-0.406414113717138
"chr19-0388",-0.419171508194584
"chr19-0389",-0.402713849652385
"chr19-0390",-0.444063806656272
"chr19-0391",-0.417712012151678
"chr19-0392",-0.389017810981131
"chr19-0393",-0.418853747936302
"chr19-0394",-0.390356721635702
"chr19-0395",-0.328856296556384
"chr19-0396",-0.383235995819292
"chr19-0397",-0.392160568881278
"chr19-0398",-0.402535632389841
"chr19-0399",-0.435616868343095
"chr19-0400",-0.411036099419382
"chr19-0401",-0.471305609772755
"chr19-0402",-0.39477146733077
"chr19-0403",-0.366406734898571
"chr19-0404",-0.362335342404833
"chr19-0405",-0.476003332128478
"chr19-0406",-0.571957469126148
"chr19-0407",-0.488666390097659
"chr19-0408",-0.520178670158196
"chr19-0409",-0.45230344762129
"chr19-0410",-0.347193666887605
"chr19-0411",-0.308463354110526
"chr19-0412",-0.360122105474017
"chr19-0413",-0.56075816253927
"chr19-0414",-0.464490079885238
"chr19-0415",-0.440078638369015
"chr19-0416",-0.296527804071636
"chr19-0417",-0.397256353540658
"chr19-0418",-0.506085757249147
"chr19-0419",-0.5311909890892
"chr19-0420",-0.353240325593711
"chr19-0421",-0.427790800624147
"chr19-0422",-0.46933881102275
"chr19-0423",-0.197889705274239
"chr19-0424",-0.44892158641174
"chr19-0425",-0.394785758142761
"chr19-0426",-0.366567561521795
"chr19-0427",-0.472274057523804
"chr19-0428",-0.54937078836391
"chr19-0429",-0.386184973824675
"chr19-0430",-0.427360559741169
"chr19-0431",-0.476176115906608
"chr19-0432",-0.431393986628096
"chr19-0433",-0.443161527267489
"chr19-0434",-0.379099556403012
"chr19-0435",-0.432177286019007
"chr19-0436",-0.53673132402491
"chr19-0437",-0.326005574344577
"chr19-0438",-0.418629828599023
"chr19-0439",-0.559950359843653
"chr19-0440",-0.348598419722359
"chr19-0441",-0.815678737674992
"chr19-0442",-0.673810275063852
"chr19-0443",-0.54894660192258
"chr19-0444",-0.334038630796153
"chr19-0445",-0.601644614046601
"chr19-0446",-0.416062952174618
"chr19-0447",-0.367821021298144
"chr19-0448",-0.470730322640511
"chr19-0449",-0.286062498834884
"chr19-0450",-0.391019297905149
"chr19-0451",-0.320263511389985
"chr19-0452",-0.290187694658342
"chr19-0453",-0.369022457227915
"chr19-0454",-0.503103101829414
"chr19-0455",-0.494241515409424
"chr19-0456",-0.506883435992411
"chr19-0457",-0.331990153533665
"chr19-0458",-0.368239427656683
"chr19-0459",-0.299090304427629
"chr19-0460",-0.303177899634536
"chr19-0461",-0.306592995443818
"chr19-0462",-0.381974572103518
"chr19-0463",-0.449331052862464
"chr19-0464",-0.63652430041163
"chr19-0465",-0.170428764406966
"chr19-0466",-0.315274824679633
"chr19-0467",-0.355674504716989
"chr19-0468",-0.297180495224016
"chr19-0469",-0.294637066051435
"chr19-0470",-0.283893134268143
"chr19-0471",-0.358996391566145
"chr19-0472",-0.373299058880746
"chr19-0473",-0.343089489801144
"chr19-0474",-0.384373690567589
"chr19-0475",-0.308643160324426
"chr19-0476",-0.378914300738897
"chr19-0477",-0.373218805931226
"chr19-0478",-0.281167050109196
"chr19-0479",-0.445797380742248
"chr19-0480",-0.37875133537877
"chr19-0481",-0.533262373826417
"chr19-0482",-0.423446812302712
"chr19-0483",-0.298795112701926
"chr19-0484",-0.451111712341904
"chr19-0485",-0.299891490547098
"chr19-0486",-0.34429826350265
"chr19-0487",-0.343067280918244
"chr19-0488",-0.30260148670059
"chr2-0001",-0.144602042925549
"chr2-0002",-0.202332005052964
"chr2-0003",-0.179367506749166
"chr2-0004",-0.120626473160539
"chr2-0005",-0.147793313034906
"chr2-0006",-0.0751593242765611
"chr2-0007",-0.162329381495858
"chr2-0008",-0.175386100595532
"chr2-0009",-0.248257185204383
"chr2-0010",-0.262254677956261
"chr2-0011",-0.117494596291119
"chr2-0012",-0.237321193434517
"chr2-0013",-0.206179534648301
"chr2-0014",-0.143261226150241
"chr2-0015",-0.16898850012365
"chr2-0016",-0.255092548924865
"chr2-0017",-0.213522551725258
"chr2-0018",-0.185380548952908
"chr2-0019",-0.206201255113528
"chr2-0020",-0.173314022753949
"chr2-0021",-0.153890547022111
"chr2-0022",-0.02356756396619
"chr2-0023",-0.260458371207684
"chr2-0024",-0.189456232310045
"chr2-0025",-0.269580550884575
"chr2-0026",-0.186519711567775
"chr2-0027",-0.200825527054228
"chr2-0028",-0.253202394875084
"chr2-0029",-0.194567549447917
"chr2-0030",-0.0628470765755543
"chr2-0031",-0.19199964709138
"chr2-0032",-0.149471651437962
"chr2-0033",-0.27590721967129
"chr2-0034",-0.273466152662039
"chr2-0035",-0.140841053003291
"chr2-0036",-0.250813744368041
"chr2-0037",-0.196080367889764
"chr2-0038",-0.191992858954977
"chr2-0039",-0.168350500648875
"chr2-0040",-0.155756680171979
"chr2-0041",-0.221336566325061
"chr2-0042",-0.197770415447494
"chr2-0043",-0.220790654737575
"chr2-0044",-0.252594603559526
"chr2-0045",-0.200715196694035
"chr2-0046",-0.141383013940455
"chr2-0047",-0.158391489730993
"chr2-0048",-0.141994613774596
"chr2-0049",-0.0972587675318172
"chr2-0050",-0.32230398827611
"chr2-0051",-0.234171148753124
"chr2-0052",-0.113296963960425
"chr2-0053",-0.0226549669519939
"chr2-0054",-0.219616062560585
"chr2-0055",-0.363668605961338
"chr2-0056",-0.122658976063882
"chr2-0057",-0.205119261071536
"chr2-0058",-0.23148209029942
"chr2-0059",-0.256908688754876
"chr2-0060",-0.176928013310659
"chr2-0061",-0.207904610968802
"chr2-0062",-0.161573504123801
"chr2-0063",-0.249505336833105
"chr2-0064",-0.227297976770209
"chr2-0065",-0.417765909968596
"chr2-0066",-0.281325007968372
"chr2-0067",-0.255446071627249
"chr2-0068",-0.287222291063912
"chr2-0069",-0.336912711123193
"chr2-0070",-0.211353542907352
"chr2-0071",-0.26386109819397
"chr2-0072",-0.347672403354903
"chr2-0073",-0.235090522142173
"chr2-0074",-0.283076251763964
"chr2-0075",-0.270801960652628
"chr2-0076",-0.295887824673538
"chr2-0077",-0.208734063649363
"chr2-0078",-0.199722458276799
"chr2-0079",-0.219348455228455
"chr2-0080",-0.459213766250616
"chr2-0081",-0.272961487893384
"chr2-0082",-0.410076216999892
"chr2-0083",-0.23592025765849
"chr2-0084",-0.157384309519325
"chr2-0085",-0.230133307303958
"chr2-0086",-0.486818548679248
"chr2-0087",-0.239186587652917
"chr2-0088",-0.314851496571606
"chr2-0089",-0.30350121115129
"chr2-0090",-0.235943115886981
"chr2-0091",-0.265610452431791
"chr2-0092",-0.337800294978364
"chr2-0093",-0.12482810308309
"chr2-0094",-0.252424778419512
"chr2-0095",-0.10465637692173
"chr2-0096",-0.273705941650032
"chr2-0097",-0.0575220703380084
"chr2-0098",-0.161263258564327
"chr2-0099",-0.156332047856285
"chr2-0100",-0.22068937491983
"chr2-0101",-0.318671129433675
"chr2-0102",-0.257761936617228
"chr2-0103",-0.19955222059271
"chr2-0104",-0.113587060910849
"chr2-0105",-0.410095491835608
"chr2-0106",-0.281821216338346
"chr2-0107",-0.344086411991692
"chr2-0108",-0.317992975338635
"chr2-0109",-0.282151963283502
"chr2-0110",-0.449606318428744
"chr2-0111",-0.321369034732695
"chr2-0112",-0.295189443351854
"chr2-0113",-0.250629590334938
"chr2-0114",-0.193071295690736
"chr2-0115",-0.232401678181866
"chr2-0116",-0.224116334787772
"chr2-0117",-0.199084044925366
"chr2-0118",-0.1996060424904
"chr2-0119",-0.345069391785045
"chr2-0120",-0.242583620051107
"chr2-0121",-0.113990220782074
"chr2-0122",-0.13377932662813
"chr2-0123",-0.164942148859983
"chr2-0124",-0.0693759735132385
"chr2-0125",-0.0880317102551475
"chr2-0126",-0.177283591779915
"chr2-0127",-0.254627675256793
"chr2-0128",-0.233126869773236
"chr2-0129",-0.206783412080396
"chr2-0130",-0.202768183352187
"chr2-0131",-0.239863227963088
"chr2-0132",-0.163950868160589
"chr2-0133",-0.307971642065678
"chr2-0134",-0.225644218980854
"chr2-0135",-0.331261750738869
"chr2-0136",-0.287497237726616
"chr2-0137",-0.293022317580526
"chr2-0138",-0.247999253491576
"chr2-0139",-0.330164514880813
"chr2-0140",-0.181804754230997
"chr2-0141",-0.188642761800424
"chr2-0142",-0.18388992425065
"chr2-0143",-0.252697414611353
"chr2-0144",-0.217117568927436
"chr2-0145",-0.241828029675351
"chr2-0146",-0.140459427278407
"chr2-0147",-0.139765837241677
"chr2-0148",-0.157153510325324
"chr2-0149",-0.320453698734915
"chr2-0150",-0.378920615828244
"chr2-0151",-0.275329608794728
"chr2-0152",-0.288133728374736
"chr2-0153",-0.299760473475414
"chr2-0154",-0.260780020101965
"chr2-0155",-0.334355910586532
"chr2-0156",-0.257068140989731
"chr2-0157",-0.22720429297589
"chr2-0158",-0.277773167413582
"chr2-0159",-0.31020633332797
"chr2-0160",-0.314420899261282
"chr2-0161",-0.317603124619471
"chr2-0162",-0.26852356333173
"chr2-0163",-0.25038790441735
"chr2-0164",-0.28903979887691
"chr2-0165",-0.306720146968263
"chr2-0166",-0.414076519766204
"chr2-0167",-0.304040618253575
"chr2-0168",-0.32921332755853
"chr2-0169",-0.501567966206649
"chr2-0170",-0.327723541256101
"chr2-0171",-0.281220817853553
"chr2-0172",-0.278470838769857
"chr2-0173",-0.272562912850125
"chr2-0174",-0.256637129800641
"chr2-0175",-0.202896331959574
"chr2-0176",-0.410482322716889
"chr2-0177",-0.346899083488962
"chr2-0178",-0.286526658211592
"chr2-0179",-0.320184988823252
"chr2-0180",-0.348015073453589
"chr2-0181",-0.317035667045593
"chr2-0182",-0.308020761628979
"chr2-0183",-0.264708019642059
"chr2-0184",-0.301105146056907
"chr2-0185",-0.363201739607214
"chr2-0186",-0.325958200182205
"chr2-0187",-0.179095214530247
"chr2-0188",-0.212646630575572
"chr2-0189",-0.165931385840202
"chr2-0190",-0.225300535951817
"chr2-0191",-0.260329583371263
"chr2-0192",-0.214744631329035
"chr2-0193",-0.271526411931424
"chr2-0194",-0.540971511003346
"chr2-0195",-0.302902222141035
"chr2-0196",-0.242432144339621
"chr2-0197",-0.187682504880981
"chr2-0198",-0.329365063156999
"chr2-0199",-0.300827763606581
"chr2-0200",-0.280684731012047
"chr2-0201",-0.350086271676371
"chr2-0202",-0.351646365800361
"chr2-0203",-0.18564403347081
"chr2-0204",-0.330948200413274
"chr2-0205",-0.261665584681245
"chr2-0206",-0.259680647358934
"chr2-0207",-0.243173840387563
"chr2-0208",-0.24346916680671
"chr2-0209",-0.293975107048393
"chr2-0210",-0.328085786059097
"chr2-0211",-0.333966086541924
"chr2-0212",-0.437821027664534
"chr2-0213",-0.339398845381934
"chr2-0214",-0.386210133669209
"chr2-0215",-0.401857606272487
"chr2-0216",-0.327296989801996
"chr2-0217",-0.404908521410465
"chr2-0218",-0.271029490733582
"chr2-0219",-0.227859296138948
"chr2-0220",-0.262179748033527
"chr2-0221",-0.0582984185856211
"chr2-0222",-0.0999420979713205
"chr2-0223",-0.300555479248416
"chr2-0224",-0.253820189635826
"chr2-0225",-0.279032038388558
"chr2-0226",-0.258043437787659
"chr2-0227",-0.231622323278865
"chr2-0228",-0.206208121855649
"chr2-0229",-0.173130794606044
"chr2-0230",-0.190690554281813
"chr2-0231",-0.27020572778006
"chr2-0232",-0.261602071997528
"chr2-0233",-0.378794783495772
"chr2-0234",-0.38074040777284
"chr2-0235",-0.375067513625445
"chr2-0236",-0.274985537327832
"chr2-0237",-0.15746262353322
"chr2-0238",-0.159239791493535
"chr2-0239",-0.228204566753711
"chr2-0240",-0.157708506139156
"chr2-0241",-0.17716982973238
"chr2-0242",-0.303025621137937
"chr2-0243",-0.205396852665874
"chr2-0244",-0.209072897898982
"chr2-0245",-0.15598388144254
"chr2-0246",-0.470018224968385
"chr2-0247",-0.32389153686885
"chr2-0248",-0.290878660926972
"chr2-0249",-0.368833500198404
"chr2-0250",-0.328961573039145
"chr2-0251",-0.332786456134233
"chr2-0252",-0.324813089537693
"chr2-0253",-0.309956063506897
"chr2-0254",-0.305053258748813
"chr2-0255",-0.177065970822598
"chr2-0256",-0.319116765959062
"chr2-0257",-0.0981476340334569
"chr2-0258",-0.188760132482808
"chr2-0259",-0.152709696987095
"chr2-0260",-0.222396012699878
"chr2-0261",-0.0465101264907094
"chr2-0262",-0.144059094115715
"chr2-0263",0.0183985663535735
"chr2-0264",-0.0651527807392389
"chr2-0265",-0.0639774238719895
"chr2-0266",-0.319489161182771
"chr2-0267",-0.0716172866549067
"chr2-0268",-0.23490189616722
"chr2-0269",-0.219493167474375
"chr2-0270",-0.28340439734369
"chr2-0271",-0.235848895038795
"chr2-0272",-0.394828640740201
"chr2-0273",-0.301937335633938
"chr2-0274",-0.287752248669572
"chr2-0275",-0.341770493150265
"chr2-0276",-0.309205339085951
"chr2-0277",-0.23578730471963
"chr2-0278",-0.269163306979068
"chr2-0279",-0.270969623120366
"chr2-0280",-0.0852244811905681
"chr2-0281",-0.351590289442762
"chr2-0282",-0.445240132173023
"chr2-0283",-0.386867958804275
"chr2-0284",-0.261809544302321
"chr2-0285",-0.442652641890194
"chr2-0286",-0.450570475082785
"chr2-0287",-0.259907699056256
"chr2-0288",-0.312127213956268
"chr2-0289",-0.355074703898004
"chr2-0290",-0.42656585802222
"chr2-0291",-0.258469160262258
"chr2-0292",-0.394255716015943
"chr2-0293",-0.273875276854079
"chr2-0294",-0.156680159568816
"chr2-0295",-0.174295228075166
"chr2-0296",-0.063001573738841
"chr2-0297",-0.18222039411001
"chr2-0298",-0.291016116143088
"chr2-0299",-0.229258600979166
"chr2-0300",-0.287359189917827
"chr2-0301",-0.277506096472026
"chr2-0302",-0.193360827362549
"chr2-0303",-0.154241269314054
"chr2-0304",-0.181034801092868
"chr2-0305",-0.191445026452377
"chr2-0306",-0.195640663441623
"chr2-0307",-0.202288966064117
"chr2-0308",-0.154472712685016
"chr2-0309",-0.203674373951324
"chr2-0310",-0.89961041750622
"chr2-0311",-1.2953120439409
"chr2-0312",-1.09376574816232
"chr2-0313",-1.12715125439743
"chr2-0314",-1.18010547465048
"chr2-0315",-1.73074172610857
"chr2-0316",-1.39209270050755
"chr2-0317",-1.01914031359489
"chr2-0318",-1.13138649386748
"chr2-0319",-1.59746286134533
"chr2-0320",-1.39849531436911
"chr2-0321",-1.12332462938772
"chr2-0322",-1.25573038626986
"chr2-0323",-1.23220242179263
"chr2-0324",-1.21198579458062
"chr2-0325",-1.23145894629338
"chr2-0326",-1.13136611142143
"chr2-0327",-1.30404860045757
"chr2-0328",-0.318635546775119
"chr2-0329",-0.0817348709568866
"chr2-0330",-0.0628741949330951
"chr2-0331",-0.212979735242364
"chr2-0332",-0.23710074715134
"chr2-0333",-0.0584836979752428
"chr2-0334",-0.138738239906397
"chr2-0335",-0.291043009930105
"chr2-0336",-0.346401263108383
"chr2-0337",-0.194005362481437
"chr2-0338",-0.25789337073225
"chr2-0339",-0.330341940113998
"chr2-0340",-0.308802128818459
"chr2-0341",-0.325332083901421
"chr2-0342",-0.16036561466114
"chr2-0343",-0.209656309744893
"chr2-0344",-0.0308671488173486
"chr2-0345",-0.187308350663928
"chr2-0346",-0.143242016361056
"chr2-0347",-0.157723679574596
"chr2-0348",-0.336456201050257
"chr2-0349",-0.285822728896431
"chr2-0350",-0.478642027050999
"chr2-0351",-0.46316862287404
"chr2-0352",-0.229605525104307
"chr2-0353",-0.510392935640258
"chr2-0354",-0.365306803410738
"chr2-0355",-0.100685174879813
"chr2-0356",-0.230480033805702
"chr2-0357",-0.275082928545065
"chr2-0358",-0.197961861440901
"chr2-0359",-0.2985344487602
"chr2-0360",-0.227093865524771
"chr2-0361",-0.15026181986664
"chr2-0362",-0.178591302881987
"chr2-0363",-0.306686149371717
"chr2-0364",-0.120123931030435
"chr2-0365",-0.0973547841467096
"chr2-0366",-0.25129078491035
"chr2-0367",-0.262734618138084
"chr2-0368",-0.272669822365921
"chr2-0369",-0.546328595680648
"chr2-0370",-0.349427855124283
"chr2-0371",-0.316127587162452
"chr2-0372",-0.290124333892346
"chr2-0373",-0.279416227452601
"chr2-0374",-0.27907960538852
"chr2-0375",-0.500315494596228
"chr2-0376",-0.393907482777539
"chr2-0377",-0.398963071726843
"chr2-0378",-0.32654236180828
"chr2-0379",-0.362507809515603
"chr2-0380",-0.360573169547734
"chr2-0381",-0.148324028730058
"chr2-0382",-0.304272651489828
"chr2-0383",-0.17673329709203
"chr2-0384",-0.234600646055875
"chr2-0385",-0.132387138970865
"chr2-0386",-0.23267119473822
"chr2-0387",-0.349019043028081
"chr2-0388",-0.25844415774722
"chr2-0389",-0.274051648790876
"chr2-0390",-0.240792717230651
"chr2-0391",-0.206808820170823
"chr2-0392",-0.177372498275458
"chr2-0393",-0.1421729349646
"chr2-0394",-0.218426809507697
"chr2-0395",-0.189890368781503
"chr2-0396",-0.227733043506212
"chr2-0397",-0.166804280648669
"chr2-0398",-0.255210891430042
"chr2-0399",-0.296013235814949
"chr2-0400",-0.225434680263078
"chr2-0401",-0.347825796210637
"chr2-0402",-0.463855150681852
"chr2-0403",-0.247821445084538
"chr2-0404",-0.176867747898774
"chr2-0405",-0.258377172890635
"chr2-0406",-0.314369867289273
"chr2-0407",-0.200586384942278
"chr2-0408",-0.189620603010124
"chr2-0409",-0.262187618120527
"chr2-0410",-0.292305640299086
"chr2-0411",-0.139491296450949
"chr2-0412",-0.246214760468567
"chr2-0413",-0.144770652446751
"chr2-0414",-0.278977537365451
"chr2-0415",-0.186046068864257
"chr2-0416",-0.169060948264725
"chr2-0417",-0.398885739875014
"chr2-0418",-0.246195376457297
"chr2-0419",-0.139417873505998
"chr2-0420",-0.307757332213038
"chr2-0421",-0.236175720484207
"chr2-0422",-0.186166200594354
"chr2-0423",-0.26860407493319
"chr2-0424",-0.201197007810106
"chr2-0425",-0.157857027784664
"chr2-0426",-0.264367044141939
"chr2-0427",-0.151966445415573
"chr2-0428",-0.243020282068795
"chr2-0429",-0.26361128169973
"chr2-0430",-0.217557726710032
"chr2-0431",-0.221060879913137
"chr2-0432",-0.395221553055702
"chr2-0433",-0.324752424233018
"chr2-0434",-0.195873659060106
"chr2-0435",-0.323373166930217
"chr2-0436",-0.505169601550252
"chr2-0437",-0.333633579812831
"chr2-0438",-0.399022733592163
"chr2-0439",-0.320052337521354
"chr2-0440",-0.188263843978288
"chr2-0441",-0.22510358580468
"chr2-0442",-0.240306691368723
"chr2-0443",-0.355193489031712
"chr2-0444",-0.346483098658834
"chr2-0445",-0.296023306298569
"chr2-0446",-0.370743862176366
"chr2-0447",-0.441743682028816
"chr2-0448",-0.174087393060837
"chr2-0449",-0.255443030766076
"chr2-0450",-0.240358254079147
"chr2-0451",-0.188415308256907
"chr2-0452",-0.320323095301074
"chr2-0453",-0.250514860022733
"chr2-0454",-0.321057475812695
"chr2-0455",-0.246739824720456
"chr2-0456",-0.401938942150636
"chr2-0457",-0.32039926749193
"chr2-0458",-0.176913910826949
"chr2-0459",-0.328283013397793
"chr2-0460",-0.235600520782408
"chr2-0461",-0.304997162954481
"chr2-0462",-0.143033130241064
"chr2-0463",-0.442106515496282
"chr2-0464",-0.344618434820849
"chr2-0465",-0.220658250660047
"chr2-0466",-0.256649064886178
"chr2-0467",-0.312648253442347
"chr2-0468",-0.425854841353135
"chr2-0469",-0.213397972537895
"chr2-0470",-0.413286915011386
"chr2-0471",-0.264879032987918
"chr2-0472",-0.325388963851038
"chr2-0473",-0.269888472123119
"chr2-0474",-0.391421766218221
"chr2-0475",-0.219039742391614
"chr2-0476",-0.233523424779049
"chr2-0477",-0.262709014862107
"chr2-0478",-0.359524855085719
"chr2-0479",-0.222954111743151
"chr2-0480",-0.206916113185186
"chr2-0481",-0.179442736108252
"chr2-0482",-0.201432319807846
"chr2-0483",-0.29103763583817
"chr2-0484",-0.189089425841945
"chr2-0485",-0.228320247362831
"chr2-0486",-0.0427108230381155
"chr2-0487",-0.118733813165544
"chr2-0488",-0.182641786280373
"chr2-0489",-0.202741317730773
"chr2-0490",-0.139471456317232
"chr2-0491",-0.130951541685824
"chr2-0492",-0.196834766787576
"chr2-0493",-0.192022074029328
"chr2-0494",-0.17646693031702
"chr2-0495",-0.0741996511922836
"chr2-0496",-0.0787787485337254
"chr2-0497",-0.184447442961661
"chr2-0498",-0.299527154171531
"chr2-0499",-0.410245987676855
"chr2-0500",-0.380205532664801
"chr2-0501",-0.314116318061787
"chr2-0502",-0.300761658787978
"chr2-0503",-0.359423644034894
"chr2-0504",-0.409661383900211
"chr2-0505",-0.374965020013211
"chr2-0506",-0.405230115837891
"chr2-0507",-0.293302736217671
"chr2-0508",-0.320058804119241
"chr2-0509",-0.452974460226186
"chr2-0510",-0.288355730318845
"chr2-0511",-0.351950139587148
"chr2-0512",-0.302671347116202
"chr2-0513",-0.280821737362844
"chr2-0514",-0.0839622236422495
"chr2-0515",-0.293678530037793
"chr2-0516",-0.244889608179093
"chr2-0517",-0.298150855334799
"chr2-0518",-0.235767210167519
"chr2-0519",-0.0532444957848902
"chr2-0520",-0.0552311506842096
"chr2-0521",-0.313360498656131
"chr2-0522",-0.242290840181287
"chr2-0523",-0.497430672935172
"chr2-0524",-0.388852396109295
"chr2-0525",-0.364510220244405
"chr2-0526",-0.273489000241297
"chr2-0527",-0.184484145202674
"chr2-0528",-0.363654753857438
"chr2-0529",-0.175324262348131
"chr2-0530",-0.0935446563357713
"chr2-0531",-0.239333422785821
"chr2-0532",0.129143985144343
"chr2-0533",-0.083017133270343
"chr2-0534",-0.135708852823148
"chr2-0535",-0.450406580230679
"chr2-0536",-0.269020848556116
"chr2-0537",-0.274189642971118
"chr2-0538",-0.312291523152999
"chr2-0539",-0.227806823383429
"chr2-0540",-0.383363935016394
"chr2-0541",-0.271087771207318
"chr2-0542",-0.223119070284941
"chr2-0543",-0.171674200979142
"chr2-0544",-0.247501856946281
"chr2-0545",-0.31852652466922
"chr2-0546",-0.242804603492503
"chr2-0547",-0.292712795860306
"chr2-0548",-0.474099393327515
"chr2-0549",-0.286962626477
"chr2-0550",-0.337061712440599
"chr2-0551",-0.359023200357966
"chr2-0552",-0.287145081775914
"chr2-0553",-0.321619549050813
"chr2-0554",-0.269394472497254
"chr2-0555",-0.305604122698127
"chr2-0556",-0.270030238136963
"chr2-0557",-0.219141216093134
"chr2-0558",-0.155513923741553
"chr2-0559",-0.255942570913158
"chr2-0560",-0.165856446826802
"chr2-0561",-0.266255701304868
"chr2-0562",-0.210903153220925
"chr2-0563",-0.224705106594009
"chr2-0564",-0.155840826473641
"chr2-0565",-0.252706976742699
"chr2-0566",-0.238125380224919
"chr2-0567",-0.328964073285576
"chr2-0568",-0.232824305374215
"chr2-0569",-0.258910832338149
"chr2-0570",-0.205678714693227
"chr2-0571",-0.358070043124165
"chr2-0572",-0.343099518048805
"chr2-0573",-0.135522978701259
"chr2-0574",-0.183518868762562
"chr2-0575",-0.443470736106743
"chr2-0576",-0.222834600240874
"chr2-0577",-0.204272311584545
"chr2-0578",-0.129029804621175
"chr2-0579",-0.273242200794908
"chr2-0580",-0.512261117792339
"chr2-0581",-0.311744244473913
"chr2-0582",-0.205064715896505
"chr2-0583",-0.172588366098834
"chr2-0584",-0.214930026869408
"chr2-0585",-0.176608831075013
"chr2-0586",-0.238905678026104
"chr2-0587",-0.379360732911999
"chr2-0588",-0.256853989427112
"chr2-0589",-0.225354978036428
"chr2-0590",-0.246816897202215
"chr2-0591",-0.265439462942459
"chr2-0592",-0.0846554074519871
"chr2-0593",-0.291254844470901
"chr2-0594",-0.215496563969358
"chr2-0595",-0.147873469986475
"chr2-0596",-0.30753690187779
"chr2-0597",-0.218460201624656
"chr2-0598",-0.145606885457267
"chr2-0599",-0.254523460566787
"chr2-0600",-0.184750141900677
"chr2-0601",-0.190287993660557
"chr2-0602",-0.111352996691541
"chr2-0603",-0.148157373198884
"chr2-0604",-0.114086051884778
"chr2-0605",-0.210492517204695
"chr2-0606",-0.230533982384075
"chr2-0607",-0.291810496694173
"chr2-0608",-0.183272964880212
"chr2-0609",-0.261215376479513
"chr2-0610",-0.247167887026228
"chr2-0611",-0.286889353639662
"chr2-0612",-0.305043493360043
"chr2-0613",-0.0253248162092227
"chr2-0614",-0.159507375071284
"chr2-0615",-0.119602475890682
"chr2-0616",-0.318579596280764
"chr2-0617",-0.314718704293255
"chr2-0618",-0.132885044566838
"chr2-0619",-0.360761004061419
"chr2-0620",-0.262669487422715
"chr2-0621",-0.18139369838275
"chr2-0622",-0.233505491645596
"chr2-0623",-0.113888251620979
"chr2-0624",-0.21848078167034
"chr2-0625",-0.195090972868291
"chr2-0626",-0.228688717469528
"chr2-0627",-0.48077878521864
"chr2-0628",-0.284726774414098
"chr2-0629",-0.4764001717485
"chr2-0630",-0.215868648206651
"chr2-0631",-0.20712522365396
"chr2-0632",-0.471523612037938
"chr2-0633",-0.251911777945758
"chr2-0634",-0.428101707588476
"chr2-0635",-0.197097094790554
"chr2-0636",-0.193866797068064
"chr2-0637",-0.0996760689890074
"chr2-0638",-0.186289302949634
"chr2-0639",-0.273626608172463
"chr2-0640",-0.261186895029793
"chr2-0641",-0.231006693952925
"chr2-0642",-0.179804513471703
"chr2-0643",-0.316435592418644
"chr2-0644",-0.251206370410466
"chr2-0645",-0.307826782604779
"chr2-0646",-0.206669028615839
"chr2-0647",-0.266986336711446
"chr2-0648",-0.0411593828344953
"chr2-0649",-0.0666384383007939
"chr2-0650",-0.324292453196882
"chr2-0651",-0.368835427360046
"chr2-0652",-0.229268237706889
"chr2-0653",-0.229174605984622
"chr2-0654",-0.33574172667183
"chr2-0655",-0.258514793102193
"chr2-0656",-0.346928372520986
"chr2-0657",-0.264982790818786
"chr2-0658",-0.256537855903474
"chr2-0659",-0.259653071504357
"chr2-0660",-0.377697060778183
"chr2-0661",-0.358056133752051
"chr2-0662",-0.261164486930384
"chr2-0663",-0.184491876134785
"chr2-0664",-0.0623155092483718
"chr2-0665",-0.251345584331648
"chr2-0666",-0.343247924263568
"chr2-0667",-0.398783038423996
"chr2-0668",-0.138807443154009
"chr2-0669",-0.198067705085389
"chr2-0670",-0.24132714372544
"chr2-0671",-0.144701312502065
"chr2-0672",-0.237883694500719
"chr2-0673",-0.205590201271308
"chr2-0674",-0.286995643279788
"chr2-0675",-0.100043772106266
"chr2-0676",-0.382012677850978
"chr2-0677",-0.216108707210054
"chr2-0678",-0.2845700887244
"chr2-0679",-0.244051104249806
"chr2-0680",-0.193387624642071
"chr2-0681",-0.232558956487661
"chr2-0682",-0.36367457886231
"chr2-0683",-0.283521037714992
"chr2-0684",-0.391196447819825
"chr2-0685",-0.298554204211435
"chr2-0686",-0.265786575844093
"chr2-0687",-0.356117647862635
"chr2-0688",-0.224515672366465
"chr2-0689",-0.23457107625948
"chr2-0690",-0.272440533143336
"chr2-0691",-0.368635003297703
"chr2-0692",-0.423397080995069
"chr2-0693",-0.172750510436238
"chr2-0694",-0.223089545565122
"chr2-0695",-0.265586806396227
"chr2-0696",-0.315454696356647
"chr2-0697",-0.27799136202568
"chr2-0698",-0.306124906203038
"chr2-0699",-0.247450993047706
"chr2-0700",-0.209381357198802
"chr2-0701",-0.185194388945981
"chr2-0702",-0.388611252948149
"chr2-0703",-0.461486506466794
"chr2-0704",-0.364782840487067
"chr2-0705",-0.125306948198229
"chr2-0706",-0.232438889933628
"chr2-0707",-0.241148078384273
"chr2-0708",-0.279732038472248
"chr2-0709",-0.323649749810746
"chr2-0710",-0.304508309332625
"chr2-0711",-0.146824655864858
"chr2-0712",-0.116897536326231
"chr2-0713",-0.280948106963768
"chr2-0714",-0.271836308484164
"chr2-0715",-0.237417378220612
"chr2-0716",-0.303910593677728
"chr2-0717",-0.366434691344519
"chr2-0718",-0.36557130361414
"chr2-0719",-0.230377131367164
"chr2-0720",-0.314924588229995
"chr2-0721",-0.387692564965277
"chr2-0722",-0.436916611506975
"chr2-0723",-0.257316464693694
"chr2-0724",-0.311538733601305
"chr2-0725",-0.275918277364082
"chr2-0726",-0.248739407472586
"chr2-0727",-0.36200314019433
"chr2-0728",-0.252665552956895
"chr2-0729",-0.349373561692036
"chr2-0730",-0.298663536649368
"chr2-0731",-0.318467244114273
"chr2-0732",-0.199849205619395
"chr2-0733",-0.463141392696098
"chr2-0734",-0.238242952307155
"chr2-0735",-0.193512981674557
"chr2-0736",-0.181959051355582
"chr2-0737",-0.286237231159378
"chr2-0738",-0.314637908428576
"chr2-0739",-0.302528896318601
"chr2-0740",-0.193313290606048
"chr2-0741",-0.266810968412169
"chr2-0742",-0.238516693729309
"chr2-0743",-0.318422758747121
"chr2-0744",-0.189665440175231
"chr2-0745",-0.446575242369778
"chr2-0746",-0.309719014537984
"chr2-0747",-0.318272600063098
"chr2-0748",-0.284016786559635
"chr2-0749",-0.504831311010229
"chr2-0750",-0.10198364778163
"chr2-0751",-0.30348621776117
"chr2-0752",-0.278219349670917
"chr2-0753",-0.416860834281991
"chr2-0754",-0.205206976185322
"chr2-0755",-0.212813942273476
"chr2-0756",-0.122760019684013
"chr2-0757",-0.254368199478487
"chr2-0758",0.0593863287741786
"chr2-0759",-0.245814117158198
"chr2-0760",-0.0908226189497946
"chr2-0761",-0.183996529882951
"chr2-0762",-0.198537089626136
"chr2-0763",-0.231188174612278
"chr2-0764",-0.214212329497228
"chr2-0765",-0.252810711869542
"chr2-0766",-0.243805931233105
"chr2-0767",-0.235762922874434
"chr2-0768",-0.233734918316962
"chr2-0769",-0.151867776948621
"chr2-0770",-0.00553500641083216
"chr2-0771",-0.256976813482341
"chr2-0772",-0.246133053263729
"chr2-0773",-0.393405029654254
"chr2-0774",-0.315186130970589
"chr2-0775",-0.477194300079003
"chr2-0776",-0.332683454039606
"chr2-0777",-0.387239826683076
"chr2-0778",-0.406689163852835
"chr2-0779",-0.282048384639851
"chr2-0780",-0.257855884128211
"chr2-0781",-0.327307838976225
"chr2-0782",-0.135087691759636
"chr2-0783",-0.121767573995748
"chr2-0784",-0.430124535209979
"chr2-0785",-0.282364778942036
"chr2-0786",-0.169767959991815
"chr2-0787",-0.203832987466118
"chr2-0788",-0.23250298884999
"chr2-0789",-0.199751696082511
"chr2-0790",-0.285898968005087
"chr2-0791",-0.131140151599665
"chr2-0792",-0.169779796663747
"chr2-0793",-0.297500260611104
"chr2-0794",-0.140969275047445
"chr2-0795",-0.080352326710463
"chr2-0796",-0.180729034301431
"chr2-0797",-0.104667228375843
"chr2-0798",-0.215740156870777
"chr2-0799",-0.311425180980076
"chr2-0800",-0.199981297170238
"chr2-0801",-0.0384092312144813
"chr2-0802",-0.145503007604486
"chr2-0803",-0.125606941575422
"chr2-0804",-0.14053507343308
"chr2-0805",-0.149366831145054
"chr2-0806",-0.180895920692376
"chr2-0807",0.102846684542844
"chr2-0808",-0.186201109705214
"chr2-0809",-0.0425037792202971
"chr2-0810",-0.121666555548465
"chr2-0811",-0.151227687077083
"chr2-0812",-0.179822267013255
"chr2-0813",-0.0245746871653927
"chr2-0814",-0.156646693917392
"chr2-0815",-0.180103040587958
"chr2-0816",-0.211547418880115
"chr2-0817",-0.140137470784212
"chr2-0818",-0.0768829819710828
"chr2-0819",-0.118874220970086
"chr2-0820",-0.106787434191106
"chr2-0821",-0.229417064699991
"chr2-0822",-0.273291081692868
"chr2-0823",-0.201448774347796
"chr2-0824",-0.225288619817824
"chr2-0825",-0.199437332975191
"chr2-0826",-0.269213791720786
"chr2-0827",-0.0912686902023939
"chr2-0828",-0.164987782505494
"chr2-0829",-0.250691585098733
"chr2-0830",-0.150204502041023
"chr2-0831",-0.192892692639234
"chr2-0832",-0.217429324364681
"chr2-0833",-0.103563394949815
"chr2-0834",-0.199357134576582
"chr2-0835",-0.130554535116893
"chr2-0836",-0.358137843524266
"chr2-0837",-0.416671639044009
"chr2-0838",-0.182619381506548
"chr2-0839",-0.170333121991108
"chr2-0840",-0.207151342962171
"chr2-0841",-0.316389002444106
"chr2-0842",-0.329147726285567
"chr2-0843",-0.42184247088857
"chr2-0844",-0.185049246129135
"chr2-0845",-0.18332602415516
"chr2-0846",-0.305761676909144
"chr2-0847",-0.378697387851013
"chr2-0848",-0.252994244604749
"chr2-0849",-0.285385697514717
"chr2-0850",-0.265098802773668
"chr2-0851",-0.159768238829718
"chr2-0852",-0.18957719309079
"chr2-0853",-0.125593027699302
"chr2-0854",-0.232148516819028
"chr2-0855",-0.198504341300232
"chr2-0856",-0.31403169908538
"chr2-0857",-0.133714535564884
"chr2-0858",-0.137430823892819
"chr2-0859",-0.166563503783987
"chr2-0860",-0.0657292047129275
"chr2-0861",-0.178735598674929
"chr2-0862",-0.154446547193699
"chr2-0863",-0.221596587401187
"chr2-0864",-0.149773569716343
"chr2-0865",-0.107805767624809
"chr2-0866",-0.281239671692002
"chr2-0867",-0.416444702672512
"chr2-0868",-0.221057923612859
"chr2-0869",-0.305760504235272
"chr2-0870",-0.308159900681906
"chr2-0871",-0.18994419362458
"chr2-0872",-0.289630598119841
"chr2-0873",-0.311334299039276
"chr2-0874",-0.232666978658936
"chr2-0875",-0.241804903493423
"chr2-0876",-0.22698582562265
"chr2-0877",-0.279239838994454
"chr2-0878",-0.165011113328824
"chr2-0879",-0.343748512340323
"chr2-0880",-0.129885796949283
"chr2-0881",-0.130138931948495
"chr2-0882",-0.313583337104431
"chr2-0883",-0.283710854522027
"chr2-0884",-0.130061241947041
"chr2-0885",-0.198900062342723
"chr2-0886",-0.221743197059477
"chr2-0887",-0.267883826528622
"chr2-0888",-0.247907251783983
"chr2-0889",-0.021107428131815
"chr2-0890",-0.111642018481612
"chr2-0891",-0.111550304538552
"chr2-0892",-0.170485873829901
"chr2-0893",-0.225010874872631
"chr2-0894",-0.0429321627456508
"chr2-0895",-0.125032710453291
"chr2-0896",-0.103017702665614
"chr2-0897",-0.139780419945044
"chr2-0898",-0.335109694716496
"chr2-0899",-0.237216942614067
"chr2-0900",-0.129903591324226
"chr2-0901",-0.268710438997346
"chr2-0902",-0.158854099505476
"chr2-0903",-0.234078054786631
"chr2-0904",0.00115427901466828
"chr2-0905",-0.189987931561829
"chr2-0906",-0.31890499652112
"chr2-0907",-0.142924552740085
"chr2-0908",-0.184601978097146
"chr2-0909",-0.136950087370681
"chr2-0910",-0.219536490044435
"chr2-0911",-0.134486890792713
"chr2-0912",-0.138909811708494
"chr2-0913",-0.340258026747518
"chr2-0914",-0.26032874999409
"chr2-0915",-0.159052455028242
"chr2-0916",-0.271573700775228
"chr2-0917",-0.257510667176408
"chr2-0918",-0.219864077497363
"chr2-0919",-0.00753449183951054
"chr2-0920",-0.289276209749896
"chr2-0921",-0.293831304209327
"chr2-0922",-0.386535072425021
"chr2-0923",-0.356877008192236
"chr2-0924",-0.383828658183286
"chr2-0925",-0.251630736003296
"chr2-0926",-0.257860506232117
"chr2-0927",-0.390754917680191
"chr2-0928",-0.111815460845076
"chr2-0929",-0.181018308779392
"chr2-0930",-0.143280901424823
"chr2-0931",-0.204310893532813
"chr2-0932",-0.370451913202246
"chr2-0933",-0.340646580315871
"chr2-0934",-0.347892637756326
"chr2-0935",-0.354608338437199
"chr2-0936",-0.28506922364344
"chr2-0937",-0.24127180890858
"chr2-0938",-0.210081222394564
"chr2-0939",-0.322371498793839
"chr2-0940",-0.215071058219715
"chr2-0941",-0.277598881550328
"chr2-0942",-0.450067012885136
"chr2-0943",-0.3084920830033
"chr2-0944",-0.234482094467939
"chr2-0945",-0.336931885612322
"chr2-0946",-0.313958681187821
"chr2-0947",-0.193158901113306
"chr2-0948",-0.343270653777873
"chr2-0949",-0.335720757565027
"chr2-0950",-0.223866635212768
"chr2-0951",-0.161457178039424
"chr2-0952",-0.238902117304767
"chr2-0953",-0.194449163674079
"chr2-0954",-0.277712397804158
"chr2-0955",-0.251516864923139
"chr2-0956",-0.179931848486001
"chr2-0957",-0.133731728377824
"chr2-0958",-0.164254448794498
"chr2-0959",-0.193839817661018
"chr2-0960",-0.102499339144011
"chr2-0961",-0.204647155540322
"chr2-0962",-0.270140601983869
"chr2-0963",-0.219128626302588
"chr2-0964",-0.2113907886212
"chr2-0965",-0.197912814911515
"chr2-0966",-0.169535561532806
"chr2-0967",-0.25583909617643
"chr2-0968",-0.0619784125689406
"chr2-0969",-0.285341109162585
"chr2-0970",-0.206717806419264
"chr2-0971",-0.205715287406776
"chr2-0972",-0.202870548104076
"chr2-0973",-0.183079605579253
"chr2-0974",-0.225292876953665
"chr2-0975",-0.112512010151826
"chr2-0976",-0.119269975352526
"chr2-0977",-0.170226972110761
"chr2-0978",-0.241590316865346
"chr2-0979",-0.135299842289625
"chr2-0980",-0.15021341689952
"chr2-0981",-0.216435959914187
"chr2-0982",-0.317887024933451
"chr2-0983",-0.221951878439012
"chr2-0984",-0.336794468053984
"chr2-0985",-0.266231174143807
"chr2-0986",-0.281357468298449
"chr2-0987",-0.319497167070655
"chr2-0988",-0.232057595813859
"chr2-0989",-0.0325091692325339
"chr2-0990",0.00363715539869541
"chr2-0991",-0.158617049192023
"chr2-0992",-0.259190095459002
"chr2-0993",-0.154335521659823
"chr2-0994",-0.271146945611016
"chr2-0995",-0.128476640907402
"chr2-0996",-0.255233057241769
"chr2-0997",-0.32834991515829
"chr2-0998",-0.147912033269277
"chr2-0999",-0.365306206645142
"chr2-1000",-0.200808006640321
"chr2-1001",-0.191117746086349
"chr2-1002",-0.130505773316828
"chr2-1003",-0.239016413689987
"chr2-1004",-0.330899989537601
"chr2-1005",-0.25677099758894
"chr2-1006",-0.226520691653874
"chr2-1007",-0.0784750393030366
"chr2-1008",-0.247179145217737
"chr2-1009",-0.304202840416404
"chr2-1010",-0.280149123723725
"chr2-1011",-0.313075393480528
"chr2-1012",-0.166395812765079
"chr2-1013",-0.156272223455012
"chr2-1014",-0.209975400365609
"chr2-1015",-0.198090963906556
"chr2-1016",-0.148908899541283
"chr2-1017",-0.447385320561168
"chr2-1018",-0.341393006105114
"chr2-1019",-0.224803794292204
"chr2-1020",-0.307653156436038
"chr2-1021",-0.214680224868194
"chr2-1022",-0.229698406443284
"chr2-1023",-0.222759342292479
"chr2-1024",-0.291071050175019
"chr2-1025",-0.165008093493047
"chr2-1026",-0.175566485730883
"chr2-1027",0.0285045191266823
"chr2-1028",-0.280301996118147
"chr2-1029",-0.165644656408678
"chr2-1030",-0.229833891591846
"chr2-1031",-0.238388238604799
"chr2-1032",-0.214849316329477
"chr2-1033",-0.199706153818601
"chr2-1034",-0.218162192837316
"chr2-1035",-0.233181041888756
"chr2-1036",-0.132552718809252
"chr2-1037",-0.211173668200927
"chr2-1038",-0.256756853782677
"chr2-1039",-0.278348892901298
"chr2-1040",-0.166273559205525
"chr2-1041",-0.138471262386276
"chr2-1042",-0.30292224496542
"chr2-1043",-0.165026995824143
"chr2-1044",-0.224321042373534
"chr2-1045",-0.213718829316122
"chr2-1046",-0.248977481895379
"chr2-1047",-0.14223556728024
"chr2-1048",-0.173575013171453
"chr2-1049",-0.169291096544623
"chr2-1050",-0.100226346048973
"chr2-1051",-0.247794153527853
"chr2-1052",-0.243080879158764
"chr2-1053",-0.325795283354974
"chr2-1054",-0.0869451403214635
"chr2-1055",-0.205601292476109
"chr2-1056",-0.168956380933098
"chr2-1057",-0.137461805945187
"chr2-1058",-0.15394898085031
"chr2-1059",-0.321602681876673
"chr2-1060",-0.225282750563866
"chr2-1061",-0.26266775779449
"chr2-1062",-0.183352566761655
"chr2-1063",-0.21090832057286
"chr2-1064",-0.300301852181817
"chr2-1065",-0.350989155197622
"chr2-1066",-0.318533548258212
"chr2-1067",-0.280673254010783
"chr2-1068",-0.00447539062376716
"chr2-1069",-0.228433849368523
"chr2-1070",-0.0802391823188616
"chr2-1071",-0.365086690072854
"chr2-1072",-0.144615827087114
"chr2-1073",-0.270610439777899
"chr2-1074",-0.210203918594973
"chr2-1075",-0.260058425070235
"chr2-1076",-0.461884166206016
"chr2-1077",-0.369383425227467
"chr2-1078",-0.0574953238165936
"chr2-1079",-0.150799379887992
"chr2-1080",-0.243355877383411
"chr2-1081",-0.203832874445492
"chr2-1082",-0.301154835871473
"chr2-1083",-0.509342295561287
"chr2-1084",-0.392447891722865
"chr2-1085",-0.480644880959443
"chr2-1086",-0.484680831458376
"chr2-1087",-0.36560282447551
"chr2-1088",-0.382647399432084
"chr2-1089",-0.281403132354567
"chr2-1090",-0.222357639536662
"chr2-1091",-0.333903150649856
"chr2-1092",-0.272398796851683
"chr2-1093",-0.216510672165564
"chr2-1094",-0.197843371534024
"chr2-1095",-0.335543605463744
"chr2-1096",-0.440809262250232
"chr2-1097",-0.331020632386037
"chr2-1098",-0.364187680116375
"chr2-1099",-0.255965843050619
"chr2-1100",-0.212469172553695
"chr2-1101",-0.107690919472212
"chr2-1102",-0.487009023890082
"chr2-1103",-0.306459445672893
"chr2-1104",-0.207523726491043
"chr2-1105",-0.451321625658559
"chr2-1106",-0.215174394302002
"chr2-1107",-0.142891268351091
"chr2-1108",-0.153809190371168
"chr2-1109",-0.0445999476707636
"chr2-1110",-0.141908332164325
"chr2-1111",-0.053472626549329
"chr2-1112",-0.22214363717569
"chr2-1113",0.0133142055030343
"chr2-1114",-0.201496635988948
"chr2-1115",-0.0938244239017954
"chr2-1116",-0.141964399970932
"chr2-1117",-0.239580485313441
"chr2-1118",-0.242886805778956
"chr2-1119",-0.539052660512529
"chr2-1120",-0.440610000116427
"chr2-1121",-0.273792733780755
"chr2-1122",-0.168103833257159
"chr2-1123",-0.352834001515888
"chr2-1124",-0.216776050897204
"chr2-1125",-0.280924967672409
"chr2-1126",-0.230510583324878
"chr2-1127",-0.132076602928381
"chr2-1128",-0.150231083380668
"chr2-1129",-0.188723014808893
"chr2-1130",-0.275982117521672
"chr2-1131",-0.333020183750004
"chr2-1132",-0.333273222011464
"chr2-1133",-0.287215510199444
"chr2-1134",-0.319705672241412
"chr2-1135",-0.269372436128806
"chr2-1136",-0.348624603958499
"chr2-1137",-0.289229106515459
"chr2-1138",-0.283143788179237
"chr2-1139",-0.139664064104691
"chr2-1140",-0.157804366756828
"chr2-1141",-0.305185639754002
"chr2-1142",-0.113369254035568
"chr2-1143",-0.184082007555821
"chr2-1144",-0.126369168500649
"chr2-1145",-0.185524354999246
"chr2-1146",-0.247646401082894
"chr2-1147",-0.204227007711234
"chr2-1148",-0.427799181670376
"chr2-1149",-0.0694212986213957
"chr2-1150",-0.160093077779715
"chr2-1151",-0.187374119458942
"chr2-1152",-0.215189168809133
"chr2-1153",-0.123282754406803
"chr2-1154",-0.252237696077398
"chr2-1155",-0.274672380239112
"chr2-1156",-0.203212294769064
"chr2-1157",-0.119424945589284
"chr2-1158",-0.240634377314894
"chr2-1159",-0.292159939546868
"chr2-1160",-0.243184426143316
"chr2-1161",-0.405755961507903
"chr2-1162",-0.209831733555556
"chr2-1163",-0.0817349579739257
"chr2-1164",-0.189556705852955
"chr2-1165",-0.271714279378248
"chr2-1166",-0.229100927722547
"chr2-1167",-0.263476796072299
"chr2-1168",-0.221238849129082
"chr2-1169",-0.293566080259034
"chr2-1170",-0.276226243388947
"chr2-1171",-0.396775577181866
"chr2-1172",-0.261214469737618
"chr2-1173",-0.25141565362961
"chr2-1174",-0.199591568257904
"chr2-1175",-0.190209075842643
"chr2-1176",-0.0126439023249712
"chr2-1177",-0.121491718992484
"chr2-1178",-0.165810202582651
"chr2-1179",-0.116297591124902
"chr2-1180",-0.289148615199201
"chr2-1181",-0.182835434573878
"chr2-1182",-0.164017910764666
"chr2-1183",-0.144471087465537
"chr2-1184",-0.243176162076665
"chr2-1185",-0.495592790605248
"chr2-1186",-0.316504538262514
"chr2-1187",-0.399281210303009
"chr2-1188",-0.472538739815547
"chr2-1189",-0.480893723724236
"chr2-1190",-0.390235239941013
"chr2-1191",-0.385615778650752
"chr2-1192",-0.336271607958726
"chr2-1193",-0.355975258170885
"chr2-1194",-0.336744112235025
"chr2-1195",-0.310706652801606
"chr2-1196",-0.340818477794497
"chr2-1197",-0.271612163899489
"chr2-1198",-0.250953881321764
"chr2-1199",-0.239708537821839
"chr2-1200",-0.216036580007614
"chr2-1201",-0.452914887721201
"chr2-1202",-0.198543550910202
"chr2-1203",-0.306159320872246
"chr2-1204",-0.231134955783227
"chr2-1205",-0.168975196736649
"chr2-1206",-0.10191558881221
"chr2-1207",-0.336357098406261
"chr2-1208",-0.197736046377215
"chr2-1209",-0.204117198602858
"chr2-1210",-0.340876901513806
"chr2-1211",-0.153828978111089
"chr2-1212",-0.330298162121116
"chr2-1213",-0.449118570662963
"chr2-1214",-0.24191097720153
"chr2-1215",-0.231282585711012
"chr2-1216",-0.155052485850513
"chr2-1217",-0.380290255417053
"chr2-1218",-0.430395040327879
"chr2-1219",-0.476427713699341
"chr2-1220",-0.193542885675245
"chr2-1221",-0.191699520579504
"chr2-1222",-0.341571292950899
"chr2-1223",-0.277403899229645
"chr2-1224",-0.130252566442474
"chr2-1225",-0.158163556968159
"chr2-1226",-0.216570645519882
"chr2-1227",-0.21381510100259
"chr2-1228",-0.167277208030623
"chr2-1229",-0.134330948555958
"chr2-1230",-0.315447371077644
"chr2-1231",-0.197307888932623
"chr2-1232",-0.283476798463889
"chr2-1233",-0.0749325754867957
"chr2-1234",-0.140470687725866
"chr2-1235",-0.309360590633168
"chr2-1236",-0.2993889439288
"chr2-1237",-0.225983497788631
"chr2-1238",-0.46403494773731
"chr2-1239",-0.477873146061632
"chr2-1240",-0.212720712143664
"chr2-1241",-0.277563863588688
"chr2-1242",-0.248634246823133
"chr2-1243",-0.114907182423873
"chr2-1244",-0.192610239387814
"chr2-1245",-0.166433820335561
"chr2-1246",-0.498907092253668
"chr2-1247",-0.446337712398318
"chr2-1248",-0.416778256214908
"chr2-1249",-0.285746996077966
"chr2-1250",-0.322598328994815
"chr2-1251",-0.284904035761436
"chr2-1252",-0.245960832326771
"chr2-1253",-0.293799010662727
"chr2-1254",-0.378114279099532
"chr2-1255",-0.180396549943001
"chr2-1256",-0.242487082655683
"chr2-1257",-0.261935152083959
"chr2-1258",-0.31077990400603
"chr2-1259",-0.234216163361015
"chr2-1260",-0.154321604141448
"chr2-1261",-0.357707500687209
"chr2-1262",-0.256192300591139
"chr2-1263",-0.315575632321494
"chr2-1264",-0.397992163985509
"chr2-1265",-0.264092104652567
"chr2-1266",-0.300858355830774
"chr2-1267",-0.352359933649157
"chr2-1268",-0.273573275090817
"chr2-1269",-0.313348607052924
"chr2-1270",-0.351465369548853
"chr2-1271",-0.250266449668591
"chr2-1272",-0.198733020123885
"chr2-1273",-0.321086604836227
"chr2-1274",-0.264696223199842
"chr2-1275",-0.395955896216155
"chr2-1276",-0.331758556322863
"chr2-1277",-0.446425353049825
"chr2-1278",-0.149295731741504
"chr2-1279",-0.154028136883188
"chr2-1280",-0.224663802482089
"chr2-1281",-0.264230619452784
"chr2-1282",-0.419932220811646
"chr2-1283",-0.448601422894586
"chr2-1284",-0.177635359493181
"chr2-1285",-0.319515358408858
"chr2-1286",-0.217212881347404
"chr2-1287",-0.248078890930216
"chr2-1288",-0.350265386936553
"chr2-1289",-0.251905435782594
"chr2-1290",-0.199312098524261
"chr2-1291",-0.251991915192319
"chr2-1292",-0.242259738537991
"chr2-1293",-0.420612068430785
"chr2-1294",-0.204925819937799
"chr2-1295",-0.0644338649554004
"chr2-1296",-0.155850096938378
"chr2-1297",-0.077450629415851
"chr2-1298",-0.0941438314281677
"chr2-1299",-0.191840894844663
"chr2-1300",-0.296415457281106
"chr2-1301",-0.243614580429094
"chr2-1302",-0.225447429662727
"chr2-1303",-0.233712552416832
"chr2-1304",-0.159360401109897
"chr2-1305",-0.146067173622024
"chr2-1306",-0.274304390753676
"chr2-1307",-0.267409787816401
"chr2-1308",-0.152022524502132
"chr2-1309",-0.0915871429444429
"chr2-1310",-0.138811632763729
"chr2-1311",-0.240171654667123
"chr2-1312",-0.239716283955185
"chr2-1313",-0.210203729554966
"chr2-1314",-0.187159633431462
"chr2-1315",-0.172602788989239
"chr2-1316",-0.280115378929398
"chr2-1317",-0.247267036419576
"chr2-1318",-0.182821610334148
"chr2-1319",-0.189928143758269
"chr2-1320",-0.348390666456397
"chr2-1321",-0.258382027774578
"chr2-1322",-0.225544130543112
"chr2-1323",-0.244292862190885
"chr2-1324",-0.112376433504347
"chr2-1325",-0.237638195408255
"chr2-1326",-0.348507306123322
"chr2-1327",-0.141311243108103
"chr2-1328",-0.146269007439655
"chr2-1329",-0.0924651878956675
"chr2-1330",-0.15243081608633
"chr2-1331",-0.23990310993036
"chr2-1332",-0.237658873975961
"chr2-1333",-0.300065801640405
"chr2-1334",-0.272828201892007
"chr2-1335",-0.245817732267312
"chr2-1336",-0.150475022601772
"chr2-1337",-0.278768464318266
"chr2-1338",-0.247162308927287
"chr2-1339",-0.360420580362105
"chr2-1340",-0.284026306819403
"chr2-1341",-0.249557698812928
"chr2-1342",-0.1580916312929
"chr2-1343",-0.255191390130443
"chr2-1344",-0.251185467794316
"chr2-1345",-0.298519945125484
"chr2-1346",-0.277807205857515
"chr2-1347",-0.23512280758998
"chr2-1348",-0.243945664441759
"chr2-1349",-0.217726727641038
"chr2-1350",-0.20073062444028
"chr2-1351",-0.283828725198984
"chr2-1352",-0.234515263813271
"chr2-1353",-0.219472603700113
"chr2-1354",-0.234955573634029
"chr2-1355",-0.216705133840232
"chr2-1356",-0.155855133105692
"chr2-1357",-0.175752676067931
"chr20-0001",0.261245802559319
"chr20-0002",0.129259483759907
"chr20-0003",-0.0228120317489873
"chr20-0004",0.0573487773552277
"chr20-0005",-0.0260851485496304
"chr20-0006",-0.0334222654840335
"chr20-0007",-0.0367826749385987
"chr20-0008",0.0814427479417462
"chr20-0009",-0.0124912013452909
"chr20-0010",0.0535845565253407
"chr20-0011",-0.0376957781500381
"chr20-0012",0.0418833009418313
"chr20-0013",0.0939853487383685
"chr20-0014",0.160642750204314
"chr20-0015",0.165844819658663
"chr20-0016",0.101248154400556
"chr20-0017",-0.0253812951255304
"chr20-0018",0.0931483756273301
"chr20-0019",0.00543657590243958
"chr20-0020",0.0536381664208163
"chr20-0021",0.0567374675406481
"chr20-0022",-0.158923219728336
"chr20-0023",0.0738321613077461
"chr20-0024",-0.115089504031762
"chr20-0025",-0.0728979148382705
"chr20-0026",-0.0280877207415464
"chr20-0027",-0.0262981153918948
"chr20-0028",-0.0647753893108934
"chr20-0029",0.0455762878838136
"chr20-0030",-0.104018027403935
"chr20-0031",0.0704684179671752
"chr20-0032",0.0203914597304973
"chr20-0033",-0.0496999495192391
"chr20-0034",-0.0833050561685778
"chr20-0035",0.0496680268029536
"chr20-0036",0.0125501059663979
"chr20-0037",-0.0334723823373355
"chr20-0038",0.113702915358061
"chr20-0039",0.138257579235752
"chr20-0040",0.0300560827682006
"chr20-0041",-0.00568853880934996
"chr20-0042",0.225331954942582
"chr20-0043",-0.0710164857149671
"chr20-0044",-0.0144582569716031
"chr20-0045",-0.0988311715674575
"chr20-0046",0.0765232670282092
"chr20-0047",0.0654734997258831
"chr20-0048",-0.0249387520003714
"chr20-0049",-0.0831013129902759
"chr20-0050",0.0698810717830654
"chr20-0051",0.056018688234893
"chr20-0052",0.0519496766677123
"chr20-0053",-0.0126825408177875
"chr20-0054",0.278554164187537
"chr20-0055",0.161095350018512
"chr20-0056",0.196835665411877
"chr20-0057",0.237372130308282
"chr20-0058",0.142828988459122
"chr20-0059",0.131642013919063
"chr20-0060",0.319577817825403
"chr20-0061",0.232368015391428
"chr20-0062",0.155288546875317
"chr20-0063",0.181579306419397
"chr20-0064",0.117970497799966
"chr20-0065",-0.0099413275623653
"chr20-0066",0.170248823019897
"chr20-0067",0.162945698540099
"chr20-0068",0.0927692965092879
"chr20-0069",0.187529362699813
"chr20-0070",0.12243617322254
"chr20-0071",0.119234137630481
"chr20-0072",0.0494852622431208
"chr20-0073",0.273381958540978
"chr20-0074",0.380194047250265
"chr20-0075",0.378285396602564
"chr20-0076",0.0773488910450393
"chr20-0077",0.150765000810626
"chr20-0078",0.255200006699304
"chr20-0079",0.122408138179529
"chr20-0080",0.132664880643797
"chr20-0081",0.0698771555721302
"chr20-0082",-0.00975017762653
"chr20-0083",-0.0150584252324071
"chr20-0084",0.2414016485733
"chr20-0085",0.139804677163482
"chr20-0086",0.207148000968979
"chr20-0087",0.310999151019486
"chr20-0088",0.348586298991136
"chr20-0089",0.173816232852624
"chr20-0090",0.183504638626967
"chr20-0091",0.301131470218337
"chr20-0092",0.0463712049025882
"chr20-0093",0.230475579038524
"chr20-0094",0.071014866091428
"chr20-0095",0.174610884068705
"chr20-0096",0.0606134315812308
"chr20-0097",0.068402960181189
"chr20-0098",0.0330045422412192
"chr20-0099",0.088363993641864
"chr20-0100",-0.026498576600675
"chr20-0101",0.0581629599924337
"chr20-0102",-0.0573555337406152
"chr20-0103",0.0804224871219565
"chr20-0104",0.239911631457528
"chr20-0105",-0.133980187712104
"chr20-0106",-0.0203614870336919
"chr20-0107",-0.0160238127435264
"chr20-0108",0.0958445579332637
"chr20-0109",0.0439403275496376
"chr20-0110",-0.0782989788650594
"chr20-0111",0.135029265376158
"chr20-0112",0.135839456787382
"chr20-0113",0.206454098991901
"chr20-0114",0.235636767133815
"chr20-0115",0.0831465083614788
"chr20-0116",0.196702701809081
"chr20-0117",0.0324032496299174
"chr20-0118",0.233447132891597
"chr20-0119",0.0915909458763575
"chr20-0120",0.113941619716981
"chr20-0121",0.0990970644857029
"chr20-0122",0.268477480983133
"chr20-0123",0.0508160113225241
"chr20-0124",0.165731837782796
"chr20-0125",0.187882062982987
"chr20-0126",0.00354164756276733
"chr20-0127",0.0567157197823547
"chr20-0128",0.0964673395106742
"chr20-0129",0.0796086145445973
"chr20-0130",0.00390060083172774
"chr20-0131",0.0489259426839425
"chr20-0132",0.0571317201970771
"chr20-0133",0.12836737822521
"chr20-0134",0.0555456512606631
"chr20-0135",-0.0898127610863269
"chr20-0136",0.0736333092665098
"chr20-0137",0.0773193608361164
"chr20-0138",0.0725949243749087
"chr20-0139",0.164708973352686
"chr20-0140",0.0697861305883997
"chr20-0141",0.125296114159184
"chr20-0142",0.0980086157148424
"chr20-0143",-0.0692616800802278
"chr20-0144",0.0598945349553836
"chr20-0145",0.0377294831393948
"chr20-0146",-0.0494046820917159
"chr20-0147",0.0919279413232605
"chr20-0148",0.0844300704700322
"chr20-0149",0.071179398398432
"chr20-0150",0.025783237907598
"chr20-0151",0.0725979100191853
"chr20-0152",-0.0665368015174495
"chr20-0153",-0.127604644589259
"chr20-0154",-0.0479970765311415
"chr20-0155",-0.0656043420115963
"chr20-0156",-0.00386485374572028
"chr20-0157",-0.0544571278298001
"chr20-0158",0.0184046862822536
"chr20-0159",-0.0860805012056602
"chr20-0160",0.0387491325881477
"chr20-0161",-0.02887986446289
"chr20-0162",0.0412623583341086
"chr20-0163",0.0661378205821617
"chr20-0164",-0.00412276041129112
"chr20-0165",-0.122447222198196
"chr20-0166",-0.0771526898953489
"chr20-0167",0.00858209577458833
"chr20-0168",-0.00927544082633787
"chr20-0169",-0.0220550635582489
"chr20-0170",-0.0182265800972799
"chr20-0171",0.0063515400194824
"chr20-0172",0.00643517069899794
"chr20-0173",-0.145191573999994
"chr20-0174",-0.0421707114368952
"chr20-0175",-0.00438375813128497
"chr20-0176",-0.124332936423123
"chr20-0177",0.0303364891241064
"chr20-0178",0.00668317262490023
"chr20-0179",0.0990824135021267
"chr20-0180",0.0706230936818618
"chr20-0181",-0.00640291685885863
"chr20-0182",-0.136955916452786
"chr20-0183",0.0127811587377531
"chr20-0184",-0.0540444820910325
"chr20-0185",-0.0251192332559153
"chr20-0186",-0.0895037593348662
"chr20-0187",-0.0112977273712134
"chr20-0188",-0.0380227537127056
"chr20-0189",0.0596868318037656
"chr20-0190",-0.130124777971239
"chr20-0191",-0.101256462727727
"chr20-0192",0.153910474902606
"chr20-0193",-0.0644417418424346
"chr20-0194",-0.0598970136750066
"chr20-0195",-0.0676841217757048
"chr20-0196",0.0441580479710603
"chr20-0197",-0.0254774509894409
"chr20-0198",0.0546616198964342
"chr20-0199",-0.108568777028637
"chr20-0200",-0.0200762731527845
"chr20-0201",-0.013441713224188
"chr20-0202",-0.0239024671332112
"chr20-0203",0.0104813016658616
"chr20-0204",0.030291884066686
"chr20-0205",-0.0591623486150528
"chr20-0206",-0.114879316827124
"chr20-0207",0.0145110988987492
"chr20-0208",-0.0824907860960511
"chr20-0209",-0.0515345350600527
"chr20-0210",-0.0257210892354566
"chr20-0211",-0.00887581013080693
"chr20-0212",0.0506986427068308
"chr20-0213",-0.0848429757509063
"chr20-0214",0.0111262726740025
"chr20-0215",-0.0134947803853493
"chr20-0216",0.311957527594887
"chr20-0217",0.0844955368924755
"chr20-0218",-0.0442468783007453
"chr20-0219",0.243893393931599
"chr20-0220",0.0506319228279144
"chr20-0221",0.0280414594925434
"chr20-0222",0.0404445302849605
"chr20-0223",-0.00945625230109239
"chr20-0224",-0.030098680618192
"chr20-0225",-0.0781733460532423
"chr20-0226",-0.0161213020075132
"chr20-0227",-0.0324725996532619
"chr20-0228",-0.00327012181266119
"chr20-0229",0.0537294165966735
"chr20-0230",0.234381903929416
"chr20-0231",0.202732237092658
"chr20-0232",0.108505229397147
"chr20-0233",0.0417003695951248
"chr20-0234",0.0526513720839576
"chr20-0235",-0.0161464524645469
"chr20-0236",0.068628529439179
"chr20-0237",0.171147627666343
"chr20-0238",-0.0476147021578622
"chr20-0239",0.301768838357984
"chr20-0240",0.023793204411747
"chr20-0241",0.186456989532517
"chr20-0242",0.18934602421168
"chr20-0243",0.125811089319375
"chr20-0244",-0.0728587207811811
"chr20-0245",-0.0401902905048197
"chr20-0246",-0.0421353265114321
"chr20-0247",-0.161209168885629
"chr20-0248",0.0508030040066559
"chr20-0249",0.0188188805360994
"chr20-0250",0.0967754025112358
"chr20-0251",0.0688202608851807
"chr20-0252",0.0355055320994454
"chr20-0253",-0.0971392563147577
"chr20-0254",0.0101689343624144
"chr20-0255",-0.0615488402287517
"chr20-0256",-0.0220041573090854
"chr20-0257",0.0035713522977983
"chr20-0258",-0.0111118238712891
"chr20-0259",0.0251123152665193
"chr20-0260",0.15810127241845
"chr20-0261",0.014554461402919
"chr20-0262",0.096810910939465
"chr20-0263",-0.0172666908756784
"chr20-0264",-0.0245404870326821
"chr20-0265",0.0267015765352598
"chr20-0266",0.0145505695161579
"chr20-0267",-0.0567561407331084
"chr20-0268",-0.0844385082963662
"chr20-0269",-0.144957053355626
"chr20-0270",-0.0515763708029455
"chr20-0271",-0.0507964789396877
"chr20-0272",-0.0337297290377478
"chr20-0273",0.0789958914014762
"chr20-0274",0.0161052815364813
"chr20-0275",0.112452558125944
"chr20-0276",0.0561124107162045
"chr20-0277",0.0207761175306901
"chr20-0278",0.166343769871924
"chr20-0279",0.203921503044348
"chr20-0280",-0.0688473022314876
"chr20-0281",0.153711317514934
"chr20-0282",0.070153961231171
"chr20-0283",0.00515800074558336
"chr20-0284",0.038872508761576
"chr20-0285",0.157545314216484
"chr20-0286",0.0774459507587023
"chr20-0287",0.0974411634584613
"chr20-0288",0.143157265029016
"chr20-0289",0.13469411215549
"chr20-0290",0.171424842141046
"chr20-0291",0.0569545331075976
"chr20-0292",0.108071206452817
"chr20-0293",0.143282569715136
"chr20-0294",0.0128110874733044
"chr20-0295",0.0464810815936026
"chr20-0296",0.119379958200542
"chr20-0297",0.0890303727076014
"chr20-0298",-0.00305112530167753
"chr20-0299",-0.0975599564051151
"chr20-0300",0.0689440711142297
"chr20-0301",0.0460427491559193
"chr20-0302",0.0342304692112795
"chr20-0303",3.08905976844001e-05
"chr20-0304",0.0265995898306819
"chr20-0305",0.0414377648674675
"chr20-0306",-0.0126449052605519
"chr20-0307",0.00790798890810291
"chr20-0308",-0.00554933028661878
"chr20-0309",-0.0259668472751883
"chr20-0310",-0.0249108143398039
"chr20-0311",0.0557721744157738
"chr20-0312",0.117576965468383
"chr20-0313",0.0286891151160947
"chr20-0314",0.0676908960446748
"chr20-0315",-0.0912500874889239
"chr20-0316",-0.113557132716243
"chr20-0317",-0.0965650099435396
"chr20-0318",0.00676596401013705
"chr20-0319",0.0837185313943908
"chr20-0320",0.126895843012567
"chr20-0321",0.0383314847051035
"chr20-0322",0.0806166760886792
"chr20-0323",0.0712827107016226
"chr20-0324",-0.0505784202765423
"chr20-0325",0.00309457095628033
"chr20-0326",0.0993898159061035
"chr20-0327",-0.0400634333170656
"chr20-0328",0.148850983408371
"chr20-0329",-0.042833954698453
"chr20-0330",0.0850621165333163
"chr20-0331",0.17988110511111
"chr20-0332",0.14971945908819
"chr20-0333",0.163687045891912
"chr20-0334",0.293063782999725
"chr20-0335",0.0926031683263389
"chr20-0336",0.095388013555717
"chr20-0337",0.0972734897775099
"chr20-0338",0.11584784242456
"chr20-0339",0.181738015618319
"chr20-0340",0.169400717307159
"chr20-0341",0.136769542429802
"chr20-0342",0.109428959751326
"chr20-0343",0.0952125581633728
"chr20-0344",0.114062070958711
"chr20-0345",0.180800636779748
"chr20-0346",0.0646531510560788
"chr20-0347",0.0665310805209409
"chr20-0348",-0.110086660363503
"chr20-0349",0.0465888667179542
"chr20-0350",-0.0245077905253055
"chr20-0351",-0.164128083747943
"chr20-0352",-0.0319990732582227
"chr20-0353",0.0558045923568225
"chr20-0354",-0.0322781274471798
"chr20-0355",0.137448909390996
"chr20-0356",0.0749896494047832
"chr20-0357",0.00713321391163146
"chr20-0358",0.0787144823840409
"chr20-0359",-0.0407391972875929
"chr20-0360",0.0713644235327271
"chr20-0361",0.071909939121319
"chr20-0362",0.00306233540427213
"chr20-0363",-0.0152433369863121
"chr20-0364",0.0776497182956983
"chr20-0365",0.0476704253379368
"chr20-0366",0.0611297029184837
"chr20-0367",0.139250864957738
"chr20-0368",0.137818354338967
"chr20-0369",0.116030496284758
"chr20-0370",0.072585320310817
"chr20-0371",0.100232085109655
"chr20-0372",0.107415834838987
"chr20-0373",0.106159321130799
"chr20-0374",0.0459611525286288
"chr20-0375",0.0714542925250931
"chr20-0376",-0.0127860845002139
"chr20-0377",0.0427718602155577
"chr20-0378",0.0355283811564742
"chr20-0379",0.00226177093286669
"chr20-0380",-0.117602984293266
"chr20-0381",0.0595496236861814
"chr20-0382",-0.0407577607963128
"chr20-0383",0.089420025108125
"chr20-0384",0.144287574670426
"chr20-0385",0.105391063181441
"chr20-0386",0.101270608004493
"chr20-0387",0.0646342821801445
"chr20-0388",0.120678865712813
"chr20-0389",0.194336567442342
"chr20-0390",0.100318813897802
"chr20-0391",0.0994457930530141
"chr20-0392",0.151061873642791
"chr20-0393",0.115509169295627
"chr20-0394",0.0882849867741194
"chr20-0395",-0.00451549545507764
"chr20-0396",0.0279326478187031
"chr20-0397",-0.0168905963848925
"chr20-0398",-0.035679693284124
"chr20-0399",0.098105410804439
"chr20-0400",-0.0103883792964602
"chr20-0401",-0.0141580171445001
"chr20-0402",0.00924973162593093
"chr20-0403",-0.0523368022194891
"chr20-0404",-0.0213837093546851
"chr20-0405",0.0450303371431886
"chr20-0406",0.0593805632370012
"chr20-0407",0.000920823446520973
"chr20-0408",-0.00370196763252893
"chr20-0409",-0.00626373493383518
"chr20-0410",-0.04568346252446
"chr20-0411",0.0199403569250979
"chr20-0412",0.0162056776650376
"chr20-0413",-0.024129101734845
"chr20-0414",0.00639589385938861
"chr20-0415",-0.0302985613634294
"chr20-0416",0.042588056452034
"chr20-0417",-0.0211766723125535
"chr20-0418",-0.00811927788086806
"chr20-0419",-0.0472789655515755
"chr20-0420",-0.0108639575717802
"chr20-0421",0.119399455059451
"chr21-0001",-0.0222911533104496
"chr21-0002",0.069223489222717
"chr21-0003",0.068913325406891
"chr21-0004",0.0406739995690268
"chr21-0005",0.0953067912533334
"chr21-0006",-0.0388737978393271
"chr21-0007",-0.00565179371359487
"chr21-0008",0.131015991519922
"chr21-0009",0.0456631469774004
"chr21-0010",-0.0531686337415
"chr21-0011",0.0979974275177137
"chr21-0012",0.0897446176141845
"chr21-0013",0.044279615049485
"chr21-0014",0.20124825970131
"chr21-0015",0.186170903946579
"chr21-0016",0.237731660765138
"chr21-0017",0.24377234667699
"chr21-0018",0.308986118483093
"chr21-0019",0.132836563513796
"chr21-0020",0.291738757684934
"chr21-0021",0.286814218298225
"chr21-0022",0.329242597297327
"chr21-0023",0.377392720381702
"chr21-0024",0.334657029512163
"chr21-0025",0.0477259642496629
"chr21-0026",0.0701016264414131
"chr21-0027",0.226172450076299
"chr21-0028",0.264530617528205
"chr21-0029",0.184752793876747
"chr21-0030",0.268864216063172
"chr21-0031",0.193143729092443
"chr21-0032",0.280676328053362
"chr21-0033",0.250407963611036
"chr21-0034",0.17959879416101
"chr21-0035",0.245374096526747
"chr21-0036",0.294284511202927
"chr21-0037",0.233252206811534
"chr21-0038",0.191971373310979
"chr21-0039",-0.0389084723727461
"chr21-0040",0.0546919326152955
"chr21-0041",0.180494692452421
"chr21-0042",0.10949335063069
"chr21-0043",0.0573158736014753
"chr21-0044",0.242387042479526
"chr21-0045",0.212641557851507
"chr21-0046",0.200406040407346
"chr21-0047",0.312330907806813
"chr21-0048",0.351936970253597
"chr21-0049",0.293505668955497
"chr21-0050",0.22638346606329
"chr21-0051",0.111364712365146
"chr21-0052",0.153156537708292
"chr21-0053",-0.0231668418186997
"chr21-0054",0.177820351636388
"chr21-0055",0.127782858401797
"chr21-0056",0.200641613561651
"chr21-0057",0.340436053790172
"chr21-0058",0.0471576942674877
"chr21-0059",0.239902516203967
"chr21-0060",0.0838822326751405
"chr21-0061",0.107463383629637
"chr21-0062",0.0652868097746313
"chr21-0063",0.0961705895601735
"chr21-0064",0.113852472118015
"chr21-0065",0.177188098685707
"chr21-0066",-0.00600403103368184
"chr21-0067",0.0347510519552843
"chr21-0068",-0.0214261682898735
"chr21-0069",-0.010248734974329
"chr21-0070",0.0859928175936249
"chr21-0071",0.0259846512833089
"chr21-0072",0.0830420175600599
"chr21-0073",0.0745355229073904
"chr21-0074",0.0984591643611482
"chr21-0075",0.125931009284815
"chr21-0076",0.0765230629521204
"chr21-0077",0.0506511397340781
"chr21-0078",-0.0682615466552474
"chr21-0079",0.124410604077883
"chr21-0080",0.254631694224969
"chr21-0081",0.192519345497176
"chr21-0082",-0.00634986576589163
"chr21-0083",0.0350299712062925
"chr21-0084",0.0568958360516702
"chr21-0085",0.0752384536857409
"chr21-0086",-0.0774012421899936
"chr21-0087",0.0707971400916393
"chr21-0088",0.0932930149601704
"chr21-0089",0.270653906413114
"chr21-0090",0.156301544531852
"chr21-0091",0.0341913356331807
"chr21-0092",0.173400330870499
"chr21-0093",0.173281444086012
"chr21-0094",0.0107812312607447
"chr21-0095",0.0182278899509397
"chr21-0096",0.261379853287344
"chr21-0097",0.0701296693928142
"chr21-0098",0.114898266617079
"chr21-0099",0.213145313839926
"chr21-0100",0.264092321997189
"chr21-0101",0.362648383793492
"chr21-0102",0.208762361133762
"chr21-0103",0.356346054942217
"chr21-0104",0.2626379618868
"chr21-0105",0.0421864191549077
"chr21-0106",0.136922222934035
"chr21-0107",-0.0169996659590208
"chr21-0108",-0.0157758658288254
"chr21-0109",0.0313051663388066
"chr21-0110",-0.0907488962189061
"chr21-0111",-0.0375985722175438
"chr21-0112",0.0980735096333384
"chr21-0113",0.0228295852262502
"chr21-0114",-0.00516236301488274
"chr21-0115",0.0703566931767441
"chr21-0116",0.0692980206785512
"chr21-0117",0.164476743632479
"chr21-0118",0.0345423968065123
"chr21-0119",0.151990322715121
"chr21-0120",0.325523763885758
"chr21-0121",0.0409070481162295
"chr21-0122",0.0354571141545458
"chr21-0123",0.1623171627283
"chr21-0124",0.0561352100139476
"chr21-0125",0.192410444169694
"chr21-0126",0.23686761441242
"chr21-0127",0.202811388645719
"chr21-0128",0.16652306313661
"chr21-0129",0.242610564125834
"chr21-0130",0.155141042013373
"chr21-0131",0.177093102243912
"chr21-0132",0.212802190492533
"chr21-0133",0.196384387851396
"chr21-0134",0.0681758472600858
"chr21-0135",0.00291232634192356
"chr21-0136",0.0962768512987849
"chr21-0137",0.0533592320568501
"chr21-0138",0.046898814031934
"chr21-0139",0.259159676460723
"chr21-0140",-0.00665663106183894
"chr21-0141",0.156439198523225
"chr21-0142",0.00169500219122321
"chr21-0143",0.126876393183073
"chr21-0144",0.0357484982985795
"chr21-0145",0.0943886712778685
"chr21-0146",-0.00399858817017463
"chr21-0147",-0.0407531210144545
"chr21-0148",0.00710269006779599
"chr21-0149",0.0941729609889952
"chr21-0150",0.0963289256468175
"chr21-0151",0.119544200836255
"chr21-0152",0.113194918907741
"chr21-0153",0.0744901444892431
"chr21-0154",0.0374767815879939
"chr21-0155",-0.00482007286395006
"chr21-0156",0.0194184643430553
"chr21-0157",0.0859457804897703
"chr21-0158",0.0425130220881465
"chr21-0159",0.024707768360013
"chr21-0160",0.0565432245174304
"chr21-0161",-0.0829084019311277
"chr21-0162",-0.089985304153321
"chr21-0163",-0.0364300807679421
"chr21-0164",0.0186573841724858
"chr21-0165",0.099978244442174
"chr21-0166",0.0549631298182773
"chr21-0167",0.0839321594621895
"chr21-0168",0.0241803230268617
"chr21-0169",-0.0153007602484054
"chr21-0170",0.0564279987325065
"chr21-0171",0.0758437700465091
"chr21-0172",0.105639808401841
"chr21-0173",-0.0123306604255984
"chr21-0174",-0.00760822286952619
"chr21-0175",0.0251571416583094
"chr21-0176",0.0324135501009953
"chr21-0177",0.0467775048947431
"chr21-0178",-0.0276439207539774
"chr21-0179",0.0877342044474457
"chr21-0180",0.0224706751322154
"chr21-0181",0.139959849941185
"chr21-0182",0.182657185837119
"chr21-0183",0.134496126350888
"chr21-0184",0.0807744996961149
"chr21-0185",0.0328940202006254
"chr21-0186",0.0497856592535224
"chr21-0187",0.0425315111412195
"chr21-0188",0.123786119246057
"chr21-0189",0.102878736919701
"chr21-0190",0.0375079694194725
"chr21-0191",0.141076522603926
"chr21-0192",0.0340849754632614
"chr21-0193",0.0588796923686264
"chr21-0194",0.0387614138157249
"chr21-0195",0.0927016325990622
"chr21-0196",0.0341688671796856
"chr21-0197",0.160499721596911
"chr22-0001",0.101988595191395
"chr22-0002",0.0686525504133815
"chr22-0003",-0.116763079331504
"chr22-0004",0.068868286203149
"chr22-0005",0.00995715384541412
"chr22-0006",0.125273686105337
"chr22-0007",0.00416694733007822
"chr22-0008",-0.0704503996440632
"chr22-0009",-0.136703701656671
"chr22-0010",-0.0255355358309082
"chr22-0011",-0.0302320981610135
"chr22-0012",-0.252301279227757
"chr22-0013",-0.00883356421061966
"chr22-0014",0.160080217463054
"chr22-0015",0.129162784903903
"chr22-0016",-0.0570467106131741
"chr22-0017",-0.117500717241074
"chr22-0018",-0.284199457682731
"chr22-0019",-0.0349986269545288
"chr22-0020",-0.0313073007380386
"chr22-0021",-0.0319140591892425
"chr22-0022",-0.0202380046041523
"chr22-0023",0.0276356966026916
"chr22-0024",-0.0515005554701194
"chr22-0025",0.00116545597683323
"chr22-0026",-0.0419656957575762
"chr22-0027",-0.00211362710763924
"chr22-0028",-0.0247471732658506
"chr22-0029",0.00157995869999514
"chr22-0030",-0.0124950258534781
"chr22-0031",0.0163185746228274
"chr22-0032",-0.0164955101455159
"chr22-0033",0.0371747338267742
"chr22-0034",-0.000625774750664799
"chr22-0035",-0.0634633438094087
"chr22-0036",-0.06040551594825
"chr22-0037",-0.00898730289580269
"chr22-0038",-0.102978288390235
"chr22-0039",-0.0722115968190024
"chr22-0040",-0.0814618605075571
"chr22-0041",-0.176983113157654
"chr22-0042",0.038939976627741
"chr22-0043",-0.0145623307265653
"chr22-0044",-0.160820518159612
"chr22-0045",-0.119767426753275
"chr22-0046",-0.0193022978787757
"chr22-0047",-0.0410593645426557
"chr22-0048",-0.0149135548338064
"chr22-0049",0.0766596948192871
"chr22-0050",0.0433664275683358
"chr22-0051",-0.0413106074559581
"chr22-0052",0.0358324293258346
"chr22-0053",-0.0303605086431153
"chr22-0054",-0.00914937789964355
"chr22-0055",0.0453782751255492
"chr22-0056",-0.00386385405345376
"chr22-0057",0.00694361668577337
"chr22-0058",0.0169729927318819
"chr22-0059",-0.0553477771155139
"chr22-0060",0.071762937417896
"chr22-0061",-0.0926898526443679
"chr22-0062",0.0151664312733061
"chr22-0063",-0.0741162464008082
"chr22-0064",-0.0250080138330427
"chr22-0065",-0.118957433015018
"chr22-0066",-0.0134582187464829
"chr22-0067",0.0263323615309279
"chr22-0068",0.131785060582833
"chr22-0069",0.0360736865496564
"chr22-0070",-0.0571967123530705
"chr22-0071",0.100772479177272
"chr22-0072",0.0691793473439843
"chr22-0073",-0.0717326274525788
"chr22-0074",0.00185979072893196
"chr22-0075",-0.057823962046517
"chr22-0076",-0.0750463818787041
"chr22-0077",-0.0308942521474366
"chr22-0078",0.053475288616909
"chr22-0079",-0.0870778540253455
"chr22-0080",-0.0456911165141892
"chr22-0081",-0.072707673423648
"chr22-0082",-0.0255950216400934
"chr22-0083",0.0925794950543877
"chr22-0084",0.230109855931086
"chr22-0085",0.031781261394409
"chr22-0086",0.0858554258594405
"chr22-0087",0.0305321675478757
"chr22-0088",0.0698415027966247
"chr22-0089",0.0437571444733128
"chr22-0090",0.0011225393483587
"chr22-0091",-0.00623262778096046
"chr22-0092",0.0750133274619852
"chr22-0093",-0.0355454606421564
"chr22-0094",0.158195565881803
"chr22-0095",0.234842339983246
"chr22-0096",0.151546770495165
"chr22-0097",0.0693781495905564
"chr22-0098",0.0416508251524298
"chr22-0099",0.0573875763835488
"chr22-0100",0.0636881545122152
"chr22-0101",0.185060883994543
"chr22-0102",0.137152051720143
"chr22-0103",0.127669822618668
"chr22-0104",-0.0371614388629717
"chr22-0105",-0.187263241734238
"chr22-0106",-0.0211341452496921
"chr22-0107",0.0829637146787965
"chr22-0108",0.0518669563153417
"chr22-0109",-0.142529043314478
"chr22-0110",0.0297158393354498
"chr22-0111",-0.0348661883326216
"chr22-0112",-0.0993015242340274
"chr22-0113",-0.0448835906863652
"chr22-0114",-0.0375666758138699
"chr22-0115",-0.0207690760197722
"chr22-0116",-0.0467217943668327
"chr22-0117",0.111079377633268
"chr22-0118",0.112173946421468
"chr22-0119",0.0436313695942404
"chr22-0120",-0.00019848245848286
"chr22-0121",-0.0861073993935738
"chr22-0122",-0.0526113768769814
"chr22-0123",-0.137753778813578
"chr22-0124",-0.129842588430565
"chr22-0125",-0.0397104912139011
"chr22-0126",0.166694008342407
"chr22-0127",-0.0567768472306473
"chr22-0128",-0.105388450456203
"chr22-0129",0.0166640925265454
"chr22-0130",-0.0510124129617057
"chr22-0131",0.00084811534927116
"chr22-0132",-0.0285320315142717
"chr22-0133",-0.00321171361155031
"chr22-0134",0.178676006081684
"chr22-0135",-0.0402364496562685
"chr22-0136",-0.003571470294678
"chr22-0137",0.0524545382947998
"chr22-0138",0.0216163687583302
"chr22-0139",0.0456782097056039
"chr22-0140",0.043651203280902
"chr22-0141",-0.00239015096161405
"chr22-0142",0.0667262406713413
"chr22-0143",0.0494348503067471
"chr22-0144",0.112000497491636
"chr22-0145",-0.0148334852365023
"chr22-0146",-0.014866957595774
"chr22-0147",0.0351394628600925
"chr22-0148",0.0215542524399091
"chr22-0149",0.100166138561894
"chr22-0150",0.0409102212984243
"chr22-0151",0.150473709982459
"chr22-0152",0.0829508378106109
"chr22-0153",-0.0379342151232524
"chr22-0154",0.0636391924909725
"chr22-0155",-0.0233451308116624
"chr22-0156",-0.0871054447599493
"chr22-0157",0.0101041526507035
"chr22-0158",0.0230559499127671
"chr22-0159",0.012055543011072
"chr22-0160",0.168395657907329
"chr22-0161",0.055357777011166
"chr22-0162",0.195306385714977
"chr22-0163",-0.0053916502782738
"chr22-0164",0.00148139901423714
"chr22-0165",0.00936760447590531
"chr22-0166",0.0106280908385279
"chr22-0167",-0.124159201529831
"chr22-0168",-0.0452802271372931
"chr22-0169",-0.0105990416708114
"chr22-0170",0.0456491877034101
"chr22-0171",0.0635944833304187
"chr22-0172",0.042590693388474
"chr22-0173",-0.0319257523339792
"chr22-0174",-0.00844998126146259
"chr22-0175",0.0320720415105702
"chr22-0176",-0.0296905256985666
"chr22-0177",-0.0296613645552732
"chr22-0178",-0.109770600160256
"chr22-0179",0.0443697739146929
"chr22-0180",-0.111361723261802
"chr22-0181",-0.0645784843176057
"chr22-0182",-0.0138437941199692
"chr22-0183",-0.103491412732794
"chr22-0184",0.0303120350484406
"chr22-0185",0.11108938814475
"chr22-0186",-0.0296215101861403
"chr22-0187",-0.0643324569669758
"chr22-0188",-0.0131620752333006
"chr22-0189",0.0232533320509472
"chr22-0190",-0.0320946774901812
"chr22-0191",0.0138738153918236
"chr22-0192",-0.0732368411651634
"chr22-0193",0.0267888328732577
"chr22-0194",-0.0428379901059787
"chr22-0195",-0.101790510905667
"chr22-0196",-0.0316744090843853
"chr22-0197",-0.050725248566274
"chr22-0198",-0.0580651518671547
"chr22-0199",-0.0669504476191294
"chr22-0200",0.126565774993295
"chr22-0201",0.0766387715602554
"chr22-0202",0.00311438279938469
"chr22-0203",0.12086819015463
"chr22-0204",0.174941343733085
"chr22-0205",-0.0500032406172962
"chr22-0206",0.0783188887780589
"chr22-0207",-0.158668074365892
"chr22-0208",-0.0718225574562575
"chr22-0209",0.0246749019199648
"chr22-0210",-0.0626470616415404
"chr22-0211",-0.107461359936745
"chr22-0212",-0.120445929808332
"chr22-0213",-0.0796842736498012
"chr22-0214",-0.0527227750595612
"chr22-0215",-0.0946906393856464
"chr22-0216",-0.0583386063363596
"chr22-0217",-0.140903129018957
"chr22-0218",-0.0585187333648153
"chr22-0219",0.0268587630408591
"chr22-0220",-0.106486287157378
"chr22-0221",-0.0185997453627038
"chr22-0222",-0.119906848073539
"chr22-0223",0.101200810695295
"chr22-0224",-0.0355130384980071
"chr22-0225",-0.0450407380273902
"chr22-0226",-0.0994257735153967
"chr22-0227",-0.0863144820169056
"chr22-0228",-0.0643918228463949
"chr22-0229",0.0289647864306516
"chr22-0230",0.164694329285961
"chr22-0231",-0.108805922957953
"chr22-0232",-0.12458763381904
"chr22-0233",-0.0252886226223301
"chr22-0234",-0.0414518261920865
"chr22-0235",0.00633317486465579
"chr22-0236",0.0139149059696354
"chr22-0237",-0.0705516684087411
"chr22-0238",-0.0252242516490954
"chr22-0239",0.00810349836216497
"chr22-0240",0.0991537256867702
"chr22-0241",-0.0671865525227528
"chr22-0242",0.0211334371438373
"chr22-0243",0.0511930332439701
"chr22-0244",-0.0368616640745826
"chr22-0245",-0.119813066258784
"chr22-0246",-0.0528746038381694
"chr22-0247",-0.0662426899614438
"chr22-0248",-0.0243975605588971
"chr22-0249",-0.00782147669462488
"chr22-0250",0.00393526455766651
"chr22-0251",0.037020836135242
"chr22-0252",0.00423698555278121
"chr22-0253",-0.0250188247237326
"chr22-0254",-0.0467149872403451
"chr22-0255",-0.00870669364042605
"chr22-0256",0.219446535561924
"chr22-0257",0.108589964371959
"chr22-0258",-0.00992666854045451
"chr22-0259",0.101743886223167
"chr22-0260",-0.026930871173892
"chr22-0261",0.0249050927317612
"chr22-0262",-0.0658640604001514
"chr22-0263",-0.00859831682816506
"chr22-0264",-0.0347006573252657
"chr22-0265",0.00949772946251881
"chr22-0266",0.0106039058266093
"chr22-0267",0.164436514782457
"chr22-0268",0.128462072344613
"chr22-0269",0.121117524513876
"chr22-0270",0.132982060245204
"chr22-0271",0.203796121887203
"chr22-0272",0.0451496317448203
"chr22-0273",0.0281521420326811
"chr22-0274",0.0856488020056916
"chr22-0275",0.0780998326789808
"chr22-0276",-0.0421142278718834
"chr22-0277",-0.0349372103429034
"chr22-0278",-0.0266526348542399
"chr22-0279",-0.0107841394646971
"chr22-0280",-0.0565668716451687
"chr22-0281",0.0410268726506271
"chr22-0282",0.053825233327389
"chr22-0283",-0.00858581056021051
"chr22-0284",0.0775719901674314
"chr22-0285",0.0410274226913684
"chr22-0286",0.0275495419594866
"chr22-0287",0.0111130499102761
"chr22-0288",0.0708585678545505
"chr22-0289",0.00660200569306406
"chr22-0290",0.0888504870177638
"chr22-0291",0.0440823117987611
"chr22-0292",-0.0165937431592012
"chr22-0293",0.0197794378628714
"chr22-0294",0.0662303575703086
"chr22-0295",0.0218045890970315
"chr22-0296",0.0187756760740155
"chr22-0297",0.0571229747148151
"chr22-0298",0.0203035826512893
"chr22-0299",-0.0237402929912959
"chr22-0300",-0.0158330262573773
"chr22-0301",0.0325525784826663
"chr22-0302",0.0157895790317444
"chr22-0303",0.0168494266627804
"chr3-0001",0.204269592911738
"chr3-0002",0.339332212307524
"chr3-0003",0.25197641856022
"chr3-0004",0.112612024598848
"chr3-0005",0.12866914907076
"chr3-0006",0.273680542379725
"chr3-0007",0.185022564416695
"chr3-0008",-0.0279020474608153
"chr3-0009",0.126470870355457
"chr3-0010",0.0690331560104753
"chr3-0011",0.0894186483809917
"chr3-0012",-0.0874560790865769
"chr3-0013",0.0808016695411599
"chr3-0014",0.176460036176103
"chr3-0015",0.14704522200312
"chr3-0016",0.0598184384450668
"chr3-0017",0.0110499990460774
"chr3-0018",-0.0134127695519446
"chr3-0019",-0.0426506220247603
"chr3-0020",0.202371189878558
"chr3-0021",0.178787548023741
"chr3-0022",0.096658246723599
"chr3-0023",0.119148317997769
"chr3-0024",0.0571361816124311
"chr3-0025",0.16205036312133
"chr3-0026",-0.0339010666447159
"chr3-0027",0.0569819145847235
"chr3-0028",-0.0195627508403136
"chr3-0029",-0.0302585380488052
"chr3-0030",0.0335175274248912
"chr3-0031",0.016990885014799
"chr3-0032",-0.0665948227551028
"chr3-0033",0.280303250012731
"chr3-0034",0.00310713450519583
"chr3-0035",-0.0283791287693339
"chr3-0036",-0.0260006285408332
"chr3-0037",-0.0566105364944681
"chr3-0038",-0.013386703231911
"chr3-0039",-0.0165052148063558
"chr3-0040",-0.15070333083123
"chr3-0041",-0.00712913567817032
"chr3-0042",-0.0344292557248842
"chr3-0043",-0.0404826414705832
"chr3-0044",0.0359859093803283
"chr3-0045",0.0203295169201622
"chr3-0046",-0.0209833758026623
"chr3-0047",0.158929001770741
"chr3-0048",0.0200855353089113
"chr3-0049",0.00540108249322995
"chr3-0050",0.120416234903432
"chr3-0051",0.060543723108616
"chr3-0052",0.162578740111834
"chr3-0053",0.172242808025756
"chr3-0054",0.195631324863354
"chr3-0055",0.0423624967741598
"chr3-0056",-0.0137864170980349
"chr3-0057",0.0585813254441238
"chr3-0058",0.111895549779004
"chr3-0059",0.271340530123837
"chr3-0060",0.161998696511449
"chr3-0061",-0.0398488749098164
"chr3-0062",-0.0572181795573152
"chr3-0063",-0.0607456872309761
"chr3-0064",-0.0437473307991389
"chr3-0065",0.0423750739075637
"chr3-0066",0.023978039940254
"chr3-0067",-0.00820807047249954
"chr3-0068",-0.0229307639069684
"chr3-0069",-0.088586952961299
"chr3-0070",-0.102563353896194
"chr3-0071",0.0157327454664305
"chr3-0072",0.0317574502768974
"chr3-0073",0.0444644031229234
"chr3-0074",-0.0243859816721901
"chr3-0075",0.0478214844260783
"chr3-0076",0.0428253207382763
"chr3-0077",-0.0304319980401792
"chr3-0078",-0.0584527917299477
"chr3-0079",0.00938297657645139
"chr3-0080",-0.051065244833691
"chr3-0081",0.00160629330130061
"chr3-0082",-0.0199193501156841
"chr3-0083",-0.0156364554250652
"chr3-0084",0.0461927934701256
"chr3-0085",0.0412477503655728
"chr3-0086",0.0668416453596389
"chr3-0087",0.0755297376062103
"chr3-0088",0.085544192379857
"chr3-0089",0.00673760166432847
"chr3-0090",0.129157943630086
"chr3-0091",0.113903589863929
"chr3-0092",0.219555829202565
"chr3-0093",0.159997732492119
"chr3-0094",0.182411450176582
"chr3-0095",0.257655015475075
"chr3-0096",0.219764741144231
"chr3-0097",0.13551945737552
"chr3-0098",0.278021032266595
"chr3-0099",0.424046365356358
"chr3-0100",0.329776105160972
"chr3-0101",0.202506459418607
"chr3-0102",0.219035985928118
"chr3-0103",0.0913509192420413
"chr3-0104",0.226492928630226
"chr3-0105",0.267295088448444
"chr3-0106",0.118949460989368
"chr3-0107",0.245772501588371
"chr3-0108",-0.0313188166432064
"chr3-0109",0.0826638551737115
"chr3-0110",0.107673185123877
"chr3-0111",0.297837074630851
"chr3-0112",0.213729690895909
"chr3-0113",0.142906762767506
"chr3-0114",0.198708809362948
"chr3-0115",0.129797408227602
"chr3-0116",0.232069599588153
"chr3-0117",0.189894411579038
"chr3-0118",0.0905445634989877
"chr3-0119",0.0478915041447883
"chr3-0120",0.185615217060604
"chr3-0121",0.0446869554757252
"chr3-0122",0.293301287747093
"chr3-0123",0.183193166592318
"chr3-0124",0.153201560565102
"chr3-0125",0.252782899214123
"chr3-0126",0.22880365731976
"chr3-0127",0.114872631449911
"chr3-0128",0.255566076091299
"chr3-0129",0.166556347171967
"chr3-0130",0.173226264832744
"chr3-0131",0.00424750262299492
"chr3-0132",0.255254323183452
"chr3-0133",0.166237398543297
"chr3-0134",0.0431881898814743
"chr3-0135",0.0330873783014071
"chr3-0136",0.253364647598407
"chr3-0137",0.0661139991962426
"chr3-0138",0.152741270692711
"chr3-0139",0.105920043381054
"chr3-0140",0.160199358456499
"chr3-0141",0.204993782673486
"chr3-0142",0.0699621630273027
"chr3-0143",0.289256364940589
"chr3-0144",0.319735524127839
"chr3-0145",0.25145419378214
"chr3-0146",0.189123462704162
"chr3-0147",0.168965018544775
"chr3-0148",0.188845661946106
"chr3-0149",0.303374592609091
"chr3-0150",0.0972898651618713
"chr3-0151",0.179108806148047
"chr3-0152",0.248662174733524
"chr3-0153",0.150495314276565
"chr3-0154",0.193569153788015
"chr3-0155",0.00574019575896656
"chr3-0156",-0.0495097562356621
"chr3-0157",0.0624955892417047
"chr3-0158",-0.0328941870250354
"chr3-0159",0.0425081467995634
"chr3-0160",-0.157208765866703
"chr3-0161",-0.19946382990698
"chr3-0162",0.0792776665126322
"chr3-0163",0.064251045292386
"chr3-0164",0.0151639540981362
"chr3-0165",-0.0732512046596464
"chr3-0166",0.108986222989901
"chr3-0167",0.00317002888180572
"chr3-0168",0.324123438180444
"chr3-0169",-0.0629966325833124
"chr3-0170",0.143043788157764
"chr3-0171",0.0684692393008093
"chr3-0172",0.167764992409589
"chr3-0173",0.274368738131122
"chr3-0174",0.207694648788936
"chr3-0175",0.128007373345034
"chr3-0176",0.119776513094961
"chr3-0177",0.0508668380658325
"chr3-0178",0.0328272167750908
"chr3-0179",0.033507440522705
"chr3-0180",0.0184313026321429
"chr3-0181",0.106373882464156
"chr3-0182",-0.0917764441595487
"chr3-0183",0.176305956847807
"chr3-0184",0.181469776384869
"chr3-0185",0.12535138667915
"chr3-0186",0.0915843237965402
"chr3-0187",0.0274081390661963
"chr3-0188",-0.0410429393467467
"chr3-0189",0.0494337186896427
"chr3-0190",0.0353437040532709
"chr3-0191",-0.076073291897071
"chr3-0192",-0.0166591632339066
"chr3-0193",0.030930525408347
"chr3-0194",0.131022440687536
"chr3-0195",0.0794008889260552
"chr3-0196",0.0639723228463509
"chr3-0197",0.0530087454265155
"chr3-0198",0.0476316189348512
"chr3-0199",-0.0130565603215064
"chr3-0200",-0.143908503072264
"chr3-0201",0.103554046262816
"chr3-0202",0.15689089782805
"chr3-0203",0.18944887322347
"chr3-0204",0.0268279819383535
"chr3-0205",-0.0830614873678071
"chr3-0206",-0.0241164777302509
"chr3-0207",0.205184216171134
"chr3-0208",0.135253244731184
"chr3-0209",0.106975019443811
"chr3-0210",0.152396154764676
"chr3-0211",0.108169686303092
"chr3-0212",0.160829870054907
"chr3-0213",0.0352081603962571
"chr3-0214",-0.0480648361521619
"chr3-0215",-0.0150114796617949
"chr3-0216",0.201126748531598
"chr3-0217",0.0822900708180183
"chr3-0218",0.00819038653354635
"chr3-0219",-0.0456714516601105
"chr3-0220",0.0177277963378285
"chr3-0221",-0.0375871591239608
"chr3-0222",-0.0441617900998543
"chr3-0223",0.0289157269832544
"chr3-0224",0.152263697481146
"chr3-0225",0.207243742056986
"chr3-0226",0.161556630866381
"chr3-0227",0.176258377068628
"chr3-0228",0.110939672472979
"chr3-0229",0.0915405846429144
"chr3-0230",0.20097133859136
"chr3-0231",-0.0317768140608616
"chr3-0232",0.119418846587916
"chr3-0233",0.0482473892137217
"chr3-0234",0.146625859744305
"chr3-0235",-0.0813302927886247
"chr3-0236",-0.0072339475563888
"chr3-0237",-0.0250360888926887
"chr3-0238",-0.0993296685761969
"chr3-0239",0.000503162252298166
"chr3-0240",-0.0226283085732838
"chr3-0241",0.0217403677828232
"chr3-0242",0.102159397929131
"chr3-0243",0.0333625181621607
"chr3-0244",-0.00526871161332134
"chr3-0245",0.24009908731665
"chr3-0246",-0.00392131608920932
"chr3-0247",0.0895639771883855
"chr3-0248",0.0186737781359067
"chr3-0249",0.0573085397294728
"chr3-0250",0.0838993663458092
"chr3-0251",0.0789049924027441
"chr3-0252",0.217277376458859
"chr3-0253",0.0811510047579904
"chr3-0254",0.141605930918929
"chr3-0255",0.0569796230616213
"chr3-0256",0.0174027053033393
"chr3-0257",0.0143358349149239
"chr3-0258",-0.0101208091305357
"chr3-0259",0.0263265005013416
"chr3-0260",0.0889432968790694
"chr3-0261",0.121418926658104
"chr3-0262",-0.0495392822514122
"chr3-0263",-0.120556113751646
"chr3-0264",-0.118315622641258
"chr3-0265",0.0265085883084997
"chr3-0266",-0.0316548540012956
"chr3-0267",-0.214293888260021
"chr3-0268",-0.0357066566926697
"chr3-0269",0.0298024162850194
"chr3-0270",-0.102053803125299
"chr3-0271",-0.0934619890193534
"chr3-0272",-0.0853639156042323
"chr3-0273",-0.057216060712546
"chr3-0274",0.0234375174341495
"chr3-0275",-0.0697267844317711
"chr3-0276",-0.0315714832960821
"chr3-0277",-0.0718283312140104
"chr3-0278",-0.136860016457709
"chr3-0279",-0.110040529539565
"chr3-0280",-0.125311848373308
"chr3-0281",-0.101750344947217
"chr3-0282",-0.0669370313372261
"chr3-0283",-0.0904267461553942
"chr3-0284",-0.0624614615086241
"chr3-0285",-0.0545936363260533
"chr3-0286",-0.0120262244881812
"chr3-0287",-0.0584057290804962
"chr3-0288",-0.0875602555189172
"chr3-0289",-0.0338756772209182
"chr3-0290",-0.111343237775766
"chr3-0291",-0.034341062934177
"chr3-0292",-0.0573001259764709
"chr3-0293",-0.101500734195974
"chr3-0294",-0.0379855763141592
"chr3-0295",-0.083278820856687
"chr3-0296",-0.0112759264304542
"chr3-0297",-0.00889563941275372
"chr3-0298",-0.0960696611736114
"chr3-0299",0.0538850573702942
"chr3-0300",-0.017867589970855
"chr3-0301",-0.032022287491925
"chr3-0302",-0.0482390602541365
"chr3-0303",-0.0291208334085393
"chr3-0304",-0.0719908680377145
"chr3-0305",-0.0216805970059808
"chr3-0306",-0.0327519255714532
"chr3-0307",-0.00527624901444718
"chr3-0308",-0.00401399101671099
"chr3-0309",0.0520369041216667
"chr3-0310",-0.0304380449132981
"chr3-0311",0.0176115517531816
"chr3-0312",0.184578871565716
"chr3-0313",0.0217901378844737
"chr3-0314",-0.0622270083355654
"chr3-0315",-0.122092119522849
"chr3-0316",0.0680408060849431
"chr3-0317",0.0764309227471129
"chr3-0318",0.0300868007266708
"chr3-0319",0.0891401951991394
"chr3-0320",0.296556598885918
"chr3-0321",0.110050109824187
"chr3-0322",0.236338201203262
"chr3-0323",0.212946929530945
"chr3-0324",0.166751272885717
"chr3-0325",0.322865287736632
"chr3-0326",0.137142661790487
"chr3-0327",0.0475077333446535
"chr3-0328",0.08615500557553
"chr3-0329",0.228091681506927
"chr3-0330",0.116081484276933
"chr3-0331",-0.0267772246192922
"chr3-0332",0.0696215238419701
"chr3-0333",0.0939967392777596
"chr3-0334",0.241043886815756
"chr3-0335",0.122656536845483
"chr3-0336",0.00432204054859403
"chr3-0337",0.120798539208526
"chr3-0338",0.0694536558190237
"chr3-0339",-0.0952935347230121
"chr3-0340",-0.0737568028246996
"chr3-0341",0.0337710136546154
"chr3-0342",-0.0178115150549158
"chr3-0343",0.00594427231432136
"chr3-0344",0.119283177855831
"chr3-0345",0.063460630271812
"chr3-0346",0.016370499980248
"chr3-0347",0.0693953998348334
"chr3-0348",-0.0315547782349618
"chr3-0349",0.138576062482517
"chr3-0350",0.265952240295001
"chr3-0351",0.184935231733249
"chr3-0352",0.251213918790067
"chr3-0353",0.207292768836309
"chr3-0354",0.344124374257209
"chr3-0355",0.037415801092755
"chr3-0356",0.122903012107571
"chr3-0357",0.118816990549602
"chr3-0358",0.0462124970886066
"chr3-0359",0.275173747474359
"chr3-0360",0.0906974554789941
"chr3-0361",0.194417589895296
"chr3-0362",0.0922707604984475
"chr3-0363",0.233163833874025
"chr3-0364",0.20205696541595
"chr3-0365",0.125205449071466
"chr3-0366",0.0675676625126294
"chr3-0367",0.263050142412849
"chr3-0368",0.0309309394642389
"chr3-0369",0.0484460953009722
"chr3-0370",0.0543754019336909
"chr3-0371",0.170966994473196
"chr3-0372",0.170835346206571
"chr3-0373",0.246927598059486
"chr3-0374",0.230212034521515
"chr3-0375",0.021577622851692
"chr3-0376",0.252432532317273
"chr3-0377",0.148819539456718
"chr3-0378",0.223077828871048
"chr3-0379",0.298623697518857
"chr3-0380",0.223645543390848
"chr3-0381",0.185339566841848
"chr3-0382",0.157139286656137
"chr3-0383",0.0885964553622103
"chr3-0384",0.0746363287831067
"chr3-0385",0.130510122738254
"chr3-0386",0.172279778918651
"chr3-0387",0.082127019506979
"chr3-0388",-0.0533896725053113
"chr3-0389",0.0946423010923626
"chr3-0390",0.312357705217059
"chr3-0391",0.178734135358333
"chr3-0392",0.196340783539587
"chr3-0393",0.0881018597280457
"chr3-0394",0.0778612102999
"chr3-0395",0.0256989504369284
"chr3-0396",0.165535488360713
"chr3-0397",0.14827474756107
"chr3-0398",0.11709056201521
"chr3-0399",0.110087408991361
"chr3-0400",0.221441353685822
"chr3-0401",0.259280184830278
"chr3-0402",0.1580416661513
"chr3-0403",0.331735202841958
"chr3-0404",0.294144052557913
"chr3-0405",0.330877765458258
"chr3-0406",0.220485417443441
"chr3-0407",0.276933383395787
"chr3-0408",0.29478781945211
"chr3-0409",0.20939642894245
"chr3-0410",0.19285494638189
"chr3-0411",0.26601251289003
"chr3-0412",0.140286827477521
"chr3-0413",-0.0494368833241764
"chr3-0414",0.0948136571804115
"chr3-0415",0.00790188843724464
"chr3-0416",0.187036081367263
"chr3-0417",0.0361237089128813
"chr3-0418",0.135660722536431
"chr3-0419",-0.027994495804645
"chr3-0420",-0.0204729539743113
"chr3-0421",0.0287634334625305
"chr3-0422",0.125829026431373
"chr3-0423",0.00165466525681915
"chr3-0424",0.0920865420418386
"chr3-0425",0.0385965626722876
"chr3-0426",0.156790414749918
"chr3-0427",0.173632401285828
"chr3-0428",0.21131681352247
"chr3-0429",0.175298530691215
"chr3-0430",0.14366761327604
"chr3-0431",0.118215486185506
"chr3-0432",0.0744164824587854
"chr3-0433",0.0460975846652268
"chr3-0434",0.0582272483223406
"chr3-0435",0.330127361560105
"chr3-0436",0.212308119064262
"chr3-0437",0.161675396177921
"chr3-0438",0.19519557925021
"chr3-0439",0.186526402342191
"chr3-0440",0.432858839717957
"chr3-0441",0.0505963422508601
"chr3-0442",0.139915752463789
"chr3-0443",0.156097781230859
"chr3-0444",0.189629547890132
"chr3-0445",0.124154876378834
"chr3-0446",0.180180116832839
"chr3-0447",0.264365629511856
"chr3-0448",0.190631525478086
"chr3-0449",0.0322548850540174
"chr3-0450",0.0782165090527332
"chr3-0451",0.319564883965305
"chr3-0452",0.201676938423757
"chr3-0453",0.140723321263063
"chr3-0454",0.219912805282087
"chr3-0455",0.0856689836573892
"chr3-0456",0.190484340268581
"chr3-0457",0.106879011273912
"chr3-0458",0.0637406990535094
"chr3-0459",0.324468949957015
"chr3-0460",0.317773252769591
"chr3-0461",-0.0318883667884833
"chr3-0462",-0.00976907523388278
"chr3-0463",0.230831831977998
"chr3-0464",0.336188975673022
"chr3-0465",0.134196407731302
"chr3-0466",0.160712212812614
"chr3-0467",0.187157933525367
"chr3-0468",0.055643207011775
"chr3-0469",0.157307536146976
"chr3-0470",0.247729264628846
"chr3-0471",0.0787293867767841
"chr3-0472",0.0947544903402591
"chr3-0473",0.0844429590332071
"chr3-0474",0.163491637501785
"chr3-0475",0.17739685621815
"chr3-0476",0.217658124472718
"chr3-0477",0.277383746672278
"chr3-0478",0.146248052034687
"chr3-0479",0.0876196047064172
"chr3-0480",0.271549070494445
"chr3-0481",0.214453489558587
"chr3-0482",0.0482259218712006
"chr3-0483",0.0378384498342123
"chr3-0484",0.091555897979658
"chr3-0485",0.191345553015045
"chr3-0486",0.0776293665183431
"chr3-0487",0.084091330602134
"chr3-0488",0.225189146134355
"chr3-0489",0.171607185297073
"chr3-0490",-0.0706844614855472
"chr3-0491",-0.0499717915833601
"chr3-0492",-0.0179571442936295
"chr3-0493",0.165823231271125
"chr3-0494",0.0792380726989906
"chr3-0495",0.260579931628933
"chr3-0496",0.286567750512367
"chr3-0497",0.325674871861991
"chr3-0498",0.259848519294639
"chr3-0499",0.300378251275926
"chr3-0500",0.23359199232576
"chr3-0501",0.167780976440798
"chr3-0502",0.175528939611229
"chr3-0503",0.103558453915065
"chr3-0504",0.2860658560417
"chr3-0505",0.336142847219465
"chr3-0506",0.255630251656831
"chr3-0507",0.148933873970604
"chr3-0508",0.0972968952387571
"chr3-0509",0.124780954767939
"chr3-0510",0.282814133696351
"chr3-0511",0.260765528450477
"chr3-0512",0.125140985022396
"chr3-0513",0.206317937123195
"chr3-0514",0.206654704311022
"chr3-0515",0.075220725553786
"chr3-0516",0.182294469993978
"chr3-0517",0.0769545638891554
"chr3-0518",0.0973800701580129
"chr3-0519",0.179171171803155
"chr3-0520",-0.102226064015126
"chr3-0521",0.189149317249297
"chr3-0522",0.317037977746449
"chr3-0523",0.1759603807173
"chr3-0524",0.104303536612778
"chr3-0525",0.11931962137448
"chr3-0526",0.308934684210537
"chr3-0527",0.0189185600410654
"chr3-0528",0.0756199320140291
"chr3-0529",-0.0115112091324522
"chr3-0530",0.0555268901833493
"chr3-0531",0.118022227142724
"chr3-0532",0.210723456881609
"chr3-0533",0.00201732684387318
"chr3-0534",0.241985211704992
"chr3-0535",0.297734607657539
"chr3-0536",0.156330207588024
"chr3-0537",0.0912366794713475
"chr3-0538",0.30114084395208
"chr3-0539",0.175781570625482
"chr3-0540",0.205435194065562
"chr3-0541",-0.0340831041663867
"chr3-0542",0.0377667012257185
"chr3-0543",0.144924537101339
"chr3-0544",-0.0364631463369357
"chr3-0545",0.132410409339541
"chr3-0546",0.0253040435173906
"chr3-0547",0.233624324266535
"chr3-0548",0.129050150003567
"chr3-0549",0.25565326524476
"chr3-0550",0.287328202884455
"chr3-0551",0.280817573077121
"chr3-0552",0.332926762629994
"chr3-0553",0.182718169417741
"chr3-0554",0.116683479112874
"chr3-0555",0.13541857375491
"chr3-0556",0.209530435290646
"chr3-0557",0.156639791278103
"chr3-0558",0.0515414348370726
"chr3-0559",0.285727102744173
"chr3-0560",0.256463464724194
"chr3-0561",0.198690713358954
"chr3-0562",0.137406977071558
"chr3-0563",0.101284591725454
"chr3-0564",0.199256474730785
"chr3-0565",0.123559990917353
"chr3-0566",0.0325811555646582
"chr3-0567",0.010140657431419
"chr3-0568",0.0255639535076559
"chr3-0569",0.0564541846368282
"chr3-0570",0.130194344016995
"chr3-0571",0.137093488307734
"chr3-0572",0.0648469065710069
"chr3-0573",-0.12057794734875
"chr3-0574",0.166764110821675
"chr3-0575",0.115390488967351
"chr3-0576",0.155258834159337
"chr3-0577",0.117850068284529
"chr3-0578",0.0302729911534116
"chr3-0579",0.168610042645582
"chr3-0580",0.111687081034832
"chr3-0581",0.137666092493614
"chr3-0582",-0.0760017502364434
"chr3-0583",0.192021501782014
"chr3-0584",-0.035893860909
"chr3-0585",-0.0047977233803178
"chr3-0586",0.128183915187179
"chr3-0587",0.140329724239472
"chr3-0588",0.15873391428196
"chr3-0589",0.0585363888723566
"chr3-0590",0.0783449156269533
"chr3-0591",0.0359637375151695
"chr3-0592",0.0128139166535268
"chr3-0593",0.0727194458571806
"chr3-0594",0.0507162711800604
"chr3-0595",0.0542429476593769
"chr3-0596",0.0778628526386006
"chr3-0597",0.0549545848228295
"chr3-0598",-0.0194780645756401
"chr3-0599",-0.00465842821534981
"chr3-0600",0.102922638111854
"chr3-0601",0.1353983727938
"chr3-0602",0.0886222011826451
"chr3-0603",0.134373800693304
"chr3-0604",0.140469915257776
"chr3-0605",0.0573476818111026
"chr3-0606",0.0475694992172552
"chr3-0607",0.0976669313549562
"chr3-0608",0.190085461268343
"chr3-0609",0.0432930001511384
"chr3-0610",0.146818405175639
"chr3-0611",-0.00696517836457012
"chr3-0612",0.0996929693131979
"chr3-0613",-0.0949749118644985
"chr3-0614",0.076229523208132
"chr3-0615",0.0515719916913936
"chr3-0616",0.0531768231360393
"chr3-0617",-0.0392192507163451
"chr3-0618",-0.00391242785315411
"chr3-0619",-0.0864177640455855
"chr3-0620",0.0277233478137156
"chr3-0621",0.0422411928508931
"chr3-0622",0.0796067458357473
"chr3-0623",-0.0226014946013083
"chr3-0624",0.0152985277679193
"chr3-0625",0.0245969464796827
"chr3-0626",0.0679284655525253
"chr3-0627",-0.0106426957583217
"chr3-0628",0.0212621132422262
"chr3-0629",0.0696950163665131
"chr3-0630",0.0128249180051412
"chr3-0631",-0.0377396538925506
"chr3-0632",-0.0475386611136601
"chr3-0633",0.0767398631940951
"chr3-0634",-0.028964614108948
"chr3-0635",-0.0937624420798237
"chr3-0636",-0.0504469204254154
"chr3-0637",0.0515665441876411
"chr3-0638",0.131666516577837
"chr3-0639",-0.0744923370914086
"chr3-0640",0.134121478188321
"chr3-0641",-0.0390048648804236
"chr3-0642",-0.0649747632361577
"chr3-0643",0.126693186639744
"chr3-0644",0.0667209546460711
"chr3-0645",-0.0128649220276014
"chr3-0646",0.0304604228119431
"chr3-0647",-0.122283072809781
"chr3-0648",0.0154985780387245
"chr3-0649",0.0137981889075124
"chr3-0650",0.00380056916456806
"chr3-0651",-0.0576226357867909
"chr3-0652",-0.0223155365238487
"chr3-0653",-0.0270565507605921
"chr3-0654",-0.0366189379644669
"chr3-0655",-0.0543082403395663
"chr3-0656",-0.00585835559847795
"chr3-0657",0.113070132903895
"chr3-0658",-0.0182926325222472
"chr3-0659",0.0105145204670777
"chr3-0660",0.0465309634009112
"chr3-0661",0.0537703150585596
"chr3-0662",0.16127791513872
"chr3-0663",0.216635978079817
"chr3-0664",-0.0575341556723392
"chr3-0665",0.152529784036246
"chr3-0666",0.197101006957023
"chr3-0667",0.0902728437351968
"chr3-0668",0.0821926879277113
"chr3-0669",0.0776354116671926
"chr3-0670",0.0686784792957321
"chr3-0671",0.149262796370061
"chr3-0672",0.230926906855579
"chr3-0673",-0.0228780130448017
"chr3-0674",0.0775733319753598
"chr3-0675",-0.0174337879133296
"chr3-0676",0.0781146284884807
"chr3-0677",0.0371508735158954
"chr3-0678",0.0904103087539136
"chr3-0679",-0.0191435029901597
"chr3-0680",0.0632240644929656
"chr3-0681",0.0195523282205211
"chr3-0682",-0.0563818873213847
"chr3-0683",0.0155177096805327
"chr3-0684",0.0910294013714234
"chr3-0685",-0.0139595509729852
"chr3-0686",-0.0175244943716328
"chr3-0687",0.038738686459666
"chr3-0688",0.0454410575301275
"chr3-0689",0.0566388153387542
"chr3-0690",0.093320517381102
"chr3-0691",0.11633683382122
"chr3-0692",0.0634995838349234
"chr3-0693",-0.124482745058166
"chr3-0694",0.122008986879348
"chr3-0695",0.0152670342713036
"chr3-0696",-0.109381786948567
"chr3-0697",-0.0361742302467322
"chr3-0698",0.112208300334331
"chr3-0699",0.0480934542491934
"chr3-0700",0.0475072957368898
"chr3-0701",-0.0138290832617219
"chr3-0702",0.0667130145387524
"chr3-0703",0.0772584423966622
"chr3-0704",-0.0425120150929701
"chr3-0705",-0.0621633851499433
"chr3-0706",0.000799641977984965
"chr3-0707",-0.215570028005074
"chr3-0708",0.0518095224241002
"chr3-0709",0.112221477085484
"chr3-0710",-0.180677659207064
"chr3-0711",-0.0367821610849891
"chr3-0712",0.00576830188853299
"chr3-0713",0.0368396164898196
"chr3-0714",-0.0733897293889842
"chr3-0715",-0.0211991575194173
"chr3-0716",0.116816929680622
"chr3-0717",0.124873966924454
"chr3-0718",0.0182632919941417
"chr3-0719",0.187944994586413
"chr3-0720",0.0699251022898497
"chr3-0721",0.0091816014900347
"chr3-0722",0.101008180622639
"chr3-0723",0.224470302712359
"chr3-0724",0.153138378194028
"chr3-0725",0.121029485675678
"chr3-0726",-0.00942395737322141
"chr3-0727",-0.00633170743012703
"chr3-0728",0.0316078083863716
"chr3-0729",-0.0292548345538334
"chr3-0730",0.0431132371170861
"chr3-0731",-0.00012970791653103
"chr3-0732",0.225455009125878
"chr3-0733",-0.00754332518371964
"chr3-0734",0.0983801975873297
"chr3-0735",0.0146475549388087
"chr3-0736",0.0631307060575009
"chr3-0737",0.100898052846737
"chr3-0738",0.0604515774941474
"chr3-0739",0.125836164223343
"chr3-0740",0.181863361946277
"chr3-0741",0.24471325629256
"chr3-0742",0.205379318974353
"chr3-0743",0.257734576532417
"chr3-0744",0.189687027810436
"chr3-0745",0.313798257159281
"chr3-0746",0.122297395321285
"chr3-0747",-0.0162007512255298
"chr3-0748",0.0201964626121956
"chr3-0749",0.109146914279813
"chr3-0750",0.146813858329909
"chr3-0751",0.29920982751006
"chr3-0752",0.154746921004103
"chr3-0753",0.204606871775019
"chr3-0754",0.237640762045933
"chr3-0755",0.182577023617158
"chr3-0756",0.076778467962109
"chr3-0757",0.33845675754397
"chr3-0758",0.286257124918772
"chr3-0759",0.181088328288819
"chr3-0760",0.067754121464834
"chr3-0761",0.19483807542644
"chr3-0762",0.10751532084893
"chr3-0763",0.201173796056549
"chr3-0764",0.218529622759567
"chr3-0765",0.229401123369148
"chr3-0766",0.0074720297490573
"chr3-0767",0.030850613678209
"chr3-0768",0.00687363144831522
"chr3-0769",0.0921337800244986
"chr3-0770",0.146728922082438
"chr3-0771",0.202194329544996
"chr3-0772",0.145095427611401
"chr3-0773",0.0349408766782427
"chr3-0774",0.029599741393847
"chr3-0775",-0.0355870648481232
"chr3-0776",0.0668103650920686
"chr3-0777",0.373258831877654
"chr3-0778",0.102245645799832
"chr3-0779",0.156236183515962
"chr3-0780",0.254356425037102
"chr3-0781",0.164993015990107
"chr3-0782",0.164355087713802
"chr3-0783",0.246025803880292
"chr3-0784",0.263290026756715
"chr3-0785",0.129258593368998
"chr3-0786",0.107601263261145
"chr3-0787",0.0820927557390326
"chr3-0788",0.045360180013189
"chr3-0789",-0.00526095751718831
"chr3-0790",0.167225677885052
"chr3-0791",0.154401644930121
"chr3-0792",0.321920125813507
"chr3-0793",0.138199342158519
"chr3-0794",0.0189169865807364
"chr3-0795",0.194669470913705
"chr3-0796",0.157026962146475
"chr3-0797",-0.0175876721253726
"chr3-0798",0.0396328882773682
"chr3-0799",0.175181379586156
"chr3-0800",0.228529419467522
"chr3-0801",0.0558721332672861
"chr3-0802",-0.0880314628527056
"chr3-0803",0.166923796883376
"chr3-0804",0.124439159260139
"chr3-0805",0.315255512156132
"chr3-0806",0.160213680062819
"chr3-0807",0.132321151299396
"chr3-0808",0.116575501206929
"chr3-0809",0.144224939968343
"chr3-0810",0.0817863310083844
"chr3-0811",0.0386216952521113
"chr3-0812",0.17451563561893
"chr3-0813",-0.020341953557488
"chr3-0814",0.240794524885469
"chr3-0815",0.305368773534218
"chr3-0816",0.144291323056889
"chr3-0817",0.0783483965186804
"chr3-0818",0.0298899320719466
"chr3-0819",0.0354668077662585
"chr3-0820",0.18012216290437
"chr3-0821",0.206469016352704
"chr3-0822",0.207674134392247
"chr3-0823",0.0672917882025111
"chr3-0824",0.14628740061359
"chr3-0825",-0.031165511490677
"chr3-0826",0.00543841171445957
"chr3-0827",0.130435835254609
"chr3-0828",0.0929565616852446
"chr3-0829",0.0680440002225692
"chr3-0830",0.0518248370074442
"chr3-0831",0.18133136730079
"chr3-0832",0.0320864750811277
"chr3-0833",0.26360790440698
"chr3-0834",0.145575852359223
"chr3-0835",0.110719804770725
"chr3-0836",-0.0188541796062007
"chr3-0837",0.248322359350179
"chr3-0838",-0.0178579449160424
"chr3-0839",0.239898658456724
"chr3-0840",0.153176081675788
"chr3-0841",0.223123395608334
"chr3-0842",0.294014711906663
"chr3-0843",0.274217560351443
"chr3-0844",0.254358437105631
"chr3-0845",0.287294084066946
"chr3-0846",0.0778448504461695
"chr3-0847",0.152145024166687
"chr3-0848",0.145011854308136
"chr3-0849",0.07783845520518
"chr3-0850",0.358925885552444
"chr3-0851",0.324634175553334
"chr3-0852",0.204152547681507
"chr3-0853",0.260746094706423
"chr3-0854",0.137125323018813
"chr3-0855",-0.00818644835152928
"chr3-0856",0.035013148043844
"chr3-0857",0.0652215927440288
"chr3-0858",-0.0757052367452766
"chr3-0859",0.0424563641531512
"chr3-0860",-0.219810811403673
"chr3-0861",0.0655904700379125
"chr3-0862",0.0351725214343332
"chr3-0863",0.0417313136760499
"chr3-0864",0.194431697490969
"chr3-0865",-0.0831229003579912
"chr3-0866",-0.0274502119221243
"chr3-0867",0.116394570573719
"chr3-0868",0.287865412737146
"chr3-0869",0.439329470593154
"chr3-0870",0.237438962939381
"chr3-0871",0.0278204073759227
"chr3-0872",0.110611599522192
"chr3-0873",0.0598652070259984
"chr3-0874",0.204921560403116
"chr3-0875",0.217490856523944
"chr3-0876",0.0693554315258899
"chr3-0877",0.146636900414195
"chr3-0878",0.178641818104312
"chr3-0879",0.205103530171603
"chr3-0880",0.0132115329411788
"chr3-0881",0.118087847147326
"chr3-0882",0.135113857517759
"chr3-0883",0.0645684231991422
"chr3-0884",0.213831969775096
"chr3-0885",0.0284265770875387
"chr3-0886",0.265601092880726
"chr3-0887",0.210440467289639
"chr3-0888",0.163724466652011
"chr3-0889",0.297535330445262
"chr3-0890",0.194694836354529
"chr3-0891",0.14375972191569
"chr3-0892",0.118221199302624
"chr3-0893",0.0638601000304769
"chr3-0894",-0.0492256543531806
"chr3-0895",0.199004053387149
"chr3-0896",0.182608373732985
"chr3-0897",0.282517231769999
"chr3-0898",0.265048995732177
"chr3-0899",0.0215017534904118
"chr3-0900",0.28298909276788
"chr3-0901",0.253964332593128
"chr3-0902",0.183022000376532
"chr3-0903",0.057856257410014
"chr3-0904",-0.00443752526513703
"chr3-0905",0.0807308614332751
"chr3-0906",-0.028530983986984
"chr3-0907",0.14635813074614
"chr3-0908",0.0365684544802219
"chr3-0909",0.0498511586409771
"chr3-0910",0.17710388181277
"chr3-0911",0.19398817486093
"chr3-0912",0.18427970297163
"chr3-0913",0.0355537401137792
"chr3-0914",0.115941188516734
"chr3-0915",0.0241790376274195
"chr3-0916",0.10877586135252
"chr3-0917",0.263056653301138
"chr3-0918",0.0519342431207221
"chr3-0919",0.23787409547924
"chr3-0920",0.279506494087075
"chr3-0921",0.179237354708956
"chr3-0922",-0.0326055593662758
"chr3-0923",0.199563574802749
"chr3-0924",0.0715535794639334
"chr3-0925",0.0182316674374018
"chr3-0926",-0.129684603902429
"chr3-0927",0.125454907427282
"chr3-0928",0.0942436946343904
"chr3-0929",-0.0687170262105598
"chr3-0930",-0.073132800518652
"chr3-0931",-0.0554799096823751
"chr3-0932",-0.0637320037616445
"chr3-0933",-0.0169680014036304
"chr3-0934",-0.0519031135591061
"chr3-0935",0.034947945552625
"chr3-0936",-0.122672558078542
"chr3-0937",0.0104147364365625
"chr3-0938",-0.117096939247458
"chr3-0939",-0.0186406279651961
"chr3-0940",-0.00611296839353342
"chr3-0941",-0.0796054404737193
"chr3-0942",0.16104435862277
"chr3-0943",0.088702982280155
"chr3-0944",0.155219817560758
"chr3-0945",0.14946217950489
"chr3-0946",-0.00400278910318384
"chr3-0947",-0.102473586652371
"chr3-0948",0.0063019648844997
"chr3-0949",0.102836504639302
"chr3-0950",0.108019142788144
"chr3-0951",-0.0321817607902788
"chr3-0952",0.176865968399914
"chr3-0953",0.0277326475858987
"chr3-0954",0.0539224620365982
"chr3-0955",0.0481684543234689
"chr3-0956",0.138791312584174
"chr3-0957",-0.00611706377334068
"chr3-0958",0.05467856574951
"chr3-0959",-0.0418442933333074
"chr3-0960",-0.0369660327915401
"chr3-0961",0.00695579786150243
"chr3-0962",-0.0225650981653887
"chr3-0963",0.00229668106147014
"chr3-0964",0.126223947553346
"chr3-0965",0.139043315642419
"chr3-0966",0.243735807881856
"chr3-0967",0.115294237824214
"chr3-0968",0.236782444984824
"chr3-0969",0.271084793255608
"chr3-0970",0.21651550754579
"chr3-0971",0.213580004442151
"chr3-0972",0.180761503403107
"chr3-0973",0.251565080466768
"chr3-0974",0.209367277298997
"chr3-0975",0.137238890273056
"chr3-0976",0.146038837047106
"chr3-0977",0.215629978685467
"chr3-0978",0.179269446149204
"chr3-0979",0.228843197772755
"chr3-0980",0.212740433156083
"chr3-0981",0.310267277197109
"chr3-0982",0.298982416167463
"chr3-0983",0.257599331820659
"chr3-0984",0.308920768977359
"chr3-0985",0.189583848100307
"chr3-0986",0.310217757253737
"chr3-0987",0.0874964531768928
"chr3-0988",0.199849740266576
"chr3-0989",0.188945456529777
"chr3-0990",0.225012138727685
"chr3-0991",0.256431276421588
"chr3-0992",0.0926343086058139
"chr3-0993",0.259069493495065
"chr3-0994",0.18817832138212
"chr3-0995",0.273285536717655
"chr3-0996",0.246290975165321
"chr3-0997",0.101811953266708
"chr3-0998",0.14588698136784
"chr3-0999",0.0750553933921276
"chr3-1000",0.182224693821968
"chr3-1001",0.073885394475167
"chr3-1002",0.134165399345472
"chr3-1003",0.161003964592377
"chr3-1004",0.0862719231968896
"chr3-1005",0.3524654136004
"chr3-1006",0.0735264184631571
"chr3-1007",0.0559857017433384
"chr3-1008",0.102655113912212
"chr3-1009",-0.0426912245714759
"chr3-1010",0.0941562829668091
"chr3-1011",0.0136569701961775
"chr3-1012",0.00781922459035614
"chr3-1013",0.0564631146974268
"chr3-1014",-0.0592833727030469
"chr3-1015",-0.0317675688026174
"chr3-1016",0.071282465149104
"chr3-1017",0.120448244889825
"chr3-1018",0.0714674474168207
"chr3-1019",0.0270585519042093
"chr3-1020",0.13730189180511
"chr3-1021",0.0316724831016037
"chr3-1022",0.0793638255670006
"chr3-1023",0.091825410303576
"chr3-1024",0.0411479326238327
"chr3-1025",0.0184422436375332
"chr3-1026",0.0194812501804234
"chr3-1027",0.0868251790829029
"chr3-1028",-0.0528727365938914
"chr3-1029",-0.0286255388010116
"chr3-1030",-0.0432629414803888
"chr3-1031",-0.103639932282593
"chr3-1032",-0.0564979085507778
"chr3-1033",-0.158832251660296
"chr3-1034",-0.101680000933674
"chr3-1035",-0.0753419711291489
"chr3-1036",-0.125871060980255
"chr3-1037",0.012785768388039
"chr3-1038",0.0658275395381307
"chr3-1039",0.307949547204383
"chr3-1040",0.0192998918405561
"chr3-1041",0.020858252645176
"chr3-1042",-0.0360262206459743
"chr3-1043",0.0489436948291001
"chr3-1044",0.0623555290046933
"chr3-1045",-0.0625673625414133
"chr3-1046",0.0845629101718269
"chr3-1047",0.0126261682162557
"chr3-1048",0.113888547064884
"chr3-1049",0.0196444105571183
"chr4-0001",0.329436408525038
"chr4-0002",-0.273938023233228
"chr4-0003",-0.287596290476399
"chr4-0004",-0.241020423343854
"chr4-0005",-0.109004185387419
"chr4-0006",0.0795300321370504
"chr4-0007",-0.0169656536485091
"chr4-0008",0.0994898236920688
"chr4-0009",0.0378214538490609
"chr4-0010",0.0584950909354052
"chr4-0011",-0.0220121481038952
"chr4-0012",0.0104528254267534
"chr4-0013",0.0523462889786123
"chr4-0014",0.0780331628490074
"chr4-0015",0.0466089740683198
"chr4-0016",0.0625546570313163
"chr4-0017",0.0278226174612377
"chr4-0018",-0.0290318158689502
"chr4-0019",-0.050054023718594
"chr4-0020",0.0798922275106259
"chr4-0021",-0.0362688431112099
"chr4-0022",0.0100119758951822
"chr4-0023",0.000405935233427929
"chr4-0024",0.0466665831812514
"chr4-0025",-0.0789737626869571
"chr4-0026",0.135464860972704
"chr4-0027",0.0577009816349292
"chr4-0028",-0.102686805617715
"chr4-0029",0.00570078492831465
"chr4-0030",0.104377067582213
"chr4-0031",0.000957430172396273
"chr4-0032",0.0676488163262642
"chr4-0033",0.0413065150013149
"chr4-0034",0.164954464035554
"chr4-0035",0.0557582410290107
"chr4-0036",0.0517109261231123
"chr4-0037",0.00846131412030215
"chr4-0038",0.0228094584287687
"chr4-0039",-0.0557284067077626
"chr4-0040",-0.158628180371826
"chr4-0041",-0.0785015864574128
"chr4-0042",-0.0698066809033097
"chr4-0043",0.0958319666158994
"chr4-0044",0.00788400831931263
"chr4-0045",0.093182086305739
"chr4-0046",0.103422527864287
"chr4-0047",0.0826439655495103
"chr4-0048",0.0265035222325037
"chr4-0049",-0.00497920090183685
"chr4-0050",0.210516925596496
"chr4-0051",0.0256762929280717
"chr4-0052",0.0434742721348354
"chr4-0053",0.00867396983803398
"chr4-0054",0.057871524671682
"chr4-0055",0.0381297275015448
"chr4-0056",-0.0238512232245972
"chr4-0057",0.0479614782594966
"chr4-0058",-0.0319924951057938
"chr4-0059",0.0243993582663903
"chr4-0060",-0.0437561753020926
"chr4-0061",0.0484943256537536
"chr4-0062",0.0172035403660602
"chr4-0063",0.129289482664612
"chr4-0064",0.0251382520170256
"chr4-0065",-0.0162496585666293
"chr4-0066",0.0451778933275703
"chr4-0067",-0.0240800294082563
"chr4-0068",0.053849473973938
"chr4-0069",0.0622519845057277
"chr4-0070",0.0320804449241177
"chr4-0071",0.118530923777376
"chr4-0072",0.206630173915048
"chr4-0073",0.0461641746876026
"chr4-0074",-0.0242699756226473
"chr4-0075",-0.0325663938825854
"chr4-0076",0.0323781094820826
"chr4-0077",0.00109473497898368
"chr4-0078",0.0291170476369875
"chr4-0079",-0.015338799834572
"chr4-0080",0.00546428818227458
"chr4-0081",0.0282490913147206
"chr4-0082",-0.0262990636803119
"chr4-0083",-0.0223127853663016
"chr4-0084",0.00246775393051538
"chr4-0085",-0.0151518063069121
"chr4-0086",0.109258443730449
"chr4-0087",0.0790458228169895
"chr4-0088",0.111140571512004
"chr4-0089",0.219143853166131
"chr4-0090",0.200949536699365
"chr4-0091",0.120924348803985
"chr4-0092",0.161251153169815
"chr4-0093",0.18189837175021
"chr4-0094",0.181291530591133
"chr4-0095",0.151772790444671
"chr4-0096",0.0747337502704361
"chr4-0097",0.0521024674666813
"chr4-0098",0.112807927437274
"chr4-0099",0.0947287129782116
"chr4-0100",0.17012839060982
"chr4-0101",0.197197852858385
"chr4-0102",0.15289218896608
"chr4-0103",0.0471254545111419
"chr4-0104",0.157944951760188
"chr4-0105",0.177355285701223
"chr4-0106",0.306567409608244
"chr4-0107",0.113438737027069
"chr4-0108",0.161613503017077
"chr4-0109",0.0185217077347381
"chr4-0110",0.136010319886612
"chr4-0111",0.101757289056447
"chr4-0112",0.171450794733438
"chr4-0113",0.159613337951686
"chr4-0114",0.373892022266526
"chr4-0115",0.318633069220822
"chr4-0116",0.170057711126518
"chr4-0117",0.192389869995609
"chr4-0118",0.125471769434382
"chr4-0119",-0.0350121094976095
"chr4-0120",0.0294133032198024
"chr4-0121",0.0473401093345223
"chr4-0122",0.141094804211462
"chr4-0123",0.180047208134859
"chr4-0124",0.35361711028788
"chr4-0125",0.128244941375954
"chr4-0126",0.20061653995819
"chr4-0127",0.264020281956494
"chr4-0128",0.103637613906099
"chr4-0129",0.297436934754954
"chr4-0130",0.137831294657842
"chr4-0131",0.187165489602945
"chr4-0132",0.185069511196844
"chr4-0133",0.12356702983047
"chr4-0134",0.181607502012842
"chr4-0135",0.212744668160425
"chr4-0136",0.156375640925083
"chr4-0137",0.0424833161354146
"chr4-0138",0.10071822219853
"chr4-0139",0.242850498450544
"chr4-0140",0.195700523022184
"chr4-0141",0.205183543930863
"chr4-0142",0.0468081617148017
"chr4-0143",0.0829239026795995
"chr4-0144",0.037093632182762
"chr4-0145",-0.0296388772537746
"chr4-0146",0.000911799109053809
"chr4-0147",-0.00101729608939348
"chr4-0148",0.153277950817312
"chr4-0149",0.00158832174356478
"chr4-0150",0.145747821552709
"chr4-0151",0.0576589551925588
"chr4-0152",0.0173397977756455
"chr4-0153",0.162813679687007
"chr4-0154",0.11018494522609
"chr4-0155",0.0994551027136887
"chr4-0156",0.255997417395485
"chr4-0157",0.232582642211627
"chr4-0158",0.145922604760052
"chr4-0159",0.279705990550402
"chr4-0160",0.161739744111109
"chr4-0161",-0.0438340275458387
"chr4-0162",0.226250024075178
"chr4-0163",0.22868418173567
"chr4-0164",0.23712959438871
"chr4-0165",0.157112753460646
"chr4-0166",0.252483839500044
"chr4-0167",0.305860503633448
"chr4-0168",0.117512467119912
"chr4-0169",0.284649510424843
"chr4-0170",0.189068852384355
"chr4-0171",0.164525022822637
"chr4-0172",0.106001697114581
"chr4-0173",0.166604906467083
"chr4-0174",0.106809144164186
"chr4-0175",0.0270849151378057
"chr4-0176",0.185350321363752
"chr4-0177",0.222457861153132
"chr4-0178",0.28241782794203
"chr4-0179",0.187110998376351
"chr4-0180",0.171655321487099
"chr4-0181",0.228961155113809
"chr4-0182",0.143365750432714
"chr4-0183",0.138247794046712
"chr4-0184",0.0494585982349141
"chr4-0185",-0.0230216920020903
"chr4-0186",0.254524554198367
"chr4-0187",-0.0521793361609663
"chr4-0188",-0.00891109394341685
"chr4-0189",-0.126488592764219
"chr4-0190",-0.00853170350335705
"chr4-0191",-0.0713845110683175
"chr4-0192",0.0620334139487563
"chr4-0193",-0.0179096478873715
"chr4-0194",0.159195445149901
"chr4-0195",0.0246788674207358
"chr4-0196",0.126676134450211
"chr4-0197",0.179885525453742
"chr4-0198",-0.0455290434123031
"chr4-0199",0.0457386562591689
"chr4-0200",0.0338899577340078
"chr4-0201",0.101054465336804
"chr4-0202",0.0560491923699445
"chr4-0203",0.179604774323366
"chr4-0204",0.179512679007927
"chr4-0205",0.0927093226378135
"chr4-0206",0.0628825386374709
"chr4-0207",0.168407519997629
"chr4-0208",0.329818060844856
"chr4-0209",0.0329206201015243
"chr4-0210",0.0717246426133711
"chr4-0211",0.0222805247713504
"chr4-0212",-0.0752279135764332
"chr4-0213",0.112512131771599
"chr4-0214",0.316821188433574
"chr4-0215",0.244494953512961
"chr4-0216",0.20642510825533
"chr4-0217",0.0312548277992082
"chr4-0218",-0.0520192441309408
"chr4-0219",0.125619247409227
"chr4-0220",0.102545820546282
"chr4-0221",0.205925184874836
"chr4-0222",0.113973495376236
"chr4-0223",0.207364868152198
"chr4-0224",0.340204774968085
"chr4-0225",0.20087787956722
"chr4-0226",0.115918904791796
"chr4-0227",0.0860382463836335
"chr4-0228",0.00662049096815624
"chr4-0229",-0.0444198721220639
"chr4-0230",0.101444527765878
"chr4-0231",0.0738389081353306
"chr4-0232",0.059449425680417
"chr4-0233",0.100148811991346
"chr4-0234",0.284443197347391
"chr4-0235",0.310957398123348
"chr4-0236",0.231908133493327
"chr4-0237",0.0270399074639727
"chr4-0238",-0.016356182819967
"chr4-0239",-0.109664312160647
"chr4-0240",-0.0181058863583496
"chr4-0241",0.14593269150167
"chr4-0242",0.0776114738766305
"chr4-0243",0.0915476198440252
"chr4-0244",0.00289875853149541
"chr4-0245",0.165569451261559
"chr4-0246",0.188734589281495
"chr4-0247",0.0487102682592655
"chr4-0248",0.202654744559981
"chr4-0249",0.185547322454553
"chr4-0250",0.260999987474488
"chr4-0251",0.0447131766145522
"chr4-0252",0.00993835934049089
"chr4-0253",0.00478917906125963
"chr4-0254",-0.019393333121984
"chr4-0255",0.187797703959188
"chr4-0256",0.142468429442059
"chr4-0257",0.107113209577057
"chr4-0258",0.319060839937538
"chr4-0259",0.148269454094736
"chr4-0260",0.018010253174932
"chr4-0261",0.105837627197162
"chr4-0262",0.0545650990690617
"chr4-0263",0.0531538525824864
"chr4-0264",0.0856865976972477
"chr4-0265",0.125363429414134
"chr4-0266",0.10776663067814
"chr4-0267",0.0500639535750546
"chr4-0268",0.0628079993975583
"chr4-0269",-0.0382007437001985
"chr4-0270",-0.0614229831939764
"chr4-0271",0.0788896403789086
"chr4-0272",-0.0978065808253594
"chr4-0273",-0.0669215194641543
"chr4-0274",0.0596253898809794
"chr4-0275",0.0724368883834023
"chr4-0276",0.141298897633519
"chr4-0277",0.246620857772826
"chr4-0278",0.0705466392086515
"chr4-0279",0.233893366287006
"chr4-0280",0.0818631740719422
"chr4-0281",0.346720537020338
"chr4-0282",0.205092685337781
"chr4-0283",0.282038445154801
"chr4-0284",0.129232220424935
"chr4-0285",0.205935086760664
"chr4-0286",0.0573085509511111
"chr4-0287",0.168450018378555
"chr4-0288",0.0998751359477026
"chr4-0289",-0.031000328685295
"chr4-0290",0.320909248502433
"chr4-0291",0.219037898207914
"chr4-0292",0.282905370535022
"chr4-0293",0.165983887248192
"chr4-0294",0.243914020637701
"chr4-0295",0.287313908490137
"chr4-0296",0.187500906724476
"chr4-0297",0.113203103874546
"chr4-0298",-0.11092781470855
"chr4-0299",0.0294215143006134
"chr4-0300",0.0349236192882331
"chr4-0301",0.0580387265295311
"chr4-0302",0.216542578370522
"chr4-0303",0.0145216424949721
"chr4-0304",0.181831378363119
"chr4-0305",0.176519565139049
"chr4-0306",0.3776241677718
"chr4-0307",0.0915900905104514
"chr4-0308",0.0664634835692169
"chr4-0309",0.0982010288262487
"chr4-0310",0.238937136220618
"chr4-0311",0.169769468051701
"chr4-0312",0.153526442187448
"chr4-0313",0.257109519212084
"chr4-0314",0.125741437176939
"chr4-0315",0.207285349460541
"chr4-0316",-0.000409608224469595
"chr4-0317",0.143515171945861
"chr4-0318",0.0435799064514818
"chr4-0319",0.193619261627628
"chr4-0320",0.243780505560593
"chr4-0321",0.180103913686131
"chr4-0322",0.178283731747791
"chr4-0323",0.200274978385469
"chr4-0324",0.142511530806785
"chr4-0325",-0.0897281141620947
"chr4-0326",-0.0165268543684998
"chr4-0327",-0.138338182045853
"chr4-0328",-0.120078864445289
"chr4-0329",0.124424013195834
"chr4-0330",0.0789015567549962
"chr4-0331",0.116212310992906
"chr4-0332",0.0471586451420297
"chr4-0333",0.241238053775634
"chr4-0334",0.2342087984001
"chr4-0335",0.247045293502714
"chr4-0336",0.261811363705848
"chr4-0337",0.155984652512816
"chr4-0338",0.133024478210037
"chr4-0339",0.111542614733973
"chr4-0340",0.0859294038764725
"chr4-0341",0.160249161720038
"chr4-0342",-0.160685373600887
"chr4-0343",-0.0466347195402691
"chr4-0344",0.12764642329156
"chr4-0345",0.132129316202189
"chr4-0346",0.172429316211632
"chr4-0347",0.25548904713097
"chr4-0348",0.196985312460295
"chr4-0349",0.178668430226684
"chr4-0350",0.255286131833466
"chr4-0351",0.322631148296564
"chr4-0352",0.235308546445335
"chr4-0353",0.217260299216486
"chr4-0354",0.16042392917293
"chr4-0355",0.168524528803139
"chr4-0356",0.00367795731621145
"chr4-0357",0.269320735560328
"chr4-0358",0.0597070500103562
"chr4-0359",0.161021228568568
"chr4-0360",0.198756296647426
"chr4-0361",0.262958158263555
"chr4-0362",0.109620592812803
"chr4-0363",0.0573796213974411
"chr4-0364",0.175146500769657
"chr4-0365",-0.016672643351068
"chr4-0366",0.0469170412005821
"chr4-0367",-0.0197056927349701
"chr4-0368",0.0379135317173165
"chr4-0369",-0.178153522371245
"chr4-0370",0.186719860643752
"chr4-0371",0.173295184889197
"chr4-0372",-0.0284915315241323
"chr4-0373",0.0247442891923579
"chr4-0374",0.0918019710648109
"chr4-0375",0.372221589290872
"chr4-0376",0.186841386212345
"chr4-0377",0.0613311150973802
"chr4-0378",0.125726876153705
"chr4-0379",0.292960182764039
"chr4-0380",0.196735580582597
"chr4-0381",0.219430137671082
"chr4-0382",0.167743836694489
"chr4-0383",0.192164907347503
"chr4-0384",0.193151064969329
"chr4-0385",0.178801650442627
"chr4-0386",0.0766146279775494
"chr4-0387",0.00603076100507952
"chr4-0388",0.0395896749473819
"chr4-0389",0.0965464868247125
"chr4-0390",0.0330710852045627
"chr4-0391",0.104829517266358
"chr4-0392",0.280089847971378
"chr4-0393",0.306252621877351
"chr4-0394",0.143016443924855
"chr4-0395",0.213095536632847
"chr4-0396",0.171000858596449
"chr4-0397",0.096820147824634
"chr4-0398",-0.020988537944522
"chr4-0399",-0.00671474755872801
"chr4-0400",-0.0228716185927446
"chr4-0401",0.0912388192758148
"chr4-0402",0.0765545077028661
"chr4-0403",0.199293051153888
"chr4-0404",0.3257263709733
"chr4-0405",0.186007345550084
"chr4-0406",0.187278134527637
"chr4-0407",0.335474364048444
"chr4-0408",0.054741994713692
"chr4-0409",0.335316821776543
"chr4-0410",0.223569800852441
"chr4-0411",0.142008114778217
"chr4-0412",0.248940818123899
"chr4-0413",0.218630937131405
"chr4-0414",0.111513765914683
"chr4-0415",0.13139207721312
"chr4-0416",0.290292483333445
"chr4-0417",0.234145858207087
"chr4-0418",0.130708492041356
"chr4-0419",0.102784067182276
"chr4-0420",0.159350378217126
"chr4-0421",0.232891121144646
"chr4-0422",0.289844539925786
"chr4-0423",0.530467211905022
"chr4-0424",0.2947870490015
"chr4-0425",0.0890504672953337
"chr4-0426",0.306325234423841
"chr4-0427",0.318601355906642
"chr4-0428",0.356540001756589
"chr4-0429",0.160214550838833
"chr4-0430",0.110990509189576
"chr4-0431",0.0689275932036904
"chr4-0432",0.196001825621782
"chr4-0433",0.114044621809194
"chr4-0434",0.0670264383558278
"chr4-0435",0.136105588052917
"chr4-0436",0.305574617638899
"chr4-0437",0.0806463991120456
"chr4-0438",0.162444106735549
"chr4-0439",0.141507907981341
"chr4-0440",0.114600624339427
"chr4-0441",0.168464223196709
"chr4-0442",0.395387273038772
"chr4-0443",0.0883198528993867
"chr4-0444",0.397806045977822
"chr4-0445",0.2546514027428
"chr4-0446",0.183495540186327
"chr4-0447",0.374803509228538
"chr4-0448",0.244836673908248
"chr4-0449",0.141431602933933
"chr4-0450",0.19697975688852
"chr4-0451",-0.0153323006680807
"chr4-0452",-0.00569944294827119
"chr4-0453",0.14614394147288
"chr4-0454",0.177320053561843
"chr4-0455",0.0531674718023929
"chr4-0456",0.171905817469392
"chr4-0457",0.262832300414212
"chr4-0458",0.166170196758276
"chr4-0459",0.0624914230332368
"chr4-0460",0.282258178123873
"chr4-0461",0.00578703602766441
"chr4-0462",0.096346071685269
"chr4-0463",0.373140528110743
"chr4-0464",0.0451485093164792
"chr4-0465",0.273622519843443
"chr4-0466",0.265200052931033
"chr4-0467",0.0729010653646777
"chr4-0468",0.113857270243195
"chr4-0469",0.13860750730471
"chr4-0470",0.108752191208792
"chr4-0471",0.182116050699014
"chr4-0472",0.0806024256822054
"chr4-0473",0.193853918341718
"chr4-0474",0.0976472320512484
"chr4-0475",0.0891129751004646
"chr4-0476",0.311043283233441
"chr4-0477",-0.00799284444684563
"chr4-0478",0.0955702365702423
"chr4-0479",0.0785284391039841
"chr4-0480",0.049903678623257
"chr4-0481",-0.0353941304410126
"chr4-0482",0.0497151917620114
"chr4-0483",0.247032654248093
"chr4-0484",-0.0532061450642587
"chr4-0485",0.114617979640941
"chr4-0486",0.197615475964883
"chr4-0487",0.320211190022345
"chr4-0488",0.284611407598608
"chr4-0489",0.245909521015906
"chr4-0490",0.179597066895616
"chr4-0491",0.200620196332846
"chr4-0492",0.226875838367876
"chr4-0493",0.197201176535152
"chr4-0494",0.0819181763665055
"chr4-0495",0.0758591486114012
"chr4-0496",-0.00298209955932819
"chr4-0497",0.148099582024416
"chr4-0498",0.259478921351244
"chr4-0499",0.303330158158076
"chr4-0500",0.37509605291785
"chr4-0501",0.253194441828942
"chr4-0502",0.147558055611879
"chr4-0503",0.260870872457469
"chr4-0504",0.0710347318495442
"chr4-0505",0.223913978493593
"chr4-0506",0.0955436056843368
"chr4-0507",0.149304131644157
"chr4-0508",0.221681080627982
"chr4-0509",-0.0151470496300714
"chr4-0510",0.147679308089093
"chr4-0511",0.0820104054180939
"chr4-0512",0.274564067979585
"chr4-0513",0.0771374730586354
"chr4-0514",0.234220587970035
"chr4-0515",0.0221357877472663
"chr4-0516",0.0298168702212542
"chr4-0517",0.121535781592236
"chr4-0518",0.210567441852657
"chr4-0519",0.215356418722264
"chr4-0520",0.105769859321015
"chr4-0521",0.275164577571787
"chr4-0522",0.267287373111048
"chr4-0523",0.171046819421649
"chr4-0524",0.26402815431096
"chr4-0525",0.297417890355086
"chr4-0526",0.105302806726404
"chr4-0527",0.104168680152245
"chr4-0528",0.0941253315436302
"chr4-0529",-0.00499286049930226
"chr4-0530",0.17326135122677
"chr4-0531",0.316260986433305
"chr4-0532",0.161682406045157
"chr4-0533",0.301566929035512
"chr4-0534",0.14318183681815
"chr4-0535",0.252783232894201
"chr4-0536",0.114782692478451
"chr4-0537",0.0202254455254676
"chr4-0538",0.0443638345202202
"chr4-0539",0.2429253113454
"chr4-0540",0.404687821608321
"chr4-0541",0.241578300824521
"chr4-0542",0.244357907779706
"chr4-0543",0.170899751036924
"chr4-0544",0.154825534953449
"chr4-0545",0.137020386297278
"chr4-0546",0.233114434373866
"chr4-0547",0.229271834166831
"chr4-0548",0.211662180576165
"chr4-0549",0.0735252844612732
"chr4-0550",-0.0783045355540911
"chr4-0551",0.0125327402174409
"chr4-0552",0.200451705274698
"chr4-0553",0.122593803617434
"chr4-0554",0.196572652227359
"chr4-0555",0.11843285789023
"chr4-0556",0.0768890218073317
"chr4-0557",0.164656418450459
"chr4-0558",0.202670837867796
"chr4-0559",0.140063809317879
"chr4-0560",-0.177168725879246
"chr4-0561",0.131623350385674
"chr4-0562",0.265670552626181
"chr4-0563",0.0302154642236521
"chr4-0564",0.245465745676649
"chr4-0565",0.160947591286781
"chr4-0566",0.356347246040254
"chr4-0567",0.207194711454047
"chr4-0568",0.339664318043884
"chr4-0569",0.238090705086132
"chr4-0570",0.119885122357433
"chr4-0571",0.223337495011618
"chr4-0572",0.281705701595054
"chr4-0573",0.229357145513055
"chr4-0574",0.141810223394444
"chr4-0575",0.15677729578329
"chr4-0576",0.259000707364954
"chr4-0577",0.0785610326340163
"chr4-0578",-0.0319589110119593
"chr4-0579",0.106869221930997
"chr4-0580",-0.0254668108365464
"chr4-0581",-0.0807541228372826
"chr4-0582",0.0361248633573658
"chr4-0583",0.0999709979618738
"chr4-0584",-0.00828679461474866
"chr4-0585",0.169317385721201
"chr4-0586",0.138309879944612
"chr4-0587",0.241956120888255
"chr4-0588",0.340656920456085
"chr4-0589",0.0893007183900182
"chr4-0590",0.103602043460285
"chr4-0591",0.136260047049215
"chr4-0592",-0.00551111697192058
"chr4-0593",0.147585717563729
"chr4-0594",0.184037004468522
"chr4-0595",0.231931575306254
"chr4-0596",0.280997463218141
"chr4-0597",0.0616532164623588
"chr4-0598",0.0724912612649522
"chr4-0599",0.340007932041441
"chr4-0600",0.0362994647808283
"chr4-0601",0.271659258031917
"chr4-0602",0.38007895747829
"chr4-0603",0.223136013375193
"chr4-0604",0.172730611048527
"chr4-0605",0.0589471189076117
"chr4-0606",0.223685861172723
"chr4-0607",0.122511337401586
"chr4-0608",0.0371721641490146
"chr4-0609",0.277010046840086
"chr4-0610",0.196142388262641
"chr4-0611",-0.0462441244659606
"chr4-0612",0.192458550308891
"chr4-0613",0.18848984579501
"chr4-0614",0.162655031073309
"chr4-0615",0.0823382429390911
"chr4-0616",0.214719909934024
"chr4-0617",0.244927432496394
"chr4-0618",0.177984700957217
"chr4-0619",0.266237810948611
"chr4-0620",0.286146022178641
"chr4-0621",0.00938631965734355
"chr4-0622",0.154509975974676
"chr4-0623",0.119358781013241
"chr4-0624",0.257211932810803
"chr4-0625",0.160427633457929
"chr4-0626",0.144076865004757
"chr4-0627",-0.00954719043911856
"chr4-0628",0.0196274205994885
"chr4-0629",0.147410068878932
"chr4-0630",0.180200762649702
"chr4-0631",0.205005924297876
"chr4-0632",0.173799739164185
"chr4-0633",0.331357136051339
"chr4-0634",0.209234409605389
"chr4-0635",0.0957452697665529
"chr4-0636",0.25186602715825
"chr4-0637",0.344442537602945
"chr4-0638",0.304962582972482
"chr4-0639",0.0889418584813847
"chr4-0640",-0.0465263948418676
"chr4-0641",0.0189444781400649
"chr4-0642",0.127108953377126
"chr4-0643",0.186414723225909
"chr4-0644",0.192603164417102
"chr4-0645",0.175822259189679
"chr4-0646",0.195185872628004
"chr4-0647",0.0853589582902122
"chr4-0648",0.156799255638923
"chr4-0649",0.310747813371877
"chr4-0650",0.0848960839608089
"chr4-0651",0.100388512553877
"chr4-0652",0.196585357827563
"chr4-0653",0.190689895192951
"chr4-0654",0.23087007873389
"chr4-0655",0.0582863267835774
"chr4-0656",0.0262661602909422
"chr4-0657",0.0524979470534419
"chr4-0658",0.0936386859820704
"chr4-0659",0.15070432270997
"chr4-0660",0.100880934470545
"chr4-0661",0.0711983234433174
"chr4-0662",0.141044803044757
"chr4-0663",0.291452539060972
"chr4-0664",-0.022363391405259
"chr4-0665",0.142964835657194
"chr4-0666",0.208050981123064
"chr4-0667",0.0766798842556063
"chr4-0668",0.0668109399964684
"chr4-0669",0.0455879079633694
"chr4-0670",0.129927330885471
"chr4-0671",0.207334283077855
"chr4-0672",0.239281947244041
"chr4-0673",0.129060231407631
"chr4-0674",0.210963934052245
"chr4-0675",0.38339693311784
"chr4-0676",0.181470841265586
"chr4-0677",0.0952912529614808
"chr4-0678",0.157471754710263
"chr4-0679",0.22975655418731
"chr4-0680",0.331533637721512
"chr4-0681",0.0939017694820449
"chr4-0682",0.232378159957938
"chr4-0683",0.199689575829751
"chr4-0684",-0.088865864169898
"chr4-0685",0.0615435448336462
"chr4-0686",0.280655736120209
"chr4-0687",0.0556871740053938
"chr4-0688",0.0524951153427157
"chr4-0689",0.175974435351796
"chr4-0690",0.152282646482581
"chr4-0691",0.175258241055648
"chr4-0692",0.172626638786422
"chr4-0693",0.0309967904764705
"chr4-0694",0.138792871947786
"chr4-0695",-0.0670633605590274
"chr4-0696",0.0884865750353414
"chr4-0697",0.113449276596716
"chr4-0698",0.340513439718949
"chr4-0699",0.175547024025377
"chr4-0700",0.0629339930316992
"chr4-0701",0.122391537065045
"chr4-0702",-0.0409311960966668
"chr4-0703",-0.0390432273024753
"chr4-0704",0.205373923207156
"chr4-0705",0.0811103380967825
"chr4-0706",0.168181248946433
"chr4-0707",0.286527156791703
"chr4-0708",0.0844331377594636
"chr4-0709",0.161234615098108
"chr4-0710",0.0672822935120617
"chr4-0711",0.218581257915391
"chr4-0712",0.160888662062109
"chr4-0713",0.01559210881507
"chr4-0714",0.180060528390102
"chr4-0715",0.182018228198348
"chr4-0716",0.264519834327815
"chr4-0717",0.155141585272946
"chr4-0718",0.07047102508693
"chr4-0719",0.126229534936543
"chr4-0720",0.162388052203596
"chr4-0721",0.13468128089288
"chr4-0722",0.0412866592574526
"chr4-0723",-0.0245766435745014
"chr4-0724",0.0548793213160454
"chr4-0725",0.135867648147672
"chr4-0726",0.216290753067857
"chr4-0727",0.127273700513957
"chr4-0728",0.172045671599507
"chr4-0729",0.140897916559518
"chr4-0730",0.23374091902578
"chr4-0731",-0.0058595220557783
"chr4-0732",0.265375562796312
"chr4-0733",0.147070233502238
"chr4-0734",0.403138615474735
"chr4-0735",0.0664210698228976
"chr4-0736",0.198860007694819
"chr4-0737",0.180824279228309
"chr4-0738",0.200737344536511
"chr4-0739",0.201937368750743
"chr4-0740",0.365375709977008
"chr4-0741",0.109822342373867
"chr4-0742",0.0365038592147872
"chr4-0743",0.243350450599632
"chr4-0744",0.0941120159143461
"chr4-0745",0.192033524579184
"chr4-0746",0.0715132368134938
"chr4-0747",0.0728652016431351
"chr4-0748",0.0332662857964387
"chr4-0749",0.0503246264370885
"chr4-0750",0.116693550180985
"chr4-0751",0.101919478791391
"chr4-0752",0.242828589296785
"chr4-0753",0.268531035724513
"chr4-0754",0.177469111462944
"chr4-0755",0.333728559249134
"chr4-0756",0.21417330390219
"chr4-0757",0.163993126367977
"chr4-0758",0.165695601703441
"chr4-0759",0.212930910567875
"chr4-0760",0.280922963778671
"chr4-0761",0.103759329111285
"chr4-0762",0.0944577392958911
"chr4-0763",-0.00927849204390095
"chr4-0764",0.0907452011205529
"chr4-0765",0.209859815638263
"chr4-0766",0.200315521672044
"chr4-0767",0.117150934651404
"chr4-0768",0.00510573143640471
"chr4-0769",0.00345638809907114
"chr4-0770",0.0387482197717522
"chr4-0771",0.0490972740417128
"chr4-0772",0.152431219610822
"chr4-0773",0.273410828517175
"chr4-0774",0.0994591780688582
"chr4-0775",0.0539471932009883
"chr4-0776",0.0678022099606755
"chr4-0777",0.143965054395406
"chr4-0778",0.00407678691684438
"chr4-0779",0.222353770166413
"chr4-0780",0.0359422869961185
"chr4-0781",0.0831910272917554
"chr4-0782",-0.0135364910399206
"chr4-0783",0.0104305095404975
"chr4-0784",0.0204379018429674
"chr4-0785",0.0690664642115527
"chr4-0786",0.208879188024897
"chr4-0787",0.0753674611944802
"chr4-0788",0.201939714225279
"chr4-0789",0.304788085257991
"chr4-0790",0.228735682344837
"chr4-0791",0.255907888422136
"chr4-0792",0.179299966130252
"chr4-0793",0.0309038326040134
"chr4-0794",0.0910058495730568
"chr4-0795",0.203439828608655
"chr4-0796",0.12742494680305
"chr4-0797",0.144894210361463
"chr4-0798",0.155479185066059
"chr4-0799",0.21260503382133
"chr4-0800",0.231129771994894
"chr4-0801",0.229932167269029
"chr4-0802",0.321294033428017
"chr4-0803",0.219904600354267
"chr4-0804",0.185901837020316
"chr4-0805",0.0439098213546984
"chr4-0806",-0.0535030607545431
"chr4-0807",0.0708567795369557
"chr4-0808",0.0816329238359558
"chr4-0809",0.110878152082602
"chr4-0810",0.172063464059205
"chr4-0811",0.188425459960169
"chr4-0812",0.140308272373435
"chr4-0813",0.0988613564338417
"chr4-0814",0.230954659907493
"chr4-0815",0.216490876281671
"chr4-0816",0.146944633160937
"chr4-0817",0.230661608077583
"chr4-0818",0.0633250234990011
"chr4-0819",0.0876809068309113
"chr5-0001",0.017769887504293
"chr5-0002",0.02186894316401
"chr5-0003",0.0853699425785406
"chr5-0004",0.0987146013678239
"chr5-0005",0.0806882944893776
"chr5-0006",0.0631665104801062
"chr5-0007",0.0739653007430781
"chr5-0008",0.13660125109149
"chr5-0009",0.114655783338017
"chr5-0010",0.133214832691015
"chr5-0011",-0.00171555802997864
"chr5-0012",0.0344461289477332
"chr5-0013",0.0136126773758189
"chr5-0014",0.0358179813390512
"chr5-0015",0.108391775148424
"chr5-0016",0.113621369004925
"chr5-0017",0.023311831996924
"chr5-0018",0.0781926933541097
"chr5-0019",0.0440562748063731
"chr5-0020",0.0855547336421593
"chr5-0021",0.0510549353055693
"chr5-0022",0.0293522823770936
"chr5-0023",0.206656920722084
"chr5-0024",0.157702504246552
"chr5-0025",0.0184680645019129
"chr5-0026",0.106671826056611
"chr5-0027",0.0502562491777952
"chr5-0028",0.165512342301185
"chr5-0029",-0.0868402981747968
"chr5-0030",0.143240899157914
"chr5-0031",0.0978748928353712
"chr5-0032",0.102458701549396
"chr5-0033",0.0453959551335961
"chr5-0034",0.109480937556733
"chr5-0035",0.247065466414886
"chr5-0036",0.180225348720937
"chr5-0037",0.180802089570497
"chr5-0038",0.192652171722529
"chr5-0039",0.197417978888192
"chr5-0040",0.259439664636288
"chr5-0041",0.204682703366201
"chr5-0042",0.157625211876615
"chr5-0043",0.100184899998808
"chr5-0044",0.281498027270629
"chr5-0045",0.119398234565543
"chr5-0046",0.0747136267624916
"chr5-0047",0.0426837562008079
"chr5-0048",0.129179450786604
"chr5-0049",0.114376369603346
"chr5-0050",0.0769453527313706
"chr5-0051",0.136984690541911
"chr5-0052",0.0687275282425708
"chr5-0053",0.0738273308027902
"chr5-0054",0.174445290381619
"chr5-0055",0.239493091941736
"chr5-0056",0.196113948375324
"chr5-0057",0.23676002233452
"chr5-0058",0.244756318371045
"chr5-0059",0.172598508083557
"chr5-0060",0.176169177800243
"chr5-0061",0.199052268118678
"chr5-0062",0.119731588692789
"chr5-0063",0.129752828117768
"chr5-0064",0.303677775256126
"chr5-0065",0.116428206220453
"chr5-0066",0.175467158676724
"chr5-0067",0.000382826943581377
"chr5-0068",0.0267855500613019
"chr5-0069",0.0654750874584734
"chr5-0070",0.0118224179994667
"chr5-0071",0.0396899734105284
"chr5-0072",0.0980570577645295
"chr5-0073",0.176070422197844
"chr5-0074",0.156117085088955
"chr5-0075",0.0714648990628071
"chr5-0076",0.324418358039146
"chr5-0077",0.0444493469597751
"chr5-0078",0.133651235091271
"chr5-0079",0.368437240241466
"chr5-0080",0.272726558000745
"chr5-0081",0.0489491843880655
"chr5-0082",0.000987032599672381
"chr5-0083",0.12919914299807
"chr5-0084",0.261641697748676
"chr5-0085",0.208510890443966
"chr5-0086",0.200905223946841
"chr5-0087",0.12283759488848
"chr5-0088",0.160188938057963
"chr5-0089",0.271858559989697
"chr5-0090",0.217012294994463
"chr5-0091",0.00785356627917426
"chr5-0092",0.27467047745813
"chr5-0093",0.194715103770054
"chr5-0094",0.193850255678434
"chr5-0095",0.247903552163939
"chr5-0096",-0.0326524179923022
"chr5-0097",0.0605583988635546
"chr5-0098",0.137769984401902
"chr5-0099",0.0612186667964997
"chr5-0100",0.0789793087994599
"chr5-0101",0.0678219554040304
"chr5-0102",0.153090213206548
"chr5-0103",-0.0227214907701288
"chr5-0104",0.124039205882705
"chr5-0105",0.0530845448889582
"chr5-0106",0.195377069597071
"chr5-0107",0.0970974995081808
"chr5-0108",0.323050948492131
"chr5-0109",0.108051796920415
"chr5-0110",0.302674296667141
"chr5-0111",0.0540829681022159
"chr5-0112",0.400437610248298
"chr5-0113",0.159526625874312
"chr5-0114",0.0700548608282774
"chr5-0115",0.0453034618020206
"chr5-0116",0.324455281288247
"chr5-0117",0.0871448123325235
"chr5-0118",0.175180226153871
"chr5-0119",0.206242704456407
"chr5-0120",0.320578606876225
"chr5-0121",0.251464810106716
"chr5-0122",0.318574000648773
"chr5-0123",0.0983034820230394
"chr5-0124",0.296956408343054
"chr5-0125",0.273568742379209
"chr5-0126",0.197592237612757
"chr5-0127",0.102904432001375
"chr5-0128",0.196495608525375
"chr5-0129",0.224316416021716
"chr5-0130",0.208804479365549
"chr5-0131",0.0703932855383791
"chr5-0132",0.20766891201477
"chr5-0133",0.171114092980059
"chr5-0134",-0.0801449475368015
"chr5-0135",0.0337679621737999
"chr5-0136",0.0145226824365996
"chr5-0137",-0.0409753444949971
"chr5-0138",0.00899411510113056
"chr5-0139",0.0507683221240442
"chr5-0140",0.0217577554527695
"chr5-0141",-0.100801545966157
"chr5-0142",-0.129061961922241
"chr5-0143",0.00593404337983763
"chr5-0144",0.0155767148165328
"chr5-0145",0.0923769442149131
"chr5-0146",0.180370257658919
"chr5-0147",0.237749678615987
"chr5-0148",0.22761299392238
"chr5-0149",0.0786601303489475
"chr5-0150",0.16704222153929
"chr5-0151",0.156650965630913
"chr5-0152",0.0728228749089452
"chr5-0153",0.0886617018448449
"chr5-0154",0.151473956395225
"chr5-0155",-0.0215486032157697
"chr5-0156",0.136639115274773
"chr5-0157",0.0603594869973544
"chr5-0158",0.16349607944083
"chr5-0159",0.157593837538179
"chr5-0160",0.284951280661898
"chr5-0161",0.0866470726910789
"chr5-0162",0.138702675908207
"chr5-0163",0.255878929792964
"chr5-0164",0.262417982740491
"chr5-0165",0.103086874284732
"chr5-0166",-0.0428586477619106
"chr5-0167",0.126674239865681
"chr5-0168",0.242512627630807
"chr5-0169",0.199240870912062
"chr5-0170",0.147988258935937
"chr5-0171",-0.0391884681878811
"chr5-0172",0.154001231367407
"chr5-0173",0.0863867993613517
"chr5-0174",0.0389319573556377
"chr5-0175",-0.00202049182198486
"chr5-0176",0.223372445069777
"chr5-0177",0.102401109457139
"chr5-0178",0.125156786783392
"chr5-0179",0.139053051339119
"chr5-0180",0.0975233267963554
"chr5-0181",0.145374116738174
"chr5-0182",0.113611266203571
"chr5-0183",0.203883101450305
"chr5-0184",0.227965497706995
"chr5-0185",0.236675636545103
"chr5-0186",0.131951654898587
"chr5-0187",0.229675767940326
"chr5-0188",0.170085361809294
"chr5-0189",0.168924036354225
"chr5-0190",0.136158609807873
"chr5-0191",0.271447916820451
"chr5-0192",0.26745949834946
"chr5-0193",0.278588146678255
"chr5-0194",0.231415341730195
"chr5-0195",0.155599235977641
"chr5-0196",0.0543160804418741
"chr5-0197",-0.0932180220781161
"chr5-0198",0.035308738900941
"chr5-0199",0.107274096148757
"chr5-0200",0.217063999543727
"chr5-0201",0.0885117237259861
"chr5-0202",0.312593875211231
"chr5-0203",0.0723703272472261
"chr5-0204",0.0978167551706251
"chr5-0205",0.066175804564805
"chr5-0206",0.212318222278719
"chr5-0207",0.183823430151039
"chr5-0208",-0.0264110596122545
"chr5-0209",0.119171506817801
"chr5-0210",-0.0522714261896026
"chr5-0211",0.0674637882506984
"chr5-0212",0.0818892772255277
"chr5-0213",0.0295553750756176
"chr5-0214",0.109664846771398
"chr5-0215",0.223874784850512
"chr5-0216",0.158893578447262
"chr5-0217",0.167049035265652
"chr5-0218",0.188715661961781
"chr5-0219",0.0761067968735453
"chr5-0220",0.196524933759254
"chr5-0221",0.165313139782383
"chr5-0222",0.140388409544415
"chr5-0223",0.238023407933496
"chr5-0224",0.320248450901445
"chr5-0225",0.0919236701502851
"chr5-0226",0.264210898626247
"chr5-0227",0.0970909694883898
"chr5-0228",0.291234530802724
"chr5-0229",0.105673414806355
"chr5-0230",0.169687646724286
"chr5-0231",0.123667301522147
"chr5-0232",0.232618862261162
"chr5-0233",0.10675420933548
"chr5-0234",0.242856638519643
"chr5-0235",0.0801457142974755
"chr5-0236",0.066725805774755
"chr5-0237",0.113049929687664
"chr5-0238",0.122662728336595
"chr5-0239",0.168011445667445
"chr5-0240",0.212658295727002
"chr5-0241",0.132270866872857
"chr5-0242",0.0107752744176786
"chr5-0243",9.0947387268464e-05
"chr5-0244",0.101145473083399
"chr5-0245",0.071308750819084
"chr5-0246",-0.0108102654275617
"chr5-0247",0.197536608600634
"chr5-0248",0.0323419441183785
"chr5-0249",0.0405931964598417
"chr5-0250",0.0780784218785835
"chr5-0251",0.0108238616773518
"chr5-0252",0.225197735024178
"chr5-0253",0.193020256562643
"chr5-0254",0.162046537631351
"chr5-0255",0.287467865991064
"chr5-0256",0.208015641032377
"chr5-0257",0.215744740841302
"chr5-0258",0.229079659312944
"chr5-0259",0.10741453669236
"chr5-0260",0.101127826935971
"chr5-0261",0.126428458405806
"chr5-0262",0.234269242596123
"chr5-0263",0.324475915299318
"chr5-0264",0.223004039410293
"chr5-0265",0.289048375624673
"chr5-0266",0.189554585667639
"chr5-0267",-0.013569557783754
"chr5-0268",0.261843949554911
"chr5-0269",0.210292437387786
"chr5-0270",0.195180793143726
"chr5-0271",0.47795920866858
"chr5-0272",0.37200026873921
"chr5-0273",0.318479295431491
"chr5-0274",0.20568486969847
"chr5-0275",0.226649606740699
"chr5-0276",0.223371229596144
"chr5-0277",0.289809005619754
"chr5-0278",0.188905836859261
"chr5-0279",0.0359202417982297
"chr5-0280",0.172083338762858
"chr5-0281",0.0267631120790178
"chr5-0282",0.138550684761054
"chr5-0283",0.255386092688954
"chr5-0284",0.149526448170559
"chr5-0285",0.271103254196716
"chr5-0286",0.128259933673892
"chr5-0287",0.157788852772002
"chr5-0288",-0.0608317080281454
"chr5-0289",-0.092589494405761
"chr5-0290",0.121581107487835
"chr5-0291",0.123626440696922
"chr5-0292",-0.0507770152070875
"chr5-0293",0.210256805726386
"chr5-0294",0.0756962719453558
"chr5-0295",0.13427818865323
"chr5-0296",0.0245315480724882
"chr5-0297",0.168970733434042
"chr5-0298",0.175653796767843
"chr5-0299",-0.0844315669192098
"chr5-0300",0.138585744480691
"chr5-0301",0.0815206808339082
"chr5-0302",0.0756014540367123
"chr5-0303",0.119464550827725
"chr5-0304",0.084041283468169
"chr5-0305",0.180704291226906
"chr5-0306",0.174962515573116
"chr5-0307",0.237576656141255
"chr5-0308",0.180435906849987
"chr5-0309",0.238508972020659
"chr5-0310",0.230383698394191
"chr5-0311",0.379167980147351
"chr5-0312",0.272207164998586
"chr5-0313",0.223094874575304
"chr5-0314",0.176360380520037
"chr5-0315",0.163812724424326
"chr5-0316",0.258801340096001
"chr5-0317",0.0150440414008877
"chr5-0318",-0.0144215236859234
"chr5-0319",-0.00548528124478679
"chr5-0320",-0.0870311930098632
"chr5-0321",-0.0399882145369092
"chr5-0322",-0.0491532869817487
"chr5-0323",-0.0643394548563661
"chr5-0324",0.0644894650203476
"chr5-0325",-0.0370544376867518
"chr5-0326",0.0148662485666053
"chr5-0327",0.114629854153383
"chr5-0328",0.178459409271159
"chr5-0329",0.160205342942094
"chr5-0330",0.0523312719258438
"chr5-0331",0.20296039615164
"chr5-0332",0.354891363119344
"chr5-0333",0.14365562144032
"chr5-0334",0.12791610421813
"chr5-0335",0.162136295542699
"chr5-0336",0.146158277809389
"chr5-0337",0.0785551063553178
"chr5-0338",0.153266194342783
"chr5-0339",0.0114952238496383
"chr5-0340",0.159580815515736
"chr5-0341",0.252642175436165
"chr5-0342",0.198317641417209
"chr5-0343",0.161251817040022
"chr5-0344",0.22773086109628
"chr5-0345",0.176965566272032
"chr5-0346",0.213401895881784
"chr5-0347",0.0361375317172607
"chr5-0348",0.0211862721704363
"chr5-0349",0.0961984256942443
"chr5-0350",0.193854805636981
"chr5-0351",0.110949448210773
"chr5-0352",-0.0166089553353221
"chr5-0353",0.11223859073277
"chr5-0354",0.0771631544436615
"chr5-0355",0.0675371642338957
"chr5-0356",0.151897874137874
"chr5-0357",-0.0246179579880245
"chr5-0358",0.0171375521842907
"chr5-0359",0.178839623815299
"chr5-0360",0.233130543143162
"chr5-0361",-0.0698536546320429
"chr5-0362",-0.00701245065795189
"chr5-0363",0.0984030166597616
"chr5-0364",0.0744310992393897
"chr5-0365",0.225732920527907
"chr5-0366",0.126880338217262
"chr5-0367",0.075744688401226
"chr5-0368",0.0392644278846191
"chr5-0369",0.0713409758688495
"chr5-0370",0.239553585563252
"chr5-0371",0.0838719851071623
"chr5-0372",0.320852008510188
"chr5-0373",-0.0196762876129615
"chr5-0374",0.0142349282099035
"chr5-0375",0.251604318022313
"chr5-0376",0.0807869519043055
"chr5-0377",0.176090819840803
"chr5-0378",0.319523440586417
"chr5-0379",0.27603700648914
"chr5-0380",0.15920193965553
"chr5-0381",0.160569644111328
"chr5-0382",0.00146773337195853
"chr5-0383",0.225695810351674
"chr5-0384",0.132282071511116
"chr5-0385",0.146821830178284
"chr5-0386",0.172823312377227
"chr5-0387",0.103325308067448
"chr5-0388",0.00349942060997282
"chr5-0389",0.0788548135196079
"chr5-0390",0.0420215041322605
"chr5-0391",-0.0567805164126077
"chr5-0392",0.0229942383352816
"chr5-0393",0.0632569536333641
"chr5-0394",0.170874490321549
"chr5-0395",0.137905646200887
"chr5-0396",0.155721635247831
"chr5-0397",-0.0709402026266546
"chr5-0398",0.261958523852511
"chr5-0399",0.21830350920537
"chr5-0400",0.249425697352895
"chr5-0401",0.174908830309526
"chr5-0402",0.0307302531844766
"chr5-0403",0.139245841878224
"chr5-0404",0.349218931055939
"chr5-0405",0.323685669256842
"chr5-0406",0.202809854445665
"chr5-0407",0.0453194607220847
"chr5-0408",0.401315636627928
"chr5-0409",0.218753940360805
"chr5-0410",0.264980050455696
"chr5-0411",0.0784383467106914
"chr5-0412",0.208116578326062
"chr5-0413",0.211103714860119
"chr5-0414",0.351816615482357
"chr5-0415",0.0262521259656736
"chr5-0416",0.0387320000818819
"chr5-0417",0.255015547536659
"chr5-0418",0.0638660659783738
"chr5-0419",0.182017720911266
"chr5-0420",0.00610321249589083
"chr5-0421",0.421772104130515
"chr5-0422",0.153802615785517
"chr5-0423",0.349092171075718
"chr5-0424",0.225147531594608
"chr5-0425",0.339759309089643
"chr5-0426",0.222639957858257
"chr5-0427",0.0924493907346795
"chr5-0428",0.25198098231781
"chr5-0429",0.188805714942757
"chr5-0430",0.283471866493958
"chr5-0431",0.287900490579297
"chr5-0432",0.115931600268707
"chr5-0433",0.0484046358658678
"chr5-0434",0.186540965778516
"chr5-0435",0.374838493840727
"chr5-0436",0.291649485179206
"chr5-0437",0.305102985384902
"chr5-0438",0.278162568984784
"chr5-0439",0.132832595797921
"chr5-0440",0.149687001557573
"chr5-0441",0.188705849323016
"chr5-0442",-0.00942855383011964
"chr5-0443",0.229883032025975
"chr5-0444",0.228537049901044
"chr5-0445",0.16115650339304
"chr5-0446",0.140553474859591
"chr5-0447",0.0436631572109163
"chr5-0448",0.139156078948454
"chr5-0449",0.0958695382395628
"chr5-0450",0.177801928660571
"chr5-0451",0.302471814671626
"chr5-0452",0.296390532822977
"chr5-0453",0.0943957246135787
"chr5-0454",0.268447098847818
"chr5-0455",0.161231130344467
"chr5-0456",0.181710929642022
"chr5-0457",0.143540163912063
"chr5-0458",0.206036121041031
"chr5-0459",0.08917383577095
"chr5-0460",-0.0797422110228096
"chr5-0461",0.234016690291072
"chr5-0462",0.240876834443946
"chr5-0463",0.174939279998955
"chr5-0464",0.204252867046545
"chr5-0465",0.179594818219771
"chr5-0466",0.246340624614772
"chr5-0467",-0.0440177047577248
"chr5-0468",0.111990891923556
"chr5-0469",0.259382734834153
"chr5-0470",0.253223662985264
"chr5-0471",0.0827030908647194
"chr5-0472",0.224761420253356
"chr5-0473",0.0928573422196072
"chr5-0474",0.190957264819557
"chr5-0475",0.190563940055239
"chr5-0476",0.189779603603782
"chr5-0477",0.2449704448764
"chr5-0478",0.225862803309107
"chr5-0479",0.412586405394688
"chr5-0480",0.290778792789541
"chr5-0481",0.0957302130987573
"chr5-0482",0.306453918420565
"chr5-0483",0.357237260100352
"chr5-0484",0.277087669279461
"chr5-0485",0.328860075015568
"chr5-0486",0.172930867288795
"chr5-0487",0.269836362493952
"chr5-0488",0.0927595085851328
"chr5-0489",0.150908582026723
"chr5-0490",0.0978614431587489
"chr5-0491",0.197077283693518
"chr5-0492",0.102410316031409
"chr5-0493",0.297455895557975
"chr5-0494",0.331712717121252
"chr5-0495",0.0629701260655874
"chr5-0496",0.135120116674503
"chr5-0497",0.229754166659709
"chr5-0498",0.123101276688317
"chr5-0499",0.180234686606326
"chr5-0500",0.317634457515554
"chr5-0501",0.135122467265572
"chr5-0502",0.162971523470875
"chr5-0503",0.118226922138297
"chr5-0504",0.0328640858063921
"chr5-0505",-0.00889016234702915
"chr5-0506",0.0519730159580593
"chr5-0507",0.136653734891696
"chr5-0508",0.174393351329174
"chr5-0509",0.0894838091273844
"chr5-0510",0.0909151500386765
"chr5-0511",0.0691274781864375
"chr5-0512",0.282042929766463
"chr5-0513",-0.0330059370577669
"chr5-0514",0.0843750706427142
"chr5-0515",0.141224260532723
"chr5-0516",0.10913336275695
"chr5-0517",0.201923012107686
"chr5-0518",0.229961566109736
"chr5-0519",0.187727231578221
"chr5-0520",0.0578178152565391
"chr5-0521",0.112958613040233
"chr5-0522",0.2478041199462
"chr5-0523",0.122180459102719
"chr5-0524",0.251635609049304
"chr5-0525",0.184989570483832
"chr5-0526",0.27827207429028
"chr5-0527",0.133069144707339
"chr5-0528",0.20732192195462
"chr5-0529",0.230291323225762
"chr5-0530",0.0639714726135537
"chr5-0531",0.00517657189542497
"chr5-0532",0.125014626942043
"chr5-0533",0.162482983953625
"chr5-0534",0.170816500904136
"chr5-0535",0.193082987812491
"chr5-0536",0.32112869760803
"chr5-0537",0.0894606468644502
"chr5-0538",0.219616246674787
"chr5-0539",0.261136815656458
"chr5-0540",0.0732125179722565
"chr5-0541",0.0442387774074431
"chr5-0542",0.196301932301079
"chr5-0543",0.19146012805808
"chr5-0544",0.273072905033387
"chr5-0545",0.164224018481599
"chr5-0546",0.113423086241241
"chr5-0547",0.174152188385986
"chr5-0548",0.30202137752502
"chr5-0549",0.106999895460591
"chr5-0550",0.109828849112204
"chr5-0551",0.340212670043779
"chr5-0552",0.310608264737564
"chr5-0553",0.309348282918547
"chr5-0554",0.169486687761783
"chr5-0555",0.303621473885538
"chr5-0556",0.273729755422265
"chr5-0557",0.198868470463414
"chr5-0558",0.147719909651639
"chr5-0559",0.178821372111799
"chr5-0560",0.29624488849752
"chr5-0561",0.330377967872426
"chr5-0562",0.291984460793733
"chr5-0563",0.225622301096256
"chr5-0564",0.218874828075842
"chr5-0565",0.0465806888918371
"chr5-0566",-0.139180834532023
"chr5-0567",-0.0631823325181853
"chr5-0568",-0.00582702918895298
"chr5-0569",0.0728898495995728
"chr5-0570",0.0430912117175548
"chr5-0571",0.102616862792625
"chr5-0572",0.0851634672130882
"chr5-0573",0.287230565160443
"chr5-0574",-0.00279962027554184
"chr5-0575",0.267752568484048
"chr5-0576",0.240948751129786
"chr5-0577",0.0934039545588138
"chr5-0578",0.294652983796395
"chr5-0579",0.0390784038693393
"chr5-0580",0.106653835390422
"chr5-0581",-0.0334652299315756
"chr5-0582",0.224705186427997
"chr5-0583",0.108860724013897
"chr5-0584",0.265915261560863
"chr5-0585",0.136072150922518
"chr5-0586",-0.0916635943669896
"chr5-0587",0.0211465094779453
"chr5-0588",0.1030830732084
"chr5-0589",0.212243585791822
"chr5-0590",0.0159527043055023
"chr5-0591",0.0340708790904268
"chr5-0592",0.00912980963722321
"chr5-0593",0.055790215226825
"chr5-0594",0.11938095625973
"chr5-0595",0.0582410865842838
"chr5-0596",0.12269968773349
"chr5-0597",0.0777936487440483
"chr5-0598",0.128706122944115
"chr5-0599",0.082011531505356
"chr5-0600",0.0594171775900002
"chr5-0601",0.104021269082686
"chr5-0602",-0.00614807737148297
"chr5-0603",-0.0755243400174049
"chr5-0604",-0.0793849551106844
"chr5-0605",0.0486212021130183
"chr5-0606",0.038240513762238
"chr5-0607",-0.0352773133312721
"chr5-0608",0.108903882710167
"chr5-0609",0.0500428298084358
"chr5-0610",-0.0503901260171207
"chr5-0611",0.0419390463984159
"chr5-0612",0.0039823238368077
"chr5-0613",0.0482979925762619
"chr5-0614",-0.0565491993232802
"chr5-0615",-0.0722895151623601
"chr5-0616",0.0195369993813044
"chr5-0617",-0.0833825257673178
"chr5-0618",-0.1319443844806
"chr5-0619",-0.0443253348336174
"chr5-0620",-0.0268811299634833
"chr5-0621",0.00427023274206448
"chr5-0622",0.0622012420885452
"chr5-0623",0.168371169213525
"chr5-0624",0.0945184071333692
"chr5-0625",0.0212057227972426
"chr5-0626",0.0414486663177921
"chr5-0627",-0.0499987715100747
"chr5-0628",0.00148317299469859
"chr5-0629",0.121495294734267
"chr5-0630",0.0370352577660377
"chr5-0631",0.134515182991086
"chr5-0632",0.107276072593235
"chr5-0633",0.279392132201807
"chr5-0634",0.141189988099203
"chr5-0635",0.0184043226193772
"chr5-0636",0.112931265325218
"chr5-0637",0.0277908652993852
"chr5-0638",0.155025300019552
"chr5-0639",-0.0469528229378246
"chr5-0640",-0.0506643682379182
"chr5-0641",-0.00883752958277673
"chr5-0642",-0.0353927907664364
"chr5-0643",0.0676487818141364
"chr5-0644",-0.0336349833046431
"chr5-0645",-0.240077080855652
"chr5-0646",-0.0097676247367085
"chr5-0647",0.319858538197958
"chr5-0648",0.0947243185036513
"chr5-0649",0.144676715537722
"chr5-0650",-0.109329688861981
"chr5-0651",-0.0246129882642934
"chr5-0652",-0.0549269899416528
"chr5-0653",-0.169099019723659
"chr5-0654",-0.0476717270372034
"chr5-0655",0.031846384263008
"chr5-0656",-0.0107358667036963
"chr5-0657",-0.020753445950698
"chr5-0658",0.00307132521063757
"chr5-0659",-0.032498433354276
"chr5-0660",0.0845316626618308
"chr5-0661",0.224434846561962
"chr5-0662",-0.0436425688267735
"chr5-0663",-0.0564980877623163
"chr5-0664",-0.114872168568293
"chr5-0665",-0.120961702662319
"chr5-0666",0.00305940313901447
"chr5-0667",0.214822331757799
"chr5-0668",0.0593185690048185
"chr5-0669",0.0582309937837341
"chr5-0670",0.195079825213155
"chr5-0671",0.129266526999874
"chr5-0672",0.120597233837458
"chr5-0673",0.108914724634855
"chr5-0674",0.145117608532923
"chr5-0675",-0.00502709790034816
"chr5-0676",0.0310364909949057
"chr5-0677",-0.043008909641409
"chr5-0678",-0.0316143821193925
"chr5-0679",0.00252932353150248
"chr5-0680",0.109873957953104
"chr5-0681",-0.222921232608673
"chr5-0682",0.0297228352162302
"chr5-0683",0.0799321616535633
"chr5-0684",0.104578164464845
"chr5-0685",0.0633828031352448
"chr5-0686",0.127890989347222
"chr5-0687",0.188164616725086
"chr5-0688",0.267754412764835
"chr5-0689",0.205240577680653
"chr5-0690",0.211777435339183
"chr5-0691",0.157565880787479
"chr5-0692",0.146047714378111
"chr5-0693",0.105097501836268
"chr5-0694",0.323389090080709
"chr5-0695",0.280462033327536
"chr5-0696",0.193719160904364
"chr5-0697",0.318849844520038
"chr5-0698",0.165269264535417
"chr5-0699",0.178612595871866
"chr5-0700",0.167153650140106
"chr5-0701",0.051057645729558
"chr5-0702",0.0391249833121069
"chr5-0703",0.159851761048644
"chr5-0704",-0.271468014230477
"chr5-0705",-0.0563171157890775
"chr5-0706",0.0610842727297085
"chr5-0707",0.17715840772472
"chr5-0708",0.0939344088805064
"chr5-0709",0.133927786962392
"chr5-0710",0.332201948627078
"chr5-0711",0.210859999266815
"chr5-0712",0.0773535203060201
"chr5-0713",0.060662748888503
"chr5-0714",0.388750007236991
"chr5-0715",0.107863206358061
"chr5-0716",0.192362624139381
"chr5-0717",0.316420776033815
"chr5-0718",0.12046667727739
"chr5-0719",0.106896388940909
"chr5-0720",0.222858491127724
"chr5-0721",0.128289234009936
"chr5-0722",0.123572599057729
"chr5-0723",0.27086072982823
"chr5-0724",0.197812594792331
"chr5-0725",0.096113339415936
"chr5-0726",0.160050535165896
"chr5-0727",0.0135849721346961
"chr5-0728",0.00439254812238633
"chr5-0729",-0.00884988057602052
"chr5-0730",0.0272347659750488
"chr5-0731",-0.0145537463724683
"chr5-0732",0.0674354985543885
"chr5-0733",0.000722010858099148
"chr5-0734",0.0238930076668276
"chr5-0735",0.0513188081317831
"chr5-0736",0.00413103574251071
"chr5-0737",-0.00786716877553349
"chr5-0738",-0.129028102891842
"chr5-0739",-9.68848655727698e-05
"chr5-0740",0.056932696206652
"chr5-0741",0.0485149340745875
"chr5-0742",0.0516587283881942
"chr5-0743",0.120521506253221
"chr5-0744",0.00158641977701164
"chr5-0745",-0.0529912128826337
"chr5-0746",-0.0303318162994845
"chr5-0747",0.0688610943248826
"chr5-0748",0.140164075339148
"chr5-0749",0.0165725094421746
"chr5-0750",0.0646603261602343
"chr5-0751",0.187687484609122
"chr5-0752",0.0741506545167378
"chr5-0753",0.204167358975628
"chr5-0754",0.119629433672592
"chr5-0755",0.213338207133634
"chr5-0756",0.0508700726742235
"chr5-0757",0.166495566447581
"chr5-0758",0.200951767587046
"chr5-0759",0.035013301900301
"chr5-0760",-0.0232707052519981
"chr5-0761",-0.0563583049701613
"chr5-0762",0.00557831423855853
"chr5-0763",0.000494782711396591
"chr5-0764",-0.0165682473199234
"chr5-0765",0.0887896647295114
"chr5-0766",0.0971278710695591
"chr5-0767",0.257289351698929
"chr5-0768",0.176616231916193
"chr5-0769",0.319019778227951
"chr5-0770",-0.0626437822999594
"chr5-0771",-0.0809347941079751
"chr5-0772",-0.0311750684451723
"chr5-0773",0.124130965986358
"chr5-0774",0.167577775429786
"chr5-0775",0.113048973289878
"chr5-0776",0.100195010641812
"chr5-0777",0.0332472183974722
"chr5-0778",0.0442723622087459
"chr5-0779",0.167857281194716
"chr5-0780",0.104551162160756
"chr5-0781",0.345181889112621
"chr5-0782",0.211151396583757
"chr5-0783",0.31441947342109
"chr5-0784",0.391554724500307
"chr5-0785",0.26526717251437
"chr5-0786",0.295560430707706
"chr5-0787",0.169236459196571
"chr5-0788",0.073908263990425
"chr5-0789",0.0742071835320341
"chr5-0790",0.184495767296125
"chr5-0791",0.0831020881114161
"chr5-0792",0.0478988849126175
"chr5-0793",-0.0389194859072097
"chr5-0794",-0.0010342966451281
"chr5-0795",-0.0259543340311608
"chr5-0796",0.0943173243266717
"chr5-0797",0.186043149307619
"chr5-0798",0.172239392149772
"chr5-0799",0.205515373700234
"chr5-0800",0.0945245249374335
"chr5-0801",0.247556920038614
"chr5-0802",0.107521416047293
"chr5-0803",0.0410010067648178
"chr5-0804",0.333375589842342
"chr5-0805",-0.0510983073225778
"chr5-0806",0.192409557369562
"chr5-0807",0.328947572112875
"chr5-0808",0.119700245639196
"chr5-0809",0.176725511503272
"chr5-0810",0.323252351464684
"chr5-0811",0.257815587909124
"chr5-0812",0.0956525936965787
"chr5-0813",0.171058884548133
"chr5-0814",0.203459300665957
"chr5-0815",0.231405906954468
"chr5-0816",0.248202238713547
"chr5-0817",0.283687487176471
"chr5-0818",0.27779463348743
"chr5-0819",0.0077505051445155
"chr5-0820",0.0324908859033194
"chr5-0821",-0.0683477502758624
"chr5-0822",0.0521046194820203
"chr5-0823",0.0803534732988356
"chr5-0824",0.034757478880641
"chr5-0825",0.11489100527057
"chr5-0826",0.106747129362444
"chr5-0827",0.0727142952550091
"chr5-0828",0.136170527634279
"chr5-0829",0.152279409493331
"chr5-0830",0.0688710810302524
"chr5-0831",0.18251198093177
"chr5-0832",0.184133810362951
"chr5-0833",0.105978292808729
"chr5-0834",0.123844079317799
"chr5-0835",0.168840441821163
"chr5-0836",0.154865420154533
"chr5-0837",-0.0557105042306014
"chr5-0838",0.0742447284487593
"chr5-0839",-0.00710800501413823
"chr5-0840",0.057202183244983
"chr5-0841",0.027234988930091
"chr5-0842",0.120793559092367
"chr5-0843",0.0400695793179627
"chr5-0844",0.208864354134068
"chr5-0845",0.174609385429879
"chr5-0846",0.170885560738825
"chr5-0847",0.0222859674068446
"chr5-0848",0.0234541447070842
"chr5-0849",0.0333760705987109
"chr5-0850",0.163209559182836
"chr5-0851",0.176177081047965
"chr5-0852",0.102101231158353
"chr5-0853",0.0989828324161044
"chr5-0854",0.0283527756038021
"chr5-0855",0.0644353534151627
"chr5-0856",-0.0922504304053074
"chr5-0857",0.0184563167078378
"chr5-0858",0.074283228133897
"chr5-0859",0.0560612369781512
"chr5-0860",0.061623916044501
"chr5-0861",0.0898659229562972
"chr5-0862",0.0776939701448263
"chr5-0863",0.109111938830125
"chr5-0864",0.0635801197781072
"chr5-0865",0.120899777126269
"chr5-0866",0.111584965599699
"chr5-0867",0.107379741827133
"chr5-0868",0.0902512692178126
"chr5-0869",0.0662009320260751
"chr5-0870",0.146030869116557
"chr5-0871",0.19891006927181
"chr5-0872",0.0244484122373179
"chr5-0873",0.0770266284643519
"chr5-0874",-0.0361560303362258
"chr5-0875",0.053772352484767
"chr5-0876",0.0467843877374025
"chr5-0877",0.0715282437792343
"chr5-0878",0.048101233767888
"chr5-0879",0.00124403664131077
"chr5-0880",0.0232533982097717
"chr5-0881",0.221428794067909
"chr5-0882",0.010815747933175
"chr5-0883",-0.0615733816047968
"chr5-0884",-0.0758675753847438
"chr5-0885",-0.110348393175853
"chr5-0886",-0.00545379986733171
"chr5-0887",0.0194204259142339
"chr5-0888",0.000742153937724825
"chr5-0889",-0.0512620104406654
"chr5-0890",-0.0990992297346301
"chr5-0891",-0.0357156998857914
"chr5-0892",0.126795883505954
"chr5-0893",-0.051002125855207
"chr5-0894",0.0147876448758058
"chr5-0895",0.0363134472348738
"chr5-0896",0.0721050278803167
"chr5-0897",-0.0761618249474711
"chr5-0898",-0.0163623116166071
"chr5-0899",-0.0898070852092274
"chr5-0900",0.00873256898381174
"chr5-0901",-0.0484611625651561
"chr5-0902",0.04639314453646
"chr5-0903",0.00208959529259984
"chr5-0904",0.0406798663251506
"chr5-0905",-0.130754259696399
"chr5-0906",0.0283489843064153
"chr5-0907",0.0225004648963174
"chr5-0908",0.0697814073487597
"chr5-0909",0.018179519319431
"chr5-0910",0.0455019955197015
"chr5-0911",-0.00293354878638261
"chr5-0912",-0.0633703834223954
"chr5-0913",0.00125530175464516
"chr5-0914",-0.111023005695629
"chr5-0915",0.0204396252224046
"chr5-0916",0.00385948460590494
"chr5-0917",0.0683229763079815
"chr5-0918",0.0318082757991501
"chr5-0919",0.0202187562389794
"chr5-0920",-0.00507096381588573
"chr5-0921",0.0430571131329743
"chr5-0922",-0.057105111551573
"chr5-0923",0.0298998806990436
"chr5-0924",0.0212750283822978
"chr5-0925",0.10765504510176
"chr5-0926",0.085284925513872
"chr5-0927",0.175605774790384
"chr5-0928",0.0198060953767857
"chr5-0929",-0.0591794281454877
"chr5-0930",-0.0728339993651854
"chr6-0001",0.000840591794323896
"chr6-0002",0.0330847280791433
"chr6-0003",0.047379947513193
"chr6-0004",0.287534839103533
"chr6-0005",0.0472356223193635
"chr6-0006",0.182579875829452
"chr6-0007",0.134859464193242
"chr6-0008",0.136655751946537
"chr6-0009",0.103262293869987
"chr6-0010",0.116160125954734
"chr6-0011",0.166618649527746
"chr6-0012",0.000835777487302045
"chr6-0013",0.0516046883665307
"chr6-0014",0.0273390242175669
"chr6-0015",0.127410356595321
"chr6-0016",0.156228025392714
"chr6-0017",0.290747040460829
"chr6-0018",0.220144957446368
"chr6-0019",0.16192946351664
"chr6-0020",-0.0376546694247872
"chr6-0021",0.210780826642983
"chr6-0022",0.115898343495172
"chr6-0023",0.0720813106148829
"chr6-0024",-0.0516562367664594
"chr6-0025",0.126110649597436
"chr6-0026",-0.0180707195313698
"chr6-0027",0.0210161422392213
"chr6-0028",-0.136995899075953
"chr6-0029",0.0263181326023335
"chr6-0030",-0.024643424632571
"chr6-0031",0.110953207132914
"chr6-0032",0.0528802668561225
"chr6-0033",0.163643643956835
"chr6-0034",0.0299253242058945
"chr6-0035",0.0783145399009595
"chr6-0036",0.0728494339188618
"chr6-0037",0.0039021766080116
"chr6-0038",0.0817063638351125
"chr6-0039",0.0449081779456972
"chr6-0040",-0.000567755361864958
"chr6-0041",0.130185767559316
"chr6-0042",0.0472524564062654
"chr6-0043",-0.0146380744506816
"chr6-0044",-0.0665846274574825
"chr6-0045",0.0612839506859143
"chr6-0046",0.120905177216234
"chr6-0047",-0.0304924798485873
"chr6-0048",0.0637445694824715
"chr6-0049",0.0636342582650791
"chr6-0050",0.04176742735667
"chr6-0051",0.184213008710361
"chr6-0052",0.164944026955098
"chr6-0053",0.0460554138921598
"chr6-0054",-0.101880440283011
"chr6-0055",0.0366187954180036
"chr6-0056",0.103708469471239
"chr6-0057",-0.0255837197621453
"chr6-0058",0.00752277436311768
"chr6-0059",0.035210240114531
"chr6-0060",0.0641193928863978
"chr6-0061",0.0177050219185716
"chr6-0062",0.0857452244075818
"chr6-0063",0.0146359038798374
"chr6-0064",-0.12106198312846
"chr6-0065",-0.153582211813046
"chr6-0066",0.0131638425398214
"chr6-0067",0.00522789231360541
"chr6-0068",0.0462882420795742
"chr6-0069",-0.0190832103340493
"chr6-0070",0.0722932311526223
"chr6-0071",-0.00412784533452191
"chr6-0072",0.00698107699209906
"chr6-0073",0.172061786637033
"chr6-0074",0.113461640148054
"chr6-0075",0.0325838104480929
"chr6-0076",-0.0494372611388528
"chr6-0077",0.0416276915296899
"chr6-0078",0.0632536660185773
"chr6-0079",-0.0625835953208544
"chr6-0080",-0.0851301289807074
"chr6-0081",-0.0190544933529372
"chr6-0082",0.00537872278644867
"chr6-0083",0.177707961011566
"chr6-0084",0.0748348700871172
"chr6-0085",0.0994598041331797
"chr6-0086",0.102233937057364
"chr6-0087",0.0616968463716621
"chr6-0088",0.0896423924477939
"chr6-0089",0.173036991817934
"chr6-0090",0.0699856266506746
"chr6-0091",0.152930778607216
"chr6-0092",0.192793062392384
"chr6-0093",-0.0277947502228351
"chr6-0094",0.115376700687688
"chr6-0095",-0.0143690844208971
"chr6-0096",0.101609005091377
"chr6-0097",-0.0147789315804909
"chr6-0098",0.101516904193283
"chr6-0099",0.115154258361598
"chr6-0100",-0.0219895764678626
"chr6-0101",0.0036201690341421
"chr6-0102",-0.0192903679206015
"chr6-0103",-0.0663061385538411
"chr6-0104",0.101113089413595
"chr6-0105",0.000368061248657841
"chr6-0106",0.163477922802582
"chr6-0107",0.107258023300061
"chr6-0108",0.0407955879427454
"chr6-0109",0.0934255022260524
"chr6-0110",0.195714729863494
"chr6-0111",0.218275779245566
"chr6-0112",0.0768459216064358
"chr6-0113",0.199783108291388
"chr6-0114",0.13450606962051
"chr6-0115",0.0938755051476374
"chr6-0116",-0.063964468001476
"chr6-0117",-0.00917741110261306
"chr6-0118",0.167987195622784
"chr6-0119",0.156067594420673
"chr6-0120",0.141651608408436
"chr6-0121",0.105762898106041
"chr6-0122",0.0416671744791472
"chr6-0123",0.0354428781073809
"chr6-0124",0.0853884066015092
"chr6-0125",-0.0905574817774979
"chr6-0126",0.133318303443661
"chr6-0127",0.148120057746557
"chr6-0128",0.147155099887123
"chr6-0129",0.248127165857333
"chr6-0130",0.162080340871323
"chr6-0131",0.168407219645178
"chr6-0132",0.00879208821523851
"chr6-0133",0.0764511627379579
"chr6-0134",0.0854336562856112
"chr6-0135",0.00651927325726891
"chr6-0136",0.0907316523074495
"chr6-0137",0.0413804911975809
"chr6-0138",0.17149441243457
"chr6-0139",-0.052762554953597
"chr6-0140",-0.0390022838040178
"chr6-0141",0.0220058007696796
"chr6-0142",-0.00273231560604924
"chr6-0143",0.148862615524444
"chr6-0144",0.160291188454906
"chr6-0145",0.0565452142707547
"chr6-0146",0.166220969885171
"chr6-0147",0.152636336739307
"chr6-0148",0.124833372020249
"chr6-0149",0.178466549038819
"chr6-0150",0.0314163645889261
"chr6-0151",0.041955857265075
"chr6-0152",0.136248334449687
"chr6-0153",0.236925934932801
"chr6-0154",0.158709590598477
"chr6-0155",0.102273440382241
"chr6-0156",0.0244153491025764
"chr6-0157",0.0621827509416254
"chr6-0158",-0.0942384274708332
"chr6-0159",-0.017247656520864
"chr6-0160",0.190183679060493
"chr6-0161",0.0809664865033174
"chr6-0162",0.316969143720961
"chr6-0163",0.17092934175826
"chr6-0164",0.19964282978844
"chr6-0165",0.157972642769466
"chr6-0166",0.0606594033182437
"chr6-0167",0.106267722334262
"chr6-0168",0.0390642402344476
"chr6-0169",0.167793203740826
"chr6-0170",0.0151231846093207
"chr6-0171",-0.0789276780632433
"chr6-0172",0.108771120712419
"chr6-0173",0.11200396885035
"chr6-0174",0.168491246204711
"chr6-0175",0.166591191605033
"chr6-0176",0.0578837712976812
"chr6-0177",0.148172937199167
"chr6-0178",0.101771948618499
"chr6-0179",0.145103361636951
"chr6-0180",0.139468589051799
"chr6-0181",0.0495674764670604
"chr6-0182",0.0184234430624184
"chr6-0183",-0.00439653259458228
"chr6-0184",-0.0237967297099803
"chr6-0185",-0.0283713853420441
"chr6-0186",0.0786080870022985
"chr6-0187",0.0073389270152541
"chr6-0188",0.013568580575495
"chr6-0189",0.0133468210799965
"chr6-0190",-0.0549667713448388
"chr6-0191",0.140412886419264
"chr6-0192",-0.0942339686369206
"chr6-0193",-0.00932583184952127
"chr6-0194",-0.120296244828068
"chr6-0195",-0.0355768087111417
"chr6-0196",0.00464832234942493
"chr6-0197",-0.0728576559432626
"chr6-0198",0.00713495800973609
"chr6-0199",-0.0619520530843869
"chr6-0200",-0.0048329060125959
"chr6-0201",-0.0403184840362277
"chr6-0202",-0.00693803503600475
"chr6-0203",-0.000431676364363574
"chr6-0204",0.0425169305696144
"chr6-0205",-0.0467491093989272
"chr6-0206",-0.028288477101529
"chr6-0207",-0.0906121552437636
"chr6-0208",-0.0161508839759652
"chr6-0209",-0.051290081129477
"chr6-0210",0.0551306315475819
"chr6-0211",-0.0513328170840087
"chr6-0212",-0.00778836585307915
"chr6-0213",-0.0165765128929368
"chr6-0214",-0.0689920612602783
"chr6-0215",-0.0600532103153365
"chr6-0216",-0.066205413484737
"chr6-0217",0.00300719627886732
"chr6-0218",0.0767609593301279
"chr6-0219",-0.0703411330732816
"chr6-0220",-0.0442379554320368
"chr6-0221",-0.0976612656609499
"chr6-0222",-0.0222477227747384
"chr6-0223",-0.0985742977621775
"chr6-0224",-0.129555590818564
"chr6-0225",-0.138792634744773
"chr6-0226",-0.12646054227132
"chr6-0227",-0.0225955723081053
"chr6-0228",-0.0312405290109674
"chr6-0229",-0.125171705991677
"chr6-0230",-0.164882426224914
"chr6-0231",-0.221781553549601
"chr6-0232",-0.187485822827683
"chr6-0233",-0.106312325366054
"chr6-0234",-0.0809464734920499
"chr6-0235",-0.118713795246904
"chr6-0236",-0.0957473209207479
"chr6-0237",-0.153566305111906
"chr6-0238",-0.0459739465300748
"chr6-0239",-0.0997246706210294
"chr6-0240",-0.121380262221148
"chr6-0241",-0.152012182312037
"chr6-0242",-0.0199277582524865
"chr6-0243",0.067198989542744
"chr6-0244",-0.3372406707803
"chr6-0245",0.129750492027383
"chr6-0246",-0.0101559413948647
"chr6-0247",-0.0246582590451277
"chr6-0248",-0.12729812883007
"chr6-0249",0.0774104649353477
"chr6-0250",-0.0517437717718377
"chr6-0251",-0.0879021578768391
"chr6-0252",-0.0824404061612255
"chr6-0253",-0.0756841356179877
"chr6-0254",-0.213472795709142
"chr6-0255",-0.0504901391632752
"chr6-0256",0.0060909313918862
"chr6-0257",-0.0654579148221291
"chr6-0258",-0.0290123535455327
"chr6-0259",-0.0198269517364825
"chr6-0260",-0.0886884383243798
"chr6-0261",-0.0441504170249873
"chr6-0262",-0.0178097039950002
"chr6-0263",-0.120746359015493
"chr6-0264",-0.0199090674455341
"chr6-0265",-0.0709710881423151
"chr6-0266",-0.156094929135294
"chr6-0267",-0.0147537444635314
"chr6-0268",0.0445108826920139
"chr6-0269",0.0742148363177931
"chr6-0270",-0.0166124114239297
"chr6-0271",0.133735862003846
"chr6-0272",0.0125097394497266
"chr6-0273",-0.131265990878294
"chr6-0274",0.0762076148536117
"chr6-0275",-0.157267302453815
"chr6-0276",-0.0668005573800171
"chr6-0277",-0.0591714007538818
"chr6-0278",-0.0970447538805717
"chr6-0279",0.0173192316890699
"chr6-0280",0.02999837080134
"chr6-0281",-0.0412562834361333
"chr6-0282",-0.0262168965157311
"chr6-0283",-0.0683317475081838
"chr6-0284",0.0307665890777725
"chr6-0285",-0.0157715675666557
"chr6-0286",-0.0543826315686568
"chr6-0287",0.00325423365101389
"chr6-0288",0.00853875333411155
"chr6-0289",-0.048553713976144
"chr6-0290",0.029104968754555
"chr6-0291",-0.0698029463837359
"chr6-0292",0.0441452992513589
"chr6-0293",0.029533049484562
"chr6-0294",-0.0514330099689255
"chr6-0295",-0.159726797152847
"chr6-0296",0.0971516397412532
"chr6-0297",0.000936870387692402
"chr6-0298",0.0909470907867004
"chr6-0299",0.174064472014677
"chr6-0300",0.0550278931536694
"chr6-0301",0.215147194517414
"chr6-0302",-0.00029335760836508
"chr6-0303",0.114737471931588
"chr6-0304",0.193315807902399
"chr6-0305",-0.0810377774919494
"chr6-0306",0.0257709521078102
"chr6-0307",-0.176793630787106
"chr6-0308",-0.0487588820697632
"chr6-0309",0.233426788843041
"chr6-0310",-0.0754678682175026
"chr6-0311",-0.115978972592496
"chr6-0312",0.00937714072278367
"chr6-0313",-0.00604764426618119
"chr6-0314",-0.00781488642713753
"chr6-0315",-0.0785102507459585
"chr6-0316",0.0903045066985632
"chr6-0317",-0.0468640481028481
"chr6-0318",-0.0100216774851703
"chr6-0319",-0.0407105200884988
"chr6-0320",0.0576580100981129
"chr6-0321",-0.00208825830134388
"chr6-0322",-0.0337980896756508
"chr6-0323",-0.0590398826922721
"chr6-0324",-0.0586470606288267
"chr6-0325",0.0552124639285701
"chr6-0326",-0.0233556120145525
"chr6-0327",-0.185616560413159
"chr6-0328",-0.139596337334452
"chr6-0329",-0.0681506306605648
"chr6-0330",0.146479531564747
"chr6-0331",0.0765608115832257
"chr6-0332",-0.0363422994024492
"chr6-0333",-0.0529785002633675
"chr6-0334",-0.253201456840651
"chr6-0335",-0.194405801971103
"chr6-0336",-0.0384819214479619
"chr6-0337",0.0114402556606883
"chr6-0338",-0.033002780541609
"chr6-0339",-0.0984731095229173
"chr6-0340",-0.109102619612293
"chr6-0341",-0.0184300510207817
"chr6-0342",-0.141190502747576
"chr6-0343",0.0493681528153504
"chr6-0344",0.0135865580895057
"chr6-0345",0.117500496983359
"chr6-0346",-0.0364077830611915
"chr6-0347",-0.0781710179611249
"chr6-0348",-0.0156266239684889
"chr6-0349",0.0031949361747518
"chr6-0350",-0.0234459320533186
"chr6-0351",0.0794873232692314
"chr6-0352",0.0577037249848873
"chr6-0353",0.0667451977381706
"chr6-0354",0.122961830890684
"chr6-0355",0.112212792944615
"chr6-0356",0.201325708421858
"chr6-0357",0.151545205179928
"chr6-0358",0.190447261748671
"chr6-0359",0.162471326033482
"chr6-0360",0.12003499285373
"chr6-0361",0.0216934618620124
"chr6-0362",0.195377285100934
"chr6-0363",0.0288439347177881
"chr6-0364",0.163623442848411
"chr6-0365",0.0571911394908297
"chr6-0366",0.112737706220121
"chr6-0367",0.0461061997782764
"chr6-0368",0.177109687850717
"chr6-0369",0.188184585719382
"chr6-0370",0.125616283807876
"chr6-0371",0.252768595051394
"chr6-0372",0.0302962634859202
"chr6-0373",0.13087378564808
"chr6-0374",0.0804963523057151
"chr6-0375",0.100902684669803
"chr6-0376",0.0727069498852519
"chr6-0377",0.00996570170006874
"chr6-0378",-0.0213120461794002
"chr6-0379",0.122308421660091
"chr6-0380",0.15492505652088
"chr6-0381",0.230255382821188
"chr6-0382",0.13103028400101
"chr6-0383",0.0102370236244226
"chr6-0384",0.090341202637216
"chr6-0385",0.290484844122256
"chr6-0386",0.219766312014382
"chr6-0387",0.0378841356181754
"chr6-0388",0.127483086919172
"chr6-0389",-0.00369943189699759
"chr6-0390",-0.00276156341571154
"chr6-0391",0.121160118451278
"chr6-0392",0.0565309584881269
"chr6-0393",0.0235338228993495
"chr6-0394",0.129524896544309
"chr6-0395",0.0675386805899869
"chr6-0396",0.0813271182805105
"chr6-0397",0.0352920150605579
"chr6-0398",0.00631603588289672
"chr6-0399",-0.0326353006832316
"chr6-0400",0.150686771200657
"chr6-0401",0.17726363557815
"chr6-0402",0.165460903411277
"chr6-0403",0.0628737490473492
"chr6-0404",0.212091252882667
"chr6-0405",0.198732535766056
"chr6-0406",0.351396250238574
"chr6-0407",0.133123283534383
"chr6-0408",0.0220330433654099
"chr6-0409",0.0220872990484723
"chr6-0410",0.167737540416089
"chr6-0411",0.0907677199953302
"chr6-0412",0.116053632728135
"chr6-0413",0.222636606383485
"chr6-0414",0.20994146287156
"chr6-0415",0.172035903710155
"chr6-0416",0.278131074501264
"chr6-0417",0.180428560618377
"chr6-0418",0.120014395705161
"chr6-0419",0.106381846917812
"chr6-0420",0.0345186554486795
"chr6-0421",0.100981633642323
"chr6-0422",0.034249221248668
"chr6-0423",-0.0214690564678312
"chr6-0424",0.109011229836803
"chr6-0425",0.0304450510600863
"chr6-0426",0.064402887646935
"chr6-0427",0.0482710734373426
"chr6-0428",0.0870909306967256
"chr6-0429",-0.00512086498875834
"chr6-0430",0.241588565763019
"chr6-0431",0.16636194304696
"chr6-0432",0.140480977734068
"chr6-0433",0.18248004979775
"chr6-0434",0.203654351255172
"chr6-0435",0.0228118869573153
"chr6-0436",0.141469305075071
"chr6-0437",0.0715791491567121
"chr6-0438",0.201141136233414
"chr6-0439",0.224888278767553
"chr6-0440",0.0999703599008618
"chr6-0441",0.112745760166871
"chr6-0442",-0.012040338165038
"chr6-0443",0.0331520432761381
"chr6-0444",0.0277085371288974
"chr6-0445",0.151489310648758
"chr6-0446",0.191455498525681
"chr6-0447",0.200653372406174
"chr6-0448",0.207566565221432
"chr6-0449",0.0479663900615604
"chr6-0450",0.299777815461535
"chr6-0451",0.239574141176914
"chr6-0452",0.115047692888362
"chr6-0453",0.155608774482382
"chr6-0454",0.156084108427784
"chr6-0455",-0.142741963340775
"chr6-0456",-0.116983691343605
"chr6-0457",-0.380997652836578
"chr6-0458",-0.06208281229833
"chr6-0459",0.0303741159087269
"chr6-0460",0.300094037044297
"chr6-0461",0.0966837224034024
"chr6-0462",0.249562017856437
"chr6-0463",0.18569947136362
"chr6-0464",0.013374743973382
"chr6-0465",0.145308213136691
"chr6-0466",0.10254618197506
"chr6-0467",0.0313902734846994
"chr6-0468",0.0585909492610922
"chr6-0469",-0.0748408770581703
"chr6-0470",0.277706283389294
"chr6-0471",-0.0296949466006299
"chr6-0472",-0.0672403448346995
"chr6-0473",0.0825412705092279
"chr6-0474",0.0675856822453246
"chr6-0475",0.126140291036638
"chr6-0476",0.110731012640787
"chr6-0477",0.185021521583213
"chr6-0478",0.152299705815607
"chr6-0479",0.0520001081716636
"chr6-0480",0.148485775031359
"chr6-0481",0.279791722497389
"chr6-0482",0.228416979758341
"chr6-0483",0.233846602815271
"chr6-0484",0.286771317814815
"chr6-0485",-0.0991995536657777
"chr6-0486",0.153858445582139
"chr6-0487",0.0843316423991341
"chr6-0488",0.00537005249228496
"chr6-0489",0.163209830989147
"chr6-0490",0.189623176126506
"chr6-0491",0.123863093878471
"chr6-0492",0.132209263515223
"chr6-0493",-0.0150790042410376
"chr6-0494",0.153941651522767
"chr6-0495",0.0925904147599253
"chr6-0496",0.0908721559954033
"chr6-0497",0.107026767019577
"chr6-0498",0.00270517001052834
"chr6-0499",0.0474449353604123
"chr6-0500",0.0305347298546681
"chr6-0501",-0.00453846849739241
"chr6-0502",0.119310398419805
"chr6-0503",-0.0174543991918192
"chr6-0504",0.128479837643208
"chr6-0505",0.0971537126697552
"chr6-0506",-0.210053484018174
"chr6-0507",-0.0122939481820253
"chr6-0508",0.0848774970990828
"chr6-0509",0.14304740085061
"chr6-0510",0.163267309322293
"chr6-0511",0.0510802753585951
"chr6-0512",-0.0686520363109426
"chr6-0513",0.109708986534847
"chr6-0514",0.105479860010217
"chr6-0515",0.0417175488686474
"chr6-0516",0.0163423367938861
"chr6-0517",0.108552873522307
"chr6-0518",-0.015064740132479
"chr6-0519",-0.237067457101277
"chr6-0520",0.129424810166833
"chr6-0521",0.328424589728696
"chr6-0522",0.155270145872643
"chr6-0523",0.194809756412583
"chr6-0524",0.0530283400089506
"chr6-0525",0.138688747247165
"chr6-0526",0.178950410667617
"chr6-0527",0.350222759181345
"chr6-0528",0.188457973146769
"chr6-0529",0.0120001455901243
"chr6-0530",0.0432553195297607
"chr6-0531",0.243690482073589
"chr6-0532",0.114516280269881
"chr6-0533",-0.0292903055467402
"chr6-0534",0.0435323400233583
"chr6-0535",0.152430129292855
"chr6-0536",0.329893424809723
"chr6-0537",0.248072375732057
"chr6-0538",0.274474218220357
"chr6-0539",-0.0404234497719931
"chr6-0540",0.110787585696137
"chr6-0541",-0.0876124035445558
"chr6-0542",-0.0120415908566013
"chr6-0543",-0.0419601127510825
"chr6-0544",-0.0185317548251143
"chr6-0545",0.113880574669627
"chr6-0546",0.115632015829586
"chr6-0547",0.20082042490118
"chr6-0548",0.110778611841386
"chr6-0549",0.105099604007407
"chr6-0550",0.0595075420803353
"chr6-0551",0.163081981144693
"chr6-0552",0.266938677944155
"chr6-0553",0.164772581011047
"chr6-0554",0.0792589666331184
"chr6-0555",0.221327027990735
"chr6-0556",0.158767213071978
"chr6-0557",0.0296981754831474
"chr6-0558",0.0922984001133611
"chr6-0559",0.284161854939542
"chr6-0560",0.293097316195988
"chr6-0561",0.206870739685684
"chr6-0562",0.0430777335756664
"chr6-0563",0.204911541665597
"chr6-0564",0.124515908439302
"chr6-0565",0.0205407320724947
"chr6-0566",0.135999628188733
"chr6-0567",-0.0767300865383291
"chr6-0568",0.030252732581993
"chr6-0569",-0.0932021028329771
"chr6-0570",0.0795255900471685
"chr6-0571",0.00273856608459904
"chr6-0572",0.259302729550553
"chr6-0573",0.0921504457639337
"chr6-0574",-0.123653191710232
"chr6-0575",0.0417977884707503
"chr6-0576",-0.0187684236157561
"chr6-0577",0.0232968290615031
"chr6-0578",0.0310437963915755
"chr6-0579",0.154534466662019
"chr6-0580",0.138119796400501
"chr6-0581",0.0938916594053188
"chr6-0582",0.120651064570708
"chr6-0583",0.147883086254119
"chr6-0584",0.08189096451417
"chr6-0585",0.104645854808194
"chr6-0586",-0.00327712036528486
"chr6-0587",0.0369306292943312
"chr6-0588",0.0488250046783903
"chr6-0589",0.0390180779015935
"chr6-0590",-0.0551422489103109
"chr6-0591",-0.0435772314446155
"chr6-0592",-0.0798894853372347
"chr6-0593",-0.0458236101218272
"chr6-0594",0.0461254138114436
"chr6-0595",0.0767179595809633
"chr6-0596",-0.000831641027015659
"chr6-0597",-0.185535096075596
"chr6-0598",0.0668111807961576
"chr6-0599",-0.00185604142088584
"chr6-0600",0.0968313943446963
"chr6-0601",0.129353446765395
"chr6-0602",0.141145708514108
"chr6-0603",0.154221440826204
"chr6-0604",0.200455805923614
"chr6-0605",0.230941836009014
"chr6-0606",0.0369454982833959
"chr6-0607",0.158007216041895
"chr6-0608",0.145470219203024
"chr6-0609",0.183400215650341
"chr6-0610",0.362059129292018
"chr6-0611",0.249535215784303
"chr6-0612",0.167581412418643
"chr6-0613",0.119994594498699
"chr6-0614",0.166647064950061
"chr6-0615",0.121733856880009
"chr6-0616",0.108485638190266
"chr6-0617",0.223756565691702
"chr6-0618",0.205968626216134
"chr6-0619",0.0400831308486396
"chr6-0620",0.097484426180859
"chr6-0621",0.19398673134991
"chr6-0622",0.0546878018920418
"chr6-0623",0.117168728425408
"chr6-0624",0.209478416443159
"chr6-0625",0.104080695636011
"chr6-0626",-0.153085282326771
"chr6-0627",0.205021995178248
"chr6-0628",0.114961057854131
"chr6-0629",0.0421412598836451
"chr6-0630",0.158918070803039
"chr6-0631",-0.0186657856277292
"chr6-0632",0.124536674049785
"chr6-0633",0.168695963005401
"chr6-0634",0.110892191811969
"chr6-0635",0.114704394229023
"chr6-0636",0.124103136064152
"chr6-0637",0.128070468166153
"chr6-0638",0.178279179774994
"chr6-0639",0.223338789170696
"chr6-0640",0.245019190497536
"chr6-0641",-0.050689566568274
"chr6-0642",0.0570896896300912
"chr6-0643",0.183573580697107
"chr6-0644",0.00588228176193734
"chr6-0645",0.089484764783779
"chr6-0646",0.100599578602941
"chr6-0647",0.0804209630630585
"chr6-0648",-0.0381063227764879
"chr6-0649",0.181811826650838
"chr6-0650",-0.0116376324432669
"chr6-0651",0.294643870197281
"chr6-0652",0.078456210681836
"chr6-0653",0.290401352329318
"chr6-0654",-0.181003470241479
"chr6-0655",0.194465996579663
"chr6-0656",0.0762571679751069
"chr6-0657",0.267615125395334
"chr6-0658",0.190156765022787
"chr6-0659",0.351505080118839
"chr6-0660",0.147633203751518
"chr6-0661",0.0640568856654616
"chr6-0662",0.312527191630458
"chr6-0663",-0.0453901686398552
"chr6-0664",0.19531674284471
"chr6-0665",0.0157461449532107
"chr6-0666",0.17194590726372
"chr6-0667",0.185998640503961
"chr6-0668",0.194974165722647
"chr6-0669",0.248918551538958
"chr6-0670",0.183529344468854
"chr6-0671",0.162828678379325
"chr6-0672",0.062963322023074
"chr6-0673",0.218180723412949
"chr6-0674",0.328991425257152
"chr6-0675",0.115363255915098
"chr6-0676",0.255821578640246
"chr6-0677",0.0490480417683375
"chr6-0678",0.191068583803871
"chr6-0679",0.13964351477393
"chr6-0680",0.124262731709585
"chr6-0681",0.0516858022613294
"chr6-0682",0.244022558488563
"chr6-0683",0.215884285084788
"chr6-0684",0.16821515913753
"chr6-0685",0.276092300581493
"chr6-0686",0.120050847944521
"chr6-0687",0.145458655525604
"chr6-0688",0.253525745452301
"chr6-0689",0.133587704596845
"chr6-0690",0.124133069994916
"chr6-0691",0.169264522280558
"chr6-0692",0.318536886305292
"chr6-0693",0.130714140130624
"chr6-0694",0.172461234694654
"chr6-0695",0.152527463865762
"chr6-0696",0.266872775712971
"chr6-0697",-0.0245056483336402
"chr6-0698",-0.10859075151193
"chr6-0699",0.141628713500923
"chr6-0700",0.11394867342565
"chr6-0701",0.305842855048563
"chr6-0702",0.125137221442972
"chr6-0703",0.0905155227713555
"chr6-0704",0.178028603171845
"chr6-0705",0.0564747485994496
"chr6-0706",-0.0609529936144417
"chr6-0707",0.125867653267233
"chr6-0708",0.121821798560398
"chr6-0709",0.211951996290648
"chr6-0710",0.152901331431912
"chr6-0711",0.0778917645764103
"chr6-0712",0.0104665284413356
"chr6-0713",0.103175435784943
"chr6-0714",0.14673110447624
"chr6-0715",0.160601973140031
"chr6-0716",0.175231271787498
"chr6-0717",0.163240353655397
"chr6-0718",0.290724089386131
"chr6-0719",0.251672562483425
"chr6-0720",-0.111228369498609
"chr6-0721",0.183131889954201
"chr6-0722",0.235564459035761
"chr6-0723",0.160003252454065
"chr6-0724",0.0572029855199908
"chr6-0725",-0.0321110053528553
"chr6-0726",-0.0200458706931702
"chr6-0727",0.0454690534338187
"chr6-0728",0.0278712887424985
"chr6-0729",0.247907595253593
"chr6-0730",0.203598524450036
"chr6-0731",0.0658271261778551
"chr6-0732",0.199982161671428
"chr6-0733",0.164886397588194
"chr6-0734",0.0920653056109503
"chr6-0735",0.220606566972148
"chr6-0736",0.0316523517214492
"chr6-0737",0.138528896643764
"chr6-0738",0.0945007456999932
"chr6-0739",0.0484624850821921
"chr6-0740",0.181276004614475
"chr6-0741",0.150666210081426
"chr6-0742",0.0733919330594135
"chr6-0743",-0.0321385873775879
"chr6-0744",0.150834138496218
"chr6-0745",-0.0154216585786342
"chr6-0746",0.125579501960288
"chr6-0747",0.166747344858993
"chr6-0748",0.0479239266799633
"chr6-0749",0.281747693295052
"chr6-0750",0.294971294918086
"chr6-0751",0.285108802980412
"chr6-0752",0.265908193066381
"chr6-0753",0.245242913768366
"chr6-0754",0.117074329033571
"chr6-0755",0.0851091292937398
"chr6-0756",0.29278024299603
"chr6-0757",0.10925099808406
"chr6-0758",0.284700060094539
"chr6-0759",0.11135897891051
"chr6-0760",0.168473936955242
"chr6-0761",0.242215958135018
"chr6-0762",0.220069122837931
"chr6-0763",0.0205812059108478
"chr6-0764",-0.0360289572661625
"chr6-0765",0.160039327107749
"chr6-0766",-0.000122044383355884
"chr6-0767",0.25669245535118
"chr6-0768",0.0396869421636698
"chr6-0769",0.0101881357421761
"chr6-0770",0.117204298705596
"chr6-0771",0.183705233897275
"chr6-0772",0.206850540159049
"chr6-0773",0.190671203042431
"chr6-0774",0.234588500693707
"chr6-0775",0.234278437944732
"chr6-0776",0.0344447205918728
"chr6-0777",-0.0423089488701204
"chr6-0778",-0.0201572019268307
"chr6-0779",0.109302967005724
"chr6-0780",0.226968185789914
"chr6-0781",0.249927420455649
"chr6-0782",0.239676576669117
"chr6-0783",0.337679527992528
"chr6-0784",0.0888970230058297
"chr6-0785",-0.110705479672644
"chr6-0786",0.229653889829434
"chr6-0787",0.203377040523231
"chr6-0788",0.107309572807929
"chr6-0789",-0.0193671419516297
"chr6-0790",0.330720745626321
"chr6-0791",0.16969401461513
"chr6-0792",0.13266362912943
"chr6-0793",0.0884523285970716
"chr6-0794",0.174851215673636
"chr6-0795",0.0950566507143182
"chr6-0796",0.224062913954513
"chr6-0797",0.162256800742829
"chr6-0798",0.190002482002317
"chr6-0799",0.195938114399125
"chr6-0800",0.00407525854384773
"chr6-0801",0.0194986441348147
"chr6-0802",-0.0782050779545409
"chr6-0803",0.0517348053719042
"chr6-0804",0.0589135981433205
"chr6-0805",-0.085238861317388
"chr6-0806",-0.00561558682572301
"chr6-0807",-0.0893954853896266
"chr6-0808",0.0995341846566777
"chr6-0809",0.120649614977288
"chr6-0810",0.125396592495601
"chr6-0811",0.0923901732672535
"chr6-0812",0.00905301877516008
"chr6-0813",0.0283940865349682
"chr6-0814",0.0288526187928829
"chr6-0815",-0.00390651352521701
"chr6-0816",-0.03315180609423
"chr6-0817",-0.0843474340592186
"chr6-0818",0.19048536291539
"chr6-0819",0.0841089980990726
"chr6-0820",0.220788335077409
"chr6-0821",0.19559826888505
"chr6-0822",0.217693510527641
"chr6-0823",0.15036464614148
"chr6-0824",0.186673852588301
"chr6-0825",0.416663586200629
"chr6-0826",0.00336116275784144
"chr6-0827",0.174361751683144
"chr6-0828",0.141106090643221
"chr6-0829",0.251521887247221
"chr6-0830",0.0254044746473312
"chr6-0831",0.0504256032236394
"chr6-0832",0.0879261484885519
"chr6-0833",0.209498319174232
"chr6-0834",0.231712849509116
"chr6-0835",-0.0154615583551666
"chr6-0836",0.177754391816041
"chr6-0837",0.0613912587191294
"chr6-0838",-0.0713045975271588
"chr6-0839",0.100300710816619
"chr6-0840",0.145747213628862
"chr6-0841",0.165843298783867
"chr6-0842",0.160264590534748
"chr6-0843",0.308477817630489
"chr6-0844",0.178187639498708
"chr6-0845",0.243409169259986
"chr6-0846",0.0656371321498905
"chr6-0847",0.191409057679218
"chr6-0848",0.270205758048633
"chr6-0849",0.261269571578004
"chr6-0850",0.313801443008226
"chr6-0851",0.20576096087282
"chr6-0852",0.0390190185470764
"chr6-0853",0.146544145043128
"chr6-0854",0.131060619890375
"chr6-0855",0.115320995215918
"chr6-0856",0.0340071705445752
"chr6-0857",0.231840316547258
"chr6-0858",0.122191149672776
"chr6-0859",0.103972588251801
"chr6-0860",0.0121241992157376
"chr6-0861",-0.106669443143271
"chr6-0862",0.123116592832756
"chr6-0863",0.159705553456538
"chr6-0864",0.0181050521027697
"chr6-0865",0.0514736914430007
"chr6-0866",-0.0639942044034355
"chr6-0867",0.0047520152367127
"chr6-0868",-0.0557366723271575
"chr6-0869",0.197042891013338
"chr6-0870",0.128010703586829
"chr6-0871",0.114896851459387
"chr6-0872",0.0994340209208346
"chr6-0873",0.100462259672122
"chr6-0874",0.0256900905434248
"chr6-0875",0.0702983329362652
"chr6-0876",0.0480384375558665
"chr6-0877",0.207776721592097
"chr6-0878",0.0898589586392013
"chr6-0879",0.048998723844167
"chr6-0880",0.107640128090502
"chr6-0881",0.0820820147699434
"chr6-0882",-0.0451043836534712
"chr6-0883",0.145331211637967
"chr6-0884",0.0116613430126396
"chr6-0885",0.292855715454429
"chr6-0886",0.034701324937469
"chr6-0887",0.208839215270226
"chr6-0888",0.0685603113062489
"chr6-0889",0.297116805777608
"chr6-0890",0.353330913925457
"chr6-0891",0.173307880003849
"chr6-0892",0.0951761187934267
"chr6-0893",0.213554996236049
"chr6-0894",0.143271270378774
"chr6-0895",-0.0338795908401007
"chr6-0896",0.0841000704110869
"chr6-0897",0.207023904272433
"chr6-0898",0.114716564700565
"chr6-0899",0.0446947080730301
"chr6-0900",0.0114980745209785
"chr6-0901",0.12085649084918
"chr6-0902",0.160265721649316
"chr6-0903",0.141146507329005
"chr6-0904",0.0423099800532817
"chr6-0905",0.237451646245097
"chr6-0906",0.198420396687704
"chr6-0907",0.097517794642635
"chr6-0908",0.0364722478313471
"chr6-0909",0.116431128694183
"chr6-0910",0.108645181736094
"chr6-0911",-0.0476440687637375
"chr6-0912",0.0353831945673248
"chr6-0913",-0.0535374881524916
"chr6-0914",-0.0210349154630598
"chr6-0915",-0.114975496976652
"chr6-0916",0.112328700042567
"chr6-0917",0.121930006608703
"chr6-0918",0.0641824416866353
"chr6-0919",0.0290796730894084
"chr6-0920",0.0727738817638541
"chr6-0921",0.0331818594239469
"chr6-0922",0.110398942156676
"chr6-0923",0.0585978494987285
"chr6-0924",-0.0171993186689627
"chr6-0925",-0.00679609252099439
"chr6-0926",0.0746189899770467
"chr6-0927",0.0407447587905289
"chr6-0928",0.0667026566749185
"chr6-0929",0.203357983407483
"chr6-0930",0.126381345470069
"chr6-0931",-0.0550874740276475
"chr6-0932",0.00677598601696666
"chr6-0933",0.0485880006109291
"chr6-0934",0.0738239498827646
"chr6-0935",0.0247129207709584
"chr6-0936",0.061961568362315
"chr6-0937",0.110647181329237
"chr6-0938",0.0555868706984287
"chr6-0939",0.104843888639717
"chr6-0940",0.223841577833733
"chr6-0941",0.17601215757179
"chr6-0942",0.0962838233397055
"chr6-0943",0.100896332367318
"chr6-0944",0.0779835106362327
"chr6-0945",0.0696677680731289
"chr6-0946",0.136677380063645
"chr6-0947",0.13107989365588
"chr6-0948",0.0519926487648761
"chr6-0949",-0.00272085165350078
"chr6-0950",0.0497857728158155
"chr6-0951",0.0375622703111856
"chr6-0952",0.0394772055478645
"chr6-0953",0.0755339598062748
"chr6-0954",0.174473187896917
"chr6-0955",-0.0734412257237121
"chr7-0001",-0.176746623431846
"chr7-0002",-0.26308370025095
"chr7-0003",-0.209041479570301
"chr7-0004",-0.284259606405443
"chr7-0005",-0.270356025398724
"chr7-0006",-0.31624267210339
"chr7-0007",-0.21548218021537
"chr7-0008",-0.241906684912734
"chr7-0009",-0.345961383220201
"chr7-0010",-0.223824518571779
"chr7-0011",-0.348682042295247
"chr7-0012",-0.44900207589559
"chr7-0013",-0.455832258310182
"chr7-0014",-0.244453076016578
"chr7-0015",-0.294525254564318
"chr7-0016",-0.372746277675091
"chr7-0017",-0.339351352372501
"chr7-0018",-0.201570769438231
"chr7-0019",-0.218699599162932
"chr7-0020",-0.205619825407361
"chr7-0021",-0.217873137817208
"chr7-0022",-0.294549880993294
"chr7-0023",-0.313530685068217
"chr7-0024",-0.421141048886375
"chr7-0025",-0.287383530961537
"chr7-0026",-0.262858562794299
"chr7-0027",-0.239539847537256
"chr7-0028",-0.391332562762887
"chr7-0029",-0.369563919471087
"chr7-0030",-0.379983754743933
"chr7-0031",-0.482487199757882
"chr7-0032",-0.503661009428712
"chr7-0033",-0.285840580936122
"chr7-0034",-0.316680102294918
"chr7-0035",-0.257931325321328
"chr7-0036",-0.238936514750127
"chr7-0037",-0.23244267659955
"chr7-0038",-0.289353448088183
"chr7-0039",-0.283682749267056
"chr7-0040",-0.408321913649107
"chr7-0041",-0.409796933559855
"chr7-0042",-0.324060621217217
"chr7-0043",-0.367495170717899
"chr7-0044",-0.514061890857693
"chr7-0045",-0.598796949050453
"chr7-0046",-0.689058851553043
"chr7-0047",-0.319722429174896
"chr7-0048",-0.258443289357092
"chr7-0049",-0.473987614949065
"chr7-0050",-0.438591216417743
"chr7-0051",-0.317627081338957
"chr7-0052",-0.465685675643578
"chr7-0053",-0.534666065670329
"chr7-0054",-0.168439046144509
"chr7-0055",-0.599448237535011
"chr7-0056",-0.250720352258296
"chr7-0057",-0.413687462009066
"chr7-0058",-0.540860725753889
"chr7-0059",-0.442518521011911
"chr7-0060",-0.522930904446174
"chr7-0061",-0.337139222136782
"chr7-0062",-0.44821872865508
"chr7-0063",-0.408347920636514
"chr7-0064",-0.249211363525875
"chr7-0065",-0.516563068260756
"chr7-0066",-0.222593070657621
"chr7-0067",-0.2902408571036
"chr7-0068",-0.174024929037782
"chr7-0069",-0.399530124349366
"chr7-0070",-0.16487373178382
"chr7-0071",-0.238648268885756
"chr7-0072",-0.164287250271631
"chr7-0073",-0.236615010077163
"chr7-0074",-0.230257733582138
"chr7-0075",-0.148322706457819
"chr7-0076",-0.209522921677826
"chr7-0077",-0.125945989629921
"chr7-0078",-0.301700073302915
"chr7-0079",-0.152432726819524
"chr7-0080",-0.513824972902883
"chr7-0081",-0.228913195711157
"chr7-0082",-0.208558593596979
"chr7-0083",-0.360040240409136
"chr7-0084",-0.124962025220708
"chr7-0085",-0.236602417513339
"chr7-0086",-0.202341882263056
"chr7-0087",-0.259745652288155
"chr7-0088",-0.364727961957114
"chr7-0089",-0.138408655589548
"chr7-0090",-0.289769399771333
"chr7-0091",-0.28174957189471
"chr7-0092",-0.189843711330976
"chr7-0093",-0.145320695544876
"chr7-0094",-0.292309280109909
"chr7-0095",-0.315839529849576
"chr7-0096",-0.140405227861022
"chr7-0097",-0.200946833843874
"chr7-0098",-0.0060947151002194
"chr7-0099",-0.252217236850078
"chr7-0100",-0.165586082188222
"chr7-0101",-0.189335753150744
"chr7-0102",-0.210054651293983
"chr7-0103",-0.306883391116455
"chr7-0104",-0.270529648994523
"chr7-0105",-0.238289847989123
"chr7-0106",-0.222538416075846
"chr7-0107",-0.226106968059261
"chr7-0108",-0.169705115830861
"chr7-0109",-0.199766238952522
"chr7-0110",-0.220793237318541
"chr7-0111",-0.249527612420248
"chr7-0112",-0.314737052966257
"chr7-0113",-0.224292676429388
"chr7-0114",-0.176724358396751
"chr7-0115",-0.135113726694185
"chr7-0116",-0.229097031988458
"chr7-0117",-0.316208357227777
"chr7-0118",-0.211148421152414
"chr7-0119",-0.148239874999491
"chr7-0120",-0.412143396429997
"chr7-0121",-0.355516016086347
"chr7-0122",-0.342160275276645
"chr7-0123",-0.251422214953184
"chr7-0124",-0.27002900536732
"chr7-0125",-0.178545026619833
"chr7-0126",-0.180441870231491
"chr7-0127",-0.123505446239533
"chr7-0128",-0.202553409013551
"chr7-0129",-0.140831980102329
"chr7-0130",-0.349552992909056
"chr7-0131",-0.403632563252258
"chr7-0132",-0.393904116329598
"chr7-0133",-0.375284682437775
"chr7-0134",-0.386331887404861
"chr7-0135",-0.376529637869856
"chr7-0136",-0.318049354376177
"chr7-0137",-0.368644705405869
"chr7-0138",-0.379057103567625
"chr7-0139",-0.150460352427251
"chr7-0140",-0.43839768083746
"chr7-0141",-0.284406589883368
"chr7-0142",-0.256431133826701
"chr7-0143",-0.204154336773565
"chr7-0144",-0.222186317368266
"chr7-0145",-0.179894828806438
"chr7-0146",-0.248455533278761
"chr7-0147",-0.245188506528912
"chr7-0148",-0.296789041788111
"chr7-0149",-0.0601665645830981
"chr7-0150",-0.124215925651115
"chr7-0151",-0.105170043260735
"chr7-0152",-0.216465036809972
"chr7-0153",-0.417845166761643
"chr7-0154",-0.373077738684582
"chr7-0155",-0.257424481791203
"chr7-0156",-0.183629666988464
"chr7-0157",-0.224859659535992
"chr7-0158",-0.228185968170466
"chr7-0159",-0.334033221976529
"chr7-0160",-0.189615456787103
"chr7-0161",-0.154302584533685
"chr7-0162",-0.209515704600561
"chr7-0163",-0.26756239767547
"chr7-0164",-0.452575174134989
"chr7-0165",-0.118361726180517
"chr7-0166",-0.142254357961404
"chr7-0167",-0.139153327564258
"chr7-0168",-0.140720142328646
"chr7-0169",-0.293347039505264
"chr7-0170",-0.128157441989777
"chr7-0171",-0.267329439659525
"chr7-0172",-0.29524449120252
"chr7-0173",-0.272560022331965
"chr7-0174",-0.270489543367437
"chr7-0175",-0.230307540188579
"chr7-0176",-0.233472830988395
"chr7-0177",-0.267213995676778
"chr7-0178",-0.396434431065449
"chr7-0179",-0.192493555080967
"chr7-0180",-0.235881246916579
"chr7-0181",-0.292604799206777
"chr7-0182",-0.1660851733758
"chr7-0183",-0.298132661623007
"chr7-0184",-0.172014512657496
"chr7-0185",-0.260562818106988
"chr7-0186",-0.162554052947518
"chr7-0187",-0.30015544703262
"chr7-0188",-0.324429128017945
"chr7-0189",-0.304215526000811
"chr7-0190",-0.289269209560281
"chr7-0191",-0.314432827414974
"chr7-0192",-0.327432781574585
"chr7-0193",-0.51004129824026
"chr7-0194",-0.213240997092263
"chr7-0195",-0.232834417824105
"chr7-0196",-0.369886926622996
"chr7-0197",-0.121987926773933
"chr7-0198",-0.0950649936173169
"chr7-0199",-0.299193706159573
"chr7-0200",-0.298571739525797
"chr7-0201",-0.136451477569133
"chr7-0202",-0.290304795215783
"chr7-0203",-0.318694159523721
"chr7-0204",-0.234198596855783
"chr7-0205",-0.291663491784253
"chr7-0206",-0.263087112833571
"chr7-0207",-0.229359607916246
"chr7-0208",-0.142558406025608
"chr7-0209",-0.270826683906049
"chr7-0210",-0.231991031311092
"chr7-0211",-0.16744275887204
"chr7-0212",-0.175360316814184
"chr7-0213",-0.227312048994087
"chr7-0214",-0.153443575245274
"chr7-0215",-0.265332242653617
"chr7-0216",-0.314734817612739
"chr7-0217",-0.132132085986129
"chr7-0218",-0.267813612533491
"chr7-0219",-0.198065778807972
"chr7-0220",-0.261743311990827
"chr7-0221",-0.315027270809407
"chr7-0222",-0.425507072437495
"chr7-0223",-0.361430977319296
"chr7-0224",-0.262209355050917
"chr7-0225",-0.398066397575483
"chr7-0226",-0.314512025642783
"chr7-0227",-0.172534554372612
"chr7-0228",-0.337863336727296
"chr7-0229",-0.260785755726812
"chr7-0230",-0.388844601440615
"chr7-0231",-0.188615176941838
"chr7-0232",-0.163455788335103
"chr7-0233",-0.244680558329814
"chr7-0234",-0.274332673008597
"chr7-0235",-0.154597679765692
"chr7-0236",-0.302022689642955
"chr7-0237",-0.162945254426384
"chr7-0238",-0.234378945892328
"chr7-0239",-0.230954311889081
"chr7-0240",-0.23934121851523
"chr7-0241",-0.281852211423341
"chr7-0242",-0.227372796430725
"chr7-0243",-0.26969016242153
"chr7-0244",-0.229340662626334
"chr7-0245",-0.262104612733065
"chr7-0246",-0.28865932348206
"chr7-0247",-0.287896769307924
"chr7-0248",-0.201813637395902
"chr7-0249",-0.298717344527366
"chr7-0250",-0.389411870769058
"chr7-0251",-0.315026784877505
"chr7-0252",-0.34879309207699
"chr7-0253",-0.388946715145505
"chr7-0254",-0.285208787495017
"chr7-0255",-0.160316839653491
"chr7-0256",-0.185972857068172
"chr7-0257",-0.386669936390633
"chr7-0258",-0.264529710797947
"chr7-0259",-0.176954836041064
"chr7-0260",-0.31494129200535
"chr7-0261",-0.164251293638047
"chr7-0262",-0.15655467608269
"chr7-0263",-0.153838764001591
"chr7-0264",-0.322824145374554
"chr7-0265",-0.246977217346445
"chr7-0266",-0.335348659534161
"chr7-0267",-0.303940670976071
"chr7-0268",-0.212541849822843
"chr7-0269",-0.286960321539109
"chr7-0270",-0.286118795257716
"chr7-0271",-0.422854474015681
"chr7-0272",-0.336295155358184
"chr7-0273",-0.188880825231503
"chr7-0274",-0.393820818522095
"chr7-0275",-0.327822300124419
"chr7-0276",-0.342542900217174
"chr7-0277",-0.348808345507208
"chr7-0278",-0.294088329259883
"chr7-0279",-0.246047008709074
"chr7-0280",-0.535635443961009
"chr7-0281",-0.312173467293706
"chr7-0282",-0.353863232226349
"chr7-0283",-0.339706092545124
"chr7-0284",-0.436083596418458
"chr7-0285",-0.240267113963633
"chr7-0286",-0.430004918071117
"chr7-0287",-0.308382577572459
"chr7-0288",-0.335965303444325
"chr7-0289",-0.149611502540948
"chr7-0290",-0.296597863776022
"chr7-0291",-0.487908677934602
"chr7-0292",-0.34499893454444
"chr7-0293",-0.152304912338348
"chr7-0294",-0.227242526666079
"chr7-0295",-0.26859010174117
"chr7-0296",-0.220513237967238
"chr7-0297",-0.295899654643951
"chr7-0298",-0.141155205310784
"chr7-0299",-0.203265981706152
"chr7-0300",-0.23417641068402
"chr7-0301",-0.316584536566058
"chr7-0302",-0.395833628749352
"chr7-0303",-0.151447835520281
"chr7-0304",-0.493064902567853
"chr7-0305",-0.297294612466976
"chr7-0306",-0.245879916920487
"chr7-0307",-0.229424726317774
"chr7-0308",-0.304477015581413
"chr7-0309",-0.307449576011052
"chr7-0310",-0.254857312890169
"chr7-0311",-0.288949931513187
"chr7-0312",-0.21238041288278
"chr7-0313",-0.192255611255049
"chr7-0314",-0.333457759241813
"chr7-0315",-0.283974185738021
"chr7-0316",-0.0735096189572186
"chr7-0317",-0.195279923846817
"chr7-0318",-0.32868424226877
"chr7-0319",-0.305255497920633
"chr7-0320",-0.362869629875215
"chr7-0321",-0.237759289616147
"chr7-0322",-0.412468421134455
"chr7-0323",-0.277803985785324
"chr7-0324",-0.241978795275463
"chr7-0325",-0.193127332273496
"chr7-0326",-0.272721044821047
"chr7-0327",-0.255890680036006
"chr7-0328",-0.328182282857893
"chr7-0329",-0.424623906507811
"chr7-0330",-0.252756316827101
"chr7-0331",-0.30964052398676
"chr7-0332",-0.12573208330903
"chr7-0333",-0.183459744987745
"chr7-0334",-0.214683115104267
"chr7-0335",-0.332730794041684
"chr7-0336",-0.168169051567207
"chr7-0337",-0.262708276521003
"chr7-0338",-0.47198234767954
"chr7-0339",-0.462413262286394
"chr7-0340",-0.45229136420565
"chr7-0341",-0.4532728751384
"chr7-0342",-0.554057291097763
"chr7-0343",-0.34462863339277
"chr7-0344",-0.00607923542067024
"chr7-0345",-0.367520538808763
"chr7-0346",-0.397987110583403
"chr7-0347",-0.32363819582606
"chr7-0348",-0.294627385074668
"chr7-0349",-0.194728287831811
"chr7-0350",-0.540698816912552
"chr7-0351",-0.343929068574797
"chr7-0352",-0.342897546863527
"chr7-0353",-0.334293058125828
"chr7-0354",-0.383397524968177
"chr7-0355",-0.532341806193311
"chr7-0356",-0.377857598413132
"chr7-0357",-0.315267710307277
"chr7-0358",-0.29334797920145
"chr7-0359",-0.284639578101302
"chr7-0360",-0.384998701601637
"chr7-0361",-0.700059778400257
"chr7-0362",-0.432909852855789
"chr7-0363",-0.330855034892125
"chr7-0364",-0.344085781470964
"chr7-0365",-0.436387035067974
"chr7-0366",-0.301352224232146
"chr7-0367",-0.520213890660941
"chr7-0368",-0.442821951810394
"chr7-0369",-0.421145234820119
"chr7-0370",-0.532923420202033
"chr7-0371",-0.572853104936681
"chr7-0372",-0.425862306292892
"chr7-0373",-0.463206356159413
"chr7-0374",-0.602871558299335
"chr7-0375",-0.477371865082947
"chr7-0376",-0.414675302817643
"chr7-0377",-0.438647722590639
"chr7-0378",-0.493505045058671
"chr7-0379",-0.415114509634604
"chr7-0380",-0.293298681685528
"chr7-0381",-0.399664876857563
"chr7-0382",-0.504803524459158
"chr7-0383",-0.518742178645464
"chr7-0384",-0.445541216144301
"chr7-0385",-0.311882337871641
"chr7-0386",-0.172006413508649
"chr7-0387",-0.301681069604029
"chr7-0388",-0.356405525953877
"chr7-0389",-0.196793362444896
"chr7-0390",-0.223995987750471
"chr7-0391",-0.194509044629067
"chr7-0392",-0.652517014037322
"chr7-0393",-0.29448261612177
"chr7-0394",-0.473858786942319
"chr7-0395",-0.501385208611646
"chr7-0396",-0.418146334566839
"chr7-0397",-0.38331742374025
"chr7-0398",-0.338326379969622
"chr7-0399",-0.441154285298688
"chr7-0400",-0.273516410563538
"chr7-0401",-0.369300857519335
"chr7-0402",-0.363193045026182
"chr7-0403",-0.407204509993667
"chr7-0404",-0.50298613626863
"chr7-0405",-0.347403959226934
"chr7-0406",-0.493282633400226
"chr7-0407",-0.42961260690686
"chr7-0408",-0.404307884898671
"chr7-0409",-0.285864631690178
"chr7-0410",-0.543526548650866
"chr7-0411",-0.467761780248946
"chr7-0412",-0.528823524579237
"chr7-0413",-0.466972863442849
"chr7-0414",-0.474247285471339
"chr7-0415",-0.312656667989908
"chr7-0416",-0.36335599450917
"chr7-0417",-0.382840821192141
"chr7-0418",-0.457962350821448
"chr7-0419",-0.511824697174403
"chr7-0420",-0.577556806152484
"chr7-0421",-0.433148557564761
"chr7-0422",-0.338891701190078
"chr7-0423",-0.482599157037749
"chr7-0424",-0.446535691260272
"chr7-0425",-0.476247627075302
"chr7-0426",-0.427478158943352
"chr7-0427",-0.490892179343869
"chr7-0428",-0.473573932608011
"chr7-0429",-0.462038985090361
"chr7-0430",-0.370339940665188
"chr7-0431",-0.375999579820035
"chr7-0432",-0.218271606677577
"chr7-0433",-0.230750028329907
"chr7-0434",-0.189268813669298
"chr7-0435",-0.234259616927884
"chr7-0436",-0.242640061034221
"chr7-0437",-0.286094810205651
"chr7-0438",-0.212711570774052
"chr7-0439",-0.204156897767657
"chr7-0440",-0.276170339195928
"chr7-0441",-0.127517449302987
"chr7-0442",-0.334688074142556
"chr7-0443",-0.166938347206903
"chr7-0444",-0.346419123920672
"chr7-0445",-0.330396693745695
"chr7-0446",-0.163281077186471
"chr7-0447",-0.312887106627939
"chr7-0448",-0.18222282424516
"chr7-0449",-0.155314394679558
"chr7-0450",-0.261121939518368
"chr7-0451",0.0172526470909886
"chr7-0452",-0.25434213437074
"chr7-0453",-0.219226174009959
"chr7-0454",-0.062821303267148
"chr7-0455",-0.285755899172883
"chr7-0456",-0.299702194352655
"chr7-0457",-0.279924598544361
"chr7-0458",-0.226340680278033
"chr7-0459",-0.212742791179993
"chr7-0460",-0.23553305754323
"chr7-0461",-0.235109058256314
"chr7-0462",-0.126468889651183
"chr7-0463",-0.219564981340519
"chr7-0464",-0.128545387556891
"chr7-0465",-0.0375130539872435
"chr7-0466",-0.283496966182762
"chr7-0467",-0.290979694840945
"chr7-0468",-0.27508017277072
"chr7-0469",-0.258144638840706
"chr7-0470",-0.406698541556802
"chr7-0471",-0.17340530860507
"chr7-0472",-0.343219398465274
"chr7-0473",-0.219952060234695
"chr7-0474",-0.140507827978592
"chr7-0475",-0.289797554379109
"chr7-0476",-0.172734654068569
"chr7-0477",-0.123685558494375
"chr7-0478",-0.131090343083964
"chr7-0479",-0.254869684143163
"chr7-0480",-0.250370027261773
"chr7-0481",-0.397042857015576
"chr7-0482",-0.225780272876471
"chr7-0483",-0.390507002768659
"chr7-0484",-0.216222301437422
"chr7-0485",-0.189227135256308
"chr7-0486",-0.00833524391766038
"chr7-0487",-0.114609498209798
"chr7-0488",-0.305102098720227
"chr7-0489",-0.345719357175458
"chr7-0490",-0.356222399147915
"chr7-0491",-0.319672603699152
"chr7-0492",-0.391425411864367
"chr7-0493",-0.355910943011018
"chr7-0494",-0.117694408909342
"chr7-0495",-0.327275541004721
"chr7-0496",-0.287279204232414
"chr7-0497",-0.45853768647831
"chr7-0498",-0.343530025043601
"chr7-0499",-0.205852153555302
"chr7-0500",-0.398675787945454
"chr7-0501",-0.562728487282604
"chr7-0502",-0.193918357441325
"chr7-0503",-0.280213886213056
"chr7-0504",-0.384981811994197
"chr7-0505",-0.274729377150215
"chr7-0506",-0.192030698453003
"chr7-0507",-0.174109557177489
"chr7-0508",-0.221698434449598
"chr7-0509",-0.23011265956722
"chr7-0510",-0.143494880451223
"chr7-0511",-0.241109362200401
"chr7-0512",-0.250820995579444
"chr7-0513",-0.265296426157037
"chr7-0514",-0.15627365207415
"chr7-0515",-0.148035410325148
"chr7-0516",-0.172499050728232
"chr7-0517",-0.298427147398284
"chr7-0518",-0.302386089108565
"chr7-0519",-0.362437746657033
"chr7-0520",-0.282652350554541
"chr7-0521",-0.471033565362469
"chr7-0522",-0.23336793228162
"chr7-0523",-0.308020455093193
"chr7-0524",-0.494681176898266
"chr7-0525",-0.534779314302168
"chr7-0526",-0.481924393812507
"chr7-0527",-0.434925984872902
"chr7-0528",-0.161861839310384
"chr7-0529",-0.209086611425856
"chr7-0530",-0.256614966936386
"chr7-0531",-0.547507920152635
"chr7-0532",-0.410603300876874
"chr7-0533",-0.457254329771212
"chr7-0534",-0.521823821368881
"chr7-0535",-0.340819488480627
"chr7-0536",-0.460414342349603
"chr7-0537",-0.32324610657373
"chr7-0538",-0.458728821718186
"chr7-0539",-0.384355935575001
"chr7-0540",-0.41930309837624
"chr7-0541",-0.310867203963471
"chr7-0542",-0.274193256159968
"chr7-0543",-0.362548353150806
"chr7-0544",-0.329041030797464
"chr7-0545",-0.419356657206503
"chr7-0546",-0.555410556970985
"chr7-0547",-0.34967649225852
"chr7-0548",-0.455503634495373
"chr7-0549",-0.419569566897625
"chr7-0550",-0.54407779538717
"chr7-0551",-0.475847027859954
"chr7-0552",-0.415981747152733
"chr7-0553",-0.446678587115134
"chr7-0554",-0.513938115021604
"chr7-0555",-0.374153242408325
"chr7-0556",-0.505401590772222
"chr7-0557",-0.347853312188712
"chr7-0558",-0.280411882787255
"chr7-0559",-0.387886198762063
"chr7-0560",-0.440573777547487
"chr7-0561",-0.305904478467667
"chr7-0562",-0.521843360156429
"chr7-0563",-0.342139729310002
"chr7-0564",-0.300758058332004
"chr7-0565",-0.319816251805439
"chr7-0566",-0.343320952665388
"chr7-0567",-0.285913654974355
"chr7-0568",-0.173064605966925
"chr7-0569",-0.345921808467228
"chr7-0570",-0.548479064356781
"chr7-0571",-0.200293258908305
"chr7-0572",-0.337069483218745
"chr7-0573",-0.330066841544052
"chr7-0574",-0.340691083729896
"chr7-0575",-0.272625258828017
"chr7-0576",-0.231598975284742
"chr7-0577",-0.22153342304407
"chr7-0578",-0.276812643947048
"chr7-0579",-0.502582894847465
"chr7-0580",-0.271237722568313
"chr7-0581",-0.298216719727358
"chr7-0582",-0.226872019988063
"chr7-0583",-0.20653298823562
"chr7-0584",-0.32072209463291
"chr7-0585",-0.275100682395722
"chr7-0586",-0.236038543312577
"chr7-0587",-0.105228241418054
"chr7-0588",-0.157003255193116
"chr7-0589",-0.269839607381482
"chr7-0590",-0.101658437269634
"chr7-0591",-0.195180006997994
"chr7-0592",-0.251965442551682
"chr7-0593",-0.281201780333167
"chr7-0594",-0.255240773367263
"chr7-0595",-0.218121058370044
"chr7-0596",-0.214927573398454
"chr7-0597",-0.270333076456632
"chr7-0598",-0.364539221407788
"chr7-0599",-0.240276176499721
"chr7-0600",-0.372072948269013
"chr7-0601",-0.228804256220762
"chr7-0602",-0.276754953845878
"chr7-0603",-0.20311506234478
"chr7-0604",-0.273479216591386
"chr7-0605",-0.312331465698929
"chr7-0606",-0.172974593444783
"chr7-0607",-0.216516388115101
"chr7-0608",-0.287759474954077
"chr7-0609",-0.281771084131059
"chr7-0610",-0.23765143561717
"chr7-0611",-0.270318953655518
"chr7-0612",-0.20713622712444
"chr7-0613",-0.288808030535711
"chr7-0614",-0.284942628543922
"chr7-0615",-0.151398205920852
"chr7-0616",-0.311740216538965
"chr7-0617",-0.349278001086655
"chr7-0618",-0.27132348770973
"chr7-0619",-0.27443407002953
"chr7-0620",-0.185993088554035
"chr7-0621",-0.267210574741667
"chr7-0622",-0.223368380273847
"chr7-0623",-0.0823937122836266
"chr7-0624",-0.219202240932633
"chr7-0625",-0.243505113380163
"chr7-0626",-0.374195702111491
"chr7-0627",-0.316110433777493
"chr7-0628",-0.306341952953885
"chr7-0629",-0.241421245560226
"chr7-0630",-0.0935900852892108
"chr7-0631",-0.123056426262516
"chr7-0632",-0.210309104951909
"chr7-0633",-0.362027234163886
"chr7-0634",-0.108290215359266
"chr7-0635",-0.327710502380012
"chr7-0636",-0.213861276056438
"chr7-0637",-0.342571247361552
"chr7-0638",-0.333909636127688
"chr7-0639",-0.216622050321637
"chr7-0640",-0.0985685391539044
"chr7-0641",-0.229820727501068
"chr7-0642",-0.224155529870027
"chr7-0643",-0.196706664173202
"chr7-0644",-0.165370328622816
"chr7-0645",-0.15016931881508
"chr7-0646",-0.230431567433571
"chr7-0647",-0.200196019806016
"chr7-0648",-0.274437216806661
"chr7-0649",-0.025393952785185
"chr7-0650",-0.160363911157347
"chr7-0651",-0.139477066848899
"chr7-0652",-0.213645486734898
"chr7-0653",-0.214401570756825
"chr7-0654",-0.381694607261706
"chr7-0655",-0.320071935368687
"chr7-0656",-0.1992595331807
"chr7-0657",-0.230506107593979
"chr7-0658",-0.474548124460273
"chr7-0659",-0.174476636018111
"chr7-0660",-0.394440225435196
"chr7-0661",-0.378882018756651
"chr7-0662",-0.199995239275885
"chr7-0663",-0.236435444187683
"chr7-0664",-0.44004469496029
"chr7-0665",-0.34349590945968
"chr7-0666",-0.280979567270966
"chr7-0667",-0.411162790456334
"chr7-0668",-0.387365831257899
"chr7-0669",-0.254399179549993
"chr7-0670",-0.333153704154843
"chr7-0671",-0.369750368491159
"chr7-0672",-0.20372536770773
"chr7-0673",-0.271706531625857
"chr7-0674",-0.278447240264439
"chr7-0675",-0.172630717152134
"chr7-0676",-0.371809849535272
"chr7-0677",-0.378408867387527
"chr7-0678",-0.306628338112964
"chr7-0679",-0.295930441248512
"chr7-0680",-0.405595485802588
"chr7-0681",-0.280852572068672
"chr7-0682",-0.352887060947157
"chr7-0683",-0.312928435644232
"chr7-0684",-0.406596082718178
"chr7-0685",-0.272083163389905
"chr7-0686",-0.389004258992508
"chr7-0687",-0.310770430235876
"chr7-0688",-0.196964011823226
"chr7-0689",-0.425022070371275
"chr7-0690",-0.439667851816069
"chr7-0691",-0.35910364669958
"chr7-0692",-0.417604521086613
"chr7-0693",-0.389429397481231
"chr7-0694",-0.408255136433453
"chr7-0695",-0.293527080255605
"chr7-0696",-0.422407402320846
"chr7-0697",-0.334808887534532
"chr7-0698",-0.252468911052053
"chr7-0699",-0.274672483258153
"chr7-0700",-0.209270195822752
"chr7-0701",-0.27562340320417
"chr7-0702",-0.228803522400753
"chr7-0703",-0.335335288402327
"chr7-0704",-0.407605237015426
"chr7-0705",-0.375423264740294
"chr7-0706",-0.266095535775235
"chr7-0707",-0.363034454400866
"chr7-0708",-0.339473817483647
"chr7-0709",-0.274107923228136
"chr7-0710",-0.256815914832313
"chr7-0711",-0.188036399329748
"chr7-0712",-0.268347750281266
"chr7-0713",-0.252667891673474
"chr7-0714",-0.265189867488417
"chr7-0715",-0.171906844929292
"chr7-0716",-0.229187848771892
"chr7-0717",-0.131713606492739
"chr7-0718",-0.144542489299181
"chr7-0719",-0.239981812679714
"chr7-0720",-0.198689656418082
"chr7-0721",-0.318814480596629
"chr7-0722",-0.267678007230475
"chr7-0723",-0.416881091638714
"chr7-0724",-0.259733725435543
"chr7-0725",-0.219817683913291
"chr7-0726",-0.424617519326535
"chr7-0727",-0.292406939061384
"chr7-0728",-0.20511936719595
"chr7-0729",-0.232344504258968
"chr7-0730",-0.33386723624087
"chr7-0731",-0.421046214246649
"chr7-0732",-0.321551473133196
"chr7-0733",-0.256142544576702
"chr7-0734",-0.34061537439997
"chr7-0735",-0.26949846176583
"chr7-0736",-0.405942558877846
"chr7-0737",-0.409441662684757
"chr7-0738",-0.194091848345805
"chr7-0739",-0.147564676967274
"chr7-0740",-0.301118180457807
"chr7-0741",-0.267975523402383
"chr7-0742",-0.291601577012654
"chr7-0743",-0.159979614570643
"chr7-0744",-0.29256659854946
"chr7-0745",-0.37667368861263
"chr7-0746",-0.242569314361292
"chr7-0747",-0.511454424345076
"chr7-0748",-0.313782891652327
"chr7-0749",-0.220879793368849
"chr7-0750",-0.459204255778909
"chr7-0751",-0.23690009078049
"chr7-0752",-0.199353365936153
"chr7-0753",-0.251572950887835
"chr7-0754",-0.342059490755685
"chr7-0755",-0.254994789679954
"chr7-0756",-0.411768371008165
"chr7-0757",-0.354316470458896
"chr7-0758",-0.327986282224812
"chr7-0759",-0.110813573238123
"chr7-0760",-0.168215252171298
"chr7-0761",-0.317459878979987
"chr7-0762",-0.327372263093814
"chr7-0763",-0.236573942604098
"chr7-0764",-0.291710481000799
"chr7-0765",-0.436916985987347
"chr7-0766",-0.339544672846275
"chr7-0767",-0.564355201639566
"chr7-0768",-0.369895378486575
"chr7-0769",-0.337515441482477
"chr7-0770",-0.505322047024875
"chr7-0771",-0.465203213190024
"chr7-0772",-0.321591015709804
"chr7-0773",-0.322909523088789
"chr7-0774",-0.215984868601408
"chr7-0775",-0.141423911606273
"chr7-0776",-0.257797245178347
"chr7-0777",-0.292371081565227
"chr7-0778",-0.293153428352244
"chr7-0779",-0.202577119962747
"chr7-0780",-0.321363006950971
"chr7-0781",-0.251938712187935
"chr7-0782",-0.398224582501109
"chr7-0783",-0.266292208844452
"chr7-0784",-0.39940628879343
"chr7-0785",-0.304996256289641
"chr7-0786",-0.333679620743608
"chr7-0787",-0.282920735897036
"chr7-0788",-0.300895012615715
"chr7-0789",-0.382110563593434
"chr7-0790",-0.247540425926248
"chr7-0791",-0.338000875041689
"chr7-0792",-0.327815513792471
"chr7-0793",-0.184370572524307
"chr7-0794",-0.27679530765383
"chr7-0795",-0.311303958671406
"chr7-0796",-0.215506923489217
"chr7-0797",-0.282493251358511
"chr7-0798",-0.176425915360503
"chr7-0799",-0.272360648260823
"chr7-0800",-0.140886379307232
"chr7-0801",-0.279916454288235
"chr7-0802",-0.286868674939796
"chr7-0803",-0.274742806781315
"chr7-0804",-0.358952188180488
"chr7-0805",-0.315883414972659
"chr7-0806",-0.217252422307491
"chr7-0807",-0.498881334736148
"chr7-0808",-0.292332801154376
"chr7-0809",-0.434287093154535
"chr7-0810",-0.284670803898892
"chr7-0811",-0.229154995945946
"chr7-0812",-0.301475633656168
"chr7-0813",-0.296025666463026
"chr7-0814",-0.310477813049485
"chr7-0815",-0.209547636249956
"chr7-0816",-0.291446375208295
"chr7-0817",-0.232101135475575
"chr7-0818",-0.26877464901202
"chr7-0819",-0.2007966649122
"chr7-0820",-0.432758175422056
"chr7-0821",-0.380382242789493
"chr7-0822",-0.367382684448051
"chr7-0823",-0.303058750300883
"chr7-0824",-0.245106185051587
"chr7-0825",-0.226200864784522
"chr7-0826",-0.292561203559072
"chr7-0827",-0.274987801884488
"chr7-0828",-0.342833880592901
"chr7-0829",-0.270567097615221
"chr7-0830",-0.280615267629898
"chr7-0831",-0.246769136109576
"chr7-0832",-0.260607653713323
"chr7-0833",-0.429145113700947
"chr7-0834",-0.223622984283189
"chr7-0835",-0.143879225033689
"chr7-0836",-0.273234912873278
"chr7-0837",-0.474942758292704
"chr7-0838",-0.517205394640832
"chr7-0839",-0.196792714201758
"chr7-0840",-0.324668428650774
"chr7-0841",-0.410314659254606
"chr7-0842",-0.284473676806793
"chr7-0843",-0.235092902289119
"chr7-0844",-0.223818161657385
"chr7-0845",-0.201660737576501
"chr7-0846",-0.238499432931556
"chr7-0847",-0.201729692233528
"chr7-0848",-0.22343007280874
"chr7-0849",-0.26752691815242
"chr7-0850",-0.278558787803073
"chr7-0851",-0.350473021232511
"chr7-0852",-0.27493646776897
"chr7-0853",-0.21103600504198
"chr7-0854",-0.278347806729742
"chr7-0855",-0.308778071386538
"chr7-0856",-0.366337443019344
"chr7-0857",-0.319269029747165
"chr7-0858",-0.152550988456049
"chr7-0859",-0.362270248653569
"chr7-0860",-0.361168727339216
"chr7-0861",-0.272334835854583
"chr7-0862",-0.180936236329007
"chr7-0863",-0.202753446705089
"chr7-0864",-0.301678269492012
"chr7-0865",-0.251687282364927
"chr7-0866",-0.22109651100394
"chr7-0867",-0.339197194928274
"chr7-0868",-0.325877102859389
"chr7-0869",-0.241286279885013
"chr7-0870",-0.395744430768539
"chr7-0871",-0.355369015634335
"chr7-0872",-0.381004694357681
"chr7-0873",-0.297948611405324
"chr7-0874",-0.273648886196313
"chr7-0875",-0.265539638077951
"chr7-0876",-0.264679759061932
"chr7-0877",-0.253070316641644
"chr7-0878",-0.23450704246079
"chr7-0879",-0.258611059865581
"chr7-0880",-0.345837288774883
"chr7-0881",-0.272033270556222
"chr7-0882",-0.268580597982317
"chr7-0883",-0.190669677403988
"chr7-0884",-0.24311505856679
"chr7-0885",-0.258478534477041
"chr7-0886",-0.337614814178855
"chr7-0887",-0.205396102158047
"chr7-0888",-0.260013104921848
"chr7-0889",-0.196660671163526
"chr7-0890",-0.181378427069212
"chr7-0891",-0.253954504444912
"chr8-0001",0.0584317573595726
"chr8-0002",0.123763364139246
"chr8-0003",0.157853164724472
"chr8-0004",-0.00593606262530962
"chr8-0005",0.122204669483275
"chr8-0006",0.0321353182095103
"chr8-0007",0.108798193927374
"chr8-0008",0.107389723254598
"chr8-0009",0.138883051834405
"chr8-0010",0.111980743222197
"chr8-0011",0.0969951116189025
"chr8-0012",0.0715856431767969
"chr8-0013",0.0764938381847369
"chr8-0014",0.0496568167594612
"chr8-0015",0.108098118388323
"chr8-0016",0.066837415158503
"chr8-0017",0.102294676027887
"chr8-0018",0.0727305781340541
"chr8-0019",0.0528964370112873
"chr8-0020",0.0472777290356256
"chr8-0021",0.0695921613040448
"chr8-0022",0.235518719769728
"chr8-0023",0.289006744137759
"chr8-0024",0.0984528666788684
"chr8-0025",0.149470756755575
"chr8-0026",0.169651613080193
"chr8-0027",0.199753925290358
"chr8-0028",0.19287379285852
"chr8-0029",0.0912162506717102
"chr8-0030",0.0242690203437476
"chr8-0031",0.0720536922715346
"chr8-0032",0.165166816690972
"chr8-0033",0.154775723864418
"chr8-0034",0.0823346098638984
"chr8-0035",-0.0785317721573383
"chr8-0036",-0.0268608807382111
"chr8-0037",-0.0593380216197509
"chr8-0038",-0.135514523767734
"chr8-0039",0.206890079852718
"chr8-0040",0.050943058855161
"chr8-0041",-0.0153290123869962
"chr8-0042",0.0382725766145953
"chr8-0043",0.0419346866467133
"chr8-0044",0.199163867307472
"chr8-0045",0.0709682817190739
"chr8-0046",0.085557026619708
"chr8-0047",0.0633289797072591
"chr8-0048",0.118944666262599
"chr8-0049",0.166974992405329
"chr8-0050",0.126307794061529
"chr8-0051",-0.0416331005630287
"chr8-0052",0.096500583840241
"chr8-0053",0.0846750046001177
"chr8-0054",-0.00401343506354858
"chr8-0055",0.116647436549788
"chr8-0056",0.0727595116475811
"chr8-0057",-0.00725886827722378
"chr8-0058",0.0663007017609997
"chr8-0059",0.0514649341906888
"chr8-0060",0.121539115711499
"chr8-0061",0.215457559303563
"chr8-0062",0.109311792070463
"chr8-0063",0.0162930200866208
"chr8-0064",-0.0772409035841924
"chr8-0065",0.00532070183884563
"chr8-0066",-0.0100866166412682
"chr8-0067",0.0350275414053371
"chr8-0068",-0.00809386858188816
"chr8-0069",0.0331025718199894
"chr8-0070",0.0281674676640178
"chr8-0071",0.0439686851035097
"chr8-0072",0.0494869124145033
"chr8-0073",0.0248368741029807
"chr8-0074",-0.00583756285487616
"chr8-0075",-0.0320286945951142
"chr8-0076",-0.0296435095080369
"chr8-0077",-0.0184282607373296
"chr8-0078",-0.113972517212228
"chr8-0079",-0.012539463103584
"chr8-0080",-0.0598600052721954
"chr8-0081",0.0206935347527081
"chr8-0082",0.066445252610013
"chr8-0083",0.0598909739783246
"chr8-0084",0.0541699114463781
"chr8-0085",0.090941513907702
"chr8-0086",0.0358778405641283
"chr8-0087",0.144773509803702
"chr8-0088",0.156188002720428
"chr8-0089",0.239703574565313
"chr8-0090",0.0827008094064223
"chr8-0091",0.00073817306064103
"chr8-0092",0.0542763629065651
"chr8-0093",0.150979410882698
"chr8-0094",0.158070302313873
"chr8-0095",0.0984362163588249
"chr8-0096",0.168528057386557
"chr8-0097",0.0824997944091042
"chr8-0098",0.113686038407561
"chr8-0099",0.0339638699589879
"chr8-0100",-0.0208130607749368
"chr8-0101",0.137072207455882
"chr8-0102",0.22191787004008
"chr8-0103",0.126348619135291
"chr8-0104",0.122984362781547
"chr8-0105",0.030015517773476
"chr8-0106",0.065797225124073
"chr8-0107",0.222217938299631
"chr8-0108",0.176788788981952
"chr8-0109",0.157108884650087
"chr8-0110",0.146225021891406
"chr8-0111",0.0959075254138891
"chr8-0112",0.0219971466960539
"chr8-0113",0.0444889437930411
"chr8-0114",0.0731442387411586
"chr8-0115",0.130742691976695
"chr8-0116",0.209797198808814
"chr8-0117",0.1263474866403
"chr8-0118",-0.0348930223334674
"chr8-0119",0.142300275562026
"chr8-0120",0.0147150485850774
"chr8-0121",0.00760314815514044
"chr8-0122",0.0943390869859912
"chr8-0123",0.0802959958897806
"chr8-0124",0.0771508758770784
"chr8-0125",-0.0446811633598609
"chr8-0126",0.0300623328352327
"chr8-0127",0.0188164426791452
"chr8-0128",-0.0933469892642497
"chr8-0129",-0.030645093831126
"chr8-0130",-0.0607042115265566
"chr8-0131",0.023543117462063
"chr8-0132",0.0824442835226716
"chr8-0133",0.0449680474226224
"chr8-0134",0.0148141915668825
"chr8-0135",0.0613559764264305
"chr8-0136",0.0292478745912958
"chr8-0137",-0.0335848280526342
"chr8-0138",-0.0170009222043997
"chr8-0139",-0.0443315778112827
"chr8-0140",-0.0101677736044172
"chr8-0141",0.0404606794674451
"chr8-0142",-0.00563046293722782
"chr8-0143",0.0397429523855715
"chr8-0144",0.128102378727262
"chr8-0145",-0.0306913391058512
"chr8-0146",0.208831883369429
"chr8-0147",0.236483449030333
"chr8-0148",0.216846878482596
"chr8-0149",0.201481843430904
"chr8-0150",0.216998485017478
"chr8-0151",0.0239414228283961
"chr8-0152",-0.0812548357915224
"chr8-0153",0.00306663806629474
"chr8-0154",0.117269411627185
"chr8-0155",0.0896428458871991
"chr8-0156",0.032818282133522
"chr8-0157",0.0850902197286503
"chr8-0158",0.00262484369808721
"chr8-0159",0.0582370301741505
"chr8-0160",0.0223491699613658
"chr8-0161",0.0643870190118568
"chr8-0162",-0.0411132096518241
"chr8-0163",0.0590725576858659
"chr8-0164",0.198951169519581
"chr8-0165",0.0147926794378333
"chr8-0166",0.108223262404035
"chr8-0167",-0.0121567409151799
"chr8-0168",0.0276087367871888
"chr8-0169",0.0223414821990994
"chr8-0170",-0.0215280582344164
"chr8-0171",-0.0570287956163685
"chr8-0172",0.0696910535533664
"chr8-0173",0.0877827324746215
"chr8-0174",-0.0515916681349895
"chr8-0175",-0.105542646530547
"chr8-0176",0.176718676573409
"chr8-0177",0.0164237321137084
"chr8-0178",0.0759949283827374
"chr8-0179",-0.139329032874707
"chr8-0180",0.124570244709442
"chr8-0181",0.030517214580803
"chr8-0182",0.0650360798885747
"chr8-0183",0.150808556155406
"chr8-0184",0.280682334792073
"chr8-0185",-0.0286667229825691
"chr8-0186",-0.0314732449106853
"chr8-0187",-0.0201582158686592
"chr8-0188",0.0517443578814665
"chr8-0189",0.182057164918013
"chr8-0190",-0.0353027287748522
"chr8-0191",0.221632932313296
"chr8-0192",0.109860807926632
"chr8-0193",-0.0058976210667308
"chr8-0194",0.00975819837435222
"chr8-0195",-0.0207914389982495
"chr8-0196",-0.017109384660422
"chr8-0197",0.109372560989456
"chr8-0198",-0.129429775099163
"chr8-0199",-0.0430195514612169
"chr8-0200",0.0682767130660524
"chr8-0201",0.171110850849878
"chr8-0202",0.154448344940724
"chr8-0203",0.235338040539628
"chr8-0204",0.225020008921943
"chr8-0205",0.124753869027613
"chr8-0206",0.21384284500259
"chr8-0207",0.14242012106909
"chr8-0208",-0.162089211666948
"chr8-0209",-0.199624069296779
"chr8-0210",-0.0307211358117598
"chr8-0211",0.259800623148978
"chr8-0212",0.280345551867938
"chr8-0213",0.210493974672185
"chr8-0214",0.266893226291512
"chr8-0215",0.155642402396255
"chr8-0216",0.149689206019623
"chr8-0217",0.17087084213283
"chr8-0218",0.0857854903201536
"chr8-0219",0.0819661374495104
"chr8-0220",0.128854130492878
"chr8-0221",0.116789786605376
"chr8-0222",0.0454336905143265
"chr8-0223",-0.0206686166868457
"chr8-0224",-0.0917364606486867
"chr8-0225",-0.121633014805918
"chr8-0226",-0.0356871396945963
"chr8-0227",-0.0569122561926241
"chr8-0228",0.050141252443485
"chr8-0229",0.0102409327941539
"chr8-0230",0.0172926795407099
"chr8-0231",0.0147074424143018
"chr8-0232",0.0750375488017247
"chr8-0233",-0.0162392541962507
"chr8-0234",0.0453808090596444
"chr8-0235",0.0928521006795331
"chr8-0236",0.0241870838995699
"chr8-0237",0.0775400648052018
"chr8-0238",-0.018633180587326
"chr8-0239",0.000184505525011411
"chr8-0240",-0.0488051646334618
"chr8-0241",0.112481697375261
"chr8-0242",0.173924034695146
"chr8-0243",-0.135173273687776
"chr8-0244",0.00965165756780583
"chr8-0245",0.0719427640406475
"chr8-0246",0.0557547308583635
"chr8-0247",-0.0452271990018151
"chr8-0248",-0.0510249457505898
"chr8-0249",-0.0345197615131105
"chr8-0250",-0.0180196137600499
"chr8-0251",0.0426775566128653
"chr8-0252",0.228620080849737
"chr8-0253",0.0930814236717082
"chr8-0254",0.118950887298134
"chr8-0255",-0.0950447327940942
"chr8-0256",-0.0101299041477473
"chr8-0257",0.075231399890253
"chr8-0258",0.044586660576258
"chr8-0259",-0.0345280855035913
"chr8-0260",-0.0688981419026885
"chr8-0261",0.0702828458562633
"chr8-0262",-0.0339941035281224
"chr8-0263",0.0434364023510415
"chr8-0264",0.00692461945079801
"chr8-0265",0.0936601665251838
"chr8-0266",0.0628145479378084
"chr8-0267",0.0510655759259816
"chr8-0268",0.00621231384149365
"chr8-0269",0.0513349617075945
"chr8-0270",0.0641716463917199
"chr8-0271",0.081561488376933
"chr8-0272",0.161011734729406
"chr8-0273",0.0151848895005203
"chr8-0274",0.0652173867062087
"chr8-0275",0.0738666503836551
"chr8-0276",-0.0281713684391974
"chr8-0277",-0.14533358412146
"chr8-0278",-0.00479346922671343
"chr8-0279",0.0921928623618226
"chr8-0280",0.126694748598272
"chr8-0281",0.108933735740509
"chr8-0282",0.119106595594678
"chr8-0283",0.13898746021737
"chr8-0284",0.143063797568789
"chr8-0285",0.194662826100759
"chr8-0286",0.164893959038508
"chr8-0287",0.263153598609498
"chr8-0288",0.265246514489774
"chr8-0289",0.0385486180584054
"chr8-0290",0.0826027873121987
"chr8-0291",0.231816529542043
"chr8-0292",0.0547215221381886
"chr8-0293",0.129554782062698
"chr8-0294",0.273511883158987
"chr8-0295",0.21483932108202
"chr8-0296",0.163856729657977
"chr8-0297",-0.00458839825163858
"chr8-0298",-0.0201939059616663
"chr8-0299",0.064074020690753
"chr8-0300",0.162245000937767
"chr8-0301",-0.0916648411505512
"chr8-0302",0.251470399733215
"chr8-0303",-0.0162086530714101
"chr8-0304",-0.048270615133142
"chr8-0305",-0.113975757629177
"chr8-0306",0.0070761492091272
"chr8-0307",-0.021539861062266
"chr8-0308",0.0520910572051175
"chr8-0309",0.0857021317355024
"chr8-0310",0.142377864158893
"chr8-0311",0.131047223976326
"chr8-0312",0.205219712207901
"chr8-0313",0.021276571153136
"chr8-0314",-0.103249498324766
"chr8-0315",0.152817295896387
"chr8-0316",-0.0550303171439302
"chr8-0317",0.0503766388702549
"chr8-0318",0.108877114376031
"chr8-0319",0.0442435594629239
"chr8-0320",0.00826970340333112
"chr8-0321",0.120571940302347
"chr8-0322",0.312118421757805
"chr8-0323",0.125431985000438
"chr8-0324",-0.0164312163992313
"chr8-0325",-0.00912708510238861
"chr8-0326",0.459632934816696
"chr8-0327",0.138483629842254
"chr8-0328",0.13965309402372
"chr8-0329",0.120651753403469
"chr8-0330",0.132211976225691
"chr8-0331",0.17105925932918
"chr8-0332",0.0732253318017378
"chr8-0333",0.0986458528502859
"chr8-0334",0.0978742811643451
"chr8-0335",0.404966328921394
"chr8-0336",0.360974308312647
"chr8-0337",0.198270581578753
"chr8-0338",0.250707515646133
"chr8-0339",0.287731225110165
"chr8-0340",0.0641162633207791
"chr8-0341",0.076564482448792
"chr8-0342",0.0600815353587453
"chr8-0343",0.266090653535788
"chr8-0344",0.187628520638917
"chr8-0345",0.064993932396727
"chr8-0346",0.13013075413567
"chr8-0347",0.110341944971227
"chr8-0348",0.329403724613965
"chr8-0349",0.126231242639341
"chr8-0350",0.202761203526529
"chr8-0351",0.161454671082952
"chr8-0352",0.00645985228598039
"chr8-0353",0.113958148112665
"chr8-0354",0.161298191173356
"chr8-0355",0.0570231626297611
"chr8-0356",0.0628603228140325
"chr8-0357",0.282418327592539
"chr8-0358",0.0351298792533191
"chr8-0359",0.0185365052767377
"chr8-0360",0.336902901945173
"chr8-0361",0.214902875773315
"chr8-0362",-0.142458048919769
"chr8-0363",0.236548478328708
"chr8-0364",0.119046889457138
"chr8-0365",0.0327752659484117
"chr8-0366",0.0256032579687557
"chr8-0367",0.0794577211600114
"chr8-0368",0.0356633639931693
"chr8-0369",0.103082222819743
"chr8-0370",0.0124188398777573
"chr8-0371",0.0751718429316607
"chr8-0372",0.0496719971580606
"chr8-0373",-0.0508611191111156
"chr8-0374",0.0206484783273261
"chr8-0375",0.235537391899045
"chr8-0376",0.0954624293687049
"chr8-0377",0.122223924428801
"chr8-0378",0.15558890354754
"chr8-0379",0.103211003898326
"chr8-0380",0.0462627745767989
"chr8-0381",0.270396930028724
"chr8-0382",0.207027121375568
"chr8-0383",0.0113192981523727
"chr8-0384",0.183215756733036
"chr8-0385",0.188794731634109
"chr8-0386",-0.0472845528686104
"chr8-0387",-0.0648443090726902
"chr8-0388",0.233446186472088
"chr8-0389",0.369460469931782
"chr8-0390",0.336234987233503
"chr8-0391",0.0610303929340209
"chr8-0392",0.15509141101419
"chr8-0393",0.301781250538724
"chr8-0394",0.147024629441997
"chr8-0395",0.124632724468001
"chr8-0396",0.103221717293044
"chr8-0397",-0.013522893281106
"chr8-0398",0.193407152593964
"chr8-0399",0.103169533799563
"chr8-0400",0.0926681079461635
"chr8-0401",0.0139530580847971
"chr8-0402",0.0542949126675582
"chr8-0403",0.100729308102868
"chr8-0404",0.139079595139657
"chr8-0405",0.21033367974193
"chr8-0406",0.0820000426718935
"chr8-0407",-0.0533748787094284
"chr8-0408",-0.086476100018948
"chr8-0409",0.157398094242977
"chr8-0410",0.120232278869122
"chr8-0411",0.225278026303857
"chr8-0412",0.0966042696198863
"chr8-0413",0.0950499795845809
"chr8-0414",0.267521073635882
"chr8-0415",0.264708392128206
"chr8-0416",0.0937526761167456
"chr8-0417",0.23856199025646
"chr8-0418",0.276332851893864
"chr8-0419",0.199771252390611
"chr8-0420",0.383301200496589
"chr8-0421",0.197466277730476
"chr8-0422",0.160939620759672
"chr8-0423",0.15197801784997
"chr8-0424",0.167961668326126
"chr8-0425",-0.0101485854822544
"chr8-0426",0.244646613662203
"chr8-0427",0.0798447424765553
"chr8-0428",0.154513356588779
"chr8-0429",-0.184113159888835
"chr8-0430",0.0935885797796663
"chr8-0431",0.109577169253357
"chr8-0432",0.166198192086581
"chr8-0433",0.0936310536950204
"chr8-0434",0.278655189639402
"chr8-0435",0.166797776093637
"chr8-0436",0.276181846830259
"chr8-0437",0.100072512648724
"chr8-0438",0.180367310251382
"chr8-0439",0.0356662065856383
"chr8-0440",-0.00475491974005597
"chr8-0441",0.093436848754381
"chr8-0442",0.0955330436490002
"chr8-0443",0.110498673365731
"chr8-0444",0.110735456228578
"chr8-0445",0.260664134457599
"chr8-0446",0.0745041272029417
"chr8-0447",-0.0682343170328497
"chr8-0448",0.196149580539588
"chr8-0449",0.0584313909426694
"chr8-0450",0.233120831668128
"chr8-0451",0.140151852279116
"chr8-0452",0.140481365713178
"chr8-0453",0.116936277919227
"chr8-0454",-0.0324176039913369
"chr8-0455",0.180461443629199
"chr8-0456",0.124806168368721
"chr8-0457",0.139021162484908
"chr8-0458",0.0509380148239848
"chr8-0459",0.352919756821534
"chr8-0460",0.128279451668396
"chr8-0461",0.222002176153697
"chr8-0462",-0.00643658212557685
"chr8-0463",0.0875761766488582
"chr8-0464",0.245115144127055
"chr8-0465",0.188789930794992
"chr8-0466",0.0711909456895512
"chr8-0467",0.0727512541665032
"chr8-0468",0.257223216830183
"chr8-0469",0.185399612239662
"chr8-0470",0.257937361747376
"chr8-0471",0.364928136896942
"chr8-0472",0.15974570112947
"chr8-0473",0.261134071426919
"chr8-0474",0.063589265449217
"chr8-0475",0.00463481089451983
"chr8-0476",0.137510366812824
"chr8-0477",0.00641883285484895
"chr8-0478",0.119444049803389
"chr8-0479",0.156086056227167
"chr8-0480",0.0613297481513656
"chr8-0481",-0.134449021473955
"chr8-0482",-0.143770676905354
"chr8-0483",-0.0387685645231785
"chr8-0484",0.0593001360823659
"chr8-0485",0.0194164337999225
"chr8-0486",0.0932957451076757
"chr8-0487",0.155488575155542
"chr8-0488",0.0142583556122871
"chr8-0489",0.252049994292799
"chr8-0490",0.0889258182569868
"chr8-0491",0.0222645645692996
"chr8-0492",0.057083508712143
"chr8-0493",0.188003680429338
"chr8-0494",0.0118658490052453
"chr8-0495",0.345417180324978
"chr8-0496",0.0913363634064165
"chr8-0497",0.288798835515291
"chr8-0498",0.288606762410452
"chr8-0499",0.199215852235303
"chr8-0500",0.0613228089196387
"chr8-0501",0.0140717020757952
"chr8-0502",-0.122986640324709
"chr8-0503",-0.0248450672986742
"chr8-0504",0.00188670354113843
"chr8-0505",-0.123630060273686
"chr8-0506",-0.064319440828174
"chr8-0507",0.144533276165684
"chr8-0508",0.136558816071172
"chr8-0509",0.116365773244087
"chr8-0510",0.168023107657682
"chr8-0511",-0.141105324806784
"chr8-0512",0.0469496509538935
"chr8-0513",0.0143309827720075
"chr8-0514",0.262930907489212
"chr8-0515",0.15038384113176
"chr8-0516",0.0927209804858219
"chr8-0517",0.17923912514954
"chr8-0518",0.062470017000275
"chr8-0519",0.0562042042060001
"chr8-0520",-0.0147687969946089
"chr8-0521",-0.0664314892029225
"chr8-0522",0.0312948600037475
"chr8-0523",0.0169099713907481
"chr8-0524",0.0651999146335998
"chr8-0525",0.031589866672567
"chr8-0526",0.069152047980918
"chr8-0527",0.14578283900614
"chr8-0528",0.169574249802842
"chr8-0529",0.105988703243425
"chr8-0530",0.103060385600777
"chr8-0531",0.132196768634578
"chr8-0532",0.259025280099446
"chr8-0533",0.101021142136425
"chr8-0534",0.134444536817322
"chr8-0535",0.189831768461486
"chr8-0536",0.123592676828542
"chr8-0537",0.0318808628960062
"chr8-0538",0.0595400717926037
"chr8-0539",0.0881054926943497
"chr8-0540",0.0394677600105875
"chr8-0541",0.0142104595720426
"chr8-0542",0.0988389091968841
"chr8-0543",-0.0339254535074686
"chr8-0544",0.197186047610798
"chr8-0545",0.00980851985893374
"chr8-0546",0.187557381647577
"chr8-0547",0.0282752349998625
"chr8-0548",0.0993383168275004
"chr8-0549",0.26216063326949
"chr8-0550",0.102931325217726
"chr8-0551",0.202889898155923
"chr8-0552",0.117440416802833
"chr8-0553",0.307163671697634
"chr8-0554",0.209471407923087
"chr8-0555",0.206882380012312
"chr8-0556",0.190148120412505
"chr8-0557",0.140549301774962
"chr8-0558",0.103418319535135
"chr8-0559",0.148647638900585
"chr8-0560",0.165074377409323
"chr8-0561",-0.106016499021279
"chr8-0562",0.317787848670608
"chr8-0563",0.247658437988567
"chr8-0564",0.31220654856888
"chr8-0565",0.237813862571833
"chr8-0566",0.0411812790030804
"chr8-0567",0.0158192688137506
"chr8-0568",0.116502410561583
"chr8-0569",0.103458340229722
"chr8-0570",0.281386411528918
"chr8-0571",-0.0572851573982056
"chr8-0572",0.211008467001468
"chr8-0573",0.0760339509516325
"chr8-0574",-0.0562103696023298
"chr8-0575",0.337280827468823
"chr8-0576",0.171337123835355
"chr8-0577",0.203834470948252
"chr8-0578",0.239705350303216
"chr8-0579",0.0642091961557901
"chr8-0580",0.0866204891765113
"chr8-0581",0.319347136206726
"chr8-0582",0.28699588898612
"chr8-0583",0.266101566265957
"chr8-0584",0.305346024766095
"chr8-0585",0.237901002698342
"chr8-0586",0.222664185308169
"chr8-0587",0.0441858766625381
"chr8-0588",0.140933535019802
"chr8-0589",0.0619757688385335
"chr8-0590",0.173545384524881
"chr8-0591",0.0288551225084361
"chr8-0592",0.186479379377184
"chr8-0593",0.264880598487401
"chr8-0594",0.224532204707594
"chr8-0595",0.230211495030024
"chr8-0596",0.218013071398697
"chr8-0597",0.195534030744451
"chr8-0598",0.270652658935193
"chr8-0599",0.0867108721324803
"chr8-0600",0.0108904754290555
"chr8-0601",0.393939695861152
"chr8-0602",0.129157760635157
"chr8-0603",0.234707361724821
"chr8-0604",0.140090463492342
"chr8-0605",-0.0103960023267142
"chr8-0606",0.184987913081596
"chr8-0607",0.176541790600745
"chr8-0608",-0.14468947801347
"chr8-0609",-0.0018117233102851
"chr8-0610",0.0662098836924526
"chr8-0611",0.102582066196812
"chr8-0612",0.149568839002417
"chr8-0613",0.179895558424116
"chr8-0614",0.218974140723292
"chr8-0615",0.192318871019125
"chr8-0616",0.369449573258011
"chr8-0617",0.257775021435994
"chr8-0618",0.0810552830431223
"chr8-0619",0.162725775459539
"chr8-0620",0.295874570754105
"chr8-0621",0.153730974259195
"chr8-0622",0.264120729415371
"chr8-0623",0.0729083967250846
"chr8-0624",0.113530066773601
"chr8-0625",0.164793183864625
"chr8-0626",-0.0371582375574717
"chr8-0627",-0.0484260288659245
"chr8-0628",0.0486823597056263
"chr8-0629",-0.0184945948438505
"chr8-0630",-0.0671292632072124
"chr8-0631",0.121054649812296
"chr8-0632",0.13353498451688
"chr8-0633",0.122080103391521
"chr8-0634",0.161908012237162
"chr8-0635",0.135378189231726
"chr8-0636",0.180182887150641
"chr8-0637",0.137897715830343
"chr8-0638",0.115762613031246
"chr8-0639",0.0476036550125586
"chr8-0640",0.0685763617227586
"chr8-0641",0.145888806380109
"chr8-0642",0.160545451575738
"chr8-0643",0.153709547838526
"chr8-0644",0.0532571245592613
"chr8-0645",-0.0451687287437708
"chr8-0646",0.177219022421173
"chr8-0647",0.178838989897029
"chr8-0648",0.0214459244718629
"chr8-0649",-0.0552157988932461
"chr8-0650",0.136098475986814
"chr8-0651",0.178215934607921
"chr8-0652",0.204987558134956
"chr8-0653",0.174149480940152
"chr8-0654",0.182689520030143
"chr8-0655",0.0260786824188612
"chr8-0656",0.0237158677803608
"chr8-0657",0.177878282102953
"chr8-0658",0.187326655886861
"chr8-0659",0.228787584712657
"chr8-0660",0.157059338780163
"chr8-0661",0.303756817430411
"chr8-0662",0.0742812504702415
"chr8-0663",0.0803718710170884
"chr8-0664",0.165931454795061
"chr8-0665",0.0404552155239996
"chr8-0666",-0.037778509254797
"chr8-0667",-0.0312475445524952
"chr8-0668",0.0853673603882965
"chr8-0669",0.18390354082217
"chr8-0670",0.201792342159303
"chr8-0671",0.144042487801565
"chr8-0672",0.210748009290041
"chr8-0673",0.286184722662232
"chr8-0674",0.26579535133078
"chr8-0675",0.221103816614639
"chr8-0676",0.277308959610888
"chr8-0677",0.172137606814681
"chr8-0678",0.195001476491322
"chr8-0679",0.287823481769644
"chr8-0680",0.161824617270298
"chr8-0681",-0.104624021691212
"chr8-0682",0.0842611451411082
"chr8-0683",0.0868754729565603
"chr8-0684",0.180556574338491
"chr8-0685",0.198054222989706
"chr8-0686",0.154919508645028
"chr8-0687",0.113215760880578
"chr8-0688",0.136562625893313
"chr8-0689",0.127001912218993
"chr8-0690",0.112998337637373
"chr8-0691",0.112456913535262
"chr8-0692",0.118827292178041
"chr8-0693",0.0360040162504392
"chr8-0694",0.0612877784666122
"chr8-0695",-0.00637886977679097
"chr8-0696",0.255704523043108
"chr8-0697",0.190233250882638
"chr8-0698",0.126179941205634
"chr8-0699",0.164360353413488
"chr8-0700",0.124727815169853
"chr8-0701",0.0600210997053043
"chr8-0702",0.0789613700302748
"chr8-0703",0.0447357805011151
"chr8-0704",0.0221822204293169
"chr8-0705",0.161455219255546
"chr8-0706",-0.00975297200378033
"chr8-0707",0.2698568424286
"chr8-0708",0.151448653814426
"chr8-0709",0.0298950811897802
"chr8-0710",0.0538907494257376
"chr8-0711",0.0348665405811772
"chr8-0712",0.108094939985599
"chr8-0713",0.105773356699204
"chr8-0714",0.0947504776352847
"chr8-0715",0.185014310094134
"chr8-0716",0.183834605674662
"chr8-0717",0.126982017475536
"chr8-0718",-0.0766093635990207
"chr8-0719",0.0658801839591895
"chr8-0720",-0.015915097138921
"chr8-0721",0.0316854374013973
"chr8-0722",-0.00779943925346762
"chr8-0723",0.0080705328334032
"chr8-0724",-0.0158460301593677
"chr8-0725",-0.0383355029831411
"chr8-0726",0.0326407872826724
"chr8-0727",0.0902983967464366
"chr8-0728",0.0484024723274463
"chr8-0729",0.0835851644883248
"chr8-0730",0.0320602606284502
"chr8-0731",0.0603043265763803
"chr8-0732",-0.208795009975851
"chr8-0733",0.0154549767964299
"chr8-0734",-0.0679329284654768
"chr8-0735",0.206983561355598
"chr8-0736",0.143939312480723
"chr8-0737",0.118789460191363
"chr8-0738",0.013345096214776
"chr8-0739",0.0430069666212439
"chr8-0740",0.0801186479935239
"chr8-0741",0.0171932774554423
"chr8-0742",-0.0129849723112265
"chr8-0743",-0.0856282737913605
"chr8-0744",-0.00524828645541415
"chr8-0745",-0.0940078388674083
"chr8-0746",0.0841131746711698
"chr8-0747",-0.00568420626141124
"chr8-0748",-0.0719961549508686
"chr8-0749",-0.0705807794956471
"chr8-0750",-0.0841511088749275
"chr8-0751",-0.0115995367617761
"chr8-0752",-0.07088902291698
"chr8-0753",-0.0813276705429384
"chr8-0754",0.00668433999659122
"chr8-0755",-0.0460741113259316
"chr8-0756",0.0355986342367329
"chr8-0757",-0.0763668978838369
"chr8-0758",-0.0979141344069658
"chr8-0759",0.00328572177665524
"chr8-0760",-0.00565000465111308
"chr8-0761",-0.0328446158875056
"chr8-0762",-0.0248644353008504
"chr8-0763",-0.0178533070605703
"chr8-0764",-0.0957135944879206
"chr8-0765",-0.0250696461476136
"chr8-0766",0.0194259610517411
"chr8-0767",0.0452239485635365
"chr8-0768",-0.0644206830079199
"chr8-0769",-0.0214444281355855
"chr8-0770",0.0281450690549752
"chr8-0771",0.0213013908813837
"chr8-0772",-0.0381843229019781
"chr8-0773",0.0271799794660313
"chr8-0774",-0.005967380154569
"chr8-0775",-0.1121603176384
"chr8-0776",0.0107261380608597
"chr8-0777",-0.117102409806201
"chr8-0778",-0.0805129480930956
"chr9-0001",0.0905534662615399
"chr9-0002",0.128661018417283
"chr9-0003",0.0433714269023446
"chr9-0004",0.106302126925892
"chr9-0005",0.0630498986540832
"chr9-0006",-0.248842792731167
"chr9-0007",-0.0305908422468297
"chr9-0008",0.0711115636164197
"chr9-0009",0.181374353872703
"chr9-0010",0.0571449202495096
"chr9-0011",0.271884469314647
"chr9-0012",0.128902497321935
"chr9-0013",0.0988980014434992
"chr9-0014",0.151831728068218
"chr9-0015",0.290094726275308
"chr9-0016",0.312403320504756
"chr9-0017",0.231164604238381
"chr9-0018",0.0372697829833716
"chr9-0019",0.247843496037264
"chr9-0020",0.0388212008377141
"chr9-0021",0.0419988951361203
"chr9-0022",0.00863522069514204
"chr9-0023",0.133325088983843
"chr9-0024",0.137080936473111
"chr9-0025",0.0795723391347963
"chr9-0026",0.318448248994997
"chr9-0027",0.182674218937701
"chr9-0028",0.136339297549291
"chr9-0029",0.0795142162983773
"chr9-0030",0.0425841435328952
"chr9-0031",0.0443416266826318
"chr9-0032",0.174470859898557
"chr9-0033",-0.0509737082271677
"chr9-0034",0.186319550418925
"chr9-0035",-0.146676454712503
"chr9-0036",-0.106068893222303
"chr9-0037",0.232820199072974
"chr9-0038",0.199339110676773
"chr9-0039",0.162808226158675
"chr9-0040",0.00619670766819473
"chr9-0041",0.244957372961017
"chr9-0042",0.155189738571703
"chr9-0043",0.229329760994308
"chr9-0044",0.199506817046817
"chr9-0045",0.33813546129053
"chr9-0046",0.134837052387395
"chr9-0047",0.32353976696507
"chr9-0048",0.277540503607081
"chr9-0049",0.18623761005911
"chr9-0050",0.138770159402117
"chr9-0051",0.263676938981744
"chr9-0052",0.20636509941583
"chr9-0053",0.0635556657129465
"chr9-0054",0.0617945667863074
"chr9-0055",-0.0537097919116343
"chr9-0056",0.0786332033267415
"chr9-0057",0.104362999692947
"chr9-0058",0.268704105382916
"chr9-0059",0.22978940416656
"chr9-0060",0.218275503049512
"chr9-0061",0.130826294363512
"chr9-0062",0.204692863422528
"chr9-0063",0.195626010397154
"chr9-0064",0.20781930679535
"chr9-0065",0.0044518954158023
"chr9-0066",-0.228294930738949
"chr9-0067",-0.111419443312517
"chr9-0068",-0.00332190144853599
"chr9-0069",-0.00561797797159962
"chr9-0070",0.168025863094565
"chr9-0071",0.28563922841315
"chr9-0072",0.0783873880613333
"chr9-0073",0.138427592133169
"chr9-0074",0.160528532147896
"chr9-0075",0.200816251577573
"chr9-0076",0.0636424800595892
"chr9-0077",0.0952708601745919
"chr9-0078",0.129505105984915
"chr9-0079",0.123623965197454
"chr9-0080",0.178910351074702
"chr9-0081",0.247727789579645
"chr9-0082",0.00501462421805677
"chr9-0083",0.216333427168877
"chr9-0084",0.181999889420328
"chr9-0085",0.0425337462010827
"chr9-0086",0.165694540841348
"chr9-0087",0.149080937108117
"chr9-0088",0.185828946126364
"chr9-0089",0.180888769963145
"chr9-0090",0.181097619610975
"chr9-0091",0.227037207755389
"chr9-0092",0.125539580024921
"chr9-0093",-0.00476462106626418
"chr9-0094",0.0268296717837733
"chr9-0095",-0.0834102735591927
"chr9-0096",0.0331254298603742
"chr9-0097",-0.081750314747526
"chr9-0098",-0.00341067729746944
"chr9-0099",-0.055909649032334
"chr9-0100",-0.00393275010901219
"chr9-0101",0.0204340503532979
"chr9-0102",0.10638270399886
"chr9-0103",-0.0306139601127471
"chr9-0104",0.0327127518275751
"chr9-0105",-0.181070628317352
"chr9-0106",-0.0725741781225758
"chr9-0107",0.0022686584099859
"chr9-0108",-0.0291832519342986
"chr9-0109",-0.0180176292539575
"chr9-0110",-0.0445777612002761
"chr9-0111",0.0195130471023574
"chr9-0112",-0.00344111124974382
"chr9-0113",0.0202073759834979
"chr9-0114",-0.000616075942808538
"chr9-0115",0.0467571193778238
"chr9-0116",-0.075544356721294
"chr9-0117",0.0384644409276422
"chr9-0118",0.010967537762074
"chr9-0119",0.0432207474804338
"chr9-0120",0.123523957186642
"chr9-0121",-0.0366726609115607
"chr9-0122",-0.0322735963773876
"chr9-0123",0.230725475446964
"chr9-0124",-0.0429034742989796
"chr9-0125",-0.0142440318935169
"chr9-0126",0.00983760828941403
"chr9-0127",-0.0133848467125955
"chr9-0128",0.069075283222587
"chr9-0129",0.0945422082053922
"chr9-0130",0.00951275152995616
"chr9-0131",-0.0117118046741271
"chr9-0132",-0.0577689518654545
"chr9-0133",-0.0410355185849577
"chr9-0134",-0.175860235681043
"chr9-0135",0.0715592764288584
"chr9-0136",0.130778473369485
"chr9-0137",0.0815064703876202
"chr9-0138",0.039270585588449
"chr9-0139",0.096282248831866
"chr9-0140",-0.0929614230514841
"chr9-0141",-0.0407215536131702
"chr9-0142",0.0270004489792795
"chr9-0143",0.0603566913460165
"chr9-0144",-0.0767995569287926
"chr9-0145",-0.121910622269927
"chr9-0146",0.0481310257141952
"chr9-0147",0.0227788245963283
"chr9-0148",0.139025000027804
"chr9-0149",0.125876828752444
"chr9-0150",0.129441501372138
"chr9-0151",-0.0603644907330302
"chr9-0152",-0.003469369807232
"chr9-0153",0.0620675024275107
"chr9-0154",-0.0749182161751683
"chr9-0155",0.0642480030674324
"chr9-0156",0.11054021536548
"chr9-0157",0.0483662373825047
"chr9-0158",0.0966595080310298
"chr9-0159",-0.044388870713116
"chr9-0160",-0.0272957950119969
"chr9-0161",0.0462451843366966
"chr9-0162",0.173406455615727
"chr9-0163",0.244487963959317
"chr9-0164",0.234062856367841
"chr9-0165",0.188086003732468
"chr9-0166",0.0599981856939085
"chr9-0167",-0.00937237133621562
"chr9-0168",-0.00137256280779199
"chr9-0169",0.0524401525301525
"chr9-0170",0.0690571912608764
"chr9-0171",0.0334993719461167
"chr9-0172",0.217720158015278
"chr9-0173",0.215649480598354
"chr9-0174",0.156172870760676
"chr9-0175",0.186965997060683
"chr9-0176",-0.154865403439446
"chr9-0177",-0.0121507249231255
"chr9-0178",0.0221485285505286
"chr9-0179",0.151037520409292
"chr9-0180",-0.102938733069403
"chr9-0181",0.0286043914479262
"chr9-0182",0.0803439428227837
"chr9-0183",0.0313603885294966
"chr9-0184",-0.0117358737964715
"chr9-0185",0.169396731648451
"chr9-0186",0.236677025084462
"chr9-0187",0.264464924016677
"chr9-0188",0.145861900902414
"chr9-0189",0.0204935049697366
"chr9-0190",0.108607366593103
"chr9-0191",0.223367554865099
"chr9-0192",0.0813656779874286
"chr9-0193",0.0656241350064104
"chr9-0194",0.228157205713797
"chr9-0195",0.244504303315884
"chr9-0196",0.224654817321774
"chr9-0197",0.262967281947771
"chr9-0198",0.153168803367409
"chr9-0199",0.108881596320609
"chr9-0200",0.253363755119096
"chr9-0201",0.113085215486502
"chr9-0202",0.12045194973853
"chr9-0203",0.0943011896963523
"chr9-0204",0.13696933134516
"chr9-0205",-0.106950196190863
"chr9-0206",0.279792365748977
"chr9-0207",-0.00533996781030978
"chr9-0208",0.129832253533548
"chr9-0209",0.154128449751758
"chr9-0210",0.0725919561003701
"chr9-0211",0.153880044810165
"chr9-0212",0.107824641151998
"chr9-0213",-0.0567272029297187
"chr9-0214",0.10200438884805
"chr9-0215",0.0497705735000301
"chr9-0216",0.219495576012172
"chr9-0217",0.135494554109166
"chr9-0218",0.166089048666679
"chr9-0219",0.0241587585987503
"chr9-0220",0.0677506171716268
"chr9-0221",0.0884395104277309
"chr9-0222",0.0912852943677496
"chr9-0223",0.042786248906036
"chr9-0224",-0.047196318222214
"chr9-0225",-0.0168813213261199
"chr9-0226",0.147475391894571
"chr9-0227",0.149215674086055
"chr9-0228",0.271292993263549
"chr9-0229",0.12321139955461
"chr9-0230",0.20881007852051
"chr9-0231",0.0502386079066956
"chr9-0232",0.0289165049410156
"chr9-0233",0.0044411318582908
"chr9-0234",-0.0516151172781128
"chr9-0235",0.0874462695051285
"chr9-0236",0.108631756944341
"chr9-0237",0.155381985800172
"chr9-0238",0.175692516630089
"chr9-0239",0.105109930696649
"chr9-0240",0.0900412823532447
"chr9-0241",0.130932334807573
"chr9-0242",0.0534097357444085
"chr9-0243",0.0842944245277857
"chr9-0244",0.162217870708235
"chr9-0245",0.0901836994297825
"chr9-0246",0.0747487709842421
"chr9-0247",-0.0479209989876883
"chr9-0248",-0.0355248912487628
"chr9-0249",0.163219331398709
"chr9-0250",0.131443921631455
"chr9-0251",0.0169850429964038
"chr9-0252",0.0232190888029905
"chr9-0253",-0.0446189078390843
"chr9-0254",-0.0943882769242735
"chr9-0255",-0.0107236169014388
"chr9-0256",-0.146372569958153
"chr9-0257",-0.0569951664642118
"chr9-0258",-0.0431843875147914
"chr9-0259",0.120518884516699
"chr9-0260",0.118375933591112
"chr9-0261",0.0379111690550722
"chr9-0262",0.00848011742523439
"chr9-0263",-0.0550808816503839
"chr9-0264",0.103395791568226
"chr9-0265",-0.000791264657806526
"chr9-0266",-0.0756788378776734
"chr9-0267",0.0100388471611996
"chr9-0268",0.00954243375837716
"chr9-0269",0.0738336082632554
"chr9-0270",0.0485348384457863
"chr9-0271",0.15944210833698
"chr9-0272",0.186002373078364
"chr9-0273",0.17673799961404
"chr9-0274",0.217711131473531
"chr9-0275",0.047378002596354
"chr9-0276",0.13386881057078
"chr9-0277",0.0995646995169831
"chr9-0278",0.181018137986751
"chr9-0279",0.238014974599854
"chr9-0280",0.0399732472464395
"chr9-0281",0.0985097942189395
"chr9-0282",0.0383607736019905
"chr9-0283",0.207424971871474
"chr9-0284",0.0282160538631525
"chr9-0285",0.206892749399306
"chr9-0286",-0.0107271626788556
"chr9-0287",-0.0421094425447412
"chr9-0288",0.0215461770859742
"chr9-0289",-0.0796758897781061
"chr9-0290",-0.0619805332658027
"chr9-0291",-0.014394860551973
"chr9-0292",0.022938791943723
"chr9-0293",0.162443796072805
"chr9-0294",0.0426653843439234
"chr9-0295",0.0887508895819342
"chr9-0296",0.0515180232886805
"chr9-0297",-0.0509964331763828
"chr9-0298",0.0142237822776422
"chr9-0299",-0.110416806816635
"chr9-0300",-0.0627953655905982
"chr9-0301",0.0322442352903714
"chr9-0302",0.135812511347834
"chr9-0303",0.0183202799251957
"chr9-0304",0.00181493999825372
"chr9-0305",0.148315514210657
"chr9-0306",0.0552144069387529
"chr9-0307",0.134912618203931
"chr9-0308",0.209783530191612
"chr9-0309",-0.00669112141014643
"chr9-0310",0.15199204195046
"chr9-0311",0.35589834656879
"chr9-0312",0.0651535869642927
"chr9-0313",0.132897282952254
"chr9-0314",0.149943053421681
"chr9-0315",0.0912955071367247
"chr9-0316",0.0436735903666647
"chr9-0317",-0.0301525516523519
"chr9-0318",0.154377996581003
"chr9-0319",0.154728454789236
"chr9-0320",0.00746313754224888
"chr9-0321",0.0897705126302306
"chr9-0322",0.0861858453855156
"chr9-0323",0.155078197628908
"chr9-0324",0.234430449697145
"chr9-0325",-0.0247369192260005
"chr9-0326",0.00598158731112812
"chr9-0327",0.0435522127080925
"chr9-0328",0.101635569139578
"chr9-0329",0.0100290494340006
"chr9-0330",0.167388677745763
"chr9-0331",0.0608525177729309
"chr9-0332",-0.0726877111870656
"chr9-0333",0.0573249750648106
"chr9-0334",0.136708260849541
"chr9-0335",0.141977389622403
"chr9-0336",0.0734888805219135
"chr9-0337",0.275147554790532
"chr9-0338",0.0171109405118261
"chr9-0339",-0.0678407635032824
"chr9-0340",0.169577023360377
"chr9-0341",0.224564766107002
"chr9-0342",0.156784945888243
"chr9-0343",-0.0601926726875837
"chr9-0344",0.0213183200856614
"chr9-0345",0.116827520442026
"chr9-0346",0.057191396300667
"chr9-0347",-0.0153746643635642
"chr9-0348",0.0281933254104816
"chr9-0349",0.0906966366625278
"chr9-0350",0.0995065101785738
"chr9-0351",0.213856810369407
"chr9-0352",0.180326935655135
"chr9-0353",-0.0435135071886079
"chr9-0354",0.125141433040866
"chr9-0355",0.213527665098759
"chr9-0356",0.207661448920774
"chr9-0357",0.099894692628556
"chr9-0358",-0.0473755642734301
"chr9-0359",-0.0226614907400234
"chr9-0360",0.0481869243853586
"chr9-0361",0.0321755062733473
"chr9-0362",-0.0100689108486752
"chr9-0363",-0.0703886120512137
"chr9-0364",0.0448417207287335
"chr9-0365",0.103119237682805
"chr9-0366",-0.055706448487478
"chr9-0367",0.0144191159639865
"chr9-0368",-0.0460563669825005
"chr9-0369",0.0933574571609213
"chr9-0370",-0.0551537902876464
"chr9-0371",-0.162555355802088
"chr9-0372",-0.0943222926505778
"chr9-0373",0.0627361945527277
"chr9-0374",0.0696044960203466
"chr9-0375",0.122430145045484
"chr9-0376",0.0046689738310724
"chr9-0377",-0.021362483002396
"chr9-0378",-0.0431283403181372
"chr9-0379",0.0287823199956142
"chr9-0380",-0.0047425930931966
"chr9-0381",-0.0379871658514559
"chr9-0382",0.0173953987026583
"chr9-0383",0.0907700548545224
"chr9-0384",0.301105178157973
"chr9-0385",0.110661267517509
"chr9-0386",-0.00845940925145189
"chr9-0387",0.239883562186808
"chr9-0388",0.223973119284272
"chr9-0389",0.093817534083941
"chr9-0390",0.055617211579506
"chr9-0391",0.0730687419327105
"chr9-0392",0.171449317159012
"chr9-0393",0.112174697032058
"chr9-0394",0.246892048486101
"chr9-0395",0.166334997560142
"chr9-0396",0.181876405479504
"chr9-0397",0.0329973311279123
"chr9-0398",0.115088717173759
"chr9-0399",0.0943362038955912
"chr9-0400",-0.0364218327312579
"chr9-0401",0.0734655923942233
"chr9-0402",-0.0196647644372833
"chr9-0403",0.105373256250663
"chr9-0404",0.0169529959234201
"chr9-0405",0.190638888320639
"chr9-0406",0.0525952354187409
"chr9-0407",0.0143924462120463
"chr9-0408",-0.110381116591874
"chr9-0409",-0.0469920139215752
"chr9-0410",0.0989417112627642
"chr9-0411",0.02677294431825
"chr9-0412",0.0570836901214573
"chr9-0413",-0.00808207035377489
"chr9-0414",0.0141524317770944
"chr9-0415",-0.00928475515368036
"chr9-0416",0.0127199955222365
"chr9-0417",0.130523427357398
"chr9-0418",-0.0484160728568808
"chr9-0419",-0.0147124741052749
"chr9-0420",-0.112545897687019
"chr9-0421",0.164584142965957
"chr9-0422",0.114928059292982
"chr9-0423",-0.0931042606048462
"chr9-0424",0.119534973554878
"chr9-0425",0.241410458562881
"chr9-0426",0.176718062981604
"chr9-0427",0.130459172748771
"chr9-0428",0.0191482622088983
"chr9-0429",-0.0716777625187506
"chr9-0430",0.0136175085781919
"chr9-0431",0.00629865032423471
"chr9-0432",-0.028834422264712
"chr9-0433",0.00408369971222073
"chr9-0434",0.161397494861829
"chr9-0435",-0.0680384174148886
"chr9-0436",-0.0491916042704028
"chr9-0437",-0.102575549410533
"chr9-0438",-0.0137863959674017
"chr9-0439",-0.178059954676346
"chr9-0440",0.0139637204714912
"chr9-0441",0.147571277418699
"chr9-0442",0.188222402547387
"chr9-0443",0.196079867064496
"chr9-0444",0.0393656765826135
"chr9-0445",0.102702509818151
"chr9-0446",0.0240253593729752
"chr9-0447",0.00157355302713152
"chr9-0448",0.0378089408290682
"chr9-0449",0.0756410874642014
"chr9-0450",0.143526363278321
"chr9-0451",-0.0846084442325623
"chr9-0452",-0.066002913872043
"chr9-0453",-0.0559838320787979
"chr9-0454",0.0147102746307451
"chr9-0455",0.0608988964950513
"chr9-0456",0.0905818359400477
"chr9-0457",0.0500234462944656
"chr9-0458",0.0933989587622021
"chr9-0459",0.0195070931399101
"chr9-0460",-0.0791421888492435
"chr9-0461",-0.0987044362322985
"chr9-0462",-0.0711868915505491
"chr9-0463",-0.0948868092279928
"chr9-0464",-0.100565936349538
"chr9-0465",-0.0377344609279733
"chr9-0466",-0.0415483799606707
"chr9-0467",-0.0602185483849594
"chr9-0468",-0.0456576192028138
"chr9-0469",-0.120521046109157
"chr9-0470",-0.0763030184450876
"chr9-0471",0.137307906652019
"chr9-0472",-0.0483134603065411
"chr9-0473",-0.129041976863311
"chr9-0474",-0.109529221816744
"chr9-0475",-0.042482766111935
"chr9-0476",-0.0950385066793067
"chr9-0477",-0.041815197340458
"chr9-0478",-0.0880578498532789
"chr9-0479",-0.0584352339119507
"chr9-0480",-0.0592172768517739
"chr9-0481",-0.084615764822041
"chr9-0482",-0.0651784060465818
"chr9-0483",-0.125929831367904
"chr9-0484",-0.0322524209183015
"chr9-0485",-0.0324616871230605
"chr9-0486",-0.135496193008857
"chr9-0487",-0.0444064767898796
"chr9-0488",-0.0362690106946821
"chr9-0489",-0.0666329674482261
"chr9-0490",-0.100798081663944
"chr9-0491",-0.0569171647666431
"chr9-0492",-0.0496001985592685
"chr9-0493",-0.0180830665467169
"chr9-0494",0.0928044987358607
"chr9-0495",0.0109160833394856
"chr9-0496",-0.16351663265089
"chr9-0497",0.0127354662262707
"chr9-0498",-0.0669081397859614
"chr9-0499",-0.14110242612504
"chr9-0500",-0.0249330842164189
"chr9-0501",0.013363191196959
"chr9-0502",0.16572754658548
"chr9-0503",0.00785536448330854
"chr9-0504",0.0198189513435061
"chr9-0505",0.15641791138109
"chr9-0506",-0.0749431625389276
"chr9-0507",0.0511754328850128
"chr9-0508",-0.0741976861780758
"chr9-0509",-0.0394498050813858
"chr9-0510",-0.0312671636028304
"chr9-0511",0.0148685713107304
"chr9-0512",-0.097923971060957
"chr9-0513",-0.0679058695769974
"chr9-0514",-0.0906194429539284
"chr9-0515",-0.176512885290824
"chr9-0516",-0.0294033611855102
"chr9-0517",-0.108601770004989
"chr9-0518",-0.0646787422452257
"chr9-0519",-0.0997129617474584
"chr9-0520",-0.107361948059283
"chr9-0521",-0.0475330215643487
"chr9-0522",-0.080363334771146
"chr9-0523",0.0684020702054927
"chr9-0524",-0.0366186515066726
"chr9-0525",-0.040418968742491
"chr9-0526",-0.0227381427855964
"chr9-0527",-0.0971962637402462
"chr9-0528",-0.00686693835236026
"chr9-0529",-0.0201201556081843
"chr9-0530",0.0318857310021392
"chr9-0531",0.0508030590073581
"chr9-0532",-0.00781099533250149
"chr9-0533",0.0120600657069428
"chr9-0534",-0.0233533625690693
"chr9-0535",0.00657702787574157
"chr9-0536",-0.0589502065962425
"chr9-0537",-0.0652105843309594
"chr9-0538",-0.0129291294865698
"chr9-0539",-0.0783384945093685
"chr9-0540",-0.029844980407493
"chr9-0541",-0.170390730991954
"chr9-0542",-0.0989074987776577
"chr9-0543",0.089916174510062
"chr9-0544",0.000423910232222061
"chr9-0545",0.0137143441060326
"chr9-0546",-0.108070490936705
"chr9-0547",0.0109336872588221
"chr9-0548",-0.0178764178237933
"chr9-0549",-0.00578463927812713
"chr9-0550",0.00758975443357128
"chr9-0551",0.0050754038103873
"chr9-0552",-0.0918719300386375
"chr9-0553",-0.0129189746440344
"chr9-0554",-0.0279361937636412
"chr9-0555",-0.0585141518345365
"chr9-0556",-0.041380099903701
"chr9-0557",-0.0451206752297291
"chr9-0558",-0.0289731209639437
"chr9-0559",-0.0551852599814196
"chr9-0560",-0.0489500625388164
"chr9-0561",-0.048632925524833
"chr9-0562",0.0551576809094534
"chr9-0563",-0.00193591034954648
"chr9-0564",0.0617625489275355
"chr9-0565",-0.0423683743177902
"chr9-0566",0.00733937154830525
"chrX-0001",0.360642985734395
"chrX-0002",0.28329617221699
"chrX-0003",0.449384435343806
"chrX-0004",0.353773839886365
"chrX-0005",0.29899415962051
"chrX-0006",0.240521177612278
"chrX-0007",0.389360185377327
"chrX-0008",0.669166723320491
"chrX-0009",0.468923757862095
"chrX-0010",0.48086533917503
"chrX-0011",0.412393716532458
"chrX-0012",0.555416779334406
"chrX-0013",0.484255079167293
"chrX-0014",0.408879571583367
"chrX-0015",0.381993454722092
"chrX-0016",0.461488220775023
"chrX-0017",0.473009267284264
"chrX-0018",0.401728030051139
"chrX-0019",0.443084070017208
"chrX-0020",0.398355809009744
"chrX-0021",0.587074922195403
"chrX-0022",0.570702597591708
"chrX-0023",0.602256556905121
"chrX-0024",0.732057220472945
"chrX-0025",0.774798692375307
"chrX-0026",0.614131965170092
"chrX-0027",0.697367973602149
"chrX-0028",0.705889932896468
"chrX-0029",0.530340485654685
"chrX-0030",0.63356152726245
"chrX-0031",0.629768196491038
"chrX-0032",0.635267936096991
"chrX-0033",0.553144354682335
"chrX-0034",0.549009722820461
"chrX-0035",0.541160810926907
"chrX-0036",0.445367236738836
"chrX-0037",0.384231851799813
"chrX-0038",0.672765977941423
"chrX-0039",0.443774996960481
"chrX-0040",0.566607933863509
"chrX-0041",0.710474154721296
"chrX-0042",0.646481271624868
"chrX-0043",0.4121271539154
"chrX-0044",0.544950529323362
"chrX-0045",0.516424485856142
"chrX-0046",0.257759964282329
"chrX-0047",0.550588089001423
"chrX-0048",0.473152141903674
"chrX-0049",0.247492726948517
"chrX-0050",0.476331634460607
"chrX-0051",0.528445976870404
"chrX-0052",0.649079884393741
"chrX-0053",0.520773042727103
"chrX-0054",0.534666253389781
"chrX-0055",0.524999124960382
"chrX-0056",0.313515203116637
"chrX-0057",0.38588628591324
"chrX-0058",0.413082918087095
"chrX-0059",0.532269660422602
"chrX-0060",0.434156797405399
"chrX-0061",0.44616424903517
"chrX-0062",0.398833333575664
"chrX-0063",0.461693497145036
"chrX-0064",0.58863153730853
"chrX-0065",0.507603537421785
"chrX-0066",0.514861270736916
"chrX-0067",0.558649513249225
"chrX-0068",0.598047665067103
"chrX-0069",0.656472027091442
"chrX-0070",0.388243521575007
"chrX-0071",0.496456872583923
"chrX-0072",0.648918909883531
"chrX-0073",0.676465498177265
"chrX-0074",0.598669896977594
"chrX-0075",0.800049414456985
"chrX-0076",0.666415633144253
"chrX-0077",0.565337297849902
"chrX-0078",0.559914639455827
"chrX-0079",0.585875393897279
"chrX-0080",0.614838468076856
"chrX-0081",0.586255189127301
"chrX-0082",0.395709913509871
"chrX-0083",0.653100738491051
"chrX-0084",0.164561436583769
"chrX-0085",0.410952142848998
"chrX-0086",0.256916825990547
"chrX-0087",0.461833074652404
"chrX-0088",0.530169040687816
"chrX-0089",0.481761711819836
"chrX-0090",0.529267798386379
"chrX-0091",0.474839961565088
"chrX-0092",0.585776098648743
"chrX-0093",0.417056684836569
"chrX-0094",0.564023312225424
"chrX-0095",0.649450661392523
"chrX-0096",0.382952571564067
"chrX-0097",0.640284963285423
"chrX-0098",0.447617949111933
"chrX-0099",0.492766818560606
"chrX-0100",0.509158661237407
"chrX-0101",0.640327130840093
"chrX-0102",0.667003129332659
"chrX-0103",0.66971999377091
"chrX-0104",0.6308663266341
"chrX-0105",0.531452947013232
"chrX-0106",0.365977423687161
"chrX-0107",0.62382332976494
"chrX-0108",0.461847716681924
"chrX-0109",0.579173191495355
"chrX-0110",0.465648646517156
"chrX-0111",0.648168032338856
"chrX-0112",0.678543775159948
"chrX-0113",0.506546164066943
"chrX-0114",0.504659935464325
"chrX-0115",0.538517294352337
"chrX-0116",0.503839293060708
"chrX-0117",0.566647442209337
"chrX-0118",0.614997713274667
"chrX-0119",0.598609865680365
"chrX-0120",0.432566692711623
"chrX-0121",0.545464238012624
"chrX-0122",0.486875406763793
"chrX-0123",0.37608591202692
"chrX-0124",0.457739802495503
"chrX-0125",0.409857104571731
"chrX-0126",0.403444910269451
"chrX-0127",0.411036971555542
"chrX-0128",0.332967494350788
"chrX-0129",0.424456178069506
"chrX-0130",0.408734237746778
"chrX-0131",0.453205114227986
"chrX-0132",0.558643955506806
"chrX-0133",0.189023755769029
"chrX-0134",0.251148700582753
"chrX-0135",0.501390715413873
"chrX-0136",0.692223104096521
"chrX-0137",0.609190387733674
"chrX-0138",0.488691717044132
"chrX-0139",0.648246177284946
"chrX-0140",0.685328304151136
"chrX-0141",0.348439491707708
"chrX-0142",0.276319675907783
"chrX-0143",0.290869863876513
"chrX-0144",0.541131083890996
"chrX-0145",0.433984211869293
"chrX-0146",0.634453347844658
"chrX-0147",0.550340413343534
"chrX-0148",0.626329968179001
"chrX-0149",0.515896572023226
"chrX-0150",0.58105435716054
"chrX-0151",0.688819479651138
"chrX-0152",0.48791195990305
"chrX-0153",0.387611109881388
"chrX-0154",0.412218706655243
"chrX-0155",0.426134904304332
"chrX-0156",0.322221362782267
"chrX-0157",0.218275915219694
"chrX-0158",0.447739685861491
"chrX-0159",0.433430827693479
"chrX-0160",0.511128150732208
"chrX-0161",0.551962853630582
"chrX-0162",0.421526879511478
"chrX-0163",0.127742136748649
"chrX-0164",0.127461361573224
"chrX-0165",0.396143231597418
"chrX-0166",0.395926294476803
"chrX-0167",0.330041030638003
"chrX-0168",0.281137929319298
"chrX-0169",0.437400343766929
"chrX-0170",0.465398770292815
"chrX-0171",0.359872207675724
"chrX-0172",0.333567704019202
"chrX-0173",0.344270319624499
"chrX-0174",0.195418461886237
"chrX-0175",0.498229297460796
"chrX-0176",0.509306371136677
"chrX-0177",0.521674249702768
"chrX-0178",0.530843288988984
"chrX-0179",0.406896012553683
"chrX-0180",0.374283623762603
"chrX-0181",0.418041814834382
"chrX-0182",0.389577378954833
"chrX-0183",0.439511444454104
"chrX-0184",0.381162177560265
"chrX-0185",0.335684170170899
"chrX-0186",0.480352848035586
"chrX-0187",0.369209944820713
"chrX-0188",0.42997785650061
"chrX-0189",0.235738099365026
"chrX-0190",0.439206310392524
"chrX-0191",0.63258493882619
"chrX-0192",0.397354370319721
"chrX-0193",0.525777478618717
"chrX-0194",0.375486914791164
"chrX-0195",0.473709029137689
"chrX-0196",0.451131323681641
"chrX-0197",0.432591572796153
"chrX-0198",0.405793043033663
"chrX-0199",0.529320150321539
"chrX-0200",0.714416606963549
"chrX-0201",0.428229977059805
"chrX-0202",0.755988485067046
"chrX-0203",0.560435075156781
"chrX-0204",0.713639800070343
"chrX-0205",0.59969454216336
"chrX-0206",0.502956917503915
"chrX-0207",0.840557712188253
"chrX-0208",0.502414637783049
"chrX-0209",0.484645140025954
"chrX-0210",0.600165956537397
"chrX-0211",0.468262101620394
"chrX-0212",0.497123624072541
"chrX-0213",0.321624391024005
"chrX-0214",0.438493931098953
"chrX-0215",0.565932740954214
"chrX-0216",0.477966507244337
"chrX-0217",0.566416487052208
"chrX-0218",0.53283371157923
"chrX-0219",0.513802951360057
"chrX-0220",0.239728225917667
"chrX-0221",0.377984225307941
"chrX-0222",0.349357158020621
"chrX-0223",0.367072660200822
"chrX-0224",0.165112742358555
"chrX-0225",0.406708841665084
"chrX-0226",0.517493438520678
"chrX-0227",0.750935544447906
"chrX-0228",0.209578013714068
"chrX-0229",0.437284492705762
"chrX-0230",0.481733154950422
"chrX-0231",0.394757415905619
"chrX-0232",0.403499618669172
"chrX-0233",0.48926096614635
"chrX-0234",0.335712019402142
"chrX-0235",0.332192446764014
"chrX-0236",0.311818950797424
"chrX-0237",0.197464835664509
"chrX-0238",0.492096569981547
"chrX-0239",0.296739256639209
"chrX-0240",0.56007419124646
"chrX-0241",0.592777919861725
"chrX-0242",0.523903936684718
"chrX-0243",0.234009398649137
"chrX-0244",0.316259604745634
"chrX-0245",0.48957840855413
"chrX-0246",0.433576492146589
"chrX-0247",0.482643726245771
"chrX-0248",0.396378719706635
"chrX-0249",0.450507998923256
"chrX-0250",0.289237608798083
"chrX-0251",0.436904047337505
"chrX-0252",0.639037940174869
"chrX-0253",0.605518915403505
"chrX-0254",0.477338106558358
"chrX-0255",0.427204828057351
"chrX-0256",0.51907924706763
"chrX-0257",0.369426706590964
"chrX-0258",0.360329751715057
"chrX-0259",0.465976156514105
"chrX-0260",0.483739258336309
"chrX-0261",0.508280731519539
"chrX-0262",0.514080952008872
"chrX-0263",0.578398342076436
"chrX-0264",0.469298699366834
"chrX-0265",0.637264041029153
"chrX-0266",0.4109688319747
"chrX-0267",0.5788464312986
"chrX-0268",0.374523888561566
"chrX-0269",0.62378236038484
"chrX-0270",0.478469363130915
"chrX-0271",0.4072576885753
"chrX-0272",-0.0602649033152339
"chrX-0273",0.210753165494802
"chrX-0274",0.146930770456378
"chrX-0275",0.359636895182147
"chrX-0276",0.49588444634622
"chrX-0277",0.533035702854132
"chrX-0278",0.566000212563111
"chrX-0279",0.380886983604959
"chrX-0280",0.56762193540547
"chrX-0281",0.370325046882038
"chrX-0282",0.464409969092824
"chrX-0283",0.371427161402332
"chrX-0284",0.491991206603258
"chrX-0285",0.46198304367616
"chrX-0286",0.496472217329067
"chrX-0287",0.465849627592182
"chrX-0288",0.516241233576044
"chrX-0289",0.558896357015187
"chrX-0290",0.432152959572175
"chrX-0291",0.313780174555962
"chrX-0292",0.418409602925023
"chrX-0293",0.61121225077077
"chrX-0294",0.478968365042049
"chrX-0295",0.445756801051135
"chrX-0296",0.400024220610983
"chrX-0297",0.459961973133436
"chrX-0298",0.369822545394385
"chrX-0299",0.564921323290701
"chrX-0300",0.58788931605649
"chrX-0301",0.462552896916354
"chrX-0302",0.684676980788608
"chrX-0303",0.596354910965471
"chrX-0304",0.487882646185574
"chrX-0305",0.553464481397618
"chrX-0306",0.456357967583087
"chrX-0307",0.453610136892317
"chrX-0308",0.447695958845746
"chrX-0309",0.395950350748547
"chrX-0310",0.331512823891746
"chrX-0311",0.508155839535672
"chrX-0312",0.400754983804444
"chrX-0313",0.39046446763581
"chrX-0314",0.492019494105957
"chrX-0315",0.35004432485453
"chrX-0316",0.501661105789034
"chrX-0317",0.510162970462953
"chrX-0318",0.786582604533623
"chrX-0319",0.456600290660992
"chrX-0320",0.487129079624287
"chrX-0321",0.384570387608594
"chrX-0322",0.861945037068891
"chrX-0323",0.558306114631123
"chrX-0324",0.489664600773075
"chrX-0325",0.475909155056844
"chrX-0326",0.579402882434223
"chrX-0327",0.406440421166542
"chrX-0328",0.433768087644415
"chrX-0329",0.477862562687751
"chrX-0330",0.442940191389248
"chrX-0331",0.424028114998865
"chrX-0332",0.420614342898735
"chrX-0333",0.458376690505127
"chrX-0334",0.400487940796838
"chrX-0335",0.539187813038568
"chrX-0336",0.396093548740199
"chrX-0337",0.50783856315802
"chrX-0338",0.661282887461357
"chrX-0339",0.766398075901112
"chrX-0340",0.43303038736941
"chrX-0341",0.344370834689469
"chrX-0342",0.453839193572362
"chrX-0343",0.516297630205137
"chrX-0344",0.455515761294738
"chrX-0345",0.445230854465384
"chrX-0346",0.325893875733997
"chrX-0347",0.550070664791999
"chrX-0348",0.37696412241841
"chrX-0349",0.156443857784691
"chrX-0350",0.442177030108319
"chrX-0351",0.300381845107565
"chrX-0352",0.375965445057273
"chrX-0353",0.62387814219114
"chrX-0354",0.451953514107094
"chrX-0355",0.619141885328885
"chrX-0356",0.494501208840598
"chrX-0357",0.545461856816055
"chrX-0358",0.584631593789326
"chrX-0359",0.0896389823573506
"chrX-0360",0.399601080781216
"chrX-0361",0.469712594301896
"chrX-0362",0.466454960475265
"chrX-0363",0.458827097260085
"chrX-0364",0.390923251908703
"chrX-0365",0.431187056365757
"chrX-0366",0.46648019910982
"chrX-0367",0.370188709005921
"chrX-0368",0.540233878519676
"chrX-0369",0.438871658052908
"chrX-0370",0.398684732116758
"chrX-0371",0.477789520863361
"chrX-0372",0.354894844921297
"chrX-0373",0.388173581792431
"chrX-0374",0.713232818593059
"chrX-0375",0.443336095912896
"chrX-0376",0.507593155176088
"chrX-0377",0.590299789054475
"chrX-0378",0.412456628833738
"chrX-0379",0.688925745530986
"chrX-0380",0.595838537473335
"chrX-0381",0.630502394822261
"chrX-0382",0.450676342358106
"chrX-0383",0.422882808167712
"chrX-0384",0.47631846921338
"chrX-0385",0.608771890857117
"chrX-0386",0.567772166216488
"chrX-0387",0.413503029063478
"chrX-0388",0.510438977828245
"chrX-0389",0.48973386999234
"chrX-0390",0.463875678518046
"chrX-0391",0.454644415240097
"chrX-0392",0.347146388303417
"chrX-0393",0.582811583068943
"chrX-0394",0.311607990057321
"chrX-0395",0.515861778967981
"chrX-0396",0.406109269507899
"chrX-0397",0.279612524893149
"chrX-0398",0.283199724526731
"chrX-0399",0.625230315196813
"chrX-0400",0.590635760476961
"chrX-0401",0.485877785285496
"chrX-0402",0.865917285239061
"chrX-0403",0.422195780917236
"chrX-0404",0.726236201241142
"chrX-0405",0.714181797895131
"chrX-0406",0.458303041773863
"chrX-0407",0.465295875933363
"chrX-0408",0.456076513661907
"chrX-0409",0.428448977104582
"chrX-0410",0.613093937897414
"chrX-0411",0.557647000252576
"chrX-0412",0.50530272209471
"chrX-0413",0.573444304273771
"chrX-0414",0.474528426587591
"chrX-0415",0.578035872222155
"chrX-0416",0.308471278887499
"chrX-0417",0.464418301923514
"chrX-0418",0.489704364646165
"chrX-0419",0.379895680265493
"chrX-0420",0.517079380956357
"chrX-0421",0.322630867781703
"chrX-0422",0.554824788916451
"chrX-0423",0.624774518129948
"chrX-0424",0.41110489668385
"chrX-0425",0.672766449578718
"chrX-0426",0.495317372425763
"chrX-0427",0.499571651364682
"chrX-0428",0.476147831573273
"chrX-0429",0.517305013520092
"chrX-0430",0.421479397447701
"chrX-0431",0.596337099493559
"chrX-0432",0.642530372901718
"chrX-0433",0.591690311732169
"chrX-0434",0.335022267699211
"chrX-0435",0.482089345890135
"chrX-0436",0.465521885276073
"chrX-0437",0.509667443436166
"chrX-0438",0.372560314855885
"chrX-0439",0.479226360202606
"chrX-0440",0.418252408719092
"chrX-0441",0.484058132791049
"chrX-0442",0.349048207944148
"chrX-0443",0.412465879438204
"chrX-0444",0.380990145358545
"chrX-0445",0.500417106537945
"chrX-0446",0.30305767005108
"chrX-0447",0.429979001934326
"chrX-0448",0.332647251438866
"chrX-0449",0.26690915974003
"chrX-0450",0.217508045763842
"chrX-0451",0.331747706095702
"chrX-0452",0.193358314228675
"chrX-0453",0.242998321866984
"chrX-0454",0.387386248572417
"chrX-0455",0.238013838781421
"chrX-0456",0.303843731260781
"chrX-0457",0.45196865131396
"chrX-0458",0.338054639480341
"chrX-0459",0.420339717880059
"chrX-0460",0.489455642622376
"chrX-0461",0.572880235684229
"chrX-0462",0.479223185580392
"chrX-0463",0.491233156881782
"chrY-0001",-3.76154228526325
"chrY-0002",-0.46939516101708
"chrY-0003",-4.5786698580894
"chrY-0004",-4.05066992395335
"chrY-0005",-3.78081600022147
"chrY-0006",-4.77436649167314
"chrY-0007",-3.92372111387442
"chrY-0008",-0.323462995104118
"chrY-0009",-1.68462458541001
"chrY-0010",-4.09433860602632
"chrY-0011",-3.81501895526952
"chrY-0012",-4.02314339899414
"chrY-0013",-3.63564688878352
"chrY-0014",-4.13660910902339
"chrY-0015",-4.20495513136304
"chrY-0016",-3.70928033615794
"chrY-0017",-3.67946329759321
"chrY-0018",-4.29218276929626
