"","value"
"chr1-0001",-0.0866623213092979
"chr1-0002",-0.17045687352273
"chr1-0003",-0.204336088116076
"chr1-0004",-0.278398703981656
"chr1-0005",-0.340295451682951
"chr1-0006",-0.242828117872763
"chr1-0007",-0.35495927490514
"chr1-0008",-0.271062995472594
"chr1-0009",-0.132160885273181
"chr1-0010",-0.191703884489677
"chr1-0011",-0.319400997853895
"chr1-0012",-0.196203406912084
"chr1-0013",-0.188471400485704
"chr1-0014",-0.217103050773597
"chr1-0015",-0.248246968959952
"chr1-0016",-0.643895222917511
"chr1-0017",-0.335825300434817
"chr1-0018",-0.391779342298087
"chr1-0019",-0.395993128488838
"chr1-0020",-0.445315200913789
"chr1-0021",-0.219225781731509
"chr1-0022",-0.255251248613762
"chr1-0023",-0.255970859407248
"chr1-0024",-0.306061156727511
"chr1-0025",-0.245093940264658
"chr1-0026",-0.408809572085208
"chr1-0027",-0.447420617266374
"chr1-0028",-0.541472978491106
"chr1-0029",-0.329835398280651
"chr1-0030",-0.374120338300243
"chr1-0031",-0.279306037822902
"chr1-0032",-0.323383524054377
"chr1-0033",-0.36119774135622
"chr1-0034",-0.414291804774592
"chr1-0035",-0.331579869272016
"chr1-0036",-0.294881434176922
"chr1-0037",-0.317901178527568
"chr1-0038",-0.473322779523033
"chr1-0039",-0.216514970848297
"chr1-0040",-0.373938671210564
"chr1-0041",-0.359391934429691
"chr1-0042",-0.349886954417523
"chr1-0043",-0.447477802810185
"chr1-0044",-0.657640307692415
"chr1-0045",-0.496339084482295
"chr1-0046",-0.604087357141142
"chr1-0047",-0.794344564346638
"chr1-0048",-0.295277889719389
"chr1-0049",-0.628986692594209
"chr1-0050",-0.58270232903978
"chr1-0051",-0.542301900361193
"chr1-0052",-0.609595373947663
"chr1-0053",-0.693713165745838
"chr1-0054",-0.260394297204471
"chr1-0055",-0.22972372102474
"chr1-0056",-0.445595254240438
"chr1-0057",-0.40619053879952
"chr1-0058",-0.369429759844609
"chr1-0059",-0.355694643415556
"chr1-0060",-0.501443230925869
"chr1-0061",-0.324808926813321
"chr1-0062",-0.3079938189734
"chr1-0063",-0.19248836521421
"chr1-0064",-0.183125688152521
"chr1-0065",-0.370772902699411
"chr1-0066",-0.416571569797195
"chr1-0067",-0.328746386444426
"chr1-0068",-0.379106682116969
"chr1-0069",-0.557948532412331
"chr1-0070",-0.453235974139109
"chr1-0071",-0.576749398072315
"chr1-0072",-0.371370243016544
"chr1-0073",-0.276692071441168
"chr1-0074",-0.441524546822042
"chr1-0075",-0.491720984332577
"chr1-0076",-0.221342029942633
"chr1-0077",-0.137260023950452
"chr1-0078",-0.397377435694325
"chr1-0079",-0.848572055776436
"chr1-0080",-0.435172778287629
"chr1-0081",-0.61914208549668
"chr1-0082",-0.409811449244004
"chr1-0083",-0.364651498149728
"chr1-0084",-0.403443186875671
"chr1-0085",-0.254581007190953
"chr1-0086",-0.243263152548105
"chr1-0087",-0.342460020836009
"chr1-0088",-0.569745082519063
"chr1-0089",-0.406454685636329
"chr1-0090",-0.363172863153993
"chr1-0091",-0.406751199886926
"chr1-0092",-0.574718738889507
"chr1-0093",-0.437729952590468
"chr1-0094",-0.360501845154229
"chr1-0095",-0.505238720582646
"chr1-0096",-0.189231442781497
"chr1-0097",-0.20223024685041
"chr1-0098",-0.548629763152729
"chr1-0099",-0.643905438264584
"chr1-0100",-0.281613935076492
"chr1-0101",-0.54826474913189
"chr1-0102",-0.407258148459186
"chr1-0103",-0.19518138600987
"chr1-0104",-0.28182279730697
"chr1-0105",-0.31339863440566
"chr1-0106",-0.352765834836497
"chr1-0107",-0.709581041447186
"chr1-0108",-0.197553250605488
"chr1-0109",-0.485790137441421
"chr1-0110",-0.317491972014087
"chr1-0111",-0.50172611673659
"chr1-0112",-0.562946629721963
"chr1-0113",-0.26510688124172
"chr1-0114",-0.304554440740968
"chr1-0115",-0.330141696166272
"chr1-0116",-0.382129508307141
"chr1-0117",-0.457932249404293
"chr1-0118",-0.482819348283139
"chr1-0119",-0.418027100689675
"chr1-0120",-0.57243603372513
"chr1-0121",-0.417014093784925
"chr1-0122",-0.498997806413682
"chr1-0123",-0.544809720284676
"chr1-0124",-0.680581329786117
"chr1-0125",-0.401156138410304
"chr1-0126",-0.522052322235758
"chr1-0127",-0.297209015765659
"chr1-0128",-0.457773536511908
"chr1-0129",-0.32363583241637
"chr1-0130",-0.495510483605751
"chr1-0131",-0.287011917090995
"chr1-0132",-0.451725707380555
"chr1-0133",-0.565741638916737
"chr1-0134",-0.504571411427392
"chr1-0135",-0.488787961576072
"chr1-0136",-0.469499896048966
"chr1-0137",-0.298562209196841
"chr1-0138",-0.211174209176051
"chr1-0139",-0.23072552645731
"chr1-0140",-0.775025223057042
"chr1-0141",-0.867843525978799
"chr1-0142",-0.622497390029058
"chr1-0143",-0.420853629835085
"chr1-0144",-0.442435514253521
"chr1-0145",-0.337180093966811
"chr1-0146",-0.323738610774133
"chr1-0147",-0.388061290549202
"chr1-0148",-0.479464673847904
"chr1-0149",-0.947227568866058
"chr1-0150",-0.534245205026877
"chr1-0151",-0.555348920280407
"chr1-0152",-0.567708257921404
"chr1-0153",-0.462250771110383
"chr1-0154",-0.349268056933153
"chr1-0155",-0.449028252287616
"chr1-0156",-0.463685477756772
"chr1-0157",-0.274790998386184
"chr1-0158",-0.304536223515187
"chr1-0159",-0.485086565218574
"chr1-0160",-0.435646659687939
"chr1-0161",-0.204452416417812
"chr1-0162",-0.360565990178341
"chr1-0163",-0.428385033825359
"chr1-0164",-0.302959487138864
"chr1-0165",-0.408204561860525
"chr1-0166",-0.209915119784885
"chr1-0167",-0.19385529066033
"chr1-0168",-0.311125300914243
"chr1-0169",-0.39605190114211
"chr1-0170",-0.276153430900846
"chr1-0171",-0.330967333229618
"chr1-0172",-0.436512043360575
"chr1-0173",-0.328013002836517
"chr1-0174",-0.110662413357618
"chr1-0175",-0.0472322357743922
"chr1-0176",-0.0598879769404292
"chr1-0177",-0.0320888510783774
"chr1-0178",-0.219751346073031
"chr1-0179",-0.384407381862806
"chr1-0180",-0.2419277444014
"chr1-0181",-0.433533242508875
"chr1-0182",-0.460643671461098
"chr1-0183",-0.499629712581695
"chr1-0184",-0.436667249227924
"chr1-0185",-0.61809972655343
"chr1-0186",-0.330827793856233
"chr1-0187",-0.452909955275114
"chr1-0188",-0.216784894190423
"chr1-0189",-0.316200770119283
"chr1-0190",-0.451842270244784
"chr1-0191",-0.857620326470374
"chr1-0192",-0.398620123761882
"chr1-0193",-0.460748292677634
"chr1-0194",-0.528491333552252
"chr1-0195",-0.233304741606824
"chr1-0196",-0.704253284345292
"chr1-0197",-0.421267453117854
"chr1-0198",-0.560497942753766
"chr1-0199",-0.55697393093413
"chr1-0200",-0.254720905633963
"chr1-0201",-0.158834205782785
"chr1-0202",-0.28403405946247
"chr1-0203",-0.32393224431698
"chr1-0204",-0.424428745000124
"chr1-0205",-0.315299833607993
"chr1-0206",-0.294804954292494
"chr1-0207",-0.287837933933584
"chr1-0208",-0.250001423635151
"chr1-0209",-0.427449860862029
"chr1-0210",-0.265316425831729
"chr1-0211",-0.450940477848099
"chr1-0212",-0.379172877126595
"chr1-0213",-0.805169883217332
"chr1-0214",-0.547918600287381
"chr1-0215",-0.426458774155675
"chr1-0216",-0.529630816605056
"chr1-0217",-0.421253999231996
"chr1-0218",-0.307029371554114
"chr1-0219",-0.700266410926844
"chr1-0220",-0.412542385135587
"chr1-0221",-0.593672358330134
"chr1-0222",-0.360519772377918
"chr1-0223",-0.280680101762132
"chr1-0224",-0.375808422817354
"chr1-0225",-0.262673736393574
"chr1-0226",-0.544993342282747
"chr1-0227",-0.222217543657847
"chr1-0228",-0.378088257729354
"chr1-0229",-0.261854730598696
"chr1-0230",-0.260359340723795
"chr1-0231",-0.352894875699261
"chr1-0232",-0.461811136787767
"chr1-0233",-0.306611441980423
"chr1-0234",-0.474935906958657
"chr1-0235",-0.460902030307314
"chr1-0236",-0.358193431359767
"chr1-0237",-0.34632658361861
"chr1-0238",-0.369992582642748
"chr1-0239",-0.552513917118901
"chr1-0240",-0.458735477981364
"chr1-0241",-0.450484502759702
"chr1-0242",-0.507344338054325
"chr1-0243",-0.594737999934146
"chr1-0244",-0.515008056950787
"chr1-0245",-0.35605033864133
"chr1-0246",-0.355697341676207
"chr1-0247",-0.37254146137292
"chr1-0248",-0.443104294392479
"chr1-0249",-0.274338251313931
"chr1-0250",-0.363997060470197
"chr1-0251",-0.34605412877353
"chr1-0252",-0.690055325035114
"chr1-0253",-0.43701716270839
"chr1-0254",-0.569334519647483
"chr1-0255",-0.226922300975571
"chr1-0256",-0.363664833679574
"chr1-0257",-0.363467279232042
"chr1-0258",-0.359723895445839
"chr1-0259",-0.64419308375279
"chr1-0260",-0.452920464045589
"chr1-0261",-0.288505181801149
"chr1-0262",-0.400794973995478
"chr1-0263",-0.177763340925856
"chr1-0264",-0.544824087786595
"chr1-0265",-0.339214320192078
"chr1-0266",-0.355884818064359
"chr1-0267",-0.311682716378781
"chr1-0268",-0.325727917190379
"chr1-0269",-0.458097828592792
"chr1-0270",-0.546555284197287
"chr1-0271",-0.29682866187792
"chr1-0272",-0.481832102041461
"chr1-0273",-0.323333382525065
"chr1-0274",-0.250455095521394
"chr1-0275",-0.3929620512531
"chr1-0276",-0.61032981665989
"chr1-0277",-0.564397193500651
"chr1-0278",-0.377324925472018
"chr1-0279",-0.564370653130906
"chr1-0280",-0.584179849712577
"chr1-0281",-0.251513791494185
"chr1-0282",-0.309157667606662
"chr1-0283",-0.188210469727702
"chr1-0284",-0.425030549317905
"chr1-0285",-0.286610027816877
"chr1-0286",-0.282713350476074
"chr1-0287",-0.290130455200882
"chr1-0288",-0.413641198534203
"chr1-0289",-0.356456107872277
"chr1-0290",-0.357890265394943
"chr1-0291",-0.513251106595212
"chr1-0292",-0.269034313971074
"chr1-0293",-0.547786695026733
"chr1-0294",-0.350876519863425
"chr1-0295",-0.269960328087885
"chr1-0296",-0.53157353562379
"chr1-0297",-0.179818334484929
"chr1-0298",-0.565872465367339
"chr1-0299",-0.254013844665172
"chr1-0300",-0.317683308460693
"chr1-0301",-0.510379671086038
"chr1-0302",-0.379967745120783
"chr1-0303",-0.270023008194321
"chr1-0304",-0.474463114725504
"chr1-0305",-0.298170803128209
"chr1-0306",-0.238551940589314
"chr1-0307",-0.211784640922054
"chr1-0308",-0.37725340906677
"chr1-0309",-0.205427478354103
"chr1-0310",-0.362910986137366
"chr1-0311",-0.0118503111403555
"chr1-0312",-0.369207777729364
"chr1-0313",-0.375733219629082
"chr1-0314",-0.439873684699881
"chr1-0315",-0.475665538950026
"chr1-0316",-0.55799941788137
"chr1-0317",-0.333624132297809
"chr1-0318",-0.76282616038592
"chr1-0319",-0.417098066831434
"chr1-0320",-0.672261136944984
"chr1-0321",-0.495693328215273
"chr1-0322",-0.53022109267257
"chr1-0323",-0.57900920837386
"chr1-0324",-0.472426901915971
"chr1-0325",-0.638559688387785
"chr1-0326",-0.48694788007436
"chr1-0327",-0.374811898707885
"chr1-0328",-0.355036955301203
"chr1-0329",-0.396350511628165
"chr1-0330",-0.578369613804599
"chr1-0331",-0.679660361503576
"chr1-0332",-0.375639637248746
"chr1-0333",-0.461400953796958
"chr1-0334",-0.557608428031407
"chr1-0335",-0.471881949807374
"chr1-0336",-0.510972756640575
"chr1-0337",-0.386892440846946
"chr1-0338",-0.68301739360276
"chr1-0339",-0.420640440276171
"chr1-0340",-0.171470814419389
"chr1-0341",-0.401376525373062
"chr1-0342",-0.362383281390905
"chr1-0343",-0.272950886209524
"chr1-0344",-0.688016701645755
"chr1-0345",-0.328109128870995
"chr1-0346",-0.421601406771039
"chr1-0347",-0.629292843675738
"chr1-0348",-0.283810668507712
"chr1-0349",-0.227625703994245
"chr1-0350",-0.811164502813588
"chr1-0351",-0.79510456511002
"chr1-0352",-0.268899854239866
"chr1-0353",-0.216266622075363
"chr1-0354",-0.148310398836413
"chr1-0355",-0.372917959493208
"chr1-0356",-0.435216667256999
"chr1-0357",-0.336562412459723
"chr1-0358",-0.379610137852337
"chr1-0359",-0.546452408024738
"chr1-0360",-0.293578250070854
"chr1-0361",-0.624201222571509
"chr1-0362",-0.284735609834772
"chr1-0363",-0.528617574392956
"chr1-0364",-0.448253691887499
"chr1-0365",-0.335921993802448
"chr1-0366",-0.245399094367161
"chr1-0367",-0.312141694080843
"chr1-0368",-0.400844425009761
"chr1-0369",-0.266002122039038
"chr1-0370",-0.481659768073487
"chr1-0371",-0.370060206960073
"chr1-0372",-0.35669820807694
"chr1-0373",-0.467104140036919
"chr1-0374",-0.242414684364453
"chr1-0375",-0.321027452222305
"chr1-0376",-0.340453049263658
"chr1-0377",-0.423332745378884
"chr1-0378",-0.492972498209835
"chr1-0379",-0.482705554167217
"chr1-0380",-0.369383926564005
"chr1-0381",-0.270735261325945
"chr1-0382",-0.504359522040114
"chr1-0383",-0.363401762414389
"chr1-0384",-0.471934711993012
"chr1-0385",-0.356591546292281
"chr1-0386",-0.3951307198692
"chr1-0387",-0.470830519195937
"chr1-0388",-0.192597918874297
"chr1-0389",-0.615364185434571
"chr1-0390",-0.395939054518825
"chr1-0391",-0.370553168361978
"chr1-0392",-0.206396492553493
"chr1-0393",-0.353733972760502
"chr1-0394",-0.238897470035374
"chr1-0395",-0.505484289532622
"chr1-0396",-0.296272847658199
"chr1-0397",-0.233795787149076
"chr1-0398",-0.271505385634003
"chr1-0399",-0.569550923746447
"chr1-0400",-0.515070537904178
"chr1-0401",-0.715553178260476
"chr1-0402",-0.553341627099646
"chr1-0403",-0.444610128215364
"chr1-0404",-0.585647244526704
"chr1-0405",-0.475575104800179
"chr1-0406",-0.328215050150986
"chr1-0407",-0.246904519398677
"chr1-0408",-0.479035687812962
"chr1-0409",-0.411914206857074
"chr1-0410",-0.577251258714202
"chr1-0411",-0.310688711280216
"chr1-0412",-0.448868800720444
"chr1-0413",-0.288125577560614
"chr1-0414",-0.288111652677353
"chr1-0415",-0.524196607304494
"chr1-0416",-0.642792846494439
"chr1-0417",-0.681365909720374
"chr1-0418",-0.848541212680212
"chr1-0419",-0.222682347068934
"chr1-0420",0.122786370860653
"chr1-0421",0.205289462199204
"chr1-0422",0.28302491234229
"chr1-0423",0.287034788078283
"chr1-0424",0.252163312549958
"chr1-0425",0.375481415624312
"chr1-0426",0.496762263146804
"chr1-0427",0.475401340781977
"chr1-0428",0.537412594236578
"chr1-0429",0.286895669248014
"chr1-0430",0.272687160301553
"chr1-0431",0.375259813252544
"chr1-0432",0.283067771384316
"chr1-0433",0.259212410334633
"chr1-0434",0.224669449243876
"chr1-0435",0.32503902954005
"chr1-0436",0.213044606555265
"chr1-0437",0.259556721704504
"chr1-0438",0.251771853130196
"chr1-0439",0.462461138244043
"chr1-0440",0.342284421662572
"chr1-0441",0.163791565578514
"chr1-0442",0.34586211257154
"chr1-0443",0.285231060638296
"chr1-0444",0.242569859725521
"chr1-0445",0.346275521423321
"chr1-0446",0.36743708978224
"chr1-0447",0.249736907043912
"chr1-0448",0.0810471095530358
"chr1-0449",0.310027986906643
"chr1-0450",0.509767676867465
"chr1-0451",0.510987366820804
"chr1-0452",0.285348115311794
"chr1-0453",0.247955066358895
"chr1-0454",0.316688578092556
"chr1-0455",0.254980706354269
"chr1-0456",0.359310587811014
"chr1-0457",0.317084886460371
"chr1-0458",0.414891833972024
"chr1-0459",0.424716517868902
"chr1-0460",0.369201705142785
"chr1-0461",0.259999871012084
"chr1-0462",0.337532371273992
"chr1-0463",0.306174561336484
"chr1-0464",0.312060915597044
"chr1-0465",0.291460648451309
"chr1-0466",0.260573667573493
"chr1-0467",0.295932653931137
"chr1-0468",0.323926349112973
"chr1-0469",0.349532837684148
"chr1-0470",0.199952322256897
"chr1-0471",0.200578395236509
"chr1-0472",0.377056413149429
"chr1-0473",0.247067231233341
"chr1-0474",0.2096638632427
"chr1-0475",0.272370296375396
"chr1-0476",0.319026169045418
"chr1-0477",0.364617745673328
"chr1-0478",0.196876405460499
"chr1-0479",0.32622786782343
"chr1-0480",0.271546421073295
"chr1-0481",0.266454117034601
"chr1-0482",0.192060080949486
"chr1-0483",0.301594879034377
"chr1-0484",0.194309197568901
"chr1-0485",0.210446402155739
"chr1-0486",0.295199225885038
"chr1-0487",0.177035826557258
"chr1-0488",0.417754199658695
"chr1-0489",0.315455746582646
"chr1-0490",0.333104992452504
"chr1-0491",0.223888722029685
"chr1-0492",0.306018787689568
"chr1-0493",0.259155125274081
"chr1-0494",0.290338826711563
"chr1-0495",0.376071445487639
"chr1-0496",0.338506944399131
"chr1-0497",0.233148058364295
"chr1-0498",0.306498998988431
"chr1-0499",0.230079248289447
"chr1-0500",0.259329938325532
"chr1-0501",0.219208216300927
"chr1-0502",0.41950360256217
"chr1-0503",0.299097304248387
"chr1-0504",0.480348761348805
"chr1-0505",0.270622108512964
"chr1-0506",0.279753593714557
"chr1-0507",0.194025350743593
"chr1-0508",0.292449610437743
"chr1-0509",0.330777097968022
"chr1-0510",0.173168104333352
"chr1-0511",0.23683477970437
"chr1-0512",0.354837299278755
"chr1-0513",0.380185662787314
"chr1-0514",0.153655340452914
"chr1-0515",0.299205814461092
"chr1-0516",0.392278328278566
"chr1-0517",0.253965262789397
"chr1-0518",0.34064763935052
"chr1-0519",0.21418125121507
"chr1-0520",0.215212573514632
"chr1-0521",0.223892585588681
"chr1-0522",0.308483542184621
"chr1-0523",0.260576045105214
"chr1-0524",0.203076587266897
"chr1-0525",0.355670424137293
"chr1-0526",0.339962490551969
"chr1-0527",0.248018184299863
"chr1-0528",0.350011146786734
"chr1-0529",0.471151770637241
"chr1-0530",0.367735911264504
"chr1-0531",0.286682224737808
"chr1-0532",0.251851469399986
"chr1-0533",0.47833962395124
"chr1-0534",0.252934290598522
"chr1-0535",0.0719137566345694
"chr1-0536",0.169173324031456
"chr1-0537",0.467893835299813
"chr1-0538",0.444274940313737
"chr1-0539",0.358229660837052
"chr1-0540",0.31960498200515
"chr1-0541",0.309190158522683
"chr1-0542",0.498108281074985
"chr1-0543",0.139538132625801
"chr1-0544",0.41278340195816
"chr1-0545",0.391454382429631
"chr1-0546",0.47098017288148
"chr1-0547",0.465150901018974
"chr1-0548",0.224240588569895
"chr1-0549",0.160936124580442
"chr1-0550",0.365810101795334
"chr1-0551",0.352114694307208
"chr1-0552",0.439790004812273
"chr1-0553",0.384487368522635
"chr1-0554",0.208664402494079
"chr1-0555",0.18688212875422
"chr1-0556",0.363525662374329
"chr1-0557",0.213519432013361
"chr1-0558",0.279449291295425
"chr1-0559",0.27790756226946
"chr1-0560",0.238442111676701
"chr1-0561",0.396453544011116
"chr1-0562",0.240901474957369
"chr1-0563",0.245577248121289
"chr1-0564",0.302387380820816
"chr1-0565",0.334186541433798
"chr1-0566",0.229648953695734
"chr1-0567",0.203653297141606
"chr1-0568",0.409973880797224
"chr1-0569",0.451595982446456
"chr1-0570",0.568057948071563
"chr1-0571",0.247275128668853
"chr1-0572",0.196737984039157
"chr1-0573",0.263984589797723
"chr1-0574",0.393287278244518
"chr1-0575",0.409710537643807
"chr1-0576",0.354196446378146
"chr1-0577",0.280082512772031
"chr1-0578",0.206562021085897
"chr1-0579",0.157790337470081
"chr1-0580",0.197190071640972
"chr1-0581",0.206349404983696
"chr1-0582",0.246532071903051
"chr1-0583",0.372045845276232
"chr1-0584",0.239395343031175
"chr1-0585",0.360328361074436
"chr1-0586",0.521766287075318
"chr1-0587",0.380590160610672
"chr1-0588",0.579990656945506
"chr1-0589",0.41354480484914
"chr1-0590",0.512606771865713
"chr1-0591",0.319325956326842
"chr1-0592",0.322182327248517
"chr1-0593",0.416465416823758
"chr1-0594",0.474710905365878
"chr1-0595",0.381613276346493
"chr1-0596",0.413562136131143
"chr1-0597",0.568694862532424
"chr1-0598",0.541100900184875
"chr1-0599",0.403398289658518
"chr1-0600",0.351328086789883
"chr1-0601",0.225295007218114
"chr1-0602",0.465611767837006
"chr1-0603",0.191143142016169
"chr1-0604",0.378899821656624
"chr1-0605",0.316785170949007
"chr1-0606",0.49597535106566
"chr1-0607",0.372992200681295
"chr1-0608",0.429336485171622
"chr1-0609",0.413231120740402
"chr1-0610",0.370888196368658
"chr1-0611",0.493908529445555
"chr1-0612",0.491582692387129
"chr1-0613",0.548038040640186
"chr1-0614",0.478469294046001
"chr1-0615",0.198009676500785
"chr1-0616",0.291636584786495
"chr1-0617",0.393115889983535
"chr1-0618",0.424556777823957
"chr1-0619",0.358152313555605
"chr1-0620",0.550662800306509
"chr1-0621",0.684765531076248
"chr1-0622",0.424426436234093
"chr1-0623",0.364580874948459
"chr1-0624",0.416646269888456
"chr1-0625",0.0690334742885782
"chr1-0626",0.249722060184031
"chr1-0627",0.426045128436355
"chr1-0628",0.438207661692855
"chr1-0629",0.342265315921985
"chr1-0630",0.50487220874395
"chr1-0631",0.379724957176503
"chr1-0632",0.39343269239687
"chr1-0633",0.370584014894208
"chr1-0634",0.410524041908023
"chr1-0635",0.430929460643972
"chr1-0636",0.441499303054058
"chr1-0637",0.380290387478285
"chr1-0638",0.471107706630818
"chr1-0639",0.293206809155175
"chr1-0640",0.343378953905331
"chr1-0641",0.565657645284647
"chr1-0642",0.446666781198895
"chr1-0643",0.481167910774572
"chr1-0644",0.413839883778539
"chr1-0645",0.424665131886951
"chr1-0646",0.277404446694113
"chr1-0647",0.355341200179926
"chr1-0648",0.574913187018751
"chr1-0649",0.418819703602411
"chr1-0650",0.374282563230026
"chr1-0651",0.611928318848498
"chr1-0652",0.812882608684822
"chr1-0653",0.405805214322766
"chr1-0654",0.460910508799279
"chr1-0655",0.582352972832807
"chr1-0656",0.39815519635794
"chr1-0657",0.494322688909009
"chr1-0658",0.49658400565223
"chr1-0659",0.423678858712642
"chr1-0660",0.349201612196764
"chr1-0661",0.330827550015878
"chr1-0662",0.323932435985749
"chr1-0663",0.4737083276584
"chr1-0664",0.389214530639989
"chr1-0665",0.579911103998158
"chr1-0666",0.507264899182816
"chr1-0667",0.504307098212945
"chr1-0668",0.413998836350591
"chr1-0669",0.457974391150993
"chr1-0670",0.454856481472847
"chr1-0671",0.365499660224151
"chr1-0672",0.530003823131394
"chr1-0673",0.169169562210628
"chr1-0674",0.668386477869239
"chr1-0675",0.507682823540726
"chr1-0676",0.382112019466337
"chr1-0677",0.483110980492469
"chr1-0678",0.514068395194274
"chr1-0679",0.913960448757144
"chr1-0680",0.612723317969023
"chr1-0681",0.509393498821755
"chr1-0682",0.854829276504388
"chr1-0683",0.609116671204574
"chr1-0684",0.40582586978215
"chr1-0685",0.359162322965617
"chr1-0686",0.515865942475371
"chr1-0687",0.328889608429417
"chr1-0688",0.345284300255272
"chr1-0689",0.382825173653632
"chr1-0690",0.233517426634623
"chr1-0691",0.296811092277459
"chr1-0692",0.00438101543535899
"chr1-0693",0.096348767402804
"chr1-0694",0.362151406408735
"chr1-0695",0.356693959463879
"chr1-0696",0.391730018181986
"chr1-0697",0.494993096391072
"chr1-0698",0.456140365411288
"chr1-0699",0.473440000707592
"chr1-0700",0.415544063236669
"chr1-0701",0.525216248849625
"chr1-0702",0.335564209715341
"chr1-0703",0.521884718730957
"chr1-0704",0.480675999493167
"chr1-0705",0.464105927854779
"chr1-0706",0.49109731233591
"chr1-0707",0.545934198105851
"chr1-0708",0.303692344251891
"chr1-0709",0.408833195144097
"chr1-0710",0.567703720801845
"chr1-0711",0.598053657121286
"chr1-0712",0.309399044478977
"chr1-0713",0.659560601871675
"chr1-0714",0.497139983892608
"chr1-0715",0.688310620864289
"chr1-0716",0.425156152595592
"chr1-0717",0.670947432349967
"chr1-0718",0.628746966337499
"chr1-0719",0.447303017635396
"chr1-0720",0.528090060482988
"chr1-0721",0.408213599946525
"chr1-0722",0.438532607003074
"chr1-0723",0.380525105946856
"chr1-0724",0.465875866230013
"chr1-0725",0.413976209888408
"chr1-0726",0.55810369662529
"chr1-0727",0.425986670876685
"chr1-0728",0.467015594428487
"chr1-0729",0.413464660690778
"chr1-0730",0.71297457097688
"chr1-0731",0.532767955802909
"chr1-0732",0.492124371703543
"chr1-0733",0.37267533280446
"chr1-0734",0.172753467572577
"chr1-0735",0.342700951945117
"chr1-0736",0.311895012465964
"chr1-0737",0.475258791054398
"chr1-0738",0.410014532722604
"chr1-0739",0.517443785494538
"chr1-0740",0.426083867397533
"chr1-0741",0.455694246326299
"chr1-0742",0.536832731204525
"chr1-0743",0.556031062971511
"chr1-0744",0.63550941909582
"chr1-0745",0.515038795632827
"chr1-0746",0.621495711761861
"chr1-0747",0.52174285562359
"chr1-0748",0.422414951455668
"chr1-0749",0.335379268980134
"chr1-0750",0.664066959901269
"chr1-0751",0.511068899561163
"chr1-0752",0.365146366636761
"chr1-0753",0.433838235300716
"chr1-0754",0.311904519798389
"chr1-0755",0.436307588216371
"chr1-0756",0.518398848439934
"chr1-0757",0.470843836216382
"chr1-0758",0.297377752632294
"chr1-0759",0.364104528229815
"chr1-0760",0.685811079621226
"chr1-0761",0.326371961056641
"chr1-0762",0.491346157084393
"chr1-0763",0.327103384224337
"chr1-0764",0.473452017829016
"chr1-0765",0.432463067178765
"chr1-0766",0.294849652120543
"chr1-0767",0.412372264913043
"chr1-0768",0.539142091575483
"chr1-0769",0.573455585839312
"chr1-0770",0.273476962310031
"chr1-0771",0.237635704871531
"chr1-0772",0.326119514842498
"chr1-0773",0.288961087723255
"chr1-0774",0.147804318292666
"chr1-0775",0.113692049086173
"chr1-0776",0.0517375146230305
"chr1-0777",0.296592927605611
"chr1-0778",0.217944717227468
"chr1-0779",0.121471244474292
"chr1-0780",0.0481380282269455
"chr1-0781",0.228413645189632
"chr1-0782",0.238051674245907
"chr1-0783",0.102529630113895
"chr1-0784",0.125999422847913
"chr1-0785",0.192808528322317
"chr1-0786",0.244175585763348
"chr1-0787",0.053688050717296
"chr1-0788",0.253292609291527
"chr1-0789",0.160824061351321
"chr1-0790",0.10804160401499
"chr1-0791",0.307892375090828
"chr1-0792",0.296133047344197
"chr1-0793",0.154542931847339
"chr1-0794",0.128560265049939
"chr1-0795",0.249591921239914
"chr1-0796",0.266017005405044
"chr1-0797",0.161151102239102
"chr1-0798",0.112504731750853
"chr1-0799",0.139049416104257
"chr1-0800",-0.141416264734954
"chr1-0801",0.213090643333151
"chr1-0802",0.156445007066042
"chr1-0803",0.106467743233009
"chr1-0804",0.093719673929969
"chr1-0805",0.354484280965152
"chr1-0806",0.131479385743052
"chr1-0807",0.277107270878092
"chr1-0808",0.576381966699483
"chr1-0809",0.487132815263367
"chr1-0810",0.224346211520636
"chr1-0811",0.55310628633836
"chr1-0812",0.518332945228242
"chr1-0813",0.524550453444698
"chr1-0814",0.476622056140408
"chr1-0815",0.274190537212825
"chr1-0816",0.425232315047481
"chr1-0817",0.0731080481686881
"chr1-0818",-0.00823526734846537
"chr1-0819",0.191421043498725
"chr1-0820",0.168761897974325
"chr1-0821",0.261726143742288
"chr1-0822",0.19846163975087
"chr1-0823",0.290153773415888
"chr1-0824",-0.0272670778369785
"chr1-0825",-0.000972118413742793
"chr1-0826",0.132890072150127
"chr1-0827",0.242548655279379
"chr1-0828",0.174857719818228
"chr1-0829",0.0519088707170099
"chr1-0830",0.228433198565349
"chr1-0831",0.191350687550248
"chr1-0832",0.135467004546225
"chr1-0833",0.390319772195419
"chr1-0834",0.182907596425232
"chr1-0835",0.169270755614777
"chr1-0836",0.118472602608008
"chr1-0837",0.178505335555437
"chr1-0838",0.131098703189513
"chr1-0839",0.208855090750058
"chr1-0840",0.171462059743965
"chr1-0841",0.112575912144175
"chr1-0842",0.203674377872828
"chr1-0843",0.0620654683297015
"chr1-0844",0.114654635530656
"chr1-0845",0.100131595200558
"chr1-0846",-0.101033307760675
"chr1-0847",0.103698291846781
"chr1-0848",0.185275317167899
"chr1-0849",0.194726354752922
"chr1-0850",0.127698770339231
"chr1-0851",0.146527679292508
"chr1-0852",0.0810877742383338
"chr1-0853",0.019241042433101
"chr1-0854",0.203436136913563
"chr1-0855",0.267030899350586
"chr1-0856",0.330746249476243
"chr1-0857",0.368279902439884
"chr1-0858",0.274124562616923
"chr1-0859",0.193338940363109
"chr1-0860",0.321396866361975
"chr1-0861",0.378969207798512
"chr1-0862",0.342993209123604
"chr1-0863",0.284103703666395
"chr1-0864",0.130976752125982
"chr1-0865",0.0874510093100963
"chr1-0866",0.188569199327209
"chr1-0867",0.20970178275711
"chr1-0868",0.121068470402111
"chr1-0869",0.0582810959049373
"chr1-0870",0.0685208411876219
"chr1-0871",0.112715766433308
"chr1-0872",0.139936938965076
"chr1-0873",0.0261591841451802
"chr1-0874",-0.151327675860102
"chr1-0875",0.243569249833382
"chr1-0876",0.103135886611846
"chr1-0877",0.0110894579035055
"chr1-0878",0.174017460019713
"chr1-0879",0.0437705286055655
"chr1-0880",0.140434619072347
"chr1-0881",0.16109330796959
"chr1-0882",0.0979280362518748
"chr1-0883",0.0758374831608873
"chr1-0884",0.0681100276515887
"chr1-0885",0.00121967523610706
"chr1-0886",-0.0128558880352382
"chr1-0887",0.0551747812433238
"chr1-0888",0.0494577944415557
"chr1-0889",-0.0260058345609267
"chr1-0890",0.0301283303616227
"chr1-0891",0.17654223951659
"chr1-0892",0.169581767150508
"chr1-0893",0.252222145492006
"chr1-0894",0.201618821679787
"chr1-0895",0.192570954263718
"chr1-0896",0.0679565871485184
"chr1-0897",0.0416160130403545
"chr1-0898",0.0953151801497473
"chr1-0899",0.20332232377928
"chr1-0900",0.120283250614764
"chr1-0901",0.145713255025274
"chr1-0902",0.145306616352136
"chr1-0903",0.149420235783451
"chr1-0904",0.146851727124815
"chr1-0905",-0.0155508566220738
"chr1-0906",0.264174341486069
"chr1-0907",0.175107102957806
"chr1-0908",0.0944685364876189
"chr1-0909",0.245062418400534
"chr1-0910",0.460504380087135
"chr1-0911",0.146481087039152
"chr1-0912",0.0747605062705696
"chr1-0913",0.163386384401839
"chr1-0914",0.102063752601671
"chr1-0915",0.225691826930059
"chr1-0916",0.147370762839043
"chr1-0917",0.0981600173109373
"chr1-0918",0.121560021662743
"chr1-0919",0.0997717491998678
"chr1-0920",0.0736754324026702
"chr1-0921",-0.217785975889215
"chr1-0922",0.241581899212884
"chr1-0923",0.228605532568004
"chr1-0924",0.08552127186386
"chr1-0925",0.269092636130177
"chr1-0926",0.0667612257409711
"chr1-0927",0.279287760025387
"chr1-0928",0.0310261450074227
"chr1-0929",0.126082421440106
"chr1-0930",0.0790901197058295
"chr1-0931",0.126437782838088
"chr1-0932",0.278617329735534
"chr1-0933",0.16897049007711
"chr1-0934",0.238323315797985
"chr1-0935",-0.00340415987409843
"chr1-0936",0.0751012092789825
"chr1-0937",0.0829049196643915
"chr1-0938",0.174192527100105
"chr1-0939",0.171676372205068
"chr1-0940",0.287544492405532
"chr1-0941",0.198408386678511
"chr1-0942",0.240658748874479
"chr1-0943",0.264520133130059
"chr1-0944",0.243752465694151
"chr1-0945",0.0793967577987049
"chr1-0946",0.227187505557455
"chr1-0947",0.215719092719996
"chr1-0948",0.217454984319539
"chr1-0949",-0.0158341796559787
"chr1-0950",0.172145707253545
"chr1-0951",0.0934002738656875
"chr1-0952",0.032940550225414
"chr1-0953",0.199749357715787
"chr1-0954",0.0733783695235871
"chr1-0955",0.0402819052140176
"chr1-0956",0.171199738659768
"chr1-0957",0.00608829091892486
"chr1-0958",0.102133957873347
"chr1-0959",0.137989060707356
"chr1-0960",0.0562456411637139
"chr1-0961",0.202662010187552
"chr1-0962",0.22673106109075
"chr1-0963",0.199407783265064
"chr1-0964",0.0452791773000087
"chr1-0965",-0.113532594797696
"chr1-0966",0.00195830187391922
"chr1-0967",0.201362271328256
"chr1-0968",0.0400937187842749
"chr1-0969",0.284790465456977
"chr1-0970",0.144482139950224
"chr1-0971",0.0716737204391433
"chr1-0972",0.0863369192476363
"chr1-0973",0.209578965980484
"chr1-0974",0.319043068133562
"chr1-0975",0.23910824510335
"chr1-0976",0.181772219858637
"chr1-0977",0.115026320248622
"chr1-0978",0.248518577941539
"chr1-0979",-0.0309532426778907
"chr1-0980",0.282349522413476
"chr1-0981",0.247701438356373
"chr1-0982",0.177075569252818
"chr1-0983",0.106829774457467
"chr1-0984",0.219733716728043
"chr1-0985",0.120122726618506
"chr1-0986",0.0797639816263397
"chr1-0987",-0.0210013438563529
"chr1-0988",0.211279471293735
"chr1-0989",0.0373997680875998
"chr1-0990",0.126040627912045
"chr1-0991",-0.0259457955740125
"chr1-0992",0.0420657017238421
"chr1-0993",0.0856526832500697
"chr1-0994",0.0540357645213243
"chr1-0995",0.0329805087160288
"chr1-0996",0.0711097948121265
"chr1-0997",0.0548522664387407
"chr1-0998",0.127460485700744
"chr1-0999",0.126134480276904
"chr1-1000",-0.00152767395416573
"chr1-1001",0.0397302663090925
"chr1-1002",0.06682839618379
"chr1-1003",0.0959407954698116
"chr1-1004",0.0937115078548151
"chr1-1005",0.035295780591201
"chr1-1006",0.0121562876409957
"chr1-1007",0.0776443753999404
"chr1-1008",0.287304685609739
"chr1-1009",-0.0649555687006315
"chr1-1010",0.115804156548315
"chr1-1011",0.0412183041388856
"chr1-1012",0.222559573386158
"chr1-1013",0.320193870301072
"chr1-1014",0.288240056390012
"chr1-1015",0.288898100426355
"chr1-1016",0.0204370223927117
"chr1-1017",0.344622721367382
"chr1-1018",0.248551424964869
"chr1-1019",0.21209338698521
"chr1-1020",0.0312316880718458
"chr1-1021",0.270256299190139
"chr1-1022",0.357975208914138
"chr1-1023",0.139842564332342
"chr1-1024",0.1782330869149
"chr1-1025",0.319268758100339
"chr1-1026",0.350166849618358
"chr1-1027",0.324034691387877
"chr1-1028",0.301256106085446
"chr1-1029",0.28580904598062
"chr1-1030",0.246841111982168
"chr1-1031",0.370213493452264
"chr1-1032",0.366492977891477
"chr1-1033",0.363963508463059
"chr1-1034",0.204179835198345
"chr1-1035",0.237963296462134
"chr1-1036",0.276694046772725
"chr1-1037",0.317886627916646
"chr1-1038",0.345211879594406
"chr1-1039",0.318466421994013
"chr1-1040",0.161570920120056
"chr1-1041",0.352736792909033
"chr1-1042",0.405692864129101
"chr1-1043",0.266592879961098
"chr1-1044",0.288101730937207
"chr1-1045",0.274973390703087
"chr1-1046",0.345282813333824
"chr1-1047",0.249519778166885
"chr1-1048",0.214939632916856
"chr1-1049",0.312879280197547
"chr1-1050",0.391954766756663
"chr1-1051",0.230854964735446
"chr1-1052",0.514682422801892
"chr1-1053",0.426199820777995
"chr1-1054",0.277497650202614
"chr1-1055",0.311905460812404
"chr1-1056",0.278296113591477
"chr1-1057",0.287117595038902
"chr1-1058",0.209906348549279
"chr1-1059",0.217221211350873
"chr1-1060",0.325316761825262
"chr1-1061",0.271033084741551
"chr1-1062",0.215907357792623
"chr1-1063",0.292362764671714
"chr1-1064",0.252831205963547
"chr1-1065",0.149973826103989
"chr1-1066",0.247170450974757
"chr1-1067",0.358828065255749
"chr1-1068",0.30579642274217
"chr1-1069",0.267373118845578
"chr1-1070",0.281650402425177
"chr1-1071",0.293519960595262
"chr1-1072",0.221277789845499
"chr1-1073",0.196215224015832
"chr1-1074",0.371685036115985
"chr1-1075",0.312730445575849
"chr1-1076",0.296619680822116
"chr1-1077",0.281956284585817
"chr1-1078",0.143570114487303
"chr1-1079",0.027140520183798
"chr1-1080",0.380781402296912
"chr1-1081",-0.11286305967774
"chr1-1082",0.299823752064564
"chr1-1083",0.348775911469808
"chr1-1084",0.240495091373172
"chr1-1085",0.249929309474598
"chr1-1086",0.38500069757329
"chr1-1087",0.230943226260058
"chr1-1088",0.228910421693966
"chr1-1089",0.258019034250984
"chr1-1090",0.299632626941781
"chr1-1091",0.244456931490413
"chr1-1092",0.367481345401909
"chr1-1093",0.37887233014201
"chr1-1094",0.222629390158346
"chr1-1095",0.31184161322745
"chr1-1096",0.280679743357603
"chr1-1097",0.309558316302419
"chr1-1098",0.198024895391662
"chr1-1099",0.239701669681097
"chr1-1100",0.343373272123759
"chr1-1101",0.178643379845085
"chr1-1102",0.321400053171138
"chr1-1103",0.339583848351056
"chr1-1104",0.287119410187635
"chr1-1105",0.274612327189015
"chr1-1106",0.43418664176007
"chr1-1107",0.172789409830289
"chr1-1108",0.452348061238984
"chr1-1109",0.375368968731922
"chr1-1110",0.37541698681706
"chr1-1111",0.37608808567659
"chr1-1112",0.461621855263898
"chr1-1113",0.571766218691416
"chr1-1114",0.404480491636472
"chr1-1115",0.293013488112523
"chr1-1116",0.199699889687953
"chr1-1117",0.36583297227908
"chr1-1118",0.538254918246547
"chr1-1119",0.490656150097687
"chr1-1120",0.466699575668597
"chr1-1121",0.588513423802986
"chr1-1122",0.561534423256536
"chr1-1123",0.64578238113909
"chr1-1124",0.519012929630558
"chr1-1125",0.4244868054585
"chr1-1126",0.530829504910348
"chr1-1127",0.60436807967828
"chr1-1128",0.57249813199486
"chr1-1129",0.685569889007972
"chr1-1130",0.47982392585918
"chr1-1131",0.320447677275155
"chr1-1132",0.258078196173765
"chr1-1133",0.264307465922226
"chr1-1134",0.296248107889177
"chr1-1135",0.407458167454824
"chr1-1136",0.355250276082307
"chr1-1137",0.258734311917046
"chr1-1138",0.34973333407271
"chr1-1139",0.296573966694458
"chr1-1140",0.33431124027318
"chr1-1141",0.386324977648909
"chr1-1142",0.357053882588936
"chr1-1143",0.417373671991599
"chr1-1144",0.334440222827083
"chr1-1145",0.236315709596959
"chr1-1146",0.464532469370095
"chr1-1147",0.454874592732725
"chr1-1148",0.423508158134231
"chr1-1149",0.293523513629001
"chr1-1150",0.272054334552085
"chr1-1151",0.200285396939165
"chr1-1152",0.462417482966628
"chr1-1153",0.39077177502774
"chr1-1154",0.429895265573848
"chr1-1155",0.383950690255384
"chr1-1156",0.484881474479733
"chr1-1157",0.374287908657807
"chr1-1158",0.445998210071369
"chr1-1159",0.46067411454581
"chr1-1160",0.488644345770795
"chr1-1161",0.420000263133737
"chr1-1162",0.541794584850767
"chr1-1163",0.41893057914758
"chr1-1164",0.524714567192837
"chr1-1165",0.280801546187641
"chr1-1166",0.22423805287088
"chr1-1167",0.428050407738633
"chr1-1168",0.437743204322692
"chr1-1169",0.570262377152736
"chr1-1170",0.538291687829316
"chr1-1171",0.391999293078674
"chr1-1172",0.475179902268758
"chr1-1173",0.35195732525598
"chr1-1174",0.588956006316501
"chr1-1175",0.493007832500775
"chr1-1176",0.755870928183199
"chr1-1177",0.428643004533702
"chr1-1178",0.311542910400719
"chr1-1179",0.480275181157838
"chr1-1180",0.306317509548963
"chr1-1181",0.398056573506407
"chr1-1182",0.241528856164706
"chr1-1183",0.243835346287881
"chr1-1184",0.580443016023101
"chr1-1185",0.919917432740409
"chr1-1186",0.316463354907924
"chr1-1187",0.476682309425382
"chr1-1188",0.419802047499759
"chr1-1189",0.438556206142256
"chr1-1190",0.581593545948583
"chr1-1191",0.361175480921286
"chr1-1192",0.416571044917573
"chr1-1193",0.421643611251012
"chr1-1194",0.400205800598954
"chr1-1195",0.595301582800017
"chr1-1196",0.499668059102448
"chr1-1197",0.386405466739547
"chr1-1198",0.336318451262373
"chr1-1199",0.418652278613645
"chr1-1200",0.460046443922114
"chr1-1201",0.427566871543356
"chr1-1202",0.420313266678231
"chr1-1203",0.457217032641593
"chr1-1204",0.597248894307809
"chr1-1205",0.483310990275022
"chr1-1206",0.37031670099653
"chr1-1207",0.201860771833484
"chr1-1208",0.408759624970868
"chr1-1209",0.518808212126269
"chr1-1210",0.223978039331414
"chr1-1211",0.322543883627114
"chr1-1212",0.217382230052002
"chr1-1213",0.400354455243191
"chr1-1214",0.444876954508056
"chr1-1215",0.424617477533313
"chr1-1216",0.339431790671724
"chr1-1217",0.380608750253813
"chr1-1218",0.464832536427769
"chr1-1219",0.30933638658606
"chr1-1220",0.361866516737666
"chr1-1221",0.20540923550785
"chr1-1222",0.28178380328296
"chr1-1223",0.336818035804235
"chr1-1224",0.434096447863045
"chr1-1225",0.474345840071377
"chr1-1226",0.356022373557439
"chr1-1227",0.385136174044476
"chr1-1228",0.641114441777787
"chr1-1229",0.256587766683461
"chr1-1230",0.335936263029908
"chr1-1231",0.297151040506318
"chr1-1232",0.248606447381749
"chr1-1233",0.280851610315537
"chr1-1234",0.500650285105357
"chr1-1235",0.309107396992226
"chr1-1236",0.265688166775367
"chr1-1237",0.370282204824772
"chr1-1238",0.441383325679043
"chr1-1239",0.244956639879697
"chr1-1240",0.350870348751392
"chr1-1241",0.589259777382667
"chr1-1242",0.317286001213661
"chr1-1243",0.412110440937961
"chr1-1244",0.281509220471659
"chr1-1245",0.32386384898843
"chr1-1246",0.295028169710439
"chr1-1247",0.284227291138359
"chr1-1248",0.357893709778645
"chr1-1249",0.253174325168244
"chr1-1250",0.384788702952387
"chr1-1251",0.495429008529565
"chr1-1252",0.233750014779463
"chr1-1253",0.255772365524736
"chr1-1254",0.302944942222104
"chr1-1255",0.46564257361281
"chr1-1256",0.387017206881983
"chr1-1257",0.38828854210621
"chr1-1258",0.286239906241393
"chr1-1259",0.437642286859691
"chr1-1260",0.610968030545023
"chr1-1261",0.567490381307755
"chr1-1262",0.387219000616507
"chr1-1263",0.139341703842626
"chr1-1264",0.395087488742852
"chr1-1265",0.390995155511938
"chr1-1266",0.46110352140603
"chr1-1267",0.532018042888791
"chr1-1268",0.636687570888013
"chr1-1269",0.611475802215434
"chr1-1270",0.299891414955981
"chr1-1271",0.378436823557482
"chr1-1272",0.428757495977879
"chr1-1273",0.53342050417174
"chr1-1274",0.54498851047371
"chr1-1275",0.591002326414831
"chr1-1276",0.423719316421534
"chr1-1277",0.5818232353421
"chr1-1278",0.333948728497349
"chr1-1279",0.379538086522843
"chr1-1280",0.475082084433245
"chr1-1281",0.430246382057269
"chr1-1282",0.476928160380473
"chr1-1283",0.427352681339232
"chr1-1284",0.211763525283713
"chr1-1285",0.370663437428539
"chr1-1286",0.430000161684976
"chr1-1287",0.394855850039085
"chr1-1288",0.54500076461046
"chr1-1289",0.579022874486446
"chr1-1290",0.494309775107823
"chr1-1291",0.275861461606443
"chr1-1292",0.519994410315848
"chr1-1293",0.335854777492077
"chr1-1294",0.366552042193141
"chr1-1295",0.340833121569017
"chr1-1296",0.744329016045521
"chr1-1297",0.555021207209306
"chr1-1298",0.659644824542406
"chr1-1299",0.558313608924405
"chr1-1300",0.623711875081458
"chr1-1301",0.49433983429856
"chr1-1302",0.655348244586665
"chr1-1303",0.510873352351371
"chr1-1304",0.521190696155131
"chr1-1305",0.524927843613384
"chr1-1306",0.420305471854487
"chr1-1307",0.441619001119593
"chr1-1308",0.514880203971913
"chr1-1309",0.610847354563576
"chr1-1310",0.368476916986707
"chr1-1311",0.589422690429959
"chr1-1312",0.517088016917714
"chr1-1313",0.486763944616777
"chr1-1314",0.616926686514342
"chr1-1315",0.552076220447661
"chr1-1316",0.318880121546124
"chr1-1317",0.355020946413048
"chr1-1318",0.510366055128444
"chr1-1319",0.484712183027788
"chr1-1320",0.316700878091293
"chr1-1321",0.602584466098606
"chr1-1322",0.515823341402142
"chr1-1323",0.551147780071184
"chr1-1324",0.666730022442249
"chr1-1325",0.56798187444282
"chr1-1326",0.538387159675385
"chr1-1327",0.0648548990857313
"chr1-1328",0.288657387171702
"chr1-1329",0.449920098213353
"chr1-1330",0.367295988127097
"chr1-1331",0.272301833268851
"chr1-1332",0.331316315055791
"chr1-1333",0.433243676735981
"chr1-1334",0.294653702174864
"chr1-1335",0.315432183870556
"chr1-1336",0.269442960498327
"chr1-1337",0.248876543737551
"chr1-1338",0.239846015727216
"chr1-1339",0.284477574866142
"chr1-1340",0.376865368005734
"chr1-1341",0.249192279963972
"chr1-1342",0.226828209306269
"chr1-1343",0.180474293670511
"chr1-1344",0.249833104002321
"chr1-1345",0.257674945053847
"chr1-1346",0.301777835301929
"chr1-1347",0.368318147639729
"chr1-1348",0.445947821033727
"chr1-1349",0.320233809565797
"chr1-1350",0.329181430916303
"chr1-1351",0.220827229766231
"chr1-1352",0.227246380107384
"chr1-1353",0.214037412352343
"chr1-1354",0.211197567327916
"chr1-1355",0.342453157457562
"chr1-1356",0.422358284057109
"chr1-1357",0.333291188950491
"chr1-1358",0.258341179471265
"chr1-1359",0.261629311378541
"chr1-1360",0.344637806606992
"chr1-1361",0.389117127589402
"chr1-1362",0.209731842453912
"chr1-1363",0.243881161052834
"chr1-1364",0.169687827099122
"chr1-1365",0.302914929740362
"chr1-1366",0.27668265849197
"chr1-1367",0.34964944650464
"chr1-1368",0.341695470088084
"chr1-1369",0.287973060365712
"chr1-1370",0.350307677370057
"chr1-1371",0.53579458194241
"chr1-1372",0.267125695353142
"chr1-1373",0.10985897534662
"chr1-1374",0.328328458899248
"chr1-1375",0.27495594845854
"chr1-1376",0.281066610188062
"chr1-1377",0.345902041402341
"chr1-1378",0.291418147493701
"chr1-1379",0.290036680042292
"chr1-1380",0.306607925282183
"chr1-1381",0.289434177733042
"chr1-1382",0.266032957668198
"chr1-1383",0.322931389710449
"chr1-1384",0.244833113579374
"chr1-1385",0.19520253740305
"chr1-1386",0.305643087312152
"chr1-1387",0.297813303195469
"chr1-1388",0.174724440856772
"chr1-1389",0.284890699974637
"chr1-1390",0.224858168585443
"chr1-1391",0.274646879236572
"chr1-1392",0.327293872991423
"chr1-1393",0.242574417967815
"chr1-1394",0.419849915426076
"chr1-1395",0.284052288770749
"chr1-1396",0.245311443950677
"chr1-1397",0.252746540864498
"chr1-1398",0.313471441384464
"chr1-1399",0.14760869942317
"chr1-1400",0.190821000987392
"chr1-1401",0.267103337632974
"chr1-1402",0.277146888446144
"chr1-1403",0.30403198958961
"chr1-1404",0.382179102002358
"chr1-1405",0.419495122794248
"chr1-1406",0.446140266425663
"chr1-1407",0.35979795192864
"chr1-1408",0.182517657202218
"chr1-1409",0.430056014318827
"chr1-1410",0.423912323452396
"chr1-1411",0.367903346942366
"chr1-1412",0.239663156249426
"chr1-1413",0.313827538529867
"chr1-1414",0.438846514607908
"chr1-1415",0.451379640003337
"chr1-1416",0.383415970793143
"chr1-1417",0.240895796477456
"chr1-1418",0.433254627070215
"chr1-1419",0.278904910799183
"chr1-1420",0.386526187274634
"chr1-1421",-0.678683195038597
"chr1-1422",-0.931943703600486
"chr1-1423",-0.722239957622888
"chr1-1424",-0.384041995233519
"chr1-1425",-0.720562537010753
"chr1-1426",-0.653828195642977
"chr1-1427",-0.296149013676061
"chr1-1428",-0.271107884329535
"chr1-1429",-0.410019835745647
"chr1-1430",-0.323210616679619
"chr1-1431",-0.693711615428105
"chr1-1432",-0.359458091962718
"chr1-1433",-0.439825544883096
"chr1-1434",-0.522473496818007
"chr1-1435",-0.316986880366096
"chr1-1436",-0.449168880516293
"chr1-1437",-0.280736343952505
"chr1-1438",-0.227434342563541
"chr1-1439",-0.573667465985236
"chr1-1440",-0.412077432226946
"chr1-1441",-0.621879310979342
"chr1-1442",-0.404430695045731
"chr1-1443",-0.486405081254295
"chr1-1444",-0.227800360703054
"chr1-1445",-0.711394392826428
"chr1-1446",-0.330516162264988
"chr1-1447",-0.627578888037247
"chr1-1448",-0.480737148810874
"chr1-1449",-0.391981315088014
"chr1-1450",-0.40408071172173
"chr1-1451",-0.428557002916001
"chr1-1452",-0.187189315931958
"chr1-1453",-0.352732146897651
"chr1-1454",-0.501052195340608
"chr1-1455",-0.48586639507966
"chr1-1456",-0.478863133760819
"chr1-1457",-0.358443643366151
"chr1-1458",-0.311476951389144
"chr1-1459",-0.477310833941288
"chr1-1460",-0.50017242687278
"chr1-1461",-0.297248661963146
"chr1-1462",-0.383591624257995
"chr1-1463",-0.271271247230831
"chr1-1464",-0.375288098544904
"chr1-1465",-0.539131827473087
"chr1-1466",-0.250319524936007
"chr1-1467",-0.355416909453843
"chr1-1468",-0.436511855117024
"chr1-1469",-0.835207949317059
"chr1-1470",-0.271323626366233
"chr1-1471",-0.353705114649274
"chr1-1472",-0.362061668433629
"chr1-1473",-0.485875328114955
"chr1-1474",-0.746125451868959
"chr1-1475",-0.494614702938133
"chr1-1476",-0.183391535872373
"chr1-1477",-0.357526645581597
"chr1-1478",-0.511892371418305
"chr1-1479",-0.317862913061457
"chr1-1480",-0.457278507112777
"chr1-1481",-0.206098446390371
"chr1-1482",-0.517248955383177
"chr1-1483",-0.534576956338371
"chr1-1484",-0.382388994246287
"chr1-1485",-0.492286727822955
"chr1-1486",-0.453477019494614
"chr1-1487",-0.469479167542117
"chr1-1488",-0.315208174072055
"chr1-1489",-0.385436804892546
"chr1-1490",-0.41482556960806
"chr1-1491",-0.0409044834373722
"chr1-1492",-0.480176156594533
"chr1-1493",-0.315170814088532
"chr1-1494",-0.225076806770039
"chr1-1495",-0.240293990008928
"chr1-1496",-0.373522288074109
"chr1-1497",-0.372246557065464
"chr1-1498",-0.509790719733621
"chr1-1499",-0.204058477967937
"chr1-1500",-0.502154939783748
"chr1-1501",-0.409205104106418
"chr1-1502",-0.601676930877539
"chr1-1503",-0.551014141226599
"chr1-1504",-0.0924540935245115
"chr1-1505",-0.376184507216036
"chr1-1506",-0.262824713981264
"chr1-1507",-0.175417517591679
"chr1-1508",-0.463662174044841
"chr1-1509",-0.445921659043795
"chr1-1510",-0.34801583954282
"chr1-1511",-0.512716428696275
"chr1-1512",-0.468684419902361
"chr1-1513",-0.447712182043287
"chr1-1514",-0.269282247440436
"chr1-1515",-0.335929848842771
"chr1-1516",-0.610967337667065
"chr1-1517",-0.550584059821183
"chr1-1518",-0.405696802529035
"chr1-1519",-0.355850660118937
"chr1-1520",-0.379127925245368
"chr1-1521",-0.371713627974207
"chr1-1522",-0.530239683177374
"chr1-1523",-0.395111308309647
"chr1-1524",-0.183522274129587
"chr1-1525",-0.441283875468484
"chr1-1526",-0.461209728402564
"chr1-1527",-0.138216083241559
"chr1-1528",-0.549925379813937
"chr1-1529",-0.1932116060655
"chr1-1530",-0.25164787017092
"chr1-1531",-0.270209565808211
"chr1-1532",-0.285850705333777
"chr1-1533",-0.273708210127773
"chr1-1534",-0.392706909035649
"chr1-1535",-0.44420964162545
"chr1-1536",-0.400154273648251
"chr1-1537",-0.284482421505672
"chr1-1538",-0.465473300029208
"chr1-1539",-0.247708019086343
"chr1-1540",-0.285209091940638
"chr1-1541",-0.0279587830829904
"chr1-1542",-0.229581298358625
"chr1-1543",-0.184256338565192
"chr1-1544",-0.301045025655439
"chr1-1545",-0.182067717858002
"chr1-1546",-0.463721936286219
"chr1-1547",-0.175528024580292
"chr1-1548",-0.722049984509812
"chr1-1549",-0.354395584401482
"chr1-1550",-0.167266233883538
"chr1-1551",-0.237072728219682
"chr1-1552",-0.388155520356166
"chr1-1553",-0.338442712134826
"chr1-1554",-0.259315195172462
"chr1-1555",-0.40603366277553
"chr1-1556",-0.126159921344954
"chr1-1557",-0.236810474429446
"chr1-1558",-0.237844291479113
"chr1-1559",-0.327478451955203
"chr1-1560",-0.260587567401788
"chr1-1561",-0.507470194140155
"chr1-1562",-0.262981897751673
"chr1-1563",-0.311702275583898
"chr1-1564",-0.483125849293257
"chr1-1565",-0.37026387247452
"chr1-1566",-0.424160589297434
"chr1-1567",-0.282971601847971
"chr1-1568",-0.354189304333501
"chr1-1569",-0.379212567244461
"chr1-1570",-0.368422620723216
"chr1-1571",-0.599242435234458
"chr1-1572",-0.37713002859789
"chr1-1573",-0.163890749479801
"chr1-1574",-0.19488719149019
"chr1-1575",-0.440527842122063
"chr1-1576",-0.343371303991495
"chr1-1577",-0.351111169890199
"chr1-1578",-0.175711905885796
"chr1-1579",-0.321513415492925
"chr1-1580",-0.370486807127889
"chr1-1581",-0.370686587406356
"chr1-1582",-0.0913760472844912
"chr1-1583",-0.332261764719758
"chr1-1584",-0.359534993313106
"chr1-1585",-0.173309813935179
"chr1-1586",-0.357994177729124
"chr1-1587",-0.428598782205766
"chr1-1588",-0.636558908054371
"chr1-1589",-0.268247056702735
"chr1-1590",-0.291923292818895
"chr1-1591",-0.590462411038655
"chr1-1592",-0.333686628329926
"chr1-1593",-0.57560384617486
"chr1-1594",-0.522368158679498
"chr1-1595",-0.550137299088663
"chr1-1596",-0.452262959932029
"chr1-1597",-0.468296623838559
"chr1-1598",-0.466234057120636
"chr1-1599",-0.421756298460565
"chr1-1600",-0.226965329960329
"chr1-1601",-0.701559326752783
"chr1-1602",-0.460021480875476
"chr1-1603",-0.367609228901749
"chr1-1604",-0.227940944417635
"chr1-1605",-0.251638469055284
"chr1-1606",-0.349596278971612
"chr1-1607",-0.438878411170544
"chr1-1608",-0.716116842216009
"chr1-1609",-0.162846849156249
"chr1-1610",-0.501791390063777
"chr1-1611",-0.572856759106912
"chr1-1612",-0.470489685535461
"chr1-1613",-0.578395837481925
"chr1-1614",-0.347935595173438
"chr1-1615",-0.314130541551021
"chr1-1616",-0.355665831112824
"chr1-1617",-0.088274856352704
"chr1-1618",-0.226086351855463
"chr1-1619",-0.238529765397693
"chr1-1620",-0.222869006172461
"chr1-1621",-0.258362290132489
"chr1-1622",-0.255434309614421
"chr1-1623",-0.216716672295365
"chr1-1624",-0.434801687392569
"chr1-1625",-0.46442002044855
"chr1-1626",-0.17774669732173
"chr1-1627",-0.531688915286951
"chr1-1628",-0.333448655413371
"chr1-1629",-0.468697444928188
"chr1-1630",-0.516640885558195
"chr1-1631",-0.55996437330726
"chr1-1632",-0.477825825486625
"chr1-1633",-0.55393015165836
"chr1-1634",-0.624240672614597
"chr1-1635",-0.486677953463381
"chr1-1636",-0.668182078078591
"chr1-1637",-0.788237530700428
"chr1-1638",-0.491439906786384
"chr1-1639",-0.305224766054254
"chr1-1640",-0.333726144502484
"chr1-1641",-0.439601563663013
"chr1-1642",-0.127160138465242
"chr1-1643",-0.355757763167033
"chr1-1644",-0.235074963750053
"chr1-1645",-0.224400957466931
"chr1-1646",-0.539467313965749
"chr1-1647",-0.368337707424737
"chr1-1648",-0.37885551825012
"chr1-1649",-0.793528341671053
"chr1-1650",-0.75475214166837
"chr1-1651",-0.434134470986679
"chr1-1652",-0.749175459336272
"chr1-1653",-0.341012013894737
"chr1-1654",-0.425909401015207
"chr1-1655",-0.33519034581535
"chr1-1656",-0.692929923971581
"chr1-1657",-0.373069358451404
"chr1-1658",-0.52431450612642
"chr1-1659",-0.340492534130069
"chr1-1660",-0.36747614843121
"chr1-1661",-0.307965090757916
"chr1-1662",-0.483117458901746
"chr1-1663",-0.220766127578459
"chr1-1664",-0.659589824489573
"chr1-1665",-0.453931287204806
"chr1-1666",-0.683651750189211
"chr1-1667",-0.758735623606131
"chr1-1668",-0.358989850987332
"chr1-1669",-0.426344335447903
"chr1-1670",-0.379244658923945
"chr1-1671",-0.422049491950794
"chr1-1672",-0.240338234204565
"chr1-1673",-0.572422897552789
"chr1-1674",-0.406325483586244
"chr1-1675",-0.105219825422481
"chr1-1676",-0.635954590790116
"chr1-1677",-0.241247314172689
"chr1-1678",-0.302707700958052
"chr1-1679",-0.511063125630295
"chr1-1680",-0.450842880953462
"chr1-1681",-0.207791400022935
"chr1-1682",-0.29903856041671
"chr1-1683",-0.369551667564607
"chr1-1684",-0.50536997917796
"chr1-1685",-0.282924743901234
"chr1-1686",-0.248538021249449
"chr1-1687",-0.119021388617565
"chr1-1688",-0.418588208135005
"chr1-1689",-0.388147246162872
"chr1-1690",-0.21316718317319
"chr1-1691",-0.697473081872952
"chr1-1692",-0.467112840242166
"chr1-1693",-0.444250347262832
"chr1-1694",-0.323490614141161
"chr1-1695",-0.399739982390089
"chr1-1696",-0.392751762453981
"chr1-1697",-0.401592484398067
"chr1-1698",-0.38104315523946
"chr1-1699",-0.46079168728088
"chr1-1700",-0.250002187900744
"chr1-1701",-0.303381517667964
"chr1-1702",-0.357921006261408
"chr1-1703",-0.353355292969501
"chr1-1704",-0.227164550066272
"chr1-1705",-0.336190173747689
"chr1-1706",-0.365858118246741
"chr1-1707",-0.462138977640713
"chr1-1708",-0.602170388306538
"chr1-1709",-0.315627457424261
"chr1-1710",-0.212969432441692
"chr1-1711",-0.276448788693757
"chr1-1712",-0.628258460866636
"chr1-1713",-0.61057033151398
"chr1-1714",-0.656393570389267
"chr1-1715",-0.789438586106121
"chr1-1716",-0.551989206994792
"chr1-1717",-0.770829736721248
"chr1-1718",-0.975350780390466
"chr1-1719",-0.814444923806983
"chr1-1720",-0.700881541398371
"chr1-1721",-0.495771874777247
"chr1-1722",-0.543602399524621
"chr1-1723",-0.221108346993475
"chr1-1724",-0.133140367918748
"chr10-0001",-0.081580212559209
"chr10-0002",-0.45533747363314
"chr10-0003",-0.491716208844732
"chr10-0004",-0.43007182351386
"chr10-0005",-0.305464801822509
"chr10-0006",-0.222086657466453
"chr10-0007",-0.25286254706982
"chr10-0008",-0.317092817481482
"chr10-0009",-0.201021679743343
"chr10-0010",-0.231062420721464
"chr10-0011",-0.195805282273778
"chr10-0012",-0.314002302276088
"chr10-0013",-0.237227058392771
"chr10-0014",-0.227758440882967
"chr10-0015",-0.354427306688721
"chr10-0016",-0.532956154789759
"chr10-0017",-0.35741631456791
"chr10-0018",-0.416004267463801
"chr10-0019",-0.490882649138369
"chr10-0020",-0.564583208563932
"chr10-0021",-0.671711696475541
"chr10-0022",-0.459413824761234
"chr10-0023",-0.42062066788735
"chr10-0024",-0.576571062006372
"chr10-0025",-0.696395019114162
"chr10-0026",-0.858344215508669
"chr10-0027",-0.58753884967785
"chr10-0028",-0.501067112532106
"chr10-0029",-0.591933230852309
"chr10-0030",-0.697453791466646
"chr10-0031",-0.431966597468734
"chr10-0032",-0.55317986885486
"chr10-0033",-0.388747868754962
"chr10-0034",-0.194454354137975
"chr10-0035",-0.299690047433258
"chr10-0036",-0.286784032419327
"chr10-0037",-0.242897756035059
"chr10-0038",-0.205024102144301
"chr10-0039",-0.0600132123327194
"chr10-0040",-0.157360858748981
"chr10-0041",-0.257727225854835
"chr10-0042",-0.395865859028747
"chr10-0043",-0.0207306575677854
"chr10-0044",-0.310503272184475
"chr10-0045",-0.34149001283343
"chr10-0046",-0.212583779219693
"chr10-0047",-0.248585863526165
"chr10-0048",-0.151669724946579
"chr10-0049",-0.105466285277751
"chr10-0050",-0.613005160817187
"chr10-0051",-0.335839865885099
"chr10-0052",-0.178074642988273
"chr10-0053",-0.202552730745652
"chr10-0054",-0.386732303206287
"chr10-0055",-0.555314610384312
"chr10-0056",-0.973020752974893
"chr10-0057",-0.664363016527279
"chr10-0058",-0.601531182337531
"chr10-0059",-0.351406752808516
"chr10-0060",-0.223112540687116
"chr10-0061",-0.255032594127253
"chr10-0062",-0.312521354886354
"chr10-0063",-0.448731232647437
"chr10-0064",-0.327572416815147
"chr10-0065",-0.303170333038382
"chr10-0066",-0.269362851337895
"chr10-0067",-0.435036761499604
"chr10-0068",-0.34466129267875
"chr10-0069",-0.179525350505307
"chr10-0070",-0.370126822059904
"chr10-0071",-0.505684557925666
"chr10-0072",-0.421321787255438
"chr10-0073",-0.523565282413497
"chr10-0074",-0.42272405820104
"chr10-0075",-0.418251635615337
"chr10-0076",-0.311246888593114
"chr10-0077",-0.340983237645007
"chr10-0078",-0.252631108188041
"chr10-0079",-0.637777896926281
"chr10-0080",-0.508366448662164
"chr10-0081",-0.562405826498362
"chr10-0082",-0.333310747200302
"chr10-0083",-0.351604136713693
"chr10-0084",-0.331363382028883
"chr10-0085",-0.395598674339533
"chr10-0086",-0.548647836059526
"chr10-0087",-0.341019883432479
"chr10-0088",-0.745231493251002
"chr10-0089",-0.631646596253317
"chr10-0090",-0.460611648970864
"chr10-0091",-0.61696514146531
"chr10-0092",-0.540405722107401
"chr10-0093",-0.452236568443393
"chr10-0094",-0.321033650349292
"chr10-0095",-0.416824604004274
"chr10-0096",-0.272935914440933
"chr10-0097",-0.50264518689174
"chr10-0098",-0.403256557707783
"chr10-0099",-0.474068897903833
"chr10-0100",-0.567049821073087
"chr10-0101",-0.405671756755666
"chr10-0102",-0.522472666210488
"chr10-0103",-0.457767402853328
"chr10-0104",-0.476808789978571
"chr10-0105",-0.478755510852764
"chr10-0106",-0.380706994384227
"chr10-0107",-0.388934501569011
"chr10-0108",-0.338446795982518
"chr10-0109",-0.311865315365551
"chr10-0110",-0.537150587471449
"chr10-0111",-0.110420063632328
"chr10-0112",-0.454704370956418
"chr10-0113",-0.571977609190511
"chr10-0114",-0.418437415377402
"chr10-0115",-0.313719874280176
"chr10-0116",-0.63016628761981
"chr10-0117",-0.418622897946583
"chr10-0118",-0.351278170542979
"chr10-0119",-0.541086409939896
"chr10-0120",-0.310027776277347
"chr10-0121",-0.746487134668876
"chr10-0122",-0.322218011867891
"chr10-0123",-0.270664223572486
"chr10-0124",-0.279356551826018
"chr10-0125",-0.403374996589413
"chr10-0126",-0.432627694619537
"chr10-0127",-0.309835330652131
"chr10-0128",-0.55122636394388
"chr10-0129",-0.250692346958636
"chr10-0130",-0.458497968185861
"chr10-0131",-0.682848181205562
"chr10-0132",-0.748770056104392
"chr10-0133",-0.376418098588669
"chr10-0134",-0.438102197006851
"chr10-0135",-0.549280739348746
"chr10-0136",-0.304117207638718
"chr10-0137",-0.258771363117728
"chr10-0138",-0.399941942769852
"chr10-0139",-1.04166432309675
"chr10-0140",-0.351307851829154
"chr10-0141",-0.351360927290784
"chr10-0142",-0.451241122304272
"chr10-0143",-0.511695339962587
"chr10-0144",-0.40387612380529
"chr10-0145",-0.304287984483122
"chr10-0146",-0.887499060547813
"chr10-0147",-0.386435204092339
"chr10-0148",-0.295634462634791
"chr10-0149",-0.384640453724961
"chr10-0150",-0.407545052909338
"chr10-0151",-0.418099010334397
"chr10-0152",-0.48554844734047
"chr10-0153",-0.239285220709505
"chr10-0154",-0.485747172901521
"chr10-0155",-0.655908604261618
"chr10-0156",-0.355060889949293
"chr10-0157",-0.24655883793286
"chr10-0158",-0.515117658566081
"chr10-0159",-0.138988233116105
"chr10-0160",-0.440043082256363
"chr10-0161",-0.496000057189384
"chr10-0162",-0.447558001972093
"chr10-0163",-0.32137310811286
"chr10-0164",-0.714700795132585
"chr10-0165",-0.654397082322868
"chr10-0166",-0.588583107050638
"chr10-0167",-0.354681883958292
"chr10-0168",-0.414262935759948
"chr10-0169",-0.667097857652284
"chr10-0170",-0.560449549639039
"chr10-0171",-0.680018039610932
"chr10-0172",-0.337284906646916
"chr10-0173",-0.302412676134495
"chr10-0174",-0.640039669755275
"chr10-0175",-0.506780845180288
"chr10-0176",-0.296098311748017
"chr10-0177",-0.275245884553909
"chr10-0178",-0.15726311019245
"chr10-0179",-0.308102411564708
"chr10-0180",-0.334610500177985
"chr10-0181",-0.305142867990625
"chr10-0182",-0.473413797470125
"chr10-0183",-0.627919693283361
"chr10-0184",-0.556758707929137
"chr10-0185",-0.39683875307997
"chr10-0186",-0.500045501266204
"chr10-0187",-0.489795068620957
"chr10-0188",-0.451044135683342
"chr10-0189",-0.654398000803966
"chr10-0190",-0.308793678647934
"chr10-0191",-0.380877583008569
"chr10-0192",-0.533451628860251
"chr10-0193",-0.375917443038918
"chr10-0194",-0.510145495614108
"chr10-0195",-0.0911043468980811
"chr10-0196",-0.580347025959901
"chr10-0197",-0.308712354474461
"chr10-0198",-0.791376457490844
"chr10-0199",-0.57589172249053
"chr10-0200",-0.460079112124292
"chr10-0201",-0.418285299978471
"chr10-0202",-0.601854960569047
"chr10-0203",-0.696048107460068
"chr10-0204",-0.498363076248649
"chr10-0205",-0.461329040767546
"chr10-0206",-0.518549659835405
"chr10-0207",-0.692969348196186
"chr10-0208",-0.573850627693678
"chr10-0209",-0.487427575721941
"chr10-0210",-0.448903791844912
"chr10-0211",-0.219378109899582
"chr10-0212",-0.349901779664128
"chr10-0213",-0.427883499969824
"chr10-0214",-0.386239101362644
"chr10-0215",-0.476949203772754
"chr10-0216",-0.220795982778314
"chr10-0217",-0.230593014471416
"chr10-0218",-0.440438482487612
"chr10-0219",-0.55068653341879
"chr10-0220",-0.156986566830203
"chr10-0221",-0.553102141245295
"chr10-0222",-0.61666707112505
"chr10-0223",-0.539781700484037
"chr10-0224",-0.502195425669962
"chr10-0225",-0.45544290606616
"chr10-0226",-0.692360977451346
"chr10-0227",-0.616593883001325
"chr10-0228",-0.361907204462682
"chr10-0229",-0.409178146121512
"chr10-0230",-0.32656902429909
"chr10-0231",-0.275908572955032
"chr10-0232",-0.213869872428188
"chr10-0233",-0.335343641866693
"chr10-0234",-0.299400768519385
"chr10-0235",-0.597332970000737
"chr10-0236",-0.343985771377049
"chr10-0237",-0.375771452970389
"chr10-0238",-0.488092176925483
"chr10-0239",-0.459700609006439
"chr10-0240",-0.344391110701855
"chr10-0241",-0.184327670971573
"chr10-0242",-0.330089663372964
"chr10-0243",-0.291175579027349
"chr10-0244",-0.313775213492656
"chr10-0245",-0.157543514246374
"chr10-0246",-0.412829687531194
"chr10-0247",-0.332788279105513
"chr10-0248",-0.433693890756591
"chr10-0249",-0.429598870366197
"chr10-0250",-0.324093270300683
"chr10-0251",-0.623195965688689
"chr10-0252",-0.610558314592532
"chr10-0253",-0.196405565004732
"chr10-0254",-0.474164867727734
"chr10-0255",-0.332325125487086
"chr10-0256",-0.325104507479028
"chr10-0257",-0.401986906977166
"chr10-0258",-0.470331006767956
"chr10-0259",-0.247517282741397
"chr10-0260",-0.374239523893326
"chr10-0261",-0.417007264746676
"chr10-0262",-0.556659644385776
"chr10-0263",-0.391086000061746
"chr10-0264",-0.404887289713311
"chr10-0265",-0.628412309029085
"chr10-0266",-0.217872137195823
"chr10-0267",-0.150422062352869
"chr10-0268",-0.383037989166123
"chr10-0269",-0.472758035871877
"chr10-0270",-0.361460673426712
"chr10-0271",-0.275360475540938
"chr10-0272",-0.5389180365479
"chr10-0273",-0.376217179544837
"chr10-0274",-0.381312555888468
"chr10-0275",-0.522037040991242
"chr10-0276",-0.294636965533379
"chr10-0277",-0.52796979201725
"chr10-0278",-0.493713448882341
"chr10-0279",-0.511842208279629
"chr10-0280",-0.442373698608523
"chr10-0281",-0.523048403230979
"chr10-0282",-0.0950137726114823
"chr10-0283",-0.450993324834638
"chr10-0284",-0.342314745218564
"chr10-0285",0.0503656034421696
"chr10-0286",-0.13884498923184
"chr10-0287",-0.259439251577128
"chr10-0288",-0.732279698155324
"chr10-0289",-0.591784173665216
"chr10-0290",-0.238921366259489
"chr10-0291",-0.381028475478524
"chr10-0292",-0.547573785867026
"chr10-0293",-0.424741170902897
"chr10-0294",-0.363680951773889
"chr10-0295",-0.278645391765629
"chr10-0296",-0.352081325972462
"chr10-0297",-0.446600188472113
"chr10-0298",-0.253075131738643
"chr10-0299",-0.135647423601766
"chr10-0300",-0.437248683452861
"chr10-0301",-0.194561700132871
"chr10-0302",-0.462028863386451
"chr10-0303",-0.458651611787749
"chr10-0304",-0.30568754795811
"chr10-0305",-0.309546112246914
"chr10-0306",-0.275850353236497
"chr10-0307",-0.337675571211925
"chr10-0308",-0.475512000618486
"chr10-0309",-0.335886609008787
"chr10-0310",-0.439582018509603
"chr10-0311",-0.20329682354358
"chr10-0312",-0.155557160774936
"chr10-0313",-0.623395444053395
"chr10-0314",-0.333323958482646
"chr10-0315",-0.319843600413152
"chr10-0316",-0.368633799063161
"chr10-0317",-0.571245501460609
"chr10-0318",-0.287918983246366
"chr10-0319",-0.262468095360321
"chr10-0320",-0.527602337000707
"chr10-0321",-0.449132225780184
"chr10-0322",-0.38333829144116
"chr10-0323",-0.473566178427328
"chr10-0324",-0.391465539091245
"chr10-0325",-0.485640876271811
"chr10-0326",-0.339295171971006
"chr10-0327",-0.192807044118402
"chr10-0328",-0.392652519107696
"chr10-0329",-0.429048112772372
"chr10-0330",-0.239591345594639
"chr10-0331",-0.284226714767747
"chr10-0332",-0.347284023226345
"chr10-0333",-0.248778493057505
"chr10-0334",-0.482831169271303
"chr10-0335",-0.269073398141342
"chr10-0336",-0.471963444441483
"chr10-0337",-0.264225955687052
"chr10-0338",-0.404670362612232
"chr10-0339",-0.245870115741688
"chr10-0340",-0.503437184663808
"chr10-0341",-0.502987944324363
"chr10-0342",-0.415667683810747
"chr10-0343",-0.311706524306504
"chr10-0344",-0.441434574002365
"chr10-0345",-0.184394133922701
"chr10-0346",-0.42249170901689
"chr10-0347",-0.343325213060534
"chr10-0348",-0.438825062644847
"chr10-0349",-0.803521583496046
"chr10-0350",-0.490604842667642
"chr10-0351",-0.255634760562878
"chr10-0352",-0.48993612025194
"chr10-0353",-0.551050663202841
"chr10-0354",-0.543700717381202
"chr10-0355",-0.32663733763427
"chr10-0356",-0.14663807710265
"chr10-0357",-0.286284115711015
"chr10-0358",-0.864254946689508
"chr10-0359",-0.202952874889253
"chr10-0360",-0.285559789824662
"chr10-0361",-0.334098807936181
"chr10-0362",-0.56663046243118
"chr10-0363",-0.428972126712602
"chr10-0364",-0.555808583927607
"chr10-0365",-0.396120240410252
"chr10-0366",-0.51633228198245
"chr10-0367",-0.412226318895227
"chr10-0368",-0.43983873835768
"chr10-0369",-0.204200609262317
"chr10-0370",-0.390636156935824
"chr10-0371",-0.0878867421719341
"chr10-0372",-0.392199154489629
"chr10-0373",-0.479425591960836
"chr10-0374",-0.430730498241847
"chr10-0375",-0.474216626046567
"chr10-0376",-0.507031260977985
"chr10-0377",-0.259891992872259
"chr10-0378",-0.355615587012846
"chr10-0379",-0.207769439510645
"chr10-0380",-0.460313763857503
"chr10-0381",-0.494131357036999
"chr10-0382",-0.440465199037132
"chr10-0383",-0.289984306359166
"chr10-0384",-0.278279438507774
"chr10-0385",-0.199454948210077
"chr10-0386",-0.290293054403674
"chr10-0387",-0.686659247370931
"chr10-0388",-0.408066872381589
"chr10-0389",-0.231258510319366
"chr10-0390",-0.220463989925058
"chr10-0391",-0.399419918252353
"chr10-0392",-0.0731856587592972
"chr10-0393",-0.492886326688917
"chr10-0394",-0.243131947363698
"chr10-0395",-0.443519160655679
"chr10-0396",-0.376693508089826
"chr10-0397",-0.268989067565527
"chr10-0398",-0.574248713439347
"chr10-0399",-0.462781526854405
"chr10-0400",-0.547271948443452
"chr10-0401",-0.178389366813708
"chr10-0402",-0.551397488198063
"chr10-0403",-0.351697203910383
"chr10-0404",-0.410164021547482
"chr10-0405",-0.307660058405242
"chr10-0406",-0.471467807090084
"chr10-0407",-0.495687784225505
"chr10-0408",-0.445339777970098
"chr10-0409",-0.426615145616962
"chr10-0410",-0.31033771084318
"chr10-0411",-0.431152620193759
"chr10-0412",-0.621722673702314
"chr10-0413",-0.681002374785901
"chr10-0414",-0.428626766413196
"chr10-0415",-0.686031010758631
"chr10-0416",-0.23493630173135
"chr10-0417",-0.433243025791903
"chr10-0418",-0.777442705860615
"chr10-0419",-0.769469358059985
"chr10-0420",-0.792792703635903
"chr10-0421",-0.324276297276291
"chr10-0422",-0.357883561764592
"chr10-0423",-0.180263812403806
"chr10-0424",-0.846029602228804
"chr10-0425",-0.359528805278796
"chr10-0426",-0.503597216184078
"chr10-0427",-0.237855509530339
"chr10-0428",-0.244597734440628
"chr10-0429",-0.418727497296145
"chr10-0430",-0.654398567504669
"chr10-0431",-0.303935700814879
"chr10-0432",-0.485454151876101
"chr10-0433",-0.566894925987127
"chr10-0434",-0.350682343724607
"chr10-0435",-0.391612560840983
"chr10-0436",-0.178400441006281
"chr10-0437",-0.455895386880652
"chr10-0438",-0.414105101660868
"chr10-0439",-0.391365664363838
"chr10-0440",-0.378549778990745
"chr10-0441",-0.412424095649218
"chr10-0442",-0.38187577033514
"chr10-0443",-0.4154515031655
"chr10-0444",-0.307228120804046
"chr10-0445",-0.5294370164642
"chr10-0446",-0.334437539334031
"chr10-0447",-0.197313136736424
"chr10-0448",-0.426514205065579
"chr10-0449",-0.307015228380199
"chr10-0450",-0.478986175080249
"chr10-0451",-0.33842037845189
"chr10-0452",-0.406516326357406
"chr10-0453",-0.240968233770987
"chr10-0454",-0.314743974100149
"chr10-0455",-0.562650424323436
"chr10-0456",-0.448171420680288
"chr10-0457",-0.302519262977898
"chr10-0458",-0.423500601621051
"chr10-0459",-0.308446627255467
"chr10-0460",-0.391704348506149
"chr10-0461",-0.237063778450415
"chr10-0462",-0.29594422527713
"chr10-0463",-0.421490551285501
"chr10-0464",-0.287960458787844
"chr10-0465",-0.39400568893309
"chr10-0466",-0.359061371901528
"chr10-0467",-0.225181161905274
"chr10-0468",-0.31958992866603
"chr10-0469",-0.462205401042376
"chr10-0470",-0.260765837919862
"chr10-0471",-0.181739198990114
"chr10-0472",-0.385901936559924
"chr10-0473",-0.460600997667517
"chr10-0474",-0.657930323048036
"chr10-0475",-0.396004636589098
"chr10-0476",-0.489827909907034
"chr10-0477",-0.202899145287493
"chr10-0478",-0.302848086871407
"chr10-0479",-0.452683811761103
"chr10-0480",-0.300514266940798
"chr10-0481",-0.588478801651324
"chr10-0482",-0.34510304469478
"chr10-0483",-0.288353725857359
"chr10-0484",-0.304492825147045
"chr10-0485",-0.247340506920544
"chr10-0486",-0.488180447276176
"chr10-0487",-0.513697012172601
"chr10-0488",-0.607322816718232
"chr10-0489",-0.361390157368146
"chr10-0490",-0.518397409910141
"chr10-0491",-0.61998046951752
"chr10-0492",-0.807505333452451
"chr10-0493",-0.45863727046566
"chr10-0494",-0.526337503426694
"chr10-0495",-0.39993509665017
"chr10-0496",-0.337844981780458
"chr10-0497",-0.213102028071116
"chr10-0498",-0.22217103786498
"chr10-0499",-0.0874978310059514
"chr10-0500",-0.385450816593533
"chr10-0501",-0.350737028009047
"chr10-0502",-0.315054501692049
"chr10-0503",-0.376683592874486
"chr10-0504",-0.508730877162435
"chr10-0505",-0.333525603078048
"chr10-0506",-0.316190758580018
"chr10-0507",-0.314731455849429
"chr10-0508",-0.266099706277851
"chr10-0509",-0.676810733953916
"chr10-0510",-0.277370024706985
"chr10-0511",-0.159604791809592
"chr10-0512",-0.390114938247118
"chr10-0513",-0.209453671126069
"chr10-0514",-0.414405670742044
"chr10-0515",-0.389960830773904
"chr10-0516",-0.220205030890463
"chr10-0517",-0.187486695942136
"chr10-0518",-0.456105413022461
"chr10-0519",-0.252990534937888
"chr10-0520",-0.240982084076987
"chr10-0521",-0.0859025948597791
"chr10-0522",-0.383412312105143
"chr10-0523",-0.504732435500847
"chr10-0524",-0.24716530613072
"chr10-0525",-0.31270141721124
"chr10-0526",-0.44114453148416
"chr10-0527",-0.174177314807971
"chr10-0528",-0.359559407802106
"chr10-0529",-0.181792397626649
"chr10-0530",-0.21959263640739
"chr10-0531",-0.0936002755526682
"chr10-0532",-0.237240986935702
"chr10-0533",-0.212413039116965
"chr10-0534",-0.227599754038348
"chr10-0535",-0.393169594279978
"chr10-0536",-0.24517884090513
"chr10-0537",-0.340525437488732
"chr10-0538",-0.327465900176074
"chr10-0539",-0.354702691461986
"chr10-0540",-0.279945286089274
"chr10-0541",-0.335167771095154
"chr10-0542",-0.483666765887496
"chr10-0543",-0.14275897500013
"chr10-0544",-0.286312585589342
"chr10-0545",-0.428948654881244
"chr10-0546",-0.630076361002686
"chr10-0547",-0.584312061024377
"chr10-0548",-0.628890187993821
"chr10-0549",-0.647428962085653
"chr10-0550",-0.697850167272447
"chr10-0551",-0.674855681827363
"chr10-0552",-0.342296446979682
"chr10-0553",-0.50230107258076
"chr10-0554",-0.705203503125878
"chr10-0555",-0.261494968869826
"chr10-0556",-0.349809502531573
"chr10-0557",-0.793219750250147
"chr10-0558",-0.857375331990706
"chr10-0559",-0.812366891928392
"chr10-0560",-0.591480927488455
"chr10-0561",-0.444412782656504
"chr10-0562",-0.615825160220429
"chr10-0563",-0.373749082060528
"chr10-0564",-0.224348694647065
"chr10-0565",-0.428868132313261
"chr10-0566",-0.350962267950311
"chr10-0567",-0.393319670145766
"chr10-0568",-0.306047007187984
"chr10-0569",-0.232695667747798
"chr10-0570",-0.42861535006958
"chr10-0571",-0.0746234691941696
"chr10-0572",-0.265022043741895
"chr10-0573",-0.140389290941644
"chr10-0574",-0.376109602957144
"chr10-0575",-0.416005381163807
"chr10-0576",-0.497065580305636
"chr10-0577",-0.154156613678183
"chr10-0578",-0.463020084583292
"chr10-0579",-0.421340841780455
"chr10-0580",-0.491398399964577
"chr10-0581",-0.479615210147522
"chr10-0582",-0.442825383157187
"chr10-0583",-0.48299434134591
"chr10-0584",-0.593268337590793
"chr10-0585",-0.294337928152949
"chr10-0586",-0.135390713457181
"chr10-0587",-0.644349156304122
"chr10-0588",-0.269483693496069
"chr10-0589",-0.244432374748723
"chr10-0590",-0.415290798973076
"chr10-0591",-0.369909321682274
"chr10-0592",-0.386162107139851
"chr10-0593",-0.266676645467576
"chr10-0594",-0.442906635009526
"chr10-0595",-0.393004842338008
"chr10-0596",-0.82792537836274
"chr10-0597",-0.517073246988329
"chr10-0598",-0.318063659256394
"chr10-0599",-0.49745441294092
"chr10-0600",-0.52690221968417
"chr10-0601",-0.265534301450485
"chr10-0602",-0.301517507400886
"chr10-0603",-0.520036890244617
"chr10-0604",-0.269385170046613
"chr10-0605",-0.188666780990186
"chr10-0606",-0.296694588741427
"chr10-0607",-0.50414529755285
"chr10-0608",-0.498542763171573
"chr10-0609",-0.340984146067151
"chr10-0610",-0.41473906898248
"chr10-0611",-0.227045203650018
"chr10-0612",-0.542555164461954
"chr10-0613",-0.412960694037963
"chr10-0614",-0.374453121725048
"chr10-0615",-0.507850132061674
"chr10-0616",-0.229176541545485
"chr10-0617",-0.518661820900359
"chr10-0618",-0.663533300701495
"chr10-0619",-0.443237923446014
"chr10-0620",-0.0380624127591795
"chr10-0621",-0.649927278325435
"chr10-0622",-0.303752415478128
"chr10-0623",-0.308394469199678
"chr10-0624",-0.58463826836069
"chr10-0625",-0.431468550969195
"chr10-0626",-0.444567996692972
"chr10-0627",-0.263473798509876
"chr10-0628",-0.978037260838928
"chr10-0629",-0.645929891777254
"chr10-0630",-0.483817308962464
"chr10-0631",-0.402956378267841
"chr10-0632",-0.373015051164612
"chr10-0633",-0.260951296768267
"chr10-0634",-0.363585257405172
"chr10-0635",-0.359113455987253
"chr10-0636",-0.215440692256544
"chr10-0637",-0.671773915472313
"chr10-0638",-0.435700478054559
"chr10-0639",-0.601566018320697
"chr10-0640",-0.228711580685459
"chr10-0641",-0.381903067685233
"chr10-0642",-0.374484144279379
"chr10-0643",-0.561775002584077
"chr10-0644",-0.286915369076456
"chr10-0645",-0.211385379466795
"chr10-0646",-0.449777607966363
"chr10-0647",-0.520418302350583
"chr10-0648",-0.686610064640367
"chr10-0649",-0.433668718221982
"chr10-0650",-0.321452479857657
"chr10-0651",-0.552544371408983
"chr10-0652",-0.437114573776811
"chr10-0653",-0.389947721136097
"chr10-0654",-0.355737935060864
"chr10-0655",-0.215189807181782
"chr10-0656",-0.297168141459712
"chr10-0657",-0.264271588270452
"chr10-0658",-0.142500923242483
"chr10-0659",-0.252476849866748
"chr10-0660",-0.400269442410542
"chr10-0661",-0.495086613274841
"chr10-0662",-0.886163564945203
"chr10-0663",-0.367227927638717
"chr10-0664",-0.496301468478114
"chr10-0665",-0.292686523889516
"chr10-0666",-0.518736192870843
"chr10-0667",-0.291907451055521
"chr10-0668",-0.558807735991153
"chr10-0669",-0.0219742204488735
"chr10-0670",-0.480535115360101
"chr10-0671",-0.2607707952749
"chr10-0672",-0.544621822932664
"chr10-0673",-0.321274513572195
"chr10-0674",-0.355782765379304
"chr10-0675",-0.112660019233921
"chr10-0676",-0.460054257544914
"chr10-0677",-0.480395337268423
"chr10-0678",-0.478951972849299
"chr10-0679",-0.587168286056183
"chr10-0680",-0.59338213864844
"chr10-0681",-0.306221003026718
"chr10-0682",-0.44308441360721
"chr10-0683",-0.373069894687123
"chr10-0684",-0.189063672325292
"chr10-0685",-0.59484315025877
"chr10-0686",-0.504875386729372
"chr10-0687",-0.435975241857602
"chr10-0688",-0.361869593634683
"chr10-0689",-0.630951260693249
"chr10-0690",-0.34768290392974
"chr10-0691",-0.284348890596787
"chr10-0692",-0.381759588203848
"chr10-0693",-0.407791600487764
"chr10-0694",-0.422875968981208
"chr10-0695",-0.432836733452358
"chr10-0696",-0.536615408275494
"chr10-0697",-0.36021974400333
"chr10-0698",-0.248264639489048
"chr10-0699",-0.415768721736864
"chr10-0700",-0.391708889842397
"chr10-0701",-0.351619363219871
"chr10-0702",-0.237409948671905
"chr10-0703",-0.246768409993782
"chr10-0704",-0.416743768763115
"chr10-0705",-0.296229144245013
"chr10-0706",-0.441718797324402
"chr10-0707",-0.26370481534204
"chr10-0708",-0.330477138818953
"chr10-0709",-0.365510107240214
"chr10-0710",-0.381790899094606
"chr10-0711",-0.340138303786003
"chr10-0712",-0.26712117848305
"chr10-0713",-0.417866801330009
"chr10-0714",-0.414288504517691
"chr10-0715",-0.397652598992655
"chr10-0716",-0.472135871311888
"chr10-0717",-0.903242986212366
"chr10-0718",-0.480070518143495
"chr10-0719",-0.222193134851049
"chr10-0720",-0.275380535053216
"chr10-0721",-0.524709679644496
"chr10-0722",-0.170530479896785
"chr10-0723",-0.236246307992297
"chr10-0724",-0.439221593387373
"chr10-0725",-0.305077836040062
"chr10-0726",-0.13868915220673
"chr10-0727",-0.371371464884627
"chr10-0728",-0.44608039206431
"chr10-0729",-0.141001873261752
"chr10-0730",-0.322114318256266
"chr10-0731",-0.282746320355696
"chr10-0732",-0.24455149454277
"chr10-0733",-0.654160221303944
"chr10-0734",-0.494445163927163
"chr10-0735",-0.888318856547602
"chr10-0736",-0.741841705457864
"chr10-0737",-0.737963570098873
"chr10-0738",-0.563061266678819
"chr10-0739",-0.488630552777083
"chr10-0740",-0.365962663159052
"chr10-0741",-0.653680059122934
"chr10-0742",-0.564628519520494
"chr10-0743",-0.250227228012826
"chr10-0744",-0.430986522049117
"chr10-0745",-0.0713033368405293
"chr10-0746",-0.248728270051931
"chr10-0747",-0.481977040599126
"chr10-0748",-0.414681217845894
"chr10-0749",-0.303136427165437
"chr10-0750",-0.341716483683394
"chr10-0751",-0.375422930889811
"chr10-0752",-0.321066654717059
"chr10-0753",-0.386077497421597
"chr10-0754",-0.245443093636981
"chr10-0755",-0.434255932340032
"chr10-0756",-0.727121260247454
"chr10-0757",-0.371892841200802
"chr10-0758",-0.613601206384089
"chr10-0759",-0.605910653057444
"chr10-0760",-0.22247991867288
"chr10-0761",-0.602720576449278
"chr10-0762",-0.333889094854053
"chr10-0763",-0.516927024063201
"chr10-0764",-0.256538897539814
"chr10-0765",-0.514176308629172
"chr10-0766",-0.156432282807572
"chr10-0767",-0.276147674760911
"chr10-0768",-0.208579010109116
"chr10-0769",-0.497265797892549
"chr10-0770",-0.411725121045069
"chr10-0771",-0.296060698510778
"chr10-0772",-0.435792320715014
"chr10-0773",-0.305785473526994
"chr10-0774",-0.26163651613644
"chr10-0775",-0.513547578432003
"chr10-0776",-0.219782809511964
"chr10-0777",-0.526731745750512
"chr10-0778",-0.441254160664111
"chr10-0779",-0.440997247425367
"chr10-0780",-0.49121695257751
"chr10-0781",-0.294944292846666
"chr10-0782",-0.402224268884521
"chr10-0783",-0.363149273866388
"chr10-0784",-0.295942859987359
"chr10-0785",-0.377519363912405
"chr10-0786",-0.230579540766516
"chr10-0787",-0.599181468242151
"chr10-0788",-0.411893036611684
"chr10-0789",-0.354889924369127
"chr10-0790",-0.392408738856389
"chr10-0791",-0.638185259567122
"chr10-0792",-0.421890796250705
"chr10-0793",-0.261846958863316
"chr10-0794",-0.359370930341071
"chr10-0795",-0.48231674630098
"chr10-0796",-0.443075743134722
"chr10-0797",-0.416106504688245
"chr10-0798",-0.574600402346944
"chr10-0799",-0.315962073092542
"chr10-0800",-0.569291811607801
"chr10-0801",-0.547431805231204
"chr10-0802",-0.440890002777271
"chr10-0803",-0.365856196023802
"chr10-0804",-0.156994147463415
"chr10-0805",-0.485035683050827
"chr10-0806",-0.322391911788113
"chr10-0807",-0.495209518404664
"chr10-0808",-0.412811272328146
"chr10-0809",-0.331193671538133
"chr10-0810",-0.596802323809998
"chr10-0811",-0.515751641168853
"chr10-0812",-0.282578023143452
"chr10-0813",-0.31413302968686
"chr10-0814",-0.164888827899517
"chr10-0815",-0.393611553778805
"chr10-0816",-0.236132277579584
"chr10-0817",-0.308006575309294
"chr10-0818",-0.445919043157355
"chr10-0819",-0.267743323408934
"chr10-0820",-0.3762998779581
"chr10-0821",-0.36018378299519
"chr10-0822",-0.350222074000342
"chr10-0823",-0.419425717909223
"chr10-0824",-0.715759608764096
"chr10-0825",-0.337003086661624
"chr10-0826",-0.325559380166114
"chr10-0827",-0.429959414034433
"chr10-0828",-0.333724893436111
"chr10-0829",-0.23931912097102
"chr10-0830",-0.243692924195048
"chr10-0831",-0.36737151808156
"chr10-0832",-0.213049066525596
"chr10-0833",-0.357066231918852
"chr10-0834",-0.423273780645487
"chr10-0835",-0.196158252446403
"chr10-0836",-0.166741680127206
"chr10-0837",-0.324752803301282
"chr10-0838",-0.280908574280788
"chr10-0839",-0.164541668469081
"chr10-0840",-0.361094994919061
"chr10-0841",-0.33982101290224
"chr10-0842",-0.46782899551395
"chr10-0843",-0.374293402290105
"chr10-0844",-0.758280208612251
"chr10-0845",-0.415026003249721
"chr10-0846",-0.380341587030854
"chr10-0847",-0.377918657469937
"chr10-0848",-0.24017584644043
"chr10-0849",-0.383674730201772
"chr10-0850",-0.475542070639886
"chr10-0851",-0.437048705452259
"chr10-0852",-0.360827866893349
"chr10-0853",-0.380836027664991
"chr10-0854",-0.300735371303753
"chr10-0855",-0.329470918856933
"chr10-0856",-0.430514149193201
"chr10-0857",-0.354330589806402
"chr10-0858",-0.176742353577086
"chr10-0859",-0.380830429416842
"chr10-0860",-0.342036774807342
"chr10-0861",-0.334751164539106
"chr10-0862",-0.167529087646161
"chr10-0863",-0.24965346050736
"chr10-0864",-0.292606284820646
"chr10-0865",-0.232611120146752
"chr10-0866",-0.246388029022741
"chr10-0867",-0.607582221402179
"chr10-0868",-0.17259001254121
"chr10-0869",-0.355182311105433
"chr10-0870",-0.184137955619488
"chr10-0871",-0.610605708017827
"chr10-0872",-0.513818582039642
"chr10-0873",-0.379497354264566
"chr10-0874",-0.277911029831527
"chr10-0875",-0.304603728712355
"chr10-0876",-0.296272087706482
"chr10-0877",-0.600471986067911
"chr10-0878",-0.4828728895307
"chr10-0879",-0.424956598485468
"chr10-0880",-0.531472543125109
"chr10-0881",-0.233346224525952
"chr10-0882",-0.477252902630679
"chr10-0883",-0.562460311514944
"chr10-0884",-0.279058344407158
"chr10-0885",-0.332820137912954
"chr10-0886",-0.232114973053727
"chr10-0887",-0.319192329962314
"chr10-0888",-0.283097932553506
"chr10-0889",-0.670329890753615
"chr10-0890",-0.532446624058005
"chr10-0891",-0.329233616001684
"chr10-0892",-0.288307051983928
"chr10-0893",-0.253895824764192
"chr10-0894",-0.435714128884481
"chr10-0895",-0.519552230713607
"chr10-0896",-0.403030167497958
"chr10-0897",-0.365444900716194
"chr10-0898",-0.457402988584689
"chr10-0899",-0.482014048065624
"chr10-0900",-0.460588789539273
"chr10-0901",-0.132671450879624
"chr10-0902",-0.32745112064521
"chr10-0903",-0.323012051409742
"chr10-0904",-0.351615916308098
"chr10-0905",-0.1714180297185
"chr10-0906",-0.214675442105665
"chr10-0907",-0.154491064320881
"chr10-0908",-0.219009037353703
"chr10-0909",-0.355150065466213
"chr10-0910",-0.401216182288555
"chr10-0911",-0.2155982904587
"chr10-0912",-0.409443235321105
"chr10-0913",-0.175014151637323
"chr10-0914",-0.342984423463593
"chr10-0915",-0.411571069456987
"chr10-0916",-0.595031896139185
"chr10-0917",-0.603577180894801
"chr10-0918",-0.348229204557683
"chr10-0919",-0.427011184791954
"chr10-0920",-0.342796762928648
"chr10-0921",-0.596715336692828
"chr10-0922",-0.377667677168291
"chr10-0923",-0.563278213938504
"chr10-0924",-0.390436113449084
"chr10-0925",-0.367675754374003
"chr10-0926",-0.523465250529745
"chr10-0927",-0.448471766005576
"chr10-0928",-0.484134836014693
"chr10-0929",-0.208827909105886
"chr10-0930",-0.345506830087058
"chr10-0931",-0.372641429649733
"chr10-0932",-0.307450219648919
"chr10-0933",-0.275272591072946
"chr10-0934",-0.241704775831941
"chr10-0935",-0.191920094388974
"chr10-0936",-0.166373087797782
"chr10-0937",-0.151964137339696
"chr10-0938",-0.153742032666028
"chr10-0939",-0.176272779290784
"chr10-0940",-0.270119285153857
"chr10-0941",-0.319927146850704
"chr10-0942",-0.273040986537107
"chr10-0943",-0.254790107982069
"chr10-0944",-0.352604824723362
"chr10-0945",-0.276472276315559
"chr10-0946",-0.282248416603851
"chr10-0947",-0.265289978964464
"chr10-0948",-0.222488471777776
"chr10-0949",-0.368736528459993
"chr10-0950",-0.381879810069668
"chr10-0951",-0.29395797034576
"chr11-0001",0.130209496463144
"chr11-0002",0.00844589078333347
"chr11-0003",0.0851025125737743
"chr11-0004",0.0633411470690695
"chr11-0005",0.113359009133445
"chr11-0006",0.118560865240804
"chr11-0007",0.162481864856937
"chr11-0008",0.0943822798323611
"chr11-0009",0.0979574229339627
"chr11-0010",0.0866746170072518
"chr11-0011",0.0176107335621476
"chr11-0012",0.00342895969776221
"chr11-0013",-0.0929583383713995
"chr11-0014",0.0688876893308984
"chr11-0015",0.029822683777296
"chr11-0016",0.195023256419468
"chr11-0017",0.0106202760629408
"chr11-0018",0.149327690113099
"chr11-0019",0.154138021727767
"chr11-0020",0.0302193587171432
"chr11-0021",0.13869653248636
"chr11-0022",0.0619422699664429
"chr11-0023",0.055502219767266
"chr11-0024",0.0313857475036519
"chr11-0025",0.0527770145820638
"chr11-0026",-0.214774501612092
"chr11-0027",0.0208229472008809
"chr11-0028",-0.14945399647402
"chr11-0029",0.0305999980603937
"chr11-0030",0.066027721492608
"chr11-0031",0.0698113958071449
"chr11-0032",0.0723266343081755
"chr11-0033",0.0141109945565071
"chr11-0034",0.0994114872141277
"chr11-0035",0.144870992187505
"chr11-0036",0.0800952824552323
"chr11-0037",0.11233835377257
"chr11-0038",0.0941465398694871
"chr11-0039",0.0881134230576544
"chr11-0040",0.0368590566507564
"chr11-0041",0.0263257777810639
"chr11-0042",0.0437816529863347
"chr11-0043",0.148115340859147
"chr11-0044",0.191303755645766
"chr11-0045",0.0047714703203109
"chr11-0046",-0.0697826309635212
"chr11-0047",0.130790910127386
"chr11-0048",0.108037635281436
"chr11-0049",0.0231434424352847
"chr11-0050",0.118596391482454
"chr11-0051",0.0671572309305777
"chr11-0052",0.0119362804060917
"chr11-0053",0.0384498717414331
"chr11-0054",0.0760068218003731
"chr11-0055",-0.150503144212992
"chr11-0056",0.0898155757592588
"chr11-0057",-0.000562149748475262
"chr11-0058",-0.0199132544498648
"chr11-0059",-0.0535269112618585
"chr11-0060",-0.155166891433243
"chr11-0061",-0.110461524689732
"chr11-0062",0.0502892046746978
"chr11-0063",0.120232043389406
"chr11-0064",0.132842328703832
"chr11-0065",0.0586608556383491
"chr11-0066",0.105827778168212
"chr11-0067",0.0358112853429346
"chr11-0068",0.038518712904745
"chr11-0069",0.198088601489396
"chr11-0070",0.0834267642538664
"chr11-0071",0.0975140052001293
"chr11-0072",0.187764616356167
"chr11-0073",0.142995584686798
"chr11-0074",0.111612229783337
"chr11-0075",0.230682407626257
"chr11-0076",-0.0397982317171739
"chr11-0077",0.193494220736204
"chr11-0078",0.281706832788032
"chr11-0079",0.153238702785898
"chr11-0080",-0.0403629427671886
"chr11-0081",0.105824951937269
"chr11-0082",0.120554312539827
"chr11-0083",0.056930490950904
"chr11-0084",-0.0236337754909369
"chr11-0085",0.063771726068795
"chr11-0086",0.0722821719926603
"chr11-0087",0.0360375700318517
"chr11-0088",0.00154962361632999
"chr11-0089",0.116684926796859
"chr11-0090",0.0985296199960656
"chr11-0091",0.160553485637747
"chr11-0092",0.117556139405279
"chr11-0093",0.281324496099321
"chr11-0094",0.202462027826687
"chr11-0095",0.0798049004719297
"chr11-0096",0.0859516715745202
"chr11-0097",0.130835948202112
"chr11-0098",0.0470675571704361
"chr11-0099",-0.048976038073607
"chr11-0100",0.148519482083604
"chr11-0101",0.13382942140505
"chr11-0102",0.0766769495999442
"chr11-0103",0.221297004018775
"chr11-0104",0.0350589082876213
"chr11-0105",0.209609946938226
"chr11-0106",0.191069546771256
"chr11-0107",0.0875308357403155
"chr11-0108",0.232578178738692
"chr11-0109",0.186847240458659
"chr11-0110",0.0958037780086197
"chr11-0111",0.130653923041744
"chr11-0112",0.177833386007758
"chr11-0113",0.218034354085581
"chr11-0114",0.245450455946614
"chr11-0115",0.133989986032943
"chr11-0116",0.185989673712389
"chr11-0117",0.098763989561025
"chr11-0118",0.0654504030017871
"chr11-0119",0.164208494489678
"chr11-0120",0.0302921856461335
"chr11-0121",0.140344136668707
"chr11-0122",0.0612954479551154
"chr11-0123",0.260627551379368
"chr11-0124",0.231459583053463
"chr11-0125",0.16036299460819
"chr11-0126",0.145053441529699
"chr11-0127",0.158020588974795
"chr11-0128",0.139560708889824
"chr11-0129",0.308363796571693
"chr11-0130",0.0969352259961067
"chr11-0131",0.0859981540554402
"chr11-0132",0.29876922501422
"chr11-0133",0.283366162757956
"chr11-0134",0.362103157261049
"chr11-0135",0.157139629670186
"chr11-0136",0.0563057073361702
"chr11-0137",0.0670403120421695
"chr11-0138",0.178922321895407
"chr11-0139",0.0908611366411392
"chr11-0140",0.102088782045968
"chr11-0141",0.0599834220179232
"chr11-0142",0.141988855397238
"chr11-0143",-0.0337201502695162
"chr11-0144",0.007072120601663
"chr11-0145",0.085671674195186
"chr11-0146",0.200157982631552
"chr11-0147",0.171119522978762
"chr11-0148",0.124795914038374
"chr11-0149",0.272336173670446
"chr11-0150",0.102922465580045
"chr11-0151",0.147303756603214
"chr11-0152",0.227769959520326
"chr11-0153",0.16640450675829
"chr11-0154",0.1234230105255
"chr11-0155",0.285250306938593
"chr11-0156",0.2789980732068
"chr11-0157",0.182383078651195
"chr11-0158",0.00938875998881898
"chr11-0159",0.106740053987097
"chr11-0160",0.185907963923969
"chr11-0161",0.114594991417685
"chr11-0162",0.0681867525592544
"chr11-0163",0.170824701754799
"chr11-0164",0.215789869732787
"chr11-0165",0.0120614568699621
"chr11-0166",0.0395589236566147
"chr11-0167",0.0575668186292564
"chr11-0168",0.06497723704404
"chr11-0169",0.00739732104173204
"chr11-0170",0.147144358846875
"chr11-0171",0.0784567135461686
"chr11-0172",0.0774027380879416
"chr11-0173",-0.0750010096001605
"chr11-0174",-0.112981929088893
"chr11-0175",-0.162220729817488
"chr11-0176",0.0746626682386221
"chr11-0177",0.16605057041087
"chr11-0178",-0.144920566136511
"chr11-0179",0.0815550110257188
"chr11-0180",0.0256724486452775
"chr11-0181",0.00890339497514389
"chr11-0182",-0.0313779169001629
"chr11-0183",0.22031787195323
"chr11-0184",0.0779843011911585
"chr11-0185",0.214805716143825
"chr11-0186",0.0593187434842832
"chr11-0187",0.127185371311928
"chr11-0188",0.103193298562163
"chr11-0189",0.296765120495438
"chr11-0190",0.220915657544813
"chr11-0191",0.0496597919737359
"chr11-0192",0.273784996381143
"chr11-0193",0.217882930109644
"chr11-0194",0.123988238620837
"chr11-0195",0.188297012367168
"chr11-0196",0.0690484984119722
"chr11-0197",-0.0259263056401054
"chr11-0198",0.0443468853030594
"chr11-0199",0.0891846385082658
"chr11-0200",0.0599354930138846
"chr11-0201",0.170270058749361
"chr11-0202",0.318002645080639
"chr11-0203",0.15865037620269
"chr11-0204",0.218330723276358
"chr11-0205",0.109248036437425
"chr11-0206",0.0188820083541167
"chr11-0207",0.18008020770397
"chr11-0208",0.06502380923469
"chr11-0209",0.24145392539782
"chr11-0210",0.200656779678146
"chr11-0211",0.136299468697889
"chr11-0212",0.132405760618928
"chr11-0213",0.0364092419218947
"chr11-0214",0.0257226001098953
"chr11-0215",0.187638143281391
"chr11-0216",0.26891571844643
"chr11-0217",0.104042704669632
"chr11-0218",0.0956959397055613
"chr11-0219",0.213931448723524
"chr11-0220",-0.0398353087382993
"chr11-0221",0.0348771569308797
"chr11-0222",0.208456904362627
"chr11-0223",0.0727501451392316
"chr11-0224",0.0458353480654758
"chr11-0225",0.195609103916034
"chr11-0226",0.118226331030401
"chr11-0227",0.121144066969006
"chr11-0228",0.242870563661701
"chr11-0229",0.276172427248929
"chr11-0230",0.34457379374681
"chr11-0231",0.366441939088034
"chr11-0232",0.270926953973875
"chr11-0233",0.106373700345091
"chr11-0234",0.0772702486764347
"chr11-0235",0.171166733793305
"chr11-0236",0.121306067476032
"chr11-0237",-0.0648225964038888
"chr11-0238",0.0140963558214595
"chr11-0239",0.0574234113154591
"chr11-0240",0.185122921460703
"chr11-0241",0.093828128074242
"chr11-0242",0.132278764969924
"chr11-0243",0.273452853862687
"chr11-0244",0.150014340360549
"chr11-0245",0.0283279851031273
"chr11-0246",0.0478301016274923
"chr11-0247",0.189262496388397
"chr11-0248",0.216382940296688
"chr11-0249",0.00854642361413862
"chr11-0250",0.114937892614038
"chr11-0251",0.113155707150652
"chr11-0252",0.113826666045531
"chr11-0253",0.158749630406615
"chr11-0254",0.189175293726524
"chr11-0255",0.174397213055552
"chr11-0256",0.0896629816711158
"chr11-0257",0.133091133477979
"chr11-0258",0.0980848222332487
"chr11-0259",0.0744640492043397
"chr11-0260",0.152071743505086
"chr11-0261",0.0866067734751179
"chr11-0262",0.174692481575764
"chr11-0263",0.226949345375509
"chr11-0264",0.442894969654049
"chr11-0265",0.161050881333597
"chr11-0266",0.148348345181497
"chr11-0267",0.100264779423183
"chr11-0268",0.134721342387073
"chr11-0269",0.214779727733327
"chr11-0270",0.235068897216736
"chr11-0271",0.183817883467657
"chr11-0272",0.180370793136383
"chr11-0273",0.118497847917433
"chr11-0274",0.0968165132743986
"chr11-0275",0.00808398928341639
"chr11-0276",0.163212920053729
"chr11-0277",0.13869611070267
"chr11-0278",0.010942108825107
"chr11-0279",0.185296000955886
"chr11-0280",0.106247790208469
"chr11-0281",0.212212500139607
"chr11-0282",0.0601286145783025
"chr11-0283",-0.00134241122603144
"chr11-0284",-0.10509514570435
"chr11-0285",-0.168034624350673
"chr11-0286",0.316097589185381
"chr11-0287",0.191804374824542
"chr11-0288",0.0173191226371936
"chr11-0289",0.158715980167157
"chr11-0290",0.139770642558287
"chr11-0291",0.200028190286577
"chr11-0292",0.185236235283578
"chr11-0293",0.132144573162226
"chr11-0294",0.00572850601011917
"chr11-0295",-0.0743616713379811
"chr11-0296",0.0875553582191353
"chr11-0297",0.150991271926184
"chr11-0298",0.130373422797391
"chr11-0299",0.162118361122981
"chr11-0300",0.126480528149068
"chr11-0301",0.111956604557491
"chr11-0302",0.139634913070838
"chr11-0303",0.132860461342587
"chr11-0304",0.0270886406733866
"chr11-0305",0.199963249713359
"chr11-0306",-0.00218513066917208
"chr11-0307",-0.108035737765453
"chr11-0308",0.104707387438236
"chr11-0309",0.0297725975145714
"chr11-0310",0.047769135724975
"chr11-0311",0.101831084464151
"chr11-0312",0.098144710594871
"chr11-0313",0.102711231736341
"chr11-0314",0.112619230907458
"chr11-0315",0.0470615716575802
"chr11-0316",0.0408391430361823
"chr11-0317",0.13778042016014
"chr11-0318",0.127835166532992
"chr11-0319",0.127942339890615
"chr11-0320",0.105719412564634
"chr11-0321",-0.0764940687333079
"chr11-0322",0.0741495825892255
"chr11-0323",0.0530011695249437
"chr11-0324",-0.0228033817360615
"chr11-0325",0.100161477192218
"chr11-0326",0.121894114311399
"chr11-0327",0.0488411634640148
"chr11-0328",0.0886989027518517
"chr11-0329",0.0777896244916529
"chr11-0330",-0.0693531340103348
"chr11-0331",0.0895647591132345
"chr11-0332",0.054156198885354
"chr11-0333",0.132183532335895
"chr11-0334",0.0873132077846758
"chr11-0335",-0.0358979458388077
"chr11-0336",-0.00851541122513664
"chr11-0337",0.0256812629190151
"chr11-0338",0.00943945807943572
"chr11-0339",-0.0992562790405478
"chr11-0340",-0.0955303796827096
"chr11-0341",0.274288777277882
"chr11-0342",0.104282664595182
"chr11-0343",0.103212465923709
"chr11-0344",-0.0210062730680178
"chr11-0345",-0.291050879887345
"chr11-0346",-0.436479784497188
"chr11-0347",-0.582353771100599
"chr11-0348",-0.0199000154793025
"chr11-0349",0.149286258134504
"chr11-0350",-0.395140266439556
"chr11-0351",-0.0550892653760923
"chr11-0352",-0.178339557666491
"chr11-0353",-0.334990440927935
"chr11-0354",-0.172017872960595
"chr11-0355",0.102353855885069
"chr11-0356",-0.00638004880982016
"chr11-0357",0.0110823170451464
"chr11-0358",0.168788549670039
"chr11-0359",0.0672535896839686
"chr11-0360",-0.00957994239172603
"chr11-0361",0.0800249266220024
"chr11-0362",0.0775296516531818
"chr11-0363",0.124704994744742
"chr11-0364",0.0251699751773481
"chr11-0365",-0.13364164540128
"chr11-0366",-0.202047082617873
"chr11-0367",-0.361881637546798
"chr11-0368",0.22407417463775
"chr11-0369",0.151216952021712
"chr11-0370",0.0321867582460084
"chr11-0371",0.0667893878232989
"chr11-0372",0.208880525698261
"chr11-0373",-0.0946628882848133
"chr11-0374",-0.202153109666212
"chr11-0375",-0.193962763270508
"chr11-0376",0.197885995892163
"chr11-0377",-0.00811001779867288
"chr11-0378",0.0224885971512598
"chr11-0379",0.0892296350909199
"chr11-0380",0.0446648068452845
"chr11-0381",0.0415845433644884
"chr11-0382",0.146182154774139
"chr11-0383",-0.0196459717157266
"chr11-0384",-0.155688656388163
"chr11-0385",-0.0883227528851006
"chr11-0386",0.0636013006837856
"chr11-0387",-0.0655068677461936
"chr11-0388",0.0557124016783742
"chr11-0389",0.102316927377535
"chr11-0390",0.0741149249022102
"chr11-0391",-0.00869455020103425
"chr11-0392",-0.0582135194451747
"chr11-0393",0.0575237853324425
"chr11-0394",0.115671095988382
"chr11-0395",0.116840687719857
"chr11-0396",0.0439613940927164
"chr11-0397",0.0759670162534104
"chr11-0398",-0.0375387590492072
"chr11-0399",-0.0813825121458071
"chr11-0400",0.112041445900661
"chr11-0401",0.0716662850414861
"chr11-0402",0.165324214408319
"chr11-0403",0.0127067704876984
"chr11-0404",0.00233582020290023
"chr11-0405",0.284917585399309
"chr11-0406",-0.121040376354345
"chr11-0407",-0.167937980328408
"chr11-0408",0.08962819697947
"chr11-0409",-0.00464821931247398
"chr11-0410",0.14081257313111
"chr11-0411",0.0990852348554144
"chr11-0412",0.0603980092445214
"chr11-0413",0.0753089377541376
"chr11-0414",-0.0688188502191297
"chr11-0415",0.0878243070503886
"chr11-0416",-0.0615047303652592
"chr11-0417",-0.11085210773906
"chr11-0418",-0.276741728531001
"chr11-0419",0.110515227769754
"chr11-0420",0.105061639977756
"chr11-0421",0.133070839094706
"chr11-0422",-0.0974903595184069
"chr11-0423",0.091053155593357
"chr11-0424",0.0944290214408344
"chr11-0425",0.109095321644572
"chr11-0426",0.0305853391482133
"chr11-0427",0.0537765575588484
"chr11-0428",0.0992492404232648
"chr11-0429",0.128762717416436
"chr11-0430",0.0685648779331139
"chr11-0431",0.0282032231722283
"chr11-0432",0.00599748916494096
"chr11-0433",0.0593458944043572
"chr11-0434",0.0841804785691185
"chr11-0435",0.0633454092026215
"chr11-0436",0.156764612125984
"chr11-0437",0.0393395812103863
"chr11-0438",0.0719783832044644
"chr11-0439",-0.0971687247433995
"chr11-0440",0.00343204992884525
"chr11-0441",0.0733039964321832
"chr11-0442",0.0153546739354307
"chr11-0443",0.0101268816844871
"chr11-0444",0.10158054317444
"chr11-0445",0.201484040863102
"chr11-0446",0.157878058213124
"chr11-0447",0.12910695109587
"chr11-0448",0.121521727517903
"chr11-0449",0.0666323627269292
"chr11-0450",0.0254593158880122
"chr11-0451",0.115405190374067
"chr11-0452",0.0120358229561664
"chr11-0453",0.0737404916664697
"chr11-0454",-0.0330334013708503
"chr11-0455",0.0683976829610575
"chr11-0456",0.0702817226060382
"chr11-0457",0.0494451580841446
"chr11-0458",-0.0488240757927328
"chr11-0459",0.0619455405525757
"chr11-0460",0.00459014099618747
"chr11-0461",0.041420722521648
"chr11-0462",0.0395746575641172
"chr11-0463",0.133248516941237
"chr11-0464",0.0135952053703543
"chr11-0465",-0.0807473612976198
"chr11-0466",-0.0403628746469581
"chr11-0467",0.0591845191908728
"chr11-0468",0.101178258583322
"chr11-0469",0.109485251140938
"chr11-0470",0.0859929547862592
"chr11-0471",0.13019316610095
"chr11-0472",0.10544299000851
"chr11-0473",-0.0188656157685888
"chr11-0474",0.105604779726475
"chr11-0475",0.0555846853818979
"chr11-0476",0.166271732854218
"chr11-0477",0.140737590844459
"chr11-0478",0.167524980224324
"chr11-0479",0.0566625007467182
"chr11-0480",0.15497519748094
"chr11-0481",-0.0154885417047378
"chr11-0482",0.234396561213442
"chr11-0483",0.174566840629767
"chr11-0484",-0.0166336803933121
"chr11-0485",-0.00782574591795625
"chr11-0486",0.0940184302845848
"chr11-0487",-0.0626537591478
"chr11-0488",0.0939356866425134
"chr11-0489",0.115118322686158
"chr11-0490",0.0684548957298994
"chr11-0491",0.0356509549078447
"chr11-0492",-0.00489984006334897
"chr11-0493",0.115765223367794
"chr11-0494",0.0614488718368465
"chr11-0495",0.00430817648006016
"chr11-0496",0.0523366742129712
"chr11-0497",0.0743236083021625
"chr11-0498",-0.0137387206628336
"chr11-0499",-0.00293373524698194
"chr11-0500",-0.041615748832787
"chr11-0501",0.117067360433373
"chr11-0502",0.131144201569415
"chr11-0503",0.110960030332218
"chr11-0504",0.0336560127269008
"chr11-0505",0.146744453181495
"chr11-0506",0.0981657588387095
"chr11-0507",0.0506980027360332
"chr11-0508",0.101867944101993
"chr11-0509",0.0397563305030109
"chr11-0510",-0.0446832426524328
"chr11-0511",-0.0202583239105443
"chr11-0512",0.042514932066138
"chr11-0513",-0.0129018321423289
"chr11-0514",0.044024818892426
"chr11-0515",0.121474139566395
"chr11-0516",-0.00441123449608985
"chr11-0517",-0.0838876867149046
"chr11-0518",-0.00249563150688937
"chr11-0519",0.0655556671862991
"chr11-0520",0.048123654176416
"chr11-0521",-0.018385938569927
"chr11-0522",0.132816779872252
"chr11-0523",0.116628945720174
"chr11-0524",0.151457883555143
"chr11-0525",0.0877888057859733
"chr11-0526",0.157535689685594
"chr11-0527",0.147840230849439
"chr11-0528",0.0845132617913717
"chr11-0529",0.0626015610155873
"chr11-0530",0.164217750127027
"chr11-0531",0.0813566761283625
"chr11-0532",-0.0286077643902813
"chr11-0533",-0.00789294025370081
"chr11-0534",0.0737992003337931
"chr11-0535",0.0946158341320881
"chr11-0536",0.123372364198175
"chr11-0537",0.103939396589699
"chr11-0538",0.101188120259603
"chr11-0539",0.0882286654881592
"chr11-0540",0.119902748219771
"chr11-0541",-0.00538653124732246
"chr11-0542",0.0512325585042024
"chr11-0543",-0.0617296056285573
"chr11-0544",0.0697292160500042
"chr11-0545",0.0750929966411235
"chr11-0546",-0.0197877358915545
"chr11-0547",-0.203271256243372
"chr11-0548",-0.002156970472841
"chr11-0549",0.119287467180496
"chr11-0550",0.177591806552497
"chr11-0551",0.151624170792505
"chr11-0552",0.0928307138982405
"chr11-0553",0.0910163882259128
"chr11-0554",0.151283401782407
"chr11-0555",0.0396754580277631
"chr11-0556",-0.0118924340509622
"chr11-0557",0.0701278387696313
"chr11-0558",-0.109647255138876
"chr11-0559",0.0217601474678341
"chr11-0560",-0.0669957416045334
"chr11-0561",0.0398165565150894
"chr11-0562",0.07212274749794
"chr11-0563",0.0247409965794936
"chr11-0564",0.112122557285985
"chr11-0565",0.0876935858652781
"chr11-0566",-0.0373791311911945
"chr11-0567",0.132689660602124
"chr11-0568",-0.00601572006800029
"chr11-0569",0.184281723296168
"chr11-0570",0.0126543279225205
"chr11-0571",-0.0431487322730612
"chr11-0572",0.0635511244761468
"chr11-0573",0.206924538403411
"chr11-0574",-0.00269119005393645
"chr11-0575",0.0425684822391111
"chr11-0576",0.0679594921221165
"chr11-0577",0.0108782386297771
"chr11-0578",0.0907023479779598
"chr11-0579",0.0542606725678157
"chr11-0580",0.0577613925978604
"chr11-0581",0.102812954601899
"chr11-0582",0.0829058778440942
"chr11-0583",0.0582294724266872
"chr11-0584",0.0347410900774283
"chr11-0585",0.192458559956567
"chr11-0586",0.0663987957216508
"chr11-0587",0.0947487153542173
"chr11-0588",-0.0158904087774924
"chr11-0589",0.0299439203647316
"chr11-0590",0.145483636288472
"chr11-0591",0.102080547833122
"chr11-0592",0.116637858339222
"chr11-0593",0.0998848506189939
"chr11-0594",0.008245751172446
"chr11-0595",0.150154310632239
"chr11-0596",0.0793480766064495
"chr11-0597",0.110678652185647
"chr11-0598",0.190660281137654
"chr11-0599",0.200738694210685
"chr11-0600",0.125712366922646
"chr11-0601",0.0137870667146224
"chr11-0602",0.111896632517868
"chr11-0603",-0.00248691650092515
"chr11-0604",0.102990888571089
"chr11-0605",0.111948733798702
"chr11-0606",0.149202440255105
"chr11-0607",0.167635123765015
"chr11-0608",0.144078833163223
"chr11-0609",0.180272620068293
"chr11-0610",0.0604570937627888
"chr11-0611",0.249718426848812
"chr11-0612",0.0614764546470345
"chr11-0613",0.180691107020563
"chr11-0614",0.0440304550974652
"chr11-0615",0.103974335768016
"chr11-0616",0.213095718586591
"chr11-0617",0.0577634463454925
"chr11-0618",0.191941021984473
"chr11-0619",0.0597865610427073
"chr11-0620",0.145006319877441
"chr11-0621",-0.0213644620482931
"chr11-0622",0.0558992634966661
"chr11-0623",0.0512920891314818
"chr11-0624",0.211147863918186
"chr11-0625",0.18469613649401
"chr11-0626",-0.0222934527827528
"chr11-0627",0.0999205675007405
"chr11-0628",0.140163625887485
"chr11-0629",0.131012731330025
"chr11-0630",0.159510666815954
"chr11-0631",0.236793781497638
"chr11-0632",0.129392388600997
"chr11-0633",0.193665659894505
"chr11-0634",0.130557916389599
"chr11-0635",0.117783366302059
"chr11-0636",-0.0908595101728705
"chr11-0637",0.187254099832559
"chr11-0638",0.289758795437712
"chr11-0639",0.0115767993051193
"chr11-0640",0.0337250490118355
"chr11-0641",-0.0318940066508877
"chr11-0642",0.0236191381139262
"chr11-0643",0.241696275630002
"chr11-0644",0.119783302006826
"chr11-0645",0.0997473621903298
"chr11-0646",0.144951178388767
"chr11-0647",0.151382301505075
"chr11-0648",0.0543052495230161
"chr11-0649",-0.010637241717423
"chr11-0650",0.230154531505336
"chr11-0651",0.150097554690004
"chr11-0652",0.1821024094846
"chr11-0653",0.335931709112715
"chr11-0654",0.174385910387339
"chr11-0655",0.170920638130716
"chr11-0656",0.14578033850168
"chr11-0657",-0.0256791468234665
"chr11-0658",0.0525052819721014
"chr11-0659",0.130166319098192
"chr11-0660",0.253717412764703
"chr11-0661",0.161147779720037
"chr11-0662",0.325566231661776
"chr11-0663",0.123637466422901
"chr11-0664",0.10100675093329
"chr11-0665",0.200715211037546
"chr11-0666",0.271965259718033
"chr11-0667",0.297210145255702
"chr11-0668",0.144097375164717
"chr11-0669",0.261538481979831
"chr11-0670",0.393390003511126
"chr11-0671",0.128467644461273
"chr11-0672",0.284983413247222
"chr11-0673",0.183195661250044
"chr11-0674",0.104741355959111
"chr11-0675",0.283263834495757
"chr11-0676",0.193453043040367
"chr11-0677",-0.0212910306146898
"chr11-0678",0.328945116587751
"chr11-0679",0.148446462470191
"chr11-0680",0.271224234680723
"chr11-0681",0.241868580730721
"chr11-0682",0.0634936497490658
"chr11-0683",-0.0136265479101925
"chr11-0684",0.229803898615094
"chr11-0685",0.0971808986726127
"chr11-0686",0.12529785374015
"chr11-0687",0.112990384541232
"chr11-0688",0.177446947897595
"chr11-0689",0.143514232369834
"chr11-0690",-0.0319404680900342
"chr11-0691",0.192988316086584
"chr11-0692",-0.00812108173762022
"chr11-0693",0.173924953048085
"chr11-0694",0.276785091647074
"chr11-0695",0.131133953210521
"chr11-0696",0.134443579451008
"chr11-0697",-0.0902022564655196
"chr11-0698",0.113817765604817
"chr11-0699",0.0815598408390016
"chr11-0700",-0.0614735876187114
"chr11-0701",0.0836515950957921
"chr11-0702",0.166534998745441
"chr11-0703",0.0528482673301154
"chr11-0704",-0.09605799369552
"chr11-0705",-0.0951952777819302
"chr11-0706",0.0710330059736681
"chr11-0707",0.198330841702329
"chr11-0708",0.163341739172342
"chr11-0709",0.238248788762105
"chr11-0710",0.153315871964174
"chr11-0711",0.159734968101221
"chr11-0712",0.0700413281738576
"chr11-0713",0.0576428336530498
"chr11-0714",0.0752277794990669
"chr11-0715",0.0819051572123363
"chr11-0716",0.118981048879444
"chr11-0717",0.156218438854878
"chr11-0718",0.162189003605547
"chr11-0719",0.164686659734845
"chr11-0720",0.0961134572260955
"chr11-0721",0.0946669521006994
"chr11-0722",0.10006056461685
"chr11-0723",0.128973271083758
"chr11-0724",0.203432877446282
"chr11-0725",0.280994082040206
"chr11-0726",0.0333049417749962
"chr11-0727",-0.0500304230113822
"chr11-0728",0.0701711431103433
"chr11-0729",0.185396837981312
"chr11-0730",0.152848712463835
"chr11-0731",0.0648646369472465
"chr11-0732",0.086910284556108
"chr11-0733",0.0422059564524448
"chr11-0734",0.0644456939737841
"chr11-0735",0.0476332051125165
"chr11-0736",0.161101854948333
"chr11-0737",0.175385806809537
"chr11-0738",0.137331482468104
"chr11-0739",0.161819891970473
"chr11-0740",0.273463641563539
"chr11-0741",0.0919150897913285
"chr11-0742",0.14370677835047
"chr11-0743",0.110429595596725
"chr11-0744",0.0318899797462101
"chr11-0745",0.022949045749225
"chr11-0746",0.101270960691535
"chr11-0747",0.0438508973085218
"chr11-0748",0.23627261176239
"chr11-0749",-0.0216093044044066
"chr11-0750",0.144526178263335
"chr11-0751",0.0354209719797667
"chr11-0752",0.0689384717183379
"chr11-0753",0.0915064701351594
"chr11-0754",0.0435082295194107
"chr11-0755",0.0127284058910693
"chr11-0756",0.0419399841408495
"chr11-0757",0.010503690670716
"chr11-0758",0.279938794448975
"chr11-0759",0.361819601028265
"chr11-0760",0.436641673111173
"chr11-0761",0.215019835024747
"chr11-0762",0.225822703156513
"chr11-0763",-0.0215646894018826
"chr11-0764",0.179451785487279
"chr11-0765",0.117641080382559
"chr11-0766",0.0973636828994755
"chr11-0767",0.281628085124332
"chr11-0768",0.293084186563273
"chr11-0769",0.137574815659647
"chr11-0770",0.0105435427438668
"chr11-0771",-0.00652099800290318
"chr11-0772",0.00171484517448093
"chr11-0773",-0.0708600071225117
"chr11-0774",-0.0157681465992038
"chr11-0775",-0.0489735942815002
"chr11-0776",-0.107558478672153
"chr11-0777",-0.0211071844072124
"chr11-0778",-0.0407472252212464
"chr11-0779",0.080192038593451
"chr11-0780",0.136561269133816
"chr11-0781",0.0461251717729126
"chr11-0782",0.00601556941478768
"chr11-0783",0.0192816717980552
"chr11-0784",0.0894490739610505
"chr11-0785",0.0757595913438982
"chr11-0786",0.0491625371729224
"chr11-0787",0.0922378902215732
"chr11-0788",0.068169201944144
"chr11-0789",-0.0138519032798883
"chr11-0790",-0.216055547293438
"chr11-0791",-0.119821062241093
"chr11-0792",-0.103501157604841
"chr11-0793",0.0512982943986028
"chr11-0794",0.109800992194575
"chr11-0795",-0.0445828310722653
"chr11-0796",-0.0378990765401374
"chr11-0797",-0.0145288941532985
"chr11-0798",0.0218116780046936
"chr11-0799",0.0103736072502235
"chr11-0800",-0.0944374194876254
"chr11-0801",-0.0136050127525485
"chr11-0802",0.0610135757616875
"chr11-0803",0.0683892880203336
"chr11-0804",0.129083698547537
"chr11-0805",0.0911711518289303
"chr11-0806",0.00910775549969004
"chr11-0807",0.116454901435266
"chr11-0808",0.00843409763317591
"chr11-0809",0.138857839893077
"chr11-0810",0.0637287194393039
"chr11-0811",0.0759106905161685
"chr11-0812",0.0766741158822561
"chr11-0813",0.123721526006367
"chr11-0814",0.121474059922469
"chr11-0815",0.0222790844069033
"chr11-0816",-0.0151724147440738
"chr11-0817",0.00130671906868829
"chr11-0818",0.0309757730401357
"chr11-0819",-0.196724329165176
"chr11-0820",-0.0501403488464969
"chr11-0821",0.0562056296348523
"chr11-0822",-0.105753168299751
"chr11-0823",0.00712063946898384
"chr11-0824",0.0660492344702192
"chr11-0825",-0.0132265280670004
"chr11-0826",0.285248212414479
"chr11-0827",0.23893706633282
"chr11-0828",0.130237940261753
"chr11-0829",0.0553307041265438
"chr11-0830",-0.0111564175217292
"chr11-0831",-0.11078966029734
"chr11-0832",-0.0897523633944009
"chr11-0833",-0.193096305014142
"chr11-0834",0.182653110424742
"chr11-0835",0.200798836898953
"chr11-0836",0.0313915669207497
"chr11-0837",0.0670292289520915
"chr11-0838",0.0436979780901909
"chr11-0839",0.178867926946622
"chr11-0840",0.159984985158131
"chr11-0841",0.218225152580866
"chr11-0842",0.160342035053106
"chr11-0843",0.221725147602825
"chr11-0844",0.462973977842092
"chr11-0845",0.209456967163276
"chr11-0846",0.265355269755729
"chr11-0847",0.253763754373544
"chr11-0848",0.278757216834428
"chr11-0849",-0.0207821468019047
"chr11-0850",0.0390871550709877
"chr11-0851",-0.00693705530398669
"chr11-0852",0.0637060724423157
"chr11-0853",-0.0871359900435379
"chr11-0854",0.178582116449461
"chr11-0855",0.169738569595069
"chr11-0856",0.133769759215144
"chr11-0857",0.0545971250661096
"chr11-0858",0.0672312690957516
"chr11-0859",0.0271243099566156
"chr11-0860",0.123198817869138
"chr11-0861",0.0910435401730881
"chr11-0862",-0.105283222726034
"chr11-0863",0.198767816125485
"chr11-0864",0.0742250458259179
"chr11-0865",-0.0229117708335054
"chr11-0866",-0.0703535138178943
"chr11-0867",0.318598270596572
"chr11-0868",0.17528099141798
"chr11-0869",0.0324663704916181
"chr11-0870",0.1150827426453
"chr11-0871",-0.137213644183493
"chr11-0872",0.154938993601059
"chr11-0873",0.096822306105176
"chr11-0874",0.111325934790079
"chr11-0875",-0.0428641894057773
"chr11-0876",-0.0147471118782233
"chr11-0877",0.0232139487892754
"chr11-0878",0.255071618025159
"chr11-0879",0.088503950579938
"chr11-0880",0.113014892743936
"chr11-0881",0.11597761577458
"chr11-0882",0.138713031272572
"chr11-0883",0.0480545595773717
"chr11-0884",0.112466155108997
"chr11-0885",0.00199423252544344
"chr11-0886",-0.225219752077549
"chr11-0887",0.101832339838774
"chr11-0888",0.0219103162611018
"chr11-0889",0.307727392045064
"chr11-0890",0.0811631503568736
"chr11-0891",0.041009040750604
"chr11-0892",0.17916610044676
"chr11-0893",0.0980782420006002
"chr11-0894",0.0931546820133899
"chr11-0895",0.0558367757493809
"chr11-0896",-0.041386574383748
"chr11-0897",0.00556822235520866
"chr11-0898",0.0396823379347102
"chr11-0899",-0.0390911880470526
"chr11-0900",0.0685954600864651
"chr11-0901",0.277764018294459
"chr11-0902",0.209532839649559
"chr11-0903",0.160613081089461
"chr11-0904",0.0745859676461028
"chr11-0905",0.131038463631731
"chr11-0906",0.122267013458228
"chr11-0907",0.0286594529410792
"chr11-0908",-0.016537407334518
"chr11-0909",0.00692131925278279
"chr11-0910",0.0845003304165844
"chr11-0911",0.111895378719182
"chr11-0912",-0.00394145840187327
"chr11-0913",-0.00372449241971076
"chr11-0914",0.0145887933082136
"chr11-0915",0.0821293166511178
"chr11-0916",0.010132224938801
"chr11-0917",0.063002151734345
"chr11-0918",0.19052669435151
"chr11-0919",0.0868323411910633
"chr11-0920",0.0492016793453289
"chr11-0921",0.317759106768558
"chr11-0922",0.122636763938344
"chr11-0923",0.138352876393822
"chr11-0924",0.251428295093929
"chr11-0925",0.182863656441172
"chr11-0926",0.126688285841668
"chr11-0927",0.141743003346496
"chr11-0928",0.124050998922392
"chr11-0929",0.0537422228528062
"chr11-0930",-0.0652791961611524
"chr11-0931",-0.218477150330505
"chr11-0932",0.138645043283458
"chr11-0933",-0.0913312454810452
"chr11-0934",0.0338459774427498
"chr11-0935",0.150302334195372
"chr11-0936",-0.00558977682702401
"chr11-0937",0.241475166983679
"chr11-0938",0.0173070907228845
"chr11-0939",-0.0302609418535496
"chr11-0940",0.0178567749355916
"chr11-0941",0.0312009475359834
"chr11-0942",0.0678603049224514
"chr11-0943",-0.0385229044643656
"chr11-0944",0.0377877314105747
"chr11-0945",0.11422822972004
"chr11-0946",0.0723006289555402
"chr11-0947",0.0902974457634081
"chr11-0948",0.0163806925089242
"chr11-0949",0.182932736212497
"chr11-0950",0.271580029573957
"chr11-0951",0.154162149313168
"chr11-0952",0.106638057013022
"chr11-0953",0.0469868162951362
"chr11-0954",0.0346018798352549
"chr11-0955",0.065792435748832
"chr11-0956",-0.0969782350129502
"chr11-0957",-0.00468611995669265
"chr11-0958",0.187809534401603
"chr11-0959",0.0276151333330828
"chr12-0001",-0.0635878600528765
"chr12-0002",0.0137149073632689
"chr12-0003",0.0218857958247532
"chr12-0004",0.089822959251563
"chr12-0005",0.070366605983613
"chr12-0006",0.0679824373500545
"chr12-0007",0.0942011396515838
"chr12-0008",0.0363642856518842
"chr12-0009",0.2361199945876
"chr12-0010",0.101791753185285
"chr12-0011",0.0516886911100386
"chr12-0012",0.135378607776985
"chr12-0013",0.385141719404399
"chr12-0014",0.151155870491811
"chr12-0015",0.223357156186037
"chr12-0016",0.0499363209664511
"chr12-0017",0.0670543176734914
"chr12-0018",0.112457155049255
"chr12-0019",-0.0193999145419601
"chr12-0020",-0.0431533659022005
"chr12-0021",0.102620234120646
"chr12-0022",0.33904132466144
"chr12-0023",0.150994136768699
"chr12-0024",0.0685275603702713
"chr12-0025",0.26891843248942
"chr12-0026",0.164441549911861
"chr12-0027",0.161045748572073
"chr12-0028",0.0444537165132183
"chr12-0029",-0.0342980585688072
"chr12-0030",0.111847138254859
"chr12-0031",0.0775739625063082
"chr12-0032",-0.0258288489884945
"chr12-0033",0.128716469927854
"chr12-0034",0.076764829851655
"chr12-0035",-0.0854629311950185
"chr12-0036",0.0222421491035479
"chr12-0037",0.181213162489209
"chr12-0038",0.14158671979626
"chr12-0039",0.180323955345774
"chr12-0040",0.0833033652785433
"chr12-0041",0.0517885348099728
"chr12-0042",0.0239100214947945
"chr12-0043",0.0816334193396633
"chr12-0044",-0.0113364296031283
"chr12-0045",0.0679402019529425
"chr12-0046",0.0545551683685938
"chr12-0047",0.0787898556605643
"chr12-0048",-0.16551622003594
"chr12-0049",-0.00498727810132549
"chr12-0050",0.154713168720251
"chr12-0051",-0.0508610067303573
"chr12-0052",0.0183357978628264
"chr12-0053",0.120566178336121
"chr12-0054",0.0371258905271782
"chr12-0055",0.0229968064820736
"chr12-0056",0.106856845908338
"chr12-0057",-0.0478061550310543
"chr12-0058",0.0354767553318098
"chr12-0059",0.174713952636366
"chr12-0060",0.0232782438215779
"chr12-0061",0.0829946465192729
"chr12-0062",0.212009161721943
"chr12-0063",0.0020234527034237
"chr12-0064",-0.0210665033716053
"chr12-0065",0.0896723610034311
"chr12-0066",0.100643746988892
"chr12-0067",0.177898373580413
"chr12-0068",0.269259008514509
"chr12-0069",0.165738999174163
"chr12-0070",0.252900150630073
"chr12-0071",0.103395272806114
"chr12-0072",0.095094891098289
"chr12-0073",0.00473606982496642
"chr12-0074",-0.0053861462205996
"chr12-0075",0.168247578277405
"chr12-0076",0.12963236569668
"chr12-0077",0.097321465833694
"chr12-0078",0.122779490119151
"chr12-0079",0.0643047699848544
"chr12-0080",0.173312414109297
"chr12-0081",0.141504459579764
"chr12-0082",-0.0161326705930573
"chr12-0083",-0.247132107684318
"chr12-0084",-0.348284829555088
"chr12-0085",-0.0234903360580881
"chr12-0086",0.137195122722529
"chr12-0087",-0.0895445169338268
"chr12-0088",0.170243916902011
"chr12-0089",0.143648224173583
"chr12-0090",0.133629160653824
"chr12-0091",-0.0914645436040339
"chr12-0092",0.101255401426453
"chr12-0093",-0.00954068982852158
"chr12-0094",0.131483759291313
"chr12-0095",-0.0662685837647778
"chr12-0096",0.146437971341609
"chr12-0097",0.0102138573625729
"chr12-0098",0.167098764711094
"chr12-0099",0.283533911152222
"chr12-0100",0.197306796097772
"chr12-0101",0.0997844084331669
"chr12-0102",0.0832364934560471
"chr12-0103",0.134569757810831
"chr12-0104",0.0994120360974161
"chr12-0105",0.308556693658648
"chr12-0106",0.0972873457297707
"chr12-0107",0.119200395431888
"chr12-0108",0.091140640742276
"chr12-0109",-0.0270855153220969
"chr12-0110",0.198060286802694
"chr12-0111",0.248159800247007
"chr12-0112",0.307269344115162
"chr12-0113",0.0995943222293369
"chr12-0114",0.211158639400106
"chr12-0115",0.179580261443163
"chr12-0116",-0.0302963859258632
"chr12-0117",0.256285309688742
"chr12-0118",0.0149636220154268
"chr12-0119",-0.216397686748493
"chr12-0120",0.0834206076330091
"chr12-0121",-0.176788734615875
"chr12-0122",0.0337720699440809
"chr12-0123",0.13179534541503
"chr12-0124",0.265615419942614
"chr12-0125",0.244655558140068
"chr12-0126",0.307463232741749
"chr12-0127",0.0926071431379046
"chr12-0128",0.0994938237711474
"chr12-0129",0.0475303789404936
"chr12-0130",0.155951217088037
"chr12-0131",0.213159000614851
"chr12-0132",0.123463434409475
"chr12-0133",0.093369820354344
"chr12-0134",0.135243738865832
"chr12-0135",0.29504083382278
"chr12-0136",0.0690693155409057
"chr12-0137",0.143776900687641
"chr12-0138",0.0696198699609465
"chr12-0139",0.0870050050835408
"chr12-0140",0.215986918086055
"chr12-0141",0.162388183135839
"chr12-0142",0.0459474759665185
"chr12-0143",0.103311722250652
"chr12-0144",0.100846276725683
"chr12-0145",0.128445807690865
"chr12-0146",0.349507954850629
"chr12-0147",0.139469814270634
"chr12-0148",0.0639452238585324
"chr12-0149",0.321322382245844
"chr12-0150",0.151459435392913
"chr12-0151",0.176955318557049
"chr12-0152",0.21241066840847
"chr12-0153",0.216502785160756
"chr12-0154",0.0391583836678192
"chr12-0155",0.210475125685858
"chr12-0156",0.188969092497412
"chr12-0157",0.163285313920983
"chr12-0158",0.123701977982169
"chr12-0159",-0.00452565158287554
"chr12-0160",0.203005570882734
"chr12-0161",0.345389770964948
"chr12-0162",0.137198300440179
"chr12-0163",0.301339632370302
"chr12-0164",-0.0569647831926221
"chr12-0165",0.0618015490461695
"chr12-0166",0.179528679999021
"chr12-0167",0.204320578238133
"chr12-0168",0.158299565162748
"chr12-0169",0.164372411730738
"chr12-0170",0.152770981494792
"chr12-0171",0.212752998068561
"chr12-0172",0.22703171652023
"chr12-0173",0.112863685377719
"chr12-0174",0.0658432727674125
"chr12-0175",0.253958954764164
"chr12-0176",0.147518328379419
"chr12-0177",0.114367535189038
"chr12-0178",0.359143364065956
"chr12-0179",0.293129135736951
"chr12-0180",0.0461338680950523
"chr12-0181",0.232294769240264
"chr12-0182",0.176605139069598
"chr12-0183",0.0724183249000944
"chr12-0184",0.212465296552565
"chr12-0185",0.285540822948448
"chr12-0186",0.230928519216297
"chr12-0187",0.262132993160442
"chr12-0188",0.239016847423827
"chr12-0189",0.302923184081444
"chr12-0190",0.139108934484783
"chr12-0191",0.0295525090257674
"chr12-0192",0.00767020682167679
"chr12-0193",0.158397339854522
"chr12-0194",0.301513535218969
"chr12-0195",0.215335824595077
"chr12-0196",0.134758705827509
"chr12-0197",0.109825208614029
"chr12-0198",0.418211215351474
"chr12-0199",0.222174353685147
"chr12-0200",0.278496870420619
"chr12-0201",0.0742074671565985
"chr12-0202",0.101859110856404
"chr12-0203",0.271406300998469
"chr12-0204",0.345660431215197
"chr12-0205",0.110019477522245
"chr12-0206",0.200625490813272
"chr12-0207",0.0900355142810773
"chr12-0208",0.220871326872676
"chr12-0209",0.196575357909944
"chr12-0210",0.122190873559113
"chr12-0211",0.337391018825418
"chr12-0212",-0.000811587621411016
"chr12-0213",0.0454030283489954
"chr12-0214",0.259285004252012
"chr12-0215",0.277435732591516
"chr12-0216",0.0804468569166026
"chr12-0217",0.191771583432649
"chr12-0218",0.190379576020675
"chr12-0219",0.170904750280211
"chr12-0220",0.326627449170665
"chr12-0221",0.41998461384231
"chr12-0222",0.156652580935403
"chr12-0223",0.0767005939740331
"chr12-0224",0.124618325362355
"chr12-0225",-0.015129984878086
"chr12-0226",0.0754753879695763
"chr12-0227",0.249076843592875
"chr12-0228",0.193969829826177
"chr12-0229",0.315616929029106
"chr12-0230",0.0843637880924988
"chr12-0231",0.246518878159098
"chr12-0232",0.091656420422341
"chr12-0233",0.161447689271423
"chr12-0234",0.151121207358952
"chr12-0235",0.183500212466263
"chr12-0236",0.0634472200178157
"chr12-0237",0.231226993020639
"chr12-0238",0.0129987140834474
"chr12-0239",-0.0178697749959379
"chr12-0240",0.110349753979707
"chr12-0241",-0.149099150015407
"chr12-0242",0.165971581038642
"chr12-0243",0.0466482939735356
"chr12-0244",0.053826049650268
"chr12-0245",0.1537958439942
"chr12-0246",0.0833799837233421
"chr12-0247",0.131321727319625
"chr12-0248",0.0812157222305487
"chr12-0249",0.0403737591337627
"chr12-0250",-0.00109985583474572
"chr12-0251",0.152589105947962
"chr12-0252",-0.0317008689757117
"chr12-0253",0.0550210824181149
"chr12-0254",0.0342708886977417
"chr12-0255",0.144415767115888
"chr12-0256",-0.0101672024640624
"chr12-0257",0.132820855963116
"chr12-0258",0.153782316660447
"chr12-0259",0.299047175709656
"chr12-0260",0.0842753092645069
"chr12-0261",0.00226836920434816
"chr12-0262",0.195986302268624
"chr12-0263",0.137784614557688
"chr12-0264",0.237860143121839
"chr12-0265",0.256625104677764
"chr12-0266",-0.0568398093505694
"chr12-0267",0.13539895360671
"chr12-0268",0.0846682718575665
"chr12-0269",0.0561310944316205
"chr12-0270",-0.0265394389191456
"chr12-0271",0.188242631634547
"chr12-0272",0.0790577089070658
"chr12-0273",0.195167440093776
"chr12-0274",0.303291279060493
"chr12-0275",0.0895979703196296
"chr12-0276",0.283856830282584
"chr12-0277",0.241951242689202
"chr12-0278",0.0211333541305738
"chr12-0279",0.142595681907727
"chr12-0280",0.184950006606734
"chr12-0281",0.118418802360298
"chr12-0282",0.21664473512831
"chr12-0283",0.112912745235663
"chr12-0284",0.237115933477849
"chr12-0285",0.0677109337919168
"chr12-0286",0.168232584276004
"chr12-0287",0.210478314485152
"chr12-0288",0.0602544719175074
"chr12-0289",0.105278100478643
"chr12-0290",0.261626352609326
"chr12-0291",0.292619026966387
"chr12-0292",0.16201688745809
"chr12-0293",0.191660220325707
"chr12-0294",0.232008318427767
"chr12-0295",0.179412949422217
"chr12-0296",0.15487284780919
"chr12-0297",-0.0567486357978398
"chr12-0298",-0.0249053120721141
"chr12-0299",0.199119026615437
"chr12-0300",0.188401325445863
"chr12-0301",0.0753079438744666
"chr12-0302",0.135859281803285
"chr12-0303",0.038227538611281
"chr12-0304",0.15960330015898
"chr12-0305",-0.0203751178061189
"chr12-0306",0.0795618899474383
"chr12-0307",-0.123756163405512
"chr12-0308",0.0353009951251964
"chr12-0309",-0.0590783333059773
"chr12-0310",0.00718881919352212
"chr12-0311",0.0914703333146087
"chr12-0312",-0.0321617133664127
"chr12-0313",0.0122523376820052
"chr12-0314",0.0547288043890449
"chr12-0315",0.0490090748645837
"chr12-0316",0.234313188632337
"chr12-0317",0.108610420360222
"chr12-0318",-0.0446990306354532
"chr12-0319",0.073367801650044
"chr12-0320",0.0864298856430554
"chr12-0321",0.06867487154854
"chr12-0322",0.221847287514204
"chr12-0323",0.13934231144045
"chr12-0324",0.0601159312413079
"chr12-0325",-0.00268721983096483
"chr12-0326",0.0027658572183557
"chr12-0327",0.146129073497753
"chr12-0328",0.134726649540458
"chr12-0329",0.177871122471146
"chr12-0330",0.052929346087918
"chr12-0331",0.0543370227551773
"chr12-0332",-0.0862446611274305
"chr12-0333",0.120733998614736
"chr12-0334",0.0850124624712037
"chr12-0335",0.0401543027748748
"chr12-0336",-0.0264790445688726
"chr12-0337",0.05087510972425
"chr12-0338",0.122603571540619
"chr12-0339",0.120703772479838
"chr12-0340",-0.0689644071805317
"chr12-0341",0.0266689652457303
"chr12-0342",0.00333169408653096
"chr12-0343",-0.130751591800694
"chr12-0344",0.0988585155204598
"chr12-0345",0.0134264175769667
"chr12-0346",-0.0326503920459436
"chr12-0347",0.0865995592205996
"chr12-0348",0.157661303590036
"chr12-0349",0.146376496392192
"chr12-0350",0.160444591186645
"chr12-0351",0.0709856178935585
"chr12-0352",0.121371391591032
"chr12-0353",-0.014487452711775
"chr12-0354",-0.0209430253327789
"chr12-0355",0.0846502371593897
"chr12-0356",-0.0354273649531696
"chr12-0357",0.01904941972497
"chr12-0358",0.0285262209335363
"chr12-0359",0.0684089646581672
"chr12-0360",0.0769084822821917
"chr12-0361",-0.0815840016172766
"chr12-0362",0.1607521788519
"chr12-0363",0.0551578308143035
"chr12-0364",0.138132999355241
"chr12-0365",0.0739445372036981
"chr12-0366",0.0948177958771679
"chr12-0367",0.0795132864783081
"chr12-0368",0.159418648547894
"chr12-0369",0.230251277102662
"chr12-0370",0.173893847043283
"chr12-0371",-0.0225399708531088
"chr12-0372",-0.184833201222778
"chr12-0373",0.025437745016878
"chr12-0374",0.0527910915377672
"chr12-0375",-0.0832122310700498
"chr12-0376",0.111651624290843
"chr12-0377",0.148714535161119
"chr12-0378",0.0257199770142225
"chr12-0379",0.18548232472457
"chr12-0380",-0.0784199839100722
"chr12-0381",0.0727860626719546
"chr12-0382",-0.0507343447639692
"chr12-0383",0.0163438574753541
"chr12-0384",-0.231573386503568
"chr12-0385",-0.059110851805023
"chr12-0386",0.0414828324201119
"chr12-0387",0.134813713344249
"chr12-0388",0.0272951348173684
"chr12-0389",0.149470133719047
"chr12-0390",0.0828803936513121
"chr12-0391",-0.0379025813934645
"chr12-0392",0.176808798177692
"chr12-0393",0.0346297434600112
"chr12-0394",0.046583039960236
"chr12-0395",0.0579514926311849
"chr12-0396",0.0259846021265364
"chr12-0397",0.0187321936099095
"chr12-0398",0.0373845363777394
"chr12-0399",0.0888285856572491
"chr12-0400",0.0741803649120144
"chr12-0401",-0.0965220415708126
"chr12-0402",0.0508473150738553
"chr12-0403",0.153554185549994
"chr12-0404",0.0485703226132619
"chr12-0405",0.0160589193704886
"chr12-0406",0.086276215478507
"chr12-0407",0.0433176211110563
"chr12-0408",0.155404937664303
"chr12-0409",0.118576504373422
"chr12-0410",0.0145788830809257
"chr12-0411",0.0933223091285364
"chr12-0412",0.197243765800625
"chr12-0413",0.174317645605416
"chr12-0414",0.172273263251587
"chr12-0415",0.0447281679811388
"chr12-0416",0.363449440539107
"chr12-0417",0.138936102832926
"chr12-0418",0.229401329487733
"chr12-0419",0.16175647147592
"chr12-0420",0.0736760573303175
"chr12-0421",0.383113438438361
"chr12-0422",0.231528401531958
"chr12-0423",0.220920082367148
"chr12-0424",0.269394598825695
"chr12-0425",0.0984382768029395
"chr12-0426",0.0734343332662414
"chr12-0427",-0.0782929580815173
"chr12-0428",0.251577291109168
"chr12-0429",0.0742191208640446
"chr12-0430",0.255381380113069
"chr12-0431",0.171230912235313
"chr12-0432",0.081905958386657
"chr12-0433",0.120669192591693
"chr12-0434",0.167519312561909
"chr12-0435",0.314414840017441
"chr12-0436",0.188794317054777
"chr12-0437",0.0246279184756363
"chr12-0438",0.0295949960218088
"chr12-0439",0.200157660982581
"chr12-0440",-0.0672197084824565
"chr12-0441",0.233487037410132
"chr12-0442",0.180369680766576
"chr12-0443",0.0792407268085825
"chr12-0444",0.0909094851197334
"chr12-0445",0.11923964414426
"chr12-0446",0.113643505707907
"chr12-0447",0.172258397158625
"chr12-0448",0.183809408034583
"chr12-0449",-0.00707924080504991
"chr12-0450",-0.13393826451594
"chr12-0451",0.255708933412697
"chr12-0452",0.215130542223526
"chr12-0453",0.138293809714115
"chr12-0454",0.339773594372627
"chr12-0455",0.0140393702455263
"chr12-0456",0.153548367614317
"chr12-0457",0.200976828263708
"chr12-0458",0.0823299095213052
"chr12-0459",0.0618075380327754
"chr12-0460",0.233211581546565
"chr12-0461",0.00444215456034252
"chr12-0462",0.271165395392915
"chr12-0463",0.255356688509788
"chr12-0464",0.227142806105701
"chr12-0465",0.300873714940134
"chr12-0466",0.236776598540564
"chr12-0467",0.169433961874144
"chr12-0468",0.00490966827286763
"chr12-0469",0.22365363442528
"chr12-0470",0.0999287173127682
"chr12-0471",0.0890256469052632
"chr12-0472",0.0753068117594615
"chr12-0473",0.0652995016614461
"chr12-0474",0.258586388901546
"chr12-0475",0.19157305434274
"chr12-0476",0.0308085462738537
"chr12-0477",0.152419221223781
"chr12-0478",0.103220238822725
"chr12-0479",0.16390836334089
"chr12-0480",0.091746628299488
"chr12-0481",0.0808012203169777
"chr12-0482",0.113009553718366
"chr12-0483",-0.0172475668446882
"chr12-0484",0.214264545654215
"chr12-0485",0.345065928242947
"chr12-0486",0.0933693408990298
"chr12-0487",0.293705004509808
"chr12-0488",0.0515719130561798
"chr12-0489",0.291981307497329
"chr12-0490",0.45089869541822
"chr12-0491",0.118545486895113
"chr12-0492",0.283435435719414
"chr12-0493",0.123625410329922
"chr12-0494",0.122306696021135
"chr12-0495",0.235776336970444
"chr12-0496",0.119848338658158
"chr12-0497",0.212670533557951
"chr12-0498",-0.0764508885540444
"chr12-0499",-0.000290442626018318
"chr12-0500",0.154186785113774
"chr12-0501",-0.00124497090992692
"chr12-0502",0.0776999147080631
"chr12-0503",0.0529151511198307
"chr12-0504",0.24237441576019
"chr12-0505",0.333918545045936
"chr12-0506",0.120522210892569
"chr12-0507",0.0373841724622045
"chr12-0508",0.209814631164729
"chr12-0509",0.314524699546056
"chr12-0510",0.0998208673175123
"chr12-0511",0.329625617847983
"chr12-0512",0.237433438771697
"chr12-0513",0.263303337532788
"chr12-0514",0.165680111443102
"chr12-0515",0.45182671459028
"chr12-0516",0.129048398938306
"chr12-0517",0.0387862866128323
"chr12-0518",0.220082991366157
"chr12-0519",0.161152350982272
"chr12-0520",0.278578784774873
"chr12-0521",0.152566058956171
"chr12-0522",0.164175264498659
"chr12-0523",0.205787445454402
"chr12-0524",0.216303765449072
"chr12-0525",0.224410151551218
"chr12-0526",0.210659916539049
"chr12-0527",0.0732290394156481
"chr12-0528",0.145890453229866
"chr12-0529",0.0332971265317666
"chr12-0530",0.187559878751483
"chr12-0531",0.0619717498201019
"chr12-0532",0.114672307309831
"chr12-0533",0.033082086523357
"chr12-0534",0.230739949443187
"chr12-0535",0.193684843508127
"chr12-0536",0.0882495549904054
"chr12-0537",0.490433772575671
"chr12-0538",0.178727682032649
"chr12-0539",0.487521369254914
"chr12-0540",0.285931543256824
"chr12-0541",0.207619611673117
"chr12-0542",0.101099777620629
"chr12-0543",0.213588844409247
"chr12-0544",-0.00448699761464448
"chr12-0545",0.0741086292482502
"chr12-0546",0.111942756589079
"chr12-0547",0.193998799794518
"chr12-0548",0.304033629705828
"chr12-0549",0.197093366463377
"chr12-0550",0.196297365551699
"chr12-0551",0.372936613512932
"chr12-0552",0.150043577249071
"chr12-0553",0.194584157270233
"chr12-0554",0.0556387733029802
"chr12-0555",0.237971106923673
"chr12-0556",0.179852547186304
"chr12-0557",0.105087782460524
"chr12-0558",0.143539598024993
"chr12-0559",0.291278245656851
"chr12-0560",0.245292006078311
"chr12-0561",0.0859733851597404
"chr12-0562",0.169824859489462
"chr12-0563",0.139601130854364
"chr12-0564",0.172638768312255
"chr12-0565",0.0748034218759051
"chr12-0566",-0.0357976947076485
"chr12-0567",0.436648875386684
"chr12-0568",0.104177064601984
"chr12-0569",-0.00698486525057548
"chr12-0570",-0.0220248622393244
"chr12-0571",-0.0295920634412097
"chr12-0572",0.190946048701285
"chr12-0573",0.126248801071044
"chr12-0574",0.11678308897638
"chr12-0575",0.261840316279233
"chr12-0576",0.245384993821647
"chr12-0577",0.187206405464409
"chr12-0578",0.00792741651171751
"chr12-0579",0.012440288608421
"chr12-0580",0.0975826322514506
"chr12-0581",0.0237748580038484
"chr12-0582",0.102891684873824
"chr12-0583",0.159446521816421
"chr12-0584",0.198512489192239
"chr12-0585",0.131323525049727
"chr12-0586",0.271705392849433
"chr12-0587",0.305898875863096
"chr12-0588",-0.00339466271531049
"chr12-0589",0.0122912817901571
"chr12-0590",0.25657353917872
"chr12-0591",0.0804383468899474
"chr12-0592",0.162869371405085
"chr12-0593",0.0922861519511593
"chr12-0594",0.105533838853803
"chr12-0595",0.100052064533747
"chr12-0596",0.0539527831130172
"chr12-0597",0.0147588117659644
"chr12-0598",0.0933288197819511
"chr12-0599",0.0753382721133848
"chr12-0600",0.214244489176619
"chr12-0601",0.0269580041553202
"chr12-0602",-0.0937515696666817
"chr12-0603",0.0926039151990696
"chr12-0604",0.0881691313444957
"chr12-0605",0.0556671767023602
"chr12-0606",-0.041210130042303
"chr12-0607",0.128825833507202
"chr12-0608",0.104664770732173
"chr12-0609",0.0780808968219307
"chr12-0610",0.00460429963135952
"chr12-0611",0.196847330912636
"chr12-0612",0.215413933625042
"chr12-0613",0.14152931174807
"chr12-0614",0.10492521818963
"chr12-0615",0.0917821609916313
"chr12-0616",0.165578000724192
"chr12-0617",0.141865396182774
"chr12-0618",-0.00534996206504398
"chr12-0619",0.130730629354021
"chr12-0620",0.0185221173240925
"chr12-0621",-0.0162791409153362
"chr12-0622",0.172104417300789
"chr12-0623",0.0781415704259123
"chr12-0624",0.0968605199865588
"chr12-0625",0.0442807993602987
"chr12-0626",0.111769084849915
"chr12-0627",0.247138785409848
"chr12-0628",0.291807606589597
"chr12-0629",0.159803134743732
"chr12-0630",0.114363367771699
"chr12-0631",0.143825151122682
"chr12-0632",0.0236824072312638
"chr12-0633",0.128335016695241
"chr12-0634",0.141211775273763
"chr12-0635",-0.00482113632420016
"chr12-0636",-0.00994031658769815
"chr12-0637",0.0699926435534794
"chr12-0638",-0.009766262399963
"chr12-0639",-0.100712813851072
"chr12-0640",0.162889790178464
"chr12-0641",0.126829012279947
"chr12-0642",-0.00759460111086706
"chr12-0643",-0.0151070917731954
"chr12-0644",0.254473866550332
"chr12-0645",0.165651902395593
"chr12-0646",0.173000657636476
"chr12-0647",0.0845940569590148
"chr12-0648",0.0263910130607559
"chr12-0649",-0.0107053625125677
"chr12-0650",-0.0142503486892781
"chr12-0651",-0.0559763121951755
"chr12-0652",0.154425287597691
"chr12-0653",0.111090718202738
"chr12-0654",0.100880233670803
"chr12-0655",0.143020765883786
"chr12-0656",0.142133927891195
"chr12-0657",0.0927871700574766
"chr12-0658",0.0911836316970558
"chr12-0659",0.120500154651902
"chr12-0660",0.0776373166181432
"chr12-0661",0.129183077409306
"chr12-0662",0.185216691778157
"chr12-0663",0.217131529135344
"chr12-0664",0.130589261134662
"chr12-0665",0.103794209014304
"chr12-0666",0.167739477110398
"chr12-0667",0.123325063717579
"chr12-0668",0.0188749585748704
"chr12-0669",0.14698022670336
"chr12-0670",0.03600345198703
"chr12-0671",0.116212933801121
"chr12-0672",0.0535194410225565
"chr12-0673",0.0169058772358218
"chr12-0674",0.205610212340221
"chr12-0675",0.218465851568086
"chr12-0676",0.194118502155726
"chr12-0677",0.162448131042508
"chr12-0678",0.107613010875018
"chr12-0679",0.0289042495351048
"chr12-0680",0.166676249705843
"chr12-0681",0.0171482065489949
"chr12-0682",0.312258378552493
"chr12-0683",0.189419161125914
"chr12-0684",0.0438866370365678
"chr12-0685",-0.026203893098417
"chr12-0686",0.0348759214756846
"chr12-0687",-0.00310056228174217
"chr12-0688",0.0611971063194324
"chr12-0689",-0.0696581504697843
"chr12-0690",-0.159740644395915
"chr12-0691",-0.0396907795934935
"chr12-0692",0.196456902005513
"chr12-0693",-0.0338793818652394
"chr12-0694",0.0299887916090676
"chr12-0695",0.0809279048363116
"chr12-0696",0.0594589235072748
"chr12-0697",0.123524365214702
"chr12-0698",0.0694241380438519
"chr12-0699",0.259944382440625
"chr12-0700",0.222015816090569
"chr12-0701",0.0125588326315332
"chr12-0702",0.142653220085989
"chr12-0703",-0.0190322687624765
"chr12-0704",0.00572710515307289
"chr12-0705",0.0430498751019789
"chr12-0706",-0.0910143161508565
"chr12-0707",0.112074729880783
"chr12-0708",0.0443057231525548
"chr12-0709",-0.00149780564897957
"chr12-0710",0.0728296393479949
"chr12-0711",-0.109437786153338
"chr12-0712",-0.0323032319866521
"chr12-0713",0.0800507450498102
"chr12-0714",0.0988190003725523
"chr12-0715",-0.0381875033415148
"chr12-0716",0.136089477507225
"chr12-0717",0.000850874119344723
"chr12-0718",0.0284964971273081
"chr12-0719",0.137659345287205
"chr12-0720",0.203756254740338
"chr12-0721",0.166031071822555
"chr12-0722",0.0289113110236274
"chr12-0723",0.0770079002691269
"chr12-0724",0.0474067347142659
"chr12-0725",-0.0824331786970108
"chr12-0726",0.0501144950618459
"chr12-0727",0.0395238120004123
"chr12-0728",0.0435504258710479
"chr12-0729",0.0225932954986771
"chr12-0730",-0.0330734405408362
"chr12-0731",-0.0146761126512035
"chr12-0732",0.0944454270260915
"chr12-0733",0.0409132949476634
"chr12-0734",0.132141953550595
"chr12-0735",-0.0841105185412252
"chr12-0736",-0.0398298721080139
"chr12-0737",0.0997749402481562
"chr12-0738",0.130287507260689
"chr12-0739",-0.0260933306272966
"chr12-0740",0.0274520567660077
"chr12-0741",-0.0123452848561493
"chr12-0742",-0.032199568174411
"chr12-0743",0.0106599518968425
"chr12-0744",0.316954710276269
"chr12-0745",-0.044808899459627
"chr12-0746",-0.0481886404969412
"chr12-0747",-0.0106043948858827
"chr12-0748",-0.00038768550139721
"chr12-0749",-0.0576364873198394
"chr12-0750",0.113696840293684
"chr12-0751",0.0719269009238311
"chr12-0752",-0.0367347216189842
"chr12-0753",-0.0524894736847017
"chr12-0754",0.0392050202054631
"chr12-0755",-0.222684758301169
"chr12-0756",-0.179331155979642
"chr12-0757",-0.113925434192918
"chr12-0758",-0.0666119871307308
"chr12-0759",0.0644068635155704
"chr12-0760",0.0662942961068168
"chr12-0761",0.196102650740132
"chr12-0762",0.184236679000481
"chr12-0763",-0.0157943693330811
"chr12-0764",0.196035650031079
"chr12-0765",0.170855739634713
"chr12-0766",0.0960090658340593
"chr12-0767",0.161855632523421
"chr12-0768",0.0492644905781873
"chr12-0769",0.189315456588713
"chr12-0770",-0.0101498510563671
"chr12-0771",0.119076262390313
"chr12-0772",0.24369089260071
"chr12-0773",0.0147003403454442
"chr12-0774",0.138651090572163
"chr12-0775",0.145109226899314
"chr12-0776",0.135722391904959
"chr12-0777",0.130974794636458
"chr12-0778",0.0819073434245395
"chr12-0779",0.165557689722224
"chr12-0780",0.141960451048503
"chr12-0781",0.0592782058229264
"chr12-0782",0.023778021025886
"chr12-0783",0.0296148701538399
"chr12-0784",0.224708269658033
"chr12-0785",0.0042938982172298
"chr12-0786",-0.0246248950205247
"chr12-0787",0.0579018527663425
"chr12-0788",-0.117936093164854
"chr12-0789",-0.0667545168140262
"chr12-0790",0.0778839348736108
"chr12-0791",-0.0054613127676861
"chr12-0792",0.0898087913637575
"chr12-0793",0.147571708092389
"chr12-0794",0.12798926691821
"chr12-0795",0.196639957735271
"chr12-0796",0.15629537600774
"chr12-0797",-0.0621726150694731
"chr12-0798",0.087888366068163
"chr12-0799",-0.00554152081876577
"chr12-0800",0.170194831611324
"chr12-0801",-0.0663014639944503
"chr12-0802",0.0365132035759369
"chr12-0803",0.0509199992708883
"chr12-0804",0.243256506644269
"chr12-0805",0.0853012865278468
"chr12-0806",0.054205604946659
"chr12-0807",0.0848349215659623
"chr12-0808",0.0755599281661129
"chr12-0809",0.0709194935375073
"chr12-0810",0.122640371100445
"chr12-0811",0.0154794327112349
"chr12-0812",0.00235588194746868
"chr12-0813",0.0395848034719028
"chr12-0814",0.0306484395093103
"chr12-0815",-0.029373623882911
"chr12-0816",0.0702103879916328
"chr12-0817",-0.00982364097765389
"chr12-0818",0.104257033329418
"chr12-0819",-0.0439065773695087
"chr12-0820",-0.0713740627022371
"chr12-0821",-0.0356823307439791
"chr12-0822",0.0158916208604273
"chr12-0823",0.0837743701099113
"chr12-0824",-0.0331769552166884
"chr12-0825",0.0153655433824123
"chr12-0826",0.116539539531869
"chr12-0827",0.0111994418784078
"chr12-0828",0.139456624802211
"chr12-0829",0.0650711550614369
"chr12-0830",0.0602351151018133
"chr12-0831",0.187371541677976
"chr12-0832",-0.0232811221986339
"chr12-0833",0.0397922839473203
"chr12-0834",0.137602921592474
"chr12-0835",0.0232361815416774
"chr12-0836",-0.00153936846822539
"chr12-0837",0.00948905303436467
"chr12-0838",-0.0636543055739339
"chr12-0839",0.113298950359099
"chr12-0840",0.0125899754611074
"chr12-0841",-0.00954418715402371
"chr12-0842",0.184730802518228
"chr12-0843",0.131283310953821
"chr12-0844",0.111569986752746
"chr12-0845",0.136144807521494
"chr12-0846",0.17897287810416
"chr12-0847",0.19304483814487
"chr12-0848",0.144171793279637
"chr12-0849",0.0919455981724469
"chr12-0850",0.0983703957000891
"chr12-0851",0.0539041243949801
"chr12-0852",0.0281470352038119
"chr12-0853",0.187887143262201
"chr12-0854",0.00290744733196466
"chr12-0855",0.0811868381219715
"chr12-0856",-0.0584624241726883
"chr12-0857",0.113827962870053
"chr12-0858",0.232098355539463
"chr12-0859",0.0197753123900589
"chr12-0860",-0.015866691089558
"chr12-0861",0.0401994551244735
"chr12-0862",0.112606481006034
"chr12-0863",0.162403924962423
"chr12-0864",0.0820237021250722
"chr12-0865",0.175468785650811
"chr12-0866",0.0473673605981904
"chr12-0867",0.136621436429829
"chr12-0868",0.0528374348219239
"chr12-0869",0.033272185078561
"chr12-0870",0.158567591878256
"chr12-0871",0.0715487150384388
"chr12-0872",0.0938457888714124
"chr12-0873",0.0837597047815014
"chr12-0874",-0.017522743154591
"chr12-0875",-0.0611320639642799
"chr12-0876",-0.068915019769006
"chr12-0877",0.176422536257558
"chr12-0878",0.0993718223890337
"chr12-0879",0.0888171532217534
"chr12-0880",0.176348288629258
"chr12-0881",0.0811881747855937
"chr12-0882",0.0329599924851778
"chr12-0883",0.033005288575894
"chr12-0884",-0.0621280021436952
"chr12-0885",0.180958325732574
"chr12-0886",-0.0399250917905701
"chr12-0887",0.207793667612288
"chr12-0888",0.0788001137580547
"chr12-0889",-0.0588569481125744
"chr12-0890",0.0372038901420517
"chr12-0891",0.0247123373543893
"chr12-0892",0.112026146715714
"chr12-0893",-0.11512088166319
"chr12-0894",-0.106001924556053
"chr12-0895",-0.10355567374438
"chr12-0896",0.0538776855000646
"chr12-0897",0.0655840623495973
"chr12-0898",-0.107936281053419
"chr12-0899",-0.0127512370633048
"chr12-0900",0.0164020499143315
"chr12-0901",-0.0741592853053888
"chr12-0902",-0.0732804786944224
"chr12-0903",0.112420814198031
"chr12-0904",0.0102516337169819
"chr12-0905",0.0834671584274316
"chr12-0906",-1.41303699646936e-05
"chr12-0907",-0.089328049650359
"chr12-0908",0.044142638201457
"chr12-0909",0.0850086911588301
"chr12-0910",0.0141868145757844
"chr12-0911",0.150691466911497
"chr12-0912",-0.00993965922921722
"chr12-0913",0.0902966056629367
"chr12-0914",0.0757948333154868
"chr12-0915",-0.00255557665012091
"chr12-0916",-0.0126104705902606
"chr12-0917",0.196339663178925
"chr12-0918",-0.0367866167631586
"chr12-0919",0.114336812505546
"chr12-0920",-0.113118988536193
"chr12-0921",-0.0678303682458467
"chr12-0922",0.00742872621441436
"chr12-0923",0.121308052451609
"chr12-0924",0.0192986729487186
"chr12-0925",0.0970033518443117
"chr12-0926",0.0647385530247508
"chr12-0927",0.139368995395108
"chr12-0928",0.143083088573164
"chr12-0929",0.00493608096028945
"chr12-0930",0.0506607893803184
"chr12-0931",0.0400531525007993
"chr12-0932",0.018077734746528
"chr12-0933",0.0755473507390088
"chr12-0934",0.0239151556581902
"chr12-0935",0.0533701047593634
"chr12-0936",0.15693118010143
"chr12-0937",0.121815238592698
"chr12-0938",0.0423460252154543
"chr12-0939",0.100026543986993
"chr12-0940",0.142019100970945
"chr12-0941",0.0843039855557283
"chr12-0942",0.138294909995375
"chr13-0001",-0.00471357583052263
"chr13-0002",-0.0635295021259277
"chr13-0003",-0.0348426921865467
"chr13-0004",-0.144861034244564
"chr13-0005",-0.0876915623072574
"chr13-0006",0.0284352020741985
"chr13-0007",0.110843852379328
"chr13-0008",0.125979500359703
"chr13-0009",0.118995144661807
"chr13-0010",0.137287945894802
"chr13-0011",0.134612685111971
"chr13-0012",0.0989293803045473
"chr13-0013",0.0135383504189387
"chr13-0014",0.123247469704049
"chr13-0015",0.0699443655692508
"chr13-0016",0.130242164638162
"chr13-0017",0.167974045515982
"chr13-0018",0.218670073910199
"chr13-0019",0.170238274335741
"chr13-0020",0.0906995709300332
"chr13-0021",0.205942139687826
"chr13-0022",0.0316937136894908
"chr13-0023",0.0443894150049489
"chr13-0024",0.122603048853708
"chr13-0025",0.100379757546643
"chr13-0026",0.246142404106752
"chr13-0027",0.137096277514872
"chr13-0028",0.155184834819259
"chr13-0029",0.158989171274564
"chr13-0030",0.204206609463412
"chr13-0031",0.15083156257269
"chr13-0032",0.0903258013225753
"chr13-0033",0.145828321123489
"chr13-0034",0.13481688895421
"chr13-0035",0.207795554843694
"chr13-0036",0.218932754701269
"chr13-0037",0.184639589215199
"chr13-0038",0.266415144273784
"chr13-0039",0.1671653557824
"chr13-0040",0.231124456037482
"chr13-0041",0.19893038870322
"chr13-0042",0.0108388354876171
"chr13-0043",0.0787466942301841
"chr13-0044",0.263011734304995
"chr13-0045",0.244636923811253
"chr13-0046",0.0652326190688714
"chr13-0047",0.0602493010442477
"chr13-0048",-0.0228144964163659
"chr13-0049",-0.064959842971674
"chr13-0050",0.0809816092572391
"chr13-0051",0.013472708370125
"chr13-0052",0.0283123196623655
"chr13-0053",0.106753783139465
"chr13-0054",0.24670436738541
"chr13-0055",0.142927116208608
"chr13-0056",-0.0518950502881526
"chr13-0057",0.0480342016574842
"chr13-0058",0.202497034867474
"chr13-0059",0.079549333255625
"chr13-0060",0.0189733484489786
"chr13-0061",0.0887331904915411
"chr13-0062",0.158022246321418
"chr13-0063",0.204239046914785
"chr13-0064",-0.00824984820273614
"chr13-0065",0.147346866025962
"chr13-0066",0.19030294267429
"chr13-0067",0.274790084389073
"chr13-0068",0.15382693905924
"chr13-0069",-0.0193590537257478
"chr13-0070",0.216337757326896
"chr13-0071",0.123972396072733
"chr13-0072",0.249360947667288
"chr13-0073",-0.0111257167664062
"chr13-0074",-0.0094027531567407
"chr13-0075",-0.150981615710284
"chr13-0076",0.0698441909673282
"chr13-0077",0.251914927272379
"chr13-0078",0.136331310334092
"chr13-0079",0.0582088555176291
"chr13-0080",0.0696235519603619
"chr13-0081",0.0662918107795906
"chr13-0082",0.0740693354751556
"chr13-0083",0.10729017737014
"chr13-0084",0.0339515044849047
"chr13-0085",0.0872810013820128
"chr13-0086",0.287184875949412
"chr13-0087",0.234498075143103
"chr13-0088",0.222205807786014
"chr13-0089",0.264210256480416
"chr13-0090",-0.0307242726578921
"chr13-0091",0.124401710302237
"chr13-0092",0.0566296710044975
"chr13-0093",0.24758062937752
"chr13-0094",0.214089544551104
"chr13-0095",0.27837420044522
"chr13-0096",0.235996883888106
"chr13-0097",0.143903624829981
"chr13-0098",-0.00407049499298354
"chr13-0099",0.290682560806836
"chr13-0100",-0.00568275409677396
"chr13-0101",0.140011481753596
"chr13-0102",0.252973209677586
"chr13-0103",0.135199463402587
"chr13-0104",0.222780194077527
"chr13-0105",0.0944608630071294
"chr13-0106",0.230871185653084
"chr13-0107",0.313979073822006
"chr13-0108",0.218616768055043
"chr13-0109",0.119664549278732
"chr13-0110",0.21954039151754
"chr13-0111",0.222734720466189
"chr13-0112",0.166934355717418
"chr13-0113",0.246476614374188
"chr13-0114",0.518852154521045
"chr13-0115",0.211288896065977
"chr13-0116",0.373739777445006
"chr13-0117",0.214238402728641
"chr13-0118",0.330846949656006
"chr13-0119",0.0589343186022861
"chr13-0120",0.073569073278153
"chr13-0121",0.171957479286806
"chr13-0122",0.192540924501235
"chr13-0123",0.188517822939343
"chr13-0124",0.224812962989504
"chr13-0125",0.239746428768221
"chr13-0126",0.274870245839696
"chr13-0127",0.314508824011842
"chr13-0128",0.0859536751792542
"chr13-0129",0.190702817732869
"chr13-0130",0.030086876193817
"chr13-0131",0.131574592302594
"chr13-0132",0.223185683357538
"chr13-0133",0.16827043550103
"chr13-0134",0.204784988856277
"chr13-0135",0.19211630937181
"chr13-0136",0.289140274535565
"chr13-0137",0.272538529831619
"chr13-0138",0.122100780869351
"chr13-0139",0.0152512790822234
"chr13-0140",0.133542334102942
"chr13-0141",0.065389230741346
"chr13-0142",0.156883458329469
"chr13-0143",0.212716378736546
"chr13-0144",0.140090730237331
"chr13-0145",0.121144059779469
"chr13-0146",0.307052840875177
"chr13-0147",0.100837866059367
"chr13-0148",0.302445034292329
"chr13-0149",0.181457374039857
"chr13-0150",0.156300206932804
"chr13-0151",0.109481433197742
"chr13-0152",0.153439890342374
"chr13-0153",0.14155616334285
"chr13-0154",0.298662324369373
"chr13-0155",0.176361940435433
"chr13-0156",0.11832783551296
"chr13-0157",0.0495626124249957
"chr13-0158",0.118407105752109
"chr13-0159",0.0844905987315143
"chr13-0160",0.296576376997929
"chr13-0161",0.229310188419043
"chr13-0162",0.162198753739354
"chr13-0163",0.255119824560514
"chr13-0164",0.165858280391652
"chr13-0165",0.227252022739534
"chr13-0166",-0.0593813699397228
"chr13-0167",0.106869263916637
"chr13-0168",0.0192803622098589
"chr13-0169",0.0904260187072731
"chr13-0170",0.244527113182462
"chr13-0171",0.276796825246141
"chr13-0172",0.00636162448206254
"chr13-0173",0.329940701540605
"chr13-0174",0.287982048389801
"chr13-0175",0.0289284508500593
"chr13-0176",0.230892352505029
"chr13-0177",0.240797456273601
"chr13-0178",0.336958825894579
"chr13-0179",0.147967351834279
"chr13-0180",0.209465053088972
"chr13-0181",0.107417870427531
"chr13-0182",0.24835873661264
"chr13-0183",0.239841157568183
"chr13-0184",0.0522483994605253
"chr13-0185",-0.0437221830583367
"chr13-0186",0.0956305620213457
"chr13-0187",0.0583884581093091
"chr13-0188",0.0785429892838867
"chr13-0189",0.124990451145325
"chr13-0190",-0.0634639851011497
"chr13-0191",0.0729800843866128
"chr13-0192",0.0512598771886397
"chr13-0193",0.188305035966804
"chr13-0194",0.183358029712734
"chr13-0195",0.181468326936733
"chr13-0196",0.11160846880018
"chr13-0197",0.0790509313167075
"chr13-0198",0.195874754388144
"chr13-0199",0.208073695558333
"chr13-0200",0.153289840133521
"chr13-0201",0.0450432588512441
"chr13-0202",-0.639451023193039
"chr13-0203",-0.318183444403252
"chr13-0204",-0.532802366034613
"chr13-0205",-0.260581349308275
"chr13-0206",-0.327669920658224
"chr13-0207",-0.431186675100502
"chr13-0208",-0.385453112411025
"chr13-0209",-0.533138166075479
"chr13-0210",0.050783195279856
"chr13-0211",-0.459047183694859
"chr13-0212",-0.180296681943419
"chr13-0213",-0.37418376628011
"chr13-0214",-0.539042721846208
"chr13-0215",-0.23553537599642
"chr13-0216",-0.352462187156144
"chr13-0217",-0.559013730014993
"chr13-0218",-0.319928184506351
"chr13-0219",-0.353704595117817
"chr13-0220",-0.473475138407192
"chr13-0221",-0.250804512728635
"chr13-0222",-0.57486781957987
"chr13-0223",-0.110628767477907
"chr13-0224",-0.189937352344352
"chr13-0225",-0.529760962846449
"chr13-0226",-0.4631796478
"chr13-0227",-0.539289964141869
"chr13-0228",-0.373892481672255
"chr13-0229",-0.175628393151629
"chr13-0230",-0.415431935671759
"chr13-0231",-0.506030733917119
"chr13-0232",-0.411150175789405
"chr13-0233",-0.239055346021607
"chr13-0234",-0.46602143676049
"chr13-0235",-0.686829726126796
"chr13-0236",-0.167277556128065
"chr13-0237",-0.342229399521842
"chr13-0238",-0.337722363768506
"chr13-0239",-0.227455685364295
"chr13-0240",-0.373845652696906
"chr13-0241",-0.369608425782087
"chr13-0242",-0.384156363675348
"chr13-0243",-0.336020970342167
"chr13-0244",-0.608027825744022
"chr13-0245",-0.24792839204282
"chr13-0246",-0.282375419833589
"chr13-0247",-0.243781249856645
"chr13-0248",-0.582420114543703
"chr13-0249",-0.360237021608289
"chr13-0250",-0.599642305867198
"chr13-0251",-0.638443403564687
"chr13-0252",-0.436530846598583
"chr13-0253",-0.730852781636334
"chr13-0254",-0.676635727355037
"chr13-0255",-0.341315384446944
"chr13-0256",-0.0624801135063071
"chr13-0257",-0.472617834599741
"chr13-0258",-0.640926840788134
"chr13-0259",-0.781800650554623
"chr13-0260",-0.495945128883603
"chr13-0261",-0.190899469611311
"chr13-0262",-0.390468548141712
"chr13-0263",-0.36316240207742
"chr13-0264",-0.561509712381558
"chr13-0265",-0.399428870926728
"chr13-0266",-0.408353008426519
"chr13-0267",-0.435614559385911
"chr13-0268",0.220113524712516
"chr13-0269",0.026907555375779
"chr13-0270",0.117278118466658
"chr13-0271",0.0965020887992682
"chr13-0272",0.401563357183826
"chr13-0273",0.249843417843554
"chr13-0274",0.125194494117582
"chr13-0275",0.108237003851454
"chr13-0276",0.298201028311188
"chr13-0277",0.275244615458522
"chr13-0278",0.0794169170218737
"chr13-0279",0.162187732569541
"chr13-0280",0.456412573800495
"chr13-0281",0.153936495896864
"chr13-0282",0.131132361769513
"chr13-0283",0.210822789615399
"chr13-0284",0.238910617119885
"chr13-0285",0.144597412748714
"chr13-0286",0.0792614643485685
"chr13-0287",0.266605555705793
"chr13-0288",0.315284375898108
"chr13-0289",0.254124016267211
"chr13-0290",0.13311839177412
"chr13-0291",0.172884299076701
"chr13-0292",0.220884457792226
"chr13-0293",0.109090465527782
"chr13-0294",0.061144956577186
"chr13-0295",0.17408962705836
"chr13-0296",0.231337434562538
"chr13-0297",0.0401019010351757
"chr13-0298",0.194494723542541
"chr13-0299",0.146424821461177
"chr13-0300",0.152335918087819
"chr13-0301",0.21593855704376
"chr13-0302",0.239418485923497
"chr13-0303",0.147203920438148
"chr13-0304",0.119917748379477
"chr13-0305",0.192476241693095
"chr13-0306",0.252588320577165
"chr13-0307",0.228920273448422
"chr13-0308",0.126367170986978
"chr13-0309",0.203443263175063
"chr13-0310",0.190364695448809
"chr13-0311",0.00215680276665299
"chr13-0312",0.231075511602931
"chr13-0313",0.132471456572066
"chr13-0314",0.181126343629524
"chr13-0315",0.111775847126057
"chr13-0316",0.322114335290349
"chr13-0317",0.182932987963196
"chr13-0318",0.295542577636727
"chr13-0319",0.251974312774415
"chr13-0320",0.149355862872963
"chr13-0321",0.200916841890252
"chr13-0322",0.219271482201127
"chr13-0323",0.193491769160561
"chr13-0324",0.199452428200039
"chr13-0325",0.132620826807347
"chr13-0326",0.167737968703236
"chr13-0327",0.203737393314199
"chr13-0328",0.100438612327124
"chr13-0329",0.025958291026138
"chr13-0330",0.183610379669935
"chr13-0331",0.0830256204264939
"chr13-0332",0.301555145965698
"chr13-0333",0.227811986402213
"chr13-0334",0.106408571755186
"chr13-0335",0.349880189186313
"chr13-0336",0.332850100363241
"chr13-0337",0.284801550579288
"chr13-0338",0.275387171406946
"chr13-0339",0.24515931727492
"chr13-0340",0.115786601947072
"chr13-0341",0.155991690109483
"chr13-0342",0.0977002261557049
"chr13-0343",0.23629796183276
"chr13-0344",0.086632708395977
"chr13-0345",0.0628277423151578
"chr13-0346",0.0674611013930655
"chr13-0347",0.0872387764029532
"chr13-0348",0.118908983026494
"chr13-0349",-0.0610573662103045
"chr13-0350",0.150103729340733
"chr13-0351",0.157170889290049
"chr13-0352",0.0923657644389341
"chr13-0353",0.0810670187889214
"chr13-0354",0.175143226133179
"chr13-0355",0.372938561114355
"chr13-0356",0.267574980588249
"chr13-0357",0.188770267409249
"chr13-0358",0.0492538656391804
"chr13-0359",0.106838601220172
"chr13-0360",0.152527592801527
"chr13-0361",0.15503563974854
"chr13-0362",0.151780168061913
"chr13-0363",0.198561242680398
"chr13-0364",0.181095218587336
"chr13-0365",0.110330147136509
"chr13-0366",0.265196688835604
"chr13-0367",0.115143998596397
"chr13-0368",-0.0350123527866651
"chr13-0369",0.181812482342442
"chr13-0370",0.156788508808726
"chr13-0371",0.241693738531689
"chr13-0372",0.229653694285548
"chr13-0373",0.256982594787478
"chr13-0374",0.122777612473946
"chr13-0375",0.225810436865079
"chr13-0376",0.246907829783045
"chr13-0377",0.0576380281431768
"chr13-0378",0.19926977497807
"chr13-0379",0.166551742677512
"chr13-0380",0.239659079172689
"chr13-0381",0.151481013721347
"chr13-0382",0.0953452204201668
"chr13-0383",0.00929730382818938
"chr13-0384",0.114615387328629
"chr13-0385",0.0635328765065847
"chr13-0386",0.0618184138727898
"chr13-0387",0.168235842127214
"chr13-0388",0.0934922911464331
"chr13-0389",0.155141199815408
"chr13-0390",0.108429808399664
"chr13-0391",0.120900263776468
"chr13-0392",0.22353027885543
"chr13-0393",0.227587816963763
"chr13-0394",0.406480314283973
"chr13-0395",0.254774073475366
"chr13-0396",0.127254372287166
"chr13-0397",0.250850360325634
"chr13-0398",0.194873641692047
"chr13-0399",0.312124943170964
"chr13-0400",0.146231648469572
"chr13-0401",0.0934374429992229
"chr13-0402",0.22827422863646
"chr13-0403",-0.0110374669808047
"chr13-0404",0.0855891664659338
"chr13-0405",0.202555784807914
"chr13-0406",0.196242335561888
"chr13-0407",0.134581072834263
"chr13-0408",0.0828857785320293
"chr13-0409",0.116412099066023
"chr13-0410",0.148270645676367
"chr13-0411",0.234708995281081
"chr13-0412",0.224122294994504
"chr13-0413",0.169870863748559
"chr13-0414",0.363386547073178
"chr13-0415",0.387204482548654
"chr13-0416",0.275811341174136
"chr13-0417",0.203446631341143
"chr13-0418",0.299850079447932
"chr13-0419",0.15371948114792
"chr13-0420",0.11023334884411
"chr13-0421",0.259167795292256
"chr13-0422",0.141854118970005
"chr13-0423",0.200935278439856
"chr13-0424",0.123007852621902
"chr13-0425",0.0689861143328487
"chr13-0426",0.178320467550554
"chr13-0427",0.273727589348785
"chr13-0428",0.29087437514368
"chr13-0429",0.248748363251845
"chr13-0430",0.246365935278559
"chr13-0431",0.351992983856755
"chr13-0432",0.323890536868902
"chr13-0433",0.224055593653669
"chr13-0434",0.205411589348577
"chr13-0435",0.175747739096028
"chr13-0436",0.226900971733941
"chr13-0437",0.0995600837300159
"chr13-0438",0.287609835117058
"chr13-0439",0.0354565050923446
"chr13-0440",0.130640633230961
"chr13-0441",0.113152995574768
"chr13-0442",0.275399663133006
"chr13-0443",0.277363074159081
"chr13-0444",0.165360275939862
"chr13-0445",0.114142375128046
"chr13-0446",0.0808945207452896
"chr13-0447",0.155727084818426
"chr13-0448",0.16566865436504
"chr13-0449",-0.0734858408924165
"chr13-0450",0.0341399392514374
"chr13-0451",0.145874573501191
"chr13-0452",0.023242078135682
"chr13-0453",0.0923244169948698
"chr13-0454",0.120891081598204
"chr13-0455",0.0330231891549867
"chr13-0456",-0.094456244604206
"chr13-0457",0.0699101518506135
"chr13-0458",0.175124772266694
"chr13-0459",0.144487906684359
"chr13-0460",0.260430488674045
"chr13-0461",0.170067807049457
"chr13-0462",0.191499862800753
"chr13-0463",0.0760812298867227
"chr13-0464",0.101937947987594
"chr13-0465",0.187323469187013
"chr13-0466",0.0626715234063338
"chr13-0467",0.253832795704903
"chr13-0468",0.0793195272302328
"chr13-0469",0.11254636064934
"chr13-0470",0.1390082391497
"chr13-0471",0.215655214958185
"chr13-0472",0.231104820291443
"chr13-0473",0.152117879451271
"chr13-0474",0.152738581191134
"chr13-0475",0.237905408061474
"chr13-0476",0.302708648944178
"chr13-0477",0.160306256828461
"chr13-0478",0.231013046810407
"chr13-0479",0.261081193201364
"chr14-0001",0.211235886646225
"chr14-0002",0.235878357326378
"chr14-0003",0.457075731407588
"chr14-0004",-0.031122288244021
"chr14-0005",-0.524910910820196
"chr14-0006",0.0774546653356623
"chr14-0007",0.171862140643722
"chr14-0008",0.11418501964973
"chr14-0009",0.0141688507899603
"chr14-0010",-0.0712507657953963
"chr14-0011",0.0650564041235217
"chr14-0012",-0.225900157597389
"chr14-0013",-0.0491075136289146
"chr14-0014",-0.0313836940182642
"chr14-0015",0.0343558331879551
"chr14-0016",0.0411745829231722
"chr14-0017",0.145328223529177
"chr14-0018",-0.0348673477870447
"chr14-0019",0.179471326212794
"chr14-0020",-0.274388769491182
"chr14-0021",0.127491498092999
"chr14-0022",0.0687443056326331
"chr14-0023",-0.0443763986821676
"chr14-0024",-0.355175479928047
"chr14-0025",0.0113499565452816
"chr14-0026",0.0788121612002522
"chr14-0027",0.101963875641044
"chr14-0028",0.0345109153107272
"chr14-0029",0.0382674360868564
"chr14-0030",-0.0213946180974941
"chr14-0031",-0.00436652199977224
"chr14-0032",0.183142236165071
"chr14-0033",0.144717277295015
"chr14-0034",0.055007566193056
"chr14-0035",0.00128883499668056
"chr14-0036",0.00856984037055205
"chr14-0037",0.117215987273347
"chr14-0038",0.0322208424581763
"chr14-0039",0.0974194156982133
"chr14-0040",0.208719913139093
"chr14-0041",0.139332981833027
"chr14-0042",0.23528155158304
"chr14-0043",0.0519500419734014
"chr14-0044",0.0716308576312119
"chr14-0045",0.0906081190749368
"chr14-0046",0.0200708654179383
"chr14-0047",0.0559269778085245
"chr14-0048",0.097459889102372
"chr14-0049",0.0039385006918364
"chr14-0050",0.112957288882653
"chr14-0051",0.0923080037652696
"chr14-0052",0.139261061937564
"chr14-0053",0.117996217018867
"chr14-0054",0.119146812099206
"chr14-0055",-0.104474890775616
"chr14-0056",0.0128845916743429
"chr14-0057",0.245567055695766
"chr14-0058",0.259054985344592
"chr14-0059",0.0625752880024405
"chr14-0060",0.225011763891784
"chr14-0061",0.109806320836243
"chr14-0062",0.00911880099130188
"chr14-0063",0.172660772298652
"chr14-0064",0.238631652335246
"chr14-0065",0.208840768952421
"chr14-0066",0.360043620540108
"chr14-0067",0.240979375140412
"chr14-0068",0.203367195867761
"chr14-0069",0.150032775562622
"chr14-0070",-0.0424953779360042
"chr14-0071",0.0937043596199927
"chr14-0072",0.0830223151221069
"chr14-0073",0.0806005770706287
"chr14-0074",0.0425941223346756
"chr14-0075",0.104918079426281
"chr14-0076",0.101779846898951
"chr14-0077",0.184995370078412
"chr14-0078",0.164744268908212
"chr14-0079",-0.0530019381270615
"chr14-0080",0.183939558525813
"chr14-0081",0.337107058184554
"chr14-0082",0.178327987952755
"chr14-0083",0.150083330328924
"chr14-0084",0.247910834223801
"chr14-0085",0.332645245558011
"chr14-0086",0.291326138452879
"chr14-0087",0.24079215556297
"chr14-0088",0.229435927133817
"chr14-0089",0.167885379299932
"chr14-0090",0.262537480670601
"chr14-0091",0.213972586759668
"chr14-0092",0.20765666309706
"chr14-0093",0.015489551646378
"chr14-0094",0.22873354155989
"chr14-0095",0.18625688336332
"chr14-0096",0.16804218684116
"chr14-0097",0.327294661555655
"chr14-0098",0.221686521357914
"chr14-0099",0.0279478702832492
"chr14-0100",0.114031944414385
"chr14-0101",0.211501211261762
"chr14-0102",0.0411945134474715
"chr14-0103",0.159035651610109
"chr14-0104",0.248732550453804
"chr14-0105",0.0922675088103578
"chr14-0106",0.211331611782845
"chr14-0107",-0.000749774815564465
"chr14-0108",0.0413461115622504
"chr14-0109",0.126151726937903
"chr14-0110",0.0323872714789402
"chr14-0111",0.0313693328611744
"chr14-0112",0.0124882080244214
"chr14-0113",0.153096131859423
"chr14-0114",0.133694797889284
"chr14-0115",-0.00455968213821466
"chr14-0116",0.202401250479716
"chr14-0117",0.17898364973663
"chr14-0118",0.163719472634084
"chr14-0119",0.0520285893462733
"chr14-0120",0.14424944831533
"chr14-0121",0.190543910980966
"chr14-0122",0.148084422491442
"chr14-0123",0.095251040826799
"chr14-0124",0.101243217839982
"chr14-0125",0.298623619520925
"chr14-0126",0.284576951156924
"chr14-0127",0.099293475978814
"chr14-0128",0.0626990187762698
"chr14-0129",0.160161562064068
"chr14-0130",0.192077759375817
"chr14-0131",0.208152584656134
"chr14-0132",0.177662849618317
"chr14-0133",0.0893251597647807
"chr14-0134",0.267953161696167
"chr14-0135",-0.00668828719558193
"chr14-0136",-0.117898369890852
"chr14-0137",0.175706267267985
"chr14-0138",0.251056745100627
"chr14-0139",0.139516661509659
"chr14-0140",0.170237694182543
"chr14-0141",0.114762281093719
"chr14-0142",0.0935509105303337
"chr14-0143",0.0541619896714929
"chr14-0144",0.287208572195334
"chr14-0145",0.0712281528195553
"chr14-0146",0.0611871272061624
"chr14-0147",-0.0202947009682853
"chr14-0148",0.0762353865776395
"chr14-0149",0.157963483101077
"chr14-0150",0.100720637194414
"chr14-0151",0.0656726598202308
"chr14-0152",0.0882647632768229
"chr14-0153",0.0430610895465881
"chr14-0154",0.157211735310459
"chr14-0155",0.221436955572306
"chr14-0156",0.0489383268575624
"chr14-0157",0.0477587232032616
"chr14-0158",0.171792915036624
"chr14-0159",0.319846326143638
"chr14-0160",0.144217619148623
"chr14-0161",0.230552836762391
"chr14-0162",0.251702274142828
"chr14-0163",0.044666660390861
"chr14-0164",0.1549753677835
"chr14-0165",0.0742008402946782
"chr14-0166",0.0458524826835759
"chr14-0167",0.0876756353967619
"chr14-0168",0.0855614705770103
"chr14-0169",0.231318600589239
"chr14-0170",0.172194306103123
"chr14-0171",0.0962817120147971
"chr14-0172",0.129607078148462
"chr14-0173",0.293651639902891
"chr14-0174",0.170815745383654
"chr14-0175",0.0221210863922768
"chr14-0176",0.110382457235025
"chr14-0177",0.181378374833762
"chr14-0178",0.13779081859438
"chr14-0179",0.0868540841034259
"chr14-0180",0.254435962958652
"chr14-0181",0.0791604015391869
"chr14-0182",0.261855332408852
"chr14-0183",0.352641611653635
"chr14-0184",0.429892069796321
"chr14-0185",0.159016592534845
"chr14-0186",-0.00648547741977356
"chr14-0187",0.0331492078785821
"chr14-0188",0.161193891324474
"chr14-0189",0.200197396994219
"chr14-0190",0.0157486468747404
"chr14-0191",0.161987021375209
"chr14-0192",0.178776402513548
"chr14-0193",0.202471471486436
"chr14-0194",-0.0751271470861645
"chr14-0195",0.0407090344173799
"chr14-0196",-0.0527942349316166
"chr14-0197",0.115186548010088
"chr14-0198",0.094681591543181
"chr14-0199",0.091806019128927
"chr14-0200",0.272054309745861
"chr14-0201",0.140343014983211
"chr14-0202",0.0169569918985372
"chr14-0203",0.108519875447565
"chr14-0204",0.0393800793303513
"chr14-0205",-0.00341763652490802
"chr14-0206",0.212759315703259
"chr14-0207",0.326772688450301
"chr14-0208",0.148538580957973
"chr14-0209",0.0144598741763209
"chr14-0210",0.0246192425118482
"chr14-0211",0.0677201868923095
"chr14-0212",0.132956277849533
"chr14-0213",0.176654343380364
"chr14-0214",-0.0654069901945402
"chr14-0215",0.109394471358497
"chr14-0216",0.154995565138502
"chr14-0217",1.44087323282069e-05
"chr14-0218",0.13491330524053
"chr14-0219",0.0347654851089543
"chr14-0220",0.153071316830437
"chr14-0221",0.236670444127623
"chr14-0222",0.221003087113485
"chr14-0223",0.236826185976996
"chr14-0224",0.208562443902214
"chr14-0225",0.236725478721488
"chr14-0226",-0.0540559973741801
"chr14-0227",0.105082982224266
"chr14-0228",0.204192592785887
"chr14-0229",0.212410207486288
"chr14-0230",0.199431884356979
"chr14-0231",0.185185911968696
"chr14-0232",0.109542676334808
"chr14-0233",0.0553274228417469
"chr14-0234",0.120679618248789
"chr14-0235",0.260588730887653
"chr14-0236",0.23592799618998
"chr14-0237",0.169887008348264
"chr14-0238",0.20124481967769
"chr14-0239",0.212832106887257
"chr14-0240",0.417580928449372
"chr14-0241",0.171743920558334
"chr14-0242",-0.0247587231618389
"chr14-0243",0.270465500827175
"chr14-0244",0.288527526505074
"chr14-0245",0.130654940598014
"chr14-0246",0.277919604474823
"chr14-0247",0.113741636224569
"chr14-0248",0.036237200333229
"chr14-0249",0.0911644847308639
"chr14-0250",0.137463769345184
"chr14-0251",0.0603112482306631
"chr14-0252",0.196656827027762
"chr14-0253",0.248696550707967
"chr14-0254",0.0441141300044948
"chr14-0255",0.127920043527661
"chr14-0256",0.0240573584167992
"chr14-0257",0.0428745510767684
"chr14-0258",0.206151892680483
"chr14-0259",0.0833262561761753
"chr14-0260",0.0490421105475672
"chr14-0261",0.162432192444729
"chr14-0262",0.197528116634536
"chr14-0263",0.119249549277461
"chr14-0264",0.113207024354279
"chr14-0265",0.0551815890214789
"chr14-0266",0.176498801067469
"chr14-0267",0.109435401630637
"chr14-0268",0.215631629091363
"chr14-0269",0.0781343800841495
"chr14-0270",0.0846267981864527
"chr14-0271",0.0711534841246561
"chr14-0272",0.0658939896640646
"chr14-0273",0.143009634403696
"chr14-0274",0.130184594681488
"chr14-0275",0.107978157955623
"chr14-0276",0.104958663091589
"chr14-0277",0.202125119923309
"chr14-0278",0.273811941531736
"chr14-0279",0.104333507943661
"chr14-0280",0.0512499765924526
"chr14-0281",0.156504453991616
"chr14-0282",0.0781934100944729
"chr14-0283",0.112200355106208
"chr14-0284",0.0614938707932803
"chr14-0285",-0.0214331267785412
"chr14-0286",0.0931799424592366
"chr14-0287",0.125960384757328
"chr14-0288",0.134215015929219
"chr14-0289",0.248794739669032
"chr14-0290",0.284861832271161
"chr14-0291",0.474472356364566
"chr14-0292",0.18022127991413
"chr14-0293",0.239477348173166
"chr14-0294",0.146215570493584
"chr14-0295",0.180140421957554
"chr14-0296",0.216688584151473
"chr14-0297",0.162920905537038
"chr14-0298",0.229267697542549
"chr14-0299",0.269852426919335
"chr14-0300",0.251122914402915
"chr14-0301",0.17675697119055
"chr14-0302",0.185049679041268
"chr14-0303",0.092569469501684
"chr14-0304",0.209536465240938
"chr14-0305",0.0614421820490175
"chr14-0306",0.0338219972971322
"chr14-0307",0.088374293949262
"chr14-0308",0.164951074027915
"chr14-0309",0.0376182016937663
"chr14-0310",-0.0638909242008656
"chr14-0311",0.117258962701654
"chr14-0312",0.0796596299631233
"chr14-0313",0.205637660156235
"chr14-0314",0.234117631581583
"chr14-0315",0.0762719229637376
"chr14-0316",0.0105947559798453
"chr14-0317",0.153648938124781
"chr14-0318",0.00503450133057259
"chr14-0319",0.160999341829681
"chr14-0320",-0.0674820296466973
"chr14-0321",0.0498463061001329
"chr14-0322",-0.0145002089766819
"chr14-0323",0.0771995671109393
"chr14-0324",0.0290700654583136
"chr14-0325",0.129242065295502
"chr14-0326",0.147371521134959
"chr14-0327",-0.55993226741116
"chr14-0328",-0.690215386719986
"chr14-0329",-0.360423263999261
"chr14-0330",-0.532898492001329
"chr14-0331",-0.434821976265712
"chr14-0332",-0.374430534708853
"chr14-0333",-0.523930551994858
"chr14-0334",-0.500358030652602
"chr14-0335",-0.776701037427838
"chr14-0336",-0.498700830375173
"chr14-0337",-0.479065813343534
"chr14-0338",-0.417222019730441
"chr14-0339",-0.5795208256015
"chr14-0340",-0.31243773575644
"chr14-0341",-0.442679014278746
"chr14-0342",-0.442723364450165
"chr14-0343",-0.423884112293137
"chr14-0344",-0.441245641946004
"chr14-0345",-0.680215961856595
"chr14-0346",-0.466754614841728
"chr14-0347",-0.621037561800485
"chr14-0348",-0.553160315165347
"chr14-0349",-0.278499261476226
"chr14-0350",-0.181783211907072
"chr14-0351",-0.400047959666654
"chr14-0352",-0.473963172559966
"chr14-0353",-0.310404641758196
"chr14-0354",-0.404510352165719
"chr14-0355",-0.553555231312244
"chr14-0356",-0.410690522931602
"chr14-0357",-0.495722587923283
"chr14-0358",-0.474026313516078
"chr14-0359",-0.310258299351571
"chr14-0360",-0.116056343676791
"chr14-0361",-0.477324159572282
"chr14-0362",-0.477033731133245
"chr14-0363",-0.527565561728945
"chr14-0364",-0.340511227665026
"chr14-0365",-0.353591523189922
"chr14-0366",-0.378968626509601
"chr14-0367",-0.2857501323802
"chr14-0368",-0.59115475106813
"chr14-0369",-0.199452220495308
"chr14-0370",-0.589460775426142
"chr14-0371",-0.287473037002119
"chr14-0372",-0.433650097078754
"chr14-0373",-0.316389603723369
"chr14-0374",-0.41595050680879
"chr14-0375",-0.366853100042742
"chr14-0376",-0.507493843015847
"chr14-0377",-0.367466481476135
"chr14-0378",-0.227147019991095
"chr14-0379",-0.344360625705728
"chr14-0380",-0.405009722424453
"chr14-0381",-0.559505025548212
"chr14-0382",-0.481028425154934
"chr14-0383",-0.4403781121061
"chr14-0384",-0.660836595886302
"chr14-0385",-0.249036433604579
"chr14-0386",-0.363083697468949
"chr14-0387",-0.338954575119308
"chr14-0388",-0.285163610826159
"chr14-0389",-0.171290873040151
"chr14-0390",-0.435348127092423
"chr14-0391",-0.482404942168656
"chr14-0392",-0.255988644139022
"chr14-0393",-0.224146505620934
"chr14-0394",-0.440247468045734
"chr14-0395",-0.399903820419455
"chr14-0396",-0.477586412078129
"chr14-0397",-0.38810941932915
"chr14-0398",-0.357103639333615
"chr14-0399",-0.474460828948408
"chr14-0400",-0.452259322736971
"chr14-0401",-0.550528852236811
"chr14-0402",-0.580951558664141
"chr14-0403",-0.305143472373918
"chr14-0404",-0.546905231854385
"chr14-0405",-0.495017218129525
"chr14-0406",-0.342359834804107
"chr14-0407",-0.368329676201782
"chr14-0408",-0.441413107845358
"chr14-0409",-0.185231192142254
"chr14-0410",-0.55600163688924
"chr14-0411",-0.477193798329177
"chr14-0412",-0.369282538119916
"chr14-0413",-0.451104051914927
"chr14-0414",-0.437614637122487
"chr14-0415",-0.118450622018518
"chr14-0416",-0.38022751337713
"chr14-0417",-0.485602254957927
"chr14-0418",-0.451878249613039
"chr14-0419",-0.459414926985691
"chr14-0420",-0.23929613693023
"chr14-0421",-0.216248524263104
"chr14-0422",-0.378742909748082
"chr14-0423",-0.716733242422011
"chr14-0424",-0.496566268313547
"chr14-0425",-0.49693355587054
"chr14-0426",-0.69245146168649
"chr14-0427",-0.445754530554672
"chr14-0428",-0.454577679694639
"chr14-0429",-0.360928589447685
"chr14-0430",-0.182433273207854
"chr14-0431",-0.508999748825572
"chr14-0432",-0.370821835731785
"chr14-0433",-0.270525153635745
"chr14-0434",-0.254540494015961
"chr14-0435",-0.412251745360147
"chr14-0436",-0.281743488175058
"chr14-0437",-0.275110876729882
"chr14-0438",-0.439829651535047
"chr14-0439",-0.288840185822628
"chr14-0440",-0.718890486365903
"chr14-0441",-0.376847523359545
"chr14-0442",-0.206702974146019
"chr14-0443",-0.404202504084242
"chr14-0444",-0.40342792593415
"chr14-0445",-0.0914865587428334
"chr14-0446",0.233346802229847
"chr14-0447",0.110890254189523
"chr14-0448",0.173928708843106
"chr14-0449",0.187368825222846
"chr14-0450",0.271158241809249
"chr14-0451",0.130457243309703
"chr14-0452",0.14618048344019
"chr14-0453",0.162603045934974
"chr14-0454",0.149544817501621
"chr14-0455",0.0385376523546062
"chr14-0456",0.116078245256232
"chr14-0457",0.10370193183082
"chr14-0458",0.102247365713547
"chr14-0459",-0.259408082103383
"chr14-0460",0.0527346020463516
"chr14-0461",0.161385149117337
"chr14-0462",0.0446346466155254
"chr14-0463",0.2319672943294
"chr14-0464",0.104096976966357
"chr14-0465",0.0162085988771811
"chr14-0466",0.0760793060162625
"chr14-0467",0.117399999106606
"chr14-0468",0.137920345080029
"chr14-0469",0.129926572840262
"chr14-0470",0.166771047428162
"chr14-0471",0.223534290033529
"chr14-0472",0.120508134639709
"chr14-0473",-0.0525789318160643
"chr14-0474",0.009450053564573
"chr14-0475",0.203651073843473
"chr14-0476",0.0455908784758685
"chr14-0477",0.197290837735995
"chr14-0478",0.0393603775684925
"chr14-0479",0.0832640646874776
"chr14-0480",0.0372955394368077
"chr14-0481",0.137164824975842
"chr14-0482",0.154846638794923
"chr14-0483",0.0698772404755999
"chr14-0484",0.00887665255949036
"chr14-0485",0.141856543811972
"chr14-0486",0.172058763249176
"chr14-0487",0.0839350271002366
"chr14-0488",0.0496305840139573
"chr14-0489",0.0825966226654465
"chr14-0490",0.0395029349698994
"chr14-0491",0.0449423743765998
"chr14-0492",-0.0956726249370681
"chr14-0493",0.102175141566996
"chr14-0494",0.105457318646268
"chr14-0495",0.216865549075345
"chr14-0496",0.337310751855602
"chr14-0497",0.118802671586541
"chr14-0498",0.200960803320786
"chr14-0499",0.0116687825279109
"chr14-0500",0.137942410782037
"chr14-0501",0.189411541801233
"chr14-0502",-0.0108660981626279
"chr14-0503",0.00428482303061999
"chr14-0504",-0.0176732924791723
"chr14-0505",0.0414536117266524
"chr14-0506",0.121612320388707
"chr14-0507",0.124192908108561
"chr14-0508",0.144797772770368
"chr14-0509",0.190991751462917
"chr14-0510",0.326848670335981
"chr14-0511",0.0622501818599547
"chr14-0512",0.0222967531482374
"chr14-0513",0.0323401095294602
"chr14-0514",-0.0552598974953266
"chr14-0515",-0.0153006574921574
"chr14-0516",0.0508737484372472
"chr14-0517",0.165547894459724
"chr14-0518",-0.0390134233849313
"chr14-0519",0.0393952721299426
"chr14-0520",0.0193176440094202
"chr14-0521",-0.0589993394625775
"chr14-0522",0.0955292269934376
"chr14-0523",0.254622072769184
"chr14-0524",-0.142854230862977
"chr14-0525",0.000721239097594162
"chr14-0526",-0.0512138798668576
"chr14-0527",0.0255592582783204
"chr14-0528",0.0934519055578899
"chr14-0529",0.0953857748715036
"chr14-0530",0.0524007846623612
"chr14-0531",0.135699481485722
"chr14-0532",0.0915459598576004
"chr14-0533",0.133624618575546
"chr14-0534",0.0931884761607648
"chr14-0535",0.00976201345911184
"chr14-0536",0.190265834893111
"chr14-0537",0.199650115060949
"chr14-0538",0.238538231528913
"chr14-0539",0.119344507646225
"chr14-0540",0.020537905544646
"chr14-0541",0.178361208366508
"chr14-0542",0.0725008097298977
"chr14-0543",0.0677985792321636
"chr14-0544",0.12599605794548
"chr14-0545",0.0592921054595002
"chr14-0546",0.0626838107561526
"chr14-0547",0.0398415390349431
"chr14-0548",-0.0313273025302139
"chr14-0549",0.0459002765581126
"chr14-0550",0.0753998390285422
"chr14-0551",-0.204826415087573
"chr14-0552",0.135459499196256
"chr14-0553",0.0780708000445775
"chr14-0554",0.094189969364716
"chr14-0555",0.245671861055044
"chr14-0556",0.145749106328764
"chr14-0557",0.0508186268541938
"chr14-0558",0.0780055692987549
"chr14-0559",0.0861008675732942
"chr14-0560",0.172052990123696
"chr14-0561",0.40191776226536
"chr14-0562",0.0324646507029783
"chr14-0563",0.0838025985949043
"chr14-0564",-0.0253008620100169
"chr14-0565",0.0088040349895757
"chr14-0566",0.192395224506451
"chr14-0567",0.0881051516509419
"chr14-0568",0.120456208615433
"chr14-0569",0.120061285524755
"chr14-0570",-0.0703424814275157
"chr14-0571",-0.025155580430118
"chr14-0572",0.0336796201708991
"chr14-0573",0.158907751466271
"chr14-0574",0.00101163789752069
"chr14-0575",0.13924540860022
"chr14-0576",0.0359843091363423
"chr14-0577",0.0881700210088136
"chr14-0578",-0.0728335449168342
"chr14-0579",0.112136622248356
"chr14-0580",0.0782243687033149
"chr14-0581",0.10069370810443
"chr14-0582",0.0919591854783316
"chr14-0583",0.106933062156166
"chr14-0584",0.0636221901224536
"chr14-0585",0.0320983120588538
"chr14-0586",-0.0238198887653825
"chr14-0587",-0.0665217154024673
"chr14-0588",-0.00965144887580402
"chr14-0589",-0.0544829558834885
"chr14-0590",-0.0243092318424504
"chr14-0591",0.0307612280785284
"chr14-0592",0.0116298391851987
"chr14-0593",-0.0787344803480983
"chr14-0594",0.00140987450418015
"chr14-0595",-0.000781500234367946
"chr14-0596",0.0975471509627416
"chr14-0597",0.0488160427890234
"chr14-0598",0.0267282098764914
"chr14-0599",0.102228634990498
"chr14-0600",0.0434687740195423
"chr14-0601",-0.11387982973804
"chr14-0602",0.0527747098002568
"chr14-0603",0.127017597728337
"chr14-0604",0.0682105316379355
"chr14-0605",0.00420168700845702
"chr14-0606",0.110577758471026
"chr14-0607",0.096542256651573
"chr14-0608",0.0703151560543507
"chr14-0609",-0.0282031212091767
"chr14-0610",0.0293146397452353
"chr14-0611",0.0513399739510603
"chr14-0612",-0.0178566304363576
"chr14-0613",0.0336696609301094
"chr14-0614",-0.0261393455946164
"chr14-0615",-0.0272667593845754
"chr14-0616",0.0263826853289709
"chr14-0617",0.197559561543941
"chr14-0618",-0.390027439625271
"chr14-0619",0.0958289349400515
"chr14-0620",0.00334731829901886
"chr14-0621",-0.195256832025168
"chr14-0622",0.113824056550083
"chr15-0001",-0.247996157816855
"chr15-0002",-0.231511449281746
"chr15-0003",-0.233966861806983
"chr15-0004",-0.591122701541518
"chr15-0005",-0.616341819100148
"chr15-0006",-0.410787152997227
"chr15-0007",0.00377261695338803
"chr15-0008",0.173209921879226
"chr15-0009",0.136196409334203
"chr15-0010",0.0572269117277546
"chr15-0011",0.059073472863665
"chr15-0012",0.187143740875219
"chr15-0013",0.0335076133757481
"chr15-0014",0.0636090767234743
"chr15-0015",0.0375038481543895
"chr15-0016",0.0382090728397626
"chr15-0017",-0.109261813700826
"chr15-0018",-0.126173447469104
"chr15-0019",0.0298909531131798
"chr15-0020",0.0156151507636786
"chr15-0021",-0.119087260810177
"chr15-0022",-0.0380595186821464
"chr15-0023",-0.252777671821601
"chr15-0024",0.0955054339912167
"chr15-0025",-0.0548414715140213
"chr15-0026",-0.0389567515333474
"chr15-0027",0.162349229420583
"chr15-0028",0.14703701560817
"chr15-0029",0.192262018501717
"chr15-0030",0.1070480034891
"chr15-0031",0.118889419341374
"chr15-0032",0.104390764350516
"chr15-0033",0.162677438486944
"chr15-0034",0.0528158761657066
"chr15-0035",-0.149517267598381
"chr15-0036",0.051510912230037
"chr15-0037",-0.0528273290932412
"chr15-0038",0.0837035085096691
"chr15-0039",-0.37106568929029
"chr15-0040",-0.0861543356362592
"chr15-0041",0.0797123048805542
"chr15-0042",0.0785808008292792
"chr15-0043",0.188264147753694
"chr15-0044",0.283836275825909
"chr15-0045",0.251017956082469
"chr15-0046",0.0122043924317324
"chr15-0047",0.0659101918257759
"chr15-0048",0.179073299680088
"chr15-0049",0.142234775778001
"chr15-0050",0.0855581818341355
"chr15-0051",-0.0261720835572681
"chr15-0052",0.0483640270932538
"chr15-0053",-0.0537873750938594
"chr15-0054",0.129291959098419
"chr15-0055",0.0361334754201709
"chr15-0056",0.0389408598070245
"chr15-0057",0.137697498875573
"chr15-0058",0.0830544692642955
"chr15-0059",0.179841682177362
"chr15-0060",0.0668487953328378
"chr15-0061",0.017716080542942
"chr15-0062",0.0186547320965825
"chr15-0063",-0.0206808309060463
"chr15-0064",0.0654286479680706
"chr15-0065",0.0534367872600433
"chr15-0066",0.0733305529613844
"chr15-0067",0.0718416726399659
"chr15-0068",0.0597854956280962
"chr15-0069",0.0926752243507873
"chr15-0070",0.330455694661929
"chr15-0071",0.0312666028698466
"chr15-0072",0.261962943519617
"chr15-0073",0.163971586000914
"chr15-0074",0.00888270676258601
"chr15-0075",0.170522651384107
"chr15-0076",0.129427190989132
"chr15-0077",0.00861633228508571
"chr15-0078",0.0553103430799798
"chr15-0079",0.100523699000345
"chr15-0080",-0.0101319550699002
"chr15-0081",0.102330971028703
"chr15-0082",0.111646666242639
"chr15-0083",0.181189297374233
"chr15-0084",0.0505324630270949
"chr15-0085",0.127219693962588
"chr15-0086",0.137884225775405
"chr15-0087",0.0836662611917652
"chr15-0088",0.0660201233660836
"chr15-0089",0.427036056449126
"chr15-0090",0.190964923812863
"chr15-0091",0.440122370904843
"chr15-0092",0.200028424607828
"chr15-0093",0.11307973424622
"chr15-0094",0.2634921685352
"chr15-0095",0.252824075781432
"chr15-0096",0.117633240073031
"chr15-0097",0.285387706939646
"chr15-0098",0.107403838857495
"chr15-0099",0.246738144720112
"chr15-0100",0.0922082190055668
"chr15-0101",0.358050878340956
"chr15-0102",0.0629362421537134
"chr15-0103",0.165517404982886
"chr15-0104",0.165200340860205
"chr15-0105",0.243172631186727
"chr15-0106",0.219255011301284
"chr15-0107",0.00733918913930737
"chr15-0108",0.126311091426693
"chr15-0109",0.174620348334791
"chr15-0110",0.227113675843563
"chr15-0111",0.0154344178093719
"chr15-0112",0.143402779291486
"chr15-0113",0.256334228718697
"chr15-0114",0.0738749594206372
"chr15-0115",0.168729582557401
"chr15-0116",0.17644654140871
"chr15-0117",0.285600538332107
"chr15-0118",0.224812335593746
"chr15-0119",0.157500922505936
"chr15-0120",0.188932441087256
"chr15-0121",0.168297917039993
"chr15-0122",0.145167758445476
"chr15-0123",0.123309545182522
"chr15-0124",-0.0305152670212804
"chr15-0125",0.0665124636379564
"chr15-0126",0.0669917304192
"chr15-0127",0.0197609297087435
"chr15-0128",-0.0283985446041553
"chr15-0129",0.0988635633245989
"chr15-0130",-0.0242657098669326
"chr15-0131",0.0619879832641666
"chr15-0132",-0.00341921467652677
"chr15-0133",0.0650493701915906
"chr15-0134",0.0508304488964317
"chr15-0135",0.0761323095476354
"chr15-0136",0.142900234081592
"chr15-0137",0.0692993906723088
"chr15-0138",0.0538823144111614
"chr15-0139",0.101599273496485
"chr15-0140",-0.02104716527821
"chr15-0141",0.0691902283634694
"chr15-0142",0.167669714224444
"chr15-0143",-0.0104482400443875
"chr15-0144",0.0323795501233568
"chr15-0145",0.0457564661206878
"chr15-0146",0.099443451789432
"chr15-0147",0.0307025729206144
"chr15-0148",-0.0528263828300079
"chr15-0149",0.0914852761622466
"chr15-0150",0.101807717234065
"chr15-0151",0.137030708822974
"chr15-0152",0.0462373082710969
"chr15-0153",0.0755522821823136
"chr15-0154",0.0473807487119918
"chr15-0155",0.0971207413059864
"chr15-0156",0.0498642045113304
"chr15-0157",-0.193857704757629
"chr15-0158",0.164186355303099
"chr15-0159",-0.0154365190440332
"chr15-0160",0.127411433386522
"chr15-0161",0.0639324652881954
"chr15-0162",0.160035644481367
"chr15-0163",0.101901316745032
"chr15-0164",-0.00113570982477091
"chr15-0165",0.070917895928763
"chr15-0166",0.172177990534329
"chr15-0167",0.0196134084231099
"chr15-0168",-0.00751120045437889
"chr15-0169",0.163210057516801
"chr15-0170",0.138808068221901
"chr15-0171",0.0648721106139009
"chr15-0172",-0.116346257528182
"chr15-0173",-0.00248739582901511
"chr15-0174",0.129125185858525
"chr15-0175",-0.0954823766042071
"chr15-0176",0.120508117776834
"chr15-0177",-0.0567986803487883
"chr15-0178",0.0595947079004474
"chr15-0179",-0.163838522626198
"chr15-0180",0.0637350739461283
"chr15-0181",0.194610372679867
"chr15-0182",0.131706539430872
"chr15-0183",-0.0160164169911907
"chr15-0184",0.132675836685269
"chr15-0185",0.092598508751656
"chr15-0186",0.279012328133795
"chr15-0187",0.105842773688399
"chr15-0188",0.134446931345961
"chr15-0189",0.171563343634563
"chr15-0190",0.180468220976382
"chr15-0191",0.217169702123718
"chr15-0192",0.146780837515391
"chr15-0193",0.151974346015891
"chr15-0194",0.233341873225819
"chr15-0195",0.12429507705042
"chr15-0196",0.183228458571787
"chr15-0197",0.156342887732282
"chr15-0198",0.104200732866061
"chr15-0199",0.0676083255563284
"chr15-0200",0.173596249488344
"chr15-0201",0.169074724109844
"chr15-0202",0.246831500785941
"chr15-0203",0.152907800211623
"chr15-0204",0.264631880275139
"chr15-0205",0.161587580333603
"chr15-0206",-0.0904221064704838
"chr15-0207",0.1036673535686
"chr15-0208",0.15143662394338
"chr15-0209",0.0992919562626923
"chr15-0210",0.19859867300339
"chr15-0211",0.165828148015296
"chr15-0212",0.204294922507749
"chr15-0213",0.121561837379695
"chr15-0214",0.107929100402259
"chr15-0215",0.0855975479612329
"chr15-0216",0.163494888608871
"chr15-0217",-0.00486100155836067
"chr15-0218",0.0187487024907212
"chr15-0219",0.0877136066382569
"chr15-0220",-0.0499453117358363
"chr15-0221",0.0339269866698816
"chr15-0222",0.0816232689201744
"chr15-0223",0.130609341454824
"chr15-0224",0.159445025513882
"chr15-0225",0.177026105726584
"chr15-0226",0.0644019856674616
"chr15-0227",0.36039800177354
"chr15-0228",0.0626238136746985
"chr15-0229",0.000493489544992907
"chr15-0230",0.114041323610451
"chr15-0231",0.115327020275914
"chr15-0232",0.214354690890064
"chr15-0233",0.178380537801121
"chr15-0234",0.0924447042376862
"chr15-0235",0.0607324817649281
"chr15-0236",0.106183665539046
"chr15-0237",0.0893768780493688
"chr15-0238",0.0227479073034573
"chr15-0239",0.145410672519547
"chr15-0240",0.21154670430182
"chr15-0241",0.169342957630867
"chr15-0242",0.0781649610548267
"chr15-0243",0.116478486820082
"chr15-0244",0.0484872005890913
"chr15-0245",0.198354636448405
"chr15-0246",0.176321504710358
"chr15-0247",0.0223335431724586
"chr15-0248",0.217699426716738
"chr15-0249",0.144620111445478
"chr15-0250",-0.00603060195529282
"chr15-0251",0.22839431267394
"chr15-0252",0.0828725025787246
"chr15-0253",0.0697034253271204
"chr15-0254",0.223128872831124
"chr15-0255",0.0875691628652452
"chr15-0256",0.0372763624977521
"chr15-0257",0.151296160134438
"chr15-0258",0.207188802866033
"chr15-0259",0.0657102081802498
"chr15-0260",0.0423822541235013
"chr15-0261",0.194431650584952
"chr15-0262",-0.0568504229906137
"chr15-0263",0.193498119133748
"chr15-0264",0.0201742244782766
"chr15-0265",0.201076691368231
"chr15-0266",0.154091747010126
"chr15-0267",0.227140934707566
"chr15-0268",0.130252308790722
"chr15-0269",0.106285817704851
"chr15-0270",0.238087726526176
"chr15-0271",0.0778551349677901
"chr15-0272",-0.0205670513438624
"chr15-0273",-0.129099019019211
"chr15-0274",0.0741398174057585
"chr15-0275",-0.0829141607753152
"chr15-0276",0.0897616351006228
"chr15-0277",0.0358331135424463
"chr15-0278",0.128195147266307
"chr15-0279",0.30993512328379
"chr15-0280",0.208174457822568
"chr15-0281",0.204186812664823
"chr15-0282",0.160736163797077
"chr15-0283",0.204577825406582
"chr15-0284",0.242143719552301
"chr15-0285",0.104408118544187
"chr15-0286",0.190349074060875
"chr15-0287",0.176061075731426
"chr15-0288",0.212691762506544
"chr15-0289",0.0887430931700943
"chr15-0290",0.0431751511269597
"chr15-0291",-0.00259802637987061
"chr15-0292",0.00789118146713604
"chr15-0293",0.0854140798095309
"chr15-0294",-0.00528309652105445
"chr15-0295",0.0798868700041976
"chr15-0296",0.0778314393493245
"chr15-0297",0.151840528809939
"chr15-0298",0.344097027514092
"chr15-0299",0.0599102323671443
"chr15-0300",0.219652906967176
"chr15-0301",0.0939983628569419
"chr15-0302",0.149194957224625
"chr15-0303",0.250037587784938
"chr15-0304",0.0862404318104951
"chr15-0305",0.0302743644978442
"chr15-0306",0.225782212818894
"chr15-0307",0.221733345730981
"chr15-0308",0.0339264084503008
"chr15-0309",0.00630862389412574
"chr15-0310",0.0667782905376224
"chr15-0311",-0.0508973629021634
"chr15-0312",0.142252168016889
"chr15-0313",0.0770009100884434
"chr15-0314",0.0571571551156313
"chr15-0315",-0.0185879306835333
"chr15-0316",0.0499688953039035
"chr15-0317",0.0872918742756535
"chr15-0318",0.0559521285723142
"chr15-0319",0.0657066625880111
"chr15-0320",0.148197633542453
"chr15-0321",0.122369624832867
"chr15-0322",0.123955824806283
"chr15-0323",0.0287857260318145
"chr15-0324",0.058869962213379
"chr15-0325",0.0132710236904183
"chr15-0326",-0.0296981509938808
"chr15-0327",0.100954082690435
"chr15-0328",-0.174440141016164
"chr15-0329",0.051286412125426
"chr15-0330",0.145603737567432
"chr15-0331",0.0747318215821736
"chr15-0332",-0.154298687261628
"chr15-0333",0.00241393577403315
"chr15-0334",0.0289439796492709
"chr15-0335",-0.0184102359911746
"chr15-0336",0.0970430512385436
"chr15-0337",0.0797089567021367
"chr15-0338",0.0206427278638463
"chr15-0339",-0.0864145684621877
"chr15-0340",0.119880161530337
"chr15-0341",0.107840331833012
"chr15-0342",0.137926517202251
"chr15-0343",0.2550622461647
"chr15-0344",0.0989557183319812
"chr15-0345",0.0476250764859884
"chr15-0346",0.184851513537364
"chr15-0347",0.140545374825062
"chr15-0348",0.075686989108866
"chr15-0349",0.0440993563004439
"chr15-0350",0.146137362919989
"chr15-0351",0.146789886768425
"chr15-0352",0.0633507191031132
"chr15-0353",0.262595161728492
"chr15-0354",-0.0859141325519579
"chr15-0355",0.131861549477443
"chr15-0356",0.0875680866710687
"chr15-0357",0.0909605204249888
"chr15-0358",0.220806767160748
"chr15-0359",0.108223761001413
"chr15-0360",0.186355665700908
"chr15-0361",0.049174517162456
"chr15-0362",0.0718004116662127
"chr15-0363",0.143737560266705
"chr15-0364",-0.166906125556788
"chr15-0365",0.0204994185235603
"chr15-0366",-0.0268126153136822
"chr15-0367",0.149474904996331
"chr15-0368",0.016597305833289
"chr15-0369",-0.0677698016665822
"chr15-0370",0.177769461281401
"chr15-0371",0.145494259723119
"chr15-0372",0.0225337911444188
"chr15-0373",0.0413928479796228
"chr15-0374",0.133213704797309
"chr15-0375",-0.0376947713025277
"chr15-0376",0.112052488781859
"chr15-0377",0.0115910206570644
"chr15-0378",0.168288464010789
"chr15-0379",0.0318919552131318
"chr15-0380",0.0202525396044247
"chr15-0381",0.1616494514281
"chr15-0382",-0.0192745684530611
"chr15-0383",0.0627277466730614
"chr15-0384",0.00644662569349374
"chr15-0385",0.111692139001073
"chr15-0386",0.127637077079552
"chr15-0387",0.191454241549151
"chr15-0388",0.210629991928468
"chr15-0389",0.181125380618972
"chr15-0390",0.159708560231413
"chr15-0391",0.0805319128832069
"chr15-0392",0.19051300769434
"chr15-0393",0.262069546114813
"chr15-0394",0.0523206315241786
"chr15-0395",0.00507599602297658
"chr15-0396",0.119429988963092
"chr15-0397",0.175388971508401
"chr15-0398",0.081672320706906
"chr15-0399",0.108784023363207
"chr15-0400",0.106624041509708
"chr15-0401",-0.0155648857926737
"chr15-0402",0.109973618264491
"chr15-0403",0.0785511556326016
"chr15-0404",0.131836562400583
"chr15-0405",0.0908226726934162
"chr15-0406",0.171025727842174
"chr15-0407",-0.0923389387490043
"chr15-0408",-0.0696206969471165
"chr15-0409",0.00308913454678399
"chr15-0410",0.129738901062383
"chr15-0411",0.0901068132143642
"chr15-0412",-0.0114140823493366
"chr15-0413",-0.0297007187022462
"chr15-0414",0.109832425017765
"chr15-0415",0.0558382389493623
"chr15-0416",0.0518074850062745
"chr15-0417",-0.0550134647280446
"chr15-0418",0.0392254082166706
"chr15-0419",-0.047943994589947
"chr15-0420",0.0380279797773632
"chr15-0421",0.0413552528756475
"chr15-0422",-0.132231821118436
"chr15-0423",0.095477091350646
"chr15-0424",0.103261143069179
"chr15-0425",-0.113902136265372
"chr15-0426",-0.00561749574514035
"chr15-0427",-0.00428834894949154
"chr15-0428",-0.00726027508736829
"chr15-0429",0.0938800823196201
"chr15-0430",0.036584028933214
"chr15-0431",0.0422015140173632
"chr15-0432",0.03613850377647
"chr15-0433",0.103823819631321
"chr15-0434",0.0888075683845594
"chr15-0435",0.0928090692614921
"chr15-0436",0.0840111705380529
"chr15-0437",0.162462330282988
"chr15-0438",-0.0149820011013384
"chr15-0439",0.140202474093393
"chr15-0440",0.103342795740013
"chr15-0441",-0.0648168060889093
"chr15-0442",0.129543350290989
"chr15-0443",-0.030417089134844
"chr15-0444",0.123537174435126
"chr15-0445",-0.00413246831542401
"chr15-0446",0.0873046817050633
"chr15-0447",0.0984563546815694
"chr15-0448",-0.115588514679523
"chr15-0449",0.137412199499107
"chr15-0450",0.125823768089528
"chr15-0451",0.0505562067670694
"chr15-0452",-0.0385957683201973
"chr15-0453",-0.00208521572556508
"chr15-0454",-0.0713307448517454
"chr15-0455",-0.0190202550288876
"chr15-0456",0.152151804487269
"chr15-0457",0.231117299701885
"chr15-0458",0.146081191490677
"chr15-0459",0.0447703631460079
"chr15-0460",0.0926028562262759
"chr15-0461",-0.0151629007277694
"chr15-0462",0.0146909979578786
"chr15-0463",0.0847760731441226
"chr15-0464",0.113919121552195
"chr15-0465",-0.0127485942031419
"chr15-0466",0.044968214831495
"chr15-0467",0.151581481017445
"chr15-0468",0.00348699192139456
"chr15-0469",-0.0658346186136104
"chr15-0470",0.0131099206180384
"chr15-0471",-0.040931060768804
"chr15-0472",0.0783246349074765
"chr15-0473",0.0367432618959622
"chr15-0474",0.203537175802502
"chr15-0475",0.0285782911728416
"chr15-0476",0.0482317516664769
"chr15-0477",0.152812065146724
"chr15-0478",0.0829934561197773
"chr15-0479",0.0347612605438925
"chr15-0480",0.023246302788653
"chr15-0481",0.0216925084901836
"chr15-0482",-0.0365648542784577
"chr15-0483",0.0065431849170778
"chr15-0484",0.0344075930958517
"chr15-0485",0.161269360066612
"chr15-0486",0.224163473584264
"chr15-0487",0.18749045106718
"chr15-0488",0.0963074349824569
"chr15-0489",0.0953479578579176
"chr15-0490",0.0323935548443361
"chr15-0491",0.181927872020361
"chr15-0492",0.151765261852413
"chr15-0493",0.0715809544523582
"chr15-0494",0.0850220728183523
"chr15-0495",0.125115115591685
"chr15-0496",0.146048608223103
"chr15-0497",-0.0471792819006923
"chr15-0498",-0.0962437096374899
"chr15-0499",0.00160799734716001
"chr15-0500",-0.0276850542652792
"chr15-0501",0.100473366748132
"chr15-0502",0.0443262746249227
"chr15-0503",0.0243162794428227
"chr15-0504",0.0443372522522766
"chr15-0505",0.0785897399989128
"chr15-0506",0.130524830015926
"chr15-0507",0.0165622547937431
"chr15-0508",0.0915702075883674
"chr15-0509",0.200464872596873
"chr15-0510",-0.0327434963396815
"chr15-0511",-0.00414419606871481
"chr15-0512",0.151590793353522
"chr15-0513",0.075098806344236
"chr15-0514",0.0481197591599693
"chr15-0515",0.0869556771861526
"chr15-0516",0.0187418080495448
"chr15-0517",-0.0530297637714526
"chr15-0518",0.194277192746017
"chr15-0519",0.0712449877336001
"chr15-0520",0.109468808905087
"chr15-0521",0.196994812659169
"chr15-0522",0.187385604802801
"chr15-0523",0.269317468249073
"chr15-0524",0.198107656951949
"chr15-0525",0.242954192760289
"chr15-0526",0.132266732592694
"chr15-0527",0.0213976118609034
"chr15-0528",0.149440675169794
"chr15-0529",-0.0538181584453813
"chr15-0530",-0.00525304322895402
"chr15-0531",0.137094596984891
"chr15-0532",0.110824682155573
"chr15-0533",-0.0452207935710418
"chr15-0534",0.0752644383969014
"chr15-0535",0.0753883566288406
"chr15-0536",0.0820894775499576
"chr15-0537",0.0600147157999291
"chr15-0538",0.0850714854046946
"chr15-0539",0.0365127765748161
"chr15-0540",0.0427911387773906
"chr15-0541",0.0274491844387086
"chr15-0542",0.130249756932034
"chr15-0543",-0.0010020901284138
"chr15-0544",0.0682839221646238
"chr15-0545",0.234248727498957
"chr15-0546",0.0201073311931548
"chr15-0547",0.225984069624183
"chr15-0548",-0.00576458411064423
"chr15-0549",-0.0908304124500246
"chr15-0550",-0.105894512544753
"chr15-0551",0.0671515569849599
"chr15-0552",0.08655353694172
"chr15-0553",-0.121430150738247
"chr15-0554",0.0928584267443636
"chr15-0555",0.0368941368071271
"chr15-0556",0.10014475544498
"chr15-0557",0.100705032725336
"chr15-0558",0.130024069330767
"chr15-0559",0.00466650627533019
"chr15-0560",0.0892721286593175
"chr15-0561",0.0914871414082318
"chr15-0562",0.101386053037715
"chr15-0563",0.251801567736971
"chr15-0564",0.0349944677576051
"chr15-0565",0.0194100620782357
"chr15-0566",0.11694574164785
"chr15-0567",0.139567282900819
"chr15-0568",0.105370696746374
"chr15-0569",0.144804249293354
"chr15-0570",0.0287209779071723
"chr15-0571",0.11204199218447
"chr15-0572",0.0495428178577982
"chr15-0573",0.20844041392526
"chr15-0574",0.193777993202952
"chr15-0575",0.349739911919026
"chr15-0576",0.0800469956624673
"chr15-0577",0.0450588652048467
"chr15-0578",0.0974095500324983
"chr15-0579",0.019378855219631
"chr15-0580",0.0692437815587571
"chr15-0581",0.282102070041475
"chr15-0582",0.0775268607812644
"chr15-0583",0.18141094973883
"chr15-0584",0.337342061956017
"chr15-0585",0.136306852334322
"chr15-0586",0.0558708917705002
"chr15-0587",0.0514351257456166
"chr15-0588",-0.0275219166226334
"chr15-0589",-0.10158820717625
"chr15-0590",0.0481155405010535
"chr15-0591",0.0800312766469108
"chr15-0592",0.147096284881063
"chr15-0593",0.0758134508271142
"chr15-0594",0.174823300550646
"chr15-0595",-0.128114536750249
"chr15-0596",0.172930245736708
"chr15-0597",0.262794904887099
"chr15-0598",0.167169044435566
"chr15-0599",0.0783731804788827
"chr15-0600",0.158994639798026
"chr15-0601",0.227088302686899
"chr15-0602",0.218284871388197
"chr15-0603",0.0945011661228826
"chr15-0604",0.0517171648039919
"chr15-0605",0.0923151884816526
"chr15-0606",0.16279948721209
"chr15-0607",0.0501783890043947
"chr15-0608",0.077510198581697
"chr15-0609",-0.0259099886801582
"chr15-0610",0.157321376025286
"chr15-0611",0.0673037078265876
"chr15-0612",0.0948307172824059
"chr15-0613",0.0706274672176493
"chr15-0614",-0.0513327185691747
"chr15-0615",-0.0850544163151779
"chr15-0616",0.0265954122794035
"chr15-0617",0.164294416740707
"chr15-0618",0.120228126505555
"chr15-0619",0.12379826781377
"chr15-0620",0.118364383182536
"chr15-0621",-0.063438079187079
"chr15-0622",0.204298800707263
"chr15-0623",0.327760757397208
"chr15-0624",0.162287814418284
"chr15-0625",0.290327128022658
"chr15-0626",0.194694899188145
"chr15-0627",0.120556619076091
"chr15-0628",0.0543233351359869
"chr15-0629",-0.0614716516242602
"chr15-0630",-0.0230604854502415
"chr15-0631",0.0849919930010382
"chr15-0632",0.213962702034215
"chr15-0633",0.0804948069598016
"chr15-0634",0.150591316239186
"chr15-0635",0.173216924683243
"chr15-0636",0.160852931371008
"chr15-0637",0.303850884673846
"chr15-0638",0.163427385688754
"chr15-0639",0.0806508346232196
"chr15-0640",0.0490535923430626
"chr15-0641",0.0953863274798706
"chr15-0642",0.126555919260543
"chr15-0643",0.142242844345257
"chr15-0644",0.152523054043616
"chr15-0645",0.278018286503086
"chr15-0646",0.0559050531255883
"chr15-0647",0.0788039790082472
"chr15-0648",0.183750717207905
"chr15-0649",0.101295755407991
"chr15-0650",0.17318000616661
"chr15-0651",0.140383440804613
"chr15-0652",0.192271039172563
"chr15-0653",0.11182690740052
"chr16-0001",0.195371065762087
"chr16-0002",0.242359364373918
"chr16-0003",0.0662058263003904
"chr16-0004",0.0324621108918403
"chr16-0005",0.143045525568538
"chr16-0006",0.19473872064749
"chr16-0007",0.14341889457359
"chr16-0008",0.128584596721489
"chr16-0009",0.158830007044656
"chr16-0010",0.102751819763951
"chr16-0011",0.0796523510502309
"chr16-0012",0.052390258390755
"chr16-0013",0.10810447157803
"chr16-0014",0.00830510306269005
"chr16-0015",-0.00815348095990052
"chr16-0016",0.0369946323920077
"chr16-0017",0.0861046235252551
"chr16-0018",0.0371614490683112
"chr16-0019",0.118293681841997
"chr16-0020",0.0631757415872145
"chr16-0021",0.0998372052002574
"chr16-0022",0.187656435710502
"chr16-0023",0.235078870166365
"chr16-0024",0.170183164185711
"chr16-0025",0.133685457362193
"chr16-0026",0.123567344061986
"chr16-0027",0.144912589546378
"chr16-0028",0.126976704885597
"chr16-0029",0.181101411911509
"chr16-0030",0.152997839171099
"chr16-0031",0.165456911053057
"chr16-0032",0.2167316559759
"chr16-0033",0.17743606831866
"chr16-0034",0.160156993741618
"chr16-0035",0.184875350457344
"chr16-0036",0.156093689961382
"chr16-0037",0.140090566639798
"chr16-0038",0.0312454535119492
"chr16-0039",0.122130132138099
"chr16-0040",0.0420688785988725
"chr16-0041",0.0660883338570644
"chr16-0042",0.100271262462494
"chr16-0043",0.0644175349703172
"chr16-0044",0.0724477919798578
"chr16-0045",0.185602671272743
"chr16-0046",0.141632519733005
"chr16-0047",0.117521107209702
"chr16-0048",0.0540884306108181
"chr16-0049",0.088010729263503
"chr16-0050",0.159638671800605
"chr16-0051",0.193569744724826
"chr16-0052",0.260017130741963
"chr16-0053",0.10717514329806
"chr16-0054",0.0702852104951869
"chr16-0055",0.315391891726601
"chr16-0056",0.0192493354496794
"chr16-0057",0.176934142003271
"chr16-0058",0.104187211129965
"chr16-0059",0.165464112324207
"chr16-0060",0.084005076631028
"chr16-0061",0.223203450371938
"chr16-0062",0.115585437039046
"chr16-0063",0.118334721666623
"chr16-0064",0.0921434631415914
"chr16-0065",0.359857814965185
"chr16-0066",0.206821887121167
"chr16-0067",0.219726729009914
"chr16-0068",0.152368953918596
"chr16-0069",0.0459711192348744
"chr16-0070",0.0467727667193577
"chr16-0071",0.227184474360975
"chr16-0072",0.0460566958901641
"chr16-0073",0.0642922841946683
"chr16-0074",0.0811234189086298
"chr16-0075",0.15026783799956
"chr16-0076",0.0187039932594645
"chr16-0077",0.142405503288213
"chr16-0078",0.121929319960832
"chr16-0079",0.170865029823563
"chr16-0080",0.0431488948674504
"chr16-0081",0.120733266079651
"chr16-0082",0.226588079078774
"chr16-0083",0.113962610604624
"chr16-0084",0.255512513670159
"chr16-0085",0.221037062203353
"chr16-0086",0.132046830390998
"chr16-0087",0.202829791885842
"chr16-0088",0.0905497317596794
"chr16-0089",-0.216430165849968
"chr16-0090",-0.0122632192670186
"chr16-0091",0.110827518759739
"chr16-0092",-0.0400136281769963
"chr16-0093",-0.0404488083771366
"chr16-0094",0.106756386945868
"chr16-0095",-0.068703724158497
"chr16-0096",0.0830192589027446
"chr16-0097",0.124003493395603
"chr16-0098",0.232105159524625
"chr16-0099",0.192360046112869
"chr16-0100",0.213331302134772
"chr16-0101",0.202130229970551
"chr16-0102",0.255281386494972
"chr16-0103",0.147087323697906
"chr16-0104",0.140658884010674
"chr16-0105",0.290475844498019
"chr16-0106",0.194008304673288
"chr16-0107",0.348041608261215
"chr16-0108",0.186615612400239
"chr16-0109",0.223549096562186
"chr16-0110",0.202143359981613
"chr16-0111",0.0768748788520091
"chr16-0112",0.0672834024954703
"chr16-0113",0.189229373585054
"chr16-0114",0.181318088501525
"chr16-0115",0.110592643080859
"chr16-0116",0.121475120249513
"chr16-0117",0.0416044111239273
"chr16-0118",0.13597885495665
"chr16-0119",0.0753093061004887
"chr16-0120",0.0800669662097017
"chr16-0121",0.10547696694974
"chr16-0122",-0.0129636054609152
"chr16-0123",0.392675185572023
"chr16-0124",0.383857891140785
"chr16-0125",0.403486513313137
"chr16-0126",0.168593736379643
"chr16-0127",0.170737723604909
"chr16-0128",0.240961215082047
"chr16-0129",0.32065136287466
"chr16-0130",0.22376109446467
"chr16-0131",0.145285147719211
"chr16-0132",0.133498951889444
"chr16-0133",0.172096514622256
"chr16-0134",0.0709228849530466
"chr16-0135",0.148884997056999
"chr16-0136",0.165969809331173
"chr16-0137",0.301045881994597
"chr16-0138",0.20390548926088
"chr16-0139",0.399925010700193
"chr16-0140",0.145174535759871
"chr16-0141",0.280349429274129
"chr16-0142",0.216411672657874
"chr16-0143",0.215064228049461
"chr16-0144",0.0255106755540627
"chr16-0145",0.130781819866983
"chr16-0146",0.225780504654953
"chr16-0147",0.280448217519704
"chr16-0148",0.478466910279354
"chr16-0149",0.378709512286612
"chr16-0150",0.247478213697389
"chr16-0151",0.0954832807398581
"chr16-0152",0.0894549922409603
"chr16-0153",0.200726166332335
"chr16-0154",0.18849703116799
"chr16-0155",0.0399896349272456
"chr16-0156",0.254890490511013
"chr16-0157",0.160634337671006
"chr16-0158",0.207192012416096
"chr16-0159",0.0923505566415708
"chr16-0160",0.0552866764857362
"chr16-0161",0.222340636682742
"chr16-0162",0.277679531866894
"chr16-0163",0.26498534216888
"chr16-0164",0.286581580295199
"chr16-0165",0.147577935611174
"chr16-0166",0.0163686267425048
"chr16-0167",0.111249874622308
"chr16-0168",0.0365894873498495
"chr16-0169",0.215867994675902
"chr16-0170",0.187191999978312
"chr16-0171",0.238776732580709
"chr16-0172",0.274852873591017
"chr16-0173",0.448018152265121
"chr16-0174",0.079755370117786
"chr16-0175",0.147678026488626
"chr16-0176",0.187310916185178
"chr16-0177",0.127849058678924
"chr16-0178",0.195156262621222
"chr16-0179",0.218237340792031
"chr16-0180",0.250538611851239
"chr16-0181",0.0968536844264522
"chr16-0182",0.146141350787606
"chr16-0183",0.156219741484103
"chr16-0184",0.283624708379346
"chr16-0185",0.190557134106521
"chr16-0186",0.149071581716915
"chr16-0187",0.238084851226177
"chr16-0188",0.228151719059999
"chr16-0189",0.258593897677961
"chr16-0190",0.0675847779155149
"chr16-0191",0.0939545409561694
"chr16-0192",0.288352926284529
"chr16-0193",0.0951328808132957
"chr16-0194",0.142418960956793
"chr16-0195",-0.0574536725753368
"chr16-0196",0.200835953804208
"chr16-0197",0.163267278849285
"chr16-0198",0.136476562785744
"chr16-0199",0.126747759954881
"chr16-0200",0.134916535496107
"chr16-0201",0.00703000473621105
"chr16-0202",0.0749522060395385
"chr16-0203",-0.00740314303674335
"chr16-0204",-0.0796436823837684
"chr16-0205",-0.0645615222792451
"chr16-0206",0.0481301333052097
"chr16-0207",0.257454225034889
"chr16-0208",0.22825440074583
"chr16-0209",0.243138154466577
"chr16-0210",0.304985260894919
"chr16-0211",0.0596444615711264
"chr16-0212",0.248597108783753
"chr16-0213",0.209311864193152
"chr16-0214",0.167312967237139
"chr16-0215",0.18174539290998
"chr16-0216",0.038279225921284
"chr16-0217",0.104390856297208
"chr16-0218",0.000657116125804883
"chr16-0219",-0.0490839661501375
"chr16-0220",0.0753027295917502
"chr16-0221",0.142000931017597
"chr16-0222",0.417921406638958
"chr16-0223",0.194746108237887
"chr16-0224",0.101861314115381
"chr16-0225",0.217728394846355
"chr16-0226",0.145953991317844
"chr16-0227",0.220388320692861
"chr16-0228",0.240035770949713
"chr16-0229",0.113379583771892
"chr16-0230",0.071278844743099
"chr16-0231",0.180838271091395
"chr16-0232",0.213474916130082
"chr16-0233",0.316895157598804
"chr16-0234",0.0865155216962165
"chr16-0235",0.108264244374212
"chr16-0236",0.140916900991651
"chr16-0237",0.157293866255015
"chr16-0238",0.111368744566389
"chr16-0239",0.197477596697392
"chr16-0240",0.109644443255166
"chr16-0241",0.0728151122240236
"chr16-0242",0.30056769521843
"chr16-0243",0.175768618791518
"chr16-0244",0.230564839141691
"chr16-0245",0.181640913006248
"chr16-0246",0.0520654253884201
"chr16-0247",0.0328682209402412
"chr16-0248",0.187062421785614
"chr16-0249",0.109942505378078
"chr16-0250",0.1275094133589
"chr16-0251",0.0926993451600522
"chr16-0252",0.200342098526898
"chr16-0253",0.119914616229042
"chr16-0254",0.124501877181633
"chr16-0255",0.160618464375525
"chr16-0256",0.0307044686123565
"chr16-0257",0.133101766844808
"chr16-0258",0.229276523258875
"chr16-0259",0.241372385998381
"chr16-0260",0.147051433620452
"chr16-0261",0.190687948117433
"chr16-0262",0.180237944046926
"chr16-0263",0.120448451702933
"chr16-0264",0.131814909401904
"chr16-0265",0.174315139336147
"chr16-0266",-0.0435015988825778
"chr16-0267",0.0733924464091889
"chr16-0268",-0.0643497415477677
"chr16-0269",0.165087116814163
"chr16-0270",0.187099067022642
"chr16-0271",0.207504817502667
"chr16-0272",0.175153688191828
"chr16-0273",0.288208635023769
"chr16-0274",0.104758508370922
"chr16-0275",0.0897318185967459
"chr16-0276",0.204883129301908
"chr16-0277",0.0734433910882027
"chr16-0278",0.141287967360401
"chr16-0279",0.0474666214471537
"chr16-0280",-0.495735121206049
"chr16-0281",-0.45145510425576
"chr16-0282",-0.292771870484996
"chr16-0283",-0.557707242373855
"chr16-0284",-0.367393118727594
"chr16-0285",-0.21824839448456
"chr16-0286",-0.261003445555484
"chr16-0287",-0.349555887247108
"chr16-0288",-0.343301020598503
"chr16-0289",-0.427269925649814
"chr16-0290",-0.598434636946511
"chr16-0291",-0.345407204729888
"chr16-0292",-0.376871633988399
"chr16-0293",-0.467133390256311
"chr16-0294",-0.23580155278833
"chr16-0295",-0.498320573372087
"chr16-0296",-0.309468544060214
"chr16-0297",-0.560783763736147
"chr16-0298",-0.750309480832725
"chr16-0299",-0.536051773065014
"chr16-0300",-0.672001035600871
"chr16-0301",-0.400775785506311
"chr16-0302",-0.514257315415081
"chr16-0303",-0.471202270304755
"chr16-0304",-0.382799764027373
"chr16-0305",-0.404042205002113
"chr16-0306",-0.484238123214237
"chr16-0307",-0.715957385930484
"chr16-0308",-0.472530940981215
"chr16-0309",-0.465016227759078
"chr16-0310",-0.369563765819751
"chr16-0311",-0.508169433702524
"chr16-0312",-0.375502536687096
"chr16-0313",-0.388592742898766
"chr16-0314",-0.450170438439608
"chr16-0315",-0.292848967286335
"chr16-0316",-0.67042864998745
"chr16-0317",-0.287361317292995
"chr16-0318",-0.404681782249472
"chr16-0319",-0.277054098007612
"chr16-0320",-0.289002382112457
"chr16-0321",-0.329467043869672
"chr16-0322",-0.396165714092205
"chr16-0323",-0.297857024655506
"chr16-0324",-0.113851524861258
"chr16-0325",-0.233538242487624
"chr16-0326",-0.235933448640049
"chr16-0327",-0.337264053812877
"chr16-0328",-0.408241237912409
"chr16-0329",-0.284945684469346
"chr16-0330",-0.061291234561169
"chr16-0331",-0.490319852109196
"chr16-0332",-0.45194868891688
"chr16-0333",-0.415295243559286
"chr16-0334",-0.522647524186915
"chr16-0335",-0.777642220187327
"chr16-0336",-0.86044955095193
"chr16-0337",-0.842761479002524
"chr16-0338",-0.909422494880785
"chr16-0339",-0.274717725921935
"chr16-0340",-0.434402222811281
"chr16-0341",-0.287372444611042
"chr16-0342",-0.495850373860421
"chr16-0343",-0.27345417231735
"chr16-0344",-0.395815101553315
"chr16-0345",-0.404114149875386
"chr16-0346",-0.388240707900261
"chr16-0347",-0.5480850770289
"chr16-0348",-0.398873467061714
"chr16-0349",-0.351507449810584
"chr16-0350",-0.572114410916899
"chr16-0351",-0.596714555576157
"chr16-0352",-0.21007005105735
"chr16-0353",-0.408614444263199
"chr16-0354",-0.402964633746634
"chr16-0355",-0.305153362497495
"chr16-0356",-0.410807583178558
"chr16-0357",-0.379446207132598
"chr16-0358",-0.526724552361463
"chr16-0359",-0.784505548605716
"chr16-0360",-0.241189485603386
"chr16-0361",-0.463821779163891
"chr16-0362",-0.339555849763113
"chr16-0363",-0.251802777421161
"chr16-0364",-0.379469814638601
"chr16-0365",-0.294654744416529
"chr16-0366",-0.223588454005934
"chr16-0367",-0.486578481711056
"chr16-0368",-0.533757028495678
"chr16-0369",-0.312013058289375
"chr16-0370",-0.380685574646501
"chr16-0371",-0.372087150252912
"chr16-0372",-0.288536676138177
"chr16-0373",-0.695649502514415
"chr16-0374",-0.331443646179507
"chr16-0375",-0.371868990770843
"chr16-0376",-0.165900298406071
"chr16-0377",-0.359665361863764
"chr16-0378",-0.338442976354035
"chr16-0379",-0.215683796538522
"chr16-0380",-0.280702584100056
"chr16-0381",-0.210957997852556
"chr16-0382",-0.615535377966576
"chr16-0383",-0.362392124916213
"chr16-0384",-0.253228734620169
"chr16-0385",-0.547581478506607
"chr16-0386",-0.270067514965591
"chr16-0387",-0.489174736330867
"chr16-0388",-0.884129528320922
"chr16-0389",-0.538718191638894
"chr16-0390",-0.424056712550393
"chr16-0391",-0.370426158857092
"chr16-0392",-0.413129620993674
"chr16-0393",-0.419260295938633
"chr16-0394",-0.567227442148881
"chr16-0395",-0.961569345742013
"chr16-0396",-0.870553794776697
"chr16-0397",-0.562119435331931
"chr16-0398",-0.248634651654962
"chr16-0399",-0.281123224100228
"chr16-0400",-0.673224004629128
"chr16-0401",-0.433400080954979
"chr16-0402",-0.511441837757443
"chr16-0403",-0.357617348760862
"chr16-0404",-0.326163346004833
"chr16-0405",-0.0781474625517787
"chr16-0406",-0.231550652563542
"chr16-0407",-0.614704932664879
"chr16-0408",-0.55710576407903
"chr16-0409",-0.416598872170103
"chr16-0410",-0.452866187816074
"chr16-0411",-0.240511607927254
"chr16-0412",-0.466695322015512
"chr16-0413",-0.43874282523537
"chr16-0414",-0.276417741167504
"chr16-0415",-0.17595615259052
"chr16-0416",-0.150189896128946
"chr16-0417",-0.570495611299221
"chr16-0418",-0.187932428611925
"chr16-0419",-0.380562645874196
"chr16-0420",-0.28757462295501
"chr16-0421",-0.401114533436157
"chr16-0422",-0.409953303241533
"chr16-0423",-0.197235525822298
"chr16-0424",-0.292598505540825
"chr16-0425",-0.437492198524264
"chr16-0426",-0.330442487749238
"chr16-0427",-0.165177131734383
"chr16-0428",-0.254779502039341
"chr16-0429",-0.349532903186872
"chr16-0430",-0.193718976968659
"chr16-0431",-0.306474238967183
"chr16-0432",-0.2709442597621
"chr16-0433",-0.331324432769827
"chr16-0434",-0.392734824284455
"chr16-0435",-0.217288199588055
"chr16-0436",-0.388560563990385
"chr16-0437",-0.3200641521021
"chr16-0438",-0.430486214643566
"chr16-0439",-0.423549569606039
"chr16-0440",-0.499062006574651
"chr16-0441",-0.5573884741833
"chr16-0442",-0.636080490455577
"chr16-0443",-0.678330148035237
"chr16-0444",-0.582414788829974
"chr16-0445",-0.317274275108951
"chr16-0446",-0.598628078627869
"chr16-0447",-0.261280674468418
"chr16-0448",-0.340774707440954
"chr16-0449",-0.543664396308129
"chr16-0450",-0.441655254380868
"chr16-0451",-0.363754318924595
"chr16-0452",-0.389771840466925
"chr16-0453",-0.392494163554274
"chr16-0454",-0.264144139629963
"chr16-0455",-0.0437451811443168
"chr16-0456",-0.158156138844874
"chr16-0457",-0.316418203508446
"chr16-0458",-0.436908712128577
"chr16-0459",-0.385595842714958
"chr16-0460",-0.463321176926483
"chr16-0461",-0.30243281670619
"chr16-0462",-0.445943134182663
"chr16-0463",-0.526488424280461
"chr16-0464",-0.0866706476315538
"chr16-0465",-0.2443801089918
"chr16-0466",-0.207833945840854
"chr16-0467",-0.79144655161378
"chr16-0468",-0.446360823137969
"chr16-0469",-0.455631637148785
"chr16-0470",-0.457288432482262
"chr16-0471",-0.67256853877031
"chr16-0472",-0.751724653185974
"chr16-0473",-0.417661822992368
"chr16-0474",-0.509577415552731
"chr16-0475",-0.247779828344372
"chr16-0476",-0.354513104367602
"chr16-0477",-0.39417198267698
"chr16-0478",-0.31178057262114
"chr16-0479",-0.742876149721582
"chr16-0480",-0.414206722802383
"chr16-0481",-0.614680233429816
"chr16-0482",-0.220246825913021
"chr16-0483",-0.198133428630729
"chr16-0484",-0.226799670794549
"chr16-0485",-0.156791049940421
"chr16-0486",-0.187067149145445
"chr16-0487",-0.284870175646641
"chr16-0488",-0.593114780584414
"chr16-0489",-0.270656888425245
"chr16-0490",-0.497731922498326
"chr16-0491",-0.54707617824838
"chr16-0492",-0.641415444560122
"chr16-0493",-0.64981830281994
"chr16-0494",-0.474731650484665
"chr16-0495",-0.489104044207608
"chr16-0496",-0.587177370677769
"chr16-0497",-0.525598726062108
"chr16-0498",-0.519259730322708
"chr16-0499",-0.389291602874646
"chr16-0500",-0.329505443459244
"chr16-0501",-0.370469732927754
"chr16-0502",-0.398893402111322
"chr16-0503",-0.377704488691032
"chr16-0504",-0.241838903310886
"chr16-0505",-0.470125126305396
"chr16-0506",-0.318402226862931
"chr16-0507",-0.340938268618475
"chr16-0508",-0.320719734330998
"chr16-0509",-0.477629296303373
"chr16-0510",-0.414896855299102
"chr16-0511",-0.0892817426479626
"chr16-0512",-0.582740456930562
"chr16-0513",-0.454607733941041
"chr16-0514",-0.601576864083107
"chr16-0515",-0.376970920165371
"chr16-0516",-0.453711531942891
"chr16-0517",-0.582017209712595
"chr16-0518",-0.418684442262922
"chr16-0519",-0.47706303403509
"chr16-0520",-0.344365295752536
"chr16-0521",-0.43340362799049
"chr16-0522",-0.36903765827182
"chr16-0523",-0.167168227201645
"chr16-0524",-0.282660725366961
"chr16-0525",-0.377603805318426
"chr16-0526",-0.173378620186027
"chr16-0527",-0.238413372093529
"chr16-0528",-0.443746906039111
"chr16-0529",-0.439367882979877
"chr16-0530",-0.096541007625039
"chr16-0531",-0.420931980853984
"chr16-0532",-0.496890538198712
"chr16-0533",-0.328817324901368
"chr16-0534",-0.362796753073611
"chr16-0535",-0.401878196041257
"chr16-0536",-0.61752164433081
"chr16-0537",-0.638018218171093
"chr16-0538",-0.226252032352846
"chr16-0539",-0.296774454997223
"chr16-0540",-0.227934414742434
"chr16-0541",-0.24245935676178
"chr16-0542",-0.167360285252208
"chr16-0543",-0.251943358929841
"chr16-0544",-0.380537210410555
"chr16-0545",-0.536328524172481
"chr16-0546",-0.481520157307269
"chr16-0547",-0.453947072019838
"chr16-0548",-0.998212487066542
"chr16-0549",-0.506802358499764
"chr16-0550",-0.419890649144591
"chr16-0551",-0.542990760214512
"chr16-0552",-0.74305779666403
"chr16-0553",-1.0001779787997
"chr16-0554",-0.759109493743567
"chr16-0555",-0.575065273436679
"chr16-0556",-0.533230209398248
"chr16-0557",-0.322182244114055
"chr16-0558",-0.328557700696977
"chr16-0559",-0.423957609509314
"chr16-0560",-0.209834807174808
"chr16-0561",-0.316471234659276
"chr16-0562",-0.478993064761498
"chr16-0563",-0.470009108224555
"chr16-0564",-0.658547980412986
"chr16-0565",-0.288968459203813
"chr16-0566",-0.442220895099525
"chr16-0567",-0.287211255163409
"chr16-0568",-0.483000524591305
"chr16-0569",-0.198494549114169
"chr16-0570",-0.332701687537447
"chr16-0571",-0.231497529230953
"chr16-0572",-0.242158722863637
"chr16-0573",-0.173986662789871
"chr16-0574",-0.31855439601247
"chr16-0575",-0.347196565529278
"chr16-0576",-0.302157879270741
"chr16-0577",-0.189677901897275
"chr16-0578",-0.260763300859658
"chr16-0579",-0.341009135234094
"chr16-0580",-0.230765626445297
"chr16-0581",-0.28721697484654
"chr16-0582",-0.37610407276483
"chr16-0583",-0.404983533019454
"chr16-0584",-0.412773117035498
"chr16-0585",-0.49685658123976
"chr16-0586",-0.341797407688147
"chr16-0587",-0.290209073398405
"chr16-0588",-0.215472913421794
"chr16-0589",-0.329582106937941
"chr16-0590",-0.162215897898369
"chr16-0591",-0.295016795467917
"chr16-0592",-0.116932840404002
"chr16-0593",-0.282834366967924
"chr16-0594",-0.405875812890266
"chr16-0595",-0.398604452079417
"chr16-0596",-0.528799244986395
"chr16-0597",-0.38512855072208
"chr16-0598",-0.427414804983838
"chr16-0599",-0.349186488726696
"chr16-0600",-0.383361201427596
"chr16-0601",-0.456813385143411
"chr16-0602",-0.4123668449275
"chr16-0603",-0.256083644092919
"chr16-0604",-0.185620460754819
"chr16-0605",-0.277169850159019
"chr16-0606",-0.538633337604395
"chr16-0607",-0.533656887612306
"chr16-0608",-0.281482947821113
"chr16-0609",-0.568553735854927
"chr16-0610",-0.163905244455523
"chr16-0611",-0.306583658776115
"chr16-0612",-0.131975825665538
"chr16-0613",-0.283150632378761
"chr16-0614",-0.23431213136056
"chr16-0615",-0.140189922784021
"chr16-0616",-0.246214379231161
"chr16-0617",-0.212972854735382
"chr16-0618",-0.285082530621879
"chr16-0619",-0.460180777131665
"chr16-0620",-0.319649651542083
"chr16-0621",-0.234597836889163
"chr16-0622",-0.261465164208029
"chr16-0623",-0.249893126948936
"chr16-0624",-0.320052481621175
"chr16-0625",-0.395604009969383
"chr16-0626",-0.397711589298746
"chr16-0627",-0.307176872257082
"chr16-0628",-0.284688349951946
"chr16-0629",-0.258627721707038
"chr16-0630",-0.212409721288352
"chr16-0631",-0.381078467042836
"chr16-0632",-0.293073643992183
"chr16-0633",-0.371662194309871
"chr16-0634",-0.254543651270039
"chr16-0635",-0.200989605868545
"chr16-0636",-0.338285795014658
"chr16-0637",-0.292137926670782
"chr16-0638",-0.304810481371485
"chr16-0639",-0.376209691787426
"chr16-0640",-0.158081136201814
"chr17-0001",-0.0307997138464341
"chr17-0002",0.12123832564583
"chr17-0003",0.107707495520779
"chr17-0004",0.191330661743842
"chr17-0005",0.179800067803611
"chr17-0006",0.010486308103888
"chr17-0007",0.135925174238483
"chr17-0008",0.0798205090988457
"chr17-0009",0.111296451806154
"chr17-0010",0.141316581052128
"chr17-0011",0.127911972255657
"chr17-0012",0.150412145467905
"chr17-0013",0.0969666490379099
"chr17-0014",-0.00195435328400099
"chr17-0015",0.0471861393218253
"chr17-0016",-0.073541919779128
"chr17-0017",0.0794021148646466
"chr17-0018",0.111639946921986
"chr17-0019",0.0316147008331104
"chr17-0020",0.0805527464890623
"chr17-0021",0.0916089573632901
"chr17-0022",0.0176423748644412
"chr17-0023",0.100543196360115
"chr17-0024",0.00216455394346166
"chr17-0025",-0.0224430800822833
"chr17-0026",0.109528672599889
"chr17-0027",0.244372233587581
"chr17-0028",0.0505562474575312
"chr17-0029",0.159332657983335
"chr17-0030",0.0456610990201852
"chr17-0031",-0.0711600015636525
"chr17-0032",0.158955874739283
"chr17-0033",0.135849335046973
"chr17-0034",-0.0534039043171183
"chr17-0035",-0.0276170446957363
"chr17-0036",-0.00208770527170612
"chr17-0037",0.159261027842905
"chr17-0038",0.031539545350339
"chr17-0039",-0.337175570124701
"chr17-0040",-0.0932073978412629
"chr17-0041",-0.318799064773015
"chr17-0042",-0.0268475739991653
"chr17-0043",0.0178305353924894
"chr17-0044",0.0456133018112711
"chr17-0045",-0.00226999455140133
"chr17-0046",0.0704065805247185
"chr17-0047",0.0316523885772941
"chr17-0048",0.0524321779800653
"chr17-0049",0.0762007833452556
"chr17-0050",0.0681491100419135
"chr17-0051",0.15899802743629
"chr17-0052",0.0750419619942026
"chr17-0053",0.18618125072199
"chr17-0054",-0.0348979638718784
"chr17-0055",0.0387658611073746
"chr17-0056",-0.0788138046136461
"chr17-0057",0.0659528013458569
"chr17-0058",-0.0140735568897303
"chr17-0059",0.0534511427488474
"chr17-0060",0.0982675141756603
"chr17-0061",0.13776613841031
"chr17-0062",-0.0122370762450179
"chr17-0063",0.0262755610473027
"chr17-0064",0.0524370947306138
"chr17-0065",0.102125036043366
"chr17-0066",-0.0501128318515784
"chr17-0067",0.0925915804026316
"chr17-0068",0.126605872323781
"chr17-0069",-0.0446253684109457
"chr17-0070",0.00841806155813134
"chr17-0071",-0.0738391047561407
"chr17-0072",-0.0967971270271047
"chr17-0073",-0.287971783323377
"chr17-0074",0.0786562736832331
"chr17-0075",0.0353147742093166
"chr17-0076",-0.0358066996096694
"chr17-0077",0.0940369799095137
"chr17-0078",-0.0975668554874782
"chr17-0079",0.00518762089763341
"chr17-0080",-0.0759520271143524
"chr17-0081",0.078937013565499
"chr17-0082",-0.135030237218099
"chr17-0083",-0.00642845524726207
"chr17-0084",0.146128231113591
"chr17-0085",0.110918581114409
"chr17-0086",0.00102921248488205
"chr17-0087",0.0602627069999701
"chr17-0088",0.0907361903607517
"chr17-0089",0.0961282670125358
"chr17-0090",0.0665598579971044
"chr17-0091",-0.0275128428356836
"chr17-0092",0.107264247523764
"chr17-0093",0.186883330524969
"chr17-0094",0.0215468845528395
"chr17-0095",-0.062379681850204
"chr17-0096",0.167599663191396
"chr17-0097",0.109690194073303
"chr17-0098",-0.0258670905177179
"chr17-0099",-0.0394415133378145
"chr17-0100",0.0502073601498551
"chr17-0101",0.12796557933386
"chr17-0102",0.176671826956856
"chr17-0103",-0.0374070406920313
"chr17-0104",0.0938941327988947
"chr17-0105",-0.00435580366530249
"chr17-0106",0.0408433351447698
"chr17-0107",0.121503688509856
"chr17-0108",0.0262096395585734
"chr17-0109",0.0795451295507073
"chr17-0110",0.112446006731451
"chr17-0111",0.297769744431788
"chr17-0112",0.0739247151285961
"chr17-0113",0.126238698626418
"chr17-0114",0.146243002604149
"chr17-0115",0.0113245127627003
"chr17-0116",0.0213530128561017
"chr17-0117",0.21697586942438
"chr17-0118",0.0794173793072523
"chr17-0119",-0.0483532000873868
"chr17-0120",0.191932309599311
"chr17-0121",0.107374499831983
"chr17-0122",0.0660429411625025
"chr17-0123",0.0476665392967811
"chr17-0124",-0.0807469907542526
"chr17-0125",0.0965034654268037
"chr17-0126",0.121437977291931
"chr17-0127",-0.102117129046469
"chr17-0128",0.249834210015119
"chr17-0129",0.243521783775951
"chr17-0130",0.265832950465819
"chr17-0131",0.163843719024739
"chr17-0132",0.269144934445139
"chr17-0133",0.100944492086859
"chr17-0134",0.179165913342859
"chr17-0135",-0.0149789113183842
"chr17-0136",0.0425710323504758
"chr17-0137",0.0696700829155607
"chr17-0138",0.158312872283395
"chr17-0139",0.0821810348318603
"chr17-0140",0.0957317971467308
"chr17-0141",0.0485345656728335
"chr17-0142",-0.108454037823526
"chr17-0143",0.179044361974115
"chr17-0144",0.0405192356544667
"chr17-0145",-0.0307074067229276
"chr17-0146",0.182548996607804
"chr17-0147",0.0799306532634119
"chr17-0148",0.147150080036457
"chr17-0149",0.185004529604028
"chr17-0150",0.0708715765749614
"chr17-0151",0.0422837300502834
"chr17-0152",0.0537105139390472
"chr17-0153",0.0800183863513514
"chr17-0154",0.0895959245687185
"chr17-0155",0.224478278279649
"chr17-0156",0.0735181158233519
"chr17-0157",0.0088166562870956
"chr17-0158",0.0341438777935054
"chr17-0159",0.0807039373311939
"chr17-0160",0.0825114438397561
"chr17-0161",0.0465228868177664
"chr17-0162",-0.0109012038337319
"chr17-0163",0.0823318828082229
"chr17-0164",-0.0426647527352721
"chr17-0165",-0.00794446637841534
"chr17-0166",0.0935514321847963
"chr17-0167",0.157859434818541
"chr17-0168",0.19201223748889
"chr17-0169",0.150785984449256
"chr17-0170",-0.141675218610537
"chr17-0171",-0.0403446790332596
"chr17-0172",0.116682417593899
"chr17-0173",0.100726756455326
"chr17-0174",0.214143105854904
"chr17-0175",0.15644651866724
"chr17-0176",0.138332841153987
"chr17-0177",0.228591876350877
"chr17-0178",0.078156826492064
"chr17-0179",0.131957718261116
"chr17-0180",0.0399675096313872
"chr17-0181",0.113563539706022
"chr17-0182",0.0785287452874848
"chr17-0183",0.071911979731231
"chr17-0184",0.0880448879674267
"chr17-0185",0.107948454999165
"chr17-0186",-0.0146458344126678
"chr17-0187",0.112044855426344
"chr17-0188",0.118879247371869
"chr17-0189",0.0965470934101114
"chr17-0190",-0.0400121070026888
"chr17-0191",-0.036436691728548
"chr17-0192",0.12852982830982
"chr17-0193",0.17207508766382
"chr17-0194",0.0597916666956676
"chr17-0195",0.134092170015139
"chr17-0196",0.0558228781200662
"chr17-0197",0.0865624321875139
"chr17-0198",-0.0207688489721291
"chr17-0199",0.0318046157606709
"chr17-0200",0.0800817852787604
"chr17-0201",0.0652217509277606
"chr17-0202",0.15112062667207
"chr17-0203",0.139243172677906
"chr17-0204",0.1691836348453
"chr17-0205",0.187961466207386
"chr17-0206",0.116140776925258
"chr17-0207",-0.0295766954050744
"chr17-0208",-0.0645683518838352
"chr17-0209",0.0305187737479889
"chr17-0210",0.0508724483453754
"chr17-0211",0.0537095745324768
"chr17-0212",0.0959768732406786
"chr17-0213",0.0655335973363675
"chr17-0214",0.155159466356313
"chr17-0215",0.0677111678137855
"chr17-0216",0.132652477785481
"chr17-0217",0.130756226666858
"chr17-0218",0.263586101992108
"chr17-0219",-0.0375995002270577
"chr17-0220",-0.158569018537654
"chr17-0221",-0.0217757538465632
"chr17-0222",-0.00646880248090367
"chr17-0223",-0.0570717030564914
"chr17-0224",0.0275743581931655
"chr17-0225",0.127543067828894
"chr17-0226",0.0542711693976482
"chr17-0227",-0.0317562211204346
"chr17-0228",0.0439205749400758
"chr17-0229",0.0495384858764855
"chr17-0230",0.00972060493339189
"chr17-0231",0.0534839419509702
"chr17-0232",-0.0018624582495454
"chr17-0233",0.0244491054758964
"chr17-0234",0.100271569504194
"chr17-0235",0.0527792763572541
"chr17-0236",0.110395250094103
"chr17-0237",0.0611300961149642
"chr17-0238",0.00741868671009895
"chr17-0239",0.0801621992938592
"chr17-0240",0.0978776844728736
"chr17-0241",0.173826913334126
"chr17-0242",0.117540307501612
"chr17-0243",0.0521380677015318
"chr17-0244",0.154918096583182
"chr17-0245",0.0151716773479871
"chr17-0246",0.0487154930771922
"chr17-0247",0.0627949068612363
"chr17-0248",0.123725004126989
"chr17-0249",0.320381435996772
"chr17-0250",-0.0463624741307661
"chr17-0251",0.0826405352049456
"chr17-0252",0.0260491131390852
"chr17-0253",0.187631876173289
"chr17-0254",-0.161986854462537
"chr17-0255",0.0412551511067809
"chr17-0256",0.11861540451744
"chr17-0257",0.0874013094242989
"chr17-0258",-0.0836517276349631
"chr17-0259",0.084270458768249
"chr17-0260",-0.00917890741131864
"chr17-0261",0.150477251829654
"chr17-0262",0.173680263864294
"chr17-0263",0.0551243585540243
"chr17-0264",-0.0128607124239895
"chr17-0265",0.0714145638950707
"chr17-0266",0.243022844939392
"chr17-0267",-0.0106618022091664
"chr17-0268",-0.0958346451537163
"chr17-0269",0.139797338981105
"chr17-0270",0.198701088752319
"chr17-0271",0.00221810250107975
"chr17-0272",0.107617562280373
"chr17-0273",0.0799740314793176
"chr17-0274",0.00627731207329318
"chr17-0275",0.0881764945688681
"chr17-0276",0.0164748154169316
"chr17-0277",0.0786915478397805
"chr17-0278",0.0398113038528157
"chr17-0279",0.0812863551297323
"chr17-0280",0.133629482416509
"chr17-0281",0.172045795783247
"chr17-0282",0.182727914858763
"chr17-0283",-0.039800231438515
"chr17-0284",-0.0193167191888931
"chr17-0285",0.0292324653705713
"chr17-0286",-0.00565770134221072
"chr17-0287",-0.164452401776145
"chr17-0288",-0.176298932628764
"chr17-0289",0.00133371003883358
"chr17-0290",0.00827077989849932
"chr17-0291",-0.044510759680537
"chr17-0292",-0.185056864124519
"chr17-0293",-0.0394456311738874
"chr17-0294",-0.0616375704731029
"chr17-0295",0.102517484184602
"chr17-0296",0.10465408551636
"chr17-0297",0.0301297465432143
"chr17-0298",0.0985796777089396
"chr17-0299",0.0224187590665778
"chr17-0300",0.0570409014740709
"chr17-0301",0.0156707743846299
"chr17-0302",0.068704641311887
"chr17-0303",-0.0656323286100468
"chr17-0304",0.00443763931695903
"chr17-0305",-0.0256252565652711
"chr17-0306",-0.0268444656826058
"chr17-0307",-0.144448710889944
"chr17-0308",-0.242304449091255
"chr17-0309",-0.512622541505241
"chr17-0310",-0.0363572965396044
"chr17-0311",0.149574356650133
"chr17-0312",0.12823950376245
"chr17-0313",-0.0406624568458342
"chr17-0314",0.0231720291668086
"chr17-0315",-0.177715612718062
"chr17-0316",0.0858505085410323
"chr17-0317",0.200095291402105
"chr17-0318",0.141337857250764
"chr17-0319",0.0587238789511344
"chr17-0320",0.192977530678862
"chr17-0321",0.0288327986301053
"chr17-0322",0.0851806312518614
"chr17-0323",-0.0143508850026947
"chr17-0324",-0.0833295247310438
"chr17-0325",-0.341247181590993
"chr17-0326",-0.0462748292820521
"chr17-0327",0.132242135003006
"chr17-0328",0.0386886580529598
"chr17-0329",0.0883015135877351
"chr17-0330",0.00591079810184541
"chr17-0331",0.115826796769722
"chr17-0332",0.134341056220603
"chr17-0333",-0.0536099104445944
"chr17-0334",0.0248947897328967
"chr17-0335",0.000650513085119914
"chr17-0336",-0.00927407476858014
"chr17-0337",0.101292137694961
"chr17-0338",0.135774899425736
"chr17-0339",0.0236901968006063
"chr17-0340",0.0685880663349863
"chr17-0341",0.0675123634848522
"chr17-0342",0.103986814523885
"chr17-0343",0.051658289323024
"chr17-0344",-0.0490226861726358
"chr17-0345",0.00475246955650885
"chr17-0346",0.0636808076387804
"chr17-0347",0.0571210465707896
"chr17-0348",0.11956860032584
"chr17-0349",0.0199552827115448
"chr17-0350",-0.00227649923636871
"chr17-0351",0.165578341330691
"chr17-0352",0.122031909928241
"chr17-0353",0.09051440145282
"chr17-0354",0.125310880996541
"chr17-0355",0.127600372487255
"chr17-0356",0.241324805472302
"chr17-0357",-0.0293826086289803
"chr17-0358",0.214657983919005
"chr17-0359",0.151177018578734
"chr17-0360",0.176482025851654
"chr17-0361",0.0515218699361365
"chr17-0362",0.112980311473729
"chr17-0363",-0.152952940531301
"chr17-0364",0.217911578965009
"chr17-0365",0.0787072146046072
"chr17-0366",-0.0409425350296583
"chr17-0367",0.0399209656484778
"chr17-0368",-0.010849726468426
"chr17-0369",0.081419199827492
"chr17-0370",-0.0373878007882248
"chr17-0371",0.0450859693650344
"chr17-0372",0.125309759797968
"chr17-0373",0.0412051616537701
"chr17-0374",0.0591242511543335
"chr17-0375",-0.0295535466787292
"chr17-0376",-0.00447047619364773
"chr17-0377",0.0854245064008146
"chr17-0378",0.0238170404432259
"chr17-0379",0.0578318655231917
"chr17-0380",0.276696246601913
"chr17-0381",0.0931975263144585
"chr17-0382",0.0627673887989883
"chr17-0383",0.20750431032138
"chr17-0384",0.0224113542809998
"chr17-0385",0.0646411844381135
"chr17-0386",0.0413195890078438
"chr17-0387",0.0202685620113536
"chr17-0388",0.0591938875209177
"chr17-0389",0.0322473679851103
"chr17-0390",0.122099549651497
"chr17-0391",0.129706298650604
"chr17-0392",0.0307761825433175
"chr17-0393",-0.0142533088332592
"chr17-0394",-0.0706405335616513
"chr17-0395",0.100901540607949
"chr17-0396",0.165983476434139
"chr17-0397",0.0148707336320114
"chr17-0398",-0.104802078212675
"chr17-0399",-0.102836892109082
"chr17-0400",0.0539306627539818
"chr17-0401",-0.0172883748721647
"chr17-0402",0.15280863705525
"chr17-0403",-0.00332865844219285
"chr17-0404",0.0273649915187729
"chr17-0405",-0.012511460890039
"chr17-0406",0.0919957335361602
"chr17-0407",0.0219122604598971
"chr17-0408",-0.0808096525484682
"chr17-0409",0.098133913272797
"chr17-0410",0.0974041902426969
"chr17-0411",0.0597105480129216
"chr17-0412",0.0752226863358481
"chr17-0413",0.0508893883325829
"chr17-0414",0.135884367555233
"chr17-0415",0.00947042601114771
"chr17-0416",0.139967968291361
"chr17-0417",0.015374864418898
"chr17-0418",-0.0038833253751956
"chr17-0419",-0.0158479136775374
"chr17-0420",0.0864293277916141
"chr17-0421",0.0223404783218841
"chr17-0422",0.0899958239223701
"chr17-0423",-0.0351546739551672
"chr17-0424",0.250200877903526
"chr17-0425",0.0649367868553476
"chr17-0426",0.097423155259116
"chr17-0427",0.0131420855643831
"chr17-0428",-0.0871604846107823
"chr17-0429",-0.0491591685856966
"chr17-0430",0.155801836147914
"chr17-0431",0.0411575199031757
"chr17-0432",0.134591173226098
"chr17-0433",0.0546557521349339
"chr17-0434",0.112520191290499
"chr17-0435",-0.0838447254822651
"chr17-0436",0.036049157213626
"chr17-0437",0.167222347219607
"chr17-0438",0.0303188587910134
"chr17-0439",0.0657536141301966
"chr17-0440",0.112719336501367
"chr17-0441",0.0534717864448999
"chr17-0442",0.232978073950017
"chr17-0443",-0.00918941823897474
"chr17-0444",-0.0851778499445845
"chr17-0445",0.0411975374944624
"chr17-0446",0.0354092472528404
"chr17-0447",0.00496211725801777
"chr17-0448",-0.126250416330392
"chr17-0449",-0.00285216498540879
"chr17-0450",0.0139618829928907
"chr17-0451",-0.0764789545005403
"chr17-0452",0.0706619838023429
"chr17-0453",-0.120416185567449
"chr17-0454",-0.0203069047537564
"chr17-0455",-0.0491760267893923
"chr17-0456",0.0113596500611686
"chr17-0457",0.197004784113406
"chr17-0458",0.0918967873074826
"chr17-0459",0.140646579226518
"chr17-0460",-0.0464766481197526
"chr17-0461",-0.0463918769500706
"chr17-0462",-0.00281924616329675
"chr17-0463",0.183509968737773
"chr17-0464",0.0926970333092478
"chr17-0465",0.0547870346315162
"chr17-0466",0.0677907687140826
"chr17-0467",0.0402231124664109
"chr17-0468",0.00240162978754583
"chr17-0469",0.0605585314904275
"chr17-0470",0.0181149288425573
"chr17-0471",0.0793843110021447
"chr17-0472",0.122339061998329
"chr17-0473",0.0049792808951091
"chr17-0474",0.100753125441271
"chr17-0475",0.198683693546223
"chr17-0476",0.320116423464598
"chr17-0477",0.141026936369005
"chr17-0478",0.0768201186177253
"chr17-0479",0.0543721717248266
"chr17-0480",-0.00595080870353676
"chr17-0481",0.0690196230532426
"chr17-0482",0.0479778410972149
"chr17-0483",0.0310619753845848
"chr17-0484",0.0621880152986745
"chr17-0485",0.0175916211071599
"chr17-0486",-0.0134230168328042
"chr17-0487",0.142226471093207
"chr17-0488",0.232835351172201
"chr17-0489",0.265044528389422
"chr17-0490",0.0933712390944588
"chr17-0491",0.0389684555629129
"chr17-0492",0.085177990175764
"chr17-0493",0.21580585857841
"chr17-0494",0.295378984701489
"chr17-0495",-0.00281474014057464
"chr17-0496",0.120424927083037
"chr17-0497",0.214394008700624
"chr17-0498",0.130348052526442
"chr17-0499",0.104390766229018
"chr17-0500",0.0656590903254832
"chr17-0501",0.212689409876826
"chr17-0502",0.130766728882247
"chr17-0503",0.16048381067158
"chr17-0504",0.307595417664681
"chr17-0505",0.286397183571819
"chr17-0506",0.231449776000736
"chr17-0507",0.127223874082483
"chr17-0508",0.168190268704311
"chr17-0509",0.126807927684017
"chr17-0510",0.0360659482731022
"chr17-0511",-0.0260812966853136
"chr17-0512",0.154999718210286
"chr17-0513",0.118497814584578
"chr17-0514",0.143906037852606
"chr17-0515",0.149058083030596
"chr17-0516",-0.129606257050209
"chr17-0517",-0.0767489775404564
"chr17-0518",0.0439629388288977
"chr17-0519",0.0869404717170741
"chr17-0520",-0.0355145092626489
"chr17-0521",0.0239210815065804
"chr17-0522",-0.04879044384968
"chr17-0523",-0.0526508991130117
"chr17-0524",0.0594632444518272
"chr17-0525",-0.053813052436386
"chr17-0526",0.243052021355983
"chr17-0527",-0.0749665616648541
"chr17-0528",0.188408289603958
"chr17-0529",0.153893730072038
"chr17-0530",0.104941601975768
"chr17-0531",-0.0651016260777655
"chr17-0532",0.0128106816181241
"chr17-0533",0.274652882686308
"chr17-0534",0.116868628093002
"chr17-0535",0.140586928254476
"chr17-0536",0.0776771641746711
"chr17-0537",0.0474786627433724
"chr17-0538",0.0224337180572979
"chr17-0539",0.0293755883263956
"chr17-0540",0.0723034658507344
"chr17-0541",0.104870890274033
"chr17-0542",0.186389235441131
"chr17-0543",0.0413523673689112
"chr17-0544",0.200658657611367
"chr17-0545",0.225961441361636
"chr17-0546",0.0921197543816558
"chr17-0547",0.153571338699373
"chr17-0548",0.0716835021958138
"chr17-0549",0.0431978355503155
"chr17-0550",0.331157612285193
"chr17-0551",0.107235577610842
"chr17-0552",0.134992540794407
"chr17-0553",-0.108906884153414
"chr17-0554",0.0297456442886732
"chr17-0555",0.0708942100896747
"chr17-0556",0.0208200122878361
"chr17-0557",0.119728096982586
"chr17-0558",0.221588866674658
"chr17-0559",0.0896755185631021
"chr17-0560",0.135420112127743
"chr17-0561",-0.0111060362109291
"chr17-0562",-0.0230150369572984
"chr17-0563",0.197326112925299
"chr17-0564",0.108541146679154
"chr17-0565",0.0690784085711404
"chr17-0566",0.101268775906353
"chr17-0567",0.0448097970345129
"chr17-0568",0.176061762697247
"chr17-0569",0.241613902873034
"chr17-0570",0.198078360771835
"chr17-0571",0.208710244064147
"chr17-0572",0.0389795146647825
"chr17-0573",-0.0732601086874507
"chr17-0574",0.138672672165344
"chr17-0575",0.0613501971547231
"chr17-0576",0.040234590894417
"chr17-0577",0.112527238183886
"chr17-0578",0.189757339605555
"chr17-0579",0.172020350169604
"chr17-0580",0.126234628969708
"chr17-0581",-0.0823595945418095
"chr17-0582",-0.00216806279856603
"chr17-0583",0.150594521216202
"chr17-0584",0.134593700371329
"chr17-0585",0.113657610122599
"chr17-0586",0.164822338207808
"chr17-0587",-0.0834265123219907
"chr17-0588",0.171471185219704
"chr17-0589",0.00872298284020287
"chr17-0590",0.197441905881205
"chr17-0591",0.186457078196576
"chr17-0592",0.0647527455125999
"chr17-0593",0.090898521008236
"chr17-0594",0.193933498594781
"chr17-0595",-0.0435068660235892
"chr17-0596",0.0556672314766015
"chr17-0597",-0.0693231303690361
"chr17-0598",0.152861084169728
"chr17-0599",0.0595656918431329
"chr17-0600",0.110417502269544
"chr17-0601",0.0435477628341997
"chr17-0602",0.0789412109537779
"chr17-0603",0.087845786784902
"chr17-0604",0.0256767723957248
"chr17-0605",0.046384721894337
"chr17-0606",0.0900914469111358
"chr17-0607",0.17764136148961
"chr17-0608",-0.000373821531446918
"chr17-0609",-0.0365908165266375
"chr17-0610",0.00441028764195094
"chr17-0611",0.103661129828694
"chr17-0612",0.179733835002817
"chr17-0613",-0.0213934999945741
"chr17-0614",0.0511230335793522
"chr17-0615",-0.180116103797534
"chr17-0616",-0.00409880944158959
"chr17-0617",0.188728255807239
"chr17-0618",0.0743323649786998
"chr17-0619",0.217503283353964
"chr17-0620",0.0841720094771214
"chr17-0621",0.142081800790521
"chr17-0622",0.190827719893505
"chr17-0623",-0.00416183374445395
"chr17-0624",0.168636393923512
"chr17-0625",0.13177954418642
"chr17-0626",0.158136038859933
"chr17-0627",0.0395640972993678
"chr17-0628",-0.0216834722358359
"chr17-0629",0.0798375280886109
"chr17-0630",0.0104472170880643
"chr17-0631",0.0542879359776401
"chr17-0632",0.0263567184116527
"chr17-0633",-0.00291663668341907
"chr17-0634",0.141327230086244
"chr17-0635",0.0462465591002883
"chr17-0636",-0.00469597434753954
"chr17-0637",0.0202411096572054
"chr17-0638",0.0515044436113714
"chr17-0639",0.0472393175051497
"chr17-0640",-0.0249873326446095
"chr17-0641",-0.0305282183328919
"chr17-0642",0.0240448696306413
"chr17-0643",0.0764800007970802
"chr17-0644",-0.0792254039886401
"chr17-0645",-0.117169307483336
"chr17-0646",-0.0835393410928369
"chr17-0647",-0.114124873890418
"chr17-0648",-0.136670935147356
"chr17-0649",-0.196986248115082
"chr17-0650",0.0313140683805518
"chr17-0651",-0.10766077913157
"chr17-0652",-0.0615576244237391
"chr17-0653",0.00557071125134884
"chr17-0654",-0.231254113337002
"chr17-0655",-0.183042534871112
"chr17-0656",-0.292843375160155
"chr17-0657",-0.0626048953774964
"chr17-0658",0.00380023489434192
"chr17-0659",-0.0273426548046129
"chr17-0660",-0.0491953232772122
"chr17-0661",0.0315533565523415
"chr17-0662",-0.0198137920462769
"chr17-0663",0.00633266137473369
"chr17-0664",0.0940460037220924
"chr17-0665",-0.0243493156777644
"chr17-0666",0.0541205827007296
"chr17-0667",0.0891037985503117
"chr17-0668",-0.0530828874357452
"chr17-0669",0.110491347563487
"chr17-0670",-0.0252133048985608
"chr17-0671",0.149540389683243
"chr17-0672",0.0365109819237287
"chr17-0673",0.00326139870531345
"chr17-0674",0.0325267625503848
"chr17-0675",-0.0243848684363223
"chr17-0676",-0.0456234034576015
"chr17-0677",-0.0176427138478509
"chr17-0678",0.0165221428128634
"chr17-0679",-0.00172674043750728
"chr17-0680",0.0156706529657937
"chr17-0681",0.0530443963827947
"chr17-0682",-0.109329720270445
"chr17-0683",0.0465361836902086
"chr17-0684",0.157853066075777
"chr17-0685",-0.15426380878391
"chr17-0686",-0.034899738659654
"chr17-0687",0.00544606041450609
"chr17-0688",-0.067073711081921
"chr17-0689",0.145039199308043
"chr17-0690",0.0631744634838451
"chr17-0691",0.12459562876274
"chr17-0692",0.170960530891168
"chr17-0693",0.181187414567889
"chr17-0694",0.0922086922336476
"chr17-0695",0.117616208205185
"chr17-0696",-0.0305086394537651
"chr17-0697",0.0374934070717857
"chr17-0698",0.0117207565715248
"chr17-0699",-0.00171203381328349
"chr17-0700",0.134034977961092
"chr17-0701",0.130440364616687
"chr17-0702",0.0153231948619883
"chr17-0703",0.0294109587983591
"chr17-0704",-0.0126684686045718
"chr17-0705",0.0692862801717334
"chr17-0706",0.0736797882237737
"chr17-0707",-0.0338711046555647
"chr17-0708",-0.159736956437908
"chr17-0709",0.0318537348863081
"chr17-0710",0.226635606621697
"chr17-0711",0.127327278486114
"chr17-0712",0.0804509614499087
"chr17-0713",0.0594938922436573
"chr17-0714",0.0917335965724986
"chr17-0715",-0.0442989174974647
"chr17-0716",-0.0243966950146785
"chr17-0717",-0.143036406121678
"chr17-0718",-0.0802458636438307
"chr17-0719",-0.134128703259424
"chr17-0720",-0.0253484985206405
"chr17-0721",0.0975906221747559
"chr17-0722",-0.00619997627663811
"chr17-0723",0.0556033212501688
"chr17-0724",0.019962996590477
"chr17-0725",0.0145096030198724
"chr17-0726",0.0785450240345631
"chr17-0727",0.124651637951297
"chr17-0728",0.104028674924236
"chr17-0729",0.0295440375528946
"chr17-0730",0.0404873579054444
"chr17-0731",0.099938767794342
"chr17-0732",0.0231632692438815
"chr17-0733",0.00826466543244635
"chr17-0734",0.0880370469387168
"chr17-0735",0.0635683993621341
"chr17-0736",0.160227704056446
"chr17-0737",0.168180772922493
"chr17-0738",0.0719617616366232
"chr17-0739",0.070653625337909
"chr17-0740",0.0742691943555636
"chr17-0741",0.0484701965092281
"chr17-0742",0.0081534056823432
"chr17-0743",0.119442457178194
"chr17-0744",0.0518069810276198
"chr17-0745",0.16295644941915
"chr17-0746",0.0350268388339371
"chr17-0747",0.0910826971481097
"chr17-0748",-0.0103756996430721
"chr17-0749",0.0437915744768787
"chr17-0750",0.102314813131556
"chr17-0751",0.124877083352607
"chr17-0752",0.0953817132991587
"chr17-0753",0.117464665924141
"chr17-0754",-0.0143909947699231
"chr17-0755",0.149218458420638
"chr17-0756",0.0784161393566271
"chr17-0757",0.0177537413022916
"chr17-0758",0.0828185297092146
"chr17-0759",0.177658342180339
"chr17-0760",0.135058955268381
"chr17-0761",0.0697837026962745
"chr17-0762",0.0706145220959311
"chr17-0763",0.175843804514179
"chr17-0764",0.111317956476482
"chr17-0765",0.164449154536962
"chr17-0766",0.0983457613819139
"chr18-0001",0.0222467544084394
"chr18-0002",0.191132033250116
"chr18-0003",0.0258097481930309
"chr18-0004",0.10201581876209
"chr18-0005",0.160983529924847
"chr18-0006",0.266014613569588
"chr18-0007",0.088673449779235
"chr18-0008",0.208604003025239
"chr18-0009",0.073531181983063
"chr18-0010",-0.0823540163114374
"chr18-0011",-0.00647823783247214
"chr18-0012",0.12984930099267
"chr18-0013",0.18016860664386
"chr18-0014",0.0427559959975248
"chr18-0015",-0.113479582310831
"chr18-0016",0.0875375243321561
"chr18-0017",0.426722639447725
"chr18-0018",0.156237169873106
"chr18-0019",0.0831973374567019
"chr18-0020",0.125294228902343
"chr18-0021",0.0514818886327431
"chr18-0022",0.140518607344661
"chr18-0023",0.169177120398189
"chr18-0024",0.138048937451892
"chr18-0025",0.134235023566225
"chr18-0026",0.0766320333165656
"chr18-0027",-0.0128466562527792
"chr18-0028",0.160771535216732
"chr18-0029",-0.0025516095224376
"chr18-0030",0.000590960333435899
"chr18-0031",0.166686210577821
"chr18-0032",0.313189973976465
"chr18-0033",0.304000113191219
"chr18-0034",0.27801993194496
"chr18-0035",0.104020785507789
"chr18-0036",-0.00970799590614718
"chr18-0037",0.207951139463766
"chr18-0038",0.30835563372155
"chr18-0039",0.254640682149145
"chr18-0040",0.222802825084385
"chr18-0041",0.10068534703225
"chr18-0042",0.0339952636755231
"chr18-0043",0.2579937898352
"chr18-0044",0.161882067984416
"chr18-0045",0.294222692269132
"chr18-0046",0.0833584825298141
"chr18-0047",0.173140455107662
"chr18-0048",0.222863457955864
"chr18-0049",0.0351683526580793
"chr18-0050",0.0224197073303573
"chr18-0051",0.184972711580143
"chr18-0052",0.205163748001895
"chr18-0053",0.148767042246786
"chr18-0054",0.205389147288828
"chr18-0055",0.179391365197722
"chr18-0056",0.118898149097608
"chr18-0057",0.049265014764791
"chr18-0058",0.256337651768191
"chr18-0059",0.145435125538114
"chr18-0060",0.240244683606598
"chr18-0061",0.0886884849549856
"chr18-0062",0.220786349954628
"chr18-0063",-0.0412718593826548
"chr18-0064",0.228107837187237
"chr18-0065",0.107399606533139
"chr18-0066",0.23448012991831
"chr18-0067",0.0473888581259194
"chr18-0068",0.109935896982034
"chr18-0069",0.179493468507041
"chr18-0070",0.26900234562968
"chr18-0071",0.141648507350735
"chr18-0072",0.133609730716447
"chr18-0073",0.0653016834330351
"chr18-0074",0.150044814462007
"chr18-0075",0.038553028933791
"chr18-0076",0.107251968816293
"chr18-0077",0.119192168880962
"chr18-0078",0.219379478608761
"chr18-0079",-0.024184805222749
"chr18-0080",0.149294918442663
"chr18-0081",0.128440011561619
"chr18-0082",-0.0504522254620625
"chr18-0083",0.0178090250864136
"chr18-0084",0.124232655656869
"chr18-0085",0.0711839619010158
"chr18-0086",0.173555523008969
"chr18-0087",0.00230052337588107
"chr18-0088",0.0785781256771114
"chr18-0089",0.0543024122797215
"chr18-0090",0.18018316007595
"chr18-0091",0.160228796090551
"chr18-0092",0.0173461589682874
"chr18-0093",0.0914016874696811
"chr18-0094",-0.012007758852934
"chr18-0095",-0.0990613197102958
"chr18-0096",-0.0248144046887426
"chr18-0097",0.103688306988608
"chr18-0098",0.118126350311399
"chr18-0099",0.124315825162714
"chr18-0100",0.108553388113274
"chr18-0101",-0.116476225661789
"chr18-0102",0.0125328568953111
"chr18-0103",0.0443274419571339
"chr18-0104",0.223983251849013
"chr18-0105",0.0886443523803506
"chr18-0106",0.113907446291916
"chr18-0107",0.143384226245451
"chr18-0108",0.136883591762849
"chr18-0109",0.176197350832292
"chr18-0110",0.0465617632100092
"chr18-0111",0.197051990133338
"chr18-0112",0.110657397971792
"chr18-0113",0.125174960496132
"chr18-0114",0.0797379419968188
"chr18-0115",0.103991593656106
"chr18-0116",0.0798837318925375
"chr18-0117",0.191101503603557
"chr18-0118",0.207752045790781
"chr18-0119",0.114020444507553
"chr18-0120",-0.00773459952518812
"chr18-0121",0.0398643794168533
"chr18-0122",0.193572587551279
"chr18-0123",0.161441749061598
"chr18-0124",0.129652249111301
"chr18-0125",0.331802820420248
"chr18-0126",-0.0278121720223116
"chr18-0127",0.155452332205939
"chr18-0128",0.142030404869543
"chr18-0129",0.135603656130403
"chr18-0130",0.172328436843917
"chr18-0131",0.0786195564398713
"chr18-0132",0.0749983875682463
"chr18-0133",0.02044840149643
"chr18-0134",0.262872206466787
"chr18-0135",0.101491917272537
"chr18-0136",0.193358720823255
"chr18-0137",0.115663661423755
"chr18-0138",0.201968014151299
"chr18-0139",0.133513008266321
"chr18-0140",0.210205150509521
"chr18-0141",0.211059966066993
"chr18-0142",0.17548051226858
"chr18-0143",0.286051757678277
"chr18-0144",0.0406818653457823
"chr18-0145",0.213839483673137
"chr18-0146",0.156478760466236
"chr18-0147",0.102352442372452
"chr18-0148",-0.160043526474514
"chr18-0149",0.203024525149078
"chr18-0150",0.144669003282903
"chr18-0151",-0.00901298098805463
"chr18-0152",0.211325931771379
"chr18-0153",0.201128771877329
"chr18-0154",0.0804515796997806
"chr18-0155",0.226945375213137
"chr18-0156",0.260691798143464
"chr18-0157",0.195856306562311
"chr18-0158",0.308124111812896
"chr18-0159",0.27338983198924
"chr18-0160",0.235908575175577
"chr18-0161",0.303121251213427
"chr18-0162",0.0815043992275332
"chr18-0163",0.172048320998631
"chr18-0164",0.0973200314849594
"chr18-0165",0.22979142277285
"chr18-0166",0.224673649657612
"chr18-0167",0.00608533028185117
"chr18-0168",0.145179431440697
"chr18-0169",0.0075450449154769
"chr18-0170",0.208237591214795
"chr18-0171",0.094056745586345
"chr18-0172",0.282258951494371
"chr18-0173",0.112416735309217
"chr18-0174",0.0874972506429081
"chr18-0175",-0.0589202321579426
"chr18-0176",-0.131540808166062
"chr18-0177",0.0570742914845928
"chr18-0178",-0.12336378297438
"chr18-0179",-0.00729814405885616
"chr18-0180",0.134467057978407
"chr18-0181",0.244428090525196
"chr18-0182",0.125837938950937
"chr18-0183",0.244570765086158
"chr18-0184",0.271059591260216
"chr18-0185",0.347615638716662
"chr18-0186",0.171775882904586
"chr18-0187",-0.0143327822718818
"chr18-0188",0.169304478830611
"chr18-0189",0.309021295767112
"chr18-0190",0.258589535803682
"chr18-0191",0.189147145100575
"chr18-0192",0.142441957026914
"chr18-0193",0.0554136696116957
"chr18-0194",0.0763146760199892
"chr18-0195",-0.00735431694374077
"chr18-0196",0.0750369074204228
"chr18-0197",-0.0573457429056626
"chr18-0198",0.137575827795085
"chr18-0199",0.00777290088519425
"chr18-0200",0.056071649201832
"chr18-0201",0.0709704023199999
"chr18-0202",0.165828027470955
"chr18-0203",0.0181228265624573
"chr18-0204",-0.0266650217084699
"chr18-0205",0.0396288004025327
"chr18-0206",0.0114350574536208
"chr18-0207",0.0184372180443215
"chr18-0208",0.178558189271218
"chr18-0209",0.152741291636394
"chr18-0210",0.0944998842064958
"chr18-0211",0.0432893270368716
"chr18-0212",0.0706171587652331
"chr18-0213",0.130596717321469
"chr18-0214",0.197373187587991
"chr18-0215",0.136996695309094
"chr18-0216",0.126126774234794
"chr18-0217",0.132003712339901
"chr18-0218",0.156532603166853
"chr18-0219",0.142787760038562
"chr18-0220",0.239072062820577
"chr18-0221",0.240976895035128
"chr18-0222",0.121853947572962
"chr18-0223",0.235651599941504
"chr18-0224",0.106268558643453
"chr18-0225",0.144676412445327
"chr18-0226",-0.0086704727459495
"chr18-0227",0.0492976564994409
"chr18-0228",0.125719786376222
"chr18-0229",0.0692018436457575
"chr18-0230",0.0246948045705203
"chr18-0231",0.240159696485197
"chr18-0232",0.0987529324505894
"chr18-0233",0.270631106925099
"chr18-0234",0.094935170983821
"chr18-0235",0.00654161700226632
"chr18-0236",0.129437771042355
"chr18-0237",0.293510296050478
"chr18-0238",0.142621517059963
"chr18-0239",0.0521315472849336
"chr18-0240",-0.0286766456515555
"chr18-0241",-0.00761748838025244
"chr18-0242",-0.0980262849991338
"chr18-0243",0.0284534609633139
"chr18-0244",0.201597355704187
"chr18-0245",0.132310482692907
"chr18-0246",0.173494040912873
"chr18-0247",0.160935331521349
"chr18-0248",0.095959593662188
"chr18-0249",0.135819005363178
"chr18-0250",0.106428057864837
"chr18-0251",0.239846387279958
"chr18-0252",0.483405974914264
"chr18-0253",0.355009854745141
"chr18-0254",0.304884673701328
"chr18-0255",0.189636658173965
"chr18-0256",0.105354986407483
"chr18-0257",0.25323293935123
"chr18-0258",0.00472348594370623
"chr18-0259",0.185196214204596
"chr18-0260",0.231420537621981
"chr18-0261",0.0842312747486564
"chr18-0262",-0.0089541824553275
"chr18-0263",0.0168388577706737
"chr18-0264",0.215712379506836
"chr18-0265",0.0669013160560433
"chr18-0266",0.0207664024299059
"chr18-0267",0.0432572886989121
"chr18-0268",0.0860194975550814
"chr18-0269",0.147635798093927
"chr18-0270",0.267560694474151
"chr18-0271",0.347142895833273
"chr18-0272",0.173753657367636
"chr18-0273",0.138352617364515
"chr18-0274",0.0413118090404183
"chr18-0275",0.198642030697677
"chr18-0276",0.133383747873459
"chr18-0277",0.249347784095996
"chr18-0278",0.240834785116698
"chr18-0279",0.330587923113149
"chr18-0280",0.0718521860166396
"chr18-0281",0.0298029329915956
"chr18-0282",-0.0458037823191372
"chr18-0283",0.21436186546519
"chr18-0284",-0.0337979982432563
"chr18-0285",0.00713527650994858
"chr18-0286",-0.1316363629901
"chr18-0287",0.0244548291847838
"chr18-0288",0.136498167786007
"chr18-0289",0.1505995433571
"chr18-0290",0.293929712645457
"chr18-0291",0.0476014666721817
"chr18-0292",0.116439025184954
"chr18-0293",0.145935551787755
"chr18-0294",0.20311787881054
"chr18-0295",0.117325909343597
"chr18-0296",0.0100271542269875
"chr18-0297",0.252634873276661
"chr18-0298",0.103618235135387
"chr18-0299",-0.0615771453084392
"chr18-0300",0.244652146244068
"chr18-0301",-0.0201766620046169
"chr18-0302",0.117798110481935
"chr18-0303",0.0966859328676203
"chr18-0304",0.0309766771888999
"chr18-0305",0.279476083124241
"chr18-0306",0.345970542922346
"chr18-0307",0.463170622984332
"chr18-0308",0.180322250984403
"chr18-0309",-0.0331034410174496
"chr18-0310",0.0341176946374352
"chr18-0311",0.163989619909112
"chr18-0312",-0.148066472331135
"chr18-0313",0.018678726463425
"chr18-0314",0.102713793954639
"chr18-0315",0.0816369061948569
"chr18-0316",0.121607631466355
"chr18-0317",0.186722219312322
"chr18-0318",0.176735694558698
"chr18-0319",0.355119165950224
"chr18-0320",0.173000593363179
"chr18-0321",0.116620955493578
"chr18-0322",0.30256624101739
"chr18-0323",0.252499517725336
"chr18-0324",0.183348050385848
"chr18-0325",0.168442687709248
"chr18-0326",0.305120642886382
"chr18-0327",0.37322180202295
"chr18-0328",0.172831362004605
"chr18-0329",0.175356263912145
"chr18-0330",0.107901292060813
"chr18-0331",0.101933631991884
"chr18-0332",0.13327457506788
"chr18-0333",0.0805626216526465
"chr18-0334",0.109890884911751
"chr18-0335",-0.097280057954947
"chr18-0336",-0.0225694550544938
"chr18-0337",0.0767830855437143
"chr18-0338",0.173304787942674
"chr18-0339",0.151747712551467
"chr18-0340",0.177411435978292
"chr18-0341",0.193175985286039
"chr18-0342",0.0525674726551544
"chr18-0343",0.159989998931874
"chr18-0344",0.0686609352121369
"chr18-0345",0.316829417196572
"chr18-0346",0.249417868227282
"chr18-0347",0.335361310680313
"chr18-0348",0.152837855003909
"chr18-0349",0.235140141795413
"chr18-0350",0.202813346164881
"chr18-0351",0.120075077414437
"chr18-0352",0.149375879771943
"chr18-0353",0.157066811667802
"chr18-0354",0.218272927690396
"chr18-0355",0.094962436038043
"chr18-0356",0.0289916735609645
"chr18-0357",0.0331716677409698
"chr18-0358",-0.0256566240568262
"chr18-0359",0.130250069453877
"chr18-0360",0.193450300940212
"chr18-0361",0.102588434969421
"chr18-0362",0.134573024647924
"chr18-0363",0.196055438676629
"chr18-0364",-0.0784252112296988
"chr18-0365",-0.0228788117809904
"chr18-0366",0.139768095710953
"chr18-0367",0.0551447441194284
"chr18-0368",0.161446007679456
"chr18-0369",0.20166424391363
"chr18-0370",0.232186623570992
"chr18-0371",0.173394467809269
"chr18-0372",-0.0340540355145237
"chr18-0373",0.146896028379289
"chr18-0374",0.0222424092093738
"chr18-0375",0.0779383981082933
"chr18-0376",0.267164140355209
"chr18-0377",0.0374961301760203
"chr18-0378",0.146727052732767
"chr18-0379",0.176813145743542
"chr18-0380",0.279008684795692
"chr18-0381",0.189646161319415
"chr18-0382",0.130873185583131
"chr18-0383",0.177038768144765
"chr18-0384",0.147283519413452
"chr18-0385",0.117732401724583
"chr18-0386",0.244055850831507
"chr18-0387",0.177709632814425
"chr18-0388",0.210297122765716
"chr18-0389",0.13022983426836
"chr18-0390",0.070953272776386
"chr18-0391",0.20976961641166
"chr18-0392",0.218337981872165
"chr18-0393",0.157183193991723
"chr19-0001",0.0317564209123974
"chr19-0002",0.234054117943713
"chr19-0003",0.103958538580214
"chr19-0004",0.249238029017116
"chr19-0005",0.138985573801273
"chr19-0006",0.224437862858061
"chr19-0007",0.130822941779242
"chr19-0008",0.210243818467343
"chr19-0009",0.148287027682773
"chr19-0010",0.130572247590764
"chr19-0011",0.244799158564317
"chr19-0012",0.178945040959419
"chr19-0013",0.22076279087171
"chr19-0014",0.218417693561436
"chr19-0015",0.15444148763196
"chr19-0016",0.249227008104768
"chr19-0017",0.132688281750763
"chr19-0018",0.122281089752527
"chr19-0019",0.244585387079511
"chr19-0020",0.119097156047951
"chr19-0021",0.0424372474222335
"chr19-0022",0.213689469985939
"chr19-0023",0.215309417846124
"chr19-0024",0.254859804327298
"chr19-0025",0.2480459512502
"chr19-0026",0.20959994424876
"chr19-0027",0.212767245412839
"chr19-0028",0.158210890868798
"chr19-0029",0.19881988924082
"chr19-0030",0.287941567350546
"chr19-0031",0.236671701899999
"chr19-0032",0.282659650782875
"chr19-0033",0.211686931210391
"chr19-0034",0.192497170753024
"chr19-0035",0.229015257968878
"chr19-0036",0.229047386788787
"chr19-0037",0.209586817351833
"chr19-0038",0.209240614908686
"chr19-0039",0.201584737663009
"chr19-0040",0.137863200535019
"chr19-0041",0.179131528730767
"chr19-0042",0.238353968601742
"chr19-0043",0.273865860167632
"chr19-0044",0.198435185417548
"chr19-0045",0.190578313885562
"chr19-0046",0.116840244132568
"chr19-0047",0.133480761686325
"chr19-0048",0.142436177071462
"chr19-0049",0.138357005784658
"chr19-0050",0.136663211076649
"chr19-0051",0.012049103592474
"chr19-0052",-0.0359908288149836
"chr19-0053",-0.28167257596132
"chr19-0054",-0.415369949520443
"chr19-0055",-0.596050447855734
"chr19-0056",-0.240533108654027
"chr19-0057",-0.287445519746466
"chr19-0058",-0.389424553181752
"chr19-0059",-0.551545668637749
"chr19-0060",-0.275766009876872
"chr19-0061",-0.520151935572421
"chr19-0062",-0.348482308446413
"chr19-0063",-0.369072327232702
"chr19-0064",-0.383472753325547
"chr19-0065",-0.228004850055595
"chr19-0066",-0.271088145242551
"chr19-0067",0.0717067994319907
"chr19-0068",0.0216496344235123
"chr19-0069",0.0507231758557522
"chr19-0070",-0.401701791158926
"chr19-0071",-0.0687951891453324
"chr19-0072",-0.0162737202762052
"chr19-0073",-0.0691399912075082
"chr19-0074",-0.110926558531778
"chr19-0075",-0.114438874813398
"chr19-0076",-0.123628170511766
"chr19-0077",-0.0368707327290441
"chr19-0078",-0.0167687883964215
"chr19-0079",-0.0620998082969238
"chr19-0080",0.0502111075015326
"chr19-0081",-0.0438334553820549
"chr19-0082",0.012459469344149
"chr19-0083",-0.115968555819563
"chr19-0084",-0.248707598450847
"chr19-0085",-0.371429684133682
"chr19-0086",-0.487621569032521
"chr19-0087",-0.0498881342811096
"chr19-0088",-0.2127231359909
"chr19-0089",-0.277359592587744
"chr19-0090",0.0102372330304051
"chr19-0091",0.141740366766643
"chr19-0092",0.0319665472828495
"chr19-0093",0.0664827193475304
"chr19-0094",-0.0638464284980725
"chr19-0095",-0.0425802157409173
"chr19-0096",-0.202228566063604
"chr19-0097",-0.0216911169504047
"chr19-0098",-0.0747044602677088
"chr19-0099",-0.460078160538713
"chr19-0100",-0.41877129786339
"chr19-0101",-0.123262051450626
"chr19-0102",-0.00199385877983632
"chr19-0103",-0.0814452286262482
"chr19-0104",-0.284738798701097
"chr19-0105",-0.272993758218199
"chr19-0106",-0.150146595651781
"chr19-0107",-0.15616810179154
"chr19-0108",-0.138271884654853
"chr19-0109",0.009157266756302
"chr19-0110",-0.0664854999330989
"chr19-0111",-0.249306452202695
"chr19-0112",-0.526890052891665
"chr19-0113",-0.0634605757929035
"chr19-0114",-0.652209552701926
"chr19-0115",-0.626636158651944
"chr19-0116",-0.781290413586252
"chr19-0117",-0.309766999908841
"chr19-0118",-0.498765187420437
"chr19-0119",-0.79269093893014
"chr19-0120",-0.399506563680104
"chr19-0121",-0.302135616817982
"chr19-0122",-0.350104222364527
"chr19-0123",-0.221384159245535
"chr19-0124",-0.30476030253495
"chr19-0125",-0.663998253246
"chr19-0126",-0.69973889526124
"chr19-0127",-0.395495681198704
"chr19-0128",-0.392919686785931
"chr19-0129",-0.463672518811487
"chr19-0130",-0.381884904354226
"chr19-0131",-0.27434265039697
"chr19-0132",-0.591444589359618
"chr19-0133",-0.252379430268047
"chr19-0134",-0.559978750394572
"chr19-0135",-0.374925239186869
"chr19-0136",-0.529339899097503
"chr19-0137",-0.311168390426631
"chr19-0138",-0.326172519075436
"chr19-0139",-0.233884494263577
"chr19-0140",-0.29701382003257
"chr19-0141",-0.313149157520099
"chr19-0142",-0.313848084487412
"chr19-0143",-0.461355834917346
"chr19-0144",-0.328071826232889
"chr19-0145",-0.358504094912807
"chr19-0146",-0.211128757186842
"chr19-0147",-0.478242734816642
"chr19-0148",-0.413642915665853
"chr19-0149",-0.196795881958412
"chr19-0150",-0.416544833994566
"chr19-0151",-0.515120503549688
"chr19-0152",-0.230136449670361
"chr19-0153",-0.471958882441298
"chr19-0154",-0.293785208330064
"chr19-0155",-0.0878737262210789
"chr19-0156",-0.175998791833702
"chr19-0157",-0.0871691846008629
"chr19-0158",0.0388465332216511
"chr19-0159",-0.151200954226252
"chr19-0160",-0.213850137799352
"chr19-0161",-0.144711685665814
"chr19-0162",-0.0908659811157939
"chr19-0163",-0.046935747182635
"chr19-0164",0.00292730082009107
"chr19-0165",0.152520193814134
"chr19-0166",0.270223804104512
"chr19-0167",0.0663577950186356
"chr19-0168",0.131846097615194
"chr19-0169",-0.0617782637647436
"chr19-0170",-0.131984359451796
"chr19-0171",-0.262742291492071
"chr19-0172",-0.253440768573095
"chr19-0173",-0.334418045158242
"chr19-0174",-0.425355440167309
"chr19-0175",-0.240307954754775
"chr19-0176",-0.415979972183283
"chr19-0177",-0.113934962336671
"chr19-0178",-0.250934543588672
"chr19-0179",-0.548571930366253
"chr19-0180",-0.376841287713475
"chr19-0181",-0.256198686268624
"chr19-0182",-0.247143709598443
"chr19-0183",-0.468487567189051
"chr19-0184",-0.754067446423598
"chr19-0185",-1.01290658547746
"chr19-0186",-0.666429944356352
"chr19-0187",-0.631676712124993
"chr19-0188",-0.255779332888447
"chr19-0189",-0.281132429084411
"chr19-0190",-0.318010568773938
"chr19-0191",-0.305809816001664
"chr19-0192",-0.130477297841027
"chr19-0193",-0.527949151271426
"chr19-0194",-0.707027251730897
"chr19-0195",-0.59871337861616
"chr19-0196",-0.547205456080541
"chr19-0197",-0.580878145657291
"chr19-0198",-0.776375349398347
"chr19-0199",-0.72247804560483
"chr19-0200",-0.375115015079683
"chr19-0201",-0.268910518336677
"chr19-0202",-0.383752593565788
"chr19-0203",-0.350850076699226
"chr19-0204",-0.250401988315591
"chr19-0205",-0.307406211392792
"chr19-0206",-0.0937269540169675
"chr19-0207",0.0529264663341629
"chr19-0208",0.203074454861626
"chr19-0209",-0.0319003022015359
"chr19-0210",0.173048261843268
"chr19-0211",-0.0369611933856916
"chr19-0212",0.16706193000798
"chr19-0213",0.123077740009864
"chr19-0214",-0.0608856095474521
"chr19-0215",-0.151405728945178
"chr19-0216",-0.168430219661788
"chr19-0217",-0.136593465173224
"chr19-0218",-0.188605930425245
"chr19-0219",-0.15249178408371
"chr19-0220",-0.301905059239637
"chr19-0221",-0.145019359898899
"chr19-0222",-0.0919549330396223
"chr19-0223",-0.092681824427641
"chr19-0224",-0.0265074712734271
"chr19-0225",-0.0313026025552989
"chr19-0226",0.180871398113551
"chr19-0227",0.285850471308944
"chr19-0228",0.291443820614339
"chr19-0229",0.337207269969437
"chr19-0230",0.428915173411499
"chr19-0231",0.466433263314982
"chr19-0232",0.372954942435196
"chr19-0233",0.23900113593328
"chr19-0234",0.29985034522571
"chr19-0235",0.258019403594909
"chr19-0236",0.278663406687615
"chr19-0237",0.307205574494962
"chr19-0238",0.33893479554011
"chr19-0239",0.258632001744654
"chr19-0240",0.353094794113314
"chr19-0241",0.269410341428002
"chr19-0242",0.268124803902675
"chr19-0243",0.466885704812245
"chr19-0244",0.402924798114574
"chr19-0245",0.203650749255577
"chr19-0246",0.244494753677005
"chr19-0247",0.36298599332188
"chr19-0248",0.144733084953749
"chr19-0249",0.1467629454152
"chr19-0250",-0.0630384363875616
"chr19-0251",-0.102619233497399
"chr19-0252",-0.0548596789714334
"chr19-0253",-0.178856336120318
"chr19-0254",-0.0626848637626808
"chr19-0255",-0.0827285576789678
"chr19-0256",-0.208472203278617
"chr19-0257",-0.0606208690399125
"chr19-0258",-0.229165552779374
"chr19-0259",-0.22674014221468
"chr19-0260",0.024335911167732
"chr19-0261",-0.147018253660763
"chr19-0262",-0.240315748337841
"chr19-0263",-0.348815483996773
"chr19-0264",-0.215244022989049
"chr19-0265",-0.0407964070795678
"chr19-0266",-0.197579584646846
"chr19-0267",-0.498907305240351
"chr19-0268",-0.238810382403008
"chr19-0269",-0.557699801404966
"chr19-0270",-0.00514698854908795
"chr19-0271",0.100752564617959
"chr19-0272",-0.0885198603656428
"chr19-0273",0.131986482070893
"chr19-0274",-0.0111470290210155
"chr19-0275",-0.127431796263707
"chr19-0276",-0.132470497360087
"chr19-0277",-0.0227950329220719
"chr19-0278",0.198407340667411
"chr19-0279",0.0263589791630102
"chr19-0280",0.0974250699855305
"chr19-0281",0.033380417141143
"chr19-0282",0.270272922899162
"chr19-0283",0.117055566919922
"chr19-0284",-0.0547872386610197
"chr19-0285",0.0914055094187161
"chr19-0286",0.0364823960979314
"chr19-0287",-0.0158250447024167
"chr19-0288",0.0740440898216326
"chr19-0289",0.112936864359797
"chr19-0290",0.0835339892664619
"chr19-0291",0.186127887099309
"chr19-0292",0.00347843680190658
"chr19-0293",0.069499670405605
"chr19-0294",0.139276141737465
"chr19-0295",0.154325382076463
"chr19-0296",0.0718583298527267
"chr19-0297",-0.0378704012572668
"chr19-0298",0.0542220468340945
"chr19-0299",-0.0418085111116013
"chr19-0300",-0.0527795315790249
"chr19-0301",-0.0108663507234647
"chr19-0302",-0.135044300118913
"chr19-0303",-0.0583070772307771
"chr19-0304",0.0566638284684825
"chr19-0305",0.0653575290482911
"chr19-0306",0.0916191222938471
"chr19-0307",0.175722867192386
"chr19-0308",0.0945982593287679
"chr19-0309",-0.101251940630762
"chr19-0310",-0.124034291453656
"chr19-0311",0.113418869634887
"chr19-0312",0.0335860379718506
"chr19-0313",0.0152009892111457
"chr19-0314",0.0494450023792351
"chr19-0315",-0.0172859759318302
"chr19-0316",-0.511843787470666
"chr19-0317",-0.56431023124465
"chr19-0318",-0.388692784930194
"chr19-0319",-0.298310259410456
"chr19-0320",-0.416913593517854
"chr19-0321",-0.58147876820749
"chr19-0322",-0.317656815029522
"chr19-0323",-0.407641714324786
"chr19-0324",-0.295981026796409
"chr19-0325",-0.658805350540801
"chr19-0326",-0.467818542396572
"chr19-0327",-0.533617373853908
"chr19-0328",-0.835907228197926
"chr19-0329",-0.559602224120606
"chr19-0330",-0.513505800529764
"chr19-0331",-0.460059481353783
"chr19-0332",-0.264734060788382
"chr19-0333",-0.431318647925688
"chr19-0334",-0.532132457414123
"chr19-0335",-0.453097467373377
"chr19-0336",-0.265034740452166
"chr19-0337",-0.222734259677933
"chr19-0338",-0.309900298052002
"chr19-0339",-0.4164648650109
"chr19-0340",-0.338267256595786
"chr19-0341",-0.323807001583509
"chr19-0342",-0.329882113384716
"chr19-0343",-0.199055432713053
"chr19-0344",-0.287133548313811
"chr19-0345",-0.515039566857342
"chr19-0346",-0.241293273696083
"chr19-0347",-0.366744492940301
"chr19-0348",-0.196724958119755
"chr19-0349",-0.178953648467043
"chr19-0350",-0.303167460013843
"chr19-0351",-0.19649816614473
"chr19-0352",-0.382959789172652
"chr19-0353",-0.560748650089672
"chr19-0354",-0.255524839951077
"chr19-0355",-0.384244124890677
"chr19-0356",-0.33964985594363
"chr19-0357",-0.300133720592126
"chr19-0358",-0.424878957193851
"chr19-0359",-0.862351600112191
"chr19-0360",-0.404861368647486
"chr19-0361",-0.405065256586801
"chr19-0362",-0.497356553985037
"chr19-0363",-0.389152775424934
"chr19-0364",-0.507588596356072
"chr19-0365",-0.38130481798818
"chr19-0366",-0.295488385825326
"chr19-0367",-0.402985489684994
"chr19-0368",-0.425127116283719
"chr19-0369",-0.500780107498087
"chr19-0370",-0.16222077555701
"chr19-0371",-0.333348140702597
"chr19-0372",-0.520167857938394
"chr19-0373",-0.298341103402035
"chr19-0374",-0.39554409584054
"chr19-0375",-0.496682783890047
"chr19-0376",-0.31857112903383
"chr19-0377",-0.492792767649753
"chr19-0378",-0.405671502972274
"chr19-0379",-0.374768755909084
"chr19-0380",-0.217132155931808
"chr19-0381",-0.506459818464936
"chr19-0382",-0.471111597833766
"chr19-0383",-0.894679842276367
"chr19-0384",-0.966633772426174
"chr19-0385",-0.537388909949136
"chr19-0386",-0.216160439674452
"chr19-0387",-0.389986606677278
"chr19-0388",-0.270466598918888
"chr19-0389",-0.706503828736608
"chr19-0390",-0.408234940399788
"chr19-0391",-0.366617562911585
"chr19-0392",-0.297546848799301
"chr19-0393",-0.319340860392562
"chr19-0394",-0.241519397950252
"chr19-0395",-0.251173789276621
"chr19-0396",-0.240848174312868
"chr19-0397",-0.162001902249902
"chr19-0398",-0.322425723181848
"chr19-0399",-0.289079943615822
"chr19-0400",-0.705799744028972
"chr19-0401",-0.748180378976026
"chr19-0402",-0.477672882279527
"chr19-0403",-0.434604511107536
"chr19-0404",-0.526116341756569
"chr19-0405",-0.293651342282113
"chr19-0406",-0.268085176892156
"chr19-0407",-0.498220008085592
"chr19-0408",-0.598255826460857
"chr19-0409",-0.408847262924082
"chr19-0410",-0.528340111339712
"chr19-0411",-0.696283339341058
"chr19-0412",-0.697381309420793
"chr19-0413",-0.234036108443525
"chr19-0414",-0.481990427543778
"chr19-0415",-0.551249638428354
"chr19-0416",-0.388566543454931
"chr19-0417",-0.265953936181612
"chr19-0418",-0.110715991818709
"chr19-0419",-0.359935416732991
"chr19-0420",-0.399385149805237
"chr19-0421",-0.797701845355289
"chr19-0422",-0.624630091683771
"chr19-0423",-0.466838634725956
"chr19-0424",-0.397421582697048
"chr19-0425",-0.42800869446681
"chr19-0426",-0.620380818294183
"chr19-0427",-0.563373927691112
"chr19-0428",-0.326616852181285
"chr19-0429",-0.28427484173645
"chr19-0430",-0.629862538930182
"chr19-0431",-0.389457850256392
"chr19-0432",-0.456576795680711
"chr19-0433",-0.436548670073657
"chr19-0434",-0.45115277272868
"chr19-0435",-0.471328827356682
"chr19-0436",-0.425538626267517
"chr19-0437",-0.348959771459427
"chr19-0438",-0.340190988536901
"chr19-0439",-0.339221538232509
"chr19-0440",-0.515487510269339
"chr19-0441",-0.519986202081421
"chr19-0442",-0.644826954096349
"chr19-0443",-0.464304570002017
"chr19-0444",-0.403186907694438
"chr19-0445",-0.326875012213149
"chr19-0446",-0.399649657655772
"chr19-0447",-0.284810641882215
"chr19-0448",-0.326650409558078
"chr19-0449",-0.369292129925272
"chr19-0450",-0.382141836631305
"chr19-0451",-0.435037475103959
"chr19-0452",-0.430543338619441
"chr19-0453",-0.340742221054905
"chr19-0454",-0.347465412578514
"chr19-0455",-0.435730355594407
"chr19-0456",-0.52033025848379
"chr19-0457",-0.246108663879608
"chr19-0458",-0.198418599366621
"chr19-0459",-0.359938882959225
"chr19-0460",-0.386293706922633
"chr19-0461",-0.460802953695178
"chr19-0462",-0.741618999824285
"chr19-0463",-0.415347005625682
"chr19-0464",-0.679703847275728
"chr19-0465",-0.288225996382251
"chr19-0466",-0.268865233730772
"chr19-0467",-0.296175763883049
"chr19-0468",-0.627172327732539
"chr19-0469",-0.280733736023749
"chr19-0470",-0.312640088020981
"chr19-0471",-0.357783381068874
"chr19-0472",-0.367788788963234
"chr19-0473",-0.740633071520146
"chr19-0474",-0.374872405221923
"chr19-0475",-0.264131809248078
"chr19-0476",-0.173093901813547
"chr19-0477",-0.206066543132346
"chr19-0478",-0.185108772902899
"chr19-0479",-0.470166834988681
"chr19-0480",-0.430392200499994
"chr19-0481",-0.376258927461768
"chr19-0482",-0.572961307791304
"chr19-0483",-0.368005322044224
"chr19-0484",-0.162844282347941
"chr19-0485",-0.452928927587803
"chr19-0486",-1.13988112197805
"chr19-0487",-0.522031117287261
"chr19-0488",-0.680240294453253
"chr19-0489",-0.403444213594363
"chr19-0490",-0.361349104024655
"chr19-0491",-0.400382966383576
"chr19-0492",-0.307630285676416
"chr19-0493",-0.456793006352144
"chr19-0494",-0.322530639671436
"chr19-0495",-0.467929737131054
"chr19-0496",-0.242207591212848
"chr19-0497",-0.537873028938397
"chr19-0498",-0.425986765490571
"chr19-0499",-0.345616385159362
"chr19-0500",-0.240626941642825
"chr19-0501",-0.283382899509627
"chr19-0502",-0.4113891985118
"chr19-0503",-0.450785304978136
"chr19-0504",-0.530305719854086
"chr19-0505",-0.460719114541216
"chr19-0506",-0.384749317434215
"chr19-0507",-0.333160289105695
"chr19-0508",-0.41673537758141
"chr19-0509",-0.221252675223728
"chr19-0510",-0.30206503576085
"chr19-0511",-0.289557883297535
"chr19-0512",-0.110244473173102
"chr19-0513",-0.210171779376242
"chr19-0514",-0.77680605543926
"chr19-0515",-0.538156865006545
"chr19-0516",-0.562144608909113
"chr19-0517",-0.635761498495046
"chr19-0518",-0.524223739956709
"chr19-0519",-0.451128555361914
"chr19-0520",-0.465284275429145
"chr19-0521",-0.278984038652426
"chr19-0522",-0.5491200904762
"chr19-0523",-0.456517577348793
"chr19-0524",-0.358776357248618
"chr19-0525",-0.501554016403025
"chr19-0526",-0.640200525455681
"chr19-0527",-0.650403603042738
"chr19-0528",-0.633988908672289
"chr19-0529",-0.44371424682438
"chr19-0530",-0.644550381057549
"chr19-0531",-0.961522254896721
"chr19-0532",-0.552034341157489
"chr19-0533",-0.494264471157303
"chr19-0534",-0.806734359464711
"chr19-0535",-0.459587194107303
"chr19-0536",-0.628279886009903
"chr19-0537",-0.312950281264921
"chr19-0538",-0.92839888121528
"chr19-0539",-0.461944501664389
"chr19-0540",-0.742125298133958
"chr19-0541",-0.252322803435478
"chr19-0542",-0.411469751352835
"chr19-0543",-0.204087447161624
"chr19-0544",-0.326543864556962
"chr19-0545",-0.511457211229287
"chr19-0546",-0.441337601128391
"chr19-0547",-0.547347979503259
"chr19-0548",-0.340985823158658
"chr19-0549",-0.309678320602457
"chr19-0550",-0.49349038701497
"chr19-0551",-0.371607897561249
"chr19-0552",-0.482785978758468
"chr19-0553",-0.419207169537279
"chr19-0554",-0.302623084287745
"chr19-0555",-0.563212210218224
"chr19-0556",-0.644202922090961
"chr19-0557",-0.438897989278174
"chr19-0558",-0.540900390440439
"chr19-0559",-0.378230550037793
"chr19-0560",-0.454790106821861
"chr19-0561",-0.293937121234151
"chr19-0562",-0.411003157532889
"chr19-0563",-1.03843861180689
"chr19-0564",-0.973321772831488
"chr19-0565",-0.877165428040408
"chr19-0566",-0.303447201529456
"chr19-0567",-0.359021254760722
"chr19-0568",-1.00548830390806
"chr19-0569",-0.32389360003818
"chr19-0570",-0.218800919392988
"chr19-0571",-0.72236804400964
"chr19-0572",-0.571287221362196
"chr19-0573",-0.319495976914204
"chr19-0574",-0.473526255799886
"chr19-0575",-0.567478284908363
"chr19-0576",-0.426736945993536
"chr19-0577",-0.554379940256756
"chr19-0578",-0.398474591738141
"chr19-0579",-0.791768501800887
"chr19-0580",-0.738026188775304
"chr19-0581",-0.708599098235121
"chr19-0582",-0.406553188682751
"chr19-0583",-0.570645666492354
"chr19-0584",-0.341603889636022
"chr19-0585",-0.313706199573909
"chr19-0586",-0.360679341624189
"chr19-0587",-0.24418475689829
"chr19-0588",-0.370484294611033
"chr19-0589",-0.213820606747887
"chr19-0590",-0.223655201729701
"chr19-0591",-0.935248430178426
"chr19-0592",-0.636560146993749
"chr19-0593",-1.04198306747071
"chr19-0594",-0.273458150670906
"chr19-0595",-0.0921087827518085
"chr19-0596",-0.710028029449328
"chr19-0597",-0.357184595054165
"chr19-0598",-0.248336801662358
"chr19-0599",-0.20566004880085
"chr19-0600",-0.194620090849792
"chr19-0601",-0.236209437818268
"chr19-0602",-0.469294609199646
"chr19-0603",-0.590685184468871
"chr19-0604",-0.565487558247458
"chr19-0605",-0.387683385780613
"chr19-0606",-0.310267118867146
"chr19-0607",-0.208233406179762
"chr19-0608",-0.350334549494762
"chr19-0609",-0.348594301091143
"chr19-0610",-0.254465156193891
"chr19-0611",-0.342542561467413
"chr19-0612",-0.404309685661153
"chr19-0613",-0.367806441666597
"chr19-0614",-0.425981092450526
"chr19-0615",-0.365794800721681
"chr19-0616",-0.283289167122933
"chr19-0617",-0.259600045146484
"chr19-0618",-0.342079715158889
"chr19-0619",-0.327547241183785
"chr19-0620",-0.236335057452338
"chr19-0621",-0.203136190016346
"chr19-0622",-0.170906717897231
"chr19-0623",-0.111420301344203
"chr2-0001",-0.248855918032736
"chr2-0002",-0.243803183070275
"chr2-0003",-0.202435048377363
"chr2-0004",-0.263750365009591
"chr2-0005",-0.132177223302801
"chr2-0006",-0.294110148316431
"chr2-0007",-0.229614295359556
"chr2-0008",-0.172860454562168
"chr2-0009",-0.221926299445458
"chr2-0010",-0.417535620963222
"chr2-0011",-0.378134704488906
"chr2-0012",-0.287091066526047
"chr2-0013",-0.160329923365816
"chr2-0014",-0.305554218505353
"chr2-0015",-0.328764753387683
"chr2-0016",-0.403331075328194
"chr2-0017",-0.325048746972874
"chr2-0018",-0.345285268583531
"chr2-0019",-0.332332433835953
"chr2-0020",-0.256491813056273
"chr2-0021",-0.149580542420913
"chr2-0022",-0.166152623604496
"chr2-0023",-0.156108693676347
"chr2-0024",-0.415353883133963
"chr2-0025",-0.381661142453829
"chr2-0026",-0.464341889672045
"chr2-0027",-0.244019972978381
"chr2-0028",-0.476362360415492
"chr2-0029",-0.25148318484311
"chr2-0030",-0.338322733187492
"chr2-0031",-0.24813343191571
"chr2-0032",-0.440452847606147
"chr2-0033",-0.625272355676634
"chr2-0034",-0.303654638858619
"chr2-0035",-0.188375536277206
"chr2-0036",-0.19474326865028
"chr2-0037",-0.231627861508418
"chr2-0038",-0.193178441026281
"chr2-0039",-0.232877622936366
"chr2-0040",-0.242347419615248
"chr2-0041",-0.290787552383354
"chr2-0042",-0.53297992984826
"chr2-0043",-0.31721447048293
"chr2-0044",-0.65991448898944
"chr2-0045",-0.528145479955582
"chr2-0046",-0.281953007294822
"chr2-0047",-0.648140350511245
"chr2-0048",-0.449422765807404
"chr2-0049",-0.533637020227385
"chr2-0050",-0.371932125962186
"chr2-0051",-0.464798674880892
"chr2-0052",-0.361750529697635
"chr2-0053",-0.382563589713751
"chr2-0054",-0.192256239818016
"chr2-0055",-0.169481060750113
"chr2-0056",-0.222732849483351
"chr2-0057",-0.504878736747969
"chr2-0058",-0.459152918632235
"chr2-0059",-0.609035520378376
"chr2-0060",-0.516131154360578
"chr2-0061",-0.244103313188073
"chr2-0062",-0.352469958601113
"chr2-0063",-0.352688764705397
"chr2-0064",-0.398326045489679
"chr2-0065",-0.331313971915664
"chr2-0066",-0.303627273305254
"chr2-0067",-0.229272204493546
"chr2-0068",-0.175128419690108
"chr2-0069",-0.310237689955329
"chr2-0070",-0.408629113448715
"chr2-0071",-0.0974118205513353
"chr2-0072",-0.277864856454239
"chr2-0073",-0.271187831308508
"chr2-0074",-0.284673461744615
"chr2-0075",-0.266851211238369
"chr2-0076",-0.351385181196159
"chr2-0077",-0.223877649249682
"chr2-0078",-0.340633517794714
"chr2-0079",-0.274109406835158
"chr2-0080",-0.413814677504976
"chr2-0081",-0.243364508502566
"chr2-0082",-0.391314673088459
"chr2-0083",-0.328780928618457
"chr2-0084",-0.204363913605259
"chr2-0085",-0.297725725219403
"chr2-0086",-0.392881215805992
"chr2-0087",-0.359658289777613
"chr2-0088",-0.235245810695174
"chr2-0089",-0.214725907335437
"chr2-0090",-0.207652872966203
"chr2-0091",-0.375266303132385
"chr2-0092",-0.421926939666846
"chr2-0093",-0.661172089259736
"chr2-0094",-0.460153446152028
"chr2-0095",-0.342381752308352
"chr2-0096",-0.45015900971095
"chr2-0097",-0.235042097317946
"chr2-0098",-0.631005794425628
"chr2-0099",-0.300259406021518
"chr2-0100",-0.350991747337296
"chr2-0101",-0.442785229170132
"chr2-0102",-0.570835293587749
"chr2-0103",-0.378686516618356
"chr2-0104",-0.278073092675321
"chr2-0105",-0.429708908827744
"chr2-0106",-0.641448211567652
"chr2-0107",-0.385017041480176
"chr2-0108",-0.512431988451303
"chr2-0109",-0.412705169433796
"chr2-0110",-0.584453466603497
"chr2-0111",-0.112685010712794
"chr2-0112",-0.499808838491004
"chr2-0113",-0.533873629730492
"chr2-0114",-0.761672237573098
"chr2-0115",-0.107468354522277
"chr2-0116",-0.425070254831916
"chr2-0117",-0.619113859458289
"chr2-0118",-0.323804519286202
"chr2-0119",-0.459489528941572
"chr2-0120",-0.604307416377537
"chr2-0121",-0.528326277918719
"chr2-0122",-0.608620231431017
"chr2-0123",-0.481721071342081
"chr2-0124",-0.592878306404067
"chr2-0125",-0.585646453567257
"chr2-0126",-0.500261713105185
"chr2-0127",-0.158643017634289
"chr2-0128",-0.754363568037604
"chr2-0129",-0.480099967477652
"chr2-0130",-0.356206701465352
"chr2-0131",-0.205847998207514
"chr2-0132",-0.353214865332154
"chr2-0133",-0.319421542922102
"chr2-0134",-0.44481762399318
"chr2-0135",-0.422252988858031
"chr2-0136",-0.277878823974278
"chr2-0137",-0.366939030115769
"chr2-0138",-0.376944674696106
"chr2-0139",-0.279657622106885
"chr2-0140",-0.610174304493409
"chr2-0141",-0.281246618406943
"chr2-0142",-0.223456751570129
"chr2-0143",-0.201572223416896
"chr2-0144",-0.351069179906633
"chr2-0145",-0.522347091027031
"chr2-0146",-0.243428530786955
"chr2-0147",-0.297446791240117
"chr2-0148",-0.230564681862903
"chr2-0149",-0.227070362308847
"chr2-0150",-0.23144456724469
"chr2-0151",-0.27025643669292
"chr2-0152",-0.408370760298779
"chr2-0153",-0.441353759659088
"chr2-0154",-0.734404811937207
"chr2-0155",-0.593041686268153
"chr2-0156",-0.564841707324608
"chr2-0157",-0.606202123301254
"chr2-0158",-0.388446704856239
"chr2-0159",-0.260919325137827
"chr2-0160",-0.351208683174575
"chr2-0161",-0.0895425501419935
"chr2-0162",-0.159184263583478
"chr2-0163",-0.142467129625476
"chr2-0164",-0.244360306040743
"chr2-0165",-0.358656642837639
"chr2-0166",-0.279435087418205
"chr2-0167",-0.531527384025017
"chr2-0168",-0.423528351859905
"chr2-0169",-0.419538156996405
"chr2-0170",-0.578703667046091
"chr2-0171",-0.267159809086928
"chr2-0172",-0.25121356365071
"chr2-0173",-0.388852028447048
"chr2-0174",-0.282785271865131
"chr2-0175",-0.550268194361277
"chr2-0176",-0.389984243794447
"chr2-0177",-0.303430903229485
"chr2-0178",-0.245757091381064
"chr2-0179",-0.354761835225041
"chr2-0180",-0.508593754905373
"chr2-0181",-0.536569075452176
"chr2-0182",-0.227121478993063
"chr2-0183",-0.34850527973131
"chr2-0184",-0.691430962616699
"chr2-0185",-0.248458245233172
"chr2-0186",-0.382984971135851
"chr2-0187",-0.373577904955475
"chr2-0188",-0.322091426875635
"chr2-0189",-0.369013285181468
"chr2-0190",-0.315321449585507
"chr2-0191",-0.275776352788279
"chr2-0192",-0.282414560961429
"chr2-0193",-0.397785567447022
"chr2-0194",-0.408174803443382
"chr2-0195",-0.341696612906038
"chr2-0196",-0.296314526594658
"chr2-0197",-0.248222124022554
"chr2-0198",-0.271562791526144
"chr2-0199",-0.453278180337357
"chr2-0200",-0.22082336089925
"chr2-0201",-0.184302120791164
"chr2-0202",-0.444371444989502
"chr2-0203",-0.398566885333945
"chr2-0204",-0.385247605505213
"chr2-0205",-0.225572416088617
"chr2-0206",-0.277670458547653
"chr2-0207",-0.148413071955198
"chr2-0208",-0.434385210419848
"chr2-0209",-0.184973214641935
"chr2-0210",-0.105017982732978
"chr2-0211",-0.426897093094877
"chr2-0212",-0.401575498333602
"chr2-0213",-0.117144665475951
"chr2-0214",-0.3940543361896
"chr2-0215",-0.21145009242385
"chr2-0216",-0.501152153305353
"chr2-0217",-0.350191066828584
"chr2-0218",-0.385526842978764
"chr2-0219",-0.557555572132319
"chr2-0220",-0.445655998786498
"chr2-0221",-0.39545794382447
"chr2-0222",-0.500439074937942
"chr2-0223",-0.751405683473817
"chr2-0224",-0.617330035820221
"chr2-0225",-0.287729430355888
"chr2-0226",-0.32107211120801
"chr2-0227",-0.159846771231801
"chr2-0228",-0.437832371800623
"chr2-0229",-0.23540925810817
"chr2-0230",-0.692101516798146
"chr2-0231",-0.299745921108245
"chr2-0232",-0.303072344686409
"chr2-0233",-0.352165295671319
"chr2-0234",-0.289171561108216
"chr2-0235",-0.388610448405803
"chr2-0236",-0.482164219921612
"chr2-0237",-0.806681460287615
"chr2-0238",-0.606318608298143
"chr2-0239",-0.638341201518367
"chr2-0240",-0.384751854005063
"chr2-0241",-0.336056823854551
"chr2-0242",-0.252492301764872
"chr2-0243",-0.669449692988399
"chr2-0244",-0.435683304832034
"chr2-0245",-0.531405328446459
"chr2-0246",-0.389943589782037
"chr2-0247",-0.512258024587136
"chr2-0248",-0.297738896627923
"chr2-0249",-0.193363214244508
"chr2-0250",-0.344353095078435
"chr2-0251",-0.240694836595252
"chr2-0252",-0.186977603512883
"chr2-0253",-0.493949272474859
"chr2-0254",-0.657572487977812
"chr2-0255",-0.58783982601488
"chr2-0256",-0.494608633832417
"chr2-0257",-0.493993279198274
"chr2-0258",-0.482708487722171
"chr2-0259",-0.426520344685489
"chr2-0260",-0.586832803699317
"chr2-0261",-0.344328822318214
"chr2-0262",-0.5229652426027
"chr2-0263",-0.277078270818464
"chr2-0264",-0.477603272719197
"chr2-0265",-0.28064304458264
"chr2-0266",-0.2598562752507
"chr2-0267",-0.414047769092347
"chr2-0268",-0.317898959432731
"chr2-0269",-0.158059364428737
"chr2-0270",-0.484261599842676
"chr2-0271",-0.416506325357431
"chr2-0272",-0.0959875942943755
"chr2-0273",-0.677380908699056
"chr2-0274",-0.333946557261925
"chr2-0275",-0.440124364379369
"chr2-0276",-0.489486323915566
"chr2-0277",-0.431297286202047
"chr2-0278",-0.428755964810034
"chr2-0279",-0.322459514331635
"chr2-0280",-0.284233891227087
"chr2-0281",-0.330660790405485
"chr2-0282",-0.358638200692297
"chr2-0283",-0.627543591012595
"chr2-0284",-0.452556480505278
"chr2-0285",-0.356059014293364
"chr2-0286",-0.263664387228811
"chr2-0287",-0.509879894742447
"chr2-0288",-0.21660106053392
"chr2-0289",-0.505272435846913
"chr2-0290",-0.0391785077762648
"chr2-0291",-0.230795299167802
"chr2-0292",-0.511217671869126
"chr2-0293",-0.52475378962033
"chr2-0294",-0.322324015644898
"chr2-0295",-0.379997262735433
"chr2-0296",-0.459913392952426
"chr2-0297",-0.282049856992206
"chr2-0298",-0.479526145210187
"chr2-0299",-0.332413506144738
"chr2-0300",-0.396358626728385
"chr2-0301",-0.186729962871269
"chr2-0302",-0.27315512164175
"chr2-0303",-0.383462553509974
"chr2-0304",-0.440822561834086
"chr2-0305",-0.336780262722736
"chr2-0306",-0.55344742610479
"chr2-0307",-0.464613286911245
"chr2-0308",-0.298418843327178
"chr2-0309",-0.202617889531193
"chr2-0310",-0.371130493379775
"chr2-0311",-0.252617199319383
"chr2-0312",-0.256803641735188
"chr2-0313",-0.226947734269876
"chr2-0314",-0.0946644286946755
"chr2-0315",-0.635617601476976
"chr2-0316",-0.397322601779131
"chr2-0317",-0.393978947295611
"chr2-0318",-0.437044051849713
"chr2-0319",-0.581030029123289
"chr2-0320",-0.351306170268581
"chr2-0321",-0.557426534361032
"chr2-0322",-0.482150296369566
"chr2-0323",-0.465528340979943
"chr2-0324",-0.590548908365813
"chr2-0325",-0.536041655721811
"chr2-0326",-0.576556482611745
"chr2-0327",-0.577743975962701
"chr2-0328",-0.319231767054433
"chr2-0329",-0.142094419149799
"chr2-0330",-0.227949618703823
"chr2-0331",-0.219062766266856
"chr2-0332",-0.306883464392302
"chr2-0333",-0.287900117103084
"chr2-0334",-0.266326142205117
"chr2-0335",-0.278859595447547
"chr2-0336",-0.366134416664363
"chr2-0337",-0.367416406735649
"chr2-0338",-0.477299104285846
"chr2-0339",-0.315268536574525
"chr2-0340",-0.62657057819502
"chr2-0341",-0.459726899129494
"chr2-0342",-0.160709525395049
"chr2-0343",-0.388317475904617
"chr2-0344",-0.405272490258594
"chr2-0345",-0.212202703303376
"chr2-0346",-0.32229197523027
"chr2-0347",-0.087412634198749
"chr2-0348",-0.388019602729841
"chr2-0349",-1.69786992963511
"chr2-0350",-2.33230928672826
"chr2-0351",-2.2621642911448
"chr2-0352",-2.26856004731749
"chr2-0353",-2.35657183267704
"chr2-0354",-2.5116219566793
"chr2-0355",-2.15659680805899
"chr2-0356",-2.54681763883341
"chr2-0357",-2.35611063582674
"chr2-0358",-2.45523811765293
"chr2-0359",-2.50389844294134
"chr2-0360",-2.5661348224156
"chr2-0361",-2.26734105925767
"chr2-0362",-2.29811902068815
"chr2-0363",-2.50047681330979
"chr2-0364",-2.39467190451067
"chr2-0365",-2.29079373939441
"chr2-0366",-2.58856699939834
"chr2-0367",-2.59458172447568
"chr2-0368",-2.3453994524645
"chr2-0369",-0.37228638762636
"chr2-0370",-0.350818602587204
"chr2-0371",-0.561195008754428
"chr2-0372",-0.301725215292595
"chr2-0373",-0.283797854396144
"chr2-0374",-0.184079093128789
"chr2-0375",-0.398149425097692
"chr2-0376",-0.556373614521273
"chr2-0377",-0.247265921326604
"chr2-0378",-0.147920510962247
"chr2-0379",-0.230745492588535
"chr2-0380",-0.359967823156721
"chr2-0381",-0.51293076999259
"chr2-0382",-0.490793611842158
"chr2-0383",-0.183222391644105
"chr2-0384",-0.178028594447446
"chr2-0385",-0.283815301215308
"chr2-0386",-0.205962483630382
"chr2-0387",-0.520263250655086
"chr2-0388",-0.308964810607968
"chr2-0389",-0.471658678481049
"chr2-0390",-0.210083413004566
"chr2-0391",-0.432233905079026
"chr2-0392",-0.460907917503788
"chr2-0393",-0.42446288260805
"chr2-0394",-0.563562816020936
"chr2-0395",-0.406548007312478
"chr2-0396",-0.225334372115896
"chr2-0397",-0.462254812206235
"chr2-0398",-0.236415638377924
"chr2-0399",-0.601519051023949
"chr2-0400",-0.314156332634976
"chr2-0401",-0.636332304970793
"chr2-0402",-0.472710430630826
"chr2-0403",-0.452583536003324
"chr2-0404",-0.473459103869788
"chr2-0405",-0.248098660283926
"chr2-0406",-0.40318338122432
"chr2-0407",-0.616279506419258
"chr2-0408",-0.524699608692125
"chr2-0409",-0.583836896146005
"chr2-0410",-0.425436699010811
"chr2-0411",-0.382874337972703
"chr2-0412",-0.403252263538551
"chr2-0413",-0.447323500539672
"chr2-0414",-0.478473979520538
"chr2-0415",-0.338633579010633
"chr2-0416",-0.320426464433409
"chr2-0417",-0.214445571905566
"chr2-0418",-0.321309888994853
"chr2-0419",-0.498849972567103
"chr2-0420",-0.557268383413424
"chr2-0421",-0.26820079692713
"chr2-0422",-0.510736574848163
"chr2-0423",-0.10874479225045
"chr2-0424",-0.396747453514452
"chr2-0425",-0.466223470264135
"chr2-0426",-0.290089824335873
"chr2-0427",-0.451397244835134
"chr2-0428",-0.210729598406028
"chr2-0429",-0.222924988877877
"chr2-0430",-0.502318789363877
"chr2-0431",-0.436730251666154
"chr2-0432",-0.357195413506571
"chr2-0433",-0.0521152978868256
"chr2-0434",-0.566409497713443
"chr2-0435",-0.216257653217446
"chr2-0436",-0.372279827458311
"chr2-0437",-0.524280121505134
"chr2-0438",-0.042306756264665
"chr2-0439",-0.449589342945217
"chr2-0440",-0.420490091203729
"chr2-0441",-0.201046471049534
"chr2-0442",-0.41611573078974
"chr2-0443",-0.278569775749555
"chr2-0444",-0.249898094738192
"chr2-0445",-0.480531381578128
"chr2-0446",-0.338999825381753
"chr2-0447",-0.540457139335428
"chr2-0448",-0.32565119007522
"chr2-0449",-0.314199499625661
"chr2-0450",-0.268632832850353
"chr2-0451",-0.219916365189338
"chr2-0452",-0.319661621688939
"chr2-0453",-0.387235964179635
"chr2-0454",-0.331757184304397
"chr2-0455",-0.432816416042544
"chr2-0456",-0.529686448956064
"chr2-0457",-0.152144970896946
"chr2-0458",-0.311926295745757
"chr2-0459",-0.236963611714178
"chr2-0460",-0.433676349001696
"chr2-0461",-0.639577827147853
"chr2-0462",-0.373252542138453
"chr2-0463",-0.469838022477194
"chr2-0464",-0.433539069150534
"chr2-0465",-0.424428101826835
"chr2-0466",-0.354370658664635
"chr2-0467",-0.949088920085572
"chr2-0468",-0.310626487730225
"chr2-0469",-0.344987630046492
"chr2-0470",-0.343549199585442
"chr2-0471",-0.287137164214489
"chr2-0472",-0.370708821926237
"chr2-0473",-0.416439040950987
"chr2-0474",-0.590613481576206
"chr2-0475",-0.492502914478023
"chr2-0476",-0.318029181485008
"chr2-0477",-0.341238326142423
"chr2-0478",-0.455562009922459
"chr2-0479",-0.212413310818082
"chr2-0480",-0.406563674992593
"chr2-0481",-0.294332166041215
"chr2-0482",-0.188080474711616
"chr2-0483",-0.465621522698567
"chr2-0484",-0.873218454447454
"chr2-0485",-0.290870642376493
"chr2-0486",-0.225454363965921
"chr2-0487",-0.431100536021412
"chr2-0488",-0.318911898168148
"chr2-0489",-0.389883687544455
"chr2-0490",-0.138738859751479
"chr2-0491",-0.551294535430515
"chr2-0492",-0.35039348708504
"chr2-0493",-0.340550571912365
"chr2-0494",-0.41091741653043
"chr2-0495",-0.927775814736833
"chr2-0496",-0.401803112162106
"chr2-0497",-0.293066155621266
"chr2-0498",-0.252154585712629
"chr2-0499",-0.390236377714052
"chr2-0500",-0.274900041829864
"chr2-0501",-0.467309515616019
"chr2-0502",-0.357023051176897
"chr2-0503",-0.415610318943597
"chr2-0504",-0.285802038738118
"chr2-0505",-0.335728397955747
"chr2-0506",-0.294038994684859
"chr2-0507",-0.386703834740388
"chr2-0508",-0.411217101741109
"chr2-0509",-0.589180544481588
"chr2-0510",-0.353599826250475
"chr2-0511",-0.402834254640392
"chr2-0512",-0.38884711175692
"chr2-0513",-0.19621759419871
"chr2-0514",-0.362384721078423
"chr2-0515",-0.283967173359286
"chr2-0516",-0.361213805130284
"chr2-0517",-0.45290185786677
"chr2-0518",-0.491402146823343
"chr2-0519",-0.336296124853556
"chr2-0520",-0.384620559281362
"chr2-0521",-0.361516677802498
"chr2-0522",-0.221618152297395
"chr2-0523",-0.400272953770332
"chr2-0524",-0.28731883109726
"chr2-0525",-0.310063506614868
"chr2-0526",-0.321624067750558
"chr2-0527",-0.299863168076408
"chr2-0528",-0.245098677888491
"chr2-0529",-0.298794346758118
"chr2-0530",-0.57439837691424
"chr2-0531",-0.425772458410883
"chr2-0532",-0.47488095305981
"chr2-0533",-0.431943051616304
"chr2-0534",-0.266244658098683
"chr2-0535",-0.38996038577777
"chr2-0536",-0.30231217242395
"chr2-0537",-0.522840695692608
"chr2-0538",-0.39983370553347
"chr2-0539",-0.311824739603207
"chr2-0540",-0.327722953313574
"chr2-0541",-0.678613663713932
"chr2-0542",-0.866157685503112
"chr2-0543",-0.58413552220385
"chr2-0544",-0.376447217260814
"chr2-0545",-0.582539049951919
"chr2-0546",-0.354035614417929
"chr2-0547",-0.487558489026032
"chr2-0548",-0.302398037372068
"chr2-0549",-0.395712290466452
"chr2-0550",-0.485309019261242
"chr2-0551",-0.093506246862626
"chr2-0552",-0.411082140354948
"chr2-0553",-0.381470365912439
"chr2-0554",-0.592167361276091
"chr2-0555",-0.408680870047709
"chr2-0556",-0.703410389948578
"chr2-0557",-0.396849421341273
"chr2-0558",-0.165959620358446
"chr2-0559",-0.378041118650881
"chr2-0560",-0.526948530175718
"chr2-0561",-0.453433796493817
"chr2-0562",-0.242488351805461
"chr2-0563",-0.452632946867106
"chr2-0564",-0.36440290538622
"chr2-0565",-0.300548527536944
"chr2-0566",-0.27355824543832
"chr2-0567",-0.300276349424501
"chr2-0568",-0.191678279835268
"chr2-0569",-0.351873152448829
"chr2-0570",-0.248150274770191
"chr2-0571",-0.433703976744758
"chr2-0572",-0.382765330611122
"chr2-0573",-0.569490298792049
"chr2-0574",-0.281203843006311
"chr2-0575",-0.40014755477287
"chr2-0576",-0.261258579330892
"chr2-0577",-0.348411459532905
"chr2-0578",0.0619732696003855
"chr2-0579",-0.455070246159661
"chr2-0580",-0.249263674193086
"chr2-0581",-0.328169021908581
"chr2-0582",-0.192618511253332
"chr2-0583",-0.169860864043627
"chr2-0584",-0.200170381038245
"chr2-0585",-0.556234687741063
"chr2-0586",-0.383104226884563
"chr2-0587",-0.4905384834696
"chr2-0588",-0.528939088770355
"chr2-0589",-0.565886400211427
"chr2-0590",-0.278725580261123
"chr2-0591",-0.311873078316468
"chr2-0592",-0.291881853254794
"chr2-0593",-0.546953149376328
"chr2-0594",-0.591485114929675
"chr2-0595",-0.50638797947674
"chr2-0596",-0.226157358406628
"chr2-0597",-0.547665308370555
"chr2-0598",-0.0927071292123801
"chr2-0599",-0.328595630497119
"chr2-0600",-0.363749257689552
"chr2-0601",-0.273418714637058
"chr2-0602",-0.408346667721579
"chr2-0603",-0.358555705371425
"chr2-0604",-0.199096272788114
"chr2-0605",-0.274804338657768
"chr2-0606",-0.124553222547794
"chr2-0607",-0.105211268173247
"chr2-0608",-0.123356962887094
"chr2-0609",-0.313029087610037
"chr2-0610",-0.277612419373548
"chr2-0611",-0.288374265105016
"chr2-0612",-0.182888091119015
"chr2-0613",-0.420066452438595
"chr2-0614",-0.370972661608631
"chr2-0615",-0.372442926770921
"chr2-0616",-0.160623812176542
"chr2-0617",-0.393363839907688
"chr2-0618",-0.307029160748745
"chr2-0619",-0.234489012614382
"chr2-0620",-0.218964385690336
"chr2-0621",-0.326799113574691
"chr2-0622",-0.388607222380242
"chr2-0623",-0.0863832744281341
"chr2-0624",-0.403868434184567
"chr2-0625",-0.226689858136305
"chr2-0626",-0.249370062888088
"chr2-0627",-0.298169992023212
"chr2-0628",-0.300253052203964
"chr2-0629",-0.631778050678256
"chr2-0630",-0.380616129758647
"chr2-0631",-0.139813870459099
"chr2-0632",-0.313776001091784
"chr2-0633",-0.241522174405926
"chr2-0634",-0.313870514394817
"chr2-0635",-0.447444598734936
"chr2-0636",-0.377975885525323
"chr2-0637",-0.276717383781032
"chr2-0638",-0.220063402009705
"chr2-0639",-0.238498627575104
"chr2-0640",-0.345517401953446
"chr2-0641",-0.554727572443589
"chr2-0642",-0.5141620445494
"chr2-0643",-0.342291067135764
"chr2-0644",-0.603228996780326
"chr2-0645",-0.526235723688321
"chr2-0646",-0.460906344467761
"chr2-0647",-0.293571732263593
"chr2-0648",-0.135451316300157
"chr2-0649",-0.274172178567553
"chr2-0650",-0.272950736747953
"chr2-0651",-0.407392252542445
"chr2-0652",-0.118579348834599
"chr2-0653",-0.306286768820413
"chr2-0654",-0.198354479541101
"chr2-0655",-0.205794922195231
"chr2-0656",-0.476800283253109
"chr2-0657",-0.617086473693371
"chr2-0658",-0.284043588650812
"chr2-0659",-0.340518425930891
"chr2-0660",-0.266579896956453
"chr2-0661",-0.549141904976002
"chr2-0662",-0.218077674420622
"chr2-0663",-0.678708290678493
"chr2-0664",-0.323011480962748
"chr2-0665",-0.297936922104553
"chr2-0666",-0.342420919535701
"chr2-0667",-0.29952978492939
"chr2-0668",-0.266065937768739
"chr2-0669",-0.360312699254871
"chr2-0670",-0.412913254330826
"chr2-0671",-0.4776985945524
"chr2-0672",-0.387857979743338
"chr2-0673",-0.381937731370924
"chr2-0674",-0.436240036634813
"chr2-0675",-0.427846905817398
"chr2-0676",-0.370540018088473
"chr2-0677",-0.522927113045965
"chr2-0678",-0.386129124493355
"chr2-0679",-0.364694813732057
"chr2-0680",-0.289136935710437
"chr2-0681",-0.313024883335311
"chr2-0682",-0.0264005393995159
"chr2-0683",-0.0903434315420167
"chr2-0684",-0.429693794565112
"chr2-0685",-0.261870441803794
"chr2-0686",-0.365294333277632
"chr2-0687",-0.315038152966061
"chr2-0688",-0.390465939700025
"chr2-0689",-0.297581848231297
"chr2-0690",-0.412530803064086
"chr2-0691",-0.148777029274292
"chr2-0692",-0.453482170853089
"chr2-0693",-0.469574748526036
"chr2-0694",-0.230339557346048
"chr2-0695",-0.380100667953065
"chr2-0696",-0.240386470669139
"chr2-0697",-0.344057052378054
"chr2-0698",-0.327979544008636
"chr2-0699",-0.22839401041759
"chr2-0700",-0.16640344727127
"chr2-0701",-0.466737468435374
"chr2-0702",-0.625532014148344
"chr2-0703",-0.230237987933554
"chr2-0704",-0.524772785904065
"chr2-0705",-0.494645391507571
"chr2-0706",-0.364301528428873
"chr2-0707",-0.283901478681286
"chr2-0708",-0.294209014180982
"chr2-0709",-0.281688399061074
"chr2-0710",-0.187886168175829
"chr2-0711",-0.389188617166763
"chr2-0712",-0.478406190039319
"chr2-0713",-0.158985890249842
"chr2-0714",-0.263651707036982
"chr2-0715",-0.0769913898955389
"chr2-0716",-0.11739024190985
"chr2-0717",-0.273766439086447
"chr2-0718",-0.276967840615279
"chr2-0719",-0.0344428939333109
"chr2-0720",-0.351539280807226
"chr2-0721",-0.263949890178588
"chr2-0722",-0.220278261186991
"chr2-0723",-0.226022447489215
"chr2-0724",-0.439474477866322
"chr2-0725",-0.40538671602222
"chr2-0726",-0.231124914104571
"chr2-0727",-0.504009736759045
"chr2-0728",-0.182752130351176
"chr2-0729",-0.316152902933973
"chr2-0730",-0.34431294203962
"chr2-0731",-0.425145109339306
"chr2-0732",-0.279963610389938
"chr2-0733",-0.15120879727141
"chr2-0734",-0.303045321674016
"chr2-0735",-0.287174916713093
"chr2-0736",-0.28333783168819
"chr2-0737",-0.267425908470646
"chr2-0738",-0.274477221291971
"chr2-0739",-0.241893114157035
"chr2-0740",-0.520777999658884
"chr2-0741",-0.331936674778381
"chr2-0742",-0.478520364563567
"chr2-0743",-0.526244074361351
"chr2-0744",-0.878005451013715
"chr2-0745",-0.817994296176472
"chr2-0746",-0.38779516530432
"chr2-0747",-0.218132573669868
"chr2-0748",-0.267950130697184
"chr2-0749",-0.36860385216475
"chr2-0750",-0.0126430969727461
"chr2-0751",-0.0978319397146761
"chr2-0752",-0.248039023145053
"chr2-0753",-0.544337294699278
"chr2-0754",-0.658389254435468
"chr2-0755",-0.332062900306661
"chr2-0756",-0.246485027480855
"chr2-0757",-0.790716328523106
"chr2-0758",-0.545112323637816
"chr2-0759",-0.579336486066416
"chr2-0760",-0.774156346223701
"chr2-0761",-0.245861204243154
"chr2-0762",-0.476602661545921
"chr2-0763",-0.312590113004294
"chr2-0764",-0.375353073721131
"chr2-0765",-0.282497703704256
"chr2-0766",-0.408496356864686
"chr2-0767",-0.306955913293587
"chr2-0768",-0.617190164751668
"chr2-0769",-0.515560629634511
"chr2-0770",-0.597960638144732
"chr2-0771",-0.525667958625102
"chr2-0772",-0.226807003139332
"chr2-0773",-0.129478084300751
"chr2-0774",-0.426545538303759
"chr2-0775",-0.359876282603044
"chr2-0776",-0.287137224549217
"chr2-0777",-0.529031712055247
"chr2-0778",-0.472637868240656
"chr2-0779",-0.407918755274897
"chr2-0780",-0.307815733162728
"chr2-0781",-0.246751001498874
"chr2-0782",-0.299485553428415
"chr2-0783",-0.375521399642588
"chr2-0784",-0.3589957829967
"chr2-0785",-0.329044067643433
"chr2-0786",-0.451669837358219
"chr2-0787",-0.321025622956905
"chr2-0788",-0.28881794086216
"chr2-0789",-0.273837677333322
"chr2-0790",-0.257780746145841
"chr2-0791",-0.191011625160885
"chr2-0792",-0.454827762713704
"chr2-0793",-0.644673544981249
"chr2-0794",-0.355790080254463
"chr2-0795",-0.344054693759819
"chr2-0796",-0.36738648568522
"chr2-0797",-0.236874576067154
"chr2-0798",-0.23017633693392
"chr2-0799",-0.538344383034517
"chr2-0800",-0.397175150167172
"chr2-0801",-0.574341183285909
"chr2-0802",-0.471119592650838
"chr2-0803",-0.339286901060624
"chr2-0804",-0.528273524279526
"chr2-0805",-0.25258946747632
"chr2-0806",-0.271496696939495
"chr2-0807",-0.407837702099962
"chr2-0808",-0.25048033890223
"chr2-0809",-0.181795516845112
"chr2-0810",-0.285116578697664
"chr2-0811",-0.359190525758685
"chr2-0812",-0.320646423534744
"chr2-0813",-0.148509297887227
"chr2-0814",-0.521663631848487
"chr2-0815",-0.348121556941463
"chr2-0816",-0.262267848024809
"chr2-0817",-0.327981707874727
"chr2-0818",-0.305881497702821
"chr2-0819",-0.342432138191187
"chr2-0820",-0.228253634422287
"chr2-0821",-0.365701392398404
"chr2-0822",-0.323813974190381
"chr2-0823",-0.490217145362292
"chr2-0824",-0.392644540091823
"chr2-0825",-0.35257348243209
"chr2-0826",-0.369317832147116
"chr2-0827",-0.393086102673907
"chr2-0828",-0.578026174791429
"chr2-0829",-0.382690706008561
"chr2-0830",-0.370063733109321
"chr2-0831",-0.392490796293345
"chr2-0832",-0.293686225263362
"chr2-0833",-0.246972052094506
"chr2-0834",-0.461000333706921
"chr2-0835",-0.223426347722355
"chr2-0836",-0.309469126280051
"chr2-0837",-0.470830208716315
"chr2-0838",-0.45244028559717
"chr2-0839",-0.496621288166624
"chr2-0840",-0.843503108231832
"chr2-0841",-0.232033443991295
"chr2-0842",-0.293149606940737
"chr2-0843",-0.251966449217743
"chr2-0844",-0.30696985772457
"chr2-0845",-0.410988324756198
"chr2-0846",-0.266764335708432
"chr2-0847",-0.197397049697043
"chr2-0848",-0.149591539157268
"chr2-0849",-0.156014588476782
"chr2-0850",-0.131077790660492
"chr2-0851",-0.335415980384271
"chr2-0852",-0.304935156456518
"chr2-0853",-0.644981275823445
"chr2-0854",-0.466061807002224
"chr2-0855",-0.581640592078528
"chr2-0856",-0.428956225849187
"chr2-0857",-0.555189952468479
"chr2-0858",-0.421894790609007
"chr2-0859",-0.178223289820466
"chr2-0860",-0.525081950921402
"chr2-0861",-0.255373968552024
"chr2-0862",-0.261262642629773
"chr2-0863",-0.823384150185012
"chr2-0864",-0.509960941469801
"chr2-0865",-0.502227398720735
"chr2-0866",-0.632511226139579
"chr2-0867",-0.349100302279996
"chr2-0868",-0.351930744580094
"chr2-0869",-0.239835839106442
"chr2-0870",-0.620819648928529
"chr2-0871",-0.358803332374226
"chr2-0872",-0.262445894842021
"chr2-0873",-0.350424714217689
"chr2-0874",-0.398038751966154
"chr2-0875",-0.516494711466936
"chr2-0876",-0.498837267761283
"chr2-0877",-0.565110624858052
"chr2-0878",-0.55410971336684
"chr2-0879",-0.506421257389027
"chr2-0880",-0.464733759374669
"chr2-0881",-0.338930428299249
"chr2-0882",-0.298027288778125
"chr2-0883",-0.277478864863063
"chr2-0884",-0.240142466951881
"chr2-0885",-0.578501763607266
"chr2-0886",-0.432677522395536
"chr2-0887",-0.408111949315449
"chr2-0888",-0.241979023971109
"chr2-0889",-0.341772001832363
"chr2-0890",-0.497113781829198
"chr2-0891",-0.374074780274517
"chr2-0892",-0.41977655032957
"chr2-0893",-0.624055271799622
"chr2-0894",-0.374261259292855
"chr2-0895",-0.440874011090644
"chr2-0896",-0.391161185599473
"chr2-0897",-0.302385126846833
"chr2-0898",-0.347530958104723
"chr2-0899",-0.248290261424619
"chr2-0900",-0.0727813603233337
"chr2-0901",-0.290517566393862
"chr2-0902",-0.293664418167054
"chr2-0903",-0.381474778487552
"chr2-0904",-0.53596429472256
"chr2-0905",-0.415291480090132
"chr2-0906",-0.536392219323077
"chr2-0907",-0.566782654817814
"chr2-0908",-0.443863823300658
"chr2-0909",-0.263027617745228
"chr2-0910",-0.48827422354085
"chr2-0911",-0.255266509301801
"chr2-0912",-0.405941671630697
"chr2-0913",-0.27615719945953
"chr2-0914",-0.336305191066859
"chr2-0915",-0.355011444392911
"chr2-0916",-0.384933289349764
"chr2-0917",-0.288167608347006
"chr2-0918",-0.503358776700921
"chr2-0919",-0.54055312911753
"chr2-0920",-0.562954455409092
"chr2-0921",-0.1693599518296
"chr2-0922",-0.538568225397474
"chr2-0923",-0.525046768494441
"chr2-0924",-0.550282724066343
"chr2-0925",-0.425048390536638
"chr2-0926",-0.254578578352236
"chr2-0927",-0.324399595803296
"chr2-0928",-0.433490657772364
"chr2-0929",-0.405001117340819
"chr2-0930",-0.312644356539745
"chr2-0931",-0.444969255519355
"chr2-0932",-0.549191341259759
"chr2-0933",-0.41588819383182
"chr2-0934",-0.415334368704337
"chr2-0935",-0.259557910708263
"chr2-0936",-0.343691704235946
"chr2-0937",-0.577753119398592
"chr2-0938",-0.441342624968794
"chr2-0939",-0.29687151033723
"chr2-0940",-0.618486804134387
"chr2-0941",-0.319683809881761
"chr2-0942",-0.341058625954946
"chr2-0943",-0.228772251179647
"chr2-0944",-0.41620570456797
"chr2-0945",-0.196620643681727
"chr2-0946",-0.206548278660123
"chr2-0947",-0.329693098236966
"chr2-0948",-0.480813739350774
"chr2-0949",-0.511353760851046
"chr2-0950",-0.401666276476086
"chr2-0951",-0.244096186717816
"chr2-0952",-0.215047596082378
"chr2-0953",-0.463862938196424
"chr2-0954",-0.391649993200348
"chr2-0955",-0.446125722339614
"chr2-0956",-0.541004225130853
"chr2-0957",-0.0273313729842653
"chr2-0958",-0.471674472813446
"chr2-0959",-0.45535528268664
"chr2-0960",-0.510969930198407
"chr2-0961",-0.113573407057578
"chr2-0962",-0.344870535585306
"chr2-0963",-0.653796450468003
"chr2-0964",-0.434875037482169
"chr2-0965",-0.42241280540063
"chr2-0966",-0.469836940779612
"chr2-0967",-0.101513204901023
"chr2-0968",-0.210291233736129
"chr2-0969",-0.511928223894053
"chr2-0970",-0.425530062605775
"chr2-0971",-0.307763075887006
"chr2-0972",-0.163582469195039
"chr2-0973",-0.538922173360221
"chr2-0974",-0.374127538654243
"chr2-0975",-0.269999633829865
"chr2-0976",-0.580501229319465
"chr2-0977",-0.331790893106318
"chr2-0978",-0.27350539110034
"chr2-0979",-0.162564386646333
"chr2-0980",-0.469288388150041
"chr2-0981",-0.61696842432457
"chr2-0982",-0.569417610494354
"chr2-0983",-0.44246241718991
"chr2-0984",-0.282553576864607
"chr2-0985",-0.260381548347509
"chr2-0986",-0.166225053047337
"chr2-0987",-0.557244029880362
"chr2-0988",-0.29268723141526
"chr2-0989",-0.216848981953685
"chr2-0990",-0.352922802110318
"chr2-0991",-0.418741704946856
"chr2-0992",-0.287674716091836
"chr2-0993",-0.369517029354664
"chr2-0994",-0.291802162746079
"chr2-0995",-0.431120869571289
"chr2-0996",-0.395400341203752
"chr2-0997",-0.427379879838559
"chr2-0998",-0.291050166375412
"chr2-0999",-0.251633993394483
"chr2-1000",-0.32521313579556
"chr2-1001",-0.494856591787992
"chr2-1002",-0.45707964743878
"chr2-1003",-0.429599132371919
"chr2-1004",-0.376917920440539
"chr2-1005",-0.414045398633462
"chr2-1006",-0.341550379642397
"chr2-1007",-0.386506901581278
"chr2-1008",-0.164960020129718
"chr2-1009",-0.285714847540141
"chr2-1010",-0.608698268449329
"chr2-1011",-0.501656708299751
"chr2-1012",-0.481792554318883
"chr2-1013",-0.428743730865532
"chr2-1014",-0.580850090504
"chr2-1015",-0.509679690212636
"chr2-1016",-0.597352231855893
"chr2-1017",-0.30515883640197
"chr2-1018",-0.53215752459375
"chr2-1019",-0.303910827865427
"chr2-1020",-0.307008876177766
"chr2-1021",-0.353334875699457
"chr2-1022",-0.347539142923521
"chr2-1023",-0.383402887965021
"chr2-1024",-0.598548800459308
"chr2-1025",-0.688013173419734
"chr2-1026",-0.39667237755459
"chr2-1027",-0.361455038960924
"chr2-1028",-0.295621029068909
"chr2-1029",-0.546522965196497
"chr2-1030",-0.636909631751202
"chr2-1031",-0.385974531511689
"chr2-1032",-0.338994260344406
"chr2-1033",-0.434771025339944
"chr2-1034",-0.351713115978511
"chr2-1035",-0.264347790499415
"chr2-1036",-0.806089823409737
"chr2-1037",-0.291132825047817
"chr2-1038",-0.522170487926536
"chr2-1039",-0.31254024962455
"chr2-1040",-0.441826883107863
"chr2-1041",-0.531111888376016
"chr2-1042",-0.357391274279688
"chr2-1043",-0.63913307735711
"chr2-1044",-0.221068967417383
"chr2-1045",-0.280865433306848
"chr2-1046",-0.469292577276808
"chr2-1047",-0.469663052470257
"chr2-1048",-0.475483295241803
"chr2-1049",-0.539673768372247
"chr2-1050",-0.289793937048367
"chr2-1051",-0.279688936069093
"chr2-1052",-0.426537115582303
"chr2-1053",-0.164389805935532
"chr2-1054",-0.394926647183058
"chr2-1055",-0.240826293494829
"chr2-1056",-0.330216484412752
"chr2-1057",-0.314695204133194
"chr2-1058",-0.313679048265025
"chr2-1059",-0.374141808293217
"chr2-1060",-0.634025204844242
"chr2-1061",-0.0829461518325785
"chr2-1062",-0.389604911864092
"chr2-1063",-0.587577062006675
"chr2-1064",-0.14931782118593
"chr2-1065",-0.296871006343271
"chr2-1066",-0.13136512073058
"chr2-1067",-0.195134131094252
"chr2-1068",-0.332659538604195
"chr2-1069",-0.347597162152411
"chr2-1070",-0.661520339247353
"chr2-1071",-0.412668772786967
"chr2-1072",-0.471493934472632
"chr2-1073",-0.280318227619181
"chr2-1074",-0.264520905422522
"chr2-1075",-0.0654520221116448
"chr2-1076",-0.301782636000353
"chr2-1077",-0.387189279501891
"chr2-1078",-0.553992539516503
"chr2-1079",-0.718126463407357
"chr2-1080",-0.273457106307737
"chr2-1081",-0.554574730558508
"chr2-1082",-0.411891911701481
"chr2-1083",-0.387156702189145
"chr2-1084",-0.0624416776824208
"chr2-1085",-0.254182643886545
"chr2-1086",-0.259348741316101
"chr2-1087",-0.434312313211881
"chr2-1088",-0.508234862169561
"chr2-1089",-0.314658421368652
"chr2-1090",-0.499211695522424
"chr2-1091",-0.192553497416027
"chr2-1092",-0.304273380469001
"chr2-1093",-0.585029229851741
"chr2-1094",-0.552559323768613
"chr2-1095",-0.350962676087888
"chr2-1096",-0.638483390252944
"chr2-1097",-0.474808853676066
"chr2-1098",-0.430114520857097
"chr2-1099",-0.368941455649253
"chr2-1100",-0.511819901630905
"chr2-1101",-0.494615012210747
"chr2-1102",-0.516559558234237
"chr2-1103",-0.29389661135703
"chr2-1104",-0.297319241792311
"chr2-1105",-0.404833239135036
"chr2-1106",-0.205513977046821
"chr2-1107",-0.346499009416266
"chr2-1108",-0.317068076990614
"chr2-1109",-0.584628153824577
"chr2-1110",-0.366686065158002
"chr2-1111",-0.336799158373057
"chr2-1112",-0.379502505075302
"chr2-1113",-0.356538571064676
"chr2-1114",-0.320220659479835
"chr2-1115",-0.379857189012424
"chr2-1116",-0.409365292631497
"chr2-1117",-0.57316961251325
"chr2-1118",-0.34253831150289
"chr2-1119",-0.533482747052019
"chr2-1120",-0.110753581992687
"chr2-1121",-0.711983162575144
"chr2-1122",-0.330386224431669
"chr2-1123",-0.254233101451191
"chr2-1124",-0.401338540670836
"chr2-1125",-0.200617957386741
"chr2-1126",-0.315054416692321
"chr2-1127",-0.302462278626567
"chr2-1128",-0.205125733004723
"chr2-1129",-0.501477612688273
"chr2-1130",-0.317833434998997
"chr2-1131",-0.241499373005434
"chr2-1132",-0.295566504789664
"chr2-1133",-0.261608733027937
"chr2-1134",-0.425665213115942
"chr2-1135",-0.162253208281983
"chr2-1136",-0.483631010997417
"chr2-1137",-0.190224112098959
"chr2-1138",-0.151548471858675
"chr2-1139",-0.465300354172145
"chr2-1140",-0.252369769472635
"chr2-1141",-0.503381132264674
"chr2-1142",-0.24087225153852
"chr2-1143",-0.441581178704267
"chr2-1144",-0.29680738211074
"chr2-1145",-0.262943758403282
"chr2-1146",-0.32678207340241
"chr2-1147",-0.300308639426339
"chr2-1148",-0.435987336735625
"chr2-1149",-0.751166972504259
"chr2-1150",-0.525743956059545
"chr2-1151",-0.355154917972758
"chr2-1152",-0.330109267254043
"chr2-1153",-0.399793211008532
"chr2-1154",-0.214792365205686
"chr2-1155",-0.299098261641252
"chr2-1156",-0.30738532124267
"chr2-1157",-0.211871121729538
"chr2-1158",-0.306744309619752
"chr2-1159",-0.459144500416387
"chr2-1160",-0.390804483077257
"chr2-1161",-0.397371446407225
"chr2-1162",-0.508674387863242
"chr2-1163",-0.179369670721377
"chr2-1164",-0.190281359569912
"chr2-1165",-0.210178777591139
"chr2-1166",-0.427294972589474
"chr2-1167",-0.448797325689986
"chr2-1168",-0.215648370107513
"chr2-1169",-0.431950639331034
"chr2-1170",-0.430542267151051
"chr2-1171",-0.476451714973639
"chr2-1172",-0.42964206233895
"chr2-1173",-0.22643127735692
"chr2-1174",-0.225515318909606
"chr2-1175",-0.3618146610442
"chr2-1176",-0.296095251812923
"chr2-1177",-0.382044513315337
"chr2-1178",-0.533929224386911
"chr2-1179",-0.426156374878328
"chr2-1180",-0.564834910760012
"chr2-1181",-0.27791152770995
"chr2-1182",-0.45861135616786
"chr2-1183",-0.317420625534232
"chr2-1184",-0.690810060219014
"chr2-1185",-0.472353964853226
"chr2-1186",-0.479261404937591
"chr2-1187",-0.278511709959677
"chr2-1188",-0.192112920844795
"chr2-1189",-0.508479213233549
"chr2-1190",-0.473219678185779
"chr2-1191",-0.41862088116044
"chr2-1192",-0.400321146561891
"chr2-1193",-0.192804367019145
"chr2-1194",-0.188081874700903
"chr2-1195",-0.396741757948456
"chr2-1196",-0.269169713335321
"chr2-1197",-0.805391788293155
"chr2-1198",-0.304253314185748
"chr2-1199",-0.401946210726573
"chr2-1200",-0.314910052017112
"chr2-1201",-0.266548476153832
"chr2-1202",-0.417475108987333
"chr2-1203",-0.588277528793805
"chr2-1204",-0.199371514411145
"chr2-1205",-0.499006745213205
"chr2-1206",-0.528579236793637
"chr2-1207",-0.551813538292434
"chr2-1208",-0.433440675365343
"chr2-1209",-0.421797529131301
"chr2-1210",-0.52265651499542
"chr2-1211",-0.430094029016229
"chr2-1212",-0.429683210714705
"chr2-1213",-0.370850348760126
"chr2-1214",-0.363544975570822
"chr2-1215",-0.143552682800317
"chr2-1216",-0.174350566601841
"chr2-1217",-0.199385504083477
"chr2-1218",-0.680328559892585
"chr2-1219",-0.338028004238025
"chr2-1220",-0.386724634126703
"chr2-1221",-0.708217765039678
"chr2-1222",-0.564031420335525
"chr2-1223",-0.372125571061689
"chr2-1224",-0.510052593552126
"chr2-1225",-0.384195897947615
"chr2-1226",-0.596356501948308
"chr2-1227",-0.70057519628299
"chr2-1228",-0.222488690138752
"chr2-1229",-0.223236674519462
"chr2-1230",-0.418269167783585
"chr2-1231",-0.452660165438172
"chr2-1232",-0.490909069147848
"chr2-1233",-0.361258237027969
"chr2-1234",-0.378280365727546
"chr2-1235",-0.271219191409732
"chr2-1236",-0.309819775618854
"chr2-1237",-0.392682958598108
"chr2-1238",-0.33314683034174
"chr2-1239",-0.558714944785372
"chr2-1240",-0.538044630550308
"chr2-1241",-0.219114413865047
"chr2-1242",-0.309585070651987
"chr2-1243",-0.703442998693639
"chr2-1244",-0.446714414073149
"chr2-1245",-0.255547747012202
"chr2-1246",-0.497840576792646
"chr2-1247",-0.38197048767359
"chr2-1248",-0.259325294113406
"chr2-1249",-0.416690019434711
"chr2-1250",-0.152093523838676
"chr2-1251",-0.576295766386402
"chr2-1252",-0.686499553043812
"chr2-1253",-0.568128294659686
"chr2-1254",-0.399478024700724
"chr2-1255",-0.599810509584718
"chr2-1256",-0.413337935419893
"chr2-1257",-0.396259595922899
"chr2-1258",-0.419160064001721
"chr2-1259",-0.263584248084525
"chr2-1260",-0.387873354194989
"chr2-1261",-0.32172416598022
"chr2-1262",-0.26837261898501
"chr2-1263",-0.271448957601966
"chr2-1264",-0.573245392928032
"chr2-1265",-0.590599226973719
"chr2-1266",-0.297342709619128
"chr2-1267",-0.356241060572244
"chr2-1268",-0.40271778861589
"chr2-1269",-0.387801902418005
"chr2-1270",-0.36781659513924
"chr2-1271",-0.413362469474244
"chr2-1272",-0.372694724159343
"chr2-1273",-0.411628346689128
"chr2-1274",-0.521607268497418
"chr2-1275",-0.264044860364148
"chr2-1276",-0.0824239038305576
"chr2-1277",-0.353584323806952
"chr2-1278",-0.362258900087869
"chr2-1279",-0.236462066571104
"chr2-1280",-0.316486657474485
"chr2-1281",-0.301277424911242
"chr2-1282",-0.363553527634043
"chr2-1283",-0.202547583315206
"chr2-1284",-0.2419337561371
"chr2-1285",-0.185886179455447
"chr2-1286",-0.127544562718481
"chr2-1287",-0.329608710815235
"chr2-1288",-0.703592639779514
"chr2-1289",-0.302024182600046
"chr2-1290",-0.339294387117793
"chr2-1291",-0.288403782164228
"chr2-1292",-0.382920309193298
"chr2-1293",-0.426067223290219
"chr2-1294",-0.411658836614725
"chr2-1295",-0.372608343811059
"chr2-1296",-0.474813603755095
"chr2-1297",-0.400886839460863
"chr2-1298",-0.434642473554168
"chr2-1299",-0.42474591311951
"chr2-1300",-0.174658718311746
"chr2-1301",-0.221269246575738
"chr2-1302",-0.53270054164614
"chr2-1303",-0.143718509750987
"chr2-1304",-0.173185262183706
"chr2-1305",-0.115566543528742
"chr2-1306",-0.138984712482036
"chr2-1307",-0.656494111825762
"chr2-1308",-0.473226773946959
"chr2-1309",-0.52463649793213
"chr2-1310",-0.43083478291622
"chr2-1311",-0.217014100097626
"chr2-1312",-0.684518391602132
"chr2-1313",-0.292539871711551
"chr2-1314",-0.368370311760033
"chr2-1315",-0.338605235461556
"chr2-1316",-0.355549601203922
"chr2-1317",-0.599912182675538
"chr2-1318",-0.327302395158775
"chr2-1319",-0.615292366359975
"chr2-1320",-0.142576063866389
"chr2-1321",-0.544955713065519
"chr2-1322",-0.525123002875873
"chr2-1323",-0.436340873278722
"chr2-1324",-0.510727752064972
"chr2-1325",-0.366461041677456
"chr2-1326",-0.36756753647655
"chr2-1327",-0.504668431341182
"chr2-1328",-0.548855597092136
"chr2-1329",-0.655322141374417
"chr2-1330",-0.434353515473585
"chr2-1331",-0.423242365232368
"chr2-1332",-0.535348400831527
"chr2-1333",-0.603348457365486
"chr2-1334",-0.384461838827597
"chr2-1335",-0.485675561675416
"chr2-1336",-0.169442172638688
"chr2-1337",-0.272965810115037
"chr2-1338",-0.533716286432817
"chr2-1339",-0.300689168367017
"chr2-1340",-0.459199618451995
"chr2-1341",-0.576492312839699
"chr2-1342",-0.661996441477677
"chr2-1343",-0.425250622537174
"chr2-1344",-0.512295156692444
"chr2-1345",-0.405220950314045
"chr2-1346",-0.741139928903095
"chr2-1347",-0.815297297565666
"chr2-1348",-0.50910325130454
"chr2-1349",-0.462206795708799
"chr2-1350",-0.565250055258519
"chr2-1351",-0.400762042133042
"chr2-1352",-0.257916084057864
"chr2-1353",-0.571316401693802
"chr2-1354",-0.57467027542027
"chr2-1355",-0.461873336942888
"chr2-1356",-0.669331552943274
"chr2-1357",-0.535210879407326
"chr2-1358",-0.362420022215774
"chr2-1359",-0.415641498796846
"chr2-1360",-0.188293930794331
"chr2-1361",-0.40039811996093
"chr2-1362",-0.315432369473471
"chr2-1363",-0.358608036157029
"chr2-1364",-0.236526435038701
"chr2-1365",-0.437292865709723
"chr2-1366",-0.582223472163509
"chr2-1367",-0.34658301356231
"chr2-1368",-0.290257833936718
"chr2-1369",-0.343211050414805
"chr2-1370",-0.193077130283435
"chr2-1371",-0.158369493588087
"chr2-1372",-0.266526271138694
"chr2-1373",-0.224011510804962
"chr2-1374",-0.398859831174671
"chr2-1375",-0.548263678607761
"chr2-1376",-0.306627257142186
"chr2-1377",-0.313505827474015
"chr2-1378",-0.319153620533338
"chr2-1379",-0.375571867224663
"chr2-1380",-0.444645007326503
"chr2-1381",-0.360099022564005
"chr2-1382",-0.179680899800005
"chr2-1383",-0.432378895702018
"chr2-1384",-0.375809223088435
"chr2-1385",-0.461190144305238
"chr2-1386",-0.588926396061119
"chr2-1387",-0.500625442585643
"chr2-1388",-0.329313888429623
"chr2-1389",-0.175670654528972
"chr2-1390",-0.309785682425735
"chr2-1391",-0.742262839226103
"chr2-1392",-0.621501226114566
"chr2-1393",-0.376813210931328
"chr2-1394",-0.473366409971673
"chr2-1395",-0.84361054714786
"chr2-1396",-0.680015032943859
"chr2-1397",-0.556433291387508
"chr2-1398",-0.640182112159051
"chr2-1399",-0.597803806503038
"chr2-1400",-0.394296360880776
"chr2-1401",-0.76162030615369
"chr2-1402",-0.436030186040137
"chr2-1403",-0.202172150970808
"chr2-1404",-0.500575798759662
"chr2-1405",-0.758329452143181
"chr2-1406",-0.336031387300914
"chr2-1407",-0.469969345369136
"chr2-1408",-0.320150914481138
"chr2-1409",-0.369669734093175
"chr2-1410",-0.101469541843422
"chr2-1411",-0.122378179887376
"chr2-1412",-0.273669095177033
"chr2-1413",-0.156157826491499
"chr2-1414",-0.391335222943952
"chr2-1415",-0.379736512705185
"chr2-1416",-0.390437955814111
"chr2-1417",-0.511523770224002
"chr2-1418",-0.545273759107977
"chr2-1419",-0.509123348876068
"chr2-1420",-0.378925165896243
"chr2-1421",-0.463444151064951
"chr2-1422",-0.17240485063906
"chr2-1423",-0.335020362819673
"chr2-1424",-0.495648181249255
"chr2-1425",-0.331819644570818
"chr2-1426",-0.345887102305817
"chr2-1427",-0.21990784286823
"chr2-1428",-0.239331533382214
"chr2-1429",-0.139294561500826
"chr2-1430",-0.228549278508633
"chr2-1431",-0.219862590474092
"chr2-1432",-0.196884612525658
"chr2-1433",-0.134873747566556
"chr2-1434",-0.234952742174951
"chr2-1435",-0.356902761952001
"chr2-1436",-0.111024076237172
"chr2-1437",-0.222626246140692
"chr2-1438",-0.347996155228812
"chr2-1439",-0.217785641580481
"chr2-1440",-0.294406926517777
"chr2-1441",-0.0991369851087844
"chr2-1442",-0.270197460089102
"chr2-1443",-0.428604412047375
"chr2-1444",-0.23849459657074
"chr2-1445",-0.278411522935166
"chr2-1446",-0.252976991263897
"chr2-1447",-0.412748134360604
"chr2-1448",-0.305433519752155
"chr2-1449",-0.375710930437392
"chr2-1450",-0.270096614102738
"chr2-1451",-0.437404990408759
"chr2-1452",-0.224144743478551
"chr2-1453",-0.169262353453475
"chr2-1454",-0.129459543876983
"chr2-1455",-0.13188955890759
"chr2-1456",-0.157825103941754
"chr2-1457",-0.18995088876479
"chr2-1458",-0.317828496664606
"chr2-1459",-0.413003754057962
"chr2-1460",-0.333633093014612
"chr2-1461",-0.293358500635077
"chr2-1462",-0.309650498231568
"chr2-1463",-0.202971741121746
"chr2-1464",-0.312062561674933
"chr2-1465",-0.304883825373805
"chr2-1466",-0.508394016022808
"chr2-1467",-0.494108158908044
"chr2-1468",-0.398425599845437
"chr2-1469",-0.262804484280535
"chr2-1470",-0.255816240587621
"chr2-1471",-0.101138116771738
"chr2-1472",-0.3389924779742
"chr2-1473",-0.345686759512639
"chr2-1474",-0.29059978271912
"chr2-1475",-0.368291555214921
"chr2-1476",-0.346295116622862
"chr2-1477",-0.347811415062098
"chr2-1478",-0.258464605026527
"chr2-1479",-0.207594774081114
"chr2-1480",-0.234840293797185
"chr2-1481",-0.150624023918368
"chr2-1482",-0.368877133394041
"chr2-1483",-0.340019496612135
"chr2-1484",-0.338977166365851
"chr2-1485",-0.144819008593352
"chr2-1486",-0.196104863444901
"chr2-1487",-0.225998698165952
"chr2-1488",-0.342784386874431
"chr2-1489",-0.320995240541811
"chr2-1490",-0.341723878279576
"chr2-1491",-0.255353426382153
"chr20-0001",-0.0911679196836596
"chr20-0002",0.188346919192676
"chr20-0003",0.133077513270178
"chr20-0004",0.08985444559565
"chr20-0005",0.046832440544069
"chr20-0006",0.0516945696424025
"chr20-0007",0.0537341609183871
"chr20-0008",-0.0733595644067687
"chr20-0009",-0.105151345900785
"chr20-0010",0.114918477437611
"chr20-0011",-0.12268087995269
"chr20-0012",-0.0578451626089084
"chr20-0013",0.0481718927949445
"chr20-0014",0.097318700141141
"chr20-0015",0.0224967506886848
"chr20-0016",0.156251816796043
"chr20-0017",0.221524623293565
"chr20-0018",0.115321664581437
"chr20-0019",0.114903468298033
"chr20-0020",-0.142383652915188
"chr20-0021",-0.0444518523165439
"chr20-0022",0.0423393214434306
"chr20-0023",0.167273683182329
"chr20-0024",-0.11459166579289
"chr20-0025",0.170092288092086
"chr20-0026",0.157146587215405
"chr20-0027",-0.251609047731743
"chr20-0028",-0.155147880054141
"chr20-0029",0.0110309239633983
"chr20-0030",0.080606988413903
"chr20-0031",-0.145464407118974
"chr20-0032",0.0681885784066241
"chr20-0033",-0.0255126608236929
"chr20-0034",0.00619232509156561
"chr20-0035",0.038380435354366
"chr20-0036",0.0159317980296799
"chr20-0037",0.0113609929435691
"chr20-0038",0.0215700917931531
"chr20-0039",-0.0340237832257664
"chr20-0040",0.254032836841823
"chr20-0041",0.0902384443313372
"chr20-0042",0.00780123243436266
"chr20-0043",0.035952191816998
"chr20-0044",0.0911602755495679
"chr20-0045",0.0809338002147896
"chr20-0046",0.0491383363258996
"chr20-0047",0.140426957736428
"chr20-0048",-0.046855332216512
"chr20-0049",0.0970763558923698
"chr20-0050",0.0945472925418116
"chr20-0051",0.108182838869342
"chr20-0052",0.00122846392183681
"chr20-0053",0.0661857423178041
"chr20-0054",0.14019277911351
"chr20-0055",-0.017804057188426
"chr20-0056",-0.0118421298661558
"chr20-0057",0.150714728090291
"chr20-0058",-0.123209295845928
"chr20-0059",-0.0415830894934731
"chr20-0060",0.103401583732466
"chr20-0061",0.227044109039851
"chr20-0062",-0.014837665230974
"chr20-0063",0.229735361850069
"chr20-0064",-0.0760763890256314
"chr20-0065",-0.0894527182557072
"chr20-0066",0.124957140576453
"chr20-0067",0.0886145167701009
"chr20-0068",0.00405384055167958
"chr20-0069",0.103861959778125
"chr20-0070",0.103104588344232
"chr20-0071",0.119635443773008
"chr20-0072",0.0915141217498855
"chr20-0073",0.299466828587529
"chr20-0074",0.262259217452817
"chr20-0075",0.0270212781841367
"chr20-0076",0.221884790746362
"chr20-0077",0.212766935692239
"chr20-0078",0.223894718895861
"chr20-0079",0.166311573075311
"chr20-0080",0.0732486082316307
"chr20-0081",-0.068697730825127
"chr20-0082",0.162452882754626
"chr20-0083",0.0769397695654651
"chr20-0084",0.204891659616761
"chr20-0085",0.117016850421295
"chr20-0086",0.245933810245652
"chr20-0087",0.26908036521662
"chr20-0088",0.25835876413839
"chr20-0089",0.162770096950721
"chr20-0090",0.137086104799571
"chr20-0091",0.272924961799961
"chr20-0092",0.225041708518621
"chr20-0093",0.0389992921056691
"chr20-0094",0.222439192461621
"chr20-0095",0.117052647097421
"chr20-0096",0.0501141758886423
"chr20-0097",0.153329334917728
"chr20-0098",0.0693267037987351
"chr20-0099",0.163060604448138
"chr20-0100",0.129198348853649
"chr20-0101",0.308962407839616
"chr20-0102",0.0724255030636166
"chr20-0103",0.271285534920468
"chr20-0104",0.310303665980998
"chr20-0105",0.18267382322818
"chr20-0106",0.0849437153345816
"chr20-0107",0.109182344800709
"chr20-0108",0.172434586498351
"chr20-0109",0.212417111922518
"chr20-0110",0.257915370109366
"chr20-0111",0.052209318676924
"chr20-0112",0.126624683955919
"chr20-0113",0.15258720456475
"chr20-0114",0.0945823504848412
"chr20-0115",0.0426960405719629
"chr20-0116",0.207878094596713
"chr20-0117",0.142941567717966
"chr20-0118",0.253389899842588
"chr20-0119",0.159299100203782
"chr20-0120",0.207156642080367
"chr20-0121",0.0378727693326273
"chr20-0122",0.101238114652739
"chr20-0123",0.143474735939013
"chr20-0124",0.107423085553168
"chr20-0125",0.145666135423687
"chr20-0126",0.0850193809967725
"chr20-0127",0.0201355320242607
"chr20-0128",0.0621356264747878
"chr20-0129",0.0150635096976487
"chr20-0130",-0.0165392263670041
"chr20-0131",0.199745387721932
"chr20-0132",0.185988673121674
"chr20-0133",0.204390667748483
"chr20-0134",0.182414151828245
"chr20-0135",0.139939596400205
"chr20-0136",-0.0657554010133576
"chr20-0137",0.156790558123051
"chr20-0138",0.228693872066288
"chr20-0139",0.148076675539461
"chr20-0140",-0.0170913927388677
"chr20-0141",0.028627872851588
"chr20-0142",0.20839876010289
"chr20-0143",0.392278525881058
"chr20-0144",0.213258088928146
"chr20-0145",0.0689857616143018
"chr20-0146",-0.154241638322474
"chr20-0147",0.113547546352676
"chr20-0148",0.283631339351876
"chr20-0149",0.187972800601674
"chr20-0150",0.133887518955433
"chr20-0151",0.103493695130608
"chr20-0152",0.000361935031477435
"chr20-0153",-0.0928397424122014
"chr20-0154",0.0911746790140222
"chr20-0155",0.142876747971202
"chr20-0156",0.116991601536658
"chr20-0157",0.219563116516342
"chr20-0158",0.0742396616863566
"chr20-0159",0.166416467393206
"chr20-0160",0.0279378446310975
"chr20-0161",0.285576975407104
"chr20-0162",0.0970300642030085
"chr20-0163",0.0463290933453341
"chr20-0164",0.084305243197098
"chr20-0165",0.118126512518348
"chr20-0166",0.101743857292679
"chr20-0167",0.168847445822741
"chr20-0168",0.138487861786515
"chr20-0169",0.246526280271765
"chr20-0170",0.0618745737772475
"chr20-0171",0.0354459253381491
"chr20-0172",0.199068492083726
"chr20-0173",0.185005049931257
"chr20-0174",0.0843439765463438
"chr20-0175",0.0472256217003193
"chr20-0176",0.136573059275041
"chr20-0177",0.188204294322872
"chr20-0178",0.21771626314164
"chr20-0179",-0.00787056440065725
"chr20-0180",0.0233338547816195
"chr20-0181",-0.36055975463613
"chr20-0182",-0.209448458513339
"chr20-0183",0.00848410091785345
"chr20-0184",0.0764308708146512
"chr20-0185",0.110435709567901
"chr20-0186",0.120225508243029
"chr20-0187",0.0783945811484737
"chr20-0188",0.0419972088940106
"chr20-0189",0.0610498620813697
"chr20-0190",0.0349321071295921
"chr20-0191",-0.135860807751387
"chr20-0192",0.0910290296779752
"chr20-0193",0.152592566278655
"chr20-0194",0.0178465469825723
"chr20-0195",0.14725118645092
"chr20-0196",0.108429671985467
"chr20-0197",0.0907985011389127
"chr20-0198",0.0661215699243947
"chr20-0199",-0.135925854840806
"chr20-0200",0.0576222644451678
"chr20-0201",0.12476817458254
"chr20-0202",-0.0430496902259073
"chr20-0203",-0.0973461718405523
"chr20-0204",-0.073056654105037
"chr20-0205",0.0579493454903743
"chr20-0206",-0.0476706338449907
"chr20-0207",-0.029340695710821
"chr20-0208",-0.0824655293780834
"chr20-0209",0.0830115339927047
"chr20-0210",0.0521507473683412
"chr20-0211",0.0987545916753141
"chr20-0212",0.134808953084947
"chr20-0213",0.107179914566397
"chr20-0214",0.100551704622596
"chr20-0215",-0.0247043560935503
"chr20-0216",0.104196754882478
"chr20-0217",0.049565014235908
"chr20-0218",0.0289886533761301
"chr20-0219",-0.0367350994862027
"chr20-0220",-0.0106509239152166
"chr20-0221",-0.00325444107753772
"chr20-0222",0.0950939400404713
"chr20-0223",0.0783370211299149
"chr20-0224",0.092882616404693
"chr20-0225",0.00282872162736612
"chr20-0226",0.0225306721091565
"chr20-0227",0.0805191251665228
"chr20-0228",-0.117972479065947
"chr20-0229",-0.13306476558957
"chr20-0230",0.0853771412867538
"chr20-0231",0.129861381958425
"chr20-0232",0.00197505301420989
"chr20-0233",-0.0833613160877036
"chr20-0234",0.0961094120862445
"chr20-0235",0.234512887738664
"chr20-0236",0.141409017471049
"chr20-0237",0.139268045902433
"chr20-0238",-0.0958903951030189
"chr20-0239",-0.0613484026390798
"chr20-0240",0.0953510098600563
"chr20-0241",0.0251962004955783
"chr20-0242",-0.0255017001136732
"chr20-0243",-0.0883146945426325
"chr20-0244",0.107357325647347
"chr20-0245",0.138959690526009
"chr20-0246",0.0183677337229502
"chr20-0247",0.124252864046449
"chr20-0248",0.0641995432608255
"chr20-0249",0.0618441927018106
"chr20-0250",0.0491545700205033
"chr20-0251",0.177917549122729
"chr20-0252",0.171776146421938
"chr20-0253",-0.112690739325587
"chr20-0254",0.267628783478332
"chr20-0255",0.0881262635897036
"chr20-0256",-0.0966589890866037
"chr20-0257",0.142620202324788
"chr20-0258",-0.0189217343183725
"chr20-0259",0.160476314236657
"chr20-0260",-0.0977912175971426
"chr20-0261",0.127592857131256
"chr20-0262",0.243850430675135
"chr20-0263",0.154917605209047
"chr20-0264",0.103087036053142
"chr20-0265",0.179426514468139
"chr20-0266",0.0557518632380933
"chr20-0267",0.0122843467003304
"chr20-0268",-0.138267623674617
"chr20-0269",-0.0305876770160289
"chr20-0270",0.076469522597974
"chr20-0271",0.021025890302334
"chr20-0272",-0.0114218863624219
"chr20-0273",0.112681900071591
"chr20-0274",0.180894247276687
"chr20-0275",0.143431171478336
"chr20-0276",0.22965798224694
"chr20-0277",0.102560219487089
"chr20-0278",0.0347137841199822
"chr20-0279",0.155685719162733
"chr20-0280",0.052082458835501
"chr20-0281",-0.00117843372568464
"chr20-0282",0.116955118894112
"chr20-0283",0.188951529059037
"chr20-0284",0.145336487685394
"chr20-0285",0.0677507132989145
"chr20-0286",0.277482877647218
"chr20-0287",0.0940023934587223
"chr20-0288",0.0148202650933786
"chr20-0289",0.0159601952063675
"chr20-0290",0.048265061490841
"chr20-0291",-0.0920018885753487
"chr20-0292",0.0958011003387478
"chr20-0293",0.11523158528683
"chr20-0294",-0.00803928698894951
"chr20-0295",-0.0145332153063997
"chr20-0296",0.131470445131398
"chr20-0297",0.129131523047873
"chr20-0298",0.148294290831001
"chr20-0299",0.222231712125838
"chr20-0300",0.0815460256012752
"chr20-0301",0.123669851165981
"chr20-0302",-0.052714663852184
"chr20-0303",-0.049740013759551
"chr20-0304",-0.0885791891753203
"chr20-0305",0.0263387958793092
"chr20-0306",0.0817231591285401
"chr20-0307",0.0172507340532103
"chr20-0308",0.0950046936262579
"chr20-0309",0.0928923892080621
"chr20-0310",0.18752517001411
"chr20-0311",0.166005148459809
"chr20-0312",0.0342200172285028
"chr20-0313",-0.172312449082531
"chr20-0314",0.050372721986783
"chr20-0315",0.108788487747775
"chr20-0316",0.0984453271546658
"chr20-0317",0.00965941530792837
"chr20-0318",-0.298044960130944
"chr20-0319",-0.259843250869341
"chr20-0320",-0.277858545566599
"chr20-0321",0.170005396668825
"chr20-0322",0.0531370007130237
"chr20-0323",0.0241982643221072
"chr20-0324",-0.0478969003431667
"chr20-0325",-0.0466307527337908
"chr20-0326",0.0163452108735302
"chr20-0327",-0.0966489138491745
"chr20-0328",-0.0743317604907767
"chr20-0329",0.192661184252344
"chr20-0330",-0.0202281987542714
"chr20-0331",0.0223759076420205
"chr20-0332",0.0694741463717641
"chr20-0333",0.0744150403331227
"chr20-0334",0.114305824413143
"chr20-0335",0.208640686787662
"chr20-0336",0.105379039559539
"chr20-0337",0.0760648631424494
"chr20-0338",0.359116025528398
"chr20-0339",0.222690489403227
"chr20-0340",-0.170560320345758
"chr20-0341",0.0847082684534912
"chr20-0342",0.171558456656793
"chr20-0343",0.158221008536567
"chr20-0344",0.108435376525958
"chr20-0345",0.213975058998666
"chr20-0346",0.108450970746158
"chr20-0347",0.199346213653943
"chr20-0348",0.0998261110973991
"chr20-0349",0.166941847367359
"chr20-0350",0.08494317340775
"chr20-0351",0.114743153214527
"chr20-0352",0.196841227322446
"chr20-0353",0.0249289815133839
"chr20-0354",0.0682687834597729
"chr20-0355",0.130810660546232
"chr20-0356",0.0561204061957325
"chr20-0357",0.0436386245309478
"chr20-0358",0.221664571332219
"chr20-0359",0.0471903319380766
"chr20-0360",0.105849241846938
"chr20-0361",0.188555123359781
"chr20-0362",0.129388323645278
"chr20-0363",0.121835362243776
"chr20-0364",0.115394341577213
"chr20-0365",0.0800037227551155
"chr20-0366",0.156871702249113
"chr20-0367",-0.126625790069706
"chr20-0368",0.062935135010798
"chr20-0369",0.153365325040466
"chr20-0370",0.0508220202198313
"chr20-0371",0.138581759812461
"chr20-0372",0.129599264148137
"chr20-0373",0.0690826525241837
"chr20-0374",0.214045216690728
"chr20-0375",0.281466514838426
"chr20-0376",0.146165388494302
"chr20-0377",0.128986951128691
"chr20-0378",0.102742138143052
"chr20-0379",0.0308506229608788
"chr20-0380",0.12583633518596
"chr20-0381",-0.0142456986402201
"chr20-0382",-0.0231389288065688
"chr20-0383",0.159401460036456
"chr20-0384",0.068003687296557
"chr20-0385",-0.024549141241446
"chr20-0386",-0.0381024163120864
"chr20-0387",0.110067584918397
"chr20-0388",0.122637493312939
"chr20-0389",0.115021060390085
"chr20-0390",-0.121398856954351
"chr20-0391",0.159517449998662
"chr20-0392",-0.116537607330238
"chr20-0393",0.135527177518435
"chr20-0394",0.0923232887962502
"chr20-0395",0.185750700091451
"chr20-0396",-0.125574732994355
"chr20-0397",0.0554353755590627
"chr20-0398",0.155091903008648
"chr20-0399",0.107507859891826
"chr20-0400",0.0555455850502042
"chr20-0401",0.297670882216432
"chr20-0402",0.12741777294679
"chr20-0403",0.121479258525585
"chr20-0404",0.16413421075961
"chr20-0405",0.259423750767491
"chr20-0406",0.129631838480902
"chr20-0407",0.105241231633857
"chr20-0408",0.0461960083182166
"chr20-0409",0.153225354964573
"chr20-0410",0.216103288070692
"chr20-0411",0.048048975885624
"chr20-0412",-0.0117925199318797
"chr20-0413",-0.0546620268864666
"chr20-0414",0.0961669418856628
"chr20-0415",0.108662392132217
"chr20-0416",0.103517113891568
"chr20-0417",-0.0539188307100393
"chr20-0418",-0.0328450125154955
"chr20-0419",-0.196416264766668
"chr20-0420",-0.0655926963343094
"chr20-0421",-0.000823936225767144
"chr20-0422",0.0607256254210335
"chr20-0423",0.0299476681863339
"chr20-0424",0.0258122133759121
"chr20-0425",-0.150924694096797
"chr20-0426",0.0758437441455782
"chr20-0427",0.154642228098973
"chr20-0428",0.0178260258938926
"chr20-0429",0.0433738130463607
"chr20-0430",0.131294501395522
"chr20-0431",0.211000439445283
"chr20-0432",0.0225316971696252
"chr20-0433",-0.0830291328038482
"chr20-0434",0.081064647798777
"chr20-0435",-0.0861996098408917
"chr20-0436",0.0991862930958933
"chr20-0437",0.0682221667105528
"chr20-0438",0.200158746515857
"chr20-0439",0.235385948948384
"chr20-0440",0.29606179234871
"chr20-0441",0.132225629671619
"chr20-0442",0.123702096372447
"chr20-0443",0.217729276163278
"chr20-0444",0.230760588993353
"chr20-0445",0.0521287250335787
"chr20-0446",0.0612703374886684
"chr20-0447",0.250564208972289
"chr20-0448",0.162328954034441
"chr20-0449",0.168694420873672
"chr20-0450",0.0781002161459053
"chr20-0451",-0.103496472942482
"chr20-0452",-0.00465201664844731
"chr20-0453",-0.0511422786720864
"chr20-0454",0.0694281549272313
"chr20-0455",0.154374924712954
"chr20-0456",0.0198120410435308
"chr20-0457",0.0557511161549496
"chr20-0458",-0.0514387435146361
"chr20-0459",0.179163351521236
"chr20-0460",0.26653689916783
"chr20-0461",0.0829540685515208
"chr20-0462",-0.0325408112188558
"chr20-0463",-0.0302516152286643
"chr20-0464",-0.00787413032900388
"chr20-0465",0.300706913144077
"chr20-0466",0.183531191169788
"chr20-0467",0.00249511689441114
"chr20-0468",0.358873569447662
"chr20-0469",0.287676153875845
"chr20-0470",0.311837087331731
"chr20-0471",0.193256672017544
"chr20-0472",0.233572250328321
"chr20-0473",0.304142871907535
"chr20-0474",0.217936408597676
"chr20-0475",0.357070590825887
"chr20-0476",0.307416456038575
"chr20-0477",0.110314120377659
"chr20-0478",0.104733701297861
"chr20-0479",0.222868177826377
"chr20-0480",0.175025106324778
"chr20-0481",0.202373395630905
"chr20-0482",0.139002774585704
"chr20-0483",0.0395248976752656
"chr20-0484",-0.282974525020109
"chr20-0485",-0.343001618230642
"chr20-0486",-0.315368090455115
"chr20-0487",-0.271658938205194
"chr20-0488",-0.277461813732354
"chr20-0489",-0.425414241305012
"chr20-0490",-0.485535260204661
"chr20-0491",-0.409357169086667
"chr20-0492",-0.353181456019169
"chr20-0493",-0.435466134402609
"chr20-0494",-0.403751711353176
"chr20-0495",-0.403934264786787
"chr20-0496",-0.311075916079832
"chr20-0497",-0.269982161871369
"chr20-0498",0.131680621454482
"chr20-0499",0.0769689273599957
"chr20-0500",0.0472044415312838
"chr20-0501",0.00884198799857569
"chr20-0502",-0.202758356305236
"chr20-0503",-0.373197025916338
"chr20-0504",-0.472703861821809
"chr20-0505",-0.19247596381101
"chr21-0001",0.0602021438781357
"chr21-0002",0.155433460911645
"chr21-0003",0.122901973475995
"chr21-0004",0.0895837397177965
"chr21-0005",0.106988538004604
"chr21-0006",0.0237914020559602
"chr21-0007",0.034989090255697
"chr21-0008",0.0363860107551157
"chr21-0009",-0.0519021033985951
"chr21-0010",-0.0884730309747092
"chr21-0011",0.107404292932406
"chr21-0012",0.0790565036526255
"chr21-0013",0.175017035506227
"chr21-0014",0.200056476215963
"chr21-0015",0.161455215814383
"chr21-0016",0.166593739489371
"chr21-0017",0.0209791828339818
"chr21-0018",0.290489916816139
"chr21-0019",0.185494372486002
"chr21-0020",0.0529606248650529
"chr21-0021",-0.00555629819521056
"chr21-0022",0.215343075006236
"chr21-0023",0.413492325845678
"chr21-0024",0.370784788076099
"chr21-0025",0.161923870379461
"chr21-0026",0.175406247019776
"chr21-0027",0.106437651143582
"chr21-0028",0.0211379956784292
"chr21-0029",0.276656625206407
"chr21-0030",0.0503274488944961
"chr21-0031",0.110271163321876
"chr21-0032",0.147039086090474
"chr21-0033",0.105863487683563
"chr21-0034",-0.0427744484615873
"chr21-0035",0.0770948130226379
"chr21-0036",0.189077649376391
"chr21-0037",0.0595016055389302
"chr21-0038",0.306389397164237
"chr21-0039",0.0923805552060759
"chr21-0040",0.130701723915469
"chr21-0041",0.176517776094836
"chr21-0042",0.183757460834585
"chr21-0043",0.159462704985317
"chr21-0044",0.175284281941768
"chr21-0045",0.340654925743226
"chr21-0046",0.398142008155027
"chr21-0047",0.242669104669597
"chr21-0048",0.265828209228758
"chr21-0049",0.291046452156886
"chr21-0050",0.210724772431549
"chr21-0051",0.198746828105244
"chr21-0052",0.258228760330221
"chr21-0053",0.0804027023864369
"chr21-0054",0.193648186262874
"chr21-0055",0.124644375326589
"chr21-0056",0.20447568800855
"chr21-0057",0.0342640776834768
"chr21-0058",0.245967175161938
"chr21-0059",-0.00641266803039895
"chr21-0060",0.125387207754167
"chr21-0061",-0.19087923734119
"chr21-0062",-0.247802693253103
"chr21-0063",0.00709177149113669
"chr21-0064",-0.301223103652995
"chr21-0065",-0.122294699340796
"chr21-0066",-0.224301356549662
"chr21-0067",-0.0647505489473126
"chr21-0068",0.060681894433492
"chr21-0069",6.68443320161827e-05
"chr21-0070",0.0646965432152084
"chr21-0071",0.185206970788219
"chr21-0072",0.0393267676077232
"chr21-0073",-0.0155532379754213
"chr21-0074",-0.0306889094942617
"chr21-0075",0.0904196862711105
"chr21-0076",0.2523946781269
"chr21-0077",0.25387323491679
"chr21-0078",0.169864573220652
"chr21-0079",0.11784313366097
"chr21-0080",0.219794417394801
"chr21-0081",-0.00112037767922747
"chr21-0082",0.129906363064954
"chr21-0083",0.0117771111605429
"chr21-0084",0.0222232380585761
"chr21-0085",-0.0242452363862673
"chr21-0086",0.0542047779362682
"chr21-0087",0.103271653990794
"chr21-0088",0.0977193070353381
"chr21-0089",0.0383627936632457
"chr21-0090",0.263789209148651
"chr21-0091",0.237097231748449
"chr21-0092",0.0816688197083906
"chr21-0093",0.137197065006624
"chr21-0094",0.0552895914806974
"chr21-0095",0.234946137757194
"chr21-0096",0.154816695000899
"chr21-0097",0.0972851070478279
"chr21-0098",0.105265834556777
"chr21-0099",-0.0430567847381335
"chr21-0100",0.351251408116067
"chr21-0101",0.175414138955077
"chr21-0102",0.0553261449053867
"chr21-0103",0.155060704478708
"chr21-0104",0.117265844841376
"chr21-0105",0.1617042889043
"chr21-0106",0.150835405032609
"chr21-0107",0.254528410528271
"chr21-0108",0.2479310806139
"chr21-0109",0.131876916051036
"chr21-0110",0.144093619771443
"chr21-0111",0.135545617645318
"chr21-0112",0.0840917716161093
"chr21-0113",0.127371993266141
"chr21-0114",0.000919145931862756
"chr21-0115",0.113924600379625
"chr21-0116",0.106145646317675
"chr21-0117",0.0107154360609811
"chr21-0118",0.0527432209420116
"chr21-0119",0.184468640609807
"chr21-0120",0.0940590190005706
"chr21-0121",-0.00345476285178337
"chr21-0122",0.123447817625897
"chr21-0123",0.080875370872385
"chr21-0124",0.0600008458976147
"chr21-0125",0.157291273361916
"chr21-0126",0.122644305421981
"chr21-0127",0.0890581353486828
"chr21-0128",0.213740877243075
"chr21-0129",0.0867460461605855
"chr21-0130",0.066820852118361
"chr21-0131",-0.0762717814883877
"chr21-0132",0.230348370969677
"chr21-0133",0.116762612978604
"chr21-0134",0.226343736745962
"chr21-0135",0.17699274618847
"chr21-0136",0.0257688657755176
"chr21-0137",0.256839813027507
"chr21-0138",0.235400678059764
"chr21-0139",0.27198459977076
"chr21-0140",0.363854432815247
"chr21-0141",0.253992466163451
"chr21-0142",0.263568801911516
"chr21-0143",0.303242607124038
"chr21-0144",0.110167563333227
"chr21-0145",0.144212346148007
"chr21-0146",0.203508037619028
"chr21-0147",0.136018321750188
"chr21-0148",0.0623496400686195
"chr21-0149",0.135095940274543
"chr21-0150",0.360272276719139
"chr21-0151",-0.110894384275359
"chr21-0152",0.0673879949833884
"chr21-0153",0.0876667052495272
"chr21-0154",0.0289600578404376
"chr21-0155",0.141280307221392
"chr21-0156",0.0789344393453696
"chr21-0157",0.0526698186857331
"chr21-0158",-0.00472071095006859
"chr21-0159",0.0208250062517671
"chr21-0160",0.00520189404471941
"chr21-0161",0.0888409264558654
"chr21-0162",0.0043063695290247
"chr21-0163",0.135998767854066
"chr21-0164",0.193414683477597
"chr21-0165",0.114678739257954
"chr21-0166",0.157127786987754
"chr21-0167",0.0755894785661236
"chr21-0168",0.0527687876454418
"chr21-0169",0.0749892129231636
"chr21-0170",-0.00891501939859378
"chr21-0171",0.0389360118391269
"chr21-0172",-0.00310479069231536
"chr21-0173",0.0675591445986781
"chr21-0174",0.048984663871656
"chr21-0175",0.158794045821396
"chr21-0176",-0.00331129339457149
"chr21-0177",0.121138670775397
"chr21-0178",0.0651616900332869
"chr21-0179",0.0988192369071452
"chr21-0180",0.0867323391213024
"chr21-0181",0.0794839693964454
"chr21-0182",0.143634164879245
"chr21-0183",0.0975997406188679
"chr21-0184",0.0794459377308148
"chr21-0185",0.0570333199717617
"chr21-0186",0.101768662851693
"chr21-0187",0.0615988303795005
"chr21-0188",0.124088585414399
"chr21-0189",0.0592776418223549
"chr21-0190",0.197798598385219
"chr21-0191",0.171670367103822
"chr21-0192",0.142168105687967
"chr21-0193",0.0500520013135405
"chr21-0194",0.0768310388517753
"chr21-0195",-0.0193000268802147
"chr21-0196",-0.03234251853991
"chr21-0197",-0.0488685096997048
"chr21-0198",0.0260983011355395
"chr21-0199",-0.07094661179838
"chr21-0200",0.102966800814355
"chr21-0201",0.203136314257919
"chr21-0202",0.0942817518441953
"chr21-0203",0.15033935298454
"chr21-0204",0.313805155723402
"chr21-0205",0.203862064203178
"chr21-0206",0.120435884366216
"chr21-0207",0.13961161975426
"chr21-0208",0.117418232738199
"chr21-0209",0.090200299367148
"chr21-0210",0.0633123764444113
"chr21-0211",0.0507248279728595
"chr21-0212",0.0330257094429397
"chr21-0213",0.0357855101743476
"chr21-0214",0.0880854243638971
"chr21-0215",0.141896142904867
"chr21-0216",0.152253356992373
"chr21-0217",0.237608685012715
"chr21-0218",0.0965770556074437
"chr21-0219",0.145700289629599
"chr21-0220",0.105656663145503
"chr21-0221",0.135013446054846
"chr21-0222",0.107608363268826
"chr21-0223",0.0495918995805784
"chr21-0224",0.182561482398678
"chr21-0225",0.128331209052896
"chr22-0001",0.169548274500537
"chr22-0002",0.109751169630607
"chr22-0003",-0.108021923445345
"chr22-0004",-0.227602556395399
"chr22-0005",-0.260409517394252
"chr22-0006",-0.0315800672258115
"chr22-0007",-0.0847853703728891
"chr22-0008",-0.344109624633087
"chr22-0009",-0.302523387583243
"chr22-0010",-0.324952275531112
"chr22-0011",-0.0885653969458133
"chr22-0012",-0.160648275004255
"chr22-0013",-0.0517902934691309
"chr22-0014",0.0366174514754332
"chr22-0015",0.0411334047865629
"chr22-0016",-0.210741857897999
"chr22-0017",-0.109878956995475
"chr22-0018",-0.209006570487071
"chr22-0019",0.00995634415196049
"chr22-0020",-0.0843185554536248
"chr22-0021",-0.231345843456471
"chr22-0022",-0.08052340600206
"chr22-0023",-0.0772967636915147
"chr22-0024",-0.22716598030771
"chr22-0025",-0.163585303376692
"chr22-0026",-0.037590117020226
"chr22-0027",-0.035999442083094
"chr22-0028",-0.325238971779491
"chr22-0029",-0.0432508367758783
"chr22-0030",-0.132433619563031
"chr22-0031",-0.102898166396113
"chr22-0032",-0.04790167425779
"chr22-0033",0.00292541853234896
"chr22-0034",-0.0930039927721538
"chr22-0035",0.00186829273230273
"chr22-0036",-0.146535065935766
"chr22-0037",-0.0585288715903103
"chr22-0038",0.0573489955206273
"chr22-0039",-0.0286043275944826
"chr22-0040",-0.101440764755569
"chr22-0041",-0.0908899282928051
"chr22-0042",-0.121768804634493
"chr22-0043",-0.170913454892794
"chr22-0044",-0.24786948512274
"chr22-0045",-0.0608463744074908
"chr22-0046",-0.102753326690182
"chr22-0047",-0.114947667613985
"chr22-0048",-0.239080268173344
"chr22-0049",0.037441019166448
"chr22-0050",-0.108471115039985
"chr22-0051",-0.189520536457669
"chr22-0052",-0.150330477380575
"chr22-0053",-0.149346017380348
"chr22-0054",-0.229312608552415
"chr22-0055",-0.0551844887331498
"chr22-0056",-0.137663396689032
"chr22-0057",-0.0844617312227953
"chr22-0058",-0.314414755204978
"chr22-0059",-0.41806039229303
"chr22-0060",-0.0895714643565796
"chr22-0061",-0.205560017641563
"chr22-0062",-0.296090496276748
"chr22-0063",-0.22325501420373
"chr22-0064",-0.0658633940023531
"chr22-0065",-0.143874329673537
"chr22-0066",-0.251006311897138
"chr22-0067",-0.164372150793146
"chr22-0068",-0.0830785038453132
"chr22-0069",-0.0480716282129727
"chr22-0070",-0.0301831205658703
"chr22-0071",-0.0187686282343793
"chr22-0072",-0.0987168043186805
"chr22-0073",-0.112694239014294
"chr22-0074",-0.152457541579129
"chr22-0075",-0.252415116344927
"chr22-0076",-0.133433925242725
"chr22-0077",-0.141192705915108
"chr22-0078",-0.0946612602315034
"chr22-0079",-0.0581365332796013
"chr22-0080",0.134238127022298
"chr22-0081",-0.0404092254196354
"chr22-0082",-0.00737481003517113
"chr22-0083",0.0522776146356841
"chr22-0084",-0.0676356671469217
"chr22-0085",-0.117910592394939
"chr22-0086",-0.0196496633609182
"chr22-0087",-0.163032605146932
"chr22-0088",-0.063214139067283
"chr22-0089",0.0382246481377937
"chr22-0090",-0.251902682299974
"chr22-0091",-0.186914668710557
"chr22-0092",-0.0763882044531954
"chr22-0093",-0.0746670240482124
"chr22-0094",-0.222154641972934
"chr22-0095",-0.247507642029001
"chr22-0096",-0.0819209777615874
"chr22-0097",-0.0682887706649715
"chr22-0098",-0.156094889279746
"chr22-0099",-0.139938605743706
"chr22-0100",0.0291626258065139
"chr22-0101",-0.20858575349504
"chr22-0102",-0.233405616775252
"chr22-0103",-0.229591916100571
"chr22-0104",-0.478156691335898
"chr22-0105",-0.00326695468713089
"chr22-0106",-0.0304037721975756
"chr22-0107",-0.0696128062644908
"chr22-0108",-0.168427999313295
"chr22-0109",-0.186679312994728
"chr22-0110",-0.306937979833563
"chr22-0111",-0.125813978310414
"chr22-0112",-0.0237754671184553
"chr22-0113",-0.140228865080579
"chr22-0114",-0.168919840254663
"chr22-0115",0.0120475478446733
"chr22-0116",-0.162056671458067
"chr22-0117",0.0327587649839847
"chr22-0118",0.10172961448244
"chr22-0119",-0.0598856097832413
"chr22-0120",-0.0625081082315691
"chr22-0121",-0.0737120918535909
"chr22-0122",-0.0311488455724434
"chr22-0123",-0.034610774901527
"chr22-0124",-0.0710187679979737
"chr22-0125",-0.198540692038828
"chr22-0126",-0.130569221224613
"chr22-0127",0.0202646496974834
"chr22-0128",-0.0932117393513311
"chr22-0129",-0.290726111761631
"chr22-0130",-0.188537022411802
"chr22-0131",-0.122655107313639
"chr22-0132",-0.130495381282016
"chr22-0133",-0.0515254072387867
"chr22-0134",-0.21202591658503
"chr22-0135",-0.171475121527009
"chr22-0136",-0.128845908859012
"chr22-0137",-0.0596944231418739
"chr22-0138",-0.00600999053025615
"chr22-0139",-0.0533135806471889
"chr22-0140",-0.190754142634322
"chr22-0141",-0.112859974215927
"chr22-0142",-0.103797049880344
"chr22-0143",-0.123708522518588
"chr22-0144",-0.070321215779128
"chr22-0145",-0.0961396498212567
"chr22-0146",-0.0761721267738995
"chr22-0147",-0.0156359154028996
"chr22-0148",-0.0979508110971942
"chr22-0149",-0.0641891446359026
"chr22-0150",-0.12941263111836
"chr22-0151",-0.129397624157954
"chr22-0152",-0.0981023089189814
"chr22-0153",-0.0836018933654983
"chr22-0154",-0.0285061402952937
"chr22-0155",-0.0166477464004245
"chr22-0156",-0.0871268893306843
"chr22-0157",-0.260229709877292
"chr22-0158",-0.34325819237228
"chr22-0159",-0.212436768959978
"chr22-0160",-0.239907260356216
"chr22-0161",-0.0406419175205217
"chr22-0162",-0.0761863506482551
"chr22-0163",-0.190243991115612
"chr22-0164",-0.0779531475810123
"chr22-0165",-0.188256314180589
"chr22-0166",-0.0478187037070202
"chr22-0167",-0.165623349532831
"chr22-0168",-0.272926596230926
"chr22-0169",-0.362785392999213
"chr22-0170",-0.270434123450643
"chr22-0171",-0.196844195191304
"chr22-0172",-0.252591804012823
"chr22-0173",0.0478568235458927
"chr22-0174",-0.0230489981344643
"chr22-0175",-0.344564310822396
"chr22-0176",-0.422180387163271
"chr22-0177",-0.0628409489268291
"chr22-0178",-0.109893270914761
"chr22-0179",-0.0251729975089976
"chr22-0180",-0.04988657849113
"chr22-0181",0.0869063778385657
"chr22-0182",-0.153331191181996
"chr22-0183",-0.0873191181517029
"chr22-0184",-0.0696206716742338
"chr22-0185",-0.130702024259114
"chr22-0186",-0.107385657433557
"chr22-0187",0.118321568279781
"chr22-0188",-0.090594395812576
"chr22-0189",0.00130124579826351
"chr22-0190",-0.221876728363112
"chr22-0191",-0.0167907426852018
"chr22-0192",-0.237205910576681
"chr22-0193",-0.0673435520947776
"chr22-0194",-0.0992621515186636
"chr22-0195",-0.0886942878911416
"chr22-0196",-0.0767797709790866
"chr22-0197",-0.110509099828065
"chr22-0198",-0.119453317650417
"chr22-0199",-0.242846083762947
"chr22-0200",-0.0769953481182797
"chr22-0201",-0.152998326882005
"chr22-0202",-0.0692908293298931
"chr22-0203",0.00356714296716936
"chr22-0204",-0.0605403051854903
"chr22-0205",-0.0350076254666211
"chr22-0206",-0.102931045669002
"chr22-0207",-0.00228997066691348
"chr22-0208",-0.120431170571666
"chr22-0209",-0.0218398737354186
"chr22-0210",-0.141363234222275
"chr22-0211",0.0435730996217281
"chr22-0212",0.0483994171203717
"chr22-0213",0.0982247053544057
"chr22-0214",-0.0522651467041703
"chr22-0215",-0.0888615121510763
"chr22-0216",-0.11969208961799
"chr22-0217",-0.0807616210119611
"chr22-0218",0.0861450576501868
"chr22-0219",-0.310227642548203
"chr22-0220",-0.0389744158813939
"chr22-0221",-0.156705709111474
"chr22-0222",-0.193144327777991
"chr22-0223",-0.156522705630408
"chr22-0224",-0.0265433782677361
"chr22-0225",-0.12211582060923
"chr22-0226",-0.0846510936484609
"chr22-0227",-0.142045908974698
"chr22-0228",-0.0632814259425389
"chr22-0229",-0.0529361458355537
"chr22-0230",-0.204269872068596
"chr22-0231",-0.276438841964571
"chr22-0232",-0.300431007031885
"chr22-0233",-0.0970874675068811
"chr22-0234",0.103454567654468
"chr22-0235",-0.0453697722060288
"chr22-0236",-0.101927976150922
"chr22-0237",-0.105498581755534
"chr22-0238",-0.141820404542165
"chr22-0239",-0.179630597473911
"chr22-0240",-0.0321153284948285
"chr22-0241",-0.203913074667541
"chr22-0242",-0.333106333901232
"chr22-0243",-0.172567469125463
"chr22-0244",-0.111335989753276
"chr22-0245",-0.112889264032023
"chr22-0246",0.00951780944866533
"chr22-0247",0.0166723455915382
"chr22-0248",-0.0630678950263116
"chr22-0249",-0.073763369810558
"chr22-0250",-0.374050744425702
"chr22-0251",-0.0935868174337092
"chr22-0252",-0.17021437738287
"chr22-0253",-0.0873215589945334
"chr22-0254",-0.0148296441326495
"chr22-0255",-0.0464829317471545
"chr22-0256",-0.102370133725262
"chr22-0257",-0.0644120000305823
"chr22-0258",-0.0803941361096035
"chr22-0259",-0.218769573879574
"chr22-0260",-0.205542050876861
"chr22-0261",-0.0551236252709114
"chr22-0262",-0.0785555031764764
"chr22-0263",0.00126947145991045
"chr22-0264",-0.133291918230999
"chr22-0265",-0.0447083831811633
"chr22-0266",0.100645338166115
"chr22-0267",-0.0793466663051884
"chr22-0268",-0.246946966154277
"chr22-0269",-0.0580987104880735
"chr22-0270",-0.101391308716522
"chr22-0271",0.0280026919624512
"chr22-0272",-0.15565510294745
"chr22-0273",-0.225739118976179
"chr22-0274",-0.166806002946809
"chr22-0275",-0.125528115741786
"chr22-0276",-0.139820052625882
"chr22-0277",-0.267639651005271
"chr22-0278",-0.0632196061604987
"chr22-0279",-0.191040674122178
"chr22-0280",-0.103447709398265
"chr22-0281",-0.121754849028001
"chr22-0282",-0.133476138897094
"chr22-0283",-0.140867701507664
"chr22-0284",-0.125953030542325
"chr22-0285",0.108910277889026
"chr22-0286",-0.235248386568839
"chr22-0287",-0.160304269060784
"chr22-0288",-0.0801177631486566
"chr22-0289",-0.336584165477212
"chr22-0290",-0.218820380992631
"chr22-0291",-0.219018613594632
"chr22-0292",-0.128846438740817
"chr22-0293",-0.199494792458481
"chr22-0294",-0.0282900880302278
"chr22-0295",-0.0275751666252721
"chr22-0296",0.00636734574406472
"chr22-0297",-0.121166865055848
"chr22-0298",0.0102197644514795
"chr22-0299",-0.129093856106167
"chr22-0300",-0.141181246767951
"chr22-0301",-0.0596887715771158
"chr22-0302",-0.0872142469525729
"chr22-0303",0.00904924567695931
"chr22-0304",0.109682656522407
"chr22-0305",-0.11267407004469
"chr22-0306",0.0391636927601854
"chr22-0307",-0.0530854005966371
"chr22-0308",-0.145425773535879
"chr22-0309",-0.0673291204510833
"chr22-0310",-0.123325795116578
"chr22-0311",-0.0590488762715237
"chr22-0312",-0.0476019686121877
"chr22-0313",0.012627875911438
"chr22-0314",0.136129857814667
"chr22-0315",-0.020593707958703
"chr22-0316",0.101346634863634
"chr22-0317",-0.0287380035399449
"chr22-0318",0.123388652689091
"chr22-0319",0.0933777033690485
"chr22-0320",-0.183066081160336
"chr22-0321",-0.248530112666863
"chr22-0322",-0.147259994500973
"chr22-0323",-0.371427851458497
"chr22-0324",-0.22112757595417
"chr22-0325",-0.237902112283084
"chr22-0326",-0.134337860645376
"chr22-0327",-0.296291617643117
"chr22-0328",-0.108634487307701
"chr22-0329",-0.134234043751812
"chr22-0330",-0.139496504537726
"chr22-0331",-0.133200587660031
"chr22-0332",-0.251764837714445
"chr22-0333",-0.0859254758996588
"chr22-0334",-0.0755121389325348
"chr22-0335",-0.114004306951579
"chr22-0336",-0.19787095694879
"chr22-0337",-0.27193651018829
"chr22-0338",-0.197957619015791
"chr22-0339",-0.112068156238799
"chr22-0340",-0.185823567710892
"chr22-0341",-0.133835894609485
"chr22-0342",-0.172238652318804
"chr22-0343",-0.281324610919485
"chr22-0344",-0.0839204237242054
"chr22-0345",-0.10236842103744
"chr22-0346",0.00540378979028113
"chr22-0347",0.0318170153811123
"chr22-0348",-0.0855468360311877
"chr22-0349",-0.236882374505518
"chr22-0350",-0.0949998800084497
"chr22-0351",-0.00143744502088533
"chr22-0352",-0.0233322017742522
"chr22-0353",-0.0968727662797933
"chr22-0354",-0.0223823815468626
"chr22-0355",-0.0743909809670581
"chr22-0356",-0.124608757885225
"chr22-0357",-0.0892010829772293
"chr22-0358",-0.0391696688656694
"chr3-0001",0.267550495747792
"chr3-0002",0.166371005071198
"chr3-0003",0.0882180811736319
"chr3-0004",0.123929904778895
"chr3-0005",0.151482015154217
"chr3-0006",0.0617836209122702
"chr3-0007",0.111650969052885
"chr3-0008",0.0699031481072247
"chr3-0009",0.330631851688867
"chr3-0010",0.110642631276842
"chr3-0011",0.205820030795063
"chr3-0012",0.16085029522624
"chr3-0013",0.221381278976618
"chr3-0014",0.313630577922155
"chr3-0015",0.222469064053998
"chr3-0016",0.203403228372141
"chr3-0017",0.103358039251956
"chr3-0018",0.212445954249965
"chr3-0019",0.0600783815918192
"chr3-0020",0.0524813491200319
"chr3-0021",0.144134847291924
"chr3-0022",0.174854523069739
"chr3-0023",0.21592377890219
"chr3-0024",0.124411623403719
"chr3-0025",0.0520456779362516
"chr3-0026",0.0396734348600866
"chr3-0027",0.242199751330682
"chr3-0028",0.0248170052759926
"chr3-0029",0.020657333856545
"chr3-0030",-0.0309656040123173
"chr3-0031",0.120327368572421
"chr3-0032",0.0430374890947794
"chr3-0033",0.0402975546567082
"chr3-0034",0.0839168371337149
"chr3-0035",0.0613853079444342
"chr3-0036",0.32499014849383
"chr3-0037",-0.0304610754001792
"chr3-0038",0.206746182152409
"chr3-0039",0.108543451237529
"chr3-0040",0.125501917188791
"chr3-0041",0.0869291157522818
"chr3-0042",0.0775181385173828
"chr3-0043",0.0991480425865462
"chr3-0044",0.0216412755324409
"chr3-0045",0.0469311946592621
"chr3-0046",0.0806327045153819
"chr3-0047",0.104233611864421
"chr3-0048",0.145278345406294
"chr3-0049",-0.00323137889227811
"chr3-0050",0.12283497784851
"chr3-0051",0.0249879296692067
"chr3-0052",-0.0476674565632363
"chr3-0053",-0.00107415881527794
"chr3-0054",0.0265884467990774
"chr3-0055",-0.00723459108936389
"chr3-0056",0.0637411656797705
"chr3-0057",0.00499659896339827
"chr3-0058",0.0545094447555051
"chr3-0059",0.104669861753226
"chr3-0060",0.270783138422042
"chr3-0061",0.298000844885143
"chr3-0062",-0.131620287079852
"chr3-0063",0.14049267161246
"chr3-0064",0.0165773292993261
"chr3-0065",-0.134733574249111
"chr3-0066",0.0912365583840239
"chr3-0067",0.136048424769128
"chr3-0068",0.156004212925825
"chr3-0069",0.205872661492759
"chr3-0070",0.0845866698580176
"chr3-0071",0.0103875208987497
"chr3-0072",0.121781591644587
"chr3-0073",0.123841032288851
"chr3-0074",0.148162859760864
"chr3-0075",0.0618011036381651
"chr3-0076",0.085606324853979
"chr3-0077",-0.0907432174389675
"chr3-0078",-0.00381239744205955
"chr3-0079",-0.0435135154020424
"chr3-0080",0.033413497200043
"chr3-0081",0.062724125707804
"chr3-0082",0.0514387518357349
"chr3-0083",-0.0450869431727076
"chr3-0084",0.0457587970636599
"chr3-0085",0.065672777470697
"chr3-0086",-0.0701440988737833
"chr3-0087",0.0871351040071922
"chr3-0088",0.146692230890965
"chr3-0089",0.00637509661521149
"chr3-0090",0.0263988349163928
"chr3-0091",-0.00309918057982331
"chr3-0092",0.0993744697744558
"chr3-0093",0.0636372859584461
"chr3-0094",-0.0263905189968278
"chr3-0095",0.086423253612973
"chr3-0096",-0.0839656748282123
"chr3-0097",0.00306479498811772
"chr3-0098",-0.0142333445246257
"chr3-0099",0.145110406560441
"chr3-0100",0.223728312847179
"chr3-0101",0.0871976623689505
"chr3-0102",0.285057249448428
"chr3-0103",0.174628097352787
"chr3-0104",0.195823243905867
"chr3-0105",0.148760190199848
"chr3-0106",0.138293642187289
"chr3-0107",0.139813269328364
"chr3-0108",0.408401375053316
"chr3-0109",0.154002503291581
"chr3-0110",0.269063325611263
"chr3-0111",0.167375410431644
"chr3-0112",0.229110799351414
"chr3-0113",0.115989637337872
"chr3-0114",0.278318264815157
"chr3-0115",0.229294018890195
"chr3-0116",0.214630503493455
"chr3-0117",0.210544569815974
"chr3-0118",0.279511317132016
"chr3-0119",0.215503602384051
"chr3-0120",0.203268578545069
"chr3-0121",0.085905587533905
"chr3-0122",0.120097968396655
"chr3-0123",-0.0806586290331525
"chr3-0124",0.0949784610561807
"chr3-0125",0.307116482503986
"chr3-0126",0.167280553897219
"chr3-0127",0.120784630014459
"chr3-0128",0.152005783731781
"chr3-0129",0.0769126746439091
"chr3-0130",0.0862670873902705
"chr3-0131",0.377262337181169
"chr3-0132",0.24120220372138
"chr3-0133",0.337477139861944
"chr3-0134",0.289461539517552
"chr3-0135",0.152630751726149
"chr3-0136",0.0964317433776098
"chr3-0137",0.149631048879602
"chr3-0138",0.0978285839342128
"chr3-0139",0.117841536891484
"chr3-0140",0.147343363764995
"chr3-0141",0.0735400770142002
"chr3-0142",0.236605747167572
"chr3-0143",0.207669602797143
"chr3-0144",0.184091852045486
"chr3-0145",0.272365836534655
"chr3-0146",0.27842060624093
"chr3-0147",0.181748538186138
"chr3-0148",0.09580173757355
"chr3-0149",0.2709808211847
"chr3-0150",0.349039184636164
"chr3-0151",0.287085499061536
"chr3-0152",0.299694605403922
"chr3-0153",0.176509747892309
"chr3-0154",0.0525743158022021
"chr3-0155",0.159090572535438
"chr3-0156",0.138878374569387
"chr3-0157",0.0561868327709993
"chr3-0158",0.276399115772351
"chr3-0159",0.111187830817099
"chr3-0160",0.074550851239301
"chr3-0161",0.108327262207322
"chr3-0162",0.365805351911373
"chr3-0163",0.135644584488824
"chr3-0164",-0.0481091234558056
"chr3-0165",0.335703860411732
"chr3-0166",0.173937449798492
"chr3-0167",0.196418220674556
"chr3-0168",0.193025493706476
"chr3-0169",0.245742230412701
"chr3-0170",0.12733104220263
"chr3-0171",0.11897430166912
"chr3-0172",0.196728352998492
"chr3-0173",0.128930855450362
"chr3-0174",0.139371253588992
"chr3-0175",0.161075677776895
"chr3-0176",0.134592706847681
"chr3-0177",0.103307581437065
"chr3-0178",0.0149150596545956
"chr3-0179",0.0971573534018246
"chr3-0180",0.265301876953739
"chr3-0181",0.193853950713906
"chr3-0182",-0.0226503503019011
"chr3-0183",-0.0233979063199561
"chr3-0184",0.0597888415286544
"chr3-0185",0.0199279048571347
"chr3-0186",0.0322835868950142
"chr3-0187",0.177824050625502
"chr3-0188",0.0213090337723928
"chr3-0189",0.272350199814758
"chr3-0190",0.088542576838377
"chr3-0191",0.400106709636468
"chr3-0192",0.168148584232967
"chr3-0193",0.15966218676039
"chr3-0194",0.177326488502597
"chr3-0195",0.00366243960613088
"chr3-0196",0.159774452302591
"chr3-0197",0.336019450006472
"chr3-0198",0.0504900177265537
"chr3-0199",0.0377178676499974
"chr3-0200",0.0499451349790569
"chr3-0201",0.00925081620349289
"chr3-0202",0.138371239213332
"chr3-0203",0.152453361810204
"chr3-0204",0.00924658251840261
"chr3-0205",0.08542506089073
"chr3-0206",-0.0948805823614728
"chr3-0207",0.05333757472092
"chr3-0208",0.133600929151325
"chr3-0209",0.175350219798772
"chr3-0210",0.236550173026946
"chr3-0211",0.156118149878523
"chr3-0212",0.158500837479143
"chr3-0213",0.126443988584197
"chr3-0214",-0.0275667503075728
"chr3-0215",0.0219721446992556
"chr3-0216",0.150086328604663
"chr3-0217",-0.0994513843201155
"chr3-0218",0.0864331192591454
"chr3-0219",0.0742314225184209
"chr3-0220",-0.0189439236880665
"chr3-0221",-0.092902220691211
"chr3-0222",0.202889733070294
"chr3-0223",0.176490039194874
"chr3-0224",-0.0416077447348603
"chr3-0225",0.150136915642755
"chr3-0226",0.0523416670320302
"chr3-0227",0.101164650900127
"chr3-0228",0.00411862129935514
"chr3-0229",0.141708785916712
"chr3-0230",0.171874255498695
"chr3-0231",0.108220115672034
"chr3-0232",0.133753334114496
"chr3-0233",0.134717649836246
"chr3-0234",0.167546940922098
"chr3-0235",0.0702666131091339
"chr3-0236",0.293606227269648
"chr3-0237",0.0329704478749605
"chr3-0238",0.0905371672685959
"chr3-0239",0.118317478254644
"chr3-0240",0.156262824333029
"chr3-0241",0.113761041053324
"chr3-0242",0.151567757240295
"chr3-0243",0.0516280865475581
"chr3-0244",-0.155945827967586
"chr3-0245",0.0524316206448961
"chr3-0246",0.111234292651799
"chr3-0247",0.150882580894624
"chr3-0248",0.0537002648439441
"chr3-0249",0.130259366883645
"chr3-0250",0.0183689383952607
"chr3-0251",0.0511895927577226
"chr3-0252",0.194557417848239
"chr3-0253",0.0956195695783057
"chr3-0254",0.0502764596092121
"chr3-0255",0.245333431250507
"chr3-0256",0.153148917942378
"chr3-0257",0.286069258969648
"chr3-0258",0.192668371944535
"chr3-0259",0.0691038052881009
"chr3-0260",0.142689651825823
"chr3-0261",0.0567378685168574
"chr3-0262",0.127581555010296
"chr3-0263",0.335036906847419
"chr3-0264",-0.163264171284303
"chr3-0265",0.074534629505118
"chr3-0266",0.0406559122477347
"chr3-0267",0.122388549768101
"chr3-0268",0.0868785409162183
"chr3-0269",0.0526757692329008
"chr3-0270",0.0404748360298295
"chr3-0271",0.144420681554605
"chr3-0272",0.0572395336902775
"chr3-0273",0.0593597095921852
"chr3-0274",0.0456067438962492
"chr3-0275",0.0142001131296832
"chr3-0276",0.0308106137195031
"chr3-0277",0.113805409472684
"chr3-0278",0.0478148935826106
"chr3-0279",0.157956220734079
"chr3-0280",0.0117888271506318
"chr3-0281",0.170003274716501
"chr3-0282",0.133981273143986
"chr3-0283",0.163574227396506
"chr3-0284",0.0361342444845144
"chr3-0285",-0.107440476278092
"chr3-0286",0.034222684245951
"chr3-0287",0.101420319498088
"chr3-0288",-0.0263474110045012
"chr3-0289",-0.06585755276592
"chr3-0290",0.0581018142642279
"chr3-0291",-0.093830278070778
"chr3-0292",0.0987499282510707
"chr3-0293",0.137939354112876
"chr3-0294",0.187837020009954
"chr3-0295",0.06865648879067
"chr3-0296",0.0642915489744199
"chr3-0297",0.00817273690135
"chr3-0298",0.0525876422642688
"chr3-0299",0.064188675754386
"chr3-0300",0.0423027025668453
"chr3-0301",0.0481761067888832
"chr3-0302",0.012170560791216
"chr3-0303",-0.0814721214950075
"chr3-0304",0.0986201091823278
"chr3-0305",0.0546633470294056
"chr3-0306",0.12455277683742
"chr3-0307",0.0465305428511063
"chr3-0308",0.131237734903521
"chr3-0309",0.161673757291248
"chr3-0310",0.0737781024464328
"chr3-0311",0.100007670404832
"chr3-0312",0.0841906008514689
"chr3-0313",0.0353401244088696
"chr3-0314",-0.0508223185948189
"chr3-0315",0.097753564037518
"chr3-0316",0.0668803134321104
"chr3-0317",-0.0283627873648094
"chr3-0318",0.0482590868139125
"chr3-0319",0.0806721012268534
"chr3-0320",0.0155434803928121
"chr3-0321",0.0349331890644979
"chr3-0322",0.135574757197505
"chr3-0323",0.0771268406194521
"chr3-0324",0.0388828784666433
"chr3-0325",0.0330608620978696
"chr3-0326",-0.115584338560947
"chr3-0327",0.0538227983080885
"chr3-0328",0.0320622574124191
"chr3-0329",0.13532077358105
"chr3-0330",0.108205275031279
"chr3-0331",-0.009295147265241
"chr3-0332",0.0245377556056248
"chr3-0333",0.131484678783333
"chr3-0334",0.10191156136724
"chr3-0335",-0.11042365644144
"chr3-0336",0.172764344525107
"chr3-0337",0.137249560480693
"chr3-0338",0.0188722364370229
"chr3-0339",-0.120965776089412
"chr3-0340",-0.134658469273467
"chr3-0341",0.133246509687529
"chr3-0342",0.160539519417681
"chr3-0343",0.114675011002048
"chr3-0344",0.0530098197987003
"chr3-0345",0.0753423734090082
"chr3-0346",0.114294087063542
"chr3-0347",0.00715216560934592
"chr3-0348",0.0808534507695437
"chr3-0349",0.0954161982865951
"chr3-0350",0.102594872169033
"chr3-0351",-0.0456167330288639
"chr3-0352",0.0286349993144276
"chr3-0353",0.132765588879059
"chr3-0354",0.132605159444109
"chr3-0355",0.135104039619401
"chr3-0356",0.115607185353909
"chr3-0357",0.0675753854903198
"chr3-0358",0.107158432445814
"chr3-0359",0.135335217410483
"chr3-0360",0.0732756488608036
"chr3-0361",0.0841731313905303
"chr3-0362",0.160524123670137
"chr3-0363",0.150550367109522
"chr3-0364",0.270411476537224
"chr3-0365",-0.0736856928125015
"chr3-0366",0.232927269642258
"chr3-0367",0.198324627226692
"chr3-0368",0.128011446888235
"chr3-0369",0.220904908834166
"chr3-0370",0.113168395735496
"chr3-0371",0.222134852442079
"chr3-0372",-0.0133531765828372
"chr3-0373",0.082171287514678
"chr3-0374",0.075641670332525
"chr3-0375",0.0402883755215056
"chr3-0376",0.211130984615485
"chr3-0377",0.147242811297811
"chr3-0378",0.322172716271362
"chr3-0379",0.194441560456062
"chr3-0380",0.166345104225043
"chr3-0381",0.189196714597495
"chr3-0382",0.156242220693723
"chr3-0383",0.0542473420549423
"chr3-0384",0.02886612683686
"chr3-0385",0.0411359209513214
"chr3-0386",0.180156654446067
"chr3-0387",0.160954613282893
"chr3-0388",0.0703132453462995
"chr3-0389",0.0869364716234332
"chr3-0390",0.144202946947703
"chr3-0391",0.133333388703246
"chr3-0392",0.0898596754513285
"chr3-0393",0.165517224646997
"chr3-0394",0.151064479608089
"chr3-0395",0.103136684297823
"chr3-0396",0.242399104331847
"chr3-0397",0.204225837402182
"chr3-0398",0.10370541582112
"chr3-0399",0.15426305353232
"chr3-0400",0.270033385768002
"chr3-0401",0.00991787834853571
"chr3-0402",0.32999963164724
"chr3-0403",0.264276048581291
"chr3-0404",0.22738482488801
"chr3-0405",0.0761932781457567
"chr3-0406",0.260800245259376
"chr3-0407",0.00365613253756058
"chr3-0408",0.11608314899538
"chr3-0409",0.104096595526603
"chr3-0410",0.0752591630460989
"chr3-0411",-0.0183100399342318
"chr3-0412",-0.0825871781195412
"chr3-0413",0.161919679601974
"chr3-0414",0.230329987163959
"chr3-0415",0.329642967943885
"chr3-0416",0.190317977641382
"chr3-0417",0.304141013851095
"chr3-0418",0.251268324560433
"chr3-0419",0.228186273099804
"chr3-0420",0.131846839650561
"chr3-0421",0.25010358303014
"chr3-0422",0.219235527014227
"chr3-0423",0.196279530779913
"chr3-0424",0.234714236419835
"chr3-0425",0.127981587276619
"chr3-0426",0.19784333153686
"chr3-0427",0.0949601392208515
"chr3-0428",0.197195362919595
"chr3-0429",0.0829416892465471
"chr3-0430",0.0863386152243073
"chr3-0431",0.347071981491494
"chr3-0432",0.183982765341307
"chr3-0433",0.0402865327903073
"chr3-0434",0.103112148820584
"chr3-0435",0.21077148650591
"chr3-0436",0.12147738080334
"chr3-0437",0.175593251785871
"chr3-0438",0.0480393859084166
"chr3-0439",0.21445054015592
"chr3-0440",0.217909116695616
"chr3-0441",0.157414614152926
"chr3-0442",0.149049592396335
"chr3-0443",0.257650427258943
"chr3-0444",0.241022178070545
"chr3-0445",0.310846082359444
"chr3-0446",0.372919170004053
"chr3-0447",0.190977083560609
"chr3-0448",0.303464424147125
"chr3-0449",0.171204268605346
"chr3-0450",0.135988473266194
"chr3-0451",0.344838812737771
"chr3-0452",0.261077489314097
"chr3-0453",0.357145152821021
"chr3-0454",0.258043046053734
"chr3-0455",0.29827023408261
"chr3-0456",0.271291464740457
"chr3-0457",0.100964618581161
"chr3-0458",0.283583508139122
"chr3-0459",0.260827919694221
"chr3-0460",0.182255381355887
"chr3-0461",0.240107707699194
"chr3-0462",0.0773756148834806
"chr3-0463",0.00219009193444506
"chr3-0464",0.112952415122781
"chr3-0465",0.0853964952135993
"chr3-0466",0.0185812864368625
"chr3-0467",0.0534467716591905
"chr3-0468",0.0186908580284042
"chr3-0469",-0.00125860442139194
"chr3-0470",-0.0964268720692355
"chr3-0471",0.0734877226131004
"chr3-0472",0.189158586188558
"chr3-0473",0.0394641096206122
"chr3-0474",0.125682231853109
"chr3-0475",0.094953143942737
"chr3-0476",0.153147778717091
"chr3-0477",0.197964572738998
"chr3-0478",0.396917062863738
"chr3-0479",0.195371230147225
"chr3-0480",0.244271569964574
"chr3-0481",0.0816034194459243
"chr3-0482",0.150569826150514
"chr3-0483",0.108725639323502
"chr3-0484",0.0252375769801873
"chr3-0485",0.343940885688598
"chr3-0486",0.319865312972591
"chr3-0487",0.235353409545522
"chr3-0488",0.184418220521154
"chr3-0489",0.182615622954894
"chr3-0490",0.428064884558344
"chr3-0491",0.198809565555584
"chr3-0492",0.190153500758606
"chr3-0493",0.0770950948303793
"chr3-0494",0.0772015513565979
"chr3-0495",0.0784737529137056
"chr3-0496",0.213133582615856
"chr3-0497",0.212979552588815
"chr3-0498",-0.00211254391594925
"chr3-0499",-0.0955183577122915
"chr3-0500",-0.0187059196719271
"chr3-0501",0.181661625241238
"chr3-0502",0.213928783582921
"chr3-0503",0.183554442636208
"chr3-0504",-0.0196474853855964
"chr3-0505",0.262576688629908
"chr3-0506",0.0944835877973143
"chr3-0507",0.332624479346525
"chr3-0508",0.214437830996417
"chr3-0509",0.00984524042974324
"chr3-0510",-0.0867819620948505
"chr3-0511",-0.021748618503535
"chr3-0512",-0.132665523912104
"chr3-0513",-0.215911920619679
"chr3-0514",-0.0379252889685638
"chr3-0515",0.0695460828793799
"chr3-0516",0.0276096549538039
"chr3-0517",-0.0240853772821735
"chr3-0518",-0.457805746157114
"chr3-0519",-0.0721850382863497
"chr3-0520",-0.156283035097263
"chr3-0521",0.0181291093237627
"chr3-0522",-0.0524211404511179
"chr3-0523",-0.0759414996056368
"chr3-0524",-0.235687260471811
"chr3-0525",-0.185042361888445
"chr3-0526",-0.0370150996247477
"chr3-0527",-0.00618919069998116
"chr3-0528",0.11436836013498
"chr3-0529",0.0331467452599816
"chr3-0530",-0.107734886512902
"chr3-0531",-0.232463555268119
"chr3-0532",-0.0753347047042867
"chr3-0533",-0.0513170421544526
"chr3-0534",-0.0164434950448209
"chr3-0535",-0.217670795391991
"chr3-0536",0.227443391102434
"chr3-0537",-0.250686326855342
"chr3-0538",-0.120861265130179
"chr3-0539",-0.0540948267070216
"chr3-0540",-0.0819382575531298
"chr3-0541",0.0494766124480765
"chr3-0542",-0.0387132703920641
"chr3-0543",0.0740914553183566
"chr3-0544",-0.0498640295245608
"chr3-0545",0.0541066703073646
"chr3-0546",-0.172896866432604
"chr3-0547",-0.0334860188688731
"chr3-0548",-0.0676203920453511
"chr3-0549",-0.193883511420286
"chr3-0550",0.120010348882709
"chr3-0551",-0.130800385513652
"chr3-0552",0.0836251394686766
"chr3-0553",-0.10935307737015
"chr3-0554",0.0585068032914913
"chr3-0555",-0.103959018498462
"chr3-0556",0.0588515465449866
"chr3-0557",-0.0283136107025461
"chr3-0558",-0.0569097028353056
"chr3-0559",0.0566079439058871
"chr3-0560",-0.0688297774433977
"chr3-0561",0.0118446741666826
"chr3-0562",0.0309794090536953
"chr3-0563",-0.254578071662883
"chr3-0564",0.0264519250852235
"chr3-0565",-0.253573678827026
"chr3-0566",-0.145562292182232
"chr3-0567",-0.359359956410816
"chr3-0568",-0.230078724489796
"chr3-0569",-0.122945697439098
"chr3-0570",-0.0894362428814016
"chr3-0571",-0.299900326280706
"chr3-0572",-0.141489707604429
"chr3-0573",0.0564014213144391
"chr3-0574",-0.00540766560089915
"chr3-0575",0.00791502572645717
"chr3-0576",-0.163617862845303
"chr3-0577",-0.199575333441682
"chr3-0578",-0.089636446465572
"chr3-0579",-0.160821986774044
"chr3-0580",0.0454337266767995
"chr3-0581",-0.16293103720351
"chr3-0582",0.106715818762616
"chr3-0583",-0.0223151092230294
"chr3-0584",0.00334044276881772
"chr3-0585",-0.0162577604896311
"chr3-0586",-0.0689973787625005
"chr3-0587",0.076131942742034
"chr3-0588",0.0321061724510245
"chr3-0589",-0.0247105591185094
"chr3-0590",-0.0572116925245841
"chr3-0591",-0.124385217560817
"chr3-0592",-0.109430034229414
"chr3-0593",0.107242440631389
"chr3-0594",-0.264761307078891
"chr3-0595",-0.0363802391916923
"chr3-0596",0.0375778448665936
"chr3-0597",-0.206421586949416
"chr3-0598",-0.0379266172258303
"chr3-0599",-0.0208049358976747
"chr3-0600",0.104260021488502
"chr3-0601",0.00336143657330641
"chr3-0602",0.0239292288749512
"chr3-0603",0.124359133380458
"chr3-0604",0.00294799203917319
"chr3-0605",-0.128996626602867
"chr3-0606",-0.0885194072997418
"chr3-0607",-0.0903327202249964
"chr3-0608",-0.077776216581131
"chr3-0609",-0.161541424510535
"chr3-0610",-0.109029207438804
"chr3-0611",-0.197717831208886
"chr3-0612",-0.241880360222831
"chr3-0613",-0.0815382457176525
"chr3-0614",-0.408003065834266
"chr3-0615",0.0874376839449435
"chr3-0616",-0.0199573451935379
"chr3-0617",0.000879171991830922
"chr3-0618",0.0136012341357399
"chr3-0619",-0.117038708851674
"chr3-0620",-0.102011362453215
"chr3-0621",-0.0857405885758621
"chr3-0622",-0.122711019491454
"chr3-0623",0.0916351718781908
"chr3-0624",0.0755307657606784
"chr3-0625",-0.176788896144046
"chr3-0626",-0.042551567772925
"chr3-0627",-0.0179012765765295
"chr3-0628",-0.00922290411794121
"chr3-0629",-0.0249201274448822
"chr3-0630",-0.0104721671502054
"chr3-0631",-0.00769934555191565
"chr3-0632",-0.141627481796929
"chr3-0633",-0.128665993072206
"chr3-0634",-0.259505254448146
"chr3-0635",-0.175723992646212
"chr3-0636",-0.0863721792258025
"chr3-0637",-0.121528439667096
"chr3-0638",-0.2693713993181
"chr3-0639",-0.333473951763469
"chr3-0640",-0.108575479809919
"chr3-0641",-0.234490350603798
"chr3-0642",-0.0359571518045795
"chr3-0643",-0.0367171671736662
"chr3-0644",-0.08740754912581
"chr3-0645",-0.026987804449068
"chr3-0646",-0.198579443435645
"chr3-0647",0.0168400491026914
"chr3-0648",0.0721561001670903
"chr3-0649",-0.0312483117976037
"chr3-0650",-0.181959349171908
"chr3-0651",0.0254369568799752
"chr3-0652",-0.0166898497946797
"chr3-0653",-0.167261824422038
"chr3-0654",-0.0661782910848701
"chr3-0655",0.0246364694946079
"chr3-0656",0.0914851476322656
"chr3-0657",-0.00593857873271694
"chr3-0658",0.0318605695163437
"chr3-0659",-0.0167603636315847
"chr3-0660",-0.0457120578045236
"chr3-0661",0.0726195626245669
"chr3-0662",-0.0213630454193659
"chr3-0663",0.0193883377911837
"chr3-0664",-0.0441151371058422
"chr3-0665",0.017660861073514
"chr3-0666",-0.0686013615677822
"chr3-0667",-0.0617503839446568
"chr3-0668",-0.10129355914494
"chr3-0669",-0.0728903942656679
"chr3-0670",-0.00364963171423883
"chr3-0671",-0.191740340180965
"chr3-0672",-0.287431851746797
"chr3-0673",-0.0217062988079206
"chr3-0674",-0.0525480490951551
"chr3-0675",-0.158250259345791
"chr3-0676",-0.152146174368002
"chr3-0677",-0.0437817959709233
"chr3-0678",-0.0467517447409995
"chr3-0679",-0.226546403653071
"chr3-0680",-0.00370470192194589
"chr3-0681",0.0391632230802102
"chr3-0682",-0.0283505985066134
"chr3-0683",0.0134381120524127
"chr3-0684",0.044026599057915
"chr3-0685",0.0676429615354048
"chr3-0686",0.000524431518237893
"chr3-0687",0.0219184248271863
"chr3-0688",-0.0412112507533875
"chr3-0689",-0.00303403368792831
"chr3-0690",-0.254839978953629
"chr3-0691",-0.17419243024831
"chr3-0692",-0.145880514277951
"chr3-0693",-0.0695918650782177
"chr3-0694",-0.0430131369644845
"chr3-0695",-0.153229558748344
"chr3-0696",-0.132428975209099
"chr3-0697",-0.307431033302062
"chr3-0698",-0.167556229527101
"chr3-0699",-0.302946801964881
"chr3-0700",-0.236712933140552
"chr3-0701",-0.0601357863206655
"chr3-0702",0.0137693980737149
"chr3-0703",-0.0298118806125593
"chr3-0704",0.10938058596594
"chr3-0705",-0.250702743688761
"chr3-0706",-0.0491480140450088
"chr3-0707",-0.00468334831594737
"chr3-0708",-0.0814056367914058
"chr3-0709",-0.0478312599835551
"chr3-0710",-0.132979386678417
"chr3-0711",-0.0798018607987592
"chr3-0712",-0.119123072287187
"chr3-0713",-0.0798164613343862
"chr3-0714",-0.0827493411671947
"chr3-0715",-0.035172570945502
"chr3-0716",-0.0397865635304226
"chr3-0717",-0.105440890225026
"chr3-0718",-0.0320890615156923
"chr3-0719",-0.206366875979881
"chr3-0720",-0.0617968988552023
"chr3-0721",0.094794822528733
"chr3-0722",0.0067291154242717
"chr3-0723",-0.156346778121532
"chr3-0724",-0.00515526287268498
"chr3-0725",-0.0822762551123078
"chr3-0726",-0.0285221584942961
"chr3-0727",-0.0793988413938978
"chr3-0728",-0.00265686662778696
"chr3-0729",-0.143871170505545
"chr3-0730",-0.0696850119555162
"chr3-0731",0.00959192563715524
"chr3-0732",-0.00407540279288493
"chr3-0733",0.0531078158958507
"chr3-0734",-0.220766848841518
"chr3-0735",0.0466799968769177
"chr3-0736",-0.0256501568326254
"chr3-0737",-0.0658856580083521
"chr3-0738",0.0450679938567243
"chr3-0739",-0.0256878638373373
"chr3-0740",0.069289734381502
"chr3-0741",-0.224135310097607
"chr3-0742",-0.209739681989753
"chr3-0743",-0.193240089969734
"chr3-0744",-0.143666278033952
"chr3-0745",0.0250540430475915
"chr3-0746",0.0420783752888404
"chr3-0747",-0.050565705431372
"chr3-0748",-0.316638643058986
"chr3-0749",-0.0925767431472298
"chr3-0750",-0.205875538742102
"chr3-0751",-0.0988159852648252
"chr3-0752",-0.188197655685131
"chr3-0753",-0.0893898292599838
"chr3-0754",-0.13323638609379
"chr3-0755",-0.0682740602193263
"chr3-0756",-0.114244107671211
"chr3-0757",-0.0249216318432823
"chr3-0758",-0.0320461046176027
"chr3-0759",-0.110292772733857
"chr3-0760",-0.0981983066389536
"chr3-0761",-0.118119423872071
"chr3-0762",0.073509350028659
"chr3-0763",0.00515435820011196
"chr3-0764",-0.173249141746039
"chr3-0765",-0.100738857463431
"chr3-0766",0.0488131032802926
"chr3-0767",-0.10228407660588
"chr3-0768",-0.234556676708368
"chr3-0769",-0.302010191578528
"chr3-0770",-0.417451192897397
"chr3-0771",-0.0341278378653501
"chr3-0772",-0.329769366649001
"chr3-0773",-0.259074380114713
"chr3-0774",-0.212892893559707
"chr3-0775",-0.0938928915329644
"chr3-0776",-0.280353622312695
"chr3-0777",-0.0465039333110802
"chr3-0778",-0.00945342450520029
"chr3-0779",-0.120399592659892
"chr3-0780",-0.0566696604175705
"chr3-0781",-0.0332085485408599
"chr3-0782",-0.0720780055416574
"chr3-0783",-0.0904314742359816
"chr3-0784",0.0108693974772275
"chr3-0785",-0.0577997898883597
"chr3-0786",-0.332391416500719
"chr3-0787",-0.0965179756985693
"chr3-0788",-0.175799514238262
"chr3-0789",-0.0889330852220955
"chr3-0790",-0.127695094409082
"chr3-0791",-0.118210942234352
"chr3-0792",-0.180318544735099
"chr3-0793",-0.0878060509243639
"chr3-0794",-0.0565358497077087
"chr3-0795",-0.209020716046701
"chr3-0796",-0.134873675949109
"chr3-0797",-0.107111953224339
"chr3-0798",0.0383345918764923
"chr3-0799",0.00109136878205397
"chr3-0800",-0.107765851994174
"chr3-0801",0.00586068389428271
"chr3-0802",0.0298497354168856
"chr3-0803",0.0747702973375715
"chr3-0804",0.0249968457521936
"chr3-0805",-0.0129402549010156
"chr3-0806",-0.0534880002775292
"chr3-0807",-0.119056803970477
"chr3-0808",-0.129518651999947
"chr3-0809",-0.212609570365754
"chr3-0810",-0.162169506606147
"chr3-0811",-0.0332338960502097
"chr3-0812",0.00725340262658575
"chr3-0813",0.0295706095785137
"chr3-0814",-0.105119153622113
"chr3-0815",0.0834455871914857
"chr3-0816",-0.00300167487574038
"chr3-0817",0.0635841064037459
"chr3-0818",-0.0340271975464948
"chr3-0819",0.0398619051375885
"chr3-0820",-0.0949266423063941
"chr3-0821",0.00877676378300631
"chr3-0822",0.115147356839
"chr3-0823",0.0800440600067543
"chr3-0824",-0.126059315138327
"chr3-0825",-0.0940130812491387
"chr3-0826",0.0977223947170539
"chr3-0827",-0.0119404394076758
"chr3-0828",-0.120150349269985
"chr3-0829",-0.00624061677078637
"chr3-0830",-0.0798693067257967
"chr3-0831",-0.00343467908443826
"chr3-0832",0.0432301865414458
"chr3-0833",-0.179621650475275
"chr3-0834",-0.173546693997312
"chr3-0835",-0.0598167144451639
"chr3-0836",-0.0646328043404336
"chr3-0837",-0.0273139930967009
"chr3-0838",0.004382046276656
"chr3-0839",0.0732175505293872
"chr3-0840",-0.0693042866982196
"chr3-0841",0.0354955419482826
"chr3-0842",-0.102789994207851
"chr3-0843",-0.065383822343321
"chr3-0844",0.0496596109228035
"chr3-0845",-0.0362754254178204
"chr3-0846",0.0309780403643892
"chr3-0847",-0.0205639029175766
"chr3-0848",-0.085523142077019
"chr3-0849",-0.0671358756598943
"chr3-0850",-0.22082165381705
"chr3-0851",-0.28727619654112
"chr3-0852",-0.119556537318691
"chr3-0853",-0.144717271118557
"chr3-0854",-0.0893740877298895
"chr3-0855",-0.13353711333238
"chr3-0856",-0.109468393367521
"chr3-0857",-0.0112720253378288
"chr3-0858",-0.00984229575650013
"chr3-0859",-0.105264584067027
"chr3-0860",-0.00323499789334961
"chr3-0861",-0.264188645373059
"chr3-0862",-0.108883335100084
"chr3-0863",0.0277041940051286
"chr3-0864",-0.194916820762665
"chr3-0865",-0.0980065645378683
"chr3-0866",-0.0872633768914453
"chr3-0867",0.195003504921192
"chr3-0868",-0.120191211993067
"chr3-0869",-0.0959733809667412
"chr3-0870",-0.049705450576399
"chr3-0871",0.0174840196716709
"chr3-0872",-0.223647203505392
"chr3-0873",-0.13128621436003
"chr3-0874",0.0421415719054463
"chr3-0875",-0.018414537899273
"chr3-0876",-0.119479220462183
"chr3-0877",-0.359571439181413
"chr3-0878",-0.132419869093565
"chr3-0879",-0.149995963062839
"chr3-0880",-0.2265051917619
"chr3-0881",-0.137316989685664
"chr3-0882",-0.147463369201078
"chr3-0883",-0.138262337182038
"chr3-0884",-0.139048164219287
"chr3-0885",-0.158590828833509
"chr3-0886",-0.0375264458825301
"chr3-0887",0.0746226643309423
"chr3-0888",-0.118009471635928
"chr3-0889",0.086769126034126
"chr3-0890",-0.0346239359542257
"chr3-0891",-0.152673121133077
"chr3-0892",0.0322397857458825
"chr3-0893",-0.114958408956715
"chr3-0894",-0.0269737374360798
"chr3-0895",0.00369169043938692
"chr3-0896",0.114487324817651
"chr3-0897",-0.059120421975223
"chr3-0898",0.186610207093492
"chr3-0899",0.14425378625457
"chr3-0900",0.0352681540264724
"chr3-0901",-0.0323998600461461
"chr3-0902",-0.0811134742615348
"chr3-0903",-0.0882198671436265
"chr3-0904",-0.206738657922012
"chr3-0905",-0.00411723764169183
"chr3-0906",-0.0414733031108378
"chr3-0907",0.0593663354657665
"chr3-0908",-0.0760814961539533
"chr3-0909",-0.173707670600792
"chr3-0910",0.0223233231023169
"chr3-0911",0.0858665809048742
"chr3-0912",-0.0108590100478233
"chr3-0913",0.0390242764942192
"chr3-0914",-0.17461646438833
"chr3-0915",-0.00873396985245329
"chr3-0916",-0.112309220511815
"chr3-0917",0.0268895115646132
"chr3-0918",-0.0263435714120408
"chr3-0919",-0.0836373792577446
"chr3-0920",-0.0515917223599252
"chr3-0921",-0.119549441194146
"chr3-0922",-0.111885197611094
"chr3-0923",-0.105838131339434
"chr3-0924",-0.00414530794816102
"chr3-0925",-0.0354797858422056
"chr3-0926",-0.0289909212737928
"chr3-0927",0.0051428996010461
"chr3-0928",-0.0368077708326233
"chr3-0929",-0.00124342858206482
"chr3-0930",-0.0455077000597544
"chr3-0931",-0.165233611024317
"chr3-0932",0.0184761735629098
"chr3-0933",-0.284575939208184
"chr3-0934",-0.0328991817377635
"chr3-0935",0.0451122400798904
"chr3-0936",0.145777081442793
"chr3-0937",-0.00822179263559502
"chr3-0938",0.136435556567958
"chr3-0939",0.0632545484943367
"chr3-0940",-0.0816658632477898
"chr3-0941",-0.0980934256960151
"chr3-0942",-0.196637039335306
"chr3-0943",-0.144837080536033
"chr3-0944",-0.380672431402724
"chr3-0945",0.102943993396284
"chr3-0946",-0.132263328680432
"chr3-0947",-0.343315945343108
"chr3-0948",-0.328856003202888
"chr3-0949",-0.0169281744033062
"chr3-0950",-0.0615750327894157
"chr3-0951",0.0634028143425606
"chr3-0952",-0.00819836993655961
"chr3-0953",-0.0688246719130913
"chr3-0954",-0.191228134265334
"chr3-0955",-0.201016437886931
"chr3-0956",-0.0331509614984736
"chr3-0957",-0.0140061285061841
"chr3-0958",0.0624335093953603
"chr3-0959",0.035156578162656
"chr3-0960",-0.0656132413950674
"chr3-0961",-0.286859940201375
"chr3-0962",-0.246768716090537
"chr3-0963",-0.198744422240415
"chr3-0964",-0.110025584802565
"chr3-0965",-0.164256050974345
"chr3-0966",-0.242769999757406
"chr3-0967",-0.021872445454931
"chr3-0968",0.0766311846523883
"chr3-0969",-0.0377417893372396
"chr3-0970",-0.183919375069492
"chr3-0971",-0.0918208517632862
"chr3-0972",-0.0197257592160259
"chr3-0973",-0.073131740924083
"chr3-0974",-0.17037039361403
"chr3-0975",-0.126640130044618
"chr3-0976",-0.284142840093075
"chr3-0977",-0.209853827564354
"chr3-0978",-0.170478724173802
"chr3-0979",0.123218725210724
"chr3-0980",-0.0726692158825537
"chr3-0981",0.0565973587233655
"chr3-0982",0.00889803820894252
"chr3-0983",-0.105970350709469
"chr3-0984",2.56899050194177e-05
"chr3-0985",-0.00395438167589605
"chr3-0986",-0.103895196307609
"chr3-0987",-0.115767444694083
"chr3-0988",-0.0444071437842832
"chr3-0989",-0.0287511524220389
"chr3-0990",0.0294799977364646
"chr3-0991",-0.0947970481659066
"chr3-0992",-0.0812724819868514
"chr3-0993",-0.0461983439513097
"chr3-0994",0.00676301272689851
"chr3-0995",-0.106075933485789
"chr3-0996",-0.204928882199217
"chr3-0997",-0.0308607475196465
"chr3-0998",-0.224300483487322
"chr3-0999",-0.0124827187458654
"chr3-1000",-0.269396141569994
"chr3-1001",0.0151879016599578
"chr3-1002",-0.0987670553986287
"chr3-1003",-0.0612988952033244
"chr3-1004",-0.35653805285939
"chr3-1005",0.0353772266571642
"chr3-1006",-0.192341310776982
"chr3-1007",-0.144003647729127
"chr3-1008",-0.29783464573627
"chr3-1009",-0.411570026171559
"chr3-1010",-0.0263332361228785
"chr3-1011",-0.0266850142888486
"chr3-1012",0.0292373502655459
"chr3-1013",-0.106696423678082
"chr3-1014",-0.189421792690983
"chr3-1015",-0.00202797184563895
"chr3-1016",-0.164508964173692
"chr3-1017",-0.104536693872978
"chr3-1018",-0.361359623330894
"chr3-1019",-0.46207315776246
"chr3-1020",0.0386083789089393
"chr3-1021",-0.172642625189867
"chr3-1022",-0.183333726717203
"chr3-1023",-0.225303734922098
"chr3-1024",0.0075696187205199
"chr3-1025",-0.434467818562418
"chr3-1026",-0.0155175099896754
"chr3-1027",-0.158212650474965
"chr3-1028",-0.0414159395362737
"chr3-1029",-0.0566502246321745
"chr3-1030",-0.293477437931889
"chr3-1031",-0.0772897169381343
"chr3-1032",-0.0724442224026614
"chr3-1033",-0.0788714176742414
"chr3-1034",-0.118311901226111
"chr3-1035",0.0161440463932702
"chr3-1036",-0.0152412948625996
"chr3-1037",-0.13947216323747
"chr3-1038",-0.0451507374708097
"chr3-1039",-0.0866050572032081
"chr3-1040",-0.0841495991995621
"chr3-1041",-0.190905674517696
"chr3-1042",-0.151479068310207
"chr3-1043",-0.0515129185432303
"chr3-1044",-0.207811587123006
"chr3-1045",-0.177057232864607
"chr3-1046",-0.166251814469397
"chr3-1047",0.00046206351094424
"chr3-1048",-0.0256258248225554
"chr3-1049",-0.140054039827339
"chr3-1050",0.0549180641833423
"chr3-1051",-0.0985022259146946
"chr3-1052",-0.0540426570228175
"chr3-1053",-0.337283222894799
"chr3-1054",-0.0715360013990095
"chr3-1055",-0.149662917355603
"chr3-1056",-0.201858100488132
"chr3-1057",-0.13257719756926
"chr3-1058",-0.073929570192131
"chr3-1059",-0.0887762470553048
"chr3-1060",-0.180429439119466
"chr3-1061",-0.0801362129498347
"chr3-1062",0.167835015140636
"chr3-1063",0.033391420903693
"chr3-1064",0.00743922943947887
"chr3-1065",0.0958420537396867
"chr3-1066",0.0964459662320896
"chr3-1067",-0.0231431662239908
"chr3-1068",-0.0217954574620142
"chr3-1069",0.0193730315684905
"chr3-1070",-0.0562277332426327
"chr3-1071",-0.00254004272352798
"chr3-1072",-0.136634992943542
"chr3-1073",-0.0241448883468269
"chr3-1074",-0.22743535114651
"chr3-1075",0.00143383861678017
"chr3-1076",-0.0120587439149928
"chr3-1077",-0.119220647768805
"chr3-1078",0.0160386305729611
"chr3-1079",-0.201609226653884
"chr3-1080",0.00501556024278474
"chr3-1081",-0.037985842823699
"chr3-1082",-0.102171018843647
"chr3-1083",-0.0255041113858616
"chr3-1084",-0.104185059599021
"chr3-1085",-0.0569365368044293
"chr3-1086",0.0703765357001327
"chr3-1087",-0.0891630253370004
"chr3-1088",0.0277854931690954
"chr3-1089",-0.0866077981800354
"chr3-1090",0.036084641855601
"chr3-1091",-0.0169637997172167
"chr3-1092",-0.0977020911745617
"chr3-1093",-0.180427689596416
"chr3-1094",-0.174144544789409
"chr3-1095",-0.0125576559279303
"chr3-1096",-0.180780941199782
"chr3-1097",-0.0232128205733997
"chr3-1098",-0.16171334516151
"chr3-1099",-0.137123077090137
"chr3-1100",-0.221025358565879
"chr3-1101",-0.190318200032867
"chr3-1102",-0.102680709871313
"chr3-1103",0.0981900945485954
"chr3-1104",-0.175102785598282
"chr3-1105",-0.0492280323285645
"chr3-1106",-0.105729653373528
"chr3-1107",-0.233995446509735
"chr3-1108",-0.261619671879204
"chr3-1109",-0.134002706818304
"chr3-1110",-0.031335494192419
"chr3-1111",-0.10698367844621
"chr3-1112",-0.141884015161941
"chr3-1113",-0.147865723305406
"chr3-1114",-0.0757143442854776
"chr3-1115",0.0292697518225041
"chr3-1116",0.0018153084630861
"chr3-1117",-0.0312969754383841
"chr3-1118",-0.246950673349317
"chr3-1119",-0.0051626036943184
"chr3-1120",-0.0135504974114115
"chr3-1121",-0.0699375817774046
"chr3-1122",-0.078132245676471
"chr3-1123",0.0093160604542874
"chr3-1124",-0.0311372524380705
"chr3-1125",-0.0445423409848235
"chr3-1126",-0.0699198692931034
"chr3-1127",-0.154278608079069
"chr3-1128",-0.174263825995775
"chr3-1129",-0.173595134758482
"chr3-1130",-0.15251825645598
"chr3-1131",-0.122758613490031
"chr3-1132",-0.129996934262481
"chr3-1133",-0.160168790204025
"chr3-1134",-0.222560569271066
"chr3-1135",-0.352013072144094
"chr3-1136",-0.00494310388702718
"chr3-1137",-0.153975668208154
"chr3-1138",-0.257124382687936
"chr3-1139",-0.177669378009688
"chr3-1140",-0.0685455621592827
"chr3-1141",-0.223921303204768
"chr3-1142",0.0112811940012248
"chr3-1143",-0.0616808116202198
"chr3-1144",-0.0534821407971117
"chr3-1145",-0.0368893405955415
"chr3-1146",-0.0202998871246185
"chr3-1147",-0.0891027428297298
"chr3-1148",-0.0114489109290149
"chr3-1149",-0.042051371450438
"chr3-1150",-0.0252964733223767
"chr4-0001",0.121295644399373
"chr4-0002",0.067735980382271
"chr4-0003",0.106427609958108
"chr4-0004",0.133358244599965
"chr4-0005",0.056276277904428
"chr4-0006",-0.00163927977932644
"chr4-0007",0.0788205967357947
"chr4-0008",0.107111993221541
"chr4-0009",0.00347478760225846
"chr4-0010",0.120535736308676
"chr4-0011",0.110631838614144
"chr4-0012",0.0363824876202066
"chr4-0013",-0.0132733021093813
"chr4-0014",0.0904760507772268
"chr4-0015",0.158907822699281
"chr4-0016",0.126084781574739
"chr4-0017",0.0447594318128376
"chr4-0018",0.0289612030625778
"chr4-0019",0.0661549247510969
"chr4-0020",0.102897369653901
"chr4-0021",0.0246958006185437
"chr4-0022",0.0452987307456723
"chr4-0023",0.0710929046904638
"chr4-0024",0.164447237711001
"chr4-0025",-0.00402480378752161
"chr4-0026",-0.0460395769014628
"chr4-0027",0.0295763435033981
"chr4-0028",0.110585590358508
"chr4-0029",0.0664825472234263
"chr4-0030",0.0345943027239221
"chr4-0031",0.027396831259915
"chr4-0032",0.0852648624719732
"chr4-0033",0.0882323070289407
"chr4-0034",0.0567033275450735
"chr4-0035",0.0810039528817142
"chr4-0036",0.186097119634138
"chr4-0037",0.0738950031782372
"chr4-0038",0.026238729933555
"chr4-0039",0.175219235561843
"chr4-0040",0.0540889029541202
"chr4-0041",0.225026739741559
"chr4-0042",0.0871515997400595
"chr4-0043",0.0989980621180372
"chr4-0044",0.0828090833393302
"chr4-0045",0.0869988076208504
"chr4-0046",0.0640486953731546
"chr4-0047",-0.0170315547223914
"chr4-0048",-0.0369951317901152
"chr4-0049",0.0966481108572326
"chr4-0050",-0.0798046070965101
"chr4-0051",-0.0259477964407595
"chr4-0052",0.0699865984629148
"chr4-0053",0.00349670408226853
"chr4-0054",0.129899533956365
"chr4-0055",0.147614346653509
"chr4-0056",0.120294425638829
"chr4-0057",-0.0890311868778948
"chr4-0058",0.0452740917493751
"chr4-0059",0.158585741166403
"chr4-0060",0.205248171875802
"chr4-0061",0.0507944532956746
"chr4-0062",-0.00524346681355212
"chr4-0063",0.165295324642547
"chr4-0064",0.137315371666756
"chr4-0065",-0.016906655847114
"chr4-0066",-0.0417246621276934
"chr4-0067",0.0436653403514546
"chr4-0068",-0.158321034651488
"chr4-0069",0.00104220477663355
"chr4-0070",0.026194811294025
"chr4-0071",0.0461455412983839
"chr4-0072",0.102990157440626
"chr4-0073",-0.0254026424133715
"chr4-0074",-0.010530574957338
"chr4-0075",0.1359627524174
"chr4-0076",-0.000373057324054621
"chr4-0077",0.195545528182583
"chr4-0078",0.0418185155719724
"chr4-0079",0.126554026166358
"chr4-0080",0.203606598796565
"chr4-0081",0.0390653410310629
"chr4-0082",0.0517759478111376
"chr4-0083",0.0231629179674496
"chr4-0084",-0.029959172543741
"chr4-0085",0.110068630880303
"chr4-0086",0.00933250145887947
"chr4-0087",0.0213579803909582
"chr4-0088",0.0406819097545677
"chr4-0089",0.0426697286563291
"chr4-0090",0.114176204563215
"chr4-0091",0.26202556500272
"chr4-0092",0.184946571559421
"chr4-0093",0.0500120566995278
"chr4-0094",-0.0187772437266241
"chr4-0095",0.0273353428917637
"chr4-0096",0.103650614599949
"chr4-0097",0.0306713609801987
"chr4-0098",0.059104540290333
"chr4-0099",0.145083137989399
"chr4-0100",-0.0472679328992431
"chr4-0101",-0.0250681244730101
"chr4-0102",0.00274517307068088
"chr4-0103",-0.0209688914001448
"chr4-0104",0.0653942661733142
"chr4-0105",0.0644274277214876
"chr4-0106",0.0270665165503705
"chr4-0107",0.0761901954261022
"chr4-0108",0.161788784112766
"chr4-0109",-0.0599638307375391
"chr4-0110",0.139204362063098
"chr4-0111",0.0354932148162076
"chr4-0112",0.0259510283777868
"chr4-0113",0.0221511708485965
"chr4-0114",0.0578773679490634
"chr4-0115",0.0903063109768476
"chr4-0116",0.0300034560784608
"chr4-0117",0.0600821291924734
"chr4-0118",-0.0526008836028073
"chr4-0119",-0.034041136052553
"chr4-0120",0.126056532935323
"chr4-0121",0.0951267210668649
"chr4-0122",0.230529369775824
"chr4-0123",0.0187480760350677
"chr4-0124",-0.133890597221834
"chr4-0125",-0.105038259987189
"chr4-0126",-0.064956854765253
"chr4-0127",0.0298129871213741
"chr4-0128",0.184485848220921
"chr4-0129",0.249553160278124
"chr4-0130",0.228925088002173
"chr4-0131",0.066055373838994
"chr4-0132",0.206671346153376
"chr4-0133",0.144554485324737
"chr4-0134",0.0398375730855455
"chr4-0135",0.0227408201741646
"chr4-0136",0.165461948622177
"chr4-0137",0.0972523121603638
"chr4-0138",0.249588135419185
"chr4-0139",0.260045440996902
"chr4-0140",0.0593622937552039
"chr4-0141",0.330766416777568
"chr4-0142",0.276559338461818
"chr4-0143",0.169890411935077
"chr4-0144",0.0360818744877141
"chr4-0145",0.186412911135723
"chr4-0146",0.222363276449563
"chr4-0147",0.154649941352725
"chr4-0148",0.0159208265092216
"chr4-0149",0.123875788115733
"chr4-0150",0.138141757855347
"chr4-0151",0.136840057480466
"chr4-0152",0.230297186757366
"chr4-0153",0.182044410957009
"chr4-0154",0.151387398157497
"chr4-0155",0.173767130404974
"chr4-0156",0.0146127823142125
"chr4-0157",0.0659134707207324
"chr4-0158",0.133007309006516
"chr4-0159",0.108640336930731
"chr4-0160",0.12519010285909
"chr4-0161",0.0302979239232336
"chr4-0162",0.265017650922408
"chr4-0163",0.182577065429634
"chr4-0164",0.190518623244122
"chr4-0165",0.0595090409692368
"chr4-0166",0.238578283983115
"chr4-0167",-0.110170953219404
"chr4-0168",0.283628235123081
"chr4-0169",0.305222041187968
"chr4-0170",0.0592180858729488
"chr4-0171",0.191471351986929
"chr4-0172",0.424673785407737
"chr4-0173",0.0863557641261886
"chr4-0174",0.0618706475159886
"chr4-0175",0.0199579614048486
"chr4-0176",-0.060112959356
"chr4-0177",0.0865983032007766
"chr4-0178",0.0850972957147475
"chr4-0179",0.0481819396615112
"chr4-0180",0.106467858633546
"chr4-0181",0.112887949627951
"chr4-0182",0.11620050945084
"chr4-0183",0.124671150721996
"chr4-0184",0.0378077901009217
"chr4-0185",0.176504998071063
"chr4-0186",0.137872609701455
"chr4-0187",0.0755786531978208
"chr4-0188",0.185359952948657
"chr4-0189",0.204650588445823
"chr4-0190",0.0139619426084528
"chr4-0191",0.108732597084081
"chr4-0192",0.272476603455708
"chr4-0193",0.228705410906304
"chr4-0194",0.210323962769964
"chr4-0195",0.110219296433078
"chr4-0196",0.287490381604527
"chr4-0197",0.206847042750498
"chr4-0198",0.151475410363603
"chr4-0199",0.0414985535404791
"chr4-0200",0.232026175383059
"chr4-0201",0.132364806113296
"chr4-0202",0.149769081229808
"chr4-0203",0.0674153854719703
"chr4-0204",0.16620893523265
"chr4-0205",0.0615468059163341
"chr4-0206",0.189179853922322
"chr4-0207",0.301998656937584
"chr4-0208",0.227267680229704
"chr4-0209",0.13156640717839
"chr4-0210",0.227387215143542
"chr4-0211",0.0377729732169574
"chr4-0212",0.317202294244879
"chr4-0213",0.101744583551378
"chr4-0214",0.220756317095534
"chr4-0215",0.225296625050038
"chr4-0216",-0.0820773584740775
"chr4-0217",0.0467223173549237
"chr4-0218",0.150097677641112
"chr4-0219",0.213983421682807
"chr4-0220",0.174077646439258
"chr4-0221",0.00307129065013189
"chr4-0222",0.056559820287962
"chr4-0223",0.0603604912782052
"chr4-0224",0.24183886059455
"chr4-0225",0.0939795736026483
"chr4-0226",0.0200940367138864
"chr4-0227",0.140455709034408
"chr4-0228",0.195212198067753
"chr4-0229",0.0459067115474722
"chr4-0230",-0.00652980979296452
"chr4-0231",0.0522047015871889
"chr4-0232",0.186156683650196
"chr4-0233",-0.0822906384465658
"chr4-0234",-0.00819448338086308
"chr4-0235",0.190181352963643
"chr4-0236",0.152607616640501
"chr4-0237",0.263185653642229
"chr4-0238",0.0344910203688604
"chr4-0239",0.341341253535955
"chr4-0240",0.129215882805118
"chr4-0241",0.0810007412881666
"chr4-0242",0.0897331667491316
"chr4-0243",0.280127939167859
"chr4-0244",0.146128847439045
"chr4-0245",-0.0543413441488874
"chr4-0246",0.0736189148665688
"chr4-0247",0.165199054450308
"chr4-0248",-0.202152995033012
"chr4-0249",0.215395880538366
"chr4-0250",0.233421192181325
"chr4-0251",0.250527424047085
"chr4-0252",0.114091124831767
"chr4-0253",0.0857328238628013
"chr4-0254",0.188337798526926
"chr4-0255",0.205616964464929
"chr4-0256",0.184260800788973
"chr4-0257",0.308088240617622
"chr4-0258",0.239545832486539
"chr4-0259",0.416306903607667
"chr4-0260",0.209088476147128
"chr4-0261",0.439787831372712
"chr4-0262",0.0856797733658959
"chr4-0263",0.0337533053256431
"chr4-0264",0.0667314097516886
"chr4-0265",0.248287792491143
"chr4-0266",-0.119138044056418
"chr4-0267",0.0286305781580997
"chr4-0268",0.147909169476129
"chr4-0269",0.062625814161341
"chr4-0270",0.257497881893054
"chr4-0271",0.116682893832526
"chr4-0272",0.31753011576698
"chr4-0273",0.128823649729351
"chr4-0274",0.387727794536575
"chr4-0275",0.0793110767822133
"chr4-0276",-0.0405750727055181
"chr4-0277",-0.0183354481330421
"chr4-0278",0.0322242415298755
"chr4-0279",-0.0179547645809871
"chr4-0280",0.20460510187252
"chr4-0281",0.17785610671669
"chr4-0282",0.0276894044894807
"chr4-0283",-0.0592063851786811
"chr4-0284",0.158246366951073
"chr4-0285",0.0439991307414331
"chr4-0286",0.0308986804251413
"chr4-0287",0.0789195074649296
"chr4-0288",0.155647187179065
"chr4-0289",0.115379707738061
"chr4-0290",0.164110447864822
"chr4-0291",0.0722673982487856
"chr4-0292",0.0154265671087877
"chr4-0293",-0.0368457739553291
"chr4-0294",0.0753117458120217
"chr4-0295",-0.00371168667242728
"chr4-0296",0.0971865878695436
"chr4-0297",0.00173237807572864
"chr4-0298",0.194973579905488
"chr4-0299",0.127916283947779
"chr4-0300",0.15976150498906
"chr4-0301",0.0695945364599764
"chr4-0302",0.2316895194403
"chr4-0303",0.160747125229214
"chr4-0304",-0.0382967347212413
"chr4-0305",0.127029230176079
"chr4-0306",0.167204000220466
"chr4-0307",-0.0292921370700761
"chr4-0308",0.183922631777315
"chr4-0309",0.17735429932994
"chr4-0310",0.159203530236671
"chr4-0311",-0.0319969860863341
"chr4-0312",0.0458278526754158
"chr4-0313",-0.0951636259889591
"chr4-0314",0.0782223836521422
"chr4-0315",0.131671333980517
"chr4-0316",0.0348581097847265
"chr4-0317",0.120649082727863
"chr4-0318",-0.0101495162004518
"chr4-0319",0.0932384956803989
"chr4-0320",0.153371539534357
"chr4-0321",0.118241640836094
"chr4-0322",0.000740600510402471
"chr4-0323",0.133103728862467
"chr4-0324",0.118858173046607
"chr4-0325",0.0633916285567356
"chr4-0326",0.253440817522068
"chr4-0327",0.218373658722824
"chr4-0328",0.124843697346431
"chr4-0329",-0.0770078153219445
"chr4-0330",0.140240884156749
"chr4-0331",0.320292833654384
"chr4-0332",0.15367347045612
"chr4-0333",0.150328169453168
"chr4-0334",-0.0421879051380494
"chr4-0335",0.166761632604276
"chr4-0336",0.340580558500778
"chr4-0337",0.0588954728626088
"chr4-0338",0.101205903339613
"chr4-0339",0.359975590491806
"chr4-0340",0.177823707848168
"chr4-0341",0.304657808040523
"chr4-0342",0.0603586347364571
"chr4-0343",0.028474947356857
"chr4-0344",0.0453342803755232
"chr4-0345",0.198985071629005
"chr4-0346",-0.0233830751001102
"chr4-0347",0.347034491085844
"chr4-0348",0.0222282372607442
"chr4-0349",0.141058051362476
"chr4-0350",0.175354863580162
"chr4-0351",0.0232522449301474
"chr4-0352",-0.0117186700272823
"chr4-0353",0.302608068777533
"chr4-0354",0.1076172563624
"chr4-0355",0.230518667068243
"chr4-0356",0.15107293864815
"chr4-0357",0.0789764956682177
"chr4-0358",0.166922647205426
"chr4-0359",0.132391405177357
"chr4-0360",0.161749836037341
"chr4-0361",0.0484547547606471
"chr4-0362",0.0426945553354977
"chr4-0363",0.0803184915223366
"chr4-0364",0.145772009080034
"chr4-0365",0.131782292270322
"chr4-0366",0.190331261787614
"chr4-0367",0.178876259850696
"chr4-0368",0.0521116902855874
"chr4-0369",0.211389559712726
"chr4-0370",0.0566724026161428
"chr4-0371",0.131021194888349
"chr4-0372",0.0713823776345271
"chr4-0373",0.123375267014811
"chr4-0374",0.152731437527931
"chr4-0375",0.15780844491644
"chr4-0376",0.190335732625587
"chr4-0377",0.117250416105925
"chr4-0378",-0.121922318554765
"chr4-0379",0.10906834029343
"chr4-0380",0.168803030958544
"chr4-0381",0.292418281591658
"chr4-0382",0.193735419882514
"chr4-0383",0.0685778347886226
"chr4-0384",0.322611318294173
"chr4-0385",0.213732415733408
"chr4-0386",0.212173305837878
"chr4-0387",0.0197859080171063
"chr4-0388",0.141717769405744
"chr4-0389",-0.0975813161768061
"chr4-0390",0.0837417995071517
"chr4-0391",0.0153074914165986
"chr4-0392",-0.0388599914788234
"chr4-0393",0.180993676492981
"chr4-0394",0.0191222711099744
"chr4-0395",0.292373959883123
"chr4-0396",0.105424986966104
"chr4-0397",0.0641725986609372
"chr4-0398",0.163769798031328
"chr4-0399",0.218972451273215
"chr4-0400",0.104136211108943
"chr4-0401",0.271240790982916
"chr4-0402",0.083870092138475
"chr4-0403",0.15836962173373
"chr4-0404",0.0791509321986853
"chr4-0405",0.0729515237174936
"chr4-0406",0.154843320149961
"chr4-0407",0.0895324365777237
"chr4-0408",0.237633958743217
"chr4-0409",0.0974826910967487
"chr4-0410",0.295351754901266
"chr4-0411",0.24689626329907
"chr4-0412",0.0160291259659972
"chr4-0413",-0.0700527353948319
"chr4-0414",0.131252680681778
"chr4-0415",0.0661433639225187
"chr4-0416",0.140204768260592
"chr4-0417",0.274139179506696
"chr4-0418",-0.134312273225577
"chr4-0419",0.126112900148968
"chr4-0420",-0.0337247759297871
"chr4-0421",0.261647468721164
"chr4-0422",0.116473329822316
"chr4-0423",0.136913498170609
"chr4-0424",0.119450995724867
"chr4-0425",0.182790696914631
"chr4-0426",0.246404160661992
"chr4-0427",0.202469901466806
"chr4-0428",0.0262361907579824
"chr4-0429",0.251139020865198
"chr4-0430",0.129029403773935
"chr4-0431",0.213297504619247
"chr4-0432",0.106698567448472
"chr4-0433",0.137914676687334
"chr4-0434",-0.0250922257065367
"chr4-0435",0.163579605380256
"chr4-0436",0.130767197773635
"chr4-0437",0.264692839455811
"chr4-0438",0.155805427566322
"chr4-0439",0.164494931070447
"chr4-0440",0.200593746020622
"chr4-0441",0.107945202733942
"chr4-0442",0.263331420994341
"chr4-0443",0.183424394386713
"chr4-0444",0.0243992673319502
"chr4-0445",0.0989248236210516
"chr4-0446",0.113959522743432
"chr4-0447",-0.108205920905389
"chr4-0448",0.186996460506568
"chr4-0449",-0.0418541969101407
"chr4-0450",0.225379555447547
"chr4-0451",0.193078343568236
"chr4-0452",0.210082512939843
"chr4-0453",0.255507913584692
"chr4-0454",0.178771160421684
"chr4-0455",0.189476734421395
"chr4-0456",0.209669418934222
"chr4-0457",0.381091186709141
"chr4-0458",0.15857325189925
"chr4-0459",0.229301260062462
"chr4-0460",0.102617057184294
"chr4-0461",-0.145715420167994
"chr4-0462",0.226126521926933
"chr4-0463",0.115053744054797
"chr4-0464",0.208674829193784
"chr4-0465",0.0445332327581558
"chr4-0466",0.191351909739509
"chr4-0467",0.265171064244511
"chr4-0468",0.0579196325537848
"chr4-0469",0.360893933078891
"chr4-0470",0.108186409999471
"chr4-0471",0.210670573343576
"chr4-0472",0.0771189507615962
"chr4-0473",0.262973043121881
"chr4-0474",0.336157757166271
"chr4-0475",0.227128246395447
"chr4-0476",0.412391350426917
"chr4-0477",0.272452962222071
"chr4-0478",0.216456650745317
"chr4-0479",0.245651937231064
"chr4-0480",0.178499172836674
"chr4-0481",0.0952754160087955
"chr4-0482",0.235163022098809
"chr4-0483",0.199183943434579
"chr4-0484",0.00907721110313139
"chr4-0485",0.157467961195932
"chr4-0486",0.177075066893328
"chr4-0487",0.467535533874052
"chr4-0488",0.150961733462134
"chr4-0489",0.195963090648821
"chr4-0490",0.213646706656812
"chr4-0491",0.263416548776371
"chr4-0492",0.274323362247138
"chr4-0493",-0.111077686287024
"chr4-0494",0.302330571919177
"chr4-0495",0.31858467510657
"chr4-0496",0.128783039112776
"chr4-0497",0.264941040898812
"chr4-0498",0.273130647358493
"chr4-0499",0.194007906398847
"chr4-0500",0.218342789159312
"chr4-0501",0.121181066802355
"chr4-0502",0.0201653817129623
"chr4-0503",0.179644984072931
"chr4-0504",0.2859917960814
"chr4-0505",0.144971446687496
"chr4-0506",0.102073048005903
"chr4-0507",0.0281365450709752
"chr4-0508",0.0793572294183121
"chr4-0509",0.20483038748642
"chr4-0510",0.246082291229708
"chr4-0511",0.150320055221563
"chr4-0512",0.0962838980960571
"chr4-0513",0.101533494521507
"chr4-0514",0.248150906433272
"chr4-0515",0.361394940843715
"chr4-0516",0.106371724390413
"chr4-0517",0.0141996229774629
"chr4-0518",0.204680823609028
"chr4-0519",-0.0689526589962783
"chr4-0520",0.258593526990798
"chr4-0521",0.166370945052708
"chr4-0522",0.288581639225563
"chr4-0523",0.180652247360126
"chr4-0524",0.0946134194685533
"chr4-0525",0.135323204451688
"chr4-0526",0.179677243762402
"chr4-0527",0.0614397042928864
"chr4-0528",0.114469430919689
"chr4-0529",0.0496370810097423
"chr4-0530",0.0897008382814299
"chr4-0531",0.110336247095921
"chr4-0532",0.106023686989334
"chr4-0533",0.122705308630339
"chr4-0534",0.157150940762417
"chr4-0535",0.103603950460547
"chr4-0536",0.12619052259679
"chr4-0537",0.027907164281597
"chr4-0538",0.0590315858133995
"chr4-0539",0.184894459037983
"chr4-0540",0.26010952903448
"chr4-0541",0.181025682559153
"chr4-0542",-0.0107885578454168
"chr4-0543",0.124374950592955
"chr4-0544",0.344766939967855
"chr4-0545",0.333510753722276
"chr4-0546",0.13560090843817
"chr4-0547",0.0850116602173119
"chr4-0548",0.213933661687295
"chr4-0549",0.0940873390840166
"chr4-0550",0.138555589090549
"chr4-0551",0.197375549967737
"chr4-0552",0.364962752991232
"chr4-0553",0.164309128109359
"chr4-0554",0.193679254637274
"chr4-0555",0.263953509267337
"chr4-0556",0.226242521125015
"chr4-0557",0.144632996337041
"chr4-0558",0.194740625433819
"chr4-0559",0.266536624700526
"chr4-0560",0.296141381821431
"chr4-0561",0.212028694209878
"chr4-0562",0.202101251650894
"chr4-0563",0.211429371230194
"chr4-0564",0.132687078977811
"chr4-0565",0.305561509316879
"chr4-0566",0.185178177510247
"chr4-0567",0.144279951372105
"chr4-0568",0.121655945880971
"chr4-0569",0.309124629082681
"chr4-0570",0.153690210056591
"chr4-0571",0.25523019329818
"chr4-0572",0.239663618633301
"chr4-0573",0.150014694996884
"chr4-0574",0.304963591190267
"chr4-0575",0.320735325947656
"chr4-0576",0.246694681797218
"chr4-0577",0.178970866363257
"chr4-0578",0.123138386496693
"chr4-0579",0.242874629804653
"chr4-0580",-0.00636213683735336
"chr4-0581",0.196820236464663
"chr4-0582",0.113948951670487
"chr4-0583",0.137811101372078
"chr4-0584",0.213441440817681
"chr4-0585",0.0574632909835185
"chr4-0586",0.137133034378859
"chr4-0587",0.19454259722219
"chr4-0588",0.176867087619952
"chr4-0589",0.186774479315786
"chr4-0590",0.0918856910389903
"chr4-0591",0.238325819275298
"chr4-0592",0.142523527641185
"chr4-0593",0.263430209061299
"chr4-0594",0.289191435889031
"chr4-0595",0.196458391398137
"chr4-0596",0.179907565509889
"chr4-0597",0.119831147956234
"chr4-0598",0.139534620294677
"chr4-0599",0.20554037754694
"chr4-0600",0.141809112625752
"chr4-0601",0.242579717551364
"chr4-0602",0.284479903258658
"chr4-0603",0.2349831473593
"chr4-0604",0.255796888504656
"chr4-0605",0.0515637939605795
"chr4-0606",0.0344779014908807
"chr4-0607",0.352911365926886
"chr4-0608",0.00510796837431251
"chr4-0609",0.210412663387279
"chr4-0610",0.204943095216565
"chr4-0611",0.0347905610745936
"chr4-0612",0.24318565387809
"chr4-0613",0.379086258258902
"chr4-0614",0.266234255799938
"chr4-0615",0.232043211714326
"chr4-0616",0.270308923053526
"chr4-0617",0.063065997439528
"chr4-0618",-0.137981459855328
"chr4-0619",0.199682043533442
"chr4-0620",0.160800142750268
"chr4-0621",0.208398638457064
"chr4-0622",0.19024824141527
"chr4-0623",0.201900797154277
"chr4-0624",0.114085113780786
"chr4-0625",0.217214161958429
"chr4-0626",0.203658322964919
"chr4-0627",0.0936942697236848
"chr4-0628",0.18589737819041
"chr4-0629",0.0506823181924866
"chr4-0630",0.131485902228615
"chr4-0631",0.191175204501827
"chr4-0632",0.161753653442331
"chr4-0633",0.0936639305102668
"chr4-0634",0.0284759350121401
"chr4-0635",0.15879448949279
"chr4-0636",0.141605317729369
"chr4-0637",0.0999449651306075
"chr4-0638",0.0553694064046876
"chr4-0639",0.235623788069062
"chr4-0640",0.143271810108424
"chr4-0641",-0.0327348328811972
"chr4-0642",0.11054219870679
"chr4-0643",0.197633317961516
"chr4-0644",0.00836439582181912
"chr4-0645",0.227574486812881
"chr4-0646",0.354907623121584
"chr4-0647",0.274337433475016
"chr4-0648",0.118993803432533
"chr4-0649",0.215379204853679
"chr4-0650",0.133006791951901
"chr4-0651",0.127179279480554
"chr4-0652",0.122454859252027
"chr4-0653",0.131068679123746
"chr4-0654",0.216051850412365
"chr4-0655",0.0466378594468578
"chr4-0656",0.197438683934496
"chr4-0657",0.222799209359578
"chr4-0658",0.0410767381789336
"chr4-0659",0.21561945330212
"chr4-0660",0.348086939903609
"chr4-0661",0.243754423836941
"chr4-0662",0.219684590092357
"chr4-0663",0.201300202269793
"chr4-0664",0.102080944494746
"chr4-0665",0.325892650424678
"chr4-0666",0.159800156435059
"chr4-0667",0.0585747286247166
"chr4-0668",0.0706914653978966
"chr4-0669",0.172756342651584
"chr4-0670",0.182181470169441
"chr4-0671",0.162788270336494
"chr4-0672",0.262554226881785
"chr4-0673",0.207352146000102
"chr4-0674",-0.0789601881231174
"chr4-0675",0.228117885717983
"chr4-0676",0.243634905061563
"chr4-0677",0.159645311163055
"chr4-0678",0.254781515110361
"chr4-0679",0.218213933241262
"chr4-0680",0.305098703833243
"chr4-0681",0.206693198918649
"chr4-0682",0.0545920647131539
"chr4-0683",0.0262407466165984
"chr4-0684",0.282560881294213
"chr4-0685",0.187197825564393
"chr4-0686",0.196695224360823
"chr4-0687",0.178814438874521
"chr4-0688",0.127700253260942
"chr4-0689",0.180656943826074
"chr4-0690",0.247140799706041
"chr4-0691",0.23337056049913
"chr4-0692",0.149675079038633
"chr4-0693",0.207733139504113
"chr4-0694",0.191624125151935
"chr4-0695",0.0845496766754187
"chr4-0696",0.120620024156491
"chr4-0697",0.143301112641506
"chr4-0698",0.0397546674821818
"chr4-0699",0.0902885790882067
"chr4-0700",0.102002789907717
"chr4-0701",0.0923544037331391
"chr4-0702",0.174432901884513
"chr4-0703",0.150616823468202
"chr4-0704",0.255518531353695
"chr4-0705",0.157424418221138
"chr4-0706",0.216403821404225
"chr4-0707",0.0365318516230975
"chr4-0708",0.0802035408203746
"chr4-0709",0.405080373673256
"chr4-0710",0.165653314719455
"chr4-0711",-0.143123762757018
"chr4-0712",0.169944157683017
"chr4-0713",0.303714322105791
"chr4-0714",0.122899366537176
"chr4-0715",0.180484214977668
"chr4-0716",0.217561742745676
"chr4-0717",0.16147871787718
"chr4-0718",0.130992120084692
"chr4-0719",0.249874324636293
"chr4-0720",0.328583672260168
"chr4-0721",0.273984623971471
"chr4-0722",0.200953532442371
"chr4-0723",0.338496369559959
"chr4-0724",0.0715047187845519
"chr4-0725",-0.087110160043384
"chr4-0726",-0.119976335010323
"chr4-0727",-0.146242464938177
"chr4-0728",0.037575411701613
"chr4-0729",0.221152463815036
"chr4-0730",0.309462999326212
"chr4-0731",0.241411660493407
"chr4-0732",0.20063852373358
"chr4-0733",0.295703794780634
"chr4-0734",0.23757194151614
"chr4-0735",0.158324720898887
"chr4-0736",0.215742343260524
"chr4-0737",0.21828619053669
"chr4-0738",0.293747419571985
"chr4-0739",0.162477226575786
"chr4-0740",0.185553266766631
"chr4-0741",0.210838599157403
"chr4-0742",0.189813511126143
"chr4-0743",0.293035459065939
"chr4-0744",0.16725932957495
"chr4-0745",0.18468462378487
"chr4-0746",-0.0423906112346861
"chr4-0747",0.269983496523934
"chr4-0748",0.217095522588933
"chr4-0749",0.0215991964318701
"chr4-0750",-0.0498023321513503
"chr4-0751",-0.00680103412439921
"chr4-0752",-0.110750150896741
"chr4-0753",-0.188538515717401
"chr4-0754",0.0480799692420761
"chr4-0755",0.011509587162549
"chr4-0756",0.200636916139045
"chr4-0757",0.19317721486725
"chr4-0758",0.198504650001477
"chr4-0759",0.0789343977068431
"chr4-0760",-0.20029909814897
"chr4-0761",-0.11687558804055
"chr4-0762",-0.134032153294254
"chr4-0763",-0.100349945584921
"chr4-0764",0.053411092479949
"chr4-0765",-0.0246904103686188
"chr4-0766",-0.0570132328166125
"chr4-0767",0.0771433331538364
"chr4-0768",0.108344593458324
"chr4-0769",-0.111566309105908
"chr4-0770",-0.214671355026031
"chr4-0771",-0.00640351351214711
"chr4-0772",-0.108328432213929
"chr4-0773",-0.199695167851465
"chr4-0774",-0.162027680959392
"chr4-0775",0.153269688662231
"chr4-0776",0.0608160085610834
"chr4-0777",-0.0244297891235077
"chr4-0778",-0.339086306392419
"chr4-0779",-0.118444720326499
"chr4-0780",-0.0334022627950494
"chr4-0781",0.0851515874655661
"chr4-0782",-0.188436489004075
"chr4-0783",-0.200372367430577
"chr4-0784",-0.0117663517804384
"chr4-0785",-0.119492939788901
"chr4-0786",-0.0187371902072486
"chr4-0787",-0.114765742261097
"chr4-0788",-0.108215157611971
"chr4-0789",-0.063478060681818
"chr4-0790",-0.0600643092440792
"chr4-0791",-0.0607231809373611
"chr4-0792",0.0965267174354405
"chr4-0793",0.0686624248200736
"chr4-0794",-0.149685143511003
"chr4-0795",0.0892102354378716
"chr4-0796",-0.000268936219813177
"chr4-0797",-0.00227313063806293
"chr4-0798",0.0404290725307227
"chr4-0799",-0.140549816034247
"chr4-0800",-0.133453865317329
"chr4-0801",-0.1904215227709
"chr4-0802",0.0383099849615276
"chr4-0803",0.26880129511633
"chr4-0804",0.132339260834688
"chr4-0805",0.00424691569822485
"chr4-0806",0.128158682461264
"chr4-0807",-0.0531458125619683
"chr4-0808",-0.255512412698547
"chr4-0809",-0.183150206412452
"chr4-0810",-0.342373535583543
"chr4-0811",-0.0377908495002752
"chr4-0812",-0.0703053120520414
"chr4-0813",-0.200545257123553
"chr4-0814",-0.221740752994967
"chr4-0815",0.0397473126952123
"chr4-0816",-0.0578252393325472
"chr4-0817",-0.119974981105995
"chr4-0818",0.069384235128022
"chr4-0819",0.0731662800047392
"chr4-0820",0.0535695131214951
"chr4-0821",0.0998416577545707
"chr4-0822",-0.0981967511463033
"chr4-0823",-0.0370674266409236
"chr4-0824",-0.10784032108624
"chr4-0825",-0.229550560645211
"chr4-0826",-0.0427770523451728
"chr4-0827",-0.0945845394697822
"chr4-0828",-0.0523225565363317
"chr4-0829",0.0498864009894668
"chr4-0830",0.0648969928061073
"chr4-0831",0.0855225539779491
"chr4-0832",0.0555473217351309
"chr4-0833",-0.0664828766409346
"chr4-0834",-0.084501457521404
"chr4-0835",0.0762323810646381
"chr4-0836",0.0709266938956092
"chr4-0837",-0.0498805165898387
"chr4-0838",-0.182243282292465
"chr4-0839",-0.172282268911027
"chr4-0840",-0.0681608226592338
"chr4-0841",0.0364273673525749
"chr4-0842",-0.194640379213643
"chr4-0843",0.132211696293574
"chr4-0844",0.0337995720243898
"chr4-0845",0.0523867544947436
"chr4-0846",-0.0363785204747038
"chr4-0847",-0.366067374149149
"chr4-0848",-0.161327702966151
"chr4-0849",-0.028779397327194
"chr4-0850",-0.0586169262608548
"chr4-0851",-0.0623020936061572
"chr4-0852",0.0703113742870562
"chr4-0853",0.0807788459768288
"chr4-0854",0.0946246231000527
"chr4-0855",0.151856243773634
"chr4-0856",0.128054900118387
"chr4-0857",0.0572937823451976
"chr4-0858",0.0280986316028251
"chr4-0859",-0.266283042908721
"chr4-0860",-0.114546621892153
"chr4-0861",0.0428408432173437
"chr4-0862",0.0604672155006201
"chr4-0863",0.0488508339449907
"chr4-0864",-0.193267306506372
"chr4-0865",-0.260749261542278
"chr4-0866",0.0708671247321271
"chr4-0867",-0.0348941874512157
"chr4-0868",0.103987914713054
"chr4-0869",-0.214067919744242
"chr4-0870",0.0512032033778932
"chr4-0871",0.0088737538051752
"chr4-0872",-0.0535121060897589
"chr4-0873",0.177088567068815
"chr4-0874",-0.0942592940080444
"chr4-0875",-0.0409234588513299
"chr4-0876",-0.0976341808294386
"chr4-0877",-0.179014131159286
"chr4-0878",-0.070029765570593
"chr4-0879",-0.184330038874549
"chr4-0880",-0.15916756556465
"chr4-0881",-0.159782967448851
"chr4-0882",0.111387600296731
"chr4-0883",-0.0590763781463584
"chr4-0884",-0.203191230205747
"chr4-0885",-0.109119345971921
"chr4-0886",-0.059841455900139
"chr4-0887",0.0713177676167906
"chr4-0888",-0.125656970755718
"chr5-0001",-0.541638384605367
"chr5-0002",-0.235139963855231
"chr5-0003",-0.146559658613493
"chr5-0004",-0.0812947295134841
"chr5-0005",-0.122346434146269
"chr5-0006",0.0403026517868204
"chr5-0007",-0.0240474012405451
"chr5-0008",-0.129468923419524
"chr5-0009",0.0121551901727092
"chr5-0010",0.0684792268000452
"chr5-0011",0.119361282467599
"chr5-0012",0.120954955866721
"chr5-0013",-0.0577994766663782
"chr5-0014",-0.133366251683276
"chr5-0015",-0.0364561828250666
"chr5-0016",-0.122650528802744
"chr5-0017",-0.0755681063640248
"chr5-0018",-0.00896438978204749
"chr5-0019",-0.192639292027316
"chr5-0020",-0.363118422043128
"chr5-0021",-0.505250710140395
"chr5-0022",-0.580897409833891
"chr5-0023",-1.11849011653507
"chr5-0024",-0.759746712195004
"chr5-0025",-0.916304763623669
"chr5-0026",-0.661010938719362
"chr5-0027",-0.261925382610018
"chr5-0028",-0.477851951719938
"chr5-0029",-0.569387027927102
"chr5-0030",-0.283867462918097
"chr5-0031",-0.721873494733746
"chr5-0032",-0.430943260688226
"chr5-0033",-0.604271409011215
"chr5-0034",-0.505902078424649
"chr5-0035",-0.536359278911807
"chr5-0036",-0.483205366562494
"chr5-0037",-0.593846055119437
"chr5-0038",-0.339251886562259
"chr5-0039",-0.412534009676538
"chr5-0040",-0.438946821771392
"chr5-0041",-0.464284005754945
"chr5-0042",-0.423318848886642
"chr5-0043",-0.298186214859038
"chr5-0044",-0.577857045132379
"chr5-0045",-0.262286844968418
"chr5-0046",-0.540401892859621
"chr5-0047",-0.725037123802573
"chr5-0048",-0.457852295472257
"chr5-0049",-0.535788999591223
"chr5-0050",-0.418804757592713
"chr5-0051",-0.750843581823064
"chr5-0052",-0.280616914393137
"chr5-0053",-0.313962541041743
"chr5-0054",-0.417907686990576
"chr5-0055",-0.33817727935859
"chr5-0056",-0.355945605481434
"chr5-0057",-0.462207823446087
"chr5-0058",-0.499764718005336
"chr5-0059",-0.383020015872036
"chr5-0060",-0.239661350190166
"chr5-0061",-0.532005391162807
"chr5-0062",-0.413208795473878
"chr5-0063",-0.278673536762083
"chr5-0064",-0.162380515832037
"chr5-0065",-0.294901726538011
"chr5-0066",-0.415861559099325
"chr5-0067",-0.271118630690052
"chr5-0068",-0.373316633117571
"chr5-0069",-0.31081124842709
"chr5-0070",-0.172315196121392
"chr5-0071",-0.338375756180129
"chr5-0072",-0.136257324664637
"chr5-0073",-0.0621917051645714
"chr5-0074",-0.235604237999599
"chr5-0075",-0.199116187359251
"chr5-0076",-0.2542324969108
"chr5-0077",-0.217661699887352
"chr5-0078",-0.188998145919835
"chr5-0079",-0.304614204962292
"chr5-0080",-0.344354186988802
"chr5-0081",-0.359560124705333
"chr5-0082",-0.059845316490505
"chr5-0083",-0.102908909866437
"chr5-0084",-0.0630420768319498
"chr5-0085",-0.134082382159524
"chr5-0086",-0.214980507805634
"chr5-0087",-0.0453519172661576
"chr5-0088",-0.0673976202813894
"chr5-0089",-0.0424693196492345
"chr5-0090",-0.360540956983817
"chr5-0091",-0.436267156027024
"chr5-0092",-0.371769179482698
"chr5-0093",-0.174076708638932
"chr5-0094",-0.0510259975872919
"chr5-0095",-0.464360258229091
"chr5-0096",-0.351723443757661
"chr5-0097",-0.244633112885341
"chr5-0098",-0.260520695980081
"chr5-0099",-0.0359201846338302
"chr5-0100",-0.195810792561298
"chr5-0101",-0.022481307279731
"chr5-0102",-0.0637359853959972
"chr5-0103",-0.047894132663888
"chr5-0104",-0.0582576595389997
"chr5-0105",0.00813805404075614
"chr5-0106",-0.0875215458068424
"chr5-0107",0.0305773205536755
"chr5-0108",-0.0934140235771194
"chr5-0109",0.102681148086467
"chr5-0110",-0.328814816623848
"chr5-0111",0.0600793362063931
"chr5-0112",0.00780760790996575
"chr5-0113",-0.189375955106818
"chr5-0114",-0.109590610168798
"chr5-0115",-0.168595719786735
"chr5-0116",-0.237275463740566
"chr5-0117",-0.0669713009893269
"chr5-0118",-0.026321824597377
"chr5-0119",-0.194845198249776
"chr5-0120",-0.0128281106237994
"chr5-0121",-0.0705522823320808
"chr5-0122",-0.286161188054686
"chr5-0123",-0.0451488034582376
"chr5-0124",-0.072240024389316
"chr5-0125",-0.302954521056467
"chr5-0126",-0.341456833050679
"chr5-0127",-0.236633375661539
"chr5-0128",-0.344884154894944
"chr5-0129",-0.420324746391199
"chr5-0130",-0.470233322855521
"chr5-0131",-0.0200860664358922
"chr5-0132",-0.368248635707568
"chr5-0133",-0.301493814299627
"chr5-0134",-0.668334582543385
"chr5-0135",-0.979534413307849
"chr5-0136",-0.42537291523183
"chr5-0137",-0.582085007346085
"chr5-0138",-0.338495611981917
"chr5-0139",-0.527891503840769
"chr5-0140",-0.444126170693821
"chr5-0141",-0.474737808938977
"chr5-0142",-0.336928305357493
"chr5-0143",-0.0858539368464298
"chr5-0144",-0.315571954158614
"chr5-0145",-0.216434465393036
"chr5-0146",-0.01687914806576
"chr5-0147",0.237464220552274
"chr5-0148",0.142508512954834
"chr5-0149",-0.00254212125473993
"chr5-0150",0.018332878783374
"chr5-0151",0.158795286139645
"chr5-0152",0.045532556047248
"chr5-0153",-0.045054770998585
"chr5-0154",0.0303152595908206
"chr5-0155",0.0556295624066231
"chr5-0156",-0.0997225511210728
"chr5-0157",-0.101950858975919
"chr5-0158",0.0519503269360308
"chr5-0159",0.0820022742699908
"chr5-0160",0.120471771082385
"chr5-0161",0.0370428508287095
"chr5-0162",-0.129892681796197
"chr5-0163",0.0576090091407031
"chr5-0164",0.0340281799511527
"chr5-0165",-0.0868694248763482
"chr5-0166",-0.0162621197449479
"chr5-0167",0.0190896541139828
"chr5-0168",0.0555144858309625
"chr5-0169",0.0637253799720787
"chr5-0170",0.0442292337028363
"chr5-0171",0.0872266837592259
"chr5-0172",0.112898741791016
"chr5-0173",0.0215116464209249
"chr5-0174",0.00898331556462868
"chr5-0175",0.0373470232729967
"chr5-0176",0.14917666108546
"chr5-0177",0.0894621307874599
"chr5-0178",0.169339666407599
"chr5-0179",0.111905343591647
"chr5-0180",0.213537288341251
"chr5-0181",0.173736016338754
"chr5-0182",0.16246868795381
"chr5-0183",-0.0605970022244031
"chr5-0184",0.0698496970969948
"chr5-0185",0.0800390953994994
"chr5-0186",0.121091346898345
"chr5-0187",-0.142246684180245
"chr5-0188",-0.0553773394331733
"chr5-0189",0.131853134642181
"chr5-0190",0.344836216524145
"chr5-0191",0.28554848076534
"chr5-0192",0.0563666919995442
"chr5-0193",0.130264097055475
"chr5-0194",0.0476658372515008
"chr5-0195",0.145587101016689
"chr5-0196",-0.0413843454839861
"chr5-0197",0.126079351731577
"chr5-0198",0.0081004690849264
"chr5-0199",0.078574339928939
"chr5-0200",0.160909814699693
"chr5-0201",0.0708229814612964
"chr5-0202",-0.0610806135222546
"chr5-0203",0.00737957178252564
"chr5-0204",0.0473186376045052
"chr5-0205",0.176766905536059
"chr5-0206",0.206825180186655
"chr5-0207",0.186835292296803
"chr5-0208",-0.0754022998700569
"chr5-0209",0.129415384510828
"chr5-0210",0.231263763917134
"chr5-0211",0.0588931682357854
"chr5-0212",0.154935821199332
"chr5-0213",0.162582411225481
"chr5-0214",0.019040140950363
"chr5-0215",0.0563494549616398
"chr5-0216",-0.0180851244246201
"chr5-0217",0.0182493583780438
"chr5-0218",0.137484323728388
"chr5-0219",0.170332189157878
"chr5-0220",-0.00834698392139557
"chr5-0221",-0.055119794881575
"chr5-0222",-0.0503020531161998
"chr5-0223",-0.11287285380311
"chr5-0224",0.0497864214705103
"chr5-0225",0.171348732934957
"chr5-0226",0.110529470172549
"chr5-0227",0.208662804324333
"chr5-0228",0.285655234881106
"chr5-0229",0.107117865240711
"chr5-0230",-0.0558724788129083
"chr5-0231",0.142855993608911
"chr5-0232",0.167409097790167
"chr5-0233",-0.0743450688506995
"chr5-0234",0.0143485432857891
"chr5-0235",0.0668384734949652
"chr5-0236",0.095273654930257
"chr5-0237",0.180639782630555
"chr5-0238",0.245091635944181
"chr5-0239",0.102380667111312
"chr5-0240",0.0520866475232943
"chr5-0241",0.0562389620998077
"chr5-0242",-0.019513151481447
"chr5-0243",0.18252203705502
"chr5-0244",0.196651893433371
"chr5-0245",0.207063924582069
"chr5-0246",0.0682446975277009
"chr5-0247",0.228865071984143
"chr5-0248",-0.112297945139625
"chr5-0249",-0.0711890540283491
"chr5-0250",-0.0424481880484543
"chr5-0251",0.0173246443132495
"chr5-0252",-0.0644505443696515
"chr5-0253",-0.14806077421141
"chr5-0254",0.0163018758968011
"chr5-0255",-0.0869222816569643
"chr5-0256",-0.161385445028991
"chr5-0257",-0.0861027213560034
"chr5-0258",-0.176009525599663
"chr5-0259",-0.0780828879022254
"chr5-0260",-0.15708809181185
"chr5-0261",-0.163253012765814
"chr5-0262",-0.383404405285515
"chr5-0263",-0.056078806877169
"chr5-0264",-0.0720859758112803
"chr5-0265",0.00465622965073571
"chr5-0266",0.115062629018882
"chr5-0267",0.158654851346613
"chr5-0268",-0.0922792712679778
"chr5-0269",-0.150401288991716
"chr5-0270",-0.0813219332973016
"chr5-0271",-0.0888259890523398
"chr5-0272",0.0728564672262525
"chr5-0273",-0.172028763281748
"chr5-0274",-0.294675161178022
"chr5-0275",-0.183219654490424
"chr5-0276",-0.0440533118998566
"chr5-0277",-0.0541972448515206
"chr5-0278",0.0261004430763174
"chr5-0279",-0.151381434872893
"chr5-0280",0.138231637775856
"chr5-0281",-0.0656346717637682
"chr5-0282",-0.212146356706433
"chr5-0283",-0.0360971528070915
"chr5-0284",-0.0748169156576952
"chr5-0285",-0.0470775034463621
"chr5-0286",-0.0577528742336123
"chr5-0287",-0.239708134451489
"chr5-0288",-0.194541994907105
"chr5-0289",-0.141097740824459
"chr5-0290",0.0640896524257298
"chr5-0291",-0.139524947233765
"chr5-0292",-0.0169864381971991
"chr5-0293",0.029683356584908
"chr5-0294",0.340270123053109
"chr5-0295",0.0446465580759259
"chr5-0296",0.0829432384862047
"chr5-0297",0.0564497366754383
"chr5-0298",-0.0216628285359066
"chr5-0299",-0.0648069283094392
"chr5-0300",-0.12634044267153
"chr5-0301",-0.0408308447333845
"chr5-0302",-0.0998026395570041
"chr5-0303",-0.0240501763619617
"chr5-0304",-0.122366596394591
"chr5-0305",0.0423463297007652
"chr5-0306",-0.0304557685442945
"chr5-0307",-0.0602664628920889
"chr5-0308",-0.177589214224879
"chr5-0309",-0.0453296858901462
"chr5-0310",-0.210103186066437
"chr5-0311",-0.130690925699323
"chr5-0312",-0.157272862820529
"chr5-0313",-0.233024365881347
"chr5-0314",-0.0296642171167382
"chr5-0315",-0.00740198445667001
"chr5-0316",-0.0420233941102904
"chr5-0317",-0.11000676628748
"chr5-0318",0.0408252429401334
"chr5-0319",0.0398473233268086
"chr5-0320",-0.0819127863346835
"chr5-0321",0.121252188961054
"chr5-0322",-0.0165592616396816
"chr5-0323",-0.0517994697580871
"chr5-0324",-0.313367508593161
"chr5-0325",-0.0768643014017732
"chr5-0326",0.0467460603617403
"chr5-0327",-0.138632827592339
"chr5-0328",-0.0231612148742541
"chr5-0329",-0.0158617041302696
"chr5-0330",-0.0426779547397711
"chr5-0331",0.116849064562791
"chr5-0332",-0.0590008227038702
"chr5-0333",0.0451555852202001
"chr5-0334",0.00572904101436328
"chr5-0335",-0.0777485711278949
"chr5-0336",-0.104894956877006
"chr5-0337",0.131946919765677
"chr5-0338",0.0288098502965545
"chr5-0339",-0.0559646628532885
"chr5-0340",0.0116654979791793
"chr5-0341",-0.243530565522063
"chr5-0342",0.0495086535922816
"chr5-0343",-0.0497063718189636
"chr5-0344",0.080847039036057
"chr5-0345",-0.0419244574397917
"chr5-0346",-0.0643445035043902
"chr5-0347",-0.216399730833181
"chr5-0348",-0.149374114244643
"chr5-0349",-0.0510800874060744
"chr5-0350",-0.0705219286299999
"chr5-0351",-0.117137414048176
"chr5-0352",-0.111737012895093
"chr5-0353",0.101589655672077
"chr5-0354",-0.175839791354262
"chr5-0355",-0.0774889416114545
"chr5-0356",0.063500083822414
"chr5-0357",-0.0228240866309686
"chr5-0358",0.00873673230737883
"chr5-0359",-0.130289102601223
"chr5-0360",0.0506418172330537
"chr5-0361",-0.0135361758900876
"chr5-0362",-0.00803398292854924
"chr5-0363",0.199396201716962
"chr5-0364",-0.177363515227158
"chr5-0365",-0.0370039005304119
"chr5-0366",-0.0755726603566524
"chr5-0367",-0.205527726818268
"chr5-0368",-0.00804289345342147
"chr5-0369",0.000827305062054997
"chr5-0370",0.0408398531923432
"chr5-0371",-0.148177369459637
"chr5-0372",-0.215245879674322
"chr5-0373",-0.0290762512766303
"chr5-0374",0.0438568216353864
"chr5-0375",-0.224619908875541
"chr5-0376",0.000657324938345955
"chr5-0377",-0.148106987656206
"chr5-0378",-0.100782993538621
"chr5-0379",0.0158258608634299
"chr5-0380",-0.0557228212638107
"chr5-0381",-0.0438998222389251
"chr5-0382",-0.20557457857829
"chr5-0383",-0.0787893384233796
"chr5-0384",-0.205530770417544
"chr5-0385",-0.0745157391838245
"chr5-0386",-0.155293016241521
"chr5-0387",-0.153681296580673
"chr5-0388",-0.0260262071601839
"chr5-0389",-0.191847618767676
"chr5-0390",-0.0262694022377112
"chr5-0391",-0.28789494396388
"chr5-0392",-0.210233357512129
"chr5-0393",-0.260565178931809
"chr5-0394",0.0666460358252301
"chr5-0395",-0.11493542533778
"chr5-0396",-0.00294104200725385
"chr5-0397",-0.0866180500171979
"chr5-0398",0.00530030892059613
"chr5-0399",0.00886197627047174
"chr5-0400",-0.151266014734263
"chr5-0401",3.64056544966997e-05
"chr5-0402",-0.00121155367238026
"chr5-0403",-0.0986188272978521
"chr5-0404",-0.122617724662647
"chr5-0405",0.15252201830019
"chr5-0406",-0.0827561692455708
"chr5-0407",0.075261725092115
"chr5-0408",0.00964037362773116
"chr5-0409",-0.180750059840071
"chr5-0410",-0.0598039632191408
"chr5-0411",-0.113834683289549
"chr5-0412",0.0748824479492487
"chr5-0413",0.0928701392881432
"chr5-0414",-0.123255263549103
"chr5-0415",-0.11969877370525
"chr5-0416",-0.265128847490628
"chr5-0417",-0.111698395950635
"chr5-0418",0.0318812467251828
"chr5-0419",-0.021049225979793
"chr5-0420",-0.212388545191756
"chr5-0421",-0.056716063876903
"chr5-0422",-0.0310916036969397
"chr5-0423",-0.0724348388054041
"chr5-0424",0.0252669046714686
"chr5-0425",-0.190303222077358
"chr5-0426",-0.0190654487674438
"chr5-0427",-0.00388863693606232
"chr5-0428",-0.169164160430186
"chr5-0429",0.0533826814643695
"chr5-0430",0.104019376331312
"chr5-0431",-0.288099044649581
"chr5-0432",-0.0929703729179847
"chr5-0433",-0.0165066746442461
"chr5-0434",-0.114191982264824
"chr5-0435",-0.131395184418897
"chr5-0436",-0.103016024092074
"chr5-0437",0.0771311271855706
"chr5-0438",-0.0173400843580491
"chr5-0439",0.12729507332818
"chr5-0440",-0.0161021368227861
"chr5-0441",0.0351973969405149
"chr5-0442",-0.0183453655851925
"chr5-0443",0.0691374793271324
"chr5-0444",0.0745436246729069
"chr5-0445",-0.377250532268872
"chr5-0446",-0.130824641555845
"chr5-0447",-0.202137808730461
"chr5-0448",-0.424880094471103
"chr5-0449",0.436158125512407
"chr5-0450",0.225523282043712
"chr5-0451",-0.247495354463161
"chr5-0452",-0.0026263296406785
"chr5-0453",0.257898566579499
"chr5-0454",0.610683578862076
"chr5-0455",0.264942058851208
"chr5-0456",-0.0100395215074209
"chr5-0457",-0.176419446150797
"chr5-0458",-0.0312572523439024
"chr5-0459",0.217818223425033
"chr5-0460",0.412027489427259
"chr5-0461",0.309953443368604
"chr5-0462",0.500135595262575
"chr5-0463",0.373758042257329
"chr5-0464",0.473762643854572
"chr5-0465",0.242579110223502
"chr5-0466",0.3499339816175
"chr5-0467",0.326657978941953
"chr5-0468",0.259062832165804
"chr5-0469",0.541982259612052
"chr5-0470",0.0535110270532695
"chr5-0471",0.0254933815393443
"chr5-0472",0.0970687573658364
"chr5-0473",0.146551735165534
"chr5-0474",0.107939628121408
"chr5-0475",0.0394507805812434
"chr5-0476",0.0137726973908414
"chr5-0477",-0.00538318413767346
"chr5-0478",0.0454054286203858
"chr5-0479",-0.190526942865848
"chr5-0480",-0.0108345344571424
"chr5-0481",0.0688817776440099
"chr5-0482",0.240314164490428
"chr5-0483",0.425414773406851
"chr5-0484",0.379486461729792
"chr5-0485",0.368114018596573
"chr5-0486",-0.000105490775012295
"chr5-0487",0.0832866700242995
"chr5-0488",-0.0964871623906369
"chr5-0489",0.0632652624842666
"chr5-0490",-0.102537550736552
"chr5-0491",-0.133842984402006
"chr5-0492",0.0313900895243553
"chr5-0493",0.0503067359191119
"chr5-0494",0.0477441982422198
"chr5-0495",0.00646336037220281
"chr5-0496",0.116187115316656
"chr5-0497",0.371372096088759
"chr5-0498",-0.198258183941459
"chr5-0499",0.106567923501888
"chr5-0500",0.170777890685342
"chr5-0501",0.0816952640016937
"chr5-0502",0.258124988905382
"chr5-0503",0.171289114751468
"chr5-0504",0.109504597080201
"chr5-0505",-0.0173912945556716
"chr5-0506",0.145728057859832
"chr5-0507",0.0929364275382536
"chr5-0508",0.0506487479369596
"chr5-0509",0.127593079343708
"chr5-0510",0.106585396742986
"chr5-0511",0.213855903323627
"chr5-0512",0.120814461171956
"chr5-0513",0.227120464399372
"chr5-0514",0.206548065860223
"chr5-0515",0.143684748726157
"chr5-0516",0.269621900819158
"chr5-0517",0.37059118681594
"chr5-0518",0.25124182463097
"chr5-0519",0.286108547910006
"chr5-0520",0.105835043296784
"chr5-0521",0.356982244725334
"chr5-0522",0.226991220311957
"chr5-0523",0.260475975036167
"chr5-0524",0.261758550115889
"chr5-0525",0.259104877509907
"chr5-0526",0.121186717799235
"chr5-0527",0.309808741819516
"chr5-0528",0.0200018053046387
"chr5-0529",0.0842379932320652
"chr5-0530",0.167123072267568
"chr5-0531",0.395307931658946
"chr5-0532",0.196586035895543
"chr5-0533",0.178027924852224
"chr5-0534",0.200711861191645
"chr5-0535",0.152035784767696
"chr5-0536",0.0854900077996396
"chr5-0537",0.223156390382205
"chr5-0538",0.140865579008427
"chr5-0539",0.204693187424201
"chr5-0540",0.131736060018958
"chr5-0541",0.299706276226508
"chr5-0542",0.219338621006631
"chr5-0543",0.206227323661791
"chr5-0544",0.0923371762713284
"chr5-0545",0.169375357428953
"chr5-0546",0.158462251098724
"chr5-0547",0.180276622074441
"chr5-0548",0.203270814730193
"chr5-0549",0.0459913543772573
"chr5-0550",0.0174685733306293
"chr5-0551",0.0101029838557937
"chr5-0552",0.171881372432769
"chr5-0553",0.179505805846208
"chr5-0554",0.178675527529673
"chr5-0555",0.173726339872826
"chr5-0556",0.222988671145626
"chr5-0557",0.247872486453692
"chr5-0558",0.191243915230533
"chr5-0559",-0.0206403876710843
"chr5-0560",0.0867538430832224
"chr5-0561",0.373398827280099
"chr5-0562",0.214430779834838
"chr5-0563",0.135730094906473
"chr5-0564",0.251388661119128
"chr5-0565",0.291605495863765
"chr5-0566",0.153758985161638
"chr5-0567",0.0824018103327704
"chr5-0568",0.221322202452774
"chr5-0569",0.299288133498382
"chr5-0570",0.229150698113665
"chr5-0571",0.213502243875908
"chr5-0572",0.218166609221442
"chr5-0573",0.104428479923061
"chr5-0574",0.0994937862278341
"chr5-0575",-0.139242656668469
"chr5-0576",-0.138243726601123
"chr5-0577",0.0506324649146053
"chr5-0578",0.11707821591943
"chr5-0579",0.103765832390426
"chr5-0580",0.213093365360245
"chr5-0581",0.0754681937155591
"chr5-0582",0.182082177277381
"chr5-0583",0.211329175831847
"chr5-0584",0.278523265011513
"chr5-0585",0.184747428675385
"chr5-0586",0.176315023206793
"chr5-0587",0.273760014494317
"chr5-0588",0.203169708784637
"chr5-0589",0.140078110813803
"chr5-0590",0.208667566944134
"chr5-0591",0.266983995221459
"chr5-0592",0.236685729000836
"chr5-0593",0.387116601916173
"chr5-0594",0.223732787856107
"chr5-0595",0.163527545569112
"chr5-0596",-0.0538252571967514
"chr5-0597",-0.140840641269567
"chr5-0598",-0.200659055189441
"chr5-0599",-0.131275245899927
"chr5-0600",-0.16508017252288
"chr5-0601",-0.0340584496100312
"chr5-0602",0.0601657322140575
"chr5-0603",-0.0771388885723028
"chr5-0604",-0.325319972666668
"chr5-0605",-0.0965539604025681
"chr5-0606",-0.0305967606566353
"chr5-0607",0.0410902714280778
"chr5-0608",0.145906675326043
"chr5-0609",0.277280539581411
"chr5-0610",0.313779590238396
"chr5-0611",0.383099043720369
"chr5-0612",0.14144718076806
"chr5-0613",0.094547676069274
"chr5-0614",0.325482281032633
"chr5-0615",0.245184998452432
"chr5-0616",0.216186394510783
"chr5-0617",0.331939973971564
"chr5-0618",0.444472530367737
"chr5-0619",0.41058848100556
"chr5-0620",0.432082334740223
"chr5-0621",0.473037698708273
"chr5-0622",0.306939595178663
"chr5-0623",0.28021795289905
"chr5-0624",0.381364777684891
"chr5-0625",0.569533771788549
"chr5-0626",0.341225704881791
"chr5-0627",0.375954637046906
"chr5-0628",0.0937536759581906
"chr5-0629",0.404389776334808
"chr5-0630",0.184279493228967
"chr5-0631",0.372993550943179
"chr5-0632",0.460376952515103
"chr5-0633",0.281429719867696
"chr5-0634",0.245994678544479
"chr5-0635",0.233007103722875
"chr5-0636",0.204940260347554
"chr5-0637",0.280616606915794
"chr5-0638",0.242269363793936
"chr5-0639",0.249828207133522
"chr5-0640",0.125744410615381
"chr5-0641",0.0881181123647428
"chr5-0642",0.150907830068056
"chr5-0643",0.175988086125989
"chr5-0644",0.222537315727988
"chr5-0645",0.246405460845334
"chr5-0646",0.186329030904032
"chr5-0647",0.127274335584503
"chr5-0648",0.132762870480471
"chr5-0649",0.0922770422918835
"chr5-0650",0.0607271229964067
"chr5-0651",0.115321662244226
"chr5-0652",0.159625321626379
"chr5-0653",0.167407890394529
"chr5-0654",0.0366401350743514
"chr5-0655",0.0835123200636019
"chr5-0656",0.0315117410098137
"chr5-0657",0.0311757911740013
"chr5-0658",0.00747778585333125
"chr5-0659",-0.0177281842718065
"chr5-0660",0.0655607755999306
"chr5-0661",0.0777276421407975
"chr5-0662",-0.0287972645069843
"chr5-0663",0.193294958104211
"chr5-0664",0.0477340952715255
"chr5-0665",0.09544824229727
"chr5-0666",0.139213341447376
"chr5-0667",0.142759922547132
"chr5-0668",0.115754634164817
"chr5-0669",0.171899574962517
"chr5-0670",0.0575314957544555
"chr5-0671",0.0821228875808743
"chr5-0672",0.0487061581295229
"chr5-0673",0.16702717890759
"chr5-0674",0.0757873875895692
"chr5-0675",0.0836629825819113
"chr5-0676",0.0527918609403895
"chr5-0677",0.151555757097323
"chr5-0678",0.324770114074249
"chr5-0679",0.133092372202599
"chr5-0680",0.124769849697319
"chr5-0681",0.0715135825115163
"chr5-0682",0.0499091511431816
"chr5-0683",-0.108931333272907
"chr5-0684",0.0749587147728089
"chr5-0685",0.195407321770608
"chr5-0686",0.185547424113533
"chr5-0687",0.0478177062190465
"chr5-0688",0.208237207255446
"chr5-0689",0.107653003690564
"chr5-0690",0.0789482295953618
"chr5-0691",0.044116824535781
"chr5-0692",0.111963678097089
"chr5-0693",0.0362521133867664
"chr5-0694",0.126747877544961
"chr5-0695",0.18030842806457
"chr5-0696",0.189346877541341
"chr5-0697",-0.0196476643161609
"chr5-0698",0.060171583158223
"chr5-0699",0.00548199281243141
"chr5-0700",0.107820928876366
"chr5-0701",0.0925828926301455
"chr5-0702",0.141381524388926
"chr5-0703",0.148466602978667
"chr5-0704",-0.0697683964379694
"chr5-0705",0.0986835368643714
"chr5-0706",0.236695054375163
"chr5-0707",0.110906841133169
"chr5-0708",0.234403507327682
"chr5-0709",0.132749521450864
"chr5-0710",0.155181526128632
"chr5-0711",0.13240418903837
"chr5-0712",0.0317553466748177
"chr5-0713",-0.050197390797355
"chr5-0714",0.135259316776289
"chr5-0715",0.255687631446871
"chr5-0716",0.137471522694656
"chr5-0717",0.0967620382637869
"chr5-0718",0.0445558962278209
"chr5-0719",0.0157311203703584
"chr5-0720",0.193190982066027
"chr5-0721",0.292804079557546
"chr5-0722",0.412860012347845
"chr5-0723",0.398084319436529
"chr5-0724",0.218264908102394
"chr5-0725",0.215978113139152
"chr5-0726",0.17387313221307
"chr5-0727",0.177291345444364
"chr5-0728",0.166147234940594
"chr5-0729",0.360378610716793
"chr5-0730",0.238882093619402
"chr5-0731",0.249927689622073
"chr5-0732",0.242125470335884
"chr5-0733",0.297018994394489
"chr5-0734",0.246670919384914
"chr5-0735",0.172927648273082
"chr5-0736",0.157932768597294
"chr5-0737",0.237082756624335
"chr5-0738",0.220137158461413
"chr5-0739",0.268926682832372
"chr5-0740",0.49607512612354
"chr5-0741",0.174762836642914
"chr5-0742",0.115532062303921
"chr5-0743",0.169479734465578
"chr5-0744",0.151430936147632
"chr5-0745",0.264857962183676
"chr5-0746",0.235368752444084
"chr5-0747",0.389141500801646
"chr5-0748",0.0879917830587089
"chr5-0749",0.265345671978616
"chr5-0750",0.169286668201303
"chr5-0751",0.186137578446404
"chr5-0752",0.288821911211855
"chr5-0753",0.122935811197897
"chr5-0754",0.312827069110751
"chr5-0755",0.396668220014225
"chr5-0756",0.324008013538959
"chr5-0757",0.4969108157159
"chr5-0758",0.468465298947119
"chr5-0759",0.301646801978994
"chr5-0760",0.287814039788728
"chr5-0761",0.093054572534302
"chr5-0762",0.280800126840895
"chr5-0763",0.366696394865938
"chr5-0764",0.277038436061669
"chr5-0765",0.266327965839259
"chr5-0766",0.0904567822057775
"chr5-0767",-0.0104573549132166
"chr5-0768",0.0601882195485342
"chr5-0769",0.21283026011067
"chr5-0770",0.109974150712315
"chr5-0771",0.0277299282019366
"chr5-0772",0.0946186591656199
"chr5-0773",0.0680950082697238
"chr5-0774",0.226073648153187
"chr5-0775",0.309981010593151
"chr5-0776",0.44969095667369
"chr5-0777",0.189517172218415
"chr5-0778",0.256948962231317
"chr5-0779",0.419920454638455
"chr5-0780",0.400047384852662
"chr5-0781",0.424015477920031
"chr5-0782",0.408164674460447
"chr5-0783",0.404435220596807
"chr5-0784",0.434165339322831
"chr5-0785",0.460812881462143
"chr5-0786",0.177564490490827
"chr5-0787",0.365074807885496
"chr5-0788",0.320063546379183
"chr5-0789",0.321433254891637
"chr5-0790",0.328196089533136
"chr5-0791",0.383308710262351
"chr5-0792",0.163866376042198
"chr5-0793",0.263002178097307
"chr5-0794",0.558569683536867
"chr5-0795",0.336079413733159
"chr5-0796",0.240670445883207
"chr5-0797",0.198106577635616
"chr5-0798",0.205969091363287
"chr5-0799",0.34463799998364
"chr5-0800",0.266174875124667
"chr5-0801",0.421276396347577
"chr5-0802",0.28951169791187
"chr5-0803",0.413271691122869
"chr5-0804",0.143106454040183
"chr5-0805",0.264278209173983
"chr5-0806",0.203330073103798
"chr5-0807",0.221917144209659
"chr5-0808",0.192613082934203
"chr5-0809",0.154365191465938
"chr5-0810",0.184472215017008
"chr5-0811",0.183638958538044
"chr5-0812",0.178062487914585
"chr5-0813",0.228959497627454
"chr5-0814",0.145814473634273
"chr5-0815",0.251284975505518
"chr5-0816",0.32740298359424
"chr5-0817",0.372543197073998
"chr5-0818",0.0539685793568448
"chr5-0819",0.271320194164296
"chr5-0820",0.265269823027811
"chr5-0821",0.185253405531981
"chr5-0822",0.121407957763648
"chr5-0823",0.0495447236708614
"chr5-0824",0.123756392787152
"chr5-0825",0.15223274735467
"chr5-0826",0.169018919604119
"chr5-0827",0.137313735480853
"chr5-0828",0.191386613350914
"chr5-0829",0.115076716347498
"chr5-0830",-0.0178433047814259
"chr5-0831",0.0302249750119143
"chr5-0832",0.0106275524796924
"chr5-0833",0.0959814190429411
"chr5-0834",0.15688012969896
"chr5-0835",0.176360462318607
"chr5-0836",0.0885261331112124
"chr5-0837",0.086921829056186
"chr5-0838",0.0272619602904767
"chr5-0839",0.0399785079692221
"chr5-0840",0.0136474360513186
"chr5-0841",0.120031137402338
"chr5-0842",-0.22556261422751
"chr5-0843",-0.868445698185243
"chr5-0844",-0.38112275420017
"chr5-0845",-0.396367854552975
"chr5-0846",-0.542975565781252
"chr5-0847",-0.830915111981898
"chr5-0848",-0.858977758048074
"chr5-0849",-0.386407793735838
"chr5-0850",-0.455134174639867
"chr5-0851",-0.291041912270546
"chr5-0852",-0.450471354592231
"chr5-0853",-0.181417054726174
"chr5-0854",-0.451143358792039
"chr5-0855",-0.294354845702406
"chr5-0856",-0.216125195959057
"chr5-0857",-0.191756231033653
"chr5-0858",-0.542852136754015
"chr5-0859",-0.553385607904189
"chr5-0860",-0.398382198928616
"chr5-0861",-0.320579768928482
"chr5-0862",-0.419048951541041
"chr5-0863",-0.243045767993212
"chr5-0864",0.000948010059193972
"chr5-0865",-0.246762358584185
"chr5-0866",-0.390896554282469
"chr5-0867",-0.562062930706634
"chr5-0868",-0.558251397933536
"chr5-0869",-0.527599359727778
"chr5-0870",-0.282258190384377
"chr5-0871",-0.583605042826323
"chr5-0872",-0.376341156505524
"chr5-0873",-0.456298294687423
"chr5-0874",-0.485562822405349
"chr5-0875",-0.376538405005582
"chr5-0876",-0.12479032042229
"chr5-0877",-0.516671862712925
"chr5-0878",-0.316045318407023
"chr5-0879",-0.465987446931338
"chr5-0880",-0.490297114837673
"chr5-0881",-0.209429898965019
"chr5-0882",-0.350927205657307
"chr5-0883",-0.555241947102842
"chr5-0884",-0.708606204959993
"chr5-0885",-0.864254945182396
"chr5-0886",-0.209623604650423
"chr5-0887",-0.438845821333268
"chr5-0888",-0.654866924234304
"chr5-0889",-0.495060758237964
"chr5-0890",-0.445957585123237
"chr5-0891",-0.515895916858885
"chr5-0892",-0.515143799666885
"chr5-0893",-0.564538823036555
"chr5-0894",-0.45072300617944
"chr5-0895",-0.435815705599731
"chr5-0896",-0.57525116212544
"chr5-0897",-0.431743096077622
"chr5-0898",-0.407252216389738
"chr5-0899",-0.586499812124803
"chr5-0900",-0.343589704080689
"chr5-0901",-0.419693359933752
"chr5-0902",-0.588423428159719
"chr5-0903",-0.686513803041748
"chr5-0904",-0.43325609412576
"chr5-0905",-0.423843090433793
"chr5-0906",-0.658263557018662
"chr5-0907",-0.403939269022184
"chr5-0908",-0.343782203877533
"chr5-0909",-0.338830763918901
"chr5-0910",-0.0883801445141112
"chr5-0911",0.101562499523007
"chr5-0912",0.160687358630806
"chr5-0913",0.0718904859980214
"chr5-0914",0.116566963424238
"chr5-0915",0.0445936808201242
"chr5-0916",0.223683216952471
"chr5-0917",0.132100849587188
"chr5-0918",0.135404329640991
"chr5-0919",0.193222737669177
"chr5-0920",0.146850558600406
"chr5-0921",0.0964961327336244
"chr5-0922",0.0844756453028746
"chr5-0923",0.125910369538302
"chr5-0924",0.0216591287291732
"chr5-0925",-0.0367452202623248
"chr5-0926",0.103142479091883
"chr5-0927",0.0207589973747847
"chr5-0928",0.278718271141558
"chr5-0929",0.175305426729164
"chr5-0930",0.118896441399124
"chr5-0931",0.108570619446454
"chr5-0932",0.0535291686719871
"chr5-0933",0.207029505050778
"chr5-0934",0.100342677448312
"chr5-0935",-0.0789184539654771
"chr5-0936",0.153938518906159
"chr5-0937",0.208786044986771
"chr5-0938",0.283031259248776
"chr5-0939",0.163412548411668
"chr5-0940",0.146712169343471
"chr5-0941",0.102188220245281
"chr5-0942",0.261535441972636
"chr5-0943",0.133188164990133
"chr5-0944",0.199407352424466
"chr5-0945",0.0644530955438849
"chr5-0946",0.190790245874235
"chr5-0947",0.191100591096917
"chr5-0948",0.0265272241036392
"chr5-0949",0.0781083279681438
"chr5-0950",0.185483769477088
"chr5-0951",0.100111975085034
"chr5-0952",0.200775352167334
"chr5-0953",0.0585231106279472
"chr5-0954",0.183311906432917
"chr5-0955",0.0934286467756524
"chr5-0956",0.179005053632112
"chr5-0957",0.263909812364059
"chr5-0958",0.092419988875019
"chr5-0959",0.109034246587717
"chr5-0960",0.0383232840378321
"chr5-0961",0.178026498526428
"chr5-0962",0.106514271793937
"chr5-0963",-0.0109166082009412
"chr5-0964",0.0652840593230143
"chr5-0965",0.00691350252636883
"chr5-0966",0.119098623141375
"chr5-0967",0.00560123286339234
"chr5-0968",-0.00987749811504291
"chr5-0969",0.00484153883396149
"chr5-0970",-0.06652915135439
"chr5-0971",0.00417981507002749
"chr5-0972",0.0721499748210537
"chr5-0973",0.0566443926455896
"chr5-0974",0.0459138501896764
"chr5-0975",0.0115973261013738
"chr5-0976",0.0368904801203356
"chr5-0977",-0.0621685473033956
"chr5-0978",-0.0340626719849223
"chr5-0979",0.0235760290668214
"chr5-0980",0.0739145816900239
"chr5-0981",0.0660047209889153
"chr5-0982",0.115135154561182
"chr5-0983",0.115002978791935
"chr5-0984",0.180740761418438
"chr5-0985",0.148284832897836
"chr5-0986",0.209508894363525
"chr5-0987",0.0276326426343045
"chr5-0988",-0.0498830793817642
"chr5-0989",-0.0713842210323234
"chr5-0990",-0.00110190180201243
"chr5-0991",0.0868152429734134
"chr5-0992",0.0799240641445451
"chr5-0993",0.013117874601955
"chr5-0994",-0.00460756603170756
"chr5-0995",0.101986446826738
"chr5-0996",-0.0547622745080107
"chr5-0997",0.0775729797525132
"chr5-0998",-0.0911006361551256
"chr5-0999",0.183855643593374
"chr5-1000",0.147050046615329
"chr5-1001",0.0897345479128731
"chr5-1002",0.104949869365991
"chr5-1003",0.108004867750614
"chr5-1004",0.0977503177079789
"chr5-1005",0.0986321467740664
"chr5-1006",0.0307962072545086
"chr5-1007",-0.0632880688438782
"chr5-1008",-0.0382892282142123
"chr5-1009",0.10356236136296
"chr5-1010",0.0523777778612436
"chr5-1011",0.139138240068513
"chr5-1012",0.1209935330237
"chr5-1013",0.112281108732509
"chr5-1014",0.241481480916832
"chr5-1015",-0.198877771731548
"chr5-1016",-0.383402207517848
"chr5-1017",-0.35557221109883
"chr5-1018",-0.14745305356559
"chr5-1019",-0.256916701884432
"chr5-1020",-0.627044606437629
"chr5-1021",-0.398947153357629
"chr5-1022",-0.259491547390737
"chr5-1023",-0.377363942988024
"chr5-1024",-0.781339531725373
"chr5-1025",-0.119404101990782
"chr5-1026",-0.227691343601777
"chr5-1027",-0.455106344119996
"chr5-1028",-0.607420593040595
"chr5-1029",-0.60796191164662
"chr5-1030",-0.395491652800402
"chr5-1031",-0.177273806302778
"chr6-0001",-0.403132400942771
"chr6-0002",-0.213547755564951
"chr6-0003",-0.344205334953516
"chr6-0004",-0.233869169609766
"chr6-0005",-0.215682958958524
"chr6-0006",-0.227378586111218
"chr6-0007",-0.192076733242092
"chr6-0008",-0.252653417891447
"chr6-0009",-0.302253045949028
"chr6-0010",-0.264529719733996
"chr6-0011",-0.209758614670206
"chr6-0012",-0.440128752016548
"chr6-0013",-0.40856073624713
"chr6-0014",-0.23804513381733
"chr6-0015",-0.445668669701372
"chr6-0016",-0.341944981504137
"chr6-0017",-0.197074323646353
"chr6-0018",-0.477424468820355
"chr6-0019",-0.289230914102622
"chr6-0020",-0.292023696766219
"chr6-0021",-0.46188038230022
"chr6-0022",-0.442889046916146
"chr6-0023",-0.360908502466391
"chr6-0024",-0.264421677364456
"chr6-0025",-0.627943541618615
"chr6-0026",-0.579485716932872
"chr6-0027",-0.237127413313132
"chr6-0028",-0.49616689175251
"chr6-0029",-0.384053738531847
"chr6-0030",-0.285290011831516
"chr6-0031",-0.44881727634919
"chr6-0032",-0.287349669926569
"chr6-0033",-0.36488414559384
"chr6-0034",-0.331765912528497
"chr6-0035",-0.287252339353051
"chr6-0036",-0.329664362956826
"chr6-0037",-0.477264877206621
"chr6-0038",-0.554866543771598
"chr6-0039",-0.406551085705998
"chr6-0040",-0.436146122141059
"chr6-0041",-0.338267071636803
"chr6-0042",-0.430880213889381
"chr6-0043",-0.318403411195317
"chr6-0044",-0.242618277180801
"chr6-0045",-0.333621989161866
"chr6-0046",-0.468144461820288
"chr6-0047",-0.205241737638731
"chr6-0048",-0.546546800567404
"chr6-0049",-0.439115003971553
"chr6-0050",-0.577583128408365
"chr6-0051",-0.430839444021222
"chr6-0052",-0.518736167307071
"chr6-0053",-0.321883607607781
"chr6-0054",-0.430487234563805
"chr6-0055",-0.338695098753801
"chr6-0056",-0.402169430613487
"chr6-0057",-0.37199868137462
"chr6-0058",-0.369320796347724
"chr6-0059",-0.409416812643643
"chr6-0060",-0.44394408358486
"chr6-0061",-0.40980762011485
"chr6-0062",-0.349762045438758
"chr6-0063",-0.543368024861083
"chr6-0064",-0.4628273706456
"chr6-0065",-0.608362120253247
"chr6-0066",-0.470753170673463
"chr6-0067",-0.435004456217518
"chr6-0068",-0.412882457110709
"chr6-0069",-0.486378556220856
"chr6-0070",-0.222807782116503
"chr6-0071",-0.197090719107227
"chr6-0072",-0.306931746687691
"chr6-0073",-0.622445427840987
"chr6-0074",-0.438613415469935
"chr6-0075",-0.633127920455997
"chr6-0076",-0.418724102440675
"chr6-0077",-0.611209799459218
"chr6-0078",-0.523729068863753
"chr6-0079",-0.351237491669278
"chr6-0080",-0.522163689429959
"chr6-0081",-0.423570163567389
"chr6-0082",-0.638212472863906
"chr6-0083",-0.395582250784341
"chr6-0084",0.184319367057764
"chr6-0085",0.156079597597775
"chr6-0086",0.0323037057909958
"chr6-0087",0.0407263947156152
"chr6-0088",0.0879801948194703
"chr6-0089",-0.0863156826887761
"chr6-0090",0.0787364924488897
"chr6-0091",-0.0695955266369014
"chr6-0092",0.187105120305717
"chr6-0093",0.112720582453425
"chr6-0094",0.112668325397553
"chr6-0095",-0.0406162466170857
"chr6-0096",0.0210553542205086
"chr6-0097",-0.0182633259607315
"chr6-0098",0.210379073333628
"chr6-0099",-0.00772762379169018
"chr6-0100",0.136768147852527
"chr6-0101",0.256988324362952
"chr6-0102",0.0475565936126911
"chr6-0103",0.0637329497304946
"chr6-0104",0.154059808609883
"chr6-0105",0.217977040922658
"chr6-0106",0.122073231920655
"chr6-0107",-0.01057988933174
"chr6-0108",-0.103156103576241
"chr6-0109",2.77624267940859e-05
"chr6-0110",0.138167515644208
"chr6-0111",-0.200183317062049
"chr6-0112",-0.214803013122543
"chr6-0113",0.236411139319543
"chr6-0114",0.141520097505411
"chr6-0115",0.117834669938107
"chr6-0116",0.139436890573721
"chr6-0117",0.071591343327325
"chr6-0118",0.101469584738586
"chr6-0119",0.117587991631018
"chr6-0120",-0.00771373778251936
"chr6-0121",0.240344647350278
"chr6-0122",0.00677451307772856
"chr6-0123",0.110412953560751
"chr6-0124",0.0391076763498319
"chr6-0125",0.163338833949039
"chr6-0126",0.0733148431662224
"chr6-0127",0.00567283304589248
"chr6-0128",0.199714280066927
"chr6-0129",0.0219500974799046
"chr6-0130",0.13419782070648
"chr6-0131",0.0519463840878255
"chr6-0132",0.0379158846389926
"chr6-0133",0.141106284488015
"chr6-0134",-0.0353888576085186
"chr6-0135",-0.0327997495733996
"chr6-0136",0.281629073194688
"chr6-0137",0.135268388237928
"chr6-0138",0.189263628535624
"chr6-0139",0.237679930706991
"chr6-0140",0.182865055478785
"chr6-0141",0.115116619238085
"chr6-0142",0.10975171196964
"chr6-0143",0.20270267341728
"chr6-0144",0.00688154617408347
"chr6-0145",0.152244596573669
"chr6-0146",0.0585247329291499
"chr6-0147",0.277311375277969
"chr6-0148",0.294352499635274
"chr6-0149",0.201092048365563
"chr6-0150",0.184801351062084
"chr6-0151",0.0692988150447351
"chr6-0152",0.165713881086072
"chr6-0153",0.16793086353648
"chr6-0154",0.0158139379099319
"chr6-0155",0.0831731567636001
"chr6-0156",-0.0229889708230817
"chr6-0157",0.12031093784084
"chr6-0158",0.155953269959195
"chr6-0159",0.0623889270508735
"chr6-0160",0.0804095439648842
"chr6-0161",0.191998965624628
"chr6-0162",0.115147351526422
"chr6-0163",0.196775868979824
"chr6-0164",0.235727203516135
"chr6-0165",0.285226136130488
"chr6-0166",0.208813140282702
"chr6-0167",0.152835019535296
"chr6-0168",0.107206206387004
"chr6-0169",0.136587256819738
"chr6-0170",0.00482154267455707
"chr6-0171",0.0871120456569145
"chr6-0172",-0.0162474495280266
"chr6-0173",0.27536554695975
"chr6-0174",0.00290988194598857
"chr6-0175",-0.0557982998589175
"chr6-0176",0.111806241373171
"chr6-0177",0.0758683819382808
"chr6-0178",0.0964414014202115
"chr6-0179",-0.0337096902084531
"chr6-0180",0.19974989780034
"chr6-0181",-0.0554320578170564
"chr6-0182",0.00938068874584154
"chr6-0183",0.197413161529206
"chr6-0184",-0.0370064582750033
"chr6-0185",0.127195170590913
"chr6-0186",0.0235007876113257
"chr6-0187",0.160272406321172
"chr6-0188",0.0748185045251211
"chr6-0189",0.016487036511148
"chr6-0190",0.26117185441439
"chr6-0191",0.167819973209714
"chr6-0192",0.158247637705871
"chr6-0193",0.076818739340085
"chr6-0194",0.219732542811176
"chr6-0195",0.241229759329488
"chr6-0196",0.0778841292256044
"chr6-0197",0.0850095427596846
"chr6-0198",0.092420762342498
"chr6-0199",0.114283996665702
"chr6-0200",-0.103187239737884
"chr6-0201",0.258148710483197
"chr6-0202",0.251157673409527
"chr6-0203",0.324701374468321
"chr6-0204",0.231611622275509
"chr6-0205",0.115942283667521
"chr6-0206",0.0715594000047026
"chr6-0207",0.173592623818956
"chr6-0208",0.118597227711335
"chr6-0209",0.174918100510853
"chr6-0210",0.00582137264368773
"chr6-0211",-0.0687803108878327
"chr6-0212",0.116948094398312
"chr6-0213",0.161336879580093
"chr6-0214",0.0572559996031825
"chr6-0215",-0.0251729338782917
"chr6-0216",0.0160594701788879
"chr6-0217",0.0299973212748954
"chr6-0218",0.230904390842049
"chr6-0219",-0.00776215401178546
"chr6-0220",-0.162269464372653
"chr6-0221",-0.0994240370095334
"chr6-0222",0.201647778842186
"chr6-0223",0.139147363697405
"chr6-0224",-0.108535220121007
"chr6-0225",-0.0570543155629803
"chr6-0226",0.0734952512737528
"chr6-0227",0.0257185249252332
"chr6-0228",0.188519573508263
"chr6-0229",0.0799605350250372
"chr6-0230",0.0955867762616434
"chr6-0231",-0.177247920122348
"chr6-0232",0.00566836098082957
"chr6-0233",-0.151236908338777
"chr6-0234",-0.056235214774301
"chr6-0235",0.0281026756633578
"chr6-0236",0.146119499578993
"chr6-0237",0.0903727737598244
"chr6-0238",-0.127537441785105
"chr6-0239",0.0680178977004745
"chr6-0240",-0.294754779628868
"chr6-0241",-0.245524494772606
"chr6-0242",-0.298414836509193
"chr6-0243",-0.0718634710908194
"chr6-0244",0.0178661550981478
"chr6-0245",0.109692622286149
"chr6-0246",0.0999589131727909
"chr6-0247",0.00496212379732332
"chr6-0248",0.282705821983553
"chr6-0249",0.189663557487691
"chr6-0250",0.0455417903965119
"chr6-0251",-0.0620200707386796
"chr6-0252",0.0328424575738876
"chr6-0253",0.0784103861453067
"chr6-0254",0.0615972023521525
"chr6-0255",0.0132075745218159
"chr6-0256",0.0692120398277158
"chr6-0257",0.0792008532330661
"chr6-0258",0.053394627200605
"chr6-0259",0.050343230365135
"chr6-0260",0.0342234289325204
"chr6-0261",0.113524167758214
"chr6-0262",-0.0630578096873495
"chr6-0263",-0.12006993789633
"chr6-0264",0.0158507047693102
"chr6-0265",-0.107983319987769
"chr6-0266",0.0387182173426467
"chr6-0267",0.0233967520043632
"chr6-0268",0.0267628441560116
"chr6-0269",0.0362232138192303
"chr6-0270",-0.00111881881835387
"chr6-0271",0.0711550205946488
"chr6-0272",0.0845098105833705
"chr6-0273",0.0663386622104903
"chr6-0274",0.00314980949829084
"chr6-0275",0.122932843057406
"chr6-0276",0.0106407944737776
"chr6-0277",0.0408259448512092
"chr6-0278",0.0360133048847235
"chr6-0279",0.00458205242782476
"chr6-0280",-0.0368098816612733
"chr6-0281",0.000854881060433406
"chr6-0282",-0.354401034590725
"chr6-0283",0.0888671795331235
"chr6-0284",0.371402859275431
"chr6-0285",-0.00179962078108211
"chr6-0286",0.108407976949677
"chr6-0287",0.1192130496967
"chr6-0288",0.101356689325908
"chr6-0289",0.0198281584382568
"chr6-0290",0.0133917289147523
"chr6-0291",0.0594824963907915
"chr6-0292",0.0805790550202842
"chr6-0293",0.120157455421437
"chr6-0294",0.126287145638255
"chr6-0295",0.0627144014050424
"chr6-0296",-0.0672272232778728
"chr6-0297",0.0263808319009265
"chr6-0298",0.0128982257623337
"chr6-0299",0.0258951241995654
"chr6-0300",-0.074106012956977
"chr6-0301",-0.00208735759704196
"chr6-0302",0.00416243135948028
"chr6-0303",-0.0755399409901683
"chr6-0304",-0.0867869743068157
"chr6-0305",0.0937292630180329
"chr6-0306",0.14304441128706
"chr6-0307",-0.0167605272294276
"chr6-0308",0.0367868585715485
"chr6-0309",0.0017892690890632
"chr6-0310",0.0812391147654754
"chr6-0311",0.0604373567041111
"chr6-0312",0.153139461439855
"chr6-0313",0.136484183401618
"chr6-0314",0.14172772211554
"chr6-0315",-0.0112039159751838
"chr6-0316",0.0408658091496257
"chr6-0317",0.0620766230909332
"chr6-0318",0.076538928002649
"chr6-0319",0.0689343686243771
"chr6-0320",0.312458953793394
"chr6-0321",0.0433660599547729
"chr6-0322",-0.0859172179583231
"chr6-0323",0.0524490363832349
"chr6-0324",0.0855437409916531
"chr6-0325",-0.0111210002698767
"chr6-0326",0.217956158980486
"chr6-0327",-0.042469405816856
"chr6-0328",0.0183834296940689
"chr6-0329",0.0362924221551134
"chr6-0330",0.156934033973467
"chr6-0331",0.0706127387970651
"chr6-0332",0.0510272689599521
"chr6-0333",0.0410843394532926
"chr6-0334",0.14922109574872
"chr6-0335",0.0486493480247403
"chr6-0336",0.160276967302875
"chr6-0337",0.0767765621077865
"chr6-0338",0.141660003667027
"chr6-0339",0.144944276034684
"chr6-0340",0.0958154271589035
"chr6-0341",0.0385393260034966
"chr6-0342",0.0190347728527337
"chr6-0343",0.0225993858589694
"chr6-0344",0.0344278920253588
"chr6-0345",-0.151901275762083
"chr6-0346",0.0489000608018648
"chr6-0347",0.0410268328577031
"chr6-0348",0.151226150615045
"chr6-0349",0.0449791317283844
"chr6-0350",0.184440021138316
"chr6-0351",0.127322384572243
"chr6-0352",0.116369281862765
"chr6-0353",0.108433124378952
"chr6-0354",0.104326322927876
"chr6-0355",-0.0654619178603781
"chr6-0356",0.142007142842039
"chr6-0357",-0.158363983328853
"chr6-0358",-0.0676813726490519
"chr6-0359",-0.028245738255195
"chr6-0360",0.185380162774699
"chr6-0361",0.14157475075135
"chr6-0362",0.158250761809728
"chr6-0363",-0.0454599484422616
"chr6-0364",0.0654382449917879
"chr6-0365",0.0193600390983573
"chr6-0366",-0.0205080743697692
"chr6-0367",-0.22570858170127
"chr6-0368",-0.0126459108775112
"chr6-0369",-0.00290232822736572
"chr6-0370",0.108703480297723
"chr6-0371",-0.0287178833273522
"chr6-0372",-0.0720813682302425
"chr6-0373",0.0602250729032339
"chr6-0374",-0.0216204330482277
"chr6-0375",0.0328869022937955
"chr6-0376",0.0474639689327228
"chr6-0377",0.0414163082283893
"chr6-0378",-0.00580945183111219
"chr6-0379",0.136583082781157
"chr6-0380",0.0407500529098025
"chr6-0381",0.0482871190050918
"chr6-0382",0.137261871052831
"chr6-0383",0.0821423388768268
"chr6-0384",-0.0260162357277525
"chr6-0385",-0.0131783062601149
"chr6-0386",0.0668388726111361
"chr6-0387",0.126306563776424
"chr6-0388",0.141927705014634
"chr6-0389",0.0328580464652099
"chr6-0390",0.15958441053906
"chr6-0391",0.0648223157951665
"chr6-0392",0.00927375607025136
"chr6-0393",-0.0171378103000277
"chr6-0394",-0.0777775283862207
"chr6-0395",0.0652509362820951
"chr6-0396",0.093222515302841
"chr6-0397",0.190797850376194
"chr6-0398",0.0403521975241166
"chr6-0399",-0.0171240856020328
"chr6-0400",-0.00875421341966047
"chr6-0401",0.00475707813609614
"chr6-0402",0.118952291864382
"chr6-0403",0.0107165465303842
"chr6-0404",-0.0461152488490785
"chr6-0405",0.127200526752414
"chr6-0406",-0.0122455752358203
"chr6-0407",0.120226431732396
"chr6-0408",0.0788342169767634
"chr6-0409",0.125575259174505
"chr6-0410",0.07312414659865
"chr6-0411",0.118073824826983
"chr6-0412",0.0523881885100386
"chr6-0413",0.0637242613485614
"chr6-0414",0.0405156731169168
"chr6-0415",0.0534500338125957
"chr6-0416",0.0691309973826602
"chr6-0417",0.0953222311300921
"chr6-0418",0.170002191582972
"chr6-0419",0.0936046022429385
"chr6-0420",0.0990224712607929
"chr6-0421",0.164375890705364
"chr6-0422",0.19022209156964
"chr6-0423",0.109912533392926
"chr6-0424",0.226604426332806
"chr6-0425",0.213140044395857
"chr6-0426",0.0751177864068714
"chr6-0427",-0.0931080172454226
"chr6-0428",-0.0344657831138704
"chr6-0429",0.0594686215466699
"chr6-0430",0.137676953015196
"chr6-0431",0.101548873876442
"chr6-0432",0.0259913345089968
"chr6-0433",0.0591244334274117
"chr6-0434",0.0750473005127919
"chr6-0435",-0.0719520209287054
"chr6-0436",0.044037677848992
"chr6-0437",-0.00858608342578442
"chr6-0438",0.0752385060390726
"chr6-0439",0.182073991370987
"chr6-0440",-0.0426986869359323
"chr6-0441",-0.220380452154565
"chr6-0442",0.0296173362662707
"chr6-0443",0.220201797530857
"chr6-0444",0.0772409806577159
"chr6-0445",0.00429675430922042
"chr6-0446",0.11920003810073
"chr6-0447",0.0314311623006059
"chr6-0448",0.0465147422065269
"chr6-0449",0.181000571627879
"chr6-0450",0.170642403960894
"chr6-0451",0.125458766378815
"chr6-0452",0.265532721037362
"chr6-0453",0.0615928971083254
"chr6-0454",0.298739648532951
"chr6-0455",-0.036917945696527
"chr6-0456",0.258326024732853
"chr6-0457",0.202634892464817
"chr6-0458",0.016999399039087
"chr6-0459",0.10525223531776
"chr6-0460",0.15993299562047
"chr6-0461",0.139122961314092
"chr6-0462",0.0997815890442056
"chr6-0463",0.160971838474998
"chr6-0464",0.259563860185374
"chr6-0465",0.25915344147428
"chr6-0466",0.314780216120104
"chr6-0467",0.216024163531562
"chr6-0468",0.194802728831536
"chr6-0469",0.0901246862263025
"chr6-0470",-0.0177662405654155
"chr6-0471",0.248395472814263
"chr6-0472",0.160725795968989
"chr6-0473",0.19013649569235
"chr6-0474",0.173428261768765
"chr6-0475",0.301213830050285
"chr6-0476",0.200131796683666
"chr6-0477",0.248201052596022
"chr6-0478",0.183324406928198
"chr6-0479",0.0620007399028772
"chr6-0480",0.132788831866845
"chr6-0481",0.174391991361573
"chr6-0482",0.291424497723843
"chr6-0483",0.100297356994598
"chr6-0484",0.22468604976424
"chr6-0485",0.121098380890717
"chr6-0486",-0.0438229014097277
"chr6-0487",0.0436116765285863
"chr6-0488",-0.0404216393122244
"chr6-0489",0.118419670234205
"chr6-0490",0.16588315739859
"chr6-0491",0.0958770428251893
"chr6-0492",0.267243001881937
"chr6-0493",0.221337671019242
"chr6-0494",0.110032864726832
"chr6-0495",0.248171256087167
"chr6-0496",0.0975606523969356
"chr6-0497",0.152327876996873
"chr6-0498",0.126217905889359
"chr6-0499",0.25808322977462
"chr6-0500",0.179998246966645
"chr6-0501",0.261187486473179
"chr6-0502",0.138031347722099
"chr6-0503",0.138466765561508
"chr6-0504",0.0154009893460224
"chr6-0505",0.139631673388633
"chr6-0506",-0.0117446489236943
"chr6-0507",0.102364073184688
"chr6-0508",0.140829442222268
"chr6-0509",0.216844432954157
"chr6-0510",0.135673559330273
"chr6-0511",0.143114697643606
"chr6-0512",0.187178650822442
"chr6-0513",0.00226322487982183
"chr6-0514",0.294084566254558
"chr6-0515",0.218229287512975
"chr6-0516",0.148809563870967
"chr6-0517",0.15781780245315
"chr6-0518",-0.0327270045114827
"chr6-0519",0.00824216005744572
"chr6-0520",-0.0751424673131048
"chr6-0521",0.00399680730854116
"chr6-0522",-0.072298023246753
"chr6-0523",0.129659400477955
"chr6-0524",0.215078963069514
"chr6-0525",0.182909620396268
"chr6-0526",0.153141188919327
"chr6-0527",0.175248920776354
"chr6-0528",0.106039153423399
"chr6-0529",0.193387412180297
"chr6-0530",0.194689556738667
"chr6-0531",0.289797822741707
"chr6-0532",0.0820610623379091
"chr6-0533",0.0533388806903255
"chr6-0534",0.014229118451108
"chr6-0535",0.179064941005311
"chr6-0536",0.0558139792061391
"chr6-0537",0.22235876934789
"chr6-0538",0.299002038426773
"chr6-0539",0.0961483919225984
"chr6-0540",0.198631799508815
"chr6-0541",-0.0904426146686338
"chr6-0542",0.142020538059671
"chr6-0543",0.0566503268350205
"chr6-0544",0.160183142699268
"chr6-0545",0.0811176026035254
"chr6-0546",0.185561611945406
"chr6-0547",0.22207564269968
"chr6-0548",0.0904439112265345
"chr6-0549",0.109282735962332
"chr6-0550",0.174544062397395
"chr6-0551",0.0924889309230363
"chr6-0552",0.190744497647586
"chr6-0553",0.161515040210026
"chr6-0554",0.105082133064427
"chr6-0555",0.122960162174087
"chr6-0556",-0.0647113046561417
"chr6-0557",0.1727150810999
"chr6-0558",0.139855232519644
"chr6-0559",0.10798718866183
"chr6-0560",0.231224773839841
"chr6-0561",0.12920288569691
"chr6-0562",0.140962598557469
"chr6-0563",-0.0028363276912773
"chr6-0564",0.127536820464841
"chr6-0565",0.123261512342344
"chr6-0566",-0.0152608614835022
"chr6-0567",0.0204512094391784
"chr6-0568",0.0430974778383191
"chr6-0569",0.0426986612158449
"chr6-0570",0.0562520165054836
"chr6-0571",-0.0161167094017342
"chr6-0572",-0.0638650469601839
"chr6-0573",-0.0114495251760581
"chr6-0574",0.135007283378768
"chr6-0575",0.0336906327809904
"chr6-0576",0.183932868033428
"chr6-0577",0.192505340226918
"chr6-0578",0.267138998662448
"chr6-0579",0.155237137642065
"chr6-0580",0.00460395119066321
"chr6-0581",0.221957711939322
"chr6-0582",0.112860850817537
"chr6-0583",0.0283133809419329
"chr6-0584",0.108440971220046
"chr6-0585",-0.0140427428768206
"chr6-0586",-0.149390336836022
"chr6-0587",0.181934055980368
"chr6-0588",0.352781931202427
"chr6-0589",0.231055045449603
"chr6-0590",0.191357452894258
"chr6-0591",0.141281562657502
"chr6-0592",0.0677747869555028
"chr6-0593",0.0726259004815505
"chr6-0594",0.135431071351403
"chr6-0595",0.171525240878276
"chr6-0596",0.195147621067027
"chr6-0597",0.0535858611437707
"chr6-0598",0.156230440520613
"chr6-0599",0.0888063466561699
"chr6-0600",0.113961460445614
"chr6-0601",0.138794991172011
"chr6-0602",0.00190411558662102
"chr6-0603",0.0260113727901466
"chr6-0604",0.243025391128789
"chr6-0605",0.16920252779078
"chr6-0606",0.0388840974731297
"chr6-0607",0.0488921291878414
"chr6-0608",0.159712070214641
"chr6-0609",0.157590920849625
"chr6-0610",0.206724373792631
"chr6-0611",0.0594506490105434
"chr6-0612",-0.0628493019985056
"chr6-0613",0.166786119447515
"chr6-0614",0.0841906995224075
"chr6-0615",0.103697941356518
"chr6-0616",0.0534090576934722
"chr6-0617",0.141907857317512
"chr6-0618",0.160606662661331
"chr6-0619",0.103880743110987
"chr6-0620",0.0782563933869358
"chr6-0621",0.0654058939534995
"chr6-0622",0.0647309461763112
"chr6-0623",0.0323656747466365
"chr6-0624",0.0778608222651315
"chr6-0625",0.102996341622964
"chr6-0626",0.000374113722483172
"chr6-0627",0.0795364053539963
"chr6-0628",-0.0377531294264553
"chr6-0629",0.185207154976306
"chr6-0630",-0.0289359530396377
"chr6-0631",0.234430102621207
"chr6-0632",-0.124039945379917
"chr6-0633",0.156170168530902
"chr6-0634",0.102276261711656
"chr6-0635",-0.0178983254169856
"chr6-0636",0.0544365802481857
"chr6-0637",0.095019260260774
"chr6-0638",0.101384951825533
"chr6-0639",0.223686174490168
"chr6-0640",0.259746640990675
"chr6-0641",0.0621650735675953
"chr6-0642",-0.0396813798804026
"chr6-0643",0.123321148437386
"chr6-0644",0.138220829639517
"chr6-0645",0.0827594000346181
"chr6-0646",0.0494656918286793
"chr6-0647",0.0597470800757393
"chr6-0648",0.224729925937089
"chr6-0649",0.156705017749246
"chr6-0650",0.294039846179598
"chr6-0651",0.0381096024715602
"chr6-0652",0.216237851777188
"chr6-0653",0.319859443813206
"chr6-0654",0.412994812782866
"chr6-0655",0.0968206394982892
"chr6-0656",0.0744662544968197
"chr6-0657",0.0529972224962518
"chr6-0658",0.181496530285214
"chr6-0659",0.107806676731033
"chr6-0660",-0.128821727838063
"chr6-0661",0.0583849319864585
"chr6-0662",0.0959761930857022
"chr6-0663",0.10746511273809
"chr6-0664",0.0118344529060273
"chr6-0665",0.026885870958312
"chr6-0666",0.208548913073735
"chr6-0667",0.191208274072252
"chr6-0668",0.06385368262804
"chr6-0669",0.144324057794148
"chr6-0670",0.0387053619736362
"chr6-0671",0.311578573491441
"chr6-0672",0.201212579925218
"chr6-0673",0.151446163729269
"chr6-0674",0.159028489059226
"chr6-0675",0.199992900838285
"chr6-0676",0.101015093220793
"chr6-0677",0.186748285806711
"chr6-0678",0.167125215220603
"chr6-0679",0.161710678519113
"chr6-0680",0.123603385172829
"chr6-0681",0.300144473343154
"chr6-0682",0.289102843783369
"chr6-0683",0.101079712953598
"chr6-0684",0.0681150722258221
"chr6-0685",0.031711228412203
"chr6-0686",0.042660598349262
"chr6-0687",0.0410396012937143
"chr6-0688",0.397391805491941
"chr6-0689",0.0806262398536409
"chr6-0690",0.139112807801762
"chr6-0691",0.146093170233974
"chr6-0692",0.092234353382136
"chr6-0693",0.092636184693745
"chr6-0694",0.283795489520035
"chr6-0695",0.206463926269563
"chr6-0696",0.179021583640625
"chr6-0697",0.157929835501006
"chr6-0698",0.140470017295953
"chr6-0699",0.0291997526023314
"chr6-0700",0.0968675068025721
"chr6-0701",0.0308542806277938
"chr6-0702",0.115656768192629
"chr6-0703",0.151026091740374
"chr6-0704",0.114770940175211
"chr6-0705",0.220887472056848
"chr6-0706",0.0893633612123934
"chr6-0707",0.0772846552806215
"chr6-0708",0.122370672695044
"chr6-0709",0.155752513159204
"chr6-0710",0.217756275761528
"chr6-0711",0.246442679462048
"chr6-0712",0.184219742325281
"chr6-0713",0.295185143935309
"chr6-0714",0.15933405740422
"chr6-0715",0.3913880139571
"chr6-0716",0.0246890431191208
"chr6-0717",0.0889321755608959
"chr6-0718",0.206292218507873
"chr6-0719",0.168039276192289
"chr6-0720",0.0770137137103363
"chr6-0721",0.299645144008289
"chr6-0722",0.082380157019212
"chr6-0723",0.0692739369871076
"chr6-0724",0.0366789944915021
"chr6-0725",0.117753724364518
"chr6-0726",0.197122820663417
"chr6-0727",0.0878290714086752
"chr6-0728",0.189593490651678
"chr6-0729",0.0293975324009339
"chr6-0730",0.284279400907751
"chr6-0731",0.156368472326029
"chr6-0732",0.218215862721867
"chr6-0733",0.289143046369799
"chr6-0734",0.371773850543485
"chr6-0735",0.285515163025355
"chr6-0736",0.146201221217769
"chr6-0737",0.132693887600347
"chr6-0738",0.0386662609535647
"chr6-0739",0.138422186329833
"chr6-0740",0.126291498831442
"chr6-0741",0.170443561384829
"chr6-0742",0.074147456055458
"chr6-0743",0.0693823933760019
"chr6-0744",0.135154270361677
"chr6-0745",0.150175309409003
"chr6-0746",0.268231821769788
"chr6-0747",0.228148992436944
"chr6-0748",0.35902930873667
"chr6-0749",0.136411942121649
"chr6-0750",0.103707248074297
"chr6-0751",0.205439516890758
"chr6-0752",0.139274253587406
"chr6-0753",0.00373185114975128
"chr6-0754",0.144485380431513
"chr6-0755",0.0780729611914514
"chr6-0756",0.132843766160368
"chr6-0757",0.171364010559752
"chr6-0758",0.114253520748231
"chr6-0759",0.2303311985542
"chr6-0760",0.415439449693977
"chr6-0761",0.0831195104415017
"chr6-0762",0.117279567784339
"chr6-0763",0.177691040957101
"chr6-0764",0.392478874834733
"chr6-0765",0.115860672703496
"chr6-0766",0.204052072823424
"chr6-0767",0.328231046798876
"chr6-0768",0.156988873855117
"chr6-0769",0.195665321260809
"chr6-0770",0.0543108940887564
"chr6-0771",0.233445821155662
"chr6-0772",0.126378897056089
"chr6-0773",-0.0699756702324308
"chr6-0774",0.0288709544915697
"chr6-0775",0.197368013075544
"chr6-0776",0.233235367277603
"chr6-0777",0.25574103897717
"chr6-0778",0.268956426893978
"chr6-0779",0.122082690344756
"chr6-0780",0.2265195859391
"chr6-0781",0.207965138843939
"chr6-0782",0.174155831606133
"chr6-0783",0.143945769512776
"chr6-0784",0.104617222981133
"chr6-0785",0.149388075908527
"chr6-0786",0.209926726184395
"chr6-0787",0.0793440829394315
"chr6-0788",0.0352126786260876
"chr6-0789",0.0147552480196748
"chr6-0790",0.0916381706356666
"chr6-0791",0.143225982273611
"chr6-0792",0.137743140646284
"chr6-0793",0.0700370644333972
"chr6-0794",0.0354105658484983
"chr6-0795",0.299590745699465
"chr6-0796",-0.134064920033606
"chr6-0797",0.29726468275876
"chr6-0798",0.177041298038524
"chr6-0799",0.0409247322235142
"chr6-0800",0.175623135002545
"chr6-0801",0.0823570167194187
"chr6-0802",0.19444623858283
"chr6-0803",0.161487296114771
"chr6-0804",0.108790851578596
"chr6-0805",0.103951112134029
"chr6-0806",0.16035919877123
"chr6-0807",-0.0459362068263532
"chr6-0808",0.106750844814705
"chr6-0809",0.0455474353365524
"chr6-0810",0.184243222843609
"chr6-0811",0.210062325295705
"chr6-0812",0.0844900532358471
"chr6-0813",0.0203151763559312
"chr6-0814",-0.0159090415277688
"chr6-0815",0.143926326691133
"chr6-0816",0.0796345110502478
"chr6-0817",0.104566967652664
"chr6-0818",0.161133128167733
"chr6-0819",0.0816966023857096
"chr6-0820",0.0320229525292835
"chr6-0821",0.147990621692738
"chr6-0822",0.201452395943404
"chr6-0823",0.156727464432483
"chr6-0824",0.223736237499218
"chr6-0825",0.0903087845492287
"chr6-0826",0.106834647940078
"chr6-0827",0.148694129926716
"chr6-0828",0.136612639542683
"chr6-0829",0.15179888694353
"chr6-0830",0.194377177557772
"chr6-0831",0.158998793158974
"chr6-0832",0.189032664356653
"chr6-0833",0.0405840629858418
"chr6-0834",0.203521831398374
"chr6-0835",0.0561208912694154
"chr6-0836",0.176112605602889
"chr6-0837",0.155368230834821
"chr6-0838",0.0115321235641268
"chr6-0839",0.148046777123307
"chr6-0840",0.132512155736022
"chr6-0841",0.211219132945994
"chr6-0842",0.13847540124457
"chr6-0843",0.287302917766667
"chr6-0844",0.186507584687204
"chr6-0845",0.128498250312744
"chr6-0846",0.0874076591626089
"chr6-0847",0.0774445946484879
"chr6-0848",0.265347059781696
"chr6-0849",0.0853449256013393
"chr6-0850",0.204683943867893
"chr6-0851",-0.0348873945179804
"chr6-0852",0.149807499989205
"chr6-0853",0.0969106528568577
"chr6-0854",0.212865785718711
"chr6-0855",0.0868875597717461
"chr6-0856",0.273892379735467
"chr6-0857",0.233337658973323
"chr6-0858",0.0724260531524849
"chr6-0859",0.267180995669645
"chr6-0860",0.278044168915697
"chr6-0861",0.0948916152418431
"chr6-0862",0.213778780294189
"chr6-0863",0.09482577801405
"chr6-0864",0.192748892854267
"chr6-0865",0.254583314812648
"chr6-0866",0.20493910049476
"chr6-0867",0.253418478323268
"chr6-0868",0.2049503582814
"chr6-0869",0.257176344168715
"chr6-0870",0.0783943441824593
"chr6-0871",0.14603428574629
"chr6-0872",-0.00902576029549604
"chr6-0873",0.0301336059253471
"chr6-0874",0.19682353505497
"chr6-0875",0.178582057203423
"chr6-0876",0.227390034583652
"chr6-0877",0.247144757891244
"chr6-0878",0.115919882549489
"chr6-0879",0.0878863066844106
"chr6-0880",0.155465548478797
"chr6-0881",0.23357439194043
"chr6-0882",0.0547494883209876
"chr6-0883",-0.00461778004653044
"chr6-0884",0.130730407277811
"chr6-0885",0.0235438605249398
"chr6-0886",0.235221042243838
"chr6-0887",0.115188197234324
"chr6-0888",0.0898950954176303
"chr6-0889",0.0425241499621341
"chr6-0890",0.0947607570480257
"chr6-0891",0.0125458738459871
"chr6-0892",0.0776769283756803
"chr6-0893",0.0424443198366644
"chr6-0894",0.11001854855155
"chr6-0895",0.0881662806313873
"chr6-0896",0.0621050970416729
"chr6-0897",0.0541398160576516
"chr6-0898",0.0249544387507646
"chr6-0899",0.145017029081831
"chr6-0900",0.15856486588565
"chr6-0901",0.147697462746511
"chr6-0902",0.0586692088129477
"chr6-0903",0.0135980869872062
"chr6-0904",0.1111268874388
"chr6-0905",0.246697082394161
"chr6-0906",0.161176764098049
"chr6-0907",0.159900793983964
"chr6-0908",0.155246239078295
"chr6-0909",0.221263158824473
"chr6-0910",-0.00510489025500564
"chr6-0911",0.222806872597139
"chr6-0912",0.146323916051347
"chr6-0913",0.102631947045428
"chr6-0914",0.270504031903921
"chr6-0915",0.296640838266095
"chr6-0916",0.0862184401770007
"chr6-0917",-0.0697157119205297
"chr6-0918",-0.117994405240783
"chr6-0919",0.10841925336205
"chr6-0920",0.0336803560810741
"chr6-0921",0.0159785118229966
"chr6-0922",0.28374182663827
"chr6-0923",0.260374735300254
"chr6-0924",0.224465910950945
"chr6-0925",0.100749908746227
"chr6-0926",0.192638784309056
"chr6-0927",-0.0445685870766981
"chr6-0928",0.06195776032447
"chr6-0929",0.153513594469615
"chr6-0930",0.204182714112411
"chr6-0931",0.0241179358477656
"chr6-0932",0.144019806178994
"chr6-0933",0.206142610738893
"chr6-0934",0.133600642203585
"chr6-0935",0.0839682404592483
"chr6-0936",0.0368950524714363
"chr6-0937",0.236414606985727
"chr6-0938",0.115336239297765
"chr6-0939",0.275804422745279
"chr6-0940",0.364507678798997
"chr6-0941",0.145839303198317
"chr6-0942",0.0882076419387229
"chr6-0943",0.0416404688123839
"chr6-0944",0.129812627914432
"chr6-0945",0.0377852455511643
"chr6-0946",0.108175709873056
"chr6-0947",0.176071474546382
"chr6-0948",0.132312643707729
"chr6-0949",0.0450664262902797
"chr6-0950",0.195644384915361
"chr6-0951",0.196220121574119
"chr6-0952",0.139176716492815
"chr6-0953",0.0765183480405331
"chr6-0954",0.0779002994535123
"chr6-0955",0.124676887359362
"chr6-0956",-0.0572822077490538
"chr6-0957",0.118835862508506
"chr6-0958",0.108225835659727
"chr6-0959",0.178196109097889
"chr6-0960",0.223764336386089
"chr6-0961",-0.0483314408065949
"chr6-0962",0.196481359883212
"chr6-0963",0.0322883530596142
"chr6-0964",0.221052616706656
"chr6-0965",0.18474102277472
"chr6-0966",0.0705954035115518
"chr6-0967",-0.00525381269683518
"chr6-0968",0.136024794811195
"chr6-0969",0.153920131655507
"chr6-0970",0.0741716198029997
"chr6-0971",0.196521468083729
"chr6-0972",0.151762325057773
"chr6-0973",0.0854056825395614
"chr6-0974",0.131057088177758
"chr6-0975",0.235440506905404
"chr6-0976",0.183189447980555
"chr6-0977",0.0568993138531883
"chr6-0978",0.133207614603974
"chr6-0979",0.0650191710659928
"chr6-0980",-0.0795793383896814
"chr6-0981",0.137424766745467
"chr6-0982",0.142948641108151
"chr6-0983",0.155860919192195
"chr6-0984",-0.0121963165758507
"chr6-0985",0.203437271995418
"chr6-0986",0.261482195823728
"chr6-0987",0.0960633709549278
"chr6-0988",0.305447113589429
"chr6-0989",0.114977996360389
"chr6-0990",0.181140517432233
"chr6-0991",-0.0181084350985125
"chr6-0992",0.209377490590994
"chr6-0993",-0.178475709125306
"chr6-0994",0.0929709679078143
"chr6-0995",-0.0419799609876883
"chr6-0996",0.100753717157668
"chr6-0997",0.343893719749731
"chr6-0998",0.175830607667408
"chr6-0999",0.0488142820765464
"chr6-1000",0.0189654594188183
"chr6-1001",-0.0201491889300808
"chr6-1002",0.0916624011042498
"chr6-1003",0.0878291002956318
"chr6-1004",0.0462183701217714
"chr6-1005",0.0847427424623824
"chr6-1006",0.204151812395917
"chr6-1007",0.249822119500503
"chr6-1008",-0.0818737291211904
"chr6-1009",5.74424687451586e-06
"chr6-1010",0.0830009184647962
"chr6-1011",0.125163987471829
"chr6-1012",-0.0735550316093955
"chr6-1013",0.067285949527829
"chr6-1014",0.0304317635945558
"chr6-1015",-0.0639353757308202
"chr6-1016",-0.0444910591447928
"chr6-1017",-0.0583789220698422
"chr6-1018",0.0236133664082563
"chr6-1019",0.0738660565862165
"chr6-1020",0.0928516578120514
"chr6-1021",0.00945575049321804
"chr6-1022",0.152285422240578
"chr6-1023",-0.113760393715577
"chr6-1024",0.0890528149994246
"chr6-1025",0.0654990431738116
"chr6-1026",0.11716899814631
"chr6-1027",0.155742352438829
"chr6-1028",0.00359205031791791
"chr6-1029",-0.0293387959655736
"chr6-1030",-0.0287357737927475
"chr6-1031",0.0508579813623087
"chr6-1032",0.056333405188273
"chr6-1033",0.255639871613923
"chr6-1034",0.122637235041988
"chr6-1035",0.109327856079014
"chr6-1036",0.14004666937083
"chr6-1037",0.165629351916179
"chr6-1038",-0.0115546368009726
"chr6-1039",0.0380558822078928
"chr6-1040",0.112077972743838
"chr6-1041",0.0957346724895219
"chr6-1042",0.137669760955103
"chr6-1043",0.0702384367154227
"chr6-1044",0.115921118806493
"chr6-1045",0.098288702322997
"chr6-1046",0.180521164596234
"chr6-1047",0.0706707309824785
"chr6-1048",0.100493785514258
"chr6-1049",0.29185011824574
"chr6-1050",0.2012776663323
"chr6-1051",0.141580215821775
"chr6-1052",0.118039138292765
"chr6-1053",0.103533960131518
"chr6-1054",0.0262971312496677
"chr6-1055",0.169841744317265
"chr6-1056",0.0586952810265959
"chr6-1057",0.117129419783614
"chr6-1058",0.19587605810644
"chr6-1059",0.12954638132425
"chr6-1060",0.0549092981614314
"chr6-1061",0.126520484773743
"chr6-1062",0.158465850106181
"chr6-1063",0.117473348562087
"chr6-1064",0.102592362508298
"chr6-1065",0.137214508130848
"chr6-1066",-0.0500381558064662
"chr6-1067",-0.253094221043753
"chr7-0001",-0.135252870321553
"chr7-0002",-0.0478486861105515
"chr7-0003",-0.0222404501373547
"chr7-0004",0.0791650631986217
"chr7-0005",-0.155285612045272
"chr7-0006",-0.139157143394953
"chr7-0007",-0.160131555221613
"chr7-0008",-0.0993825978982366
"chr7-0009",-0.0592984340809674
"chr7-0010",-0.00304547016922346
"chr7-0011",-0.227851833627585
"chr7-0012",-0.0611932390002367
"chr7-0013",-0.0695720039239831
"chr7-0014",-0.180029801018275
"chr7-0015",-0.297730266587374
"chr7-0016",-0.422994056235166
"chr7-0017",-0.387778098829755
"chr7-0018",-0.0770423867028295
"chr7-0019",-0.0295701482841024
"chr7-0020",-0.325308330900649
"chr7-0021",-0.202202088145803
"chr7-0022",-0.299130050803863
"chr7-0023",-0.0829834490524828
"chr7-0024",-0.0837853570755199
"chr7-0025",-0.151767172669571
"chr7-0026",-0.0698199975661689
"chr7-0027",-0.103580392521362
"chr7-0028",-0.133919764174727
"chr7-0029",-0.176227933973969
"chr7-0030",-0.0677936275119894
"chr7-0031",-0.190008105121537
"chr7-0032",-0.154828315591903
"chr7-0033",-0.0934916761900777
"chr7-0034",-0.110259133776184
"chr7-0035",-0.0713203231416454
"chr7-0036",-0.0821576994481174
"chr7-0037",-0.204019518262599
"chr7-0038",-0.18753576227865
"chr7-0039",-0.365169011103758
"chr7-0040",-0.186920399237218
"chr7-0041",0.0560104909561153
"chr7-0042",-0.26035361496997
"chr7-0043",-0.102885766137047
"chr7-0044",-0.082602017386108
"chr7-0045",-0.101703337249537
"chr7-0046",-0.0423663235748382
"chr7-0047",-0.190262809153895
"chr7-0048",-0.143176557070798
"chr7-0049",-0.394670900759685
"chr7-0050",-0.139549423209214
"chr7-0051",-0.136915537364302
"chr7-0052",-0.0912258486431985
"chr7-0053",-0.236132176468604
"chr7-0054",-0.450371878077817
"chr7-0055",-0.21677619039389
"chr7-0056",-0.256471976530696
"chr7-0057",-0.545882111478326
"chr7-0058",-0.208774137492444
"chr7-0059",-0.063124437157052
"chr7-0060",-0.143911278761267
"chr7-0061",-0.0718927998067496
"chr7-0062",-0.103300570928754
"chr7-0063",-0.231011189374613
"chr7-0064",-0.119946063253756
"chr7-0065",-0.22361334287732
"chr7-0066",-0.240023990103744
"chr7-0067",-0.0656500025002379
"chr7-0068",-0.142449844232229
"chr7-0069",-0.126379460942458
"chr7-0070",-0.11918479015099
"chr7-0071",-0.195999406748344
"chr7-0072",-0.0639924287659938
"chr7-0073",-0.217174311614272
"chr7-0074",-0.266211388247345
"chr7-0075",-0.160945318140637
"chr7-0076",-0.0445651908153726
"chr7-0077",-0.427286224518501
"chr7-0078",-0.243739530180838
"chr7-0079",-0.136429622121676
"chr7-0080",-0.255621909463026
"chr7-0081",-0.00102344601257468
"chr7-0082",-0.150048129640787
"chr7-0083",0.00396645346519194
"chr7-0084",-0.118389470270581
"chr7-0085",-0.298193097687354
"chr7-0086",-0.219313930302765
"chr7-0087",0.0342686210163802
"chr7-0088",-0.111779772172401
"chr7-0089",-0.149299130739707
"chr7-0090",-0.167558482519925
"chr7-0091",-0.165824742331227
"chr7-0092",-0.0541970760127323
"chr7-0093",0.112832780365254
"chr7-0094",0.130356430890614
"chr7-0095",0.07373722348198
"chr7-0096",-0.0769721126778518
"chr7-0097",-0.135406726188512
"chr7-0098",0.0178476741702631
"chr7-0099",-0.325530697947939
"chr7-0100",-0.169886977482129
"chr7-0101",-0.198570636256565
"chr7-0102",-0.10176456657547
"chr7-0103",-0.194344894189125
"chr7-0104",-0.354723714046806
"chr7-0105",0.0337577622068741
"chr7-0106",-0.0123048348911026
"chr7-0107",-0.186213846539397
"chr7-0108",0.0276793398569602
"chr7-0109",0.240344981846175
"chr7-0110",-0.199716010261459
"chr7-0111",0.00857020425527206
"chr7-0112",-0.0253702234568541
"chr7-0113",-0.299616206335047
"chr7-0114",-0.000421355761523528
"chr7-0115",-0.0277048312762062
"chr7-0116",-0.251986144796463
"chr7-0117",-0.109023837799814
"chr7-0118",-0.0384530406583218
"chr7-0119",-0.181889148815603
"chr7-0120",-0.260467299367947
"chr7-0121",-0.0363909035146519
"chr7-0122",0.113160681245186
"chr7-0123",-0.025992963122794
"chr7-0124",-0.106898599728507
"chr7-0125",-0.0276066123943029
"chr7-0126",-0.0224783680131276
"chr7-0127",-0.0589209510202652
"chr7-0128",-0.0828446706366441
"chr7-0129",-0.254760327835704
"chr7-0130",-0.0188290648510763
"chr7-0131",-0.215494977412248
"chr7-0132",-0.11804736673294
"chr7-0133",-0.0168797662893474
"chr7-0134",-0.305297990854389
"chr7-0135",0.0810654710672425
"chr7-0136",-0.0971474575361955
"chr7-0137",-0.241332142204846
"chr7-0138",-0.251185634220222
"chr7-0139",-0.0766049053056047
"chr7-0140",-0.190570583802806
"chr7-0141",0.00774884703073035
"chr7-0142",-0.0902053984912488
"chr7-0143",-0.299321832207448
"chr7-0144",-0.117073196235288
"chr7-0145",-0.121818741810102
"chr7-0146",-0.00769322454233021
"chr7-0147",-0.0517028973743426
"chr7-0148",-0.20851512349935
"chr7-0149",0.0694756981796184
"chr7-0150",-0.249849752682033
"chr7-0151",-0.0497627321731116
"chr7-0152",-0.236605322484126
"chr7-0153",0.0160340572253221
"chr7-0154",-0.016147233490244
"chr7-0155",-0.19092173508407
"chr7-0156",-0.174320896799931
"chr7-0157",-0.24218791891571
"chr7-0158",-0.0705717006816668
"chr7-0159",-0.0840258186354225
"chr7-0160",-0.11977666560103
"chr7-0161",-0.166742969296712
"chr7-0162",-0.0798723046163185
"chr7-0163",-0.249072128820764
"chr7-0164",-0.230465265933872
"chr7-0165",-0.169845462926787
"chr7-0166",-0.0765248338514688
"chr7-0167",-0.0693837314935601
"chr7-0168",-0.0825918722456567
"chr7-0169",-0.0294310383811464
"chr7-0170",-0.0882021405998753
"chr7-0171",-0.105390078819453
"chr7-0172",-0.17379990087803
"chr7-0173",-0.0826078361487371
"chr7-0174",0.0984685110567522
"chr7-0175",0.0785837293795188
"chr7-0176",-0.156058533435285
"chr7-0177",-0.213877792511299
"chr7-0178",-0.0252506442147664
"chr7-0179",-0.157489409503449
"chr7-0180",0.0261642566036117
"chr7-0181",-0.0160215657013935
"chr7-0182",-0.208298519628239
"chr7-0183",-0.115357531568443
"chr7-0184",-0.00868291004659194
"chr7-0185",0.0401566421294631
"chr7-0186",-0.0648411762704866
"chr7-0187",0.0266121498620886
"chr7-0188",-0.00220668423342823
"chr7-0189",-0.0725394328102793
"chr7-0190",0.00255123458774541
"chr7-0191",-0.00531426144742752
"chr7-0192",-0.134337758646347
"chr7-0193",-0.16024406317128
"chr7-0194",0.0304354553357373
"chr7-0195",-0.0646915626657622
"chr7-0196",-0.035784474175376
"chr7-0197",0.052389811881357
"chr7-0198",-0.0868643152853897
"chr7-0199",-0.0950685832538194
"chr7-0200",-0.322692043678014
"chr7-0201",-0.0506606386882879
"chr7-0202",-0.150339413592696
"chr7-0203",-0.180698222422668
"chr7-0204",-0.197791895714816
"chr7-0205",-0.196883324135359
"chr7-0206",0.0420172927374684
"chr7-0207",-0.0674328815496277
"chr7-0208",-0.140430781405165
"chr7-0209",-0.0515173373222394
"chr7-0210",0.0375196966758486
"chr7-0211",0.013411407513913
"chr7-0212",-0.0363247110127997
"chr7-0213",0.0657180265956201
"chr7-0214",-0.0539920513259179
"chr7-0215",-0.0483268410748899
"chr7-0216",-0.0970460244640194
"chr7-0217",-0.191070653888257
"chr7-0218",-0.166066427141638
"chr7-0219",0.00107096384003277
"chr7-0220",-0.0826786718511054
"chr7-0221",-0.11615835568883
"chr7-0222",-0.377766029197865
"chr7-0223",-0.241403943001298
"chr7-0224",-0.404338882764901
"chr7-0225",-0.319045124629806
"chr7-0226",-0.312768733071193
"chr7-0227",-0.216453173300325
"chr7-0228",-0.0226385652910835
"chr7-0229",0.0102804765917177
"chr7-0230",-0.232943907307154
"chr7-0231",-0.0483513968339969
"chr7-0232",0.012304894281345
"chr7-0233",-0.0541294209972634
"chr7-0234",-0.0740699188527931
"chr7-0235",0.0318648313661556
"chr7-0236",0.0316898383354316
"chr7-0237",-0.0492821186398724
"chr7-0238",-0.194715472562919
"chr7-0239",-0.0184317028070405
"chr7-0240",-0.146130056053986
"chr7-0241",0.0764772525898244
"chr7-0242",-0.379954147609579
"chr7-0243",-0.151709845022212
"chr7-0244",-0.182462506026929
"chr7-0245",-0.222224465896917
"chr7-0246",-0.320253084952879
"chr7-0247",-0.1195283734535
"chr7-0248",-0.0524983107421758
"chr7-0249",-0.176750822472123
"chr7-0250",-0.120472854389547
"chr7-0251",-0.0236866357182587
"chr7-0252",-0.363826761631686
"chr7-0253",-0.176862220398587
"chr7-0254",-0.0894638692378445
"chr7-0255",-0.0770098995382315
"chr7-0256",-0.004358615900025
"chr7-0257",-0.0109944957443189
"chr7-0258",-0.0856957954307485
"chr7-0259",0.132987902441836
"chr7-0260",-0.225586450266817
"chr7-0261",-0.146887149546664
"chr7-0262",-0.0557550976908407
"chr7-0263",-0.217146858145189
"chr7-0264",-0.125342828790403
"chr7-0265",-0.10534309909364
"chr7-0266",-0.098710880311273
"chr7-0267",-0.198298841485223
"chr7-0268",-0.126621372434243
"chr7-0269",-0.0579322333758559
"chr7-0270",0.0407278922758544
"chr7-0271",-0.16051998168506
"chr7-0272",0.0118383894764078
"chr7-0273",-0.174493187918026
"chr7-0274",-0.104727197804272
"chr7-0275",-0.373638031037084
"chr7-0276",0.0795652514196624
"chr7-0277",-0.237590654588966
"chr7-0278",-0.126006418857892
"chr7-0279",-0.288199356317007
"chr7-0280",-0.0432570510629791
"chr7-0281",-0.159204753752531
"chr7-0282",-0.145387937099624
"chr7-0283",-0.105687085277678
"chr7-0284",-0.193095798208376
"chr7-0285",-0.0888095299892013
"chr7-0286",-0.192204402341948
"chr7-0287",-0.219965535567986
"chr7-0288",-0.0764563830416881
"chr7-0289",-0.181329869153788
"chr7-0290",-0.291691809182303
"chr7-0291",-0.153442729231171
"chr7-0292",-0.0707742588464788
"chr7-0293",-0.0209671776708698
"chr7-0294",-0.0120112493003712
"chr7-0295",-0.262442089188895
"chr7-0296",-0.0531690105204056
"chr7-0297",-0.165318139410232
"chr7-0298",-0.144325705699745
"chr7-0299",-0.0351286719307346
"chr7-0300",-0.183169051369328
"chr7-0301",-0.284378099432652
"chr7-0302",-0.0367157629170028
"chr7-0303",-0.114736904143916
"chr7-0304",-0.0601424272149895
"chr7-0305",-0.06055389362657
"chr7-0306",-0.101044768723673
"chr7-0307",-0.0173386774100505
"chr7-0308",-0.0902965051265445
"chr7-0309",-0.238082679328543
"chr7-0310",-0.0929489503976208
"chr7-0311",-0.0341186781025508
"chr7-0312",-0.133776633876217
"chr7-0313",-0.164734038693876
"chr7-0314",-0.162964944096848
"chr7-0315",0.0711590310477817
"chr7-0316",-0.151731759960695
"chr7-0317",-0.0643732681455238
"chr7-0318",-0.00368129898317021
"chr7-0319",-0.083547666263113
"chr7-0320",0.0167453212008692
"chr7-0321",-0.123206865439206
"chr7-0322",-0.259432959550008
"chr7-0323",-0.10075871400606
"chr7-0324",-0.0525144651866456
"chr7-0325",0.10372616793681
"chr7-0326",-0.287539642341076
"chr7-0327",-0.0664129447382001
"chr7-0328",-0.0430665188165228
"chr7-0329",-0.0963157247510385
"chr7-0330",-0.0738338371526764
"chr7-0331",-0.143485792631641
"chr7-0332",-0.0385962144903801
"chr7-0333",-0.0730697509914408
"chr7-0334",-0.00675481304570669
"chr7-0335",-0.0335168479628273
"chr7-0336",0.00575134823898152
"chr7-0337",-0.0866890460274842
"chr7-0338",-0.0813848359698885
"chr7-0339",-0.0671607894117159
"chr7-0340",-0.106287595742325
"chr7-0341",-0.139981561383781
"chr7-0342",-0.282680685550751
"chr7-0343",-0.305488064549899
"chr7-0344",-0.205496214374946
"chr7-0345",-0.182961907623064
"chr7-0346",-0.424661850019538
"chr7-0347",-0.28406472241344
"chr7-0348",-0.358882025913094
"chr7-0349",-0.260722895120693
"chr7-0350",-0.115739618143266
"chr7-0351",-0.231457421635752
"chr7-0352",-0.105095073181564
"chr7-0353",-0.089751873913163
"chr7-0354",-0.134202496650319
"chr7-0355",0.044951919880304
"chr7-0356",-0.106535253432698
"chr7-0357",-0.153872949111432
"chr7-0358",-0.141576231107904
"chr7-0359",-0.194812267785761
"chr7-0360",-0.272112081234197
"chr7-0361",-0.118331675380161
"chr7-0362",-0.217592655279777
"chr7-0363",-0.00450888385637215
"chr7-0364",-0.104954037737328
"chr7-0365",-0.278559493216454
"chr7-0366",-0.11004363661674
"chr7-0367",-0.311315819131659
"chr7-0368",-0.0806064269399364
"chr7-0369",-0.114705299845029
"chr7-0370",-0.0197992619661205
"chr7-0371",0.176678421790184
"chr7-0372",-0.0700008141382237
"chr7-0373",-0.0383859756513727
"chr7-0374",-0.0257025375254198
"chr7-0375",-0.0467046787068531
"chr7-0376",-0.037432200523557
"chr7-0377",0.0408008396371403
"chr7-0378",-0.200741788024908
"chr7-0379",-0.187624430489165
"chr7-0380",-0.222589149245933
"chr7-0381",-0.220705171902131
"chr7-0382",-0.107973938517091
"chr7-0383",-0.131875741456063
"chr7-0384",-0.395101249962846
"chr7-0385",-0.352412743319196
"chr7-0386",-0.465200400667154
"chr7-0387",0.132175607014265
"chr7-0388",-0.0887676125963166
"chr7-0389",-0.131645783933992
"chr7-0390",-0.228740159330105
"chr7-0391",0.0632125557731716
"chr7-0392",0.00223747859117295
"chr7-0393",-0.316500294979329
"chr7-0394",-0.262784954951786
"chr7-0395",-0.106257287685509
"chr7-0396",0.20102037669452
"chr7-0397",-0.258160995760603
"chr7-0398",-0.32567604209664
"chr7-0399",-0.317426020789733
"chr7-0400",-0.167799819106387
"chr7-0401",-0.0828680779111022
"chr7-0402",-0.0073829079678979
"chr7-0403",-0.053554889630018
"chr7-0404",-0.0113583002427264
"chr7-0405",-0.0684881059898185
"chr7-0406",-0.143188968375291
"chr7-0407",-0.065922190096778
"chr7-0408",-0.0746865452619044
"chr7-0409",-0.159916988309027
"chr7-0410",-0.0824151431508515
"chr7-0411",0.0889556056448773
"chr7-0412",-0.193601850144654
"chr7-0413",-0.147882773709395
"chr7-0414",-0.279102610249264
"chr7-0415",-0.0904551524963264
"chr7-0416",-0.221363863137674
"chr7-0417",-0.363946776531825
"chr7-0418",-0.374527650249826
"chr7-0419",-0.213378479960474
"chr7-0420",-0.0875399857838807
"chr7-0421",-0.0485826904276688
"chr7-0422",-0.0827581360608381
"chr7-0423",-0.297982944109031
"chr7-0424",-0.0966243999310759
"chr7-0425",0.174485344499401
"chr7-0426",-0.0616482125117149
"chr7-0427",-0.164514697078213
"chr7-0428",-0.0593486430473933
"chr7-0429",-0.416085819193885
"chr7-0430",-0.562481043056451
"chr7-0431",-0.599660656692779
"chr7-0432",-0.316661404740667
"chr7-0433",-0.316014818456955
"chr7-0434",-0.0627074673557524
"chr7-0435",-0.167562156328172
"chr7-0436",-0.12788182922842
"chr7-0437",-0.0593527456496858
"chr7-0438",-0.112833156603105
"chr7-0439",-0.0547940749229236
"chr7-0440",0.00229242296465376
"chr7-0441",-0.351813643997106
"chr7-0442",-0.114067929944495
"chr7-0443",-0.245198651684495
"chr7-0444",-0.282284015690762
"chr7-0445",-0.443044680003211
"chr7-0446",-0.280682496513548
"chr7-0447",-0.0327167660930605
"chr7-0448",-0.18821919740375
"chr7-0449",-0.218889822340124
"chr7-0450",-0.352818886645645
"chr7-0451",-0.163459732052815
"chr7-0452",-0.0283180278937477
"chr7-0453",-0.223106152910414
"chr7-0454",0.021087833097413
"chr7-0455",-0.16493545351108
"chr7-0456",-0.244228536390999
"chr7-0457",-0.125800784915789
"chr7-0458",-0.0927907535898228
"chr7-0459",-0.151052074959022
"chr7-0460",-0.0797724188551263
"chr7-0461",-0.189460304354649
"chr7-0462",-0.182490907151978
"chr7-0463",-0.253567550269204
"chr7-0464",0.0659231980184479
"chr7-0465",-0.18568779728001
"chr7-0466",-0.222578221057753
"chr7-0467",-0.213268837847
"chr7-0468",-0.0114042740043164
"chr7-0469",-0.0658124623132082
"chr7-0470",-0.267082926444919
"chr7-0471",-0.122210274738214
"chr7-0472",-0.189572554819266
"chr7-0473",-0.273275036802752
"chr7-0474",-0.207375886928036
"chr7-0475",-0.390316889978963
"chr7-0476",-0.131989401171143
"chr7-0477",-0.213922749305267
"chr7-0478",-0.111104470413739
"chr7-0479",-0.221101193024492
"chr7-0480",-0.217085689456294
"chr7-0481",-0.245284782120251
"chr7-0482",-0.0832142933089135
"chr7-0483",-0.117630723127637
"chr7-0484",-0.280351534663001
"chr7-0485",-0.282732492309772
"chr7-0486",-0.260869788853707
"chr7-0487",-0.207015180634563
"chr7-0488",-0.102239205439254
"chr7-0489",-0.351781317537704
"chr7-0490",-0.285182744936049
"chr7-0491",-0.349836173813444
"chr7-0492",-0.0808725546869266
"chr7-0493",-0.0542309177377365
"chr7-0494",-0.0328649310285641
"chr7-0495",-0.00580143076698068
"chr7-0496",-0.0604054027874793
"chr7-0497",-0.04884165136491
"chr7-0498",-0.0519215575908395
"chr7-0499",0.0330297137383511
"chr7-0500",0.131777340099445
"chr7-0501",-0.0816711134487844
"chr7-0502",0.0442527978162406
"chr7-0503",-0.285059804876911
"chr7-0504",-0.0423617145302981
"chr7-0505",-0.140702389747541
"chr7-0506",-0.163029925950971
"chr7-0507",-0.157883801012862
"chr7-0508",-0.154789441491167
"chr7-0509",-0.129135413516176
"chr7-0510",-0.00216911820699273
"chr7-0511",0.0155488870990925
"chr7-0512",-0.0537143170454461
"chr7-0513",-0.241618229916237
"chr7-0514",-0.0638779245864641
"chr7-0515",-0.122189145439666
"chr7-0516",-0.0277137976134744
"chr7-0517",-0.224298369261424
"chr7-0518",-0.00714873273573894
"chr7-0519",0.088747363612504
"chr7-0520",0.153788246442008
"chr7-0521",-0.0568581721943455
"chr7-0522",-0.000275597001408489
"chr7-0523",-0.0236488081689082
"chr7-0524",-0.126724696758877
"chr7-0525",-0.181728485582115
"chr7-0526",0.0904177437131681
"chr7-0527",-0.0459581031666231
"chr7-0528",-0.0207160093954549
"chr7-0529",-0.148106135393599
"chr7-0530",0.10617168808531
"chr7-0531",0.0589273192574456
"chr7-0532",0.063329877920303
"chr7-0533",0.0470905607138569
"chr7-0534",-0.184533602343775
"chr7-0535",0.112359864154582
"chr7-0536",0.0249216956658119
"chr7-0537",-0.032822095581636
"chr7-0538",0.0445312971194017
"chr7-0539",-0.0985262970203684
"chr7-0540",-0.0692174087516365
"chr7-0541",-0.0173231036608586
"chr7-0542",-0.290303193120242
"chr7-0543",0.0168826037199234
"chr7-0544",-0.00506504517164755
"chr7-0545",-0.0397531013528718
"chr7-0546",-0.0770580835688975
"chr7-0547",0.0644850153834659
"chr7-0548",-0.0859190746743547
"chr7-0549",-0.00768347883480983
"chr7-0550",-0.113476421850106
"chr7-0551",-0.11630973192556
"chr7-0552",-0.0466286263888009
"chr7-0553",0.0370506561530363
"chr7-0554",0.00267242017717372
"chr7-0555",-0.214693363474833
"chr7-0556",-0.084338707862549
"chr7-0557",-0.0238651505700285
"chr7-0558",-0.220176255995676
"chr7-0559",-0.112970306317318
"chr7-0560",0.0170064424116233
"chr7-0561",-0.157340745464994
"chr7-0562",-0.120895093545646
"chr7-0563",-0.073263852783912
"chr7-0564",-0.023799863221369
"chr7-0565",-0.090524352641582
"chr7-0566",0.111085228609022
"chr7-0567",-0.156282416138282
"chr7-0568",-0.130059390928953
"chr7-0569",0.193229875144454
"chr7-0570",-0.0111959413022069
"chr7-0571",0.0766077271019314
"chr7-0572",-0.109029555547294
"chr7-0573",-0.108678553224403
"chr7-0574",-0.335452881916708
"chr7-0575",-0.0833626091295828
"chr7-0576",-0.263005248452589
"chr7-0577",0.117708093084221
"chr7-0578",-0.0436851337654819
"chr7-0579",-0.389533360129229
"chr7-0580",-0.4693644427584
"chr7-0581",-0.080203679335262
"chr7-0582",-0.15938763284827
"chr7-0583",-0.029800536161272
"chr7-0584",-0.0878702545391833
"chr7-0585",-0.184302389405105
"chr7-0586",-0.282286825427879
"chr7-0587",-0.318500796149659
"chr7-0588",-0.221088718467177
"chr7-0589",-0.371584070307946
"chr7-0590",-0.289219026211017
"chr7-0591",-0.168770545324997
"chr7-0592",-0.00788327809384953
"chr7-0593",-0.0978724014517609
"chr7-0594",0.032434101175224
"chr7-0595",-0.3543212522557
"chr7-0596",-0.337257286334035
"chr7-0597",-0.178522495544455
"chr7-0598",-0.0783311117759774
"chr7-0599",-0.112679859718848
"chr7-0600",-0.12246165606547
"chr7-0601",-0.1007313736082
"chr7-0602",-0.432741168786305
"chr7-0603",-0.221770812584627
"chr7-0604",-0.274206805793111
"chr7-0605",-0.198471240628278
"chr7-0606",-0.00486741017782591
"chr7-0607",-0.11713229129965
"chr7-0608",-0.155427092268176
"chr7-0609",-0.192420114541027
"chr7-0610",-0.0695652127149686
"chr7-0611",-0.0342552947034886
"chr7-0612",-0.0404296797762526
"chr7-0613",-0.15412916702589
"chr7-0614",-0.0674497817271
"chr7-0615",-0.396918798200756
"chr7-0616",-0.0817793821210319
"chr7-0617",-0.124558854669942
"chr7-0618",-0.29210667857065
"chr7-0619",-0.153669016900764
"chr7-0620",-0.195059370920425
"chr7-0621",-0.140587003127145
"chr7-0622",-0.308832218667643
"chr7-0623",-0.321480351134934
"chr7-0624",-0.358022985078597
"chr7-0625",-0.255349993336292
"chr7-0626",-0.315189642990533
"chr7-0627",-0.278072503993226
"chr7-0628",-0.0808225605518197
"chr7-0629",-0.0920818930263368
"chr7-0630",-0.0319808763222162
"chr7-0631",-0.27401884472524
"chr7-0632",-0.211119852781774
"chr7-0633",-0.097608531151375
"chr7-0634",-0.184125415185542
"chr7-0635",-0.341513346119948
"chr7-0636",-0.194433220898298
"chr7-0637",-0.0574535661429394
"chr7-0638",-0.145984988660504
"chr7-0639",-0.173128540932126
"chr7-0640",-0.0178451868387816
"chr7-0641",0.0261983151746349
"chr7-0642",-0.127794711972439
"chr7-0643",-0.0510387767266349
"chr7-0644",-0.0452078930532557
"chr7-0645",0.000239236732211335
"chr7-0646",-0.052593866952487
"chr7-0647",-0.374520404213132
"chr7-0648",-0.166497154556431
"chr7-0649",0.12757931628288
"chr7-0650",-0.217325191495008
"chr7-0651",-0.164411600243734
"chr7-0652",-0.318912598148337
"chr7-0653",-0.320211744931473
"chr7-0654",-0.212619013838377
"chr7-0655",-0.136942081299656
"chr7-0656",-0.0666942282033652
"chr7-0657",-0.12885003377125
"chr7-0658",-0.0582424928253714
"chr7-0659",-0.113726345637477
"chr7-0660",-0.135162641628112
"chr7-0661",0.0732287320685387
"chr7-0662",0.0962791772296369
"chr7-0663",-0.0538424086176879
"chr7-0664",0.137167716398575
"chr7-0665",-0.056564097223412
"chr7-0666",0.00412687750059561
"chr7-0667",0.0196122098713494
"chr7-0668",-0.0898368363517671
"chr7-0669",0.0758027566914122
"chr7-0670",-0.0483218728743021
"chr7-0671",0.0325508539397422
"chr7-0672",-0.00392821907524278
"chr7-0673",-0.106500174002638
"chr7-0674",-0.215494755235876
"chr7-0675",-0.168440580034366
"chr7-0676",0.0068093239131415
"chr7-0677",0.0197861973312154
"chr7-0678",0.0474497948760813
"chr7-0679",0.0126464266159745
"chr7-0680",-0.326050199682964
"chr7-0681",-0.164205580487399
"chr7-0682",-0.158817442324095
"chr7-0683",-0.0836712523052871
"chr7-0684",-0.151513703355345
"chr7-0685",-0.141960752639742
"chr7-0686",-0.138520807285437
"chr7-0687",-0.075473924736106
"chr7-0688",-0.213144279547802
"chr7-0689",-0.0795134430884458
"chr7-0690",0.0644015826018631
"chr7-0691",-0.126372285685698
"chr7-0692",-0.130131228798809
"chr7-0693",-0.211283635280819
"chr7-0694",-0.245900748332835
"chr7-0695",0.0507915164042464
"chr7-0696",-0.0321243574906022
"chr7-0697",-0.203894000985455
"chr7-0698",-0.0403418671031443
"chr7-0699",-0.00849809115122982
"chr7-0700",-0.0881043814507245
"chr7-0701",-0.120648812425389
"chr7-0702",-0.0170036837017411
"chr7-0703",-0.0324464633609465
"chr7-0704",-0.391367630471444
"chr7-0705",-0.275582656707098
"chr7-0706",0.0521065583865626
"chr7-0707",-0.0299842298511282
"chr7-0708",0.0173353332388897
"chr7-0709",0.046804339351649
"chr7-0710",-0.0149566896029863
"chr7-0711",-0.105759526858528
"chr7-0712",0.00895008188557646
"chr7-0713",-0.164112061556544
"chr7-0714",-0.151871477603629
"chr7-0715",-0.441260427590613
"chr7-0716",-0.163958676068561
"chr7-0717",-0.106094697717255
"chr7-0718",-0.0554800324068497
"chr7-0719",-0.12985440977681
"chr7-0720",-0.114397760358387
"chr7-0721",0.0614718227318237
"chr7-0722",-0.0109888453742304
"chr7-0723",-0.116825272768294
"chr7-0724",0.0480438999233363
"chr7-0725",0.0700661790685499
"chr7-0726",-0.0698298115459497
"chr7-0727",-0.147009965841115
"chr7-0728",0.102202502988754
"chr7-0729",-0.132925654731104
"chr7-0730",-0.0377758073464311
"chr7-0731",-0.155185881431213
"chr7-0732",-0.126194148718983
"chr7-0733",-0.284840901876273
"chr7-0734",-0.0335386093037001
"chr7-0735",-0.211318796192552
"chr7-0736",-0.124539382881121
"chr7-0737",0.0358574827118184
"chr7-0738",-0.29552832859994
"chr7-0739",-0.086408239817111
"chr7-0740",-0.124930103308883
"chr7-0741",0.0150901842677469
"chr7-0742",-0.343265922038035
"chr7-0743",-0.352875166448649
"chr7-0744",-0.363079004887345
"chr7-0745",-0.347660701106878
"chr7-0746",-0.0955684610045449
"chr7-0747",-0.171436807137078
"chr7-0748",-0.162716464073344
"chr7-0749",-0.155063045787479
"chr7-0750",-0.352340168804248
"chr7-0751",-0.167599972555515
"chr7-0752",-0.00750894240105407
"chr7-0753",-0.140958583969146
"chr7-0754",-0.252351785557844
"chr7-0755",-0.273569866269521
"chr7-0756",-0.0622500610771391
"chr7-0757",-0.022246780407769
"chr7-0758",-0.0436856254933957
"chr7-0759",-0.147485162534976
"chr7-0760",-0.102042123696569
"chr7-0761",-0.060777068433956
"chr7-0762",-0.137814177376585
"chr7-0763",-0.145918212686284
"chr7-0764",-0.183559782656585
"chr7-0765",-0.16661971801453
"chr7-0766",-0.103277878290295
"chr7-0767",-0.229880147557465
"chr7-0768",-0.0380901870629943
"chr7-0769",-0.120551464869989
"chr7-0770",-0.243345426271914
"chr7-0771",-0.177671832330988
"chr7-0772",-0.228886756452374
"chr7-0773",-0.218787102176419
"chr7-0774",0.0332186775589797
"chr7-0775",-0.101688430848161
"chr7-0776",-0.193196825154465
"chr7-0777",-0.108052956595463
"chr7-0778",-0.0489173067995634
"chr7-0779",-0.355643498526738
"chr7-0780",-0.021655598672662
"chr7-0781",-0.150497032664833
"chr7-0782",-0.00666458543794308
"chr7-0783",-0.138380790815402
"chr7-0784",0.0694936280287477
"chr7-0785",0.158075863326618
"chr7-0786",-0.187741715792211
"chr7-0787",-0.0519865889078661
"chr7-0788",-0.389804586887932
"chr7-0789",-0.128939112233229
"chr7-0790",-0.232270731140287
"chr7-0791",-0.232081188704958
"chr7-0792",-0.316796658586362
"chr7-0793",-0.204272823474553
"chr7-0794",-0.131460069311107
"chr7-0795",-0.126616009949315
"chr7-0796",-0.290698411427451
"chr7-0797",-0.202384812117118
"chr7-0798",-0.101045671006781
"chr7-0799",-0.138763451276405
"chr7-0800",-0.00327883221058653
"chr7-0801",0.00846005348787896
"chr7-0802",-0.148053106093858
"chr7-0803",-0.135368275681497
"chr7-0804",-0.185853289376543
"chr7-0805",-0.129697629428358
"chr7-0806",-0.160133412783126
"chr7-0807",-0.114203653741666
"chr7-0808",-0.370199888883646
"chr7-0809",0.0920645847719171
"chr7-0810",-0.180350296280583
"chr7-0811",-0.071532726040418
"chr7-0812",-0.141345563715941
"chr7-0813",-0.0966866588406243
"chr7-0814",0.0386777597444017
"chr7-0815",-0.176537718169494
"chr7-0816",-0.00210512078017478
"chr7-0817",-0.317209548463408
"chr7-0818",-0.102807423306872
"chr7-0819",-0.106088785949419
"chr7-0820",-0.197715774325354
"chr7-0821",0.0723855439108718
"chr7-0822",-0.0690121666444032
"chr7-0823",-0.297784869465838
"chr7-0824",-0.0314972600247081
"chr7-0825",-0.0331092889466698
"chr7-0826",-0.087146804189111
"chr7-0827",-0.118800363000404
"chr7-0828",-0.239646878745323
"chr7-0829",-0.102612592869252
"chr7-0830",-0.171866511950974
"chr7-0831",0.119316873674602
"chr7-0832",0.00863020373466786
"chr7-0833",-0.406865151203799
"chr7-0834",-0.558192320129533
"chr7-0835",-0.163517888333953
"chr7-0836",-0.0860184896372322
"chr7-0837",-0.390974471299331
"chr7-0838",-0.249793654334211
"chr7-0839",-0.114266390337552
"chr7-0840",-0.0103493824742994
"chr7-0841",-0.175146259932258
"chr7-0842",-0.0646469199159179
"chr7-0843",-0.0256746089999357
"chr7-0844",-0.102061818818249
"chr7-0845",-0.133851943754195
"chr7-0846",-0.255922301355525
"chr7-0847",-0.202145847359343
"chr7-0848",-0.0152231142478236
"chr7-0849",-0.0182243791040025
"chr7-0850",0.0563245917701197
"chr7-0851",-0.237671237787166
"chr7-0852",-0.185161593000976
"chr7-0853",-0.122094111942651
"chr7-0854",-0.15238783451741
"chr7-0855",-0.391099526361309
"chr7-0856",-0.190873081547339
"chr7-0857",-0.28844811257513
"chr7-0858",-0.08988758717267
"chr7-0859",-0.0699748617134997
"chr7-0860",-0.0255752600280596
"chr7-0861",-0.320042974725488
"chr7-0862",-0.317983255705284
"chr7-0863",0.0140259752146158
"chr7-0864",-0.0417809979552021
"chr7-0865",-0.293825922243493
"chr7-0866",-0.376182120289898
"chr7-0867",-0.268701156699735
"chr7-0868",-0.264658219841224
"chr7-0869",-0.412484776827537
"chr7-0870",0.000846997814686487
"chr7-0871",-0.106453701226105
"chr7-0872",-0.196891837696137
"chr7-0873",-0.175202902735532
"chr7-0874",-0.142415469687153
"chr7-0875",-0.0524884692597486
"chr7-0876",-0.0912539908096832
"chr7-0877",-0.170565118029756
"chr7-0878",-0.0415609753958436
"chr7-0879",-0.306706242990194
"chr7-0880",-0.0646810933607531
"chr7-0881",-0.208140548323997
"chr7-0882",-0.209801223635813
"chr7-0883",-0.281858117321473
"chr7-0884",-0.118974255442954
"chr7-0885",-0.0411987550922731
"chr7-0886",-0.244416781742307
"chr7-0887",-0.02461069858285
"chr7-0888",-0.116511921092227
"chr7-0889",-0.171071382355565
"chr7-0890",-0.293074684303286
"chr7-0891",-0.200239887866798
"chr7-0892",-0.139570307810095
"chr7-0893",0.0761106726406708
"chr7-0894",-0.037139195338694
"chr7-0895",-0.0783935446603139
"chr7-0896",-0.0716881325318953
"chr7-0897",-0.151588750877823
"chr7-0898",-0.12450177898053
"chr7-0899",-0.0780553382241769
"chr7-0900",-0.0453380874792945
"chr7-0901",-0.0189878288224243
"chr7-0902",-0.0289087524292282
"chr7-0903",-0.103921136920325
"chr7-0904",-0.152443599897809
"chr7-0905",-0.0642025408327702
"chr7-0906",-0.0908606594621321
"chr7-0907",-0.0527643427527116
"chr7-0908",-0.0652041747020623
"chr7-0909",-0.277274443919548
"chr7-0910",-0.497119450411892
"chr7-0911",-0.399681165025794
"chr7-0912",-0.208812760826497
"chr7-0913",-0.234646888333766
"chr7-0914",-0.123216945001023
"chr7-0915",-0.0906055001804981
"chr7-0916",-0.00651519844396323
"chr7-0917",-0.0540243291906392
"chr7-0918",-0.0619678044319822
"chr7-0919",-0.101608598246101
"chr7-0920",-0.164015006808145
"chr7-0921",-0.123143347262099
"chr7-0922",0.0388141645190649
"chr7-0923",-0.14540233204772
"chr7-0924",-0.0573944174417033
"chr7-0925",-0.105761230414666
"chr7-0926",-0.137389727042753
"chr7-0927",-0.170883756612032
"chr7-0928",-0.361447456547185
"chr7-0929",-0.0293199177238938
"chr7-0930",-0.00558753914742709
"chr7-0931",-0.104252300042838
"chr7-0932",-0.0413183691254608
"chr7-0933",-0.51033580733813
"chr7-0934",-0.0617376605567982
"chr7-0935",0.0650800599834311
"chr7-0936",-0.151471802463145
"chr7-0937",-0.415016058571987
"chr7-0938",-0.186959054929275
"chr7-0939",-0.1710598905727
"chr7-0940",-0.0812238208544455
"chr7-0941",0.000954886230129279
"chr7-0942",-0.40333706705234
"chr7-0943",-0.164606181323447
"chr7-0944",-0.323392276307809
"chr7-0945",-0.154353706303482
"chr7-0946",0.0602564654598298
"chr7-0947",-0.29140453892876
"chr7-0948",-0.153256202786557
"chr7-0949",0.00167036301089976
"chr7-0950",-0.188591829899456
"chr7-0951",-0.265197476619507
"chr7-0952",-0.188029577127754
"chr7-0953",-0.164947336822894
"chr7-0954",-0.136395459066488
"chr7-0955",0.0517452182514823
"chr7-0956",-0.224567874950797
"chr7-0957",-0.165442985795991
"chr7-0958",-0.262142410039053
"chr7-0959",-0.0932962304664157
"chr7-0960",-0.048003159595522
"chr7-0961",-0.130062428518481
"chr7-0962",-0.140208911463605
"chr7-0963",-0.184268202328149
"chr7-0964",-0.197208111216232
"chr7-0965",-0.258386403664611
"chr7-0966",-0.156035780148347
"chr7-0967",-0.220169330508698
"chr7-0968",-0.0734283341954197
"chr7-0969",-0.251832610590309
"chr7-0970",-0.400952233035505
"chr7-0971",-0.106525692042267
"chr7-0972",-0.109612461387914
"chr7-0973",-0.0610266143207535
"chr7-0974",-0.0686125967956708
"chr7-0975",-0.188441667458513
"chr7-0976",-0.173995739078654
"chr7-0977",-0.192698249922932
"chr7-0978",-0.180650247009514
"chr7-0979",-0.162354144324942
"chr7-0980",-0.076313954687697
"chr7-0981",-0.068058545579697
"chr7-0982",-0.204470845999652
"chr7-0983",-0.217557783564431
"chr7-0984",-0.0368088115908053
"chr7-0985",-0.0491676501381046
"chr7-0986",-0.0351503474955651
"chr7-0987",-0.0517278474031165
"chr7-0988",-0.0335994356231469
"chr7-0989",-0.0520095303021559
"chr7-0990",-0.161428902464117
"chr7-0991",-0.073977947375499
"chr7-0992",0.0176777032993434
"chr7-0993",0.0877300278884773
"chr7-0994",0.123557942138123
"chr7-0995",-0.157668146541833
"chr7-0996",0.0407744702092107
"chr7-0997",-0.0211927500743217
"chr7-0998",-0.0155477517471338
"chr8-0001",-0.204566117693447
"chr8-0002",-0.0876235626386397
"chr8-0003",-0.187618034598177
"chr8-0004",-0.28576090070491
"chr8-0005",-0.255909276294304
"chr8-0006",-0.349106832012355
"chr8-0007",-0.151416949318168
"chr8-0008",-0.505377592122986
"chr8-0009",-0.483691478289657
"chr8-0010",-0.423083185274908
"chr8-0011",-0.529951730629605
"chr8-0012",-0.400072089731123
"chr8-0013",-0.39643603672164
"chr8-0014",-0.260249255990387
"chr8-0015",-0.583035847003615
"chr8-0016",-0.378543338850838
"chr8-0017",-0.334243566782334
"chr8-0018",-0.300083124656159
"chr8-0019",-0.439569920282812
"chr8-0020",-0.507414021842261
"chr8-0021",-0.344337881292644
"chr8-0022",-0.171408453345983
"chr8-0023",-0.269830047360534
"chr8-0024",-0.431339786675339
"chr8-0025",-0.352563579168914
"chr8-0026",-0.332676206634593
"chr8-0027",-0.45506018496869
"chr8-0028",-0.233189776592923
"chr8-0029",-0.424988093974274
"chr8-0030",-0.764370755576915
"chr8-0031",-0.848489799056261
"chr8-0032",-0.49217249944719
"chr8-0033",-0.59272156778622
"chr8-0034",-0.742822544458673
"chr8-0035",-0.65757726410742
"chr8-0036",-0.737472288781774
"chr8-0037",-0.508775429891935
"chr8-0038",-0.200435671135104
"chr8-0039",-0.357934876865687
"chr8-0040",-0.216245755780833
"chr8-0041",-0.433019622218941
"chr8-0042",-0.470641859770797
"chr8-0043",-0.688174177095691
"chr8-0044",-0.374775927705862
"chr8-0045",-0.266950985339094
"chr8-0046",0.00274242392637775
"chr8-0047",-0.0801700170304788
"chr8-0048",-0.696773007692099
"chr8-0049",-0.0232577176343097
"chr8-0050",0.00127167776262199
"chr8-0051",-0.41441909199472
"chr8-0052",-0.460769036434053
"chr8-0053",-0.667860296586429
"chr8-0054",-0.757405715360723
"chr8-0055",-0.644098539800469
"chr8-0056",-0.331356738707559
"chr8-0057",-0.295040680785985
"chr8-0058",-0.408220019899896
"chr8-0059",-0.537458616430243
"chr8-0060",-0.455832553005424
"chr8-0061",-0.336200821517124
"chr8-0062",-0.345661578779423
"chr8-0063",-0.648012014367132
"chr8-0064",-0.68641730261622
"chr8-0065",-1.07920445039035
"chr8-0066",-0.508428291070682
"chr8-0067",-0.477129698288621
"chr8-0068",-0.660888333426305
"chr8-0069",-0.221816719256346
"chr8-0070",-0.329109238059267
"chr8-0071",-0.297286675640768
"chr8-0072",-0.432731584685681
"chr8-0073",-0.550913544781895
"chr8-0074",-0.324628413088904
"chr8-0075",-0.674920956284152
"chr8-0076",-0.3242995614423
"chr8-0077",-0.369992978447694
"chr8-0078",-0.561232846576512
"chr8-0079",-0.49303600122136
"chr8-0080",-0.699524159531851
"chr8-0081",-1.06843305556812
"chr8-0082",-0.431062001044355
"chr8-0083",-0.593866172736924
"chr8-0084",-0.837866886619159
"chr8-0085",-0.61314749529944
"chr8-0086",-0.529139509489949
"chr8-0087",-0.444952884264986
"chr8-0088",-0.663923214583209
"chr8-0089",-0.439257046735771
"chr8-0090",-0.23928741260688
"chr8-0091",-0.327652995267166
"chr8-0092",-0.478660684805016
"chr8-0093",0.0299456884199436
"chr8-0094",-0.284286456831372
"chr8-0095",-0.0926547410272528
"chr8-0096",-0.23206559185178
"chr8-0097",-0.104565996082042
"chr8-0098",-0.600731218088841
"chr8-0099",-0.488985035002608
"chr8-0100",-0.62250746562875
"chr8-0101",-0.317294851235629
"chr8-0102",-0.508557082681139
"chr8-0103",-0.459636490183092
"chr8-0104",-0.371272228657586
"chr8-0105",-0.706715418976135
"chr8-0106",-0.379196464478591
"chr8-0107",-0.704126328803403
"chr8-0108",-0.406154335046621
"chr8-0109",-0.454492729281789
"chr8-0110",-0.750489947944797
"chr8-0111",-0.455691791271348
"chr8-0112",-0.569419301922296
"chr8-0113",-0.150670735913272
"chr8-0114",-0.550842782588155
"chr8-0115",-0.29948099101421
"chr8-0116",-0.248788026314005
"chr8-0117",-0.516650184527108
"chr8-0118",-0.390533847328577
"chr8-0119",-0.318649137124971
"chr8-0120",-0.327421813480171
"chr8-0121",-0.331121327641721
"chr8-0122",-0.377885600795324
"chr8-0123",-0.438229703314705
"chr8-0124",-0.378403643789797
"chr8-0125",-0.63684738115017
"chr8-0126",-0.415164329727344
"chr8-0127",-0.474368099900052
"chr8-0128",-0.583932129299185
"chr8-0129",-0.459926324780443
"chr8-0130",-0.73096883002493
"chr8-0131",-0.507797317395083
"chr8-0132",-0.479694069177185
"chr8-0133",-0.279594091841303
"chr8-0134",-0.0286370976190457
"chr8-0135",-0.450428721327339
"chr8-0136",-0.35058505456013
"chr8-0137",-0.319598793121686
"chr8-0138",-0.543585003118396
"chr8-0139",-0.886330038239206
"chr8-0140",-0.429915234951549
"chr8-0141",-0.456038526229841
"chr8-0142",-0.669224262435168
"chr8-0143",-0.63172708043047
"chr8-0144",-0.511187266048699
"chr8-0145",-0.435917364420919
"chr8-0146",-0.519682893618585
"chr8-0147",-0.43915416564462
"chr8-0148",-0.301124598389316
"chr8-0149",-0.283804010577594
"chr8-0150",-0.27318109297287
"chr8-0151",-0.572126103024158
"chr8-0152",-0.132724897894315
"chr8-0153",-0.306618296749459
"chr8-0154",-0.314038087816038
"chr8-0155",-0.215860218149423
"chr8-0156",-0.196598069101079
"chr8-0157",-0.333952263765861
"chr8-0158",-0.819542250766863
"chr8-0159",-0.515612237170371
"chr8-0160",-0.294290874809617
"chr8-0161",-0.431590795283894
"chr8-0162",-0.41993934152014
"chr8-0163",-0.432432772735498
"chr8-0164",-0.377735706916653
"chr8-0165",-0.298180895887817
"chr8-0166",-0.348064973570947
"chr8-0167",-0.445055254986606
"chr8-0168",-0.336699954396904
"chr8-0169",-0.825155376566895
"chr8-0170",-0.473657220445626
"chr8-0171",-0.55990556648641
"chr8-0172",-0.702393662219119
"chr8-0173",-0.817241234027082
"chr8-0174",-0.763287287312817
"chr8-0175",-0.366438509564526
"chr8-0176",-0.871623291031918
"chr8-0177",-0.287135098794723
"chr8-0178",-0.743175715064108
"chr8-0179",-0.51469705413077
"chr8-0180",-0.505805895738749
"chr8-0181",-0.373305506868231
"chr8-0182",-0.608322829047342
"chr8-0183",-0.590674972370924
"chr8-0184",-0.387954330432733
"chr8-0185",-0.578656687712909
"chr8-0186",-0.214083871629595
"chr8-0187",-0.278080819340886
"chr8-0188",-0.439189337849781
"chr8-0189",-0.206954643985352
"chr8-0190",-0.165220466048211
"chr8-0191",-0.434416958436886
"chr8-0192",-0.30766942967153
"chr8-0193",-0.479908161165048
"chr8-0194",-0.388997347642887
"chr8-0195",-0.445685148769929
"chr8-0196",-0.293597277341881
"chr8-0197",-0.545916961352299
"chr8-0198",-0.396209070943119
"chr8-0199",-0.3301857564005
"chr8-0200",-0.495521025183588
"chr8-0201",-0.342146504269848
"chr8-0202",-0.61128910721831
"chr8-0203",-0.603952424113228
"chr8-0204",-0.472948469758197
"chr8-0205",-0.392253308846652
"chr8-0206",-0.224243645667558
"chr8-0207",-0.362791367486944
"chr8-0208",-0.685132052995987
"chr8-0209",-0.362584244962525
"chr8-0210",-0.585283373034819
"chr8-0211",-0.376918259141114
"chr8-0212",-0.233858790897909
"chr8-0213",-0.315474544994388
"chr8-0214",-0.49254072365397
"chr8-0215",-0.339003398823156
"chr8-0216",-0.528540457359367
"chr8-0217",-0.791709634251541
"chr8-0218",-0.496692092134565
"chr8-0219",-0.480042442796008
"chr8-0220",-0.68021295687623
"chr8-0221",-0.69965350536907
"chr8-0222",-0.356819411785663
"chr8-0223",-0.43609546882812
"chr8-0224",-0.624981724288126
"chr8-0225",-0.40745489610248
"chr8-0226",-0.876600460286963
"chr8-0227",-0.175619005407325
"chr8-0228",-0.328735052528682
"chr8-0229",-0.261588172585084
"chr8-0230",-0.593646023672503
"chr8-0231",-0.230456983613685
"chr8-0232",0.133629742322281
"chr8-0233",0.163869103308179
"chr8-0234",0.110556262433757
"chr8-0235",0.0743015466843963
"chr8-0236",0.13047739487491
"chr8-0237",0.0735942837238253
"chr8-0238",0.0424654158366784
"chr8-0239",0.110647785766593
"chr8-0240",-0.0274254526502904
"chr8-0241",-0.0425242493655846
"chr8-0242",-0.0313402028983449
"chr8-0243",-0.524456908584853
"chr8-0244",-0.49404268738818
"chr8-0245",-0.123619719724483
"chr8-0246",0.00428836022627063
"chr8-0247",0.000354900543503748
"chr8-0248",0.067789269859739
"chr8-0249",0.124762415877919
"chr8-0250",0.116660921537702
"chr8-0251",0.0783021896338572
"chr8-0252",0.113151477718433
"chr8-0253",0.00882259214071168
"chr8-0254",-0.0244101447897663
"chr8-0255",-0.11834814028617
"chr8-0256",0.0409021056843701
"chr8-0257",0.0828513887400133
"chr8-0258",0.0707346710749332
"chr8-0259",0.263180174430904
"chr8-0260",0.203643569902705
"chr8-0261",0.136969822216392
"chr8-0262",0.152679755085759
"chr8-0263",0.15549367582136
"chr8-0264",0.080783162765038
"chr8-0265",0.137570664940572
"chr8-0266",0.25425200731987
"chr8-0267",0.247805671071729
"chr8-0268",0.186899335587245
"chr8-0269",-0.0281919645116022
"chr8-0270",-0.254888895494905
"chr8-0271",-0.000818177892249937
"chr8-0272",0.0305636476871695
"chr8-0273",-0.0347298766250624
"chr8-0274",-0.0989892243460242
"chr8-0275",0.0520599960097436
"chr8-0276",0.062123006646954
"chr8-0277",0.0121395041263602
"chr8-0278",0.000369194029664483
"chr8-0279",0.0440642128874882
"chr8-0280",0.0701056156343586
"chr8-0281",0.0777812345258751
"chr8-0282",-0.0146020294509608
"chr8-0283",0.0817569793626008
"chr8-0284",0.0793752296412893
"chr8-0285",0.0911226855639681
"chr8-0286",0.0406838861912098
"chr8-0287",0.102067879806574
"chr8-0288",0.00558865770498274
"chr8-0289",0.0529415308199055
"chr8-0290",0.113089474778081
"chr8-0291",0.257753685968566
"chr8-0292",0.147539483624966
"chr8-0293",0.0471429645053875
"chr8-0294",-0.0295614026823178
"chr8-0295",0.167918217363454
"chr8-0296",0.115885443550673
"chr8-0297",0.147138929055097
"chr8-0298",0.133617618476677
"chr8-0299",0.0312832505074397
"chr8-0300",-0.054511541714414
"chr8-0301",0.138285895330409
"chr8-0302",0.175593751400472
"chr8-0303",0.324199768738576
"chr8-0304",-0.0771061998589856
"chr8-0305",0.24633132061609
"chr8-0306",-0.00799555284297061
"chr8-0307",0.173654988728437
"chr8-0308",0.277512838167391
"chr8-0309",0.226439243557262
"chr8-0310",0.273488640466748
"chr8-0311",0.208048200011528
"chr8-0312",0.0791848972117665
"chr8-0313",0.0980771448189474
"chr8-0314",0.0614865976069996
"chr8-0315",0.0948390756128924
"chr8-0316",-0.0557412063090186
"chr8-0317",0.204930671669194
"chr8-0318",0.221580852231196
"chr8-0319",0.224253074918248
"chr8-0320",0.172000989713895
"chr8-0321",0.101407977017274
"chr8-0322",0.0842058162117749
"chr8-0323",0.174890048270493
"chr8-0324",0.0893129728402905
"chr8-0325",0.223190173456336
"chr8-0326",0.132272603844259
"chr8-0327",0.202431543020443
"chr8-0328",-0.043152950582056
"chr8-0329",-0.0472280249892556
"chr8-0330",0.121428302898718
"chr8-0331",0.173163467086172
"chr8-0332",0.117310538892995
"chr8-0333",0.184959608420728
"chr8-0334",0.0919948112031584
"chr8-0335",0.0558483850810165
"chr8-0336",0.113248150491266
"chr8-0337",-0.0648062562983208
"chr8-0338",0.0952702079067885
"chr8-0339",-0.0118204545338794
"chr8-0340",-0.0296685162639307
"chr8-0341",0.380008408268755
"chr8-0342",0.296885033046796
"chr8-0343",-0.0717784660725941
"chr8-0344",0.192151439399822
"chr8-0345",0.117898675840849
"chr8-0346",-0.0934264405127666
"chr8-0347",0.0493143513828595
"chr8-0348",0.0208773259834548
"chr8-0349",0.0345162440395687
"chr8-0350",0.153516414480997
"chr8-0351",0.146674999433051
"chr8-0352",0.167961903566555
"chr8-0353",-0.0823725113191207
"chr8-0354",0.0139042603671276
"chr8-0355",0.107739482872614
"chr8-0356",-0.0112592545000642
"chr8-0357",-0.0627018220932941
"chr8-0358",0.194067755826543
"chr8-0359",-0.0208975608737695
"chr8-0360",-0.0648189118666561
"chr8-0361",0.223981756045041
"chr8-0362",0.00920419861615175
"chr8-0363",0.0167400296422589
"chr8-0364",0.00790003264426061
"chr8-0365",0.260447396038122
"chr8-0366",0.21728813371854
"chr8-0367",0.232995223298975
"chr8-0368",0.100048673661311
"chr8-0369",0.134557972704882
"chr8-0370",0.195496898624373
"chr8-0371",0.179531702445614
"chr8-0372",0.266174007928888
"chr8-0373",0.39917233503376
"chr8-0374",0.185195797802032
"chr8-0375",0.216684648858276
"chr8-0376",0.172022281012534
"chr8-0377",0.196995231863035
"chr8-0378",0.0971129289348859
"chr8-0379",0.0862669262975256
"chr8-0380",0.128024940965888
"chr8-0381",0.184222433272306
"chr8-0382",0.110643935009412
"chr8-0383",0.0605554701137686
"chr8-0384",0.0115832673525348
"chr8-0385",0.0569948248535024
"chr8-0386",0.0393375515296166
"chr8-0387",0.258901734482299
"chr8-0388",0.313011686946858
"chr8-0389",0.0981014781525832
"chr8-0390",0.0921901415904673
"chr8-0391",0.0475284474154276
"chr8-0392",-0.0577273910195314
"chr8-0393",0.157428216593633
"chr8-0394",0.145746341158644
"chr8-0395",0.255682959224236
"chr8-0396",-0.0973772746583271
"chr8-0397",0.0567262986509529
"chr8-0398",-0.0134255519103066
"chr8-0399",0.0296031356673113
"chr8-0400",0.241589760214513
"chr8-0401",0.0380307829872641
"chr8-0402",0.137902755870182
"chr8-0403",0.0815717741626244
"chr8-0404",0.00905132502473489
"chr8-0405",0.0397255383413132
"chr8-0406",0.0342607155938844
"chr8-0407",0.108222567264758
"chr8-0408",0.188569985444622
"chr8-0409",0.169602217200855
"chr8-0410",0.196759215660045
"chr8-0411",0.175084211478112
"chr8-0412",0.077357245033641
"chr8-0413",-0.120794831061043
"chr8-0414",0.109627493435639
"chr8-0415",0.182705110876032
"chr8-0416",0.321425335839559
"chr8-0417",0.201586107069151
"chr8-0418",0.0700564783207569
"chr8-0419",0.185003701517112
"chr8-0420",0.0911582865510831
"chr8-0421",0.0918174318717969
"chr8-0422",0.0331414965789273
"chr8-0423",0.0553499281585339
"chr8-0424",0.257688340622229
"chr8-0425",0.187877726532975
"chr8-0426",0.232258221408845
"chr8-0427",0.0860231899347419
"chr8-0428",-0.045068207777569
"chr8-0429",0.308612844913844
"chr8-0430",0.254422110289567
"chr8-0431",0.291804491855715
"chr8-0432",0.00562697084742835
"chr8-0433",0.0792605998395369
"chr8-0434",0.241523980975822
"chr8-0435",0.320291390870906
"chr8-0436",0.243554569311028
"chr8-0437",0.206457258315049
"chr8-0438",0.0241669817005067
"chr8-0439",0.056232272467937
"chr8-0440",0.0607311552769817
"chr8-0441",0.182538657555061
"chr8-0442",0.0749259259747511
"chr8-0443",0.149494053111342
"chr8-0444",-0.0653077215899452
"chr8-0445",0.25593305614089
"chr8-0446",0.0855744954752899
"chr8-0447",0.0505326531589627
"chr8-0448",-0.0359770183894169
"chr8-0449",-0.00750560491918096
"chr8-0450",0.131778447738414
"chr8-0451",0.06219877020843
"chr8-0452",0.0775965636447691
"chr8-0453",0.13626150176441
"chr8-0454",0.339519267626885
"chr8-0455",0.197478426403947
"chr8-0456",0.184599933734616
"chr8-0457",0.0802320481547993
"chr8-0458",0.154935004799592
"chr8-0459",0.218311643864788
"chr8-0460",0.264313468763858
"chr8-0461",0.184742068856793
"chr8-0462",0.371888869536786
"chr8-0463",0.269896954195561
"chr8-0464",0.314282018835327
"chr8-0465",0.18313193122339
"chr8-0466",0.080789370919185
"chr8-0467",0.0285727802219045
"chr8-0468",0.117303013710911
"chr8-0469",0.122811299578398
"chr8-0470",0.0614560671630678
"chr8-0471",0.145381964511958
"chr8-0472",0.161877482953517
"chr8-0473",0.122951224445498
"chr8-0474",-0.121260373854776
"chr8-0475",0.285571621435298
"chr8-0476",0.234949272742513
"chr8-0477",0.198163020954289
"chr8-0478",0.194842626954092
"chr8-0479",0.109341048009764
"chr8-0480",0.205712351443201
"chr8-0481",0.0688932942026161
"chr8-0482",0.124871093801176
"chr8-0483",0.146501144514097
"chr8-0484",0.0996349344172505
"chr8-0485",0.110430283003825
"chr8-0486",0.0626779486256544
"chr8-0487",0.283897527177195
"chr8-0488",0.162159642151417
"chr8-0489",0.194209327605274
"chr8-0490",0.114957214730102
"chr8-0491",0.0968907528446021
"chr8-0492",0.15737150609623
"chr8-0493",0.244461296700322
"chr8-0494",0.0397487548782387
"chr8-0495",0.113861422466176
"chr8-0496",0.137115327784583
"chr8-0497",0.121012725361419
"chr8-0498",0.138369780299977
"chr8-0499",0.0263609777354412
"chr8-0500",0.184117182131369
"chr8-0501",0.23745775082288
"chr8-0502",0.0856502153013929
"chr8-0503",0.190581689013217
"chr8-0504",0.122237988618191
"chr8-0505",0.150295453808707
"chr8-0506",-0.0460988772548094
"chr8-0507",0.205350526819482
"chr8-0508",0.0966666822228769
"chr8-0509",0.210457716739596
"chr8-0510",0.0914930648785444
"chr8-0511",0.082092327374765
"chr8-0512",0.14992866539293
"chr8-0513",0.283264139603738
"chr8-0514",0.251314094534893
"chr8-0515",0.217937185393234
"chr8-0516",0.311026962480872
"chr8-0517",0.187417111341047
"chr8-0518",0.274587178759002
"chr8-0519",0.0865378582380229
"chr8-0520",0.0403208011449906
"chr8-0521",0.222773812938479
"chr8-0522",0.108772800735701
"chr8-0523",-0.0417370006359279
"chr8-0524",0.1396697968747
"chr8-0525",0.130424883263477
"chr8-0526",0.204769551063209
"chr8-0527",0.193071939767198
"chr8-0528",-0.0123256015361774
"chr8-0529",-0.0268094431923269
"chr8-0530",0.0489233189495399
"chr8-0531",0.119565711285454
"chr8-0532",0.154644812654973
"chr8-0533",-0.0176259647241716
"chr8-0534",0.248129057833249
"chr8-0535",0.130744985478468
"chr8-0536",0.0780920179596908
"chr8-0537",0.0435509460385741
"chr8-0538",0.0345385447934201
"chr8-0539",0.0725763105724854
"chr8-0540",0.0741824901912094
"chr8-0541",0.184553701237408
"chr8-0542",0.155290588209219
"chr8-0543",0.0847260677628342
"chr8-0544",0.24648457657364
"chr8-0545",0.222292358566512
"chr8-0546",0.1597776581279
"chr8-0547",0.082298742947171
"chr8-0548",0.00155451978267376
"chr8-0549",0.0812706744198854
"chr8-0550",0.0171774704720013
"chr8-0551",0.0679095533843449
"chr8-0552",0.121781339277095
"chr8-0553",0.0683807366883528
"chr8-0554",-0.039288906379071
"chr8-0555",0.140867574935506
"chr8-0556",0.0803155993358483
"chr8-0557",0.060875397432177
"chr8-0558",-0.0539253922359782
"chr8-0559",0.0698454139947511
"chr8-0560",0.0995236177277246
"chr8-0561",0.229658441520926
"chr8-0562",0.148791453498198
"chr8-0563",0.127792618261387
"chr8-0564",0.249465342702652
"chr8-0565",0.200645267297391
"chr8-0566",0.0562236427945845
"chr8-0567",0.00172465002025323
"chr8-0568",0.118606182451591
"chr8-0569",0.1191413433884
"chr8-0570",-0.0201133958810509
"chr8-0571",0.062536923537305
"chr8-0572",-0.0376675939497209
"chr8-0573",0.0620490379553301
"chr8-0574",0.267212042326117
"chr8-0575",0.0688472903437934
"chr8-0576",0.11185166885294
"chr8-0577",0.178594049752445
"chr8-0578",-0.00532181041124021
"chr8-0579",0.152525725397677
"chr8-0580",0.12632792140374
"chr8-0581",0.176058527943141
"chr8-0582",0.0735582661782422
"chr8-0583",0.0417890184542839
"chr8-0584",0.114885645153257
"chr8-0585",0.00521080444422219
"chr8-0586",0.157901920700249
"chr8-0587",0.318513106790326
"chr8-0588",0.101153359226162
"chr8-0589",-0.00341675763407564
"chr8-0590",0.165591501371744
"chr8-0591",0.130591220880868
"chr8-0592",0.122795983049945
"chr8-0593",0.0221344977359798
"chr8-0594",0.0188577257381201
"chr8-0595",0.0253814710287309
"chr8-0596",0.140933046322006
"chr8-0597",0.193540574443592
"chr8-0598",-0.145452558595967
"chr8-0599",0.101828198072278
"chr8-0600",0.125177879043335
"chr8-0601",0.0795225194953496
"chr8-0602",0.23602616836466
"chr8-0603",0.0441457609043988
"chr8-0604",0.179545391141194
"chr8-0605",0.0764428232948159
"chr8-0606",0.11324521156938
"chr8-0607",0.156390193564021
"chr8-0608",0.23144962654115
"chr8-0609",0.0846767373337774
"chr8-0610",0.0843034638749752
"chr8-0611",0.122492198406422
"chr8-0612",0.152623869583595
"chr8-0613",0.0780426727740407
"chr8-0614",0.0689502853578956
"chr8-0615",0.231959042949367
"chr8-0616",0.300649432198594
"chr8-0617",0.159935802134263
"chr8-0618",0.105498634014218
"chr8-0619",0.163665748464942
"chr8-0620",0.22728107568651
"chr8-0621",0.12145733430874
"chr8-0622",0.142300630558602
"chr8-0623",0.0932529051494528
"chr8-0624",-0.0778036491086911
"chr8-0625",0.401922550308542
"chr8-0626",0.153045250344449
"chr8-0627",0.122256015880073
"chr8-0628",0.0413418677762656
"chr8-0629",0.176513033887177
"chr8-0630",0.152742024629345
"chr8-0631",0.297489442743304
"chr8-0632",0.201593062300372
"chr8-0633",0.0264809525112411
"chr8-0634",0.303123596506633
"chr8-0635",0.217730384702799
"chr8-0636",0.227866684148798
"chr8-0637",0.292831617616909
"chr8-0638",0.196734987075563
"chr8-0639",0.173401719372946
"chr8-0640",0.179924817175453
"chr8-0641",0.139638201227667
"chr8-0642",0.303666504942259
"chr8-0643",0.0928558563631845
"chr8-0644",0.117980089174253
"chr8-0645",0.182087682868629
"chr8-0646",0.0454172759012807
"chr8-0647",0.216694941203505
"chr8-0648",0.0426240173055793
"chr8-0649",0.141004547911338
"chr8-0650",0.226474387810561
"chr8-0651",0.00948805786993838
"chr8-0652",0.0833845947643984
"chr8-0653",0.0766574744830174
"chr8-0654",0.0891737360511637
"chr8-0655",0.257635863013291
"chr8-0656",0.118433126276118
"chr8-0657",0.0486995576838157
"chr8-0658",0.129243879089989
"chr8-0659",0.0183885853119562
"chr8-0660",0.170372711563168
"chr8-0661",0.107667972101824
"chr8-0662",0.0810521756869849
"chr8-0663",0.0395462424215909
"chr8-0664",0.154794768815367
"chr8-0665",0.177023652548099
"chr8-0666",0.275088108496658
"chr8-0667",0.286786942670664
"chr8-0668",0.187895339846997
"chr8-0669",0.258026363683312
"chr8-0670",0.269983359848854
"chr8-0671",0.0666740310908444
"chr8-0672",-0.0555690438462006
"chr8-0673",0.156133244254983
"chr8-0674",0.0437987822314364
"chr8-0675",0.197637541037873
"chr8-0676",0.26318789258705
"chr8-0677",0.117913903602141
"chr8-0678",0.214021363613454
"chr8-0679",0.0920102857074647
"chr8-0680",0.00146501025303832
"chr8-0681",0.187444049307983
"chr8-0682",0.176273191865003
"chr8-0683",0.188627398736319
"chr8-0684",0.1642432316655
"chr8-0685",0.178219843340368
"chr8-0686",0.253279602701723
"chr8-0687",0.0986284455760405
"chr8-0688",-0.0668798516747171
"chr8-0689",0.0800568578838318
"chr8-0690",0.0352296101637067
"chr8-0691",0.0803283310001362
"chr8-0692",0.136785946595994
"chr8-0693",0.174632849733131
"chr8-0694",0.220234153343965
"chr8-0695",0.204207734613941
"chr8-0696",0.183304424583183
"chr8-0697",0.102011828355369
"chr8-0698",-0.0724174325434362
"chr8-0699",0.160114912393657
"chr8-0700",0.0380359539605287
"chr8-0701",0.0918274147866884
"chr8-0702",0.291481020410428
"chr8-0703",0.127709065493804
"chr8-0704",-0.00363401626250704
"chr8-0705",0.0882003718309454
"chr8-0706",0.120088834398252
"chr8-0707",0.143725174080023
"chr8-0708",0.117909941682509
"chr8-0709",0.0414846340947575
"chr8-0710",-0.0596980822395281
"chr8-0711",-0.108338020121382
"chr8-0712",0.0139166351602253
"chr8-0713",0.164839375132523
"chr8-0714",0.0753658322882077
"chr8-0715",0.0583546411476766
"chr8-0716",-0.0465597200697573
"chr8-0717",0.0926099817662581
"chr8-0718",0.130795347573254
"chr8-0719",-0.0403801199501669
"chr8-0720",0.150589777884136
"chr8-0721",-0.113805623060619
"chr8-0722",0.11441298294577
"chr8-0723",-0.0143512898030291
"chr8-0724",0.0692184305570568
"chr8-0725",0.16887756394894
"chr8-0726",0.0427943546808917
"chr8-0727",-0.00109862345053662
"chr8-0728",0.104143785600582
"chr8-0729",-0.181113387440596
"chr8-0730",0.108811193876054
"chr8-0731",0.140136325196989
"chr8-0732",-0.0526012594759913
"chr8-0733",0.0716802226817583
"chr8-0734",0.118274853409574
"chr8-0735",0.117297885665471
"chr8-0736",0.0334105659102162
"chr8-0737",-0.0383414188298163
"chr8-0738",0.0727452125932265
"chr8-0739",0.146157563196166
"chr8-0740",0.090743062005498
"chr8-0741",0.297715985032208
"chr8-0742",0.239087699927121
"chr8-0743",0.24714401843518
"chr8-0744",0.16013503283296
"chr8-0745",0.114761423729449
"chr8-0746",0.0934316890116549
"chr8-0747",-0.0296889763956295
"chr8-0748",0.192676145406433
"chr8-0749",0.133215330334889
"chr8-0750",0.207799004768919
"chr8-0751",0.1612200563307
"chr8-0752",0.22435407971241
"chr8-0753",0.0265049089969443
"chr8-0754",-0.113121024329568
"chr8-0755",-0.0448907667369653
"chr8-0756",0.0777272571181577
"chr8-0757",-0.12099199791004
"chr8-0758",-0.0273422905105577
"chr8-0759",0.248047678810778
"chr8-0760",0.164960348784654
"chr8-0761",0.167430189062211
"chr8-0762",0.232128727970007
"chr8-0763",0.105120508305895
"chr8-0764",0.178143777317668
"chr8-0765",0.234357199508871
"chr8-0766",0.120866084715895
"chr8-0767",0.187381601174432
"chr8-0768",0.135176105422329
"chr8-0769",0.157380306866267
"chr8-0770",0.0131386255503769
"chr8-0771",0.0495753777150013
"chr8-0772",-0.0399444380719129
"chr8-0773",0.188494188290414
"chr8-0774",0.022449400338375
"chr8-0775",0.263462770512403
"chr8-0776",0.172293247421952
"chr8-0777",0.187482906385473
"chr8-0778",0.203555431682817
"chr8-0779",0.00945227155963577
"chr8-0780",-0.243019848765845
"chr8-0781",0.153982140383148
"chr8-0782",0.156707286442379
"chr8-0783",0.0134722368967211
"chr8-0784",-0.0016059486334515
"chr8-0785",-0.0439404658190798
"chr8-0786",-0.135819716667286
"chr8-0787",-0.0636396781823908
"chr8-0788",-0.0435178273181565
"chr8-0789",0.0352058598588148
"chr8-0790",-0.149850802056378
"chr8-0791",-0.245585315596225
"chr8-0792",0.0179710999254379
"chr8-0793",0.0178522302932828
"chr8-0794",0.0707245962927109
"chr8-0795",0.0698900358206329
"chr8-0796",-0.00449000079824495
"chr8-0797",0.0993094908714539
"chr8-0798",0.0712228740568
"chr8-0799",0.100000284723497
"chr8-0800",0.125819143794837
"chr8-0801",-0.0134316250845187
"chr8-0802",0.0635785948014618
"chr8-0803",-0.00339012579880801
"chr8-0804",0.0615332244139701
"chr8-0805",0.0882864769892204
"chr8-0806",0.096145742687915
"chr8-0807",0.252746006162398
"chr8-0808",0.139381066808058
"chr8-0809",0.179150376220272
"chr8-0810",0.0399315785541572
"chr8-0811",0.141923945563737
"chr8-0812",0.109984334674523
"chr8-0813",0.0932112062136953
"chr8-0814",0.138870268733849
"chr8-0815",0.128547785486723
"chr8-0816",0.0808046281681862
"chr8-0817",-0.0514871722815074
"chr8-0818",-0.0496617922203311
"chr8-0819",-0.101312924556158
"chr8-0820",-0.147983499714938
"chr8-0821",-0.0748461179415752
"chr8-0822",-0.0970498521493034
"chr8-0823",-0.0293162190472488
"chr8-0824",-0.0693182624650926
"chr8-0825",-0.0503209106418499
"chr8-0826",-0.182975917914585
"chr8-0827",-0.18434725651523
"chr8-0828",-0.00335505863278688
"chr8-0829",0.0385750769971381
"chr8-0830",-0.0476403066552339
"chr8-0831",-0.0709418865737715
"chr8-0832",-0.0370155888006095
"chr8-0833",0.0955770691439902
"chr8-0834",0.000465387551090804
"chr8-0835",-0.0432697251979016
"chr8-0836",-0.105042698485554
"chr8-0837",-0.0693528089230439
"chr8-0838",-0.00966569719814959
"chr8-0839",0.0254496144966428
"chr8-0840",0.0396792451332735
"chr8-0841",0.102058556483438
"chr8-0842",0.0181406493968495
"chr8-0843",-0.084944890438602
"chr8-0844",-0.0417713447057903
"chr8-0845",0.0732182534564982
"chr8-0846",0.0280838255223359
"chr8-0847",-0.0453105835034975
"chr8-0848",0.108733666308421
"chr8-0849",0.0156846672337128
"chr8-0850",0.12680641383075
"chr8-0851",-0.0294611273310205
"chr8-0852",0.0554329341309851
"chr8-0853",0.00989701123369141
"chr8-0854",0.132784868309743
"chr8-0855",0.147637256550152
"chr8-0856",0.0736261200466241
"chr8-0857",0.0979018583356394
"chr8-0858",0.0355764810204364
"chr8-0859",0.0317856280698292
"chr8-0860",0.0445502982176409
"chr8-0861",0.0926742684443268
"chr8-0862",0.170059484129048
"chr8-0863",0.126253107820516
"chr8-0864",0.0807075175272959
"chr9-0001",-0.0392854071049176
"chr9-0002",-0.241008168525454
"chr9-0003",-0.171608942770884
"chr9-0004",-0.00973310799951807
"chr9-0005",0.116246794789617
"chr9-0006",-0.354847701631418
"chr9-0007",-0.240133650103362
"chr9-0008",-0.155869940168625
"chr9-0009",-0.244823698835926
"chr9-0010",-0.316254670432565
"chr9-0011",-0.0344099515634693
"chr9-0012",-0.107207045630436
"chr9-0013",0.18586054093283
"chr9-0014",-0.0215240375021099
"chr9-0015",0.00188380333867904
"chr9-0016",-0.0647926374305513
"chr9-0017",0.0200143231747781
"chr9-0018",0.159928573371917
"chr9-0019",0.0115401283862488
"chr9-0020",0.0675433590271253
"chr9-0021",0.0541896159358794
"chr9-0022",-0.137111977558761
"chr9-0023",-0.00789593169123665
"chr9-0024",0.0177917867553747
"chr9-0025",0.0864476251877625
"chr9-0026",-0.0119486959534039
"chr9-0027",-0.0614832336743249
"chr9-0028",-0.0571692612446533
"chr9-0029",-0.140635721385882
"chr9-0030",-0.0527480673965962
"chr9-0031",-0.224356123862104
"chr9-0032",-0.187331695130502
"chr9-0033",-0.34059903914593
"chr9-0034",-0.0216875010451879
"chr9-0035",-0.0657675098853674
"chr9-0036",-0.349072977722908
"chr9-0037",-0.103114705002189
"chr9-0038",-0.0336730219943343
"chr9-0039",0.0924969516038221
"chr9-0040",-0.0423618717400607
"chr9-0041",-0.0198359273991206
"chr9-0042",-0.0767124021598227
"chr9-0043",-0.118271905497866
"chr9-0044",-0.0598923355344908
"chr9-0045",-0.0618635096463987
"chr9-0046",-0.240239242038234
"chr9-0047",0.0414538011090439
"chr9-0048",-0.0323343346300651
"chr9-0049",-0.169123705514269
"chr9-0050",0.025283155928303
"chr9-0051",0.140840566922385
"chr9-0052",-0.0905632876242875
"chr9-0053",-0.0214951094241968
"chr9-0054",-0.34429779720666
"chr9-0055",-0.0712335636705267
"chr9-0056",-0.170248711264523
"chr9-0057",-0.167880906650651
"chr9-0058",-0.0879461566183952
"chr9-0059",-0.0500070230522507
"chr9-0060",-0.00876308811366537
"chr9-0061",-0.058374006845553
"chr9-0062",-0.0085794831505258
"chr9-0063",0.0669792636377619
"chr9-0064",0.0346116454956463
"chr9-0065",0.0645144576613343
"chr9-0066",-0.290745641315872
"chr9-0067",-0.0826272959119609
"chr9-0068",-0.0570017177682977
"chr9-0069",0.00454873580678671
"chr9-0070",-0.116103261446557
"chr9-0071",-0.153563241691226
"chr9-0072",-0.0664785434157513
"chr9-0073",-0.0858956373803203
"chr9-0074",-0.271349682768322
"chr9-0075",-0.22347721744279
"chr9-0076",-0.0258953808322676
"chr9-0077",0.030291339922999
"chr9-0078",0.00285252766193147
"chr9-0079",-0.076008681121859
"chr9-0080",-0.272676631171023
"chr9-0081",-0.0290834637506272
"chr9-0082",-0.235600356508008
"chr9-0083",0.0561033374445394
"chr9-0084",0.0211337922405477
"chr9-0085",0.167023974357206
"chr9-0086",-0.0417246648984847
"chr9-0087",-0.135363144094865
"chr9-0088",-0.115403872798748
"chr9-0089",-0.014478906290714
"chr9-0090",-0.0559910774348578
"chr9-0091",0.00454083573167049
"chr9-0092",0.0456859396250714
"chr9-0093",-0.0852201516383037
"chr9-0094",-0.105098603697472
"chr9-0095",-0.0561299786563194
"chr9-0096",0.0560576463050322
"chr9-0097",-0.0437669927599997
"chr9-0098",-0.325730313884629
"chr9-0099",-0.274087606268212
"chr9-0100",-0.11947909045885
"chr9-0101",-0.133667142903288
"chr9-0102",-0.00517081572160331
"chr9-0103",-0.05790318300414
"chr9-0104",-0.151588080283037
"chr9-0105",-0.37858698430802
"chr9-0106",-0.161170418990482
"chr9-0107",-0.0081772259675101
"chr9-0108",-0.107839596104516
"chr9-0109",-0.00873400722120611
"chr9-0110",-0.0470941547103611
"chr9-0111",-0.151092251211629
"chr9-0112",-0.0467263508862644
"chr9-0113",-0.307596023754691
"chr9-0114",-0.0240210617411772
"chr9-0115",0.0303000108381152
"chr9-0116",-0.0360005897012061
"chr9-0117",-0.175530720184512
"chr9-0118",-0.111045531651572
"chr9-0119",-0.11782519422385
"chr9-0120",-0.106417493832246
"chr9-0121",-0.0514726925574053
"chr9-0122",-0.04452418832786
"chr9-0123",-0.0845689501701359
"chr9-0124",-0.21411820507835
"chr9-0125",-0.0277468750756907
"chr9-0126",-0.0133269834818198
"chr9-0127",0.00134262393304414
"chr9-0128",0.034071780749351
"chr9-0129",-0.0964161102666738
"chr9-0130",-0.0192674688847309
"chr9-0131",0.0622731130596975
"chr9-0132",-0.104149633629504
"chr9-0133",-0.0870985415066396
"chr9-0134",0.092878209590417
"chr9-0135",-0.245991180493576
"chr9-0136",-0.138859647915495
"chr9-0137",-0.214849819077816
"chr9-0138",-0.342563959779887
"chr9-0139",-0.116473421660578
"chr9-0140",-0.0629993101488193
"chr9-0141",-0.136755381924761
"chr9-0142",-0.0881310298493715
"chr9-0143",-0.108200843523749
"chr9-0144",-0.0436500536541036
"chr9-0145",-0.175759059412573
"chr9-0146",-0.110152902738817
"chr9-0147",-0.329764954032411
"chr9-0148",-0.0402540161588819
"chr9-0149",-0.0118981564653452
"chr9-0150",-0.0603722088085173
"chr9-0151",-0.0404536840455412
"chr9-0152",-0.0742064829804027
"chr9-0153",-0.0127353406111002
"chr9-0154",-0.141872281883955
"chr9-0155",-0.0799676973543308
"chr9-0156",-0.0222539280111413
"chr9-0157",-0.168590798272649
"chr9-0158",-0.158036650327299
"chr9-0159",-0.0732975946957041
"chr9-0160",-0.102486219309747
"chr9-0161",-0.0595173551229271
"chr9-0162",-0.0778336298750592
"chr9-0163",-0.0405598046277764
"chr9-0164",-0.00673227352482282
"chr9-0165",-0.168939490211425
"chr9-0166",-0.0237415365338564
"chr9-0167",-0.104948805723277
"chr9-0168",-0.0947588497427215
"chr9-0169",-0.0644587364575371
"chr9-0170",-0.13179398054445
"chr9-0171",-0.172303454513347
"chr9-0172",-0.216680982662815
"chr9-0173",0.0503911318549738
"chr9-0174",-0.118990509686122
"chr9-0175",-0.262735558176813
"chr9-0176",0.173606705412808
"chr9-0177",0.229903009696346
"chr9-0178",-0.0674147846439164
"chr9-0179",-0.103843450213827
"chr9-0180",-0.023153649939263
"chr9-0181",-0.115085583688091
"chr9-0182",-0.0509337089780303
"chr9-0183",-0.219539382212284
"chr9-0184",-0.0425413068813155
"chr9-0185",-0.0268013297780712
"chr9-0186",-0.0854389029368006
"chr9-0187",-0.128156861317783
"chr9-0188",0.0488959889287569
"chr9-0189",-0.205034230728323
"chr9-0190",0.0356918127355488
"chr9-0191",-0.16076034167712
"chr9-0192",-0.201679979367809
"chr9-0193",-0.0949658690617646
"chr9-0194",-0.2353106225406
"chr9-0195",-0.339120059511305
"chr9-0196",-0.159529886382083
"chr9-0197",0.124941332536679
"chr9-0198",-0.0699707034106664
"chr9-0199",-0.0487423423906629
"chr9-0200",-0.106480425863181
"chr9-0201",-0.104755481145146
"chr9-0202",0.0757447302993403
"chr9-0203",0.0328627399865807
"chr9-0204",-0.196554604580122
"chr9-0205",-0.313125917384288
"chr9-0206",0.160506126172549
"chr9-0207",-0.0885579614240019
"chr9-0208",-0.25119505328796
"chr9-0209",-0.076701915687743
"chr9-0210",0.0842252863334686
"chr9-0211",0.127765164181645
"chr9-0212",-0.0718100544336267
"chr9-0213",-0.0760632190759161
"chr9-0214",-0.214848913040068
"chr9-0215",-0.109596660659558
"chr9-0216",0.0956761249149271
"chr9-0217",-0.0645066977305383
"chr9-0218",0.0192002444153609
"chr9-0219",-0.175585812534609
"chr9-0220",-0.0720727717594895
"chr9-0221",-0.167314946392328
"chr9-0222",-0.0849488604512355
"chr9-0223",-0.0590869060837424
"chr9-0224",-0.170440045651137
"chr9-0225",-0.199874037165497
"chr9-0226",-0.045975943776496
"chr9-0227",-0.234583400167383
"chr9-0228",0.0209751014850252
"chr9-0229",0.191901243573755
"chr9-0230",0.0339354756048156
"chr9-0231",-0.292273945267981
"chr9-0232",-0.0261068858788237
"chr9-0233",-0.111432072558532
"chr9-0234",-0.113133895951752
"chr9-0235",-0.0711028607555146
"chr9-0236",-0.0405170559463273
"chr9-0237",0.0370739150328352
"chr9-0238",-0.176436926597982
"chr9-0239",-0.255494352483999
"chr9-0240",-0.121248108403357
"chr9-0241",0.0955323720674833
"chr9-0242",-0.131720079445925
"chr9-0243",0.0619915195494234
"chr9-0244",-0.087857652721822
"chr9-0245",0.0231663262937176
"chr9-0246",-0.0486508862175141
"chr9-0247",-0.0451765808499306
"chr9-0248",-0.234806356824185
"chr9-0249",0.0835097723703551
"chr9-0250",-0.124185878743494
"chr9-0251",0.0135311158977233
"chr9-0252",-0.197600920423
"chr9-0253",-0.136825403691929
"chr9-0254",-0.0713833417254973
"chr9-0255",-0.409271956241925
"chr9-0256",-0.0586098612378605
"chr9-0257",-0.0200561683060494
"chr9-0258",0.0315404193511558
"chr9-0259",-0.205223424617508
"chr9-0260",0.0442010826125035
"chr9-0261",-0.0883163304171869
"chr9-0262",0.0444824653538103
"chr9-0263",0.0718219073615432
"chr9-0264",-0.141009295449279
"chr9-0265",-0.151476977914637
"chr9-0266",-0.158045818593009
"chr9-0267",-0.0171156715812343
"chr9-0268",-0.111808282249944
"chr9-0269",-0.130928062995425
"chr9-0270",-0.130902986386104
"chr9-0271",-0.163770266615376
"chr9-0272",-0.214272835382295
"chr9-0273",-0.12927586581544
"chr9-0274",-0.00418320177237822
"chr9-0275",-0.163932078525379
"chr9-0276",-0.190583586251167
"chr9-0277",-0.20337214928266
"chr9-0278",0.0122384481714546
"chr9-0279",0.0561204206519189
"chr9-0280",-0.0135694030811016
"chr9-0281",-0.153034781697744
"chr9-0282",-0.225682285231649
"chr9-0283",-0.0824977190787121
"chr9-0284",-0.209267516691743
"chr9-0285",-0.077939656902179
"chr9-0286",-0.236523934387017
"chr9-0287",-0.2134934417642
"chr9-0288",-0.116022021101449
"chr9-0289",0.0194561761984742
"chr9-0290",-0.136696176603374
"chr9-0291",-0.0586639572203119
"chr9-0292",0.0744959462686384
"chr9-0293",0.0359764139326957
"chr9-0294",0.058691012588615
"chr9-0295",-0.137398800850753
"chr9-0296",0.0695734967024815
"chr9-0297",-0.147440925408034
"chr9-0298",0.0652511844294492
"chr9-0299",0.0501790407101849
"chr9-0300",-0.0673011118546785
"chr9-0301",-0.149200720063947
"chr9-0302",-0.080032186997915
"chr9-0303",-0.0548403313752903
"chr9-0304",0.0631553573886505
"chr9-0305",0.0571467484463358
"chr9-0306",0.0474714282283838
"chr9-0307",-0.118302486723045
"chr9-0308",-0.0464601304418212
"chr9-0309",-0.0940249606090999
"chr9-0310",-0.00614691392677089
"chr9-0311",-0.232367660155252
"chr9-0312",-0.0393406779899955
"chr9-0313",-0.106871028807419
"chr9-0314",-0.202724231575289
"chr9-0315",0.0101366245639215
"chr9-0316",0.00582843919748511
"chr9-0317",-0.179356202895614
"chr9-0318",-0.34432191924706
"chr9-0319",-0.238653623588425
"chr9-0320",0.010445615157436
"chr9-0321",-0.166607499291442
"chr9-0322",-0.140216510561684
"chr9-0323",-0.283632051569387
"chr9-0324",-0.162152472543814
"chr9-0325",-0.129097668524597
"chr9-0326",-0.0519100635951544
"chr9-0327",-0.0574505943657218
"chr9-0328",-0.00887607950722624
"chr9-0329",-0.167442472777729
"chr9-0330",0.0271068340783528
"chr9-0331",0.0637299449558398
"chr9-0332",-0.0405096440333929
"chr9-0333",-0.14802723096247
"chr9-0334",-0.00289273572700363
"chr9-0335",-0.0195978482669959
"chr9-0336",-0.0647007318549943
"chr9-0337",-0.128820086139896
"chr9-0338",-0.11892981543535
"chr9-0339",-0.104763024406507
"chr9-0340",-0.10786090070788
"chr9-0341",-0.166243116914448
"chr9-0342",0.0208748728252731
"chr9-0343",-0.290428538799986
"chr9-0344",0.0143632801727639
"chr9-0345",-0.175027982214513
"chr9-0346",-0.176165831798919
"chr9-0347",-0.154287765589005
"chr9-0348",-0.23655224573329
"chr9-0349",-0.0280991141114627
"chr9-0350",-0.259732051544838
"chr9-0351",-0.0225130920815289
"chr9-0352",0.105214397929162
"chr9-0353",-0.10578808605514
"chr9-0354",-0.150112632516312
"chr9-0355",-0.114752190654431
"chr9-0356",-0.0196667383962881
"chr9-0357",-0.0730162710690299
"chr9-0358",-0.198717490929653
"chr9-0359",-0.224149453421347
"chr9-0360",-0.000952510530987999
"chr9-0361",0.12627066639404
"chr9-0362",-0.129408908169266
"chr9-0363",-0.141563128602372
"chr9-0364",-0.171279710745047
"chr9-0365",-0.1769785250137
"chr9-0366",-0.0734164357836967
"chr9-0367",0.0122862709979952
"chr9-0368",-0.110993885102648
"chr9-0369",-0.101962506738119
"chr9-0370",0.00119082702655135
"chr9-0371",-0.372741680067138
"chr9-0372",-0.143691562849685
"chr9-0373",-0.165077137548056
"chr9-0374",-0.242016011003327
"chr9-0375",-0.00515091694345248
"chr9-0376",-0.052231905987849
"chr9-0377",-0.20790439781488
"chr9-0378",-0.152847396293979
"chr9-0379",-0.0701754723490259
"chr9-0380",-0.308621145947636
"chr9-0381",-0.06563696521641
"chr9-0382",-0.242046797808285
"chr9-0383",-0.171881585679033
"chr9-0384",-0.0201584644522284
"chr9-0385",-0.059708581674119
"chr9-0386",-0.127885907948647
"chr9-0387",-0.00766826556484419
"chr9-0388",-0.203149919171899
"chr9-0389",-0.214756267555538
"chr9-0390",0.000884847154991584
"chr9-0391",0.0123212889209905
"chr9-0392",-0.122638793544214
"chr9-0393",-0.230350994610343
"chr9-0394",-0.0258444923864035
"chr9-0395",0.0472954019206179
"chr9-0396",0.0104430727496005
"chr9-0397",-0.062172325585271
"chr9-0398",-0.0267824020538722
"chr9-0399",-0.0856829765152305
"chr9-0400",-0.214987826580401
"chr9-0401",-0.049524605009761
"chr9-0402",-0.0932553807485585
"chr9-0403",-0.0494283493316194
"chr9-0404",-0.122768565744359
"chr9-0405",-0.128606301473476
"chr9-0406",0.00399481511899093
"chr9-0407",-0.256241924326646
"chr9-0408",-0.0707107131420703
"chr9-0409",-0.104359699158285
"chr9-0410",-0.0500156105967549
"chr9-0411",-0.558820910429672
"chr9-0412",-0.201910092074227
"chr9-0413",-0.232528146607806
"chr9-0414",-0.287334643240135
"chr9-0415",-0.134589035279424
"chr9-0416",-0.413694118508965
"chr9-0417",-0.252780459110805
"chr9-0418",-0.301394790045477
"chr9-0419",-0.311619439247793
"chr9-0420",-0.25863013436766
"chr9-0421",-0.0738094599949358
"chr9-0422",-0.197271132682862
"chr9-0423",-0.439563476247603
"chr9-0424",-0.236779006166067
"chr9-0425",-0.247231221525337
"chr9-0426",-0.0374161473324144
"chr9-0427",-0.110848541332746
"chr9-0428",-0.0333510047858468
"chr9-0429",0.100446065371858
"chr9-0430",-0.0533316596269039
"chr9-0431",-0.141014354002121
"chr9-0432",0.0206271235278332
"chr9-0433",0.000979217948501514
"chr9-0434",0.00441746284327819
"chr9-0435",-0.167563931683933
"chr9-0436",-0.0392737501918667
"chr9-0437",-0.0390223539768951
"chr9-0438",0.0785346081855647
"chr9-0439",-0.183726791819644
"chr9-0440",-0.267432689682334
"chr9-0441",-0.212639721156039
"chr9-0442",-0.170818088809177
"chr9-0443",-0.0906945576136594
"chr9-0444",-0.134694671397866
"chr9-0445",-0.0273968829793178
"chr9-0446",-0.188321835436546
"chr9-0447",-0.516095350754607
"chr9-0448",-0.716179581207811
"chr9-0449",-0.22871610252682
"chr9-0450",-0.0374243526031548
"chr9-0451",-0.128486238933509
"chr9-0452",-0.157032496655224
"chr9-0453",-0.212717426892517
"chr9-0454",-0.205146272376319
"chr9-0455",-0.0282537667915
"chr9-0456",-0.10655019415235
"chr9-0457",-0.208356289071913
"chr9-0458",-0.10253792330516
"chr9-0459",-0.224451892369822
"chr9-0460",-0.122341931172953
"chr9-0461",-0.0976818574567942
"chr9-0462",-0.0571695883258984
"chr9-0463",-0.169846846513155
"chr9-0464",-0.253104935749975
"chr9-0465",-0.115293396537192
"chr9-0466",-0.0537769584699243
"chr9-0467",-0.192222923107631
"chr9-0468",-0.0554731042832327
"chr9-0469",0.0236368359942433
"chr9-0470",-0.324884268879058
"chr9-0471",-0.254680241722318
"chr9-0472",0.0720838905259118
"chr9-0473",-0.144300755190054
"chr9-0474",-0.0140262584543263
"chr9-0475",-0.0917221776024063
"chr9-0476",-0.105570242127058
"chr9-0477",-0.136674912782959
"chr9-0478",-0.0429522990495973
"chr9-0479",-0.112320845911932
"chr9-0480",-0.174430913145303
"chr9-0481",-0.109714221225643
"chr9-0482",-0.314802765792648
"chr9-0483",-0.152106516870125
"chr9-0484",-0.272270759114885
"chr9-0485",-0.121221634717446
"chr9-0486",-0.211806138476714
"chr9-0487",0.0635996717274931
"chr9-0488",-0.0170192269273065
"chr9-0489",-0.0591080029802799
"chr9-0490",-0.0750877229132244
"chr9-0491",-0.0259390001929037
"chr9-0492",-0.169978933542097
"chr9-0493",-0.146515596852689
"chr9-0494",-0.0744989058769895
"chr9-0495",-0.180283995173872
"chr9-0496",-0.125240356711621
"chr9-0497",-0.145650185174573
"chr9-0498",-0.0757692107222243
"chr9-0499",-0.10717397596258
"chr9-0500",0.0357467076846492
"chr9-0501",-0.029089063861573
"chr9-0502",-0.0932388523487336
"chr9-0503",-0.130627327573308
"chr9-0504",-0.0961253296915452
"chr9-0505",-0.113302470301897
"chr9-0506",-0.11754632385815
"chr9-0507",-0.0541586569217586
"chr9-0508",-0.151223172626925
"chr9-0509",-0.111987673658657
"chr9-0510",-0.0982103767966512
"chr9-0511",-0.0421219190331431
"chr9-0512",-0.0729183228927362
"chr9-0513",-0.138035589478012
"chr9-0514",0.00517703806571433
"chr9-0515",-0.00837188934107288
"chr9-0516",-0.17758574073278
"chr9-0517",-0.0861130649391309
"chr9-0518",-0.0927732913731866
"chr9-0519",0.0157131525304349
"chr9-0520",-0.119574427517721
"chr9-0521",-0.0642019284359545
"chr9-0522",-0.199098267334431
"chr9-0523",-0.0874803842201342
"chr9-0524",-0.0599624219231421
"chr9-0525",-0.288122371836669
"chr9-0526",-0.165748261757422
"chr9-0527",-0.195626639366767
"chr9-0528",-0.0756272060520956
"chr9-0529",-0.167029613433997
"chr9-0530",-0.19229008019174
"chr9-0531",-0.217616528292949
"chr9-0532",-0.0091868118580282
"chr9-0533",-0.124440981693889
"chr9-0534",-0.00339613157496052
"chr9-0535",0.00802818075074976
"chr9-0536",-0.205831163689056
"chr9-0537",-0.235914055809936
"chr9-0538",-0.142530328033152
"chr9-0539",-0.0471107356294843
"chr9-0540",-0.174198015141463
"chr9-0541",-0.267698977119445
"chr9-0542",-0.385582152129365
"chr9-0543",-0.0128176187635651
"chr9-0544",-0.026169155967037
"chr9-0545",-0.00673365966129397
"chr9-0546",-0.0260348605772607
"chr9-0547",-0.23106945038393
"chr9-0548",-0.0156587534191665
"chr9-0549",0.00184485497542757
"chr9-0550",-0.211537292951587
"chr9-0551",-0.168644811668219
"chr9-0552",-0.0302741022116678
"chr9-0553",-0.253704445582119
"chr9-0554",-0.22514606538398
"chr9-0555",-0.196933920238334
"chr9-0556",-0.122645461766861
"chr9-0557",-0.221704845020146
"chr9-0558",-0.124401765938509
"chr9-0559",-0.0738308192037626
"chr9-0560",-0.440766909873835
"chr9-0561",-0.0397347909943596
"chr9-0562",-0.0926074494802868
"chr9-0563",-0.274027835787299
"chr9-0564",-0.0241092965942658
"chr9-0565",-0.129574951917714
"chr9-0566",-0.141304219541692
"chr9-0567",-0.182879026934424
"chr9-0568",-0.226103545563298
"chr9-0569",-0.162787031977585
"chr9-0570",-0.162045208407591
"chr9-0571",-0.0928798573509647
"chr9-0572",-0.215380665199505
"chr9-0573",-0.115055645761997
"chr9-0574",0.000836233214192424
"chr9-0575",-0.0636179187548955
"chr9-0576",-0.280612068343945
"chr9-0577",-0.193133507502863
"chr9-0578",-0.0200295697451181
"chr9-0579",-0.135717830025157
"chr9-0580",-0.134985844015292
"chr9-0581",-0.0959926633882853
"chr9-0582",-0.0473211251117315
"chr9-0583",-0.151108021014553
"chr9-0584",-0.11185935981246
"chr9-0585",-0.25212226411424
"chr9-0586",-0.35133556773451
"chr9-0587",-0.205263614464848
"chr9-0588",-0.173852679551634
"chr9-0589",-0.202229558683142
"chr9-0590",-0.276342308213946
"chr9-0591",-0.25710593204022
"chr9-0592",-0.343636025341521
"chr9-0593",-0.130088647951106
"chr9-0594",-0.270699618225011
"chr9-0595",-0.377679370890692
"chr9-0596",-0.203881528368611
"chr9-0597",-0.138559581873294
"chr9-0598",-0.117271527591879
"chr9-0599",-0.0972499852163453
"chr9-0600",-0.0918010788764637
"chr9-0601",-0.106041919440669
"chr9-0602",-0.200939000950975
"chr9-0603",-0.0908035343628706
"chr9-0604",-0.0759820050761828
"chr9-0605",-0.0399887436112616
"chr9-0606",-0.0695385745478147
"chr9-0607",0.00583562977414625
"chr9-0608",0.0386408728770052
"chr9-0609",-0.0449560801497983
"chr9-0610",-0.157923205361502
"chr9-0611",-0.0607059086005439
"chr9-0612",-0.0634968379862105
"chr9-0613",-0.0758757165331015
"chr9-0614",-0.130369975050806
"chr9-0615",-0.204947709879242
"chr9-0616",-0.0382288473817177
"chr9-0617",-0.0773317958214911
"chr9-0618",-0.0614133662161127
"chr9-0619",-0.068743827038665
"chr9-0620",-0.205041343225332
"chr9-0621",-0.0569486744047942
"chr9-0622",-0.202074122981422
"chr9-0623",-0.132500186061347
"chr9-0624",-0.0331392361419481
"chr9-0625",-0.23783899818165
"chr9-0626",-0.252772434714919
"chr9-0627",-0.131880031747624
"chrX-0001",0.288621239865607
"chrX-0002",0.283775825815156
"chrX-0003",0.320059337831655
"chrX-0004",0.295254162977098
"chrX-0005",0.20871687093618
"chrX-0006",0.204535814924855
"chrX-0007",0.313535070115548
"chrX-0008",0.408447710676164
"chrX-0009",0.342563804671903
"chrX-0010",0.338143736895376
"chrX-0011",0.322555960970836
"chrX-0012",0.47888465927537
"chrX-0013",0.463320538383161
"chrX-0014",0.378587045323949
"chrX-0015",0.529934696772487
"chrX-0016",0.524443024480504
"chrX-0017",0.672046965247695
"chrX-0018",0.586058270617913
"chrX-0019",0.370985607478007
"chrX-0020",0.479208926400423
"chrX-0021",0.413729486295761
"chrX-0022",0.515876506905702
"chrX-0023",0.592788527036576
"chrX-0024",0.619044954165548
"chrX-0025",0.401463684852108
"chrX-0026",0.584396304965572
"chrX-0027",0.807145976895268
"chrX-0028",0.830611107390711
"chrX-0029",0.611225483490641
"chrX-0030",0.607053771502949
"chrX-0031",0.562307899853009
"chrX-0032",0.452234646165862
"chrX-0033",0.393099596923729
"chrX-0034",0.56057006858112
"chrX-0035",0.714963381175811
"chrX-0036",0.433211342576046
"chrX-0037",0.562397824495866
"chrX-0038",0.317807269143293
"chrX-0039",0.381620191007261
"chrX-0040",0.412537071317417
"chrX-0041",0.4688467196323
"chrX-0042",0.417087304837527
"chrX-0043",0.444035159047313
"chrX-0044",0.575158991490661
"chrX-0045",0.671501117784513
"chrX-0046",0.58409591965178
"chrX-0047",0.469049090037932
"chrX-0048",0.548648966790656
"chrX-0049",0.683000817857216
"chrX-0050",0.351073717937383
"chrX-0051",0.542010823976798
"chrX-0052",0.495333719462822
"chrX-0053",0.357508373567489
"chrX-0054",0.39984154787816
"chrX-0055",0.474581962612
"chrX-0056",0.530427742773442
"chrX-0057",0.51575623581367
"chrX-0058",0.408008381357465
"chrX-0059",0.584983147596521
"chrX-0060",0.347300154699391
"chrX-0061",0.392277599583694
"chrX-0062",0.360235971141629
"chrX-0063",0.642427966403183
"chrX-0064",0.348826500039942
"chrX-0065",0.432553408244877
"chrX-0066",0.448570945878234
"chrX-0067",0.279878498148293
"chrX-0068",0.434104753129907
"chrX-0069",0.295058838257515
"chrX-0070",0.45502518139373
"chrX-0071",0.448099104601238
"chrX-0072",0.408111528080315
"chrX-0073",0.384713035242698
"chrX-0074",0.482626729280332
"chrX-0075",0.589481655848368
"chrX-0076",0.557670663389444
"chrX-0077",0.656190822393844
"chrX-0078",0.609660691884891
"chrX-0079",0.735190364364851
"chrX-0080",0.625021567243005
"chrX-0081",0.581477538392091
"chrX-0082",0.559180704934758
"chrX-0083",0.537334171448911
"chrX-0084",0.407370140187674
"chrX-0085",0.504757981667461
"chrX-0086",0.696265987041521
"chrX-0087",0.316325997120948
"chrX-0088",0.249050779608682
"chrX-0089",0.303591372076105
"chrX-0090",0.425481687125779
"chrX-0091",0.397565705175121
"chrX-0092",0.483543694359607
"chrX-0093",0.442311893827506
"chrX-0094",0.491878983045756
"chrX-0095",0.463109145421318
"chrX-0096",0.562578980883363
"chrX-0097",0.454070759323833
"chrX-0098",0.441974852564694
"chrX-0099",0.483812808701501
"chrX-0100",0.469797543115138
"chrX-0101",0.40880946897073
"chrX-0102",0.48606000391577
"chrX-0103",0.461894874576633
"chrX-0104",0.480956148104444
"chrX-0105",0.599618425414009
"chrX-0106",0.526010354196537
"chrX-0107",0.512346522402425
"chrX-0108",0.603430408775975
"chrX-0109",0.591055545115847
"chrX-0110",0.474373392252017
"chrX-0111",0.360117666845341
"chrX-0112",0.501332105263962
"chrX-0113",0.52327597452641
"chrX-0114",0.672613704527501
"chrX-0115",0.494053012882937
"chrX-0116",0.560732284386637
"chrX-0117",0.399304123444759
"chrX-0118",0.443255980301788
"chrX-0119",0.286598116399862
"chrX-0120",0.483743551132255
"chrX-0121",0.68407047480944
"chrX-0122",0.661456240767413
"chrX-0123",0.452631379104961
"chrX-0124",0.403386718821189
"chrX-0125",0.361755382187688
"chrX-0126",0.388886176080275
"chrX-0127",0.417536763237392
"chrX-0128",0.375868157207533
"chrX-0129",0.301344960111688
"chrX-0130",0.506032601982416
"chrX-0131",0.51635225356521
"chrX-0132",0.291413469049435
"chrX-0133",0.547719355752318
"chrX-0134",0.145748325658118
"chrX-0135",0.491459472010768
"chrX-0136",0.53885826039629
"chrX-0137",0.527635003841214
"chrX-0138",0.664214904783114
"chrX-0139",0.344868690433247
"chrX-0140",0.353973090653698
"chrX-0141",0.555432620528958
"chrX-0142",0.601925715577519
"chrX-0143",0.476679407312314
"chrX-0144",0.358454635042686
"chrX-0145",0.406839713069701
"chrX-0146",0.393351082110104
"chrX-0147",0.486866115761697
"chrX-0148",0.277894973186328
"chrX-0149",0.426589756995603
"chrX-0150",0.551027580249398
"chrX-0151",0.662739412534617
"chrX-0152",0.20568788333697
"chrX-0153",0.331804174266434
"chrX-0154",0.677318247224158
"chrX-0155",0.344339118836934
"chrX-0156",0.180306261734415
"chrX-0157",0.461839363243608
"chrX-0158",0.561190082420445
"chrX-0159",0.434455111588074
"chrX-0160",0.430224448181766
"chrX-0161",0.388053530884672
"chrX-0162",-0.0311702580368442
"chrX-0163",0.219732421818102
"chrX-0164",0.435213721250833
"chrX-0165",0.321053548608148
"chrX-0166",0.329315852689221
"chrX-0167",0.348834184199469
"chrX-0168",0.401233703312873
"chrX-0169",0.503703333315061
"chrX-0170",0.361554368442283
"chrX-0171",0.434482945018152
"chrX-0172",0.427424957242596
"chrX-0173",0.339079639459175
"chrX-0174",0.274019548678198
"chrX-0175",0.320168406563769
"chrX-0176",0.494583220878568
"chrX-0177",0.399600100902499
"chrX-0178",0.429796979262315
"chrX-0179",0.293842897613934
"chrX-0180",0.446336958808135
"chrX-0181",0.366691311935133
"chrX-0182",0.422610101495269
"chrX-0183",0.313085069109048
"chrX-0184",0.419420529895106
"chrX-0185",0.333722584387518
"chrX-0186",0.454522701476969
"chrX-0187",0.254634890085773
"chrX-0188",0.580914375591842
"chrX-0189",0.212344030083746
"chrX-0190",0.385349116577871
"chrX-0191",0.35241129371115
"chrX-0192",0.292887270188455
"chrX-0193",0.518112222354891
"chrX-0194",0.259648809249695
"chrX-0195",0.613441023453069
"chrX-0196",0.378811452054609
"chrX-0197",0.578501578594744
"chrX-0198",0.306789233974956
"chrX-0199",0.364679822478184
"chrX-0200",0.602452874287802
"chrX-0201",0.771727310036839
"chrX-0202",0.137695509708222
"chrX-0203",0.505957835302963
"chrX-0204",0.346419899394261
"chrX-0205",0.676122153682625
"chrX-0206",0.614098855301238
"chrX-0207",0.304880701911476
"chrX-0208",0.596534268286101
"chrX-0209",0.393009107914616
"chrX-0210",0.377297257095846
"chrX-0211",0.515313380782321
"chrX-0212",0.461613044335527
"chrX-0213",0.225223302980895
"chrX-0214",0.453039063499089
"chrX-0215",0.309040567869229
"chrX-0216",0.396049374700358
"chrX-0217",0.355183762914881
"chrX-0218",0.146057097138833
"chrX-0219",0.492940893989386
"chrX-0220",0.398861686611073
"chrX-0221",0.408615347815811
"chrX-0222",0.425136137413775
"chrX-0223",0.268976350546774
"chrX-0224",0.298886943920279
"chrX-0225",0.367055671415221
"chrX-0226",0.389759647597903
"chrX-0227",0.582440264365
"chrX-0228",0.315068911116439
"chrX-0229",0.297078578221213
"chrX-0230",0.370899180353602
"chrX-0231",0.443579749825143
"chrX-0232",0.379970117717532
"chrX-0233",0.317868305882554
"chrX-0234",0.322930861195541
"chrX-0235",0.287600780496715
"chrX-0236",0.224380934827747
"chrX-0237",0.488955462448604
"chrX-0238",0.179542506004291
"chrX-0239",0.404073173872675
"chrX-0240",0.343946549401225
"chrX-0241",0.249652388856239
"chrX-0242",0.416131562272609
"chrX-0243",0.556770900990852
"chrX-0244",0.512878592126187
"chrX-0245",0.32265436510181
"chrX-0246",0.23295201274373
"chrX-0247",0.422422208158842
"chrX-0248",0.419384254646823
"chrX-0249",0.394034588874062
"chrX-0250",0.0998921952208692
"chrX-0251",-0.0491618238961935
"chrX-0252",0.0988285553194804
"chrX-0253",-0.0649826482159817
"chrX-0254",0.0176321675235997
"chrX-0255",0.258326640008919
"chrX-0256",0.209747822314821
"chrX-0257",-0.0419354410227698
"chrX-0258",-0.000229012806428419
"chrX-0259",0.0787298100364858
"chrX-0260",-0.0518662699545141
"chrX-0261",0.221740471531565
"chrX-0262",0.0258678391712683
"chrX-0263",0.184035624781774
"chrX-0264",-0.0269618516243509
"chrX-0265",0.0412885609866824
"chrX-0266",0.149113982641489
"chrX-0267",0.0977495070173623
"chrX-0268",0.028789491232453
"chrX-0269",0.245923997709814
"chrX-0270",0.173714288230312
"chrX-0271",0.192896220400175
"chrX-0272",0.129970618679263
"chrX-0273",-0.0813411962180819
"chrX-0274",-0.185292153061681
"chrX-0275",0.296036969767037
"chrX-0276",-0.129810924420786
"chrX-0277",0.159393002132726
"chrX-0278",-0.11251181595112
"chrX-0279",0.047062431267924
"chrX-0280",0.231834787365048
"chrX-0281",0.0811856200730535
"chrX-0282",0.273436690346045
"chrX-0283",-0.0767042705272373
"chrX-0284",0.0563606951840233
"chrX-0285",0.0785112854076305
"chrX-0286",0.0957961407443747
"chrX-0287",0.30379484699077
"chrX-0288",0.382027421662664
"chrX-0289",0.143403325313289
"chrX-0290",0.29724501055495
"chrX-0291",0.315096204038329
"chrX-0292",0.0963566248119647
"chrX-0293",0.302841909006659
"chrX-0294",0.199387224600909
"chrX-0295",0.113495619116005
"chrX-0296",-0.0162089435083529
"chrX-0297",0.0859174778689347
"chrX-0298",0.300610912263256
"chrX-0299",0.342805711141539
"chrX-0300",0.258154376742429
"chrX-0301",0.17608856533634
"chrX-0302",0.0847689595062611
"chrX-0303",0.247751267934052
"chrX-0304",0.189401987656168
"chrX-0305",0.0999202915616288
"chrX-0306",0.17587611607232
"chrX-0307",0.0990670813882181
"chrX-0308",0.12581583370988
"chrX-0309",0.28494754560769
"chrX-0310",0.124185088270232
"chrX-0311",0.187464832479355
"chrX-0312",-0.0556224946648341
"chrX-0313",-0.0555276366196244
"chrX-0314",0.0953037300521611
"chrX-0315",0.133089812883067
"chrX-0316",0.100802857728936
"chrX-0317",0.374887738941132
"chrX-0318",0.289578179042287
"chrX-0319",-0.00279312254033053
"chrX-0320",0.117326818768355
"chrX-0321",0.243656653090759
"chrX-0322",-1.1385457039026
"chrX-0323",0.219145759891697
"chrX-0324",-0.00861135811838665
"chrX-0325",0.313021619080635
"chrX-0326",0.24997601859943
"chrX-0327",-0.0155025090171488
"chrX-0328",0.0456772582196501
"chrX-0329",-0.0136350743150148
"chrX-0330",0.311515601839989
"chrX-0331",0.102154091138381
"chrX-0332",0.355083296429275
"chrX-0333",0.172933092341208
"chrX-0334",-0.0509667800924986
"chrX-0335",0.0895733471699489
"chrX-0336",0.0387284945765518
"chrX-0337",0.0177993129570327
"chrX-0338",0.0769329557038793
"chrX-0339",0.0457726613439108
"chrX-0340",0.0896202414332282
"chrX-0341",0.114211472365291
"chrX-0342",0.0437739124902352
"chrX-0343",0.243052669110156
"chrX-0344",-0.0245624229087123
"chrX-0345",0.199340754408333
"chrX-0346",0.325991458832505
"chrX-0347",0.383883943366901
"chrX-0348",0.0966749487585807
"chrX-0349",0.237927042526891
"chrX-0350",0.177079351109699
"chrX-0351",0.077706537794574
"chrX-0352",-0.00273445396066213
"chrX-0353",0.279834828279239
"chrX-0354",-0.0278133273309778
"chrX-0355",-0.0321174230135969
"chrX-0356",0.185835677170471
"chrX-0357",-0.077578877511597
"chrX-0358",-0.0929029518787812
"chrX-0359",-0.0470653327928251
"chrX-0360",0.292027617049962
"chrX-0361",0.119278120585005
"chrX-0362",0.266401163865909
"chrX-0363",0.130450847198853
"chrX-0364",0.1053939265287
"chrX-0365",0.0955856476026661
"chrX-0366",0.354039961035205
"chrX-0367",0.206506897944206
"chrX-0368",0.183215557559479
"chrX-0369",0.0796106087529251
"chrX-0370",0.111035161141215
"chrX-0371",0.0714741496558844
"chrX-0372",0.121248647253878
"chrX-0373",0.16718448003487
"chrX-0374",0.0789829942136026
"chrX-0375",0.0352711948806197
"chrX-0376",0.0145545606446882
"chrX-0377",0.289092795658359
"chrX-0378",0.0165895604365413
"chrX-0379",0.282301862022976
"chrX-0380",0.0547583992384811
"chrX-0381",0.137763382797739
"chrX-0382",0.137450340025046
"chrX-0383",-0.00948050353615693
"chrX-0384",-0.00875850993095941
"chrX-0385",0.0669677690521315
"chrX-0386",0.0719279566747834
"chrX-0387",0.136558673695447
"chrX-0388",0.177728473106881
"chrX-0389",0.370975190470349
"chrX-0390",0.246347551523977
"chrX-0391",0.312204627418207
"chrX-0392",0.0836340660236147
"chrX-0393",0.00350924297286646
"chrX-0394",0.104829340212834
"chrX-0395",0.325029967546053
"chrX-0396",0.219558859993127
"chrX-0397",0.0668708125562112
"chrX-0398",0.05597379946012
"chrX-0399",-0.010099342612878
"chrX-0400",-0.179209639701402
"chrX-0401",0.143455189232307
"chrX-0402",0.19893858353289
"chrX-0403",0.394334612120604
"chrX-0404",-0.0881313455178274
"chrX-0405",0.193711095638848
"chrX-0406",0.0323140579938205
"chrX-0407",0.135026064169961
"chrX-0408",-0.0479948650270846
"chrX-0409",0.0526994265916644
"chrX-0410",0.168918920338306
"chrX-0411",0.218305403002144
"chrX-0412",0.155078743089044
"chrX-0413",0.284847229002799
"chrX-0414",0.279700075031345
"chrX-0415",0.179657881804116
"chrX-0416",0.136937326631313
"chrX-0417",-0.0477701754414347
"chrX-0418",0.0261026596544889
"chrX-0419",0.0650361831158486
"chrX-0420",0.290574776437633
"chrX-0421",0.218098029554155
"chrX-0422",0.151876051637735
"chrX-0423",0.158486795189849
"chrX-0424",0.155921311983019
"chrX-0425",0.198890786273278
"chrX-0426",0.109815513794533
"chrX-0427",-0.0864380759637297
"chrX-0428",0.140170187891213
"chrX-0429",-0.0765875542330409
"chrX-0430",0.116160213781975
"chrX-0431",-0.243952668499847
"chrX-0432",-0.147719306811998
"chrX-0433",-0.127008065138313
"chrX-0434",0.337661112523129
"chrX-0435",0.0110998056491084
"chrX-0436",0.185443787651179
"chrX-0437",0.249461250452272
"chrX-0438",0.274069413796072
"chrX-0439",0.183779529952464
"chrX-0440",0.300299239415865
"chrX-0441",0.386400294639044
"chrX-0442",0.162312039813333
"chrX-0443",0.192033161889021
"chrX-0444",0.149777744839832
"chrX-0445",-0.0897772398905159
"chrX-0446",0.0522262679464621
"chrX-0447",0.0984407388158057
"chrX-0448",-0.0464742576400641
"chrX-0449",0.14059227488491
"chrX-0450",0.0611455595443023
"chrX-0451",0.138623234559062
"chrX-0452",0.0620574678282738
"chrX-0453",0.199323756021669
"chrX-0454",0.118022841438001
"chrX-0455",0.0368195964948381
"chrX-0456",0.0953680562900962
"chrX-0457",0.153848469113503
"chrX-0458",0.0412146499571465
"chrX-0459",0.0736713784617271
"chrX-0460",0.0238953328723558
"chrX-0461",0.0326758876767584
"chrX-0462",0.168990326701757
"chrX-0463",0.106108467293152
"chrX-0464",-0.0517702872532981
"chrX-0465",0.192847937787885
"chrX-0466",0.100400292345346
"chrX-0467",0.0563647219021047
"chrX-0468",-0.0205307811524624
"chrX-0469",0.0724559474698369
"chrX-0470",0.23394249472767
"chrX-0471",0.245966920896665
"chrX-0472",0.107119789063172
"chrX-0473",0.109471191444214
"chrX-0474",0.195267165547271
"chrX-0475",0.159846303098698
"chrX-0476",0.212109570648466
"chrX-0477",0.0916311114993675
"chrY-0001",-2.39563274924927
"chrY-0002",-3.68040479153266
"chrY-0003",-2.95389722436877
"chrY-0004",-4.14878531994407
"chrY-0005",-3.28308352384257
"chrY-0006",-0.301692544985709
"chrY-0007",-1.67284833287671
"chrY-0008",-3.59250830139756
"chrY-0009",-3.25505570745759
"chrY-0010",-2.75169537049695
"chrY-0011",-3.65567257557893
"chrY-0012",-3.61800496539454
"chrY-0013",-3.07941851491015
"chrY-0014",-3.1151357654618
"chrY-0015",-3.87216183816925
