seqnames,start,end,width,strand,freq,type,pvalue
1,717994,38625000,37907007,*,11,loss,0.0277777777777778
2,49800000,242116765,192316766,*,12,loss,0.0277777777777778
14,57300000,106841859,49541860,*,12,loss,0.0277777777777778
X,43300000,63106271,19806272,*,13,gain,0
X,138950000,152875000,13925001,*,11,gain,0.0192307692307693
X,152925000,154625000,1700001,*,11,gain,0.0192307692307693
X,154775000,155640448,865449,*,11,gain,0.0192307692307693
Y,4518744,21244771,16726028,*,13,loss,0
