#%%field-000=date-time,string8
#%%field-001=facility,string8
#%%field-002=level,int8
#%%field-003=mem usage (MB),string8
#%%field-004=message,string8
#
date-time	facility	level	mem usage (MB)	message
12/26/2025 17:14:55	GUI,INFO,LOG	1	0	logging to file '/Users/elizakishan/Documents/Analysis/LabData/ReprocessedLMS/10_CAD_9353_LMS_Rec1/temp/apt-copynumber-onco-ssa.log'
12/26/2025 17:14:55	GUI,INFO,LOG	1	0	Application: /Library/Frameworks/R.framework/Versions/4.1/Resources/library/apt.oncoscan.2.4.0/apt/bin//apt-copynumber-onco-ssa_osx
12/26/2025 17:14:55	INFO	1	0	Version: 2.4.0 svn://svn.affymetrix.com/apt2-copynumber/branches/APT_CN_2_4_0_BRANCH@1023(1501) 2015-09-16-15:56
12/26/2025 17:14:55	INFO	1	0	Log file selector: "*:9"
12/26/2025 17:14:55	INFO	1	0	Console selector: "OR(info,warning,error,help,INFO,WARNING,ERROR,HELP)"
12/26/2025 17:14:55	runtime,PROGRESS	1	0	0.000000,0.000000,0.000000,starting
12/26/2025 17:14:55	DEBUG	1	0	creating... main CopynumberOncoNodeEngine
12/26/2025 17:14:55	DEBUG	1	0	creating... library-file-node CopynumberOncoNodeLibraryFile
12/26/2025 17:14:55	DEBUG	1	0	creating... experiments-node CopynumberOncoNodeExperiments
12/26/2025 17:14:55	DEBUG	1	0	creating... cel-reader-node CopynumberOncoNodeCelReader
12/26/2025 17:14:55	DEBUG	1	0	creating... raw-intensity-gender-node CopynumberOncoNodeGenderRawIntensity
12/26/2025 17:14:55	DEBUG	1	0	creating... normal-diploid-iterator-node CopynumberOncoNodeNormalDiploidIterator
12/26/2025 17:14:55	DEBUG	1	0	creating... normal-diploid-switch-node CopynumberOncoNodeNormalDiploidSwitch
12/26/2025 17:14:55	DEBUG	1	0	creating... covariate-intensity-adjuster-node CopynumberOncoNodeCovariateIntensityAdjuster
12/26/2025 17:14:55	DEBUG	1	0	creating... normalization-node CopynumberOncoNodeNormalization
12/26/2025 17:14:55	DEBUG	1	0	creating... summarization-node CopynumberOncoNodeSummarization
12/26/2025 17:14:55	DEBUG	1	0	creating... allelic-difference-node CopynumberOncoNodeAllelicDifference
12/26/2025 17:14:55	DEBUG	1	0	creating... log2-ratio-node CopynumberOncoNodeLog2Ratio
12/26/2025 17:14:55	DEBUG	1	0	creating... normal-diploid-detection-node CopynumberOncoNodeNormalDiploidDetection
12/26/2025 17:14:55	DEBUG	1	0	creating... signal-gender-node CopynumberOncoNodeXYSignalGender
12/26/2025 17:14:55	DEBUG	1	0	creating... log2-ratio-adjuster-image-node CopynumberOncoNodeLog2RatioAdjusterImage
12/26/2025 17:14:55	DEBUG	1	0	creating... log2-ratio-adjuster-covariate-node CopynumberOncoNodeLog2RatioAdjusterCovariate
12/26/2025 17:14:55	DEBUG	1	0	creating... log2-ratio-adjuster-wave-node CopynumberOncoNodeLog2RatioAdjusterWave
12/26/2025 17:14:55	DEBUG	1	0	creating... log2-ratio-adjuster-y-target-node CopynumberOncoNodeLog2RatioAdjusterYTarget
12/26/2025 17:14:55	DEBUG	1	0	creating... baf-node CopynumberOncoNodeBAF
12/26/2025 17:14:55	DEBUG	1	0	creating... allele-peaks-baf-node CopynumberOncoNodeAllelePeaksBaf
12/26/2025 17:14:55	DEBUG	1	0	creating... snpqc-node CopynumberOncoNodeSNPQC
12/26/2025 17:14:55	DEBUG	1	0	creating... tuscan-node CopynumberOncoNodeTUSCAN
12/26/2025 17:14:55	DEBUG	1	0	creating... tuscan-switch-node CopynumberOncoNodeTUSCANSwitch
12/26/2025 17:14:55	DEBUG	1	0	creating... tuscan-homhet-flags-node CopynumberOncoNodeTUSCANHomHet
12/26/2025 17:14:55	DEBUG	1	0	creating... tuscan-segmenter-node CopynumberOncoNodeTUSCANSegmenter
12/26/2025 17:14:55	DEBUG	1	0	creating... tuscan-total-cn-node CopynumberOncoNodeTUSCANTotalCN
12/26/2025 17:14:55	DEBUG	1	0	creating... shrinkage-v2-node CopynumberOncoNodeShrinkageV2
12/26/2025 17:14:55	DEBUG	1	0	creating... cn-gender-node CopynumberOncoNodeCNGender
12/26/2025 17:14:55	DEBUG	1	0	creating... par-segments-node CopynumberOncoNodeTUSCANBreakAtPAR
12/26/2025 17:14:55	DEBUG	1	0	creating... tuscan-binned-cn-node CopynumberOncoNodeTUSCANBinnedCN
12/26/2025 17:14:55	DEBUG	1	0	creating... kernel-smooth-node CopynumberOncoNodeLog2RatioSmootherKernel
12/26/2025 17:14:55	DEBUG	1	0	creating... genotyping-node CopynumberOncoNodeGenotyping
12/26/2025 17:14:55	DEBUG	1	0	creating... cel-pair-check-node CopynumberOncoNodeSignatureSnps
12/26/2025 17:14:55	DEBUG	1	0	creating... matched-normal-check-node CopynumberOncoNodeMatchedNormalCheck
12/26/2025 17:14:55	DEBUG	1	0	creating... remove-ap-modulation-node CopynumberOncoNodeRemoveAPModulation
12/26/2025 17:14:55	DEBUG	1	0	creating... allele-peaks-ad-node CopynumberOncoNodeAllelePeaksAD
12/26/2025 17:14:55	DEBUG	1	0	creating... loh-node CopynumberOncoNodeBafLOH
12/26/2025 17:14:55	DEBUG	1	0	creating... cn-neutral-loh-node CopynumberOncoNodeCNNeutralLOH
12/26/2025 17:14:55	DEBUG	1	0	creating... chp-node CopynumberOncoNodeReporterCychp
12/26/2025 17:14:55	DEBUG,LOG	1	0	original command line: /Library/Frameworks/R.framework/Versions/4.1/Resources/library/apt.oncoscan.2.4.0/apt/bin//apt-copynumber-onco-ssa_osx --log-file /Users/elizakishan/Documents/Analysis/LabData/ReprocessedLMS/10_CAD_9353_LMS_Rec1/temp/apt-copynumber-onco-ssa.log --out-dir /Users/elizakishan/Documents/Analysis/LabData/ReprocessedLMS/10_CAD_9353_LMS_Rec1/temp --temp-dir /Users/elizakishan/Documents/Analysis/LabData/ReprocessedLMS/10_CAD_9353_LMS_Rec1/temp/temp --force false --keep-intermediate-data false --keep-combined-cels false --snp-qc-snp-list /Library/Frameworks/R.framework/Versions/4.1/Resources/library/OncoScan.na33.r4/apt/res//OncoScan.r1.snplist.txt --reference-file /Library/Frameworks/R.framework/Versions/4.1/Resources/library/OncoScan.na33.r4/apt/res//OncoScan.FFPE.na33.r1.REF_MODEL --y-target -0.8 --nddqc-min-count 2000 --set-analysis-name 10_CAD_9353_LMS_Rec1 --brlmmp-HARD 3 --brlmmp-SB 0.750000 --brlmmp-CM 2 --brlmmp-bins 100 --brlmmp-mix 1 --brlmmp-bic 2 --brlmmp-CSepPen 0.1 --brlmmp-CSepThr 16 --brlmmp-lambda 1.0 --brlmmp-wobble 0.20 --brlmmp-copyqc 0.000000 --brlmmp-copytype -1 --brlmmp-ocean 0.0000000000000001 --brlmmp-clustertype 2 --brlmmp-transform mva --brlmmp-MS 0.06 --annotation-file /Library/Frameworks/R.framework/Versions/4.1/Resources/library/OncoScan.na33.r4/apt/res//OncoScan.na33.r1.annot.db --x-probes-file /Library/Frameworks/R.framework/Versions/4.1/Resources/library/OncoScan.na33.r4/apt/res//OncoScan.r1.chrXprobes --y-probes-file /Library/Frameworks/R.framework/Versions/4.1/Resources/library/OncoScan.na33.r4/apt/res//OncoScan.r1.chrYprobes --cel-pairs-file /Users/elizakishan/Documents/Analysis/LabData/ReprocessedLMS/10_CAD_9353_LMS_Rec1/10_CAD_9353_LMS_Rec1_pairs.txt --alpha-cn-calibrate 0.780931 --alpha-X-cn-calibrate 0.800507 --alpha-Y-cn-calibrate 0.800507 --beta-cn-calibrate 1 --beta-X-cn-calibrate 1 --beta-Y-cn-calibrate 1 --agr-denominator-source SNP --agr-denominator-percentile 0.75 --igender-female-threshold 0.44 --igender-male-threshold 0.63 --nddicov-min-nd-probe-count-per-bin 30 --nddicov-use-nd-signal-markers off --dual-channel-normalization true --ad-outlier-trim 3.0 --normal-diploid-detection-node:enable=true --ndd-weights-type FLD --ndd-point-count 128 --ndd-bandwidth 0.25 --ndd-cutoff 0.05 --ndd-step 40 --ndd-window 275 --ndd-min-markers 10 --ndd-log2-threshold 0.28 --ndd-th1 0,0.4 --ndd-th2 0.7,1.3 --ndd-th3 0.7,1.3 --ndd-th4 0,0.4 --ndd-min-percent-nd 0 --ndd-min-number-nd 2000 --ndd-med-l2r-low-percentile-ND 0.015 --ndd-med-l2r-threshold-ND 0.20 --ndd-iqr-factor-coarse 5.0 --ndd-iqr-factor-fine 3.0 --sig-gender-reference-chromosome 2 --sig-gender-xx-cutoff 0.85 --sig-gender-xx-cutoff-high 1.22 --sig-gender-y-cutoff 0.31 --hpf-mini-block-rows 8 --hpf-mini-block-cols 8 --hpf-global-smooth-weight 256 --hpf-local-smooth-weight 64 --hpf-converged 0.000100 --nddlrcov-min-nd-marker-count-per-bin 30 --nddlrcov-use-nd-lr-markers on --log2-ratio-adjuster-wave-node:enable=true --wave-bandwidth 101 --wave-bin-count 25 --wave-count 6 --wave-smooth true --median-autosome-median-normalization true --shrinkage-v2-node:enable=true --shrink-lprec 0.25,2.0 --outlier-shrink-lprec 0.25,2.0,8.0 --shrink-converge 0.000001 --outlier-shrink-converge 0.1 --shrink-downweight-maxiter 25 --outlier-shrink-large-stdev 125.0 --cn-gender-cutoff 0.5 --cn-state-threshold 0.0 --baf-transform linear --baf-trim 10.0 --kernel-sigma-span 50 --sig-snp-min-call-rate 0.6 --sig-snp-min-compare-rate 0.65 --sig-snp-min-concordance 0.60 --sig-snp-min-strength-sketch-rank 0.305 --sig-snp-report-filename /Users/elizakishan/Documents/Analysis/LabData/ReprocessedLMS/10_CAD_9353_LMS_Rec1/temp/OncoScan.CelPairCheckReport.txt --ap-ad-step 20 --ap-ad-window 100 --ap-ad-point-count 128 --ap-ad-bandwidth 0.250000 --ap-ad-cutoff 0.050000 --ap-ad-threshold 0.350000 --ap-ad-height-threshold 0.000000 --ap-ad-height-threshold-bound 1024.000000 --ap-ad-symmetry true --ap-baf-step 20 --ap-baf-window 100 --ap-baf-point-count 129 --ap-baf-bandwidth 0.2 --ap-baf-cutoff 0.00000 --ap-baf-threshold 0.30000 --ap-baf-height-threshold 3.000000 --ap-baf-height-threshold-bound 1.476981 --ap-baf-symmetry true --loh-error-rate 0.05 --loh-beta 0.001 --loh-alpha 0.01 --loh-separation 1000000 --loh-min-marker-count 10 --loh-no-call-threshold 0.05 --loh-min-genomic-span 2500000 --loh-ss-thresh 3.59 --loh-ss-begin-slope 1.6416 --loh-baf-upper-thresh 0.5 --loh-baf-lower-thresh 0.5 --loh-slope-thresh 0.25 --loh-alpha-cn-calibrate 0.780931 --loh-alpha-X-cn-calibrate 0.800507 --loh-alpha-Y-cn-calibrate 0.800507 --loh-beta-cn-calibrate 1 --loh-beta-X-cn-calibrate 1 --loh-beta-Y-cn-calibrate 1 --cn-neutral-loh-node:enable=false --tuscan-m3-low-cost-band 0.030000 --tuscan-nd-snp-qc-threshold 19.000000 --tuscan-mapd-qc-threshold 0.4000000 --tuscan-m1-shift 0.000000 --tuscan-m1-trim 0.010000 --tuscan-m1-threshold 0.001050 --tuscan-m2-lr-cost 0.500000 --tuscan-m2-min-seg-size 151 --tuscan-m2-min-alt-seg-size 19 --tuscan-m2-min-fine-seg-size 19 --tuscan-m2-exclude-chr 24,25 --tuscan-consecutive-hom-count 100 --tuscan-no-break-vicinity 19 --lambda 50.000000 --tuscan-m3-rho-min 0.200000 --tuscan-m3-rho-max 1.000000 --tuscan-m3-rho-N 100 --tuscan-m3-psi-min 1.000000 --tuscan-m3-psi-max 6.000000 --tuscan-m3-psi-N 100 --tuscan-m3-low-cost-weight 0.010000 --tuscan-m3-max-percent-hom 85.000000 --tuscan-m3-min-count-het 10 --tuscan-m3-ploidy-factor 3.000000 --tuscan-m3-ploidy-sigma 0.350000 --alt-mode-bin-size 0.333333 --nGoF-bin-size 0.500000 --MedL2Rcutoff 0.080000 --MedBAFcutoff 0.000000 --min-nGoF-length 1001 --nGoF4cutoff 1000.000000 --gamma 0.800000 --tuscan-round-ploidy true --tuscan-m1-use-raw-baf false --infMarkL2RMin 0.06 --infMarkerThreshold 1000 --MinChrYthreshold -3 --MedL2Rcutoff-no-cn2 0.08 --MedBAFcutoff-no-cn2 0 --min-nGoF-length-no-cn2 51 --nGoF4cutoff-no-cn2 5000 --tuscan-fp-exponent 2.0 --tuscan-fp-min-med-l2r 0.1 --tuscan-fp-max-med-l2r 0.25 --tuscan-use-fp-exponent-in-normal-mode false --tuscan-cn-bin [0,6)[6,10)[10,20)[20,50)[50,10000] --tuscan-cn-bin-values as-is-2,6-10,10-20,20-50,50+ --tuscan-run-once false --tuscan-maxCN2Weight 0.025 --tuscan-maxNonCN2Increase 1 --tuscan-FN_l2r_floor 0.095 --tuscan-FN_exp 2.46 --tuscan-FN_low_l2r_threshold 0.08 --tuscan-FN_low_BAF_threshold 0.48 --tuscan-REL_l2r_weight 0.5 --tuscan-REL_CN2_gauss_P 1.1 --tuscan-REL_CN2_gauss_sigma 0.35 --tuscan-REL_CN2_gauss_mu 2 --tuscan-REL_CN4_gauss_P 1.023 --tuscan-REL_CN4_gauss_sigma 0.2 --tuscan-REL_CN4_gauss_mu 4 --tuscan-REL_threshold 0.1 --tuscan-REL_threshold1 0.76 --tuscan-REL_threshold2_hi 0.9 --tuscan-REL_threshold2_low 0.7 --tuscan-REL_maxMinimumIndex 2 --tuscan-REL_noSearchIfminWeight true --tuscan-infMarkTrimBand 0.05 --tuscan-m3-ploidy4-factor 1.25 --tuscan-m3-ploidy4-sigma 0.2 --tuscan-m3-ploidy4-mu 4.0 --tuscan-lowPloidy1 0 --tuscan-lowPloidy2 1.76 --tuscan-lowPloidyTB 1 --tuscan-lowPloidy_nGoF4 200 --tuscan-hiPloidy1 2.3 --tuscan-hiPloidy2 2.5 --tuscan-hiPloidyTB 1 --tuscan-hiPloidy_nGoF4 200 --tuscan-centromere-breakpoints 1,121535434,2,92326171,3,90504854,4,49660117,5,46405641,6,58830166,7,58054331,8,43838887,9,47367679,10,39254935,11,51644205,12,34856694,13,-1,14,-1,15,-1,16,35335801,17,22263006,18,15460898,19,24681782,20,26369569,21,-1,22,-1,24,58632012,25,10104553 --tuscan-centromere-min-seg-size 19 --tuscan-report-internal-ploidy true --report-file /Users/elizakishan/Documents/Analysis/LabData/ReprocessedLMS/10_CAD_9353_LMS_Rec1/temp/QCReport.txt --cychp-output false --text-output false --oschp-output true --mangle-probeset-names false --waviness-block-size 50 --waviness-genomic-span 0
12/26/2025 17:14:55	DEV,LOG	1	0	Detected NodeDataFlow that is of kind OUTPUT and is not first node in dataflow.  You might want to verify that this is expected.  nodename/flowname/kind: allele-peaks-baf-node/BafFldWeights/OUT
12/26/2025 17:14:55	DEBUG	7	0	NodeParam::doCheck(): 'MainNode:@dump-nodes'
12/26/2025 17:14:55	DEBUG	7	0	NodeParam::doCheck(): 'MainNode:@dump-nodes-long'
12/26/2025 17:14:55	DEBUG	7	0	NodeParam::doCheck(): 'MainNode:@dump-nodes-classes'
12/26/2025 17:14:55	DEBUG	7	0	NodeParam::doCheck(): 'MainNode:@dump-data-flow'
12/26/2025 17:14:55	DEBUG	7	0	NodeParam::doCheck(): 'MainNode:@dump-param'
12/26/2025 17:14:55	DEBUG	7	0	NodeParam::doCheck(): 'MainNode:@dump-param-long'
12/26/2025 17:14:55	DEBUG	7	0	NodeParam::doCheck(): 'MainNode:@dump-param-dev'
12/26/2025 17:14:55	DEBUG	7	0	NodeParam::doCheck(): 'MainNode:@dump-param-long-dev'
12/26/2025 17:14:55	DEBUG	7	0	NodeParam::doCheck(): 'MainNode:@dump-all'
12/26/2025 17:14:55	DEBUG	7	0	NodeParam::doCheck(): 'MainNode:@dump-all-long'
12/26/2025 17:14:55	DEBUG	7	0	NodeParam::doCheck(): 'MainNode:enable'
12/26/2025 17:14:55	DEBUG	7	0	NodeParam::doCheck(): 'MainNode:disable'
12/26/2025 17:14:55	DEBUG	7	0	NodeParam::doCheck(): 'MainNode:@serialize'
12/26/2025 17:14:55	DEBUG	7	0	NodeParam::doCheck(): 'MainNode:@serialize-pre'
12/26/2025 17:14:55	DEBUG	7	0	NodeParam::doCheck(): 'MainNode:@serialize-post'
12/26/2025 17:14:55	DEBUG	7	0	NodeParam::doCheck(): 'MainNode:@stop'
12/26/2025 17:14:55	DEBUG	7	0	NodeParam::doCheck(): 'MainNode:@stop-after'
12/26/2025 17:14:55	DEBUG	7	0	NodeParam::doCheck(): 'MainNode:version'
12/26/2025 17:14:55	DEBUG	7	0	NodeParam::doCheck(): 'MainNode:user-help'
12/26/2025 17:14:55	DEBUG	7	0	NodeParam::doCheck(): 'MainNode:@dev-help'
12/26/2025 17:14:55	DEBUG	7	0	NodeParam::doCheck(): 'MainNode:@doxygen-help'
12/26/2025 17:14:55	DEBUG	7	0	NodeParam::doCheck(): 'MainNode:log-file'
12/26/2025 17:14:55	DEBUG	7	0	NodeParam::doCheck(): 'MainNode:@log-select'
12/26/2025 17:14:55	DEBUG	7	0	NodeParam::doCheck(): 'MainNode:@console-select'
12/26/2025 17:14:55	DEBUG	7	0	NodeParam::doCheck(): 'MainNode:console-add-select'
12/26/2025 17:14:55	DEBUG	7	0	NodeParam::doCheck(): 'MainNode:console-add-neg-select'
12/26/2025 17:14:55	DEBUG	7	0	NodeParam::doCheck(): 'MainNode:arg-file'
12/26/2025 17:14:55	DEBUG	7	0	NodeParam::doCheck(): 'MainNode:check-param'
12/26/2025 17:14:55	DEBUG	7	0	NodeParam::doCheck(): 'MainNode:@serialize-dir'
12/26/2025 17:14:55	DEBUG	7	0	NodeParam::doCheck(): 'MainNode:@short-serialize-names'
12/26/2025 17:14:55	DEBUG	7	0	NodeParam::doCheck(): 'MainNode:@resume-file'
12/26/2025 17:14:55	DEBUG	7	0	NodeParam::doCheck(): 'MainNode:@debug'
12/26/2025 17:14:55	DEBUG	7	0	NodeParam::doCheck(): 'MainNode:@break'
12/26/2025 17:14:55	DEBUG	7	0	NodeParam::doCheck(): 'MainNode:@dump-classes'
12/26/2025 17:14:55	DEBUG	7	0	NodeParam::doCheck(): 'MainNode:@dump-all-param-xml'
12/26/2025 17:14:55	DEBUG	7	0	NodeParam::doCheck(): 'MainNode:@dump-user-param-xml'
12/26/2025 17:14:55	DEBUG	7	0	NodeParam::doCheck(): 'MainNode:@export-html-doc'
12/26/2025 17:14:55	DEBUG	7	0	NodeParam::doCheck(): 'MainNode:use-sockets'
12/26/2025 17:14:55	DEBUG	7	0	NodeParam::doCheck(): 'MainNode:socket-port'
12/26/2025 17:14:55	DEBUG	7	0	NodeParam::doCheck(): 'MainNode-main:@dump-nodes'
12/26/2025 17:14:55	DEBUG	7	0	NodeParam::doCheck(): 'MainNode-main:@dump-nodes-long'
12/26/2025 17:14:55	DEBUG	7	0	NodeParam::doCheck(): 'MainNode-main:@dump-nodes-classes'
12/26/2025 17:14:55	DEBUG	7	0	NodeParam::doCheck(): 'MainNode-main:@dump-data-flow'
12/26/2025 17:14:55	DEBUG	7	0	NodeParam::doCheck(): 'MainNode-main:@dump-param'
12/26/2025 17:14:55	DEBUG	7	0	NodeParam::doCheck(): 'MainNode-main:@dump-param-long'
12/26/2025 17:14:55	DEBUG	7	0	NodeParam::doCheck(): 'MainNode-main:@dump-param-dev'
12/26/2025 17:14:55	DEBUG	7	0	NodeParam::doCheck(): 'MainNode-main:@dump-param-long-dev'
12/26/2025 17:14:55	DEBUG	7	0	NodeParam::doCheck(): 'MainNode-main:@dump-all'
12/26/2025 17:14:55	DEBUG	7	0	NodeParam::doCheck(): 'MainNode-main:@dump-all-long'
12/26/2025 17:14:55	DEBUG	7	0	NodeParam::doCheck(): 'MainNode-main:enable'
12/26/2025 17:14:55	DEBUG	7	0	NodeParam::doCheck(): 'MainNode-main:disable'
12/26/2025 17:14:55	DEBUG	7	0	NodeParam::doCheck(): 'MainNode-main:@serialize'
12/26/2025 17:14:55	DEBUG	7	0	NodeParam::doCheck(): 'MainNode-main:@serialize-pre'
12/26/2025 17:14:55	DEBUG	7	0	NodeParam::doCheck(): 'MainNode-main:@serialize-post'
12/26/2025 17:14:55	DEBUG	7	0	NodeParam::doCheck(): 'MainNode-main:@stop'
12/26/2025 17:14:55	DEBUG	7	0	NodeParam::doCheck(): 'MainNode-main:@stop-after'
12/26/2025 17:14:55	DEBUG	7	0	NodeParam::doCheck(): 'MainNode-main:out-dir'
12/26/2025 17:14:55	DEBUG	7	0	NodeParam::doCheck(): 'MainNode-main:temp-dir'
12/26/2025 17:14:55	DEBUG	7	0	NodeParam::doCheck(): 'MainNode-main:force'
12/26/2025 17:14:55	DEBUG	7	0	NodeParam::doCheck(): 'MainNode-main:keep-intermediate-data'
12/26/2025 17:14:55	DEBUG	7	0	NodeParam::doCheck(): 'MainNode-main:keep-combined-cels'
12/26/2025 17:14:55	DEBUG	7	0	NodeParam::doCheck(): 'MainNode-main:snp-qc-snp-list'
12/26/2025 17:14:55	info	4	0	MainNode-main:snp-qc-snp-list: checking '/Library/Frameworks/R.framework/Versions/4.1/Resources/library/OncoScan.na33.r4/apt/res//OncoScan.r1.snplist.txt' file should exist.
12/26/2025 17:14:55	DEBUG	7	0	NodeParam::doCheck(): 'MainNode-main:reference-file'
12/26/2025 17:14:55	DEBUG	7	0	NodeParam::doCheck(): 'MainNode-main:y-target'
12/26/2025 17:14:55	DEBUG	7	0	NodeParam::doCheck(): 'MainNode-main:nddqc-min-count'
12/26/2025 17:14:55	DEBUG	7	0	NodeParam::doCheck(): 'MainNode-main:set-analysis-name'
12/26/2025 17:14:55	DEBUG	7	0	NodeParam::doCheck(): 'MainNode-main:file-name-prefix'
12/26/2025 17:14:55	DEBUG	7	0	NodeParam::doCheck(): 'MainNode-main:file-name-suffix'
12/26/2025 17:14:55	DEBUG	7	0	NodeParam::doCheck(): 'MainNode-main:brlmmp-HARD'
12/26/2025 17:14:55	DEBUG	7	0	NodeParam::doCheck(): 'MainNode-main:brlmmp-SB'
12/26/2025 17:14:55	DEBUG	7	0	NodeParam::doCheck(): 'MainNode-main:brlmmp-CM'
12/26/2025 17:14:55	DEBUG	7	0	NodeParam::doCheck(): 'MainNode-main:brlmmp-bins'
12/26/2025 17:14:55	DEBUG	7	0	NodeParam::doCheck(): 'MainNode-main:brlmmp-mix'
12/26/2025 17:14:55	DEBUG	7	0	NodeParam::doCheck(): 'MainNode-main:brlmmp-bic'
12/26/2025 17:14:55	DEBUG	7	0	NodeParam::doCheck(): 'MainNode-main:brlmmp-CSepPen'
12/26/2025 17:14:55	DEBUG	7	0	NodeParam::doCheck(): 'MainNode-main:brlmmp-CSepThr'
12/26/2025 17:14:55	DEBUG	7	0	NodeParam::doCheck(): 'MainNode-main:brlmmp-lambda'
12/26/2025 17:14:55	DEBUG	7	0	NodeParam::doCheck(): 'MainNode-main:brlmmp-wobble'
12/26/2025 17:14:55	DEBUG	7	0	NodeParam::doCheck(): 'MainNode-main:brlmmp-copyqc'
12/26/2025 17:14:55	DEBUG	7	0	NodeParam::doCheck(): 'MainNode-main:brlmmp-copytype'
12/26/2025 17:14:55	DEBUG	7	0	NodeParam::doCheck(): 'MainNode-main:brlmmp-ocean'
12/26/2025 17:14:55	DEBUG	7	0	NodeParam::doCheck(): 'MainNode-main:brlmmp-clustertype'
12/26/2025 17:14:55	DEBUG	7	0	NodeParam::doCheck(): 'MainNode-main:brlmmp-transform'
12/26/2025 17:14:55	DEBUG	7	0	NodeParam::doCheck(): 'MainNode-main:brlmmp-MS'
12/26/2025 17:14:55	DEBUG	7	0	NodeParam::doCheck(): 'MainNode-main:brlmmp-hints'
12/26/2025 17:14:55	DEBUG	7	0	NodeParam::doCheck(): 'MainNode-main:brlmmp-IsoHetY'
12/26/2025 17:14:55	DEBUG	7	0	NodeParam::doCheck(): 'MainNode-main:brlmmp-inflatePRA'
12/26/2025 17:14:55	DEBUG	7	0	NodeParam::doCheck(): 'MainNode-main:brlmmp-CP'
12/26/2025 17:14:55	DEBUG	7	0	NodeParam::doCheck(): 'MainNode-main:_app-log-console-select'
12/26/2025 17:14:55	DEBUG	7	0	NodeParam::doCheck(): PARAM_CHECK_WHEN_SET and param unset.
12/26/2025 17:14:55	DEBUG	7	0	NodeParam::doCheck(): 'MainNode-main:_app-log-file-select'
12/26/2025 17:14:55	DEBUG	7	0	NodeParam::doCheck(): PARAM_CHECK_WHEN_SET and param unset.
12/26/2025 17:14:55	DEBUG	7	0	NodeParam::doCheck(): 'MainNode-main:@report-probe-marker-usage'
12/26/2025 17:14:55	DEBUG	7	0	NodeParam::doCheck(): 'MainNode-main-library-file-node:@dump-nodes'
12/26/2025 17:14:55	DEBUG	7	0	NodeParam::doCheck(): 'MainNode-main-library-file-node:@dump-nodes-long'
12/26/2025 17:14:55	DEBUG	7	0	NodeParam::doCheck(): 'MainNode-main-library-file-node:@dump-nodes-classes'
12/26/2025 17:14:55	DEBUG	7	0	NodeParam::doCheck(): 'MainNode-main-library-file-node:@dump-data-flow'
12/26/2025 17:14:55	DEBUG	7	0	NodeParam::doCheck(): 'MainNode-main-library-file-node:@dump-param'
12/26/2025 17:14:55	DEBUG	7	0	NodeParam::doCheck(): 'MainNode-main-library-file-node:@dump-param-long'
12/26/2025 17:14:55	DEBUG	7	0	NodeParam::doCheck(): 'MainNode-main-library-file-node:@dump-param-dev'
12/26/2025 17:14:55	DEBUG	7	0	NodeParam::doCheck(): 'MainNode-main-library-file-node:@dump-param-long-dev'
12/26/2025 17:14:55	DEBUG	7	0	NodeParam::doCheck(): 'MainNode-main-library-file-node:@dump-all'
12/26/2025 17:14:55	DEBUG	7	0	NodeParam::doCheck(): 'MainNode-main-library-file-node:@dump-all-long'
12/26/2025 17:14:55	DEBUG	7	0	NodeParam::doCheck(): 'MainNode-main-library-file-node:enable'
12/26/2025 17:14:55	DEBUG	7	0	NodeParam::doCheck(): 'MainNode-main-library-file-node:disable'
12/26/2025 17:14:55	DEBUG	7	0	NodeParam::doCheck(): 'MainNode-main-library-file-node:@serialize'
12/26/2025 17:14:55	DEBUG	7	0	NodeParam::doCheck(): 'MainNode-main-library-file-node:@serialize-pre'
12/26/2025 17:14:55	DEBUG	7	0	NodeParam::doCheck(): 'MainNode-main-library-file-node:@serialize-post'
12/26/2025 17:14:55	DEBUG	7	0	NodeParam::doCheck(): 'MainNode-main-library-file-node:@stop'
12/26/2025 17:14:55	DEBUG	7	0	NodeParam::doCheck(): 'MainNode-main-library-file-node:@stop-after'
12/26/2025 17:14:55	DEBUG	7	0	NodeParam::doCheck(): 'MainNode-main-library-file-node:annotation-file'
12/26/2025 17:14:55	info	4	0	MainNode-main-library-file-node:annotation-file: checking '/Library/Frameworks/R.framework/Versions/4.1/Resources/library/OncoScan.na33.r4/apt/res//OncoScan.na33.r1.annot.db' file should exist.
12/26/2025 17:14:55	DEBUG	7	0	NodeParam::doCheck(): 'MainNode-main-library-file-node:x-probes-file'
12/26/2025 17:14:55	DEBUG	7	0	NodeParam::doCheck(): 'MainNode-main-library-file-node:y-probes-file'
12/26/2025 17:14:55	DEBUG	7	0	NodeParam::doCheck(): 'MainNode-main-library-file-node:cel-pairs-file'
12/26/2025 17:14:55	DEBUG	7	0	NodeParam::doCheck(): 'MainNode-main-library-file-node:cel-files'
12/26/2025 17:14:55	DEBUG	7	0	NodeParam::doCheck(): 'MainNode-main-library-file-node:loh-files'
12/26/2025 17:14:55	DEBUG	7	0	NodeParam::doCheck(): 'MainNode-main-library-file-node:fld-file'
12/26/2025 17:14:55	DEBUG	7	0	NodeParam::doCheck(): 'MainNode-main-library-file-node:ap-baf-fld-weights'
12/26/2025 17:14:55	dset	3	0	Dset::File::open('/Users/elizakishan/Documents/Analysis/LabData/ReprocessedLMS/10_CAD_9353_LMS_Rec1/10_CAD_9353_LMS_Rec1_pairs.txt',2,2)
12/26/2025 17:14:55	dset	1	0	Dset::IO_TsvFile::openFile('/Users/elizakishan/Documents/Analysis/LabData/ReprocessedLMS/10_CAD_9353_LMS_Rec1/10_CAD_9353_LMS_Rec1_pairs.txt',2)
12/26/2025 17:14:55	dset	4	0	Dset::IO_TsvFile::fstream_push(0x7ff7bcc80978)
12/26/2025 17:14:55	EVENT_WARN	1	0	Dset::IO_TsvFile::fstream_read_line - read failed - skipping
12/26/2025 17:14:55	dset	1	0	expected -1 lines, read 1 lines!
12/26/2025 17:14:55	dset	4	0	Dset::IO_TsvFile::fstream_pop(0x7ff7bcc80978)
12/26/2025 17:14:55	DEBUG	7	0	NodeParam::doCheck(): 'MainNode-main-experiments-node:@dump-nodes'
12/26/2025 17:14:55	DEBUG	7	0	NodeParam::doCheck(): 'MainNode-main-experiments-node:@dump-nodes-long'
12/26/2025 17:14:55	DEBUG	7	0	NodeParam::doCheck(): 'MainNode-main-experiments-node:@dump-nodes-classes'
12/26/2025 17:14:55	DEBUG	7	0	NodeParam::doCheck(): 'MainNode-main-experiments-node:@dump-data-flow'
12/26/2025 17:14:55	DEBUG	7	0	NodeParam::doCheck(): 'MainNode-main-experiments-node:@dump-param'
12/26/2025 17:14:55	DEBUG	7	0	NodeParam::doCheck(): 'MainNode-main-experiments-node:@dump-param-long'
12/26/2025 17:14:55	DEBUG	7	0	NodeParam::doCheck(): 'MainNode-main-experiments-node:@dump-param-dev'
12/26/2025 17:14:55	DEBUG	7	0	NodeParam::doCheck(): 'MainNode-main-experiments-node:@dump-param-long-dev'
12/26/2025 17:14:55	DEBUG	7	0	NodeParam::doCheck(): 'MainNode-main-experiments-node:@dump-all'
12/26/2025 17:14:55	DEBUG	7	0	NodeParam::doCheck(): 'MainNode-main-experiments-node:@dump-all-long'
12/26/2025 17:14:55	DEBUG	7	0	NodeParam::doCheck(): 'MainNode-main-experiments-node:enable'
12/26/2025 17:14:55	DEBUG	7	0	NodeParam::doCheck(): 'MainNode-main-experiments-node:disable'
12/26/2025 17:14:55	DEBUG	7	0	NodeParam::doCheck(): 'MainNode-main-experiments-node:@serialize'
12/26/2025 17:14:55	DEBUG	7	0	NodeParam::doCheck(): 'MainNode-main-experiments-node:@serialize-pre'
12/26/2025 17:14:55	DEBUG	7	0	NodeParam::doCheck(): 'MainNode-main-experiments-node:@serialize-post'
12/26/2025 17:14:55	DEBUG	7	0	NodeParam::doCheck(): 'MainNode-main-experiments-node:@stop'
12/26/2025 17:14:55	DEBUG	7	0	NodeParam::doCheck(): 'MainNode-main-experiments-node:@stop-after'
12/26/2025 17:14:55	DEBUG	7	0	NodeParam::doCheck(): 'MainNode-main-experiments-node-cel-reader-node:@dump-nodes'
12/26/2025 17:14:55	DEBUG	7	0	NodeParam::doCheck(): 'MainNode-main-experiments-node-cel-reader-node:@dump-nodes-long'
12/26/2025 17:14:55	DEBUG	7	0	NodeParam::doCheck(): 'MainNode-main-experiments-node-cel-reader-node:@dump-nodes-classes'
12/26/2025 17:14:55	DEBUG	7	0	NodeParam::doCheck(): 'MainNode-main-experiments-node-cel-reader-node:@dump-data-flow'
12/26/2025 17:14:55	DEBUG	7	0	NodeParam::doCheck(): 'MainNode-main-experiments-node-cel-reader-node:@dump-param'
12/26/2025 17:14:55	DEBUG	7	0	NodeParam::doCheck(): 'MainNode-main-experiments-node-cel-reader-node:@dump-param-long'
12/26/2025 17:14:55	DEBUG	7	0	NodeParam::doCheck(): 'MainNode-main-experiments-node-cel-reader-node:@dump-param-dev'
12/26/2025 17:14:55	DEBUG	7	0	NodeParam::doCheck(): 'MainNode-main-experiments-node-cel-reader-node:@dump-param-long-dev'
12/26/2025 17:14:55	DEBUG	7	0	NodeParam::doCheck(): 'MainNode-main-experiments-node-cel-reader-node:@dump-all'
12/26/2025 17:14:55	DEBUG	7	0	NodeParam::doCheck(): 'MainNode-main-experiments-node-cel-reader-node:@dump-all-long'
12/26/2025 17:14:55	DEBUG	7	0	NodeParam::doCheck(): 'MainNode-main-experiments-node-cel-reader-node:enable'
12/26/2025 17:14:55	DEBUG	7	0	NodeParam::doCheck(): 'MainNode-main-experiments-node-cel-reader-node:disable'
12/26/2025 17:14:55	DEBUG	7	0	NodeParam::doCheck(): 'MainNode-main-experiments-node-cel-reader-node:@serialize'
12/26/2025 17:14:55	DEBUG	7	0	NodeParam::doCheck(): 'MainNode-main-experiments-node-cel-reader-node:@serialize-pre'
12/26/2025 17:14:55	DEBUG	7	0	NodeParam::doCheck(): 'MainNode-main-experiments-node-cel-reader-node:@serialize-post'
12/26/2025 17:14:55	DEBUG	7	0	NodeParam::doCheck(): 'MainNode-main-experiments-node-cel-reader-node:@stop'
12/26/2025 17:14:55	DEBUG	7	0	NodeParam::doCheck(): 'MainNode-main-experiments-node-cel-reader-node:@stop-after'
12/26/2025 17:14:55	DEBUG	7	0	NodeParam::doCheck(): 'MainNode-main-experiments-node-cel-reader-node:agr-denominator-source'
12/26/2025 17:14:55	DEBUG	7	0	NodeParam::doCheck(): 'MainNode-main-experiments-node-cel-reader-node:agr-denominator-percentile'
12/26/2025 17:14:55	DEBUG	7	0	NodeParam::doCheck(): 'MainNode-main-experiments-node-raw-intensity-gender-node:@dump-nodes'
12/26/2025 17:14:55	DEBUG	7	0	NodeParam::doCheck(): 'MainNode-main-experiments-node-raw-intensity-gender-node:@dump-nodes-long'
12/26/2025 17:14:55	DEBUG	7	0	NodeParam::doCheck(): 'MainNode-main-experiments-node-raw-intensity-gender-node:@dump-nodes-classes'
12/26/2025 17:14:55	DEBUG	7	0	NodeParam::doCheck(): 'MainNode-main-experiments-node-raw-intensity-gender-node:@dump-data-flow'
12/26/2025 17:14:55	DEBUG	7	0	NodeParam::doCheck(): 'MainNode-main-experiments-node-raw-intensity-gender-node:@dump-param'
12/26/2025 17:14:55	DEBUG	7	0	NodeParam::doCheck(): 'MainNode-main-experiments-node-raw-intensity-gender-node:@dump-param-long'
12/26/2025 17:14:55	DEBUG	7	0	NodeParam::doCheck(): 'MainNode-main-experiments-node-raw-intensity-gender-node:@dump-param-dev'
12/26/2025 17:14:55	DEBUG	7	0	NodeParam::doCheck(): 'MainNode-main-experiments-node-raw-intensity-gender-node:@dump-param-long-dev'
12/26/2025 17:14:55	DEBUG	7	0	NodeParam::doCheck(): 'MainNode-main-experiments-node-raw-intensity-gender-node:@dump-all'
12/26/2025 17:14:55	DEBUG	7	0	NodeParam::doCheck(): 'MainNode-main-experiments-node-raw-intensity-gender-node:@dump-all-long'
12/26/2025 17:14:55	DEBUG	7	0	NodeParam::doCheck(): 'MainNode-main-experiments-node-raw-intensity-gender-node:enable'
12/26/2025 17:14:55	DEBUG	7	0	NodeParam::doCheck(): 'MainNode-main-experiments-node-raw-intensity-gender-node:disable'
12/26/2025 17:14:55	DEBUG	7	0	NodeParam::doCheck(): 'MainNode-main-experiments-node-raw-intensity-gender-node:@serialize'
12/26/2025 17:14:55	DEBUG	7	0	NodeParam::doCheck(): 'MainNode-main-experiments-node-raw-intensity-gender-node:@serialize-pre'
12/26/2025 17:14:55	DEBUG	7	0	NodeParam::doCheck(): 'MainNode-main-experiments-node-raw-intensity-gender-node:@serialize-post'
12/26/2025 17:14:55	DEBUG	7	0	NodeParam::doCheck(): 'MainNode-main-experiments-node-raw-intensity-gender-node:@stop'
12/26/2025 17:14:55	DEBUG	7	0	NodeParam::doCheck(): 'MainNode-main-experiments-node-raw-intensity-gender-node:@stop-after'
12/26/2025 17:14:55	DEBUG	7	0	NodeParam::doCheck(): 'MainNode-main-experiments-node-raw-intensity-gender-node:igender-female-threshold'
12/26/2025 17:14:55	DEBUG	7	0	NodeParam::doCheck(): 'MainNode-main-experiments-node-raw-intensity-gender-node:igender-male-threshold'
12/26/2025 17:14:55	DEBUG	7	0	NodeParam::doCheck(): 'MainNode-main-experiments-node-normal-diploid-iterator-node:@dump-nodes'
12/26/2025 17:14:55	DEBUG	7	0	NodeParam::doCheck(): 'MainNode-main-experiments-node-normal-diploid-iterator-node:@dump-nodes-long'
12/26/2025 17:14:55	DEBUG	7	0	NodeParam::doCheck(): 'MainNode-main-experiments-node-normal-diploid-iterator-node:@dump-nodes-classes'
12/26/2025 17:14:55	DEBUG	7	0	NodeParam::doCheck(): 'MainNode-main-experiments-node-normal-diploid-iterator-node:@dump-data-flow'
12/26/2025 17:14:55	DEBUG	7	0	NodeParam::doCheck(): 'MainNode-main-experiments-node-normal-diploid-iterator-node:@dump-param'
12/26/2025 17:14:55	DEBUG	7	0	NodeParam::doCheck(): 'MainNode-main-experiments-node-normal-diploid-iterator-node:@dump-param-long'
12/26/2025 17:14:55	DEBUG	7	0	NodeParam::doCheck(): 'MainNode-main-experiments-node-normal-diploid-iterator-node:@dump-param-dev'
12/26/2025 17:14:55	DEBUG	7	0	NodeParam::doCheck(): 'MainNode-main-experiments-node-normal-diploid-iterator-node:@dump-param-long-dev'
12/26/2025 17:14:55	DEBUG	7	0	NodeParam::doCheck(): 'MainNode-main-experiments-node-normal-diploid-iterator-node:@dump-all'
12/26/2025 17:14:55	DEBUG	7	0	NodeParam::doCheck(): 'MainNode-main-experiments-node-normal-diploid-iterator-node:@dump-all-long'
12/26/2025 17:14:55	DEBUG	7	0	NodeParam::doCheck(): 'MainNode-main-experiments-node-normal-diploid-iterator-node:enable'
12/26/2025 17:14:55	DEBUG	7	0	NodeParam::doCheck(): 'MainNode-main-experiments-node-normal-diploid-iterator-node:disable'
12/26/2025 17:14:55	DEBUG	7	0	NodeParam::doCheck(): 'MainNode-main-experiments-node-normal-diploid-iterator-node:@serialize'
12/26/2025 17:14:55	DEBUG	7	0	NodeParam::doCheck(): 'MainNode-main-experiments-node-normal-diploid-iterator-node:@serialize-pre'
12/26/2025 17:14:55	DEBUG	7	0	NodeParam::doCheck(): 'MainNode-main-experiments-node-normal-diploid-iterator-node:@serialize-post'
12/26/2025 17:14:55	DEBUG	7	0	NodeParam::doCheck(): 'MainNode-main-experiments-node-normal-diploid-iterator-node:@stop'
12/26/2025 17:14:55	DEBUG	7	0	NodeParam::doCheck(): 'MainNode-main-experiments-node-normal-diploid-iterator-node:@stop-after'
12/26/2025 17:14:55	DEBUG	7	0	NodeParam::doCheck(): 'MainNode-main-experiments-node-normal-diploid-iterator-node-normal-diploid-switch-node:@dump-nodes'
12/26/2025 17:14:55	DEBUG	7	0	NodeParam::doCheck(): 'MainNode-main-experiments-node-normal-diploid-iterator-node-normal-diploid-switch-node:@dump-nodes-long'
12/26/2025 17:14:55	DEBUG	7	0	NodeParam::doCheck(): 'MainNode-main-experiments-node-normal-diploid-iterator-node-normal-diploid-switch-node:@dump-nodes-classes'
12/26/2025 17:14:55	DEBUG	7	0	NodeParam::doCheck(): 'MainNode-main-experiments-node-normal-diploid-iterator-node-normal-diploid-switch-node:@dump-data-flow'
12/26/2025 17:14:55	DEBUG	7	0	NodeParam::doCheck(): 'MainNode-main-experiments-node-normal-diploid-iterator-node-normal-diploid-switch-node:@dump-param'
12/26/2025 17:14:55	DEBUG	7	0	NodeParam::doCheck(): 'MainNode-main-experiments-node-normal-diploid-iterator-node-normal-diploid-switch-node:@dump-param-long'
12/26/2025 17:14:55	DEBUG	7	0	NodeParam::doCheck(): 'MainNode-main-experiments-node-normal-diploid-iterator-node-normal-diploid-switch-node:@dump-param-dev'
12/26/2025 17:14:55	DEBUG	7	0	NodeParam::doCheck(): 'MainNode-main-experiments-node-normal-diploid-iterator-node-normal-diploid-switch-node:@dump-param-long-dev'
12/26/2025 17:14:55	DEBUG	7	0	NodeParam::doCheck(): 'MainNode-main-experiments-node-normal-diploid-iterator-node-normal-diploid-switch-node:@dump-all'
12/26/2025 17:14:55	DEBUG	7	0	NodeParam::doCheck(): 'MainNode-main-experiments-node-normal-diploid-iterator-node-normal-diploid-switch-node:@dump-all-long'
12/26/2025 17:14:55	DEBUG	7	0	NodeParam::doCheck(): 'MainNode-main-experiments-node-normal-diploid-iterator-node-normal-diploid-switch-node:enable'
12/26/2025 17:14:55	DEBUG	7	0	NodeParam::doCheck(): 'MainNode-main-experiments-node-normal-diploid-iterator-node-normal-diploid-switch-node:disable'
12/26/2025 17:14:55	DEBUG	7	0	NodeParam::doCheck(): 'MainNode-main-experiments-node-normal-diploid-iterator-node-normal-diploid-switch-node:@serialize'
12/26/2025 17:14:55	DEBUG	7	0	NodeParam::doCheck(): 'MainNode-main-experiments-node-normal-diploid-iterator-node-normal-diploid-switch-node:@serialize-pre'
12/26/2025 17:14:55	DEBUG	7	0	NodeParam::doCheck(): 'MainNode-main-experiments-node-normal-diploid-iterator-node-normal-diploid-switch-node:@serialize-post'
12/26/2025 17:14:55	DEBUG	7	0	NodeParam::doCheck(): 'MainNode-main-experiments-node-normal-diploid-iterator-node-normal-diploid-switch-node:@stop'
12/26/2025 17:14:55	DEBUG	7	0	NodeParam::doCheck(): 'MainNode-main-experiments-node-normal-diploid-iterator-node-normal-diploid-switch-node:@stop-after'
12/26/2025 17:14:55	DEBUG	7	0	NodeParam::doCheck(): 'MainNode-main-experiments-node-normal-diploid-iterator-node-normal-diploid-switch-node-covariate-intensity-adjuster-node:@dump-nodes'
12/26/2025 17:14:55	DEBUG	7	0	NodeParam::doCheck(): 'MainNode-main-experiments-node-normal-diploid-iterator-node-normal-diploid-switch-node-covariate-intensity-adjuster-node:@dump-nodes-long'
12/26/2025 17:14:55	DEBUG	7	0	NodeParam::doCheck(): 'MainNode-main-experiments-node-normal-diploid-iterator-node-normal-diploid-switch-node-covariate-intensity-adjuster-node:@dump-nodes-classes'
12/26/2025 17:14:55	DEBUG	7	0	NodeParam::doCheck(): 'MainNode-main-experiments-node-normal-diploid-iterator-node-normal-diploid-switch-node-covariate-intensity-adjuster-node:@dump-data-flow'
12/26/2025 17:14:55	DEBUG	7	0	NodeParam::doCheck(): 'MainNode-main-experiments-node-normal-diploid-iterator-node-normal-diploid-switch-node-covariate-intensity-adjuster-node:@dump-param'
12/26/2025 17:14:55	DEBUG	7	0	NodeParam::doCheck(): 'MainNode-main-experiments-node-normal-diploid-iterator-node-normal-diploid-switch-node-covariate-intensity-adjuster-node:@dump-param-long'
12/26/2025 17:14:55	DEBUG	7	0	NodeParam::doCheck(): 'MainNode-main-experiments-node-normal-diploid-iterator-node-normal-diploid-switch-node-covariate-intensity-adjuster-node:@dump-param-dev'
12/26/2025 17:14:55	DEBUG	7	0	NodeParam::doCheck(): 'MainNode-main-experiments-node-normal-diploid-iterator-node-normal-diploid-switch-node-covariate-intensity-adjuster-node:@dump-param-long-dev'
12/26/2025 17:14:55	DEBUG	7	0	NodeParam::doCheck(): 'MainNode-main-experiments-node-normal-diploid-iterator-node-normal-diploid-switch-node-covariate-intensity-adjuster-node:@dump-all'
12/26/2025 17:14:55	DEBUG	7	0	NodeParam::doCheck(): 'MainNode-main-experiments-node-normal-diploid-iterator-node-normal-diploid-switch-node-covariate-intensity-adjuster-node:@dump-all-long'
12/26/2025 17:14:55	DEBUG	7	0	NodeParam::doCheck(): 'MainNode-main-experiments-node-normal-diploid-iterator-node-normal-diploid-switch-node-covariate-intensity-adjuster-node:enable'
12/26/2025 17:14:55	DEBUG	7	0	NodeParam::doCheck(): 'MainNode-main-experiments-node-normal-diploid-iterator-node-normal-diploid-switch-node-covariate-intensity-adjuster-node:disable'
12/26/2025 17:14:55	DEBUG	7	0	NodeParam::doCheck(): 'MainNode-main-experiments-node-normal-diploid-iterator-node-normal-diploid-switch-node-covariate-intensity-adjuster-node:@serialize'
12/26/2025 17:14:55	DEBUG	7	0	NodeParam::doCheck(): 'MainNode-main-experiments-node-normal-diploid-iterator-node-normal-diploid-switch-node-covariate-intensity-adjuster-node:@serialize-pre'
12/26/2025 17:14:55	DEBUG	7	0	NodeParam::doCheck(): 'MainNode-main-experiments-node-normal-diploid-iterator-node-normal-diploid-switch-node-covariate-intensity-adjuster-node:@serialize-post'
12/26/2025 17:14:55	DEBUG	7	0	NodeParam::doCheck(): 'MainNode-main-experiments-node-normal-diploid-iterator-node-normal-diploid-switch-node-covariate-intensity-adjuster-node:@stop'
12/26/2025 17:14:55	DEBUG	7	0	NodeParam::doCheck(): 'MainNode-main-experiments-node-normal-diploid-iterator-node-normal-diploid-switch-node-covariate-intensity-adjuster-node:@stop-after'
12/26/2025 17:14:55	DEBUG	7	0	NodeParam::doCheck(): 'MainNode-main-experiments-node-normal-diploid-iterator-node-normal-diploid-switch-node-covariate-intensity-adjuster-node:nddicov-min-nd-probe-count-per-bin'
12/26/2025 17:14:55	DEBUG	7	0	NodeParam::doCheck(): 'MainNode-main-experiments-node-normal-diploid-iterator-node-normal-diploid-switch-node-covariate-intensity-adjuster-node:nddicov-use-nd-signal-markers'
12/26/2025 17:14:55	DEBUG	7	0	NodeParam::doCheck(): 'MainNode-main-experiments-node-normal-diploid-iterator-node-normal-diploid-switch-node-normalization-node:@dump-nodes'
12/26/2025 17:14:55	DEBUG	7	0	NodeParam::doCheck(): 'MainNode-main-experiments-node-normal-diploid-iterator-node-normal-diploid-switch-node-normalization-node:@dump-nodes-long'
12/26/2025 17:14:55	DEBUG	7	0	NodeParam::doCheck(): 'MainNode-main-experiments-node-normal-diploid-iterator-node-normal-diploid-switch-node-normalization-node:@dump-nodes-classes'
12/26/2025 17:14:55	DEBUG	7	0	NodeParam::doCheck(): 'MainNode-main-experiments-node-normal-diploid-iterator-node-normal-diploid-switch-node-normalization-node:@dump-data-flow'
12/26/2025 17:14:55	DEBUG	7	0	NodeParam::doCheck(): 'MainNode-main-experiments-node-normal-diploid-iterator-node-normal-diploid-switch-node-normalization-node:@dump-param'
12/26/2025 17:14:55	DEBUG	7	0	NodeParam::doCheck(): 'MainNode-main-experiments-node-normal-diploid-iterator-node-normal-diploid-switch-node-normalization-node:@dump-param-long'
12/26/2025 17:14:55	DEBUG	7	0	NodeParam::doCheck(): 'MainNode-main-experiments-node-normal-diploid-iterator-node-normal-diploid-switch-node-normalization-node:@dump-param-dev'
12/26/2025 17:14:55	DEBUG	7	0	NodeParam::doCheck(): 'MainNode-main-experiments-node-normal-diploid-iterator-node-normal-diploid-switch-node-normalization-node:@dump-param-long-dev'
12/26/2025 17:14:55	DEBUG	7	0	NodeParam::doCheck(): 'MainNode-main-experiments-node-normal-diploid-iterator-node-normal-diploid-switch-node-normalization-node:@dump-all'
12/26/2025 17:14:55	DEBUG	7	0	NodeParam::doCheck(): 'MainNode-main-experiments-node-normal-diploid-iterator-node-normal-diploid-switch-node-normalization-node:@dump-all-long'
12/26/2025 17:14:55	DEBUG	7	0	NodeParam::doCheck(): 'MainNode-main-experiments-node-normal-diploid-iterator-node-normal-diploid-switch-node-normalization-node:enable'
12/26/2025 17:14:55	DEBUG	7	0	NodeParam::doCheck(): 'MainNode-main-experiments-node-normal-diploid-iterator-node-normal-diploid-switch-node-normalization-node:disable'
12/26/2025 17:14:55	DEBUG	7	0	NodeParam::doCheck(): 'MainNode-main-experiments-node-normal-diploid-iterator-node-normal-diploid-switch-node-normalization-node:@serialize'
12/26/2025 17:14:55	DEBUG	7	0	NodeParam::doCheck(): 'MainNode-main-experiments-node-normal-diploid-iterator-node-normal-diploid-switch-node-normalization-node:@serialize-pre'
12/26/2025 17:14:55	DEBUG	7	0	NodeParam::doCheck(): 'MainNode-main-experiments-node-normal-diploid-iterator-node-normal-diploid-switch-node-normalization-node:@serialize-post'
12/26/2025 17:14:55	DEBUG	7	0	NodeParam::doCheck(): 'MainNode-main-experiments-node-normal-diploid-iterator-node-normal-diploid-switch-node-normalization-node:@stop'
12/26/2025 17:14:55	DEBUG	7	0	NodeParam::doCheck(): 'MainNode-main-experiments-node-normal-diploid-iterator-node-normal-diploid-switch-node-normalization-node:@stop-after'
12/26/2025 17:14:55	DEBUG	7	0	NodeParam::doCheck(): 'MainNode-main-experiments-node-normal-diploid-iterator-node-normal-diploid-switch-node-normalization-node:dual-channel-normalization'
12/26/2025 17:14:55	DEBUG	7	0	NodeParam::doCheck(): 'MainNode-main-experiments-node-normal-diploid-iterator-node-normal-diploid-switch-node-summarization-node:@dump-nodes'
12/26/2025 17:14:55	DEBUG	7	0	NodeParam::doCheck(): 'MainNode-main-experiments-node-normal-diploid-iterator-node-normal-diploid-switch-node-summarization-node:@dump-nodes-long'
12/26/2025 17:14:55	DEBUG	7	0	NodeParam::doCheck(): 'MainNode-main-experiments-node-normal-diploid-iterator-node-normal-diploid-switch-node-summarization-node:@dump-nodes-classes'
12/26/2025 17:14:55	DEBUG	7	0	NodeParam::doCheck(): 'MainNode-main-experiments-node-normal-diploid-iterator-node-normal-diploid-switch-node-summarization-node:@dump-data-flow'
12/26/2025 17:14:55	DEBUG	7	0	NodeParam::doCheck(): 'MainNode-main-experiments-node-normal-diploid-iterator-node-normal-diploid-switch-node-summarization-node:@dump-param'
12/26/2025 17:14:55	DEBUG	7	0	NodeParam::doCheck(): 'MainNode-main-experiments-node-normal-diploid-iterator-node-normal-diploid-switch-node-summarization-node:@dump-param-long'
12/26/2025 17:14:55	DEBUG	7	0	NodeParam::doCheck(): 'MainNode-main-experiments-node-normal-diploid-iterator-node-normal-diploid-switch-node-summarization-node:@dump-param-dev'
12/26/2025 17:14:55	DEBUG	7	0	NodeParam::doCheck(): 'MainNode-main-experiments-node-normal-diploid-iterator-node-normal-diploid-switch-node-summarization-node:@dump-param-long-dev'
12/26/2025 17:14:55	DEBUG	7	0	NodeParam::doCheck(): 'MainNode-main-experiments-node-normal-diploid-iterator-node-normal-diploid-switch-node-summarization-node:@dump-all'
12/26/2025 17:14:55	DEBUG	7	0	NodeParam::doCheck(): 'MainNode-main-experiments-node-normal-diploid-iterator-node-normal-diploid-switch-node-summarization-node:@dump-all-long'
12/26/2025 17:14:55	DEBUG	7	0	NodeParam::doCheck(): 'MainNode-main-experiments-node-normal-diploid-iterator-node-normal-diploid-switch-node-summarization-node:enable'
12/26/2025 17:14:55	DEBUG	7	0	NodeParam::doCheck(): 'MainNode-main-experiments-node-normal-diploid-iterator-node-normal-diploid-switch-node-summarization-node:disable'
12/26/2025 17:14:55	DEBUG	7	0	NodeParam::doCheck(): 'MainNode-main-experiments-node-normal-diploid-iterator-node-normal-diploid-switch-node-summarization-node:@serialize'
12/26/2025 17:14:55	DEBUG	7	0	NodeParam::doCheck(): 'MainNode-main-experiments-node-normal-diploid-iterator-node-normal-diploid-switch-node-summarization-node:@serialize-pre'
12/26/2025 17:14:55	DEBUG	7	0	NodeParam::doCheck(): 'MainNode-main-experiments-node-normal-diploid-iterator-node-normal-diploid-switch-node-summarization-node:@serialize-post'
12/26/2025 17:14:55	DEBUG	7	0	NodeParam::doCheck(): 'MainNode-main-experiments-node-normal-diploid-iterator-node-normal-diploid-switch-node-summarization-node:@stop'
12/26/2025 17:14:55	DEBUG	7	0	NodeParam::doCheck(): 'MainNode-main-experiments-node-normal-diploid-iterator-node-normal-diploid-switch-node-summarization-node:@stop-after'
12/26/2025 17:14:55	DEBUG	7	0	NodeParam::doCheck(): 'MainNode-main-experiments-node-normal-diploid-iterator-node-normal-diploid-switch-node-allelic-difference-node:@dump-nodes'
12/26/2025 17:14:55	DEBUG	7	0	NodeParam::doCheck(): 'MainNode-main-experiments-node-normal-diploid-iterator-node-normal-diploid-switch-node-allelic-difference-node:@dump-nodes-long'
12/26/2025 17:14:55	DEBUG	7	0	NodeParam::doCheck(): 'MainNode-main-experiments-node-normal-diploid-iterator-node-normal-diploid-switch-node-allelic-difference-node:@dump-nodes-classes'
12/26/2025 17:14:55	DEBUG	7	0	NodeParam::doCheck(): 'MainNode-main-experiments-node-normal-diploid-iterator-node-normal-diploid-switch-node-allelic-difference-node:@dump-data-flow'
12/26/2025 17:14:55	DEBUG	7	0	NodeParam::doCheck(): 'MainNode-main-experiments-node-normal-diploid-iterator-node-normal-diploid-switch-node-allelic-difference-node:@dump-param'
12/26/2025 17:14:55	DEBUG	7	0	NodeParam::doCheck(): 'MainNode-main-experiments-node-normal-diploid-iterator-node-normal-diploid-switch-node-allelic-difference-node:@dump-param-long'
12/26/2025 17:14:55	DEBUG	7	0	NodeParam::doCheck(): 'MainNode-main-experiments-node-normal-diploid-iterator-node-normal-diploid-switch-node-allelic-difference-node:@dump-param-dev'
12/26/2025 17:14:55	DEBUG	7	0	NodeParam::doCheck(): 'MainNode-main-experiments-node-normal-diploid-iterator-node-normal-diploid-switch-node-allelic-difference-node:@dump-param-long-dev'
12/26/2025 17:14:55	DEBUG	7	0	NodeParam::doCheck(): 'MainNode-main-experiments-node-normal-diploid-iterator-node-normal-diploid-switch-node-allelic-difference-node:@dump-all'
12/26/2025 17:14:55	DEBUG	7	0	NodeParam::doCheck(): 'MainNode-main-experiments-node-normal-diploid-iterator-node-normal-diploid-switch-node-allelic-difference-node:@dump-all-long'
12/26/2025 17:14:55	DEBUG	7	0	NodeParam::doCheck(): 'MainNode-main-experiments-node-normal-diploid-iterator-node-normal-diploid-switch-node-allelic-difference-node:enable'
12/26/2025 17:14:55	DEBUG	7	0	NodeParam::doCheck(): 'MainNode-main-experiments-node-normal-diploid-iterator-node-normal-diploid-switch-node-allelic-difference-node:disable'
12/26/2025 17:14:55	DEBUG	7	0	NodeParam::doCheck(): 'MainNode-main-experiments-node-normal-diploid-iterator-node-normal-diploid-switch-node-allelic-difference-node:@serialize'
12/26/2025 17:14:55	DEBUG	7	0	NodeParam::doCheck(): 'MainNode-main-experiments-node-normal-diploid-iterator-node-normal-diploid-switch-node-allelic-difference-node:@serialize-pre'
12/26/2025 17:14:55	DEBUG	7	0	NodeParam::doCheck(): 'MainNode-main-experiments-node-normal-diploid-iterator-node-normal-diploid-switch-node-allelic-difference-node:@serialize-post'
12/26/2025 17:14:55	DEBUG	7	0	NodeParam::doCheck(): 'MainNode-main-experiments-node-normal-diploid-iterator-node-normal-diploid-switch-node-allelic-difference-node:@stop'
12/26/2025 17:14:55	DEBUG	7	0	NodeParam::doCheck(): 'MainNode-main-experiments-node-normal-diploid-iterator-node-normal-diploid-switch-node-allelic-difference-node:@stop-after'
12/26/2025 17:14:55	DEBUG	7	0	NodeParam::doCheck(): 'MainNode-main-experiments-node-normal-diploid-iterator-node-normal-diploid-switch-node-allelic-difference-node:ad-outlier-trim'
12/26/2025 17:14:55	DEBUG	7	0	NodeParam::doCheck(): 'MainNode-main-experiments-node-normal-diploid-iterator-node-normal-diploid-switch-node-log2-ratio-node:@dump-nodes'
12/26/2025 17:14:55	DEBUG	7	0	NodeParam::doCheck(): 'MainNode-main-experiments-node-normal-diploid-iterator-node-normal-diploid-switch-node-log2-ratio-node:@dump-nodes-long'
12/26/2025 17:14:55	DEBUG	7	0	NodeParam::doCheck(): 'MainNode-main-experiments-node-normal-diploid-iterator-node-normal-diploid-switch-node-log2-ratio-node:@dump-nodes-classes'
12/26/2025 17:14:55	DEBUG	7	0	NodeParam::doCheck(): 'MainNode-main-experiments-node-normal-diploid-iterator-node-normal-diploid-switch-node-log2-ratio-node:@dump-data-flow'
12/26/2025 17:14:55	DEBUG	7	0	NodeParam::doCheck(): 'MainNode-main-experiments-node-normal-diploid-iterator-node-normal-diploid-switch-node-log2-ratio-node:@dump-param'
12/26/2025 17:14:55	DEBUG	7	0	NodeParam::doCheck(): 'MainNode-main-experiments-node-normal-diploid-iterator-node-normal-diploid-switch-node-log2-ratio-node:@dump-param-long'
12/26/2025 17:14:55	DEBUG	7	0	NodeParam::doCheck(): 'MainNode-main-experiments-node-normal-diploid-iterator-node-normal-diploid-switch-node-log2-ratio-node:@dump-param-dev'
12/26/2025 17:14:55	DEBUG	7	0	NodeParam::doCheck(): 'MainNode-main-experiments-node-normal-diploid-iterator-node-normal-diploid-switch-node-log2-ratio-node:@dump-param-long-dev'
12/26/2025 17:14:55	DEBUG	7	0	NodeParam::doCheck(): 'MainNode-main-experiments-node-normal-diploid-iterator-node-normal-diploid-switch-node-log2-ratio-node:@dump-all'
12/26/2025 17:14:55	DEBUG	7	0	NodeParam::doCheck(): 'MainNode-main-experiments-node-normal-diploid-iterator-node-normal-diploid-switch-node-log2-ratio-node:@dump-all-long'
12/26/2025 17:14:55	DEBUG	7	0	NodeParam::doCheck(): 'MainNode-main-experiments-node-normal-diploid-iterator-node-normal-diploid-switch-node-log2-ratio-node:enable'
12/26/2025 17:14:55	DEBUG	7	0	NodeParam::doCheck(): 'MainNode-main-experiments-node-normal-diploid-iterator-node-normal-diploid-switch-node-log2-ratio-node:disable'
12/26/2025 17:14:55	DEBUG	7	0	NodeParam::doCheck(): 'MainNode-main-experiments-node-normal-diploid-iterator-node-normal-diploid-switch-node-log2-ratio-node:@serialize'
12/26/2025 17:14:55	DEBUG	7	0	NodeParam::doCheck(): 'MainNode-main-experiments-node-normal-diploid-iterator-node-normal-diploid-switch-node-log2-ratio-node:@serialize-pre'
12/26/2025 17:14:55	DEBUG	7	0	NodeParam::doCheck(): 'MainNode-main-experiments-node-normal-diploid-iterator-node-normal-diploid-switch-node-log2-ratio-node:@serialize-post'
12/26/2025 17:14:55	DEBUG	7	0	NodeParam::doCheck(): 'MainNode-main-experiments-node-normal-diploid-iterator-node-normal-diploid-switch-node-log2-ratio-node:@stop'
12/26/2025 17:14:55	DEBUG	7	0	NodeParam::doCheck(): 'MainNode-main-experiments-node-normal-diploid-iterator-node-normal-diploid-switch-node-log2-ratio-node:@stop-after'
12/26/2025 17:14:55	DEBUG	7	0	NodeParam::doCheck(): 'MainNode-main-experiments-node-normal-diploid-iterator-node-normal-diploid-detection-node:@dump-nodes'
12/26/2025 17:14:55	DEBUG	7	0	NodeParam::doCheck(): 'MainNode-main-experiments-node-normal-diploid-iterator-node-normal-diploid-detection-node:@dump-nodes-long'
12/26/2025 17:14:55	DEBUG	7	0	NodeParam::doCheck(): 'MainNode-main-experiments-node-normal-diploid-iterator-node-normal-diploid-detection-node:@dump-nodes-classes'
12/26/2025 17:14:55	DEBUG	7	0	NodeParam::doCheck(): 'MainNode-main-experiments-node-normal-diploid-iterator-node-normal-diploid-detection-node:@dump-data-flow'
12/26/2025 17:14:55	DEBUG	7	0	NodeParam::doCheck(): 'MainNode-main-experiments-node-normal-diploid-iterator-node-normal-diploid-detection-node:@dump-param'
12/26/2025 17:14:55	DEBUG	7	0	NodeParam::doCheck(): 'MainNode-main-experiments-node-normal-diploid-iterator-node-normal-diploid-detection-node:@dump-param-long'
12/26/2025 17:14:55	DEBUG	7	0	NodeParam::doCheck(): 'MainNode-main-experiments-node-normal-diploid-iterator-node-normal-diploid-detection-node:@dump-param-dev'
12/26/2025 17:14:55	DEBUG	7	0	NodeParam::doCheck(): 'MainNode-main-experiments-node-normal-diploid-iterator-node-normal-diploid-detection-node:@dump-param-long-dev'
12/26/2025 17:14:55	DEBUG	7	0	NodeParam::doCheck(): 'MainNode-main-experiments-node-normal-diploid-iterator-node-normal-diploid-detection-node:@dump-all'
12/26/2025 17:14:55	DEBUG	7	0	NodeParam::doCheck(): 'MainNode-main-experiments-node-normal-diploid-iterator-node-normal-diploid-detection-node:@dump-all-long'
12/26/2025 17:14:55	DEBUG	7	0	NodeParam::doCheck(): 'MainNode-main-experiments-node-normal-diploid-iterator-node-normal-diploid-detection-node:enable'
12/26/2025 17:14:55	DEBUG	7	0	NodeParam::doCheck(): 'MainNode-main-experiments-node-normal-diploid-iterator-node-normal-diploid-detection-node:disable'
12/26/2025 17:14:55	DEBUG	7	0	NodeParam::doCheck(): 'MainNode-main-experiments-node-normal-diploid-iterator-node-normal-diploid-detection-node:@serialize'
12/26/2025 17:14:55	DEBUG	7	0	NodeParam::doCheck(): 'MainNode-main-experiments-node-normal-diploid-iterator-node-normal-diploid-detection-node:@serialize-pre'
12/26/2025 17:14:55	DEBUG	7	0	NodeParam::doCheck(): 'MainNode-main-experiments-node-normal-diploid-iterator-node-normal-diploid-detection-node:@serialize-post'
12/26/2025 17:14:55	DEBUG	7	0	NodeParam::doCheck(): 'MainNode-main-experiments-node-normal-diploid-iterator-node-normal-diploid-detection-node:@stop'
12/26/2025 17:14:55	DEBUG	7	0	NodeParam::doCheck(): 'MainNode-main-experiments-node-normal-diploid-iterator-node-normal-diploid-detection-node:@stop-after'
12/26/2025 17:14:55	DEBUG	7	0	NodeParam::doCheck(): 'MainNode-main-experiments-node-normal-diploid-iterator-node-normal-diploid-detection-node:ndd-weights-type'
12/26/2025 17:14:55	DEBUG	7	0	NodeParam::doCheck(): 'MainNode-main-experiments-node-normal-diploid-iterator-node-normal-diploid-detection-node:ndd-point-count'
12/26/2025 17:14:55	DEBUG	7	0	NodeParam::doCheck(): 'MainNode-main-experiments-node-normal-diploid-iterator-node-normal-diploid-detection-node:ndd-bandwidth'
12/26/2025 17:14:55	DEBUG	7	0	NodeParam::doCheck(): 'MainNode-main-experiments-node-normal-diploid-iterator-node-normal-diploid-detection-node:ndd-cutoff'
12/26/2025 17:14:55	DEBUG	7	0	NodeParam::doCheck(): 'MainNode-main-experiments-node-normal-diploid-iterator-node-normal-diploid-detection-node:ndd-step'
12/26/2025 17:14:55	DEBUG	7	0	NodeParam::doCheck(): 'MainNode-main-experiments-node-normal-diploid-iterator-node-normal-diploid-detection-node:ndd-window'
12/26/2025 17:14:55	DEBUG	7	0	NodeParam::doCheck(): 'MainNode-main-experiments-node-normal-diploid-iterator-node-normal-diploid-detection-node:ndd-min-markers'
12/26/2025 17:14:55	DEBUG	7	0	NodeParam::doCheck(): 'MainNode-main-experiments-node-normal-diploid-iterator-node-normal-diploid-detection-node:ndd-log2-threshold'
12/26/2025 17:14:55	DEBUG	7	0	NodeParam::doCheck(): 'MainNode-main-experiments-node-normal-diploid-iterator-node-normal-diploid-detection-node:ndd-th1'
12/26/2025 17:14:55	DEBUG	7	0	NodeParam::doCheck(): 'MainNode-main-experiments-node-normal-diploid-iterator-node-normal-diploid-detection-node:ndd-th2'
12/26/2025 17:14:55	DEBUG	7	0	NodeParam::doCheck(): 'MainNode-main-experiments-node-normal-diploid-iterator-node-normal-diploid-detection-node:ndd-th3'
12/26/2025 17:14:55	DEBUG	7	0	NodeParam::doCheck(): 'MainNode-main-experiments-node-normal-diploid-iterator-node-normal-diploid-detection-node:ndd-th4'
12/26/2025 17:14:55	DEBUG	7	0	NodeParam::doCheck(): 'MainNode-main-experiments-node-normal-diploid-iterator-node-normal-diploid-detection-node:ndd-min-percent-nd'
12/26/2025 17:14:55	DEBUG	7	0	NodeParam::doCheck(): 'MainNode-main-experiments-node-normal-diploid-iterator-node-normal-diploid-detection-node:ndd-min-number-nd'
12/26/2025 17:14:55	DEBUG	7	0	NodeParam::doCheck(): 'MainNode-main-experiments-node-normal-diploid-iterator-node-normal-diploid-detection-node:ndd-med-l2r-low-percentile-ND'
12/26/2025 17:14:55	DEBUG	7	0	NodeParam::doCheck(): 'MainNode-main-experiments-node-normal-diploid-iterator-node-normal-diploid-detection-node:ndd-med-l2r-threshold-ND'
12/26/2025 17:14:55	DEBUG	7	0	NodeParam::doCheck(): 'MainNode-main-experiments-node-normal-diploid-iterator-node-normal-diploid-detection-node:ndd-iqr-factor-coarse'
12/26/2025 17:14:55	DEBUG	7	0	NodeParam::doCheck(): 'MainNode-main-experiments-node-normal-diploid-iterator-node-normal-diploid-detection-node:ndd-iqr-factor-fine'
12/26/2025 17:14:55	dset	3	0	Dset::File::open('/Library/Frameworks/R.framework/Versions/4.1/Resources/library/OncoScan.na33.r4/apt/res//OncoScan.FFPE.na33.r1.REF_MODEL',2,5)
12/26/2025 17:14:55	DEBUG	7	0	NodeParam::doCheck(): 'MainNode-main-experiments-node-signal-gender-node:@dump-nodes'
12/26/2025 17:14:55	DEBUG	7	0	NodeParam::doCheck(): 'MainNode-main-experiments-node-signal-gender-node:@dump-nodes-long'
12/26/2025 17:14:55	DEBUG	7	0	NodeParam::doCheck(): 'MainNode-main-experiments-node-signal-gender-node:@dump-nodes-classes'
12/26/2025 17:14:55	DEBUG	7	0	NodeParam::doCheck(): 'MainNode-main-experiments-node-signal-gender-node:@dump-data-flow'
12/26/2025 17:14:55	DEBUG	7	0	NodeParam::doCheck(): 'MainNode-main-experiments-node-signal-gender-node:@dump-param'
12/26/2025 17:14:55	DEBUG	7	0	NodeParam::doCheck(): 'MainNode-main-experiments-node-signal-gender-node:@dump-param-long'
12/26/2025 17:14:55	DEBUG	7	0	NodeParam::doCheck(): 'MainNode-main-experiments-node-signal-gender-node:@dump-param-dev'
12/26/2025 17:14:55	DEBUG	7	0	NodeParam::doCheck(): 'MainNode-main-experiments-node-signal-gender-node:@dump-param-long-dev'
12/26/2025 17:14:55	DEBUG	7	0	NodeParam::doCheck(): 'MainNode-main-experiments-node-signal-gender-node:@dump-all'
12/26/2025 17:14:55	DEBUG	7	0	NodeParam::doCheck(): 'MainNode-main-experiments-node-signal-gender-node:@dump-all-long'
12/26/2025 17:14:55	DEBUG	7	0	NodeParam::doCheck(): 'MainNode-main-experiments-node-signal-gender-node:enable'
12/26/2025 17:14:55	DEBUG	7	0	NodeParam::doCheck(): 'MainNode-main-experiments-node-signal-gender-node:disable'
12/26/2025 17:14:55	DEBUG	7	0	NodeParam::doCheck(): 'MainNode-main-experiments-node-signal-gender-node:@serialize'
12/26/2025 17:14:55	DEBUG	7	0	NodeParam::doCheck(): 'MainNode-main-experiments-node-signal-gender-node:@serialize-pre'
12/26/2025 17:14:55	DEBUG	7	0	NodeParam::doCheck(): 'MainNode-main-experiments-node-signal-gender-node:@serialize-post'
12/26/2025 17:14:55	DEBUG	7	0	NodeParam::doCheck(): 'MainNode-main-experiments-node-signal-gender-node:@stop'
12/26/2025 17:14:55	DEBUG	7	0	NodeParam::doCheck(): 'MainNode-main-experiments-node-signal-gender-node:@stop-after'
12/26/2025 17:14:55	DEBUG	7	0	NodeParam::doCheck(): 'MainNode-main-experiments-node-signal-gender-node:sig-gender-reference-chromosome'
12/26/2025 17:14:55	DEBUG	7	0	NodeParam::doCheck(): 'MainNode-main-experiments-node-signal-gender-node:sig-gender-xx-cutoff'
12/26/2025 17:14:55	DEBUG	7	0	NodeParam::doCheck(): 'MainNode-main-experiments-node-signal-gender-node:sig-gender-xx-cutoff-high'
12/26/2025 17:14:55	DEBUG	7	0	NodeParam::doCheck(): 'MainNode-main-experiments-node-signal-gender-node:sig-gender-y-cutoff'
12/26/2025 17:14:55	DEBUG	7	0	NodeParam::doCheck(): 'MainNode-main-experiments-node-log2-ratio-adjuster-image-node:@dump-nodes'
12/26/2025 17:14:55	DEBUG	7	0	NodeParam::doCheck(): 'MainNode-main-experiments-node-log2-ratio-adjuster-image-node:@dump-nodes-long'
12/26/2025 17:14:55	DEBUG	7	0	NodeParam::doCheck(): 'MainNode-main-experiments-node-log2-ratio-adjuster-image-node:@dump-nodes-classes'
12/26/2025 17:14:55	DEBUG	7	0	NodeParam::doCheck(): 'MainNode-main-experiments-node-log2-ratio-adjuster-image-node:@dump-data-flow'
12/26/2025 17:14:55	DEBUG	7	0	NodeParam::doCheck(): 'MainNode-main-experiments-node-log2-ratio-adjuster-image-node:@dump-param'
12/26/2025 17:14:55	DEBUG	7	0	NodeParam::doCheck(): 'MainNode-main-experiments-node-log2-ratio-adjuster-image-node:@dump-param-long'
12/26/2025 17:14:55	DEBUG	7	0	NodeParam::doCheck(): 'MainNode-main-experiments-node-log2-ratio-adjuster-image-node:@dump-param-dev'
12/26/2025 17:14:55	DEBUG	7	0	NodeParam::doCheck(): 'MainNode-main-experiments-node-log2-ratio-adjuster-image-node:@dump-param-long-dev'
12/26/2025 17:14:55	DEBUG	7	0	NodeParam::doCheck(): 'MainNode-main-experiments-node-log2-ratio-adjuster-image-node:@dump-all'
12/26/2025 17:14:55	DEBUG	7	0	NodeParam::doCheck(): 'MainNode-main-experiments-node-log2-ratio-adjuster-image-node:@dump-all-long'
12/26/2025 17:14:55	DEBUG	7	0	NodeParam::doCheck(): 'MainNode-main-experiments-node-log2-ratio-adjuster-image-node:enable'
12/26/2025 17:14:55	DEBUG	7	0	NodeParam::doCheck(): 'MainNode-main-experiments-node-log2-ratio-adjuster-image-node:disable'
12/26/2025 17:14:55	DEBUG	7	0	NodeParam::doCheck(): 'MainNode-main-experiments-node-log2-ratio-adjuster-image-node:@serialize'
12/26/2025 17:14:55	DEBUG	7	0	NodeParam::doCheck(): 'MainNode-main-experiments-node-log2-ratio-adjuster-image-node:@serialize-pre'
12/26/2025 17:14:55	DEBUG	7	0	NodeParam::doCheck(): 'MainNode-main-experiments-node-log2-ratio-adjuster-image-node:@serialize-post'
12/26/2025 17:14:55	DEBUG	7	0	NodeParam::doCheck(): 'MainNode-main-experiments-node-log2-ratio-adjuster-image-node:@stop'
12/26/2025 17:14:55	DEBUG	7	0	NodeParam::doCheck(): 'MainNode-main-experiments-node-log2-ratio-adjuster-image-node:@stop-after'
12/26/2025 17:14:55	DEBUG	7	0	NodeParam::doCheck(): 'MainNode-main-experiments-node-log2-ratio-adjuster-image-node:hpf-mini-block-rows'
12/26/2025 17:14:55	DEBUG	7	0	NodeParam::doCheck(): 'MainNode-main-experiments-node-log2-ratio-adjuster-image-node:hpf-mini-block-cols'
12/26/2025 17:14:55	DEBUG	7	0	NodeParam::doCheck(): 'MainNode-main-experiments-node-log2-ratio-adjuster-image-node:hpf-global-smooth-weight'
12/26/2025 17:14:55	DEBUG	7	0	NodeParam::doCheck(): 'MainNode-main-experiments-node-log2-ratio-adjuster-image-node:hpf-local-smooth-weight'
12/26/2025 17:14:55	DEBUG	7	0	NodeParam::doCheck(): 'MainNode-main-experiments-node-log2-ratio-adjuster-image-node:hpf-converged'
12/26/2025 17:14:55	DEBUG	7	0	NodeParam::doCheck(): 'MainNode-main-experiments-node-log2-ratio-adjuster-covariate-node:@dump-nodes'
12/26/2025 17:14:55	DEBUG	7	0	NodeParam::doCheck(): 'MainNode-main-experiments-node-log2-ratio-adjuster-covariate-node:@dump-nodes-long'
12/26/2025 17:14:55	DEBUG	7	0	NodeParam::doCheck(): 'MainNode-main-experiments-node-log2-ratio-adjuster-covariate-node:@dump-nodes-classes'
12/26/2025 17:14:55	DEBUG	7	0	NodeParam::doCheck(): 'MainNode-main-experiments-node-log2-ratio-adjuster-covariate-node:@dump-data-flow'
12/26/2025 17:14:55	DEBUG	7	0	NodeParam::doCheck(): 'MainNode-main-experiments-node-log2-ratio-adjuster-covariate-node:@dump-param'
12/26/2025 17:14:55	DEBUG	7	0	NodeParam::doCheck(): 'MainNode-main-experiments-node-log2-ratio-adjuster-covariate-node:@dump-param-long'
12/26/2025 17:14:55	DEBUG	7	0	NodeParam::doCheck(): 'MainNode-main-experiments-node-log2-ratio-adjuster-covariate-node:@dump-param-dev'
12/26/2025 17:14:55	DEBUG	7	0	NodeParam::doCheck(): 'MainNode-main-experiments-node-log2-ratio-adjuster-covariate-node:@dump-param-long-dev'
12/26/2025 17:14:55	DEBUG	7	0	NodeParam::doCheck(): 'MainNode-main-experiments-node-log2-ratio-adjuster-covariate-node:@dump-all'
12/26/2025 17:14:55	DEBUG	7	0	NodeParam::doCheck(): 'MainNode-main-experiments-node-log2-ratio-adjuster-covariate-node:@dump-all-long'
12/26/2025 17:14:55	DEBUG	7	0	NodeParam::doCheck(): 'MainNode-main-experiments-node-log2-ratio-adjuster-covariate-node:enable'
12/26/2025 17:14:55	DEBUG	7	0	NodeParam::doCheck(): 'MainNode-main-experiments-node-log2-ratio-adjuster-covariate-node:disable'
12/26/2025 17:14:55	DEBUG	7	0	NodeParam::doCheck(): 'MainNode-main-experiments-node-log2-ratio-adjuster-covariate-node:@serialize'
12/26/2025 17:14:55	DEBUG	7	0	NodeParam::doCheck(): 'MainNode-main-experiments-node-log2-ratio-adjuster-covariate-node:@serialize-pre'
12/26/2025 17:14:55	DEBUG	7	0	NodeParam::doCheck(): 'MainNode-main-experiments-node-log2-ratio-adjuster-covariate-node:@serialize-post'
12/26/2025 17:14:55	DEBUG	7	0	NodeParam::doCheck(): 'MainNode-main-experiments-node-log2-ratio-adjuster-covariate-node:@stop'
12/26/2025 17:14:55	DEBUG	7	0	NodeParam::doCheck(): 'MainNode-main-experiments-node-log2-ratio-adjuster-covariate-node:@stop-after'
12/26/2025 17:14:55	DEBUG	7	0	NodeParam::doCheck(): 'MainNode-main-experiments-node-log2-ratio-adjuster-covariate-node:nddlrcov-min-nd-marker-count-per-bin'
12/26/2025 17:14:55	DEBUG	7	0	NodeParam::doCheck(): 'MainNode-main-experiments-node-log2-ratio-adjuster-covariate-node:nddlrcov-use-nd-lr-markers'
12/26/2025 17:14:55	DEBUG	7	0	NodeParam::doCheck(): 'MainNode-main-experiments-node-log2-ratio-adjuster-wave-node:@dump-nodes'
12/26/2025 17:14:55	DEBUG	7	0	NodeParam::doCheck(): 'MainNode-main-experiments-node-log2-ratio-adjuster-wave-node:@dump-nodes-long'
12/26/2025 17:14:55	DEBUG	7	0	NodeParam::doCheck(): 'MainNode-main-experiments-node-log2-ratio-adjuster-wave-node:@dump-nodes-classes'
12/26/2025 17:14:55	DEBUG	7	0	NodeParam::doCheck(): 'MainNode-main-experiments-node-log2-ratio-adjuster-wave-node:@dump-data-flow'
12/26/2025 17:14:55	DEBUG	7	0	NodeParam::doCheck(): 'MainNode-main-experiments-node-log2-ratio-adjuster-wave-node:@dump-param'
12/26/2025 17:14:55	DEBUG	7	0	NodeParam::doCheck(): 'MainNode-main-experiments-node-log2-ratio-adjuster-wave-node:@dump-param-long'
12/26/2025 17:14:55	DEBUG	7	0	NodeParam::doCheck(): 'MainNode-main-experiments-node-log2-ratio-adjuster-wave-node:@dump-param-dev'
12/26/2025 17:14:55	DEBUG	7	0	NodeParam::doCheck(): 'MainNode-main-experiments-node-log2-ratio-adjuster-wave-node:@dump-param-long-dev'
12/26/2025 17:14:55	DEBUG	7	0	NodeParam::doCheck(): 'MainNode-main-experiments-node-log2-ratio-adjuster-wave-node:@dump-all'
12/26/2025 17:14:55	DEBUG	7	0	NodeParam::doCheck(): 'MainNode-main-experiments-node-log2-ratio-adjuster-wave-node:@dump-all-long'
12/26/2025 17:14:55	DEBUG	7	0	NodeParam::doCheck(): 'MainNode-main-experiments-node-log2-ratio-adjuster-wave-node:enable'
12/26/2025 17:14:55	DEBUG	7	0	NodeParam::doCheck(): 'MainNode-main-experiments-node-log2-ratio-adjuster-wave-node:disable'
12/26/2025 17:14:55	DEBUG	7	0	NodeParam::doCheck(): 'MainNode-main-experiments-node-log2-ratio-adjuster-wave-node:@serialize'
12/26/2025 17:14:55	DEBUG	7	0	NodeParam::doCheck(): 'MainNode-main-experiments-node-log2-ratio-adjuster-wave-node:@serialize-pre'
12/26/2025 17:14:55	DEBUG	7	0	NodeParam::doCheck(): 'MainNode-main-experiments-node-log2-ratio-adjuster-wave-node:@serialize-post'
12/26/2025 17:14:55	DEBUG	7	0	NodeParam::doCheck(): 'MainNode-main-experiments-node-log2-ratio-adjuster-wave-node:@stop'
12/26/2025 17:14:55	DEBUG	7	0	NodeParam::doCheck(): 'MainNode-main-experiments-node-log2-ratio-adjuster-wave-node:@stop-after'
12/26/2025 17:14:55	DEBUG	7	0	NodeParam::doCheck(): 'MainNode-main-experiments-node-log2-ratio-adjuster-wave-node:wave-bandwidth'
12/26/2025 17:14:55	DEBUG	7	0	NodeParam::doCheck(): 'MainNode-main-experiments-node-log2-ratio-adjuster-wave-node:wave-bin-count'
12/26/2025 17:14:55	DEBUG	7	0	NodeParam::doCheck(): 'MainNode-main-experiments-node-log2-ratio-adjuster-wave-node:wave-count'
12/26/2025 17:14:55	DEBUG	7	0	NodeParam::doCheck(): 'MainNode-main-experiments-node-log2-ratio-adjuster-wave-node:wave-smooth'
12/26/2025 17:14:55	DEBUG	7	0	NodeParam::doCheck(): 'MainNode-main-experiments-node-log2-ratio-adjuster-y-target-node:@dump-nodes'
12/26/2025 17:14:55	DEBUG	7	0	NodeParam::doCheck(): 'MainNode-main-experiments-node-log2-ratio-adjuster-y-target-node:@dump-nodes-long'
12/26/2025 17:14:55	DEBUG	7	0	NodeParam::doCheck(): 'MainNode-main-experiments-node-log2-ratio-adjuster-y-target-node:@dump-nodes-classes'
12/26/2025 17:14:55	DEBUG	7	0	NodeParam::doCheck(): 'MainNode-main-experiments-node-log2-ratio-adjuster-y-target-node:@dump-data-flow'
12/26/2025 17:14:55	DEBUG	7	0	NodeParam::doCheck(): 'MainNode-main-experiments-node-log2-ratio-adjuster-y-target-node:@dump-param'
12/26/2025 17:14:55	DEBUG	7	0	NodeParam::doCheck(): 'MainNode-main-experiments-node-log2-ratio-adjuster-y-target-node:@dump-param-long'
12/26/2025 17:14:55	DEBUG	7	0	NodeParam::doCheck(): 'MainNode-main-experiments-node-log2-ratio-adjuster-y-target-node:@dump-param-dev'
12/26/2025 17:14:55	DEBUG	7	0	NodeParam::doCheck(): 'MainNode-main-experiments-node-log2-ratio-adjuster-y-target-node:@dump-param-long-dev'
12/26/2025 17:14:55	DEBUG	7	0	NodeParam::doCheck(): 'MainNode-main-experiments-node-log2-ratio-adjuster-y-target-node:@dump-all'
12/26/2025 17:14:55	DEBUG	7	0	NodeParam::doCheck(): 'MainNode-main-experiments-node-log2-ratio-adjuster-y-target-node:@dump-all-long'
12/26/2025 17:14:55	DEBUG	7	0	NodeParam::doCheck(): 'MainNode-main-experiments-node-log2-ratio-adjuster-y-target-node:enable'
12/26/2025 17:14:55	DEBUG	7	0	NodeParam::doCheck(): 'MainNode-main-experiments-node-log2-ratio-adjuster-y-target-node:disable'
12/26/2025 17:14:55	DEBUG	7	0	NodeParam::doCheck(): 'MainNode-main-experiments-node-log2-ratio-adjuster-y-target-node:@serialize'
12/26/2025 17:14:55	DEBUG	7	0	NodeParam::doCheck(): 'MainNode-main-experiments-node-log2-ratio-adjuster-y-target-node:@serialize-pre'
12/26/2025 17:14:55	DEBUG	7	0	NodeParam::doCheck(): 'MainNode-main-experiments-node-log2-ratio-adjuster-y-target-node:@serialize-post'
12/26/2025 17:14:55	DEBUG	7	0	NodeParam::doCheck(): 'MainNode-main-experiments-node-log2-ratio-adjuster-y-target-node:@stop'
12/26/2025 17:14:55	DEBUG	7	0	NodeParam::doCheck(): 'MainNode-main-experiments-node-log2-ratio-adjuster-y-target-node:@stop-after'
12/26/2025 17:14:55	DEBUG	7	0	NodeParam::doCheck(): 'MainNode-main-experiments-node-log2-ratio-adjuster-y-target-node:median-autosome-median-normalization'
12/26/2025 17:14:55	DEBUG	7	0	NodeParam::doCheck(): 'MainNode-main-experiments-node-baf-node:@dump-nodes'
12/26/2025 17:14:55	DEBUG	7	0	NodeParam::doCheck(): 'MainNode-main-experiments-node-baf-node:@dump-nodes-long'
12/26/2025 17:14:55	DEBUG	7	0	NodeParam::doCheck(): 'MainNode-main-experiments-node-baf-node:@dump-nodes-classes'
12/26/2025 17:14:55	DEBUG	7	0	NodeParam::doCheck(): 'MainNode-main-experiments-node-baf-node:@dump-data-flow'
12/26/2025 17:14:55	DEBUG	7	0	NodeParam::doCheck(): 'MainNode-main-experiments-node-baf-node:@dump-param'
12/26/2025 17:14:55	DEBUG	7	0	NodeParam::doCheck(): 'MainNode-main-experiments-node-baf-node:@dump-param-long'
12/26/2025 17:14:55	DEBUG	7	0	NodeParam::doCheck(): 'MainNode-main-experiments-node-baf-node:@dump-param-dev'
12/26/2025 17:14:55	DEBUG	7	0	NodeParam::doCheck(): 'MainNode-main-experiments-node-baf-node:@dump-param-long-dev'
12/26/2025 17:14:55	DEBUG	7	0	NodeParam::doCheck(): 'MainNode-main-experiments-node-baf-node:@dump-all'
12/26/2025 17:14:55	DEBUG	7	0	NodeParam::doCheck(): 'MainNode-main-experiments-node-baf-node:@dump-all-long'
12/26/2025 17:14:55	DEBUG	7	0	NodeParam::doCheck(): 'MainNode-main-experiments-node-baf-node:enable'
12/26/2025 17:14:55	DEBUG	7	0	NodeParam::doCheck(): 'MainNode-main-experiments-node-baf-node:disable'
12/26/2025 17:14:55	DEBUG	7	0	NodeParam::doCheck(): 'MainNode-main-experiments-node-baf-node:@serialize'
12/26/2025 17:14:55	DEBUG	7	0	NodeParam::doCheck(): 'MainNode-main-experiments-node-baf-node:@serialize-pre'
12/26/2025 17:14:55	DEBUG	7	0	NodeParam::doCheck(): 'MainNode-main-experiments-node-baf-node:@serialize-post'
12/26/2025 17:14:55	DEBUG	7	0	NodeParam::doCheck(): 'MainNode-main-experiments-node-baf-node:@stop'
12/26/2025 17:14:55	DEBUG	7	0	NodeParam::doCheck(): 'MainNode-main-experiments-node-baf-node:@stop-after'
12/26/2025 17:14:55	DEBUG	7	0	NodeParam::doCheck(): 'MainNode-main-experiments-node-baf-node:baf-transform'
12/26/2025 17:14:55	DEBUG	7	0	NodeParam::doCheck(): 'MainNode-main-experiments-node-baf-node:baf-trim'
12/26/2025 17:14:55	DEBUG	7	0	NodeParam::doCheck(): 'MainNode-main-experiments-node-allele-peaks-baf-node:@dump-nodes'
12/26/2025 17:14:55	DEBUG	7	0	NodeParam::doCheck(): 'MainNode-main-experiments-node-allele-peaks-baf-node:@dump-nodes-long'
12/26/2025 17:14:55	DEBUG	7	0	NodeParam::doCheck(): 'MainNode-main-experiments-node-allele-peaks-baf-node:@dump-nodes-classes'
12/26/2025 17:14:55	DEBUG	7	0	NodeParam::doCheck(): 'MainNode-main-experiments-node-allele-peaks-baf-node:@dump-data-flow'
12/26/2025 17:14:55	DEBUG	7	0	NodeParam::doCheck(): 'MainNode-main-experiments-node-allele-peaks-baf-node:@dump-param'
12/26/2025 17:14:55	DEBUG	7	0	NodeParam::doCheck(): 'MainNode-main-experiments-node-allele-peaks-baf-node:@dump-param-long'
12/26/2025 17:14:55	DEBUG	7	0	NodeParam::doCheck(): 'MainNode-main-experiments-node-allele-peaks-baf-node:@dump-param-dev'
12/26/2025 17:14:55	DEBUG	7	0	NodeParam::doCheck(): 'MainNode-main-experiments-node-allele-peaks-baf-node:@dump-param-long-dev'
12/26/2025 17:14:55	DEBUG	7	0	NodeParam::doCheck(): 'MainNode-main-experiments-node-allele-peaks-baf-node:@dump-all'
12/26/2025 17:14:55	DEBUG	7	0	NodeParam::doCheck(): 'MainNode-main-experiments-node-allele-peaks-baf-node:@dump-all-long'
12/26/2025 17:14:55	DEBUG	7	0	NodeParam::doCheck(): 'MainNode-main-experiments-node-allele-peaks-baf-node:enable'
12/26/2025 17:14:55	DEBUG	7	0	NodeParam::doCheck(): 'MainNode-main-experiments-node-allele-peaks-baf-node:disable'
12/26/2025 17:14:55	DEBUG	7	0	NodeParam::doCheck(): 'MainNode-main-experiments-node-allele-peaks-baf-node:@serialize'
12/26/2025 17:14:55	DEBUG	7	0	NodeParam::doCheck(): 'MainNode-main-experiments-node-allele-peaks-baf-node:@serialize-pre'
12/26/2025 17:14:55	DEBUG	7	0	NodeParam::doCheck(): 'MainNode-main-experiments-node-allele-peaks-baf-node:@serialize-post'
12/26/2025 17:14:55	DEBUG	7	0	NodeParam::doCheck(): 'MainNode-main-experiments-node-allele-peaks-baf-node:@stop'
12/26/2025 17:14:55	DEBUG	7	0	NodeParam::doCheck(): 'MainNode-main-experiments-node-allele-peaks-baf-node:@stop-after'
12/26/2025 17:14:55	DEBUG	7	0	NodeParam::doCheck(): 'MainNode-main-experiments-node-allele-peaks-baf-node:ap-baf-step'
12/26/2025 17:14:55	DEBUG	7	0	NodeParam::doCheck(): 'MainNode-main-experiments-node-allele-peaks-baf-node:ap-baf-window'
12/26/2025 17:14:55	DEBUG	7	0	NodeParam::doCheck(): 'MainNode-main-experiments-node-allele-peaks-baf-node:ap-baf-point-count'
12/26/2025 17:14:55	DEBUG	7	0	NodeParam::doCheck(): 'MainNode-main-experiments-node-allele-peaks-baf-node:ap-baf-bandwidth'
12/26/2025 17:14:55	DEBUG	7	0	NodeParam::doCheck(): 'MainNode-main-experiments-node-allele-peaks-baf-node:ap-baf-cutoff'
12/26/2025 17:14:55	DEBUG	7	0	NodeParam::doCheck(): 'MainNode-main-experiments-node-allele-peaks-baf-node:ap-baf-threshold'
12/26/2025 17:14:55	DEBUG	7	0	NodeParam::doCheck(): 'MainNode-main-experiments-node-allele-peaks-baf-node:ap-baf-height-threshold'
12/26/2025 17:14:55	DEBUG	7	0	NodeParam::doCheck(): 'MainNode-main-experiments-node-allele-peaks-baf-node:ap-baf-height-threshold-bound'
12/26/2025 17:14:55	DEBUG	7	0	NodeParam::doCheck(): 'MainNode-main-experiments-node-allele-peaks-baf-node:ap-baf-symmetry'
12/26/2025 17:14:55	DEBUG	7	0	NodeParam::doCheck(): 'MainNode-main-experiments-node-snpqc-node:@dump-nodes'
12/26/2025 17:14:55	DEBUG	7	0	NodeParam::doCheck(): 'MainNode-main-experiments-node-snpqc-node:@dump-nodes-long'
12/26/2025 17:14:55	DEBUG	7	0	NodeParam::doCheck(): 'MainNode-main-experiments-node-snpqc-node:@dump-nodes-classes'
12/26/2025 17:14:55	DEBUG	7	0	NodeParam::doCheck(): 'MainNode-main-experiments-node-snpqc-node:@dump-data-flow'
12/26/2025 17:14:55	DEBUG	7	0	NodeParam::doCheck(): 'MainNode-main-experiments-node-snpqc-node:@dump-param'
12/26/2025 17:14:55	DEBUG	7	0	NodeParam::doCheck(): 'MainNode-main-experiments-node-snpqc-node:@dump-param-long'
12/26/2025 17:14:55	DEBUG	7	0	NodeParam::doCheck(): 'MainNode-main-experiments-node-snpqc-node:@dump-param-dev'
12/26/2025 17:14:55	DEBUG	7	0	NodeParam::doCheck(): 'MainNode-main-experiments-node-snpqc-node:@dump-param-long-dev'
12/26/2025 17:14:55	DEBUG	7	0	NodeParam::doCheck(): 'MainNode-main-experiments-node-snpqc-node:@dump-all'
12/26/2025 17:14:55	DEBUG	7	0	NodeParam::doCheck(): 'MainNode-main-experiments-node-snpqc-node:@dump-all-long'
12/26/2025 17:14:55	DEBUG	7	0	NodeParam::doCheck(): 'MainNode-main-experiments-node-snpqc-node:enable'
12/26/2025 17:14:55	DEBUG	7	0	NodeParam::doCheck(): 'MainNode-main-experiments-node-snpqc-node:disable'
12/26/2025 17:14:55	DEBUG	7	0	NodeParam::doCheck(): 'MainNode-main-experiments-node-snpqc-node:@serialize'
12/26/2025 17:14:55	DEBUG	7	0	NodeParam::doCheck(): 'MainNode-main-experiments-node-snpqc-node:@serialize-pre'
12/26/2025 17:14:55	DEBUG	7	0	NodeParam::doCheck(): 'MainNode-main-experiments-node-snpqc-node:@serialize-post'
12/26/2025 17:14:55	DEBUG	7	0	NodeParam::doCheck(): 'MainNode-main-experiments-node-snpqc-node:@stop'
12/26/2025 17:14:55	DEBUG	7	0	NodeParam::doCheck(): 'MainNode-main-experiments-node-snpqc-node:@stop-after'
12/26/2025 17:14:55	DEBUG	7	0	NodeParam::doCheck(): 'MainNode-main-experiments-node-tuscan-node:@dump-nodes'
12/26/2025 17:14:55	DEBUG	7	0	NodeParam::doCheck(): 'MainNode-main-experiments-node-tuscan-node:@dump-nodes-long'
12/26/2025 17:14:55	DEBUG	7	0	NodeParam::doCheck(): 'MainNode-main-experiments-node-tuscan-node:@dump-nodes-classes'
12/26/2025 17:14:55	DEBUG	7	0	NodeParam::doCheck(): 'MainNode-main-experiments-node-tuscan-node:@dump-data-flow'
12/26/2025 17:14:55	DEBUG	7	0	NodeParam::doCheck(): 'MainNode-main-experiments-node-tuscan-node:@dump-param'
12/26/2025 17:14:55	DEBUG	7	0	NodeParam::doCheck(): 'MainNode-main-experiments-node-tuscan-node:@dump-param-long'
12/26/2025 17:14:55	DEBUG	7	0	NodeParam::doCheck(): 'MainNode-main-experiments-node-tuscan-node:@dump-param-dev'
12/26/2025 17:14:55	DEBUG	7	0	NodeParam::doCheck(): 'MainNode-main-experiments-node-tuscan-node:@dump-param-long-dev'
12/26/2025 17:14:55	DEBUG	7	0	NodeParam::doCheck(): 'MainNode-main-experiments-node-tuscan-node:@dump-all'
12/26/2025 17:14:55	DEBUG	7	0	NodeParam::doCheck(): 'MainNode-main-experiments-node-tuscan-node:@dump-all-long'
12/26/2025 17:14:55	DEBUG	7	0	NodeParam::doCheck(): 'MainNode-main-experiments-node-tuscan-node:enable'
12/26/2025 17:14:55	DEBUG	7	0	NodeParam::doCheck(): 'MainNode-main-experiments-node-tuscan-node:disable'
12/26/2025 17:14:55	DEBUG	7	0	NodeParam::doCheck(): 'MainNode-main-experiments-node-tuscan-node:@serialize'
12/26/2025 17:14:55	DEBUG	7	0	NodeParam::doCheck(): 'MainNode-main-experiments-node-tuscan-node:@serialize-pre'
12/26/2025 17:14:55	DEBUG	7	0	NodeParam::doCheck(): 'MainNode-main-experiments-node-tuscan-node:@serialize-post'
12/26/2025 17:14:55	DEBUG	7	0	NodeParam::doCheck(): 'MainNode-main-experiments-node-tuscan-node:@stop'
12/26/2025 17:14:55	DEBUG	7	0	NodeParam::doCheck(): 'MainNode-main-experiments-node-tuscan-node:@stop-after'
12/26/2025 17:14:55	DEBUG	7	0	NodeParam::doCheck(): 'MainNode-main-experiments-node-tuscan-node:tuscan-m3-low-cost-band'
12/26/2025 17:14:55	DEBUG	7	0	NodeParam::doCheck(): 'MainNode-main-experiments-node-tuscan-node:tuscan-nd-snp-qc-threshold'
12/26/2025 17:14:55	DEBUG	7	0	NodeParam::doCheck(): 'MainNode-main-experiments-node-tuscan-node:tuscan-mapd-qc-threshold'
12/26/2025 17:14:55	DEBUG	7	0	NodeParam::doCheck(): 'MainNode-main-experiments-node-tuscan-node:@tuscan-trigger-qc-failure'
12/26/2025 17:14:55	DEBUG	7	0	NodeParam::doCheck(): 'MainNode-main-experiments-node-tuscan-node:total-custom-l2r-adjustment'
12/26/2025 17:14:55	DEBUG	7	0	NodeParam::doCheck(): 'MainNode-main-experiments-node-tuscan-node:new-custom-l2r-adjustment'
12/26/2025 17:14:55	DEBUG	7	0	NodeParam::doCheck(): 'MainNode-main-experiments-node-tuscan-node:tuscan-l2r-adjustment'
12/26/2025 17:14:55	DEBUG	7	0	NodeParam::doCheck(): 'MainNode-main-experiments-node-tuscan-node:custom-l2r-adjustment'
12/26/2025 17:14:55	DEBUG	7	0	NodeParam::doCheck(): 'MainNode-main-experiments-node-tuscan-node-tuscan-switch-node:@dump-nodes'
12/26/2025 17:14:55	DEBUG	7	0	NodeParam::doCheck(): 'MainNode-main-experiments-node-tuscan-node-tuscan-switch-node:@dump-nodes-long'
12/26/2025 17:14:55	DEBUG	7	0	NodeParam::doCheck(): 'MainNode-main-experiments-node-tuscan-node-tuscan-switch-node:@dump-nodes-classes'
12/26/2025 17:14:55	DEBUG	7	0	NodeParam::doCheck(): 'MainNode-main-experiments-node-tuscan-node-tuscan-switch-node:@dump-data-flow'
12/26/2025 17:14:55	DEBUG	7	0	NodeParam::doCheck(): 'MainNode-main-experiments-node-tuscan-node-tuscan-switch-node:@dump-param'
12/26/2025 17:14:55	DEBUG	7	0	NodeParam::doCheck(): 'MainNode-main-experiments-node-tuscan-node-tuscan-switch-node:@dump-param-long'
12/26/2025 17:14:55	DEBUG	7	0	NodeParam::doCheck(): 'MainNode-main-experiments-node-tuscan-node-tuscan-switch-node:@dump-param-dev'
12/26/2025 17:14:55	DEBUG	7	0	NodeParam::doCheck(): 'MainNode-main-experiments-node-tuscan-node-tuscan-switch-node:@dump-param-long-dev'
12/26/2025 17:14:55	DEBUG	7	0	NodeParam::doCheck(): 'MainNode-main-experiments-node-tuscan-node-tuscan-switch-node:@dump-all'
12/26/2025 17:14:55	DEBUG	7	0	NodeParam::doCheck(): 'MainNode-main-experiments-node-tuscan-node-tuscan-switch-node:@dump-all-long'
12/26/2025 17:14:55	DEBUG	7	0	NodeParam::doCheck(): 'MainNode-main-experiments-node-tuscan-node-tuscan-switch-node:enable'
12/26/2025 17:14:55	DEBUG	7	0	NodeParam::doCheck(): 'MainNode-main-experiments-node-tuscan-node-tuscan-switch-node:disable'
12/26/2025 17:14:55	DEBUG	7	0	NodeParam::doCheck(): 'MainNode-main-experiments-node-tuscan-node-tuscan-switch-node:@serialize'
12/26/2025 17:14:55	DEBUG	7	0	NodeParam::doCheck(): 'MainNode-main-experiments-node-tuscan-node-tuscan-switch-node:@serialize-pre'
12/26/2025 17:14:55	DEBUG	7	0	NodeParam::doCheck(): 'MainNode-main-experiments-node-tuscan-node-tuscan-switch-node:@serialize-post'
12/26/2025 17:14:55	DEBUG	7	0	NodeParam::doCheck(): 'MainNode-main-experiments-node-tuscan-node-tuscan-switch-node:@stop'
12/26/2025 17:14:55	DEBUG	7	0	NodeParam::doCheck(): 'MainNode-main-experiments-node-tuscan-node-tuscan-switch-node:@stop-after'
12/26/2025 17:14:55	DEBUG	7	0	NodeParam::doCheck(): 'MainNode-main-experiments-node-tuscan-node-tuscan-switch-node:tuscan-run-once'
12/26/2025 17:14:55	DEBUG	7	0	NodeParam::doCheck(): 'MainNode-main-experiments-node-tuscan-node-tuscan-switch-node-tuscan-homhet-flags-node:@dump-nodes'
12/26/2025 17:14:55	DEBUG	7	0	NodeParam::doCheck(): 'MainNode-main-experiments-node-tuscan-node-tuscan-switch-node-tuscan-homhet-flags-node:@dump-nodes-long'
12/26/2025 17:14:55	DEBUG	7	0	NodeParam::doCheck(): 'MainNode-main-experiments-node-tuscan-node-tuscan-switch-node-tuscan-homhet-flags-node:@dump-nodes-classes'
12/26/2025 17:14:55	DEBUG	7	0	NodeParam::doCheck(): 'MainNode-main-experiments-node-tuscan-node-tuscan-switch-node-tuscan-homhet-flags-node:@dump-data-flow'
12/26/2025 17:14:55	DEBUG	7	0	NodeParam::doCheck(): 'MainNode-main-experiments-node-tuscan-node-tuscan-switch-node-tuscan-homhet-flags-node:@dump-param'
12/26/2025 17:14:55	DEBUG	7	0	NodeParam::doCheck(): 'MainNode-main-experiments-node-tuscan-node-tuscan-switch-node-tuscan-homhet-flags-node:@dump-param-long'
12/26/2025 17:14:55	DEBUG	7	0	NodeParam::doCheck(): 'MainNode-main-experiments-node-tuscan-node-tuscan-switch-node-tuscan-homhet-flags-node:@dump-param-dev'
12/26/2025 17:14:55	DEBUG	7	0	NodeParam::doCheck(): 'MainNode-main-experiments-node-tuscan-node-tuscan-switch-node-tuscan-homhet-flags-node:@dump-param-long-dev'
12/26/2025 17:14:55	DEBUG	7	0	NodeParam::doCheck(): 'MainNode-main-experiments-node-tuscan-node-tuscan-switch-node-tuscan-homhet-flags-node:@dump-all'
12/26/2025 17:14:55	DEBUG	7	0	NodeParam::doCheck(): 'MainNode-main-experiments-node-tuscan-node-tuscan-switch-node-tuscan-homhet-flags-node:@dump-all-long'
12/26/2025 17:14:55	DEBUG	7	0	NodeParam::doCheck(): 'MainNode-main-experiments-node-tuscan-node-tuscan-switch-node-tuscan-homhet-flags-node:enable'
12/26/2025 17:14:55	DEBUG	7	0	NodeParam::doCheck(): 'MainNode-main-experiments-node-tuscan-node-tuscan-switch-node-tuscan-homhet-flags-node:disable'
12/26/2025 17:14:55	DEBUG	7	0	NodeParam::doCheck(): 'MainNode-main-experiments-node-tuscan-node-tuscan-switch-node-tuscan-homhet-flags-node:@serialize'
12/26/2025 17:14:55	DEBUG	7	0	NodeParam::doCheck(): 'MainNode-main-experiments-node-tuscan-node-tuscan-switch-node-tuscan-homhet-flags-node:@serialize-pre'
12/26/2025 17:14:55	DEBUG	7	0	NodeParam::doCheck(): 'MainNode-main-experiments-node-tuscan-node-tuscan-switch-node-tuscan-homhet-flags-node:@serialize-post'
12/26/2025 17:14:55	DEBUG	7	0	NodeParam::doCheck(): 'MainNode-main-experiments-node-tuscan-node-tuscan-switch-node-tuscan-homhet-flags-node:@stop'
12/26/2025 17:14:55	DEBUG	7	0	NodeParam::doCheck(): 'MainNode-main-experiments-node-tuscan-node-tuscan-switch-node-tuscan-homhet-flags-node:@stop-after'
12/26/2025 17:14:55	DEBUG	7	0	NodeParam::doCheck(): 'MainNode-main-experiments-node-tuscan-node-tuscan-switch-node-tuscan-homhet-flags-node:tuscan-m1-shift'
12/26/2025 17:14:55	DEBUG	7	0	NodeParam::doCheck(): 'MainNode-main-experiments-node-tuscan-node-tuscan-switch-node-tuscan-homhet-flags-node:tuscan-m1-trim'
12/26/2025 17:14:55	DEBUG	7	0	NodeParam::doCheck(): 'MainNode-main-experiments-node-tuscan-node-tuscan-switch-node-tuscan-homhet-flags-node:tuscan-m1-threshold'
12/26/2025 17:14:55	DEBUG	7	0	NodeParam::doCheck(): 'MainNode-main-experiments-node-tuscan-node-tuscan-switch-node-tuscan-homhet-flags-node:tuscan-m1-use-raw-baf'
12/26/2025 17:14:55	DEBUG	7	0	NodeParam::doCheck(): 'MainNode-main-experiments-node-tuscan-node-tuscan-switch-node-tuscan-segmenter-node:@dump-nodes'
12/26/2025 17:14:55	DEBUG	7	0	NodeParam::doCheck(): 'MainNode-main-experiments-node-tuscan-node-tuscan-switch-node-tuscan-segmenter-node:@dump-nodes-long'
12/26/2025 17:14:55	DEBUG	7	0	NodeParam::doCheck(): 'MainNode-main-experiments-node-tuscan-node-tuscan-switch-node-tuscan-segmenter-node:@dump-nodes-classes'
12/26/2025 17:14:55	DEBUG	7	0	NodeParam::doCheck(): 'MainNode-main-experiments-node-tuscan-node-tuscan-switch-node-tuscan-segmenter-node:@dump-data-flow'
12/26/2025 17:14:55	DEBUG	7	0	NodeParam::doCheck(): 'MainNode-main-experiments-node-tuscan-node-tuscan-switch-node-tuscan-segmenter-node:@dump-param'
12/26/2025 17:14:55	DEBUG	7	0	NodeParam::doCheck(): 'MainNode-main-experiments-node-tuscan-node-tuscan-switch-node-tuscan-segmenter-node:@dump-param-long'
12/26/2025 17:14:55	DEBUG	7	0	NodeParam::doCheck(): 'MainNode-main-experiments-node-tuscan-node-tuscan-switch-node-tuscan-segmenter-node:@dump-param-dev'
12/26/2025 17:14:55	DEBUG	7	0	NodeParam::doCheck(): 'MainNode-main-experiments-node-tuscan-node-tuscan-switch-node-tuscan-segmenter-node:@dump-param-long-dev'
12/26/2025 17:14:55	DEBUG	7	0	NodeParam::doCheck(): 'MainNode-main-experiments-node-tuscan-node-tuscan-switch-node-tuscan-segmenter-node:@dump-all'
12/26/2025 17:14:55	DEBUG	7	0	NodeParam::doCheck(): 'MainNode-main-experiments-node-tuscan-node-tuscan-switch-node-tuscan-segmenter-node:@dump-all-long'
12/26/2025 17:14:55	DEBUG	7	0	NodeParam::doCheck(): 'MainNode-main-experiments-node-tuscan-node-tuscan-switch-node-tuscan-segmenter-node:enable'
12/26/2025 17:14:55	DEBUG	7	0	NodeParam::doCheck(): 'MainNode-main-experiments-node-tuscan-node-tuscan-switch-node-tuscan-segmenter-node:disable'
12/26/2025 17:14:55	DEBUG	7	0	NodeParam::doCheck(): 'MainNode-main-experiments-node-tuscan-node-tuscan-switch-node-tuscan-segmenter-node:@serialize'
12/26/2025 17:14:55	DEBUG	7	0	NodeParam::doCheck(): 'MainNode-main-experiments-node-tuscan-node-tuscan-switch-node-tuscan-segmenter-node:@serialize-pre'
12/26/2025 17:14:55	DEBUG	7	0	NodeParam::doCheck(): 'MainNode-main-experiments-node-tuscan-node-tuscan-switch-node-tuscan-segmenter-node:@serialize-post'
12/26/2025 17:14:55	DEBUG	7	0	NodeParam::doCheck(): 'MainNode-main-experiments-node-tuscan-node-tuscan-switch-node-tuscan-segmenter-node:@stop'
12/26/2025 17:14:55	DEBUG	7	0	NodeParam::doCheck(): 'MainNode-main-experiments-node-tuscan-node-tuscan-switch-node-tuscan-segmenter-node:@stop-after'
12/26/2025 17:14:55	DEBUG	7	0	NodeParam::doCheck(): 'MainNode-main-experiments-node-tuscan-node-tuscan-switch-node-tuscan-segmenter-node:tuscan-m2-lr-cost'
12/26/2025 17:14:55	DEBUG	7	0	NodeParam::doCheck(): 'MainNode-main-experiments-node-tuscan-node-tuscan-switch-node-tuscan-segmenter-node:tuscan-m2-min-seg-size'
12/26/2025 17:14:55	DEBUG	7	0	NodeParam::doCheck(): 'MainNode-main-experiments-node-tuscan-node-tuscan-switch-node-tuscan-segmenter-node:tuscan-m2-min-alt-seg-size'
12/26/2025 17:14:55	DEBUG	7	0	NodeParam::doCheck(): 'MainNode-main-experiments-node-tuscan-node-tuscan-switch-node-tuscan-segmenter-node:tuscan-m2-min-fine-seg-size'
12/26/2025 17:14:55	DEBUG	7	0	NodeParam::doCheck(): 'MainNode-main-experiments-node-tuscan-node-tuscan-switch-node-tuscan-segmenter-node:tuscan-m2-exclude-chr'
12/26/2025 17:14:55	DEBUG	7	0	NodeParam::doCheck(): 'MainNode-main-experiments-node-tuscan-node-tuscan-switch-node-tuscan-segmenter-node:tuscan-consecutive-hom-count'
12/26/2025 17:14:55	DEBUG	7	0	NodeParam::doCheck(): 'MainNode-main-experiments-node-tuscan-node-tuscan-switch-node-tuscan-segmenter-node:tuscan-no-break-vicinity'
12/26/2025 17:14:55	DEBUG	7	0	NodeParam::doCheck(): 'MainNode-main-experiments-node-tuscan-node-tuscan-switch-node-tuscan-segmenter-node:lambda'
12/26/2025 17:14:55	DEBUG	7	0	NodeParam::doCheck(): 'MainNode-main-experiments-node-tuscan-node-tuscan-switch-node-tuscan-segmenter-node:tuscan-centromere-breakpoints'
12/26/2025 17:14:55	DEBUG	7	0	NodeParam::doCheck(): 'MainNode-main-experiments-node-tuscan-node-tuscan-switch-node-tuscan-segmenter-node:tuscan-centromere-min-seg-size'
12/26/2025 17:14:55	DEBUG	7	0	NodeParam::doCheck(): 'MainNode-main-experiments-node-tuscan-node-tuscan-switch-node-tuscan-total-cn-node:@dump-nodes'
12/26/2025 17:14:55	DEBUG	7	0	NodeParam::doCheck(): 'MainNode-main-experiments-node-tuscan-node-tuscan-switch-node-tuscan-total-cn-node:@dump-nodes-long'
12/26/2025 17:14:55	DEBUG	7	0	NodeParam::doCheck(): 'MainNode-main-experiments-node-tuscan-node-tuscan-switch-node-tuscan-total-cn-node:@dump-nodes-classes'
12/26/2025 17:14:55	DEBUG	7	0	NodeParam::doCheck(): 'MainNode-main-experiments-node-tuscan-node-tuscan-switch-node-tuscan-total-cn-node:@dump-data-flow'
12/26/2025 17:14:55	DEBUG	7	0	NodeParam::doCheck(): 'MainNode-main-experiments-node-tuscan-node-tuscan-switch-node-tuscan-total-cn-node:@dump-param'
12/26/2025 17:14:55	DEBUG	7	0	NodeParam::doCheck(): 'MainNode-main-experiments-node-tuscan-node-tuscan-switch-node-tuscan-total-cn-node:@dump-param-long'
12/26/2025 17:14:55	DEBUG	7	0	NodeParam::doCheck(): 'MainNode-main-experiments-node-tuscan-node-tuscan-switch-node-tuscan-total-cn-node:@dump-param-dev'
12/26/2025 17:14:55	DEBUG	7	0	NodeParam::doCheck(): 'MainNode-main-experiments-node-tuscan-node-tuscan-switch-node-tuscan-total-cn-node:@dump-param-long-dev'
12/26/2025 17:14:55	DEBUG	7	0	NodeParam::doCheck(): 'MainNode-main-experiments-node-tuscan-node-tuscan-switch-node-tuscan-total-cn-node:@dump-all'
12/26/2025 17:14:55	DEBUG	7	0	NodeParam::doCheck(): 'MainNode-main-experiments-node-tuscan-node-tuscan-switch-node-tuscan-total-cn-node:@dump-all-long'
12/26/2025 17:14:55	DEBUG	7	0	NodeParam::doCheck(): 'MainNode-main-experiments-node-tuscan-node-tuscan-switch-node-tuscan-total-cn-node:enable'
12/26/2025 17:14:55	DEBUG	7	0	NodeParam::doCheck(): 'MainNode-main-experiments-node-tuscan-node-tuscan-switch-node-tuscan-total-cn-node:disable'
12/26/2025 17:14:55	DEBUG	7	0	NodeParam::doCheck(): 'MainNode-main-experiments-node-tuscan-node-tuscan-switch-node-tuscan-total-cn-node:@serialize'
12/26/2025 17:14:55	DEBUG	7	0	NodeParam::doCheck(): 'MainNode-main-experiments-node-tuscan-node-tuscan-switch-node-tuscan-total-cn-node:@serialize-pre'
12/26/2025 17:14:55	DEBUG	7	0	NodeParam::doCheck(): 'MainNode-main-experiments-node-tuscan-node-tuscan-switch-node-tuscan-total-cn-node:@serialize-post'
12/26/2025 17:14:55	DEBUG	7	0	NodeParam::doCheck(): 'MainNode-main-experiments-node-tuscan-node-tuscan-switch-node-tuscan-total-cn-node:@stop'
12/26/2025 17:14:55	DEBUG	7	0	NodeParam::doCheck(): 'MainNode-main-experiments-node-tuscan-node-tuscan-switch-node-tuscan-total-cn-node:@stop-after'
12/26/2025 17:14:55	DEBUG	7	0	NodeParam::doCheck(): 'MainNode-main-experiments-node-tuscan-node-tuscan-switch-node-tuscan-total-cn-node:tuscan-m3-rho-min'
12/26/2025 17:14:55	DEBUG	7	0	NodeParam::doCheck(): 'MainNode-main-experiments-node-tuscan-node-tuscan-switch-node-tuscan-total-cn-node:tuscan-m3-rho-max'
12/26/2025 17:14:55	DEBUG	7	0	NodeParam::doCheck(): 'MainNode-main-experiments-node-tuscan-node-tuscan-switch-node-tuscan-total-cn-node:tuscan-m3-rho-N'
12/26/2025 17:14:55	DEBUG	7	0	NodeParam::doCheck(): 'MainNode-main-experiments-node-tuscan-node-tuscan-switch-node-tuscan-total-cn-node:tuscan-m3-psi-min'
12/26/2025 17:14:55	DEBUG	7	0	NodeParam::doCheck(): 'MainNode-main-experiments-node-tuscan-node-tuscan-switch-node-tuscan-total-cn-node:tuscan-m3-psi-max'
12/26/2025 17:14:55	DEBUG	7	0	NodeParam::doCheck(): 'MainNode-main-experiments-node-tuscan-node-tuscan-switch-node-tuscan-total-cn-node:tuscan-m3-psi-N'
12/26/2025 17:14:55	DEBUG	7	0	NodeParam::doCheck(): 'MainNode-main-experiments-node-tuscan-node-tuscan-switch-node-tuscan-total-cn-node:tuscan-m3-low-cost-weight'
12/26/2025 17:14:55	DEBUG	7	0	NodeParam::doCheck(): 'MainNode-main-experiments-node-tuscan-node-tuscan-switch-node-tuscan-total-cn-node:tuscan-m3-max-percent-hom'
12/26/2025 17:14:55	DEBUG	7	0	NodeParam::doCheck(): 'MainNode-main-experiments-node-tuscan-node-tuscan-switch-node-tuscan-total-cn-node:tuscan-m3-min-count-het'
12/26/2025 17:14:55	DEBUG	7	0	NodeParam::doCheck(): 'MainNode-main-experiments-node-tuscan-node-tuscan-switch-node-tuscan-total-cn-node:tuscan-m3-ploidy-factor'
12/26/2025 17:14:55	DEBUG	7	0	NodeParam::doCheck(): 'MainNode-main-experiments-node-tuscan-node-tuscan-switch-node-tuscan-total-cn-node:tuscan-m3-ploidy-sigma'
12/26/2025 17:14:55	DEBUG	7	0	NodeParam::doCheck(): 'MainNode-main-experiments-node-tuscan-node-tuscan-switch-node-tuscan-total-cn-node:alt-mode-bin-size'
12/26/2025 17:14:55	DEBUG	7	0	NodeParam::doCheck(): 'MainNode-main-experiments-node-tuscan-node-tuscan-switch-node-tuscan-total-cn-node:nGoF-bin-size'
12/26/2025 17:14:55	DEBUG	7	0	NodeParam::doCheck(): 'MainNode-main-experiments-node-tuscan-node-tuscan-switch-node-tuscan-total-cn-node:MedL2Rcutoff'
12/26/2025 17:14:55	DEBUG	7	0	NodeParam::doCheck(): 'MainNode-main-experiments-node-tuscan-node-tuscan-switch-node-tuscan-total-cn-node:MedBAFcutoff'
12/26/2025 17:14:55	DEBUG	7	0	NodeParam::doCheck(): 'MainNode-main-experiments-node-tuscan-node-tuscan-switch-node-tuscan-total-cn-node:min-nGoF-length'
12/26/2025 17:14:55	DEBUG	7	0	NodeParam::doCheck(): 'MainNode-main-experiments-node-tuscan-node-tuscan-switch-node-tuscan-total-cn-node:MedL2Rcutoff-no-cn2'
12/26/2025 17:14:55	DEBUG	7	0	NodeParam::doCheck(): 'MainNode-main-experiments-node-tuscan-node-tuscan-switch-node-tuscan-total-cn-node:MedBAFcutoff-no-cn2'
12/26/2025 17:14:55	DEBUG	7	0	NodeParam::doCheck(): 'MainNode-main-experiments-node-tuscan-node-tuscan-switch-node-tuscan-total-cn-node:min-nGoF-length-no-cn2'
12/26/2025 17:14:55	DEBUG	7	0	NodeParam::doCheck(): 'MainNode-main-experiments-node-tuscan-node-tuscan-switch-node-tuscan-total-cn-node:nGoF4cutoff'
12/26/2025 17:14:55	DEBUG	7	0	NodeParam::doCheck(): 'MainNode-main-experiments-node-tuscan-node-tuscan-switch-node-tuscan-total-cn-node:nGoF4cutoff-no-cn2'
12/26/2025 17:14:55	DEBUG	7	0	NodeParam::doCheck(): 'MainNode-main-experiments-node-tuscan-node-tuscan-switch-node-tuscan-total-cn-node:gamma'
12/26/2025 17:14:55	DEBUG	7	0	NodeParam::doCheck(): 'MainNode-main-experiments-node-tuscan-node-tuscan-switch-node-tuscan-total-cn-node:tuscan-round-ploidy'
12/26/2025 17:14:55	DEBUG	7	0	NodeParam::doCheck(): 'MainNode-main-experiments-node-tuscan-node-tuscan-switch-node-tuscan-total-cn-node:MinChrYthreshold'
12/26/2025 17:14:55	DEBUG	7	0	NodeParam::doCheck(): 'MainNode-main-experiments-node-tuscan-node-tuscan-switch-node-tuscan-total-cn-node:infMarkL2RMin'
12/26/2025 17:14:55	DEBUG	7	0	NodeParam::doCheck(): 'MainNode-main-experiments-node-tuscan-node-tuscan-switch-node-tuscan-total-cn-node:infMarkerThreshold'
12/26/2025 17:14:55	DEBUG	7	0	NodeParam::doCheck(): 'MainNode-main-experiments-node-tuscan-node-tuscan-switch-node-tuscan-total-cn-node:tuscan-infMarkTrimBand'
12/26/2025 17:14:55	DEBUG	7	0	NodeParam::doCheck(): 'MainNode-main-experiments-node-tuscan-node-tuscan-switch-node-tuscan-total-cn-node:tuscan-fp-exponent'
12/26/2025 17:14:55	DEBUG	7	0	NodeParam::doCheck(): 'MainNode-main-experiments-node-tuscan-node-tuscan-switch-node-tuscan-total-cn-node:tuscan-fp-min-med-l2r'
12/26/2025 17:14:55	DEBUG	7	0	NodeParam::doCheck(): 'MainNode-main-experiments-node-tuscan-node-tuscan-switch-node-tuscan-total-cn-node:tuscan-fp-max-med-l2r'
12/26/2025 17:14:55	DEBUG	7	0	NodeParam::doCheck(): 'MainNode-main-experiments-node-tuscan-node-tuscan-switch-node-tuscan-total-cn-node:tuscan-use-fp-exponent-in-normal-mode'
12/26/2025 17:14:55	DEBUG	7	0	NodeParam::doCheck(): 'MainNode-main-experiments-node-tuscan-node-tuscan-switch-node-tuscan-total-cn-node:tuscan-maxCN2Weight'
12/26/2025 17:14:55	DEBUG	7	0	NodeParam::doCheck(): 'MainNode-main-experiments-node-tuscan-node-tuscan-switch-node-tuscan-total-cn-node:tuscan-maxNonCN2Increase'
12/26/2025 17:14:55	DEBUG	7	0	NodeParam::doCheck(): 'MainNode-main-experiments-node-tuscan-node-tuscan-switch-node-tuscan-total-cn-node:tuscan-FN_l2r_floor'
12/26/2025 17:14:55	DEBUG	7	0	NodeParam::doCheck(): 'MainNode-main-experiments-node-tuscan-node-tuscan-switch-node-tuscan-total-cn-node:tuscan-FN_exp'
12/26/2025 17:14:55	DEBUG	7	0	NodeParam::doCheck(): 'MainNode-main-experiments-node-tuscan-node-tuscan-switch-node-tuscan-total-cn-node:tuscan-FN_low_l2r_threshold'
12/26/2025 17:14:55	DEBUG	7	0	NodeParam::doCheck(): 'MainNode-main-experiments-node-tuscan-node-tuscan-switch-node-tuscan-total-cn-node:tuscan-FN_low_BAF_threshold'
12/26/2025 17:14:55	DEBUG	7	0	NodeParam::doCheck(): 'MainNode-main-experiments-node-tuscan-node-tuscan-switch-node-tuscan-total-cn-node:tuscan-REL_l2r_weight'
12/26/2025 17:14:55	DEBUG	7	0	NodeParam::doCheck(): 'MainNode-main-experiments-node-tuscan-node-tuscan-switch-node-tuscan-total-cn-node:tuscan-REL_CN2_gauss_P'
12/26/2025 17:14:55	DEBUG	7	0	NodeParam::doCheck(): 'MainNode-main-experiments-node-tuscan-node-tuscan-switch-node-tuscan-total-cn-node:tuscan-REL_CN2_gauss_sigma'
12/26/2025 17:14:55	DEBUG	7	0	NodeParam::doCheck(): 'MainNode-main-experiments-node-tuscan-node-tuscan-switch-node-tuscan-total-cn-node:tuscan-REL_CN2_gauss_mu'
12/26/2025 17:14:55	DEBUG	7	0	NodeParam::doCheck(): 'MainNode-main-experiments-node-tuscan-node-tuscan-switch-node-tuscan-total-cn-node:tuscan-REL_CN4_gauss_P'
12/26/2025 17:14:55	DEBUG	7	0	NodeParam::doCheck(): 'MainNode-main-experiments-node-tuscan-node-tuscan-switch-node-tuscan-total-cn-node:tuscan-REL_CN4_gauss_sigma'
12/26/2025 17:14:55	DEBUG	7	0	NodeParam::doCheck(): 'MainNode-main-experiments-node-tuscan-node-tuscan-switch-node-tuscan-total-cn-node:tuscan-REL_CN4_gauss_mu'
12/26/2025 17:14:55	DEBUG	7	0	NodeParam::doCheck(): 'MainNode-main-experiments-node-tuscan-node-tuscan-switch-node-tuscan-total-cn-node:tuscan-REL_threshold'
12/26/2025 17:14:55	DEBUG	7	0	NodeParam::doCheck(): 'MainNode-main-experiments-node-tuscan-node-tuscan-switch-node-tuscan-total-cn-node:tuscan-m3-ploidy4-factor'
12/26/2025 17:14:55	DEBUG	7	0	NodeParam::doCheck(): 'MainNode-main-experiments-node-tuscan-node-tuscan-switch-node-tuscan-total-cn-node:tuscan-m3-ploidy4-sigma'
12/26/2025 17:14:55	DEBUG	7	0	NodeParam::doCheck(): 'MainNode-main-experiments-node-tuscan-node-tuscan-switch-node-tuscan-total-cn-node:tuscan-m3-ploidy4-mu'
12/26/2025 17:14:55	DEBUG	7	0	NodeParam::doCheck(): 'MainNode-main-experiments-node-tuscan-node-tuscan-switch-node-tuscan-total-cn-node:tuscan-lowPloidy1'
12/26/2025 17:14:55	DEBUG	7	0	NodeParam::doCheck(): 'MainNode-main-experiments-node-tuscan-node-tuscan-switch-node-tuscan-total-cn-node:tuscan-lowPloidy2'
12/26/2025 17:14:55	DEBUG	7	0	NodeParam::doCheck(): 'MainNode-main-experiments-node-tuscan-node-tuscan-switch-node-tuscan-total-cn-node:tuscan-lowPloidyTB'
12/26/2025 17:14:55	DEBUG	7	0	NodeParam::doCheck(): 'MainNode-main-experiments-node-tuscan-node-tuscan-switch-node-tuscan-total-cn-node:tuscan-lowPloidy_nGoF4'
12/26/2025 17:14:55	DEBUG	7	0	NodeParam::doCheck(): 'MainNode-main-experiments-node-tuscan-node-tuscan-switch-node-tuscan-total-cn-node:tuscan-hiPloidy1'
12/26/2025 17:14:55	DEBUG	7	0	NodeParam::doCheck(): 'MainNode-main-experiments-node-tuscan-node-tuscan-switch-node-tuscan-total-cn-node:tuscan-hiPloidy2'
12/26/2025 17:14:55	DEBUG	7	0	NodeParam::doCheck(): 'MainNode-main-experiments-node-tuscan-node-tuscan-switch-node-tuscan-total-cn-node:tuscan-hiPloidyTB'
12/26/2025 17:14:55	DEBUG	7	0	NodeParam::doCheck(): 'MainNode-main-experiments-node-tuscan-node-tuscan-switch-node-tuscan-total-cn-node:tuscan-hiPloidy_nGoF4'
12/26/2025 17:14:55	DEBUG	7	0	NodeParam::doCheck(): 'MainNode-main-experiments-node-tuscan-node-tuscan-switch-node-tuscan-total-cn-node:tuscan-REL_threshold1'
12/26/2025 17:14:55	DEBUG	7	0	NodeParam::doCheck(): 'MainNode-main-experiments-node-tuscan-node-tuscan-switch-node-tuscan-total-cn-node:tuscan-REL_threshold2_hi'
12/26/2025 17:14:55	DEBUG	7	0	NodeParam::doCheck(): 'MainNode-main-experiments-node-tuscan-node-tuscan-switch-node-tuscan-total-cn-node:tuscan-REL_threshold2_low'
12/26/2025 17:14:55	DEBUG	7	0	NodeParam::doCheck(): 'MainNode-main-experiments-node-tuscan-node-tuscan-switch-node-tuscan-total-cn-node:tuscan-REL_maxMinimumIndex'
12/26/2025 17:14:55	DEBUG	7	0	NodeParam::doCheck(): 'MainNode-main-experiments-node-tuscan-node-tuscan-switch-node-tuscan-total-cn-node:tuscan-REL_noSearchIfminWeight'
12/26/2025 17:14:55	DEBUG	7	0	NodeParam::doCheck(): 'MainNode-main-experiments-node-tuscan-node-tuscan-switch-node-tuscan-total-cn-node:tuscan-report-internal-ploidy'
12/26/2025 17:14:55	DEBUG	7	0	NodeParam::doCheck(): 'MainNode-main-experiments-node-tuscan-node-tuscan-switch-node-tuscan-total-cn-node:@tuscan-retain-pre-pushup-segments'
12/26/2025 17:14:55	DEBUG	7	0	NodeParam::doCheck(): 'MainNode-main-experiments-node-shrinkage-v2-node:@dump-nodes'
12/26/2025 17:14:55	DEBUG	7	0	NodeParam::doCheck(): 'MainNode-main-experiments-node-shrinkage-v2-node:@dump-nodes-long'
12/26/2025 17:14:55	DEBUG	7	0	NodeParam::doCheck(): 'MainNode-main-experiments-node-shrinkage-v2-node:@dump-nodes-classes'
12/26/2025 17:14:55	DEBUG	7	0	NodeParam::doCheck(): 'MainNode-main-experiments-node-shrinkage-v2-node:@dump-data-flow'
12/26/2025 17:14:55	DEBUG	7	0	NodeParam::doCheck(): 'MainNode-main-experiments-node-shrinkage-v2-node:@dump-param'
12/26/2025 17:14:55	DEBUG	7	0	NodeParam::doCheck(): 'MainNode-main-experiments-node-shrinkage-v2-node:@dump-param-long'
12/26/2025 17:14:55	DEBUG	7	0	NodeParam::doCheck(): 'MainNode-main-experiments-node-shrinkage-v2-node:@dump-param-dev'
12/26/2025 17:14:55	DEBUG	7	0	NodeParam::doCheck(): 'MainNode-main-experiments-node-shrinkage-v2-node:@dump-param-long-dev'
12/26/2025 17:14:55	DEBUG	7	0	NodeParam::doCheck(): 'MainNode-main-experiments-node-shrinkage-v2-node:@dump-all'
12/26/2025 17:14:55	DEBUG	7	0	NodeParam::doCheck(): 'MainNode-main-experiments-node-shrinkage-v2-node:@dump-all-long'
12/26/2025 17:14:55	DEBUG	7	0	NodeParam::doCheck(): 'MainNode-main-experiments-node-shrinkage-v2-node:enable'
12/26/2025 17:14:55	DEBUG	7	0	NodeParam::doCheck(): 'MainNode-main-experiments-node-shrinkage-v2-node:disable'
12/26/2025 17:14:55	DEBUG	7	0	NodeParam::doCheck(): 'MainNode-main-experiments-node-shrinkage-v2-node:@serialize'
12/26/2025 17:14:55	DEBUG	7	0	NodeParam::doCheck(): 'MainNode-main-experiments-node-shrinkage-v2-node:@serialize-pre'
12/26/2025 17:14:55	DEBUG	7	0	NodeParam::doCheck(): 'MainNode-main-experiments-node-shrinkage-v2-node:@serialize-post'
12/26/2025 17:14:55	DEBUG	7	0	NodeParam::doCheck(): 'MainNode-main-experiments-node-shrinkage-v2-node:@stop'
12/26/2025 17:14:55	DEBUG	7	0	NodeParam::doCheck(): 'MainNode-main-experiments-node-shrinkage-v2-node:@stop-after'
12/26/2025 17:14:55	DEBUG	7	0	NodeParam::doCheck(): 'MainNode-main-experiments-node-shrinkage-v2-node:shrink-lprec'
12/26/2025 17:14:55	DEBUG	7	0	NodeParam::doCheck(): 'MainNode-main-experiments-node-shrinkage-v2-node:outlier-shrink-lprec'
12/26/2025 17:14:55	DEBUG	7	0	NodeParam::doCheck(): 'MainNode-main-experiments-node-shrinkage-v2-node:shrink-converge'
12/26/2025 17:14:55	DEBUG	7	0	NodeParam::doCheck(): 'MainNode-main-experiments-node-shrinkage-v2-node:outlier-shrink-converge'
12/26/2025 17:14:55	DEBUG	7	0	NodeParam::doCheck(): 'MainNode-main-experiments-node-shrinkage-v2-node:shrink-downweight-maxiter'
12/26/2025 17:14:55	DEBUG	7	0	NodeParam::doCheck(): 'MainNode-main-experiments-node-shrinkage-v2-node:outlier-shrink-large-stdev'
12/26/2025 17:14:55	DEBUG	7	0	NodeParam::doCheck(): 'MainNode-main-experiments-node-cn-gender-node:@dump-nodes'
12/26/2025 17:14:55	DEBUG	7	0	NodeParam::doCheck(): 'MainNode-main-experiments-node-cn-gender-node:@dump-nodes-long'
12/26/2025 17:14:55	DEBUG	7	0	NodeParam::doCheck(): 'MainNode-main-experiments-node-cn-gender-node:@dump-nodes-classes'
12/26/2025 17:14:55	DEBUG	7	0	NodeParam::doCheck(): 'MainNode-main-experiments-node-cn-gender-node:@dump-data-flow'
12/26/2025 17:14:55	DEBUG	7	0	NodeParam::doCheck(): 'MainNode-main-experiments-node-cn-gender-node:@dump-param'
12/26/2025 17:14:55	DEBUG	7	0	NodeParam::doCheck(): 'MainNode-main-experiments-node-cn-gender-node:@dump-param-long'
12/26/2025 17:14:55	DEBUG	7	0	NodeParam::doCheck(): 'MainNode-main-experiments-node-cn-gender-node:@dump-param-dev'
12/26/2025 17:14:55	DEBUG	7	0	NodeParam::doCheck(): 'MainNode-main-experiments-node-cn-gender-node:@dump-param-long-dev'
12/26/2025 17:14:55	DEBUG	7	0	NodeParam::doCheck(): 'MainNode-main-experiments-node-cn-gender-node:@dump-all'
12/26/2025 17:14:55	DEBUG	7	0	NodeParam::doCheck(): 'MainNode-main-experiments-node-cn-gender-node:@dump-all-long'
12/26/2025 17:14:55	DEBUG	7	0	NodeParam::doCheck(): 'MainNode-main-experiments-node-cn-gender-node:enable'
12/26/2025 17:14:55	DEBUG	7	0	NodeParam::doCheck(): 'MainNode-main-experiments-node-cn-gender-node:disable'
12/26/2025 17:14:55	DEBUG	7	0	NodeParam::doCheck(): 'MainNode-main-experiments-node-cn-gender-node:@serialize'
12/26/2025 17:14:55	DEBUG	7	0	NodeParam::doCheck(): 'MainNode-main-experiments-node-cn-gender-node:@serialize-pre'
12/26/2025 17:14:55	DEBUG	7	0	NodeParam::doCheck(): 'MainNode-main-experiments-node-cn-gender-node:@serialize-post'
12/26/2025 17:14:55	DEBUG	7	0	NodeParam::doCheck(): 'MainNode-main-experiments-node-cn-gender-node:@stop'
12/26/2025 17:14:55	DEBUG	7	0	NodeParam::doCheck(): 'MainNode-main-experiments-node-cn-gender-node:@stop-after'
12/26/2025 17:14:55	DEBUG	7	0	NodeParam::doCheck(): 'MainNode-main-experiments-node-cn-gender-node:cn-gender-cutoff'
12/26/2025 17:14:55	DEBUG	7	0	NodeParam::doCheck(): 'MainNode-main-experiments-node-cn-gender-node:cn-state-threshold'
12/26/2025 17:14:55	DEBUG	7	0	NodeParam::doCheck(): 'MainNode-main-experiments-node-par-segments-node:@dump-nodes'
12/26/2025 17:14:55	DEBUG	7	0	NodeParam::doCheck(): 'MainNode-main-experiments-node-par-segments-node:@dump-nodes-long'
12/26/2025 17:14:55	DEBUG	7	0	NodeParam::doCheck(): 'MainNode-main-experiments-node-par-segments-node:@dump-nodes-classes'
12/26/2025 17:14:55	DEBUG	7	0	NodeParam::doCheck(): 'MainNode-main-experiments-node-par-segments-node:@dump-data-flow'
12/26/2025 17:14:55	DEBUG	7	0	NodeParam::doCheck(): 'MainNode-main-experiments-node-par-segments-node:@dump-param'
12/26/2025 17:14:55	DEBUG	7	0	NodeParam::doCheck(): 'MainNode-main-experiments-node-par-segments-node:@dump-param-long'
12/26/2025 17:14:55	DEBUG	7	0	NodeParam::doCheck(): 'MainNode-main-experiments-node-par-segments-node:@dump-param-dev'
12/26/2025 17:14:55	DEBUG	7	0	NodeParam::doCheck(): 'MainNode-main-experiments-node-par-segments-node:@dump-param-long-dev'
12/26/2025 17:14:55	DEBUG	7	0	NodeParam::doCheck(): 'MainNode-main-experiments-node-par-segments-node:@dump-all'
12/26/2025 17:14:55	DEBUG	7	0	NodeParam::doCheck(): 'MainNode-main-experiments-node-par-segments-node:@dump-all-long'
12/26/2025 17:14:55	DEBUG	7	0	NodeParam::doCheck(): 'MainNode-main-experiments-node-par-segments-node:enable'
12/26/2025 17:14:55	DEBUG	7	0	NodeParam::doCheck(): 'MainNode-main-experiments-node-par-segments-node:disable'
12/26/2025 17:14:55	DEBUG	7	0	NodeParam::doCheck(): 'MainNode-main-experiments-node-par-segments-node:@serialize'
12/26/2025 17:14:55	DEBUG	7	0	NodeParam::doCheck(): 'MainNode-main-experiments-node-par-segments-node:@serialize-pre'
12/26/2025 17:14:55	DEBUG	7	0	NodeParam::doCheck(): 'MainNode-main-experiments-node-par-segments-node:@serialize-post'
12/26/2025 17:14:55	DEBUG	7	0	NodeParam::doCheck(): 'MainNode-main-experiments-node-par-segments-node:@stop'
12/26/2025 17:14:55	DEBUG	7	0	NodeParam::doCheck(): 'MainNode-main-experiments-node-par-segments-node:@stop-after'
12/26/2025 17:14:55	DEBUG	7	0	NodeParam::doCheck(): 'MainNode-main-experiments-node-par-segments-node:@tuscan-no-par-breakpoints'
12/26/2025 17:14:55	DEBUG	7	0	NodeParam::doCheck(): 'MainNode-main-experiments-node-tuscan-binned-cn-node:@dump-nodes'
12/26/2025 17:14:55	DEBUG	7	0	NodeParam::doCheck(): 'MainNode-main-experiments-node-tuscan-binned-cn-node:@dump-nodes-long'
12/26/2025 17:14:55	DEBUG	7	0	NodeParam::doCheck(): 'MainNode-main-experiments-node-tuscan-binned-cn-node:@dump-nodes-classes'
12/26/2025 17:14:55	DEBUG	7	0	NodeParam::doCheck(): 'MainNode-main-experiments-node-tuscan-binned-cn-node:@dump-data-flow'
12/26/2025 17:14:55	DEBUG	7	0	NodeParam::doCheck(): 'MainNode-main-experiments-node-tuscan-binned-cn-node:@dump-param'
12/26/2025 17:14:55	DEBUG	7	0	NodeParam::doCheck(): 'MainNode-main-experiments-node-tuscan-binned-cn-node:@dump-param-long'
12/26/2025 17:14:55	DEBUG	7	0	NodeParam::doCheck(): 'MainNode-main-experiments-node-tuscan-binned-cn-node:@dump-param-dev'
12/26/2025 17:14:55	DEBUG	7	0	NodeParam::doCheck(): 'MainNode-main-experiments-node-tuscan-binned-cn-node:@dump-param-long-dev'
12/26/2025 17:14:55	DEBUG	7	0	NodeParam::doCheck(): 'MainNode-main-experiments-node-tuscan-binned-cn-node:@dump-all'
12/26/2025 17:14:55	DEBUG	7	0	NodeParam::doCheck(): 'MainNode-main-experiments-node-tuscan-binned-cn-node:@dump-all-long'
12/26/2025 17:14:55	DEBUG	7	0	NodeParam::doCheck(): 'MainNode-main-experiments-node-tuscan-binned-cn-node:enable'
12/26/2025 17:14:55	DEBUG	7	0	NodeParam::doCheck(): 'MainNode-main-experiments-node-tuscan-binned-cn-node:disable'
12/26/2025 17:14:55	DEBUG	7	0	NodeParam::doCheck(): 'MainNode-main-experiments-node-tuscan-binned-cn-node:@serialize'
12/26/2025 17:14:55	DEBUG	7	0	NodeParam::doCheck(): 'MainNode-main-experiments-node-tuscan-binned-cn-node:@serialize-pre'
12/26/2025 17:14:55	DEBUG	7	0	NodeParam::doCheck(): 'MainNode-main-experiments-node-tuscan-binned-cn-node:@serialize-post'
12/26/2025 17:14:55	DEBUG	7	0	NodeParam::doCheck(): 'MainNode-main-experiments-node-tuscan-binned-cn-node:@stop'
12/26/2025 17:14:55	DEBUG	7	0	NodeParam::doCheck(): 'MainNode-main-experiments-node-tuscan-binned-cn-node:@stop-after'
12/26/2025 17:14:55	DEBUG	7	0	NodeParam::doCheck(): 'MainNode-main-experiments-node-tuscan-binned-cn-node:tuscan-cn-bin'
12/26/2025 17:14:55	DEBUG	7	0	NodeParam::doCheck(): 'MainNode-main-experiments-node-tuscan-binned-cn-node:tuscan-cn-bin-values'
12/26/2025 17:14:55	DEBUG	7	0	NodeParam::doCheck(): 'MainNode-main-experiments-node-kernel-smooth-node:@dump-nodes'
12/26/2025 17:14:55	DEBUG	7	0	NodeParam::doCheck(): 'MainNode-main-experiments-node-kernel-smooth-node:@dump-nodes-long'
12/26/2025 17:14:55	DEBUG	7	0	NodeParam::doCheck(): 'MainNode-main-experiments-node-kernel-smooth-node:@dump-nodes-classes'
12/26/2025 17:14:55	DEBUG	7	0	NodeParam::doCheck(): 'MainNode-main-experiments-node-kernel-smooth-node:@dump-data-flow'
12/26/2025 17:14:55	DEBUG	7	0	NodeParam::doCheck(): 'MainNode-main-experiments-node-kernel-smooth-node:@dump-param'
12/26/2025 17:14:55	DEBUG	7	0	NodeParam::doCheck(): 'MainNode-main-experiments-node-kernel-smooth-node:@dump-param-long'
12/26/2025 17:14:55	DEBUG	7	0	NodeParam::doCheck(): 'MainNode-main-experiments-node-kernel-smooth-node:@dump-param-dev'
12/26/2025 17:14:55	DEBUG	7	0	NodeParam::doCheck(): 'MainNode-main-experiments-node-kernel-smooth-node:@dump-param-long-dev'
12/26/2025 17:14:55	DEBUG	7	0	NodeParam::doCheck(): 'MainNode-main-experiments-node-kernel-smooth-node:@dump-all'
12/26/2025 17:14:55	DEBUG	7	0	NodeParam::doCheck(): 'MainNode-main-experiments-node-kernel-smooth-node:@dump-all-long'
12/26/2025 17:14:55	DEBUG	7	0	NodeParam::doCheck(): 'MainNode-main-experiments-node-kernel-smooth-node:enable'
12/26/2025 17:14:55	DEBUG	7	0	NodeParam::doCheck(): 'MainNode-main-experiments-node-kernel-smooth-node:disable'
12/26/2025 17:14:55	DEBUG	7	0	NodeParam::doCheck(): 'MainNode-main-experiments-node-kernel-smooth-node:@serialize'
12/26/2025 17:14:55	DEBUG	7	0	NodeParam::doCheck(): 'MainNode-main-experiments-node-kernel-smooth-node:@serialize-pre'
12/26/2025 17:14:55	DEBUG	7	0	NodeParam::doCheck(): 'MainNode-main-experiments-node-kernel-smooth-node:@serialize-post'
12/26/2025 17:14:55	DEBUG	7	0	NodeParam::doCheck(): 'MainNode-main-experiments-node-kernel-smooth-node:@stop'
12/26/2025 17:14:55	DEBUG	7	0	NodeParam::doCheck(): 'MainNode-main-experiments-node-kernel-smooth-node:@stop-after'
12/26/2025 17:14:55	DEBUG	7	0	NodeParam::doCheck(): 'MainNode-main-experiments-node-kernel-smooth-node:kernel-sigma-span'
12/26/2025 17:14:55	DEBUG	7	0	NodeParam::doCheck(): 'MainNode-main-experiments-node-genotyping-node:@dump-nodes'
12/26/2025 17:14:55	DEBUG	7	0	NodeParam::doCheck(): 'MainNode-main-experiments-node-genotyping-node:@dump-nodes-long'
12/26/2025 17:14:55	DEBUG	7	0	NodeParam::doCheck(): 'MainNode-main-experiments-node-genotyping-node:@dump-nodes-classes'
12/26/2025 17:14:55	DEBUG	7	0	NodeParam::doCheck(): 'MainNode-main-experiments-node-genotyping-node:@dump-data-flow'
12/26/2025 17:14:55	DEBUG	7	0	NodeParam::doCheck(): 'MainNode-main-experiments-node-genotyping-node:@dump-param'
12/26/2025 17:14:55	DEBUG	7	0	NodeParam::doCheck(): 'MainNode-main-experiments-node-genotyping-node:@dump-param-long'
12/26/2025 17:14:55	DEBUG	7	0	NodeParam::doCheck(): 'MainNode-main-experiments-node-genotyping-node:@dump-param-dev'
12/26/2025 17:14:55	DEBUG	7	0	NodeParam::doCheck(): 'MainNode-main-experiments-node-genotyping-node:@dump-param-long-dev'
12/26/2025 17:14:55	DEBUG	7	0	NodeParam::doCheck(): 'MainNode-main-experiments-node-genotyping-node:@dump-all'
12/26/2025 17:14:55	DEBUG	7	0	NodeParam::doCheck(): 'MainNode-main-experiments-node-genotyping-node:@dump-all-long'
12/26/2025 17:14:55	DEBUG	7	0	NodeParam::doCheck(): 'MainNode-main-experiments-node-genotyping-node:enable'
12/26/2025 17:14:55	DEBUG	7	0	NodeParam::doCheck(): 'MainNode-main-experiments-node-genotyping-node:disable'
12/26/2025 17:14:55	DEBUG	7	0	NodeParam::doCheck(): 'MainNode-main-experiments-node-genotyping-node:@serialize'
12/26/2025 17:14:55	DEBUG	7	0	NodeParam::doCheck(): 'MainNode-main-experiments-node-genotyping-node:@serialize-pre'
12/26/2025 17:14:55	DEBUG	7	0	NodeParam::doCheck(): 'MainNode-main-experiments-node-genotyping-node:@serialize-post'
12/26/2025 17:14:55	DEBUG	7	0	NodeParam::doCheck(): 'MainNode-main-experiments-node-genotyping-node:@stop'
12/26/2025 17:14:55	DEBUG	7	0	NodeParam::doCheck(): 'MainNode-main-experiments-node-genotyping-node:@stop-after'
12/26/2025 17:14:55	DEBUG	7	0	NodeParam::doCheck(): 'MainNode-main-experiments-node-cel-pair-check-node:@dump-nodes'
12/26/2025 17:14:55	DEBUG	7	0	NodeParam::doCheck(): 'MainNode-main-experiments-node-cel-pair-check-node:@dump-nodes-long'
12/26/2025 17:14:55	DEBUG	7	0	NodeParam::doCheck(): 'MainNode-main-experiments-node-cel-pair-check-node:@dump-nodes-classes'
12/26/2025 17:14:55	DEBUG	7	0	NodeParam::doCheck(): 'MainNode-main-experiments-node-cel-pair-check-node:@dump-data-flow'
12/26/2025 17:14:55	DEBUG	7	0	NodeParam::doCheck(): 'MainNode-main-experiments-node-cel-pair-check-node:@dump-param'
12/26/2025 17:14:55	DEBUG	7	0	NodeParam::doCheck(): 'MainNode-main-experiments-node-cel-pair-check-node:@dump-param-long'
12/26/2025 17:14:55	DEBUG	7	0	NodeParam::doCheck(): 'MainNode-main-experiments-node-cel-pair-check-node:@dump-param-dev'
12/26/2025 17:14:55	DEBUG	7	0	NodeParam::doCheck(): 'MainNode-main-experiments-node-cel-pair-check-node:@dump-param-long-dev'
12/26/2025 17:14:55	DEBUG	7	0	NodeParam::doCheck(): 'MainNode-main-experiments-node-cel-pair-check-node:@dump-all'
12/26/2025 17:14:55	DEBUG	7	0	NodeParam::doCheck(): 'MainNode-main-experiments-node-cel-pair-check-node:@dump-all-long'
12/26/2025 17:14:55	DEBUG	7	0	NodeParam::doCheck(): 'MainNode-main-experiments-node-cel-pair-check-node:enable'
12/26/2025 17:14:55	DEBUG	7	0	NodeParam::doCheck(): 'MainNode-main-experiments-node-cel-pair-check-node:disable'
12/26/2025 17:14:55	DEBUG	7	0	NodeParam::doCheck(): 'MainNode-main-experiments-node-cel-pair-check-node:@serialize'
12/26/2025 17:14:55	DEBUG	7	0	NodeParam::doCheck(): 'MainNode-main-experiments-node-cel-pair-check-node:@serialize-pre'
12/26/2025 17:14:55	DEBUG	7	0	NodeParam::doCheck(): 'MainNode-main-experiments-node-cel-pair-check-node:@serialize-post'
12/26/2025 17:14:55	DEBUG	7	0	NodeParam::doCheck(): 'MainNode-main-experiments-node-cel-pair-check-node:@stop'
12/26/2025 17:14:55	DEBUG	7	0	NodeParam::doCheck(): 'MainNode-main-experiments-node-cel-pair-check-node:@stop-after'
12/26/2025 17:14:55	DEBUG	7	0	NodeParam::doCheck(): 'MainNode-main-experiments-node-cel-pair-check-node:sig-snp-min-call-rate'
12/26/2025 17:14:55	DEBUG	7	0	NodeParam::doCheck(): 'MainNode-main-experiments-node-cel-pair-check-node:sig-snp-min-compare-rate'
12/26/2025 17:14:55	DEBUG	7	0	NodeParam::doCheck(): 'MainNode-main-experiments-node-cel-pair-check-node:sig-snp-min-concordance'
12/26/2025 17:14:55	DEBUG	7	0	NodeParam::doCheck(): 'MainNode-main-experiments-node-cel-pair-check-node:sig-snp-min-strength-sketch-rank'
12/26/2025 17:14:55	DEBUG	7	0	NodeParam::doCheck(): 'MainNode-main-experiments-node-cel-pair-check-node:sig-snp-report-filename'
12/26/2025 17:14:55	DEBUG	7	0	NodeParam::doCheck(): 'MainNode-main-experiments-node-matched-normal-check-node:@dump-nodes'
12/26/2025 17:14:55	DEBUG	7	0	NodeParam::doCheck(): 'MainNode-main-experiments-node-matched-normal-check-node:@dump-nodes-long'
12/26/2025 17:14:55	DEBUG	7	0	NodeParam::doCheck(): 'MainNode-main-experiments-node-matched-normal-check-node:@dump-nodes-classes'
12/26/2025 17:14:55	DEBUG	7	0	NodeParam::doCheck(): 'MainNode-main-experiments-node-matched-normal-check-node:@dump-data-flow'
12/26/2025 17:14:55	DEBUG	7	0	NodeParam::doCheck(): 'MainNode-main-experiments-node-matched-normal-check-node:@dump-param'
12/26/2025 17:14:55	DEBUG	7	0	NodeParam::doCheck(): 'MainNode-main-experiments-node-matched-normal-check-node:@dump-param-long'
12/26/2025 17:14:55	DEBUG	7	0	NodeParam::doCheck(): 'MainNode-main-experiments-node-matched-normal-check-node:@dump-param-dev'
12/26/2025 17:14:55	DEBUG	7	0	NodeParam::doCheck(): 'MainNode-main-experiments-node-matched-normal-check-node:@dump-param-long-dev'
12/26/2025 17:14:55	DEBUG	7	0	NodeParam::doCheck(): 'MainNode-main-experiments-node-matched-normal-check-node:@dump-all'
12/26/2025 17:14:55	DEBUG	7	0	NodeParam::doCheck(): 'MainNode-main-experiments-node-matched-normal-check-node:@dump-all-long'
12/26/2025 17:14:55	DEBUG	7	0	NodeParam::doCheck(): 'MainNode-main-experiments-node-matched-normal-check-node:enable'
12/26/2025 17:14:55	DEBUG	7	0	NodeParam::doCheck(): 'MainNode-main-experiments-node-matched-normal-check-node:disable'
12/26/2025 17:14:55	DEBUG	7	0	NodeParam::doCheck(): 'MainNode-main-experiments-node-matched-normal-check-node:@serialize'
12/26/2025 17:14:55	DEBUG	7	0	NodeParam::doCheck(): 'MainNode-main-experiments-node-matched-normal-check-node:@serialize-pre'
12/26/2025 17:14:55	DEBUG	7	0	NodeParam::doCheck(): 'MainNode-main-experiments-node-matched-normal-check-node:@serialize-post'
12/26/2025 17:14:55	DEBUG	7	0	NodeParam::doCheck(): 'MainNode-main-experiments-node-matched-normal-check-node:@stop'
12/26/2025 17:14:55	DEBUG	7	0	NodeParam::doCheck(): 'MainNode-main-experiments-node-matched-normal-check-node:@stop-after'
12/26/2025 17:14:55	DEBUG	7	0	NodeParam::doCheck(): 'MainNode-main-experiments-node-remove-ap-modulation-node:@dump-nodes'
12/26/2025 17:14:55	DEBUG	7	0	NodeParam::doCheck(): 'MainNode-main-experiments-node-remove-ap-modulation-node:@dump-nodes-long'
12/26/2025 17:14:55	DEBUG	7	0	NodeParam::doCheck(): 'MainNode-main-experiments-node-remove-ap-modulation-node:@dump-nodes-classes'
12/26/2025 17:14:55	DEBUG	7	0	NodeParam::doCheck(): 'MainNode-main-experiments-node-remove-ap-modulation-node:@dump-data-flow'
12/26/2025 17:14:55	DEBUG	7	0	NodeParam::doCheck(): 'MainNode-main-experiments-node-remove-ap-modulation-node:@dump-param'
12/26/2025 17:14:55	DEBUG	7	0	NodeParam::doCheck(): 'MainNode-main-experiments-node-remove-ap-modulation-node:@dump-param-long'
12/26/2025 17:14:55	DEBUG	7	0	NodeParam::doCheck(): 'MainNode-main-experiments-node-remove-ap-modulation-node:@dump-param-dev'
12/26/2025 17:14:55	DEBUG	7	0	NodeParam::doCheck(): 'MainNode-main-experiments-node-remove-ap-modulation-node:@dump-param-long-dev'
12/26/2025 17:14:55	DEBUG	7	0	NodeParam::doCheck(): 'MainNode-main-experiments-node-remove-ap-modulation-node:@dump-all'
12/26/2025 17:14:55	DEBUG	7	0	NodeParam::doCheck(): 'MainNode-main-experiments-node-remove-ap-modulation-node:@dump-all-long'
12/26/2025 17:14:55	DEBUG	7	0	NodeParam::doCheck(): 'MainNode-main-experiments-node-remove-ap-modulation-node:enable'
12/26/2025 17:14:55	DEBUG	7	0	NodeParam::doCheck(): 'MainNode-main-experiments-node-remove-ap-modulation-node:disable'
12/26/2025 17:14:55	DEBUG	7	0	NodeParam::doCheck(): 'MainNode-main-experiments-node-remove-ap-modulation-node:@serialize'
12/26/2025 17:14:55	DEBUG	7	0	NodeParam::doCheck(): 'MainNode-main-experiments-node-remove-ap-modulation-node:@serialize-pre'
12/26/2025 17:14:55	DEBUG	7	0	NodeParam::doCheck(): 'MainNode-main-experiments-node-remove-ap-modulation-node:@serialize-post'
12/26/2025 17:14:55	DEBUG	7	0	NodeParam::doCheck(): 'MainNode-main-experiments-node-remove-ap-modulation-node:@stop'
12/26/2025 17:14:55	DEBUG	7	0	NodeParam::doCheck(): 'MainNode-main-experiments-node-remove-ap-modulation-node:@stop-after'
12/26/2025 17:14:55	DEBUG	7	0	NodeParam::doCheck(): 'MainNode-main-experiments-node-remove-ap-modulation-node:rm-ap-mod-step'
12/26/2025 17:14:55	DEBUG	7	0	NodeParam::doCheck(): 'MainNode-main-experiments-node-remove-ap-modulation-node:rm-ap-mod-window'
12/26/2025 17:14:55	DEBUG	7	0	NodeParam::doCheck(): 'MainNode-main-experiments-node-remove-ap-modulation-node:rm-ap-mod-point-count'
12/26/2025 17:14:55	DEBUG	7	0	NodeParam::doCheck(): 'MainNode-main-experiments-node-remove-ap-modulation-node:rm-ap-mod-bandwidth'
12/26/2025 17:14:55	DEBUG	7	0	NodeParam::doCheck(): 'MainNode-main-experiments-node-remove-ap-modulation-node:rm-ap-mod-cutoff'
12/26/2025 17:14:55	DEBUG	7	0	NodeParam::doCheck(): 'MainNode-main-experiments-node-remove-ap-modulation-node:rm-ap-mod-threshold'
12/26/2025 17:14:55	DEBUG	7	0	NodeParam::doCheck(): 'MainNode-main-experiments-node-remove-ap-modulation-node:rm-ap-mod-height-threshold'
12/26/2025 17:14:55	DEBUG	7	0	NodeParam::doCheck(): 'MainNode-main-experiments-node-remove-ap-modulation-node:rm-ap-mod-height-threshold-bound'
12/26/2025 17:14:55	DEBUG	7	0	NodeParam::doCheck(): 'MainNode-main-experiments-node-remove-ap-modulation-node:rm-ap-mod-symmetry'
12/26/2025 17:14:55	DEBUG	7	0	NodeParam::doCheck(): 'MainNode-main-experiments-node-remove-ap-modulation-node:rm-ap-mod-fld-weights'
12/26/2025 17:14:55	DEBUG	7	0	NodeParam::doCheck(): 'MainNode-main-experiments-node-allele-peaks-ad-node:@dump-nodes'
12/26/2025 17:14:55	DEBUG	7	0	NodeParam::doCheck(): 'MainNode-main-experiments-node-allele-peaks-ad-node:@dump-nodes-long'
12/26/2025 17:14:55	DEBUG	7	0	NodeParam::doCheck(): 'MainNode-main-experiments-node-allele-peaks-ad-node:@dump-nodes-classes'
12/26/2025 17:14:55	DEBUG	7	0	NodeParam::doCheck(): 'MainNode-main-experiments-node-allele-peaks-ad-node:@dump-data-flow'
12/26/2025 17:14:55	DEBUG	7	0	NodeParam::doCheck(): 'MainNode-main-experiments-node-allele-peaks-ad-node:@dump-param'
12/26/2025 17:14:55	DEBUG	7	0	NodeParam::doCheck(): 'MainNode-main-experiments-node-allele-peaks-ad-node:@dump-param-long'
12/26/2025 17:14:55	DEBUG	7	0	NodeParam::doCheck(): 'MainNode-main-experiments-node-allele-peaks-ad-node:@dump-param-dev'
12/26/2025 17:14:55	DEBUG	7	0	NodeParam::doCheck(): 'MainNode-main-experiments-node-allele-peaks-ad-node:@dump-param-long-dev'
12/26/2025 17:14:55	DEBUG	7	0	NodeParam::doCheck(): 'MainNode-main-experiments-node-allele-peaks-ad-node:@dump-all'
12/26/2025 17:14:55	DEBUG	7	0	NodeParam::doCheck(): 'MainNode-main-experiments-node-allele-peaks-ad-node:@dump-all-long'
12/26/2025 17:14:55	DEBUG	7	0	NodeParam::doCheck(): 'MainNode-main-experiments-node-allele-peaks-ad-node:enable'
12/26/2025 17:14:55	DEBUG	7	0	NodeParam::doCheck(): 'MainNode-main-experiments-node-allele-peaks-ad-node:disable'
12/26/2025 17:14:55	DEBUG	7	0	NodeParam::doCheck(): 'MainNode-main-experiments-node-allele-peaks-ad-node:@serialize'
12/26/2025 17:14:55	DEBUG	7	0	NodeParam::doCheck(): 'MainNode-main-experiments-node-allele-peaks-ad-node:@serialize-pre'
12/26/2025 17:14:55	DEBUG	7	0	NodeParam::doCheck(): 'MainNode-main-experiments-node-allele-peaks-ad-node:@serialize-post'
12/26/2025 17:14:55	DEBUG	7	0	NodeParam::doCheck(): 'MainNode-main-experiments-node-allele-peaks-ad-node:@stop'
12/26/2025 17:14:55	DEBUG	7	0	NodeParam::doCheck(): 'MainNode-main-experiments-node-allele-peaks-ad-node:@stop-after'
12/26/2025 17:14:55	DEBUG	7	0	NodeParam::doCheck(): 'MainNode-main-experiments-node-allele-peaks-ad-node:ap-ad-step'
12/26/2025 17:14:55	DEBUG	7	0	NodeParam::doCheck(): 'MainNode-main-experiments-node-allele-peaks-ad-node:ap-ad-window'
12/26/2025 17:14:55	DEBUG	7	0	NodeParam::doCheck(): 'MainNode-main-experiments-node-allele-peaks-ad-node:ap-ad-point-count'
12/26/2025 17:14:55	DEBUG	7	0	NodeParam::doCheck(): 'MainNode-main-experiments-node-allele-peaks-ad-node:ap-ad-bandwidth'
12/26/2025 17:14:55	DEBUG	7	0	NodeParam::doCheck(): 'MainNode-main-experiments-node-allele-peaks-ad-node:ap-ad-cutoff'
12/26/2025 17:14:55	DEBUG	7	0	NodeParam::doCheck(): 'MainNode-main-experiments-node-allele-peaks-ad-node:ap-ad-threshold'
12/26/2025 17:14:55	DEBUG	7	0	NodeParam::doCheck(): 'MainNode-main-experiments-node-allele-peaks-ad-node:ap-ad-height-threshold'
12/26/2025 17:14:55	DEBUG	7	0	NodeParam::doCheck(): 'MainNode-main-experiments-node-allele-peaks-ad-node:ap-ad-height-threshold-bound'
12/26/2025 17:14:55	DEBUG	7	0	NodeParam::doCheck(): 'MainNode-main-experiments-node-allele-peaks-ad-node:ap-ad-symmetry'
12/26/2025 17:14:55	DEBUG	7	0	NodeParam::doCheck(): 'MainNode-main-experiments-node-allele-peaks-ad-node:ap-ad-fld-weights'
12/26/2025 17:14:55	DEBUG	7	0	NodeParam::doCheck(): 'MainNode-main-experiments-node-loh-node:@dump-nodes'
12/26/2025 17:14:55	DEBUG	7	0	NodeParam::doCheck(): 'MainNode-main-experiments-node-loh-node:@dump-nodes-long'
12/26/2025 17:14:55	DEBUG	7	0	NodeParam::doCheck(): 'MainNode-main-experiments-node-loh-node:@dump-nodes-classes'
12/26/2025 17:14:55	DEBUG	7	0	NodeParam::doCheck(): 'MainNode-main-experiments-node-loh-node:@dump-data-flow'
12/26/2025 17:14:55	DEBUG	7	0	NodeParam::doCheck(): 'MainNode-main-experiments-node-loh-node:@dump-param'
12/26/2025 17:14:55	DEBUG	7	0	NodeParam::doCheck(): 'MainNode-main-experiments-node-loh-node:@dump-param-long'
12/26/2025 17:14:55	DEBUG	7	0	NodeParam::doCheck(): 'MainNode-main-experiments-node-loh-node:@dump-param-dev'
12/26/2025 17:14:55	DEBUG	7	0	NodeParam::doCheck(): 'MainNode-main-experiments-node-loh-node:@dump-param-long-dev'
12/26/2025 17:14:55	DEBUG	7	0	NodeParam::doCheck(): 'MainNode-main-experiments-node-loh-node:@dump-all'
12/26/2025 17:14:55	DEBUG	7	0	NodeParam::doCheck(): 'MainNode-main-experiments-node-loh-node:@dump-all-long'
12/26/2025 17:14:55	DEBUG	7	0	NodeParam::doCheck(): 'MainNode-main-experiments-node-loh-node:enable'
12/26/2025 17:14:55	DEBUG	7	0	NodeParam::doCheck(): 'MainNode-main-experiments-node-loh-node:disable'
12/26/2025 17:14:55	DEBUG	7	0	NodeParam::doCheck(): 'MainNode-main-experiments-node-loh-node:@serialize'
12/26/2025 17:14:55	DEBUG	7	0	NodeParam::doCheck(): 'MainNode-main-experiments-node-loh-node:@serialize-pre'
12/26/2025 17:14:55	DEBUG	7	0	NodeParam::doCheck(): 'MainNode-main-experiments-node-loh-node:@serialize-post'
12/26/2025 17:14:55	DEBUG	7	0	NodeParam::doCheck(): 'MainNode-main-experiments-node-loh-node:@stop'
12/26/2025 17:14:55	DEBUG	7	0	NodeParam::doCheck(): 'MainNode-main-experiments-node-loh-node:@stop-after'
12/26/2025 17:14:55	DEBUG	7	0	NodeParam::doCheck(): 'MainNode-main-experiments-node-loh-node:loh-error-rate'
12/26/2025 17:14:55	DEBUG	7	0	NodeParam::doCheck(): 'MainNode-main-experiments-node-loh-node:loh-beta'
12/26/2025 17:14:55	DEBUG	7	0	NodeParam::doCheck(): 'MainNode-main-experiments-node-loh-node:loh-alpha'
12/26/2025 17:14:55	DEBUG	7	0	NodeParam::doCheck(): 'MainNode-main-experiments-node-loh-node:loh-separation'
12/26/2025 17:14:55	DEBUG	7	0	NodeParam::doCheck(): 'MainNode-main-experiments-node-loh-node:loh-min-marker-count'
12/26/2025 17:14:55	DEBUG	7	0	NodeParam::doCheck(): 'MainNode-main-experiments-node-loh-node:loh-no-call-threshold'
12/26/2025 17:14:55	DEBUG	7	0	NodeParam::doCheck(): 'MainNode-main-experiments-node-loh-node:loh-min-genomic-span'
12/26/2025 17:14:55	DEBUG	7	0	NodeParam::doCheck(): 'MainNode-main-experiments-node-loh-node:loh-ss-thresh'
12/26/2025 17:14:55	DEBUG	7	0	NodeParam::doCheck(): 'MainNode-main-experiments-node-loh-node:loh-ss-begin-slope'
12/26/2025 17:14:55	DEBUG	7	0	NodeParam::doCheck(): 'MainNode-main-experiments-node-loh-node:loh-baf-upper-thresh'
12/26/2025 17:14:55	DEBUG	7	0	NodeParam::doCheck(): 'MainNode-main-experiments-node-loh-node:loh-baf-lower-thresh'
12/26/2025 17:14:55	DEBUG	7	0	NodeParam::doCheck(): 'MainNode-main-experiments-node-loh-node:loh-slope-thresh'
12/26/2025 17:14:55	DEBUG	7	0	NodeParam::doCheck(): 'MainNode-main-experiments-node-loh-node:loh-alpha-cn-calibrate'
12/26/2025 17:14:55	DEBUG	7	0	NodeParam::doCheck(): 'MainNode-main-experiments-node-loh-node:loh-alpha-X-cn-calibrate'
12/26/2025 17:14:55	DEBUG	7	0	NodeParam::doCheck(): 'MainNode-main-experiments-node-loh-node:loh-alpha-Y-cn-calibrate'
12/26/2025 17:14:55	DEBUG	7	0	NodeParam::doCheck(): 'MainNode-main-experiments-node-loh-node:loh-beta-cn-calibrate'
12/26/2025 17:14:55	DEBUG	7	0	NodeParam::doCheck(): 'MainNode-main-experiments-node-loh-node:loh-beta-X-cn-calibrate'
12/26/2025 17:14:55	DEBUG	7	0	NodeParam::doCheck(): 'MainNode-main-experiments-node-loh-node:loh-beta-Y-cn-calibrate'
12/26/2025 17:14:55	DEBUG	7	0	NodeParam::doCheck(): 'MainNode-main-experiments-node-loh-node:@retain-smooth-signal'
12/26/2025 17:14:55	DEBUG	7	0	NodeParam::doCheck(): 'MainNode-main-experiments-node-cn-neutral-loh-node:@dump-nodes'
12/26/2025 17:14:55	DEBUG	7	0	NodeParam::doCheck(): 'MainNode-main-experiments-node-cn-neutral-loh-node:@dump-nodes-long'
12/26/2025 17:14:55	DEBUG	7	0	NodeParam::doCheck(): 'MainNode-main-experiments-node-cn-neutral-loh-node:@dump-nodes-classes'
12/26/2025 17:14:55	DEBUG	7	0	NodeParam::doCheck(): 'MainNode-main-experiments-node-cn-neutral-loh-node:@dump-data-flow'
12/26/2025 17:14:55	DEBUG	7	0	NodeParam::doCheck(): 'MainNode-main-experiments-node-cn-neutral-loh-node:@dump-param'
12/26/2025 17:14:55	DEBUG	7	0	NodeParam::doCheck(): 'MainNode-main-experiments-node-cn-neutral-loh-node:@dump-param-long'
12/26/2025 17:14:55	DEBUG	7	0	NodeParam::doCheck(): 'MainNode-main-experiments-node-cn-neutral-loh-node:@dump-param-dev'
12/26/2025 17:14:55	DEBUG	7	0	NodeParam::doCheck(): 'MainNode-main-experiments-node-cn-neutral-loh-node:@dump-param-long-dev'
12/26/2025 17:14:55	DEBUG	7	0	NodeParam::doCheck(): 'MainNode-main-experiments-node-cn-neutral-loh-node:@dump-all'
12/26/2025 17:14:55	DEBUG	7	0	NodeParam::doCheck(): 'MainNode-main-experiments-node-cn-neutral-loh-node:@dump-all-long'
12/26/2025 17:14:55	DEBUG	7	0	NodeParam::doCheck(): 'MainNode-main-experiments-node-cn-neutral-loh-node:enable'
12/26/2025 17:14:55	DEBUG	7	0	NodeParam::doCheck(): 'MainNode-main-experiments-node-cn-neutral-loh-node:disable'
12/26/2025 17:14:55	DEBUG	7	0	NodeParam::doCheck(): 'MainNode-main-experiments-node-cn-neutral-loh-node:@serialize'
12/26/2025 17:14:55	DEBUG	7	0	NodeParam::doCheck(): 'MainNode-main-experiments-node-cn-neutral-loh-node:@serialize-pre'
12/26/2025 17:14:55	DEBUG	7	0	NodeParam::doCheck(): 'MainNode-main-experiments-node-cn-neutral-loh-node:@serialize-post'
12/26/2025 17:14:55	DEBUG	7	0	NodeParam::doCheck(): 'MainNode-main-experiments-node-cn-neutral-loh-node:@stop'
12/26/2025 17:14:55	DEBUG	7	0	NodeParam::doCheck(): 'MainNode-main-experiments-node-cn-neutral-loh-node:@stop-after'
12/26/2025 17:14:55	DEBUG	7	0	NodeParam::doCheck(): 'MainNode-main-experiments-node-chp-node:@dump-nodes'
12/26/2025 17:14:55	DEBUG	7	0	NodeParam::doCheck(): 'MainNode-main-experiments-node-chp-node:@dump-nodes-long'
12/26/2025 17:14:55	DEBUG	7	0	NodeParam::doCheck(): 'MainNode-main-experiments-node-chp-node:@dump-nodes-classes'
12/26/2025 17:14:55	DEBUG	7	0	NodeParam::doCheck(): 'MainNode-main-experiments-node-chp-node:@dump-data-flow'
12/26/2025 17:14:55	DEBUG	7	0	NodeParam::doCheck(): 'MainNode-main-experiments-node-chp-node:@dump-param'
12/26/2025 17:14:55	DEBUG	7	0	NodeParam::doCheck(): 'MainNode-main-experiments-node-chp-node:@dump-param-long'
12/26/2025 17:14:55	DEBUG	7	0	NodeParam::doCheck(): 'MainNode-main-experiments-node-chp-node:@dump-param-dev'
12/26/2025 17:14:55	DEBUG	7	0	NodeParam::doCheck(): 'MainNode-main-experiments-node-chp-node:@dump-param-long-dev'
12/26/2025 17:14:55	DEBUG	7	0	NodeParam::doCheck(): 'MainNode-main-experiments-node-chp-node:@dump-all'
12/26/2025 17:14:55	DEBUG	7	0	NodeParam::doCheck(): 'MainNode-main-experiments-node-chp-node:@dump-all-long'
12/26/2025 17:14:55	DEBUG	7	0	NodeParam::doCheck(): 'MainNode-main-experiments-node-chp-node:enable'
12/26/2025 17:14:55	DEBUG	7	0	NodeParam::doCheck(): 'MainNode-main-experiments-node-chp-node:disable'
12/26/2025 17:14:55	DEBUG	7	0	NodeParam::doCheck(): 'MainNode-main-experiments-node-chp-node:@serialize'
12/26/2025 17:14:55	DEBUG	7	0	NodeParam::doCheck(): 'MainNode-main-experiments-node-chp-node:@serialize-pre'
12/26/2025 17:14:55	DEBUG	7	0	NodeParam::doCheck(): 'MainNode-main-experiments-node-chp-node:@serialize-post'
12/26/2025 17:14:55	DEBUG	7	0	NodeParam::doCheck(): 'MainNode-main-experiments-node-chp-node:@stop'
12/26/2025 17:14:55	DEBUG	7	0	NodeParam::doCheck(): 'MainNode-main-experiments-node-chp-node:@stop-after'
12/26/2025 17:14:55	DEBUG	7	0	NodeParam::doCheck(): 'MainNode-main-experiments-node-chp-node:report-file'
12/26/2025 17:14:55	DEBUG	7	0	NodeParam::doCheck(): 'MainNode-main-experiments-node-chp-node:cychp-output'
12/26/2025 17:14:55	DEBUG	7	0	NodeParam::doCheck(): 'MainNode-main-experiments-node-chp-node:text-output'
12/26/2025 17:14:55	DEBUG	7	0	NodeParam::doCheck(): 'MainNode-main-experiments-node-chp-node:oschp-output'
12/26/2025 17:14:55	DEBUG	7	0	NodeParam::doCheck(): 'MainNode-main-experiments-node-chp-node:mangle-probeset-names'
12/26/2025 17:14:55	DEBUG	7	0	NodeParam::doCheck(): 'MainNode-main-experiments-node-chp-node:meta-data-info'
12/26/2025 17:14:55	DEBUG	7	0	NodeParam::doCheck(): PARAM_CHECK_WHEN_SET and param unset.
12/26/2025 17:14:55	DEBUG	7	0	NodeParam::doCheck(): 'MainNode-main-experiments-node-chp-node:waviness-block-size'
12/26/2025 17:14:55	DEBUG	7	0	NodeParam::doCheck(): 'MainNode-main-experiments-node-chp-node:waviness-genomic-span'
12/26/2025 17:14:55	DEBUG	7	0	NodeParam::doCheck(): 'MainNode-main-experiments-node-chp-node:alpha-cn-calibrate'
12/26/2025 17:14:55	DEBUG	7	0	NodeParam::doCheck(): 'MainNode-main-experiments-node-chp-node:alpha-X-cn-calibrate'
12/26/2025 17:14:55	DEBUG	7	0	NodeParam::doCheck(): 'MainNode-main-experiments-node-chp-node:alpha-Y-cn-calibrate'
12/26/2025 17:14:55	DEBUG	7	0	NodeParam::doCheck(): 'MainNode-main-experiments-node-chp-node:beta-cn-calibrate'
12/26/2025 17:14:55	DEBUG	7	0	NodeParam::doCheck(): 'MainNode-main-experiments-node-chp-node:beta-X-cn-calibrate'
12/26/2025 17:14:55	DEBUG	7	0	NodeParam::doCheck(): 'MainNode-main-experiments-node-chp-node:beta-Y-cn-calibrate'
12/26/2025 17:14:55	LOG,INFO,GUI	1	0	MainNode::doRunAll(...) start
12/26/2025 17:14:55	LOG,INFO,GUI	1	0	CopynumberOncoNodeEngine::doRunAll(...) start
12/26/2025 17:14:55	LOG,INFO,GUI	1	0	CopynumberOncoNodeLibraryFile::doRunAll(...) start
12/26/2025 17:14:55	bboard	4	0	    ExperimentVector     => 0x7f9c60a5a410(1)
12/26/2025 17:14:55	dset	3	0	Dset::File::open('/Library/Frameworks/R.framework/Versions/4.1/Resources/library/OncoScan.na33.r4/apt/res//OncoScan.FFPE.na33.r1.REF_MODEL',2,5)
12/26/2025 17:14:56	bboard	4	0	    AntigenomicProbes    => 0x7f9c69a6ff00(1)
12/26/2025 17:14:56	bboard	4	0	    ExperimentVector     => 0x7f9c60a5a410(1)
12/26/2025 17:14:56	bboard	4	0	    AntigenomicProbes    => 0x7f9c69a6ff00(1)
12/26/2025 17:14:56	bboard	4	0	    ExperimentVector     => 0x7f9c60a5a410(1)
12/26/2025 17:14:56	bboard	4	0	    HybControls          => 0x7f9c60a5d070(1)
12/26/2025 17:14:56	bboard	4	0	    AntigenomicProbes    => 0x7f9c69a6ff00(1)
12/26/2025 17:14:56	bboard	4	0	    CNSketch             => 0x7f9c62e445a0(1)
12/26/2025 17:14:56	bboard	4	0	    ExperimentVector     => 0x7f9c60a5a410(1)
12/26/2025 17:14:56	bboard	4	0	    HybControls          => 0x7f9c60a5d070(1)
12/26/2025 17:14:56	bboard	4	0	    AntigenomicProbes    => 0x7f9c69a6ff00(1)
12/26/2025 17:14:56	bboard	4	0	    CNSketch             => 0x7f9c62e445a0(1)
12/26/2025 17:14:56	bboard	4	0	    ExperimentVector     => 0x7f9c60a5a410(1)
12/26/2025 17:14:56	bboard	4	0	    HybControls          => 0x7f9c60a5d070(1)
12/26/2025 17:14:56	bboard	4	0	    SNPSketch            => 0x7f9c62e44960(1)
12/26/2025 17:14:56	bboard	4	0	    AntigenomicProbes    => 0x7f9c69a6ff00(1)
12/26/2025 17:14:56	bboard	4	0	    CNSketch             => 0x7f9c62e445a0(1)
12/26/2025 17:14:56	bboard	4	0	    ExperimentVector     => 0x7f9c60a5a410(1)
12/26/2025 17:14:56	bboard	4	0	    HybControls          => 0x7f9c60a5d070(1)
12/26/2025 17:14:56	bboard	4	0	    ProbeSetVector       => 0x7f9c62e449f0(1)
12/26/2025 17:14:56	bboard	4	0	    SNPSketch            => 0x7f9c62e44960(1)
12/26/2025 17:14:56	bboard	4	99	    AntigenomicProbes    => 0x7f9c69a6ff00(1)
12/26/2025 17:14:56	bboard	4	99	    CNSketch             => 0x7f9c62e445a0(1)
12/26/2025 17:14:56	bboard	4	99	    CovariateOptions     => 0x7f9c556c1500(1)
12/26/2025 17:14:56	bboard	4	99	    ExperimentVector     => 0x7f9c60a5a410(1)
12/26/2025 17:14:56	bboard	4	99	    HybControls          => 0x7f9c60a5d070(1)
12/26/2025 17:14:56	bboard	4	99	    ProbeSetVector       => 0x7f9c62e449f0(1)
12/26/2025 17:14:56	bboard	4	99	    SNPSketch            => 0x7f9c62e44960(1)
12/26/2025 17:14:56	bboard	4	99	    AnnotationInformation => 0x7f9c5580f410(1)
12/26/2025 17:14:56	bboard	4	99	    AntigenomicProbes    => 0x7f9c69a6ff00(1)
12/26/2025 17:14:56	bboard	4	99	    CNSketch             => 0x7f9c62e445a0(1)
12/26/2025 17:14:56	bboard	4	99	    CovariateOptions     => 0x7f9c556c1500(1)
12/26/2025 17:14:56	bboard	4	99	    ExperimentVector     => 0x7f9c60a5a410(1)
12/26/2025 17:14:56	bboard	4	99	    HybControls          => 0x7f9c60a5d070(1)
12/26/2025 17:14:56	bboard	4	99	    ProbeSetVector       => 0x7f9c62e449f0(1)
12/26/2025 17:14:56	bboard	4	99	    SNPSketch            => 0x7f9c62e44960(1)
12/26/2025 17:14:57	bboard	4	100	    AnnotationInformation => 0x7f9c5580f410(1)
12/26/2025 17:14:57	bboard	4	100	    AntigenomicProbes    => 0x7f9c69a6ff00(1)
12/26/2025 17:14:57	bboard	4	100	    CNSketch             => 0x7f9c62e445a0(1)
12/26/2025 17:14:57	bboard	4	100	    CovariateOptions     => 0x7f9c556c1500(1)
12/26/2025 17:14:57	bboard	4	100	    ExperimentVector     => 0x7f9c60a5a410(1)
12/26/2025 17:14:57	bboard	4	100	    HybControls          => 0x7f9c60a5d070(1)
12/26/2025 17:14:57	bboard	4	100	    ProbeSetVector       => 0x7f9c62e449f0(1)
12/26/2025 17:14:57	bboard	4	100	    ProbeVector          => 0x7f9c5580e860(1)
12/26/2025 17:14:57	bboard	4	100	    SNPSketch            => 0x7f9c62e44960(1)
12/26/2025 17:14:58	bboard	4	100	    AnnotationInformation => 0x7f9c5580f410(1)
12/26/2025 17:14:58	bboard	4	100	    AntigenomicProbes    => 0x7f9c69a6ff00(1)
12/26/2025 17:14:58	bboard	4	100	    CNSketch             => 0x7f9c62e445a0(1)
12/26/2025 17:14:58	bboard	4	100	    CovariateOptions     => 0x7f9c556c1500(1)
12/26/2025 17:14:58	bboard	4	100	    ExperimentVector     => 0x7f9c60a5a410(1)
12/26/2025 17:14:58	bboard	4	100	    HybControls          => 0x7f9c60a5d070(1)
12/26/2025 17:14:58	bboard	4	100	    ProbeSetVector       => 0x7f9c62e449f0(1)
12/26/2025 17:14:58	bboard	4	100	    ProbeVector          => 0x7f9c5580e860(1)
12/26/2025 17:14:58	bboard	4	100	    SNPSketch            => 0x7f9c62e44960(1)
12/26/2025 17:14:58	bboard	4	100	    XProbeIds            => 0x7f9c5d069980(1)
12/26/2025 17:14:58	bboard	4	100	    AnnotationInformation => 0x7f9c5580f410(1)
12/26/2025 17:14:58	bboard	4	100	    AntigenomicProbes    => 0x7f9c69a6ff00(1)
12/26/2025 17:14:58	bboard	4	100	    CNSketch             => 0x7f9c62e445a0(1)
12/26/2025 17:14:58	bboard	4	100	    CovariateOptions     => 0x7f9c556c1500(1)
12/26/2025 17:14:58	bboard	4	100	    ExperimentVector     => 0x7f9c60a5a410(1)
12/26/2025 17:14:58	bboard	4	100	    HybControls          => 0x7f9c60a5d070(1)
12/26/2025 17:14:58	bboard	4	100	    ProbeSetVector       => 0x7f9c62e449f0(1)
12/26/2025 17:14:58	bboard	4	100	    ProbeVector          => 0x7f9c5580e860(1)
12/26/2025 17:14:58	bboard	4	100	    SNPSketch            => 0x7f9c62e44960(1)
12/26/2025 17:14:58	bboard	4	100	    XProbeIds            => 0x7f9c5d069980(1)
12/26/2025 17:14:58	bboard	4	100	    XProbeSetNames       => 0x7f9c5d069a40(1)
12/26/2025 17:14:58	dset	3	100	Dset::File::open('/Library/Frameworks/R.framework/Versions/4.1/Resources/library/OncoScan.na33.r4/apt/res//OncoScan.r1.chrXprobes',2,2)
12/26/2025 17:14:58	dset	1	100	Dset::IO_TsvFile::openFile('/Library/Frameworks/R.framework/Versions/4.1/Resources/library/OncoScan.na33.r4/apt/res//OncoScan.r1.chrXprobes',2)
12/26/2025 17:14:58	dset	4	100	Dset::IO_TsvFile::fstream_push(0x7ff7bcc80158)
12/26/2025 17:14:59	EVENT_WARN	1	98	Dset::IO_TsvFile::fstream_read_line - read failed - skipping
12/26/2025 17:14:59	dset	1	98	expected -1 lines, read 67266 lines!
12/26/2025 17:14:59	dset	4	98	Dset::IO_TsvFile::fstream_pop(0x7ff7bcc80158)
12/26/2025 17:14:59	bboard	4	98	    AnnotationInformation => 0x7f9c5580f410(1)
12/26/2025 17:14:59	bboard	4	98	    AntigenomicProbes    => 0x7f9c69a6ff00(1)
12/26/2025 17:14:59	bboard	4	98	    CNSketch             => 0x7f9c62e445a0(1)
12/26/2025 17:14:59	bboard	4	98	    CovariateOptions     => 0x7f9c556c1500(1)
12/26/2025 17:14:59	bboard	4	98	    ExperimentVector     => 0x7f9c60a5a410(1)
12/26/2025 17:14:59	bboard	4	98	    HybControls          => 0x7f9c60a5d070(1)
12/26/2025 17:14:59	bboard	4	98	    ProbeSetVector       => 0x7f9c62e449f0(1)
12/26/2025 17:14:59	bboard	4	98	    ProbeVector          => 0x7f9c5580e860(1)
12/26/2025 17:14:59	bboard	4	98	    SNPSketch            => 0x7f9c62e44960(1)
12/26/2025 17:14:59	bboard	4	98	    XProbeIds            => 0x7f9c5d069980(1)
12/26/2025 17:14:59	bboard	4	98	    XProbeSetNames       => 0x7f9c5d069a40(1)
12/26/2025 17:14:59	bboard	4	98	    YProbeIds            => 0x7f9c5580e7e0(1)
12/26/2025 17:14:59	bboard	4	98	    AnnotationInformation => 0x7f9c5580f410(1)
12/26/2025 17:14:59	bboard	4	98	    AntigenomicProbes    => 0x7f9c69a6ff00(1)
12/26/2025 17:14:59	bboard	4	98	    CNSketch             => 0x7f9c62e445a0(1)
12/26/2025 17:14:59	bboard	4	98	    CovariateOptions     => 0x7f9c556c1500(1)
12/26/2025 17:14:59	bboard	4	98	    ExperimentVector     => 0x7f9c60a5a410(1)
12/26/2025 17:14:59	bboard	4	98	    HybControls          => 0x7f9c60a5d070(1)
12/26/2025 17:14:59	bboard	4	98	    ProbeSetVector       => 0x7f9c62e449f0(1)
12/26/2025 17:14:59	bboard	4	98	    ProbeVector          => 0x7f9c5580e860(1)
12/26/2025 17:14:59	bboard	4	98	    SNPSketch            => 0x7f9c62e44960(1)
12/26/2025 17:14:59	bboard	4	98	    XProbeIds            => 0x7f9c5d069980(1)
12/26/2025 17:14:59	bboard	4	98	    XProbeSetNames       => 0x7f9c5d069a40(1)
12/26/2025 17:14:59	bboard	4	98	    YProbeIds            => 0x7f9c5580e7e0(1)
12/26/2025 17:14:59	bboard	4	98	    YProbeSetNames       => 0x7f9c5580e6c0(1)
12/26/2025 17:14:59	dset	3	98	Dset::File::open('/Library/Frameworks/R.framework/Versions/4.1/Resources/library/OncoScan.na33.r4/apt/res//OncoScan.r1.chrYprobes',2,2)
12/26/2025 17:14:59	dset	1	98	Dset::IO_TsvFile::openFile('/Library/Frameworks/R.framework/Versions/4.1/Resources/library/OncoScan.na33.r4/apt/res//OncoScan.r1.chrYprobes',2)
12/26/2025 17:14:59	dset	4	98	Dset::IO_TsvFile::fstream_push(0x7ff7bcc80158)
12/26/2025 17:14:59	EVENT_WARN	1	98	Dset::IO_TsvFile::fstream_read_line - read failed - skipping
12/26/2025 17:14:59	dset	1	98	expected -1 lines, read 3684 lines!
12/26/2025 17:14:59	dset	4	98	Dset::IO_TsvFile::fstream_pop(0x7ff7bcc80158)
12/26/2025 17:14:59	dset	3	98	Dset::File::open('/Users/elizakishan/Documents/Analysis/LabData/ReprocessedLMS/10_CAD_9353_LMS_Rec1/10_CAD_9353_LMS_Rec1_pairs.txt',2,2)
12/26/2025 17:14:59	dset	1	98	Dset::IO_TsvFile::openFile('/Users/elizakishan/Documents/Analysis/LabData/ReprocessedLMS/10_CAD_9353_LMS_Rec1/10_CAD_9353_LMS_Rec1_pairs.txt',2)
12/26/2025 17:14:59	dset	4	98	Dset::IO_TsvFile::fstream_push(0x7ff7bcc7fb58)
12/26/2025 17:14:59	EVENT_WARN	1	98	Dset::IO_TsvFile::fstream_read_line - read failed - skipping
12/26/2025 17:14:59	dset	1	98	expected -1 lines, read 1 lines!
12/26/2025 17:14:59	dset	4	98	Dset::IO_TsvFile::fstream_pop(0x7ff7bcc7fb58)
12/26/2025 17:14:59	dset	3	98	Dset::File::open('/Users/elizakishan/Documents/Analysis/LabData/ReprocessedLMS/10_CAD_9353_LMS_Rec1/temp/combined-cels/a520780-00-982416-053118-4306645-06115.10_CAD_9353_LMS_Rec1.CEL',64,4)
12/26/2025 17:14:59	dset	3	98	Dset::File::open('/Users/elizakishan/Documents/Analysis/LabData/LMS_SNP_EPIC_array_data/SNP_array_data_LMS/CEL_files/a520780-00-982416-053118-4306645-06115.CEL',2,4)
12/26/2025 17:14:59	io-calvin	1	98	read_file("/Users/elizakishan/Documents/Analysis/LabData/LMS_SNP_EPIC_array_data/SNP_array_data_LMS/CEL_files/a520780-00-982416-053118-4306645-06115.CEL")
12/26/2025 17:14:59	dset	3	98	Dset::File::open('/Users/elizakishan/Documents/Analysis/LabData/LMS_SNP_EPIC_array_data/SNP_array_data_LMS/CEL_files/a520780-00-982415-053118-4306645-06025.CEL',2,4)
12/26/2025 17:14:59	io-calvin	1	98	read_file("/Users/elizakishan/Documents/Analysis/LabData/LMS_SNP_EPIC_array_data/SNP_array_data_LMS/CEL_files/a520780-00-982415-053118-4306645-06025.CEL")
12/26/2025 17:14:59	dset	3	98	Changing 'affymetrix-array-type' to 'DTYPE_STRING16'
12/26/2025 17:14:59	dset	3	98	Changing 'affymetrix-array-type' to 'DTYPE_STRING16'
12/26/2025 17:14:59	dset	3	98	Dset::File::open('/Library/Frameworks/R.framework/Versions/4.1/Resources/library/OncoScan.na33.r4/apt/res//OncoScan.FFPE.na33.r1.REF_MODEL',2,5)
12/26/2025 17:15:00	dset	3	-446	Dset::File::open('/Library/Frameworks/R.framework/Versions/4.1/Resources/library/OncoScan.na33.r4/apt/res//OncoScan.FFPE.na33.r1.REF_MODEL',2,5)
12/26/2025 17:15:01	bboard	4	-378	    AnnotationInformation => 0x7f9c5580f410(1)
12/26/2025 17:15:01	bboard	4	-378	    AntigenomicProbes    => 0x7f9c69a6ff00(1)
12/26/2025 17:15:01	bboard	4	-378	    BafFldWeights        => 0x7f9c5580e840(1)
12/26/2025 17:15:01	bboard	4	-378	    CNSketch             => 0x7f9c62e445a0(1)
12/26/2025 17:15:01	bboard	4	-378	    CovariateOptions     => 0x7f9c556c1500(1)
12/26/2025 17:15:01	bboard	4	-378	    ExperimentVector     => 0x7f9c60a5a410(1)
12/26/2025 17:15:01	bboard	4	-378	    HybControls          => 0x7f9c60a5d070(1)
12/26/2025 17:15:01	bboard	4	-378	    ProbeSetVector       => 0x7f9c62e449f0(1)
12/26/2025 17:15:01	bboard	4	-378	    ProbeVector          => 0x7f9c5580e860(1)
12/26/2025 17:15:01	bboard	4	-378	    SNPSketch            => 0x7f9c62e44960(1)
12/26/2025 17:15:01	bboard	4	-378	    XProbeIds            => 0x7f9c5d069980(1)
12/26/2025 17:15:01	bboard	4	-378	    XProbeSetNames       => 0x7f9c5d069a40(1)
12/26/2025 17:15:01	bboard	4	-378	    YProbeIds            => 0x7f9c5580e7e0(1)
12/26/2025 17:15:01	bboard	4	-378	    YProbeSetNames       => 0x7f9c5580e6c0(1)
12/26/2025 17:15:01	bboard	4	-378	    AnnotationInformation => 0x7f9c5580f410(1)
12/26/2025 17:15:01	bboard	4	-378	    AntigenomicProbes    => 0x7f9c69a6ff00(1)
12/26/2025 17:15:01	bboard	4	-378	    BafFldWeights        => 0x7f9c5580e840(1)
12/26/2025 17:15:01	bboard	4	-378	    CNSketch             => 0x7f9c62e445a0(1)
12/26/2025 17:15:01	bboard	4	-378	    CovariateOptions     => 0x7f9c556c1500(1)
12/26/2025 17:15:01	bboard	4	-378	    ExperimentVector     => 0x7f9c60a5a410(1)
12/26/2025 17:15:01	bboard	4	-378	    HybControls          => 0x7f9c60a5d070(1)
12/26/2025 17:15:01	bboard	4	-378	    ProbeSetVector       => 0x7f9c62e449f0(1)
12/26/2025 17:15:01	bboard	4	-378	    ProbeVector          => 0x7f9c5580e860(1)
12/26/2025 17:15:01	bboard	4	-378	    ReferenceHeader      => 0x7f9c5d204d50(1)
12/26/2025 17:15:01	bboard	4	-378	    SNPSketch            => 0x7f9c62e44960(1)
12/26/2025 17:15:01	bboard	4	-378	    XProbeIds            => 0x7f9c5d069980(1)
12/26/2025 17:15:01	bboard	4	-378	    XProbeSetNames       => 0x7f9c5d069a40(1)
12/26/2025 17:15:01	bboard	4	-378	    YProbeIds            => 0x7f9c5580e7e0(1)
12/26/2025 17:15:01	bboard	4	-378	    YProbeSetNames       => 0x7f9c5580e6c0(1)
12/26/2025 17:15:01	bb_memory,LOG	4	-378	Memory before deleting XProbeSetNames: Curr mem=-397053952 Max mem=105074688
12/26/2025 17:15:01	bb_memory,LOG	4	-378	Memory after deleting XProbeSetNames: Curr mem=-397053952 Max mem=105074688
12/26/2025 17:15:01	LOG,INFO,GUI	1	-378	CopynumberOncoNodeLibraryFile::doRunAll(...) stop: Runtime: 5.25 seconds.
12/26/2025 17:15:01	LOG,INFO,GUI	1	-378	CopynumberOncoNodeExperiments::doRunAll(...) start
12/26/2025 17:15:01	info,LOG	1	-378	1
12/26/2025 17:15:01	LOG,INFO,GUI	1	-378	CopynumberOncoNodeCelReader::doRunAll(...) start
12/26/2025 17:15:01	bboard	4	-378	    AnnotationInformation => 0x7f9c5580f410(1)
12/26/2025 17:15:01	bboard	4	-378	    AntigenomicProbes    => 0x7f9c69a6ff00(1)
12/26/2025 17:15:01	bboard	4	-378	    AntigenomicRatioDenominatorProbes => 0x7f9c62fc4820(1)
12/26/2025 17:15:01	bboard	4	-378	    BafFldWeights        => 0x7f9c5580e840(1)
12/26/2025 17:15:01	bboard	4	-378	    CNSketch             => 0x7f9c62e445a0(1)
12/26/2025 17:15:01	bboard	4	-378	    CovariateOptions     => 0x7f9c556c1500(1)
12/26/2025 17:15:01	bboard	4	-378	    ExperimentVector     => 0x7f9c60a5a410(1)
12/26/2025 17:15:01	bboard	4	-378	    HybControls          => 0x7f9c60a5d070(1)
12/26/2025 17:15:01	bboard	4	-378	    ProbeSetVector       => 0x7f9c62e449f0(1)
12/26/2025 17:15:01	bboard	4	-378	    ProbeVector          => 0x7f9c5580e860(1)
12/26/2025 17:15:01	bboard	4	-378	    ReferenceHeader      => 0x7f9c5d204d50(1)
12/26/2025 17:15:01	bboard	4	-378	    SNPSketch            => 0x7f9c62e44960(1)
12/26/2025 17:15:01	bboard	4	-378	    XProbeIds            => 0x7f9c5d069980(1)
12/26/2025 17:15:01	bboard	4	-378	    YProbeIds            => 0x7f9c5580e7e0(1)
12/26/2025 17:15:01	bboard	4	-378	    YProbeSetNames       => 0x7f9c5580e6c0(1)
12/26/2025 17:15:01	dset	3	-378	Dset::File::open('/Users/elizakishan/Documents/Analysis/LabData/ReprocessedLMS/10_CAD_9353_LMS_Rec1/temp/combined-cels/a520780-00-982416-053118-4306645-06115.10_CAD_9353_LMS_Rec1.CEL',2,4)
12/26/2025 17:15:01	io-calvin	1	-378	read_file("/Users/elizakishan/Documents/Analysis/LabData/ReprocessedLMS/10_CAD_9353_LMS_Rec1/temp/combined-cels/a520780-00-982416-053118-4306645-06115.10_CAD_9353_LMS_Rec1.CEL")
12/26/2025 17:15:02	dset	3	-582	Dset::File::open('/Library/Frameworks/R.framework/Versions/4.1/Resources/library/OncoScan.na33.r4/apt/res//OncoScan.r1.snplist.txt',2,2)
12/26/2025 17:15:02	dset	1	-582	Dset::IO_TsvFile::openFile('/Library/Frameworks/R.framework/Versions/4.1/Resources/library/OncoScan.na33.r4/apt/res//OncoScan.r1.snplist.txt',2)
12/26/2025 17:15:02	dset	4	-582	Dset::IO_TsvFile::fstream_push(0x7ff7bcc7f6c8)
12/26/2025 17:15:02	EVENT_WARN	1	-561	Dset::IO_TsvFile::fstream_read_line - read failed - skipping
12/26/2025 17:15:02	dset	1	-561	expected -1 lines, read 10000 lines!
12/26/2025 17:15:02	dset	4	-561	Dset::IO_TsvFile::fstream_pop(0x7ff7bcc7f6c8)
12/26/2025 17:15:02	bb_memory,LOG	4	-627	Memory before deleting AntigenomicProbes: Curr mem=-658321408 Max mem=105074688
12/26/2025 17:15:02	bb_memory,LOG	4	-627	Memory after deleting AntigenomicProbes: Curr mem=-658452480 Max mem=105074688
12/26/2025 17:15:02	bb_memory,LOG	4	-627	Memory before deleting HybControls: Curr mem=-658452480 Max mem=105074688
12/26/2025 17:15:02	bb_memory,LOG	4	-627	Memory after deleting HybControls: Curr mem=-658452480 Max mem=105074688
12/26/2025 17:15:02	bb_memory,LOG	4	-627	Memory before deleting AntigenomicRatioDenominatorProbes: Curr mem=-658452480 Max mem=105074688
12/26/2025 17:15:02	bb_memory,LOG	4	-627	Memory after deleting AntigenomicRatioDenominatorProbes: Curr mem=-658452480 Max mem=105074688
12/26/2025 17:15:02	LOG,INFO,GUI	1	-627	CopynumberOncoNodeCelReader::doRunAll(...) stop: Runtime: 1.50 seconds.
12/26/2025 17:15:02	LOG,INFO,GUI	1	-627	CopynumberOncoNodeGenderRawIntensity::doRunAll(...) start
12/26/2025 17:15:02	LOG,INFO,GUI	1	-627	a520780-00-982416-053118-4306645-06115.10_CAD_9353_LMS_Rec1.CEL gender female
12/26/2025 17:15:02	info,LOG	1	-627	Gender call for sample a520780-00-982416-053118-4306645-06115.10_CAD_9353_LMS_Rec1.CEL: meanY=81.8578; meanX=821.511; ratio=0.0996429
12/26/2025 17:15:02	bb_memory,LOG	4	-627	Memory before deleting XProbeIds: Curr mem=-658452480 Max mem=105074688
12/26/2025 17:15:02	bb_memory,LOG	4	-627	Memory after deleting XProbeIds: Curr mem=-658452480 Max mem=105074688
12/26/2025 17:15:02	bb_memory,LOG	4	-627	Memory before deleting YProbeIds: Curr mem=-658452480 Max mem=105074688
12/26/2025 17:15:02	bb_memory,LOG	4	-627	Memory after deleting YProbeIds: Curr mem=-658452480 Max mem=105074688
12/26/2025 17:15:02	LOG,INFO,GUI	1	-627	CopynumberOncoNodeGenderRawIntensity::doRunAll(...) stop: Runtime: 0.07 seconds.
12/26/2025 17:15:02	LOG,INFO,GUI	1	-627	CopynumberOncoNodeNormalDiploidIterator::doRunAll(...) start
12/26/2025 17:15:02	LOG,INFO,GUI	1	-627	CopynumberOncoNodeNormalDiploidSwitch::doRunAll(...) start
12/26/2025 17:15:02	LOG,INFO,GUI	1	-627	CopynumberOncoNodeCovariateIntensityAdjuster::doRunAll(...) start
12/26/2025 17:15:04	LOG,INFO,GUI	1	-456	CopynumberOncoNodeCovariateIntensityAdjuster::doRunAll(...) stop: Runtime: 1.93 seconds.
12/26/2025 17:15:04	LOG,INFO,GUI	1	-456	CopynumberOncoNodeNormalization::doRunAll(...) start
12/26/2025 17:15:04	info,LOG	1	-456	CopynumberOncoNodeNormalization - SNPSketch-AT probes used in sketch = 617367
12/26/2025 17:15:04	info,LOG	1	-456	CopynumberOncoNodeNormalization  - SNPSketch-AT probes normalized = 652833
12/26/2025 17:15:04	info,LOG	1	-456	CopynumberOncoNodeNormalization - CNSketch-AT probes used in sketch = 0
12/26/2025 17:15:04	info,LOG	1	-456	CopynumberOncoNodeNormalization  - CNSketch-AT probes normalized = 0
12/26/2025 17:15:04	info,LOG	1	-456	CopynumberOncoNodeNormalization - SNPSketch-GC probes used in sketch = 617367
12/26/2025 17:15:05	info,LOG	1	-456	CopynumberOncoNodeNormalization  - SNPSketch-GC probes normalized = 652833
12/26/2025 17:15:05	info,LOG	1	-456	CopynumberOncoNodeNormalization - CNSketch-GC probes used in sketch = 0
12/26/2025 17:15:05	info,LOG	1	-456	CopynumberOncoNodeNormalization  - CNSketch-GC probes normalized = 0
12/26/2025 17:15:05	LOG,INFO,GUI	1	-456	CopynumberOncoNodeNormalization::doRunAll(...) stop: Runtime: 0.42 seconds.
12/26/2025 17:15:05	LOG,INFO,GUI	1	-456	CopynumberOncoNodeSummarization::doRunAll(...) start
12/26/2025 17:15:07	LOG,INFO,GUI	1	-460	CopynumberOncoNodeSummarization::doRunAll(...) stop: Runtime: 2.09 seconds.
12/26/2025 17:15:07	LOG,INFO,GUI	1	-460	CopynumberOncoNodeAllelicDifference::doRunAll(...) start
12/26/2025 17:15:07	LOG,INFO,GUI	1	-492	CopynumberOncoNodeAllelicDifference::doRunAll(...) stop: Runtime: 0.03 seconds.
12/26/2025 17:15:07	LOG,INFO,GUI	1	-492	CopynumberOncoNodeLog2Ratio::doRunAll(...) start
12/26/2025 17:15:07	LOG,INFO,GUI	1	-492	CopynumberOncoNodeLog2Ratio::doRunAll(...) stop: Runtime: 0.01 seconds.
12/26/2025 17:15:07	LOG,INFO,GUI	1	-492	CopynumberOncoNodeNormalDiploidSwitch::doRunAll(...) stop: Runtime: 4.47 seconds.
12/26/2025 17:15:07	LOG,INFO,GUI	1	-492	CopynumberOncoNodeNormalDiploidDetection::doRunAll(...) start
12/26/2025 17:15:10	info,LOG	1	-486	medLog2RatioLowPercentileND = 0.015000
12/26/2025 17:15:10	info,LOG	1	-486	v.size() = 1310
12/26/2025 17:15:10	info,LOG	1	-486	LowM = -0.527750
12/26/2025 17:15:10	info,LOG	1	-486	medLog2RatioLowPercentileND = 0.015000
12/26/2025 17:15:10	info,LOG	1	-486	v.size() = 364
12/26/2025 17:15:10	info,LOG	1	-486	normal diploid count = 14560 / 217611
12/26/2025 17:15:10	LOG,INFO,GUI	1	-486	CopynumberOncoNodeNormalDiploidDetection::doRunAll(...) stop: Runtime: 3.22 seconds.
12/26/2025 17:15:10	LOG,INFO,GUI	1	-486	CopynumberOncoNodeNormalDiploidSwitch::doRunAll(...) start
12/26/2025 17:15:10	LOG,INFO,GUI	1	-486	CopynumberOncoNodeCovariateIntensityAdjuster::doRunAll(...) start
12/26/2025 17:15:12	LOG,INFO,GUI	1	-417	CopynumberOncoNodeCovariateIntensityAdjuster::doRunAll(...) stop: Runtime: 1.69 seconds.
12/26/2025 17:15:12	LOG,INFO,GUI	1	-417	CopynumberOncoNodeNormalization::doRunAll(...) start
12/26/2025 17:15:12	info,LOG	1	-417	CopynumberOncoNodeNormalization - SNPSketch-AT probes used in sketch = 43680
12/26/2025 17:15:12	info,LOG	1	-417	CopynumberOncoNodeNormalization  - SNPSketch-AT probes normalized = 652833
12/26/2025 17:15:12	info,LOG	1	-417	CopynumberOncoNodeNormalization - CNSketch-AT probes used in sketch = 0
12/26/2025 17:15:12	info,LOG	1	-417	CopynumberOncoNodeNormalization  - CNSketch-AT probes normalized = 0
12/26/2025 17:15:12	info,LOG	1	-417	CopynumberOncoNodeNormalization - SNPSketch-GC probes used in sketch = 43680
12/26/2025 17:15:12	info,LOG	1	-417	CopynumberOncoNodeNormalization  - SNPSketch-GC probes normalized = 652833
12/26/2025 17:15:12	info,LOG	1	-417	CopynumberOncoNodeNormalization - CNSketch-GC probes used in sketch = 0
12/26/2025 17:15:12	info,LOG	1	-417	CopynumberOncoNodeNormalization  - CNSketch-GC probes normalized = 0
12/26/2025 17:15:12	bb_memory,LOG	4	-417	Memory before deleting CNSketch: Curr mem=-437420032 Max mem=105074688
12/26/2025 17:15:12	bb_memory,LOG	4	-417	Memory after deleting CNSketch: Curr mem=-437420032 Max mem=105074688
12/26/2025 17:15:12	LOG,INFO,GUI	1	-417	CopynumberOncoNodeNormalization::doRunAll(...) stop: Runtime: 0.30 seconds.
12/26/2025 17:15:12	LOG,INFO,GUI	1	-417	CopynumberOncoNodeSummarization::doRunAll(...) start
12/26/2025 17:15:14	LOG,INFO,GUI	1	-416	CopynumberOncoNodeSummarization::doRunAll(...) stop: Runtime: 2.04 seconds.
12/26/2025 17:15:14	LOG,INFO,GUI	1	-416	CopynumberOncoNodeAllelicDifference::doRunAll(...) start
12/26/2025 17:15:14	LOG,INFO,GUI	1	-416	CopynumberOncoNodeAllelicDifference::doRunAll(...) stop: Runtime: 0.03 seconds.
12/26/2025 17:15:14	LOG,INFO,GUI	1	-416	CopynumberOncoNodeLog2Ratio::doRunAll(...) start
12/26/2025 17:15:14	LOG,INFO,GUI	1	-416	CopynumberOncoNodeLog2Ratio::doRunAll(...) stop: Runtime: 0.01 seconds.
12/26/2025 17:15:14	LOG,INFO,GUI	1	-416	CopynumberOncoNodeNormalDiploidSwitch::doRunAll(...) stop: Runtime: 4.06 seconds.
12/26/2025 17:15:14	LOG,INFO,GUI	1	-416	CopynumberOncoNodeNormalDiploidDetection::doRunAll(...) start
12/26/2025 17:15:14	LOG,INFO,GUI	1	-416	CopynumberOncoNodeNormalDiploidDetection::doRunAll(...) stop: Runtime: 0.00 seconds.
12/26/2025 17:15:14	dset	3	-416	Dset::File::open('/Library/Frameworks/R.framework/Versions/4.1/Resources/library/OncoScan.na33.r4/apt/res//OncoScan.r1.snplist.txt',2,2)
12/26/2025 17:15:14	dset	1	-416	Dset::IO_TsvFile::openFile('/Library/Frameworks/R.framework/Versions/4.1/Resources/library/OncoScan.na33.r4/apt/res//OncoScan.r1.snplist.txt',2)
12/26/2025 17:15:14	dset	4	-416	Dset::IO_TsvFile::fstream_push(0x7ff7bcc80138)
12/26/2025 17:15:14	EVENT_WARN	1	-447	Dset::IO_TsvFile::fstream_read_line - read failed - skipping
12/26/2025 17:15:14	dset	1	-447	expected -1 lines, read 10000 lines!
12/26/2025 17:15:14	dset	4	-447	Dset::IO_TsvFile::fstream_pop(0x7ff7bcc80138)
12/26/2025 17:15:15	LOG,INFO,GUI	1	-458	CopynumberOncoNodeNormalDiploidIterator::doRunAll(...) stop: Runtime: 12.49 seconds.
12/26/2025 17:15:15	LOG,INFO,GUI	1	-458	CopynumberOncoNodeXYSignalGender::doRunAll(...) start
12/26/2025 17:15:15	info,LOG	1	-458	CopynumberOncoNodeXYSignalGender::doRun()\ta520780-00-982416-053118-4306645-06115.10_CAD_9353_LMS_Rec1.CEL\tXXRatio\t0.722186\tYRatio\t0.066839\tX
12/26/2025 17:15:15	LOG,INFO,GUI	1	-458	CopynumberOncoNodeXYSignalGender::doRunAll(...) stop: Runtime: 0.03 seconds.
12/26/2025 17:15:15	LOG,INFO,GUI	1	-458	CopynumberOncoNodeLog2RatioAdjusterImage::doRunAll(...) start
12/26/2025 17:15:15	LOG,INFO,GUI	1	-458	CopynumberOncoNodeLog2RatioAdjusterImage::doRunAll(...) stop: Runtime: 0.02 seconds.
12/26/2025 17:15:15	LOG,INFO,GUI	1	-458	CopynumberOncoNodeLog2RatioAdjusterCovariate::doRunAll(...) start
12/26/2025 17:15:15	LOG,INFO,GUI	1	-458	CopynumberOncoNodeLog2RatioAdjusterCovariate::doRunAll(...) stop: Runtime: 0.08 seconds.
12/26/2025 17:15:15	LOG,INFO,GUI	1	-458	CopynumberOncoNodeLog2RatioAdjusterWave::doRunAll(...) start
12/26/2025 17:15:15	dset	3	-458	Dset::File::open('/Library/Frameworks/R.framework/Versions/4.1/Resources/library/OncoScan.na33.r4/apt/res//OncoScan.FFPE.na33.r1.REF_MODEL',2,5)
12/26/2025 17:15:16	info,LOG	1	-269	The number of waves used for wave-correction is: 6
12/26/2025 17:15:17	LOG,INFO,GUI	1	-262	CopynumberOncoNodeLog2RatioAdjusterWave::doRunAll(...) stop: Runtime: 2.34 seconds.
12/26/2025 17:15:17	LOG,INFO,GUI	1	-262	CopynumberOncoNodeLog2RatioAdjusterYTarget::doRunAll(...) start
12/26/2025 17:15:18	LOG,INFO,GUI	1	-366	CopynumberOncoNodeLog2RatioAdjusterYTarget::doRunAll(...) stop: Runtime: 0.81 seconds.
12/26/2025 17:15:18	LOG,INFO,GUI	1	-366	CopynumberOncoNodeBAF::doRunAll(...) start
12/26/2025 17:15:18	LOG,INFO,GUI	1	-366	CopynumberOncoNodeBAF::doRunAll(...) stop: Runtime: 0.01 seconds.
12/26/2025 17:15:18	LOG,INFO,GUI	1	-366	CopynumberOncoNodeAllelePeaksBaf::doRunAll(...) start
12/26/2025 17:15:21	bb_memory,LOG	4	-344	Memory before deleting BafFldWeights: Curr mem=-361250816 Max mem=105074688
12/26/2025 17:15:21	bb_memory,LOG	4	-344	Memory after deleting BafFldWeights: Curr mem=-361250816 Max mem=105074688
12/26/2025 17:15:21	LOG,INFO,GUI	1	-344	CopynumberOncoNodeAllelePeaksBaf::doRunAll(...) stop: Runtime: 2.75 seconds.
12/26/2025 17:15:21	LOG,INFO,GUI	1	-344	CopynumberOncoNodeSNPQC::doRunAll(...) start
12/26/2025 17:15:21	dset	3	-344	Dset::File::open('/Library/Frameworks/R.framework/Versions/4.1/Resources/library/OncoScan.na33.r4/apt/res//OncoScan.FFPE.na33.r1.REF_MODEL',2,5)
12/26/2025 17:15:21	dset	3	-344	Dset::File::open('/Library/Frameworks/R.framework/Versions/4.1/Resources/library/OncoScan.na33.r4/apt/res//OncoScan.r1.snplist.txt',2,2)
12/26/2025 17:15:21	dset	1	-344	Dset::IO_TsvFile::openFile('/Library/Frameworks/R.framework/Versions/4.1/Resources/library/OncoScan.na33.r4/apt/res//OncoScan.r1.snplist.txt',2)
12/26/2025 17:15:21	dset	4	-344	Dset::IO_TsvFile::fstream_push(0x7ff7bcc7fec8)
12/26/2025 17:15:21	EVENT_WARN	1	-344	Dset::IO_TsvFile::fstream_read_line - read failed - skipping
12/26/2025 17:15:21	dset	1	-344	expected -1 lines, read 10000 lines!
12/26/2025 17:15:21	dset	4	-344	Dset::IO_TsvFile::fstream_pop(0x7ff7bcc7fec8)
12/26/2025 17:15:22	LOG,INFO,GUI	1	-344	CopynumberOncoNodeSNPQC::doRunAll(...) stop: Runtime: 0.77 seconds.
12/26/2025 17:15:22	LOG,INFO,GUI	1	-344	CopynumberOncoNodeTUSCAN::doRunAll(...) start
12/26/2025 17:15:22	bboard	4	-344	    AnnotationInformation => 0x7f9c5580f410(1)
12/26/2025 17:15:22	bboard	4	-344	    CovariateOptions     => 0x7f9c556c1500(1)
12/26/2025 17:15:22	bboard	4	-344	    ExperimentVector     => 0x7f9c60a5a410(1)
12/26/2025 17:15:22	bboard	4	-344	    ProbeSetVector       => 0x7f9c62e449f0(1)
12/26/2025 17:15:22	bboard	4	-344	    ProbeVector          => 0x7f9c5580e860(1)
12/26/2025 17:15:22	bboard	4	-344	    ReferenceHeader      => 0x7f9c5d204d50(1)
12/26/2025 17:15:22	bboard	4	-344	    SNPSketch            => 0x7f9c62e44960(1)
12/26/2025 17:15:22	bboard	4	-344	    TuScanAltModes       => 0x7f9c5ff4c450(1)
12/26/2025 17:15:22	bboard	4	-344	    YProbeSetNames       => 0x7f9c5580e6c0(1)
12/26/2025 17:15:22	LOG,INFO,GUI	1	-344	CopynumberOncoNodeTUSCANSwitch::doRunAll(...) start
12/26/2025 17:15:22	LOG,INFO,GUI	1	-344	CopynumberOncoNodeTUSCANHomHet::doRunAll(...) start
12/26/2025 17:15:22	bboard	4	-332	    AnnotationInformation => 0x7f9c5580f410(1)
12/26/2025 17:15:22	bboard	4	-332	    CovariateOptions     => 0x7f9c556c1500(1)
12/26/2025 17:15:22	bboard	4	-332	    ExperimentVector     => 0x7f9c60a5a410(1)
12/26/2025 17:15:22	bboard	4	-332	    ProbeSetVector       => 0x7f9c62e449f0(1)
12/26/2025 17:15:22	bboard	4	-332	    ProbeVector          => 0x7f9c5580e860(1)
12/26/2025 17:15:22	bboard	4	-332	    ReferenceHeader      => 0x7f9c5d204d50(1)
12/26/2025 17:15:22	bboard	4	-332	    SNPSketch            => 0x7f9c62e44960(1)
12/26/2025 17:15:22	bboard	4	-332	    TuScanAltModes       => 0x7f9c5ff4c450(1)
12/26/2025 17:15:22	bboard	4	-332	    ValidL2rIndices      => 0x7f9c62990e50(1)
12/26/2025 17:15:22	bboard	4	-332	    YProbeSetNames       => 0x7f9c5580e6c0(1)
12/26/2025 17:15:22	bboard	4	-332	    AnnotationInformation => 0x7f9c5580f410(1)
12/26/2025 17:15:22	bboard	4	-332	    BAFvector            => 0x7f9c6298c660(1)
12/26/2025 17:15:22	bboard	4	-332	    CovariateOptions     => 0x7f9c556c1500(1)
12/26/2025 17:15:22	bboard	4	-332	    ExperimentVector     => 0x7f9c60a5a410(1)
12/26/2025 17:15:22	bboard	4	-332	    ProbeSetVector       => 0x7f9c62e449f0(1)
12/26/2025 17:15:22	bboard	4	-332	    ProbeVector          => 0x7f9c5580e860(1)
12/26/2025 17:15:22	bboard	4	-332	    ReferenceHeader      => 0x7f9c5d204d50(1)
12/26/2025 17:15:22	bboard	4	-332	    SNPSketch            => 0x7f9c62e44960(1)
12/26/2025 17:15:22	bboard	4	-332	    TuScanAltModes       => 0x7f9c5ff4c450(1)
12/26/2025 17:15:22	bboard	4	-332	    ValidL2rIndices      => 0x7f9c62990e50(1)
12/26/2025 17:15:22	bboard	4	-332	    YProbeSetNames       => 0x7f9c5580e6c0(1)
12/26/2025 17:15:22	bboard	4	-332	    AnnotationInformation => 0x7f9c5580f410(1)
12/26/2025 17:15:22	bboard	4	-332	    BAFvector            => 0x7f9c6298c660(1)
12/26/2025 17:15:22	bboard	4	-332	    BAFweights           => 0x7f9c60a71180(1)
12/26/2025 17:15:22	bboard	4	-332	    CovariateOptions     => 0x7f9c556c1500(1)
12/26/2025 17:15:22	bboard	4	-332	    ExperimentVector     => 0x7f9c60a5a410(1)
12/26/2025 17:15:22	bboard	4	-332	    ProbeSetVector       => 0x7f9c62e449f0(1)
12/26/2025 17:15:22	bboard	4	-332	    ProbeVector          => 0x7f9c5580e860(1)
12/26/2025 17:15:22	bboard	4	-332	    ReferenceHeader      => 0x7f9c5d204d50(1)
12/26/2025 17:15:22	bboard	4	-332	    SNPSketch            => 0x7f9c62e44960(1)
12/26/2025 17:15:22	bboard	4	-332	    TuScanAltModes       => 0x7f9c5ff4c450(1)
12/26/2025 17:15:22	bboard	4	-332	    ValidL2rIndices      => 0x7f9c62990e50(1)
12/26/2025 17:15:22	bboard	4	-332	    YProbeSetNames       => 0x7f9c5580e6c0(1)
12/26/2025 17:15:22	bboard	4	-332	    AnnotationInformation => 0x7f9c5580f410(1)
12/26/2025 17:15:22	bboard	4	-332	    BAFvector            => 0x7f9c6298c660(1)
12/26/2025 17:15:22	bboard	4	-332	    BAFweights           => 0x7f9c60a71180(1)
12/26/2025 17:15:22	bboard	4	-332	    CovariateOptions     => 0x7f9c556c1500(1)
12/26/2025 17:15:22	bboard	4	-332	    ExperimentVector     => 0x7f9c60a5a410(1)
12/26/2025 17:15:22	bboard	4	-332	    HomHetFlags          => 0x7f9c69a5b3d0(1)
12/26/2025 17:15:22	bboard	4	-332	    ProbeSetVector       => 0x7f9c62e449f0(1)
12/26/2025 17:15:22	bboard	4	-332	    ProbeVector          => 0x7f9c5580e860(1)
12/26/2025 17:15:22	bboard	4	-332	    ReferenceHeader      => 0x7f9c5d204d50(1)
12/26/2025 17:15:22	bboard	4	-332	    SNPSketch            => 0x7f9c62e44960(1)
12/26/2025 17:15:22	bboard	4	-332	    TuScanAltModes       => 0x7f9c5ff4c450(1)
12/26/2025 17:15:22	bboard	4	-332	    ValidL2rIndices      => 0x7f9c62990e50(1)
12/26/2025 17:15:22	bboard	4	-332	    YProbeSetNames       => 0x7f9c5580e6c0(1)
12/26/2025 17:15:22	LOG,INFO,GUI	1	-332	CopynumberOncoNodeTUSCANHomHet::doRunAll(...) stop: Runtime: 0.41 seconds.
12/26/2025 17:15:22	LOG,INFO,GUI	1	-332	CopynumberOncoNodeTUSCANSegmenter::doRunAll(...) start
12/26/2025 17:15:22	bboard	4	-332	    AnnotationInformation => 0x7f9c5580f410(1)
12/26/2025 17:15:22	bboard	4	-332	    BAFvector            => 0x7f9c6298c660(1)
12/26/2025 17:15:22	bboard	4	-332	    BAFweights           => 0x7f9c60a71180(1)
12/26/2025 17:15:22	bboard	4	-332	    CovariateOptions     => 0x7f9c556c1500(1)
12/26/2025 17:15:22	bboard	4	-332	    ExperimentVector     => 0x7f9c60a5a410(1)
12/26/2025 17:15:22	bboard	4	-332	    HomHetFlags          => 0x7f9c69a5b3d0(1)
12/26/2025 17:15:22	bboard	4	-332	    ProbeSetVector       => 0x7f9c62e449f0(1)
12/26/2025 17:15:22	bboard	4	-332	    ProbeVector          => 0x7f9c5580e860(1)
12/26/2025 17:15:22	bboard	4	-332	    ReferenceHeader      => 0x7f9c5d204d50(1)
12/26/2025 17:15:22	bboard	4	-332	    SNPSketch            => 0x7f9c62e44960(1)
12/26/2025 17:15:22	bboard	4	-332	    TuScanAltModes       => 0x7f9c5ff4c450(1)
12/26/2025 17:15:22	bboard	4	-332	    ValidL2rIndices      => 0x7f9c62990e50(1)
12/26/2025 17:15:22	bboard	4	-332	    YProbeSetNames       => 0x7f9c5580e6c0(1)
12/26/2025 17:15:22	bboard	4	-332	    logrDataVector       => 0x7f9c69a5b240(1)
12/26/2025 17:15:23	bboard	4	-382	    AnnotationInformation => 0x7f9c5580f410(1)
12/26/2025 17:15:23	bboard	4	-382	    BAFvector            => 0x7f9c6298c660(1)
12/26/2025 17:15:23	bboard	4	-382	    BAFweights           => 0x7f9c60a71180(1)
12/26/2025 17:15:23	bboard	4	-382	    CovariateOptions     => 0x7f9c556c1500(1)
12/26/2025 17:15:23	bboard	4	-382	    ExperimentVector     => 0x7f9c60a5a410(1)
12/26/2025 17:15:23	bboard	4	-382	    HomHetFlags          => 0x7f9c69a5b3d0(1)
12/26/2025 17:15:23	bboard	4	-382	    ProbeSetVector       => 0x7f9c62e449f0(1)
12/26/2025 17:15:23	bboard	4	-382	    ProbeVector          => 0x7f9c5580e860(1)
12/26/2025 17:15:23	bboard	4	-382	    ReferenceHeader      => 0x7f9c5d204d50(1)
12/26/2025 17:15:23	bboard	4	-382	    SNPSketch            => 0x7f9c62e44960(1)
12/26/2025 17:15:23	bboard	4	-382	    TuScanAltModes       => 0x7f9c5ff4c450(1)
12/26/2025 17:15:23	bboard	4	-382	    TuScanSegments       => 0x7f9c69a5b5b0(1)
12/26/2025 17:15:23	bboard	4	-382	    ValidL2rIndices      => 0x7f9c62990e50(1)
12/26/2025 17:15:23	bboard	4	-382	    YProbeSetNames       => 0x7f9c5580e6c0(1)
12/26/2025 17:15:23	bboard	4	-382	    logrDataVector       => 0x7f9c69a5b240(1)
12/26/2025 17:15:26	bboard	4	-369	    AnnotationInformation => 0x7f9c5580f410(1)
12/26/2025 17:15:26	bboard	4	-369	    BAFvector            => 0x7f9c6298c660(1)
12/26/2025 17:15:26	bboard	4	-369	    BAFweights           => 0x7f9c60a71180(1)
12/26/2025 17:15:26	bboard	4	-369	    CovariateOptions     => 0x7f9c556c1500(1)
12/26/2025 17:15:26	bboard	4	-369	    ExperimentVector     => 0x7f9c60a5a410(1)
12/26/2025 17:15:26	bboard	4	-369	    HomHetFlags          => 0x7f9c69a5b3d0(1)
12/26/2025 17:15:26	bboard	4	-369	    ProbeSetVector       => 0x7f9c62e449f0(1)
12/26/2025 17:15:26	bboard	4	-369	    ProbeVector          => 0x7f9c5580e860(1)
12/26/2025 17:15:26	bboard	4	-369	    ReferenceHeader      => 0x7f9c5d204d50(1)
12/26/2025 17:15:26	bboard	4	-369	    SNPSketch            => 0x7f9c62e44960(1)
12/26/2025 17:15:26	bboard	4	-369	    TuScanAltModes       => 0x7f9c5ff4c450(1)
12/26/2025 17:15:26	bboard	4	-369	    TuScanSegments       => 0x7f9c69a5b5b0(1)
12/26/2025 17:15:26	bboard	4	-369	    TuScanSegmentsFine   => 0x7f9c5ff4ce40(1)
12/26/2025 17:15:26	bboard	4	-369	    ValidL2rIndices      => 0x7f9c62990e50(1)
12/26/2025 17:15:26	bboard	4	-369	    YProbeSetNames       => 0x7f9c5580e6c0(1)
12/26/2025 17:15:26	bboard	4	-369	    logrDataVector       => 0x7f9c69a5b240(1)
12/26/2025 17:15:26	bboard	4	-369	    AnnotationInformation => 0x7f9c5580f410(1)
12/26/2025 17:15:26	bboard	4	-369	    BAFvector            => 0x7f9c6298c660(1)
12/26/2025 17:15:26	bboard	4	-369	    BAFweights           => 0x7f9c60a71180(1)
12/26/2025 17:15:26	bboard	4	-369	    ChrFineSegBdry       => 0x7f9c5ff4d0d0(1)
12/26/2025 17:15:26	bboard	4	-369	    CovariateOptions     => 0x7f9c556c1500(1)
12/26/2025 17:15:26	bboard	4	-369	    ExperimentVector     => 0x7f9c60a5a410(1)
12/26/2025 17:15:26	bboard	4	-369	    HomHetFlags          => 0x7f9c69a5b3d0(1)
12/26/2025 17:15:26	bboard	4	-369	    ProbeSetVector       => 0x7f9c62e449f0(1)
12/26/2025 17:15:26	bboard	4	-369	    ProbeVector          => 0x7f9c5580e860(1)
12/26/2025 17:15:26	bboard	4	-369	    ReferenceHeader      => 0x7f9c5d204d50(1)
12/26/2025 17:15:26	bboard	4	-369	    SNPSketch            => 0x7f9c62e44960(1)
12/26/2025 17:15:26	bboard	4	-369	    TuScanAltModes       => 0x7f9c5ff4c450(1)
12/26/2025 17:15:26	bboard	4	-369	    TuScanSegments       => 0x7f9c69a5b5b0(1)
12/26/2025 17:15:26	bboard	4	-369	    TuScanSegmentsFine   => 0x7f9c5ff4ce40(1)
12/26/2025 17:15:26	bboard	4	-369	    ValidL2rIndices      => 0x7f9c62990e50(1)
12/26/2025 17:15:26	bboard	4	-369	    YProbeSetNames       => 0x7f9c5580e6c0(1)
12/26/2025 17:15:26	bboard	4	-369	    logrDataVector       => 0x7f9c69a5b240(1)
12/26/2025 17:15:26	bboard	4	-369	    AnnotationInformation => 0x7f9c5580f410(1)
12/26/2025 17:15:26	bboard	4	-369	    BAFvector            => 0x7f9c6298c660(1)
12/26/2025 17:15:26	bboard	4	-369	    BAFweights           => 0x7f9c60a71180(1)
12/26/2025 17:15:26	bboard	4	-369	    ChrFineSegBdry       => 0x7f9c5ff4d0d0(1)
12/26/2025 17:15:26	bboard	4	-369	    CovariateOptions     => 0x7f9c556c1500(1)
12/26/2025 17:15:26	bboard	4	-369	    ExperimentVector     => 0x7f9c60a5a410(1)
12/26/2025 17:15:26	bboard	4	-369	    FirstFineSegXYchr    => 0x7f9c5ff4caf0(1)
12/26/2025 17:15:26	bboard	4	-369	    HomHetFlags          => 0x7f9c69a5b3d0(1)
12/26/2025 17:15:26	bboard	4	-369	    ProbeSetVector       => 0x7f9c62e449f0(1)
12/26/2025 17:15:26	bboard	4	-369	    ProbeVector          => 0x7f9c5580e860(1)
12/26/2025 17:15:26	bboard	4	-369	    ReferenceHeader      => 0x7f9c5d204d50(1)
12/26/2025 17:15:26	bboard	4	-369	    SNPSketch            => 0x7f9c62e44960(1)
12/26/2025 17:15:26	bboard	4	-369	    TuScanAltModes       => 0x7f9c5ff4c450(1)
12/26/2025 17:15:26	bboard	4	-369	    TuScanSegments       => 0x7f9c69a5b5b0(1)
12/26/2025 17:15:26	bboard	4	-369	    TuScanSegmentsFine   => 0x7f9c5ff4ce40(1)
12/26/2025 17:15:26	bboard	4	-369	    ValidL2rIndices      => 0x7f9c62990e50(1)
12/26/2025 17:15:26	bboard	4	-369	    YProbeSetNames       => 0x7f9c5580e6c0(1)
12/26/2025 17:15:26	bboard	4	-369	    logrDataVector       => 0x7f9c69a5b240(1)
12/26/2025 17:15:28	bboard	4	-329	    AnnotationInformation => 0x7f9c5580f410(1)
12/26/2025 17:15:28	bboard	4	-329	    BAFvector            => 0x7f9c6298c660(1)
12/26/2025 17:15:28	bboard	4	-329	    BAFweights           => 0x7f9c60a71180(1)
12/26/2025 17:15:28	bboard	4	-329	    ChrFineSegBdry       => 0x7f9c5ff4d0d0(1)
12/26/2025 17:15:28	bboard	4	-329	    CovariateOptions     => 0x7f9c556c1500(1)
12/26/2025 17:15:28	bboard	4	-329	    ExperimentVector     => 0x7f9c60a5a410(1)
12/26/2025 17:15:28	bboard	4	-329	    FirstFineSegXYchr    => 0x7f9c5ff4caf0(1)
12/26/2025 17:15:28	bboard	4	-329	    HomHetFlags          => 0x7f9c69a5b3d0(1)
12/26/2025 17:15:28	bboard	4	-329	    ProbeSetVector       => 0x7f9c62e449f0(1)
12/26/2025 17:15:28	bboard	4	-329	    ProbeVector          => 0x7f9c5580e860(1)
12/26/2025 17:15:28	bboard	4	-329	    ReferenceHeader      => 0x7f9c5d204d50(1)
12/26/2025 17:15:28	bboard	4	-329	    SNPSketch            => 0x7f9c62e44960(1)
12/26/2025 17:15:28	bboard	4	-329	    TuScanAltModes       => 0x7f9c5ff4c450(1)
12/26/2025 17:15:28	bboard	4	-329	    TuScanSegments       => 0x7f9c69a5b5b0(1)
12/26/2025 17:15:28	bboard	4	-329	    TuScanSegmentsAltMode => 0x7f9c69a5e840(1)
12/26/2025 17:15:28	bboard	4	-329	    TuScanSegmentsFine   => 0x7f9c5ff4ce40(1)
12/26/2025 17:15:28	bboard	4	-329	    ValidL2rIndices      => 0x7f9c62990e50(1)
12/26/2025 17:15:28	bboard	4	-329	    YProbeSetNames       => 0x7f9c5580e6c0(1)
12/26/2025 17:15:28	bboard	4	-329	    logrDataVector       => 0x7f9c69a5b240(1)
12/26/2025 17:15:28	bboard	4	-329	    AnnotationInformation => 0x7f9c5580f410(1)
12/26/2025 17:15:28	bboard	4	-329	    BAFvector            => 0x7f9c6298c660(1)
12/26/2025 17:15:28	bboard	4	-329	    BAFweights           => 0x7f9c60a71180(1)
12/26/2025 17:15:28	bboard	4	-329	    ChrAltModeSegBdry    => 0x7f9c69a5e9c0(1)
12/26/2025 17:15:28	bboard	4	-329	    ChrFineSegBdry       => 0x7f9c5ff4d0d0(1)
12/26/2025 17:15:28	bboard	4	-329	    CovariateOptions     => 0x7f9c556c1500(1)
12/26/2025 17:15:28	bboard	4	-329	    ExperimentVector     => 0x7f9c60a5a410(1)
12/26/2025 17:15:28	bboard	4	-329	    FirstFineSegXYchr    => 0x7f9c5ff4caf0(1)
12/26/2025 17:15:28	bboard	4	-329	    HomHetFlags          => 0x7f9c69a5b3d0(1)
12/26/2025 17:15:28	bboard	4	-329	    ProbeSetVector       => 0x7f9c62e449f0(1)
12/26/2025 17:15:28	bboard	4	-329	    ProbeVector          => 0x7f9c5580e860(1)
12/26/2025 17:15:28	bboard	4	-329	    ReferenceHeader      => 0x7f9c5d204d50(1)
12/26/2025 17:15:28	bboard	4	-329	    SNPSketch            => 0x7f9c62e44960(1)
12/26/2025 17:15:28	bboard	4	-329	    TuScanAltModes       => 0x7f9c5ff4c450(1)
12/26/2025 17:15:28	bboard	4	-329	    TuScanSegments       => 0x7f9c69a5b5b0(1)
12/26/2025 17:15:28	bboard	4	-329	    TuScanSegmentsAltMode => 0x7f9c69a5e840(1)
12/26/2025 17:15:28	bboard	4	-329	    TuScanSegmentsFine   => 0x7f9c5ff4ce40(1)
12/26/2025 17:15:28	bboard	4	-329	    ValidL2rIndices      => 0x7f9c62990e50(1)
12/26/2025 17:15:28	bboard	4	-329	    YProbeSetNames       => 0x7f9c5580e6c0(1)
12/26/2025 17:15:28	bboard	4	-329	    logrDataVector       => 0x7f9c69a5b240(1)
12/26/2025 17:15:28	bboard	4	-329	    AnnotationInformation => 0x7f9c5580f410(1)
12/26/2025 17:15:28	bboard	4	-329	    BAFvector            => 0x7f9c6298c660(1)
12/26/2025 17:15:28	bboard	4	-329	    BAFweights           => 0x7f9c60a71180(1)
12/26/2025 17:15:28	bboard	4	-329	    ChrAltModeSegBdry    => 0x7f9c69a5e9c0(1)
12/26/2025 17:15:28	bboard	4	-329	    ChrFineSegBdry       => 0x7f9c5ff4d0d0(1)
12/26/2025 17:15:28	bboard	4	-329	    CovariateOptions     => 0x7f9c556c1500(1)
12/26/2025 17:15:28	bboard	4	-329	    ExperimentVector     => 0x7f9c60a5a410(1)
12/26/2025 17:15:28	bboard	4	-329	    FirstAltModeSegXYchr => 0x7f9c69a6fb30(1)
12/26/2025 17:15:28	bboard	4	-329	    FirstFineSegXYchr    => 0x7f9c5ff4caf0(1)
12/26/2025 17:15:28	bboard	4	-329	    HomHetFlags          => 0x7f9c69a5b3d0(1)
12/26/2025 17:15:28	bboard	4	-329	    ProbeSetVector       => 0x7f9c62e449f0(1)
12/26/2025 17:15:28	bboard	4	-329	    ProbeVector          => 0x7f9c5580e860(1)
12/26/2025 17:15:28	bboard	4	-329	    ReferenceHeader      => 0x7f9c5d204d50(1)
12/26/2025 17:15:28	bboard	4	-329	    SNPSketch            => 0x7f9c62e44960(1)
12/26/2025 17:15:28	bboard	4	-329	    TuScanAltModes       => 0x7f9c5ff4c450(1)
12/26/2025 17:15:28	bboard	4	-329	    TuScanSegments       => 0x7f9c69a5b5b0(1)
12/26/2025 17:15:28	bboard	4	-329	    TuScanSegmentsAltMode => 0x7f9c69a5e840(1)
12/26/2025 17:15:28	bboard	4	-329	    TuScanSegmentsFine   => 0x7f9c5ff4ce40(1)
12/26/2025 17:15:28	bboard	4	-329	    ValidL2rIndices      => 0x7f9c62990e50(1)
12/26/2025 17:15:28	bboard	4	-329	    YProbeSetNames       => 0x7f9c5580e6c0(1)
12/26/2025 17:15:28	bboard	4	-329	    logrDataVector       => 0x7f9c69a5b240(1)
12/26/2025 17:15:28	LOG,INFO,GUI	1	-329	CopynumberOncoNodeTUSCANSegmenter::doRunAll(...) stop: Runtime: 5.71 seconds.
12/26/2025 17:15:28	LOG,INFO,GUI	1	-329	CopynumberOncoNodeTUSCANTotalCN::doRunAll(...) start
12/26/2025 17:15:28	bboard	4	-329	    AnnotationInformation => 0x7f9c5580f410(1)
12/26/2025 17:15:28	bboard	4	-329	    BAFvector            => 0x7f9c6298c660(1)
12/26/2025 17:15:28	bboard	4	-329	    BAFweights           => 0x7f9c60a71180(1)
12/26/2025 17:15:28	bboard	4	-329	    ChrAltModeSegBdry    => 0x7f9c69a5e9c0(1)
12/26/2025 17:15:28	bboard	4	-329	    ChrFineSegBdry       => 0x7f9c5ff4d0d0(1)
12/26/2025 17:15:28	bboard	4	-329	    CovariateOptions     => 0x7f9c556c1500(1)
12/26/2025 17:15:28	bboard	4	-329	    ExperimentVector     => 0x7f9c60a5a410(1)
12/26/2025 17:15:28	bboard	4	-329	    FirstAltModeSegXYchr => 0x7f9c69a6fb30(1)
12/26/2025 17:15:28	bboard	4	-329	    FirstFineSegXYchr    => 0x7f9c5ff4caf0(1)
12/26/2025 17:15:28	bboard	4	-329	    HomHetFlags          => 0x7f9c69a5b3d0(1)
12/26/2025 17:15:28	bboard	4	-329	    ProbeSetVector       => 0x7f9c62e449f0(1)
12/26/2025 17:15:28	bboard	4	-329	    ProbeVector          => 0x7f9c5580e860(1)
12/26/2025 17:15:28	bboard	4	-329	    ReferenceHeader      => 0x7f9c5d204d50(1)
12/26/2025 17:15:28	bboard	4	-329	    SNPSketch            => 0x7f9c62e44960(1)
12/26/2025 17:15:28	bboard	4	-329	    Segments             => 0x7f9c60a68f50(1)
12/26/2025 17:15:28	bboard	4	-329	    TuScanAltModes       => 0x7f9c5ff4c450(1)
12/26/2025 17:15:28	bboard	4	-329	    TuScanSegments       => 0x7f9c69a5b5b0(1)
12/26/2025 17:15:28	bboard	4	-329	    TuScanSegmentsAltMode => 0x7f9c69a5e840(1)
12/26/2025 17:15:28	bboard	4	-329	    TuScanSegmentsFine   => 0x7f9c5ff4ce40(1)
12/26/2025 17:15:28	bboard	4	-329	    ValidL2rIndices      => 0x7f9c62990e50(1)
12/26/2025 17:15:28	bboard	4	-329	    YProbeSetNames       => 0x7f9c5580e6c0(1)
12/26/2025 17:15:28	bboard	4	-329	    logrDataVector       => 0x7f9c69a5b240(1)
12/26/2025 17:15:28	bboard	4	-329	    AnnotationInformation => 0x7f9c5580f410(1)
12/26/2025 17:15:28	bboard	4	-329	    BAFvector            => 0x7f9c6298c660(1)
12/26/2025 17:15:28	bboard	4	-329	    BAFweights           => 0x7f9c60a71180(1)
12/26/2025 17:15:28	bboard	4	-329	    ChrAltModeSegBdry    => 0x7f9c69a5e9c0(1)
12/26/2025 17:15:28	bboard	4	-329	    ChrFineSegBdry       => 0x7f9c5ff4d0d0(1)
12/26/2025 17:15:28	bboard	4	-329	    CovariateOptions     => 0x7f9c556c1500(1)
12/26/2025 17:15:28	bboard	4	-329	    ExperimentVector     => 0x7f9c60a5a410(1)
12/26/2025 17:15:28	bboard	4	-329	    FirstAltModeSegXYchr => 0x7f9c69a6fb30(1)
12/26/2025 17:15:28	bboard	4	-329	    FirstFineSegXYchr    => 0x7f9c5ff4caf0(1)
12/26/2025 17:15:28	bboard	4	-329	    HomHetFlags          => 0x7f9c69a5b3d0(1)
12/26/2025 17:15:28	bboard	4	-329	    ProbeSetVector       => 0x7f9c62e449f0(1)
12/26/2025 17:15:28	bboard	4	-329	    ProbeVector          => 0x7f9c5580e860(1)
12/26/2025 17:15:28	bboard	4	-329	    ReferenceHeader      => 0x7f9c5d204d50(1)
12/26/2025 17:15:28	bboard	4	-329	    SNPSketch            => 0x7f9c62e44960(1)
12/26/2025 17:15:28	bboard	4	-329	    Segments             => 0x7f9c60a68f50(1)
12/26/2025 17:15:28	bboard	4	-329	    TempMergedSegments   => 0x7f9c60a691e0(1)
12/26/2025 17:15:28	bboard	4	-329	    TuScanAltModes       => 0x7f9c5ff4c450(1)
12/26/2025 17:15:28	bboard	4	-329	    TuScanSegments       => 0x7f9c69a5b5b0(1)
12/26/2025 17:15:28	bboard	4	-329	    TuScanSegmentsAltMode => 0x7f9c69a5e840(1)
12/26/2025 17:15:28	bboard	4	-329	    TuScanSegmentsFine   => 0x7f9c5ff4ce40(1)
12/26/2025 17:15:28	bboard	4	-329	    ValidL2rIndices      => 0x7f9c62990e50(1)
12/26/2025 17:15:28	bboard	4	-329	    YProbeSetNames       => 0x7f9c5580e6c0(1)
12/26/2025 17:15:28	bboard	4	-329	    logrDataVector       => 0x7f9c69a5b240(1)
12/26/2025 17:15:28	bboard	4	-329	    AnnotationInformation => 0x7f9c5580f410(1)
12/26/2025 17:15:28	bboard	4	-329	    BAFvector            => 0x7f9c6298c660(1)
12/26/2025 17:15:28	bboard	4	-329	    BAFweights           => 0x7f9c60a71180(1)
12/26/2025 17:15:28	bboard	4	-329	    ChrAltModeSegBdry    => 0x7f9c69a5e9c0(1)
12/26/2025 17:15:28	bboard	4	-329	    ChrFineSegBdry       => 0x7f9c5ff4d0d0(1)
12/26/2025 17:15:28	bboard	4	-329	    CovariateOptions     => 0x7f9c556c1500(1)
12/26/2025 17:15:28	bboard	4	-329	    ExperimentVector     => 0x7f9c60a5a410(1)
12/26/2025 17:15:28	bboard	4	-329	    FirstAltModeSegXYchr => 0x7f9c69a6fb30(1)
12/26/2025 17:15:28	bboard	4	-329	    FirstFineSegXYchr    => 0x7f9c5ff4caf0(1)
12/26/2025 17:15:28	bboard	4	-329	    HomHetFlags          => 0x7f9c69a5b3d0(1)
12/26/2025 17:15:28	bboard	4	-329	    ProbeSetVector       => 0x7f9c62e449f0(1)
12/26/2025 17:15:28	bboard	4	-329	    ProbeVector          => 0x7f9c5580e860(1)
12/26/2025 17:15:28	bboard	4	-329	    ReferenceHeader      => 0x7f9c5d204d50(1)
12/26/2025 17:15:28	bboard	4	-329	    SNPSketch            => 0x7f9c62e44960(1)
12/26/2025 17:15:28	bboard	4	-329	    Segments             => 0x7f9c60a68f50(1)
12/26/2025 17:15:28	bboard	4	-329	    SegmentsBeforePushup => 0x7f9c60a69280(1)
12/26/2025 17:15:28	bboard	4	-329	    TempMergedSegments   => 0x7f9c60a691e0(1)
12/26/2025 17:15:28	bboard	4	-329	    TuScanAltModes       => 0x7f9c5ff4c450(1)
12/26/2025 17:15:28	bboard	4	-329	    TuScanSegments       => 0x7f9c69a5b5b0(1)
12/26/2025 17:15:28	bboard	4	-329	    TuScanSegmentsAltMode => 0x7f9c69a5e840(1)
12/26/2025 17:15:28	bboard	4	-329	    TuScanSegmentsFine   => 0x7f9c5ff4ce40(1)
12/26/2025 17:15:28	bboard	4	-329	    ValidL2rIndices      => 0x7f9c62990e50(1)
12/26/2025 17:15:28	bboard	4	-329	    YProbeSetNames       => 0x7f9c5580e6c0(1)
12/26/2025 17:15:28	bboard	4	-329	    logrDataVector       => 0x7f9c69a5b240(1)
12/26/2025 17:15:28	bboard	4	-329	    AnnotationInformation => 0x7f9c5580f410(1)
12/26/2025 17:15:28	bboard	4	-329	    BAFvector            => 0x7f9c6298c660(1)
12/26/2025 17:15:28	bboard	4	-329	    BAFweights           => 0x7f9c60a71180(1)
12/26/2025 17:15:28	bboard	4	-329	    ChrAltModeSegBdry    => 0x7f9c69a5e9c0(1)
12/26/2025 17:15:28	bboard	4	-329	    ChrFineSegBdry       => 0x7f9c5ff4d0d0(1)
12/26/2025 17:15:28	bboard	4	-329	    CovariateOptions     => 0x7f9c556c1500(1)
12/26/2025 17:15:28	bboard	4	-329	    ExperimentVector     => 0x7f9c60a5a410(1)
12/26/2025 17:15:28	bboard	4	-329	    FirstAltModeSegXYchr => 0x7f9c69a6fb30(1)
12/26/2025 17:15:28	bboard	4	-329	    FirstFineSegXYchr    => 0x7f9c5ff4caf0(1)
12/26/2025 17:15:28	bboard	4	-329	    HomHetFlags          => 0x7f9c69a5b3d0(1)
12/26/2025 17:15:28	bboard	4	-329	    MergedSegIndex       => 0x7f9c5ff4c350(1)
12/26/2025 17:15:28	bboard	4	-329	    ProbeSetVector       => 0x7f9c62e449f0(1)
12/26/2025 17:15:28	bboard	4	-329	    ProbeVector          => 0x7f9c5580e860(1)
12/26/2025 17:15:28	bboard	4	-329	    ReferenceHeader      => 0x7f9c5d204d50(1)
12/26/2025 17:15:28	bboard	4	-329	    SNPSketch            => 0x7f9c62e44960(1)
12/26/2025 17:15:28	bboard	4	-329	    Segments             => 0x7f9c60a68f50(1)
12/26/2025 17:15:28	bboard	4	-329	    SegmentsBeforePushup => 0x7f9c60a69280(1)
12/26/2025 17:15:28	bboard	4	-329	    TempMergedSegments   => 0x7f9c60a691e0(1)
12/26/2025 17:15:28	bboard	4	-329	    TuScanAltModes       => 0x7f9c5ff4c450(1)
12/26/2025 17:15:28	bboard	4	-329	    TuScanSegments       => 0x7f9c69a5b5b0(1)
12/26/2025 17:15:28	bboard	4	-329	    TuScanSegmentsAltMode => 0x7f9c69a5e840(1)
12/26/2025 17:15:28	bboard	4	-329	    TuScanSegmentsFine   => 0x7f9c5ff4ce40(1)
12/26/2025 17:15:28	bboard	4	-329	    ValidL2rIndices      => 0x7f9c62990e50(1)
12/26/2025 17:15:28	bboard	4	-329	    YProbeSetNames       => 0x7f9c5580e6c0(1)
12/26/2025 17:15:28	bboard	4	-329	    logrDataVector       => 0x7f9c69a5b240(1)
12/26/2025 17:15:28	LOG,INFO,GUI	1	-329	CopynumberOncoNodeTUSCANTotalCN::doRunAll(...) stop: Runtime: 0.04 seconds.
12/26/2025 17:15:28	LOG,INFO,GUI	1	-329	CopynumberOncoNodeTUSCANSwitch::doRunAll(...) stop: Runtime: 6.15 seconds.
12/26/2025 17:15:28	LOG,INFO,GUI	1	-329	CopynumberOncoNodeTUSCANSwitch::doRunAll(...) start
12/26/2025 17:15:28	LOG,INFO,GUI	1	-329	CopynumberOncoNodeTUSCANSwitch::doRunAll(...) stop: Runtime: 0.00 seconds.
12/26/2025 17:15:28	DEV,LOG	1	-329	Unable to erase Bboard object (not found): ExperimentNameFromPairedExperiment
12/26/2025 17:15:28	LOG,INFO,GUI	1	-329	CopynumberOncoNodeTUSCAN::doRunAll(...) stop: Runtime: 6.15 seconds.
12/26/2025 17:15:28	LOG,INFO,GUI	1	-329	CopynumberOncoNodeShrinkageV2::doRunAll(...) start
12/26/2025 17:15:28	info,PROGRESS	1	-329	0.000000,0.000000,24.000000,CopynumberOncoNodeShrinkageV2::doRun(...)
12/26/2025 17:15:28	info,PROGRESS	1	-329	0.000000,1.000000,24.000000,(4%) 
12/26/2025 17:15:28	info,PROGRESS	1	-329	0.000000,2.000000,24.000000,(8%) 
12/26/2025 17:15:28	info,PROGRESS	1	-329	0.000000,3.000000,24.000000,(12%) 
12/26/2025 17:15:28	info,PROGRESS	1	-329	0.000000,4.000000,24.000000,(16%) 
12/26/2025 17:15:28	info,PROGRESS	1	-329	0.000000,5.000000,24.000000,(20%) 
12/26/2025 17:15:28	info,PROGRESS	1	-329	0.000000,6.000000,24.000000,(25%) 
12/26/2025 17:15:28	info,PROGRESS	1	-329	0.000000,7.000000,24.000000,(29%) 
12/26/2025 17:15:28	info,PROGRESS	1	-329	0.000000,8.000000,24.000000,(33%) 
12/26/2025 17:15:28	info,PROGRESS	1	-329	0.000000,9.000000,24.000000,(37%) 
12/26/2025 17:15:28	info,PROGRESS	1	-329	0.000000,10.000000,24.000000,(41%) 
12/26/2025 17:15:28	info,PROGRESS	1	-329	0.000000,11.000000,24.000000,(45%) 
12/26/2025 17:15:28	info,PROGRESS	1	-329	0.000000,12.000000,24.000000,(50%) 
12/26/2025 17:15:28	info,PROGRESS	1	-329	0.000000,13.000000,24.000000,(54%) 
12/26/2025 17:15:28	info,PROGRESS	1	-329	0.000000,14.000000,24.000000,(58%) 
12/26/2025 17:15:28	info,PROGRESS	1	-329	0.000000,15.000000,24.000000,(62%) 
12/26/2025 17:15:28	info,PROGRESS	1	-329	0.000000,16.000000,24.000000,(66%) 
12/26/2025 17:15:28	info,PROGRESS	1	-329	0.000000,17.000000,24.000000,(70%) 
12/26/2025 17:15:28	info,PROGRESS	1	-329	0.000000,18.000000,24.000000,(75%) 
12/26/2025 17:15:28	info,PROGRESS	1	-329	0.000000,19.000000,24.000000,(79%) 
12/26/2025 17:15:28	info,PROGRESS	1	-329	0.000000,20.000000,24.000000,(83%) 
12/26/2025 17:15:28	info,PROGRESS	1	-329	0.000000,21.000000,24.000000,(87%) 
12/26/2025 17:15:28	info,PROGRESS	1	-329	0.000000,22.000000,24.000000,(91%) 
12/26/2025 17:15:28	info,PROGRESS	1	-329	0.000000,23.000000,24.000000,(95%) 
12/26/2025 17:15:28	info,PROGRESS	1	-329	0.000000,24.000000,24.000000,(100%) 
12/26/2025 17:15:28	info,PROGRESS	1	-329	0.000000,24.000000,24.000000,(100%) CopynumberOncoNodeShrinkageV2::doRun(...) stop
12/26/2025 17:15:28	LOG,INFO,GUI	1	-329	CopynumberOncoNodeShrinkageV2::doRunAll(...) stop: Runtime: 0.67 seconds.
12/26/2025 17:15:28	LOG,INFO,GUI	1	-329	CopynumberOncoNodeCNGender::doRunAll(...) start
12/26/2025 17:15:29	info,LOG	1	-314	CopynumberOncoNodeCNGender::doRun()\ta520780-00-982416-053118-4306645-06115.10_CAD_9353_LMS_Rec1.CEL\tCNGenderRatio\t0.000000\tXX\tConfidence\t1.000000
12/26/2025 17:15:29	bb_memory,LOG	4	-286	Memory before deleting YProbeSetNames: Curr mem=-300638208 Max mem=105074688
12/26/2025 17:15:29	bb_memory,LOG	4	-286	Memory after deleting YProbeSetNames: Curr mem=-300732416 Max mem=105074688
12/26/2025 17:15:29	LOG,INFO,GUI	1	-286	CopynumberOncoNodeCNGender::doRunAll(...) stop: Runtime: 0.78 seconds.
12/26/2025 17:15:29	LOG,INFO,GUI	1	-286	CopynumberOncoNodeTUSCANBreakAtPAR::doRunAll(...) start
12/26/2025 17:15:29	bb_memory,LOG	4	-286	Memory before deleting ValidL2rIndices: Curr mem=-300732416 Max mem=105074688
12/26/2025 17:15:29	bb_memory,LOG	4	-286	Memory after deleting ValidL2rIndices: Curr mem=-300732416 Max mem=105074688
12/26/2025 17:15:29	bb_memory,LOG	4	-286	Memory before deleting TuScanSegmentsFine: Curr mem=-300732416 Max mem=105074688
12/26/2025 17:15:29	bb_memory,LOG	4	-286	Memory after deleting TuScanSegmentsFine: Curr mem=-300732416 Max mem=105074688
12/26/2025 17:15:29	bb_memory,LOG	4	-286	Memory before deleting TempMergedSegments: Curr mem=-300732416 Max mem=105074688
12/26/2025 17:15:29	bb_memory,LOG	4	-286	Memory after deleting TempMergedSegments: Curr mem=-300732416 Max mem=105074688
12/26/2025 17:15:29	bb_memory,LOG	4	-286	Memory before deleting FirstFineSegXYchr: Curr mem=-300732416 Max mem=105074688
12/26/2025 17:15:29	bb_memory,LOG	4	-286	Memory after deleting FirstFineSegXYchr: Curr mem=-300732416 Max mem=105074688
12/26/2025 17:15:29	bb_memory,LOG	4	-286	Memory before deleting MergedSegIndex: Curr mem=-300732416 Max mem=105074688
12/26/2025 17:15:29	bb_memory,LOG	4	-286	Memory after deleting MergedSegIndex: Curr mem=-300732416 Max mem=105074688
12/26/2025 17:15:29	LOG,INFO,GUI	1	-286	CopynumberOncoNodeTUSCANBreakAtPAR::doRunAll(...) stop: Runtime: 0.00 seconds.
12/26/2025 17:15:29	LOG,INFO,GUI	1	-286	CopynumberOncoNodeTUSCANBinnedCN::doRunAll(...) start
12/26/2025 17:15:29	LOG,INFO,GUI	1	-286	CopynumberOncoNodeTUSCANBinnedCN::doRunAll(...) stop: Runtime: 0.00 seconds.
12/26/2025 17:15:29	LOG,INFO,GUI	1	-286	CopynumberOncoNodeLog2RatioSmootherKernel::doRunAll(...) start
12/26/2025 17:15:30	LOG,INFO,GUI	1	-284	CopynumberOncoNodeLog2RatioSmootherKernel::doRunAll(...) stop: Runtime: 0.80 seconds.
12/26/2025 17:15:30	LOG,INFO,GUI	1	-284	CopynumberOncoNodeGenotyping::doRunAll(...) start
12/26/2025 17:15:31	dset	3	-284	Dset::File::open('/Library/Frameworks/R.framework/Versions/4.1/Resources/library/OncoScan.na33.r4/apt/res//OncoScan.FFPE.na33.r1.REF_MODEL',2,5)
12/26/2025 17:15:31	LOG,INFO,GUI	1	-116	CopynumberOncoNodeGenotyping::doRunAll(...) stop: Runtime: 1.36 seconds.
12/26/2025 17:15:31	LOG,INFO,GUI	1	-116	CopynumberOncoNodeSignatureSnps::doRunAll(...) start
12/26/2025 17:15:31	bboard	4	-116	    AnnotationInformation => 0x7f9c5580f410(1)
12/26/2025 17:15:31	bboard	4	-116	    BAFvector            => 0x7f9c6298c660(1)
12/26/2025 17:15:31	bboard	4	-116	    BAFweights           => 0x7f9c60a71180(1)
12/26/2025 17:15:31	bboard	4	-116	    ChrAltModeSegBdry    => 0x7f9c69a5e9c0(1)
12/26/2025 17:15:31	bboard	4	-116	    ChrFineSegBdry       => 0x7f9c5ff4d0d0(1)
12/26/2025 17:15:31	bboard	4	-116	    CovariateOptions     => 0x7f9c556c1500(1)
12/26/2025 17:15:31	bboard	4	-116	    ExperimentVector     => 0x7f9c60a5a410(1)
12/26/2025 17:15:31	bboard	4	-116	    FirstAltModeSegXYchr => 0x7f9c69a6fb30(1)
12/26/2025 17:15:31	bboard	4	-116	    HomHetFlags          => 0x7f9c69a5b3d0(1)
12/26/2025 17:15:31	bboard	4	-116	    ProbeSetVector       => 0x7f9c62e449f0(1)
12/26/2025 17:15:31	bboard	4	-116	    ProbeVector          => 0x7f9c5580e860(1)
12/26/2025 17:15:31	bboard	4	-116	    ReferenceHeader      => 0x7f9c5d204d50(1)
12/26/2025 17:15:31	bboard	4	-116	    SNPSketch            => 0x7f9c62e44960(1)
12/26/2025 17:15:31	bboard	4	-116	    Segments             => 0x7f9c60a68f50(1)
12/26/2025 17:15:31	bboard	4	-116	    SegmentsBeforePushup => 0x7f9c60a69280(1)
12/26/2025 17:15:31	bboard	4	-116	    SigSnpReport         => 0x7f9c62734770(1)
12/26/2025 17:15:31	bboard	4	-116	    TuScanAltModes       => 0x7f9c5ff4c450(1)
12/26/2025 17:15:31	bboard	4	-116	    TuScanSegments       => 0x7f9c69a5b5b0(1)
12/26/2025 17:15:31	bboard	4	-116	    TuScanSegmentsAltMode => 0x7f9c69a5e840(1)
12/26/2025 17:15:31	bboard	4	-116	    logrDataVector       => 0x7f9c69a5b240(1)
12/26/2025 17:15:31	dset	3	-116	Dset::File::open('/Users/elizakishan/Documents/Analysis/LabData/ReprocessedLMS/10_CAD_9353_LMS_Rec1/temp/OncoScan.CelPairCheckReport.txt',64,6)
12/26/2025 17:15:31	dset	4	-116	Dset::IO_TsvFile::fstream_push(0x7ff7bcc7faa8)
12/26/2025 17:15:31	dset	4	-116	Dset::IO_TsvFile::fstream_pop(0x7ff7bcc7faa8)
12/26/2025 17:15:31	dset	1	-116	Cursor(): 0x7f9c62705b10
12/26/2025 17:15:31	dset	4	-116	Dset::IO_TsvFile::fstream_push(0x7f9c62705d00)
12/26/2025 17:15:31	dset	4	-116	Dset::IO_TsvFile::fstream_pop(0x7f9c62705d00)
12/26/2025 17:15:31	bb_memory,LOG	4	-116	Memory before deleting SNPSketch: Curr mem=-122515456 Max mem=105074688
12/26/2025 17:15:31	bb_memory,LOG	4	-116	Memory after deleting SNPSketch: Curr mem=-122515456 Max mem=105074688
12/26/2025 17:15:31	LOG,INFO,GUI	1	-116	CopynumberOncoNodeSignatureSnps::doRunAll(...) stop: Runtime: 0.00 seconds.
12/26/2025 17:15:31	LOG,INFO,GUI	1	-116	CopynumberOncoNodeMatchedNormalCheck::doRunAll(...) start
12/26/2025 17:15:31	LOG,INFO,GUI	1	-116	CopynumberOncoNodeMatchedNormalCheck::doRunAll(...) stop: Runtime: 0.00 seconds.
12/26/2025 17:15:31	LOG,INFO,GUI	1	-116	CopynumberOncoNodeRemoveAPModulation::doRunAll(...) start
12/26/2025 17:15:32	DEV,LOG	1	-116	Unable to erase Bboard object (not found): RmAPModFldWeights
12/26/2025 17:15:32	LOG,INFO,GUI	1	-116	CopynumberOncoNodeRemoveAPModulation::doRunAll(...) stop: Runtime: 0.70 seconds.
12/26/2025 17:15:32	LOG,INFO,GUI	1	-116	CopynumberOncoNodeAllelePeaksAD::doRunAll(...) start
12/26/2025 17:15:35	DEV,LOG	1	-98	Unable to erase Bboard object (not found): ADFldWeights
12/26/2025 17:15:35	LOG,INFO,GUI	1	-98	CopynumberOncoNodeAllelePeaksAD::doRunAll(...) stop: Runtime: 2.82 seconds.
12/26/2025 17:15:35	LOG,INFO,GUI	1	-98	CopynumberOncoNodeBafLOH::doRunAll(...) start
12/26/2025 17:15:36	DEV,LOG	1	-98	Unable to erase Bboard object (not found): SmoothSignalValues
12/26/2025 17:15:36	DEV,LOG	1	-98	Unable to erase Bboard object (not found): SmoothSignalProbeSets
12/26/2025 17:15:36	LOG,INFO,GUI	1	-98	CopynumberOncoNodeBafLOH::doRunAll(...) stop: Runtime: 0.83 seconds.
12/26/2025 17:15:36	LOG,INFO,GUI	1	-98	CopynumberOncoNodeReporterCychp::doRunAll(...) start
12/26/2025 17:15:36	LOG,INFO,GUI	1	-98	Preparing to write file: /Users/elizakishan/Documents/Analysis/LabData/ReprocessedLMS/10_CAD_9353_LMS_Rec1/temp/a520780-00-982416-053118-4306645-06115.10_CAD_9353_LMS_Rec1.oschp
12/26/2025 17:15:36	info,PROGRESS	1	-98	0.000000,0.000000,7.000000,CopynumberOncoNodeReporterCychp::report(...)
12/26/2025 17:15:36	dset	3	-245	Dset::File::open('/Users/elizakishan/Documents/Analysis/LabData/LMS_SNP_EPIC_array_data/SNP_array_data_LMS/CEL_files/a520780-00-982416-053118-4306645-06115.CEL',2,2)
12/26/2025 17:15:36	io-calvin	1	-245	read_file("/Users/elizakishan/Documents/Analysis/LabData/LMS_SNP_EPIC_array_data/SNP_array_data_LMS/CEL_files/a520780-00-982416-053118-4306645-06115.CEL")
12/26/2025 17:15:36	dset	3	-236	Dset::File::open('/Users/elizakishan/Documents/Analysis/LabData/LMS_SNP_EPIC_array_data/SNP_array_data_LMS/CEL_files/a520780-00-982415-053118-4306645-06025.CEL',2,2)
12/26/2025 17:15:36	io-calvin	1	-236	read_file("/Users/elizakishan/Documents/Analysis/LabData/LMS_SNP_EPIC_array_data/SNP_array_data_LMS/CEL_files/a520780-00-982415-053118-4306645-06025.CEL")
12/26/2025 17:15:36	dset	3	-230	Dset::File::open('/Users/elizakishan/Documents/Analysis/LabData/ReprocessedLMS/10_CAD_9353_LMS_Rec1/temp/QCReport.txt',64,2)
12/26/2025 17:15:36	dset	4	-230	Dset::IO_TsvFile::fstream_push(0x7ff7bcc7d758)
12/26/2025 17:15:36	dset	4	-230	Dset::IO_TsvFile::fstream_pop(0x7ff7bcc7d758)
12/26/2025 17:15:37	dset	4	-213	Dset::IO_TsvFile::fstream_push(0x7ff7bcc7d6c8)
12/26/2025 17:15:37	dset	4	-213	Dset::IO_TsvFile::fstream_pop(0x7ff7bcc7d6c8)
12/26/2025 17:15:37	info,PROGRESS	1	-213	0.000000,1.000000,7.000000,(14%) 
12/26/2025 17:15:37	info,PROGRESS	1	-213	0.000000,2.000000,7.000000,(28%) 
12/26/2025 17:15:37	info,PROGRESS	1	-213	0.000000,3.000000,7.000000,(42%) 
12/26/2025 17:15:37	info,PROGRESS	1	-213	0.000000,4.000000,7.000000,(57%) 
12/26/2025 17:15:37	info,PROGRESS	1	-205	0.000000,5.000000,7.000000,(71%) 
12/26/2025 17:15:37	info,PROGRESS	1	-205	0.000000,6.000000,7.000000,(85%) 
12/26/2025 17:15:37	info,PROGRESS	1	-198	0.000000,7.000000,7.000000,(100%) 
12/26/2025 17:15:37	info,PROGRESS	1	-198	0.000000,7.000000,7.000000,(100%) 
12/26/2025 17:15:37	LOG,INFO,GUI	1	-198	Writing file: /Users/elizakishan/Documents/Analysis/LabData/ReprocessedLMS/10_CAD_9353_LMS_Rec1/temp/a520780-00-982416-053118-4306645-06115.10_CAD_9353_LMS_Rec1.oschp
12/26/2025 17:15:37	info,LOG	1	-198	group Chromosomes
12/26/2025 17:15:37	info,LOG	1	-198	group ProbeSets
12/26/2025 17:15:37	info,LOG	1	-198	group AlgorithmData
12/26/2025 17:15:37	info,LOG	1	-198	group Segments
12/26/2025 17:15:37	info,LOG	1	-198	group Genotyping
12/26/2025 17:15:38	bb_memory,LOG	4	-198	Memory before deleting AnnotationInformation: Curr mem=-207663104 Max mem=105074688
12/26/2025 17:15:38	bb_memory,LOG	4	-198	Memory after deleting AnnotationInformation: Curr mem=-207663104 Max mem=105074688
12/26/2025 17:15:38	bb_memory,LOG	4	-198	Memory before deleting ReferenceHeader: Curr mem=-207663104 Max mem=105074688
12/26/2025 17:15:38	bb_memory,LOG	4	-198	Memory after deleting ReferenceHeader: Curr mem=-207663104 Max mem=105074688
12/26/2025 17:15:38	bb_memory,LOG	4	-198	Memory before deleting Segments: Curr mem=-207663104 Max mem=105074688
12/26/2025 17:15:38	bb_memory,LOG	4	-198	Memory after deleting Segments: Curr mem=-207663104 Max mem=105074688
12/26/2025 17:15:38	bb_memory,LOG	4	-198	Memory before deleting SigSnpReport: Curr mem=-207663104 Max mem=105074688
12/26/2025 17:15:38	bb_memory,LOG	4	-198	Memory after deleting SigSnpReport: Curr mem=-207663104 Max mem=105074688
12/26/2025 17:15:38	LOG,INFO,GUI	1	-198	CopynumberOncoNodeReporterCychp::doRunAll(...) stop: Runtime: 1.93 seconds.
12/26/2025 17:15:38	LOG,INFO,GUI	1	-198	CopynumberOncoNodeExperiments::doRunAll(...) stop: Runtime: 36.92 seconds.
12/26/2025 17:15:38	bb_memory,LOG	4	-198	Memory before deleting CovariateOptions: Curr mem=-207663104 Max mem=105074688
12/26/2025 17:15:38	bb_memory,LOG	4	-198	Memory after deleting CovariateOptions: Curr mem=-207663104 Max mem=105074688
12/26/2025 17:15:38	bb_memory,LOG	4	-198	Memory before deleting ExperimentVector: Curr mem=-207663104 Max mem=105074688
12/26/2025 17:15:38	bb_memory,LOG	4	-198	Memory after deleting ExperimentVector: Curr mem=-207663104 Max mem=105074688
12/26/2025 17:15:38	bb_memory,LOG	4	-198	Memory before deleting ProbeSetVector: Curr mem=-207663104 Max mem=105074688
12/26/2025 17:15:38	bb_memory,LOG	4	-198	Memory after deleting ProbeSetVector: Curr mem=-207663104 Max mem=105074688
12/26/2025 17:15:38	bb_memory,LOG	4	-198	Memory before deleting ProbeVector: Curr mem=-207663104 Max mem=105074688
12/26/2025 17:15:38	bb_memory,LOG	4	-198	Memory after deleting ProbeVector: Curr mem=-207663104 Max mem=105074688
12/26/2025 17:15:38	LOG,INFO,GUI	1	-198	CopynumberOncoNodeEngine::doRunAll(...) stop: Runtime: 42.31 seconds.
12/26/2025 17:15:38	LOG,INFO,GUI	1	-198	MainNode::doRunAll(...) stop: Runtime: 42.31 seconds.
12/26/2025 17:15:38	runtime,PROGRESS	1	-198	0.000000,0.000000,0.000000,(0%) done. (rv=0)
12/26/2025 17:15:38	info,summary,LOG	1	-198	
12/26/2025 17:15:38	info,summary,LOG	1	-198	0 error(s) and 0 warning(s).
12/26/2025 17:15:38	info,summary,LOG	1	-198	
12/26/2025 17:15:38	LOG	1	-198	#### CopynumberOncoNodeAllelePeaksAD::doRunAll(...) TOTAL TIME : 2.82 seconds.
12/26/2025 17:15:38	LOG	1	-198	#### CopynumberOncoNodeAllelePeaksBaf::doRunAll(...) TOTAL TIME : 2.75 seconds.
12/26/2025 17:15:38	LOG	1	-198	#### CopynumberOncoNodeAllelicDifference::doRunAll(...) TOTAL TIME : 0.05 seconds.
12/26/2025 17:15:38	LOG	1	-198	#### CopynumberOncoNodeBAF::doRunAll(...) TOTAL TIME : 0.01 seconds.
12/26/2025 17:15:38	LOG	1	-198	#### CopynumberOncoNodeBafLOH::doRunAll(...) TOTAL TIME : 0.83 seconds.
12/26/2025 17:15:38	LOG	1	-198	#### CopynumberOncoNodeCNGender::doRunAll(...) TOTAL TIME : 0.78 seconds.
12/26/2025 17:15:38	LOG	1	-198	#### CopynumberOncoNodeCelReader::doRunAll(...) TOTAL TIME : 1.50 seconds.
12/26/2025 17:15:38	LOG	1	-198	#### CopynumberOncoNodeCovariateIntensityAdjuster::doRunAll(...) TOTAL TIME : 3.62 seconds.
12/26/2025 17:15:38	LOG	1	-198	#### CopynumberOncoNodeEngine::doRunAll(...) TOTAL TIME : 42.31 seconds.
12/26/2025 17:15:38	LOG	1	-198	#### CopynumberOncoNodeExperiments::doRunAll(...) TOTAL TIME : 36.92 seconds.
12/26/2025 17:15:38	LOG	1	-198	#### CopynumberOncoNodeGenderRawIntensity::doRunAll(...) TOTAL TIME : 0.07 seconds.
12/26/2025 17:15:38	LOG	1	-198	#### CopynumberOncoNodeGenotyping::doRunAll(...) TOTAL TIME : 1.36 seconds.
12/26/2025 17:15:38	LOG	1	-198	#### CopynumberOncoNodeLibraryFile::doRunAll(...) TOTAL TIME : 5.25 seconds.
12/26/2025 17:15:38	LOG	1	-198	#### CopynumberOncoNodeLog2Ratio::doRunAll(...) TOTAL TIME : 0.01 seconds.
12/26/2025 17:15:38	LOG	1	-198	#### CopynumberOncoNodeLog2RatioAdjusterCovariate::doRunAll(...) TOTAL TIME : 0.08 seconds.
12/26/2025 17:15:38	LOG	1	-198	#### CopynumberOncoNodeLog2RatioAdjusterImage::doRunAll(...) TOTAL TIME : 0.02 seconds.
12/26/2025 17:15:38	LOG	1	-198	#### CopynumberOncoNodeLog2RatioAdjusterWave::doRunAll(...) TOTAL TIME : 2.34 seconds.
12/26/2025 17:15:38	LOG	1	-198	#### CopynumberOncoNodeLog2RatioAdjusterYTarget::doRunAll(...) TOTAL TIME : 0.81 seconds.
12/26/2025 17:15:38	LOG	1	-198	#### CopynumberOncoNodeLog2RatioSmootherKernel::doRunAll(...) TOTAL TIME : 0.80 seconds.
12/26/2025 17:15:38	LOG	1	-198	#### CopynumberOncoNodeMatchedNormalCheck::doRunAll(...) TOTAL TIME : 0.00 seconds.
12/26/2025 17:15:38	LOG	1	-198	#### CopynumberOncoNodeNormalDiploidDetection::doRunAll(...) TOTAL TIME : 3.22 seconds.
12/26/2025 17:15:38	LOG	1	-198	#### CopynumberOncoNodeNormalDiploidIterator::doRunAll(...) TOTAL TIME : 12.49 seconds.
12/26/2025 17:15:38	LOG	1	-198	#### CopynumberOncoNodeNormalDiploidSwitch::doRunAll(...) TOTAL TIME : 8.53 seconds.
12/26/2025 17:15:38	LOG	1	-198	#### CopynumberOncoNodeNormalization::doRunAll(...) TOTAL TIME : 0.72 seconds.
12/26/2025 17:15:38	LOG	1	-198	#### CopynumberOncoNodeRemoveAPModulation::doRunAll(...) TOTAL TIME : 0.70 seconds.
12/26/2025 17:15:38	LOG	1	-198	#### CopynumberOncoNodeReporterCychp::doRunAll(...) TOTAL TIME : 1.93 seconds.
12/26/2025 17:15:38	LOG	1	-198	#### CopynumberOncoNodeSNPQC::doRunAll(...) TOTAL TIME : 0.77 seconds.
12/26/2025 17:15:38	LOG	1	-198	#### CopynumberOncoNodeShrinkageV2::doRunAll(...) TOTAL TIME : 0.67 seconds.
12/26/2025 17:15:38	LOG	1	-198	#### CopynumberOncoNodeSignatureSnps::doRunAll(...) TOTAL TIME : 0.00 seconds.
12/26/2025 17:15:38	LOG	1	-198	#### CopynumberOncoNodeSummarization::doRunAll(...) TOTAL TIME : 4.13 seconds.
12/26/2025 17:15:38	LOG	1	-198	#### CopynumberOncoNodeTUSCAN::doRunAll(...) TOTAL TIME : 6.15 seconds.
12/26/2025 17:15:38	LOG	1	-198	#### CopynumberOncoNodeTUSCANBinnedCN::doRunAll(...) TOTAL TIME : 0.00 seconds.
12/26/2025 17:15:38	LOG	1	-198	#### CopynumberOncoNodeTUSCANBreakAtPAR::doRunAll(...) TOTAL TIME : 0.00 seconds.
12/26/2025 17:15:38	LOG	1	-198	#### CopynumberOncoNodeTUSCANHomHet::doRunAll(...) TOTAL TIME : 0.41 seconds.
12/26/2025 17:15:38	LOG	1	-198	#### CopynumberOncoNodeTUSCANSegmenter::doRunAll(...) TOTAL TIME : 5.71 seconds.
12/26/2025 17:15:38	LOG	1	-198	#### CopynumberOncoNodeTUSCANSwitch::doRunAll(...) TOTAL TIME : 6.15 seconds.
12/26/2025 17:15:38	LOG	1	-198	#### CopynumberOncoNodeTUSCANTotalCN::doRunAll(...) TOTAL TIME : 0.04 seconds.
12/26/2025 17:15:38	LOG	1	-198	#### CopynumberOncoNodeXYSignalGender::doRunAll(...) TOTAL TIME : 0.03 seconds.
12/26/2025 17:15:38	LOG	1	-198	#### MainNode::doRunAll(...) TOTAL TIME : 42.31 seconds.
12/26/2025 17:15:38	info,LOG	1	-198	
12/26/2025 17:15:38	LOG,INFO,GUI	1	-198	Runtime: 0 hours 0 minutes and 43 seconds.
12/26/2025 17:15:38	info,LOG	1	-198	
12/26/2025 17:15:38	LOG,INFO,GUI	1	-198	Max memory usage: 100 MB
