"","value"
"chr1-0001",0.210982437181118
"chr1-0002",-0.216456620477851
"chr1-0003",-0.147671147754498
"chr1-0004",-0.949938186604791
"chr1-0005",-0.890882958778391
"chr1-0006",-0.848746404730284
"chr1-0007",-0.979524856012013
"chr1-0008",-0.955848931351553
"chr1-0009",-0.930421466097904
"chr1-0010",-0.865212411105911
"chr1-0011",-0.886536013599712
"chr1-0012",-0.299487556675547
"chr1-0013",-0.299200509171646
"chr1-0014",-0.318484184822029
"chr1-0015",-0.29721420189365
"chr1-0016",-0.00201559249347215
"chr1-0017",-0.385018513822157
"chr1-0018",-0.159981034263056
"chr1-0019",-0.228212287941372
"chr1-0020",-0.079497219484547
"chr1-0021",-0.256944971484393
"chr1-0022",-0.164800247299115
"chr1-0023",-0.162703609924213
"chr1-0024",-0.292686923560623
"chr1-0025",-0.320148560396551
"chr1-0026",-0.174535059890243
"chr1-0027",-0.292497734418825
"chr1-0028",-0.245797093764201
"chr1-0029",-0.230082782086526
"chr1-0030",-0.381492522072365
"chr1-0031",-0.300597547751701
"chr1-0032",-0.221902832538469
"chr1-0033",-0.161524977003612
"chr1-0034",-0.176521415070202
"chr1-0035",-0.211143475052238
"chr1-0036",-0.113803155565241
"chr1-0037",-0.327916247703226
"chr1-0038",-0.288172626132734
"chr1-0039",-0.216699534941792
"chr1-0040",-0.245577965972185
"chr1-0041",-0.154214650770606
"chr1-0042",-0.0636497827005424
"chr1-0043",-0.0231279079927745
"chr1-0044",-0.0832405923857178
"chr1-0045",-0.0574524533196833
"chr1-0046",0.178800135752674
"chr1-0047",-0.13513039961548
"chr1-0048",-0.126790939890232
"chr1-0049",-0.00583212520251618
"chr1-0050",0.0589495150919462
"chr1-0051",0.0786351760842076
"chr1-0052",-0.0297667178715585
"chr1-0053",-0.284199386679721
"chr1-0054",0.0395706649841544
"chr1-0055",0.0209094939339385
"chr1-0056",-0.132419212305134
"chr1-0057",-0.180279435332261
"chr1-0058",-0.223142089484532
"chr1-0059",-0.206365539263449
"chr1-0060",-0.0454344602224038
"chr1-0061",-0.28148973857738
"chr1-0062",-0.169993414714641
"chr1-0063",-0.0704693562114725
"chr1-0064",-0.182219907734486
"chr1-0065",0.142226056065143
"chr1-0066",0.186543833883615
"chr1-0067",0.00116456336086085
"chr1-0068",-0.0128576169252662
"chr1-0069",0.0484795828970562
"chr1-0070",0.194633859373989
"chr1-0071",0.154765896020213
"chr1-0072",-0.0437606663442055
"chr1-0073",-0.0470295731107625
"chr1-0074",-0.0493200815383553
"chr1-0075",-0.100261590295767
"chr1-0076",-0.0696231908104921
"chr1-0077",0.0151967723440809
"chr1-0078",0.349845419769126
"chr1-0079",0.0721616064167514
"chr1-0080",0.115407819253985
"chr1-0081",0.336206079502925
"chr1-0082",0.216081186143208
"chr1-0083",0.187260406534336
"chr1-0084",0.0984662813461018
"chr1-0085",0.0482756800064355
"chr1-0086",0.295793518235765
"chr1-0087",0.39664400467267
"chr1-0088",0.309245912970147
"chr1-0089",0.236047088270793
"chr1-0090",0.215669126965823
"chr1-0091",0.0685464927423463
"chr1-0092",0.103426831204992
"chr1-0093",-0.0018649236636727
"chr1-0094",-0.0793810217325368
"chr1-0095",-0.0182870010214353
"chr1-0096",0.0117584800224963
"chr1-0097",-0.0346971331308716
"chr1-0098",-0.0285761375467394
"chr1-0099",-0.0758145050603081
"chr1-0100",-0.235695961452827
"chr1-0101",-0.172287254317785
"chr1-0102",-0.103848149134796
"chr1-0103",0.0822284392060944
"chr1-0104",-0.0701547550180728
"chr1-0105",-0.0570888868924608
"chr1-0106",0.0474198825463498
"chr1-0107",0.287442610868824
"chr1-0108",-0.00652613683185312
"chr1-0109",0.301072723405492
"chr1-0110",0.0675854768577635
"chr1-0111",-0.1116225219026
"chr1-0112",0.248861646752732
"chr1-0113",-0.105054856731554
"chr1-0114",-0.14646036325038
"chr1-0115",-0.0272830456633134
"chr1-0116",-0.0711548144905283
"chr1-0117",-0.090221466100547
"chr1-0118",-0.13612120996373
"chr1-0119",-0.0131651312022737
"chr1-0120",0.160790554607921
"chr1-0121",0.182247508417472
"chr1-0122",-0.0656745182654095
"chr1-0123",0.0428909518964393
"chr1-0124",0.0178098503988496
"chr1-0125",-0.196483946981149
"chr1-0126",0.0628618315559314
"chr1-0127",-0.248846674987425
"chr1-0128",-0.169140881732239
"chr1-0129",-0.0594759266898052
"chr1-0130",-0.0811206090567036
"chr1-0131",-0.0816376170645661
"chr1-0132",0.00160801162942335
"chr1-0133",0.00487915305539863
"chr1-0134",-0.140342250743644
"chr1-0135",0.0994838857539339
"chr1-0136",0.247390175898474
"chr1-0137",0.13936097743662
"chr1-0138",-0.0595708959926575
"chr1-0139",0.0597539086027681
"chr1-0140",0.131154926328436
"chr1-0141",0.0458927540875662
"chr1-0142",0.07378240858687
"chr1-0143",-0.0863475368753296
"chr1-0144",-0.181349037504463
"chr1-0145",0.158245887465995
"chr1-0146",0.290810101466082
"chr1-0147",0.0833113464705325
"chr1-0148",0.197103031019363
"chr1-0149",0.206325254568063
"chr1-0150",0.190699285999394
"chr1-0151",0.0678915305075272
"chr1-0152",0.0281928709794431
"chr1-0153",0.0252512807763565
"chr1-0154",-0.0033726597423091
"chr1-0155",-0.100691676716817
"chr1-0156",0.0642236018893477
"chr1-0157",0.0187959998046565
"chr1-0158",0.101333000230705
"chr1-0159",0.0973584142303801
"chr1-0160",-0.13742592279181
"chr1-0161",0.254997158314502
"chr1-0162",0.0538946165745662
"chr1-0163",-0.00627984032812316
"chr1-0164",-0.193218856587749
"chr1-0165",-0.0487810788502152
"chr1-0166",-0.00555595160740165
"chr1-0167",0.119832482333294
"chr1-0168",-0.159657092476953
"chr1-0169",-0.107322168065861
"chr1-0170",-0.0526752375013371
"chr1-0171",-0.0422262761844606
"chr1-0172",-0.0795970864897579
"chr1-0173",-0.0273617436783968
"chr1-0174",0.233329393173511
"chr1-0175",0.212825914001133
"chr1-0176",0.15625451441779
"chr1-0177",0.332920592576779
"chr1-0178",0.201789753491207
"chr1-0179",0.259528806157638
"chr1-0180",-0.0720766197475558
"chr1-0181",0.0304118788627256
"chr1-0182",-0.0434720486933695
"chr1-0183",-0.00366657611582082
"chr1-0184",0.0383031092762327
"chr1-0185",-0.0191578363815881
"chr1-0186",0.00852402844539859
"chr1-0187",-0.00220448194561139
"chr1-0188",-0.0851840802371297
"chr1-0189",-0.00931192318271323
"chr1-0190",0.0707144837743386
"chr1-0191",0.0970332348674505
"chr1-0192",0.0268884770206619
"chr1-0193",-0.0547834885041407
"chr1-0194",0.0347186410977185
"chr1-0195",-0.0673792466997037
"chr1-0196",-0.0953240280532734
"chr1-0197",-0.086014669236608
"chr1-0198",0.0188866198984643
"chr1-0199",-0.0150181907271388
"chr1-0200",-0.00466103625963698
"chr1-0201",-0.0894180094643607
"chr1-0202",0.313254485004456
"chr1-0203",0.19038737810456
"chr1-0204",-0.0717265638554235
"chr1-0205",-0.107547867256005
"chr1-0206",0.146042447357372
"chr1-0207",0.03158935378309
"chr1-0208",-0.0512921131096086
"chr1-0209",-0.176014448947866
"chr1-0210",0.106583414835408
"chr1-0211",0.164828098348746
"chr1-0212",0.099920557270051
"chr1-0213",0.125880305852828
"chr1-0214",0.201257394653708
"chr1-0215",-0.0148998150656807
"chr1-0216",0.169726948226606
"chr1-0217",0.127176298831574
"chr1-0218",0.119021775523876
"chr1-0219",0.0940268200086084
"chr1-0220",-0.127996989872152
"chr1-0221",-0.0470093019149881
"chr1-0222",-0.0404125130370141
"chr1-0223",-0.177178948522885
"chr1-0224",-0.0189984423454307
"chr1-0225",0.306153045267649
"chr1-0226",0.288761520825055
"chr1-0227",-0.0258993230483196
"chr1-0228",-0.0879053458997241
"chr1-0229",0.068960596137852
"chr1-0230",-0.100626627143875
"chr1-0231",0.024578148094466
"chr1-0232",-0.0772618621256712
"chr1-0233",-0.196702726854245
"chr1-0234",0.363748258416428
"chr1-0235",-0.049455050837201
"chr1-0236",-0.0640177583535671
"chr1-0237",-0.00409548622235758
"chr1-0238",0.102709036081578
"chr1-0239",-0.0153533717581799
"chr1-0240",-0.0954689426117708
"chr1-0241",0.0078166045081885
"chr1-0242",-0.010048159568024
"chr1-0243",-0.00577175303031981
"chr1-0244",0.0736545748032292
"chr1-0245",0.0643409019592107
"chr1-0246",-0.0789106182389771
"chr1-0247",-0.0964867549704868
"chr1-0248",-0.0264854669631566
"chr1-0249",0.0223918621294436
"chr1-0250",-0.0669682638091678
"chr1-0251",-0.0019202032958928
"chr1-0252",0.249530905040656
"chr1-0253",0.172207269604897
"chr1-0254",0.060043113552579
"chr1-0255",-0.017200941722875
"chr1-0256",-0.073836591482777
"chr1-0257",0.00189396160666681
"chr1-0258",0.0491610046916413
"chr1-0259",-0.0866933970294237
"chr1-0260",0.0111775322562317
"chr1-0261",-0.167252347708703
"chr1-0262",-0.075164630804248
"chr1-0263",0.15306094451884
"chr1-0264",0.0857076272971673
"chr1-0265",-0.0311263159030238
"chr1-0266",0.0252829335202363
"chr1-0267",0.129808308279684
"chr1-0268",0.104846024643058
"chr1-0269",0.0975187780672263
"chr1-0270",0.132903246559845
"chr1-0271",0.0699540919137129
"chr1-0272",0.0314667916521813
"chr1-0273",0.0756837265332211
"chr1-0274",0.00441111542080982
"chr1-0275",-0.0378538341299357
"chr1-0276",0.0893465811470744
"chr1-0277",-0.0597014039793609
"chr1-0278",0.051778514342607
"chr1-0279",0.0461538866566331
"chr1-0280",0.233516263995072
"chr1-0281",-0.0190694487546709
"chr1-0282",-0.0301474787195221
"chr1-0283",-0.0777965881859342
"chr1-0284",0.101539579024907
"chr1-0285",-0.0856955706787923
"chr1-0286",-0.0788382941968207
"chr1-0287",-0.0217648095711608
"chr1-0288",-0.0265215348167321
"chr1-0289",-0.170150175118431
"chr1-0290",-0.12734662507963
"chr1-0291",-0.0748824487143095
"chr1-0292",-0.0130849734093319
"chr1-0293",-0.154258257735204
"chr1-0294",-0.0668290743843727
"chr1-0295",-0.0716784785170208
"chr1-0296",-0.149627055773421
"chr1-0297",0.00528501955873815
"chr1-0298",0.230166796513968
"chr1-0299",-0.0354237046844689
"chr1-0300",-0.0507994762066971
"chr1-0301",-0.213197033273501
"chr1-0302",-0.13107032537105
"chr1-0303",0.0585626003710976
"chr1-0304",-0.0474041591677
"chr1-0305",0.0437867597342073
"chr1-0306",-0.100557496189053
"chr1-0307",-0.0596407313546704
"chr1-0308",-0.264607084572672
"chr1-0309",-0.0973185266184452
"chr1-0310",-0.0800882432294741
"chr1-0311",0.0770741742532592
"chr1-0312",0.00997882789811114
"chr1-0313",0.105022476954359
"chr1-0314",-0.00648239867566991
"chr1-0315",0.204132594046009
"chr1-0316",0.180390102436482
"chr1-0317",-0.0893242834031842
"chr1-0318",-0.0139040709133133
"chr1-0319",-0.056840611460964
"chr1-0320",0.193193947352776
"chr1-0321",-0.0687812297154523
"chr1-0322",0.00922544988325173
"chr1-0323",0.260984879686887
"chr1-0324",0.0226956985891738
"chr1-0325",-0.0701247435645534
"chr1-0326",-0.0455118980866738
"chr1-0327",-0.101584812757363
"chr1-0328",-0.0654394107549312
"chr1-0329",-0.0820974998351255
"chr1-0330",0.143358145648994
"chr1-0331",0.0179188293219621
"chr1-0332",0.0776840649228716
"chr1-0333",0.10726724135368
"chr1-0334",-0.0394672714469648
"chr1-0335",0.0396582222880743
"chr1-0336",0.103470907537787
"chr1-0337",0.0677647002197913
"chr1-0338",0.0578702332625495
"chr1-0339",0.132898349278913
"chr1-0340",-0.0515834000317126
"chr1-0341",-0.0314205774203734
"chr1-0342",-0.0436940737706505
"chr1-0343",0.156819774558265
"chr1-0344",0.311930774061732
"chr1-0345",-0.00202623562241989
"chr1-0346",0.0420769860239007
"chr1-0347",-0.0264239558772804
"chr1-0348",0.0684595294358035
"chr1-0349",0.0284803921892685
"chr1-0350",0.268767861130659
"chr1-0351",-0.00917732122978881
"chr1-0352",-0.10227855244587
"chr1-0353",-0.00798873931159346
"chr1-0354",-0.0971773986068267
"chr1-0355",0.125828284188155
"chr1-0356",0.30365818264375
"chr1-0357",0.0971231312390607
"chr1-0358",-0.0859604116078967
"chr1-0359",-0.044193337021509
"chr1-0360",-0.153755885712783
"chr1-0361",-0.117155914917582
"chr1-0362",-0.0838376066695634
"chr1-0363",-0.110760490608814
"chr1-0364",0.103096051757638
"chr1-0365",0.0832419371929111
"chr1-0366",-0.0817650643131475
"chr1-0367",-0.0661081430214984
"chr1-0368",-0.0597215195723356
"chr1-0369",0.0739548912881405
"chr1-0370",0.213349128319897
"chr1-0371",-0.0187663005958746
"chr1-0372",0.0403768428147825
"chr1-0373",-0.204852050973184
"chr1-0374",0.132768293877418
"chr1-0375",0.204887869858402
"chr1-0376",0.193865746795499
"chr1-0377",0.125500524396741
"chr1-0378",0.26517751389536
"chr1-0379",0.0902343744261102
"chr1-0380",-0.0516409212624738
"chr1-0381",-0.0300567677446225
"chr1-0382",-0.0100079951237026
"chr1-0383",-0.000667322080333561
"chr1-0384",0.126984297757158
"chr1-0385",0.105356966772395
"chr1-0386",0.188518859754881
"chr1-0387",0.245509967374435
"chr1-0388",-0.056936969910456
"chr1-0389",-0.134420102200207
"chr1-0390",-0.0481748970491913
"chr1-0391",0.129503488961776
"chr1-0392",0.0521388456848607
"chr1-0393",-0.0780166024845378
"chr1-0394",-0.039878424194955
"chr1-0395",0.344625048940549
"chr1-0396",-0.0912678052167396
"chr1-0397",0.0777393296778021
"chr1-0398",-0.0264702975300338
"chr1-0399",0.0100872102983264
"chr1-0400",0.0223648779171397
"chr1-0401",0.057669937391489
"chr1-0402",0.00713949346889994
"chr1-0403",-0.126718899958501
"chr1-0404",0.174752846889741
"chr1-0405",0.0404145710677094
"chr1-0406",-0.0963824062406633
"chr1-0407",-0.0173188330255501
"chr1-0408",-0.10331350567797
"chr1-0409",-0.161513251123843
"chr1-0410",-0.135485115468785
"chr1-0411",-0.134730622911504
"chr1-0412",-0.0443129354480239
"chr1-0413",-0.0448763481332432
"chr1-0414",-0.0359292313080082
"chr1-0415",-0.0985774448499294
"chr1-0416",0.0452687295209314
"chr1-0417",0.219815814286328
"chr1-0418",0.216267963595165
"chr1-0419",0.0283822202467304
"chr1-0420",0.0804029046786897
"chr1-0421",-0.0415466804745471
"chr1-0422",-0.0062237591230676
"chr1-0423",-0.115545136185855
"chr1-0424",0.0395604263363899
"chr1-0425",0.0464044343799717
"chr1-0426",0.265443937388687
"chr1-0427",0.312536365560942
"chr1-0428",0.478963512385092
"chr1-0429",0.0931268452611417
"chr1-0430",-0.0428153196152781
"chr1-0431",-0.00739845753541145
"chr1-0432",-0.0224635442858439
"chr1-0433",-0.0273545056249117
"chr1-0434",-0.058650049769494
"chr1-0435",0.06873466874355
"chr1-0436",-0.0898170161733866
"chr1-0437",-0.098475397643936
"chr1-0438",0.250791611404603
"chr1-0439",-0.0982183434021229
"chr1-0440",-0.0533835039061815
"chr1-0441",-0.0325429270729047
"chr1-0442",0.287850432893483
"chr1-0443",-0.0300245624800841
"chr1-0444",0.0858179599103499
"chr1-0445",0.0618078568145274
"chr1-0446",0.16022139242368
"chr1-0447",-0.0373423367854528
"chr1-0448",0.102761567076863
"chr1-0449",0.105458909332626
"chr1-0450",0.10166648081663
"chr1-0451",0.119527800966101
"chr1-0452",-0.087728245890441
"chr1-0453",-0.0316211944765462
"chr1-0454",-0.0253608070244663
"chr1-0455",0.0791996659663833
"chr1-0456",0.12356776341059
"chr1-0457",0.113528619128406
"chr1-0458",0.246074409235697
"chr1-0459",0.238724303875219
"chr1-0460",0.0444966537837231
"chr1-0461",0.208766876623285
"chr1-0462",0.144889913780391
"chr1-0463",-0.0625126805950973
"chr1-0464",0.223002460671503
"chr1-0465",-0.0368159122562802
"chr1-0466",0.00829144969224814
"chr1-0467",0.0350474043284055
"chr1-0468",0.0771962876411908
"chr1-0469",-0.0369085224765676
"chr1-0470",0.0219703853324744
"chr1-0471",-0.103040083056365
"chr1-0472",0.0466435278783894
"chr1-0473",0.0714417814519286
"chr1-0474",-0.0468327946782261
"chr1-0475",-0.0358132891680295
"chr1-0476",0.0812781685581907
"chr1-0477",-0.0483285979707405
"chr1-0478",-0.0994869875536227
"chr1-0479",0.0494258536463452
"chr1-0480",0.314563595175817
"chr1-0481",0.134537433599484
"chr1-0482",-0.128411757397083
"chr1-0483",-0.0663670030999329
"chr1-0484",-0.0793909169471611
"chr1-0485",0.0963479944564621
"chr1-0486",0.0532795380826994
"chr1-0487",0.159066054756028
"chr1-0488",0.137618976609443
"chr1-0489",0.10937941805341
"chr1-0490",0.266615836216387
"chr1-0491",0.0694560012298932
"chr1-0492",0.0203795707157427
"chr1-0493",0.0919928773773243
"chr1-0494",-0.0534466836213593
"chr1-0495",0.104658453180119
"chr1-0496",0.0500002190957549
"chr1-0497",-0.0299462866928869
"chr1-0498",0.0887276080734851
"chr1-0499",-0.0615326854613425
"chr1-0500",0.11921474959565
"chr1-0501",0.171104112661258
"chr1-0502",0.0613794980327791
"chr1-0503",-0.0474177577705235
"chr1-0504",0.418269594669151
"chr1-0505",0.202443629217748
"chr1-0506",-0.0278419247823964
"chr1-0507",-0.0754658161378918
"chr1-0508",-0.0610576814096666
"chr1-0509",-0.219060504830485
"chr1-0510",-0.0691343203229978
"chr1-0511",-0.0879195812471917
"chr1-0512",-0.0693281151487043
"chr1-0513",0.111596630026948
"chr1-0514",0.106670762705657
"chr1-0515",0.274676398684683
"chr1-0516",0.280320569843866
"chr1-0517",-0.0598245467424035
"chr1-0518",-0.0141031437896876
"chr1-0519",-0.162036675948575
"chr1-0520",-0.0613910769820606
"chr1-0521",0.146476106137354
"chr1-0522",0.0747549932860686
"chr1-0523",-0.0439870436231269
"chr1-0524",0.0404590186458986
"chr1-0525",-0.070896322203071
"chr1-0526",0.146176781448176
"chr1-0527",0.155999078483089
"chr1-0528",0.268298271167168
"chr1-0529",0.0892673747922109
"chr1-0530",0.167435125715947
"chr1-0531",0.240660235266959
"chr1-0532",-0.0628533428688065
"chr1-0533",0.399954027191461
"chr1-0534",0.272430965791725
"chr1-0535",-0.0877782698489804
"chr1-0536",-0.0811047232725223
"chr1-0537",0.263487680311849
"chr1-0538",0.28947761374842
"chr1-0539",0.0658555285685611
"chr1-0540",0.140118984910738
"chr1-0541",0.0258656352867142
"chr1-0542",0.143281679600797
"chr1-0543",0.162469745752543
"chr1-0544",0.259291726747976
"chr1-0545",0.359875292334137
"chr1-0546",0.381183724758855
"chr1-0547",0.0548485440678714
"chr1-0548",0.197044501094149
"chr1-0549",-0.102602617047695
"chr1-0550",-0.243463950241015
"chr1-0551",-0.0980484637585412
"chr1-0552",0.140192367340615
"chr1-0553",0.061264344048453
"chr1-0554",0.152354834427985
"chr1-0555",-0.098571532225315
"chr1-0556",-0.041454670085333
"chr1-0557",-0.0472326446637937
"chr1-0558",0.0646538909942829
"chr1-0559",-0.147353297833007
"chr1-0560",0.00851248818145481
"chr1-0561",0.0196207875947631
"chr1-0562",0.0501593459527634
"chr1-0563",0.00779154257712977
"chr1-0564",0.0954755610840618
"chr1-0565",-0.0456975596401152
"chr1-0566",-0.0878571365129237
"chr1-0567",0.0597689269495085
"chr1-0568",0.00372792630897771
"chr1-0569",0.0471230252872623
"chr1-0570",0.122869316479445
"chr1-0571",-0.00401799639995766
"chr1-0572",0.0332457341667428
"chr1-0573",0.031875389827429
"chr1-0574",0.100755939707185
"chr1-0575",0.151501727190227
"chr1-0576",0.135472018669027
"chr1-0577",-0.114052700220866
"chr1-0578",-0.0705467949789032
"chr1-0579",-0.0402565896495248
"chr1-0580",-0.0258022203926266
"chr1-0581",-0.00988161149944805
"chr1-0582",-0.109244443790254
"chr1-0583",0.0764976914091661
"chr1-0584",-0.143929200777697
"chr1-0585",0.251982971498547
"chr1-0586",0.0818446547391068
"chr1-0587",0.214052453244911
"chr1-0588",0.338057967065007
"chr1-0589",0.269327066116021
"chr1-0590",0.272121380987908
"chr1-0591",0.263423621261376
"chr1-0592",0.147222338546868
"chr1-0593",0.178697729275523
"chr1-0594",0.220333201675558
"chr1-0595",0.046504834781647
"chr1-0596",0.250381408005328
"chr1-0597",0.234327413888725
"chr1-0598",0.230424823985047
"chr1-0599",0.144641995780207
"chr1-0600",0.243194921707981
"chr1-0601",0.185195887330889
"chr1-0602",0.25797429674931
"chr1-0603",0.0576969175775731
"chr1-0604",0.0669627366714438
"chr1-0605",-0.0232842014715355
"chr1-0606",0.261188499304848
"chr1-0607",0.244783805744475
"chr1-0608",0.286625383875848
"chr1-0609",0.29695619165462
"chr1-0610",0.225330853193811
"chr1-0611",0.221126219025582
"chr1-0612",0.325412096494053
"chr1-0613",0.285176761723202
"chr1-0614",0.374336234240336
"chr1-0615",0.10864019580654
"chr1-0616",0.071661996997638
"chr1-0617",0.299911750818378
"chr1-0618",0.344429305724419
"chr1-0619",0.23470263319532
"chr1-0620",0.197053516226817
"chr1-0621",0.415829069058244
"chr1-0622",0.193458401563707
"chr1-0623",0.06628634140487
"chr1-0624",0.329039190118035
"chr1-0625",-0.0174331021833046
"chr1-0626",0.0455850216405662
"chr1-0627",0.164126670205568
"chr1-0628",0.081140195160564
"chr1-0629",0.276634173854477
"chr1-0630",0.383577624138748
"chr1-0631",-0.0319421820179436
"chr1-0632",0.32528621016215
"chr1-0633",0.139063833751673
"chr1-0634",0.295984556287713
"chr1-0635",0.00241644169938317
"chr1-0636",0.309308473063802
"chr1-0637",0.275680373706975
"chr1-0638",0.341768383671834
"chr1-0639",0.267763231485797
"chr1-0640",-0.0886552476352993
"chr1-0641",0.396867966348516
"chr1-0642",0.263361334429477
"chr1-0643",0.39401634606474
"chr1-0644",0.047195505145364
"chr1-0645",0.198779423154969
"chr1-0646",-0.113496628876481
"chr1-0647",0.157524787284309
"chr1-0648",0.0903838352459662
"chr1-0649",0.316408105419773
"chr1-0650",0.206002993233571
"chr1-0651",0.430991586774342
"chr1-0652",0.430315468609179
"chr1-0653",0.260104334073533
"chr1-0654",0.38714576304805
"chr1-0655",0.456226726780118
"chr1-0656",0.298151081637834
"chr1-0657",0.0363823860970448
"chr1-0658",0.0170320478662125
"chr1-0659",0.341600677059694
"chr1-0660",0.233336396356038
"chr1-0661",0.216957041937108
"chr1-0662",0.134157480970958
"chr1-0663",0.288445570625008
"chr1-0664",0.239762185316515
"chr1-0665",0.461620105692044
"chr1-0666",0.317572102038313
"chr1-0667",0.245018664584182
"chr1-0668",0.131009258588106
"chr1-0669",0.238944814890882
"chr1-0670",0.298073695388173
"chr1-0671",0.0811077056898946
"chr1-0672",0.208415987030257
"chr1-0673",0.239374465187262
"chr1-0674",0.356445743036476
"chr1-0675",0.176926589253392
"chr1-0676",0.150835303066033
"chr1-0677",0.375116281593508
"chr1-0678",0.255654972620291
"chr1-0679",0.371336230636949
"chr1-0680",0.286338177446836
"chr1-0681",0.259367184282764
"chr1-0682",0.425930771370491
"chr1-0683",0.271050106798446
"chr1-0684",0.265411173036605
"chr1-0685",0.32397663592558
"chr1-0686",0.297219792122191
"chr1-0687",0.0507947126974011
"chr1-0688",0.10389825560063
"chr1-0689",0.0974204776832863
"chr1-0690",0.241210846644976
"chr1-0691",0.288559336302691
"chr1-0692",0.0951718112686296
"chr1-0693",0.318725892146844
"chr1-0694",0.221946184478442
"chr1-0695",0.227904780713321
"chr1-0696",0.0920788540121882
"chr1-0697",0.123221023731778
"chr1-0698",0.25380623195172
"chr1-0699",0.157548990649624
"chr1-0700",0.310779249012066
"chr1-0701",0.251934346706965
"chr1-0702",0.377817805138708
"chr1-0703",0.400181972892026
"chr1-0704",0.161920528407998
"chr1-0705",0.343530857184217
"chr1-0706",0.353466436116129
"chr1-0707",0.397817293472758
"chr1-0708",0.25180523026011
"chr1-0709",0.337186397060999
"chr1-0710",0.340559703377013
"chr1-0711",0.444230171133441
"chr1-0712",0.439939120710329
"chr1-0713",0.117385232984704
"chr1-0714",0.319476120290345
"chr1-0715",0.479143046905137
"chr1-0716",0.439878669309294
"chr1-0717",0.239968307991136
"chr1-0718",0.195824134248387
"chr1-0719",0.212300988763473
"chr1-0720",0.30246712560948
"chr1-0721",0.30710236226544
"chr1-0722",0.388987005154011
"chr1-0723",0.0881758646580659
"chr1-0724",0.0531785985851898
"chr1-0725",0.288226531598973
"chr1-0726",0.16230133636285
"chr1-0727",0.240645781979522
"chr1-0728",0.215956425913393
"chr1-0729",0.0998121425273532
"chr1-0730",0.243275507528133
"chr1-0731",-0.0892475993166999
"chr1-0732",0.180999625633867
"chr1-0733",0.246780753041538
"chr1-0734",0.156335547133715
"chr1-0735",0.152335089530966
"chr1-0736",0.0950466982035457
"chr1-0737",0.291530453801799
"chr1-0738",0.170251666914953
"chr1-0739",0.107740182923068
"chr1-0740",0.333143644622084
"chr1-0741",-0.0519287779788157
"chr1-0742",0.115334795047051
"chr1-0743",0.0586810233355382
"chr1-0744",0.379913570660795
"chr1-0745",0.252159208343816
"chr1-0746",0.504730184809288
"chr1-0747",0.353591453911944
"chr1-0748",0.19625066720844
"chr1-0749",0.142457831566655
"chr1-0750",0.190631726552128
"chr1-0751",0.435084008072077
"chr1-0752",0.295906487873895
"chr1-0753",0.37552928353407
"chr1-0754",0.173418643117209
"chr1-0755",0.130157039894034
"chr1-0756",0.269288438652521
"chr1-0757",0.185890405678337
"chr1-0758",0.263219216258129
"chr1-0759",0.0848485195942923
"chr1-0760",0.343120629770176
"chr1-0761",0.154631732459564
"chr1-0762",0.353836106043602
"chr1-0763",0.00266066227264637
"chr1-0764",0.120536445024458
"chr1-0765",0.130778294992878
"chr1-0766",0.210484682290792
"chr1-0767",0.126948115407091
"chr1-0768",0.15257791157347
"chr1-0769",0.338377085361315
"chr1-0770",0.0629139029375059
"chr1-0771",0.0680166371537729
"chr1-0772",0.128770067434221
"chr1-0773",-0.121023713862534
"chr1-0774",0.167401839160762
"chr1-0775",0.210065001402058
"chr1-0776",0.130683025996185
"chr1-0777",0.175850934596248
"chr1-0778",0.0758443561309483
"chr1-0779",0.0690816140963066
"chr1-0780",0.0462223764642572
"chr1-0781",0.236243268995058
"chr1-0782",0.216589916564179
"chr1-0783",-0.0229584392352377
"chr1-0784",0.117635682989611
"chr1-0785",-0.11013423470584
"chr1-0786",0.0175131870325267
"chr1-0787",0.157729812776374
"chr1-0788",0.202851303127924
"chr1-0789",-0.0689911315020376
"chr1-0790",0.276848926685404
"chr1-0791",0.198016636275936
"chr1-0792",0.117139884754764
"chr1-0793",0.24366356649377
"chr1-0794",0.207729956948243
"chr1-0795",0.11144476557239
"chr1-0796",0.279187480885161
"chr1-0797",0.334250876410078
"chr1-0798",0.16683480688508
"chr1-0799",0.202925322431515
"chr1-0800",0.266596277986385
"chr1-0801",0.446672950199683
"chr1-0802",0.364652038490483
"chr1-0803",-0.0789444484395654
"chr1-0804",0.370717096582808
"chr1-0805",0.364881824146545
"chr1-0806",0.347136663842746
"chr1-0807",0.195539486601172
"chr1-0808",0.459837450872815
"chr1-0809",0.26035777526939
"chr1-0810",-0.103448430767841
"chr1-0811",0.35929076335668
"chr1-0812",0.444363202756631
"chr1-0813",0.245155089614941
"chr1-0814",0.186622771378709
"chr1-0815",-0.0048391735415694
"chr1-0816",0.306259958235966
"chr1-0817",0.170644362151264
"chr1-0818",0.0222746979082668
"chr1-0819",0.259922540642104
"chr1-0820",0.373703540917474
"chr1-0821",0.165866663383631
"chr1-0822",0.231669809983446
"chr1-0823",0.29024040309514
"chr1-0824",0.336984956549411
"chr1-0825",0.421539920946132
"chr1-0826",0.261216180167394
"chr1-0827",0.0414803566770728
"chr1-0828",0.125367181902915
"chr1-0829",0.293092431559856
"chr1-0830",0.274395715946577
"chr1-0831",0.32410791139273
"chr1-0832",0.136492986071213
"chr1-0833",0.280118376707077
"chr1-0834",0.354933019606974
"chr1-0835",0.487419775583094
"chr1-0836",0.0366975348460927
"chr1-0837",0.308789871690373
"chr1-0838",0.260161468045403
"chr1-0839",0.297670465492318
"chr1-0840",0.0690864529208296
"chr1-0841",0.144961078132742
"chr1-0842",0.107703188104292
"chr1-0843",0.0728928357571901
"chr1-0844",-0.261483472649044
"chr1-0845",-0.123714245254981
"chr1-0846",0.106876265498588
"chr1-0847",-0.0667532188699364
"chr1-0848",0.0628942908191744
"chr1-0849",0.334766101374159
"chr1-0850",-0.115887173058876
"chr1-0851",-0.113467066532645
"chr1-0852",-0.0276363930022804
"chr1-0853",0.0855029319015994
"chr1-0854",0.0505346770252851
"chr1-0855",0.0698514199258054
"chr1-0856",0.0758068159358644
"chr1-0857",0.0760218525793702
"chr1-0858",0.10449536186778
"chr1-0859",0.0170516504087793
"chr1-0860",0.01363109172607
"chr1-0861",0.1848985641181
"chr1-0862",0.021549036074079
"chr1-0863",0.0189445618701398
"chr1-0864",-0.232921433290644
"chr1-0865",0.204512623911293
"chr1-0866",0.229014676017397
"chr1-0867",0.204924517532259
"chr1-0868",-0.0104537709322805
"chr1-0869",0.155333293663297
"chr1-0870",0.132696596317968
"chr1-0871",0.211860203049735
"chr1-0872",0.203545185338942
"chr1-0873",0.162554203001884
"chr1-0874",0.235687619410756
"chr1-0875",0.100763322190761
"chr1-0876",-0.0407550445201265
"chr1-0877",-0.0814973813014134
"chr1-0878",0.154054012458871
"chr1-0879",0.054381116295189
"chr1-0880",0.116696250766762
"chr1-0881",0.24394836642686
"chr1-0882",-0.0256926210966073
"chr1-0883",-0.0430649880474477
"chr1-0884",-0.0699989406494309
"chr1-0885",0.208043772624924
"chr1-0886",-0.0424965009376367
"chr1-0887",0.134148951383558
"chr1-0888",-0.167666393861107
"chr1-0889",0.0905232598618307
"chr1-0890",0.271895273487285
"chr1-0891",0.428818071712919
"chr1-0892",-0.0125046139001367
"chr1-0893",0.105654513314659
"chr1-0894",0.12236367589908
"chr1-0895",0.252172294884117
"chr1-0896",0.113588180805491
"chr1-0897",-0.0311003449572672
"chr1-0898",0.0612523920631606
"chr1-0899",0.0955707874056367
"chr1-0900",0.203247943798176
"chr1-0901",0.345693410382904
"chr1-0902",0.0292147958746999
"chr1-0903",0.268487628613412
"chr1-0904",0.246448125365866
"chr1-0905",0.346951287058431
"chr1-0906",0.16743741866589
"chr1-0907",0.239571133451817
"chr1-0908",-0.00686814257366712
"chr1-0909",0.171795314729456
"chr1-0910",0.47408053559108
"chr1-0911",0.132602257403646
"chr1-0912",0.016898530565274
"chr1-0913",0.0418731297964828
"chr1-0914",0.193583737444554
"chr1-0915",0.24445736540518
"chr1-0916",0.147638226948172
"chr1-0917",0.207923114749009
"chr1-0918",0.253636528590334
"chr1-0919",0.166561803208351
"chr1-0920",0.225793345446962
"chr1-0921",0.292798503098042
"chr1-0922",0.0371717891340345
"chr1-0923",0.329720913512323
"chr1-0924",-0.00301200966149062
"chr1-0925",0.221152218218802
"chr1-0926",0.128843739809494
"chr1-0927",0.284061617892059
"chr1-0928",0.0561123678552375
"chr1-0929",0.0496504003426135
"chr1-0930",0.228194699553222
"chr1-0931",0.310616337092634
"chr1-0932",0.26525452059436
"chr1-0933",0.157316419110992
"chr1-0934",0.206927151610633
"chr1-0935",0.206745342735804
"chr1-0936",0.142548895921237
"chr1-0937",0.285985040768263
"chr1-0938",0.195411328954891
"chr1-0939",0.200077757801957
"chr1-0940",0.300346886683203
"chr1-0941",0.25972257569673
"chr1-0942",0.463230420472151
"chr1-0943",0.175092872554503
"chr1-0944",0.231335165308252
"chr1-0945",0.30739435751908
"chr1-0946",0.369112409020751
"chr1-0947",0.220209739093731
"chr1-0948",0.479816044020981
"chr1-0949",0.0932783499720154
"chr1-0950",0.28555434684927
"chr1-0951",0.273022296297845
"chr1-0952",0.224832466382017
"chr1-0953",0.156772343269164
"chr1-0954",0.344225419292087
"chr1-0955",0.282709427717347
"chr1-0956",0.392744686338685
"chr1-0957",0.17969279967398
"chr1-0958",0.104385697318846
"chr1-0959",-0.00496366719441886
"chr1-0960",0.0425160143632653
"chr1-0961",0.0938969183285401
"chr1-0962",0.305890232284561
"chr1-0963",0.421703663578538
"chr1-0964",0.221540875468412
"chr1-0965",0.217051492445883
"chr1-0966",0.0324601966482544
"chr1-0967",0.148672031703623
"chr1-0968",0.169001564602871
"chr1-0969",0.340954179360143
"chr1-0970",0.168133905886615
"chr1-0971",0.248481510803243
"chr1-0972",0.252912818657205
"chr1-0973",0.246864369871205
"chr1-0974",0.355175000478912
"chr1-0975",0.433083538836665
"chr1-0976",0.30148986084271
"chr1-0977",0.381140804451792
"chr1-0978",0.411396780515349
"chr1-0979",0.0563867133936467
"chr1-0980",0.0335450571886861
"chr1-0981",0.176327215462763
"chr1-0982",0.131368738930777
"chr1-0983",0.133812125593411
"chr1-0984",0.0508523816480208
"chr1-0985",0.0521179785687019
"chr1-0986",-0.0107720215622349
"chr1-0987",0.0821121802294438
"chr1-0988",-0.0646628374163029
"chr1-0989",0.0691581307718773
"chr1-0990",0.268582595127205
"chr1-0991",0.333982774718391
"chr1-0992",0.133565209449462
"chr1-0993",0.0546936521641525
"chr1-0994",-0.0179863817929093
"chr1-0995",0.0841567880092071
"chr1-0996",-0.0153703452419418
"chr1-0997",0.187585540623113
"chr1-0998",0.0386374179418129
"chr1-0999",0.114215153938929
"chr1-1000",0.21709002300786
"chr1-1001",0.0591690479381205
"chr1-1002",0.112827868069634
"chr1-1003",0.112768823459635
"chr1-1004",0.0594841031270597
"chr1-1005",0.00876157827565942
"chr1-1006",0.0617266872729521
"chr1-1007",0.0192862342205637
"chr1-1008",0.057874005832576
"chr1-1009",0.332786224735723
"chr1-1010",-0.00966695193460251
"chr1-1011",0.287853873185827
"chr1-1012",0.0146477421987102
"chr1-1013",0.13845236974633
"chr1-1014",0.216920876444704
"chr1-1015",0.211264997328701
"chr1-1016",0.159539490739751
"chr1-1017",0.227874615261779
"chr1-1018",0.170471595677843
"chr1-1019",0.316745006124182
"chr1-1020",0.27692729536281
"chr1-1021",0.363302345142842
"chr1-1022",-0.0307916481299805
"chr1-1023",0.112703083172871
"chr1-1024",0.153815065450434
"chr1-1025",0.136947446275257
"chr1-1026",0.0397825057321589
"chr1-1027",-0.0510738088605809
"chr1-1028",0.096609962110269
"chr1-1029",0.0858274071135965
"chr1-1030",-0.0814467502306646
"chr1-1031",-0.0519827087368111
"chr1-1032",0.0787445856896259
"chr1-1033",0.11718869736476
"chr1-1034",0.0472760803462025
"chr1-1035",-0.0677028419974658
"chr1-1036",0.162672840878263
"chr1-1037",0.0900110057990802
"chr1-1038",0.128622345556073
"chr1-1039",0.0626407760586339
"chr1-1040",0.0988004009681845
"chr1-1041",-0.0230930810298705
"chr1-1042",-0.0369766919217983
"chr1-1043",-0.0171017030318156
"chr1-1044",-0.157155251728876
"chr1-1045",-0.0367699040435148
"chr1-1046",-0.0478532323713213
"chr1-1047",-0.113632472469196
"chr1-1048",0.0219924992330251
"chr1-1049",-0.0412337618140385
"chr1-1050",0.17195569807535
"chr1-1051",0.118621698144686
"chr1-1052",0.0596645801241061
"chr1-1053",0.104945377103778
"chr1-1054",-0.0360080310360774
"chr1-1055",-0.0664346738482584
"chr1-1056",0.032849533029791
"chr1-1057",-0.0551276352566398
"chr1-1058",0.0724507220336147
"chr1-1059",0.00928960899335824
"chr1-1060",0.0883548337985592
"chr1-1061",-0.0303820066320184
"chr1-1062",-0.12660852314577
"chr1-1063",0.0338053145961234
"chr1-1064",-0.0423947853475397
"chr1-1065",-0.102228906973835
"chr1-1066",0.0747558754050421
"chr1-1067",0.158381313507128
"chr1-1068",0.132422309107906
"chr1-1069",0.11474183311797
"chr1-1070",0.287990754475608
"chr1-1071",0.224283304912315
"chr1-1072",0.289591003433722
"chr1-1073",0.342803026310177
"chr1-1074",0.144629280498098
"chr1-1075",0.137013706330365
"chr1-1076",0.0867290189638848
"chr1-1077",0.210783048604414
"chr1-1078",0.244526131113941
"chr1-1079",0.217416580468966
"chr1-1080",0.461613227063094
"chr1-1081",0.27204853581679
"chr1-1082",0.277153587139524
"chr1-1083",0.213143994851437
"chr1-1084",0.192383496095031
"chr1-1085",0.303824394686129
"chr1-1086",0.157507886446256
"chr1-1087",0.0338642527119722
"chr1-1088",-0.101958452117709
"chr1-1089",0.153988306494613
"chr1-1090",0.13547684292489
"chr1-1091",0.0725330250784188
"chr1-1092",0.175946700465951
"chr1-1093",0.211978408713913
"chr1-1094",0.0995129906322188
"chr1-1095",0.229061119650655
"chr1-1096",0.199627456228504
"chr1-1097",0.298421576661383
"chr1-1098",0.236780114605874
"chr1-1099",0.158622964165974
"chr1-1100",0.164327269037984
"chr1-1101",0.068751461029541
"chr1-1102",-0.0168187242202043
"chr1-1103",-0.00144035250445749
"chr1-1104",0.0916419595595954
"chr1-1105",-0.0122987632039756
"chr1-1106",0.0913696454448543
"chr1-1107",0.129651246701827
"chr1-1108",0.207519974059062
"chr1-1109",0.25837872639307
"chr1-1110",0.153275725307812
"chr1-1111",0.264375032741374
"chr1-1112",0.063635009966847
"chr1-1113",0.154863393407897
"chr1-1114",0.0898166073421999
"chr1-1115",0.186393316887953
"chr1-1116",0.11434751683762
"chr1-1117",-0.0191222227869341
"chr1-1118",0.432691072381698
"chr1-1119",0.115844969177124
"chr1-1120",0.299298640411427
"chr1-1121",0.465716577570572
"chr1-1122",0.283789949604639
"chr1-1123",0.30684134495432
"chr1-1124",0.402156937400016
"chr1-1125",0.175045135009375
"chr1-1126",0.315621526544327
"chr1-1127",0.390248504164361
"chr1-1128",0.348834951339237
"chr1-1129",0.341045074187699
"chr1-1130",0.261618993889414
"chr1-1131",0.136446988663135
"chr1-1132",-0.0609421437212825
"chr1-1133",0.158031488795456
"chr1-1134",0.298572675355404
"chr1-1135",0.0477238132016875
"chr1-1136",0.051599234759684
"chr1-1137",0.0615373189591931
"chr1-1138",0.204232619304082
"chr1-1139",0.120140774884069
"chr1-1140",0.11711029741335
"chr1-1141",0.171076051196188
"chr1-1142",0.103446410647541
"chr1-1143",0.0788668130439987
"chr1-1144",0.143291393697746
"chr1-1145",0.0129676994856334
"chr1-1146",0.224943845041023
"chr1-1147",0.236251618557593
"chr1-1148",0.0183463728213867
"chr1-1149",0.137527634512538
"chr1-1150",0.120178032194657
"chr1-1151",0.128427955414388
"chr1-1152",0.0973191633186809
"chr1-1153",0.208023819887343
"chr1-1154",-0.0249061627350955
"chr1-1155",0.140385515969607
"chr1-1156",0.0633950104134325
"chr1-1157",0.180934643704258
"chr1-1158",0.229102475169441
"chr1-1159",0.290479949424998
"chr1-1160",0.374232359904046
"chr1-1161",0.259183995048093
"chr1-1162",0.308503911739706
"chr1-1163",0.23110378806479
"chr1-1164",0.274834279912942
"chr1-1165",0.198219064234561
"chr1-1166",0.297099539575437
"chr1-1167",0.259146762509124
"chr1-1168",0.185748401780487
"chr1-1169",0.159830756821971
"chr1-1170",0.420627492736228
"chr1-1171",0.38322761439544
"chr1-1172",0.357958910175897
"chr1-1173",0.166735901232793
"chr1-1174",0.374845468930587
"chr1-1175",0.398438386843015
"chr1-1176",0.418824797202402
"chr1-1177",0.301611673681142
"chr1-1178",0.392957610240277
"chr1-1179",0.109293288717829
"chr1-1180",0.072609365725984
"chr1-1181",0.111431544383752
"chr1-1182",-0.11365021573063
"chr1-1183",0.336777334888774
"chr1-1184",0.390070753091021
"chr1-1185",0.372763749770758
"chr1-1186",0.143360558173206
"chr1-1187",0.125550817818375
"chr1-1188",0.116284932908736
"chr1-1189",0.342998521382839
"chr1-1190",0.422867372730292
"chr1-1191",0.29223670344635
"chr1-1192",0.310027954356197
"chr1-1193",0.350884968729227
"chr1-1194",0.228355093053783
"chr1-1195",0.346971481744463
"chr1-1196",0.0443122543774027
"chr1-1197",0.288656514955287
"chr1-1198",0.110997986665325
"chr1-1199",0.0429401516456267
"chr1-1200",0.132909026260409
"chr1-1201",0.228831040190379
"chr1-1202",0.202989565943708
"chr1-1203",0.193103621839528
"chr1-1204",0.38308511849402
"chr1-1205",0.39476862356688
"chr1-1206",0.239099229594065
"chr1-1207",0.0940405319949158
"chr1-1208",0.234530862191127
"chr1-1209",0.189071121039321
"chr1-1210",0.235423148630846
"chr1-1211",0.203518279473586
"chr1-1212",0.249773625092182
"chr1-1213",0.217598394161547
"chr1-1214",0.230040909246534
"chr1-1215",0.209633361016921
"chr1-1216",0.198569280414015
"chr1-1217",0.327127260138103
"chr1-1218",0.270543602304994
"chr1-1219",0.254936283413665
"chr1-1220",0.15526132334679
"chr1-1221",0.00478219905995376
"chr1-1222",0.157442939527623
"chr1-1223",0.261525279006428
"chr1-1224",0.214378090605598
"chr1-1225",0.321839388768794
"chr1-1226",0.0357716460546122
"chr1-1227",0.341207058939299
"chr1-1228",0.205537539755015
"chr1-1229",-0.185946553612747
"chr1-1230",0.19499997294544
"chr1-1231",0.0562463314147479
"chr1-1232",0.0746237866465967
"chr1-1233",-0.012278627190166
"chr1-1234",0.167152171307603
"chr1-1235",0.215760492348787
"chr1-1236",0.009197137842547
"chr1-1237",0.0319013710684303
"chr1-1238",0.0604144900214736
"chr1-1239",0.328339405696525
"chr1-1240",0.0704507181627431
"chr1-1241",0.465984604981008
"chr1-1242",-0.0243602647451368
"chr1-1243",0.151678810272184
"chr1-1244",0.116081841923223
"chr1-1245",0.145912408014582
"chr1-1246",0.0916919859897538
"chr1-1247",0.158258015299824
"chr1-1248",0.113625541319775
"chr1-1249",0.0682402841524065
"chr1-1250",0.23909146864428
"chr1-1251",0.315990155566255
"chr1-1252",0.0824237479773834
"chr1-1253",0.128698113539519
"chr1-1254",0.0533683699505731
"chr1-1255",0.303669887807622
"chr1-1256",0.13003586620625
"chr1-1257",0.393893727464881
"chr1-1258",-0.108606194998142
"chr1-1259",0.244937708297739
"chr1-1260",0.381374407208488
"chr1-1261",0.325884215528859
"chr1-1262",0.245278662797862
"chr1-1263",0.121698721755987
"chr1-1264",-0.0770982920760954
"chr1-1265",0.27491877087519
"chr1-1266",0.149665509398221
"chr1-1267",0.318321865794625
"chr1-1268",0.351031793945549
"chr1-1269",0.226101370600881
"chr1-1270",0.162428682921317
"chr1-1271",0.246154104103865
"chr1-1272",0.270614033295058
"chr1-1273",0.321563445587209
"chr1-1274",0.385751730374945
"chr1-1275",0.302566167765747
"chr1-1276",0.217231753159856
"chr1-1277",0.431913193592032
"chr1-1278",0.0499963453452635
"chr1-1279",0.139186904722704
"chr1-1280",0.0235915919391753
"chr1-1281",0.228921282843569
"chr1-1282",0.326585399299779
"chr1-1283",0.393737077310726
"chr1-1284",0.10968739707528
"chr1-1285",0.334197922194218
"chr1-1286",0.430499143513231
"chr1-1287",0.0169322885120758
"chr1-1288",0.329293899466766
"chr1-1289",0.319018912818608
"chr1-1290",0.392856959242564
"chr1-1291",0.390074141152222
"chr1-1292",0.282965082366216
"chr1-1293",0.275459548755576
"chr1-1294",0.292612850232831
"chr1-1295",0.278596833398402
"chr1-1296",0.239267449704008
"chr1-1297",0.270183718730167
"chr1-1298",0.332168258795966
"chr1-1299",0.383161075752664
"chr1-1300",0.369145340808257
"chr1-1301",0.16844310463569
"chr1-1302",0.356562809749127
"chr1-1303",0.114777695421733
"chr1-1304",0.43972443387907
"chr1-1305",0.454876131117366
"chr1-1306",0.332593911674432
"chr1-1307",0.168156351904115
"chr1-1308",0.210463011567653
"chr1-1309",0.397158471721872
"chr1-1310",0.178904710222812
"chr1-1311",0.139001858582186
"chr1-1312",0.254782661462314
"chr1-1313",0.424459659882049
"chr1-1314",0.461140016205952
"chr1-1315",0.400619836341743
"chr1-1316",-0.225585721824512
"chr1-1317",0.0571610231362912
"chr1-1318",0.2127510268806
"chr1-1319",0.419607943274099
"chr1-1320",0.296248390409994
"chr1-1321",0.453717442406231
"chr1-1322",0.288677947779832
"chr1-1323",0.330395009228494
"chr1-1324",0.50277819111288
"chr1-1325",0.36165499242301
"chr1-1326",0.420080548950818
"chr1-1327",0.102384515733413
"chr1-1328",0.172636624527629
"chr1-1329",0.273520504843896
"chr1-1330",0.211112732459391
"chr1-1331",0.255982618996594
"chr1-1332",0.367547479982465
"chr1-1333",0.140375342114215
"chr1-1334",0.16106190099448
"chr1-1335",0.179819334640659
"chr1-1336",-0.0417664688290866
"chr1-1337",-0.108680031123624
"chr1-1338",-0.136461594709252
"chr1-1339",0.065330587684451
"chr1-1340",0.10735825049152
"chr1-1341",0.0519273862391349
"chr1-1342",0.0950444347826316
"chr1-1343",0.00171438659721734
"chr1-1344",-0.0881278945416773
"chr1-1345",0.0517118078523872
"chr1-1346",0.0140364881013811
"chr1-1347",0.0638257192239738
"chr1-1348",0.243377956474773
"chr1-1349",0.0420265494295066
"chr1-1350",0.104925977143027
"chr1-1351",0.00190722212111759
"chr1-1352",0.00578880234157094
"chr1-1353",-0.0653826584348944
"chr1-1354",0.0759803544378978
"chr1-1355",0.11621450889331
"chr1-1356",0.34888912147991
"chr1-1357",0.0286406354950914
"chr1-1358",0.0459825698822167
"chr1-1359",-0.0422394206308774
"chr1-1360",0.0643141120623255
"chr1-1361",0.0306698054540575
"chr1-1362",0.0413252162289084
"chr1-1363",-0.086943064064909
"chr1-1364",0.0628116002498288
"chr1-1365",-0.0691412607441217
"chr1-1366",0.191660948392288
"chr1-1367",0.155888308541812
"chr1-1368",0.0569727027983107
"chr1-1369",0.0304959623304412
"chr1-1370",0.141666849153772
"chr1-1371",0.30440855078526
"chr1-1372",0.0996081173841046
"chr1-1373",-0.0473074132526066
"chr1-1374",0.0307782616500382
"chr1-1375",0.0692343395079717
"chr1-1376",0.177272583118962
"chr1-1377",0.11430525235165
"chr1-1378",0.0951486775711734
"chr1-1379",0.0806254458245293
"chr1-1380",0.252814314935045
"chr1-1381",0.126213349621871
"chr1-1382",0.0839493227640797
"chr1-1383",0.184749435387281
"chr1-1384",0.208383378996286
"chr1-1385",-0.0801859527817109
"chr1-1386",0.0332338759249668
"chr1-1387",-0.00758861247819472
"chr1-1388",-0.0941364514963499
"chr1-1389",0.172230168754216
"chr1-1390",-0.0511884717436591
"chr1-1391",-0.0349642583369602
"chr1-1392",0.0749688378950823
"chr1-1393",0.0163085365195717
"chr1-1394",0.0748686466463999
"chr1-1395",0.0743402486311807
"chr1-1396",0.12215181529328
"chr1-1397",0.0377296929054912
"chr1-1398",0.293691246504223
"chr1-1399",0.158521328593644
"chr1-1400",0.226207613482853
"chr1-1401",0.129150715594715
"chr1-1402",-0.00100344303589986
"chr1-1403",0.131074382383932
"chr1-1404",0.0558238627887712
"chr1-1405",0.238940730462613
"chr1-1406",0.210682418082826
"chr1-1407",0.197194979735516
"chr1-1408",0.137236838906826
"chr1-1409",0.11541653871347
"chr1-1410",0.380795818813405
"chr1-1411",0.335270053328259
"chr1-1412",0.196194646033933
"chr1-1413",0.145737914240507
"chr1-1414",0.169823636838106
"chr1-1415",0.322065290456742
"chr1-1416",0.105794158776511
"chr1-1417",0.328387427010266
"chr1-1418",0.205600288862353
"chr1-1419",0.197595544412925
"chr1-1420",0.138351393267776
"chr1-1421",0.24429356587461
"chr1-1422",0.335398370367666
"chr1-1423",0.165682161443374
"chr1-1424",0.123350637107131
"chr1-1425",0.330997054044613
"chr1-1426",0.27425112597226
"chr1-1427",0.216148704795397
"chr1-1428",0.233939793002217
"chr1-1429",0.234201987131692
"chr1-1430",0.147282870644201
"chr1-1431",0.265782629365079
"chr1-1432",0.105193553953242
"chr1-1433",0.139468858781085
"chr1-1434",0.212800648982134
"chr1-1435",0.0310140550629871
"chr1-1436",-0.137729882307479
"chr1-1437",0.00612874927560839
"chr1-1438",0.0445135044696743
"chr1-1439",0.0261508445016358
"chr1-1440",0.108620160614947
"chr1-1441",0.0370453995309589
"chr1-1442",0.0249532148296529
"chr1-1443",0.127727067426548
"chr1-1444",0.110753680072464
"chr1-1445",0.367661874511729
"chr1-1446",0.114843659737671
"chr1-1447",0.31272621340363
"chr1-1448",0.345422257716977
"chr1-1449",0.0815170870153253
"chr1-1450",-0.100458054279522
"chr1-1451",0.149362181278256
"chr1-1452",0.190155146498027
"chr1-1453",0.0694530304689958
"chr1-1454",0.040304340186017
"chr1-1455",0.124270487300188
"chr1-1456",0.0672601148627773
"chr1-1457",-0.0676533079016148
"chr1-1458",0.132863703860736
"chr1-1459",0.134131296345694
"chr1-1460",0.209361921728927
"chr1-1461",0.209348456182309
"chr1-1462",0.298743210991055
"chr1-1463",0.171935979317503
"chr1-1464",0.230054466304052
"chr1-1465",0.25657021881464
"chr1-1466",0.168911797267388
"chr1-1467",0.141780476611625
"chr1-1468",0.237293219997125
"chr1-1469",0.378221263589277
"chr1-1470",0.246421850382447
"chr1-1471",0.402124351375588
"chr1-1472",0.202769435661883
"chr1-1473",0.39553236684317
"chr1-1474",0.304975250339775
"chr1-1475",0.414349394348124
"chr1-1476",0.267489491713354
"chr1-1477",0.22894065681054
"chr1-1478",0.207299489014091
"chr1-1479",0.328621435052276
"chr1-1480",-0.00280433614554477
"chr1-1481",0.243804779973485
"chr1-1482",0.321694389710655
"chr1-1483",0.407006347059678
"chr1-1484",0.36486015840296
"chr1-1485",0.411522811373393
"chr1-1486",0.43271239851938
"chr1-1487",-0.0320419270840943
"chr1-1488",0.0462215148091227
"chr1-1489",0.288299200091837
"chr1-1490",0.226738756418569
"chr1-1491",0.263866644316378
"chr1-1492",0.0534408217758218
"chr1-1493",0.0434083915057502
"chr1-1494",0.269582351893275
"chr1-1495",0.0940201858941039
"chr1-1496",0.420920691101983
"chr1-1497",0.395917140812725
"chr1-1498",0.328277632011284
"chr1-1499",0.179319655470994
"chr1-1500",0.262472003363625
"chr1-1501",0.239485545735189
"chr1-1502",0.300188066323131
"chr1-1503",0.279262311061692
"chr1-1504",0.178473225413726
"chr1-1505",0.153869622564119
"chr1-1506",0.294391787384239
"chr1-1507",0.0268643656135365
"chr1-1508",0.295302075963253
"chr1-1509",-0.0288228282773637
"chr1-1510",0.101843135380676
"chr1-1511",0.249956478127036
"chr1-1512",0.0775952134994357
"chr1-1513",0.119981499958586
"chr1-1514",0.224570957886303
"chr1-1515",0.225246645388312
"chr1-1516",0.172687301506184
"chr1-1517",0.0816066760174271
"chr1-1518",-0.0323095396485951
"chr1-1519",-0.0499465189812367
"chr1-1520",0.272912869693938
"chr1-1521",0.092513109654124
"chr1-1522",0.251774188232343
"chr1-1523",0.0413268488331175
"chr1-1524",0.212689812621566
"chr1-1525",0.0399344529138137
"chr1-1526",0.356425859112051
"chr1-1527",0.101426550551751
"chr1-1528",0.167823683297112
"chr1-1529",0.038542247889975
"chr1-1530",-0.0516658497250862
"chr1-1531",0.0232398447183948
"chr1-1532",0.214190551705824
"chr1-1533",-0.128273785339933
"chr1-1534",-0.09955084494562
"chr1-1535",-0.0141951450478184
"chr1-1536",0.0941136336510967
"chr1-1537",0.1197728344175
"chr1-1538",0.189510550187921
"chr1-1539",-0.0335755646595136
"chr1-1540",0.0160497002639876
"chr1-1541",0.220152234451503
"chr1-1542",0.135136537334509
"chr1-1543",0.0109134691612868
"chr1-1544",0.179396979339892
"chr1-1545",0.100092636844105
"chr1-1546",0.377288322488313
"chr1-1547",0.013449606234157
"chr1-1548",0.17789131218229
"chr1-1549",-0.273712669747884
"chr1-1550",0.0978349429738047
"chr1-1551",-0.0718393728086648
"chr1-1552",-0.152783416150702
"chr1-1553",-0.263796077204793
"chr1-1554",-0.163856221118344
"chr1-1555",-0.328974033395168
"chr1-1556",-0.297091829514499
"chr1-1557",-0.245615000947177
"chr1-1558",-0.278452410616179
"chr1-1559",-0.422222386154871
"chr1-1560",-0.128089669971926
"chr1-1561",-0.168157347730963
"chr1-1562",-0.284672090225944
"chr1-1563",0.0891929183838639
"chr1-1564",0.253057033395481
"chr1-1565",0.109695875269908
"chr1-1566",0.107645017678106
"chr1-1567",0.0642642006115274
"chr1-1568",0.0261912353755581
"chr1-1569",0.113232177121424
"chr1-1570",0.155845312873573
"chr1-1571",0.0137886110235919
"chr1-1572",-0.0659746727821296
"chr1-1573",0.0352090679394133
"chr1-1574",0.0759774519656654
"chr1-1575",0.0338587851203268
"chr1-1576",-0.0222757373848253
"chr1-1577",0.124252999968259
"chr1-1578",0.268183910233451
"chr1-1579",0.0713706689072945
"chr1-1580",0.0555230431490249
"chr1-1581",0.183158014870008
"chr1-1582",0.245710122385653
"chr1-1583",0.0740618370547829
"chr1-1584",0.155301850158637
"chr1-1585",0.109307765211225
"chr1-1586",0.119538545886008
"chr1-1587",0.12087540740764
"chr1-1588",-0.0533934273356798
"chr1-1589",0.173252776192957
"chr1-1590",-0.0736912731817327
"chr1-1591",0.177150466167342
"chr1-1592",0.115307335351414
"chr1-1593",-0.0596782978376138
"chr1-1594",0.274385779214786
"chr1-1595",0.223852352957907
"chr1-1596",0.271519378437791
"chr1-1597",0.320954166019825
"chr1-1598",0.370664285370348
"chr1-1599",0.196261974057773
"chr1-1600",0.350168343816516
"chr1-1601",0.291113114258579
"chr1-1602",0.258935314661818
"chr1-1603",0.210228041061004
"chr1-1604",0.230641364162692
"chr1-1605",0.331537102857531
"chr1-1606",0.280252672187803
"chr1-1607",0.12243580800063
"chr1-1608",0.183556136210406
"chr1-1609",0.042490420818124
"chr1-1610",0.349520475580448
"chr1-1611",0.13780367333545
"chr1-1612",0.0156996688326326
"chr1-1613",0.138261624729481
"chr1-1614",0.195621107533305
"chr1-1615",0.290162090702754
"chr1-1616",0.195539148769965
"chr1-1617",0.245153348396028
"chr1-1618",0.248430557197395
"chr1-1619",0.106515100189158
"chr1-1620",0.210876032994947
"chr1-1621",0.306005115623345
"chr1-1622",0.263657637374279
"chr1-1623",0.167418155748806
"chr1-1624",0.0881144988348062
"chr1-1625",0.113650599480579
"chr1-1626",0.0750637649139226
"chr1-1627",0.0973513026228988
"chr1-1628",-0.10200045993736
"chr1-1629",-0.0351081119645972
"chr1-1630",0.241873960812633
"chr1-1631",0.240014139560587
"chr1-1632",0.150160434289309
"chr1-1633",0.154173168555849
"chr1-1634",0.109754455722914
"chr1-1635",-0.00639802072171916
"chr1-1636",0.0333989366242513
"chr1-1637",0.204049110426213
"chr1-1638",0.206503526658537
"chr1-1639",0.118214488316079
"chr1-1640",0.122756407355173
"chr1-1641",0.266606276692835
"chr1-1642",0.130242595984044
"chr1-1643",0.288252362160699
"chr1-1644",0.146041685378566
"chr1-1645",0.27068283425868
"chr1-1646",0.384382272325427
"chr1-1647",0.287361385423178
"chr1-1648",0.306877729129428
"chr1-1649",0.27068420921958
"chr1-1650",0.32100411117313
"chr1-1651",0.465112529900448
"chr1-1652",0.370572414249848
"chr1-1653",0.322349455238476
"chr1-1654",0.427132354755589
"chr1-1655",0.226496146238205
"chr1-1656",0.121571153940723
"chr1-1657",0.186704873187091
"chr1-1658",0.263498366718757
"chr1-1659",0.303221849217536
"chr1-1660",0.356172753503123
"chr1-1661",-0.0322680636644548
"chr1-1662",0.476876208354227
"chr1-1663",0.241190293613447
"chr1-1664",0.350088220964011
"chr1-1665",0.15049107819203
"chr1-1666",0.123944543345509
"chr1-1667",0.310529299379125
"chr1-1668",0.186109141195134
"chr1-1669",0.0733026582277141
"chr1-1670",0.361413802242811
"chr1-1671",0.231201616340446
"chr1-1672",0.0605138728952027
"chr1-1673",0.335968070968636
"chr1-1674",0.358661348844375
"chr1-1675",0.1207612425921
"chr1-1676",0.0574243691650892
"chr1-1677",0.0326667628850429
"chr1-1678",0.254824984224771
"chr1-1679",0.201888664460113
"chr1-1680",0.260799753285534
"chr1-1681",0.0190459044590204
"chr1-1682",0.269198061232788
"chr1-1683",0.0557165062857786
"chr1-1684",0.0982628631328694
"chr1-1685",0.0755867734097149
"chr1-1686",0.0908176375805068
"chr1-1687",0.445660400401039
"chr1-1688",-0.338831730046683
"chr1-1689",0.247922445727021
"chr1-1690",0.221646881276199
"chr1-1691",0.0844140248285442
"chr1-1692",0.165132411869152
"chr1-1693",0.181495578186522
"chr1-1694",0.155560902713268
"chr1-1695",0.461726441550835
"chr1-1696",0.319715222908319
"chr1-1697",0.295729606945595
"chr1-1698",0.264801801832807
"chr1-1699",0.28681361521475
"chr1-1700",0.355657495606842
"chr1-1701",0.438584660540429
"chr1-1702",-0.0784706876516527
"chr1-1703",0.268390795944247
"chr1-1704",0.341604362055099
"chr1-1705",0.283093031290565
"chr1-1706",0.141737372182577
"chr1-1707",0.258270115244741
"chr1-1708",-0.091624576655157
"chr1-1709",-0.0536815289984884
"chr1-1710",0.16967434752398
"chr1-1711",-0.0600299075773034
"chr1-1712",0.20217169691243
"chr1-1713",0.244801043368371
"chr1-1714",0.148750779361996
"chr1-1715",0.278044549214179
"chr1-1716",0.0637588819437948
"chr1-1717",0.234002741074932
"chr1-1718",0.28171901677139
"chr1-1719",0.229851560009471
"chr1-1720",0.395833200708712
"chr1-1721",0.00173466188651826
"chr1-1722",0.0191306687596611
"chr1-1723",-0.0594532712339797
"chr1-1724",-0.0762624767090542
"chr10-0001",-0.0817432686437772
"chr10-0002",-0.201539848815756
"chr10-0003",0.416040299079003
"chr10-0004",0.150288005830356
"chr10-0005",0.0604330865623462
"chr10-0006",0.171529522828264
"chr10-0007",0.0961139459401371
"chr10-0008",0.121221451921704
"chr10-0009",0.067496209571953
"chr10-0010",0.101137788089289
"chr10-0011",0.0902638820082846
"chr10-0012",0.174215550098809
"chr10-0013",0.17122295303111
"chr10-0014",0.158958856939379
"chr10-0015",0.0489286144719278
"chr10-0016",-0.0436313912490735
"chr10-0017",0.0994590608428664
"chr10-0018",-0.0385426783980391
"chr10-0019",0.0975777322800261
"chr10-0020",0.0161498134031252
"chr10-0021",0.0715170035610405
"chr10-0022",0.00296996895655951
"chr10-0023",0.180737542947395
"chr10-0024",0.0893631384346768
"chr10-0025",0.392966604817415
"chr10-0026",0.0863752862963001
"chr10-0027",0.241473453395816
"chr10-0028",0.322288956966728
"chr10-0029",0.301096051095491
"chr10-0030",0.18324707241772
"chr10-0031",0.096389351132505
"chr10-0032",0.15119304042016
"chr10-0033",0.00762968767367233
"chr10-0034",0.0748682686077358
"chr10-0035",0.177530669509614
"chr10-0036",0.229110616201858
"chr10-0037",0.263137173949278
"chr10-0038",0.169729572301206
"chr10-0039",0.37783704198469
"chr10-0040",0.190738812565604
"chr10-0041",0.387696396360911
"chr10-0042",0.107907225842583
"chr10-0043",0.173015980119643
"chr10-0044",0.334940997994623
"chr10-0045",0.23548646676425
"chr10-0046",0.369376884537629
"chr10-0047",0.463414430570558
"chr10-0048",0.382058454365051
"chr10-0049",0.517867427561593
"chr10-0050",0.527786626138889
"chr10-0051",0.397083769867109
"chr10-0052",0.457415577892684
"chr10-0053",0.257959420528461
"chr10-0054",0.184442689812241
"chr10-0055",0.34121985607592
"chr10-0056",0.177164079840441
"chr10-0057",0.204958059336122
"chr10-0058",0.117473865548426
"chr10-0059",0.286119064603966
"chr10-0060",0.0653678785785725
"chr10-0061",0.0299479791832323
"chr10-0062",0.0285939161530809
"chr10-0063",0.308706837293305
"chr10-0064",0.112802747985281
"chr10-0065",0.0983061153819035
"chr10-0066",0.101163016747303
"chr10-0067",0.229524814145606
"chr10-0068",0.118747116700155
"chr10-0069",-0.0368268749686602
"chr10-0070",0.108228084414605
"chr10-0071",0.23759440632096
"chr10-0072",0.110568587330185
"chr10-0073",0.271803743262403
"chr10-0074",0.312245937094714
"chr10-0075",0.240637045354236
"chr10-0076",0.122492533296823
"chr10-0077",0.273636768305475
"chr10-0078",0.0797789067660976
"chr10-0079",0.269425354469365
"chr10-0080",0.168666418104741
"chr10-0081",0.0462752856551261
"chr10-0082",0.103637811981343
"chr10-0083",0.020500215599768
"chr10-0084",0.0705972299892433
"chr10-0085",-0.000675380464192385
"chr10-0086",0.326807506629738
"chr10-0087",0.266446551890301
"chr10-0088",0.13604772875712
"chr10-0089",0.303335525770339
"chr10-0090",0.373706730955645
"chr10-0091",0.328909389793338
"chr10-0092",0.215642404658221
"chr10-0093",0.31339306527732
"chr10-0094",0.201141659083887
"chr10-0095",0.214445813826888
"chr10-0096",0.18965303052164
"chr10-0097",0.171329929411891
"chr10-0098",0.205399336630143
"chr10-0099",0.00376856884111922
"chr10-0100",0.135216949920368
"chr10-0101",0.255001209618879
"chr10-0102",0.275795262196758
"chr10-0103",0.17942717873497
"chr10-0104",-0.0771186791564859
"chr10-0105",0.136285009041326
"chr10-0106",-0.0336591083392365
"chr10-0107",-0.0849693854958102
"chr10-0108",0.0639840079910906
"chr10-0109",0.103594823393761
"chr10-0110",0.0667446493900897
"chr10-0111",0.154747589756975
"chr10-0112",0.143655997099201
"chr10-0113",0.195025410970623
"chr10-0114",0.271271300306336
"chr10-0115",0.141497131396402
"chr10-0116",-0.127199397281747
"chr10-0117",0.19635626959186
"chr10-0118",0.125926416778434
"chr10-0119",0.0598887589381505
"chr10-0120",0.143412838986343
"chr10-0121",0.0688031653849582
"chr10-0122",0.308391065375225
"chr10-0123",-0.00013855406021326
"chr10-0124",0.393709988849647
"chr10-0125",0.110660469541261
"chr10-0126",0.200091389047081
"chr10-0127",0.181746935647576
"chr10-0128",-0.0063787646451496
"chr10-0129",0.213893126287479
"chr10-0130",0.25539399394828
"chr10-0131",0.0734982930402643
"chr10-0132",0.244542253066165
"chr10-0133",0.238302793806507
"chr10-0134",0.292215695589481
"chr10-0135",0.177314864966664
"chr10-0136",0.14468582216045
"chr10-0137",0.0510842959776731
"chr10-0138",-0.0172331554044465
"chr10-0139",0.107212997580288
"chr10-0140",0.0588923671291298
"chr10-0141",0.218103569090867
"chr10-0142",0.0909239290832636
"chr10-0143",0.199357326618688
"chr10-0144",0.186020933966488
"chr10-0145",0.135123151328848
"chr10-0146",0.316210494259544
"chr10-0147",0.178390246693799
"chr10-0148",0.239421767929664
"chr10-0149",0.338930106746934
"chr10-0150",0.152970236347703
"chr10-0151",0.454049266363676
"chr10-0152",0.307166340295078
"chr10-0153",0.165289832102474
"chr10-0154",0.234991413961947
"chr10-0155",0.22476241258344
"chr10-0156",0.207559153857988
"chr10-0157",0.220013972236652
"chr10-0158",0.310264464491636
"chr10-0159",0.0269860943527928
"chr10-0160",0.265993261739393
"chr10-0161",0.325018202843414
"chr10-0162",0.261060812659421
"chr10-0163",0.0535622214303682
"chr10-0164",0.208114631836047
"chr10-0165",0.343716454120798
"chr10-0166",0.325598786198789
"chr10-0167",0.178670907186768
"chr10-0168",0.320866959932983
"chr10-0169",0.228761070527356
"chr10-0170",0.0684187732229396
"chr10-0171",0.118394771927935
"chr10-0172",0.0780790664666625
"chr10-0173",-0.0689467421439178
"chr10-0174",0.283265322520037
"chr10-0175",0.259232158507909
"chr10-0176",0.159272928404008
"chr10-0177",0.168597501572738
"chr10-0178",0.165417609234097
"chr10-0179",0.0460331055479011
"chr10-0180",0.375671965897837
"chr10-0181",0.374561010575938
"chr10-0182",0.190887144698098
"chr10-0183",0.234990168917302
"chr10-0184",0.194253011227194
"chr10-0185",0.0180319880012385
"chr10-0186",0.208698930572124
"chr10-0187",0.239035784470953
"chr10-0188",0.113078868572939
"chr10-0189",0.153121036563508
"chr10-0190",0.485245232632674
"chr10-0191",0.288300760477138
"chr10-0192",0.27994919361163
"chr10-0193",0.265124682526997
"chr10-0194",0.234331480551412
"chr10-0195",0.322040795628877
"chr10-0196",0.214994642242824
"chr10-0197",-0.2282541464878
"chr10-0198",0.370794501914666
"chr10-0199",0.36839223549234
"chr10-0200",0.0456565615714618
"chr10-0201",-0.0254031728643069
"chr10-0202",0.207223798059783
"chr10-0203",0.276797187231811
"chr10-0204",0.282787040196272
"chr10-0205",-0.05762924708469
"chr10-0206",0.17563580490058
"chr10-0207",0.271618770560401
"chr10-0208",0.0888311312664692
"chr10-0209",0.132309351640632
"chr10-0210",0.0193945438358526
"chr10-0211",0.0155124650746951
"chr10-0212",-0.0501278583629384
"chr10-0213",0.281919784141775
"chr10-0214",0.00725503095567404
"chr10-0215",0.25930538994676
"chr10-0216",0.0264228208528754
"chr10-0217",0.313491404711837
"chr10-0218",0.390360945769532
"chr10-0219",0.326123249800153
"chr10-0220",0.104743285750817
"chr10-0221",0.357131724447588
"chr10-0222",0.132678407579094
"chr10-0223",0.336175610047222
"chr10-0224",0.220694476378986
"chr10-0225",0.294759662858243
"chr10-0226",0.381482160635851
"chr10-0227",0.318707140806464
"chr10-0228",-0.0195527649234649
"chr10-0229",0.1825927133717
"chr10-0230",0.228758133441019
"chr10-0231",0.372613262659187
"chr10-0232",0.284988400816954
"chr10-0233",0.302402037304095
"chr10-0234",0.170187134936457
"chr10-0235",0.186275376037351
"chr10-0236",0.136721306224989
"chr10-0237",0.0157272332773237
"chr10-0238",0.264161399314867
"chr10-0239",0.415037895058856
"chr10-0240",0.342844236766138
"chr10-0241",-0.0168060700926531
"chr10-0242",0.303277569671452
"chr10-0243",0.257639239430034
"chr10-0244",0.180668539715657
"chr10-0245",0.220993444090754
"chr10-0246",0.390074891919064
"chr10-0247",0.15139354688236
"chr10-0248",0.243345866720062
"chr10-0249",0.19606895113465
"chr10-0250",0.172111860890175
"chr10-0251",0.0652865079339421
"chr10-0252",0.330817396271865
"chr10-0253",0.180609583977156
"chr10-0254",0.166835683721178
"chr10-0255",0.207634359633602
"chr10-0256",0.141944154798522
"chr10-0257",0.198307150513424
"chr10-0258",0.291705578053121
"chr10-0259",0.398872186124705
"chr10-0260",0.207408186347338
"chr10-0261",0.327432662716611
"chr10-0262",0.376722482526682
"chr10-0263",0.254809027339536
"chr10-0264",0.310666319478664
"chr10-0265",0.344804998302156
"chr10-0266",0.410921560712397
"chr10-0267",0.277413853340609
"chr10-0268",0.176520245922476
"chr10-0269",0.159790566715382
"chr10-0270",0.0912969117953265
"chr10-0271",-0.103200372795925
"chr10-0272",0.152388878357631
"chr10-0273",0.210995949258409
"chr10-0274",0.269327276185142
"chr10-0275",0.192214136786228
"chr10-0276",0.109093722052745
"chr10-0277",0.39323980726386
"chr10-0278",0.251823210077602
"chr10-0279",0.351577143342674
"chr10-0280",-0.138477372746219
"chr10-0281",0.0693049857760013
"chr10-0282",0.113570378321184
"chr10-0283",-0.16198383271297
"chr10-0284",-0.0187838031402644
"chr10-0285",0.0493804978957247
"chr10-0286",0.0913778729681583
"chr10-0287",-0.0146720802547808
"chr10-0288",-0.0669579239192709
"chr10-0289",-0.0656016395460514
"chr10-0290",0.00121879446078333
"chr10-0291",0.0155259522672812
"chr10-0292",-0.083912388693761
"chr10-0293",-0.0868210181422821
"chr10-0294",-0.173941439861722
"chr10-0295",-0.0531970783054482
"chr10-0296",-0.24711877482982
"chr10-0297",-0.0486600061140422
"chr10-0298",-0.0722960574301784
"chr10-0299",-0.0958678726225761
"chr10-0300",-0.021859301326043
"chr10-0301",-0.000386140142596447
"chr10-0302",0.0907541053459084
"chr10-0303",0.093473989531457
"chr10-0304",0.21488681243702
"chr10-0305",0.230872632343861
"chr10-0306",0.0445447844567727
"chr10-0307",-0.0737094542254008
"chr10-0308",0.058036071513854
"chr10-0309",0.269714949622833
"chr10-0310",-0.0506945987804955
"chr10-0311",-0.0608259218815822
"chr10-0312",0.1116293430159
"chr10-0313",-0.0900330887273891
"chr10-0314",-0.172765707631212
"chr10-0315",-0.116086248641612
"chr10-0316",0.0768265341066343
"chr10-0317",-0.179489915142828
"chr10-0318",-0.090278778757976
"chr10-0319",-0.211823596282655
"chr10-0320",-0.0371925297686556
"chr10-0321",-0.0968997864600596
"chr10-0322",0.120783827610588
"chr10-0323",0.115115848242721
"chr10-0324",0.252549344835209
"chr10-0325",0.271451329087867
"chr10-0326",0.258250172646995
"chr10-0327",0.223696476266678
"chr10-0328",0.0442275567417521
"chr10-0329",-0.0916712208002919
"chr10-0330",-0.156602156170704
"chr10-0331",-0.160182264149144
"chr10-0332",0.039266164647384
"chr10-0333",0.35321503736046
"chr10-0334",0.028975459926834
"chr10-0335",-0.134584654297103
"chr10-0336",0.196381354067421
"chr10-0337",-0.0887653831688653
"chr10-0338",-0.0826527160125111
"chr10-0339",-0.0880399542468484
"chr10-0340",-0.166546369033202
"chr10-0341",0.0680146840399097
"chr10-0342",-0.010901502103047
"chr10-0343",-0.0231411019068824
"chr10-0344",-0.0213847241312302
"chr10-0345",0.0274521901545449
"chr10-0346",-0.14453238785495
"chr10-0347",0.164566330322892
"chr10-0348",-0.153662578205284
"chr10-0349",-0.0966987595619702
"chr10-0350",-0.131471650080015
"chr10-0351",0.313146643735088
"chr10-0352",0.0194982488571088
"chr10-0353",0.0430694411092022
"chr10-0354",0.231967122014524
"chr10-0355",0.13691439010398
"chr10-0356",0.0215039897188617
"chr10-0357",0.0417720870537038
"chr10-0358",0.239339541550722
"chr10-0359",0.0151823490355927
"chr10-0360",0.147943915177703
"chr10-0361",-0.107864041801541
"chr10-0362",0.320054141367899
"chr10-0363",0.121715398062157
"chr10-0364",0.286797570163445
"chr10-0365",0.0356983269014618
"chr10-0366",0.179367456528409
"chr10-0367",0.272910150570402
"chr10-0368",0.241515336359334
"chr10-0369",0.158566853538531
"chr10-0370",0.159256297777352
"chr10-0371",0.0149428891427188
"chr10-0372",0.0299185336592904
"chr10-0373",0.184550000469235
"chr10-0374",0.232620309876556
"chr10-0375",0.315132196463286
"chr10-0376",0.199676957379351
"chr10-0377",-0.0366930376843687
"chr10-0378",0.0533790125460545
"chr10-0379",0.108856640228976
"chr10-0380",0.116245205301251
"chr10-0381",0.318015959055415
"chr10-0382",0.171677578644173
"chr10-0383",0.410921616869561
"chr10-0384",0.111410671129694
"chr10-0385",0.119959719708161
"chr10-0386",-0.0023611403470064
"chr10-0387",0.0869016963343864
"chr10-0388",0.156161518251624
"chr10-0389",0.0992667001807741
"chr10-0390",0.233255038734928
"chr10-0391",0.204825455847319
"chr10-0392",0.235214547298596
"chr10-0393",0.30943662755195
"chr10-0394",0.249220831266762
"chr10-0395",0.0936943032968714
"chr10-0396",0.0169356494810785
"chr10-0397",0.131253985145762
"chr10-0398",0.205658915924426
"chr10-0399",0.224204493176786
"chr10-0400",0.241979416605178
"chr10-0401",-0.0832920033673568
"chr10-0402",0.376714278811749
"chr10-0403",0.103243991670383
"chr10-0404",0.105337701498989
"chr10-0405",0.110565030558636
"chr10-0406",-0.178567799459975
"chr10-0407",0.0216647085251687
"chr10-0408",0.144365096373016
"chr10-0409",0.317359931101838
"chr10-0410",0.309558897340813
"chr10-0411",0.319977347839877
"chr10-0412",0.247757360178122
"chr10-0413",0.228001906241317
"chr10-0414",-0.0846605939305928
"chr10-0415",-0.0725703716774188
"chr10-0416",0.00198485509351005
"chr10-0417",0.00751875231999833
"chr10-0418",0.111864212210476
"chr10-0419",-0.10890712475668
"chr10-0420",-0.0772953121126612
"chr10-0421",-0.0213799272902256
"chr10-0422",-0.0942722264108122
"chr10-0423",0.0846317253073179
"chr10-0424",-0.291551433940823
"chr10-0425",0.332469946517557
"chr10-0426",-0.266943941587916
"chr10-0427",-0.247665995189643
"chr10-0428",-0.0234089764150884
"chr10-0429",-0.111296416485357
"chr10-0430",0.0267954550128977
"chr10-0431",-0.0583355744241165
"chr10-0432",0.0141690019464933
"chr10-0433",-0.0170417708770792
"chr10-0434",-0.19157911086785
"chr10-0435",-0.11687378010248
"chr10-0436",-0.0434960635081706
"chr10-0437",-0.210836285950046
"chr10-0438",-0.152320513936469
"chr10-0439",-0.117705937271326
"chr10-0440",-0.190568942986069
"chr10-0441",0.0962143658761405
"chr10-0442",0.0614852528480287
"chr10-0443",-0.0465302414604305
"chr10-0444",-0.119217058650108
"chr10-0445",-0.169934184105214
"chr10-0446",-0.00713431385239773
"chr10-0447",-0.322538800469476
"chr10-0448",-0.342958819459336
"chr10-0449",-0.101350140114836
"chr10-0450",-0.0574199544278414
"chr10-0451",-0.100049647315209
"chr10-0452",-0.0374657031639976
"chr10-0453",0.096326394450823
"chr10-0454",-0.0560794061655356
"chr10-0455",0.0239037755402536
"chr10-0456",-0.228333711463142
"chr10-0457",-0.171782737721965
"chr10-0458",-0.140150594576968
"chr10-0459",-0.142463422666826
"chr10-0460",-0.0329709755571596
"chr10-0461",-0.0420597003610438
"chr10-0462",-0.0235921735972729
"chr10-0463",-0.172368454799257
"chr10-0464",-0.187521381848395
"chr10-0465",0.00829717229586938
"chr10-0466",-0.0303946989751684
"chr10-0467",-0.0533134618791183
"chr10-0468",-0.0797787148099334
"chr10-0469",-0.0691228852411736
"chr10-0470",0.141638927244194
"chr10-0471",-0.0627353261193229
"chr10-0472",-0.0728617177913812
"chr10-0473",-0.0727323339403946
"chr10-0474",0.0699432973957362
"chr10-0475",0.135937290168486
"chr10-0476",0.0686808271825688
"chr10-0477",0.137704667084746
"chr10-0478",-0.0870426867504089
"chr10-0479",-0.0273491844535131
"chr10-0480",0.116421657568319
"chr10-0481",-0.0380633657898233
"chr10-0482",0.053741453303786
"chr10-0483",0.0642383422162976
"chr10-0484",-0.115231092673536
"chr10-0485",-0.0673221654412802
"chr10-0486",-0.231408543684332
"chr10-0487",0.00624241218756616
"chr10-0488",0.311526742802778
"chr10-0489",0.03151750416538
"chr10-0490",0.0307141924179967
"chr10-0491",0.323601187487065
"chr10-0492",0.0468273213367561
"chr10-0493",0.071277385919153
"chr10-0494",0.23250977358523
"chr10-0495",0.10307443792622
"chr10-0496",-0.133576536151895
"chr10-0497",-0.0802613156199436
"chr10-0498",-0.0353786674723911
"chr10-0499",-0.0682576046148431
"chr10-0500",0.30229139978807
"chr10-0501",0.230331284002372
"chr10-0502",0.106812706654906
"chr10-0503",0.216642218429227
"chr10-0504",0.0116001015757157
"chr10-0505",0.277761414650321
"chr10-0506",0.178788083250319
"chr10-0507",0.0252753365124113
"chr10-0508",0.18164699215963
"chr10-0509",0.139707523040449
"chr10-0510",0.231055471017917
"chr10-0511",0.127481864001877
"chr10-0512",0.0680951640540835
"chr10-0513",-0.119560391489113
"chr10-0514",0.000171246979336587
"chr10-0515",-0.0720358511755197
"chr10-0516",0.133280911784254
"chr10-0517",0.00321951539009357
"chr10-0518",0.0213189271240354
"chr10-0519",-0.05690530921063
"chr10-0520",0.0628971351062759
"chr10-0521",0.120029400405232
"chr10-0522",0.0889048607260513
"chr10-0523",0.0654783941996716
"chr10-0524",0.0468496551342349
"chr10-0525",0.0790646533261983
"chr10-0526",-0.0124959351657505
"chr10-0527",-0.084704268837244
"chr10-0528",-0.140143555876821
"chr10-0529",-0.216279924966735
"chr10-0530",-0.138968528702227
"chr10-0531",-0.126164351538998
"chr10-0532",-0.106969256894696
"chr10-0533",-0.0480080311987249
"chr10-0534",-0.144054439315541
"chr10-0535",-0.0955186281917603
"chr10-0536",0.135607494005037
"chr10-0537",-0.0299345523814931
"chr10-0538",-0.153393815978101
"chr10-0539",-0.0771793820636244
"chr10-0540",-0.00188201122324647
"chr10-0541",0.0455955956966914
"chr10-0542",0.0380509530475366
"chr10-0543",-0.0970911432993354
"chr10-0544",-0.121632410166643
"chr10-0545",0.0389425097561891
"chr10-0546",0.157266231029441
"chr10-0547",0.101304106774732
"chr10-0548",0.325671450526586
"chr10-0549",0.125782413651134
"chr10-0550",0.243540214313968
"chr10-0551",0.0216775921166665
"chr10-0552",0.220419079061558
"chr10-0553",-0.117671687058022
"chr10-0554",-0.0660816646372161
"chr10-0555",-0.142329489388252
"chr10-0556",0.435591689590732
"chr10-0557",0.0732174095525359
"chr10-0558",0.186780375820402
"chr10-0559",0.122418706267819
"chr10-0560",0.0457537056059384
"chr10-0561",0.0632673955536233
"chr10-0562",-0.0214067349922927
"chr10-0563",-0.018036776870431
"chr10-0564",0.232136323943362
"chr10-0565",0.123570040885456
"chr10-0566",-0.151616658967841
"chr10-0567",0.250703837999779
"chr10-0568",0.485792235468741
"chr10-0569",-0.0345976221224682
"chr10-0570",-0.0225167944231352
"chr10-0571",0.0564256277735034
"chr10-0572",0.2500740563865
"chr10-0573",0.308587806672288
"chr10-0574",0.12963712368149
"chr10-0575",0.129454712587007
"chr10-0576",0.0561760542805271
"chr10-0577",-0.257837542890655
"chr10-0578",0.213787001761919
"chr10-0579",0.241583130512247
"chr10-0580",0.350551128130326
"chr10-0581",0.325115413080906
"chr10-0582",0.0949413755299648
"chr10-0583",0.227595720148442
"chr10-0584",0.338063687708744
"chr10-0585",0.216701538327369
"chr10-0586",7.52275181136873e-05
"chr10-0587",0.194040425276199
"chr10-0588",-0.0776200769071434
"chr10-0589",0.121362190559129
"chr10-0590",0.218508934742607
"chr10-0591",-0.0304412291245083
"chr10-0592",-0.0461047680743541
"chr10-0593",-0.0029448060031614
"chr10-0594",0.0952991101585958
"chr10-0595",0.305640974032162
"chr10-0596",0.2230127436738
"chr10-0597",0.264676904407657
"chr10-0598",-0.0384465078644439
"chr10-0599",0.26420228975806
"chr10-0600",0.0721042235668685
"chr10-0601",0.0279569861784751
"chr10-0602",0.0282042764315529
"chr10-0603",0.111383419442184
"chr10-0604",0.152534152393898
"chr10-0605",0.0837326959727287
"chr10-0606",-0.058927825950903
"chr10-0607",0.0742994617726537
"chr10-0608",0.228263381132396
"chr10-0609",-0.104451880105346
"chr10-0610",0.0630976482483062
"chr10-0611",-0.276653824341419
"chr10-0612",0.0581161863088395
"chr10-0613",0.0902745240910275
"chr10-0614",-0.181570604337704
"chr10-0615",0.096232416471188
"chr10-0616",0.190165527966165
"chr10-0617",0.058469692747153
"chr10-0618",-0.162236623552367
"chr10-0619",0.0936288024990137
"chr10-0620",0.16723948299264
"chr10-0621",0.223518648091305
"chr10-0622",0.0213361003924819
"chr10-0623",0.243553160211921
"chr10-0624",0.151845499597881
"chr10-0625",0.189011216717704
"chr10-0626",0.0225294528255422
"chr10-0627",0.158370913670097
"chr10-0628",0.205251659909218
"chr10-0629",0.120593721136622
"chr10-0630",0.165992816677725
"chr10-0631",0.0602790508934764
"chr10-0632",0.212767306500004
"chr10-0633",0.166728938698465
"chr10-0634",0.208612369069991
"chr10-0635",-0.24947750918307
"chr10-0636",0.0126778994338608
"chr10-0637",0.133909652887755
"chr10-0638",0.37078648277598
"chr10-0639",0.0598445057811884
"chr10-0640",-0.207557549150138
"chr10-0641",0.144840675898329
"chr10-0642",0.26060914551704
"chr10-0643",0.117214220087091
"chr10-0644",0.045083982490057
"chr10-0645",-0.104356343626522
"chr10-0646",0.25844991000547
"chr10-0647",0.0632220699619718
"chr10-0648",0.0581371956336569
"chr10-0649",0.147324278736781
"chr10-0650",0.0224361787961536
"chr10-0651",-0.0453213295710568
"chr10-0652",-0.0548541364676823
"chr10-0653",-0.198684440519205
"chr10-0654",-0.120418653825127
"chr10-0655",-0.223585278978068
"chr10-0656",-0.0794237596056187
"chr10-0657",-0.167462602687108
"chr10-0658",-0.0865096130337087
"chr10-0659",-0.139512972607198
"chr10-0660",-0.157618942068142
"chr10-0661",-0.0948336179062303
"chr10-0662",0.00580057922180206
"chr10-0663",0.0787668555195493
"chr10-0664",0.189265851226487
"chr10-0665",-0.0520008607542879
"chr10-0666",0.0577913120457726
"chr10-0667",-0.10616359473442
"chr10-0668",0.288861315546483
"chr10-0669",0.0646869083706154
"chr10-0670",-0.00682906292499555
"chr10-0671",-0.0819803727405492
"chr10-0672",-0.105545939565624
"chr10-0673",-0.123904439546578
"chr10-0674",-0.0862815241406452
"chr10-0675",0.068606233924689
"chr10-0676",0.23886703543416
"chr10-0677",0.0480054229080175
"chr10-0678",0.0859736039580104
"chr10-0679",-0.0246852753463192
"chr10-0680",0.138315767953748
"chr10-0681",0.133342753676033
"chr10-0682",0.144110080315743
"chr10-0683",-0.2998689838381
"chr10-0684",0.0317871933412318
"chr10-0685",-0.0378474069622684
"chr10-0686",-0.0513514373235111
"chr10-0687",-0.216348457205043
"chr10-0688",-0.267436260334699
"chr10-0689",-0.0220192278138754
"chr10-0690",-0.197267766260041
"chr10-0691",-0.198792925613681
"chr10-0692",-0.202183979800078
"chr10-0693",-0.243013757001667
"chr10-0694",-0.157001607236165
"chr10-0695",-0.173933792837487
"chr10-0696",0.0782512748579263
"chr10-0697",-0.109206304501271
"chr10-0698",-0.0554472835548401
"chr10-0699",0.0292054480292535
"chr10-0700",-0.199046056645744
"chr10-0701",0.100432391882013
"chr10-0702",-0.133919381620716
"chr10-0703",-0.21856339600646
"chr10-0704",-0.178233552559741
"chr10-0705",-0.086162133535399
"chr10-0706",0.246781595412866
"chr10-0707",-0.286123068599303
"chr10-0708",-0.207298330158862
"chr10-0709",-0.0315331836757381
"chr10-0710",-0.21315490330622
"chr10-0711",-0.0311639022443463
"chr10-0712",0.144580177010971
"chr10-0713",-0.0915897487774333
"chr10-0714",0.189617465619655
"chr10-0715",0.102245959998388
"chr10-0716",-0.0460541516114263
"chr10-0717",0.0498971132729607
"chr10-0718",-0.246606645382231
"chr10-0719",-0.134552148423522
"chr10-0720",-0.144439250734571
"chr10-0721",-0.106321316786993
"chr10-0722",-0.0784240664001722
"chr10-0723",-0.146246868698625
"chr10-0724",-0.0675786169937909
"chr10-0725",0.0400807998824205
"chr10-0726",0.115943211906313
"chr10-0727",0.0592389761601906
"chr10-0728",0.110927658649894
"chr10-0729",-0.0115714848667063
"chr10-0730",0.0232222723847592
"chr10-0731",-0.162575165005755
"chr10-0732",0.193745106002441
"chr10-0733",0.204791377233855
"chr10-0734",-0.243021133061351
"chr10-0735",0.0969780115639131
"chr10-0736",0.30476642266978
"chr10-0737",0.270513566072009
"chr10-0738",0.203223366981547
"chr10-0739",0.232745836414225
"chr10-0740",0.134649086922782
"chr10-0741",0.19709265242497
"chr10-0742",0.105336104221567
"chr10-0743",0.0658841397510168
"chr10-0744",0.120983635736965
"chr10-0745",0.0987634036160495
"chr10-0746",0.121972174144416
"chr10-0747",0.0170000244204603
"chr10-0748",0.118060467444833
"chr10-0749",-0.0663925157036033
"chr10-0750",-0.0768508050809866
"chr10-0751",0.039459315757235
"chr10-0752",0.172449037150203
"chr10-0753",0.176439707933079
"chr10-0754",0.0790739833944304
"chr10-0755",0.0674060971868253
"chr10-0756",0.209054873047393
"chr10-0757",0.0619573445275259
"chr10-0758",0.0744910016760135
"chr10-0759",-0.00160440626599094
"chr10-0760",0.0615749183809642
"chr10-0761",0.261650922143548
"chr10-0762",0.296239083856257
"chr10-0763",0.191833318241745
"chr10-0764",0.0858670108269128
"chr10-0765",0.115708384328955
"chr10-0766",0.185156006445687
"chr10-0767",0.189735566197147
"chr10-0768",0.215621658923896
"chr10-0769",0.123236184272745
"chr10-0770",0.116400108782729
"chr10-0771",0.0562346541448109
"chr10-0772",0.255274204886368
"chr10-0773",0.128313688107662
"chr10-0774",0.152136762163147
"chr10-0775",0.0608960213815705
"chr10-0776",0.00624728753991348
"chr10-0777",-0.0802540445050265
"chr10-0778",-0.119128681565841
"chr10-0779",-0.0570689674867905
"chr10-0780",0.159020616818283
"chr10-0781",0.177981929494449
"chr10-0782",0.143084827000031
"chr10-0783",0.285853059382086
"chr10-0784",-0.0826128689069676
"chr10-0785",0.135039130436233
"chr10-0786",0.0181535937504297
"chr10-0787",0.249686239784384
"chr10-0788",0.209975208119152
"chr10-0789",0.0780873026422431
"chr10-0790",-0.0257968832815099
"chr10-0791",-0.0613011064317707
"chr10-0792",-0.153370400992632
"chr10-0793",-0.110384540974149
"chr10-0794",0.0245811189945682
"chr10-0795",0.0764179070400372
"chr10-0796",-0.130157254642214
"chr10-0797",-0.0862486445653766
"chr10-0798",0.0429054527539589
"chr10-0799",0.366650355767001
"chr10-0800",0.0762382251831927
"chr10-0801",0.065537042471647
"chr10-0802",-0.188424996591741
"chr10-0803",0.0429959106691505
"chr10-0804",0.193205709534766
"chr10-0805",0.318846353544361
"chr10-0806",0.153615651095843
"chr10-0807",0.257374659232558
"chr10-0808",0.0745927684217504
"chr10-0809",0.0141519611631006
"chr10-0810",0.0244114858376988
"chr10-0811",-0.0284532447716507
"chr10-0812",-0.142544244715615
"chr10-0813",-0.0123790960393325
"chr10-0814",0.0508348235045258
"chr10-0815",-0.0315771791322867
"chr10-0816",-0.0739703665794294
"chr10-0817",0.0214612804200069
"chr10-0818",0.0479369644497103
"chr10-0819",0.0909601321505261
"chr10-0820",0.0511380644312847
"chr10-0821",0.227273427925915
"chr10-0822",0.0523285686251786
"chr10-0823",-0.251494202792949
"chr10-0824",0.105304915778876
"chr10-0825",0.0429508101372863
"chr10-0826",-0.185786853984239
"chr10-0827",0.0879292834506588
"chr10-0828",0.120752788305257
"chr10-0829",0.200764791839081
"chr10-0830",-0.0830496195840974
"chr10-0831",0.218855537766453
"chr10-0832",-0.0257766596390158
"chr10-0833",-0.0969748044489649
"chr10-0834",0.0349879506576434
"chr10-0835",-0.239209772604532
"chr10-0836",0.183170998619594
"chr10-0837",-0.0328163055416261
"chr10-0838",0.0684792940064266
"chr10-0839",-0.104411834708643
"chr10-0840",-0.0397294042737666
"chr10-0841",0.0133155489959125
"chr10-0842",0.129262286208244
"chr10-0843",-0.0374333510535059
"chr10-0844",0.0997697302033457
"chr10-0845",-0.132450915024962
"chr10-0846",-0.0739208150732274
"chr10-0847",-0.24702301848984
"chr10-0848",0.107359740627709
"chr10-0849",0.186641833662355
"chr10-0850",0.0958953510518306
"chr10-0851",-0.0386845982546091
"chr10-0852",-0.122242166916587
"chr10-0853",-0.129104770390658
"chr10-0854",0.0667731486773388
"chr10-0855",-0.0333199731982602
"chr10-0856",-0.0669717455982479
"chr10-0857",-0.111723557581868
"chr10-0858",-0.0735593562759084
"chr10-0859",-0.102902594056633
"chr10-0860",-0.214827710122374
"chr10-0861",-0.25099041774451
"chr10-0862",-0.0732835000290545
"chr10-0863",-0.144100539352519
"chr10-0864",-0.0758878558333136
"chr10-0865",-0.0879456981278512
"chr10-0866",-0.231953251671155
"chr10-0867",-0.073811171530458
"chr10-0868",-0.0411706429437954
"chr10-0869",0.0615420319655891
"chr10-0870",-0.0467649985650761
"chr10-0871",0.0881725794981591
"chr10-0872",0.142792535108693
"chr10-0873",0.178753663567787
"chr10-0874",0.0452956096297162
"chr10-0875",0.0631275870917736
"chr10-0876",0.201391307210893
"chr10-0877",0.115966474832655
"chr10-0878",0.0699640972597629
"chr10-0879",0.255894144553193
"chr10-0880",0.0260191320346529
"chr10-0881",0.0182463807754517
"chr10-0882",0.0924999814017541
"chr10-0883",0.159946485612464
"chr10-0884",0.00814017618462221
"chr10-0885",0.324078786160881
"chr10-0886",-0.0250018867921709
"chr10-0887",0.102246800447918
"chr10-0888",0.027864428918341
"chr10-0889",0.0776675770430618
"chr10-0890",-0.276961550843137
"chr10-0891",0.0136028417127301
"chr10-0892",0.028430533997183
"chr10-0893",-0.0144627031300543
"chr10-0894",-0.148986233765031
"chr10-0895",-0.108292201032434
"chr10-0896",-0.0198611656443247
"chr10-0897",-0.083744130468324
"chr10-0898",0.0641340233407241
"chr10-0899",0.0633621142591684
"chr10-0900",0.00218987293995542
"chr10-0901",0.0671612548188752
"chr10-0902",0.129666511899063
"chr10-0903",0.12849316431329
"chr10-0904",0.0598565377110169
"chr10-0905",-0.179447932861271
"chr10-0906",0.0482838990900675
"chr10-0907",0.130460906710221
"chr10-0908",0.0653988626879302
"chr10-0909",-0.132401497748449
"chr10-0910",0.00885660223977592
"chr10-0911",-0.105052628786895
"chr10-0912",-0.195609730450478
"chr10-0913",-0.0761928445213359
"chr10-0914",-0.23009578510161
"chr10-0915",-0.0978559037213071
"chr10-0916",-0.152072322572985
"chr10-0917",0.0674667686120978
"chr10-0918",-0.0172127297399683
"chr10-0919",0.0210431151515266
"chr10-0920",-0.0158540347370943
"chr10-0921",-0.0828384308821486
"chr10-0922",-0.0720236642578941
"chr10-0923",-0.0291075301917528
"chr10-0924",-0.235447919126421
"chr10-0925",-0.0889066222916545
"chr10-0926",-0.114922945725593
"chr10-0927",-0.237448358535339
"chr10-0928",-0.116183424916864
"chr10-0929",-0.00243489549712223
"chr10-0930",-0.192859042360669
"chr10-0931",-0.212245514827236
"chr10-0932",-0.320708272444179
"chr10-0933",-0.227310054989318
"chr10-0934",-0.103657222948768
"chr10-0935",-0.182672917816551
"chr10-0936",-0.185627716327717
"chr10-0937",-0.132025474893596
"chr10-0938",0.00564850476262242
"chr10-0939",-0.0900794858261259
"chr10-0940",-0.194713556041664
"chr10-0941",-0.138867105545085
"chr10-0942",-0.140297279091252
"chr10-0943",-0.222695133897158
"chr10-0944",-0.261437644000858
"chr10-0945",-0.256678963886384
"chr10-0946",-0.357888063653863
"chr10-0947",-0.198927678546556
"chr10-0948",-0.293149352004093
"chr10-0949",-0.16195772469683
"chr10-0950",-0.149505391989107
"chr10-0951",0.0445774161176271
"chr11-0001",-0.200173047585706
"chr11-0002",-0.188977180958343
"chr11-0003",-0.223045275506899
"chr11-0004",-0.392310050950206
"chr11-0005",-0.377361427306153
"chr11-0006",-0.404300732341643
"chr11-0007",-0.226116210008035
"chr11-0008",-0.306673106214788
"chr11-0009",-0.472107639475218
"chr11-0010",-0.395400881367629
"chr11-0011",-0.217943120568216
"chr11-0012",-0.331805207646116
"chr11-0013",-0.435035199460158
"chr11-0014",-0.272527806380633
"chr11-0015",-0.375954591648015
"chr11-0016",-0.139274412213085
"chr11-0017",-0.343398704389737
"chr11-0018",-0.371431515813334
"chr11-0019",-0.294060410382635
"chr11-0020",-0.0689078047677921
"chr11-0021",-0.124538917339194
"chr11-0022",-0.295308560234274
"chr11-0023",-0.382315075214004
"chr11-0024",-0.268733138791845
"chr11-0025",-0.365032617185896
"chr11-0026",-0.108513346776012
"chr11-0027",-0.487281776087626
"chr11-0028",-0.230756391559575
"chr11-0029",-0.359317602808553
"chr11-0030",-0.316019261283048
"chr11-0031",-0.410797832231236
"chr11-0032",-0.208491802127406
"chr11-0033",-0.359933623986708
"chr11-0034",-0.0274729716354492
"chr11-0035",-0.140232445673417
"chr11-0036",-0.200518174328749
"chr11-0037",-0.263255294695755
"chr11-0038",-0.249748773112103
"chr11-0039",-0.188255997268285
"chr11-0040",-0.301803398853833
"chr11-0041",-0.214840681779871
"chr11-0042",-0.128974143241578
"chr11-0043",0.00591771442506693
"chr11-0044",0.214037279094284
"chr11-0045",-0.230446428426755
"chr11-0046",-0.0255401199065808
"chr11-0047",-0.0808219621661113
"chr11-0048",-0.174737839784939
"chr11-0049",0.00565154158203997
"chr11-0050",-0.0934001990788778
"chr11-0051",0.0229568044447965
"chr11-0052",0.0731300237747004
"chr11-0053",-0.0199711398278422
"chr11-0054",0.0727243097286747
"chr11-0055",0.188359725077087
"chr11-0056",0.252583795016449
"chr11-0057",0.181919614522778
"chr11-0058",0.100456996767787
"chr11-0059",0.0100056711603932
"chr11-0060",0.154555093903451
"chr11-0061",0.107140118365197
"chr11-0062",0.0218288535330315
"chr11-0063",0.0543256226359285
"chr11-0064",0.0782603334980304
"chr11-0065",-0.000928836889102077
"chr11-0066",0.0432138215609638
"chr11-0067",0.0429584088693236
"chr11-0068",-0.0584327483606598
"chr11-0069",0.00364064406308386
"chr11-0070",-0.0535034189215572
"chr11-0071",-0.00830175768566443
"chr11-0072",-0.0793526982283765
"chr11-0073",-0.0534920839678765
"chr11-0074",-0.124151531001418
"chr11-0075",0.239070363312637
"chr11-0076",0.00617558858979835
"chr11-0077",0.0591346266372305
"chr11-0078",0.0493557036780521
"chr11-0079",0.0994533114313502
"chr11-0080",0.0883756917510751
"chr11-0081",-0.0402139563702601
"chr11-0082",0.0549622949489895
"chr11-0083",-0.00597366734414127
"chr11-0084",0.0473751922996136
"chr11-0085",-0.0133898023836408
"chr11-0086",-0.21944153645941
"chr11-0087",-0.055344499298183
"chr11-0088",-0.143205995081357
"chr11-0089",-0.252058276309829
"chr11-0090",-0.0886943498547712
"chr11-0091",-0.55213116366325
"chr11-0092",-0.0860325670685503
"chr11-0093",0.0885243808368463
"chr11-0094",0.0452047411441596
"chr11-0095",-0.0706945637858443
"chr11-0096",-0.132913688461146
"chr11-0097",-0.0206926413634498
"chr11-0098",-0.148946234518275
"chr11-0099",-0.174976720682898
"chr11-0100",-0.135613152829027
"chr11-0101",-0.171111268299591
"chr11-0102",-0.226448392159509
"chr11-0103",-0.140140633549561
"chr11-0104",-0.0781947542066034
"chr11-0105",0.223276515949289
"chr11-0106",-0.156197215886293
"chr11-0107",0.241637050320083
"chr11-0108",0.259775216674094
"chr11-0109",-0.116939147575314
"chr11-0110",0.0365586829624399
"chr11-0111",-0.00969347212176856
"chr11-0112",0.0758426381667777
"chr11-0113",0.0243921378297053
"chr11-0114",-0.132412399936362
"chr11-0115",0.0788409705850721
"chr11-0116",-0.092661310509815
"chr11-0117",-0.0461182700918079
"chr11-0118",0.0791545755146475
"chr11-0119",0.197626826410982
"chr11-0120",-0.0752866734139668
"chr11-0121",-0.0515541852692925
"chr11-0122",-0.0986941348688885
"chr11-0123",0.142866533095312
"chr11-0124",0.125186142446064
"chr11-0125",-0.0419275707926817
"chr11-0126",-0.0266424684508834
"chr11-0127",0.0934920978447007
"chr11-0128",-0.0975368530151886
"chr11-0129",0.149980483715137
"chr11-0130",0.0525650247605246
"chr11-0131",-0.00514601142617939
"chr11-0132",0.29412395423749
"chr11-0133",0.172148047382724
"chr11-0134",0.198049768419335
"chr11-0135",0.291366709439311
"chr11-0136",-0.0437038475705899
"chr11-0137",0.0898865371204944
"chr11-0138",0.0315490566519561
"chr11-0139",0.109029239560296
"chr11-0140",0.0445013597689455
"chr11-0141",0.0224928527663303
"chr11-0142",-0.0478595527286649
"chr11-0143",0.156011617920344
"chr11-0144",-0.0374555261291881
"chr11-0145",-0.0776029528964854
"chr11-0146",-0.00801194031818469
"chr11-0147",-0.115943581729483
"chr11-0148",-0.131398147954207
"chr11-0149",-0.124910995861195
"chr11-0150",-0.136474297186526
"chr11-0151",-0.0635416329745985
"chr11-0152",0.109043865527424
"chr11-0153",0.0505777534751226
"chr11-0154",0.0558305129860035
"chr11-0155",0.31051741306955
"chr11-0156",0.0390279304971651
"chr11-0157",0.0150513708822315
"chr11-0158",0.00154542927880113
"chr11-0159",-0.0539635230929332
"chr11-0160",-0.0503554095064541
"chr11-0161",-0.0988397721766991
"chr11-0162",-0.114425966405925
"chr11-0163",-0.289229313212396
"chr11-0164",-0.0280579093861895
"chr11-0165",-0.0680692005651752
"chr11-0166",-0.164885340813992
"chr11-0167",-0.0831956404485282
"chr11-0168",-0.142642333884632
"chr11-0169",-0.180611438387551
"chr11-0170",-0.0674932078320854
"chr11-0171",0.0781040812957852
"chr11-0172",-0.164627355279844
"chr11-0173",0.0110291818025367
"chr11-0174",-0.0503466114735531
"chr11-0175",0.0327800276537239
"chr11-0176",0.0104666170701679
"chr11-0177",-0.0855085524812132
"chr11-0178",-0.134825091132836
"chr11-0179",-0.0942818776475128
"chr11-0180",-0.238700743142739
"chr11-0181",-0.232538152947082
"chr11-0182",-0.183014134995941
"chr11-0183",0.288392104970699
"chr11-0184",-0.0356739261140582
"chr11-0185",0.0389266925566881
"chr11-0186",-0.199283053029639
"chr11-0187",0.189057539972064
"chr11-0188",0.0714704473402072
"chr11-0189",-0.0529990361725995
"chr11-0190",0.0914947155558799
"chr11-0191",0.127539664621103
"chr11-0192",0.14783511859888
"chr11-0193",0.152498235011239
"chr11-0194",-0.0223799749947453
"chr11-0195",-0.142042729372357
"chr11-0196",-0.000793143813285241
"chr11-0197",0.0560765234883998
"chr11-0198",0.0336466958809252
"chr11-0199",0.0141040650538681
"chr11-0200",0.227425797981756
"chr11-0201",0.147703227308506
"chr11-0202",-0.135103814779202
"chr11-0203",0.0470266576817143
"chr11-0204",-0.0816921431526645
"chr11-0205",-0.154516815971322
"chr11-0206",0.164923517438939
"chr11-0207",-0.199579971030507
"chr11-0208",0.155806152744262
"chr11-0209",0.220118580878931
"chr11-0210",0.18842191505131
"chr11-0211",0.201278218898223
"chr11-0212",0.172655154383944
"chr11-0213",0.0358828544360761
"chr11-0214",0.141159064892532
"chr11-0215",0.221327452253137
"chr11-0216",0.0330690207623478
"chr11-0217",0.0863516708867805
"chr11-0218",-0.0103056364077962
"chr11-0219",0.145211951757157
"chr11-0220",0.0180623653520081
"chr11-0221",0.0375492609093442
"chr11-0222",0.186667591115732
"chr11-0223",0.169871573445405
"chr11-0224",0.318894863638887
"chr11-0225",0.2102660447168
"chr11-0226",0.181250150458847
"chr11-0227",0.0910623318318561
"chr11-0228",0.108414589070147
"chr11-0229",0.113783187540493
"chr11-0230",0.266896162885321
"chr11-0231",0.0477593433546868
"chr11-0232",-0.110717090800913
"chr11-0233",0.0965381993010237
"chr11-0234",-0.165888006715741
"chr11-0235",0.0682717151929939
"chr11-0236",0.149014645792734
"chr11-0237",0.0520903607072093
"chr11-0238",-0.261983280410035
"chr11-0239",0.0830838022825594
"chr11-0240",0.0919837393023177
"chr11-0241",-0.0691072176917326
"chr11-0242",-0.153579417837814
"chr11-0243",-0.0589919459668677
"chr11-0244",0.0298582970623504
"chr11-0245",-0.0280903195237992
"chr11-0246",0.0352726063961838
"chr11-0247",-0.203868475211978
"chr11-0248",0.054150566445797
"chr11-0249",-0.107036682898033
"chr11-0250",0.0296979208776739
"chr11-0251",-0.0493193594510514
"chr11-0252",-0.135721683927315
"chr11-0253",-0.0574104437295801
"chr11-0254",-0.0262756587042064
"chr11-0255",-0.20718645842389
"chr11-0256",0.042540464956764
"chr11-0257",0.0368943117170057
"chr11-0258",0.0773362879994929
"chr11-0259",0.194637593681778
"chr11-0260",0.0350043037914735
"chr11-0261",0.151388385883116
"chr11-0262",-0.0136078213103654
"chr11-0263",-0.0142380065628174
"chr11-0264",0.120180102482374
"chr11-0265",0.033920186275551
"chr11-0266",-0.0937158751887555
"chr11-0267",0.099940192112469
"chr11-0268",-0.0271834152434722
"chr11-0269",0.197242187090524
"chr11-0270",0.17161980200707
"chr11-0271",0.0619869245505955
"chr11-0272",0.101353834650661
"chr11-0273",0.018550310213436
"chr11-0274",0.179073946747344
"chr11-0275",-0.0531147998578493
"chr11-0276",-0.0169019452316253
"chr11-0277",0.0792631589140319
"chr11-0278",0.182727848623321
"chr11-0279",0.140166579634277
"chr11-0280",0.0210361094666297
"chr11-0281",0.0354477714873177
"chr11-0282",0.208130250785081
"chr11-0283",0.0231390904112957
"chr11-0284",0.233021498352935
"chr11-0285",-0.0357383880967121
"chr11-0286",0.0111708371423134
"chr11-0287",0.056508314668626
"chr11-0288",-0.0267493684785113
"chr11-0289",-0.152816689477655
"chr11-0290",0.211195040304619
"chr11-0291",-0.0138796644763853
"chr11-0292",-0.0873048599647567
"chr11-0293",0.0292842765415773
"chr11-0294",-0.309019295538266
"chr11-0295",-0.0651374762746133
"chr11-0296",-0.0936344363032937
"chr11-0297",-0.0668606399728395
"chr11-0298",0.0402958014256566
"chr11-0299",-0.0156740208461625
"chr11-0300",-0.134076213260843
"chr11-0301",-0.198729425597764
"chr11-0302",-0.0499104637319707
"chr11-0303",-0.260386455530525
"chr11-0304",-0.141242787081886
"chr11-0305",0.00749057318470863
"chr11-0306",0.00642580673312504
"chr11-0307",-0.0985364040448968
"chr11-0308",-0.291365580631908
"chr11-0309",-0.000292793443045972
"chr11-0310",-0.0985342667707029
"chr11-0311",-0.154506742602866
"chr11-0312",-0.260667336347524
"chr11-0313",-0.0278624757380474
"chr11-0314",-0.046785457566831
"chr11-0315",-0.196642134680157
"chr11-0316",-0.257006499434578
"chr11-0317",0.172044105265058
"chr11-0318",-0.0507551381287314
"chr11-0319",-0.0597680165997868
"chr11-0320",-0.157180206197147
"chr11-0321",-0.0761581589135287
"chr11-0322",-0.139193413574575
"chr11-0323",-0.105271285194557
"chr11-0324",0.225524846266644
"chr11-0325",-0.0537761776069533
"chr11-0326",-0.306172697929805
"chr11-0327",-0.135864908343736
"chr11-0328",-0.212607975961163
"chr11-0329",-0.175838019082929
"chr11-0330",0.111592705363151
"chr11-0331",-0.285207027727091
"chr11-0332",-0.101432953466851
"chr11-0333",-0.136010817997019
"chr11-0334",-0.268883934110912
"chr11-0335",-0.0395644829754791
"chr11-0336",-0.093043691619531
"chr11-0337",0.102343763763612
"chr11-0338",0.0180340748002557
"chr11-0339",0.0495351900190224
"chr11-0340",-0.123845414025735
"chr11-0341",0.272104310470726
"chr11-0342",0.240562524173548
"chr11-0343",0.125123510469248
"chr11-0344",0.017249323358879
"chr11-0345",0.152343203743314
"chr11-0346",0.204631093917578
"chr11-0347",0.231665142361175
"chr11-0348",0.08270397920646
"chr11-0349",0.428918218594331
"chr11-0350",0.195224140347362
"chr11-0351",0.180872030975642
"chr11-0352",0.0968624075016806
"chr11-0353",0.181553192174162
"chr11-0354",0.177829552578687
"chr11-0355",0.153817859560498
"chr11-0356",0.0494679056447071
"chr11-0357",0.0644175055323879
"chr11-0358",0.0377586308681551
"chr11-0359",0.0563819180161014
"chr11-0360",-0.20192491142146
"chr11-0361",0.00867452503420535
"chr11-0362",-0.0921276767109894
"chr11-0363",-0.101975863234127
"chr11-0364",0.149311497937441
"chr11-0365",0.126309703724334
"chr11-0366",-0.00854850268171611
"chr11-0367",0.181447736831952
"chr11-0368",0.185995598633697
"chr11-0369",0.174645656092071
"chr11-0370",0.161840915048015
"chr11-0371",0.108362139731769
"chr11-0372",0.0669463819878735
"chr11-0373",0.143920115627836
"chr11-0374",0.144347084567337
"chr11-0375",0.264478378748929
"chr11-0376",0.134076082708935
"chr11-0377",-0.0360401721485616
"chr11-0378",-0.0635979383726906
"chr11-0379",0.169779353790579
"chr11-0380",0.225790617701973
"chr11-0381",0.241955221005591
"chr11-0382",0.271285646324637
"chr11-0383",0.105733160116034
"chr11-0384",0.26876934199361
"chr11-0385",0.137708899586993
"chr11-0386",0.113288408761749
"chr11-0387",-0.0102569191149226
"chr11-0388",0.0884642273915234
"chr11-0389",-0.00795443198421582
"chr11-0390",-0.024636696048521
"chr11-0391",-0.0355037090189474
"chr11-0392",-0.0959126147676816
"chr11-0393",-0.0283532513360826
"chr11-0394",0.13461923484996
"chr11-0395",0.0222370675984171
"chr11-0396",0.0516351778798273
"chr11-0397",-0.0880537598322426
"chr11-0398",-0.166473118248295
"chr11-0399",-0.225941797387595
"chr11-0400",-0.108512888662334
"chr11-0401",-0.17423236233166
"chr11-0402",-0.0849018804221981
"chr11-0403",-0.190629577691467
"chr11-0404",-0.0736342240043724
"chr11-0405",-0.0528652353815599
"chr11-0406",0.0900572703878314
"chr11-0407",0.150448185668328
"chr11-0408",0.0977190111553335
"chr11-0409",0.131799309134317
"chr11-0410",-0.0542075585889709
"chr11-0411",-0.156718547860509
"chr11-0412",-0.149883510568724
"chr11-0413",-0.0770881428100264
"chr11-0414",-0.134702352262136
"chr11-0415",-0.0660213212050346
"chr11-0416",-0.0159680189257553
"chr11-0417",-0.0207484512663237
"chr11-0418",0.0464024593776894
"chr11-0419",0.0160422280229529
"chr11-0420",0.000460326135925284
"chr11-0421",-0.014437120135947
"chr11-0422",-0.0740404435101432
"chr11-0423",-0.0863668174556555
"chr11-0424",0.0324696227628963
"chr11-0425",-0.153150427096285
"chr11-0426",-0.26218744004399
"chr11-0427",-0.148341641491382
"chr11-0428",-0.120196373192726
"chr11-0429",-0.228130713370937
"chr11-0430",-0.300021559407157
"chr11-0431",-0.189440685215512
"chr11-0432",0.0478842627697006
"chr11-0433",-0.0309462744984135
"chr11-0434",-0.143945925456724
"chr11-0435",-0.126162166390835
"chr11-0436",-0.170414201013638
"chr11-0437",-0.219905797019043
"chr11-0438",-0.14748422278728
"chr11-0439",-0.122073088161165
"chr11-0440",-0.195826240637302
"chr11-0441",-0.204984371913064
"chr11-0442",-0.235195705790895
"chr11-0443",-0.178833833529072
"chr11-0444",-0.143570632907664
"chr11-0445",0.0283361573022405
"chr11-0446",-0.148270051580475
"chr11-0447",-0.144953310795388
"chr11-0448",-0.249838384674977
"chr11-0449",-0.0311940216981858
"chr11-0450",-0.210159101226944
"chr11-0451",-0.262415380956863
"chr11-0452",-0.200552268202945
"chr11-0453",-0.0912220756649571
"chr11-0454",0.193550706435663
"chr11-0455",0.146954112099073
"chr11-0456",-0.225962534518473
"chr11-0457",-0.222842218554665
"chr11-0458",-0.102538952812283
"chr11-0459",-0.143398225844648
"chr11-0460",-0.27362141873532
"chr11-0461",-0.0183407029575678
"chr11-0462",-0.145668585564035
"chr11-0463",-0.145520187242582
"chr11-0464",-0.0458736901498748
"chr11-0465",-0.158946599611572
"chr11-0466",-0.177497416581483
"chr11-0467",-0.00328531641242277
"chr11-0468",-0.203400591947189
"chr11-0469",-0.230799916264639
"chr11-0470",-0.225099356997445
"chr11-0471",-0.198074583273142
"chr11-0472",-0.114829369498141
"chr11-0473",-0.0665456822315901
"chr11-0474",0.122546492819906
"chr11-0475",-0.218094398358779
"chr11-0476",-0.143623195413673
"chr11-0477",-0.302694555672639
"chr11-0478",-0.140832621077934
"chr11-0479",-0.120000395485771
"chr11-0480",-0.124665968468032
"chr11-0481",-0.206897705209949
"chr11-0482",0.392104365773202
"chr11-0483",0.281503298258313
"chr11-0484",-0.235228943259865
"chr11-0485",0.00918711622359248
"chr11-0486",-0.0633456634108236
"chr11-0487",0.0498546415565434
"chr11-0488",-0.0984898468683195
"chr11-0489",-0.268221911693344
"chr11-0490",-0.0909363532284477
"chr11-0491",-0.122049811951921
"chr11-0492",-0.0729091559621885
"chr11-0493",0.152475534260657
"chr11-0494",-0.0467382079405937
"chr11-0495",-0.0879420836083698
"chr11-0496",9.87666622761628e-06
"chr11-0497",-0.0730626287087347
"chr11-0498",-0.0922501563908566
"chr11-0499",-0.214741773657243
"chr11-0500",-0.172399766092512
"chr11-0501",-0.00269554827205666
"chr11-0502",0.046191546459421
"chr11-0503",-0.116541997857138
"chr11-0504",-0.180146621862539
"chr11-0505",-0.0553826788078375
"chr11-0506",0.142716988588715
"chr11-0507",0.0654684863032465
"chr11-0508",-0.0270664800419722
"chr11-0509",-0.156376379749468
"chr11-0510",-0.127726474117319
"chr11-0511",-0.173668926675776
"chr11-0512",-0.171904919078224
"chr11-0513",-0.165645453579925
"chr11-0514",0.108594488828543
"chr11-0515",-0.0316186938701549
"chr11-0516",-0.0594684210393156
"chr11-0517",-0.247729770099244
"chr11-0518",-0.149279776970606
"chr11-0519",-0.0735556459626925
"chr11-0520",-0.0395788192883509
"chr11-0521",0.0481402574734304
"chr11-0522",0.309867277649073
"chr11-0523",0.0817778131140863
"chr11-0524",0.111376765985285
"chr11-0525",0.0266179106904854
"chr11-0526",-0.0424695458815892
"chr11-0527",0.0788447310071496
"chr11-0528",0.0897321216826119
"chr11-0529",-0.0256198744029836
"chr11-0530",0.140474954238024
"chr11-0531",0.0473873044787857
"chr11-0532",-0.0972302336244907
"chr11-0533",-0.171167589116774
"chr11-0534",-0.148778627967742
"chr11-0535",-0.174339383600567
"chr11-0536",0.201549151246918
"chr11-0537",-0.0779682508709977
"chr11-0538",-0.166239594503339
"chr11-0539",-0.213209021789655
"chr11-0540",-0.0831507047960529
"chr11-0541",0.117684202851439
"chr11-0542",0.00750345598460202
"chr11-0543",0.0752576248917398
"chr11-0544",-0.0489962171441155
"chr11-0545",0.0999222546423711
"chr11-0546",-0.0614158509105107
"chr11-0547",0.0596121978943685
"chr11-0548",0.117617535296597
"chr11-0549",0.0185585324678563
"chr11-0550",0.113601922698253
"chr11-0551",-0.0555208004752054
"chr11-0552",-0.109275913682444
"chr11-0553",-0.0197396582536636
"chr11-0554",0.0498491353500251
"chr11-0555",-0.0343725873970958
"chr11-0556",0.119377957515871
"chr11-0557",0.0269783541197565
"chr11-0558",-0.020617765863836
"chr11-0559",0.00891616801990389
"chr11-0560",-0.0857969774830444
"chr11-0561",-0.0605656502196585
"chr11-0562",-0.0449349023275717
"chr11-0563",-0.0852475738134115
"chr11-0564",-0.0121368105985102
"chr11-0565",0.0314568727165585
"chr11-0566",0.0460110532048773
"chr11-0567",-0.0257427282484476
"chr11-0568",0.252367040764761
"chr11-0569",0.062182953797744
"chr11-0570",-0.271388979364958
"chr11-0571",-0.174244200995837
"chr11-0572",0.0935068907257478
"chr11-0573",0.114254007240376
"chr11-0574",0.0883684399084768
"chr11-0575",-0.0750684626040827
"chr11-0576",-0.0143104346743377
"chr11-0577",0.0157116979217103
"chr11-0578",0.000100857982567755
"chr11-0579",-0.0881076388756036
"chr11-0580",-0.180564298398188
"chr11-0581",0.210355212157781
"chr11-0582",0.113026674328131
"chr11-0583",-0.0957314678216426
"chr11-0584",0.032235497637259
"chr11-0585",0.15507014035576
"chr11-0586",-0.0725451450544227
"chr11-0587",0.0716271763092471
"chr11-0588",-0.0439460401549575
"chr11-0589",-0.106574056940364
"chr11-0590",0.0251175482717555
"chr11-0591",0.257273440879538
"chr11-0592",0.217870612295049
"chr11-0593",0.0881197502463116
"chr11-0594",0.0245754300040401
"chr11-0595",0.185882911891793
"chr11-0596",0.151123166117027
"chr11-0597",0.0222825509452597
"chr11-0598",0.212226665825766
"chr11-0599",0.118664635683626
"chr11-0600",0.32589909683808
"chr11-0601",0.176715326807837
"chr11-0602",0.517973925527227
"chr11-0603",0.418581964410587
"chr11-0604",0.58706931664587
"chr11-0605",0.257825250301853
"chr11-0606",0.46053301192105
"chr11-0607",0.506532905208019
"chr11-0608",0.387931851946299
"chr11-0609",0.457557628802681
"chr11-0610",0.514909899509449
"chr11-0611",0.717792687424502
"chr11-0612",0.639601425086964
"chr11-0613",0.496619547810431
"chr11-0614",0.658110076364255
"chr11-0615",0.265737139966637
"chr11-0616",0.483220160073148
"chr11-0617",0.311301071757802
"chr11-0618",0.229611813227988
"chr11-0619",0.323195181651446
"chr11-0620",0.249414792886843
"chr11-0621",0.393522550960743
"chr11-0622",0.228369361943348
"chr11-0623",0.327927790544001
"chr11-0624",0.593332818750634
"chr11-0625",0.398739445168285
"chr11-0626",0.333204938555472
"chr11-0627",0.422554744417078
"chr11-0628",0.295354416633103
"chr11-0629",0.332868245280046
"chr11-0630",0.434373489023862
"chr11-0631",0.156160657942799
"chr11-0632",0.128418958774963
"chr11-0633",0.389474335944446
"chr11-0634",0.212748881064199
"chr11-0635",0.163384735120564
"chr11-0636",0.16619815296125
"chr11-0637",0.1930071487111
"chr11-0638",0.291272676242536
"chr11-0639",0.0371186153149021
"chr11-0640",0.134701516030149
"chr11-0641",0.268888794298086
"chr11-0642",0.135567652131758
"chr11-0643",0.109686992989974
"chr11-0644",0.247351996911306
"chr11-0645",0.34800036625165
"chr11-0646",0.0209600670765479
"chr11-0647",0.276537443401669
"chr11-0648",0.0472829338453207
"chr11-0649",0.206570680323657
"chr11-0650",0.0971877702899071
"chr11-0651",0.160399585226433
"chr11-0652",0.325097830025658
"chr11-0653",0.141212520978789
"chr11-0654",0.027679898107736
"chr11-0655",0.120578198919653
"chr11-0656",-0.0508150957888013
"chr11-0657",0.0716794961473308
"chr11-0658",0.0268276736741064
"chr11-0659",0.168607448681262
"chr11-0660",0.0448042632602081
"chr11-0661",0.343887317123059
"chr11-0662",0.132332688488864
"chr11-0663",0.170268069069105
"chr11-0664",0.0335998163903707
"chr11-0665",0.0599013996065903
"chr11-0666",0.176780842156437
"chr11-0667",0.231378869606571
"chr11-0668",0.366773716642308
"chr11-0669",-0.044689865285957
"chr11-0670",0.283429336046271
"chr11-0671",0.259355669543766
"chr11-0672",0.254984146546064
"chr11-0673",0.286768566653989
"chr11-0674",0.194348497072378
"chr11-0675",0.196378221239052
"chr11-0676",0.29174392969042
"chr11-0677",0.196398415074399
"chr11-0678",0.290649914632345
"chr11-0679",0.218448188400942
"chr11-0680",0.271856629095646
"chr11-0681",0.405286107557653
"chr11-0682",0.339786763702377
"chr11-0683",0.298749878982622
"chr11-0684",0.428803114051522
"chr11-0685",0.296450422298113
"chr11-0686",0.444055312541401
"chr11-0687",0.393648273616244
"chr11-0688",0.321017130593429
"chr11-0689",0.322752061544401
"chr11-0690",0.45831256104135
"chr11-0691",0.469576248628908
"chr11-0692",0.396043347514499
"chr11-0693",0.51015457195732
"chr11-0694",0.616936850563466
"chr11-0695",0.27611473006045
"chr11-0696",0.473312252238889
"chr11-0697",0.452873956640782
"chr11-0698",0.403339855684721
"chr11-0699",0.292868296336115
"chr11-0700",0.438299409245012
"chr11-0701",0.490183817420121
"chr11-0702",0.567787496085288
"chr11-0703",0.438292633450587
"chr11-0704",0.480812793881349
"chr11-0705",0.559773760545873
"chr11-0706",0.617177612747422
"chr11-0707",0.361622842977502
"chr11-0708",0.403637014864378
"chr11-0709",0.549446577913169
"chr11-0710",0.0692504480315026
"chr11-0711",0.437635936255565
"chr11-0712",0.327392195521605
"chr11-0713",0.423069044364105
"chr11-0714",0.0598681505053568
"chr11-0715",0.233757703026217
"chr11-0716",0.0828954867969086
"chr11-0717",0.294230573264011
"chr11-0718",0.304543729724355
"chr11-0719",0.40940181997121
"chr11-0720",0.461553052451662
"chr11-0721",0.480680993780842
"chr11-0722",0.24327418012295
"chr11-0723",0.511006190500565
"chr11-0724",0.348560262328732
"chr11-0725",0.576871828222329
"chr11-0726",0.296007665975617
"chr11-0727",0.165464013798771
"chr11-0728",0.292046631342389
"chr11-0729",0.263890756906938
"chr11-0730",0.501087509829778
"chr11-0731",0.0550923810027822
"chr11-0732",0.493140259090664
"chr11-0733",0.270420181925592
"chr11-0734",0.155548700059594
"chr11-0735",0.2813312852483
"chr11-0736",0.310736649698946
"chr11-0737",0.336041840348382
"chr11-0738",0.280455429622812
"chr11-0739",0.305377946468143
"chr11-0740",0.233219091929055
"chr11-0741",0.307361759695555
"chr11-0742",0.358492725408405
"chr11-0743",0.50331073869478
"chr11-0744",0.165563302295659
"chr11-0745",0.369492962796967
"chr11-0746",0.29207113797148
"chr11-0747",0.404591816705382
"chr11-0748",0.426510108233366
"chr11-0749",0.303802851898027
"chr11-0750",0.0306162907520213
"chr11-0751",0.342257442017715
"chr11-0752",0.164537351719803
"chr11-0753",0.22078986974568
"chr11-0754",0.0867676445328601
"chr11-0755",0.34167395027831
"chr11-0756",0.338036791044543
"chr11-0757",0.239535440562567
"chr11-0758",0.132342914922575
"chr11-0759",0.430478448730551
"chr11-0760",0.384941043600724
"chr11-0761",0.356004100704891
"chr11-0762",0.321691921595352
"chr11-0763",0.441125805925232
"chr11-0764",0.442301698226777
"chr11-0765",0.354311236977576
"chr11-0766",0.388309619757168
"chr11-0767",0.479234453607657
"chr11-0768",0.485538975994238
"chr11-0769",0.277883263338411
"chr11-0770",0.285880032870909
"chr11-0771",0.315971108699649
"chr11-0772",0.196266495891644
"chr11-0773",0.278725732589885
"chr11-0774",0.283859394800136
"chr11-0775",0.257580637287419
"chr11-0776",0.140911523600361
"chr11-0777",0.27481337090167
"chr11-0778",0.228808454455839
"chr11-0779",0.0919982218932761
"chr11-0780",0.0563741585601432
"chr11-0781",0.42532799573138
"chr11-0782",0.495940496107962
"chr11-0783",0.504559652022169
"chr11-0784",0.187740172634055
"chr11-0785",-0.0588390123197959
"chr11-0786",0.225883962587284
"chr11-0787",0.131043534370458
"chr11-0788",0.137732845312937
"chr11-0789",0.146130559008612
"chr11-0790",0.225167971579269
"chr11-0791",0.12255723619583
"chr11-0792",0.254907079959867
"chr11-0793",-0.052068518252754
"chr11-0794",0.016010355433732
"chr11-0795",0.0387214006413181
"chr11-0796",0.0501992695005426
"chr11-0797",-0.0376848111753846
"chr11-0798",-0.0178642796161231
"chr11-0799",0.198543644842222
"chr11-0800",0.0938073728859516
"chr11-0801",-0.0768309149941711
"chr11-0802",-0.043622870484914
"chr11-0803",0.000246077861685285
"chr11-0804",0.107194378965749
"chr11-0805",-0.0275366891124673
"chr11-0806",0.0430303012763185
"chr11-0807",-0.178535105965543
"chr11-0808",-0.212857420073146
"chr11-0809",-0.0952119475645469
"chr11-0810",-0.0904899651096865
"chr11-0811",0.0195160904473736
"chr11-0812",-0.0585126962618048
"chr11-0813",-0.0243723982679232
"chr11-0814",-0.0124298818512516
"chr11-0815",-0.0086805479128156
"chr11-0816",0.0357067736533934
"chr11-0817",-0.0108892004745542
"chr11-0818",-0.05867206696108
"chr11-0819",-0.0938483244573858
"chr11-0820",-0.0386633886882429
"chr11-0821",0.0857280957115291
"chr11-0822",-0.0380732078453467
"chr11-0823",-0.0442094239387145
"chr11-0824",-0.0914631045172941
"chr11-0825",-0.191524940597202
"chr11-0826",0.191933719332303
"chr11-0827",0.244198868380344
"chr11-0828",0.142486624309788
"chr11-0829",0.0130148830954946
"chr11-0830",0.0138525807770202
"chr11-0831",0.016245079054841
"chr11-0832",-0.0273199008663344
"chr11-0833",0.0772002812558891
"chr11-0834",0.140708972607084
"chr11-0835",0.325460307153877
"chr11-0836",0.0591155797922947
"chr11-0837",0.1379090515026
"chr11-0838",0.121769674568782
"chr11-0839",0.105379207379132
"chr11-0840",0.296386419135812
"chr11-0841",0.245064749997271
"chr11-0842",0.0720773264233
"chr11-0843",0.326458807415574
"chr11-0844",0.498193086169663
"chr11-0845",0.281400901955481
"chr11-0846",0.307858261837148
"chr11-0847",0.321629704741271
"chr11-0848",0.105995453164482
"chr11-0849",0.0391188386216186
"chr11-0850",0.146813119246729
"chr11-0851",0.11353327750806
"chr11-0852",0.0212971156992707
"chr11-0853",0.0127912290502648
"chr11-0854",0.132606027720683
"chr11-0855",0.231910308162472
"chr11-0856",0.173086009998438
"chr11-0857",0.0764731011483088
"chr11-0858",0.081060519047228
"chr11-0859",-0.0262655419564366
"chr11-0860",0.116610912094511
"chr11-0861",0.0072745102970272
"chr11-0862",0.014141275552262
"chr11-0863",0.0924749053636607
"chr11-0864",0.268120403655738
"chr11-0865",0.0151845909810901
"chr11-0866",0.183439885885682
"chr11-0867",0.138463240364043
"chr11-0868",0.245568132860655
"chr11-0869",0.141868085735488
"chr11-0870",0.152289232116467
"chr11-0871",0.210944228790717
"chr11-0872",0.122127790063241
"chr11-0873",-0.0151187257217476
"chr11-0874",-0.0715427426132047
"chr11-0875",-0.129491637100297
"chr11-0876",0.049280621131254
"chr11-0877",-0.0996959590643181
"chr11-0878",0.0389546189835009
"chr11-0879",-0.00420775754887879
"chr11-0880",0.251073288141737
"chr11-0881",0.072179066409306
"chr11-0882",0.0333804549577655
"chr11-0883",-0.0450401705053246
"chr11-0884",0.0359762539576947
"chr11-0885",0.0970379457306529
"chr11-0886",0.245330241581217
"chr11-0887",0.0775307025263682
"chr11-0888",-0.238454065325799
"chr11-0889",-0.0598289275663744
"chr11-0890",-0.167992906256276
"chr11-0891",-0.325291444882851
"chr11-0892",-0.320066362397641
"chr11-0893",-0.324455721233809
"chr11-0894",-0.351204550603949
"chr11-0895",-0.214843033466082
"chr11-0896",-0.249964243942095
"chr11-0897",-0.12354999420246
"chr11-0898",-0.164963167797938
"chr11-0899",-0.0127804866215546
"chr11-0900",-0.0325706071749379
"chr11-0901",-0.105317687803801
"chr11-0902",-0.122808824766463
"chr11-0903",-0.032136511108061
"chr11-0904",-0.287765319790089
"chr11-0905",-0.143423337154163
"chr11-0906",-0.148653124533882
"chr11-0907",-0.270806794464377
"chr11-0908",-0.308980261370294
"chr11-0909",-0.179132705759873
"chr11-0910",-0.162701582976088
"chr11-0911",-0.124942141454245
"chr11-0912",-0.132909666529839
"chr11-0913",-0.254660620868412
"chr11-0914",-0.324544261853888
"chr11-0915",-0.24690074195658
"chr11-0916",-0.035569299067857
"chr11-0917",-0.309318809911925
"chr11-0918",-0.260779621222572
"chr11-0919",-0.334973892152148
"chr11-0920",-0.149591037807645
"chr11-0921",-0.363767959368416
"chr11-0922",-0.195862123733817
"chr11-0923",-0.269792343660519
"chr11-0924",-0.239144299194848
"chr11-0925",-0.0560480040643885
"chr11-0926",-0.150095119379843
"chr11-0927",-0.165874317076353
"chr11-0928",-0.15880602715695
"chr11-0929",-0.086083009508174
"chr11-0930",-0.307557065809716
"chr11-0931",-0.0963059933601695
"chr11-0932",-0.240863139812494
"chr11-0933",-0.219828349788176
"chr11-0934",-0.201057491603038
"chr11-0935",0.193313799212605
"chr11-0936",-0.137181312660296
"chr11-0937",-0.0155483266642936
"chr11-0938",-0.0434206564407546
"chr11-0939",-0.114314908857475
"chr11-0940",-0.0696648248989005
"chr11-0941",-0.617398420938315
"chr11-0942",-0.164852762640791
"chr11-0943",-0.20438697962
"chr11-0944",-0.0313116621889671
"chr11-0945",-0.0486510533200645
"chr11-0946",-0.209164235816186
"chr11-0947",-0.266086859933395
"chr11-0948",-0.375844192831412
"chr11-0949",-0.230002639628626
"chr11-0950",0.0135747950295786
"chr11-0951",-0.261076805417631
"chr11-0952",-0.326705920196951
"chr11-0953",-0.368182589892392
"chr11-0954",-0.290118318674871
"chr11-0955",-0.259432048324807
"chr11-0956",-0.394319385595644
"chr11-0957",-0.311471903996668
"chr11-0958",-0.148660716998102
"chr11-0959",-0.175526560646105
"chr12-0001",-0.341999629718451
"chr12-0002",-0.378558556452618
"chr12-0003",-0.161802678407233
"chr12-0004",-0.382709826259832
"chr12-0005",-0.37530153571457
"chr12-0006",-0.459215408509745
"chr12-0007",-0.415054471402326
"chr12-0008",-0.388879814253084
"chr12-0009",-0.640265401187744
"chr12-0010",-0.295486580189526
"chr12-0011",-0.510942714405217
"chr12-0012",-0.329634950018931
"chr12-0013",-0.248577097459571
"chr12-0014",-0.30168584780393
"chr12-0015",-0.403984869131812
"chr12-0016",-0.545660611944909
"chr12-0017",-0.457531070007667
"chr12-0018",-0.527768818055392
"chr12-0019",-0.368739385445774
"chr12-0020",-0.621984557600096
"chr12-0021",-0.499039532932888
"chr12-0022",-0.257355112957973
"chr12-0023",-0.565123136484311
"chr12-0024",-0.46794472196337
"chr12-0025",-0.319270639005055
"chr12-0026",-0.322395151090113
"chr12-0027",-0.355291924789095
"chr12-0028",-0.338787775384414
"chr12-0029",-0.380820139595821
"chr12-0030",-0.418668003579784
"chr12-0031",-0.472120861812929
"chr12-0032",-0.611885555586565
"chr12-0033",-0.598534281536656
"chr12-0034",-0.699338214581105
"chr12-0035",-0.652643534028848
"chr12-0036",-0.59471438980826
"chr12-0037",-0.462062818453352
"chr12-0038",-0.58210414371666
"chr12-0039",-0.51506723113745
"chr12-0040",-0.610285463565368
"chr12-0041",-0.616247955355866
"chr12-0042",-0.457805851330248
"chr12-0043",-0.46045155441187
"chr12-0044",-0.375604791567603
"chr12-0045",-0.571163928163066
"chr12-0046",-0.580747498971894
"chr12-0047",-0.396955764756022
"chr12-0048",-0.704584026034539
"chr12-0049",-0.68354122604319
"chr12-0050",-0.50344676109925
"chr12-0051",-0.442350262148099
"chr12-0052",-0.472053510721555
"chr12-0053",-0.376717597473612
"chr12-0054",-0.328728001151198
"chr12-0055",-0.423330049483093
"chr12-0056",-0.55137861372552
"chr12-0057",-0.767065682536251
"chr12-0058",-0.483434668672887
"chr12-0059",-0.515057540710814
"chr12-0060",-0.41114123224603
"chr12-0061",-0.488555024013028
"chr12-0062",-0.434156188177676
"chr12-0063",-0.520474972359007
"chr12-0064",-0.654560151724381
"chr12-0065",-0.474336702473896
"chr12-0066",-0.535244197385243
"chr12-0067",-0.408825976692292
"chr12-0068",-0.427058384802116
"chr12-0069",-0.615062597000791
"chr12-0070",-0.551650282369342
"chr12-0071",-0.607949441438352
"chr12-0072",-0.589097576142691
"chr12-0073",-0.515395799990601
"chr12-0074",-0.604128956841879
"chr12-0075",-0.538053462469616
"chr12-0076",-0.697581631474268
"chr12-0077",-0.626296596014258
"chr12-0078",-0.658807314717229
"chr12-0079",-0.438498708584526
"chr12-0080",-0.445288587075112
"chr12-0081",-0.429320974381243
"chr12-0082",-0.45228939093373
"chr12-0083",-0.576628258185079
"chr12-0084",-0.55764994433355
"chr12-0085",-1.10873882941437
"chr12-0086",-1.77449128818934
"chr12-0087",-0.903021350123296
"chr12-0088",-0.458437589054835
"chr12-0089",-0.167320643229812
"chr12-0090",-0.0645167166794878
"chr12-0091",-0.0552002314183851
"chr12-0092",-0.223818396370164
"chr12-0093",-0.502650625309777
"chr12-0094",-0.0294921022774334
"chr12-0095",-0.0519743721896771
"chr12-0096",0.187183653804699
"chr12-0097",0.00508638977906242
"chr12-0098",-0.23940760273842
"chr12-0099",0.0701502842496817
"chr12-0100",0.109122172253002
"chr12-0101",-0.116410038599176
"chr12-0102",-0.217112119275643
"chr12-0103",-0.0268988696017891
"chr12-0104",0.128659025968079
"chr12-0105",0.164721892398593
"chr12-0106",0.0878756065110437
"chr12-0107",-0.091613256951782
"chr12-0108",0.0285717346009374
"chr12-0109",0.100978481838488
"chr12-0110",-0.150682630134821
"chr12-0111",0.193523829615356
"chr12-0112",0.239748606598748
"chr12-0113",-0.0346799282346807
"chr12-0114",-0.0720421711278676
"chr12-0115",-0.0429265788218712
"chr12-0116",-0.00982351405035445
"chr12-0117",0.229590080522153
"chr12-0118",0.0478825618856218
"chr12-0119",0.221573774626285
"chr12-0120",-0.0898342844816562
"chr12-0121",0.0560080449909266
"chr12-0122",-0.0973069030967664
"chr12-0123",0.0792042548386451
"chr12-0124",0.0478407548692022
"chr12-0125",0.16202041744298
"chr12-0126",0.14649100801767
"chr12-0127",0.097439335969479
"chr12-0128",0.0113471556287563
"chr12-0129",-0.103497906610059
"chr12-0130",-0.34563638459007
"chr12-0131",0.158151747229476
"chr12-0132",-0.0608000695315772
"chr12-0133",-0.0272236101865909
"chr12-0134",-0.19813855649869
"chr12-0135",-0.110758084081837
"chr12-0136",-0.0303574104503658
"chr12-0137",-0.0969141861416935
"chr12-0138",-0.0309780564286356
"chr12-0139",-0.0920481320977853
"chr12-0140",0.0479804852053999
"chr12-0141",0.0729240678338952
"chr12-0142",0.0774937589449934
"chr12-0143",0.126994305444579
"chr12-0144",0.0074870996371588
"chr12-0145",0.0706903567953268
"chr12-0146",0.097417523787355
"chr12-0147",0.0817061732672774
"chr12-0148",0.122890772655214
"chr12-0149",-0.112113393958958
"chr12-0150",0.161194932003323
"chr12-0151",0.137987664821553
"chr12-0152",0.150786888613654
"chr12-0153",0.177795483677109
"chr12-0154",-0.000503458399702233
"chr12-0155",0.168245018309483
"chr12-0156",-0.0312776196077723
"chr12-0157",0.103824456485597
"chr12-0158",-0.105484997954266
"chr12-0159",-0.0476642303385744
"chr12-0160",0.120989865055855
"chr12-0161",0.138777945010206
"chr12-0162",0.143162002753303
"chr12-0163",0.175388936841044
"chr12-0164",0.144596037596528
"chr12-0165",0.143187896802045
"chr12-0166",0.0018640972158432
"chr12-0167",-0.0750757125157228
"chr12-0168",0.0617016603086273
"chr12-0169",-0.00155948459050724
"chr12-0170",0.0312987352578981
"chr12-0171",-0.113124508313111
"chr12-0172",0.213045519195352
"chr12-0173",0.216519392076365
"chr12-0174",0.214338944545039
"chr12-0175",-0.0892229872930444
"chr12-0176",-0.0838161753372461
"chr12-0177",-0.0846862481481234
"chr12-0178",0.0448911486572782
"chr12-0179",-0.106719429002616
"chr12-0180",0.0889082084881433
"chr12-0181",-0.0320381403275683
"chr12-0182",-0.0410031661493595
"chr12-0183",-0.197141558804343
"chr12-0184",0.112344651695775
"chr12-0185",0.184167687547914
"chr12-0186",0.187930442904337
"chr12-0187",0.136706314831121
"chr12-0188",0.163010024915603
"chr12-0189",0.0714550390921428
"chr12-0190",0.178908226297765
"chr12-0191",-0.124623280216836
"chr12-0192",0.047375145166232
"chr12-0193",0.181342473958562
"chr12-0194",-0.216647901287887
"chr12-0195",-0.0763922975028448
"chr12-0196",0.023676590883336
"chr12-0197",0.110776005477357
"chr12-0198",0.166502886403247
"chr12-0199",0.0980373578058918
"chr12-0200",-0.0750756391999669
"chr12-0201",-0.000382636349300456
"chr12-0202",0.018559355131204
"chr12-0203",0.287328313969105
"chr12-0204",0.133676083274622
"chr12-0205",0.313691021460859
"chr12-0206",-0.0380105229170838
"chr12-0207",0.231992266939258
"chr12-0208",-0.0812286588956026
"chr12-0209",0.0386518521505971
"chr12-0210",0.171700612859354
"chr12-0211",-0.081427165306003
"chr12-0212",-0.240866759735612
"chr12-0213",0.062313068380356
"chr12-0214",0.122771417165548
"chr12-0215",0.217793032778337
"chr12-0216",-0.173958861879459
"chr12-0217",0.10495636150934
"chr12-0218",0.012832019119018
"chr12-0219",0.120673164757947
"chr12-0220",0.0284912786198953
"chr12-0221",0.188608307903404
"chr12-0222",0.15957487670042
"chr12-0223",0.029233228149104
"chr12-0224",0.00177442152796005
"chr12-0225",0.102639006599486
"chr12-0226",0.121239289053578
"chr12-0227",-0.0128702244293236
"chr12-0228",0.162958930790306
"chr12-0229",-0.0546888082798956
"chr12-0230",0.0803383879663857
"chr12-0231",0.161007523370309
"chr12-0232",-0.125202714006354
"chr12-0233",-0.236567555623116
"chr12-0234",-0.165097089059569
"chr12-0235",-0.110179644055077
"chr12-0236",-0.0741987458917301
"chr12-0237",0.00866990131798275
"chr12-0238",0.100320159057078
"chr12-0239",-0.221372563124066
"chr12-0240",-0.0908021574302831
"chr12-0241",-0.201555863250303
"chr12-0242",-0.200463320252109
"chr12-0243",-0.0275395027838417
"chr12-0244",-0.0506243410613772
"chr12-0245",0.0861800264390013
"chr12-0246",-0.0829242943309287
"chr12-0247",0.010512925417344
"chr12-0248",-0.0115796177252112
"chr12-0249",-0.0938632583822346
"chr12-0250",0.238956592185051
"chr12-0251",0.0555620528485747
"chr12-0252",-0.195715922484605
"chr12-0253",-0.134666226510269
"chr12-0254",-0.392012677430689
"chr12-0255",0.0303578078201009
"chr12-0256",-0.154472293323623
"chr12-0257",-0.186317072179331
"chr12-0258",0.265178203952171
"chr12-0259",-0.00489616400179343
"chr12-0260",0.0975443006679954
"chr12-0261",0.138177612630833
"chr12-0262",0.200848480979273
"chr12-0263",0.184842293610957
"chr12-0264",0.0791029948667516
"chr12-0265",0.173842788347258
"chr12-0266",0.268273085607006
"chr12-0267",0.296550691328469
"chr12-0268",-0.0133190197106199
"chr12-0269",0.193706477998789
"chr12-0270",0.185606591682966
"chr12-0271",0.130441431312552
"chr12-0272",-0.0813403539371376
"chr12-0273",0.0365907621124144
"chr12-0274",0.0726693636091656
"chr12-0275",0.187323836912324
"chr12-0276",0.239416577494469
"chr12-0277",0.314518090931516
"chr12-0278",0.0596987471507086
"chr12-0279",0.0953297717621064
"chr12-0280",-0.01733087408938
"chr12-0281",0.244614543304425
"chr12-0282",0.0679574105982956
"chr12-0283",0.108348559523494
"chr12-0284",-0.0519663549701866
"chr12-0285",0.17609606499129
"chr12-0286",0.228732523226512
"chr12-0287",0.0313634712385031
"chr12-0288",0.213578231118649
"chr12-0289",0.0351151566951706
"chr12-0290",0.172687989104402
"chr12-0291",0.124340266394245
"chr12-0292",0.228817157744233
"chr12-0293",0.253983826845248
"chr12-0294",0.260452478495593
"chr12-0295",0.242091751561677
"chr12-0296",0.00397236396725063
"chr12-0297",0.0754183451505497
"chr12-0298",0.133921114824314
"chr12-0299",-0.150428971932849
"chr12-0300",-0.115972699139181
"chr12-0301",-0.0298501632699986
"chr12-0302",-0.062946026016478
"chr12-0303",-0.213797501409138
"chr12-0304",-0.0304145521571316
"chr12-0305",0.0401333628853925
"chr12-0306",0.0882727504773946
"chr12-0307",0.183796613025937
"chr12-0308",0.0302978145632359
"chr12-0309",0.160141294565772
"chr12-0310",-0.219685635986751
"chr12-0311",-0.108514801928161
"chr12-0312",-0.0890793971891812
"chr12-0313",-0.136093340863615
"chr12-0314",-0.110946717064686
"chr12-0315",-0.274323214954383
"chr12-0316",-0.0332667997423235
"chr12-0317",0.0216289289683141
"chr12-0318",-0.238691896011023
"chr12-0319",0.0591412283579207
"chr12-0320",-0.141603605136422
"chr12-0321",-0.0317449333869415
"chr12-0322",0.0996473869408473
"chr12-0323",0.01595269207307
"chr12-0324",-0.0523936220339219
"chr12-0325",-0.057778523710833
"chr12-0326",-0.143472198586564
"chr12-0327",-0.0272807809400497
"chr12-0328",-0.177481769611072
"chr12-0329",0.226565604932718
"chr12-0330",-0.0444764325983504
"chr12-0331",-0.131997501084921
"chr12-0332",-0.0234451364401653
"chr12-0333",0.24554863256894
"chr12-0334",0.0412383354151492
"chr12-0335",0.070667363976904
"chr12-0336",0.00486425083594319
"chr12-0337",-0.044486489245932
"chr12-0338",0.0785523846436529
"chr12-0339",-0.0816858672289104
"chr12-0340",-0.20791409846665
"chr12-0341",-0.1006063488412
"chr12-0342",-0.0339486660843018
"chr12-0343",0.132237044827816
"chr12-0344",0.0985741265698416
"chr12-0345",-0.0917288013451432
"chr12-0346",-0.280278385063056
"chr12-0347",0.00863364673417787
"chr12-0348",-0.14724026645474
"chr12-0349",-0.151178572201757
"chr12-0350",-0.213332214987266
"chr12-0351",-0.105611636919349
"chr12-0352",-0.0480909150518953
"chr12-0353",-0.130167972464543
"chr12-0354",-0.0190523868117623
"chr12-0355",-0.0251100303600627
"chr12-0356",0.0615908774392725
"chr12-0357",0.0325222197498195
"chr12-0358",-0.212357676260682
"chr12-0359",-0.153703677506236
"chr12-0360",-0.135805092438945
"chr12-0361",-0.042095197331054
"chr12-0362",-0.150145756083518
"chr12-0363",-0.0789311372627857
"chr12-0364",-0.0658393418394814
"chr12-0365",-0.181241583597899
"chr12-0366",-0.161050744927535
"chr12-0367",0.0480053998741463
"chr12-0368",-0.0419781510596662
"chr12-0369",0.419961309163506
"chr12-0370",0.0355983936461812
"chr12-0371",0.00277838203192272
"chr12-0372",0.134205350187988
"chr12-0373",-0.00304145826591031
"chr12-0374",-0.0486878238470593
"chr12-0375",0.0297764932074782
"chr12-0376",-0.00500726602718088
"chr12-0377",0.0733868593063769
"chr12-0378",-0.0146518209106921
"chr12-0379",-0.00405931721711052
"chr12-0380",0.134794636409853
"chr12-0381",-0.0434645325093978
"chr12-0382",0.155213383628016
"chr12-0383",0.301578212286638
"chr12-0384",0.18641353616192
"chr12-0385",0.215947012469757
"chr12-0386",-0.134120057931385
"chr12-0387",-0.103575094537383
"chr12-0388",-0.048202762704249
"chr12-0389",-0.022987515496213
"chr12-0390",-0.0928334125538953
"chr12-0391",-0.104462476102987
"chr12-0392",-0.0707140643494179
"chr12-0393",-0.195551148262892
"chr12-0394",-0.111343745911998
"chr12-0395",-0.16735767250306
"chr12-0396",-0.144220876711178
"chr12-0397",0.156373845785178
"chr12-0398",0.185330305312861
"chr12-0399",-0.16097720176555
"chr12-0400",0.00419172757119269
"chr12-0401",-0.0381521899234446
"chr12-0402",0.0189565602098241
"chr12-0403",-0.0648047590825137
"chr12-0404",-0.102521443839869
"chr12-0405",-0.120950515332154
"chr12-0406",-0.0474148399844446
"chr12-0407",-0.0855385242849581
"chr12-0408",0.0287883194140235
"chr12-0409",-0.153261791326878
"chr12-0410",-0.154822771128346
"chr12-0411",-0.0100978662946421
"chr12-0412",-0.0892032432916507
"chr12-0413",0.17230908017789
"chr12-0414",0.234101825623032
"chr12-0415",0.256326283825024
"chr12-0416",0.172728097775909
"chr12-0417",0.23880708473414
"chr12-0418",0.11053433177221
"chr12-0419",0.0875713196209355
"chr12-0420",0.0602188504125752
"chr12-0421",0.14405877352994
"chr12-0422",0.0834019181670026
"chr12-0423",-0.121391792694362
"chr12-0424",-0.0716259098422489
"chr12-0425",0.128457791604315
"chr12-0426",0.0886751845481605
"chr12-0427",0.172960160089562
"chr12-0428",-0.0786559234904017
"chr12-0429",0.257997109665038
"chr12-0430",0.185299512913924
"chr12-0431",0.0440979668584709
"chr12-0432",-0.060346949870962
"chr12-0433",-0.113295812731177
"chr12-0434",0.111383337424069
"chr12-0435",0.32337698781119
"chr12-0436",0.238553609955275
"chr12-0437",-0.0309626318133017
"chr12-0438",-0.250567918700233
"chr12-0439",0.0108569664145653
"chr12-0440",0.0449521694029321
"chr12-0441",0.168354555540106
"chr12-0442",0.213715897533882
"chr12-0443",0.0163927387942836
"chr12-0444",-0.200923407884823
"chr12-0445",0.194908674449515
"chr12-0446",0.0637310457302007
"chr12-0447",0.0239948051811912
"chr12-0448",0.302861495164167
"chr12-0449",0.187789567452853
"chr12-0450",0.205747247846896
"chr12-0451",-0.0709151883803703
"chr12-0452",0.221659736055344
"chr12-0453",0.12317365570027
"chr12-0454",0.315279591513503
"chr12-0455",0.25324376101484
"chr12-0456",0.0471163384192904
"chr12-0457",0.0762774780388629
"chr12-0458",0.204481849387119
"chr12-0459",0.206421024388107
"chr12-0460",0.300237587932136
"chr12-0461",-0.168286373011897
"chr12-0462",-0.0429643432180235
"chr12-0463",0.220818360599247
"chr12-0464",0.0956824689617756
"chr12-0465",0.199436426884662
"chr12-0466",0.231297182579372
"chr12-0467",0.223353584436006
"chr12-0468",0.265160739422762
"chr12-0469",0.301713076389507
"chr12-0470",0.0498280018130116
"chr12-0471",0.200384183388517
"chr12-0472",0.00242438020151855
"chr12-0473",0.138395877831569
"chr12-0474",-0.181312073452098
"chr12-0475",-0.0609630279364309
"chr12-0476",0.159585903724669
"chr12-0477",0.0279895294899164
"chr12-0478",0.207378752669052
"chr12-0479",0.0796466579539169
"chr12-0480",0.156726228783457
"chr12-0481",-0.180104532697656
"chr12-0482",0.122399678592016
"chr12-0483",-0.00125884233291998
"chr12-0484",-0.0417508384939438
"chr12-0485",0.16511857689817
"chr12-0486",0.17494731482278
"chr12-0487",0.0456349935463853
"chr12-0488",0.185455597847629
"chr12-0489",0.179080136606616
"chr12-0490",0.401997902145356
"chr12-0491",0.194895117374447
"chr12-0492",0.391724051926673
"chr12-0493",-0.0229837675256375
"chr12-0494",0.172460842351772
"chr12-0495",-0.160302909833425
"chr12-0496",0.0626707118618852
"chr12-0497",0.0549716460304642
"chr12-0498",0.239283852796507
"chr12-0499",0.18277977689901
"chr12-0500",-0.0546811855495007
"chr12-0501",0.248624679434075
"chr12-0502",0.172329515310576
"chr12-0503",0.133359084698666
"chr12-0504",0.0743479552627645
"chr12-0505",0.267071778073441
"chr12-0506",0.23010228233682
"chr12-0507",0.239306848692823
"chr12-0508",0.088746465482383
"chr12-0509",0.145554789072811
"chr12-0510",0.431791451284617
"chr12-0511",0.332540169712731
"chr12-0512",0.212122978191577
"chr12-0513",0.195967970014807
"chr12-0514",0.0472095662570131
"chr12-0515",0.0694405641036954
"chr12-0516",0.304710961088023
"chr12-0517",0.149021443710951
"chr12-0518",0.0769011218517633
"chr12-0519",0.111584372440768
"chr12-0520",0.14099513617479
"chr12-0521",0.254828672317946
"chr12-0522",0.258340909455539
"chr12-0523",0.250563651768607
"chr12-0524",0.387148925667705
"chr12-0525",0.19275312366949
"chr12-0526",0.201534450520783
"chr12-0527",0.369711942955997
"chr12-0528",0.139987084634575
"chr12-0529",0.132261954803352
"chr12-0530",0.0401413346809559
"chr12-0531",0.208938925760577
"chr12-0532",0.227016359073049
"chr12-0533",0.35256201009884
"chr12-0534",0.24491263482827
"chr12-0535",0.0731407944087405
"chr12-0536",0.179697704869905
"chr12-0537",0.0767498620198929
"chr12-0538",0.172528128153895
"chr12-0539",0.385863561770001
"chr12-0540",0.299110190524749
"chr12-0541",0.0213709336823
"chr12-0542",0.0894508269458111
"chr12-0543",0.044142524120404
"chr12-0544",0.0706201105652365
"chr12-0545",0.123204916159848
"chr12-0546",0.257428685632866
"chr12-0547",-0.0852978562814921
"chr12-0548",0.219603478284763
"chr12-0549",-0.00537710376506744
"chr12-0550",0.249602614093977
"chr12-0551",0.310900244498455
"chr12-0552",0.290043166200257
"chr12-0553",-0.00999749049255267
"chr12-0554",0.0808340864346215
"chr12-0555",0.301705704527944
"chr12-0556",0.224643496033787
"chr12-0557",0.229252060708212
"chr12-0558",0.330382705533565
"chr12-0559",0.132457636496268
"chr12-0560",0.200332329276143
"chr12-0561",0.141680847170905
"chr12-0562",0.217797894053799
"chr12-0563",0.204509240129444
"chr12-0564",0.377898003183429
"chr12-0565",0.166784484149669
"chr12-0566",0.248732654819709
"chr12-0567",0.839833874074889
"chr12-0568",0.446085077214087
"chr12-0569",0.195326695070437
"chr12-0570",0.223786133069141
"chr12-0571",0.256470936707637
"chr12-0572",0.0229835849445214
"chr12-0573",0.28711573635718
"chr12-0574",0.234236849749119
"chr12-0575",0.1233088284126
"chr12-0576",0.240406003549966
"chr12-0577",0.296669143982464
"chr12-0578",0.0253826354461525
"chr12-0579",0.246346729249596
"chr12-0580",0.254922859959844
"chr12-0581",0.230088447524397
"chr12-0582",0.219744309881343
"chr12-0583",0.097485783127149
"chr12-0584",0.1345749437599
"chr12-0585",-0.123027293915306
"chr12-0586",0.0136034545809289
"chr12-0587",0.433140068741974
"chr12-0588",0.216993102134619
"chr12-0589",0.235468528643245
"chr12-0590",0.105243097534166
"chr12-0591",-0.0083525604837086
"chr12-0592",0.229375839077789
"chr12-0593",0.102934247734168
"chr12-0594",-0.171509786971156
"chr12-0595",0.128944408007767
"chr12-0596",0.201773486846829
"chr12-0597",0.119609162606413
"chr12-0598",0.0754936399309755
"chr12-0599",-0.081774323839103
"chr12-0600",0.0492440321393761
"chr12-0601",0.157804363313537
"chr12-0602",0.159683103721705
"chr12-0603",-0.0248931274040099
"chr12-0604",-0.124525525684387
"chr12-0605",0.1409062389913
"chr12-0606",0.0499359336586054
"chr12-0607",-0.0317517410920301
"chr12-0608",0.0204537447104743
"chr12-0609",0.0464385837146944
"chr12-0610",0.0963495926890951
"chr12-0611",-0.0600647708288139
"chr12-0612",0.077519923528796
"chr12-0613",0.0771025742084887
"chr12-0614",0.104274773362147
"chr12-0615",0.16402926552237
"chr12-0616",-0.110738247947749
"chr12-0617",0.260982793201882
"chr12-0618",0.0642881344564804
"chr12-0619",0.249825908230522
"chr12-0620",0.209459255178723
"chr12-0621",-0.00789217168561935
"chr12-0622",-0.0943293720627405
"chr12-0623",-0.0513964316146269
"chr12-0624",-0.305798376922866
"chr12-0625",0.0763870341080999
"chr12-0626",0.132913622219405
"chr12-0627",0.315925900805353
"chr12-0628",0.10861319670598
"chr12-0629",-0.0132795850881043
"chr12-0630",-0.0681191513776875
"chr12-0631",0.0555149222897424
"chr12-0632",0.0552682614957516
"chr12-0633",0.148704091550632
"chr12-0634",0.0673595770855133
"chr12-0635",0.0980097666567143
"chr12-0636",0.0862033196890413
"chr12-0637",-0.0559532962650377
"chr12-0638",-0.129286470940575
"chr12-0639",0.275518728773639
"chr12-0640",-0.0190826315322173
"chr12-0641",0.107154459865581
"chr12-0642",0.101281056247528
"chr12-0643",-0.111538064684398
"chr12-0644",0.0372076415594321
"chr12-0645",0.198132748080252
"chr12-0646",0.346969973526309
"chr12-0647",0.0410802915509065
"chr12-0648",0.107159727344602
"chr12-0649",0.266987855830056
"chr12-0650",0.0895053440475434
"chr12-0651",0.046674558584163
"chr12-0652",0.0707091245037836
"chr12-0653",0.0359068462191517
"chr12-0654",0.0705244894913934
"chr12-0655",-0.108183649480066
"chr12-0656",-0.0318679547431485
"chr12-0657",-0.0294474331119242
"chr12-0658",0.0461709582923108
"chr12-0659",-0.0740736795127678
"chr12-0660",0.0336291163124915
"chr12-0661",-0.210298754069255
"chr12-0662",0.212545958909916
"chr12-0663",0.244210531446062
"chr12-0664",0.120999624060544
"chr12-0665",0.111040016853194
"chr12-0666",0.161573857813114
"chr12-0667",-0.0394614507675261
"chr12-0668",0.207918879973671
"chr12-0669",0.127481961988203
"chr12-0670",0.0651853908605859
"chr12-0671",0.188400801272042
"chr12-0672",0.131335808201457
"chr12-0673",0.0543088107291386
"chr12-0674",0.109732006135591
"chr12-0675",0.0173433861742238
"chr12-0676",-0.281593152112282
"chr12-0677",0.0611886456278168
"chr12-0678",-0.00868832887730651
"chr12-0679",-0.0955369056971996
"chr12-0680",-0.0191152469405662
"chr12-0681",-0.0566234448008151
"chr12-0682",-0.209468620303598
"chr12-0683",-0.231974249773597
"chr12-0684",-0.488108171278916
"chr12-0685",-0.0545720669352108
"chr12-0686",-0.099629651420219
"chr12-0687",-0.313686003925555
"chr12-0688",0.0361329983639744
"chr12-0689",-0.117958885068777
"chr12-0690",-0.475222854330512
"chr12-0691",-0.0263621927100088
"chr12-0692",-0.312559354623879
"chr12-0693",-0.146388430314512
"chr12-0694",-0.0488765982738098
"chr12-0695",-0.148660339304082
"chr12-0696",-0.0368355515737656
"chr12-0697",-0.226084231689084
"chr12-0698",-0.0381504229804812
"chr12-0699",-0.118104955827645
"chr12-0700",-0.0767167311041516
"chr12-0701",-0.0650701145931932
"chr12-0702",-0.103138927155481
"chr12-0703",-0.0951992720036955
"chr12-0704",-0.205712013343015
"chr12-0705",-0.309011739551159
"chr12-0706",0.0817992609211353
"chr12-0707",-0.0124448622611923
"chr12-0708",-0.316967658910742
"chr12-0709",-0.256881086912658
"chr12-0710",-0.21870110998437
"chr12-0711",-0.11738997349598
"chr12-0712",-0.300917194356341
"chr12-0713",-0.172770083687774
"chr12-0714",-0.266291591636988
"chr12-0715",-0.0994415132975843
"chr12-0716",-0.187491533617627
"chr12-0717",-0.254971313234656
"chr12-0718",-0.017184676738282
"chr12-0719",-0.212987925448662
"chr12-0720",-0.00519625056477332
"chr12-0721",-0.29426708987322
"chr12-0722",-0.303387303649407
"chr12-0723",-0.0694614983276291
"chr12-0724",0.053059286434082
"chr12-0725",-0.161970343056664
"chr12-0726",-0.0807544195726922
"chr12-0727",-0.0411215763414622
"chr12-0728",0.0630548539194955
"chr12-0729",0.118386609884778
"chr12-0730",-0.146397377659951
"chr12-0731",-0.254387108695169
"chr12-0732",-0.107215976435418
"chr12-0733",0.171243629203374
"chr12-0734",-0.183235921653108
"chr12-0735",-0.230941011030469
"chr12-0736",-0.0857908585536613
"chr12-0737",-0.172952166827213
"chr12-0738",-0.133880882011255
"chr12-0739",-0.0754885211498591
"chr12-0740",-0.11960530190976
"chr12-0741",0.145245053176331
"chr12-0742",-0.113375517706926
"chr12-0743",-0.0545660226984838
"chr12-0744",-0.165124377194156
"chr12-0745",0.195772336613887
"chr12-0746",-0.0244694044805923
"chr12-0747",0.038406845227724
"chr12-0748",-0.181897627520432
"chr12-0749",-0.295228592638815
"chr12-0750",-0.132411213472592
"chr12-0751",-0.106766195830203
"chr12-0752",-0.202065985420498
"chr12-0753",-0.213564854520734
"chr12-0754",-0.0590560886098195
"chr12-0755",0.129359349187204
"chr12-0756",-0.158281787383454
"chr12-0757",-0.0498084150846094
"chr12-0758",-0.0277882519442187
"chr12-0759",-0.0838567673040328
"chr12-0760",-0.0120457431819353
"chr12-0761",-0.0157718582033094
"chr12-0762",-0.0967034428147995
"chr12-0763",0.114402789630149
"chr12-0764",0.135933290114511
"chr12-0765",0.0124412877807188
"chr12-0766",0.154175428464449
"chr12-0767",0.184122388526189
"chr12-0768",0.147930460547236
"chr12-0769",0.15771587293016
"chr12-0770",0.205464975526657
"chr12-0771",0.0827769528112152
"chr12-0772",0.367396811635462
"chr12-0773",0.313904040180284
"chr12-0774",0.238652787900075
"chr12-0775",0.0900445958745573
"chr12-0776",0.134789504793189
"chr12-0777",0.149201155636133
"chr12-0778",0.11299128141888
"chr12-0779",0.0482366215862257
"chr12-0780",0.0319873048048644
"chr12-0781",-0.130027564812517
"chr12-0782",-0.0213150267302115
"chr12-0783",-0.192324487385858
"chr12-0784",0.337222411025128
"chr12-0785",-0.189054480908673
"chr12-0786",-0.140291335059655
"chr12-0787",-0.216069046761387
"chr12-0788",-0.0703987130603621
"chr12-0789",-0.138926250858313
"chr12-0790",0.0642087092499591
"chr12-0791",0.0796805707096797
"chr12-0792",0.135744566453553
"chr12-0793",-0.0825193170971239
"chr12-0794",-0.133858016799295
"chr12-0795",0.136318959588302
"chr12-0796",-0.0277532597276661
"chr12-0797",0.0767496881052485
"chr12-0798",0.277403767441051
"chr12-0799",-0.0495020106510028
"chr12-0800",0.0677725695844243
"chr12-0801",0.0290754441045152
"chr12-0802",-0.0202102558156557
"chr12-0803",0.0522667807505026
"chr12-0804",0.186571696089805
"chr12-0805",0.104445544272287
"chr12-0806",-0.11535518916385
"chr12-0807",0.0490976952773428
"chr12-0808",-0.123197423080273
"chr12-0809",-0.205195987832899
"chr12-0810",-0.103700953039704
"chr12-0811",-0.13233283209669
"chr12-0812",-0.222169263108515
"chr12-0813",-0.208598143074022
"chr12-0814",-0.070264706670865
"chr12-0815",-0.245173407485011
"chr12-0816",-0.174696501802024
"chr12-0817",0.103777799061223
"chr12-0818",0.203780110845669
"chr12-0819",0.0238963188677028
"chr12-0820",-0.191048549708704
"chr12-0821",-0.179854005388611
"chr12-0822",0.0868295872028095
"chr12-0823",0.0124163372027875
"chr12-0824",-0.0957581206800203
"chr12-0825",-0.163975475449104
"chr12-0826",-0.148371645259902
"chr12-0827",-0.162916041373546
"chr12-0828",-0.180613285980378
"chr12-0829",-0.162847574423534
"chr12-0830",-0.259232295549962
"chr12-0831",-0.139099680931036
"chr12-0832",-0.118338600889542
"chr12-0833",-0.0282180477326651
"chr12-0834",-0.00754856649997178
"chr12-0835",-0.118390918590515
"chr12-0836",-0.292332938662972
"chr12-0837",0.0346159159511619
"chr12-0838",0.16085464131944
"chr12-0839",-0.0328400796312499
"chr12-0840",0.0245188078102166
"chr12-0841",-0.0494953660551018
"chr12-0842",-0.20838747701878
"chr12-0843",-0.188019699739823
"chr12-0844",-0.256128895509589
"chr12-0845",-0.0797312429570146
"chr12-0846",0.0331190096487426
"chr12-0847",-0.0737261856783799
"chr12-0848",-0.12033342617851
"chr12-0849",-0.0155432608781998
"chr12-0850",-0.227341919007758
"chr12-0851",-0.0300683709959721
"chr12-0852",-0.414488143568761
"chr12-0853",-0.0801452138709665
"chr12-0854",-0.18395722843002
"chr12-0855",0.0325493257768556
"chr12-0856",0.0597770648730636
"chr12-0857",0.00200033965094579
"chr12-0858",0.0591625604931088
"chr12-0859",0.0226703181431273
"chr12-0860",-0.0657271013470136
"chr12-0861",0.000575585236348488
"chr12-0862",-0.120766649346467
"chr12-0863",-0.170507947286643
"chr12-0864",-0.142988277943179
"chr12-0865",-0.245824294354462
"chr12-0866",-0.0408935871797263
"chr12-0867",-0.0229427763441969
"chr12-0868",-0.0362103323190528
"chr12-0869",-0.00483334673180533
"chr12-0870",-0.0666362842430218
"chr12-0871",-0.197603921922809
"chr12-0872",-0.14903846018235
"chr12-0873",-0.0189331128741525
"chr12-0874",-0.0287181135245685
"chr12-0875",0.0261686663218165
"chr12-0876",0.0413827138071942
"chr12-0877",0.0098078504561021
"chr12-0878",0.0974263290960815
"chr12-0879",-0.0869323662489272
"chr12-0880",0.166364369461477
"chr12-0881",0.221386378041804
"chr12-0882",0.0559953954078292
"chr12-0883",0.00332979973629632
"chr12-0884",-0.0270917660807383
"chr12-0885",0.117079707289815
"chr12-0886",0.195183761050303
"chr12-0887",0.121118319068146
"chr12-0888",0.122856188125439
"chr12-0889",-0.026668934159605
"chr12-0890",-0.330346727573271
"chr12-0891",0.0764253977507836
"chr12-0892",-0.0534591275728129
"chr12-0893",-0.00259379541094058
"chr12-0894",-0.0723232875118626
"chr12-0895",-0.0378859050593537
"chr12-0896",0.0795142523357295
"chr12-0897",0.144205386465696
"chr12-0898",0.0297199447598608
"chr12-0899",-0.0967049194758848
"chr12-0900",-0.250747328771922
"chr12-0901",-0.143431535847385
"chr12-0902",-0.147897381640553
"chr12-0903",0.03948061933118
"chr12-0904",0.0211295303851642
"chr12-0905",-0.0153521007079467
"chr12-0906",-0.142186550928702
"chr12-0907",0.0243753693355757
"chr12-0908",-0.0494184954163341
"chr12-0909",-0.163596053277268
"chr12-0910",-0.142692450733947
"chr12-0911",-0.121075174295315
"chr12-0912",-0.033980538693242
"chr12-0913",-0.0631036831165871
"chr12-0914",-0.128662457210909
"chr12-0915",-0.147959523183547
"chr12-0916",-0.125048575134039
"chr12-0917",0.0512990004779492
"chr12-0918",-0.0890023106292972
"chr12-0919",0.0100907169587919
"chr12-0920",-0.0859780441188367
"chr12-0921",-0.108226033090293
"chr12-0922",0.00959610119326032
"chr12-0923",0.0407903449154883
"chr12-0924",-0.186652946705951
"chr12-0925",-0.227839692738947
"chr12-0926",-0.207389170050405
"chr12-0927",0.0209725145796924
"chr12-0928",-0.184344903045762
"chr12-0929",-0.272058312010178
"chr12-0930",-0.18736854709511
"chr12-0931",-0.25899676500203
"chr12-0932",-0.248685430871019
"chr12-0933",-0.284885472951241
"chr12-0934",-0.249117316389092
"chr12-0935",-0.129152949561658
"chr12-0936",-0.0708919843918443
"chr12-0937",-0.137464740456772
"chr12-0938",-0.273540150650742
"chr12-0939",-0.184604379223817
"chr12-0940",-0.267360096094393
"chr12-0941",-0.292072352430723
"chr12-0942",-0.121799385033321
"chr13-0001",0.168741078856905
"chr13-0002",0.000107818482901853
"chr13-0003",-0.0835960611608104
"chr13-0004",5.40149533471921e-05
"chr13-0005",0.174126294448739
"chr13-0006",0.149954180596527
"chr13-0007",-0.0786303256575932
"chr13-0008",0.178878444885978
"chr13-0009",-0.0185899228089704
"chr13-0010",-0.14390933427094
"chr13-0011",0.313013029577241
"chr13-0012",-0.00980715539293835
"chr13-0013",-0.0180514714211751
"chr13-0014",0.251660342815986
"chr13-0015",0.135686947886204
"chr13-0016",0.0633516380202485
"chr13-0017",0.0149223836490934
"chr13-0018",0.0834633296758818
"chr13-0019",0.0343483813879439
"chr13-0020",-0.0210634915816886
"chr13-0021",0.11099518723137
"chr13-0022",0.0118024942808012
"chr13-0023",-0.171771345570814
"chr13-0024",0.164678887185135
"chr13-0025",0.0729964804691194
"chr13-0026",0.243921977145937
"chr13-0027",-0.101584060592849
"chr13-0028",0.284879119435064
"chr13-0029",0.240943286324281
"chr13-0030",0.377544083239108
"chr13-0031",0.487978345205467
"chr13-0032",0.419490499860059
"chr13-0033",0.405208655981463
"chr13-0034",0.398157319672512
"chr13-0035",0.551406086753451
"chr13-0036",0.50373728704116
"chr13-0037",0.460124337909133
"chr13-0038",0.500947020469038
"chr13-0039",0.525582260540423
"chr13-0040",0.718633098809762
"chr13-0041",0.445564595071688
"chr13-0042",0.30285857954943
"chr13-0043",0.418458212051438
"chr13-0044",0.417911663919041
"chr13-0045",0.65065102508409
"chr13-0046",0.421708646310691
"chr13-0047",0.456897497478408
"chr13-0048",0.305398122300093
"chr13-0049",0.262514988753984
"chr13-0050",0.426435832795668
"chr13-0051",0.245125233658694
"chr13-0052",0.428608100807539
"chr13-0053",0.384676440669423
"chr13-0054",0.545889835053501
"chr13-0055",0.477631179012404
"chr13-0056",0.371470727255764
"chr13-0057",0.683932685640222
"chr13-0058",0.610097215022661
"chr13-0059",0.482177823520835
"chr13-0060",0.294594283103437
"chr13-0061",0.352172442607204
"chr13-0062",0.491041090683224
"chr13-0063",0.488531047789304
"chr13-0064",0.224878025973246
"chr13-0065",0.45422635666548
"chr13-0066",0.573147476851913
"chr13-0067",0.389642809255134
"chr13-0068",0.446369717426042
"chr13-0069",0.399548010872573
"chr13-0070",0.464852247917119
"chr13-0071",0.332627986786733
"chr13-0072",0.520521567264124
"chr13-0073",0.351501298105249
"chr13-0074",0.232358365685442
"chr13-0075",0.383635999693538
"chr13-0076",0.371695262015406
"chr13-0077",0.613748541495474
"chr13-0078",0.614550215301135
"chr13-0079",0.639546950258312
"chr13-0080",0.476576665041568
"chr13-0081",0.453290220413631
"chr13-0082",0.515991952304654
"chr13-0083",0.384401024024163
"chr13-0084",0.370717447063529
"chr13-0085",0.561430277121982
"chr13-0086",0.381986177605309
"chr13-0087",0.487409355334536
"chr13-0088",0.445909767867235
"chr13-0089",0.519474980633956
"chr13-0090",0.395556122281803
"chr13-0091",0.421949152899922
"chr13-0092",0.600298497888752
"chr13-0093",0.510624503021011
"chr13-0094",0.459612413511994
"chr13-0095",0.240884451438326
"chr13-0096",0.0496062068966288
"chr13-0097",0.335164228547733
"chr13-0098",0.246034302590226
"chr13-0099",0.312697314871211
"chr13-0100",0.247429625243141
"chr13-0101",0.225886062835706
"chr13-0102",0.326870945107839
"chr13-0103",0.257125986888448
"chr13-0104",0.405852837996926
"chr13-0105",0.264714939132152
"chr13-0106",0.362139009823412
"chr13-0107",0.335118693827584
"chr13-0108",0.17551076525139
"chr13-0109",0.279711770222268
"chr13-0110",0.41049325621283
"chr13-0111",0.209834966388828
"chr13-0112",0.338547187408615
"chr13-0113",0.533594323349036
"chr13-0114",0.528229856157854
"chr13-0115",0.339500322343798
"chr13-0116",0.683251291644889
"chr13-0117",0.656357555525746
"chr13-0118",0.732660122756057
"chr13-0119",0.691673419578802
"chr13-0120",0.718119440890928
"chr13-0121",0.609134993178582
"chr13-0122",0.510944017913981
"chr13-0123",0.577968468264008
"chr13-0124",0.588875511824688
"chr13-0125",0.572623492553289
"chr13-0126",0.497279006835409
"chr13-0127",0.577783671053537
"chr13-0128",0.363637992106326
"chr13-0129",0.506816371326524
"chr13-0130",0.556877260677071
"chr13-0131",0.494677036595425
"chr13-0132",0.554798569358703
"chr13-0133",0.240582948442896
"chr13-0134",0.133483067659772
"chr13-0135",-0.177612954256984
"chr13-0136",-0.142853911816013
"chr13-0137",-0.193045252577161
"chr13-0138",-0.454622099534705
"chr13-0139",-0.262698986026184
"chr13-0140",-0.247302197368499
"chr13-0141",-0.422740404591672
"chr13-0142",-0.110744612179102
"chr13-0143",-0.168991655638025
"chr13-0144",-0.0635036411324862
"chr13-0145",-0.459832545318684
"chr13-0146",-0.0513584256286932
"chr13-0147",-0.224055504456936
"chr13-0148",-0.145915090647624
"chr13-0149",-0.264137155348454
"chr13-0150",-0.305509380997069
"chr13-0151",-0.216469800167859
"chr13-0152",-0.67316531651081
"chr13-0153",-0.387906616296728
"chr13-0154",-0.0685305140347965
"chr13-0155",-0.513610928766099
"chr13-0156",-0.156829887886674
"chr13-0157",-0.286683616145638
"chr13-0158",-0.416914218284945
"chr13-0159",-0.480021660237536
"chr13-0160",-0.126099407058509
"chr13-0161",-0.171697406766315
"chr13-0162",-0.295181867483286
"chr13-0163",-0.685131424753218
"chr13-0164",-0.10049505512482
"chr13-0165",-0.170207049509659
"chr13-0166",-0.350825539867974
"chr13-0167",-0.240745688407671
"chr13-0168",-0.235179911821371
"chr13-0169",-0.415532081345954
"chr13-0170",-0.0447448970579942
"chr13-0171",-0.052746605187703
"chr13-0172",-0.336585112262555
"chr13-0173",-0.411839205934654
"chr13-0174",-0.406382368033582
"chr13-0175",-0.325301814127058
"chr13-0176",-0.202563879498108
"chr13-0177",-0.118041571655925
"chr13-0178",-0.0785862337390663
"chr13-0179",-0.218499374422076
"chr13-0180",-0.362343279799662
"chr13-0181",-0.573880899049006
"chr13-0182",-0.0918737131954932
"chr13-0183",-0.193527432543323
"chr13-0184",-0.218844868856729
"chr13-0185",-0.444504772851361
"chr13-0186",-0.301089203053422
"chr13-0187",-0.431718016756411
"chr13-0188",-0.420780753888399
"chr13-0189",-0.270847201089871
"chr13-0190",-0.234745355718028
"chr13-0191",-0.229984527880516
"chr13-0192",-0.153767641318529
"chr13-0193",-0.287837542156315
"chr13-0194",-0.17278212308549
"chr13-0195",-0.381165913448409
"chr13-0196",-0.373380783663912
"chr13-0197",-0.276849135864061
"chr13-0198",-0.130496064795766
"chr13-0199",-0.192131949561932
"chr13-0200",-0.165189625941336
"chr13-0201",-0.202027351340529
"chr13-0202",-0.35631134524415
"chr13-0203",-0.702373341599699
"chr13-0204",-0.371206987075618
"chr13-0205",-0.51188516036249
"chr13-0206",-0.554665634258592
"chr13-0207",-0.2122194269951
"chr13-0208",-0.225835768408848
"chr13-0209",-0.344107046580359
"chr13-0210",-0.560555603892128
"chr13-0211",-0.208913184646015
"chr13-0212",-0.341140388043862
"chr13-0213",-0.223154805419768
"chr13-0214",0.0256593126391625
"chr13-0215",-0.484728505293637
"chr13-0216",-0.0516333512009363
"chr13-0217",-0.59867613435486
"chr13-0218",-0.427775989162812
"chr13-0219",-0.720019405159628
"chr13-0220",-0.359131946529198
"chr13-0221",-0.579101331222535
"chr13-0222",-0.589993541086433
"chr13-0223",-0.465031439322641
"chr13-0224",-0.332328684320423
"chr13-0225",-0.114567086250156
"chr13-0226",-0.0815867725873008
"chr13-0227",-0.163418880207078
"chr13-0228",-0.231566893429893
"chr13-0229",-0.20168774247704
"chr13-0230",-0.164442994778394
"chr13-0231",-0.267463700093694
"chr13-0232",-0.670226181787466
"chr13-0233",-0.180963258907909
"chr13-0234",-0.207411796038535
"chr13-0235",-0.123570890488302
"chr13-0236",-0.526682530365531
"chr13-0237",-0.220675285526029
"chr13-0238",-0.0582851574082694
"chr13-0239",-0.346873048289232
"chr13-0240",-0.100889908485342
"chr13-0241",-0.313941621421689
"chr13-0242",-0.315868442067883
"chr13-0243",-0.369214058491159
"chr13-0244",-0.280481409165152
"chr13-0245",-0.458317112776503
"chr13-0246",-0.369761617400502
"chr13-0247",-0.514673048057067
"chr13-0248",-0.543784738209542
"chr13-0249",-0.575371697528129
"chr13-0250",-0.380064235649487
"chr13-0251",-0.440164059835185
"chr13-0252",-0.240549440723774
"chr13-0253",-0.157920597504748
"chr13-0254",-0.263680655564698
"chr13-0255",-0.171699343916479
"chr13-0256",-0.278670452712499
"chr13-0257",-0.27523453303994
"chr13-0258",-0.206975419589925
"chr13-0259",-0.273501892918061
"chr13-0260",-0.0668659024165323
"chr13-0261",0.0039796943923379
"chr13-0262",-0.416987254646004
"chr13-0263",-0.304361424979431
"chr13-0264",-0.234140972825933
"chr13-0265",-0.218793413130582
"chr13-0266",-0.365134861093572
"chr13-0267",-0.120763514314348
"chr13-0268",-0.239681867152811
"chr13-0269",-0.237602140851136
"chr13-0270",-0.0726163186156537
"chr13-0271",-0.259854406900714
"chr13-0272",0.0556582928181075
"chr13-0273",0.72163778788043
"chr13-0274",0.646832734679387
"chr13-0275",0.638097537078499
"chr13-0276",0.946923106923835
"chr13-0277",0.52784497313326
"chr13-0278",0.605124011601689
"chr13-0279",0.699551385150904
"chr13-0280",0.921134619351208
"chr13-0281",0.681060122418162
"chr13-0282",0.248206106976406
"chr13-0283",0.388405053608895
"chr13-0284",0.562314439396597
"chr13-0285",0.573098277085054
"chr13-0286",0.636720942209689
"chr13-0287",0.685592568410693
"chr13-0288",0.609957011059159
"chr13-0289",0.799281359640829
"chr13-0290",0.556656341168079
"chr13-0291",0.682075949183598
"chr13-0292",0.289946812342572
"chr13-0293",0.356864524147038
"chr13-0294",0.467143083504858
"chr13-0295",0.723508401032992
"chr13-0296",0.737523346748279
"chr13-0297",0.690068802578215
"chr13-0298",0.740368289874687
"chr13-0299",0.231490789735826
"chr13-0300",0.442708990506953
"chr13-0301",0.639996249794622
"chr13-0302",0.453410757294296
"chr13-0303",0.681822946692075
"chr13-0304",0.286151829162273
"chr13-0305",0.783044021179056
"chr13-0306",0.351951404925731
"chr13-0307",0.828336550573888
"chr13-0308",0.7617780960023
"chr13-0309",0.69250926106969
"chr13-0310",0.440354053387528
"chr13-0311",0.727139386989725
"chr13-0312",0.339370283843351
"chr13-0313",0.633008165221157
"chr13-0314",0.867329405717356
"chr13-0315",0.760671292842644
"chr13-0316",0.518137470874007
"chr13-0317",0.717392296747507
"chr13-0318",0.914316947150384
"chr13-0319",0.654630747237184
"chr13-0320",0.780918111809203
"chr13-0321",0.665218390142866
"chr13-0322",0.882725847692857
"chr13-0323",0.612259707581611
"chr13-0324",0.679222807745434
"chr13-0325",0.423516319909441
"chr13-0326",0.656401938518929
"chr13-0327",0.695517202206515
"chr13-0328",0.824292718740875
"chr13-0329",0.50806187377676
"chr13-0330",0.767678717729103
"chr13-0331",0.638209461672644
"chr13-0332",0.716274170502047
"chr13-0333",0.821478209021719
"chr13-0334",0.693902669730326
"chr13-0335",0.786464772498335
"chr13-0336",0.755955567145726
"chr13-0337",0.803631504096929
"chr13-0338",0.757287018285752
"chr13-0339",0.794959678318788
"chr13-0340",0.705527012987496
"chr13-0341",0.340466320978297
"chr13-0342",0.452182442204773
"chr13-0343",0.682953103955773
"chr13-0344",0.656787535776865
"chr13-0345",0.585415955534216
"chr13-0346",0.519817953205222
"chr13-0347",0.46701467755064
"chr13-0348",0.794760420985322
"chr13-0349",0.5280035262388
"chr13-0350",0.262661981713273
"chr13-0351",0.539591756696989
"chr13-0352",0.564175896953168
"chr13-0353",0.568901964165327
"chr13-0354",0.668899504384145
"chr13-0355",0.633491635029319
"chr13-0356",0.759075688376336
"chr13-0357",0.526408730031929
"chr13-0358",0.589993868955114
"chr13-0359",0.654854130522491
"chr13-0360",0.524099110334977
"chr13-0361",0.111108028693631
"chr13-0362",0.446103014090713
"chr13-0363",0.601320850983719
"chr13-0364",0.66556487244863
"chr13-0365",0.357870285504682
"chr13-0366",0.43715543513712
"chr13-0367",0.441012997379273
"chr13-0368",0.210779530887395
"chr13-0369",0.605056900062068
"chr13-0370",0.523377576761372
"chr13-0371",0.58208665051467
"chr13-0372",0.59195876633066
"chr13-0373",0.323633482421839
"chr13-0374",0.272691098154241
"chr13-0375",0.72477844727148
"chr13-0376",0.626847543165982
"chr13-0377",0.367839458482916
"chr13-0378",0.384534116164282
"chr13-0379",0.575042533228879
"chr13-0380",0.416004068266453
"chr13-0381",0.702177714205512
"chr13-0382",0.526209328604748
"chr13-0383",0.241604679690013
"chr13-0384",0.269711711987824
"chr13-0385",0.169674458334049
"chr13-0386",0.647017500979026
"chr13-0387",0.677449327288757
"chr13-0388",0.585818987319046
"chr13-0389",0.450076901555408
"chr13-0390",0.438032510183464
"chr13-0391",0.515415541527531
"chr13-0392",0.69165297317671
"chr13-0393",0.561988605076602
"chr13-0394",0.848840613183535
"chr13-0395",0.559821665017225
"chr13-0396",0.802646581115824
"chr13-0397",0.676702584432017
"chr13-0398",0.387903135020143
"chr13-0399",0.75276705002978
"chr13-0400",0.654790761363087
"chr13-0401",0.138480857770591
"chr13-0402",0.529329801852091
"chr13-0403",0.573156731902523
"chr13-0404",0.732184663559667
"chr13-0405",0.692779935776782
"chr13-0406",0.749572497742323
"chr13-0407",0.695662637361984
"chr13-0408",0.564247877029626
"chr13-0409",0.643526713286026
"chr13-0410",0.499381198962536
"chr13-0411",0.509154140338066
"chr13-0412",0.445668067275054
"chr13-0413",0.704224618646377
"chr13-0414",0.825958480072288
"chr13-0415",0.71728194407053
"chr13-0416",0.769581399648502
"chr13-0417",0.395095428130526
"chr13-0418",0.225384814188947
"chr13-0419",0.625270693367709
"chr13-0420",0.675754340202337
"chr13-0421",0.716578640010798
"chr13-0422",0.50702847060395
"chr13-0423",0.721983697418487
"chr13-0424",0.647152168707605
"chr13-0425",0.667203493557494
"chr13-0426",0.442855378757067
"chr13-0427",0.659112655682447
"chr13-0428",0.436647869528921
"chr13-0429",0.484989519611989
"chr13-0430",0.302116001528355
"chr13-0431",0.639488188087811
"chr13-0432",0.4552440447853
"chr13-0433",0.352340107967551
"chr13-0434",0.269877462489194
"chr13-0435",0.301790301229927
"chr13-0436",0.103910512790118
"chr13-0437",0.334971448355352
"chr13-0438",0.392712164293511
"chr13-0439",0.346504566918866
"chr13-0440",0.322395809172885
"chr13-0441",0.44104138862719
"chr13-0442",0.521586515656806
"chr13-0443",0.602997638241755
"chr13-0444",0.212939022767435
"chr13-0445",0.321287778966774
"chr13-0446",0.322308721598765
"chr13-0447",0.417946846994402
"chr13-0448",0.399957477363351
"chr13-0449",0.169766602307095
"chr13-0450",0.327483308451449
"chr13-0451",0.405827083581297
"chr13-0452",0.300751241447836
"chr13-0453",0.39240475399811
"chr13-0454",0.321512549309187
"chr13-0455",0.289202490853369
"chr13-0456",0.403581333786911
"chr13-0457",0.180760429551289
"chr13-0458",0.623187371104452
"chr13-0459",0.360920368892164
"chr13-0460",0.367444611686295
"chr13-0461",0.291496593341808
"chr13-0462",0.329913800208637
"chr13-0463",0.282373783109343
"chr13-0464",0.176612050490019
"chr13-0465",0.226339385950023
"chr13-0466",0.237172476540899
"chr13-0467",0.470859052161161
"chr13-0468",0.236520092631551
"chr13-0469",0.202876333849244
"chr13-0470",0.3276449765557
"chr13-0471",0.400894602678867
"chr13-0472",0.195672120945556
"chr13-0473",0.171028411631734
"chr13-0474",0.184889528529111
"chr13-0475",0.236615134083762
"chr13-0476",0.27201168618169
"chr13-0477",0.330752755640051
"chr13-0478",0.422501396138582
"chr13-0479",0.182149956217325
"chr14-0001",0.0589348146280541
"chr14-0002",-0.00378575335755524
"chr14-0003",0.203045106193647
"chr14-0004",0.329619298294547
"chr14-0005",0.185684197466063
"chr14-0006",0.23772409167353
"chr14-0007",0.189344904700516
"chr14-0008",0.0338916652708274
"chr14-0009",0.331107235663083
"chr14-0010",0.238390322674092
"chr14-0011",0.0937303518208239
"chr14-0012",0.18032288801854
"chr14-0013",0.214299610590728
"chr14-0014",0.453251472164502
"chr14-0015",0.142335843279757
"chr14-0016",0.163091067693143
"chr14-0017",0.222412341436455
"chr14-0018",0.321884964581406
"chr14-0019",0.266315363190399
"chr14-0020",0.198616670261314
"chr14-0021",0.321118720184367
"chr14-0022",0.0634251843022908
"chr14-0023",0.160400306180002
"chr14-0024",0.435406479672167
"chr14-0025",0.437568195140585
"chr14-0026",0.426031062181156
"chr14-0027",0.571339149126543
"chr14-0028",0.464712342215277
"chr14-0029",0.380603915874897
"chr14-0030",0.464017777606856
"chr14-0031",0.253523121039506
"chr14-0032",0.437769324754955
"chr14-0033",0.379858948927673
"chr14-0034",0.147196359082208
"chr14-0035",0.290867280259736
"chr14-0036",0.0353328136705397
"chr14-0037",0.0953153331338649
"chr14-0038",0.123376442439912
"chr14-0039",0.151791286330116
"chr14-0040",0.225027826273321
"chr14-0041",0.345568980788343
"chr14-0042",0.126590579507774
"chr14-0043",0.0777088390790723
"chr14-0044",0.104250072069689
"chr14-0045",0.14303503348647
"chr14-0046",0.0924097050620891
"chr14-0047",0.15055275355649
"chr14-0048",0.129455577500155
"chr14-0049",0.0468325395815788
"chr14-0050",-0.0421856297551338
"chr14-0051",0.0307036808896804
"chr14-0052",-0.00176933997088967
"chr14-0053",0.00795653867717343
"chr14-0054",0.128199176994182
"chr14-0055",0.414716071751295
"chr14-0056",0.392410708641298
"chr14-0057",0.473644900208986
"chr14-0058",0.425569503753359
"chr14-0059",0.334754883354854
"chr14-0060",0.550018429775349
"chr14-0061",0.316708605379248
"chr14-0062",0.383685869741824
"chr14-0063",0.474579853191919
"chr14-0064",0.399579906696625
"chr14-0065",0.385733507486541
"chr14-0066",0.54328254559329
"chr14-0067",0.454798047553207
"chr14-0068",0.344998179987902
"chr14-0069",0.427181756767041
"chr14-0070",0.0373365794995325
"chr14-0071",0.302507738683154
"chr14-0072",0.169942186296253
"chr14-0073",0.106250002691974
"chr14-0074",0.26195851558135
"chr14-0075",0.127588593973407
"chr14-0076",0.124481235439154
"chr14-0077",0.0613742156979478
"chr14-0078",0.307183174294355
"chr14-0079",0.280828396702277
"chr14-0080",0.3649328848323
"chr14-0081",0.325070971071445
"chr14-0082",0.147546566986329
"chr14-0083",0.41695181521221
"chr14-0084",0.459648227437601
"chr14-0085",0.598811639266394
"chr14-0086",0.141621246961162
"chr14-0087",0.470783100900598
"chr14-0088",0.312894590328562
"chr14-0089",0.149351895660263
"chr14-0090",0.391263712096244
"chr14-0091",0.155843687618771
"chr14-0092",0.47244911605927
"chr14-0093",0.0219935904324565
"chr14-0094",0.227779538546433
"chr14-0095",0.226625470846199
"chr14-0096",0.18431423188448
"chr14-0097",0.3701508863053
"chr14-0098",0.202377843529035
"chr14-0099",0.0666792583532587
"chr14-0100",0.0202081002817518
"chr14-0101",0.304085433367588
"chr14-0102",0.205484597196307
"chr14-0103",0.172095996463919
"chr14-0104",-0.0155603132733103
"chr14-0105",-0.0250212126908706
"chr14-0106",-0.117079859212228
"chr14-0107",0.272108408750003
"chr14-0108",0.161115877405921
"chr14-0109",0.244696923207597
"chr14-0110",-0.197133661529183
"chr14-0111",-0.278462572401754
"chr14-0112",-0.127693443006621
"chr14-0113",0.140957115918416
"chr14-0114",-0.160781097000646
"chr14-0115",0.0396131089003429
"chr14-0116",-0.427914699474373
"chr14-0117",-0.221410611201623
"chr14-0118",-0.389913460965476
"chr14-0119",-0.0302932247290508
"chr14-0120",-0.0836007242001001
"chr14-0121",-0.00797453895147603
"chr14-0122",-0.141081012508018
"chr14-0123",0.0182816053851151
"chr14-0124",0.171704911268179
"chr14-0125",-0.23441791478273
"chr14-0126",0.22975003027988
"chr14-0127",0.169004498193054
"chr14-0128",0.000263647994705877
"chr14-0129",-0.0971975006182409
"chr14-0130",-0.138512249758009
"chr14-0131",0.058756102729799
"chr14-0132",0.104660062934396
"chr14-0133",0.151805486022912
"chr14-0134",0.374826201221258
"chr14-0135",-0.129370375594538
"chr14-0136",0.109793582060408
"chr14-0137",-0.257858998437538
"chr14-0138",-0.102728911828764
"chr14-0139",-0.235937480273248
"chr14-0140",-0.076153071684272
"chr14-0141",-0.0804350294668013
"chr14-0142",0.12809854566474
"chr14-0143",0.0101971861976606
"chr14-0144",-0.0960756425141311
"chr14-0145",-0.138460795578234
"chr14-0146",-0.0284286382485733
"chr14-0147",0.139961194674584
"chr14-0148",-0.112544247235233
"chr14-0149",0.0702760861335176
"chr14-0150",-0.0533118476491538
"chr14-0151",0.0611545952654575
"chr14-0152",-0.0536811876125931
"chr14-0153",0.116317072887535
"chr14-0154",-0.023323476942853
"chr14-0155",-0.0224513155675632
"chr14-0156",0.23499829879185
"chr14-0157",0.14821119315062
"chr14-0158",0.297776933194079
"chr14-0159",0.296152408893547
"chr14-0160",0.162431083454493
"chr14-0161",0.167640981710491
"chr14-0162",0.0820122448204451
"chr14-0163",0.0434280987931219
"chr14-0164",0.227369871717821
"chr14-0165",-0.0160194575866134
"chr14-0166",-0.192914471788432
"chr14-0167",0.0516656796927199
"chr14-0168",-0.0705976526236628
"chr14-0169",0.0995015529748909
"chr14-0170",-0.111984328887489
"chr14-0171",-0.195063939516536
"chr14-0172",0.151317265299228
"chr14-0173",-0.0364431897076277
"chr14-0174",-0.126810270455761
"chr14-0175",0.0406154725164394
"chr14-0176",0.127269736100842
"chr14-0177",0.218937960502525
"chr14-0178",-0.0572698835759292
"chr14-0179",0.1071359643229
"chr14-0180",-0.0639050575108543
"chr14-0181",0.0188961103007817
"chr14-0182",-0.120062003668625
"chr14-0183",-0.0576347065209439
"chr14-0184",0.214244307831787
"chr14-0185",0.0719781626461369
"chr14-0186",0.300532527587292
"chr14-0187",-0.24005323010338
"chr14-0188",-0.0103392465312014
"chr14-0189",0.0181013526208039
"chr14-0190",-0.203270878722709
"chr14-0191",0.0119157435412859
"chr14-0192",0.222517458995044
"chr14-0193",0.030994121179185
"chr14-0194",0.0415916428562817
"chr14-0195",0.0821657581821424
"chr14-0196",0.1676409959753
"chr14-0197",0.0964504017391439
"chr14-0198",-0.026985729181072
"chr14-0199",0.188813127865116
"chr14-0200",-0.0563797853683238
"chr14-0201",0.136573326244614
"chr14-0202",0.274135065643164
"chr14-0203",0.155373131733701
"chr14-0204",0.0121164041774873
"chr14-0205",0.114211718583559
"chr14-0206",0.240185506970898
"chr14-0207",-0.225436069754422
"chr14-0208",-0.194145304673485
"chr14-0209",-0.273733163817345
"chr14-0210",-0.376801125056521
"chr14-0211",-0.765734650261963
"chr14-0212",-0.416389662278904
"chr14-0213",-0.54282670874047
"chr14-0214",-0.387370187761153
"chr14-0215",-0.431394246100526
"chr14-0216",-0.490686136707734
"chr14-0217",-0.193006038652652
"chr14-0218",-0.232123467400811
"chr14-0219",-0.0840917567235816
"chr14-0220",-0.350232510693547
"chr14-0221",-0.0709247069742421
"chr14-0222",-0.177834927896111
"chr14-0223",-0.643348013236436
"chr14-0224",-0.418756892112322
"chr14-0225",-0.300205199033747
"chr14-0226",-0.588240877624335
"chr14-0227",-0.391812142016732
"chr14-0228",-0.252069811038475
"chr14-0229",-0.395842155819478
"chr14-0230",-0.277053034157144
"chr14-0231",-0.365176888687356
"chr14-0232",-0.285730620965104
"chr14-0233",-0.408791130075455
"chr14-0234",-0.433354478127469
"chr14-0235",-0.632509828039306
"chr14-0236",-0.0831283625681552
"chr14-0237",-0.232377619947292
"chr14-0238",-0.169470394567068
"chr14-0239",-0.292428490464627
"chr14-0240",-0.215167619817239
"chr14-0241",-0.375369269778936
"chr14-0242",-0.328263569469462
"chr14-0243",-0.128504796420481
"chr14-0244",-0.16767591469702
"chr14-0245",-0.220557771707302
"chr14-0246",-0.247971348090669
"chr14-0247",-0.360452622479579
"chr14-0248",-0.281648440036392
"chr14-0249",-0.210225749992906
"chr14-0250",-0.262804657292892
"chr14-0251",-0.281935626699646
"chr14-0252",-0.129643920705047
"chr14-0253",-0.221774332073059
"chr14-0254",-0.253279447499798
"chr14-0255",-0.467127121280339
"chr14-0256",-0.36278189580369
"chr14-0257",-0.411930606763893
"chr14-0258",-0.226622805526773
"chr14-0259",-0.0915821149980043
"chr14-0260",-0.322073656037436
"chr14-0261",-0.221599615841881
"chr14-0262",-0.232082940360486
"chr14-0263",-0.326477470089116
"chr14-0264",-0.408936133943259
"chr14-0265",-0.303019950190457
"chr14-0266",-0.584469424990891
"chr14-0267",-0.215098172756521
"chr14-0268",-0.41264235347349
"chr14-0269",-0.443591878639125
"chr14-0270",-0.418238588991473
"chr14-0271",-0.41854888121165
"chr14-0272",-0.317638015151085
"chr14-0273",-0.230471170489188
"chr14-0274",-0.319197174708626
"chr14-0275",-0.313893562674545
"chr14-0276",-0.25812818608698
"chr14-0277",-0.127037547126712
"chr14-0278",-0.237293470430441
"chr14-0279",-0.23806093249242
"chr14-0280",-0.351394165917662
"chr14-0281",-0.361304264879129
"chr14-0282",-0.115026660278121
"chr14-0283",-0.43725318266205
"chr14-0284",-0.557792348674965
"chr14-0285",-0.476837513058104
"chr14-0286",-0.531187909546097
"chr14-0287",-0.503712091644852
"chr14-0288",-0.276303493926428
"chr14-0289",-0.25768627492706
"chr14-0290",-0.0831400789415015
"chr14-0291",0.0128145973960339
"chr14-0292",-0.0984080643935232
"chr14-0293",-0.154928560694934
"chr14-0294",-0.10287402131147
"chr14-0295",-0.121670652715182
"chr14-0296",-0.120702093646966
"chr14-0297",-0.341093114387327
"chr14-0298",-0.198081482545579
"chr14-0299",-0.140646808896867
"chr14-0300",-0.40864810983443
"chr14-0301",-0.295740874599277
"chr14-0302",-0.343277300156191
"chr14-0303",-0.340891248825211
"chr14-0304",-0.257886188493379
"chr14-0305",-0.220809671067186
"chr14-0306",-0.460751348501922
"chr14-0307",-0.292389763668593
"chr14-0308",-0.455229766089887
"chr14-0309",-0.611047392097686
"chr14-0310",-0.463867477222682
"chr14-0311",-0.352624491232856
"chr14-0312",-0.449361266454785
"chr14-0313",-0.519167946977067
"chr14-0314",-0.31542267160074
"chr14-0315",-0.272282707903883
"chr14-0316",-0.273989676212916
"chr14-0317",-0.35583566156951
"chr14-0318",-0.321042703347524
"chr14-0319",-0.286501345362935
"chr14-0320",-0.348830705786459
"chr14-0321",-0.398526629740217
"chr14-0322",-0.233636285194466
"chr14-0323",-0.32864194087214
"chr14-0324",-0.34230124139025
"chr14-0325",-0.463283517676165
"chr14-0326",-0.181951728579862
"chr14-0327",-0.476942333142647
"chr14-0328",-0.416818879375697
"chr14-0329",-0.435286870347103
"chr14-0330",-0.174756419877205
"chr14-0331",-0.143927258067599
"chr14-0332",-0.234134737080367
"chr14-0333",-0.328249451070754
"chr14-0334",-0.321239817300438
"chr14-0335",-0.431683118861127
"chr14-0336",-0.328360250394655
"chr14-0337",-0.207168195451439
"chr14-0338",-0.313680489806644
"chr14-0339",-0.426602083048593
"chr14-0340",-0.366678397827873
"chr14-0341",-0.364079451450396
"chr14-0342",-0.148278937935878
"chr14-0343",-0.361912977264486
"chr14-0344",-0.593643787274751
"chr14-0345",-0.287247056190572
"chr14-0346",-0.498696572099191
"chr14-0347",-0.367287982632832
"chr14-0348",-0.698256958677852
"chr14-0349",-0.37582413772373
"chr14-0350",-0.430791705435512
"chr14-0351",-0.353626587866275
"chr14-0352",-0.34606388038287
"chr14-0353",-0.578692339962397
"chr14-0354",-0.293056191192762
"chr14-0355",-0.633158654876314
"chr14-0356",-0.587024565070744
"chr14-0357",-0.50787650366823
"chr14-0358",-0.456379884555996
"chr14-0359",-0.380375618089268
"chr14-0360",-0.335029459574672
"chr14-0361",-0.195988134168782
"chr14-0362",-0.260888294804982
"chr14-0363",-0.140964388861057
"chr14-0364",-0.570653083777941
"chr14-0365",-0.588350348948129
"chr14-0366",-0.418639755290073
"chr14-0367",-0.408284198738163
"chr14-0368",-0.343292003068513
"chr14-0369",-0.407412392392771
"chr14-0370",-0.448345077225579
"chr14-0371",-0.484566297733724
"chr14-0372",-0.349591562137927
"chr14-0373",-0.442108132347022
"chr14-0374",-0.350554511076734
"chr14-0375",-0.0176951270263529
"chr14-0376",-0.271909770848043
"chr14-0377",-0.191042055026808
"chr14-0378",-0.22443928434926
"chr14-0379",-0.369548834837099
"chr14-0380",-0.3947952564265
"chr14-0381",-0.289510009008473
"chr14-0382",-0.491053196734584
"chr14-0383",-0.584043064344652
"chr14-0384",-0.357859228217691
"chr14-0385",-0.546491053777955
"chr14-0386",-0.377171425806684
"chr14-0387",-0.300310139545391
"chr14-0388",-0.560283014437962
"chr14-0389",-0.428684518491991
"chr14-0390",-0.606706179143711
"chr14-0391",-0.525733524722561
"chr14-0392",-0.52095876291164
"chr14-0393",-0.429118293256123
"chr14-0394",-0.407428223691413
"chr14-0395",-0.591957828114147
"chr14-0396",-0.357133661318852
"chr14-0397",-0.59748618114109
"chr14-0398",-0.43102959942952
"chr14-0399",-0.489264131288673
"chr14-0400",-0.362164238958076
"chr14-0401",-0.296545364028517
"chr14-0402",-0.485098203021451
"chr14-0403",-0.266847997081173
"chr14-0404",-0.10780241784304
"chr14-0405",-0.106672656608384
"chr14-0406",-0.446786069458458
"chr14-0407",-0.0216031441299638
"chr14-0408",-0.157272281818332
"chr14-0409",0.0380887266369114
"chr14-0410",-0.160655544133933
"chr14-0411",-0.411132387993585
"chr14-0412",-0.307723859211869
"chr14-0413",-0.213960834631986
"chr14-0414",-0.238022763452449
"chr14-0415",0.0257742418504487
"chr14-0416",-0.21154751837275
"chr14-0417",-0.148797334866382
"chr14-0418",-0.142663977247798
"chr14-0419",-0.0892708582739516
"chr14-0420",-0.535312931132487
"chr14-0421",-0.0101926257663779
"chr14-0422",-0.0922196751970807
"chr14-0423",-0.190252006209354
"chr14-0424",-0.200946091390957
"chr14-0425",-0.152867166831943
"chr14-0426",-0.193045421944544
"chr14-0427",-0.546323724543225
"chr14-0428",-0.674749807294119
"chr14-0429",-0.0465229634004798
"chr14-0430",-0.685699511204487
"chr14-0431",-0.269342384382889
"chr14-0432",-0.265283511367948
"chr14-0433",-0.276211524685466
"chr14-0434",-0.188623813838395
"chr14-0435",-0.255320671999155
"chr14-0436",-0.113624774513684
"chr14-0437",-0.349615727155904
"chr14-0438",-0.252619357396831
"chr14-0439",-0.180527639394905
"chr14-0440",-0.278850975749836
"chr14-0441",-0.309835895146667
"chr14-0442",-0.395253936332362
"chr14-0443",-0.476021811235711
"chr14-0444",-0.38102244717264
"chr14-0445",-0.525709376004153
"chr14-0446",-0.316088473018121
"chr14-0447",-0.474205754910549
"chr14-0448",-0.401217728484995
"chr14-0449",-0.253265947377429
"chr14-0450",-0.230353339694142
"chr14-0451",-0.40701685762144
"chr14-0452",-0.317103533112668
"chr14-0453",-0.585896896445113
"chr14-0454",-0.243474206533275
"chr14-0455",-0.428960576185035
"chr14-0456",-0.37795346823157
"chr14-0457",-0.403654537875165
"chr14-0458",-0.754091638364881
"chr14-0459",-0.695938263890937
"chr14-0460",-0.164935312598767
"chr14-0461",-0.350215890061964
"chr14-0462",-0.32580241548366
"chr14-0463",-0.161928787945493
"chr14-0464",-0.607703696080203
"chr14-0465",-0.403912365272158
"chr14-0466",-0.494764718296922
"chr14-0467",-0.488557117290291
"chr14-0468",-0.516823691343677
"chr14-0469",-0.364938866052274
"chr14-0470",-0.431784926672497
"chr14-0471",-0.357864322497026
"chr14-0472",-0.462917161118914
"chr14-0473",-0.450100301669269
"chr14-0474",-0.521720597363424
"chr14-0475",-0.405464051925646
"chr14-0476",-0.580896918489827
"chr14-0477",-0.559855345979493
"chr14-0478",-0.28174830285158
"chr14-0479",-0.436150994645242
"chr14-0480",-0.272181905486046
"chr14-0481",-0.237584301107167
"chr14-0482",-0.506056843666268
"chr14-0483",-0.421710512910676
"chr14-0484",-0.457997896832531
"chr14-0485",-0.3543291454499
"chr14-0486",-0.444225873742722
"chr14-0487",-0.292239626731963
"chr14-0488",-0.369561991855786
"chr14-0489",-0.231186753663509
"chr14-0490",-0.339820312070052
"chr14-0491",-0.345218857863121
"chr14-0492",-0.47432174228935
"chr14-0493",-0.394778128993277
"chr14-0494",-0.355025605984599
"chr14-0495",-0.222407979715645
"chr14-0496",-0.218196338189311
"chr14-0497",-0.235583771001912
"chr14-0498",-0.288216265646029
"chr14-0499",-0.331035746355745
"chr14-0500",-0.358513496722973
"chr14-0501",-0.615935687306196
"chr14-0502",-0.364587202511791
"chr14-0503",-0.426968531880213
"chr14-0504",-0.460686856773345
"chr14-0505",-0.431687001324876
"chr14-0506",-0.471090728446208
"chr14-0507",-0.314662102628676
"chr14-0508",-0.455341052656204
"chr14-0509",-0.275643301995209
"chr14-0510",-0.386563841698689
"chr14-0511",-0.553500479289061
"chr14-0512",-0.356979121397632
"chr14-0513",-0.384710019116441
"chr14-0514",-0.485691443156332
"chr14-0515",-0.524741309320101
"chr14-0516",-0.256284514048265
"chr14-0517",-0.270380934688298
"chr14-0518",-0.193972932971838
"chr14-0519",-0.240750430923207
"chr14-0520",-0.434347397046175
"chr14-0521",-0.282660085238464
"chr14-0522",-0.295533237301489
"chr14-0523",-0.398453648472858
"chr14-0524",-0.433600857166497
"chr14-0525",-0.427785653138718
"chr14-0526",-0.559419561087699
"chr14-0527",-0.396491306029283
"chr14-0528",-0.270306277093652
"chr14-0529",-0.460227338859042
"chr14-0530",-0.558466229192292
"chr14-0531",-0.223550537162722
"chr14-0532",-0.503072803964512
"chr14-0533",-0.419374723362013
"chr14-0534",-0.524367613740976
"chr14-0535",-0.497629285722134
"chr14-0536",-0.382363023876532
"chr14-0537",-0.476065924308973
"chr14-0538",-0.0896992362343938
"chr14-0539",-0.277666886678043
"chr14-0540",-0.54845638036144
"chr14-0541",-0.550151612831704
"chr14-0542",-0.507592791527434
"chr14-0543",-0.417025098307313
"chr14-0544",-0.334117438159508
"chr14-0545",-0.641599413402448
"chr14-0546",-0.510349738308582
"chr14-0547",-0.464154912456917
"chr14-0548",-0.597049782191487
"chr14-0549",-0.398931843411819
"chr14-0550",-0.353471878365548
"chr14-0551",-0.349813016595445
"chr14-0552",-0.39330083960433
"chr14-0553",-0.37761720350902
"chr14-0554",-0.448601088794828
"chr14-0555",-0.407581525226392
"chr14-0556",-0.306018212074336
"chr14-0557",-0.527834712307987
"chr14-0558",-0.670523971114769
"chr14-0559",-0.462714207304537
"chr14-0560",-0.539092683382461
"chr14-0561",-0.176872388767509
"chr14-0562",-0.379939069675761
"chr14-0563",-0.570223255198502
"chr14-0564",-0.365697226679307
"chr14-0565",-0.620274083692921
"chr14-0566",-0.35588115988995
"chr14-0567",-0.323972312865868
"chr14-0568",-0.466830701417545
"chr14-0569",-0.536081224242781
"chr14-0570",-0.667089480102497
"chr14-0571",-0.427815433511458
"chr14-0572",-0.364046464325709
"chr14-0573",-0.254701727632127
"chr14-0574",-0.536996022106745
"chr14-0575",-0.291635062339534
"chr14-0576",-0.837490291061045
"chr14-0577",-0.496264760324471
"chr14-0578",-0.496107583457131
"chr14-0579",-0.403493773540689
"chr14-0580",-0.343160933746441
"chr14-0581",-0.693240603116366
"chr14-0582",-0.614884619794099
"chr14-0583",-0.539321449197258
"chr14-0584",-0.404090869219691
"chr14-0585",-0.620849690404963
"chr14-0586",-0.503432743857137
"chr14-0587",-0.734940506137226
"chr14-0588",-0.869193108071275
"chr14-0589",-0.70453149294449
"chr14-0590",-0.734763040288562
"chr14-0591",-0.615712012910127
"chr14-0592",-0.571901771778155
"chr14-0593",-0.616484283237717
"chr14-0594",-0.731044600635768
"chr14-0595",-0.623860228071623
"chr14-0596",-0.581599875030212
"chr14-0597",-0.643012824217274
"chr14-0598",-0.569733567189232
"chr14-0599",-0.589704338093931
"chr14-0600",-0.685291582032028
"chr14-0601",-0.686577130759642
"chr14-0602",-0.72431841429535
"chr14-0603",-0.581315043137415
"chr14-0604",-0.642160340767806
"chr14-0605",-0.671821545094786
"chr14-0606",-0.662614110132903
"chr14-0607",-0.473428873665216
"chr14-0608",-0.39419764858175
"chr14-0609",-0.496717213415393
"chr14-0610",-0.377090357340072
"chr14-0611",-0.589860162332893
"chr14-0612",-0.487319817208936
"chr14-0613",-0.248957955266827
"chr14-0614",-0.22820117726364
"chr14-0615",-0.434796040244216
"chr14-0616",-0.266481709006966
"chr14-0617",-0.198675601887681
"chr14-0618",-0.439974342284355
"chr14-0619",-0.211964891310881
"chr14-0620",-0.134520233499133
"chr14-0621",-0.478900808324634
"chr14-0622",-0.55121106169735
"chr15-0001",-0.0432547056890044
"chr15-0002",0.013608584376284
"chr15-0003",-0.0731775876925964
"chr15-0004",0.0189821348767479
"chr15-0005",-0.0643337369933481
"chr15-0006",-0.208423317053016
"chr15-0007",0.051535569514026
"chr15-0008",-0.0540384642255961
"chr15-0009",-0.268060328473333
"chr15-0010",-0.283226209248135
"chr15-0011",-0.185972659639832
"chr15-0012",-0.219335699624684
"chr15-0013",-0.25003174683285
"chr15-0014",-0.180245454837419
"chr15-0015",-0.233351909375209
"chr15-0016",-0.244638892703191
"chr15-0017",-0.143581323317179
"chr15-0018",-0.243661075946114
"chr15-0019",-0.23075983169996
"chr15-0020",-0.0768416862306801
"chr15-0021",-0.296119581501001
"chr15-0022",-0.155550387575044
"chr15-0023",-0.253457705613788
"chr15-0024",-0.271551373475726
"chr15-0025",-0.64632668593956
"chr15-0026",-0.422447703672988
"chr15-0027",-0.135748908359877
"chr15-0028",-0.296117908476399
"chr15-0029",-0.165415234520189
"chr15-0030",-0.295511764370826
"chr15-0031",-0.0642497419202625
"chr15-0032",-0.158914562901386
"chr15-0033",-0.157292980494879
"chr15-0034",-0.207888436220315
"chr15-0035",-0.390082368372301
"chr15-0036",-0.36964749281125
"chr15-0037",-0.38154031022791
"chr15-0038",-0.11425497380881
"chr15-0039",-0.0848804802686947
"chr15-0040",-0.22111150507016
"chr15-0041",-0.040272983539704
"chr15-0042",-0.259103796952025
"chr15-0043",-0.422964645654121
"chr15-0044",0.0101964748836024
"chr15-0045",0.0111077119424884
"chr15-0046",0.0101353915116631
"chr15-0047",0.0932853723601028
"chr15-0048",-0.133193780958109
"chr15-0049",-0.0518115187724228
"chr15-0050",-0.35848187647884
"chr15-0051",-0.348781134727221
"chr15-0052",-0.135726221157219
"chr15-0053",-0.335131620893493
"chr15-0054",-0.230646367112488
"chr15-0055",-0.0384268931573053
"chr15-0056",0.0300802208958277
"chr15-0057",0.0816815425109459
"chr15-0058",-0.00398018547474254
"chr15-0059",-0.134305686365983
"chr15-0060",0.00408091572626629
"chr15-0061",-0.151022059444468
"chr15-0062",-0.198845102926076
"chr15-0063",-0.313925004883597
"chr15-0064",-0.337054035374374
"chr15-0065",-0.407374013531816
"chr15-0066",-0.141623561174902
"chr15-0067",-0.455608721908442
"chr15-0068",0.00993312937692811
"chr15-0069",0.0619600483497285
"chr15-0070",0.0843784698815486
"chr15-0071",0.0631918277158415
"chr15-0072",0.126687091258419
"chr15-0073",0.0280642032544465
"chr15-0074",0.0633948606592532
"chr15-0075",0.0185511963621991
"chr15-0076",-0.0579981849290586
"chr15-0077",0.0125703316162992
"chr15-0078",0.0318776911756103
"chr15-0079",0.0801742754621541
"chr15-0080",-0.270178735120176
"chr15-0081",-0.225928141446183
"chr15-0082",-0.282711305485893
"chr15-0083",-0.0480340710120491
"chr15-0084",-0.254070293171251
"chr15-0085",-0.130516118454565
"chr15-0086",-0.0353845824574593
"chr15-0087",-0.207692013544354
"chr15-0088",-0.101749500705791
"chr15-0089",0.111428641007412
"chr15-0090",0.126532780276457
"chr15-0091",0.23688641356418
"chr15-0092",0.0841994228988584
"chr15-0093",0.165047522798494
"chr15-0094",0.0895608205124053
"chr15-0095",0.190901137866016
"chr15-0096",-0.0592132421689526
"chr15-0097",0.0816021995078628
"chr15-0098",0.0526920548448271
"chr15-0099",0.118458748472042
"chr15-0100",0.148131274164049
"chr15-0101",0.053370408566399
"chr15-0102",0.0468817344476761
"chr15-0103",0.00585293627953791
"chr15-0104",-0.131124853033502
"chr15-0105",-0.0930228061287299
"chr15-0106",0.192720987702023
"chr15-0107",-0.24660207168495
"chr15-0108",-0.105497354058815
"chr15-0109",0.00534218739518233
"chr15-0110",0.152353439867583
"chr15-0111",-0.0166342576532384
"chr15-0112",0.19891279186577
"chr15-0113",0.112700748675441
"chr15-0114",0.062966480937388
"chr15-0115",0.085937076309104
"chr15-0116",-0.0732011696122723
"chr15-0117",0.122838683161054
"chr15-0118",0.0539649278560589
"chr15-0119",0.0378843273097394
"chr15-0120",-0.240706754158205
"chr15-0121",-0.13932816270446
"chr15-0122",-0.198230932646012
"chr15-0123",-0.11260313243724
"chr15-0124",-0.426330097103263
"chr15-0125",-0.296625129397083
"chr15-0126",-0.313368506855311
"chr15-0127",-0.315914044808086
"chr15-0128",-0.253659702123666
"chr15-0129",0.0254393678155044
"chr15-0130",-0.561795557077327
"chr15-0131",-0.39451832555132
"chr15-0132",-0.348261576545455
"chr15-0133",-0.404926912419588
"chr15-0134",-0.167735266010549
"chr15-0135",-0.395688019400689
"chr15-0136",-0.331701762791741
"chr15-0137",-0.340159098081813
"chr15-0138",-0.324538891016923
"chr15-0139",-0.16346130840371
"chr15-0140",-0.392797038763243
"chr15-0141",-0.328745181715493
"chr15-0142",-0.246723410348101
"chr15-0143",-0.267533134420313
"chr15-0144",-0.339115431707186
"chr15-0145",-0.354316260354428
"chr15-0146",-0.158831055350485
"chr15-0147",-0.158888735164409
"chr15-0148",-0.181270483558587
"chr15-0149",-0.174293893347892
"chr15-0150",-0.113508001912211
"chr15-0151",0.151076789921177
"chr15-0152",-0.0984783909678315
"chr15-0153",-0.136667176806901
"chr15-0154",-0.172197982379202
"chr15-0155",-0.107403011697675
"chr15-0156",-0.184411444355015
"chr15-0157",-0.0707839944366625
"chr15-0158",-0.185351473174272
"chr15-0159",-0.129379679644693
"chr15-0160",-0.240501428070337
"chr15-0161",-0.00261546339758476
"chr15-0162",-0.10456892665143
"chr15-0163",-0.130361785548991
"chr15-0164",-0.110954016116013
"chr15-0165",-0.208390013058997
"chr15-0166",-0.265578846429284
"chr15-0167",-0.0271307505008031
"chr15-0168",-0.258719972419111
"chr15-0169",-0.181145381588219
"chr15-0170",-0.111223780382559
"chr15-0171",-0.224977585803031
"chr15-0172",-0.0215733017813186
"chr15-0173",-0.314944012028737
"chr15-0174",-0.0900814379127919
"chr15-0175",-0.0310763188359525
"chr15-0176",-0.390376553936725
"chr15-0177",-0.332430185683845
"chr15-0178",-0.227217662319872
"chr15-0179",-0.138217238713322
"chr15-0180",-0.189175844637844
"chr15-0181",-0.157634449379226
"chr15-0182",-0.330928112769358
"chr15-0183",-0.137843104292352
"chr15-0184",-0.0756817731434908
"chr15-0185",0.106368914651717
"chr15-0186",0.107684991342754
"chr15-0187",0.0448808055200349
"chr15-0188",-0.109085580400744
"chr15-0189",0.127988910866909
"chr15-0190",0.137556459679388
"chr15-0191",0.035436534793666
"chr15-0192",-0.172445854832341
"chr15-0193",0.0239432040503584
"chr15-0194",0.180585161855494
"chr15-0195",-0.0671995594775903
"chr15-0196",-0.126432138180192
"chr15-0197",-0.011732014429633
"chr15-0198",-0.140734318613396
"chr15-0199",-0.0559293184272731
"chr15-0200",-0.0161308390903386
"chr15-0201",0.0469547901409883
"chr15-0202",-0.211331892679097
"chr15-0203",0.114625000084958
"chr15-0204",0.133430283814984
"chr15-0205",0.0250776651607219
"chr15-0206",-0.364740812769816
"chr15-0207",-0.0214745046950098
"chr15-0208",-0.179879847668932
"chr15-0209",-0.152136617019046
"chr15-0210",-0.161729931611419
"chr15-0211",-0.178194228946732
"chr15-0212",-0.00279253488221729
"chr15-0213",-0.0110408448511663
"chr15-0214",-0.120813674763051
"chr15-0215",-0.0430587652844755
"chr15-0216",-0.124794183192522
"chr15-0217",-0.08004278441484
"chr15-0218",-0.336364107651064
"chr15-0219",-0.106303070482805
"chr15-0220",-0.281743591300259
"chr15-0221",-0.124263629828566
"chr15-0222",-0.0963662349918533
"chr15-0223",-0.142241579126808
"chr15-0224",-0.0865203750507121
"chr15-0225",-0.0379769414099704
"chr15-0226",-0.177884040930396
"chr15-0227",-0.0994003576040206
"chr15-0228",-0.161523808265194
"chr15-0229",-0.0604731320348247
"chr15-0230",0.0448426038887825
"chr15-0231",0.046155798820352
"chr15-0232",0.0209633804218935
"chr15-0233",0.145323181920952
"chr15-0234",-0.184834655924002
"chr15-0235",0.0428084401256769
"chr15-0236",-0.0483332177205075
"chr15-0237",-0.205514561947041
"chr15-0238",-0.262646437328002
"chr15-0239",-0.0756054222113993
"chr15-0240",-0.0486632688415337
"chr15-0241",-0.133166485088644
"chr15-0242",0.0509313626414948
"chr15-0243",-0.0682251703930155
"chr15-0244",-0.190809710896529
"chr15-0245",-0.00469544346316183
"chr15-0246",-0.223316770227408
"chr15-0247",-0.00400661660641537
"chr15-0248",0.155638863983505
"chr15-0249",0.12794158503312
"chr15-0250",-0.176534842605736
"chr15-0251",-0.149526628537576
"chr15-0252",-0.149200035225803
"chr15-0253",-0.152320105704863
"chr15-0254",-0.0756106406772182
"chr15-0255",0.119644533625808
"chr15-0256",-0.213797517968773
"chr15-0257",0.096631125330287
"chr15-0258",0.0267646117464339
"chr15-0259",0.0563984079561627
"chr15-0260",0.0615329098296987
"chr15-0261",0.00133972349752313
"chr15-0262",0.074407278668058
"chr15-0263",-0.342458317420055
"chr15-0264",0.0232631193708397
"chr15-0265",-0.242852782786711
"chr15-0266",-0.0483777767746407
"chr15-0267",-0.0346844020449675
"chr15-0268",0.0809324159346482
"chr15-0269",0.0654716978549139
"chr15-0270",-0.169997190858527
"chr15-0271",-0.0614026042295096
"chr15-0272",-0.159215120711314
"chr15-0273",0.0205514638908914
"chr15-0274",-0.0879663429170937
"chr15-0275",-0.18343624039994
"chr15-0276",-0.201014622825189
"chr15-0277",0.132251142552351
"chr15-0278",0.0431974078157494
"chr15-0279",-0.203906854787285
"chr15-0280",0.0689643163105748
"chr15-0281",-0.16907075434031
"chr15-0282",0.0759958621697955
"chr15-0283",0.0445786682237663
"chr15-0284",0.0971409746850576
"chr15-0285",-0.0997916241401313
"chr15-0286",0.143819836432633
"chr15-0287",0.00119084751367173
"chr15-0288",-0.0409023448484318
"chr15-0289",-0.363611445414547
"chr15-0290",-0.0117275493177216
"chr15-0291",-0.10260241955195
"chr15-0292",-0.150726381001962
"chr15-0293",0.027141365475488
"chr15-0294",-0.0440909843906016
"chr15-0295",-0.0793573769529036
"chr15-0296",-0.00150908566364622
"chr15-0297",-0.0414159308994994
"chr15-0298",0.0405981828521055
"chr15-0299",-0.0984784265308158
"chr15-0300",-0.0944131702048305
"chr15-0301",0.134495049138553
"chr15-0302",-0.114302027067669
"chr15-0303",0.0350589726245797
"chr15-0304",-0.0597662807875153
"chr15-0305",-0.126268103910935
"chr15-0306",-0.268863287984608
"chr15-0307",0.0973895298464499
"chr15-0308",-0.0728504139603749
"chr15-0309",-0.135146020337221
"chr15-0310",-0.11653837470363
"chr15-0311",-0.166622584044696
"chr15-0312",-0.169244022837978
"chr15-0313",-0.3254904604747
"chr15-0314",-0.168950619446193
"chr15-0315",-0.0387607753958813
"chr15-0316",-0.0932272698771468
"chr15-0317",-0.277767898860781
"chr15-0318",-0.313016030728117
"chr15-0319",-0.312896035534217
"chr15-0320",-0.0900530843412519
"chr15-0321",-0.233083493486446
"chr15-0322",-0.236635218613525
"chr15-0323",-0.225323127276258
"chr15-0324",-0.362815244482229
"chr15-0325",-0.318747594809231
"chr15-0326",-0.219403570689145
"chr15-0327",-0.288409880399562
"chr15-0328",-0.136931890757922
"chr15-0329",-0.0494617249189505
"chr15-0330",-0.152220237772073
"chr15-0331",-0.21935603398709
"chr15-0332",-0.148460124174012
"chr15-0333",-0.197597288785905
"chr15-0334",-0.215825012499352
"chr15-0335",-0.482486399334196
"chr15-0336",-0.221519069266279
"chr15-0337",-0.224562654026129
"chr15-0338",-0.0941934156832384
"chr15-0339",-0.294229677405244
"chr15-0340",-0.294553588523251
"chr15-0341",-0.405073604822774
"chr15-0342",-0.153597648246963
"chr15-0343",-0.128607018948153
"chr15-0344",-0.0972120346827489
"chr15-0345",-0.270191085983383
"chr15-0346",-0.0946578750136296
"chr15-0347",-0.245398834993909
"chr15-0348",-0.18064525339554
"chr15-0349",-0.0816467787732904
"chr15-0350",-0.237487896825814
"chr15-0351",0.0572578193189244
"chr15-0352",-0.239725723664947
"chr15-0353",0.120647001038485
"chr15-0354",-0.210096980646796
"chr15-0355",-0.019863581823049
"chr15-0356",-0.236901132831528
"chr15-0357",-0.176071361378638
"chr15-0358",-0.0768750309173235
"chr15-0359",-0.034924210561748
"chr15-0360",-0.170614072165581
"chr15-0361",-0.225687263264837
"chr15-0362",-0.0822493963408936
"chr15-0363",-0.164144687474525
"chr15-0364",0.0116948091058272
"chr15-0365",-0.0997638144805494
"chr15-0366",0.00059978251979161
"chr15-0367",-0.153308493558697
"chr15-0368",-0.222760262546871
"chr15-0369",-0.134340049059104
"chr15-0370",-0.0264926237966618
"chr15-0371",-0.27881631880695
"chr15-0372",-0.0754220218794564
"chr15-0373",-0.0658843421248779
"chr15-0374",-0.0418089078047723
"chr15-0375",-0.0219022932165285
"chr15-0376",-0.0991028776764228
"chr15-0377",-0.256865926377392
"chr15-0378",-0.183955480011611
"chr15-0379",-0.123882818089625
"chr15-0380",-0.144435929721048
"chr15-0381",-0.00433465952124574
"chr15-0382",-0.143938723982033
"chr15-0383",-0.262471601249691
"chr15-0384",-0.129277386092194
"chr15-0385",-0.0649464557057864
"chr15-0386",0.12513257269193
"chr15-0387",-0.079349743640598
"chr15-0388",-0.11726777203919
"chr15-0389",0.0010092921979019
"chr15-0390",-0.0289557496096262
"chr15-0391",-0.182713366220098
"chr15-0392",0.0837871683630807
"chr15-0393",0.120442227266945
"chr15-0394",-0.060796448492075
"chr15-0395",-0.146000806078828
"chr15-0396",0.0978419715859622
"chr15-0397",-0.142671834998845
"chr15-0398",-0.251571825773068
"chr15-0399",-0.287417365214317
"chr15-0400",-0.222260380321016
"chr15-0401",-0.140164951671765
"chr15-0402",-0.368688930188038
"chr15-0403",-0.189766821279922
"chr15-0404",-0.0953247310782218
"chr15-0405",-0.0948045460789119
"chr15-0406",-0.0894000063869672
"chr15-0407",-0.323396398384496
"chr15-0408",-0.375779281321071
"chr15-0409",-0.120367225560426
"chr15-0410",-0.225534781923402
"chr15-0411",-0.220753732697817
"chr15-0412",-0.422771009680453
"chr15-0413",-0.141207986610939
"chr15-0414",-0.306985287210759
"chr15-0415",-0.29961617375551
"chr15-0416",-0.146579900708925
"chr15-0417",-0.313462330615929
"chr15-0418",-0.295399306027363
"chr15-0419",-0.23570876945475
"chr15-0420",-0.190482760024086
"chr15-0421",-0.37330170691295
"chr15-0422",-0.303332447169692
"chr15-0423",-0.341044268608412
"chr15-0424",-0.23411942243036
"chr15-0425",-0.419658921280733
"chr15-0426",-0.409211143623981
"chr15-0427",-0.401508400456842
"chr15-0428",-0.391232684628243
"chr15-0429",-0.124120084097195
"chr15-0430",-0.140328900236743
"chr15-0431",-0.348056745617578
"chr15-0432",-0.323934967232327
"chr15-0433",-0.40936881767871
"chr15-0434",-0.354162699636041
"chr15-0435",-0.340170071950842
"chr15-0436",-0.362551722499083
"chr15-0437",0.0029135234783674
"chr15-0438",-0.0675730918958295
"chr15-0439",-0.245018465930522
"chr15-0440",-0.374813312599278
"chr15-0441",-0.312260244969456
"chr15-0442",-0.324959248467184
"chr15-0443",-0.00672618676903497
"chr15-0444",-0.178445132078073
"chr15-0445",-0.316352114871341
"chr15-0446",-0.134155945708809
"chr15-0447",0.0399455694929051
"chr15-0448",-0.124243148165599
"chr15-0449",-0.0425570451858656
"chr15-0450",-0.0484366852643903
"chr15-0451",-0.238295372244136
"chr15-0452",-0.443027743196166
"chr15-0453",-0.418090068907213
"chr15-0454",-0.355010253830008
"chr15-0455",-0.366494604595899
"chr15-0456",-0.292243856103216
"chr15-0457",-0.0140271730064494
"chr15-0458",-0.329176430070051
"chr15-0459",-0.222511337876945
"chr15-0460",-0.219280038170504
"chr15-0461",-0.329895550493222
"chr15-0462",-0.239068402023752
"chr15-0463",-0.251329336579673
"chr15-0464",-0.222688949021503
"chr15-0465",-0.29486893574938
"chr15-0466",-0.289030008009889
"chr15-0467",-0.25405670635775
"chr15-0468",-0.140145348171094
"chr15-0469",-0.191700967747988
"chr15-0470",-0.337621672430949
"chr15-0471",-0.131834746872966
"chr15-0472",-0.193279955508326
"chr15-0473",-0.0583501485689556
"chr15-0474",-0.304038606510384
"chr15-0475",0.0569460702708295
"chr15-0476",-0.247903340120331
"chr15-0477",-0.0654330788518359
"chr15-0478",-0.126095775270727
"chr15-0479",-0.108842011492958
"chr15-0480",0.0283564543004566
"chr15-0481",-0.148418977641131
"chr15-0482",-0.228011920956141
"chr15-0483",-0.0800274564378836
"chr15-0484",-0.229876502848592
"chr15-0485",-0.165754471460347
"chr15-0486",-0.072628394259896
"chr15-0487",-0.200834765360499
"chr15-0488",-0.111886894160634
"chr15-0489",-0.127816463125723
"chr15-0490",-0.143619572406226
"chr15-0491",-0.0151548354281912
"chr15-0492",0.0862968743017642
"chr15-0493",-0.0412096393778762
"chr15-0494",-0.336988667610449
"chr15-0495",0.137548500689979
"chr15-0496",-0.00787206017199525
"chr15-0497",-0.180491701420714
"chr15-0498",-0.301500746084294
"chr15-0499",-0.287478594777745
"chr15-0500",-0.269039581423324
"chr15-0501",-0.195109584043189
"chr15-0502",-0.273077099461664
"chr15-0503",-0.193977506323318
"chr15-0504",-0.367761619650216
"chr15-0505",0.0190949171394671
"chr15-0506",-0.253261580962108
"chr15-0507",-0.177779323826559
"chr15-0508",0.0348803469278665
"chr15-0509",-0.102247563968561
"chr15-0510",0.11437552344237
"chr15-0511",-0.0806884570775295
"chr15-0512",-0.27060403913997
"chr15-0513",-0.287978650269423
"chr15-0514",-0.222759505208573
"chr15-0515",-0.046699527025701
"chr15-0516",-0.0904926694875456
"chr15-0517",-0.0842436099515266
"chr15-0518",-0.23913369607372
"chr15-0519",-0.0076629390483336
"chr15-0520",0.00825998165788467
"chr15-0521",-0.0360014630107778
"chr15-0522",0.190436255456198
"chr15-0523",0.224319139078888
"chr15-0524",0.173859096662953
"chr15-0525",0.00815665309020099
"chr15-0526",-0.233725859117491
"chr15-0527",0.0193511935844135
"chr15-0528",0.029651357159815
"chr15-0529",0.113004143747605
"chr15-0530",-0.0123389755039167
"chr15-0531",0.119746243789585
"chr15-0532",0.13613956114767
"chr15-0533",-0.103552961542022
"chr15-0534",-0.0848201443792436
"chr15-0535",-0.22360095582588
"chr15-0536",-0.267620655471739
"chr15-0537",-0.0708010525894872
"chr15-0538",-0.16537980393603
"chr15-0539",-0.325555191835664
"chr15-0540",-0.116051773331224
"chr15-0541",-0.246500353998227
"chr15-0542",-0.277226296242345
"chr15-0543",-0.275514830338056
"chr15-0544",-0.203199777884273
"chr15-0545",0.0331857597399243
"chr15-0546",-0.158701427064757
"chr15-0547",-0.116598260417897
"chr15-0548",-0.429706948291721
"chr15-0549",-0.311675756048011
"chr15-0550",-0.282205437594828
"chr15-0551",-0.214297662172361
"chr15-0552",-0.31379175891567
"chr15-0553",-0.334305761234414
"chr15-0554",-0.284520734668883
"chr15-0555",-0.236418772167065
"chr15-0556",-0.211573800985662
"chr15-0557",-0.190755632483818
"chr15-0558",-0.305331152348446
"chr15-0559",-0.414742713858007
"chr15-0560",-0.18877875507676
"chr15-0561",-0.100279301521553
"chr15-0562",0.0202595998824015
"chr15-0563",-0.0111426611146957
"chr15-0564",-0.203117660390656
"chr15-0565",-0.000164476730200144
"chr15-0566",-0.0505099358982656
"chr15-0567",-0.218549185718108
"chr15-0568",-0.279444917126749
"chr15-0569",-0.301950948370594
"chr15-0570",-0.108136068818216
"chr15-0571",0.132109874831643
"chr15-0572",-0.0123298528211835
"chr15-0573",-0.135771747381331
"chr15-0574",-0.167731092342964
"chr15-0575",-0.0399794195789066
"chr15-0576",-0.0638865621821114
"chr15-0577",-0.0395012375246006
"chr15-0578",-0.286569754213431
"chr15-0579",-0.0557041158810093
"chr15-0580",-0.0450750396545479
"chr15-0581",-0.114950269506188
"chr15-0582",-0.110288423116788
"chr15-0583",-0.0557906691175866
"chr15-0584",0.13080797481132
"chr15-0585",-0.24551902591073
"chr15-0586",-0.102460202594751
"chr15-0587",-0.077331577656038
"chr15-0588",-0.0338369432719234
"chr15-0589",0.0114053559758641
"chr15-0590",-0.292790684755656
"chr15-0591",0.0645016916578257
"chr15-0592",-0.215587046205109
"chr15-0593",0.117058775008182
"chr15-0594",0.120288155645966
"chr15-0595",-0.0690739468003477
"chr15-0596",0.0256360001115082
"chr15-0597",0.133868423138859
"chr15-0598",0.13343120656866
"chr15-0599",0.0838622170585437
"chr15-0600",0.0665541980831225
"chr15-0601",0.0650342105237207
"chr15-0602",-0.176749863658087
"chr15-0603",-0.071128347730409
"chr15-0604",0.0788394130153569
"chr15-0605",-0.0269741873783531
"chr15-0606",-0.0246704210117428
"chr15-0607",0.177449419199829
"chr15-0608",0.110703649391407
"chr15-0609",-0.1321047006866
"chr15-0610",-0.0619231390245028
"chr15-0611",-0.0293926010910952
"chr15-0612",0.0221580539944963
"chr15-0613",-0.186052192778248
"chr15-0614",-0.407031162661125
"chr15-0615",-0.146924325229588
"chr15-0616",-0.114313986754827
"chr15-0617",-0.0448323902447549
"chr15-0618",0.0552798089734954
"chr15-0619",0.118263179442233
"chr15-0620",-0.118092336563846
"chr15-0621",-0.326207174549067
"chr15-0622",-0.0737807523419617
"chr15-0623",0.0878243073216681
"chr15-0624",-0.108334710246431
"chr15-0625",-0.104822502262371
"chr15-0626",-0.0898678139668608
"chr15-0627",-0.114697620226066
"chr15-0628",-3.19011932233275e-05
"chr15-0629",-0.268862277061544
"chr15-0630",-0.201141960372452
"chr15-0631",-0.1556430258801
"chr15-0632",-0.0852207792417573
"chr15-0633",-0.0110570535561471
"chr15-0634",-0.297248715989754
"chr15-0635",-0.0994944767058045
"chr15-0636",-0.0507170149770938
"chr15-0637",0.116762497423937
"chr15-0638",0.0276593155344891
"chr15-0639",-0.0870324873677441
"chr15-0640",-0.0629962701468686
"chr15-0641",-0.225184815783292
"chr15-0642",-0.100734543635102
"chr15-0643",-0.176664655757077
"chr15-0644",-0.184387390000475
"chr15-0645",0.0724355070405866
"chr15-0646",-0.320410581609043
"chr15-0647",-0.123603639102429
"chr15-0648",-0.193395754589829
"chr15-0649",-0.146214812162232
"chr15-0650",-0.237473548092391
"chr15-0651",-0.182842353792199
"chr15-0652",-0.242084879502598
"chr15-0653",0.188038437194869
"chr16-0001",-0.622811831307336
"chr16-0002",-0.541044893854049
"chr16-0003",-0.626697279998512
"chr16-0004",-0.736524140883004
"chr16-0005",-0.584194038639236
"chr16-0006",-0.46431306975817
"chr16-0007",-0.49706813893802
"chr16-0008",-0.748354133738844
"chr16-0009",-0.59546538129196
"chr16-0010",-0.86860395010393
"chr16-0011",-0.831523036166781
"chr16-0012",-0.672091274173054
"chr16-0013",-0.47750095021902
"chr16-0014",-0.830306007375463
"chr16-0015",-0.919289322219311
"chr16-0016",-0.846832105313853
"chr16-0017",-0.652876139976906
"chr16-0018",-0.780752340686361
"chr16-0019",-0.676091777999137
"chr16-0020",-0.597831607280103
"chr16-0021",-0.530013416469201
"chr16-0022",-0.441266224920487
"chr16-0023",-0.4940741719051
"chr16-0024",-0.667182008468134
"chr16-0025",-0.495395861883126
"chr16-0026",-0.625195769371107
"chr16-0027",-0.721520509812413
"chr16-0028",-0.573332659068704
"chr16-0029",-0.466905974379555
"chr16-0030",-0.769418731840289
"chr16-0031",-0.615015135095667
"chr16-0032",-0.321216489070214
"chr16-0033",-0.639125426049407
"chr16-0034",-0.578295818633294
"chr16-0035",-0.475809419775243
"chr16-0036",-0.513307334818519
"chr16-0037",-0.651038123658305
"chr16-0038",-0.680027753156488
"chr16-0039",-0.705445802618599
"chr16-0040",-0.677680585741108
"chr16-0041",-0.715158246221435
"chr16-0042",-0.617713089474873
"chr16-0043",-0.55181563898228
"chr16-0044",-0.568667038143545
"chr16-0045",-0.516482475758154
"chr16-0046",-0.572665910188904
"chr16-0047",-0.480842425313325
"chr16-0048",-0.494523125746032
"chr16-0049",-0.454760370999778
"chr16-0050",-0.519230404998891
"chr16-0051",-0.230623306362691
"chr16-0052",-0.370279935623603
"chr16-0053",-0.488336987385999
"chr16-0054",-0.2979943478784
"chr16-0055",-0.382951187049426
"chr16-0056",-0.513256146912845
"chr16-0057",-0.6723140704278
"chr16-0058",-0.707154176370484
"chr16-0059",-0.724307062200686
"chr16-0060",-0.555223133223774
"chr16-0061",-0.420859862066039
"chr16-0062",-0.687997500374869
"chr16-0063",-0.603296629058024
"chr16-0064",-0.656069172951958
"chr16-0065",-0.505168482846433
"chr16-0066",-0.485057942053471
"chr16-0067",-0.458318976964192
"chr16-0068",-0.548324916704313
"chr16-0069",-0.572542620765413
"chr16-0070",-0.442053472139738
"chr16-0071",-0.335465052801509
"chr16-0072",-0.449154839774302
"chr16-0073",-0.307032906143773
"chr16-0074",-0.32045369241063
"chr16-0075",-0.245543906163682
"chr16-0076",-0.231136710209328
"chr16-0077",-0.298035535538953
"chr16-0078",-0.508540927940012
"chr16-0079",-0.397099616394475
"chr16-0080",-0.298101456313842
"chr16-0081",-0.509115005853839
"chr16-0082",-0.341048116105006
"chr16-0083",-0.49399227463293
"chr16-0084",-0.538669227476034
"chr16-0085",-0.353787971689996
"chr16-0086",-0.296014650734273
"chr16-0087",-0.207657524184792
"chr16-0088",-0.601587899662669
"chr16-0089",-0.436679027057059
"chr16-0090",-0.412891611609476
"chr16-0091",-0.220902095461562
"chr16-0092",-0.463674000346093
"chr16-0093",-0.419412159976742
"chr16-0094",-0.514157993235224
"chr16-0095",-0.419766524489312
"chr16-0096",-0.534908783161548
"chr16-0097",-0.287149176138016
"chr16-0098",-0.293250793714897
"chr16-0099",-0.309978800825717
"chr16-0100",-0.350325892943759
"chr16-0101",-0.608313081563476
"chr16-0102",-0.590690105079889
"chr16-0103",-0.426901570442084
"chr16-0104",-0.369616714097574
"chr16-0105",-0.520060032096437
"chr16-0106",-0.447563290696638
"chr16-0107",-0.32757041942385
"chr16-0108",-0.63622209759317
"chr16-0109",-0.561306709059149
"chr16-0110",-0.512144697313827
"chr16-0111",-0.180554787295551
"chr16-0112",-0.33426077041444
"chr16-0113",-0.137045655016586
"chr16-0114",-0.213588074272042
"chr16-0115",-0.321310322872992
"chr16-0116",-0.434266347518776
"chr16-0117",-0.259309496059893
"chr16-0118",-0.310340582381176
"chr16-0119",-0.687560459230769
"chr16-0120",-0.250824407466852
"chr16-0121",-0.343457589844826
"chr16-0122",-0.312447633225552
"chr16-0123",-0.160661743253396
"chr16-0124",-0.351377354280881
"chr16-0125",-0.0473115798676783
"chr16-0126",-0.49316079526103
"chr16-0127",-0.628840233102634
"chr16-0128",-0.243744119515292
"chr16-0129",-0.183639433736267
"chr16-0130",-0.42288301937534
"chr16-0131",-0.22933514352461
"chr16-0132",-0.277855008755528
"chr16-0133",-0.133854084336529
"chr16-0134",-0.416745000796942
"chr16-0135",-0.38867182017106
"chr16-0136",-0.224941820299215
"chr16-0137",-0.355636497218905
"chr16-0138",-0.386567174934313
"chr16-0139",-0.452320677111464
"chr16-0140",-0.5981275616541
"chr16-0141",-0.22577208900999
"chr16-0142",-0.265200823620522
"chr16-0143",-0.301379424230895
"chr16-0144",-0.350558128845341
"chr16-0145",-0.0874748011100778
"chr16-0146",-0.31117691919755
"chr16-0147",-0.289857794039657
"chr16-0148",-0.115358934777057
"chr16-0149",-0.212279919510056
"chr16-0150",-0.267842205751662
"chr16-0151",-0.337836044488709
"chr16-0152",-0.376401087781105
"chr16-0153",-0.393175227514446
"chr16-0154",-0.303068946700633
"chr16-0155",-0.743666917919099
"chr16-0156",-0.543612271598736
"chr16-0157",-0.337038511797482
"chr16-0158",-0.319684717791303
"chr16-0159",-0.496711502824332
"chr16-0160",-0.427570586430651
"chr16-0161",-0.519952866484835
"chr16-0162",-0.149926279383376
"chr16-0163",-0.369527634064973
"chr16-0164",-0.306500184126715
"chr16-0165",-0.499497007931351
"chr16-0166",-0.684907835614756
"chr16-0167",-0.31129461469639
"chr16-0168",-0.488046416890119
"chr16-0169",-0.30337028141246
"chr16-0170",-0.255669325424061
"chr16-0171",-0.283236889941104
"chr16-0172",-0.482581803538896
"chr16-0173",-0.360198508906642
"chr16-0174",-0.407414618874101
"chr16-0175",-0.41346646006783
"chr16-0176",-0.414230649608545
"chr16-0177",-0.217031619778276
"chr16-0178",0.0307064791337415
"chr16-0179",-0.367262061928113
"chr16-0180",-0.325452167468926
"chr16-0181",-0.402561947322377
"chr16-0182",-0.517793481565523
"chr16-0183",-0.394155396177814
"chr16-0184",-0.254775428533239
"chr16-0185",-0.385383114181207
"chr16-0186",-0.471008328169448
"chr16-0187",-0.406076343525474
"chr16-0188",-0.439142055168469
"chr16-0189",-0.331390122404563
"chr16-0190",-0.575696478009398
"chr16-0191",-0.248801907016157
"chr16-0192",-0.225085181102535
"chr16-0193",-0.510809715569835
"chr16-0194",-0.615550928477515
"chr16-0195",-0.573140815511203
"chr16-0196",-0.444323901241788
"chr16-0197",-0.443535864029947
"chr16-0198",-0.455703449141292
"chr16-0199",-0.664719751514312
"chr16-0200",-0.520457656803576
"chr16-0201",-0.520117728912941
"chr16-0202",-0.596969517696953
"chr16-0203",-0.395854666242068
"chr16-0204",-0.337413521990091
"chr16-0205",-0.473464590489234
"chr16-0206",-0.465586421091517
"chr16-0207",-0.543378088730772
"chr16-0208",-0.472559507512203
"chr16-0209",-0.458617479324986
"chr16-0210",-0.102619501223433
"chr16-0211",-0.511331213011888
"chr16-0212",-0.217354181470566
"chr16-0213",-0.223779103106455
"chr16-0214",-0.599944196180875
"chr16-0215",-0.317582102654849
"chr16-0216",-0.487473261448683
"chr16-0217",-0.613039689310809
"chr16-0218",-0.33089395136539
"chr16-0219",-0.47503158828134
"chr16-0220",-0.391260206164479
"chr16-0221",-0.545954299502955
"chr16-0222",-0.382740431935081
"chr16-0223",-0.576292664400129
"chr16-0224",-0.566863695529779
"chr16-0225",-0.324530183231324
"chr16-0226",-0.646499080801268
"chr16-0227",-0.331110972280075
"chr16-0228",-0.262022885532775
"chr16-0229",-0.302694849416026
"chr16-0230",-0.463125170538395
"chr16-0231",-0.466827394325586
"chr16-0232",-0.633487669483702
"chr16-0233",-0.0997602780417058
"chr16-0234",-0.565251557643895
"chr16-0235",-0.508173339288891
"chr16-0236",-0.441854311978545
"chr16-0237",-0.38841605128937
"chr16-0238",-0.410772765953363
"chr16-0239",-0.620877965045005
"chr16-0240",-0.494283768560596
"chr16-0241",-0.588898754724936
"chr16-0242",-0.335107480974281
"chr16-0243",-0.331154539248153
"chr16-0244",-0.254652689190643
"chr16-0245",0.0201555039477797
"chr16-0246",-0.497927879275029
"chr16-0247",-0.536407263032676
"chr16-0248",-0.530892171979587
"chr16-0249",-0.438492917888457
"chr16-0250",-0.478650191545242
"chr16-0251",-0.538653141439088
"chr16-0252",-0.659874645058165
"chr16-0253",-0.568193435709168
"chr16-0254",-0.438520419592753
"chr16-0255",-0.623325340505845
"chr16-0256",-0.483308755261554
"chr16-0257",-0.606777060610644
"chr16-0258",-0.59707650776278
"chr16-0259",-0.439461664150018
"chr16-0260",-0.553446125551092
"chr16-0261",-0.660341700743707
"chr16-0262",-0.624200080175865
"chr16-0263",-0.709455922856564
"chr16-0264",-0.538391347128282
"chr16-0265",-0.529084517330194
"chr16-0266",-0.731450772529485
"chr16-0267",-0.455602337815828
"chr16-0268",-0.570035742901364
"chr16-0269",-0.589598774329336
"chr16-0270",-0.42411910680708
"chr16-0271",-0.542010550089368
"chr16-0272",-0.457674099731032
"chr16-0273",0.0395790869110554
"chr16-0274",0.0525432210713242
"chr16-0275",-0.0531021222830884
"chr16-0276",-0.084531582348285
"chr16-0277",-0.172371300890704
"chr16-0278",-0.135043968790568
"chr16-0279",-0.146176429844611
"chr16-0280",-0.228964448137391
"chr16-0281",-0.130025926237197
"chr16-0282",-0.096026888652348
"chr16-0283",-0.0844891772258856
"chr16-0284",-0.094399951778821
"chr16-0285",0.0579846257015509
"chr16-0286",0.168330734875397
"chr16-0287",0.0511926150527956
"chr16-0288",0.0417293427530942
"chr16-0289",-0.0450077930167892
"chr16-0290",-0.136605185600418
"chr16-0291",-0.263795093904378
"chr16-0292",0.0592405751497779
"chr16-0293",0.0706672798529069
"chr16-0294",0.0134151098544653
"chr16-0295",0.217959685251288
"chr16-0296",-0.0267596103949449
"chr16-0297",0.235252543212912
"chr16-0298",0.128830972288503
"chr16-0299",0.11940236129698
"chr16-0300",0.154355983409804
"chr16-0301",0.113014954806054
"chr16-0302",0.11084418508153
"chr16-0303",0.0279472556457166
"chr16-0304",0.21090690077426
"chr16-0305",0.235950110163945
"chr16-0306",-0.022954504843555
"chr16-0307",0.145005423287051
"chr16-0308",0.022862923348858
"chr16-0309",0.139244967255479
"chr16-0310",0.0575790927806508
"chr16-0311",-0.17303726479372
"chr16-0312",-0.0268277807170677
"chr16-0313",0.0654684605268917
"chr16-0314",-0.0275760588495843
"chr16-0315",-0.0805072309697765
"chr16-0316",-0.0698307360725432
"chr16-0317",0.0424031052695977
"chr16-0318",-0.212958518683172
"chr16-0319",0.0962175542241475
"chr16-0320",-0.0848778271180757
"chr16-0321",0.176006214791717
"chr16-0322",-0.0614070346777549
"chr16-0323",-0.0866521881342796
"chr16-0324",0.0405526780476608
"chr16-0325",0.0860871677869509
"chr16-0326",-0.01003159628938
"chr16-0327",0.144471733456103
"chr16-0328",0.161162354870774
"chr16-0329",0.159013072990818
"chr16-0330",-0.236953554218863
"chr16-0331",-0.579841599583596
"chr16-0332",-0.374191619150448
"chr16-0333",-0.31273777682776
"chr16-0334",-0.338096970118884
"chr16-0335",-0.476655630154054
"chr16-0336",-0.373665194083476
"chr16-0337",-0.513147107221046
"chr16-0338",-0.608419526272864
"chr16-0339",-0.62073394923806
"chr16-0340",-0.413692861497219
"chr16-0341",-0.360120147941148
"chr16-0342",-0.669861776851878
"chr16-0343",-0.723672320820961
"chr16-0344",-0.478147494727658
"chr16-0345",-0.320677893517586
"chr16-0346",-0.274435712629125
"chr16-0347",-0.492201799340367
"chr16-0348",-0.613110694609155
"chr16-0349",-0.629374389064716
"chr16-0350",-0.658053688452017
"chr16-0351",-0.461766789050501
"chr16-0352",-0.609158890506916
"chr16-0353",-0.741060166261999
"chr16-0354",-0.582401584163315
"chr16-0355",-0.53163213986181
"chr16-0356",-0.575070353599701
"chr16-0357",-0.725178038183224
"chr16-0358",-0.499806316669012
"chr16-0359",-0.54774070894419
"chr16-0360",-0.735499837514221
"chr16-0361",-0.495712717491245
"chr16-0362",-0.486445879491233
"chr16-0363",-0.549224795270763
"chr16-0364",-0.641161802274594
"chr16-0365",-0.707455063997384
"chr16-0366",-0.690359731235527
"chr16-0367",-0.67158896719778
"chr16-0368",-0.365567053374834
"chr16-0369",-0.603118061578196
"chr16-0370",-0.763750959637893
"chr16-0371",-0.431258723478482
"chr16-0372",-0.633238778197419
"chr16-0373",-0.617886135606397
"chr16-0374",-0.780270880796244
"chr16-0375",-0.706079532127679
"chr16-0376",-0.626316808871802
"chr16-0377",-0.701342116853411
"chr16-0378",-0.862089744782645
"chr16-0379",-0.619955685613395
"chr16-0380",-0.648842914880248
"chr16-0381",-0.705169734084884
"chr16-0382",-0.627712568872325
"chr16-0383",-0.567045089834369
"chr16-0384",-0.906668054521482
"chr16-0385",-0.733223133593232
"chr16-0386",-0.646219119113902
"chr16-0387",-0.615917058665516
"chr16-0388",-0.568334235376149
"chr16-0389",-0.41925498725244
"chr16-0390",-0.930097226818013
"chr16-0391",-0.697212073543649
"chr16-0392",-0.620820165549099
"chr16-0393",-0.690685530785617
"chr16-0394",-0.573856406401851
"chr16-0395",-0.326909105740984
"chr16-0396",-0.422883604021987
"chr16-0397",-0.422644150118994
"chr16-0398",-0.279101839478927
"chr16-0399",-0.751303479757522
"chr16-0400",-0.40656315084315
"chr16-0401",-0.368673289657128
"chr16-0402",-0.379748126615791
"chr16-0403",-0.192442518837813
"chr16-0404",-0.333964606736652
"chr16-0405",-0.46406497822373
"chr16-0406",-0.247815749125661
"chr16-0407",-0.555674507490577
"chr16-0408",-0.474335616750157
"chr16-0409",-0.540937623252726
"chr16-0410",-0.574084791138839
"chr16-0411",-0.475070684301025
"chr16-0412",-0.844421195104974
"chr16-0413",-0.675927108964176
"chr16-0414",-0.551712831404258
"chr16-0415",-0.562532044818259
"chr16-0416",-0.786991778422437
"chr16-0417",-0.561228811116443
"chr16-0418",-0.702829087162209
"chr16-0419",-0.812550459685155
"chr16-0420",-0.708106799398043
"chr16-0421",-0.682909086589362
"chr16-0422",-0.648496673564154
"chr16-0423",-0.781915169587766
"chr16-0424",-0.710739502500607
"chr16-0425",-0.747228133834437
"chr16-0426",-0.854550187973437
"chr16-0427",-0.76360504409817
"chr16-0428",-0.798611939228833
"chr16-0429",-0.728362690972888
"chr16-0430",-0.841967383526596
"chr16-0431",-1.03090793839408
"chr16-0432",-0.786451264224303
"chr16-0433",-0.756147355336365
"chr16-0434",-0.602422882644258
"chr16-0435",-0.682372433958582
"chr16-0436",-0.684929367763809
"chr16-0437",-0.713907273866979
"chr16-0438",-0.741778704811763
"chr16-0439",-0.759426433239957
"chr16-0440",-0.620503033895416
"chr16-0441",-0.70951091603385
"chr16-0442",-0.654064571567105
"chr16-0443",-0.367586890277027
"chr16-0444",-0.544040640585368
"chr16-0445",-0.609496542383179
"chr16-0446",-0.595279051161425
"chr16-0447",-0.719914947949656
"chr16-0448",-0.522522872768059
"chr16-0449",-0.645764588687493
"chr16-0450",-0.55373497732896
"chr16-0451",-0.640789356810837
"chr16-0452",-0.46944650317613
"chr16-0453",-0.298348642241838
"chr16-0454",-0.638160532447712
"chr16-0455",-0.0732741916453911
"chr16-0456",-0.191219863395745
"chr16-0457",0.0042253761538952
"chr16-0458",-0.696384321310788
"chr16-0459",-0.86280815601624
"chr16-0460",-0.574427502012746
"chr16-0461",-0.815889918188236
"chr16-0462",-0.667553536770568
"chr16-0463",-0.561748235416106
"chr16-0464",-0.792226686948776
"chr16-0465",-0.532284246279505
"chr16-0466",-0.0355704607221082
"chr16-0467",-0.606157121907022
"chr16-0468",-0.601332040000962
"chr16-0469",-0.748660872222155
"chr16-0470",-0.913657324930658
"chr16-0471",-0.599191197921684
"chr16-0472",-0.498980031654825
"chr16-0473",-0.554229336942432
"chr16-0474",-0.69167468934139
"chr16-0475",-0.855368926593833
"chr16-0476",-0.638688317783481
"chr16-0477",-0.515343565803494
"chr16-0478",-0.634194281102315
"chr16-0479",-0.492692616821851
"chr16-0480",-0.31607414531207
"chr16-0481",-0.66968237067188
"chr16-0482",-0.600498328039889
"chr16-0483",-0.414768141216327
"chr16-0484",-0.175806627624273
"chr16-0485",-0.372125867109181
"chr16-0486",-0.560964857526284
"chr16-0487",-0.408797844978599
"chr16-0488",-0.508868542798754
"chr16-0489",-0.467928529899041
"chr16-0490",-0.432354936454825
"chr16-0491",-0.456381195123375
"chr16-0492",-0.385872100588069
"chr16-0493",-0.787634219273697
"chr16-0494",-0.209141460034937
"chr16-0495",-0.481739785894734
"chr16-0496",-0.704884506754359
"chr16-0497",-0.595245025657687
"chr16-0498",-0.760183314520837
"chr16-0499",-0.486387315629017
"chr16-0500",-0.754170893029651
"chr16-0501",-0.484861949380307
"chr16-0502",-0.776880931006751
"chr16-0503",-0.641592087108342
"chr16-0504",-0.759597295146051
"chr16-0505",-0.550189304586864
"chr16-0506",-0.722660243338778
"chr16-0507",-0.589067685440092
"chr16-0508",-0.594783304328584
"chr16-0509",-0.402370268319902
"chr16-0510",-0.344533182649257
"chr16-0511",-0.555093045876717
"chr16-0512",-0.539053769280412
"chr16-0513",-0.420299215848021
"chr16-0514",-0.321815464870861
"chr16-0515",-0.528264563233479
"chr16-0516",-0.995274271786638
"chr16-0517",-0.54429118353245
"chr16-0518",-0.676724839579892
"chr16-0519",-0.565800920919351
"chr16-0520",-0.389425057743573
"chr16-0521",-0.325563785083795
"chr16-0522",-0.30610839364116
"chr16-0523",-0.31106983648828
"chr16-0524",-0.410183742401556
"chr16-0525",-0.489569633617755
"chr16-0526",-0.575780345572147
"chr16-0527",-0.332945282057666
"chr16-0528",-0.385275107167679
"chr16-0529",-0.387648660244197
"chr16-0530",-0.323076747917574
"chr16-0531",-0.376133609215258
"chr16-0532",-0.488069366225362
"chr16-0533",-0.643589913537419
"chr16-0534",-0.728295917862166
"chr16-0535",-0.826345928853096
"chr16-0536",-0.67061062095676
"chr16-0537",-0.68991604318488
"chr16-0538",-0.529886550465413
"chr16-0539",-0.621733709978561
"chr16-0540",-0.508804209691549
"chr16-0541",-0.396564116043181
"chr16-0542",-0.443038731554114
"chr16-0543",-0.5988713816314
"chr16-0544",-0.625328778108433
"chr16-0545",-0.630851670989094
"chr16-0546",-0.497316259627852
"chr16-0547",-0.51489641629449
"chr16-0548",-0.449459032331433
"chr16-0549",-0.426320513327381
"chr16-0550",-0.409564080712712
"chr16-0551",-0.237534712284035
"chr16-0552",-0.49014843708333
"chr16-0553",-0.464449330785535
"chr16-0554",-0.465492416018729
"chr16-0555",-0.294743286809645
"chr16-0556",-0.490259106746874
"chr16-0557",-0.636071613445325
"chr16-0558",-0.829268067982803
"chr16-0559",-0.605951895034356
"chr16-0560",-0.508042886692777
"chr16-0561",-0.646234068275566
"chr16-0562",-0.778582190158989
"chr16-0563",-0.587436059569441
"chr16-0564",-0.654631395015667
"chr16-0565",-0.658337311844241
"chr16-0566",-0.542587153050443
"chr16-0567",-0.542861210820483
"chr16-0568",-0.574159088697837
"chr16-0569",-0.539669933629511
"chr16-0570",-0.535300538328506
"chr16-0571",-0.548520567237672
"chr16-0572",-0.504774565581801
"chr16-0573",-0.558122213927584
"chr16-0574",-0.748151102743052
"chr16-0575",-0.688185595630819
"chr16-0576",-0.761231402622471
"chr16-0577",-0.762891893945485
"chr16-0578",-0.737207238376169
"chr16-0579",-0.768587622649706
"chr16-0580",-0.735458219835624
"chr16-0581",-0.715595244963591
"chr16-0582",-0.775812814034692
"chr16-0583",-0.537131851470107
"chr16-0584",-0.669644801148114
"chr16-0585",-0.694803264443807
"chr16-0586",-0.676168968768023
"chr16-0587",-0.623958379854755
"chr16-0588",-0.466573395066063
"chr16-0589",-0.607662355889563
"chr16-0590",-0.483171322816623
"chr16-0591",-0.537263919304726
"chr16-0592",-0.676042187129502
"chr16-0593",-0.7489451454468
"chr16-0594",-0.590869323174645
"chr16-0595",-0.634423068553111
"chr16-0596",-0.550100132138844
"chr16-0597",-0.558912293231958
"chr16-0598",-0.791748520505284
"chr16-0599",-0.660734608982603
"chr16-0600",-0.494690816652329
"chr16-0601",-0.519967515099177
"chr16-0602",-0.520525187252727
"chr16-0603",-0.633087895617777
"chr16-0604",-0.728041276769225
"chr16-0605",-0.37776907226256
"chr16-0606",-0.697583541614675
"chr16-0607",-0.950176314924965
"chr16-0608",-0.633424043147925
"chr16-0609",-0.710317399469206
"chr16-0610",-0.471385956914002
"chr16-0611",-0.586536966280926
"chr16-0612",-0.395571283021892
"chr16-0613",-0.640134265232426
"chr16-0614",-0.482841558442874
"chr16-0615",-0.470752641506625
"chr16-0616",-0.82020025371716
"chr16-0617",-0.805648452271953
"chr16-0618",-0.792807922154359
"chr16-0619",-0.957794711657217
"chr16-0620",-0.67262550243036
"chr16-0621",-0.877667322365628
"chr16-0622",-0.728082793762876
"chr16-0623",-0.892757685994678
"chr16-0624",-0.872447641741479
"chr16-0625",-0.910206798677755
"chr16-0626",-0.857687674039973
"chr16-0627",-0.697419395241682
"chr16-0628",-0.727512669034651
"chr16-0629",-0.583507495474257
"chr16-0630",-0.461461580840702
"chr16-0631",-0.513883988769306
"chr16-0632",-0.711314829186715
"chr16-0633",-0.87498152146547
"chr16-0634",-0.681898256541675
"chr16-0635",-0.775845505832901
"chr16-0636",-0.587401719189144
"chr16-0637",-0.776435932459555
"chr16-0638",-0.848524908625694
"chr16-0639",-0.773175753732923
"chr16-0640",-0.310344288488679
"chr17-0001",-0.076599294868768
"chr17-0002",0.101679674582045
"chr17-0003",0.0388579371133482
"chr17-0004",0.038058929444655
"chr17-0005",0.27789925011316
"chr17-0006",0.175994446913877
"chr17-0007",0.416163705781286
"chr17-0008",0.167597740478476
"chr17-0009",-0.370516534874176
"chr17-0010",-0.197338635648253
"chr17-0011",-0.269055130809028
"chr17-0012",-0.567474040459083
"chr17-0013",-0.535343473565156
"chr17-0014",-0.487379358085608
"chr17-0015",-0.510368122228049
"chr17-0016",-0.478151976954466
"chr17-0017",-0.304853318606809
"chr17-0018",-0.545608535834816
"chr17-0019",-0.527227692394438
"chr17-0020",-0.63960402592807
"chr17-0021",-0.545092009645749
"chr17-0022",-0.480727516085372
"chr17-0023",-0.355076811703301
"chr17-0024",-0.472737162108622
"chr17-0025",-0.526016106092105
"chr17-0026",-0.512706842216814
"chr17-0027",-0.130715659948446
"chr17-0028",-0.379248534371708
"chr17-0029",-0.428126280983746
"chr17-0030",-0.526508727667761
"chr17-0031",-0.362968607257227
"chr17-0032",-0.319699447965437
"chr17-0033",-0.397376671779299
"chr17-0034",-0.641642073876325
"chr17-0035",-0.646686156488993
"chr17-0036",-0.425514084374505
"chr17-0037",-0.353449482606321
"chr17-0038",-0.407439539188889
"chr17-0039",-0.386984528106344
"chr17-0040",-0.364059882042901
"chr17-0041",-0.233359616996743
"chr17-0042",-0.326324695089256
"chr17-0043",-0.505398158072173
"chr17-0044",-0.66781270832249
"chr17-0045",-0.5940395744362
"chr17-0046",-0.524293730162048
"chr17-0047",-0.448214626035511
"chr17-0048",-0.57813921886882
"chr17-0049",-0.33609887388129
"chr17-0050",-0.26011988193562
"chr17-0051",-0.363802246316779
"chr17-0052",-0.418691486098783
"chr17-0053",-0.640835894474538
"chr17-0054",-0.572773600049994
"chr17-0055",-0.612843151896691
"chr17-0056",-0.601881945116387
"chr17-0057",-0.503201625343845
"chr17-0058",-0.555944485060679
"chr17-0059",-0.417947194942008
"chr17-0060",-0.504884757357979
"chr17-0061",-0.525481361469029
"chr17-0062",-0.665300963949855
"chr17-0063",-0.408982234256865
"chr17-0064",-0.397356903778842
"chr17-0065",-0.469997490245218
"chr17-0066",-0.212204010037433
"chr17-0067",-0.513959130735724
"chr17-0068",-0.596997646385291
"chr17-0069",-0.568657640323334
"chr17-0070",-0.450848242362312
"chr17-0071",-0.775209802218675
"chr17-0072",-0.623121621384116
"chr17-0073",-0.474151664044904
"chr17-0074",-0.554339607348493
"chr17-0075",-0.361381664202776
"chr17-0076",-0.442098303671068
"chr17-0077",-0.515053793633542
"chr17-0078",-0.451986126111352
"chr17-0079",-0.518215706262888
"chr17-0080",-0.478761873640526
"chr17-0081",-0.553299230317521
"chr17-0082",-0.419594931143918
"chr17-0083",-0.406324918868781
"chr17-0084",-0.536473390209401
"chr17-0085",-0.606341017529119
"chr17-0086",-0.648781393624071
"chr17-0087",-0.543104391318701
"chr17-0088",-0.479185874033508
"chr17-0089",-0.518477110204692
"chr17-0090",-0.576995267426775
"chr17-0091",-0.371824617370737
"chr17-0092",-0.528597348832518
"chr17-0093",-0.384194172214849
"chr17-0094",-0.537484406825147
"chr17-0095",-0.538450459085515
"chr17-0096",-0.51168240985137
"chr17-0097",-0.505907168525907
"chr17-0098",-0.533661579307928
"chr17-0099",-0.500495429308561
"chr17-0100",-0.461234830928866
"chr17-0101",-0.354425610661898
"chr17-0102",-0.479014753303287
"chr17-0103",-0.553000016534672
"chr17-0104",-0.563943110254839
"chr17-0105",-0.543581460217671
"chr17-0106",-0.35224808340713
"chr17-0107",-0.611123888068339
"chr17-0108",-0.460313146065029
"chr17-0109",-0.32306424413611
"chr17-0110",-0.388100202438737
"chr17-0111",-0.568458680317145
"chr17-0112",-0.457366279759385
"chr17-0113",-0.420149282075435
"chr17-0114",-0.285058516786454
"chr17-0115",-0.457633017791488
"chr17-0116",-0.276420413693367
"chr17-0117",-0.429791838612731
"chr17-0118",-0.393212772484982
"chr17-0119",-0.108244406016335
"chr17-0120",0.991873398375398
"chr17-0121",0.528167421352681
"chr17-0122",0.567053743628148
"chr17-0123",0.645056273344357
"chr17-0124",0.561965085909461
"chr17-0125",0.751863669476108
"chr17-0126",0.522231852032673
"chr17-0127",0.715664669491446
"chr17-0128",0.708073848600817
"chr17-0129",0.761767039710643
"chr17-0130",0.958258802872409
"chr17-0131",0.965704989452151
"chr17-0132",0.766032901547785
"chr17-0133",0.683943276834207
"chr17-0134",0.67806306234005
"chr17-0135",0.946698287758813
"chr17-0136",0.426763747035128
"chr17-0137",0.877710358118214
"chr17-0138",0.778685667469943
"chr17-0139",0.543860332437238
"chr17-0140",0.52767419470549
"chr17-0141",0.850804556064765
"chr17-0142",0.988532808695466
"chr17-0143",0.878789295604677
"chr17-0144",0.617380506253333
"chr17-0145",0.739948184956109
"chr17-0146",0.659303537072801
"chr17-0147",0.677351709589455
"chr17-0148",0.800870994793949
"chr17-0149",0.897270112784161
"chr17-0150",0.803425524036959
"chr17-0151",0.744399790493474
"chr17-0152",0.513985785661881
"chr17-0153",0.635324687240895
"chr17-0154",0.593485840291588
"chr17-0155",0.878667263055805
"chr17-0156",1.03702923910437
"chr17-0157",0.560796333390727
"chr17-0158",0.809355428431732
"chr17-0159",0.604201353699856
"chr17-0160",0.430557880127554
"chr17-0161",0.593385871120714
"chr17-0162",0.600114517759449
"chr17-0163",0.530677187298577
"chr17-0164",0.494320201623459
"chr17-0165",0.551118854600237
"chr17-0166",0.59635356656061
"chr17-0167",0.386578082486635
"chr17-0168",0.434449636077355
"chr17-0169",0.37441694603595
"chr17-0170",0.365758952560282
"chr17-0171",0.572524860124831
"chr17-0172",0.283350201940007
"chr17-0173",0.351142047081151
"chr17-0174",0.388355250755763
"chr17-0175",0.385677157292397
"chr17-0176",0.266619124434135
"chr17-0177",0.501499158752751
"chr17-0178",0.457063400002383
"chr17-0179",0.431056818100481
"chr17-0180",0.310316414576445
"chr17-0181",0.312502239321033
"chr17-0182",0.269275992733709
"chr17-0183",0.438263408919716
"chr17-0184",0.525272706320351
"chr17-0185",0.680063514449001
"chr17-0186",0.392640939020385
"chr17-0187",0.735565487212066
"chr17-0188",0.666385482374542
"chr17-0189",0.597969672627797
"chr17-0190",0.663921618924028
"chr17-0191",0.347182778428538
"chr17-0192",0.631514675981378
"chr17-0193",0.598305872342607
"chr17-0194",0.505429462919657
"chr17-0195",0.329229443652417
"chr17-0196",0.581102836611235
"chr17-0197",0.488955956973796
"chr17-0198",0.500480703013719
"chr17-0199",0.513408222392685
"chr17-0200",0.460237149687831
"chr17-0201",0.356363634958625
"chr17-0202",0.812300095769426
"chr17-0203",0.388986777001382
"chr17-0204",0.641239306461168
"chr17-0205",0.578647340508568
"chr17-0206",0.629365193278803
"chr17-0207",0.475890074479446
"chr17-0208",0.352605950009656
"chr17-0209",0.487789586596738
"chr17-0210",0.551681196067054
"chr17-0211",0.603920783627546
"chr17-0212",0.747534927998717
"chr17-0213",0.501683741916392
"chr17-0214",0.258049173464741
"chr17-0215",0.4521210482096
"chr17-0216",0.378749421794509
"chr17-0217",0.456248882785626
"chr17-0218",0.477211863613662
"chr17-0219",0.548082470898748
"chr17-0220",0.384982707138076
"chr17-0221",0.318916069163872
"chr17-0222",0.568115861983926
"chr17-0223",0.489462881413642
"chr17-0224",0.261915886980934
"chr17-0225",0.10283071561874
"chr17-0226",-0.0137480037947204
"chr17-0227",0.0478887454668242
"chr17-0228",0.193196814460692
"chr17-0229",0.0784790787476538
"chr17-0230",0.0217709840085202
"chr17-0231",0.128848667948937
"chr17-0232",0.105408459789339
"chr17-0233",0.268182409975239
"chr17-0234",0.508574407929366
"chr17-0235",0.0117421086577776
"chr17-0236",-0.0400047376079397
"chr17-0237",0.0441083269569003
"chr17-0238",0.0590989405464477
"chr17-0239",0.0424868538345916
"chr17-0240",0.0523442352910064
"chr17-0241",0.0159652519766973
"chr17-0242",-0.106677646453145
"chr17-0243",0.0830282909851264
"chr17-0244",-0.0426679520024744
"chr17-0245",-0.0868055425592493
"chr17-0246",0.141848310386944
"chr17-0247",0.139887250973139
"chr17-0248",0.0922995430211419
"chr17-0249",0.278926467009693
"chr17-0250",0.15255647793274
"chr17-0251",-0.158735470537359
"chr17-0252",0.364687907271351
"chr17-0253",0.318155881044121
"chr17-0254",0.319911704116132
"chr17-0255",0.0904114705096974
"chr17-0256",0.232748488624877
"chr17-0257",0.0990088045729677
"chr17-0258",0.343045389161979
"chr17-0259",0.204092349778092
"chr17-0260",0.0982777161909107
"chr17-0261",0.158022684378391
"chr17-0262",0.0557128960090391
"chr17-0263",0.0419964984998879
"chr17-0264",0.0683050300494935
"chr17-0265",0.197646278128024
"chr17-0266",0.390070749852004
"chr17-0267",0.165167434097084
"chr17-0268",0.0629360824711327
"chr17-0269",0.0465417122769328
"chr17-0270",0.0954123186277313
"chr17-0271",0.238936746627232
"chr17-0272",0.148488619205154
"chr17-0273",0.128536092112478
"chr17-0274",0.0747646573632949
"chr17-0275",0.176975881994365
"chr17-0276",-0.037011359063947
"chr17-0277",0.158475225797295
"chr17-0278",-0.0610821335911686
"chr17-0279",-0.0103167364802425
"chr17-0280",0.326149513082015
"chr17-0281",0.32805089560473
"chr17-0282",0.136835984604359
"chr17-0283",0.105912310152439
"chr17-0284",0.179186461269535
"chr17-0285",0.320433607153571
"chr17-0286",0.284154361144794
"chr17-0287",0.132247251245251
"chr17-0288",0.268752571239523
"chr17-0289",0.218901262569948
"chr17-0290",0.205554422993349
"chr17-0291",0.150972698800402
"chr17-0292",0.153687207220488
"chr17-0293",-0.0877786690264005
"chr17-0294",0.176097895323772
"chr17-0295",0.094824234755474
"chr17-0296",0.289261246440251
"chr17-0297",0.0103735761585883
"chr17-0298",0.0819043617333398
"chr17-0299",0.0938438633582726
"chr17-0300",0.182769540154892
"chr17-0301",0.142714030213125
"chr17-0302",0.187062090357434
"chr17-0303",-0.0568052893722777
"chr17-0304",0.0599524626549639
"chr17-0305",0.195357104378634
"chr17-0306",0.229504100645509
"chr17-0307",0.310138572634078
"chr17-0308",0.209646864394907
"chr17-0309",0.0986143246572104
"chr17-0310",-0.0539241718653595
"chr17-0311",-0.0732228039135837
"chr17-0312",0.0596034752946183
"chr17-0313",0.126551915489595
"chr17-0314",0.0580303074992838
"chr17-0315",0.0816630891233985
"chr17-0316",0.009575442044348
"chr17-0317",0.233278791316542
"chr17-0318",0.411871681226881
"chr17-0319",-0.0634502021739115
"chr17-0320",0.217788763596149
"chr17-0321",0.180787177654508
"chr17-0322",0.102565383618032
"chr17-0323",0.0802785346257729
"chr17-0324",0.257838476158174
"chr17-0325",0.246654249493173
"chr17-0326",0.0699226002008019
"chr17-0327",-0.0208272848454372
"chr17-0328",-0.037700862149993
"chr17-0329",0.0252826084862366
"chr17-0330",0.0201400208569655
"chr17-0331",-0.0166243329594753
"chr17-0332",0.00420864635885359
"chr17-0333",-0.0474097796914221
"chr17-0334",0.0288663678652018
"chr17-0335",0.311057885334289
"chr17-0336",0.275109729450636
"chr17-0337",0.205406775921094
"chr17-0338",0.0324595050550229
"chr17-0339",0.0265776894486549
"chr17-0340",0.166380508176782
"chr17-0341",0.0720899254940393
"chr17-0342",-0.0144387632971417
"chr17-0343",-0.0695902008914447
"chr17-0344",0.174708413032506
"chr17-0345",0.346066732254075
"chr17-0346",0.109277953797213
"chr17-0347",-0.0441192745925073
"chr17-0348",0.0415674936189188
"chr17-0349",-0.0590948410907052
"chr17-0350",0.116498168891019
"chr17-0351",-0.0502006247532167
"chr17-0352",0.0194262029989633
"chr17-0353",0.0120560684409102
"chr17-0354",0.0900854534572834
"chr17-0355",0.238322458234786
"chr17-0356",0.552624965659063
"chr17-0357",0.329988232455593
"chr17-0358",0.254047302651734
"chr17-0359",0.373259009241291
"chr17-0360",0.381834335591804
"chr17-0361",0.256747561880028
"chr17-0362",0.306945848970964
"chr17-0363",0.202305884168769
"chr17-0364",0.24552947181198
"chr17-0365",0.262283021456265
"chr17-0366",0.20423003157717
"chr17-0367",0.0476631170193531
"chr17-0368",0.0710432176198707
"chr17-0369",0.00488289995947087
"chr17-0370",-0.0969606043142952
"chr17-0371",-0.117084083641573
"chr17-0372",-0.0702838822960858
"chr17-0373",-0.00722017446679461
"chr17-0374",-0.0783203178952915
"chr17-0375",-0.0826725354586598
"chr17-0376",-0.0263844101539861
"chr17-0377",-0.0219445238824576
"chr17-0378",0.240803845208814
"chr17-0379",0.0317661754624346
"chr17-0380",0.120266256879366
"chr17-0381",-0.075989678039185
"chr17-0382",-0.0440659723242391
"chr17-0383",0.0219338048899632
"chr17-0384",-0.000875507685448933
"chr17-0385",0.136829649219004
"chr17-0386",0.221060913841669
"chr17-0387",-0.0981936613988026
"chr17-0388",0.0814872934626473
"chr17-0389",0.0410049718140816
"chr17-0390",0.234992433808237
"chr17-0391",0.0591482431787359
"chr17-0392",0.0759082122432194
"chr17-0393",0.0452716445389848
"chr17-0394",0.0259808839761974
"chr17-0395",0.196227011284687
"chr17-0396",0.143889443406354
"chr17-0397",0.0890074442821715
"chr17-0398",-0.0351342170185701
"chr17-0399",-0.106739303444601
"chr17-0400",0.094222120616682
"chr17-0401",-0.0634706106921012
"chr17-0402",-0.0557624604535706
"chr17-0403",-0.0932646170275267
"chr17-0404",-0.0135346348921344
"chr17-0405",-0.0984728191550157
"chr17-0406",0.107275740742707
"chr17-0407",-0.014820913304512
"chr17-0408",0.0123773676928539
"chr17-0409",-0.0171372210612386
"chr17-0410",0.0163205676765064
"chr17-0411",-0.020274265100024
"chr17-0412",0.036445330258577
"chr17-0413",-0.0983976605543185
"chr17-0414",-0.103539757268398
"chr17-0415",-0.120350111354227
"chr17-0416",0.118238854102277
"chr17-0417",-0.133428116915611
"chr17-0418",0.0911070306042876
"chr17-0419",0.108540095964228
"chr17-0420",-0.0131648869320153
"chr17-0421",-0.0788404857579016
"chr17-0422",0.168888379657415
"chr17-0423",0.0920521776807537
"chr17-0424",0.597272746493366
"chr17-0425",0.46209537283414
"chr17-0426",0.00522595365834874
"chr17-0427",-0.0202061182135759
"chr17-0428",0.0472859164152881
"chr17-0429",0.00863431793214116
"chr17-0430",0.371359774803539
"chr17-0431",0.181817906970827
"chr17-0432",0.186056211156569
"chr17-0433",0.23870860532501
"chr17-0434",-0.0107131077573845
"chr17-0435",-0.00395613980602034
"chr17-0436",0.0187117958687228
"chr17-0437",0.0955942414449146
"chr17-0438",0.0599541670870654
"chr17-0439",-0.021054211582543
"chr17-0440",0.0298754568587203
"chr17-0441",0.335002532144699
"chr17-0442",0.49971204141131
"chr17-0443",0.140664851675286
"chr17-0444",0.0673953342529945
"chr17-0445",0.0815962528929054
"chr17-0446",0.0951008450281466
"chr17-0447",0.0902001580032574
"chr17-0448",0.0794855033668297
"chr17-0449",0.0730806316503462
"chr17-0450",0.106722350969116
"chr17-0451",0.0633609171794434
"chr17-0452",0.102686904564676
"chr17-0453",-0.00522042101026391
"chr17-0454",0.177989801778808
"chr17-0455",-0.0513380063571197
"chr17-0456",-0.02373269293534
"chr17-0457",0.204437771540324
"chr17-0458",0.00777915857112094
"chr17-0459",0.0969692163432051
"chr17-0460",0.0940543564352155
"chr17-0461",0.0329733379956289
"chr17-0462",-0.122541926091589
"chr17-0463",0.0190111179688162
"chr17-0464",-0.00788556504428933
"chr17-0465",0.0808588933261017
"chr17-0466",0.0239732155403021
"chr17-0467",0.0424920265441745
"chr17-0468",-0.140966119497385
"chr17-0469",-0.0422706743329996
"chr17-0470",-0.159473433676455
"chr17-0471",0.112036516538819
"chr17-0472",0.128128160810575
"chr17-0473",-0.0190959219299113
"chr17-0474",0.0891183603477347
"chr17-0475",0.115722582914841
"chr17-0476",0.396649890584413
"chr17-0477",0.080020810249439
"chr17-0478",0.0455885465464322
"chr17-0479",0.107333883954771
"chr17-0480",0.338760690024455
"chr17-0481",0.395451418706981
"chr17-0482",0.270254731398581
"chr17-0483",0.472877138577806
"chr17-0484",0.369180832506533
"chr17-0485",0.296379896651099
"chr17-0486",0.190447841761197
"chr17-0487",0.298137555422557
"chr17-0488",0.367648646160846
"chr17-0489",0.544120756792875
"chr17-0490",0.452522127041832
"chr17-0491",0.526203921619542
"chr17-0492",0.561969200594601
"chr17-0493",0.621293035738171
"chr17-0494",0.538036078868371
"chr17-0495",0.514738341945203
"chr17-0496",0.576260114756867
"chr17-0497",0.317520716890075
"chr17-0498",0.13945017927579
"chr17-0499",0.0833371378075604
"chr17-0500",0.0306837430020712
"chr17-0501",0.216767297086174
"chr17-0502",0.152843458157385
"chr17-0503",0.130854412639439
"chr17-0504",0.330877427822107
"chr17-0505",0.339467154560053
"chr17-0506",0.319619821639242
"chr17-0507",0.346263678013094
"chr17-0508",0.284241743830759
"chr17-0509",0.114045590243458
"chr17-0510",0.240068819337801
"chr17-0511",0.187137189004632
"chr17-0512",-0.0240069468253839
"chr17-0513",0.154150368056382
"chr17-0514",0.0587682586018942
"chr17-0515",0.0975096854746426
"chr17-0516",0.170561026953367
"chr17-0517",0.0169835089313652
"chr17-0518",0.0125315165291678
"chr17-0519",0.105076241929887
"chr17-0520",0.0732580543651668
"chr17-0521",0.0881149609476709
"chr17-0522",0.224337098287671
"chr17-0523",0.0910283243209909
"chr17-0524",0.0135803968841071
"chr17-0525",0.319419289009683
"chr17-0526",0.106511942501293
"chr17-0527",0.0814240609534517
"chr17-0528",0.173500636020335
"chr17-0529",0.203613546830038
"chr17-0530",-0.070595979090054
"chr17-0531",0.227221864222466
"chr17-0532",0.0964040292665681
"chr17-0533",0.450305418381733
"chr17-0534",-0.036816787365588
"chr17-0535",0.0849874003807096
"chr17-0536",0.19001850453018
"chr17-0537",0.0648326422699338
"chr17-0538",0.09597834433523
"chr17-0539",0.185521273285203
"chr17-0540",0.152329839021251
"chr17-0541",0.0544593732597387
"chr17-0542",0.0387014452888068
"chr17-0543",0.27770447642889
"chr17-0544",0.691138736625415
"chr17-0545",0.731622067431245
"chr17-0546",0.462617183681234
"chr17-0547",0.0948414611219217
"chr17-0548",0.30780086446947
"chr17-0549",0.593165242852779
"chr17-0550",0.560774652925441
"chr17-0551",0.394663200228799
"chr17-0552",0.243135403119866
"chr17-0553",0.373658744418878
"chr17-0554",0.408969305281589
"chr17-0555",0.217372732353418
"chr17-0556",0.312197344290122
"chr17-0557",0.402086429663655
"chr17-0558",0.58067083657514
"chr17-0559",0.61881964565293
"chr17-0560",0.0765576071193319
"chr17-0561",-0.0462909290813016
"chr17-0562",0.0181995806422841
"chr17-0563",-0.0618094547200315
"chr17-0564",-0.026300171527174
"chr17-0565",0.0751295975003037
"chr17-0566",0.119379781422438
"chr17-0567",0.00135928747246919
"chr17-0568",0.0647885617100475
"chr17-0569",0.320204058337869
"chr17-0570",0.0203453493845348
"chr17-0571",0.132294122628184
"chr17-0572",0.164444717943498
"chr17-0573",0.218177137709346
"chr17-0574",0.299835992924649
"chr17-0575",0.334353190242628
"chr17-0576",-0.122422981459864
"chr17-0577",0.171011797702778
"chr17-0578",0.243957541329649
"chr17-0579",0.140724191858093
"chr17-0580",0.151497350722934
"chr17-0581",0.0704103965617986
"chr17-0582",0.245709044808392
"chr17-0583",0.245951252847768
"chr17-0584",0.211027408621427
"chr17-0585",0.411249328386439
"chr17-0586",0.0791320549562032
"chr17-0587",0.338806616117001
"chr17-0588",0.313395404874023
"chr17-0589",0.56041262887932
"chr17-0590",0.696369447646968
"chr17-0591",0.551809317414133
"chr17-0592",0.539508592902748
"chr17-0593",0.345195173677457
"chr17-0594",0.46965592185772
"chr17-0595",0.136339045801765
"chr17-0596",0.0625105013640216
"chr17-0597",-0.0484131679490358
"chr17-0598",0.0867493091625224
"chr17-0599",0.367280966435546
"chr17-0600",-0.0144186986742746
"chr17-0601",0.20412086671356
"chr17-0602",0.285355389091838
"chr17-0603",0.254144927345003
"chr17-0604",0.433149522478864
"chr17-0605",0.428988313918016
"chr17-0606",0.226942627336768
"chr17-0607",0.199303654039407
"chr17-0608",-0.00375135801644
"chr17-0609",0.391614024756759
"chr17-0610",0.454411661603359
"chr17-0611",0.284050174612616
"chr17-0612",0.452881448899075
"chr17-0613",0.593111616092021
"chr17-0614",0.788274880629161
"chr17-0615",0.665409783482999
"chr17-0616",0.742429126770148
"chr17-0617",0.510116769392978
"chr17-0618",0.453560213507973
"chr17-0619",0.742225198236125
"chr17-0620",0.55773492220189
"chr17-0621",0.559040237111037
"chr17-0622",0.781317872331347
"chr17-0623",0.644920739556499
"chr17-0624",0.763351131648442
"chr17-0625",0.632687430898571
"chr17-0626",0.655184524121123
"chr17-0627",0.46277670916504
"chr17-0628",0.296563101530572
"chr17-0629",0.393316642256586
"chr17-0630",0.486351488536389
"chr17-0631",0.289797982075493
"chr17-0632",0.316489575324305
"chr17-0633",0.524798497565548
"chr17-0634",0.436557474571607
"chr17-0635",0.382774627218045
"chr17-0636",0.171417389114932
"chr17-0637",0.246723211545108
"chr17-0638",0.183104869930734
"chr17-0639",0.260837477370832
"chr17-0640",0.2521194314433
"chr17-0641",0.257152077936694
"chr17-0642",0.163953539748276
"chr17-0643",0.591750562548938
"chr17-0644",0.317046914854894
"chr17-0645",0.291437431907009
"chr17-0646",0.25016281886009
"chr17-0647",0.235325051347621
"chr17-0648",0.388735093568905
"chr17-0649",0.256725574805774
"chr17-0650",0.169960373235671
"chr17-0651",0.275861621473776
"chr17-0652",0.107094850296702
"chr17-0653",0.201396097372727
"chr17-0654",0.230988369806341
"chr17-0655",0.379462538368565
"chr17-0656",0.466273484457333
"chr17-0657",0.0907183652902467
"chr17-0658",0.00358724408971698
"chr17-0659",-0.0330358956299543
"chr17-0660",-0.0848094850558105
"chr17-0661",0.067136520429087
"chr17-0662",-0.102272556615389
"chr17-0663",0.0194316279425948
"chr17-0664",0.108544672026028
"chr17-0665",0.310241148048838
"chr17-0666",0.209104811821219
"chr17-0667",-0.0107456195836111
"chr17-0668",-0.0445529550852496
"chr17-0669",0.0350259106114461
"chr17-0670",0.00461795093095899
"chr17-0671",-0.00966102899319994
"chr17-0672",-0.0645849902515434
"chr17-0673",-0.0259435121806485
"chr17-0674",0.0370779486285332
"chr17-0675",0.0970138507590196
"chr17-0676",0.123378211565857
"chr17-0677",0.222671441092364
"chr17-0678",0.156565966262036
"chr17-0679",0.0295613779920705
"chr17-0680",0.0737656873696118
"chr17-0681",0.0805911217132912
"chr17-0682",0.236986122062382
"chr17-0683",0.0807305754756819
"chr17-0684",0.0233733264225146
"chr17-0685",0.0778504552200466
"chr17-0686",0.097594363043613
"chr17-0687",0.165096751822521
"chr17-0688",0.121690208283804
"chr17-0689",0.262912287948385
"chr17-0690",0.212689732001638
"chr17-0691",0.104307409965268
"chr17-0692",0.12462057123147
"chr17-0693",0.0942551139770071
"chr17-0694",0.088951393768568
"chr17-0695",0.210753514536593
"chr17-0696",0.165020846451329
"chr17-0697",0.159164398284428
"chr17-0698",0.119658436718485
"chr17-0699",0.132224592475585
"chr17-0700",0.284488752391498
"chr17-0701",0.465006971520918
"chr17-0702",0.0648401723280249
"chr17-0703",0.040456027794867
"chr17-0704",0.0412662870146581
"chr17-0705",0.00827154980177281
"chr17-0706",0.118791744857587
"chr17-0707",0.10222656113062
"chr17-0708",0.0925185220621529
"chr17-0709",0.196733540489466
"chr17-0710",0.350290684934287
"chr17-0711",0.203571136884492
"chr17-0712",0.183168255144946
"chr17-0713",-0.007372009977545
"chr17-0714",0.012152221234337
"chr17-0715",0.0115152151009666
"chr17-0716",-0.0726056203871212
"chr17-0717",0.165990263340305
"chr17-0718",0.211203654642179
"chr17-0719",0.04534762307509
"chr17-0720",0.230546575587621
"chr17-0721",0.112475659589417
"chr17-0722",0.148085548991649
"chr17-0723",-0.0625088437897955
"chr17-0724",-0.0932524765934559
"chr17-0725",-0.121731694765628
"chr17-0726",-0.0520489471951872
"chr17-0727",0.0740021441468334
"chr17-0728",-0.0126527965734775
"chr17-0729",0.026078466592044
"chr17-0730",0.00561550178498896
"chr17-0731",0.145583842166782
"chr17-0732",-0.116123409834664
"chr17-0733",-0.0453654534879159
"chr17-0734",0.322339348245377
"chr17-0735",0.284786244381093
"chr17-0736",0.243600128176367
"chr17-0737",0.189665979106519
"chr17-0738",0.0990574591347871
"chr17-0739",0.00232888283761368
"chr17-0740",-0.00651496375827091
"chr17-0741",-0.142201123886159
"chr17-0742",-0.112167783711304
"chr17-0743",-0.0299148337378578
"chr17-0744",-0.0872857792077589
"chr17-0745",-0.0426753948972557
"chr17-0746",-0.155316544567924
"chr17-0747",-0.0144638645529383
"chr17-0748",-0.176370206724742
"chr17-0749",-0.129343269495566
"chr17-0750",-0.104399373934971
"chr17-0751",-0.194528607765615
"chr17-0752",-0.220402634420043
"chr17-0753",-0.149760350913682
"chr17-0754",0.0650674957372543
"chr17-0755",-0.021394438685868
"chr17-0756",0.00414168265925427
"chr17-0757",0.0685154403891068
"chr17-0758",-0.061594491950911
"chr17-0759",0.0510009590411796
"chr17-0760",0.125184595629522
"chr17-0761",0.0100746575659402
"chr17-0762",0.0335473702317818
"chr17-0763",0.0472423239691619
"chr17-0764",0.00739563595325771
"chr17-0765",0.0358030588027707
"chr17-0766",-0.105907775967073
"chr18-0001",0.0133676761127727
"chr18-0002",0.0854516391990333
"chr18-0003",0.161083171846254
"chr18-0004",0.150041676784833
"chr18-0005",0.185054610514015
"chr18-0006",0.10058265591443
"chr18-0007",0.101245992006746
"chr18-0008",-0.0482060568505535
"chr18-0009",0.375145112839452
"chr18-0010",0.227859359341407
"chr18-0011",0.389726950123572
"chr18-0012",0.555913987615544
"chr18-0013",0.208291611780721
"chr18-0014",0.19824074356813
"chr18-0015",0.0914382375037369
"chr18-0016",0.110871703280347
"chr18-0017",0.572304610614142
"chr18-0018",0.31962501943576
"chr18-0019",0.459924232647532
"chr18-0020",0.0851674594018852
"chr18-0021",0.388500433302086
"chr18-0022",0.163224701233144
"chr18-0023",0.137766502026862
"chr18-0024",0.372165686928111
"chr18-0025",0.387275159989591
"chr18-0026",0.413007269231118
"chr18-0027",0.314167520815254
"chr18-0028",0.398086985760715
"chr18-0029",0.48080439528316
"chr18-0030",0.274463766646277
"chr18-0031",0.0106342246148468
"chr18-0032",0.304742869336293
"chr18-0033",0.409587921400723
"chr18-0034",0.178863763465118
"chr18-0035",0.147358551570217
"chr18-0036",0.157968400100532
"chr18-0037",0.164041494947282
"chr18-0038",0.439723674829893
"chr18-0039",0.361070753857172
"chr18-0040",0.295560427348767
"chr18-0041",0.187953366803348
"chr18-0042",0.0238171956592747
"chr18-0043",0.133563771776813
"chr18-0044",0.467235510317261
"chr18-0045",0.424820768067435
"chr18-0046",0.249236879679946
"chr18-0047",0.195855643346831
"chr18-0048",0.176878706723528
"chr18-0049",0.164930177045589
"chr18-0050",0.234012675036357
"chr18-0051",0.279754744977503
"chr18-0052",0.185452774611961
"chr18-0053",0.17342826804135
"chr18-0054",0.429456555917355
"chr18-0055",0.219593331411759
"chr18-0056",0.319702112050708
"chr18-0057",0.300033263813303
"chr18-0058",0.321829234762327
"chr18-0059",0.254287477690807
"chr18-0060",0.207338440572184
"chr18-0061",0.228102360357292
"chr18-0062",0.429010658994599
"chr18-0063",0.3922771971568
"chr18-0064",0.38868228929663
"chr18-0065",0.330415448947221
"chr18-0066",0.341921841934962
"chr18-0067",0.156789608991862
"chr18-0068",0.157404555332895
"chr18-0069",0.0265249468392181
"chr18-0070",0.0487998228248016
"chr18-0071",0.195409949326689
"chr18-0072",0.283251796019603
"chr18-0073",-0.000898180744067842
"chr18-0074",0.0593493721323699
"chr18-0075",-0.0270755756923941
"chr18-0076",0.410182187914899
"chr18-0077",0.0388346438233901
"chr18-0078",-0.000137409274754469
"chr18-0079",-0.00861237556159318
"chr18-0080",0.302146022922022
"chr18-0081",0.122377921489485
"chr18-0082",0.264330526973112
"chr18-0083",0.112299801453139
"chr18-0084",0.121948488641334
"chr18-0085",0.212335931936597
"chr18-0086",0.309015578305779
"chr18-0087",0.135405655027329
"chr18-0088",0.210386317536108
"chr18-0089",0.0263200981896268
"chr18-0090",-0.00657552260340593
"chr18-0091",0.0775407522484091
"chr18-0092",0.34561549952604
"chr18-0093",0.158831692539229
"chr18-0094",0.168748016268782
"chr18-0095",0.0925983539229974
"chr18-0096",0.049181655360167
"chr18-0097",0.227452071022845
"chr18-0098",0.105788744667327
"chr18-0099",0.314951808939811
"chr18-0100",0.07507933915948
"chr18-0101",0.169980346306883
"chr18-0102",0.250975593957895
"chr18-0103",0.26223963080572
"chr18-0104",0.169338702856619
"chr18-0105",0.309406612283403
"chr18-0106",0.286944558151727
"chr18-0107",0.341061751963996
"chr18-0108",0.41437411252008
"chr18-0109",0.233603578550699
"chr18-0110",0.20375055788015
"chr18-0111",0.26097434852719
"chr18-0112",0.189641940608668
"chr18-0113",0.146059280336761
"chr18-0114",0.165466961007017
"chr18-0115",0.209080479015935
"chr18-0116",0.325911141873744
"chr18-0117",0.429842781499322
"chr18-0118",0.433103099279572
"chr18-0119",0.244165345570888
"chr18-0120",0.347976085667496
"chr18-0121",0.0931951349219755
"chr18-0122",0.305528761928765
"chr18-0123",0.361676342732217
"chr18-0124",0.410033258876141
"chr18-0125",0.35476871691566
"chr18-0126",0.402131419370952
"chr18-0127",0.1884600853637
"chr18-0128",0.31626852169341
"chr18-0129",0.235909449003577
"chr18-0130",0.205142131089983
"chr18-0131",0.165921267803748
"chr18-0132",0.193529735246214
"chr18-0133",0.270893297351802
"chr18-0134",0.38868073392715
"chr18-0135",0.511910125414826
"chr18-0136",0.470247125825313
"chr18-0137",0.367377087346127
"chr18-0138",0.452987325583842
"chr18-0139",0.357945171036451
"chr18-0140",0.112901478005614
"chr18-0141",0.291340924680745
"chr18-0142",0.47047495144485
"chr18-0143",0.330347177337207
"chr18-0144",0.37228601204754
"chr18-0145",0.266701779653467
"chr18-0146",0.434621135176491
"chr18-0147",0.0621954624817289
"chr18-0148",-0.0727428124447745
"chr18-0149",0.371727921054028
"chr18-0150",0.0370228078382384
"chr18-0151",0.217137146694046
"chr18-0152",0.365893331237979
"chr18-0153",0.535661471800614
"chr18-0154",0.181357036445659
"chr18-0155",0.228376007441029
"chr18-0156",0.504699065883909
"chr18-0157",0.070557471042293
"chr18-0158",0.502019426774883
"chr18-0159",0.379595674708458
"chr18-0160",0.36580983189813
"chr18-0161",0.340132835755334
"chr18-0162",0.101797633033046
"chr18-0163",0.0273133517184815
"chr18-0164",0.194139804216429
"chr18-0165",0.09443124120393
"chr18-0166",0.478627009709339
"chr18-0167",0.290874123826957
"chr18-0168",-0.0825998434541424
"chr18-0169",0.0779657305462786
"chr18-0170",-0.139522162249211
"chr18-0171",0.151193011816636
"chr18-0172",0.407969127825308
"chr18-0173",0.325710341392636
"chr18-0174",0.0799691262978716
"chr18-0175",0.0430783637762513
"chr18-0176",0.00786997459758408
"chr18-0177",0.0529719045551177
"chr18-0178",0.153180819412316
"chr18-0179",0.0673944896851554
"chr18-0180",0.535656473390463
"chr18-0181",0.532458904362386
"chr18-0182",0.238618113042137
"chr18-0183",0.55471431192281
"chr18-0184",0.32457274417824
"chr18-0185",0.594399217037923
"chr18-0186",0.554230232828381
"chr18-0187",0.506378472408176
"chr18-0188",0.470950689241386
"chr18-0189",0.111868716010804
"chr18-0190",0.371395235914186
"chr18-0191",0.254733668403836
"chr18-0192",0.348732802443964
"chr18-0193",0.249821052585387
"chr18-0194",0.315093650792803
"chr18-0195",0.30360206074977
"chr18-0196",0.103401136483091
"chr18-0197",0.0494444697052971
"chr18-0198",0.284858512796483
"chr18-0199",-0.0135728208918869
"chr18-0200",0.0354171877115722
"chr18-0201",0.0586271507297753
"chr18-0202",0.138669571057552
"chr18-0203",0.203356159777833
"chr18-0204",0.133098684303197
"chr18-0205",-0.0167526719796019
"chr18-0206",0.256436577040233
"chr18-0207",0.185862426924336
"chr18-0208",0.146110057818615
"chr18-0209",0.0550575106858054
"chr18-0210",0.0632000244491193
"chr18-0211",0.361331632837636
"chr18-0212",0.144178555257779
"chr18-0213",0.407062580118911
"chr18-0214",0.110666095542918
"chr18-0215",0.20381195278644
"chr18-0216",0.160681406564591
"chr18-0217",0.256404111873904
"chr18-0218",0.111031764984553
"chr18-0219",0.105402410428361
"chr18-0220",0.246587710373436
"chr18-0221",0.247246030696627
"chr18-0222",0.102980729303628
"chr18-0223",0.214749733432733
"chr18-0224",0.252179148185468
"chr18-0225",0.231201674171641
"chr18-0226",0.0817679765323502
"chr18-0227",0.288323923974567
"chr18-0228",0.132601034876714
"chr18-0229",0.340306553946313
"chr18-0230",0.116864245935859
"chr18-0231",0.0998844557344819
"chr18-0232",0.0895809980930506
"chr18-0233",0.112792781238901
"chr18-0234",0.190397854826927
"chr18-0235",0.142719974472894
"chr18-0236",0.24716138641765
"chr18-0237",0.315794433046638
"chr18-0238",0.212079655663605
"chr18-0239",0.111773692228216
"chr18-0240",0.38842405244615
"chr18-0241",0.336437238506646
"chr18-0242",0.481242260040924
"chr18-0243",0.306709080978298
"chr18-0244",0.199823609841215
"chr18-0245",0.246739174073582
"chr18-0246",0.475490167273704
"chr18-0247",0.453699007388993
"chr18-0248",0.280895844258522
"chr18-0249",0.294094855169654
"chr18-0250",0.46166302363597
"chr18-0251",0.354685200278908
"chr18-0252",0.609200519801902
"chr18-0253",0.491598568559955
"chr18-0254",0.458118635349837
"chr18-0255",0.364396985120366
"chr18-0256",0.467199457261598
"chr18-0257",0.527450342617141
"chr18-0258",0.39902597980864
"chr18-0259",0.20639199774373
"chr18-0260",0.498469505204824
"chr18-0261",0.312418649946333
"chr18-0262",0.185566363687582
"chr18-0263",0.0822769663285577
"chr18-0264",0.397534929651395
"chr18-0265",0.170366146363301
"chr18-0266",0.301204101372208
"chr18-0267",0.241458000152754
"chr18-0268",0.335793522609657
"chr18-0269",0.366293864382324
"chr18-0270",0.310931025456229
"chr18-0271",0.431722910377613
"chr18-0272",0.283850385856699
"chr18-0273",0.335577496774037
"chr18-0274",0.30702418578371
"chr18-0275",0.281362692398617
"chr18-0276",0.183701120227838
"chr18-0277",0.362385050179328
"chr18-0278",0.385951003290407
"chr18-0279",0.493050681634726
"chr18-0280",0.255261972024178
"chr18-0281",0.194451033359849
"chr18-0282",-0.0213717908496088
"chr18-0283",0.308326722783877
"chr18-0284",0.321579711799332
"chr18-0285",0.291423647550026
"chr18-0286",0.364741564608029
"chr18-0287",0.399471842838982
"chr18-0288",0.287584419551195
"chr18-0289",0.288695141828753
"chr18-0290",0.366399881215997
"chr18-0291",0.403408913829664
"chr18-0292",0.180860854328107
"chr18-0293",0.403822554637115
"chr18-0294",0.327497284415928
"chr18-0295",0.111768130669248
"chr18-0296",0.473491278928559
"chr18-0297",0.383752172810883
"chr18-0298",0.169524930977809
"chr18-0299",0.30289972267148
"chr18-0300",-0.013598041859435
"chr18-0301",0.159622647213513
"chr18-0302",0.260122974416456
"chr18-0303",0.353817703672988
"chr18-0304",0.310047319441373
"chr18-0305",0.427028188709687
"chr18-0306",0.511119269044467
"chr18-0307",0.502124021915411
"chr18-0308",0.0558822483954745
"chr18-0309",0.299018526075862
"chr18-0310",0.346779197662024
"chr18-0311",0.512399224747699
"chr18-0312",0.306722600386598
"chr18-0313",0.259165091830028
"chr18-0314",0.43531095272799
"chr18-0315",0.254117987330977
"chr18-0316",0.383397583699437
"chr18-0317",0.537046015123339
"chr18-0318",0.492413358625307
"chr18-0319",0.445597995182296
"chr18-0320",0.450271307399118
"chr18-0321",0.546665437464209
"chr18-0322",0.533309804728555
"chr18-0323",0.340504589148218
"chr18-0324",0.521606602957122
"chr18-0325",0.117220948260892
"chr18-0326",0.509305308925174
"chr18-0327",0.499933646445624
"chr18-0328",0.476546775604032
"chr18-0329",0.175685916224466
"chr18-0330",0.408980850667723
"chr18-0331",0.342260575940286
"chr18-0332",0.453217432872146
"chr18-0333",0.278921107166028
"chr18-0334",0.267544597688114
"chr18-0335",0.12361201606237
"chr18-0336",0.545254036806917
"chr18-0337",0.54164829098296
"chr18-0338",0.320003749632771
"chr18-0339",0.146657707438376
"chr18-0340",0.272958910244878
"chr18-0341",0.234782753965686
"chr18-0342",0.117646487338169
"chr18-0343",0.153638946653733
"chr18-0344",-0.03216162969261
"chr18-0345",0.462114837435789
"chr18-0346",0.528761852244509
"chr18-0347",0.494525497764871
"chr18-0348",0.0924392187711856
"chr18-0349",0.238765416429758
"chr18-0350",0.34439866613673
"chr18-0351",0.331722688389801
"chr18-0352",0.131978597193168
"chr18-0353",0.382506879967034
"chr18-0354",0.236696654600672
"chr18-0355",0.152607323836079
"chr18-0356",0.288716273346444
"chr18-0357",0.239689099436528
"chr18-0358",0.361992886141417
"chr18-0359",0.0476003214143958
"chr18-0360",0.323287825824443
"chr18-0361",0.133629052668715
"chr18-0362",0.144457685623468
"chr18-0363",0.244176291875094
"chr18-0364",0.251520721038345
"chr18-0365",-0.0714782159607896
"chr18-0366",0.399275112311544
"chr18-0367",0.330014874908578
"chr18-0368",0.367032023086371
"chr18-0369",0.193035255676709
"chr18-0370",0.256092112809263
"chr18-0371",-0.0124320673052438
"chr18-0372",0.260921269592734
"chr18-0373",0.124443867555919
"chr18-0374",0.105301678218599
"chr18-0375",0.199889330329207
"chr18-0376",0.146197933998478
"chr18-0377",0.111228782062591
"chr18-0378",0.0535084498163509
"chr18-0379",0.295058116680237
"chr18-0380",0.411107784890907
"chr18-0381",0.225354690955405
"chr18-0382",0.0378169124179913
"chr18-0383",0.0386791342266165
"chr18-0384",-0.0354087433471388
"chr18-0385",0.0445486959181631
"chr18-0386",0.140373687038361
"chr18-0387",0.0668378969729757
"chr18-0388",0.0770697188255253
"chr18-0389",0.0193165879660692
"chr18-0390",-0.166881169584127
"chr18-0391",0.0684866763718084
"chr18-0392",0.102980106110466
"chr18-0393",0.0837249825822665
"chr19-0001",-0.154169462038087
"chr19-0002",-0.0363207592788504
"chr19-0003",-0.115255457202553
"chr19-0004",-0.0921165923656407
"chr19-0005",-0.248029021851266
"chr19-0006",-0.190101529820602
"chr19-0007",-0.24588227094183
"chr19-0008",-0.124070990548334
"chr19-0009",-0.142339129622477
"chr19-0010",-0.210236227641415
"chr19-0011",-0.265545245278786
"chr19-0012",-0.170700642561767
"chr19-0013",-0.160582343378139
"chr19-0014",-0.285395482558943
"chr19-0015",-0.226062316577377
"chr19-0016",-0.168401194502896
"chr19-0017",-0.293194705731583
"chr19-0018",-0.226364453197867
"chr19-0019",-0.162342052503365
"chr19-0020",-0.212858110815816
"chr19-0021",-0.316725748809412
"chr19-0022",-0.213385996652153
"chr19-0023",-0.156017428900119
"chr19-0024",-0.0897633808818998
"chr19-0025",-0.229648869466536
"chr19-0026",-0.156913354349223
"chr19-0027",-0.0867608717789364
"chr19-0028",-0.132640602897775
"chr19-0029",-0.129228589946484
"chr19-0030",-0.0621630074557439
"chr19-0031",-0.10946509528922
"chr19-0032",-0.0190044268804677
"chr19-0033",-0.0335271870437703
"chr19-0034",-0.196435362470894
"chr19-0035",-0.168514957492132
"chr19-0036",1.98779487531396e-06
"chr19-0037",-0.0389615841008267
"chr19-0038",-0.157308995826687
"chr19-0039",-0.201007273309245
"chr19-0040",-0.138682711632312
"chr19-0041",-0.124883218682345
"chr19-0042",-0.0371422428598584
"chr19-0043",-0.105504770261187
"chr19-0044",-0.165882922536553
"chr19-0045",-0.206726183379796
"chr19-0046",-0.241888803876773
"chr19-0047",-0.11204390361005
"chr19-0048",-0.210879303109837
"chr19-0049",-0.190274026188784
"chr19-0050",-0.110478394492929
"chr19-0051",-0.226560913186551
"chr19-0052",-0.109533833015044
"chr19-0053",-0.195789307126629
"chr19-0054",-0.0599078890357683
"chr19-0055",-0.0758561035105997
"chr19-0056",-0.151789958942341
"chr19-0057",-0.0936023968272056
"chr19-0058",-0.203103730039263
"chr19-0059",-0.190352550680413
"chr19-0060",-0.0301884219136663
"chr19-0061",-0.0283890988217807
"chr19-0062",-0.0727326501739488
"chr19-0063",-0.120574859982788
"chr19-0064",0.0198093396320927
"chr19-0065",-0.102935410461722
"chr19-0066",-0.030534199035848
"chr19-0067",0.0541001407224296
"chr19-0068",-0.0956129576507445
"chr19-0069",-0.0480081926029281
"chr19-0070",-0.128238563562194
"chr19-0071",0.095158542032938
"chr19-0072",-0.157630895819147
"chr19-0073",-0.204280460714188
"chr19-0074",-0.16796857555794
"chr19-0075",-0.132901363011295
"chr19-0076",-0.143892942675683
"chr19-0077",0.00882005921370996
"chr19-0078",0.0241190845683403
"chr19-0079",0.118359979126031
"chr19-0080",0.043721138324396
"chr19-0081",0.0226786480324498
"chr19-0082",0.0395058301523494
"chr19-0083",-0.16958963560441
"chr19-0084",-0.171643621934478
"chr19-0085",-0.00604281272532974
"chr19-0086",-0.0984252334460608
"chr19-0087",-0.209171983532812
"chr19-0088",-0.0726303633513591
"chr19-0089",0.135531459819203
"chr19-0090",0.196906951670567
"chr19-0091",0.00417212089711218
"chr19-0092",0.0827901685183699
"chr19-0093",0.266717978532601
"chr19-0094",-0.126863334113407
"chr19-0095",-0.111635625975931
"chr19-0096",-0.124846575860036
"chr19-0097",-0.193854538828883
"chr19-0098",-0.176065530804273
"chr19-0099",-0.166107993614629
"chr19-0100",-0.129634172989532
"chr19-0101",-0.205681430549467
"chr19-0102",-0.261363968287774
"chr19-0103",-0.00578875935910337
"chr19-0104",0.0363213849563711
"chr19-0105",-0.170238958749591
"chr19-0106",-0.0926294323512838
"chr19-0107",-0.0899520755927975
"chr19-0108",-0.213507021349565
"chr19-0109",-0.105741204076375
"chr19-0110",-0.167664906813414
"chr19-0111",-0.0811838033322202
"chr19-0112",0.0212918383165488
"chr19-0113",-0.0298354878289503
"chr19-0114",0.101889738396854
"chr19-0115",0.0882961922095409
"chr19-0116",-0.00136335047527858
"chr19-0117",0.000448549155504333
"chr19-0118",-0.172402674646374
"chr19-0119",0.0586202143356099
"chr19-0120",-0.0754045577199097
"chr19-0121",-0.0256706011157784
"chr19-0122",0.115829510732039
"chr19-0123",-0.191004722518279
"chr19-0124",-0.0971852992705632
"chr19-0125",-0.152163828619721
"chr19-0126",-0.0776037294549896
"chr19-0127",-0.165875586995409
"chr19-0128",-0.0333280130668059
"chr19-0129",-0.337189951603565
"chr19-0130",-0.23913244676699
"chr19-0131",-0.160788540735605
"chr19-0132",-0.26940964828238
"chr19-0133",-0.107875116868387
"chr19-0134",-0.156488204802665
"chr19-0135",-0.22703102528196
"chr19-0136",-0.0637685564085686
"chr19-0137",-0.0301440121307219
"chr19-0138",-0.193484023732718
"chr19-0139",-0.0127021463408912
"chr19-0140",0.0297157378185572
"chr19-0141",0.0202251354158716
"chr19-0142",-0.0707123769475459
"chr19-0143",-0.062438872596796
"chr19-0144",-0.137719786526963
"chr19-0145",-0.11153994628676
"chr19-0146",-0.116425090944751
"chr19-0147",-0.0851622336200795
"chr19-0148",-0.0464421138989334
"chr19-0149",0.159340235149321
"chr19-0150",-0.141985203190447
"chr19-0151",0.0203005996030076
"chr19-0152",0.0478689496560007
"chr19-0153",-0.104827505189653
"chr19-0154",0.0755953403374907
"chr19-0155",-0.18480066060507
"chr19-0156",-0.0119758084120109
"chr19-0157",-0.0665022838957737
"chr19-0158",0.0459192753279031
"chr19-0159",-0.144992331723909
"chr19-0160",-0.153576198774678
"chr19-0161",-0.0816306623252063
"chr19-0162",-0.115914266154795
"chr19-0163",-0.223487272776376
"chr19-0164",-0.115032463290422
"chr19-0165",-0.141218878590328
"chr19-0166",-0.0451609916458567
"chr19-0167",-0.136001175002822
"chr19-0168",-0.175499735969323
"chr19-0169",0.0114746266152066
"chr19-0170",0.102506904840759
"chr19-0171",0.0755392526467321
"chr19-0172",-0.11964945163433
"chr19-0173",-0.158729852780095
"chr19-0174",-0.212472231682986
"chr19-0175",-0.160418707767913
"chr19-0176",-0.266219400436169
"chr19-0177",-0.168763650328048
"chr19-0178",0.0356898065876206
"chr19-0179",-0.0258521745980009
"chr19-0180",0.0338757338853133
"chr19-0181",-0.157499728123845
"chr19-0182",-0.118459226271886
"chr19-0183",-0.0695329663893331
"chr19-0184",0.043783453568846
"chr19-0185",0.0817066538529536
"chr19-0186",-0.134837256145962
"chr19-0187",-0.0417091150342608
"chr19-0188",-0.0350718291360521
"chr19-0189",-0.0665412387125166
"chr19-0190",-0.0991424276279647
"chr19-0191",-0.0182372553848554
"chr19-0192",-0.191560391966026
"chr19-0193",-0.181471069550538
"chr19-0194",-0.0785677385832538
"chr19-0195",0.0348352993574569
"chr19-0196",0.168192018519809
"chr19-0197",0.118755783113977
"chr19-0198",0.0213241118506671
"chr19-0199",0.032949313279827
"chr19-0200",-0.107199829867693
"chr19-0201",-0.124328187275813
"chr19-0202",-0.0592284461720515
"chr19-0203",-0.19208789217437
"chr19-0204",0.0739624700068858
"chr19-0205",-0.0647443732897181
"chr19-0206",-0.172228840986868
"chr19-0207",-0.140220765925706
"chr19-0208",0.0288276238158454
"chr19-0209",-0.232513532102551
"chr19-0210",-0.0703134709776049
"chr19-0211",-0.0266858230024045
"chr19-0212",-0.100884236017682
"chr19-0213",-0.00783376708158048
"chr19-0214",-0.199914559523349
"chr19-0215",-0.100461231246408
"chr19-0216",-0.177853472237344
"chr19-0217",-0.145607552411355
"chr19-0218",-0.10517825174717
"chr19-0219",-0.134317081922869
"chr19-0220",-0.216387840477829
"chr19-0221",-0.173444915949261
"chr19-0222",-0.126546320730962
"chr19-0223",-0.173900841427042
"chr19-0224",-0.189072536315286
"chr19-0225",-0.113952848029361
"chr19-0226",-0.127249689009945
"chr19-0227",-0.340656745233951
"chr19-0228",-0.210054243278234
"chr19-0229",-0.192398234266813
"chr19-0230",-0.217102070136441
"chr19-0231",-0.129652649249821
"chr19-0232",-0.115917191865698
"chr19-0233",-0.206204345437299
"chr19-0234",-0.0633161376438431
"chr19-0235",-0.0587475424322909
"chr19-0236",-0.228679037370746
"chr19-0237",-0.116017294817438
"chr19-0238",0.0444820746216236
"chr19-0239",-0.0596332134773787
"chr19-0240",-0.147660445119762
"chr19-0241",-0.155796118202897
"chr19-0242",-0.16412526069742
"chr19-0243",-0.136137207503675
"chr19-0244",0.0263818132500423
"chr19-0245",-0.248051614645906
"chr19-0246",-0.158944533417388
"chr19-0247",-0.0911563293101908
"chr19-0248",-0.0863929998143326
"chr19-0249",0.158719233296439
"chr19-0250",-0.0395525478418652
"chr19-0251",0.164739169740702
"chr19-0252",-0.013989994687011
"chr19-0253",0.0569326499911821
"chr19-0254",0.0316606768893701
"chr19-0255",0.105171481269309
"chr19-0256",0.0413791542686378
"chr19-0257",-0.0242332285187329
"chr19-0258",-0.0569761885638108
"chr19-0259",0.0751341696789896
"chr19-0260",-0.0596115648393472
"chr19-0261",0.21396417009866
"chr19-0262",-0.143760695693331
"chr19-0263",0.0205368335160134
"chr19-0264",0.0358359128194756
"chr19-0265",0.0475345573050101
"chr19-0266",-0.195397749066412
"chr19-0267",-0.259369662298415
"chr19-0268",0.17082170845549
"chr19-0269",-0.0805943635727321
"chr19-0270",-0.176591205440374
"chr19-0271",0.0950707276795515
"chr19-0272",0.165350082426204
"chr19-0273",-0.112520339230741
"chr19-0274",0.00686748107538861
"chr19-0275",-0.227385211257053
"chr19-0276",-0.305423978743697
"chr19-0277",-0.212788875038818
"chr19-0278",-0.16161487349143
"chr19-0279",-0.251238548857629
"chr19-0280",-0.329893295668231
"chr19-0281",-0.0844189178018751
"chr19-0282",0.107271872706595
"chr19-0283",0.0846688819169049
"chr19-0284",-0.108300395483836
"chr19-0285",-0.477885554870289
"chr19-0286",-0.038161820396159
"chr19-0287",-0.0858294321227972
"chr19-0288",-0.0267257683003197
"chr19-0289",0.143168121096701
"chr19-0290",0.00762050994503874
"chr19-0291",0.0194087019284563
"chr19-0292",-0.0473705608630789
"chr19-0293",0.0892726595151429
"chr19-0294",0.0566757479632032
"chr19-0295",0.147437446302449
"chr19-0296",-0.400980067650054
"chr19-0297",-0.120105572873752
"chr19-0298",-0.370830061019016
"chr19-0299",-0.0576800842733436
"chr19-0300",-0.0910273401515728
"chr19-0301",-0.220863837985185
"chr19-0302",-0.202879449819258
"chr19-0303",-0.156820148185326
"chr19-0304",-0.119698542778019
"chr19-0305",-0.322000570638815
"chr19-0306",-0.271004991477586
"chr19-0307",-0.246834238918588
"chr19-0308",-0.18069729945277
"chr19-0309",-0.218656020982318
"chr19-0310",-0.29175901717537
"chr19-0311",-0.192202958261402
"chr19-0312",-0.140922717940237
"chr19-0313",-0.198772493484208
"chr19-0314",0.0827926575512903
"chr19-0315",-0.21664911741448
"chr19-0316",-0.236428912677417
"chr19-0317",-0.2029134661474
"chr19-0318",-0.170588135252758
"chr19-0319",-0.1169611772198
"chr19-0320",-0.178626656155624
"chr19-0321",-0.10844647675338
"chr19-0322",-0.270780042577729
"chr19-0323",-0.278408217814054
"chr19-0324",-0.199877945730582
"chr19-0325",-0.444393408058559
"chr19-0326",-0.301976426114429
"chr19-0327",-0.10699524435753
"chr19-0328",-0.0398825135054292
"chr19-0329",-0.248522276228295
"chr19-0330",-0.179988652111703
"chr19-0331",-0.267127671980525
"chr19-0332",-0.225159028068852
"chr19-0333",-0.213177024130169
"chr19-0334",-0.375476237142366
"chr19-0335",-0.32407185663908
"chr19-0336",-0.249869446545217
"chr19-0337",-0.366620343061003
"chr19-0338",-0.298637111852516
"chr19-0339",0.0147558437243005
"chr19-0340",0.079571392975944
"chr19-0341",-0.0761642274915904
"chr19-0342",-0.238034429631684
"chr19-0343",-0.0584243626541907
"chr19-0344",-0.0486144365589391
"chr19-0345",0.0392828330197678
"chr19-0346",-0.02007152490173
"chr19-0347",-0.144112746608603
"chr19-0348",-0.149907537285012
"chr19-0349",-0.00619851810035757
"chr19-0350",0.0995163308196875
"chr19-0351",0.105246141604249
"chr19-0352",-0.0818885179311601
"chr19-0353",-0.0563659963105645
"chr19-0354",-0.365977647304743
"chr19-0355",-0.19541567455773
"chr19-0356",-0.126435796855865
"chr19-0357",-0.111160133612807
"chr19-0358",-0.132637002708865
"chr19-0359",-0.484595000757176
"chr19-0360",-0.277991473741745
"chr19-0361",-0.0916757947401723
"chr19-0362",-0.165669344482664
"chr19-0363",-0.0600246363503855
"chr19-0364",-0.226279770840972
"chr19-0365",-0.24608084862002
"chr19-0366",-0.19720254603501
"chr19-0367",-0.14116705568397
"chr19-0368",-0.235546798835381
"chr19-0369",-0.179008746493897
"chr19-0370",0.0244433118993869
"chr19-0371",-0.156502511675908
"chr19-0372",-0.172904403270789
"chr19-0373",-0.170685895162346
"chr19-0374",-0.291424588004542
"chr19-0375",-0.274626553939495
"chr19-0376",-0.203932383995804
"chr19-0377",-0.244065447590527
"chr19-0378",-0.105952381380066
"chr19-0379",-0.174124802351641
"chr19-0380",-0.295691837138607
"chr19-0381",-0.240648338501555
"chr19-0382",-0.203657340547384
"chr19-0383",-0.131908267363073
"chr19-0384",-0.0720312940601469
"chr19-0385",0.137548789808043
"chr19-0386",-0.129498056693039
"chr19-0387",-0.0897343079777339
"chr19-0388",0.0138308825365803
"chr19-0389",-0.124646783425251
"chr19-0390",-0.334529338799793
"chr19-0391",-0.128354275074016
"chr19-0392",-0.206267006048598
"chr19-0393",-0.189881301998097
"chr19-0394",-0.28768415968656
"chr19-0395",-0.113158518435638
"chr19-0396",-0.0647896145906208
"chr19-0397",-0.165825913276959
"chr19-0398",-0.170453296030302
"chr19-0399",0.0458091141795279
"chr19-0400",-0.129802389428555
"chr19-0401",0.132438100333644
"chr19-0402",-0.0806234853040348
"chr19-0403",-0.0931033166738295
"chr19-0404",-0.232042106235032
"chr19-0405",-0.068989023272994
"chr19-0406",-0.20913711415881
"chr19-0407",-0.170323525008056
"chr19-0408",0.166863277250608
"chr19-0409",-0.0936736146545409
"chr19-0410",-0.0224560791601995
"chr19-0411",-0.143301847598619
"chr19-0412",-0.0104150310715601
"chr19-0413",-0.157301382104403
"chr19-0414",-0.25002853193699
"chr19-0415",-0.0572723701819728
"chr19-0416",-0.196901862302775
"chr19-0417",-0.1959471634765
"chr19-0418",-0.274926736477705
"chr19-0419",-0.254780799887147
"chr19-0420",-0.0805416320115539
"chr19-0421",-0.0303695941667898
"chr19-0422",0.058175032850764
"chr19-0423",0.0794314707269573
"chr19-0424",0.162742124552096
"chr19-0425",-0.0362748626694311
"chr19-0426",-0.0704848805220932
"chr19-0427",-0.014288395895507
"chr19-0428",-0.204710200746574
"chr19-0429",-0.186305952371225
"chr19-0430",-0.211080575099152
"chr19-0431",-0.235433922564347
"chr19-0432",0.0183013948199434
"chr19-0433",0.0153130062961054
"chr19-0434",0.0174678747550102
"chr19-0435",0.0176118904316313
"chr19-0436",0.0435684403136268
"chr19-0437",0.195109939380652
"chr19-0438",0.0115093565748016
"chr19-0439",0.0878352150320656
"chr19-0440",0.0989620335300243
"chr19-0441",-0.189199487292575
"chr19-0442",0.117354504794639
"chr19-0443",-0.153654131073914
"chr19-0444",-0.214584801828105
"chr19-0445",-0.246055133431463
"chr19-0446",-0.18084709909438
"chr19-0447",-0.223083888804078
"chr19-0448",-0.125279374470409
"chr19-0449",-0.257836587868007
"chr19-0450",-0.409119923474338
"chr19-0451",-0.149014687115866
"chr19-0452",-0.281480131388204
"chr19-0453",-0.311859227576447
"chr19-0454",-0.219506185651306
"chr19-0455",-0.141461706912263
"chr19-0456",-0.19606691373118
"chr19-0457",-0.189446754785073
"chr19-0458",-0.313291210036015
"chr19-0459",-0.244166355256354
"chr19-0460",-0.222333380379736
"chr19-0461",0.0257056004753442
"chr19-0462",0.0573263451156836
"chr19-0463",0.127420539800745
"chr19-0464",-0.0874301391642596
"chr19-0465",-0.310063079641434
"chr19-0466",-0.155525747996924
"chr19-0467",-0.254669068540224
"chr19-0468",-0.11002572149346
"chr19-0469",-0.184951575343979
"chr19-0470",-0.266440702528392
"chr19-0471",-0.198209274706991
"chr19-0472",0.00744561824158662
"chr19-0473",0.195852800027858
"chr19-0474",-0.094933392373563
"chr19-0475",-0.200909540369258
"chr19-0476",-0.00755312999946414
"chr19-0477",-0.116969721366223
"chr19-0478",-0.131290255519947
"chr19-0479",-0.114154004843661
"chr19-0480",-0.0963962921198945
"chr19-0481",-0.106072583893608
"chr19-0482",-0.19763649543769
"chr19-0483",-0.0222483862766491
"chr19-0484",-0.145664228469342
"chr19-0485",-0.162468355036333
"chr19-0486",-0.189847456101296
"chr19-0487",0.295708276243452
"chr19-0488",-0.0710043357579621
"chr19-0489",-0.0580916364027592
"chr19-0490",-0.0771403292111863
"chr19-0491",-0.0129697107283977
"chr19-0492",-0.0884347556367335
"chr19-0493",-0.255023151447401
"chr19-0494",-0.189808230505558
"chr19-0495",-0.145287731169242
"chr19-0496",-0.263409475540687
"chr19-0497",-0.241531375535873
"chr19-0498",-0.120160118068107
"chr19-0499",-0.194146543898474
"chr19-0500",-0.126275989432534
"chr19-0501",-0.116902208537019
"chr19-0502",-0.169509718011177
"chr19-0503",-0.27265164148064
"chr19-0504",0.0216697116675494
"chr19-0505",-0.0451707783666491
"chr19-0506",-0.150864389481918
"chr19-0507",-0.209903059016353
"chr19-0508",-0.209966267296462
"chr19-0509",-0.241067785637635
"chr19-0510",-0.261169731624007
"chr19-0511",-0.0782758378659496
"chr19-0512",-0.186931453646404
"chr19-0513",-0.237902875421359
"chr19-0514",-0.172968299871796
"chr19-0515",-0.273746753504215
"chr19-0516",-0.242585786175394
"chr19-0517",-0.272632805212446
"chr19-0518",-0.129165194748023
"chr19-0519",-0.153555037044092
"chr19-0520",-0.327203215904474
"chr19-0521",-0.242794353934034
"chr19-0522",-0.06933919139633
"chr19-0523",-0.138988785702633
"chr19-0524",-0.236386634963312
"chr19-0525",-0.309561793462573
"chr19-0526",-0.115455787538197
"chr19-0527",-0.220829685091778
"chr19-0528",-0.134360264496526
"chr19-0529",-0.103815185171823
"chr19-0530",-0.0761066129547028
"chr19-0531",-0.103815067432672
"chr19-0532",-0.393232555292198
"chr19-0533",-0.177987635632326
"chr19-0534",-0.170294544770418
"chr19-0535",-0.128956272288179
"chr19-0536",-0.0470905805879062
"chr19-0537",-0.104146480950721
"chr19-0538",0.109097587213362
"chr19-0539",-0.0180235874118026
"chr19-0540",-0.0653511043951877
"chr19-0541",0.0302145703230675
"chr19-0542",0.0232852907311876
"chr19-0543",-0.0649707540880205
"chr19-0544",0.0437394265642446
"chr19-0545",-0.0899164862931554
"chr19-0546",-0.124854948696595
"chr19-0547",-0.0113531750003827
"chr19-0548",-0.0634061793639759
"chr19-0549",-0.0493874821768191
"chr19-0550",-0.185808779986888
"chr19-0551",-0.185759024955051
"chr19-0552",0.0629576609419688
"chr19-0553",-0.110015433179364
"chr19-0554",-0.1364683574743
"chr19-0555",-0.0149342190202962
"chr19-0556",0.0167248073491886
"chr19-0557",-0.144998138003687
"chr19-0558",0.0228088456559952
"chr19-0559",-0.100729454374121
"chr19-0560",-0.0859810792849394
"chr19-0561",-0.202142430329313
"chr19-0562",-0.194107046927075
"chr19-0563",-0.279507457641574
"chr19-0564",-0.287437139786714
"chr19-0565",-0.0696660556020489
"chr19-0566",-0.26959915955626
"chr19-0567",-0.167013382685275
"chr19-0568",-0.0410244338649653
"chr19-0569",-0.165334563525908
"chr19-0570",-0.402688585675153
"chr19-0571",-0.033442218036025
"chr19-0572",-0.0412501914332442
"chr19-0573",-0.361597933116682
"chr19-0574",-0.17454552181262
"chr19-0575",-0.0451658628725089
"chr19-0576",0.090269292416686
"chr19-0577",0.0804897152244061
"chr19-0578",-0.000824858968931578
"chr19-0579",0.103088014511733
"chr19-0580",-0.156330930895709
"chr19-0581",0.0110665732062489
"chr19-0582",-0.347588138247159
"chr19-0583",-0.317856523865051
"chr19-0584",-0.289885524007625
"chr19-0585",-0.219831725833127
"chr19-0586",-0.356826127210801
"chr19-0587",-0.302005331070319
"chr19-0588",-0.104743476805657
"chr19-0589",-0.164108989992452
"chr19-0590",-0.199034488789394
"chr19-0591",0.277826513778822
"chr19-0592",0.0182632501218913
"chr19-0593",-0.163579192131267
"chr19-0594",-0.054827176375559
"chr19-0595",-0.201630665854666
"chr19-0596",-0.0484330873829866
"chr19-0597",0.00178353726227562
"chr19-0598",-0.0962920176223516
"chr19-0599",0.0465636536786496
"chr19-0600",-0.390928164874618
"chr19-0601",-0.104241465201078
"chr19-0602",-0.151858050211577
"chr19-0603",-0.0753764495521356
"chr19-0604",-0.141832969290434
"chr19-0605",-0.179706961565099
"chr19-0606",-0.202587110448112
"chr19-0607",-0.165129611146282
"chr19-0608",-0.0987293253880377
"chr19-0609",-0.0761237055196352
"chr19-0610",-0.0960014863409057
"chr19-0611",-0.220722231756387
"chr19-0612",-0.0995744813917638
"chr19-0613",-0.0599340194823164
"chr19-0614",-0.0166982733173312
"chr19-0615",-0.104306625517071
"chr19-0616",-0.258016235840387
"chr19-0617",-0.0495575509298401
"chr19-0618",-0.0793815090178069
"chr19-0619",0.0261273451842203
"chr19-0620",-0.179654454502551
"chr19-0621",-0.259502533934804
"chr19-0622",-0.17898799982039
"chr19-0623",-0.165470946964424
"chr2-0001",-0.0272464522121035
"chr2-0002",0.0303222654507137
"chr2-0003",0.118843137970774
"chr2-0004",0.123151571269889
"chr2-0005",0.0937538320037387
"chr2-0006",0.0694918725661791
"chr2-0007",0.139377196916678
"chr2-0008",0.0845853682751077
"chr2-0009",0.113603531229073
"chr2-0010",0.116453540789151
"chr2-0011",-0.0328131221756687
"chr2-0012",0.0681326337492406
"chr2-0013",0.275123740005816
"chr2-0014",0.120791596617657
"chr2-0015",0.150230398599833
"chr2-0016",0.0273463100677198
"chr2-0017",0.135359510329896
"chr2-0018",0.0149805811036095
"chr2-0019",-0.0608784014277899
"chr2-0020",-0.00316672809641252
"chr2-0021",0.136890200846516
"chr2-0022",0.0520425893203272
"chr2-0023",0.024069216636013
"chr2-0024",0.113902836164113
"chr2-0025",0.0892567738125186
"chr2-0026",0.155688211856148
"chr2-0027",0.514097014886074
"chr2-0028",0.028390551413617
"chr2-0029",-0.0393626087252631
"chr2-0030",-0.0310816808258991
"chr2-0031",0.0787259213922605
"chr2-0032",0.13013460746515
"chr2-0033",-0.0427319981598846
"chr2-0034",0.0111569761262631
"chr2-0035",0.0612427901067164
"chr2-0036",0.185512474939603
"chr2-0037",0.0695074433424349
"chr2-0038",0.0557374632904196
"chr2-0039",-0.00940440335563006
"chr2-0040",0.0493897696314459
"chr2-0041",-0.134829549701109
"chr2-0042",0.111443536271257
"chr2-0043",0.336710333159523
"chr2-0044",0.288533644682298
"chr2-0045",0.255440364991729
"chr2-0046",-0.0224377831177084
"chr2-0047",0.147853810337582
"chr2-0048",0.073861800874458
"chr2-0049",0.334231877089306
"chr2-0050",0.144901963318996
"chr2-0051",0.270287303827261
"chr2-0052",0.240785852860179
"chr2-0053",0.119946313516518
"chr2-0054",0.138365848312611
"chr2-0055",0.115906251551025
"chr2-0056",0.128621892400471
"chr2-0057",0.0684330460584968
"chr2-0058",0.261120016841303
"chr2-0059",0.270331903395715
"chr2-0060",0.272323904426317
"chr2-0061",0.332464459432165
"chr2-0062",0.235347559651248
"chr2-0063",0.0734831087105385
"chr2-0064",0.140011174217082
"chr2-0065",0.134887928811438
"chr2-0066",0.0373974850998101
"chr2-0067",0.0202965009123161
"chr2-0068",-0.0649842886191437
"chr2-0069",0.321109221270948
"chr2-0070",0.252653186703549
"chr2-0071",0.0973202681793414
"chr2-0072",0.0278305502086554
"chr2-0073",0.0422126629078013
"chr2-0074",0.148847656154829
"chr2-0075",0.200790575720854
"chr2-0076",-0.0651505603779887
"chr2-0077",0.161392455171621
"chr2-0078",0.0956170093138854
"chr2-0079",0.113559993037728
"chr2-0080",0.0111199345350148
"chr2-0081",-0.00866055206798619
"chr2-0082",-0.183879923118453
"chr2-0083",-0.0811711116310359
"chr2-0084",-0.0580641085831558
"chr2-0085",-0.076280235994101
"chr2-0086",-0.0167562131878718
"chr2-0087",-0.0176076366041265
"chr2-0088",-0.0433557951992006
"chr2-0089",0.00669910306023459
"chr2-0090",-0.0266516373840878
"chr2-0091",0.0765992796500598
"chr2-0092",0.0700231198127942
"chr2-0093",0.0284700172763679
"chr2-0094",-0.0141029217582825
"chr2-0095",-0.0528177328546555
"chr2-0096",0.113993291737823
"chr2-0097",0.0255156977647121
"chr2-0098",0.236273677864343
"chr2-0099",0.152443317496283
"chr2-0100",0.158804053875641
"chr2-0101",0.161787164426751
"chr2-0102",0.041703351196693
"chr2-0103",-0.0352258771013025
"chr2-0104",0.143508721370229
"chr2-0105",0.144684892706152
"chr2-0106",0.201403165085694
"chr2-0107",0.313008645155101
"chr2-0108",0.309869271319905
"chr2-0109",0.249674294221815
"chr2-0110",0.318347736391338
"chr2-0111",-0.0992656208370528
"chr2-0112",0.311804054376059
"chr2-0113",0.350630449733473
"chr2-0114",0.337986117482664
"chr2-0115",-0.230402234873732
"chr2-0116",0.18712550189979
"chr2-0117",0.254627547477049
"chr2-0118",0.188060391633128
"chr2-0119",0.0613914748307133
"chr2-0120",-0.0349355001332017
"chr2-0121",-0.240796999445257
"chr2-0122",-0.0877832955184688
"chr2-0123",0.107990132290929
"chr2-0124",0.0458506204838684
"chr2-0125",0.135801399983948
"chr2-0126",0.290318866443058
"chr2-0127",0.223314054485584
"chr2-0128",0.301223000237721
"chr2-0129",0.238875578062206
"chr2-0130",0.153785631380143
"chr2-0131",0.0556462554027818
"chr2-0132",0.110427018215635
"chr2-0133",0.0890220493905638
"chr2-0134",0.405088398751146
"chr2-0135",0.361267726408336
"chr2-0136",0.154513417640424
"chr2-0137",0.316156882407757
"chr2-0138",0.248456079292294
"chr2-0139",-0.0483118042782116
"chr2-0140",0.154021557091986
"chr2-0141",0.112719599042398
"chr2-0142",0.130145941186259
"chr2-0143",0.136709516742894
"chr2-0144",0.123089471603834
"chr2-0145",-0.0088112483880584
"chr2-0146",0.0125204043332401
"chr2-0147",0.193163921102404
"chr2-0148",0.0676895886075933
"chr2-0149",0.00981267211628636
"chr2-0150",0.0661080600189639
"chr2-0151",-0.167925364291843
"chr2-0152",0.146245577906883
"chr2-0153",0.182738684747492
"chr2-0154",0.179623977011325
"chr2-0155",0.295216478504863
"chr2-0156",0.344923915446455
"chr2-0157",0.216502310212553
"chr2-0158",0.0839247923067474
"chr2-0159",0.158474812791693
"chr2-0160",0.136743442518737
"chr2-0161",0.0334648517651921
"chr2-0162",0.107362385880436
"chr2-0163",0.0593460173509673
"chr2-0164",-0.225728964384002
"chr2-0165",-0.142420754891323
"chr2-0166",-0.224330687720811
"chr2-0167",0.215368490679048
"chr2-0168",0.159501841746479
"chr2-0169",0.103768194920067
"chr2-0170",0.406561655267131
"chr2-0171",-0.0571266418564791
"chr2-0172",0.0455286261482034
"chr2-0173",-0.0651673302142044
"chr2-0174",-0.127763615427336
"chr2-0175",0.206662414750267
"chr2-0176",0.00657827859474138
"chr2-0177",-0.0360679957898915
"chr2-0178",-0.0924712300445864
"chr2-0179",0.0955119067846183
"chr2-0180",0.345321375248031
"chr2-0181",0.0881429799323241
"chr2-0182",0.0723189093272326
"chr2-0183",0.0793932126548039
"chr2-0184",0.0704836951685669
"chr2-0185",0.058278195779827
"chr2-0186",-0.161568873021009
"chr2-0187",0.177715507415853
"chr2-0188",-0.0286234919857203
"chr2-0189",-0.0186159951140769
"chr2-0190",-0.0554416169463242
"chr2-0191",0.0211105593259225
"chr2-0192",-0.0153327560769187
"chr2-0193",-0.190849239065422
"chr2-0194",-0.156273674894396
"chr2-0195",0.0439612065036886
"chr2-0196",-0.219517954838471
"chr2-0197",-0.0901165530046766
"chr2-0198",0.0064343163021214
"chr2-0199",-0.0426784350628354
"chr2-0200",-0.0910414472723716
"chr2-0201",-0.0705445563592666
"chr2-0202",0.0444480686095387
"chr2-0203",-0.0727457877165425
"chr2-0204",0.0830996697884332
"chr2-0205",0.11124100810902
"chr2-0206",0.122884864240601
"chr2-0207",0.230392388660738
"chr2-0208",0.418213303232949
"chr2-0209",0.137779912512421
"chr2-0210",-0.0641901079154688
"chr2-0211",0.1172772143009
"chr2-0212",0.07628028189532
"chr2-0213",0.259553108185772
"chr2-0214",0.145009682367263
"chr2-0215",0.0716846446163719
"chr2-0216",-0.00725304444075006
"chr2-0217",0.258653565032874
"chr2-0218",0.046521257729702
"chr2-0219",0.0704590763827981
"chr2-0220",0.113087688965084
"chr2-0221",0.102796011418046
"chr2-0222",0.149801879000925
"chr2-0223",0.162595019691625
"chr2-0224",-0.0410344587448315
"chr2-0225",0.16398199326883
"chr2-0226",0.290064629861837
"chr2-0227",0.0990144283593226
"chr2-0228",0.134323025316443
"chr2-0229",0.0312938254664076
"chr2-0230",0.174238374935012
"chr2-0231",0.107889715125439
"chr2-0232",0.198259649430463
"chr2-0233",0.167079542995969
"chr2-0234",-0.0297650117354704
"chr2-0235",0.0242109555707243
"chr2-0236",0.174648256302602
"chr2-0237",0.233702684802295
"chr2-0238",0.0619480338240091
"chr2-0239",0.310762513559775
"chr2-0240",0.0269715343272182
"chr2-0241",-0.157216598620227
"chr2-0242",0.207845844537671
"chr2-0243",0.0796046047903557
"chr2-0244",0.176700648167827
"chr2-0245",0.0781353602253096
"chr2-0246",0.126728961159984
"chr2-0247",0.214996091120903
"chr2-0248",0.0833182085699118
"chr2-0249",0.339347839672073
"chr2-0250",0.374617835805819
"chr2-0251",0.125773377059142
"chr2-0252",0.0788145386871791
"chr2-0253",0.281340531003071
"chr2-0254",0.191112166593957
"chr2-0255",0.338482820992505
"chr2-0256",0.229731781585156
"chr2-0257",0.409621826282702
"chr2-0258",0.316983735337009
"chr2-0259",0.23226417856004
"chr2-0260",0.274689163128865
"chr2-0261",0.235726092127737
"chr2-0262",0.219624940171974
"chr2-0263",0.0843089993716835
"chr2-0264",-0.0854262823553155
"chr2-0265",0.137513983146826
"chr2-0266",0.29586717742923
"chr2-0267",0.359093069522048
"chr2-0268",0.349579681103392
"chr2-0269",0.159739393602327
"chr2-0270",0.358991639560352
"chr2-0271",0.388226416766519
"chr2-0272",0.221233557854531
"chr2-0273",0.313438371954554
"chr2-0274",0.0798703080959184
"chr2-0275",0.324008639590634
"chr2-0276",0.325976070322654
"chr2-0277",0.0355719356897048
"chr2-0278",0.17541591950903
"chr2-0279",0.237808843971471
"chr2-0280",0.153490911038206
"chr2-0281",0.322939641707819
"chr2-0282",0.140913971166694
"chr2-0283",0.233235632442723
"chr2-0284",0.150111022070685
"chr2-0285",0.159577467900664
"chr2-0286",0.0490059816634321
"chr2-0287",0.217511553321377
"chr2-0288",0.198301607457506
"chr2-0289",0.18396916166016
"chr2-0290",0.136155680565317
"chr2-0291",0.363210963127001
"chr2-0292",0.204520923852256
"chr2-0293",0.310711614824511
"chr2-0294",0.476267004604232
"chr2-0295",0.223996295857718
"chr2-0296",0.388630661987262
"chr2-0297",0.352570399227434
"chr2-0298",0.392705058329235
"chr2-0299",0.0305078595506852
"chr2-0300",0.147258859378497
"chr2-0301",0.210084673091788
"chr2-0302",0.107543334676816
"chr2-0303",0.242635453507022
"chr2-0304",0.187291626859075
"chr2-0305",0.216111362458753
"chr2-0306",-0.0493212639898312
"chr2-0307",0.143360223695809
"chr2-0308",-0.0967663737082874
"chr2-0309",0.105046123688934
"chr2-0310",-0.00316980427181072
"chr2-0311",0.03812649267442
"chr2-0312",0.0531615390998337
"chr2-0313",0.0792496397450459
"chr2-0314",-0.188554384242705
"chr2-0315",0.330660325292674
"chr2-0316",0.407000052588183
"chr2-0317",0.438244641885877
"chr2-0318",0.0556587276039147
"chr2-0319",0.140015820135123
"chr2-0320",0.035666476854948
"chr2-0321",0.235458238454797
"chr2-0322",0.0117982687880256
"chr2-0323",0.259242402968885
"chr2-0324",0.113941381513297
"chr2-0325",0.198196314781892
"chr2-0326",0.375020669837914
"chr2-0327",0.219398619101312
"chr2-0328",-0.0194133361022047
"chr2-0329",0.00627121934962152
"chr2-0330",0.293008592685538
"chr2-0331",0.233431360815914
"chr2-0332",0.154311502606095
"chr2-0333",0.475912988711418
"chr2-0334",-0.0424184835607257
"chr2-0335",0.302044523066883
"chr2-0336",0.150272749088228
"chr2-0337",0.126763349833328
"chr2-0338",0.0649183688190309
"chr2-0339",0.366688536118742
"chr2-0340",0.340173500197545
"chr2-0341",0.123730923536235
"chr2-0342",0.118317957474854
"chr2-0343",0.304439891483543
"chr2-0344",0.205185361060854
"chr2-0345",0.0432829204634641
"chr2-0346",0.188114596245754
"chr2-0347",0.236146659382436
"chr2-0348",0.365827789311317
"chr2-0349",0.192158464956278
"chr2-0350",-0.0829498319447581
"chr2-0351",0.131877705201551
"chr2-0352",0.0308938250704039
"chr2-0353",0.11025249687805
"chr2-0354",0.0919793686509543
"chr2-0355",0.179860083846035
"chr2-0356",0.0870855606379027
"chr2-0357",-0.11021015152485
"chr2-0358",0.155494245927523
"chr2-0359",0.037998756614634
"chr2-0360",-0.0347750111989596
"chr2-0361",0.0423228443502436
"chr2-0362",0.18069692331229
"chr2-0363",0.217406054861179
"chr2-0364",0.315908167326153
"chr2-0365",0.299778379781529
"chr2-0366",0.1684679623356
"chr2-0367",0.234670133318873
"chr2-0368",0.317327035625901
"chr2-0369",0.420135777851244
"chr2-0370",0.278366054417698
"chr2-0371",0.387459678587782
"chr2-0372",0.210905685218026
"chr2-0373",0.354513517255236
"chr2-0374",0.0525119580720733
"chr2-0375",0.351531069283943
"chr2-0376",0.226153221684388
"chr2-0377",0.0938670233228051
"chr2-0378",0.00529226693858918
"chr2-0379",0.126818041288275
"chr2-0380",0.126384861240076
"chr2-0381",0.28729443092833
"chr2-0382",0.0792004819968974
"chr2-0383",0.262699772989567
"chr2-0384",0.0386379162157347
"chr2-0385",0.243001845687616
"chr2-0386",0.283110552678936
"chr2-0387",0.238562624377562
"chr2-0388",0.228585169870869
"chr2-0389",0.449792679997078
"chr2-0390",0.138018738482591
"chr2-0391",0.2131646168577
"chr2-0392",0.0215462208300149
"chr2-0393",0.0675820852345038
"chr2-0394",0.172206518143737
"chr2-0395",0.0170011963733413
"chr2-0396",-0.0310612038696572
"chr2-0397",0.0872775853736776
"chr2-0398",0.264853365483294
"chr2-0399",0.258218474990612
"chr2-0400",0.0887778376597301
"chr2-0401",0.394908733387114
"chr2-0402",0.303734319108665
"chr2-0403",0.003265268722466
"chr2-0404",0.19317275297966
"chr2-0405",0.185895559611589
"chr2-0406",0.369947896951158
"chr2-0407",0.338468574358962
"chr2-0408",0.361779746933101
"chr2-0409",0.125379503963445
"chr2-0410",0.17833170730118
"chr2-0411",0.223113825457997
"chr2-0412",0.173146221642434
"chr2-0413",0.0243560845175008
"chr2-0414",-0.0212077537463695
"chr2-0415",0.32902150332265
"chr2-0416",-0.591127173548846
"chr2-0417",-0.572929658157486
"chr2-0418",0.185135211111814
"chr2-0419",0.254864875358915
"chr2-0420",0.127019951502909
"chr2-0421",-0.217916875654549
"chr2-0422",0.164446204969595
"chr2-0423",0.124232814470563
"chr2-0424",-0.00433028630311937
"chr2-0425",0.325812307499576
"chr2-0426",-0.0852173826054392
"chr2-0427",0.329717776163253
"chr2-0428",0.0888634827769414
"chr2-0429",0.322843750851056
"chr2-0430",0.210100754075988
"chr2-0431",0.267291884750162
"chr2-0432",0.0556066498588074
"chr2-0433",-0.0533673707225855
"chr2-0434",0.18137191391782
"chr2-0435",0.180983135175954
"chr2-0436",0.218615556177152
"chr2-0437",0.394416835972899
"chr2-0438",0.255955293415248
"chr2-0439",0.262570752190558
"chr2-0440",0.199511438538747
"chr2-0441",0.183551144583172
"chr2-0442",0.00422812228632742
"chr2-0443",0.171876170917944
"chr2-0444",-0.0739527750753149
"chr2-0445",0.281572469283375
"chr2-0446",0.0549759713873144
"chr2-0447",-0.00659273328223278
"chr2-0448",0.159903830400292
"chr2-0449",0.0292726700317284
"chr2-0450",-0.0696049186667444
"chr2-0451",-0.0640633729234393
"chr2-0452",0.208973137544838
"chr2-0453",0.304041293151908
"chr2-0454",0.104394211620792
"chr2-0455",0.176543779989849
"chr2-0456",0.302117725572959
"chr2-0457",0.117613009168598
"chr2-0458",0.344386279440662
"chr2-0459",0.238548885943792
"chr2-0460",0.541068635115098
"chr2-0461",0.328589790463172
"chr2-0462",0.321729577127147
"chr2-0463",0.322803329894735
"chr2-0464",0.231994072770573
"chr2-0465",0.240917287461345
"chr2-0466",0.0139695290537097
"chr2-0467",0.409535516933036
"chr2-0468",0.0862349743140451
"chr2-0469",0.327060707505294
"chr2-0470",0.155397068035013
"chr2-0471",0.0302172919652546
"chr2-0472",0.222787012899491
"chr2-0473",0.235555608588414
"chr2-0474",0.276526987810157
"chr2-0475",0.280572824427151
"chr2-0476",0.279594094546144
"chr2-0477",0.144586842743993
"chr2-0478",0.210184405353278
"chr2-0479",-0.0772523964846944
"chr2-0480",0.386719337372239
"chr2-0481",0.272069508745851
"chr2-0482",0.132141135422352
"chr2-0483",-0.02070463211961
"chr2-0484",0.244143315437576
"chr2-0485",0.138117315964981
"chr2-0486",0.0890270483938925
"chr2-0487",0.156941852745557
"chr2-0488",-0.0380897567052023
"chr2-0489",0.0302994788985876
"chr2-0490",0.0147651573398537
"chr2-0491",0.0776564966474691
"chr2-0492",0.092441716310782
"chr2-0493",0.119699337701835
"chr2-0494",0.0365861107864544
"chr2-0495",0.0114483718023931
"chr2-0496",-0.0827506507631176
"chr2-0497",-0.180045254775787
"chr2-0498",-0.0192014656393696
"chr2-0499",0.0430288582801994
"chr2-0500",-0.0181969984045751
"chr2-0501",0.191943552370863
"chr2-0502",-0.0814508927286687
"chr2-0503",0.169081934819726
"chr2-0504",-0.0686142176681869
"chr2-0505",0.0687870631631386
"chr2-0506",0.125525416959294
"chr2-0507",0.0524895906305313
"chr2-0508",-0.0044442735325716
"chr2-0509",0.28791080507322
"chr2-0510",-0.13155941943781
"chr2-0511",-0.182460807671506
"chr2-0512",0.0578499899000578
"chr2-0513",-0.0896456842738337
"chr2-0514",-0.222282055082633
"chr2-0515",0.00368532409016475
"chr2-0516",0.0280179778216008
"chr2-0517",-0.0139160496581032
"chr2-0518",0.22792802756816
"chr2-0519",0.0131647944864707
"chr2-0520",0.213700931110424
"chr2-0521",0.0710971353180623
"chr2-0522",-0.00387180282654831
"chr2-0523",0.177102295086967
"chr2-0524",0.0651705969455009
"chr2-0525",-0.025253923179745
"chr2-0526",0.0989022981955193
"chr2-0527",-0.113651132567483
"chr2-0528",-0.115116117575687
"chr2-0529",0.0704819903873946
"chr2-0530",0.0547089778010753
"chr2-0531",0.291304848310744
"chr2-0532",-0.221626706676189
"chr2-0533",0.165041361982283
"chr2-0534",0.105523418791841
"chr2-0535",0.281027750092533
"chr2-0536",0.0985378187132115
"chr2-0537",0.248564037342392
"chr2-0538",0.149139807283212
"chr2-0539",0.244326220436089
"chr2-0540",0.0877953351626032
"chr2-0541",0.375428886611945
"chr2-0542",0.127741326005021
"chr2-0543",0.486071221892271
"chr2-0544",0.202665672918391
"chr2-0545",0.205055375824285
"chr2-0546",0.13227690490174
"chr2-0547",0.0419163891512844
"chr2-0548",0.181377942166702
"chr2-0549",0.189056453719754
"chr2-0550",0.161963987878307
"chr2-0551",0.0738842818035413
"chr2-0552",0.204680533329181
"chr2-0553",0.111950211831912
"chr2-0554",0.0588311776386086
"chr2-0555",0.098773271206094
"chr2-0556",0.0965415190763487
"chr2-0557",0.162190521449449
"chr2-0558",0.235147877321954
"chr2-0559",0.105952649895682
"chr2-0560",-0.151556193826083
"chr2-0561",-0.107915629660104
"chr2-0562",-0.0702445184090272
"chr2-0563",0.000719090689153001
"chr2-0564",0.0298450611632502
"chr2-0565",-0.171168623448114
"chr2-0566",-0.116616638174886
"chr2-0567",-0.190250832632874
"chr2-0568",-0.236217750305033
"chr2-0569",-0.0129718879349204
"chr2-0570",-0.130398650610574
"chr2-0571",-0.0581374610652081
"chr2-0572",-0.0664284883078704
"chr2-0573",-0.0642597561292853
"chr2-0574",-0.149167658501544
"chr2-0575",0.00378194905493999
"chr2-0576",0.010426769370794
"chr2-0577",-0.125690096235917
"chr2-0578",0.108885618126819
"chr2-0579",-0.0286732358178209
"chr2-0580",0.0852551803118264
"chr2-0581",0.0263719278361759
"chr2-0582",0.160547419987582
"chr2-0583",0.129066026207118
"chr2-0584",0.226733744340842
"chr2-0585",0.061312284859163
"chr2-0586",-0.0685613553111416
"chr2-0587",0.00116799252578485
"chr2-0588",-0.222622943069286
"chr2-0589",0.0239210165526685
"chr2-0590",0.012424931299921
"chr2-0591",-0.0818881653440074
"chr2-0592",0.141096111126504
"chr2-0593",-0.012155000336894
"chr2-0594",0.0744904448976401
"chr2-0595",0.184899525350397
"chr2-0596",0.323822290395762
"chr2-0597",0.0852025664766342
"chr2-0598",0.291949587048192
"chr2-0599",0.0981442201979916
"chr2-0600",-0.095201607251902
"chr2-0601",0.0923336087932371
"chr2-0602",-0.0705605774158618
"chr2-0603",-0.33105621549293
"chr2-0604",-0.0812767487993446
"chr2-0605",-0.227546095415782
"chr2-0606",-0.251550522137854
"chr2-0607",-0.0516862409466717
"chr2-0608",0.181628144581125
"chr2-0609",0.117180926040207
"chr2-0610",-0.0830687163362369
"chr2-0611",-0.301801603295242
"chr2-0612",-0.143615705120413
"chr2-0613",-0.167347961337503
"chr2-0614",-0.320555066006171
"chr2-0615",-0.289452916288975
"chr2-0616",-0.206719986169123
"chr2-0617",-0.122912587536491
"chr2-0618",-0.1975980832325
"chr2-0619",-0.132348894482969
"chr2-0620",-0.267935502823665
"chr2-0621",-0.0967424033115331
"chr2-0622",-0.0295431459858341
"chr2-0623",-0.0127389919303781
"chr2-0624",-0.215392219389641
"chr2-0625",-0.10435506820594
"chr2-0626",-0.0570708182996256
"chr2-0627",0.0886661136790901
"chr2-0628",0.048810719108602
"chr2-0629",0.153446448492842
"chr2-0630",-0.0911148277890036
"chr2-0631",-0.0126600326526544
"chr2-0632",-0.0217554556350406
"chr2-0633",0.0242236123154862
"chr2-0634",0.0799147523427516
"chr2-0635",-0.066947353217615
"chr2-0636",-0.159577405839896
"chr2-0637",0.0774191998114766
"chr2-0638",0.0357805562617732
"chr2-0639",-0.129733788748507
"chr2-0640",0.12137491289083
"chr2-0641",0.016741261382704
"chr2-0642",-0.167914715994896
"chr2-0643",0.213977402979284
"chr2-0644",0.148653679361284
"chr2-0645",-0.0175199586835502
"chr2-0646",-0.0244932838706754
"chr2-0647",0.0106831567583789
"chr2-0648",-0.0822793621838165
"chr2-0649",0.00336425599525444
"chr2-0650",-0.405759131420023
"chr2-0651",0.150522383579495
"chr2-0652",0.0227809654164792
"chr2-0653",0.0222576903925989
"chr2-0654",-0.0771367451920585
"chr2-0655",0.283303030642945
"chr2-0656",-0.0617258165500125
"chr2-0657",-0.0550537706533981
"chr2-0658",-0.103720166373722
"chr2-0659",-0.0959141404792815
"chr2-0660",-0.181204498404982
"chr2-0661",0.114594396000647
"chr2-0662",-0.136094883403838
"chr2-0663",0.203608878732641
"chr2-0664",0.248959856733969
"chr2-0665",0.261223217374026
"chr2-0666",0.0645873715499148
"chr2-0667",0.12709485100338
"chr2-0668",0.198505009823269
"chr2-0669",-0.00868429628683287
"chr2-0670",0.080130627910281
"chr2-0671",0.146938891361937
"chr2-0672",0.224271731334289
"chr2-0673",0.24801413062357
"chr2-0674",0.0754109505837265
"chr2-0675",0.0285872204495386
"chr2-0676",0.22314535252949
"chr2-0677",0.142908732131432
"chr2-0678",0.304790349617122
"chr2-0679",0.247671526660079
"chr2-0680",0.209206458648389
"chr2-0681",-0.0258208106702511
"chr2-0682",-0.126809037074658
"chr2-0683",-0.0615662081068329
"chr2-0684",-0.0488309120861168
"chr2-0685",0.0719455413570328
"chr2-0686",-0.110358761837426
"chr2-0687",0.0630406542746619
"chr2-0688",0.00861489067497916
"chr2-0689",-0.093335500001675
"chr2-0690",0.116155540256383
"chr2-0691",0.107537845510291
"chr2-0692",0.00409393254541206
"chr2-0693",-0.117716875643545
"chr2-0694",0.129766397081381
"chr2-0695",-0.0189133786183666
"chr2-0696",0.0523907794588022
"chr2-0697",0.0812590793556688
"chr2-0698",0.182112647142402
"chr2-0699",0.150489719359709
"chr2-0700",0.1077718048725
"chr2-0701",0.15082344909654
"chr2-0702",0.248577717705141
"chr2-0703",0.201551108217242
"chr2-0704",-0.145259321052904
"chr2-0705",-0.0205962457999462
"chr2-0706",-0.0700977616277786
"chr2-0707",0.0901644136127551
"chr2-0708",0.207301815376784
"chr2-0709",-0.102015284603703
"chr2-0710",-0.144939702828823
"chr2-0711",-0.216510470370744
"chr2-0712",-0.0532439807827725
"chr2-0713",-0.111991670917554
"chr2-0714",0.0646254722144516
"chr2-0715",0.150122549406356
"chr2-0716",0.056910297180395
"chr2-0717",0.00338929136839345
"chr2-0718",0.0781486011843129
"chr2-0719",-0.101276169658635
"chr2-0720",0.052580815800728
"chr2-0721",-0.0336345193157135
"chr2-0722",-0.0220696395283106
"chr2-0723",-0.0918493971939688
"chr2-0724",0.0328109303280513
"chr2-0725",0.136639048085297
"chr2-0726",-0.175201442112248
"chr2-0727",0.14004802208266
"chr2-0728",0.119802560662994
"chr2-0729",0.245502509661192
"chr2-0730",-0.128331796226175
"chr2-0731",0.0890709851629408
"chr2-0732",-0.064201944270569
"chr2-0733",0.138702598067867
"chr2-0734",-0.0300578378003274
"chr2-0735",-0.0808400636700033
"chr2-0736",-0.00916590499865454
"chr2-0737",-0.15716358884332
"chr2-0738",-0.0463933048522883
"chr2-0739",0.00132558335360241
"chr2-0740",-0.110452835202542
"chr2-0741",-0.102623736353609
"chr2-0742",0.10654743051632
"chr2-0743",0.00462380489201268
"chr2-0744",0.0278451888787437
"chr2-0745",0.00599110167687055
"chr2-0746",-0.0284794108372493
"chr2-0747",-0.0606720213399286
"chr2-0748",0.00987616525585436
"chr2-0749",0.160115808025312
"chr2-0750",0.0667285236760039
"chr2-0751",0.216847871934309
"chr2-0752",-0.0404146461248302
"chr2-0753",0.0151526486287538
"chr2-0754",0.107833789138423
"chr2-0755",-0.0947554020175653
"chr2-0756",0.124736842177352
"chr2-0757",0.210140832437959
"chr2-0758",0.117603864434804
"chr2-0759",0.00336659761684809
"chr2-0760",0.203088439873475
"chr2-0761",-0.071821606521366
"chr2-0762",-0.101807469009506
"chr2-0763",-0.0107047803804303
"chr2-0764",0.0897059532816443
"chr2-0765",-0.0304123118995756
"chr2-0766",0.0467757816094515
"chr2-0767",0.0736801981717944
"chr2-0768",0.0843603668132256
"chr2-0769",-0.125811027249815
"chr2-0770",-0.0279715072032554
"chr2-0771",-0.210486274273657
"chr2-0772",-0.2053251604833
"chr2-0773",-0.117062209261233
"chr2-0774",-0.15799630351162
"chr2-0775",-0.242765673980331
"chr2-0776",-0.0564193556887653
"chr2-0777",0.0167192008929141
"chr2-0778",0.20337576895504
"chr2-0779",-0.0493504157630357
"chr2-0780",-0.182674800280825
"chr2-0781",-0.0823343458407374
"chr2-0782",-0.183770299996624
"chr2-0783",-0.204142966283667
"chr2-0784",-0.152694073109914
"chr2-0785",-0.118190326671155
"chr2-0786",-0.125119763536777
"chr2-0787",-0.117028180231499
"chr2-0788",-0.0725515470240387
"chr2-0789",-0.131775244905041
"chr2-0790",-0.176518957943601
"chr2-0791",-0.0726818540748429
"chr2-0792",-0.0696132233067328
"chr2-0793",-0.108583453739418
"chr2-0794",0.0214491446936512
"chr2-0795",-0.284976349653408
"chr2-0796",0.226193098199627
"chr2-0797",0.0246506775745817
"chr2-0798",0.114680041740332
"chr2-0799",-0.0368529949805426
"chr2-0800",0.0441356895149666
"chr2-0801",-0.0748066311012319
"chr2-0802",0.184965115377062
"chr2-0803",0.108253428685358
"chr2-0804",0.0863310416279995
"chr2-0805",-0.0796358040300624
"chr2-0806",-0.0308289954001377
"chr2-0807",-0.275608184889267
"chr2-0808",0.0425176782826454
"chr2-0809",-0.306029896743769
"chr2-0810",0.0170755585458138
"chr2-0811",-0.0354603754906878
"chr2-0812",-0.0766947133926576
"chr2-0813",-0.102312942150717
"chr2-0814",-0.0194025107758132
"chr2-0815",-0.181049228653469
"chr2-0816",-0.257168311899701
"chr2-0817",-0.160352010143837
"chr2-0818",-0.154969967805844
"chr2-0819",0.117266981985909
"chr2-0820",-0.320206444403666
"chr2-0821",-0.249493814498877
"chr2-0822",-0.37554060899569
"chr2-0823",-0.158195827855515
"chr2-0824",-0.170260687491812
"chr2-0825",-0.168659591724341
"chr2-0826",-0.0996721374903709
"chr2-0827",-0.134235151945779
"chr2-0828",0.00969020186618713
"chr2-0829",0.0585410969388367
"chr2-0830",-0.200379331444718
"chr2-0831",-0.0301323325375702
"chr2-0832",0.0205247730946802
"chr2-0833",-0.188202737123777
"chr2-0834",-0.0339250141060483
"chr2-0835",-0.11930979720084
"chr2-0836",-0.113823143729864
"chr2-0837",-0.380369318964126
"chr2-0838",-0.376600863933599
"chr2-0839",-0.21544355978179
"chr2-0840",-3.69976083779769e-05
"chr2-0841",-0.378179779743581
"chr2-0842",-0.0575698082827956
"chr2-0843",-0.0754135032515497
"chr2-0844",0.0180026017377442
"chr2-0845",-0.0472199411539491
"chr2-0846",-0.158706693144822
"chr2-0847",-0.0197036612933336
"chr2-0848",-0.196514875607139
"chr2-0849",0.172285260156497
"chr2-0850",-0.104687920963899
"chr2-0851",-0.0147877614623421
"chr2-0852",-0.0012221225560307
"chr2-0853",0.119189745103931
"chr2-0854",-0.00749410024213119
"chr2-0855",0.153566798940229
"chr2-0856",0.0746533930077166
"chr2-0857",-0.0350806068131495
"chr2-0858",0.0302554830211897
"chr2-0859",-4.0230639126955e-05
"chr2-0860",0.0565892224025643
"chr2-0861",0.201349949510792
"chr2-0862",-0.0971968171674394
"chr2-0863",0.0969398296668417
"chr2-0864",0.0802658940921176
"chr2-0865",-0.0946511507264101
"chr2-0866",0.0748624241262283
"chr2-0867",0.231628221475382
"chr2-0868",-0.0250668899067369
"chr2-0869",0.00484941613778969
"chr2-0870",-0.11200897630762
"chr2-0871",0.0170084517764373
"chr2-0872",-0.0238460550641234
"chr2-0873",-0.0455125457735799
"chr2-0874",0.0994547957877147
"chr2-0875",0.14404079198185
"chr2-0876",-0.232099479249881
"chr2-0877",0.195965569383206
"chr2-0878",0.247487123101827
"chr2-0879",0.220289473048136
"chr2-0880",0.131655780450534
"chr2-0881",0.0253866638180935
"chr2-0882",0.221727129026448
"chr2-0883",-0.0362743302491242
"chr2-0884",0.0165098122792374
"chr2-0885",0.166538110933298
"chr2-0886",0.19205117388741
"chr2-0887",0.268241203095771
"chr2-0888",0.256043017001102
"chr2-0889",0.275172048085691
"chr2-0890",0.156941356366618
"chr2-0891",0.197206125080202
"chr2-0892",0.288713183541807
"chr2-0893",0.117264292555974
"chr2-0894",0.310807782438371
"chr2-0895",0.157962515762262
"chr2-0896",0.1014608112357
"chr2-0897",0.157794944213133
"chr2-0898",-0.0103025802685
"chr2-0899",0.354128591087791
"chr2-0900",0.299459107357951
"chr2-0901",0.231513424118823
"chr2-0902",0.301316123226909
"chr2-0903",0.235474097422742
"chr2-0904",0.24402921898982
"chr2-0905",0.193589822802328
"chr2-0906",0.23237575850191
"chr2-0907",0.198741050709105
"chr2-0908",0.250646078333436
"chr2-0909",0.134302454788215
"chr2-0910",0.0824213366095075
"chr2-0911",0.0887482382462273
"chr2-0912",0.140652866523631
"chr2-0913",0.0794731334048812
"chr2-0914",-0.00309908074028205
"chr2-0915",-0.00744345884429541
"chr2-0916",0.0884787347598377
"chr2-0917",0.0520219751431147
"chr2-0918",0.175720568069631
"chr2-0919",0.227772775457347
"chr2-0920",0.202223735256842
"chr2-0921",0.103288916862962
"chr2-0922",0.189989679763885
"chr2-0923",0.240754435516427
"chr2-0924",0.0909878539561795
"chr2-0925",0.224060251705337
"chr2-0926",0.0430433342426497
"chr2-0927",0.0861959772080201
"chr2-0928",-0.00136917171032402
"chr2-0929",0.150167545204977
"chr2-0930",0.252929041575204
"chr2-0931",0.0676782160181636
"chr2-0932",0.0706746940359619
"chr2-0933",0.0472143136127686
"chr2-0934",0.0396412999002497
"chr2-0935",-0.189117442085602
"chr2-0936",0.218822431548319
"chr2-0937",0.210735724875808
"chr2-0938",0.184258364091142
"chr2-0939",0.00620661334933961
"chr2-0940",0.10937345996803
"chr2-0941",-0.03443379486448
"chr2-0942",0.0788813650812127
"chr2-0943",0.0184392335177962
"chr2-0944",-0.052809570282553
"chr2-0945",-0.319698931291879
"chr2-0946",-0.607522577932527
"chr2-0947",-0.074836054630847
"chr2-0948",-0.183857022833268
"chr2-0949",-0.195089284627389
"chr2-0950",-0.0479018321841545
"chr2-0951",-0.422452509385591
"chr2-0952",-0.0779585242837302
"chr2-0953",-0.216932899908041
"chr2-0954",-0.257824210686153
"chr2-0955",-0.0529701674718826
"chr2-0956",-0.0393347155548196
"chr2-0957",-0.207220447224355
"chr2-0958",-0.153383220255817
"chr2-0959",-0.250534246655063
"chr2-0960",-0.269743616464831
"chr2-0961",-0.300507702693361
"chr2-0962",-0.349669411462565
"chr2-0963",-0.329265627494684
"chr2-0964",-0.202096627078061
"chr2-0965",-0.391597857048225
"chr2-0966",-0.189289111448904
"chr2-0967",-0.264336353566402
"chr2-0968",-0.382846300209223
"chr2-0969",-0.235670494874888
"chr2-0970",-0.376915974347381
"chr2-0971",-0.444010005751987
"chr2-0972",-0.122077860261211
"chr2-0973",-0.00357183385309147
"chr2-0974",-0.170293384736901
"chr2-0975",-0.206287480774302
"chr2-0976",-0.211061602297793
"chr2-0977",-0.140299136577621
"chr2-0978",-0.252354930070322
"chr2-0979",-0.338422461829759
"chr2-0980",-0.265784495241254
"chr2-0981",-0.183446235284254
"chr2-0982",-0.267392125604143
"chr2-0983",-0.193968845176666
"chr2-0984",-0.0236877349965681
"chr2-0985",-0.140400615274043
"chr2-0986",-0.410145802750097
"chr2-0987",-0.124854776910962
"chr2-0988",-0.139564444007637
"chr2-0989",-0.120152413154325
"chr2-0990",-0.229807290145287
"chr2-0991",-0.254152356320923
"chr2-0992",-0.258859885339585
"chr2-0993",-0.22042772510927
"chr2-0994",-0.192034694226898
"chr2-0995",-0.19701231078992
"chr2-0996",-0.189123140180654
"chr2-0997",-0.211099321110464
"chr2-0998",-0.341773659965534
"chr2-0999",-0.00392805000838183
"chr2-1000",-0.326106153227542
"chr2-1001",-0.14821431031963
"chr2-1002",-0.214591993858615
"chr2-1003",-0.0712423677715453
"chr2-1004",-0.0783611747371743
"chr2-1005",-0.111410797582216
"chr2-1006",-0.157491603463941
"chr2-1007",-0.380774194622785
"chr2-1008",-0.30339808230212
"chr2-1009",-0.223222233906798
"chr2-1010",-0.185034192278266
"chr2-1011",-0.140554344327979
"chr2-1012",-0.435346919067252
"chr2-1013",-0.0618292906130284
"chr2-1014",-0.310747861682666
"chr2-1015",-0.209090602757211
"chr2-1016",-0.659143383402712
"chr2-1017",-0.499631384259858
"chr2-1018",-0.056494093129293
"chr2-1019",-0.509537947224586
"chr2-1020",-0.391209848518469
"chr2-1021",-0.371093462951605
"chr2-1022",-0.39705506637029
"chr2-1023",-0.128760340221192
"chr2-1024",-0.175370688140617
"chr2-1025",-0.261363558287419
"chr2-1026",-0.120770912316001
"chr2-1027",-0.4422400911918
"chr2-1028",-0.554071848016169
"chr2-1029",-0.285728705855407
"chr2-1030",-0.22858095221769
"chr2-1031",-0.596505496638302
"chr2-1032",-0.235980341110222
"chr2-1033",-0.328891306597151
"chr2-1034",-0.416230234627866
"chr2-1035",-0.46570437027504
"chr2-1036",-0.351067222229265
"chr2-1037",-0.445013630716788
"chr2-1038",-0.314435063221714
"chr2-1039",-0.425701882945193
"chr2-1040",-0.410464079137027
"chr2-1041",-0.422672979319793
"chr2-1042",-0.0961670021896625
"chr2-1043",-0.35922136961224
"chr2-1044",-0.212788258154077
"chr2-1045",-0.0898618041238695
"chr2-1046",-0.3083687235653
"chr2-1047",-0.206530449556219
"chr2-1048",-0.104211092943791
"chr2-1049",-0.237054131448139
"chr2-1050",-0.128969373707306
"chr2-1051",0.105806511003941
"chr2-1052",0.0522329141659633
"chr2-1053",-0.11141191462831
"chr2-1054",-0.108789701191535
"chr2-1055",-0.0878146245610628
"chr2-1056",0.16676068298526
"chr2-1057",0.121276557541719
"chr2-1058",-0.212003557666652
"chr2-1059",-0.0532785961683008
"chr2-1060",0.269474028372352
"chr2-1061",-0.0314143991588551
"chr2-1062",-0.0490439715105318
"chr2-1063",0.0378477706992292
"chr2-1064",-0.143706166022928
"chr2-1065",-0.118310054924019
"chr2-1066",-0.125506029520817
"chr2-1067",-0.252314350838924
"chr2-1068",0.0964589195245182
"chr2-1069",0.112589878808758
"chr2-1070",0.180688598817267
"chr2-1071",0.143738789121212
"chr2-1072",0.155170873886207
"chr2-1073",0.144315807666804
"chr2-1074",0.121344692720026
"chr2-1075",-0.242185413279137
"chr2-1076",-0.146455442234914
"chr2-1077",0.137287440382376
"chr2-1078",0.171142060951482
"chr2-1079",0.0549899516085354
"chr2-1080",-0.058166155940297
"chr2-1081",-0.0752558211520942
"chr2-1082",0.201241139583744
"chr2-1083",0.13523853774622
"chr2-1084",-0.149304363305218
"chr2-1085",0.186108191048749
"chr2-1086",0.294625366709361
"chr2-1087",0.230985243235304
"chr2-1088",0.245732664925069
"chr2-1089",0.213888849884914
"chr2-1090",0.171971015991715
"chr2-1091",0.0639648866889373
"chr2-1092",0.0636271221754015
"chr2-1093",0.184742940635218
"chr2-1094",0.0721995336162657
"chr2-1095",0.0504466633467212
"chr2-1096",0.287974233734443
"chr2-1097",0.138813443236916
"chr2-1098",0.088256545827242
"chr2-1099",0.0360500036895768
"chr2-1100",0.151053328407354
"chr2-1101",0.122012383269574
"chr2-1102",0.202430079267595
"chr2-1103",0.259562216999339
"chr2-1104",-0.00919828274289609
"chr2-1105",-0.120849198292368
"chr2-1106",-0.0333486602185004
"chr2-1107",0.0250567693712648
"chr2-1108",0.280326662390414
"chr2-1109",0.249762642344191
"chr2-1110",0.0208746510916508
"chr2-1111",0.129594253556461
"chr2-1112",0.290822064795591
"chr2-1113",-0.221891826039222
"chr2-1114",0.150789481264617
"chr2-1115",0.141127629230339
"chr2-1116",0.039903794779534
"chr2-1117",0.121276994997154
"chr2-1118",0.238091737755819
"chr2-1119",0.0217641502156563
"chr2-1120",-0.0363401476480779
"chr2-1121",0.181432313421494
"chr2-1122",0.240755098130438
"chr2-1123",0.272750145635548
"chr2-1124",0.262890821084143
"chr2-1125",0.121535365854465
"chr2-1126",0.184444349838156
"chr2-1127",0.087065815829895
"chr2-1128",0.0354748249368922
"chr2-1129",0.120615393693594
"chr2-1130",-0.0203491528649759
"chr2-1131",-0.116411953828198
"chr2-1132",-0.00673642627588312
"chr2-1133",0.239003036326833
"chr2-1134",-0.0486206122094306
"chr2-1135",0.156874278085053
"chr2-1136",0.168461995470289
"chr2-1137",-0.0136387224451621
"chr2-1138",0.0979730703697918
"chr2-1139",0.164686564703481
"chr2-1140",-0.0256907407955031
"chr2-1141",0.124266352415145
"chr2-1142",0.242535854440933
"chr2-1143",0.257713336102861
"chr2-1144",0.118941052209172
"chr2-1145",0.249414791850898
"chr2-1146",0.191627886381515
"chr2-1147",0.0478010771654706
"chr2-1148",0.227733189565362
"chr2-1149",0.126736986266063
"chr2-1150",0.160501404783188
"chr2-1151",-0.0315700573696276
"chr2-1152",0.30282638544525
"chr2-1153",0.134962055853247
"chr2-1154",0.128327927276897
"chr2-1155",0.292123999516059
"chr2-1156",0.275822293938094
"chr2-1157",0.0134947967475981
"chr2-1158",0.15869359783407
"chr2-1159",0.290948256348374
"chr2-1160",0.0726090373591029
"chr2-1161",0.196365175119395
"chr2-1162",0.0565784469642039
"chr2-1163",-0.178715449178774
"chr2-1164",-0.198085551954587
"chr2-1165",0.0402177408890865
"chr2-1166",0.252564504650622
"chr2-1167",0.37393759652445
"chr2-1168",-0.0352188023834037
"chr2-1169",0.15201580235044
"chr2-1170",0.0984626644741609
"chr2-1171",-0.0963980224752997
"chr2-1172",-0.156636414211865
"chr2-1173",0.138949231331384
"chr2-1174",0.283009325942145
"chr2-1175",0.187804921568989
"chr2-1176",0.0462721459315084
"chr2-1177",0.0817170074801835
"chr2-1178",0.066351882417835
"chr2-1179",-0.105109501202494
"chr2-1180",-0.184496265247091
"chr2-1181",0.0405690003789151
"chr2-1182",-0.0590097320294212
"chr2-1183",-0.127342353449425
"chr2-1184",0.0324876458526605
"chr2-1185",0.111966431604033
"chr2-1186",0.172620107930088
"chr2-1187",-0.0185758058314926
"chr2-1188",-0.170736237966435
"chr2-1189",0.122840947230224
"chr2-1190",0.0401195322544465
"chr2-1191",0.135378870396287
"chr2-1192",-0.0191622967255724
"chr2-1193",-0.15753517716192
"chr2-1194",0.0081788271678152
"chr2-1195",-0.0697373587061199
"chr2-1196",-0.0245396729773023
"chr2-1197",0.0535991975132752
"chr2-1198",0.0164499101173875
"chr2-1199",0.0517080366101833
"chr2-1200",-0.102227303048036
"chr2-1201",0.077506453501155
"chr2-1202",-0.0688331516099919
"chr2-1203",0.00721261622767789
"chr2-1204",-0.0576620584614417
"chr2-1205",-0.124930893983522
"chr2-1206",0.0843081320182447
"chr2-1207",0.141146098339901
"chr2-1208",0.145337320481135
"chr2-1209",0.240181032044542
"chr2-1210",0.172221321028365
"chr2-1211",0.347639827877487
"chr2-1212",0.0929848109743045
"chr2-1213",0.296336526004339
"chr2-1214",0.246573238077701
"chr2-1215",-0.0817240378454394
"chr2-1216",0.125842928975399
"chr2-1217",0.0945044115777598
"chr2-1218",0.0411842195420666
"chr2-1219",0.164585726936067
"chr2-1220",-0.293067377896712
"chr2-1221",0.042697668410669
"chr2-1222",-0.0878637749608744
"chr2-1223",0.0597090780340988
"chr2-1224",-0.0317192790243557
"chr2-1225",-0.0343827376030854
"chr2-1226",0.200058105628954
"chr2-1227",0.0968661401064946
"chr2-1228",0.289566999868472
"chr2-1229",0.104410609031605
"chr2-1230",0.202524467752971
"chr2-1231",0.184600922837443
"chr2-1232",0.0799665594034153
"chr2-1233",-0.143127569437191
"chr2-1234",-0.0885225019455291
"chr2-1235",-0.061966785740325
"chr2-1236",0.0167886402441038
"chr2-1237",0.0909003415111259
"chr2-1238",0.00203102196448391
"chr2-1239",0.108235141404771
"chr2-1240",0.0811268493316833
"chr2-1241",-0.0862470284300112
"chr2-1242",-0.0532406875280705
"chr2-1243",0.119164444989206
"chr2-1244",0.231320450710992
"chr2-1245",0.0922892665427414
"chr2-1246",0.0892833043234975
"chr2-1247",0.171388574056456
"chr2-1248",-0.212969237782438
"chr2-1249",0.191964660613545
"chr2-1250",0.0581161505042322
"chr2-1251",0.258362763802381
"chr2-1252",0.273644223984731
"chr2-1253",0.280880383341701
"chr2-1254",-0.0631769991064905
"chr2-1255",0.160710540002707
"chr2-1256",0.272577632208223
"chr2-1257",0.237375337113558
"chr2-1258",0.0926352532863147
"chr2-1259",0.0829543136489871
"chr2-1260",0.00624929270778184
"chr2-1261",0.163176356619513
"chr2-1262",0.134061001755905
"chr2-1263",0.316480668251516
"chr2-1264",0.364751487268374
"chr2-1265",0.27727330145987
"chr2-1266",0.19903910049391
"chr2-1267",0.202923461209002
"chr2-1268",0.196482404809641
"chr2-1269",0.00444944158066179
"chr2-1270",0.101641108965036
"chr2-1271",-0.0329477045188455
"chr2-1272",-0.0850470003596938
"chr2-1273",0.00177327454059724
"chr2-1274",0.116896905265626
"chr2-1275",-0.0643184648236515
"chr2-1276",0.0551270284055024
"chr2-1277",0.0983613719048887
"chr2-1278",0.0574169067754963
"chr2-1279",0.217851564492067
"chr2-1280",0.147174451534714
"chr2-1281",0.23663468080027
"chr2-1282",0.0586361796398482
"chr2-1283",0.0315176498212825
"chr2-1284",-0.0119073014180857
"chr2-1285",0.0675420759825707
"chr2-1286",-0.147387269783458
"chr2-1287",-0.133642472926156
"chr2-1288",-0.109868684604727
"chr2-1289",-0.116004000619538
"chr2-1290",-0.193034924216174
"chr2-1291",-0.173025168876502
"chr2-1292",-0.232321579123883
"chr2-1293",-0.112920753885057
"chr2-1294",-0.132464705470368
"chr2-1295",0.081024863069102
"chr2-1296",-0.0705501280327462
"chr2-1297",-0.264526383451659
"chr2-1298",-0.348556049827837
"chr2-1299",-0.149919812216716
"chr2-1300",-0.231094797200003
"chr2-1301",-0.247242407206131
"chr2-1302",-0.200746674255517
"chr2-1303",-0.260199186896974
"chr2-1304",-0.249337760897551
"chr2-1305",-0.183021391597681
"chr2-1306",-0.231740311574191
"chr2-1307",0.0213986331876176
"chr2-1308",0.178375692883049
"chr2-1309",0.128874741524349
"chr2-1310",0.196228705853604
"chr2-1311",-0.115821064100025
"chr2-1312",0.197336224568072
"chr2-1313",-0.0523731226921445
"chr2-1314",-0.109550435950751
"chr2-1315",0.0844045901247106
"chr2-1316",-0.289064281327272
"chr2-1317",0.191138162318403
"chr2-1318",0.0812413867881253
"chr2-1319",0.187154985266379
"chr2-1320",0.0296752248176723
"chr2-1321",0.18132032425801
"chr2-1322",0.140250559267273
"chr2-1323",-0.147703228331781
"chr2-1324",-0.0594634774898979
"chr2-1325",0.0799749788124117
"chr2-1326",0.125962058445841
"chr2-1327",0.117445808642757
"chr2-1328",0.0609538180190259
"chr2-1329",0.0582928249549113
"chr2-1330",0.170275636255734
"chr2-1331",0.224516416823523
"chr2-1332",0.172942376610075
"chr2-1333",0.160360588833538
"chr2-1334",0.296188219734277
"chr2-1335",0.140892371606829
"chr2-1336",-0.226301531643089
"chr2-1337",0.0303570451220947
"chr2-1338",0.0996301776941919
"chr2-1339",0.0338242741048409
"chr2-1340",0.0105375957270573
"chr2-1341",-0.0429995318937511
"chr2-1342",0.0292882314690314
"chr2-1343",-0.107326537614046
"chr2-1344",0.123894173649769
"chr2-1345",0.124464531731176
"chr2-1346",0.134445047646212
"chr2-1347",0.157428274151894
"chr2-1348",-0.0575332848401607
"chr2-1349",0.29033932065834
"chr2-1350",0.0675324077997552
"chr2-1351",-0.0718141550544129
"chr2-1352",-0.0501630787467644
"chr2-1353",0.109334448649918
"chr2-1354",0.0898144094488927
"chr2-1355",0.0911013990368195
"chr2-1356",-0.127241816235661
"chr2-1357",-0.0372233816831812
"chr2-1358",0.0899249300711867
"chr2-1359",0.0592195313583373
"chr2-1360",-0.13444520132927
"chr2-1361",-0.0475364624968406
"chr2-1362",-0.0937992650607411
"chr2-1363",0.252308632509854
"chr2-1364",0.0364422728648805
"chr2-1365",0.102444526794181
"chr2-1366",-0.0937639548228207
"chr2-1367",-0.254195952741139
"chr2-1368",-0.130538445854065
"chr2-1369",-0.173001736770809
"chr2-1370",-0.230966829651566
"chr2-1371",-0.223493009158382
"chr2-1372",-0.0552571822422746
"chr2-1373",-0.332160110203455
"chr2-1374",-0.00962628642845378
"chr2-1375",-0.424090808832324
"chr2-1376",-0.206256978670803
"chr2-1377",-0.22130906217426
"chr2-1378",-0.124301552657413
"chr2-1379",-0.150254343783551
"chr2-1380",0.153739107675078
"chr2-1381",0.0973099595008738
"chr2-1382",-0.106355213445814
"chr2-1383",-0.0509875029629171
"chr2-1384",-0.0185077983731877
"chr2-1385",-0.0592526174056995
"chr2-1386",-0.134296884930594
"chr2-1387",-0.0231044877827389
"chr2-1388",0.0156772317596547
"chr2-1389",-0.0733553920960665
"chr2-1390",0.042388810933782
"chr2-1391",0.178264494705515
"chr2-1392",-0.00841613797858778
"chr2-1393",0.0257083249701205
"chr2-1394",-0.0654873333736458
"chr2-1395",0.0349525538232312
"chr2-1396",0.204877122073646
"chr2-1397",0.0447785797717871
"chr2-1398",0.144109500825378
"chr2-1399",-0.0451787377940418
"chr2-1400",0.081193968538889
"chr2-1401",0.11578316532327
"chr2-1402",-0.105932121904667
"chr2-1403",0.0202324746612577
"chr2-1404",-0.037738732709077
"chr2-1405",0.0708662808651224
"chr2-1406",-0.00297121755068003
"chr2-1407",-0.234522608901513
"chr2-1408",0.0279150312432745
"chr2-1409",0.0377136844141194
"chr2-1410",-0.109679297388608
"chr2-1411",0.086880442161029
"chr2-1412",0.0497179729995054
"chr2-1413",0.158952819174503
"chr2-1414",0.0949677038539493
"chr2-1415",-0.000635707217461246
"chr2-1416",-0.262098255278494
"chr2-1417",-0.310619871458083
"chr2-1418",-0.0111210531260759
"chr2-1419",-0.0265435600881555
"chr2-1420",0.00990156672772561
"chr2-1421",-0.0636026542517919
"chr2-1422",0.130910718750718
"chr2-1423",0.00420402180873535
"chr2-1424",-0.0210145582533317
"chr2-1425",0.0395545809564652
"chr2-1426",-0.0825829676691385
"chr2-1427",0.120033308227704
"chr2-1428",0.195806179870115
"chr2-1429",0.104202986867613
"chr2-1430",0.0592995210753737
"chr2-1431",-0.107387677631402
"chr2-1432",-0.118781580927655
"chr2-1433",-0.00785541820022414
"chr2-1434",-0.0430109009417565
"chr2-1435",0.116907949855872
"chr2-1436",-0.207725806553792
"chr2-1437",-0.14083359553196
"chr2-1438",0.213539991672718
"chr2-1439",-0.2049707825034
"chr2-1440",-0.286272141316695
"chr2-1441",-0.17754135087803
"chr2-1442",-0.15016751095552
"chr2-1443",0.0995293559486855
"chr2-1444",-0.0672134797419953
"chr2-1445",-0.0988874630044244
"chr2-1446",-0.0941773129936283
"chr2-1447",0.0322213758132843
"chr2-1448",0.208597170235217
"chr2-1449",-0.0736603935895437
"chr2-1450",-0.235997584725281
"chr2-1451",-0.145691014202804
"chr2-1452",-0.0690745960530765
"chr2-1453",-0.101974610225226
"chr2-1454",-0.0374106033751247
"chr2-1455",-0.0411718567112883
"chr2-1456",-0.0904889202607247
"chr2-1457",-0.262496944447511
"chr2-1458",-0.0971931916119625
"chr2-1459",-0.068332031626934
"chr2-1460",-0.0419157798603734
"chr2-1461",-0.330734571798207
"chr2-1462",-0.135659262547725
"chr2-1463",-0.0193960017498345
"chr2-1464",-0.117203442067182
"chr2-1465",-0.194937825576941
"chr2-1466",-0.300545375791019
"chr2-1467",-0.194078772511963
"chr2-1468",-0.20461358106446
"chr2-1469",-0.316712965453178
"chr2-1470",-0.253927407903654
"chr2-1471",-0.346901782583725
"chr2-1472",-0.320581621496563
"chr2-1473",-0.170699876092879
"chr2-1474",-0.28875940749833
"chr2-1475",-0.36189365351207
"chr2-1476",-0.287456200462812
"chr2-1477",-0.367812747633786
"chr2-1478",-0.139628383954868
"chr2-1479",-0.244672187381499
"chr2-1480",-0.136932660939771
"chr2-1481",-0.173368974488997
"chr2-1482",0.104826758708514
"chr2-1483",-0.258929357386883
"chr2-1484",-0.245850498028246
"chr2-1485",-0.00756626136997987
"chr2-1486",-0.228505080782765
"chr2-1487",-0.210033909033558
"chr2-1488",-0.287456998864278
"chr2-1489",-0.122279266139564
"chr2-1490",-0.0363909181676444
"chr2-1491",0.0486090223683567
"chr20-0001",0.19518245028389
"chr20-0002",0.0743708822071394
"chr20-0003",-0.280135540114157
"chr20-0004",-0.195481058471677
"chr20-0005",-0.0223912682455741
"chr20-0006",-0.113730988659498
"chr20-0007",-0.306489200076893
"chr20-0008",-0.145701528659666
"chr20-0009",-0.210969224511889
"chr20-0010",-0.084802577894983
"chr20-0011",-0.158810117986138
"chr20-0012",-0.151556137518229
"chr20-0013",-0.155737890035745
"chr20-0014",-0.109797949007279
"chr20-0015",-0.29549901400036
"chr20-0016",-0.0743047712760909
"chr20-0017",0.0821401489965854
"chr20-0018",-0.00899502744741218
"chr20-0019",0.053365144097116
"chr20-0020",-0.0697713599394265
"chr20-0021",-0.0723226342545699
"chr20-0022",-0.0418525381382025
"chr20-0023",-0.118810684315273
"chr20-0024",0.0855673267302897
"chr20-0025",-0.244255110142684
"chr20-0026",-0.0897689084979191
"chr20-0027",-0.0647273524748305
"chr20-0028",-0.266894923920136
"chr20-0029",-0.107793443276694
"chr20-0030",-0.215189948045819
"chr20-0031",0.0235940062349178
"chr20-0032",-0.10625487304185
"chr20-0033",-0.0608414223621447
"chr20-0034",-0.312953207684956
"chr20-0035",-0.0721790192570547
"chr20-0036",-0.478846700030203
"chr20-0037",-0.133815022586829
"chr20-0038",-0.253078464318267
"chr20-0039",-0.240521603080881
"chr20-0040",-0.147300996370664
"chr20-0041",-0.330184836921279
"chr20-0042",-0.311681848021111
"chr20-0043",-0.236350408027307
"chr20-0044",-0.254173073534002
"chr20-0045",-0.185986517134411
"chr20-0046",0.0375799988476816
"chr20-0047",0.121518576327683
"chr20-0048",-0.312738663823839
"chr20-0049",-0.0985726008279367
"chr20-0050",0.075705941337558
"chr20-0051",-0.0205066322374172
"chr20-0052",0.090904133789084
"chr20-0053",-0.200983397587007
"chr20-0054",0.218883966864844
"chr20-0055",-0.0873148005911188
"chr20-0056",-0.00694397489490409
"chr20-0057",-0.139591890415221
"chr20-0058",-0.0307359209149001
"chr20-0059",-0.105715423958513
"chr20-0060",0.134505847741912
"chr20-0061",-0.0263182682208765
"chr20-0062",0.0834213722570068
"chr20-0063",-0.0531130298029214
"chr20-0064",0.0751489829624136
"chr20-0065",0.138195115006192
"chr20-0066",-0.00268982260167952
"chr20-0067",-0.136904030645024
"chr20-0068",0.056190099738347
"chr20-0069",0.180044695781368
"chr20-0070",0.113618751609094
"chr20-0071",0.229718404185112
"chr20-0072",0.241800262334577
"chr20-0073",0.0572387846104657
"chr20-0074",0.189261135693344
"chr20-0075",0.288031974247468
"chr20-0076",0.196281469881764
"chr20-0077",-0.104806619405205
"chr20-0078",0.247971470570725
"chr20-0079",-0.0329328783163662
"chr20-0080",0.0649034094212195
"chr20-0081",-0.0179324512174325
"chr20-0082",0.0838267703988926
"chr20-0083",0.0616045312797309
"chr20-0084",0.11002802860589
"chr20-0085",0.222472572217786
"chr20-0086",-0.0576029209737082
"chr20-0087",0.211931204555069
"chr20-0088",0.172598037493628
"chr20-0089",-0.112894321520621
"chr20-0090",0.204871250086259
"chr20-0091",0.327483873517671
"chr20-0092",0.255773052781814
"chr20-0093",0.107607167269177
"chr20-0094",0.0579885296916812
"chr20-0095",0.178874525632796
"chr20-0096",0.165974029576601
"chr20-0097",-0.221127658209893
"chr20-0098",0.115974201740414
"chr20-0099",0.0686157566406747
"chr20-0100",-0.0616710963671402
"chr20-0101",0.153613597239349
"chr20-0102",-0.0766542219628752
"chr20-0103",0.158516272189538
"chr20-0104",0.237672052470428
"chr20-0105",0.223798460994921
"chr20-0106",0.113902299845032
"chr20-0107",0.151866030211789
"chr20-0108",0.179431912128547
"chr20-0109",0.118450508519324
"chr20-0110",-0.275034726262598
"chr20-0111",-0.0150252928164092
"chr20-0112",0.0935553592714002
"chr20-0113",-0.0925268808961373
"chr20-0114",0.159053561081384
"chr20-0115",-0.0751140309875503
"chr20-0116",-0.159372557031752
"chr20-0117",-0.128632758538204
"chr20-0118",0.0955727094818085
"chr20-0119",-0.105010252154958
"chr20-0120",-0.147029720829188
"chr20-0121",-0.124312017101312
"chr20-0122",0.00542146334838095
"chr20-0123",0.0285107223884405
"chr20-0124",0.0597440996384986
"chr20-0125",-0.138165523322759
"chr20-0126",0.0489128695755469
"chr20-0127",0.0679014157738943
"chr20-0128",0.108545659284403
"chr20-0129",0.00139664611801137
"chr20-0130",0.0783292690035422
"chr20-0131",0.0822579555174924
"chr20-0132",0.212274369286565
"chr20-0133",-0.0239912986343157
"chr20-0134",0.0833828546660999
"chr20-0135",0.208101366394872
"chr20-0136",-0.157544248602696
"chr20-0137",0.111980316273912
"chr20-0138",0.237356005951113
"chr20-0139",0.0373883282475385
"chr20-0140",0.0213262817034431
"chr20-0141",-0.0694591429233551
"chr20-0142",0.281969129038638
"chr20-0143",0.0477697475384199
"chr20-0144",0.131407720146148
"chr20-0145",-0.25164801856235
"chr20-0146",0.12794212707757
"chr20-0147",-0.0347576665551564
"chr20-0148",0.156150562217698
"chr20-0149",0.11984450848601
"chr20-0150",0.0372447338547948
"chr20-0151",-0.160859986434686
"chr20-0152",0.0267857027143584
"chr20-0153",0.0785331803404266
"chr20-0154",-0.131502596897698
"chr20-0155",-0.0996029373794801
"chr20-0156",-0.126821609408173
"chr20-0157",-0.122729454537895
"chr20-0158",-0.191847195155146
"chr20-0159",-0.106154359252599
"chr20-0160",-0.0656483167586654
"chr20-0161",0.0428956664210587
"chr20-0162",0.0197987068073168
"chr20-0163",-0.0225403269674187
"chr20-0164",0.00115772531250028
"chr20-0165",-0.058467501337714
"chr20-0166",0.0465827087278389
"chr20-0167",-0.0326808846882455
"chr20-0168",-0.399920608850796
"chr20-0169",-0.0312689229621367
"chr20-0170",-0.200834233182312
"chr20-0171",-0.203888187012776
"chr20-0172",-0.0778175622662838
"chr20-0173",-0.0534041485283301
"chr20-0174",-0.225093295109753
"chr20-0175",0.0315827381026887
"chr20-0176",-0.139648071671109
"chr20-0177",-0.218920837175905
"chr20-0178",0.253683337420815
"chr20-0179",-0.205551715300806
"chr20-0180",0.139167050114263
"chr20-0181",0.311404783132656
"chr20-0182",0.430793213634924
"chr20-0183",0.21166589616184
"chr20-0184",0.243210403394321
"chr20-0185",0.0203250664640921
"chr20-0186",0.318421338035319
"chr20-0187",0.314533809016944
"chr20-0188",0.165589817283052
"chr20-0189",0.358288999599077
"chr20-0190",0.227081070074355
"chr20-0191",0.111136192243521
"chr20-0192",0.359163502462938
"chr20-0193",0.182299492229066
"chr20-0194",0.275871303313673
"chr20-0195",0.397319688307969
"chr20-0196",0.173786084160106
"chr20-0197",0.0802883467163461
"chr20-0198",0.127575261269627
"chr20-0199",0.196163307483134
"chr20-0200",0.127022999107632
"chr20-0201",0.262768916040852
"chr20-0202",0.347325690015198
"chr20-0203",0.30958089996832
"chr20-0204",0.22596428230337
"chr20-0205",0.303087867222312
"chr20-0206",0.301180148626597
"chr20-0207",0.349411578288857
"chr20-0208",0.266320326007229
"chr20-0209",0.165942289124002
"chr20-0210",0.00940131871245147
"chr20-0211",0.504397229724203
"chr20-0212",0.206020893636579
"chr20-0213",0.0957509086554262
"chr20-0214",0.287422447475932
"chr20-0215",0.271921365437891
"chr20-0216",0.300410213429637
"chr20-0217",0.346581647211243
"chr20-0218",0.289802255305734
"chr20-0219",0.299191149616822
"chr20-0220",0.352943774144081
"chr20-0221",0.408883570352259
"chr20-0222",0.227898852527859
"chr20-0223",0.273470532078186
"chr20-0224",0.19323671744126
"chr20-0225",0.36256237072608
"chr20-0226",0.169376085466045
"chr20-0227",0.340112014756188
"chr20-0228",0.120388955125912
"chr20-0229",0.3361968950056
"chr20-0230",0.0922336395387848
"chr20-0231",0.196952306260224
"chr20-0232",0.240657940815236
"chr20-0233",0.09123630372351
"chr20-0234",0.278134313427813
"chr20-0235",0.369712513799507
"chr20-0236",0.480073460868229
"chr20-0237",0.387688974900629
"chr20-0238",0.231646568605116
"chr20-0239",0.229684215546778
"chr20-0240",0.200599186780696
"chr20-0241",0.27790640994399
"chr20-0242",0.246949977586749
"chr20-0243",0.187666078450042
"chr20-0244",0.247746515641722
"chr20-0245",0.128636767133535
"chr20-0246",0.290414080773976
"chr20-0247",0.125409332376616
"chr20-0248",0.252093155854665
"chr20-0249",0.236272499052061
"chr20-0250",0.254068945132192
"chr20-0251",0.27571653134233
"chr20-0252",0.200451277189411
"chr20-0253",0.252790160773839
"chr20-0254",0.407916193063786
"chr20-0255",0.173552785492772
"chr20-0256",0.342948172309242
"chr20-0257",0.272082050973434
"chr20-0258",0.294030838477276
"chr20-0259",0.51315626116362
"chr20-0260",0.156242531605904
"chr20-0261",0.362165074879245
"chr20-0262",0.540809261904601
"chr20-0263",0.287411873529828
"chr20-0264",0.291729485120275
"chr20-0265",0.325863174343742
"chr20-0266",0.288111987529199
"chr20-0267",0.193978866552223
"chr20-0268",0.232789310606993
"chr20-0269",0.139744909415082
"chr20-0270",0.232922019422676
"chr20-0271",0.20613756008494
"chr20-0272",0.269970130480304
"chr20-0273",0.301007659971726
"chr20-0274",0.308403842849437
"chr20-0275",0.381181918433484
"chr20-0276",0.567083360730027
"chr20-0277",0.591770946610084
"chr20-0278",0.323904085410925
"chr20-0279",0.278987307857978
"chr20-0280",0.36942700092712
"chr20-0281",0.35481183668145
"chr20-0282",0.500814570793454
"chr20-0283",0.23511544368663
"chr20-0284",0.391735769813698
"chr20-0285",0.0953603521004597
"chr20-0286",0.683246364183447
"chr20-0287",0.290344710149509
"chr20-0288",0.544081762039088
"chr20-0289",0.462394495333443
"chr20-0290",0.417506257376511
"chr20-0291",0.352902004608395
"chr20-0292",0.156223997514714
"chr20-0293",0.161697393460892
"chr20-0294",-0.034645701096032
"chr20-0295",0.0249455341778262
"chr20-0296",0.44968295976156
"chr20-0297",0.0885445932699506
"chr20-0298",0.463664662037132
"chr20-0299",0.399985770767454
"chr20-0300",0.364568346198045
"chr20-0301",0.191913539709778
"chr20-0302",0.201326266446142
"chr20-0303",0.301239235906171
"chr20-0304",0.323637322622428
"chr20-0305",0.233215192381298
"chr20-0306",0.500602050547247
"chr20-0307",0.298017702907204
"chr20-0308",0.264609390799846
"chr20-0309",0.215782675837202
"chr20-0310",0.351183816540171
"chr20-0311",0.426521743348128
"chr20-0312",0.25024468196888
"chr20-0313",0.478539263012682
"chr20-0314",0.334893385430792
"chr20-0315",0.247126609540685
"chr20-0316",0.2139710369987
"chr20-0317",0.272169603218362
"chr20-0318",0.485618249454903
"chr20-0319",0.410858099603205
"chr20-0320",0.427786467043212
"chr20-0321",0.109345182216269
"chr20-0322",0.16152207637433
"chr20-0323",0.162916806577412
"chr20-0324",0.169835543317617
"chr20-0325",0.154314764724171
"chr20-0326",0.338870489955884
"chr20-0327",0.254247552399738
"chr20-0328",0.13012147549487
"chr20-0329",0.316186192371422
"chr20-0330",0.427561999238133
"chr20-0331",0.318030131678587
"chr20-0332",0.370807240692606
"chr20-0333",0.398883721268796
"chr20-0334",0.493500605837045
"chr20-0335",0.419152654714901
"chr20-0336",0.447722083025199
"chr20-0337",0.411312750665904
"chr20-0338",0.529909152425876
"chr20-0339",0.437642629532235
"chr20-0340",0.482107581492221
"chr20-0341",0.3915294185617
"chr20-0342",0.54898387131774
"chr20-0343",0.397254546241778
"chr20-0344",0.375099391277887
"chr20-0345",0.16992093671283
"chr20-0346",0.400632780395155
"chr20-0347",0.395523747798021
"chr20-0348",0.344667225457899
"chr20-0349",0.322231735549526
"chr20-0350",0.239651600557082
"chr20-0351",0.30241500678007
"chr20-0352",0.298075954556496
"chr20-0353",0.293796159834749
"chr20-0354",0.263442097292304
"chr20-0355",0.35111878332149
"chr20-0356",0.36722829114626
"chr20-0357",0.363244891787224
"chr20-0358",0.368534134504722
"chr20-0359",0.31472200252202
"chr20-0360",0.335338822080893
"chr20-0361",0.304535271718348
"chr20-0362",0.375981376794087
"chr20-0363",0.227541850410785
"chr20-0364",0.247389791114823
"chr20-0365",0.369074864863331
"chr20-0366",0.525624576952762
"chr20-0367",0.337803914211827
"chr20-0368",0.374111146498491
"chr20-0369",0.230221052138713
"chr20-0370",0.309424488443723
"chr20-0371",0.293937231362033
"chr20-0372",0.250600329266573
"chr20-0373",0.186762336003241
"chr20-0374",0.301434081997606
"chr20-0375",0.358297132451445
"chr20-0376",0.387799746089163
"chr20-0377",0.43447760033453
"chr20-0378",0.302864736394636
"chr20-0379",0.26074784568632
"chr20-0380",0.330575522121601
"chr20-0381",0.0885145730141421
"chr20-0382",0.374183601111819
"chr20-0383",0.188640971744513
"chr20-0384",0.35274321629522
"chr20-0385",0.420065815944544
"chr20-0386",0.30455568215944
"chr20-0387",0.36451270244409
"chr20-0388",0.285930680062734
"chr20-0389",0.274589433701493
"chr20-0390",0.341943801558982
"chr20-0391",0.299187775603304
"chr20-0392",0.470027593683761
"chr20-0393",0.24418186871371
"chr20-0394",0.160705716645548
"chr20-0395",0.540497679615971
"chr20-0396",0.678272459976432
"chr20-0397",0.501743943960028
"chr20-0398",0.551136437752177
"chr20-0399",0.587120533946223
"chr20-0400",0.477674587058519
"chr20-0401",0.501236556470436
"chr20-0402",0.61729867581383
"chr20-0403",0.635563569519964
"chr20-0404",0.500308126961536
"chr20-0405",0.631435023607209
"chr20-0406",0.556978255170789
"chr20-0407",0.505079364052082
"chr20-0408",0.598559546285723
"chr20-0409",0.386803705006107
"chr20-0410",0.327580156382672
"chr20-0411",0.568924656117762
"chr20-0412",0.125787556145799
"chr20-0413",0.522565527485466
"chr20-0414",0.0300838879486204
"chr20-0415",0.329551349543269
"chr20-0416",0.472637629424565
"chr20-0417",0.276144868883483
"chr20-0418",0.109682711870142
"chr20-0419",0.35695020099178
"chr20-0420",0.376489931225634
"chr20-0421",0.372429499480122
"chr20-0422",0.392580305203567
"chr20-0423",0.311841417502436
"chr20-0424",0.373780590011472
"chr20-0425",0.204372652977988
"chr20-0426",0.319413770854674
"chr20-0427",0.149597032806587
"chr20-0428",0.27207246696915
"chr20-0429",0.291591635040782
"chr20-0430",0.272677851988091
"chr20-0431",0.152610097061607
"chr20-0432",0.249992429425739
"chr20-0433",0.259277330149139
"chr20-0434",0.326577236433378
"chr20-0435",0.201542341729685
"chr20-0436",0.440299511288748
"chr20-0437",0.193875254914306
"chr20-0438",0.317054314242644
"chr20-0439",0.470072301265233
"chr20-0440",0.391833347753955
"chr20-0441",0.366144363670712
"chr20-0442",0.301594408905083
"chr20-0443",0.326973424282734
"chr20-0444",0.270569426837976
"chr20-0445",0.445657920936999
"chr20-0446",0.120049745917868
"chr20-0447",0.301319007452074
"chr20-0448",0.23400805316318
"chr20-0449",0.188328277925763
"chr20-0450",0.425215534777963
"chr20-0451",0.152767356262958
"chr20-0452",0.289341151212377
"chr20-0453",0.279847672515764
"chr20-0454",0.317612504305743
"chr20-0455",0.193804430479666
"chr20-0456",0.396246476026607
"chr20-0457",0.247305968740798
"chr20-0458",0.337065973514669
"chr20-0459",0.237723584385655
"chr20-0460",0.42345053527532
"chr20-0461",0.337416470747133
"chr20-0462",0.380878998040434
"chr20-0463",0.403205841686634
"chr20-0464",0.377659183612006
"chr20-0465",0.299830893655924
"chr20-0466",0.33196058848169
"chr20-0467",0.383526281984991
"chr20-0468",0.457857038979312
"chr20-0469",0.273327461865923
"chr20-0470",0.367803470636235
"chr20-0471",0.18443882780936
"chr20-0472",0.270039860554959
"chr20-0473",0.117168547843455
"chr20-0474",0.156873479298449
"chr20-0475",0.210625940997503
"chr20-0476",0.146833043317712
"chr20-0477",-0.0278776121888744
"chr20-0478",0.0704002535322521
"chr20-0479",0.128151345185678
"chr20-0480",0.0152383560845603
"chr20-0481",-0.027410759769352
"chr20-0482",0.0271666868514418
"chr20-0483",0.0218509139802359
"chr20-0484",0.169934185592545
"chr20-0485",0.0874761910956622
"chr20-0486",0.0371949684013633
"chr20-0487",0.226029822428346
"chr20-0488",0.0808747465743627
"chr20-0489",0.107687039344658
"chr20-0490",0.0804102157565877
"chr20-0491",0.0443627853119029
"chr20-0492",-0.0145261214317732
"chr20-0493",0.0848722599149242
"chr20-0494",0.0366490013501386
"chr20-0495",-0.0632096127740843
"chr20-0496",-0.0115972337732019
"chr20-0497",0.0844917034340697
"chr20-0498",-0.0454445310629618
"chr20-0499",0.140156246121969
"chr20-0500",0.0678152992686223
"chr20-0501",0.0296737824008656
"chr20-0502",0.0105595242027506
"chr20-0503",-0.0237291082433024
"chr20-0504",0.269097144252983
"chr20-0505",-0.10874306130787
"chr21-0001",-0.423073488675299
"chr21-0002",-0.297218071085568
"chr21-0003",-0.243047044406531
"chr21-0004",-0.310185259134172
"chr21-0005",-0.233206468130059
"chr21-0006",-0.397796736071966
"chr21-0007",0.0127410557933968
"chr21-0008",-0.204315783986514
"chr21-0009",0.307853417521138
"chr21-0010",-0.182299614255352
"chr21-0011",-0.130900053450978
"chr21-0012",-0.275579335046894
"chr21-0013",-0.30394960050433
"chr21-0014",-0.134644731696543
"chr21-0015",-0.283635602188527
"chr21-0016",-0.0290638596746402
"chr21-0017",-0.148243717235642
"chr21-0018",-0.105088447027813
"chr21-0019",-0.187342334421494
"chr21-0020",-0.0591105310137714
"chr21-0021",-0.206803187001944
"chr21-0022",-0.0906125076259684
"chr21-0023",0.04843694123142
"chr21-0024",-0.0241983819400698
"chr21-0025",-0.275111048291749
"chr21-0026",-0.263821112416417
"chr21-0027",-0.283704540318247
"chr21-0028",-0.144894287207246
"chr21-0029",-0.194794534451562
"chr21-0030",-0.059753327380078
"chr21-0031",-0.105300047741292
"chr21-0032",-0.141751853477872
"chr21-0033",0.0684314165332096
"chr21-0034",0.0580425363386393
"chr21-0035",-0.0518709570376877
"chr21-0036",0.113241617002477
"chr21-0037",0.00422832316892834
"chr21-0038",-0.0707912748643886
"chr21-0039",-0.0937959271463678
"chr21-0040",-0.331592506043698
"chr21-0041",0.0813305844899635
"chr21-0042",0.123833823474392
"chr21-0043",0.0231683244908726
"chr21-0044",-0.0392049510612421
"chr21-0045",-0.0484245565179832
"chr21-0046",0.0386161805496681
"chr21-0047",0.0222879197313698
"chr21-0048",0.0764443661863064
"chr21-0049",0.130468768038584
"chr21-0050",0.0385640388314338
"chr21-0051",-0.143765269792648
"chr21-0052",-0.0718437556800893
"chr21-0053",-0.202583694903882
"chr21-0054",0.101172810686101
"chr21-0055",0.0600109856430895
"chr21-0056",-0.0145099352399745
"chr21-0057",-0.00221726950948181
"chr21-0058",0.152627998549571
"chr21-0059",-0.213131250893485
"chr21-0060",-0.178528450126836
"chr21-0061",-0.227133419762981
"chr21-0062",-0.000245311076795137
"chr21-0063",-0.0359209507512386
"chr21-0064",-0.1740635012416
"chr21-0065",-0.0668255920793414
"chr21-0066",-0.0107046924449173
"chr21-0067",-0.0174732187012343
"chr21-0068",-0.0932848775568086
"chr21-0069",-0.0676558347705601
"chr21-0070",-0.165596803787465
"chr21-0071",-0.207457270347939
"chr21-0072",-0.36598966217848
"chr21-0073",-0.0335056859424593
"chr21-0074",0.0057949628021281
"chr21-0075",-0.16758003111461
"chr21-0076",-0.12469081146036
"chr21-0077",-0.234757841715369
"chr21-0078",0.0102489697529633
"chr21-0079",-0.218880601623895
"chr21-0080",-0.0975928378446308
"chr21-0081",-0.0091965391191446
"chr21-0082",-0.0267211750177087
"chr21-0083",-0.430881722302779
"chr21-0084",-0.111668455550956
"chr21-0085",0.0165404513731931
"chr21-0086",-0.283406256055298
"chr21-0087",-0.202180560955425
"chr21-0088",-0.133684577682323
"chr21-0089",-0.455442961142398
"chr21-0090",-0.128068037714969
"chr21-0091",-0.10872303467195
"chr21-0092",-0.151819382182196
"chr21-0093",-0.173530707276887
"chr21-0094",-0.0431851000947999
"chr21-0095",-0.0805626467670319
"chr21-0096",-0.0480727882506526
"chr21-0097",-0.120141809007058
"chr21-0098",-0.135478171704831
"chr21-0099",-0.300269305893393
"chr21-0100",0.099356217884389
"chr21-0101",-0.160387551467202
"chr21-0102",-0.189595033206874
"chr21-0103",-0.0798783321722377
"chr21-0104",0.0747007947298806
"chr21-0105",-0.277234258261213
"chr21-0106",0.137948427540345
"chr21-0107",0.14292195603059
"chr21-0108",0.141884101102162
"chr21-0109",0.0858164430952049
"chr21-0110",0.125160508336348
"chr21-0111",-0.00973051449810537
"chr21-0112",-0.0467020344341076
"chr21-0113",-0.269236027601062
"chr21-0114",-0.139526373528445
"chr21-0115",-0.0782679268395591
"chr21-0116",-0.16962663343609
"chr21-0117",-0.328273971643412
"chr21-0118",-0.348716380844438
"chr21-0119",-0.202070668950157
"chr21-0120",-0.0946654762283633
"chr21-0121",-0.337593322132521
"chr21-0122",0.0371278701319193
"chr21-0123",-0.239869657316233
"chr21-0124",-0.287089602567101
"chr21-0125",-0.121554325747591
"chr21-0126",-0.188881266545882
"chr21-0127",-0.100404325905658
"chr21-0128",0.192808472768436
"chr21-0129",-0.064792683877963
"chr21-0130",-0.0510193713645476
"chr21-0131",-0.158811787804713
"chr21-0132",0.0557069045432859
"chr21-0133",0.104792458584363
"chr21-0134",0.0255118940335938
"chr21-0135",-0.00619656799242971
"chr21-0136",0.0243476833029309
"chr21-0137",-0.0647902820616027
"chr21-0138",-0.0253226063040012
"chr21-0139",-0.0498260722504455
"chr21-0140",0.0851335260951848
"chr21-0141",0.0187540211138828
"chr21-0142",0.0714266239056862
"chr21-0143",0.112304429189814
"chr21-0144",-0.118429394220768
"chr21-0145",-0.215055523666219
"chr21-0146",-0.244779931008006
"chr21-0147",0.0232167831573789
"chr21-0148",-0.300156179403624
"chr21-0149",-0.041304564360751
"chr21-0150",-0.0151020282444101
"chr21-0151",-0.144477310546427
"chr21-0152",0.0712555360602446
"chr21-0153",-0.0421321052026143
"chr21-0154",-0.118890522302132
"chr21-0155",-0.201286828650811
"chr21-0156",-0.142374232650159
"chr21-0157",-0.391394298917024
"chr21-0158",-0.31513360328772
"chr21-0159",-0.338394846524632
"chr21-0160",-0.264054123787024
"chr21-0161",-0.173630947991091
"chr21-0162",-0.23227674320568
"chr21-0163",-0.227371930254495
"chr21-0164",-0.0495470492012214
"chr21-0165",-0.236508656793218
"chr21-0166",-0.268153816962853
"chr21-0167",-0.297721645014987
"chr21-0168",-0.421660676249546
"chr21-0169",-0.233649087899551
"chr21-0170",-0.373733068354016
"chr21-0171",-0.227158596617921
"chr21-0172",-0.208063216763418
"chr21-0173",-0.209364545992043
"chr21-0174",-0.379392160971747
"chr21-0175",-0.231519660249937
"chr21-0176",-0.218085562743772
"chr21-0177",-0.339419737410449
"chr21-0178",-0.449141952180863
"chr21-0179",-0.239339588324359
"chr21-0180",-0.407726639613308
"chr21-0181",-0.480240714523328
"chr21-0182",-0.262061392758659
"chr21-0183",-0.386272643087178
"chr21-0184",-0.203117010254171
"chr21-0185",-0.287031529576004
"chr21-0186",-0.273209869962176
"chr21-0187",-0.36710694963689
"chr21-0188",-0.262271513116027
"chr21-0189",-0.357882291772036
"chr21-0190",-0.146216485570905
"chr21-0191",-0.429332727886103
"chr21-0192",-0.37748233638489
"chr21-0193",-0.491780371136046
"chr21-0194",-0.418623750723783
"chr21-0195",-0.476850789344248
"chr21-0196",-0.311902973553775
"chr21-0197",-0.24567348575799
"chr21-0198",-0.337829285618571
"chr21-0199",-0.491714446590261
"chr21-0200",-0.306985195330873
"chr21-0201",-0.267292884423592
"chr21-0202",-0.448917216875035
"chr21-0203",-0.249206727345944
"chr21-0204",-0.031293785885621
"chr21-0205",0.100276911295602
"chr21-0206",-0.366580796300669
"chr21-0207",-0.315210886947825
"chr21-0208",-0.307604062738112
"chr21-0209",-0.489718658662176
"chr21-0210",-0.445161035115815
"chr21-0211",-0.347089420625984
"chr21-0212",-0.0432940070836131
"chr21-0213",-0.0711023431668514
"chr21-0214",-0.204798037919378
"chr21-0215",-0.352631319940218
"chr21-0216",-0.30334424299882
"chr21-0217",-0.340658658398906
"chr21-0218",-0.362553873204031
"chr21-0219",-0.26872760144212
"chr21-0220",-0.266106338321823
"chr21-0221",-0.114263121789392
"chr21-0222",-0.275000943080085
"chr21-0223",-0.0876161407627429
"chr21-0224",-0.220121576423865
"chr21-0225",-0.199991808895262
"chr22-0001",0.0824100605401245
"chr22-0002",-0.0325466940864033
"chr22-0003",0.00975651799778903
"chr22-0004",0.0233297754210677
"chr22-0005",-0.212909449702702
"chr22-0006",-0.0902177485659157
"chr22-0007",-0.0800659938002681
"chr22-0008",-0.128221430633069
"chr22-0009",-0.00865563739195967
"chr22-0010",-0.0841604748926942
"chr22-0011",-0.189070942868999
"chr22-0012",-0.177263203634536
"chr22-0013",-0.116901001786567
"chr22-0014",0.15262352931197
"chr22-0015",0.111509153747579
"chr22-0016",-0.131107188200571
"chr22-0017",-0.104963849853478
"chr22-0018",-0.433360695942474
"chr22-0019",0.392553124132989
"chr22-0020",-0.242786983869282
"chr22-0021",-0.184226465752875
"chr22-0022",-0.088081637142959
"chr22-0023",-0.407353649011025
"chr22-0024",0.0359837774261093
"chr22-0025",-0.0846196946646008
"chr22-0026",-0.313074396008028
"chr22-0027",-0.289950374528641
"chr22-0028",-0.0808165303672043
"chr22-0029",-0.281944699949087
"chr22-0030",-0.35778738692877
"chr22-0031",-0.175510278048232
"chr22-0032",-0.287324467519496
"chr22-0033",-0.289554975184776
"chr22-0034",-0.145833985162551
"chr22-0035",-0.370342124486577
"chr22-0036",-0.296858995190706
"chr22-0037",-0.249424420276093
"chr22-0038",-0.115755849189975
"chr22-0039",-0.235556900934056
"chr22-0040",-0.107984305882393
"chr22-0041",-0.245371621591069
"chr22-0042",0.0194087629005207
"chr22-0043",-0.0647964026779644
"chr22-0044",0.0266907987120009
"chr22-0045",-0.222869840921262
"chr22-0046",-0.356239101749814
"chr22-0047",-0.331271907992577
"chr22-0048",-0.0470248616988709
"chr22-0049",-0.017350038018108
"chr22-0050",-0.2100682026703
"chr22-0051",-0.248050302189999
"chr22-0052",-0.348896731298703
"chr22-0053",-0.162922482683081
"chr22-0054",0.118935077161952
"chr22-0055",0.00332854964232289
"chr22-0056",-0.273359995834891
"chr22-0057",0.0679382208203969
"chr22-0058",0.0470789319018335
"chr22-0059",-0.269950876787507
"chr22-0060",0.00191566086903747
"chr22-0061",0.0398569843525614
"chr22-0062",-0.068452882492879
"chr22-0063",-0.0284774887031899
"chr22-0064",0.0737790622903963
"chr22-0065",-0.170171897711759
"chr22-0066",-0.11143650537053
"chr22-0067",-0.0479766383621986
"chr22-0068",-0.252398965749948
"chr22-0069",-0.222193566893076
"chr22-0070",-0.164806251766306
"chr22-0071",-0.183988432146381
"chr22-0072",-0.250494631414014
"chr22-0073",-0.0515959778269595
"chr22-0074",-0.0580909161718884
"chr22-0075",-0.109525866009517
"chr22-0076",-0.106078771885094
"chr22-0077",-0.257871500845099
"chr22-0078",-0.261201329707967
"chr22-0079",-0.267272185680174
"chr22-0080",0.238060533072914
"chr22-0081",-0.130727997296713
"chr22-0082",-0.107220303710758
"chr22-0083",-0.247426559516881
"chr22-0084",-0.0407877315303369
"chr22-0085",0.291444070437542
"chr22-0086",-0.166551079996029
"chr22-0087",-0.123000953474505
"chr22-0088",-0.305399525145495
"chr22-0089",-0.0345505031978224
"chr22-0090",-0.0780137455051235
"chr22-0091",-0.00980324091881274
"chr22-0092",-0.00525265899273832
"chr22-0093",-0.146358998407897
"chr22-0094",-0.182705673787763
"chr22-0095",-0.023562308456898
"chr22-0096",-0.243110631039854
"chr22-0097",-0.198139043035222
"chr22-0098",0.0224278983651678
"chr22-0099",0.0237322315951131
"chr22-0100",0.280345266415764
"chr22-0101",-0.0144563065891565
"chr22-0102",0.14548885431061
"chr22-0103",-0.0478290296252685
"chr22-0104",0.0467939383680666
"chr22-0105",-0.154025948311966
"chr22-0106",-0.0248288724239692
"chr22-0107",-0.0505353560470095
"chr22-0108",-0.121124030540823
"chr22-0109",-0.0710569573575599
"chr22-0110",0.0387338126505906
"chr22-0111",0.180907479619365
"chr22-0112",0.163927811623243
"chr22-0113",0.000920348739386498
"chr22-0114",-0.0154721128858947
"chr22-0115",-0.174258080207877
"chr22-0116",-0.110566488462508
"chr22-0117",0.0459306554285778
"chr22-0118",-0.08360927616902
"chr22-0119",-0.031247475346021
"chr22-0120",0.119020838810868
"chr22-0121",-0.156471445940703
"chr22-0122",-0.0786600319804695
"chr22-0123",0.0173908610982698
"chr22-0124",-0.210601186916037
"chr22-0125",-0.0477001887586396
"chr22-0126",-0.355257953307212
"chr22-0127",-0.251287316292563
"chr22-0128",-0.0930181633086296
"chr22-0129",-0.0707813615834163
"chr22-0130",-0.114314057449001
"chr22-0131",-0.125274815371154
"chr22-0132",-0.231435806072982
"chr22-0133",0.0911095954973976
"chr22-0134",0.111222333642729
"chr22-0135",-0.0261436539057065
"chr22-0136",0.0108870563747141
"chr22-0137",-0.17805702308742
"chr22-0138",-0.128139037327692
"chr22-0139",-0.254346513181236
"chr22-0140",-0.0554301619077963
"chr22-0141",-0.134200771879422
"chr22-0142",-0.289196347687303
"chr22-0143",-0.132673403413493
"chr22-0144",-0.244506984480228
"chr22-0145",-0.244185092555989
"chr22-0146",-0.0178134848991968
"chr22-0147",-0.229051664106042
"chr22-0148",-0.256180468019261
"chr22-0149",-0.0351640037425419
"chr22-0150",-0.0895579717044131
"chr22-0151",-0.0856128532426873
"chr22-0152",-0.194583180413842
"chr22-0153",-0.0738619727329105
"chr22-0154",-0.244215499199537
"chr22-0155",0.174084774938549
"chr22-0156",-0.236766955773756
"chr22-0157",0.0774027086607379
"chr22-0158",-0.0807029549348561
"chr22-0159",-0.016194498430459
"chr22-0160",-0.115789012867064
"chr22-0161",-0.0385746643540863
"chr22-0162",-0.0881639119684292
"chr22-0163",0.0327547999095952
"chr22-0164",0.0477755479191111
"chr22-0165",0.0241797440025
"chr22-0166",0.0102248115187137
"chr22-0167",0.0471442032002655
"chr22-0168",-0.00733516748374406
"chr22-0169",0.135526258435848
"chr22-0170",0.0650865160400084
"chr22-0171",0.112102498388873
"chr22-0172",0.0234016064556172
"chr22-0173",0.175994135498688
"chr22-0174",-0.00590493099938477
"chr22-0175",0.050316642258601
"chr22-0176",0.0536780013684138
"chr22-0177",-0.175665952448711
"chr22-0178",-0.194445749120277
"chr22-0179",-0.191592151103706
"chr22-0180",-0.221623578886734
"chr22-0181",-0.029924049981676
"chr22-0182",0.00796577809262614
"chr22-0183",0.285793662614101
"chr22-0184",-0.102523713338071
"chr22-0185",-0.0928039194789672
"chr22-0186",-0.0355234853193686
"chr22-0187",-0.00100731934770239
"chr22-0188",-0.0792322075796929
"chr22-0189",-0.136945758910211
"chr22-0190",-0.113829446353497
"chr22-0191",0.0249848180321205
"chr22-0192",-0.171115022766546
"chr22-0193",-0.0123255212125642
"chr22-0194",0.0410136181513248
"chr22-0195",-0.175064282753816
"chr22-0196",-0.123474295555637
"chr22-0197",-0.257072437421875
"chr22-0198",-0.12988369472722
"chr22-0199",-0.148277585997931
"chr22-0200",-0.146053434175339
"chr22-0201",-0.356998299850263
"chr22-0202",-0.264910328575157
"chr22-0203",-0.178665481874064
"chr22-0204",-0.282221979478557
"chr22-0205",-0.135684558347008
"chr22-0206",-0.197527525243103
"chr22-0207",-0.246767248004148
"chr22-0208",-0.137688687551211
"chr22-0209",-0.186991056231441
"chr22-0210",-0.285561577657425
"chr22-0211",-0.0838400611761792
"chr22-0212",-0.232960163337996
"chr22-0213",0.0245990052034912
"chr22-0214",-0.188501016876858
"chr22-0215",-0.0733905870794914
"chr22-0216",0.0784078435177598
"chr22-0217",-0.137749752115942
"chr22-0218",-0.132722902446793
"chr22-0219",-0.361052944102531
"chr22-0220",-0.195112902095778
"chr22-0221",-0.0798545396722797
"chr22-0222",-0.0303156752369229
"chr22-0223",-0.183587197684249
"chr22-0224",-0.218831713002023
"chr22-0225",-0.242446065570544
"chr22-0226",-0.238976041341733
"chr22-0227",-0.0869123702530208
"chr22-0228",-0.137400842995176
"chr22-0229",-0.143929851072638
"chr22-0230",-0.351586507254823
"chr22-0231",-0.0678846133956776
"chr22-0232",0.0469434656418236
"chr22-0233",-0.0638055575720698
"chr22-0234",0.186613821258179
"chr22-0235",0.132968180951318
"chr22-0236",-0.0685038380938391
"chr22-0237",0.162277082425972
"chr22-0238",-0.142287040215094
"chr22-0239",-0.0229277674218786
"chr22-0240",0.00360520729644824
"chr22-0241",-0.128227440981327
"chr22-0242",-0.161629075162012
"chr22-0243",-0.217980134138315
"chr22-0244",-0.212599566992703
"chr22-0245",-0.114720468792913
"chr22-0246",-0.182241561695266
"chr22-0247",-0.165120810184009
"chr22-0248",-0.263384888992163
"chr22-0249",-0.146393576060046
"chr22-0250",-0.0123398537231697
"chr22-0251",-0.175681132837361
"chr22-0252",-0.247914851368932
"chr22-0253",-0.239894202456796
"chr22-0254",-0.150984574319596
"chr22-0255",-0.157246847322712
"chr22-0256",-0.0344105738707569
"chr22-0257",-0.205734632725193
"chr22-0258",-0.321446229534692
"chr22-0259",0.0604941732251461
"chr22-0260",0.158544490309365
"chr22-0261",0.171929780253856
"chr22-0262",-0.203942213290241
"chr22-0263",-0.209600978735172
"chr22-0264",-0.102999968664938
"chr22-0265",-0.129224916818098
"chr22-0266",0.0963189299039233
"chr22-0267",-0.120106456308745
"chr22-0268",-0.26568106194656
"chr22-0269",-0.337195906779715
"chr22-0270",-0.226907488389857
"chr22-0271",-0.178691585352995
"chr22-0272",-0.099414640054217
"chr22-0273",-0.260062292031613
"chr22-0274",-0.13195117491204
"chr22-0275",0.120110317835514
"chr22-0276",-0.328965658342723
"chr22-0277",-0.29602374888383
"chr22-0278",-0.0227193477078953
"chr22-0279",-0.128274425081386
"chr22-0280",-0.146810576732519
"chr22-0281",-0.090345767367877
"chr22-0282",-0.354305548493052
"chr22-0283",-0.180313810607643
"chr22-0284",-0.225519421188468
"chr22-0285",-0.0419335415007203
"chr22-0286",-0.154782341571054
"chr22-0287",-0.181150477319526
"chr22-0288",-0.406457635660596
"chr22-0289",-0.141159853403997
"chr22-0290",-0.167229971210583
"chr22-0291",-0.157917352316539
"chr22-0292",-0.164092099634339
"chr22-0293",-0.180621451008552
"chr22-0294",-0.116687894539455
"chr22-0295",-0.142931032541918
"chr22-0296",-0.138045396520157
"chr22-0297",-0.118061229211757
"chr22-0298",-0.100677937761975
"chr22-0299",0.118098076423406
"chr22-0300",0.217161734581505
"chr22-0301",-0.199248989336436
"chr22-0302",-0.354201719970652
"chr22-0303",-0.331832195205898
"chr22-0304",-0.327953840152214
"chr22-0305",-0.239006351637918
"chr22-0306",-0.11633117409805
"chr22-0307",-0.192022315740473
"chr22-0308",-0.249145452229335
"chr22-0309",-0.0973056830099441
"chr22-0310",-0.229401413364137
"chr22-0311",-0.278170940047715
"chr22-0312",-0.130233096186599
"chr22-0313",-0.176729627713673
"chr22-0314",0.0649195585312025
"chr22-0315",0.065800382487788
"chr22-0316",-0.0796506742494622
"chr22-0317",-0.0251227867666395
"chr22-0318",-0.0375780402193323
"chr22-0319",-0.0724497046268696
"chr22-0320",-0.115211691856835
"chr22-0321",-0.0999118324647186
"chr22-0322",-0.108403902124137
"chr22-0323",-0.153421746316649
"chr22-0324",-0.174139525423481
"chr22-0325",-0.142548998631536
"chr22-0326",-0.198542923742288
"chr22-0327",-0.144282642753347
"chr22-0328",-0.326871202571228
"chr22-0329",-0.349127235175044
"chr22-0330",-0.201128394530531
"chr22-0331",-0.401038895120172
"chr22-0332",-0.209858426739074
"chr22-0333",-0.154864901779766
"chr22-0334",-0.329026854917032
"chr22-0335",-0.314077520268419
"chr22-0336",-0.386647514539938
"chr22-0337",-0.129050083324538
"chr22-0338",-0.207921291075091
"chr22-0339",-0.251623414582664
"chr22-0340",-0.00519484044263201
"chr22-0341",-0.20872423529057
"chr22-0342",-0.198003613100229
"chr22-0343",-0.189075283860146
"chr22-0344",-0.262482872858887
"chr22-0345",-0.231336321724467
"chr22-0346",-0.419191200314424
"chr22-0347",-0.748443400925821
"chr22-0348",-0.375900089394626
"chr22-0349",-0.430239942602134
"chr22-0350",-0.455072771056903
"chr22-0351",-0.441206604575063
"chr22-0352",-0.623673784095556
"chr22-0353",-0.389855014499654
"chr22-0354",-0.324617246177645
"chr22-0355",-0.546422318868101
"chr22-0356",-0.562909497446396
"chr22-0357",-0.515372525309674
"chr22-0358",-0.324189145828792
"chr3-0001",0.320655092559474
"chr3-0002",0.187128522895833
"chr3-0003",0.293014942097046
"chr3-0004",0.0803345107274323
"chr3-0005",0.175668097168438
"chr3-0006",0.121594612010163
"chr3-0007",0.0817155253402497
"chr3-0008",0.132177211581475
"chr3-0009",-0.0145766766718655
"chr3-0010",0.33446844883304
"chr3-0011",0.263820363735739
"chr3-0012",0.0848981597825752
"chr3-0013",0.374055091560176
"chr3-0014",0.375142443688182
"chr3-0015",0.373426452252002
"chr3-0016",0.310347737464586
"chr3-0017",0.513097358246728
"chr3-0018",0.235470620156001
"chr3-0019",0.116845837751734
"chr3-0020",0.19725820341598
"chr3-0021",0.1813169802671
"chr3-0022",0.465613076223874
"chr3-0023",0.596057517344468
"chr3-0024",0.210636398510723
"chr3-0025",0.305277526476154
"chr3-0026",0.321026198132746
"chr3-0027",0.294299550059641
"chr3-0028",0.320120271438851
"chr3-0029",0.185536724587167
"chr3-0030",0.133519260953504
"chr3-0031",0.151165108020374
"chr3-0032",0.184562122086736
"chr3-0033",0.231465005758965
"chr3-0034",0.218310352672882
"chr3-0035",0.0157367235990735
"chr3-0036",0.302811317593232
"chr3-0037",0.134134619339346
"chr3-0038",0.109325206131067
"chr3-0039",-0.0243726316083663
"chr3-0040",0.00807467627898413
"chr3-0041",0.0515603446332986
"chr3-0042",-0.0308130631086844
"chr3-0043",0.116877045567577
"chr3-0044",-0.0412557795214007
"chr3-0045",0.0264551390709471
"chr3-0046",0.0704660143614312
"chr3-0047",0.166816640314849
"chr3-0048",0.125340453327791
"chr3-0049",-0.0267270659319561
"chr3-0050",0.0595579427022583
"chr3-0051",0.189259342408499
"chr3-0052",0.0661442121252743
"chr3-0053",0.00921418356252426
"chr3-0054",0.082737025078247
"chr3-0055",0.113920175533406
"chr3-0056",0.170851665606198
"chr3-0057",0.19240621603714
"chr3-0058",0.322722842796723
"chr3-0059",0.203920017798596
"chr3-0060",0.222646836498752
"chr3-0061",0.331480852588583
"chr3-0062",0.0794419340023067
"chr3-0063",0.21507886402889
"chr3-0064",0.321898888006037
"chr3-0065",0.188259181004104
"chr3-0066",0.20688394856026
"chr3-0067",0.245122946292476
"chr3-0068",0.457446785099005
"chr3-0069",0.247756883766913
"chr3-0070",0.191762000738747
"chr3-0071",0.203918926387071
"chr3-0072",0.0266892446940998
"chr3-0073",0.0396537655023299
"chr3-0074",-0.0315220056845451
"chr3-0075",0.104558999287532
"chr3-0076",-0.0458345020466903
"chr3-0077",-0.0860445679386736
"chr3-0078",0.061781172754273
"chr3-0079",-0.0919249085297663
"chr3-0080",0.00499761338280406
"chr3-0081",-0.0823708225486861
"chr3-0082",0.0421495518029206
"chr3-0083",0.0681610926584174
"chr3-0084",-0.0468886060177301
"chr3-0085",0.151262420414197
"chr3-0086",0.0227628917370353
"chr3-0087",0.0495378756816728
"chr3-0088",0.14782928402111
"chr3-0089",0.191217519850774
"chr3-0090",-0.0498277368149827
"chr3-0091",-0.0194894526488763
"chr3-0092",0.0594980480519995
"chr3-0093",0.0373245147326751
"chr3-0094",0.0344576619711545
"chr3-0095",0.273842835250331
"chr3-0096",0.0956970167347519
"chr3-0097",0.123757600992461
"chr3-0098",0.173745232085709
"chr3-0099",0.0852881998066745
"chr3-0100",0.202686125681616
"chr3-0101",0.207236431126772
"chr3-0102",0.137034869102967
"chr3-0103",0.234249093578453
"chr3-0104",0.190686748558312
"chr3-0105",0.279947387091215
"chr3-0106",0.20699507384459
"chr3-0107",0.128000799784674
"chr3-0108",0.438307680819888
"chr3-0109",0.345508677801347
"chr3-0110",0.263885264160652
"chr3-0111",0.322313525896277
"chr3-0112",0.307464927332484
"chr3-0113",0.481746030465232
"chr3-0114",0.451818851013027
"chr3-0115",0.34806686060681
"chr3-0116",0.161482719371743
"chr3-0117",0.500922666558795
"chr3-0118",0.43613914647635
"chr3-0119",0.219718503554124
"chr3-0120",0.385619975894652
"chr3-0121",0.489550793170437
"chr3-0122",0.221348097826787
"chr3-0123",0.420465577391227
"chr3-0124",0.439639025994639
"chr3-0125",0.346939620818034
"chr3-0126",0.458609921519398
"chr3-0127",0.393600344601924
"chr3-0128",0.43791702675097
"chr3-0129",0.1650213181385
"chr3-0130",0.305392656564476
"chr3-0131",0.177673589436082
"chr3-0132",0.502692467746171
"chr3-0133",0.381767777267299
"chr3-0134",0.427680867399974
"chr3-0135",0.339417930244288
"chr3-0136",0.354378787313566
"chr3-0137",0.229844271829079
"chr3-0138",0.3164479863154
"chr3-0139",0.393065506440759
"chr3-0140",0.391067803636463
"chr3-0141",0.355763677452155
"chr3-0142",0.265644928741152
"chr3-0143",0.145208326376101
"chr3-0144",0.251890912258756
"chr3-0145",0.516243787474549
"chr3-0146",0.225713187779509
"chr3-0147",0.323704326694695
"chr3-0148",0.428612225021626
"chr3-0149",0.404847677548734
"chr3-0150",0.435719556149557
"chr3-0151",-0.0394792550295506
"chr3-0152",0.26053976320177
"chr3-0153",0.434021568783988
"chr3-0154",0.172788552481975
"chr3-0155",0.390792401638587
"chr3-0156",0.445366836502845
"chr3-0157",0.212864724757589
"chr3-0158",0.337611526182618
"chr3-0159",0.268481062909387
"chr3-0160",0.419663459452643
"chr3-0161",0.127690132468111
"chr3-0162",0.26005874334036
"chr3-0163",0.349927779271567
"chr3-0164",0.408172322798036
"chr3-0165",0.534559685267032
"chr3-0166",0.487232629613822
"chr3-0167",0.50738549567089
"chr3-0168",0.47835916629719
"chr3-0169",0.131808612935918
"chr3-0170",0.431063790652213
"chr3-0171",0.370881570097529
"chr3-0172",0.43942317125447
"chr3-0173",0.216701144354478
"chr3-0174",0.385416316541234
"chr3-0175",0.407062646215534
"chr3-0176",0.224064279275536
"chr3-0177",0.141809158723429
"chr3-0178",0.159173412517701
"chr3-0179",0.140460897392695
"chr3-0180",0.328384952626473
"chr3-0181",-0.0662495596700823
"chr3-0182",0.0273140583433028
"chr3-0183",0.110325161411723
"chr3-0184",0.226878699194398
"chr3-0185",0.286695738866942
"chr3-0186",0.314318109664154
"chr3-0187",-0.0372051743464397
"chr3-0188",0.162097617639749
"chr3-0189",0.193237392804312
"chr3-0190",0.226760682152388
"chr3-0191",0.58741821578761
"chr3-0192",0.0681662128144793
"chr3-0193",0.262124603543188
"chr3-0194",0.432483248776391
"chr3-0195",0.287367903500585
"chr3-0196",0.42485991219496
"chr3-0197",0.462997703039334
"chr3-0198",0.355347123926951
"chr3-0199",0.174876465475119
"chr3-0200",0.371617159455495
"chr3-0201",0.261032670800195
"chr3-0202",0.248626975266021
"chr3-0203",0.290636215682217
"chr3-0204",0.212515888279592
"chr3-0205",0.297208198697674
"chr3-0206",0.212987794997274
"chr3-0207",0.0334245222156153
"chr3-0208",0.266826173318374
"chr3-0209",0.162733536333019
"chr3-0210",0.3144832952127
"chr3-0211",0.0829472606282083
"chr3-0212",0.0109019739976497
"chr3-0213",0.0283584751450611
"chr3-0214",0.250411475411029
"chr3-0215",0.105944904829691
"chr3-0216",-0.213579438126244
"chr3-0217",0.149599265705749
"chr3-0218",0.0640417315976305
"chr3-0219",0.117592411033708
"chr3-0220",0.316354858288009
"chr3-0221",0.127651538704681
"chr3-0222",0.105417169603691
"chr3-0223",0.0693650025448972
"chr3-0224",0.158218501250214
"chr3-0225",0.0690588786737465
"chr3-0226",0.266645486380274
"chr3-0227",0.295113006614135
"chr3-0228",0.369063049805005
"chr3-0229",0.168246791705149
"chr3-0230",0.106857264088707
"chr3-0231",0.132137799407813
"chr3-0232",-0.0485534931261307
"chr3-0233",0.322113469493941
"chr3-0234",0.258091356616665
"chr3-0235",0.375065796663847
"chr3-0236",0.307581437437017
"chr3-0237",0.273770466763696
"chr3-0238",0.324053597782239
"chr3-0239",0.0880785100280234
"chr3-0240",0.197688831085525
"chr3-0241",0.306983250830524
"chr3-0242",0.322508645474734
"chr3-0243",0.238984794827478
"chr3-0244",0.213449960297318
"chr3-0245",0.0212238860228477
"chr3-0246",0.0955666925738016
"chr3-0247",0.0326278727902079
"chr3-0248",-0.0129920289055986
"chr3-0249",0.083482369016399
"chr3-0250",0.174704218961603
"chr3-0251",0.170482705032154
"chr3-0252",0.0940146511217202
"chr3-0253",0.132351591705536
"chr3-0254",0.376281056067341
"chr3-0255",0.251395085092364
"chr3-0256",0.249861483039569
"chr3-0257",0.311464053429551
"chr3-0258",0.13253036736104
"chr3-0259",0.289914671349552
"chr3-0260",-0.037250205985064
"chr3-0261",0.31100040751471
"chr3-0262",0.182641397936181
"chr3-0263",0.1365045021975
"chr3-0264",0.0724547662734393
"chr3-0265",0.153424678070393
"chr3-0266",0.0887568439854469
"chr3-0267",0.123988999724371
"chr3-0268",0.132249423026738
"chr3-0269",0.024084187525585
"chr3-0270",0.198171002792259
"chr3-0271",0.194517677885408
"chr3-0272",0.258276105587947
"chr3-0273",0.275199483401497
"chr3-0274",0.211673604323825
"chr3-0275",-0.0110878067777348
"chr3-0276",0.368361804509553
"chr3-0277",-0.0420487344428003
"chr3-0278",0.256117879017338
"chr3-0279",0.178418213309842
"chr3-0280",0.107811216113654
"chr3-0281",0.28194013458592
"chr3-0282",0.197093149059751
"chr3-0283",0.234608101596774
"chr3-0284",0.26089382744068
"chr3-0285",0.246232778216722
"chr3-0286",0.335975519496754
"chr3-0287",0.113780675701078
"chr3-0288",0.185593543745828
"chr3-0289",0.273922785804138
"chr3-0290",-0.0801463448173217
"chr3-0291",0.156747508767885
"chr3-0292",-0.00440090532066786
"chr3-0293",-0.00163302026747148
"chr3-0294",0.146026020577811
"chr3-0295",0.0948000503800341
"chr3-0296",-0.00833502669626414
"chr3-0297",0.0136761707938719
"chr3-0298",0.0654714958112057
"chr3-0299",-0.00310613424187699
"chr3-0300",0.0690760000215423
"chr3-0301",-0.122340023157863
"chr3-0302",0.246924519558127
"chr3-0303",0.314746423733493
"chr3-0304",-0.128540615657734
"chr3-0305",0.0676353405744036
"chr3-0306",0.141472862373878
"chr3-0307",0.11807873485905
"chr3-0308",0.010940968591862
"chr3-0309",-0.0416309342973403
"chr3-0310",-0.0506892069543195
"chr3-0311",-0.0548913087045671
"chr3-0312",0.141358696678359
"chr3-0313",-0.161695880645799
"chr3-0314",-0.0476431090392451
"chr3-0315",-0.15747713816007
"chr3-0316",-0.135798174838396
"chr3-0317",-0.0551085104338738
"chr3-0318",0.0518745275364042
"chr3-0319",-0.058577335605981
"chr3-0320",-0.0258212875530801
"chr3-0321",0.0477073061964859
"chr3-0322",-0.100059473972076
"chr3-0323",-0.105355634956622
"chr3-0324",-0.105446401647818
"chr3-0325",-0.0353923070501189
"chr3-0326",0.0593508341919089
"chr3-0327",0.0926063620031747
"chr3-0328",-0.0974250185067859
"chr3-0329",-0.144557232283148
"chr3-0330",-0.161017487803837
"chr3-0331",-0.0579805160115123
"chr3-0332",-0.0307074306495509
"chr3-0333",-0.105977486791574
"chr3-0334",0.125303511635733
"chr3-0335",0.287838241792644
"chr3-0336",0.0320277926433744
"chr3-0337",0.0851547508972694
"chr3-0338",0.0128675282623319
"chr3-0339",0.266234898491871
"chr3-0340",0.223696803292948
"chr3-0341",-0.113328093096787
"chr3-0342",-0.0671496143756239
"chr3-0343",-0.0471805173481475
"chr3-0344",-0.0222255963956081
"chr3-0345",-0.081048137193992
"chr3-0346",0.00681472145620435
"chr3-0347",-0.0496700214774927
"chr3-0348",-0.00437842230377351
"chr3-0349",0.0146053510949988
"chr3-0350",0.143661099901215
"chr3-0351",-0.0155197068228653
"chr3-0352",0.0341529155755829
"chr3-0353",0.149486794782599
"chr3-0354",0.304508131829245
"chr3-0355",0.0108753467193789
"chr3-0356",-0.00401170057547139
"chr3-0357",0.0227418814064664
"chr3-0358",0.101263522544562
"chr3-0359",0.240752412109143
"chr3-0360",0.23673250799815
"chr3-0361",0.0897571219027807
"chr3-0362",0.111018336856813
"chr3-0363",0.0694735307281047
"chr3-0364",0.366594747700895
"chr3-0365",0.2131259503581
"chr3-0366",0.42844360275052
"chr3-0367",0.324532646684294
"chr3-0368",0.386931201462518
"chr3-0369",0.198565447472268
"chr3-0370",0.28834437415767
"chr3-0371",0.404502698116532
"chr3-0372",0.280034945710377
"chr3-0373",0.347414930160892
"chr3-0374",0.128419285335856
"chr3-0375",0.135560355426368
"chr3-0376",0.356195083283157
"chr3-0377",0.398516969684659
"chr3-0378",0.343199679103922
"chr3-0379",0.249123380938336
"chr3-0380",0.189881782652353
"chr3-0381",0.177634039010663
"chr3-0382",0.353724815928651
"chr3-0383",0.0455501086806619
"chr3-0384",0.256307489941982
"chr3-0385",0.102215379608455
"chr3-0386",0.28755488190291
"chr3-0387",0.22904385886502
"chr3-0388",0.177645548152069
"chr3-0389",0.0267058011431662
"chr3-0390",0.312923248699261
"chr3-0391",0.155138421782976
"chr3-0392",0.141880791171393
"chr3-0393",0.205736132568483
"chr3-0394",0.553533424068133
"chr3-0395",0.177885586355706
"chr3-0396",0.364931033071756
"chr3-0397",0.382492959877168
"chr3-0398",0.45495454314884
"chr3-0399",0.381299472279786
"chr3-0400",0.527438606567515
"chr3-0401",0.295060615604826
"chr3-0402",0.249050082869055
"chr3-0403",0.414101352616228
"chr3-0404",0.33842550315033
"chr3-0405",0.301695899235671
"chr3-0406",0.308408503022345
"chr3-0407",0.275720539102087
"chr3-0408",0.363648228558602
"chr3-0409",-0.0533118171981587
"chr3-0410",0.403905970405972
"chr3-0411",0.343850894461756
"chr3-0412",0.345638158347628
"chr3-0413",0.231688402306493
"chr3-0414",0.321907599695177
"chr3-0415",0.446034260026816
"chr3-0416",0.330516467679807
"chr3-0417",0.50609796276165
"chr3-0418",0.355115220122703
"chr3-0419",0.483855369097087
"chr3-0420",0.216791449329945
"chr3-0421",0.503066734815642
"chr3-0422",0.267430715796407
"chr3-0423",0.433780344128474
"chr3-0424",0.410250586799592
"chr3-0425",0.421397267717458
"chr3-0426",0.414180050151552
"chr3-0427",0.342394147012395
"chr3-0428",0.360536027266199
"chr3-0429",0.164115248329435
"chr3-0430",0.422742322811181
"chr3-0431",0.209490176032684
"chr3-0432",0.205143858523087
"chr3-0433",0.245973515180504
"chr3-0434",0.3444004520098
"chr3-0435",0.447569897306832
"chr3-0436",0.141552003250626
"chr3-0437",0.502738611717087
"chr3-0438",0.385535228051618
"chr3-0439",0.32953434395453
"chr3-0440",0.0904361400882
"chr3-0441",0.243583494316856
"chr3-0442",0.428713118266319
"chr3-0443",0.176300410168748
"chr3-0444",0.264433731230369
"chr3-0445",0.0478030116626851
"chr3-0446",0.578397416793938
"chr3-0447",0.375060774456766
"chr3-0448",0.398858651277748
"chr3-0449",0.37238906668474
"chr3-0450",0.376257656808282
"chr3-0451",0.493396387495886
"chr3-0452",0.408628109128807
"chr3-0453",0.603977559837216
"chr3-0454",0.409818158883409
"chr3-0455",0.602512145685769
"chr3-0456",0.427399983125054
"chr3-0457",0.294273121261458
"chr3-0458",0.385604682010734
"chr3-0459",0.402828510407527
"chr3-0460",0.41540686467739
"chr3-0461",0.177006412647873
"chr3-0462",0.213165163264139
"chr3-0463",0.136556851590962
"chr3-0464",0.222322999676526
"chr3-0465",0.252573507259479
"chr3-0466",0.118961482011916
"chr3-0467",0.31131163583332
"chr3-0468",0.258695191898216
"chr3-0469",0.274061837962288
"chr3-0470",0.2040086841609
"chr3-0471",0.343416189299158
"chr3-0472",0.198166784343517
"chr3-0473",0.131014583199721
"chr3-0474",0.185895825807469
"chr3-0475",0.339092063407802
"chr3-0476",0.227419914591714
"chr3-0477",0.385864665696101
"chr3-0478",0.432358732883499
"chr3-0479",0.291050248993313
"chr3-0480",0.369670270173516
"chr3-0481",0.17974329897574
"chr3-0482",0.262898088072953
"chr3-0483",0.203822287482687
"chr3-0484",0.164513764863711
"chr3-0485",0.593951683434863
"chr3-0486",0.442564035211033
"chr3-0487",0.35502040187018
"chr3-0488",0.463846882945021
"chr3-0489",0.465637151705419
"chr3-0490",0.695174476742948
"chr3-0491",0.25652191066666
"chr3-0492",0.291543319362698
"chr3-0493",0.344430932210514
"chr3-0494",0.517344474686207
"chr3-0495",0.387586447304512
"chr3-0496",0.343165637195687
"chr3-0497",0.411739963120644
"chr3-0498",0.33234954279923
"chr3-0499",0.48480544239734
"chr3-0500",0.313134146019952
"chr3-0501",0.377282179148519
"chr3-0502",0.307201603876478
"chr3-0503",0.380358159397061
"chr3-0504",0.329922426702216
"chr3-0505",0.109314411126649
"chr3-0506",0.253925836108451
"chr3-0507",0.262991502173536
"chr3-0508",0.610116633871852
"chr3-0509",0.0922896289881656
"chr3-0510",0.255854092044177
"chr3-0511",0.206684532018922
"chr3-0512",0.367549102447938
"chr3-0513",0.379896958245534
"chr3-0514",0.158858227775792
"chr3-0515",0.135807404462607
"chr3-0516",0.520233475421673
"chr3-0517",0.303640982655238
"chr3-0518",0.232948032332857
"chr3-0519",0.133034927120374
"chr3-0520",0.130830760522194
"chr3-0521",0.230772559421853
"chr3-0522",0.307662580111741
"chr3-0523",0.0662524128700113
"chr3-0524",0.440824342732395
"chr3-0525",0.326874511803866
"chr3-0526",0.387482698247296
"chr3-0527",0.0995838917967298
"chr3-0528",0.329561367889366
"chr3-0529",0.419703640343923
"chr3-0530",0.478820466125082
"chr3-0531",0.471967331852097
"chr3-0532",0.20711002296321
"chr3-0533",0.207699543793316
"chr3-0534",0.135639220432566
"chr3-0535",0.356760956428078
"chr3-0536",0.171484244018549
"chr3-0537",0.174848203939391
"chr3-0538",0.351534316989543
"chr3-0539",0.473027823101542
"chr3-0540",0.254724979890896
"chr3-0541",0.258082987971293
"chr3-0542",-0.0833300152992207
"chr3-0543",0.0543528335325849
"chr3-0544",0.0738865874379466
"chr3-0545",0.200360462648413
"chr3-0546",0.407870792333893
"chr3-0547",0.392885976346194
"chr3-0548",0.411490841677779
"chr3-0549",0.405897080439071
"chr3-0550",0.230173265402825
"chr3-0551",0.431211594133077
"chr3-0552",0.168288718696719
"chr3-0553",0.461258678932665
"chr3-0554",0.395071057116239
"chr3-0555",0.397968996851549
"chr3-0556",0.173202385853218
"chr3-0557",0.165252602759887
"chr3-0558",0.393184766190815
"chr3-0559",0.375964192106289
"chr3-0560",0.22581543638229
"chr3-0561",0.295185675783948
"chr3-0562",0.203629613127683
"chr3-0563",0.314636520239486
"chr3-0564",0.14984873485335
"chr3-0565",0.295318779247161
"chr3-0566",0.249768033646998
"chr3-0567",0.122363448825905
"chr3-0568",0.262451093827323
"chr3-0569",0.327993043224234
"chr3-0570",0.25256708214421
"chr3-0571",0.371773552776643
"chr3-0572",0.0972980394738011
"chr3-0573",0.441567334767754
"chr3-0574",0.177554626099402
"chr3-0575",0.41216624435434
"chr3-0576",0.180613161527653
"chr3-0577",-0.0399936226770878
"chr3-0578",0.182126299277375
"chr3-0579",0.297973781327311
"chr3-0580",0.497689308793787
"chr3-0581",0.389219196408118
"chr3-0582",0.0222250019436408
"chr3-0583",0.417288736691249
"chr3-0584",0.422169576309071
"chr3-0585",0.248988249403626
"chr3-0586",0.259092185068806
"chr3-0587",0.399753194315963
"chr3-0588",0.295009942515447
"chr3-0589",0.176431995561372
"chr3-0590",0.323592999638265
"chr3-0591",0.103323673844726
"chr3-0592",0.076877802586946
"chr3-0593",0.127691219878681
"chr3-0594",0.183395270796748
"chr3-0595",0.240875260808224
"chr3-0596",0.216735012051827
"chr3-0597",0.280761553116241
"chr3-0598",0.114319207052884
"chr3-0599",0.250651283673515
"chr3-0600",0.4371695212415
"chr3-0601",0.495858398039763
"chr3-0602",0.343138676213474
"chr3-0603",0.449786380174438
"chr3-0604",0.250413594437956
"chr3-0605",0.284240242073046
"chr3-0606",0.336402188674244
"chr3-0607",0.408649785076691
"chr3-0608",0.218297348932603
"chr3-0609",0.255010412566564
"chr3-0610",0.46195765221348
"chr3-0611",0.398900181676379
"chr3-0612",0.410826700980939
"chr3-0613",0.250276490801105
"chr3-0614",0.326014934273032
"chr3-0615",0.307779762804717
"chr3-0616",0.107352606627708
"chr3-0617",0.170716029429996
"chr3-0618",-0.0434030648161825
"chr3-0619",0.240630654610298
"chr3-0620",0.162930585188152
"chr3-0621",0.197642255163031
"chr3-0622",0.189246124988978
"chr3-0623",0.32948141727649
"chr3-0624",0.275702871170984
"chr3-0625",0.0569936371224324
"chr3-0626",0.384050462648038
"chr3-0627",0.105880219367048
"chr3-0628",0.194921191032402
"chr3-0629",0.289964748794526
"chr3-0630",0.0558582338153223
"chr3-0631",0.179915718139604
"chr3-0632",0.315478225275038
"chr3-0633",0.293189466127246
"chr3-0634",-0.0826415750955269
"chr3-0635",0.238094436648302
"chr3-0636",0.175048262595675
"chr3-0637",0.284183805299797
"chr3-0638",0.129861781902103
"chr3-0639",0.281417456040984
"chr3-0640",0.0872564260532662
"chr3-0641",0.111812990157344
"chr3-0642",0.215664838996783
"chr3-0643",0.0253094221145169
"chr3-0644",0.200023064217093
"chr3-0645",0.178749673521224
"chr3-0646",0.0751398324665729
"chr3-0647",0.241180091535698
"chr3-0648",-0.0158049717701356
"chr3-0649",0.0550414592987266
"chr3-0650",0.0497692269923268
"chr3-0651",0.162103692801943
"chr3-0652",0.164519993567896
"chr3-0653",0.0353888539970966
"chr3-0654",0.0323481105495745
"chr3-0655",0.120325589315481
"chr3-0656",0.0732815841055629
"chr3-0657",0.271605119181163
"chr3-0658",0.111592656604966
"chr3-0659",0.260166783478591
"chr3-0660",-0.0331258883700608
"chr3-0661",0.271389929852446
"chr3-0662",0.0132473819229492
"chr3-0663",0.0993911018944567
"chr3-0664",0.216743060948657
"chr3-0665",0.190057109320486
"chr3-0666",0.254044954399373
"chr3-0667",0.0814231378751801
"chr3-0668",0.244748146493044
"chr3-0669",0.182247041693441
"chr3-0670",0.303346235090321
"chr3-0671",0.0721184520054269
"chr3-0672",0.213818531531318
"chr3-0673",0.154533459254984
"chr3-0674",0.19980366615853
"chr3-0675",0.153471136253353
"chr3-0676",0.0843113440309865
"chr3-0677",0.0792269038834433
"chr3-0678",0.171062420694364
"chr3-0679",-0.0604193761521835
"chr3-0680",0.131751690460068
"chr3-0681",0.0282081935156303
"chr3-0682",0.0128954105071031
"chr3-0683",0.0617082717619712
"chr3-0684",-0.113438752418459
"chr3-0685",0.0320284439837599
"chr3-0686",0.0777679700133329
"chr3-0687",-0.120574030176796
"chr3-0688",0.0606738207557715
"chr3-0689",-0.153941825594846
"chr3-0690",-0.0354616858131364
"chr3-0691",0.0345467499577284
"chr3-0692",0.0742167961664081
"chr3-0693",0.00572126034350689
"chr3-0694",-0.254988089025375
"chr3-0695",-0.0779996421854175
"chr3-0696",-0.0412406391061848
"chr3-0697",0.144125570839042
"chr3-0698",0.0860918450706072
"chr3-0699",-0.0630281263940033
"chr3-0700",-0.15167257911387
"chr3-0701",-0.0411323561429311
"chr3-0702",-0.131935724384211
"chr3-0703",-0.0232338175291064
"chr3-0704",0.212014900526128
"chr3-0705",0.0806717411664033
"chr3-0706",0.0679367921980817
"chr3-0707",0.333712660514398
"chr3-0708",-0.124034922287968
"chr3-0709",0.112970713053743
"chr3-0710",0.0611469165266726
"chr3-0711",0.0222179915877294
"chr3-0712",-0.144429589085213
"chr3-0713",-0.25934486997346
"chr3-0714",0.00148897707875089
"chr3-0715",-0.0263934035134037
"chr3-0716",0.0738689850190317
"chr3-0717",0.0872523670559377
"chr3-0718",0.101692614488087
"chr3-0719",0.0653102191365353
"chr3-0720",-0.051195403361604
"chr3-0721",-0.0837415421550892
"chr3-0722",0.0428419257584889
"chr3-0723",0.0471316467573317
"chr3-0724",-0.218693564802623
"chr3-0725",0.0269437657648134
"chr3-0726",0.0947882484217435
"chr3-0727",-0.08378007504999
"chr3-0728",-0.114315411560848
"chr3-0729",0.326585384489916
"chr3-0730",0.0772414183677913
"chr3-0731",0.289513000916059
"chr3-0732",0.0307573606911068
"chr3-0733",0.176123125807038
"chr3-0734",0.333090460249324
"chr3-0735",0.296264562666316
"chr3-0736",0.111926872920707
"chr3-0737",0.194969586424139
"chr3-0738",0.301431708054692
"chr3-0739",0.0974298604568684
"chr3-0740",0.130300081778703
"chr3-0741",0.186937057170433
"chr3-0742",0.284788758234497
"chr3-0743",0.426066753687614
"chr3-0744",0.300779589760435
"chr3-0745",-0.0157287376912582
"chr3-0746",0.203193741394557
"chr3-0747",-0.11426048294429
"chr3-0748",0.180826924001466
"chr3-0749",0.077592666296958
"chr3-0750",0.191696862498843
"chr3-0751",0.161576242316238
"chr3-0752",0.027514585184554
"chr3-0753",0.12396673367606
"chr3-0754",0.0393200297339056
"chr3-0755",0.0310476934171914
"chr3-0756",-0.00543093664825501
"chr3-0757",-0.0382817937638644
"chr3-0758",0.00432774708754329
"chr3-0759",0.185631587632755
"chr3-0760",-0.0126712405974963
"chr3-0761",-0.136706253271198
"chr3-0762",-0.0214265650771542
"chr3-0763",0.214846326037809
"chr3-0764",0.230392335693723
"chr3-0765",0.204783107521422
"chr3-0766",0.0803840784439394
"chr3-0767",-0.176221183237268
"chr3-0768",0.20252958366274
"chr3-0769",0.268410914268033
"chr3-0770",0.0896427763772402
"chr3-0771",-0.0760259137069733
"chr3-0772",0.219744746787784
"chr3-0773",0.217274378646838
"chr3-0774",0.311055970604312
"chr3-0775",0.127612593066632
"chr3-0776",0.19926521247499
"chr3-0777",0.123892746491735
"chr3-0778",-0.00721324625450747
"chr3-0779",0.0904686122980291
"chr3-0780",-0.0603150472012593
"chr3-0781",0.0340019483135374
"chr3-0782",0.0463643409462772
"chr3-0783",-0.169035532161906
"chr3-0784",0.0515046864046069
"chr3-0785",0.324916310150034
"chr3-0786",-0.0063963506999444
"chr3-0787",-0.0781453055515092
"chr3-0788",0.0598201078478495
"chr3-0789",0.0663648041439432
"chr3-0790",0.129190026609275
"chr3-0791",-0.0236584334179153
"chr3-0792",0.217547182051641
"chr3-0793",0.274804381814642
"chr3-0794",-0.0257038092063478
"chr3-0795",0.302896119957036
"chr3-0796",0.185474692085539
"chr3-0797",0.24285924225586
"chr3-0798",0.0941915919096892
"chr3-0799",-0.0215028668748456
"chr3-0800",0.0704172903607285
"chr3-0801",0.203776496945134
"chr3-0802",0.305726082141192
"chr3-0803",0.304877566970636
"chr3-0804",0.198241125149074
"chr3-0805",0.276877221368856
"chr3-0806",0.160721260607242
"chr3-0807",0.208754186105184
"chr3-0808",0.0766503288585489
"chr3-0809",0.248148954298491
"chr3-0810",0.287149976783734
"chr3-0811",0.0919594892923801
"chr3-0812",0.276845350670275
"chr3-0813",0.300466330528242
"chr3-0814",0.11053937170267
"chr3-0815",-0.0688666422929296
"chr3-0816",0.315441871809266
"chr3-0817",0.0248587383385325
"chr3-0818",0.105762011252283
"chr3-0819",0.282576507491638
"chr3-0820",0.261822418149203
"chr3-0821",0.263294521870289
"chr3-0822",0.413265336187538
"chr3-0823",0.261922160445441
"chr3-0824",0.317542081763282
"chr3-0825",0.408145697467003
"chr3-0826",0.247436983070733
"chr3-0827",-0.00396128791066605
"chr3-0828",0.0616030949378021
"chr3-0829",0.412789164183225
"chr3-0830",0.40852413938691
"chr3-0831",0.389427609583185
"chr3-0832",0.324107558691652
"chr3-0833",0.319723442231106
"chr3-0834",0.258746104045204
"chr3-0835",0.397442601346396
"chr3-0836",0.409741461367705
"chr3-0837",0.198637370745087
"chr3-0838",0.0916298588108022
"chr3-0839",0.234478365657026
"chr3-0840",0.402789068378007
"chr3-0841",0.19862869409435
"chr3-0842",0.415334578144183
"chr3-0843",0.312543347832778
"chr3-0844",0.40823722930821
"chr3-0845",0.312489856990628
"chr3-0846",0.0616403206557598
"chr3-0847",0.186461170858445
"chr3-0848",0.25771922339546
"chr3-0849",0.0945760511119146
"chr3-0850",0.120790616979503
"chr3-0851",0.255718884306636
"chr3-0852",0.340554656233522
"chr3-0853",0.385155196598386
"chr3-0854",0.125477984124382
"chr3-0855",0.033658481391992
"chr3-0856",0.0664065720502998
"chr3-0857",0.140576224492026
"chr3-0858",0.150623494460028
"chr3-0859",0.422869414213606
"chr3-0860",0.14075134992122
"chr3-0861",0.28550591908283
"chr3-0862",0.382757194504462
"chr3-0863",0.325032302898722
"chr3-0864",0.225844998016823
"chr3-0865",0.386309147512813
"chr3-0866",0.431655314674421
"chr3-0867",0.360053659122504
"chr3-0868",0.341841912375261
"chr3-0869",0.455723500633246
"chr3-0870",0.271631872776057
"chr3-0871",0.0490115955831788
"chr3-0872",0.400685572773087
"chr3-0873",0.441666800523297
"chr3-0874",0.238433566095395
"chr3-0875",0.203067290103166
"chr3-0876",0.195445059324746
"chr3-0877",0.285194318986389
"chr3-0878",0.23988896277109
"chr3-0879",0.202607544934941
"chr3-0880",0.400670945014711
"chr3-0881",0.0977704126857575
"chr3-0882",-0.155193928247459
"chr3-0883",0.187070719037717
"chr3-0884",0.170914901141614
"chr3-0885",0.342026448919932
"chr3-0886",0.425104014322771
"chr3-0887",0.308566246840333
"chr3-0888",0.105858291070247
"chr3-0889",0.396303741874278
"chr3-0890",0.220028692133499
"chr3-0891",0.144814905953889
"chr3-0892",0.106374046615344
"chr3-0893",0.128765040530089
"chr3-0894",0.239560504830886
"chr3-0895",0.0647745234710854
"chr3-0896",0.139366299271626
"chr3-0897",0.48603812785131
"chr3-0898",0.408134242619195
"chr3-0899",0.188162694278991
"chr3-0900",0.188958471495949
"chr3-0901",0.242221407271062
"chr3-0902",0.154404939797064
"chr3-0903",0.287088108060107
"chr3-0904",0.333161828019129
"chr3-0905",0.406755201387625
"chr3-0906",0.339774335704237
"chr3-0907",0.199052618189185
"chr3-0908",0.310757615858713
"chr3-0909",0.0829964397599199
"chr3-0910",0.0802075146513464
"chr3-0911",0.142493041242719
"chr3-0912",-0.119558982067652
"chr3-0913",0.126974709364677
"chr3-0914",0.293646453903224
"chr3-0915",0.259161499448488
"chr3-0916",0.405869168325718
"chr3-0917",0.0662535621044258
"chr3-0918",0.251774623028826
"chr3-0919",0.117443200868343
"chr3-0920",0.301305972927781
"chr3-0921",0.204905995772523
"chr3-0922",0.165508979396443
"chr3-0923",0.304126390260406
"chr3-0924",0.1329621511178
"chr3-0925",0.323716333415717
"chr3-0926",0.393998836298769
"chr3-0927",0.278625914635549
"chr3-0928",0.359984684502905
"chr3-0929",0.402132276769799
"chr3-0930",0.162408286576762
"chr3-0931",0.355912841433375
"chr3-0932",0.195863971248571
"chr3-0933",0.269630434384444
"chr3-0934",0.478929644500048
"chr3-0935",0.417396187653389
"chr3-0936",0.428006439857326
"chr3-0937",0.296587409565323
"chr3-0938",0.195803221927373
"chr3-0939",0.132574148788786
"chr3-0940",0.140458575754303
"chr3-0941",0.160008609790744
"chr3-0942",0.142128300338056
"chr3-0943",-0.0299829399306737
"chr3-0944",0.202820485201752
"chr3-0945",0.108381384369734
"chr3-0946",0.121815624483675
"chr3-0947",-0.0376420307718364
"chr3-0948",0.314704865531139
"chr3-0949",-0.016973024538357
"chr3-0950",0.419726859485687
"chr3-0951",0.449363083536244
"chr3-0952",0.359097406090794
"chr3-0953",0.296147990457822
"chr3-0954",0.190297634759122
"chr3-0955",0.174207047887265
"chr3-0956",0.352689494642871
"chr3-0957",-0.0716892147457306
"chr3-0958",0.434504218831662
"chr3-0959",0.400578779564555
"chr3-0960",0.287881632133721
"chr3-0961",0.023342409525967
"chr3-0962",0.390761684481633
"chr3-0963",0.295973074676398
"chr3-0964",0.208410339653298
"chr3-0965",0.144838837106947
"chr3-0966",0.333833211629191
"chr3-0967",0.397567380903641
"chr3-0968",0.138965523608325
"chr3-0969",0.393084959779958
"chr3-0970",0.387031208500945
"chr3-0971",0.294853400626798
"chr3-0972",0.335902790843482
"chr3-0973",0.401463252498501
"chr3-0974",0.312486022607703
"chr3-0975",0.105139800972841
"chr3-0976",0.115479180290067
"chr3-0977",-0.026914729606137
"chr3-0978",-0.0819621454791922
"chr3-0979",0.172326325731376
"chr3-0980",0.234061799336081
"chr3-0981",0.163989667535817
"chr3-0982",0.326976438477898
"chr3-0983",0.0994875769555658
"chr3-0984",0.176628041946703
"chr3-0985",0.398729863141558
"chr3-0986",0.369065309710551
"chr3-0987",0.402867327174399
"chr3-0988",0.32620439498298
"chr3-0989",0.12676506395785
"chr3-0990",0.253229384985426
"chr3-0991",0.049522348914361
"chr3-0992",0.0366846309174587
"chr3-0993",0.21571394886919
"chr3-0994",0.232725602484706
"chr3-0995",0.204149952052888
"chr3-0996",0.331026162377503
"chr3-0997",0.0329352504312878
"chr3-0998",0.261264916495572
"chr3-0999",0.246492428972331
"chr3-1000",0.0794639972913534
"chr3-1001",0.0250235221444058
"chr3-1002",-0.0733324239019424
"chr3-1003",0.187723753641988
"chr3-1004",0.404592366980358
"chr3-1005",0.193139589430493
"chr3-1006",0.212340463314921
"chr3-1007",0.351726723274476
"chr3-1008",0.155147595147887
"chr3-1009",0.137459221560774
"chr3-1010",0.1610433857306
"chr3-1011",0.373619187475346
"chr3-1012",0.225317313225197
"chr3-1013",0.139912991649935
"chr3-1014",0.0896384134712429
"chr3-1015",0.205709912424901
"chr3-1016",0.347404647442281
"chr3-1017",-0.0538767351022443
"chr3-1018",0.160428697914251
"chr3-1019",0.0518967310753663
"chr3-1020",-0.108765201379321
"chr3-1021",0.0793720445652923
"chr3-1022",-0.0984460183768033
"chr3-1023",0.0343096450613689
"chr3-1024",0.213846371845512
"chr3-1025",0.0302191131245536
"chr3-1026",0.0163961823556954
"chr3-1027",-0.25927888314672
"chr3-1028",-0.0562080946977086
"chr3-1029",-0.0169490644018752
"chr3-1030",0.0286072571579123
"chr3-1031",-0.000765094634209908
"chr3-1032",-0.0844388694397918
"chr3-1033",-0.0445066362714775
"chr3-1034",0.126857344741837
"chr3-1035",0.220155549054807
"chr3-1036",0.250380396639784
"chr3-1037",0.210481818270748
"chr3-1038",0.241802416696234
"chr3-1039",0.307982540487469
"chr3-1040",0.109358016929782
"chr3-1041",-0.00992828966098961
"chr3-1042",0.0502405936434181
"chr3-1043",0.225528549536899
"chr3-1044",0.350247043415561
"chr3-1045",0.174267387914635
"chr3-1046",0.322055234532857
"chr3-1047",0.0237401462939469
"chr3-1048",0.140805952559339
"chr3-1049",0.199118873630686
"chr3-1050",0.256639501395322
"chr3-1051",0.139750189008257
"chr3-1052",0.246536112069904
"chr3-1053",0.137064663819695
"chr3-1054",-0.101105257451384
"chr3-1055",0.0125053941421655
"chr3-1056",-0.412561033052337
"chr3-1057",-0.250971464885167
"chr3-1058",-0.307325499661139
"chr3-1059",-0.276106822578425
"chr3-1060",-0.277254915934907
"chr3-1061",-0.281692178058894
"chr3-1062",-0.229552687068144
"chr3-1063",-0.118862377598619
"chr3-1064",-0.111442516406354
"chr3-1065",-0.200901757073376
"chr3-1066",-0.0307731097015073
"chr3-1067",-0.103054784459791
"chr3-1068",-0.08214341820929
"chr3-1069",-0.0503098166070615
"chr3-1070",-0.148537196571708
"chr3-1071",-0.283035505062686
"chr3-1072",-0.108233500481726
"chr3-1073",0.32607815819256
"chr3-1074",0.389915754964866
"chr3-1075",0.337485189370484
"chr3-1076",0.393445650617389
"chr3-1077",0.401496613892846
"chr3-1078",0.238647566456267
"chr3-1079",0.242597034822138
"chr3-1080",0.322084331834901
"chr3-1081",0.338049056818472
"chr3-1082",0.183315658537025
"chr3-1083",0.339932929159053
"chr3-1084",0.381687477150317
"chr3-1085",0.188414661514115
"chr3-1086",0.312823209034791
"chr3-1087",0.377684829704472
"chr3-1088",0.329193008853096
"chr3-1089",0.372195872458127
"chr3-1090",0.0154158836333243
"chr3-1091",0.0492549753020917
"chr3-1092",0.251510766493173
"chr3-1093",0.174701625756885
"chr3-1094",0.062394454226082
"chr3-1095",0.105905364094467
"chr3-1096",0.133957854323029
"chr3-1097",0.211997668565581
"chr3-1098",0.0817166984343489
"chr3-1099",-0.0297284211428891
"chr3-1100",0.130400414047754
"chr3-1101",0.00461562546928333
"chr3-1102",-0.136692796894254
"chr3-1103",-0.00481508434890427
"chr3-1104",0.16677850877296
"chr3-1105",0.00713745044337047
"chr3-1106",0.0390722684473126
"chr3-1107",0.169645173224391
"chr3-1108",0.150387899391354
"chr3-1109",0.0534026111847801
"chr3-1110",-0.0354777265187636
"chr3-1111",0.141323455771834
"chr3-1112",0.100453738407209
"chr3-1113",0.167084678081971
"chr3-1114",-0.0338409147436494
"chr3-1115",0.157987138960957
"chr3-1116",0.226936622605922
"chr3-1117",0.083740078739906
"chr3-1118",0.117646077284801
"chr3-1119",0.111505962453596
"chr3-1120",0.127915736761749
"chr3-1121",0.321854891192062
"chr3-1122",-0.0929639999198293
"chr3-1123",-0.0518198167178091
"chr3-1124",0.139752666536285
"chr3-1125",0.361068264656677
"chr3-1126",0.00313110279928838
"chr3-1127",0.0178510419408165
"chr3-1128",0.0988969098880471
"chr3-1129",0.0666038700977276
"chr3-1130",0.045972763016391
"chr3-1131",-0.0133057092450606
"chr3-1132",-0.0342842532964616
"chr3-1133",0.027539905689662
"chr3-1134",0.0736014226147002
"chr3-1135",0.102427659179303
"chr3-1136",0.160109223944174
"chr3-1137",-0.0669170030561014
"chr3-1138",-0.1298793196578
"chr3-1139",0.444429499177569
"chr3-1140",0.195477419169228
"chr3-1141",0.0837771586767702
"chr3-1142",0.147543898763405
"chr3-1143",0.00435482763012301
"chr3-1144",0.136249544825311
"chr3-1145",0.12785117829767
"chr3-1146",-0.0585332693696944
"chr3-1147",0.0824486364147932
"chr3-1148",0.358316983198363
"chr3-1149",0.17889644923366
"chr3-1150",0.113217946282535
"chr4-0001",0.285165473821397
"chr4-0002",-0.097676734192146
"chr4-0003",0.308543180424428
"chr4-0004",0.0708513065148422
"chr4-0005",0.140082253704633
"chr4-0006",0.0781926857594138
"chr4-0007",-0.14215944926994
"chr4-0008",-0.0111664340592301
"chr4-0009",-0.031294576267223
"chr4-0010",0.0549577571793261
"chr4-0011",-0.0523339593614071
"chr4-0012",-0.236972263351606
"chr4-0013",0.0512892341412491
"chr4-0014",0.0583083061288024
"chr4-0015",-0.0828155122694122
"chr4-0016",-0.00848603246291262
"chr4-0017",-0.0210336986621241
"chr4-0018",-0.113983661424859
"chr4-0019",-0.108095437948541
"chr4-0020",-0.14308053893031
"chr4-0021",-0.142919072757357
"chr4-0022",-0.0996018041590244
"chr4-0023",0.21849361359954
"chr4-0024",-0.00861626202038228
"chr4-0025",-0.251462862357382
"chr4-0026",0.141797995414323
"chr4-0027",0.0526310019571674
"chr4-0028",-0.0616294609954404
"chr4-0029",0.0491777324661712
"chr4-0030",-0.17959362855371
"chr4-0031",0.121879851028021
"chr4-0032",0.209296543009363
"chr4-0033",-0.158981993798036
"chr4-0034",-0.253906823928765
"chr4-0035",0.251479464096125
"chr4-0036",0.0509818133937536
"chr4-0037",0.119151097545883
"chr4-0038",0.315345587705585
"chr4-0039",0.245375780396153
"chr4-0040",-0.0389825264513045
"chr4-0041",0.198296518918132
"chr4-0042",0.00923597923631664
"chr4-0043",-0.127673618946133
"chr4-0044",0.0855389749582122
"chr4-0045",0.0220915149660373
"chr4-0046",-0.0966816587862908
"chr4-0047",-0.0789170173256494
"chr4-0048",-0.0409960716701467
"chr4-0049",0.12804013675239
"chr4-0050",-0.194260612638906
"chr4-0051",0.135755455808725
"chr4-0052",-0.093026889917873
"chr4-0053",-0.0604819517155178
"chr4-0054",0.342719841952866
"chr4-0055",0.217127420394852
"chr4-0056",0.198927853802258
"chr4-0057",0.190006654769207
"chr4-0058",0.287450284977083
"chr4-0059",0.0482957082899945
"chr4-0060",0.0493320869033383
"chr4-0061",0.142470360624885
"chr4-0062",0.144867185192823
"chr4-0063",-0.104614112342122
"chr4-0064",0.172107967169122
"chr4-0065",-0.12341752465569
"chr4-0066",0.139229878645097
"chr4-0067",0.0672339159968201
"chr4-0068",0.00899306980873955
"chr4-0069",0.0164259940334243
"chr4-0070",-0.0231263989684956
"chr4-0071",0.00530400595010861
"chr4-0072",0.0554769155718245
"chr4-0073",-0.0491776365711627
"chr4-0074",0.0129079549997148
"chr4-0075",0.0105044676728234
"chr4-0076",0.0670980646028103
"chr4-0077",0.0762901211146857
"chr4-0078",0.139818599025947
"chr4-0079",0.0259488237555256
"chr4-0080",0.0402499910792141
"chr4-0081",-0.0175090714585852
"chr4-0082",-0.0225569218987209
"chr4-0083",0.00693431708677184
"chr4-0084",-0.0913040198681618
"chr4-0085",0.0458969602206063
"chr4-0086",-0.161756461174451
"chr4-0087",0.0122325062819016
"chr4-0088",0.0652032146105762
"chr4-0089",-0.0119637483186519
"chr4-0090",0.078141985079484
"chr4-0091",0.228227323611911
"chr4-0092",0.144880666501617
"chr4-0093",0.0422840928463946
"chr4-0094",-0.0115076600715687
"chr4-0095",-0.128574187919717
"chr4-0096",0.000483421126598061
"chr4-0097",-0.0847148689996369
"chr4-0098",0.0765016701627349
"chr4-0099",0.00233873871553357
"chr4-0100",-0.0770716211673925
"chr4-0101",-0.0807177594318108
"chr4-0102",0.0468575805078477
"chr4-0103",0.45625361569891
"chr4-0104",0.154334255898738
"chr4-0105",0.114244386989084
"chr4-0106",0.107608157219285
"chr4-0107",0.114582285689617
"chr4-0108",0.0029508185251126
"chr4-0109",0.126935429547411
"chr4-0110",0.0993839863654244
"chr4-0111",0.397201397797204
"chr4-0112",0.344344698450246
"chr4-0113",0.263852271085974
"chr4-0114",0.141029858630485
"chr4-0115",0.224898131492587
"chr4-0116",0.322668725445927
"chr4-0117",0.400761122973321
"chr4-0118",0.202566346923414
"chr4-0119",0.299112230806193
"chr4-0120",0.131064664588433
"chr4-0121",0.102105380285894
"chr4-0122",0.00848431589444045
"chr4-0123",0.337359125993654
"chr4-0124",0.342601868712873
"chr4-0125",0.374619748995717
"chr4-0126",0.353778864103984
"chr4-0127",0.227868944390848
"chr4-0128",0.258437213043472
"chr4-0129",0.420080655597392
"chr4-0130",0.423842176650888
"chr4-0131",0.201915461964955
"chr4-0132",0.0974118974007635
"chr4-0133",0.169372264172822
"chr4-0134",0.175248722301713
"chr4-0135",0.243927855630364
"chr4-0136",0.284447822479425
"chr4-0137",0.13707489525669
"chr4-0138",0.261611816485262
"chr4-0139",0.378913679117665
"chr4-0140",0.191645188308177
"chr4-0141",0.415804137876885
"chr4-0142",0.37777907153172
"chr4-0143",0.281894326130031
"chr4-0144",0.320994563645915
"chr4-0145",0.411109087435394
"chr4-0146",0.242320729742842
"chr4-0147",0.128319687310555
"chr4-0148",0.0337667746471497
"chr4-0149",0.157939430073993
"chr4-0150",0.0997829669356501
"chr4-0151",0.355563399122675
"chr4-0152",0.483623572592133
"chr4-0153",0.0796151601903789
"chr4-0154",0.410845828994329
"chr4-0155",0.408953316072111
"chr4-0156",0.411597631528972
"chr4-0157",0.487386569996201
"chr4-0158",0.280705272407374
"chr4-0159",0.284638862335303
"chr4-0160",0.454309801576453
"chr4-0161",0.367161676831336
"chr4-0162",0.328554742723628
"chr4-0163",0.41002763662479
"chr4-0164",0.346583535985037
"chr4-0165",0.109329711936198
"chr4-0166",0.405566064128303
"chr4-0167",0.141043967608399
"chr4-0168",0.277258293986755
"chr4-0169",0.152257565307978
"chr4-0170",0.117631481905259
"chr4-0171",0.210329649969678
"chr4-0172",0.209003710135816
"chr4-0173",-0.105889513111097
"chr4-0174",-0.0884125223547638
"chr4-0175",0.112580894675401
"chr4-0176",-0.0592278197771759
"chr4-0177",0.175114915057513
"chr4-0178",0.233516863871813
"chr4-0179",0.192551199351761
"chr4-0180",0.322825464556553
"chr4-0181",0.258720817341067
"chr4-0182",0.214012025116532
"chr4-0183",0.297060765957686
"chr4-0184",0.30050496663874
"chr4-0185",0.294697154190652
"chr4-0186",0.405004421455717
"chr4-0187",0.409431600750544
"chr4-0188",0.311969489932416
"chr4-0189",0.480400462650738
"chr4-0190",0.341179155679025
"chr4-0191",-0.050120488018186
"chr4-0192",0.452351292620948
"chr4-0193",0.476010188581999
"chr4-0194",0.587805307901552
"chr4-0195",0.497588162686372
"chr4-0196",0.431705135044385
"chr4-0197",0.413681528516865
"chr4-0198",0.401456952471076
"chr4-0199",0.43164300678931
"chr4-0200",0.203335026066064
"chr4-0201",0.370793337322446
"chr4-0202",0.251401217447861
"chr4-0203",0.235212735944841
"chr4-0204",0.177758646381842
"chr4-0205",0.138525000197
"chr4-0206",0.164747955247796
"chr4-0207",0.402727213104072
"chr4-0208",0.403854135125415
"chr4-0209",0.114381555852314
"chr4-0210",0.411941212828331
"chr4-0211",0.332689689644709
"chr4-0212",0.196812825298874
"chr4-0213",0.332215632887577
"chr4-0214",0.430375889786697
"chr4-0215",0.271235074793814
"chr4-0216",0.480950774347969
"chr4-0217",0.325681414165274
"chr4-0218",0.235303098539374
"chr4-0219",0.382070520005145
"chr4-0220",0.181125771444363
"chr4-0221",0.314606519281172
"chr4-0222",0.0835078684776477
"chr4-0223",-0.147596499909682
"chr4-0224",0.20254144789489
"chr4-0225",0.146054093648712
"chr4-0226",0.06816102676981
"chr4-0227",0.0362335289407025
"chr4-0228",-0.0260440173566469
"chr4-0229",0.342432344906971
"chr4-0230",0.268526274292281
"chr4-0231",0.334570064695971
"chr4-0232",0.30603130648454
"chr4-0233",0.219936570550257
"chr4-0234",0.193147027879292
"chr4-0235",0.174019688064624
"chr4-0236",0.132818609246829
"chr4-0237",0.372964467053688
"chr4-0238",0.293332135759911
"chr4-0239",0.526372278951653
"chr4-0240",0.0957565626797565
"chr4-0241",0.253450918828608
"chr4-0242",0.187280722067897
"chr4-0243",0.400492455821738
"chr4-0244",0.459972818909116
"chr4-0245",0.181433337535844
"chr4-0246",0.151265789177735
"chr4-0247",0.161866615761025
"chr4-0248",0.102234091589824
"chr4-0249",0.204087506455662
"chr4-0250",0.20300579440958
"chr4-0251",0.35039516171481
"chr4-0252",0.435259738703763
"chr4-0253",-0.0243986543487981
"chr4-0254",0.193743807404465
"chr4-0255",0.372524296785272
"chr4-0256",0.386838620271503
"chr4-0257",0.428139503715177
"chr4-0258",0.116638276714248
"chr4-0259",0.481253974943785
"chr4-0260",0.0816213289367794
"chr4-0261",0.524900345409921
"chr4-0262",0.338309539111752
"chr4-0263",0.297778584721112
"chr4-0264",0.018383473700781
"chr4-0265",0.288602815751565
"chr4-0266",-0.0165436524607384
"chr4-0267",0.366251595830409
"chr4-0268",0.230046360762928
"chr4-0269",0.0835012767813476
"chr4-0270",0.400150581421196
"chr4-0271",0.138256871468841
"chr4-0272",0.483554395995344
"chr4-0273",0.51399886281724
"chr4-0274",0.228455542919628
"chr4-0275",0.240958920343835
"chr4-0276",0.214053183251638
"chr4-0277",-0.120176338312415
"chr4-0278",0.205818892397033
"chr4-0279",0.207353434548313
"chr4-0280",0.243573372889801
"chr4-0281",0.151039012926459
"chr4-0282",0.100856182204306
"chr4-0283",0.235468509216907
"chr4-0284",0.00951893426709836
"chr4-0285",0.0761413157746432
"chr4-0286",0.185562722094408
"chr4-0287",0.4132170405622
"chr4-0288",0.18260372191662
"chr4-0289",0.310829461404725
"chr4-0290",0.268023594811296
"chr4-0291",0.363324155589794
"chr4-0292",0.0819823809607982
"chr4-0293",0.183850320057851
"chr4-0294",0.125016876265698
"chr4-0295",0.384862824893533
"chr4-0296",0.306860304931999
"chr4-0297",0.0963603916691004
"chr4-0298",0.363303614106976
"chr4-0299",0.054611522964515
"chr4-0300",0.296594633492398
"chr4-0301",0.224148403714987
"chr4-0302",0.160653320214751
"chr4-0303",0.141337101145139
"chr4-0304",0.288844473243801
"chr4-0305",0.203114516111912
"chr4-0306",0.152189911501338
"chr4-0307",0.20099430902375
"chr4-0308",0.246223724635779
"chr4-0309",0.205229301079186
"chr4-0310",0.197829190441428
"chr4-0311",0.0758646312996229
"chr4-0312",0.248581639813804
"chr4-0313",0.0245729453273513
"chr4-0314",0.0633315819277374
"chr4-0315",0.0668047917659914
"chr4-0316",0.231823037774983
"chr4-0317",0.123210493584377
"chr4-0318",0.302291665167503
"chr4-0319",0.453757690786593
"chr4-0320",0.459777437839596
"chr4-0321",0.343573927002902
"chr4-0322",0.352488886686798
"chr4-0323",0.10886808717168
"chr4-0324",0.407906466558885
"chr4-0325",0.393508578659158
"chr4-0326",0.430001787054055
"chr4-0327",0.219492023920487
"chr4-0328",0.380425536304459
"chr4-0329",0.208078275484379
"chr4-0330",0.0696803141746367
"chr4-0331",0.178604910851786
"chr4-0332",0.405352165027351
"chr4-0333",0.324467302301452
"chr4-0334",0.291407371847186
"chr4-0335",0.142657034456471
"chr4-0336",0.365973178913803
"chr4-0337",0.365786562658625
"chr4-0338",0.325386256319436
"chr4-0339",0.307213022054658
"chr4-0340",0.259612442524561
"chr4-0341",0.469366008461694
"chr4-0342",0.53089281502098
"chr4-0343",0.360215049538744
"chr4-0344",0.301783024795918
"chr4-0345",0.124116455835691
"chr4-0346",0.237682883071593
"chr4-0347",-0.143822238215039
"chr4-0348",0.0894211452584008
"chr4-0349",0.243170510083718
"chr4-0350",0.233628559431361
"chr4-0351",0.301501334946482
"chr4-0352",0.401584442108565
"chr4-0353",0.571541742441214
"chr4-0354",0.281893216302215
"chr4-0355",0.300320164061035
"chr4-0356",0.429024018959818
"chr4-0357",0.396001948121901
"chr4-0358",0.302843505805107
"chr4-0359",0.384993362143162
"chr4-0360",0.204168285547226
"chr4-0361",0.25080845913045
"chr4-0362",0.0440603651062622
"chr4-0363",0.249126396818672
"chr4-0364",0.137003173738591
"chr4-0365",0.186492214882057
"chr4-0366",0.354862471988481
"chr4-0367",0.0581174347943345
"chr4-0368",0.381633273440736
"chr4-0369",0.207672084802062
"chr4-0370",-0.0253829102682946
"chr4-0371",0.0939651138360096
"chr4-0372",-0.0765480391236891
"chr4-0373",0.223788185738413
"chr4-0374",0.176998970418173
"chr4-0375",0.161041263248418
"chr4-0376",0.101420273374878
"chr4-0377",0.3128257783894
"chr4-0378",0.497193130826664
"chr4-0379",0.47433064764309
"chr4-0380",0.342018447290489
"chr4-0381",0.424928883802437
"chr4-0382",0.297358440073723
"chr4-0383",-0.00583828614856433
"chr4-0384",0.361629529892001
"chr4-0385",0.245263438784093
"chr4-0386",0.183151873620431
"chr4-0387",0.204049470268243
"chr4-0388",0.3392003700237
"chr4-0389",0.0732709022024379
"chr4-0390",-0.070296247726648
"chr4-0391",0.284386871128398
"chr4-0392",0.196599964384755
"chr4-0393",0.312508101771241
"chr4-0394",0.412681560397124
"chr4-0395",0.385216408688525
"chr4-0396",0.2545599723802
"chr4-0397",0.469227176718939
"chr4-0398",0.32084431962207
"chr4-0399",0.444200973281596
"chr4-0400",0.475163639897111
"chr4-0401",0.318879629518642
"chr4-0402",0.11521816720192
"chr4-0403",0.17463045537422
"chr4-0404",0.0512221994302244
"chr4-0405",0.416951938143032
"chr4-0406",0.135301714759985
"chr4-0407",0.185553288774759
"chr4-0408",0.282280796585825
"chr4-0409",0.194850114163269
"chr4-0410",0.289991384712831
"chr4-0411",0.186837461645084
"chr4-0412",0.134325059341509
"chr4-0413",0.238840406721768
"chr4-0414",0.0689188213317941
"chr4-0415",0.337220093756577
"chr4-0416",0.188042142143474
"chr4-0417",0.0190370104749877
"chr4-0418",-0.0565749235046389
"chr4-0419",0.361970895106005
"chr4-0420",0.353658925472876
"chr4-0421",0.205752192657885
"chr4-0422",0.170589341675365
"chr4-0423",0.0647352297863281
"chr4-0424",0.0868528882766903
"chr4-0425",0.443538177486652
"chr4-0426",0.424605275906688
"chr4-0427",0.127973612850682
"chr4-0428",0.194754405484036
"chr4-0429",0.392727711922729
"chr4-0430",0.292785322259895
"chr4-0431",0.401322303489582
"chr4-0432",0.404922765072159
"chr4-0433",0.451009143035471
"chr4-0434",0.337733717953343
"chr4-0435",0.437793830200039
"chr4-0436",0.36532060735789
"chr4-0437",0.302961527337565
"chr4-0438",0.0127435920695934
"chr4-0439",0.219661189312086
"chr4-0440",0.197589047795484
"chr4-0441",0.243183237851554
"chr4-0442",0.394705353104833
"chr4-0443",0.399323508413674
"chr4-0444",0.250770058581881
"chr4-0445",0.285622250646324
"chr4-0446",0.148250090670017
"chr4-0447",0.203101240979947
"chr4-0448",0.151866756060216
"chr4-0449",0.0116087910854219
"chr4-0450",0.102805880864782
"chr4-0451",0.000833792416307759
"chr4-0452",0.237835103874477
"chr4-0453",0.308817471536534
"chr4-0454",0.318138174670694
"chr4-0455",0.365744226649821
"chr4-0456",0.310185141380262
"chr4-0457",0.476317850831334
"chr4-0458",0.0559402259037346
"chr4-0459",0.439658476668791
"chr4-0460",0.0992161810482273
"chr4-0461",0.428403406493943
"chr4-0462",0.498846096698818
"chr4-0463",0.253141500213222
"chr4-0464",0.0569457397083671
"chr4-0465",0.234071512444238
"chr4-0466",0.0218552764748924
"chr4-0467",-0.000941641259735283
"chr4-0468",0.194808945965717
"chr4-0469",-0.00205619163742031
"chr4-0470",0.203558473393683
"chr4-0471",0.193330959173823
"chr4-0472",0.197606614600625
"chr4-0473",0.300710085819772
"chr4-0474",0.250897313504935
"chr4-0475",0.0529709067557377
"chr4-0476",0.116485231313647
"chr4-0477",0.135648182316117
"chr4-0478",0.0358541228021318
"chr4-0479",-0.236165191837132
"chr4-0480",0.0193698840176465
"chr4-0481",0.0223756467547444
"chr4-0482",-0.0693995992758167
"chr4-0483",0.171384871088388
"chr4-0484",-0.152238504076658
"chr4-0485",0.135768496216085
"chr4-0486",0.165098099655965
"chr4-0487",0.0388391654718366
"chr4-0488",-0.0107629549241756
"chr4-0489",0.00586060255312433
"chr4-0490",-0.102543457786232
"chr4-0491",0.00693366639952407
"chr4-0492",0.296173701376847
"chr4-0493",0.045911084402036
"chr4-0494",0.282110958398684
"chr4-0495",0.120263160456184
"chr4-0496",-0.114900367288614
"chr4-0497",0.0826986238603084
"chr4-0498",0.105252028082136
"chr4-0499",-0.0154271827738439
"chr4-0500",-0.328544430950479
"chr4-0501",0.222068432608886
"chr4-0502",-0.0734049025959075
"chr4-0503",-0.121456786768267
"chr4-0504",0.0335167061397534
"chr4-0505",-0.0590277032547355
"chr4-0506",0.0796817235714563
"chr4-0507",0.198137477097834
"chr4-0508",0.160860986754317
"chr4-0509",0.040979511115723
"chr4-0510",0.0975398990434496
"chr4-0511",0.00956108745363428
"chr4-0512",0.138989822336187
"chr4-0513",-0.0414436272833839
"chr4-0514",-0.00889494841025618
"chr4-0515",0.0788449302623888
"chr4-0516",0.18233195856847
"chr4-0517",0.33712541721129
"chr4-0518",0.188370699487794
"chr4-0519",-0.0506821781704755
"chr4-0520",-0.189870082832409
"chr4-0521",-0.0652838900892708
"chr4-0522",0.325663941505727
"chr4-0523",-0.200755538481555
"chr4-0524",0.0622332563274514
"chr4-0525",-0.0672304682888011
"chr4-0526",0.0207547225003451
"chr4-0527",-0.107416325347419
"chr4-0528",0.110646876330189
"chr4-0529",0.236239991198951
"chr4-0530",-0.135105039397948
"chr4-0531",-0.049096848000045
"chr4-0532",-0.0228954888813481
"chr4-0533",-0.0564246401773371
"chr4-0534",-0.398600488848942
"chr4-0535",-0.037175973519362
"chr4-0536",0.121892502876708
"chr4-0537",-0.0801094734175707
"chr4-0538",0.199553750427306
"chr4-0539",0.26344570889408
"chr4-0540",0.142295588681183
"chr4-0541",0.108654821071205
"chr4-0542",0.125648391331336
"chr4-0543",0.176278981348704
"chr4-0544",0.0727079792683875
"chr4-0545",0.0538942745802385
"chr4-0546",0.0241656116228891
"chr4-0547",-0.134904160380268
"chr4-0548",-0.0847900270388244
"chr4-0549",0.170032539656939
"chr4-0550",0.256433720453968
"chr4-0551",0.18810417901918
"chr4-0552",0.26821373320718
"chr4-0553",0.101921761943161
"chr4-0554",-0.0422126143380207
"chr4-0555",0.127897254374936
"chr4-0556",0.228517254891395
"chr4-0557",0.0360135957638666
"chr4-0558",-0.0508406756635895
"chr4-0559",-0.0504391061408779
"chr4-0560",-0.016621663014937
"chr4-0561",0.053897166806169
"chr4-0562",0.069151171453163
"chr4-0563",0.293996634050515
"chr4-0564",-0.0481730058715043
"chr4-0565",0.00859388684858534
"chr4-0566",0.08153672636556
"chr4-0567",0.000370971604137169
"chr4-0568",0.243501476719493
"chr4-0569",0.0455705375773412
"chr4-0570",0.217771208564519
"chr4-0571",0.00419666165802675
"chr4-0572",-0.013242940501026
"chr4-0573",0.114843632372734
"chr4-0574",-0.0321979186516454
"chr4-0575",0.106957394818531
"chr4-0576",0.142075170955398
"chr4-0577",0.109605268416757
"chr4-0578",0.122062592213665
"chr4-0579",-0.102879654073303
"chr4-0580",-0.0918508127657994
"chr4-0581",-0.181153563501233
"chr4-0582",-0.067400782600709
"chr4-0583",-0.119150855105388
"chr4-0584",0.0808842650607007
"chr4-0585",0.000918236146177835
"chr4-0586",0.136064742069263
"chr4-0587",0.0214871878929874
"chr4-0588",0.0479884976928994
"chr4-0589",-0.0717099734190153
"chr4-0590",0.093421243299984
"chr4-0591",-0.0678476443443951
"chr4-0592",0.102344330769817
"chr4-0593",0.205417550448974
"chr4-0594",0.312026563140447
"chr4-0595",0.115576622500369
"chr4-0596",-0.0254743053406429
"chr4-0597",-0.240855620007894
"chr4-0598",0.127202082853628
"chr4-0599",0.23757830362095
"chr4-0600",0.0604980109123792
"chr4-0601",0.175086756206638
"chr4-0602",0.00549788288046596
"chr4-0603",-0.00986404402835628
"chr4-0604",-0.270819258561869
"chr4-0605",-0.233333667411304
"chr4-0606",-0.274304690960106
"chr4-0607",0.0735893415073536
"chr4-0608",0.0926343656582866
"chr4-0609",0.125104505453134
"chr4-0610",0.144754867294394
"chr4-0611",0.146862168135846
"chr4-0612",-0.148117800683571
"chr4-0613",0.198086528393684
"chr4-0614",-0.0427086278754182
"chr4-0615",0.134808618547734
"chr4-0616",0.245845234130203
"chr4-0617",0.171541100720625
"chr4-0618",-0.0966738948649849
"chr4-0619",0.106726396329329
"chr4-0620",0.204691307902
"chr4-0621",-0.234179306247734
"chr4-0622",0.10619637029283
"chr4-0623",0.11042206526778
"chr4-0624",0.104547524341869
"chr4-0625",0.175897122175757
"chr4-0626",0.252700426776317
"chr4-0627",0.0524630237246562
"chr4-0628",0.0546854948221899
"chr4-0629",-0.00192594571227052
"chr4-0630",0.134916680022753
"chr4-0631",0.168662473676839
"chr4-0632",0.0235674566970475
"chr4-0633",0.212189850818662
"chr4-0634",0.0198093034464646
"chr4-0635",0.0238497014391049
"chr4-0636",-0.0680176386622384
"chr4-0637",-0.162110909114115
"chr4-0638",-0.152665507008608
"chr4-0639",-0.0771958250078663
"chr4-0640",-0.100656843877643
"chr4-0641",0.0716559965324163
"chr4-0642",-0.00741280199144281
"chr4-0643",0.0573838154579334
"chr4-0644",0.00433624531090315
"chr4-0645",0.0408950000044961
"chr4-0646",0.267266668196493
"chr4-0647",0.0789224026083845
"chr4-0648",-0.0208766078679759
"chr4-0649",0.0265927531744706
"chr4-0650",-0.305575375399343
"chr4-0651",-0.00238993196500016
"chr4-0652",0.0636752897761535
"chr4-0653",0.0115721467207628
"chr4-0654",0.0300553267203339
"chr4-0655",0.0792717719109219
"chr4-0656",-0.105335306854009
"chr4-0657",0.0730127550026592
"chr4-0658",0.117493976228108
"chr4-0659",0.00960470812525889
"chr4-0660",0.10439960412693
"chr4-0661",0.0526803900555311
"chr4-0662",0.0571355879066431
"chr4-0663",-0.099285494507463
"chr4-0664",0.0296176673377608
"chr4-0665",0.0358442341630907
"chr4-0666",-0.128201656944959
"chr4-0667",0.0764301544463952
"chr4-0668",0.129837791037732
"chr4-0669",0.160829758064845
"chr4-0670",0.151621928304027
"chr4-0671",-0.176856567906417
"chr4-0672",0.141003737093427
"chr4-0673",-0.128039204853349
"chr4-0674",0.0695623912504991
"chr4-0675",-0.0190794128212009
"chr4-0676",0.103684383259746
"chr4-0677",0.18426972678291
"chr4-0678",0.167855525067343
"chr4-0679",0.167812006456339
"chr4-0680",0.0661492254177797
"chr4-0681",-0.0739438442821969
"chr4-0682",0.0403290052970182
"chr4-0683",-0.0757379181917664
"chr4-0684",0.136430686915312
"chr4-0685",-0.0200299680816248
"chr4-0686",-0.0896884042692066
"chr4-0687",0.127186169567228
"chr4-0688",0.255139611025902
"chr4-0689",0.0893471691378422
"chr4-0690",-0.0762679615556939
"chr4-0691",0.0472391989266026
"chr4-0692",0.230406676917219
"chr4-0693",-0.280047046143853
"chr4-0694",0.206817713688117
"chr4-0695",0.215663652810918
"chr4-0696",0.118051663223557
"chr4-0697",-0.0679090460764375
"chr4-0698",-0.0433309208295417
"chr4-0699",0.0961418199430983
"chr4-0700",0.107853216306659
"chr4-0701",0.0190177483372219
"chr4-0702",-0.0990760869199656
"chr4-0703",0.134459913302129
"chr4-0704",0.0332568703781381
"chr4-0705",-0.0119277715848102
"chr4-0706",0.0571461285257837
"chr4-0707",0.0221537823756231
"chr4-0708",0.139288739234072
"chr4-0709",0.179444984823169
"chr4-0710",-0.00704242292491385
"chr4-0711",0.174245491016782
"chr4-0712",0.00718897458190904
"chr4-0713",0.261074315433095
"chr4-0714",0.00742654171348364
"chr4-0715",-0.0157952355937349
"chr4-0716",-0.126536730182596
"chr4-0717",-0.0469574369800617
"chr4-0718",-0.0678591398526961
"chr4-0719",-0.0182905182906355
"chr4-0720",0.0897416419163745
"chr4-0721",0.0353703366852493
"chr4-0722",-0.128534279660996
"chr4-0723",-0.0837496194150115
"chr4-0724",0.047522180896963
"chr4-0725",0.0791876666990543
"chr4-0726",0.0127688820802599
"chr4-0727",-0.104551108455758
"chr4-0728",-0.0572126297183949
"chr4-0729",0.0831425226935305
"chr4-0730",0.258135386072439
"chr4-0731",0.0511620474474465
"chr4-0732",0.188022457742847
"chr4-0733",0.331460993692895
"chr4-0734",0.0374777851333354
"chr4-0735",-0.275808190251855
"chr4-0736",0.11950127550567
"chr4-0737",0.144050677562576
"chr4-0738",0.302408395091374
"chr4-0739",0.0711859579543336
"chr4-0740",0.192049627689957
"chr4-0741",0.171937291474779
"chr4-0742",-0.141505233581852
"chr4-0743",-0.153376031206742
"chr4-0744",-0.0230574597508394
"chr4-0745",0.227803247900404
"chr4-0746",0.0985263640876169
"chr4-0747",-0.0855387113881471
"chr4-0748",0.22568266958721
"chr4-0749",0.11418177937569
"chr4-0750",0.145110244426444
"chr4-0751",0.0420731882429028
"chr4-0752",0.0768495610212345
"chr4-0753",0.0605195514381907
"chr4-0754",-0.210488039957077
"chr4-0755",-0.0289821830535938
"chr4-0756",-0.0051811436815094
"chr4-0757",0.230317719036799
"chr4-0758",-0.0321276344642405
"chr4-0759",0.00761627494505049
"chr4-0760",0.123664329386316
"chr4-0761",0.0306937444395271
"chr4-0762",-0.111134169957943
"chr4-0763",-0.0338376371295213
"chr4-0764",0.283488559662147
"chr4-0765",-0.0116605931738182
"chr4-0766",0.0420560276847841
"chr4-0767",0.204299912972924
"chr4-0768",-0.133222717417409
"chr4-0769",0.124068809873727
"chr4-0770",0.0301499540614284
"chr4-0771",0.0972757864937389
"chr4-0772",0.130494744243094
"chr4-0773",0.198300093173042
"chr4-0774",0.068761083708646
"chr4-0775",0.196145656825133
"chr4-0776",0.133385937604538
"chr4-0777",-0.01551780177081
"chr4-0778",0.0469794450073196
"chr4-0779",0.0606746808638763
"chr4-0780",0.23013250871329
"chr4-0781",-0.0158602321745199
"chr4-0782",-0.0713754814972301
"chr4-0783",0.0279155499716933
"chr4-0784",0.0206981355420378
"chr4-0785",0.109063775505644
"chr4-0786",-0.0536451999919583
"chr4-0787",0.140498568178963
"chr4-0788",0.129522163153237
"chr4-0789",0.0409861750523013
"chr4-0790",0.200560414071121
"chr4-0791",0.179977000495857
"chr4-0792",-0.0550126822262854
"chr4-0793",-0.145248870771837
"chr4-0794",0.0784446968497034
"chr4-0795",0.354255827264471
"chr4-0796",0.01442346936954
"chr4-0797",0.0673294551326256
"chr4-0798",0.15558109858238
"chr4-0799",0.132498509221077
"chr4-0800",0.200577765954562
"chr4-0801",0.0928589815799521
"chr4-0802",0.111760343497134
"chr4-0803",0.260088899318031
"chr4-0804",0.107243599269553
"chr4-0805",-0.108582393883992
"chr4-0806",-0.0740905882156781
"chr4-0807",0.116791971482681
"chr4-0808",0.102660052508659
"chr4-0809",0.0962790631034424
"chr4-0810",0.165807036038641
"chr4-0811",0.043760810524351
"chr4-0812",-0.00326455957003269
"chr4-0813",0.145632863281789
"chr4-0814",0.102781370575942
"chr4-0815",-0.0285866828953976
"chr4-0816",0.167584036328505
"chr4-0817",0.278695867223165
"chr4-0818",-0.00634490099355182
"chr4-0819",0.14679607185055
"chr4-0820",0.0946147491477528
"chr4-0821",0.209754545379804
"chr4-0822",0.194785672576536
"chr4-0823",-0.0839211939049802
"chr4-0824",-0.0717508263314901
"chr4-0825",0.0857854197639329
"chr4-0826",-0.00540832501125035
"chr4-0827",0.181146634759187
"chr4-0828",0.086463999375832
"chr4-0829",0.114926857427855
"chr4-0830",-0.104036065844311
"chr4-0831",-0.190866289487963
"chr4-0832",-0.033471172528776
"chr4-0833",-0.108238283806892
"chr4-0834",-0.0176634510915273
"chr4-0835",-0.227171168600552
"chr4-0836",0.111326337776201
"chr4-0837",-0.0408512378046443
"chr4-0838",0.0372659982042128
"chr4-0839",-0.114952974696222
"chr4-0840",0.074707336661835
"chr4-0841",0.0700383628904423
"chr4-0842",0.0348847739212125
"chr4-0843",-0.23654496462099
"chr4-0844",0.119332143444369
"chr4-0845",-0.114032147206951
"chr4-0846",0.0334046701940378
"chr4-0847",-0.101359811161617
"chr4-0848",-0.191330053062027
"chr4-0849",-0.0615899347005793
"chr4-0850",-0.0559327990027816
"chr4-0851",0.160346173460633
"chr4-0852",0.0803181226129374
"chr4-0853",-0.0885982342620325
"chr4-0854",0.0890393081539046
"chr4-0855",0.19006392281729
"chr4-0856",0.224888078673979
"chr4-0857",0.143943537953977
"chr4-0858",0.0950493634379477
"chr4-0859",0.214733657149171
"chr4-0860",-0.0503486605044022
"chr4-0861",-0.16261645520763
"chr4-0862",-0.143876079811592
"chr4-0863",0.103541609969196
"chr4-0864",0.0230835724927696
"chr4-0865",-0.143246233395728
"chr4-0866",-0.104417377666703
"chr4-0867",0.156031364211076
"chr4-0868",0.0369063728615333
"chr4-0869",0.108788183281144
"chr4-0870",0.112660624769615
"chr4-0871",0.215629623247773
"chr4-0872",0.227681337236402
"chr4-0873",0.196652565829421
"chr4-0874",0.121798353877603
"chr4-0875",0.117202743954349
"chr4-0876",0.104682859106845
"chr4-0877",0.0669348030723338
"chr4-0878",0.0797652215597002
"chr4-0879",-0.0318020630965918
"chr4-0880",-0.042347088350053
"chr4-0881",0.00492549567630694
"chr4-0882",0.0630957377325882
"chr4-0883",0.0817712899090636
"chr4-0884",0.0771053181697584
"chr4-0885",0.286269449474495
"chr4-0886",0.0914458065317108
"chr4-0887",0.104192918086873
"chr4-0888",0.0246282483075002
"chr5-0001",-0.388531714854924
"chr5-0002",-0.0710907270910505
"chr5-0003",-0.185777037401609
"chr5-0004",0.0200579580581605
"chr5-0005",-0.134129793496656
"chr5-0006",-0.10795920975777
"chr5-0007",-0.107643020810888
"chr5-0008",-0.123845801821488
"chr5-0009",-0.0650286896709952
"chr5-0010",-0.0357768621115166
"chr5-0011",0.10149721846638
"chr5-0012",-0.00136677069505636
"chr5-0013",0.0493859459576664
"chr5-0014",-0.155478834697175
"chr5-0015",-0.245314571786257
"chr5-0016",-0.227140497548089
"chr5-0017",-0.238003931514049
"chr5-0018",-0.0741399732548204
"chr5-0019",-0.128990537710525
"chr5-0020",0.00977635613764353
"chr5-0021",0.0350878759293108
"chr5-0022",0.00405145529638952
"chr5-0023",-0.00472939523812555
"chr5-0024",-0.0539636527524835
"chr5-0025",-0.0609330654380787
"chr5-0026",-0.191533462429997
"chr5-0027",-0.0128519162166987
"chr5-0028",0.12974427031921
"chr5-0029",0.0707322587511469
"chr5-0030",0.112213286474413
"chr5-0031",0.0876962032418435
"chr5-0032",0.0286320166823386
"chr5-0033",0.117967547876627
"chr5-0034",0.120742905575058
"chr5-0035",-0.0913688114322586
"chr5-0036",0.175932960656713
"chr5-0037",0.00790909508381532
"chr5-0038",0.188203720389314
"chr5-0039",0.229733127241966
"chr5-0040",0.00766629896249379
"chr5-0041",0.150582333292294
"chr5-0042",-0.135489298738669
"chr5-0043",0.0549500078922661
"chr5-0044",0.335389532535392
"chr5-0045",0.282657040570842
"chr5-0046",0.282436543908143
"chr5-0047",0.158830739807753
"chr5-0048",0.270509698458494
"chr5-0049",0.486647557986791
"chr5-0050",0.446076003075476
"chr5-0051",0.37574975044681
"chr5-0052",0.199921633006544
"chr5-0053",0.514563279581301
"chr5-0054",0.301033681787904
"chr5-0055",0.342727375140419
"chr5-0056",0.228814721817821
"chr5-0057",0.340275696361128
"chr5-0058",0.210957597482036
"chr5-0059",0.292688891217937
"chr5-0060",0.195909772014389
"chr5-0061",0.306459160315687
"chr5-0062",0.140174527984303
"chr5-0063",0.329393401345887
"chr5-0064",0.272332882382786
"chr5-0065",0.282559595961219
"chr5-0066",0.443746322932738
"chr5-0067",0.480128740649009
"chr5-0068",0.373509016042532
"chr5-0069",0.465995145421557
"chr5-0070",0.290163654562009
"chr5-0071",0.534428544113583
"chr5-0072",0.428196392335162
"chr5-0073",0.360012334179829
"chr5-0074",0.387306945588715
"chr5-0075",0.354096488260216
"chr5-0076",0.367521604493018
"chr5-0077",0.46960230509306
"chr5-0078",0.244382207108599
"chr5-0079",0.494996251157915
"chr5-0080",0.254102762137604
"chr5-0081",0.275163259114104
"chr5-0082",0.146453939729596
"chr5-0083",0.177602690283342
"chr5-0084",0.082053572281041
"chr5-0085",-0.0825827688020489
"chr5-0086",-0.0227895355455472
"chr5-0087",0.0903729173197205
"chr5-0088",0.109503285791422
"chr5-0089",0.404013780773126
"chr5-0090",0.398747270512404
"chr5-0091",0.50523653686917
"chr5-0092",0.373543465312815
"chr5-0093",0.691409778510678
"chr5-0094",0.265822688695781
"chr5-0095",0.455220581129655
"chr5-0096",0.612032093269225
"chr5-0097",0.458261858942338
"chr5-0098",0.233026199152772
"chr5-0099",0.41314803484175
"chr5-0100",0.538828499784405
"chr5-0101",0.442049818118278
"chr5-0102",0.306804598365661
"chr5-0103",0.441610483377106
"chr5-0104",0.229337782657549
"chr5-0105",0.396860717494302
"chr5-0106",0.315152167259276
"chr5-0107",0.469588277061956
"chr5-0108",0.383115866404956
"chr5-0109",0.371888833838784
"chr5-0110",0.365001368849103
"chr5-0111",0.607742191121028
"chr5-0112",0.352233008976671
"chr5-0113",0.630216092066244
"chr5-0114",0.379531810105769
"chr5-0115",0.30080035689676
"chr5-0116",0.227965266480345
"chr5-0117",0.269213268875111
"chr5-0118",0.382154585479678
"chr5-0119",0.433549111041695
"chr5-0120",0.365427560341227
"chr5-0121",0.242133616528789
"chr5-0122",0.319606295833132
"chr5-0123",0.188823161756232
"chr5-0124",0.463310641442745
"chr5-0125",0.262021273074416
"chr5-0126",0.482963691327803
"chr5-0127",0.493555491541669
"chr5-0128",0.543487217582233
"chr5-0129",0.472594799099873
"chr5-0130",0.333480264678601
"chr5-0131",0.46012524542381
"chr5-0132",0.464679491537883
"chr5-0133",0.466299121711188
"chr5-0134",0.672422303072548
"chr5-0135",0.411571174458944
"chr5-0136",0.523705740942221
"chr5-0137",0.456145792245544
"chr5-0138",0.406897192654783
"chr5-0139",0.479340472104238
"chr5-0140",0.723500512554684
"chr5-0141",0.534631543833652
"chr5-0142",0.477634584609999
"chr5-0143",0.482027874064341
"chr5-0144",0.482150873182239
"chr5-0145",0.466401761559982
"chr5-0146",0.232678644397688
"chr5-0147",0.403687340748972
"chr5-0148",0.53097118430788
"chr5-0149",0.419095780768813
"chr5-0150",0.265019893054807
"chr5-0151",0.619170588079166
"chr5-0152",0.415391574846866
"chr5-0153",0.189213722497393
"chr5-0154",0.289346884518444
"chr5-0155",0.317204275023101
"chr5-0156",0.372679138739347
"chr5-0157",0.318940747268031
"chr5-0158",0.438796632341777
"chr5-0159",0.350334025418384
"chr5-0160",0.284509762175828
"chr5-0161",0.30300070914253
"chr5-0162",-0.0115016327939935
"chr5-0163",0.5479666948651
"chr5-0164",0.129330995322779
"chr5-0165",0.361241710867544
"chr5-0166",0.273997888913481
"chr5-0167",0.199852783576672
"chr5-0168",0.542317903004271
"chr5-0169",0.457637850256641
"chr5-0170",0.587667225562581
"chr5-0171",0.169008270772986
"chr5-0172",0.417717449865317
"chr5-0173",0.373925536094838
"chr5-0174",0.270594638385208
"chr5-0175",0.227711046839543
"chr5-0176",0.32584976755841
"chr5-0177",0.303780496223303
"chr5-0178",0.275733041465819
"chr5-0179",0.26886865864065
"chr5-0180",0.358965278129335
"chr5-0181",0.556942602276324
"chr5-0182",0.465018943910702
"chr5-0183",0.339316549046955
"chr5-0184",0.510971991246645
"chr5-0185",0.446525052723841
"chr5-0186",0.554548689946909
"chr5-0187",0.36884890093237
"chr5-0188",0.285437246358353
"chr5-0189",0.33072325045303
"chr5-0190",0.239847483872348
"chr5-0191",0.538372942328692
"chr5-0192",0.514423456362138
"chr5-0193",0.527110284318448
"chr5-0194",0.401466148371372
"chr5-0195",0.442399130202591
"chr5-0196",0.355051850503171
"chr5-0197",0.3171634222413
"chr5-0198",0.0930824871660211
"chr5-0199",0.473998700655459
"chr5-0200",0.442026109758373
"chr5-0201",0.259466549965704
"chr5-0202",0.408258329640946
"chr5-0203",0.482483247167277
"chr5-0204",0.389245809202247
"chr5-0205",0.387031389846316
"chr5-0206",0.498515095432804
"chr5-0207",0.299471479007102
"chr5-0208",0.403647866031943
"chr5-0209",0.400265144835891
"chr5-0210",0.388099499520233
"chr5-0211",0.433750493688813
"chr5-0212",0.476910520142062
"chr5-0213",0.531003918093105
"chr5-0214",0.565221669561005
"chr5-0215",0.540937311311062
"chr5-0216",0.596023392353361
"chr5-0217",0.474247710086844
"chr5-0218",0.303389709194973
"chr5-0219",0.221872285591632
"chr5-0220",0.166666862693307
"chr5-0221",0.342455963866464
"chr5-0222",0.367935846825771
"chr5-0223",0.492149598647263
"chr5-0224",0.459570563399846
"chr5-0225",0.186981258590364
"chr5-0226",0.15484727936663
"chr5-0227",0.249456537851972
"chr5-0228",0.562069826332922
"chr5-0229",0.422673179207569
"chr5-0230",0.250810595793874
"chr5-0231",0.330174665980547
"chr5-0232",0.135959094686939
"chr5-0233",0.231532238706198
"chr5-0234",0.253159509316844
"chr5-0235",0.366408019394791
"chr5-0236",0.0251208954704641
"chr5-0237",0.363183795591666
"chr5-0238",0.456630341341817
"chr5-0239",0.387972329402784
"chr5-0240",0.349116428908496
"chr5-0241",0.465720877363434
"chr5-0242",0.281663884177353
"chr5-0243",0.304211484712272
"chr5-0244",0.296746865133121
"chr5-0245",0.257248886083226
"chr5-0246",0.233778916578678
"chr5-0247",0.194040896626966
"chr5-0248",0.544675058726383
"chr5-0249",0.233568157622398
"chr5-0250",0.29933348971068
"chr5-0251",0.326134384438579
"chr5-0252",0.130514469182814
"chr5-0253",0.368295610273293
"chr5-0254",0.209738980260807
"chr5-0255",0.313353927829438
"chr5-0256",0.434872137759974
"chr5-0257",0.136766180737016
"chr5-0258",-0.00640768134221392
"chr5-0259",0.292487739843252
"chr5-0260",0.216405212387564
"chr5-0261",0.304049359891485
"chr5-0262",0.157397314078499
"chr5-0263",0.0171432097117324
"chr5-0264",-0.0426328174408193
"chr5-0265",0.237854543264729
"chr5-0266",0.0492996604105395
"chr5-0267",0.471318809119085
"chr5-0268",0.204126899656801
"chr5-0269",0.0938306770401064
"chr5-0270",0.229142244802683
"chr5-0271",0.230473013976619
"chr5-0272",0.0450859354379913
"chr5-0273",0.289488839098415
"chr5-0274",0.309224423478482
"chr5-0275",0.266640982994573
"chr5-0276",0.319675108427701
"chr5-0277",0.167016171153825
"chr5-0278",0.27138614264352
"chr5-0279",0.249512855509205
"chr5-0280",0.193939413838513
"chr5-0281",0.160756357240266
"chr5-0282",0.21213059966962
"chr5-0283",0.291488113217508
"chr5-0284",0.175788028102968
"chr5-0285",0.355408919984622
"chr5-0286",0.350690471606503
"chr5-0287",0.311728278724452
"chr5-0288",0.422655917749989
"chr5-0289",0.348678002570649
"chr5-0290",0.152044401640066
"chr5-0291",0.19495285005297
"chr5-0292",0.349886866599563
"chr5-0293",0.301191745101449
"chr5-0294",0.52870995084712
"chr5-0295",0.37085055260284
"chr5-0296",0.386985539265663
"chr5-0297",0.416815096334332
"chr5-0298",-0.0293723142803119
"chr5-0299",0.322686164069143
"chr5-0300",0.4002996415687
"chr5-0301",0.120365538254869
"chr5-0302",0.203760506674701
"chr5-0303",0.183486194955666
"chr5-0304",0.172376220084306
"chr5-0305",0.250506780430289
"chr5-0306",0.352268701465039
"chr5-0307",0.0432590308664948
"chr5-0308",0.262219148105352
"chr5-0309",0.330303505392364
"chr5-0310",-0.00346417404017359
"chr5-0311",0.100325748245555
"chr5-0312",0.156064095055102
"chr5-0313",0.204611112646
"chr5-0314",0.176593854234735
"chr5-0315",0.113374114506565
"chr5-0316",-0.00365093358994364
"chr5-0317",0.0980797868252585
"chr5-0318",0.248757774845827
"chr5-0319",0.19159950384872
"chr5-0320",0.420754158628471
"chr5-0321",0.294040017448049
"chr5-0322",0.136188442685928
"chr5-0323",-0.00721227552272905
"chr5-0324",0.31709374847949
"chr5-0325",0.198448216159952
"chr5-0326",0.036993042175994
"chr5-0327",0.330645392403499
"chr5-0328",0.353918003691039
"chr5-0329",0.244882645941099
"chr5-0330",0.326780280454156
"chr5-0331",0.30336061890057
"chr5-0332",0.227137740874804
"chr5-0333",0.372858039918457
"chr5-0334",0.42290525923131
"chr5-0335",0.484957984530324
"chr5-0336",0.343886302494449
"chr5-0337",0.301620233980837
"chr5-0338",0.340828764845804
"chr5-0339",0.237953871033794
"chr5-0340",0.316320714209911
"chr5-0341",0.493825509995423
"chr5-0342",-0.0570363533164947
"chr5-0343",-0.0151814585423401
"chr5-0344",0.113355632324848
"chr5-0345",-0.00548680717387174
"chr5-0346",0.125132306435003
"chr5-0347",0.123806052407547
"chr5-0348",0.252768917539205
"chr5-0349",0.131082477986705
"chr5-0350",0.0433435745434791
"chr5-0351",0.108836212444868
"chr5-0352",0.171305351258334
"chr5-0353",0.2712059967323
"chr5-0354",0.33510570495545
"chr5-0355",0.464087633153315
"chr5-0356",0.176299104882756
"chr5-0357",0.279383923387014
"chr5-0358",0.416320917902836
"chr5-0359",0.325220534287092
"chr5-0360",0.167021797414108
"chr5-0361",0.226406968101609
"chr5-0362",0.248075305274678
"chr5-0363",0.0308662880284251
"chr5-0364",0.226931799854423
"chr5-0365",0.0870306179435447
"chr5-0366",0.187321419538149
"chr5-0367",0.143971461314463
"chr5-0368",-0.019651322625745
"chr5-0369",0.181852658692246
"chr5-0370",0.263681102008065
"chr5-0371",0.27634848311514
"chr5-0372",0.244983104294402
"chr5-0373",0.312880592242908
"chr5-0374",0.401488441703475
"chr5-0375",0.221763296665624
"chr5-0376",0.0157922547545583
"chr5-0377",0.133428422499372
"chr5-0378",0.145454012758632
"chr5-0379",0.189889639980954
"chr5-0380",0.181253314734021
"chr5-0381",-0.0545302820517843
"chr5-0382",0.253020398485865
"chr5-0383",0.173072191279898
"chr5-0384",0.0606631094305316
"chr5-0385",0.00864973262269422
"chr5-0386",0.187417473009049
"chr5-0387",0.0718189390688427
"chr5-0388",0.363900578182004
"chr5-0389",0.26413411693056
"chr5-0390",0.018653637822626
"chr5-0391",0.151015785844608
"chr5-0392",0.101448356215192
"chr5-0393",0.167616473285181
"chr5-0394",0.0539273951238868
"chr5-0395",0.186452568148971
"chr5-0396",-0.0998230028261862
"chr5-0397",0.171420669497744
"chr5-0398",0.120485653558206
"chr5-0399",0.208859124236384
"chr5-0400",0.0969766115426672
"chr5-0401",0.3320892451529
"chr5-0402",0.150678398174913
"chr5-0403",0.0656769151387652
"chr5-0404",0.137746424639813
"chr5-0405",0.321360237831161
"chr5-0406",0.228321934492396
"chr5-0407",0.366688959141075
"chr5-0408",0.323852926728142
"chr5-0409",0.103838653973024
"chr5-0410",-0.172752381509128
"chr5-0411",0.368232614078957
"chr5-0412",0.169692421794588
"chr5-0413",0.178579205143497
"chr5-0414",0.301362101142722
"chr5-0415",0.135584643464815
"chr5-0416",0.113139246231041
"chr5-0417",0.284188524708652
"chr5-0418",-0.0425953902898032
"chr5-0419",-0.0959640000377002
"chr5-0420",0.022039732055489
"chr5-0421",-0.0395723363922273
"chr5-0422",0.241657565918314
"chr5-0423",0.359878461881408
"chr5-0424",0.245583934697346
"chr5-0425",0.174563749122801
"chr5-0426",0.0367421720577746
"chr5-0427",0.0656879770483536
"chr5-0428",0.328466408643956
"chr5-0429",0.121293515677818
"chr5-0430",0.357993053129505
"chr5-0431",0.295450661571537
"chr5-0432",0.323547593044709
"chr5-0433",0.12527219192456
"chr5-0434",0.287835299176054
"chr5-0435",0.452324745236322
"chr5-0436",0.443608496598968
"chr5-0437",0.298919830070335
"chr5-0438",0.315191863722404
"chr5-0439",0.153786178324346
"chr5-0440",0.4992491174205
"chr5-0441",0.14474241200428
"chr5-0442",0.289130931848553
"chr5-0443",0.352540497111655
"chr5-0444",0.397404045118071
"chr5-0445",0.358779059975427
"chr5-0446",0.214247366468519
"chr5-0447",0.19790141689154
"chr5-0448",0.324693921385963
"chr5-0449",0.279385297047019
"chr5-0450",0.208149778023794
"chr5-0451",0.360899143563294
"chr5-0452",0.324311993476147
"chr5-0453",0.509892110915305
"chr5-0454",0.531287621812546
"chr5-0455",0.289980326449292
"chr5-0456",0.305513233696775
"chr5-0457",0.455885501775997
"chr5-0458",0.589694041024304
"chr5-0459",0.397016904544829
"chr5-0460",0.154249886704246
"chr5-0461",0.0943054221047059
"chr5-0462",0.00380264510925571
"chr5-0463",0.350362643515941
"chr5-0464",0.357352525636345
"chr5-0465",0.303930061822316
"chr5-0466",0.190431985732658
"chr5-0467",-0.0487531074588097
"chr5-0468",0.354209365918167
"chr5-0469",0.446502833137119
"chr5-0470",0.542866559174396
"chr5-0471",0.36824626464238
"chr5-0472",0.398649067890076
"chr5-0473",0.158620581192053
"chr5-0474",0.176384277203294
"chr5-0475",0.249795931276642
"chr5-0476",0.369670826277682
"chr5-0477",0.440927346838574
"chr5-0478",0.0177697787077559
"chr5-0479",0.406223684427694
"chr5-0480",0.404908171783222
"chr5-0481",0.401444330646312
"chr5-0482",0.132331549622845
"chr5-0483",0.0773373042147838
"chr5-0484",0.208540774777122
"chr5-0485",0.257494955613792
"chr5-0486",0.303127441693478
"chr5-0487",0.278315580768832
"chr5-0488",0.431919338402865
"chr5-0489",0.339682621403741
"chr5-0490",0.269144954492628
"chr5-0491",0.395462476706621
"chr5-0492",0.0667682768006201
"chr5-0493",0.34187649092565
"chr5-0494",0.22296962935583
"chr5-0495",0.287760775649731
"chr5-0496",0.270326044868606
"chr5-0497",0.235383747017181
"chr5-0498",0.119680105665353
"chr5-0499",0.402677400822445
"chr5-0500",0.275692060030109
"chr5-0501",0.374707219935071
"chr5-0502",0.166165808545259
"chr5-0503",0.332291957515324
"chr5-0504",0.220176336440888
"chr5-0505",0.343701976907934
"chr5-0506",0.310380545489485
"chr5-0507",0.028167757646458
"chr5-0508",0.268448178154798
"chr5-0509",0.174283451251847
"chr5-0510",0.276049719437939
"chr5-0511",0.163618386522855
"chr5-0512",0.266060634798166
"chr5-0513",0.220085997399277
"chr5-0514",0.29924844867481
"chr5-0515",0.24175795419388
"chr5-0516",0.391409245528967
"chr5-0517",0.500538444303748
"chr5-0518",0.294103142945578
"chr5-0519",0.262046094460801
"chr5-0520",0.345825071035301
"chr5-0521",0.503249180724611
"chr5-0522",0.37418669104808
"chr5-0523",0.438963101318877
"chr5-0524",0.261905700257713
"chr5-0525",0.329722508174022
"chr5-0526",0.395939825757176
"chr5-0527",0.243147892597522
"chr5-0528",0.199256209812433
"chr5-0529",0.120070646114711
"chr5-0530",0.294031793679336
"chr5-0531",0.0973855724122127
"chr5-0532",0.379401285119501
"chr5-0533",0.27016369328155
"chr5-0534",0.341257310318458
"chr5-0535",0.262800581245356
"chr5-0536",0.190142404163394
"chr5-0537",0.0689194721524111
"chr5-0538",0.352978257070077
"chr5-0539",0.23166504281312
"chr5-0540",0.269564173501514
"chr5-0541",0.322127776225403
"chr5-0542",0.269939513225285
"chr5-0543",0.386018501157606
"chr5-0544",0.351731366936072
"chr5-0545",0.125909392656796
"chr5-0546",0.292875735118515
"chr5-0547",0.247888326654322
"chr5-0548",0.115693965907497
"chr5-0549",-0.0983512657304415
"chr5-0550",0.293490637315129
"chr5-0551",0.235732839985185
"chr5-0552",0.316158643682984
"chr5-0553",0.215855761759598
"chr5-0554",0.0388281326649753
"chr5-0555",0.0303017492383549
"chr5-0556",0.429236336084563
"chr5-0557",0.0973288813494087
"chr5-0558",0.14867474842098
"chr5-0559",0.291703769437688
"chr5-0560",0.0139560715083017
"chr5-0561",0.343305344054576
"chr5-0562",-0.0675569844192025
"chr5-0563",0.237038105595832
"chr5-0564",0.221628159323626
"chr5-0565",0.207532629553052
"chr5-0566",0.198510444707509
"chr5-0567",0.252263345772474
"chr5-0568",0.206817288562922
"chr5-0569",0.225414161963128
"chr5-0570",0.356710708833696
"chr5-0571",0.14912102098332
"chr5-0572",0.374974896382042
"chr5-0573",0.317570641757106
"chr5-0574",0.268861784259607
"chr5-0575",0.265377481158585
"chr5-0576",0.0787003416468704
"chr5-0577",0.178412485476397
"chr5-0578",0.196114223469673
"chr5-0579",0.150402209870474
"chr5-0580",0.28248332956817
"chr5-0581",0.417261856611466
"chr5-0582",0.21209339025038
"chr5-0583",0.250330569259914
"chr5-0584",0.239096440439376
"chr5-0585",-0.0444356347352842
"chr5-0586",0.302164730824813
"chr5-0587",0.341260447633257
"chr5-0588",0.365075717727148
"chr5-0589",0.14876848392254
"chr5-0590",0.107647812046766
"chr5-0591",-0.0637166061560515
"chr5-0592",-0.0099685232238324
"chr5-0593",0.386360440453973
"chr5-0594",0.190989807054673
"chr5-0595",-0.0195748340317656
"chr5-0596",0.251936496191891
"chr5-0597",0.408915628339877
"chr5-0598",0.406487478944049
"chr5-0599",0.350739416870483
"chr5-0600",0.357478034836679
"chr5-0601",0.326208110768021
"chr5-0602",0.352658706810848
"chr5-0603",0.263360657623327
"chr5-0604",0.393601690157612
"chr5-0605",0.534746741406353
"chr5-0606",0.417524098609343
"chr5-0607",0.501312685066749
"chr5-0608",0.39530759375871
"chr5-0609",0.315053764092362
"chr5-0610",0.208851564301416
"chr5-0611",0.320699768392378
"chr5-0612",0.031808797823842
"chr5-0613",0.143217536002881
"chr5-0614",0.0756279457417728
"chr5-0615",0.195626964120909
"chr5-0616",0.335335585797261
"chr5-0617",0.121145123231137
"chr5-0618",0.137821496832188
"chr5-0619",0.309091988529962
"chr5-0620",0.145687393568001
"chr5-0621",0.27870308935448
"chr5-0622",0.374970778506459
"chr5-0623",-0.112641435279358
"chr5-0624",0.198810483894832
"chr5-0625",0.484765384116262
"chr5-0626",-0.0143739788745661
"chr5-0627",0.189938182465473
"chr5-0628",-0.00548761646929916
"chr5-0629",0.110438567506799
"chr5-0630",-0.00899607599948871
"chr5-0631",0.286905094920859
"chr5-0632",0.334260665132292
"chr5-0633",0.227028651792217
"chr5-0634",0.0928098499509881
"chr5-0635",0.0236237288107529
"chr5-0636",0.373722412228187
"chr5-0637",0.268748859462113
"chr5-0638",0.0475456309986552
"chr5-0639",0.0754051669463244
"chr5-0640",-0.0350435930754744
"chr5-0641",-0.153753360137379
"chr5-0642",0.209734229082968
"chr5-0643",0.152765857009023
"chr5-0644",-0.100330520006208
"chr5-0645",0.101571652310737
"chr5-0646",0.128798810516919
"chr5-0647",-0.0544548622419822
"chr5-0648",0.118232811618399
"chr5-0649",0.12357736182496
"chr5-0650",-0.0803875834068392
"chr5-0651",-0.0157599554017144
"chr5-0652",-0.0128846520430914
"chr5-0653",0.162341802623845
"chr5-0654",-0.00346334399339344
"chr5-0655",0.0511492613200189
"chr5-0656",0.10654821716987
"chr5-0657",0.0614366825532931
"chr5-0658",0.101467637428891
"chr5-0659",0.123799016936326
"chr5-0660",0.0325077715205522
"chr5-0661",0.100629306562744
"chr5-0662",0.0801072779393762
"chr5-0663",0.0121501922221895
"chr5-0664",0.148678774537529
"chr5-0665",-0.0597885351956843
"chr5-0666",0.041507115685254
"chr5-0667",0.0171903501926314
"chr5-0668",-0.01302865429681
"chr5-0669",-0.0460484503772093
"chr5-0670",-0.0300834218537215
"chr5-0671",-0.28930756829569
"chr5-0672",-0.155921262940878
"chr5-0673",-0.356799806809177
"chr5-0674",-0.0277666125564176
"chr5-0675",-0.13352372049397
"chr5-0676",-0.0463160009536889
"chr5-0677",0.160132244967748
"chr5-0678",0.181953284436508
"chr5-0679",0.0845662611630558
"chr5-0680",0.00675453637744283
"chr5-0681",0.0211698024798367
"chr5-0682",-0.0223576293805964
"chr5-0683",-0.0140227650166536
"chr5-0684",0.0822158058360601
"chr5-0685",0.16645913154595
"chr5-0686",0.126334112812382
"chr5-0687",0.186579499344919
"chr5-0688",0.0120527700210553
"chr5-0689",0.226075615011493
"chr5-0690",0.303862881941068
"chr5-0691",0.239582243750331
"chr5-0692",0.238782508919535
"chr5-0693",0.000786314714321898
"chr5-0694",0.112712718584567
"chr5-0695",0.295240487104088
"chr5-0696",-0.0650819133578862
"chr5-0697",0.0526216699125266
"chr5-0698",0.0809640872489314
"chr5-0699",-0.051291560901718
"chr5-0700",-0.0553235113243409
"chr5-0701",0.0407040874086362
"chr5-0702",0.0548119560749199
"chr5-0703",0.074943764334239
"chr5-0704",0.0586730898954239
"chr5-0705",0.0885450902402185
"chr5-0706",0.425929397909839
"chr5-0707",0.192399368146081
"chr5-0708",0.162708122485991
"chr5-0709",0.0246108549466058
"chr5-0710",-0.0411627626131334
"chr5-0711",-0.028360889691201
"chr5-0712",-0.0779671131573569
"chr5-0713",0.0202146882462108
"chr5-0714",-0.048475540729766
"chr5-0715",0.0291610862546952
"chr5-0716",-0.227494005974929
"chr5-0717",-0.0573053147555534
"chr5-0718",-0.0853231508207069
"chr5-0719",-0.0433757774773929
"chr5-0720",-0.0151971916421004
"chr5-0721",0.034487817159292
"chr5-0722",0.102596974231564
"chr5-0723",0.251094448043086
"chr5-0724",-0.120418545442727
"chr5-0725",-0.124412348615605
"chr5-0726",-0.0561016315448368
"chr5-0727",-0.0860671509640863
"chr5-0728",-0.117779056626461
"chr5-0729",0.0760285692474784
"chr5-0730",0.16105342711801
"chr5-0731",0.231502783132662
"chr5-0732",-0.0845607528901272
"chr5-0733",0.171414288533327
"chr5-0734",0.257942620268293
"chr5-0735",0.302501622882023
"chr5-0736",0.139719216957304
"chr5-0737",0.0952316673879915
"chr5-0738",0.115238591856124
"chr5-0739",-0.0277028918721749
"chr5-0740",0.439558880376813
"chr5-0741",-0.0193485383581921
"chr5-0742",-0.0984353738659549
"chr5-0743",0.0390736737418255
"chr5-0744",-0.0270473671722269
"chr5-0745",-0.0790971442529116
"chr5-0746",0.0181697855285191
"chr5-0747",0.0424318209516727
"chr5-0748",-0.00580959442649233
"chr5-0749",0.0770467839880797
"chr5-0750",0.193015368849513
"chr5-0751",0.163870651755274
"chr5-0752",0.340253424624258
"chr5-0753",0.00851048882705623
"chr5-0754",0.275196886578493
"chr5-0755",0.383008987001602
"chr5-0756",0.201899918044804
"chr5-0757",0.385409582704206
"chr5-0758",0.322071946930311
"chr5-0759",0.313880301349602
"chr5-0760",0.276592512821865
"chr5-0761",0.179380529587118
"chr5-0762",0.21404200168523
"chr5-0763",0.293028313630076
"chr5-0764",0.318069239181274
"chr5-0765",0.302188450042902
"chr5-0766",0.247942479290402
"chr5-0767",0.350944458523848
"chr5-0768",0.291673873539853
"chr5-0769",0.114236400753107
"chr5-0770",0.225588910205771
"chr5-0771",0.304158219774207
"chr5-0772",0.292858315625263
"chr5-0773",0.0682928377962819
"chr5-0774",0.0598779794177375
"chr5-0775",0.247444632181511
"chr5-0776",0.123442330161394
"chr5-0777",0.276295299085307
"chr5-0778",0.0818231337763131
"chr5-0779",0.310434703860979
"chr5-0780",-0.0101541818052116
"chr5-0781",0.237116740659666
"chr5-0782",0.197897679358962
"chr5-0783",0.352007499002384
"chr5-0784",0.346718251374093
"chr5-0785",0.290866543806367
"chr5-0786",0.224269716406158
"chr5-0787",0.448581719547579
"chr5-0788",0.426119795465407
"chr5-0789",0.239583618203744
"chr5-0790",0.229470126352556
"chr5-0791",0.289646018530505
"chr5-0792",0.221347473947516
"chr5-0793",0.134220442390079
"chr5-0794",0.329155502486088
"chr5-0795",0.174055408825901
"chr5-0796",0.136658958183747
"chr5-0797",0.330698662267418
"chr5-0798",0.108383876036996
"chr5-0799",-0.042032215957212
"chr5-0800",0.136684257258872
"chr5-0801",0.351905317211724
"chr5-0802",-0.0105157157845658
"chr5-0803",0.107147685181436
"chr5-0804",0.0605646838276671
"chr5-0805",0.152037720304239
"chr5-0806",0.0192683966645784
"chr5-0807",-0.0435493960853797
"chr5-0808",1.42088478972281e-06
"chr5-0809",-0.039769094713345
"chr5-0810",-0.0489693168544581
"chr5-0811",-0.0163359464959117
"chr5-0812",0.0333686401950426
"chr5-0813",-0.108654414593053
"chr5-0814",-0.00425681829950472
"chr5-0815",-0.00239931715079748
"chr5-0816",0.125060217423746
"chr5-0817",0.146254326981388
"chr5-0818",0.267039407309104
"chr5-0819",0.0456123348337577
"chr5-0820",0.0754755067263306
"chr5-0821",0.0195732202872158
"chr5-0822",-0.0702701438625404
"chr5-0823",0.209757401259058
"chr5-0824",0.143833322064711
"chr5-0825",0.108311157951382
"chr5-0826",0.199227223001057
"chr5-0827",0.143075690206899
"chr5-0828",-0.13252189170627
"chr5-0829",0.332204460160953
"chr5-0830",0.324496961691917
"chr5-0831",0.313154798163962
"chr5-0832",0.234298509961006
"chr5-0833",0.105519790355667
"chr5-0834",0.174723948005228
"chr5-0835",0.334950600793713
"chr5-0836",0.0984049913060515
"chr5-0837",0.034290201036118
"chr5-0838",0.0884596954822012
"chr5-0839",0.0778379568687722
"chr5-0840",-0.12523417005863
"chr5-0841",0.0328865729352693
"chr5-0842",0.093556693583692
"chr5-0843",0.118353923081466
"chr5-0844",0.217941945424658
"chr5-0845",0.337788016694544
"chr5-0846",0.401524596811024
"chr5-0847",0.263872359594622
"chr5-0848",0.041141252996575
"chr5-0849",0.183847138791817
"chr5-0850",0.255020390102468
"chr5-0851",0.203947118984489
"chr5-0852",0.333813267754951
"chr5-0853",0.187683960713079
"chr5-0854",0.10996842869506
"chr5-0855",0.174962648475784
"chr5-0856",-0.120248095365541
"chr5-0857",0.0274191353438047
"chr5-0858",0.211340868440823
"chr5-0859",0.153207304218182
"chr5-0860",0.33913980037498
"chr5-0861",0.38128306127766
"chr5-0862",0.385205952547325
"chr5-0863",0.439625131737243
"chr5-0864",0.182717117737111
"chr5-0865",0.172325519857935
"chr5-0866",0.208440618033839
"chr5-0867",-0.000609488615155992
"chr5-0868",0.178553335507069
"chr5-0869",0.0165926120003549
"chr5-0870",-0.0255361402825331
"chr5-0871",0.026806596152443
"chr5-0872",-0.0717752903555961
"chr5-0873",-0.0351092428110682
"chr5-0874",-0.0325782828228145
"chr5-0875",0.00112872745532039
"chr5-0876",0.0994974546348269
"chr5-0877",0.140279143307653
"chr5-0878",0.0821777930997942
"chr5-0879",0.129661458636385
"chr5-0880",0.0825449920228633
"chr5-0881",0.0153747623996751
"chr5-0882",0.19143652963907
"chr5-0883",0.206201817599036
"chr5-0884",0.183564600294055
"chr5-0885",0.158110618361217
"chr5-0886",-0.130133084173666
"chr5-0887",0.0260935848336849
"chr5-0888",0.207856059346984
"chr5-0889",0.293136373003013
"chr5-0890",0.213568767447479
"chr5-0891",0.131835805121013
"chr5-0892",0.223093787893421
"chr5-0893",0.0374789720916841
"chr5-0894",0.117397047013344
"chr5-0895",0.267811048800398
"chr5-0896",0.157679540701645
"chr5-0897",0.19673421986941
"chr5-0898",0.188220526894128
"chr5-0899",0.135778688614627
"chr5-0900",0.179391550669916
"chr5-0901",-0.141599525524015
"chr5-0902",0.0719963675557506
"chr5-0903",-0.045715499732228
"chr5-0904",-0.116435156226515
"chr5-0905",-0.163499025014012
"chr5-0906",0.174219169230595
"chr5-0907",0.0338290559414722
"chr5-0908",-0.0597825478319026
"chr5-0909",0.00722316600752514
"chr5-0910",-0.188102458658741
"chr5-0911",0.00532127408389202
"chr5-0912",-0.0282632915731991
"chr5-0913",-0.0124568742737253
"chr5-0914",0.25641251854223
"chr5-0915",0.0744243716825981
"chr5-0916",0.0104357267437271
"chr5-0917",-0.127420933214037
"chr5-0918",-0.0419857144932982
"chr5-0919",0.116332490128232
"chr5-0920",-0.0424738238015424
"chr5-0921",-0.212502047337544
"chr5-0922",-0.0700704117399769
"chr5-0923",-0.0145362791923491
"chr5-0924",-0.174806781215022
"chr5-0925",-0.0313899410643868
"chr5-0926",-0.133764787857085
"chr5-0927",-0.20116444783609
"chr5-0928",-0.116714357484835
"chr5-0929",0.0691670674679853
"chr5-0930",0.057705988039648
"chr5-0931",0.145985539096383
"chr5-0932",0.0381707200261951
"chr5-0933",-0.0247906300558826
"chr5-0934",-0.182939563327637
"chr5-0935",-0.000463147858170543
"chr5-0936",0.137659865904848
"chr5-0937",0.0755763840041051
"chr5-0938",0.0827066955794692
"chr5-0939",0.116658293860993
"chr5-0940",0.0180347439873772
"chr5-0941",0.0800203913067793
"chr5-0942",0.0572992712543053
"chr5-0943",0.0794450293380123
"chr5-0944",0.113055537066888
"chr5-0945",-0.0487625230226883
"chr5-0946",-0.0053585905608408
"chr5-0947",0.0588192423544324
"chr5-0948",0.0890845226344708
"chr5-0949",0.123300591185712
"chr5-0950",-0.0325435720428299
"chr5-0951",0.182538902890371
"chr5-0952",0.0709702797264275
"chr5-0953",0.180690608538217
"chr5-0954",0.129150381938227
"chr5-0955",0.136747702072686
"chr5-0956",0.297834389710655
"chr5-0957",0.123006990903289
"chr5-0958",0.16164504116791
"chr5-0959",0.156597533735327
"chr5-0960",0.17004207049793
"chr5-0961",0.163574542505943
"chr5-0962",0.118417149906413
"chr5-0963",0.195782499226951
"chr5-0964",-0.0831057104990353
"chr5-0965",0.0219680338147546
"chr5-0966",0.106367476085511
"chr5-0967",-0.0875529137518409
"chr5-0968",-0.0653528305378271
"chr5-0969",0.141003707021995
"chr5-0970",0.111471482930336
"chr5-0971",0.0372366694963488
"chr5-0972",-0.165822079473181
"chr5-0973",-0.0784461675692146
"chr5-0974",-0.204224324291725
"chr5-0975",-0.1800323200903
"chr5-0976",-0.0532086493930126
"chr5-0977",-0.0400747991925784
"chr5-0978",-0.112668360197835
"chr5-0979",-0.0891636515076034
"chr5-0980",-0.178600033767307
"chr5-0981",-0.0289179775956455
"chr5-0982",-0.154890473330591
"chr5-0983",-0.119461516833046
"chr5-0984",-0.214501183581601
"chr5-0985",0.0577949535517818
"chr5-0986",-0.0326372510874546
"chr5-0987",0.206310014641883
"chr5-0988",0.10333238406838
"chr5-0989",0.0162063438631387
"chr5-0990",-0.0898114404808869
"chr5-0991",-0.155921763173205
"chr5-0992",-0.0885563945274906
"chr5-0993",-0.0145005567258765
"chr5-0994",-0.0452882292744445
"chr5-0995",0.107799184819789
"chr5-0996",0.0458128801344667
"chr5-0997",0.00410842154740017
"chr5-0998",0.00981775535734769
"chr5-0999",-0.133825886815711
"chr5-1000",0.00914386945823827
"chr5-1001",-0.0793714194739474
"chr5-1002",-0.0779732552067199
"chr5-1003",-0.153001702402377
"chr5-1004",0.00215785971599608
"chr5-1005",-0.176506750782516
"chr5-1006",-0.13876473494839
"chr5-1007",-0.14922137912856
"chr5-1008",0.0718441888826704
"chr5-1009",-0.0734583654395882
"chr5-1010",-0.0179048876966772
"chr5-1011",0.0621324923370598
"chr5-1012",-0.186693609763813
"chr5-1013",-0.0857098465743123
"chr5-1014",0.25081030708081
"chr5-1015",0.126418955955887
"chr5-1016",-0.10400967115301
"chr5-1017",-0.138633827821268
"chr5-1018",0.247069092151822
"chr5-1019",0.0200192638411551
"chr5-1020",-0.12494163282456
"chr5-1021",-0.107098738751147
"chr5-1022",-0.247805554221361
"chr5-1023",-0.170530108880594
"chr5-1024",0.114001427272453
"chr5-1025",0.0130061734011638
"chr5-1026",0.0958478102553954
"chr5-1027",0.132516548390346
"chr5-1028",0.0871064508553136
"chr5-1029",-0.0146616530073474
"chr5-1030",-0.0108154344770683
"chr5-1031",-0.0728667728447966
"chr6-0001",-1.11507021752174
"chr6-0002",-0.540182320520547
"chr6-0003",-0.408968842848973
"chr6-0004",-1.16648476563496
"chr6-0005",-0.809543223998038
"chr6-0006",-0.899619263160653
"chr6-0007",-0.900295413565339
"chr6-0008",-1.1768023236616
"chr6-0009",-0.842433815702618
"chr6-0010",-0.822681026214018
"chr6-0011",-0.879678826206779
"chr6-0012",-1.03608281819289
"chr6-0013",-1.49872961820935
"chr6-0014",-1.22992933249815
"chr6-0015",-1.13863940002379
"chr6-0016",-0.958159768046293
"chr6-0017",-1.19668124155454
"chr6-0018",-0.889310378790756
"chr6-0019",-0.87489396146413
"chr6-0020",-0.785318569435446
"chr6-0021",-0.899931984763075
"chr6-0022",-0.956641074885417
"chr6-0023",-0.91916872802623
"chr6-0024",-0.753624852386685
"chr6-0025",-1.01195844834898
"chr6-0026",-1.01353504684847
"chr6-0027",-0.955528938296253
"chr6-0028",-1.06070851071259
"chr6-0029",-1.09840800526234
"chr6-0030",-1.25054759063239
"chr6-0031",-1.28059309716891
"chr6-0032",-0.949016275920442
"chr6-0033",-1.10705861713123
"chr6-0034",-1.0595487250369
"chr6-0035",-1.01404063922812
"chr6-0036",-0.915974497188906
"chr6-0037",-0.986531661365753
"chr6-0038",-0.906167987714587
"chr6-0039",-1.02484674625006
"chr6-0040",-1.12721694867398
"chr6-0041",-1.12013973657549
"chr6-0042",-1.06894492200376
"chr6-0043",-1.27297771565465
"chr6-0044",-0.889314036294684
"chr6-0045",-1.08775547883425
"chr6-0046",-0.955294775866576
"chr6-0047",-0.8381070086554
"chr6-0048",-1.13629967298419
"chr6-0049",-0.965446598618009
"chr6-0050",-1.05907699653443
"chr6-0051",-1.14662126741497
"chr6-0052",-0.879862095743022
"chr6-0053",-0.810278979956509
"chr6-0054",-1.13685540702468
"chr6-0055",-1.03735644212128
"chr6-0056",-0.912501662416382
"chr6-0057",-1.10101525349681
"chr6-0058",-0.744682533141835
"chr6-0059",-0.851303309691434
"chr6-0060",-1.03773436203359
"chr6-0061",-1.18853598571071
"chr6-0062",-0.895714439589176
"chr6-0063",-0.827335235260711
"chr6-0064",-1.06413869855844
"chr6-0065",-0.96059765772739
"chr6-0066",-1.04652375013047
"chr6-0067",-0.896539661710527
"chr6-0068",-1.06375329187341
"chr6-0069",-0.948433698080338
"chr6-0070",-1.10337356687653
"chr6-0071",-0.999158212334526
"chr6-0072",-1.19597503663921
"chr6-0073",-1.2585673340384
"chr6-0074",-1.43019159228229
"chr6-0075",-0.966701671639647
"chr6-0076",-0.959869589519448
"chr6-0077",-1.09822890403836
"chr6-0078",-1.34907268750156
"chr6-0079",-1.1682959922601
"chr6-0080",-0.812933064602718
"chr6-0081",-1.16176477103299
"chr6-0082",-1.15851718256744
"chr6-0083",-0.828766021346032
"chr6-0084",-0.815440429652994
"chr6-0085",-0.847177269850956
"chr6-0086",-0.865905574055081
"chr6-0087",-0.817483824461454
"chr6-0088",-1.23240549832844
"chr6-0089",-1.01847523015987
"chr6-0090",-0.912704618148056
"chr6-0091",-1.09422077137754
"chr6-0092",-0.958251295363802
"chr6-0093",-0.946655904067401
"chr6-0094",-1.06578332739473
"chr6-0095",-1.07567373216979
"chr6-0096",-1.22148655696877
"chr6-0097",-0.634883734437688
"chr6-0098",-0.867911268238601
"chr6-0099",-0.924159588739884
"chr6-0100",-0.819911068006481
"chr6-0101",-0.909872769289679
"chr6-0102",-0.971287742933902
"chr6-0103",-0.895777402096615
"chr6-0104",-0.7499766589194
"chr6-0105",-1.02854606842901
"chr6-0106",-0.861804208213584
"chr6-0107",-1.05773533805169
"chr6-0108",-0.830855606415643
"chr6-0109",-0.805136815617647
"chr6-0110",-0.834220126023706
"chr6-0111",-1.09080840635882
"chr6-0112",-1.08419364464961
"chr6-0113",-0.879469412998351
"chr6-0114",-0.935961151099473
"chr6-0115",-0.824376589016658
"chr6-0116",-0.946204743942743
"chr6-0117",-1.06268220300487
"chr6-0118",-1.06733508631183
"chr6-0119",-1.35669897079725
"chr6-0120",-1.27198839128988
"chr6-0121",-0.955162907803603
"chr6-0122",-1.1964178715632
"chr6-0123",-1.25311412961279
"chr6-0124",-1.03957417012471
"chr6-0125",-0.942790647064229
"chr6-0126",-0.925897667558255
"chr6-0127",-1.23874845274984
"chr6-0128",-0.858224857585999
"chr6-0129",-0.976507550711922
"chr6-0130",-0.814388939329862
"chr6-0131",-0.874907510327495
"chr6-0132",-0.723388900211362
"chr6-0133",-0.751974785406421
"chr6-0134",-1.0058206391736
"chr6-0135",-0.388370074787889
"chr6-0136",-0.506300681551662
"chr6-0137",-0.264625903548606
"chr6-0138",-0.155321419025703
"chr6-0139",-0.318340266753804
"chr6-0140",-0.129725208583286
"chr6-0141",-0.292792604003148
"chr6-0142",-0.185867592935003
"chr6-0143",-0.339834405747072
"chr6-0144",-0.604175170610331
"chr6-0145",-0.360845038402502
"chr6-0146",-0.227984976935227
"chr6-0147",0.0246109553273142
"chr6-0148",-0.243459151396253
"chr6-0149",-0.209573349478528
"chr6-0150",-0.185740008330209
"chr6-0151",-0.288900335157007
"chr6-0152",-0.172587150736973
"chr6-0153",-0.54645548619534
"chr6-0154",-0.210593204661024
"chr6-0155",-0.369140522408873
"chr6-0156",-0.279088560315609
"chr6-0157",-0.560809780217992
"chr6-0158",-0.267006011159887
"chr6-0159",-0.368335824450095
"chr6-0160",-0.309806119714161
"chr6-0161",-0.169714979732422
"chr6-0162",-0.173478099731741
"chr6-0163",-0.199800447384671
"chr6-0164",-0.27431906509156
"chr6-0165",-0.159853665057018
"chr6-0166",-0.27241446528401
"chr6-0167",-0.381581147437781
"chr6-0168",-0.196167730458258
"chr6-0169",-0.0846608264811443
"chr6-0170",-0.229867421741043
"chr6-0171",-0.160221191316605
"chr6-0172",-0.170819918109843
"chr6-0173",-0.410340660665184
"chr6-0174",-0.480067436788013
"chr6-0175",-0.213786511039957
"chr6-0176",-0.166112030153719
"chr6-0177",-0.101695045018942
"chr6-0178",-0.121387774316291
"chr6-0179",-0.220565126931632
"chr6-0180",-0.161233307520268
"chr6-0181",-0.157679484905643
"chr6-0182",-0.224684483889656
"chr6-0183",-0.154684243957876
"chr6-0184",-0.372252039050581
"chr6-0185",-0.218171943532101
"chr6-0186",-0.327277515057349
"chr6-0187",-0.424856737881574
"chr6-0188",-0.295071321972139
"chr6-0189",-0.425311188446472
"chr6-0190",-0.269119736197303
"chr6-0191",-0.457947409714857
"chr6-0192",-0.0224652124179423
"chr6-0193",-0.130663190194411
"chr6-0194",-0.202539411294496
"chr6-0195",-0.226355422170852
"chr6-0196",-0.21735879426929
"chr6-0197",-0.334370319216595
"chr6-0198",-0.1615368018403
"chr6-0199",-0.303516284344434
"chr6-0200",-0.332347297944337
"chr6-0201",-0.423404042839014
"chr6-0202",-0.540231340256572
"chr6-0203",-0.487848919553688
"chr6-0204",-0.301208458990011
"chr6-0205",-0.388606365858714
"chr6-0206",-0.202776207869153
"chr6-0207",-0.378598509214029
"chr6-0208",-0.510983736829434
"chr6-0209",-0.425144896485
"chr6-0210",-0.446002820517501
"chr6-0211",-0.288992163879476
"chr6-0212",-0.325080364489701
"chr6-0213",-0.450212668470349
"chr6-0214",-0.404546393988253
"chr6-0215",-0.418157080273409
"chr6-0216",-0.645509622911355
"chr6-0217",-0.539359110269286
"chr6-0218",-0.447376496299115
"chr6-0219",-0.478084415273337
"chr6-0220",-0.535986096029687
"chr6-0221",-0.532688957249487
"chr6-0222",-0.449199287681805
"chr6-0223",-0.475633625791044
"chr6-0224",-0.339434290184234
"chr6-0225",-0.349767480369882
"chr6-0226",-0.466023898509619
"chr6-0227",-0.45897895605651
"chr6-0228",-0.478844872450748
"chr6-0229",-0.3463812351801
"chr6-0230",-0.459131619776153
"chr6-0231",-0.401256182663728
"chr6-0232",-0.490950948994803
"chr6-0233",-0.455657188974783
"chr6-0234",-0.265532073090157
"chr6-0235",-0.486020889749005
"chr6-0236",-0.484284915972506
"chr6-0237",-0.395536210004428
"chr6-0238",-0.44421386576259
"chr6-0239",-0.284755793807841
"chr6-0240",-0.339647915639598
"chr6-0241",-0.27178811401288
"chr6-0242",-0.351288899730255
"chr6-0243",-0.633038183078479
"chr6-0244",-0.394096862807872
"chr6-0245",-0.464918000478455
"chr6-0246",-0.425279327492444
"chr6-0247",-0.51951291994456
"chr6-0248",-0.174764602423554
"chr6-0249",-0.353695361162824
"chr6-0250",-0.408138250138105
"chr6-0251",-0.560892987133362
"chr6-0252",-0.436111199000592
"chr6-0253",-0.613236651034424
"chr6-0254",-0.402599253168816
"chr6-0255",-0.539359656590552
"chr6-0256",-0.507594142406852
"chr6-0257",-0.511283462517431
"chr6-0258",-0.575824966574244
"chr6-0259",-0.399402873228629
"chr6-0260",-0.447357474426537
"chr6-0261",-0.42580721814877
"chr6-0262",-0.469583630261741
"chr6-0263",-0.518775126185867
"chr6-0264",-0.640431871723
"chr6-0265",-0.547986311210312
"chr6-0266",-0.444572825206665
"chr6-0267",-0.683245150576132
"chr6-0268",-0.615513437939337
"chr6-0269",-0.436001313047101
"chr6-0270",-0.463536730786151
"chr6-0271",-0.503339297082788
"chr6-0272",-0.581793664225666
"chr6-0273",-0.636483538862114
"chr6-0274",-0.536386845651686
"chr6-0275",-0.5507003362506
"chr6-0276",-0.515935672613603
"chr6-0277",-0.549326277695526
"chr6-0278",-0.581381723619412
"chr6-0279",-0.409174010289524
"chr6-0280",-0.314034708720243
"chr6-0281",-0.376658038523844
"chr6-0282",-0.385330496384067
"chr6-0283",-1.8129990896362
"chr6-0284",-2.01513482325911
"chr6-0285",-0.478908553727105
"chr6-0286",-0.398567894017077
"chr6-0287",-0.553796225991503
"chr6-0288",-0.557590252009766
"chr6-0289",-0.506056328343921
"chr6-0290",-0.565188766827776
"chr6-0291",-0.539245554921072
"chr6-0292",-0.547956482218176
"chr6-0293",-0.50484740629134
"chr6-0294",-0.508723822271823
"chr6-0295",-0.588622984826716
"chr6-0296",-0.55347117872594
"chr6-0297",-0.694405197334945
"chr6-0298",-0.51274322128981
"chr6-0299",-0.417258633203594
"chr6-0300",-0.42537799876817
"chr6-0301",-0.411043452553932
"chr6-0302",-0.513330217583866
"chr6-0303",-0.581944054234964
"chr6-0304",-0.657645987420818
"chr6-0305",-0.644246123192458
"chr6-0306",-0.0901694091636555
"chr6-0307",-0.514783602943822
"chr6-0308",-0.647804992151386
"chr6-0309",-0.519571842276132
"chr6-0310",-0.379205605800043
"chr6-0311",-0.474639727124859
"chr6-0312",-0.432787209763745
"chr6-0313",-0.4834212486607
"chr6-0314",-0.38644291476585
"chr6-0315",-0.491217545069623
"chr6-0316",-0.570656289320261
"chr6-0317",-0.437799668643746
"chr6-0318",-0.602335361359267
"chr6-0319",-0.525527915346341
"chr6-0320",-0.444356433318021
"chr6-0321",-0.654464870998651
"chr6-0322",-0.488062454608237
"chr6-0323",-0.461185798346734
"chr6-0324",-0.70050650647087
"chr6-0325",-0.448523137798158
"chr6-0326",-0.421142931829954
"chr6-0327",-0.397111172888839
"chr6-0328",-0.384683928809204
"chr6-0329",-0.431597373590159
"chr6-0330",-0.370333910281041
"chr6-0331",-0.302035169169545
"chr6-0332",-0.482259694137575
"chr6-0333",-0.371730266679102
"chr6-0334",-0.377404580601255
"chr6-0335",-0.405400519242604
"chr6-0336",-0.418238160762676
"chr6-0337",-0.430325651522627
"chr6-0338",-0.446328916405653
"chr6-0339",-0.358602418489412
"chr6-0340",-0.537738237008135
"chr6-0341",-0.31409056830562
"chr6-0342",-0.433531565478948
"chr6-0343",-0.378491707528312
"chr6-0344",-0.509732170998457
"chr6-0345",-0.41250247026317
"chr6-0346",-0.379908205799014
"chr6-0347",-0.236581204999283
"chr6-0348",-0.413564414574874
"chr6-0349",-0.176681696919415
"chr6-0350",-0.184283581622128
"chr6-0351",-0.180171740612735
"chr6-0352",-0.326870618977364
"chr6-0353",-0.279625379071878
"chr6-0354",-0.265210311645634
"chr6-0355",-0.628202687867851
"chr6-0356",-0.305181999112737
"chr6-0357",-0.623407995831957
"chr6-0358",-0.599552815078845
"chr6-0359",-0.521715736843916
"chr6-0360",-0.100385314137107
"chr6-0361",-0.253455337185497
"chr6-0362",-0.487534657365166
"chr6-0363",-0.425070159624747
"chr6-0364",-0.394006551835234
"chr6-0365",-0.385866065492297
"chr6-0366",-0.45517820387413
"chr6-0367",-0.374414082481929
"chr6-0368",-0.479119599492462
"chr6-0369",-0.395213005785678
"chr6-0370",-0.380215909043458
"chr6-0371",-0.295007653665048
"chr6-0372",-0.420031631399463
"chr6-0373",-0.334502709465872
"chr6-0374",-0.397278416885558
"chr6-0375",-0.461232795195933
"chr6-0376",-0.495468312292987
"chr6-0377",-0.42641827387793
"chr6-0378",-0.711014216628778
"chr6-0379",-0.646057007107803
"chr6-0380",-0.448142545129382
"chr6-0381",-0.352696479828287
"chr6-0382",-0.516609147730337
"chr6-0383",-0.569393629279898
"chr6-0384",-0.500638723071909
"chr6-0385",-0.465863896573462
"chr6-0386",-0.558221348067631
"chr6-0387",-0.262269427060297
"chr6-0388",-0.134062622707347
"chr6-0389",-0.260715734265464
"chr6-0390",-0.465524630559409
"chr6-0391",-0.38016008056967
"chr6-0392",-0.289994003204774
"chr6-0393",-0.709271157793653
"chr6-0394",-0.650621914681021
"chr6-0395",-0.4265121539574
"chr6-0396",-0.55139647078962
"chr6-0397",-0.453588888310987
"chr6-0398",-0.416949477187539
"chr6-0399",-0.612836460916103
"chr6-0400",-0.570450736979853
"chr6-0401",-0.443330609199954
"chr6-0402",-0.445807068251499
"chr6-0403",-0.618875902091287
"chr6-0404",-0.449051481854308
"chr6-0405",-0.520283565828143
"chr6-0406",-0.38854427140238
"chr6-0407",-0.209845939262456
"chr6-0408",-0.439962957111339
"chr6-0409",-0.490680066723384
"chr6-0410",-0.560019977101341
"chr6-0411",-0.568232650115374
"chr6-0412",-0.608888024059607
"chr6-0413",-0.436051900058837
"chr6-0414",-0.285172382481223
"chr6-0415",-0.29432697330179
"chr6-0416",-0.414111200227947
"chr6-0417",-0.319584853727792
"chr6-0418",-0.320028068234034
"chr6-0419",-0.170967407679287
"chr6-0420",-0.286353233662639
"chr6-0421",-0.327328809608689
"chr6-0422",-0.458185046390615
"chr6-0423",-0.206405167449803
"chr6-0424",-0.479243744662509
"chr6-0425",-0.346130345627002
"chr6-0426",-0.334699117987619
"chr6-0427",-0.30128316807285
"chr6-0428",-0.275872408810484
"chr6-0429",-0.34113146619809
"chr6-0430",-0.124212357105815
"chr6-0431",-0.0309221161717099
"chr6-0432",-0.247235201314405
"chr6-0433",-0.273770693770514
"chr6-0434",-0.171843584067512
"chr6-0435",-0.27268591087204
"chr6-0436",-0.207756160785848
"chr6-0437",-0.268153884173424
"chr6-0438",-0.180350834201446
"chr6-0439",-0.206174169717472
"chr6-0440",-0.423727005400699
"chr6-0441",-0.229896650340639
"chr6-0442",-0.266607734704606
"chr6-0443",-0.293995972075748
"chr6-0444",-0.254112831364761
"chr6-0445",-0.308928536929005
"chr6-0446",-0.132065533715416
"chr6-0447",-0.171485112978991
"chr6-0448",-0.350260165558047
"chr6-0449",-0.191927199783299
"chr6-0450",-0.262766058000866
"chr6-0451",-0.405759713987515
"chr6-0452",-0.227422789369623
"chr6-0453",-0.617804578648427
"chr6-0454",-0.406006463910957
"chr6-0455",-0.181326216892634
"chr6-0456",-0.338854037014227
"chr6-0457",-0.573775627567426
"chr6-0458",-0.389057787529653
"chr6-0459",-0.228301159693489
"chr6-0460",-0.387506077479989
"chr6-0461",-0.378392609955359
"chr6-0462",-0.0373846258574091
"chr6-0463",-0.283700601363277
"chr6-0464",-0.0214379854382099
"chr6-0465",-0.447041137837584
"chr6-0466",-0.014686538854733
"chr6-0467",-0.210187237815283
"chr6-0468",-0.0730016910401522
"chr6-0469",-0.244932043238175
"chr6-0470",-0.309075367870469
"chr6-0471",-0.215785207115078
"chr6-0472",-0.203107699817423
"chr6-0473",-0.133164872756489
"chr6-0474",-0.210338008139455
"chr6-0475",-0.042487448102359
"chr6-0476",-0.0638671340566088
"chr6-0477",-0.105330279472511
"chr6-0478",-0.0536806838958171
"chr6-0479",-0.287579335172775
"chr6-0480",-0.162314178694492
"chr6-0481",-0.260908377072588
"chr6-0482",-0.454242970743447
"chr6-0483",-0.331390963529086
"chr6-0484",-0.547229729329437
"chr6-0485",-0.147153049901326
"chr6-0486",0.282629666790204
"chr6-0487",0.0254403967582495
"chr6-0488",0.0602616814832689
"chr6-0489",-0.0369483196774838
"chr6-0490",0.148963479634875
"chr6-0491",0.014226670913588
"chr6-0492",0.0128345821267368
"chr6-0493",0.357133587924185
"chr6-0494",0.202501019858229
"chr6-0495",0.268274076078408
"chr6-0496",-0.107668290389221
"chr6-0497",0.149451292155816
"chr6-0498",0.190995945556181
"chr6-0499",0.256415645813189
"chr6-0500",0.161093970351397
"chr6-0501",0.152618934136598
"chr6-0502",-0.0780098939664897
"chr6-0503",0.184269618282257
"chr6-0504",0.082319694538316
"chr6-0505",0.108256090094043
"chr6-0506",-0.0641762028243607
"chr6-0507",-0.125543169413607
"chr6-0508",-0.0778053403945887
"chr6-0509",0.11048624109535
"chr6-0510",0.201793754450001
"chr6-0511",-0.0322037184973907
"chr6-0512",0.00291418938163185
"chr6-0513",-0.253490040642299
"chr6-0514",0.236014445311271
"chr6-0515",0.167740152650198
"chr6-0516",0.0752323917681304
"chr6-0517",0.242526750258566
"chr6-0518",0.158172718620677
"chr6-0519",-0.234579885724043
"chr6-0520",-0.254223010616649
"chr6-0521",-0.141801103359743
"chr6-0522",-0.222632987473058
"chr6-0523",-0.0525437070968519
"chr6-0524",0.0323998370028372
"chr6-0525",0.10174443307064
"chr6-0526",0.22680265680822
"chr6-0527",0.211394126583716
"chr6-0528",-0.0477960207051159
"chr6-0529",0.0840677566607434
"chr6-0530",0.175799624667334
"chr6-0531",0.0492051848768181
"chr6-0532",-0.0852463915032942
"chr6-0533",0.307048573566587
"chr6-0534",-0.151097929992782
"chr6-0535",0.291532972667184
"chr6-0536",0.0133349604902298
"chr6-0537",0.0197829497471497
"chr6-0538",-0.0178271939259001
"chr6-0539",0.20214503512432
"chr6-0540",0.0832341124444771
"chr6-0541",0.345930313311873
"chr6-0542",-0.00516961462937714
"chr6-0543",0.114588463232619
"chr6-0544",0.140176782172758
"chr6-0545",0.265563836611916
"chr6-0546",0.116910318103873
"chr6-0547",0.202525050971307
"chr6-0548",0.13709689464023
"chr6-0549",0.0984000506228272
"chr6-0550",-0.0172657306151371
"chr6-0551",-0.115008590693948
"chr6-0552",-0.013700996994387
"chr6-0553",0.154671712162994
"chr6-0554",-0.175946238479119
"chr6-0555",-0.0129189481207314
"chr6-0556",0.0123985958771079
"chr6-0557",0.244507830121524
"chr6-0558",0.0261089638761576
"chr6-0559",-0.362216897022357
"chr6-0560",-0.496151792307566
"chr6-0561",-0.258372823329252
"chr6-0562",-0.270098140716955
"chr6-0563",-0.380160452956742
"chr6-0564",-0.584995212052212
"chr6-0565",-0.13968028957283
"chr6-0566",-0.556031985231325
"chr6-0567",-0.50757892051754
"chr6-0568",-0.488235639521899
"chr6-0569",-0.384854431034287
"chr6-0570",-0.310717174801653
"chr6-0571",-0.244269801503156
"chr6-0572",-0.271891761097455
"chr6-0573",-0.322265559899919
"chr6-0574",-0.234841973678759
"chr6-0575",-0.28046272304772
"chr6-0576",-0.468302232926602
"chr6-0577",-0.490072055409516
"chr6-0578",-0.527211420649893
"chr6-0579",-0.219221901902878
"chr6-0580",-0.326339940342623
"chr6-0581",-0.293065304833277
"chr6-0582",-0.492347547388525
"chr6-0583",-0.296666949002226
"chr6-0584",-0.364602792171494
"chr6-0585",-0.647585248917257
"chr6-0586",-0.40967238944389
"chr6-0587",-0.151098782231851
"chr6-0588",-0.202535892175458
"chr6-0589",-0.209318202223817
"chr6-0590",-0.170997220257024
"chr6-0591",-0.426737219591514
"chr6-0592",-0.307097525116115
"chr6-0593",-0.128462333100807
"chr6-0594",0.0175529656954824
"chr6-0595",-0.0516181116705062
"chr6-0596",-0.405734020689057
"chr6-0597",-0.279135631701643
"chr6-0598",-0.182899820078463
"chr6-0599",-0.278762207463019
"chr6-0600",-0.282645434833886
"chr6-0601",-0.468920049693164
"chr6-0602",-0.370049252663262
"chr6-0603",-0.174209788005773
"chr6-0604",-0.308844861562802
"chr6-0605",-0.183792888994724
"chr6-0606",-0.457348362094973
"chr6-0607",-0.400021570900518
"chr6-0608",-0.346800048691009
"chr6-0609",-0.471197234053986
"chr6-0610",-0.549212253463943
"chr6-0611",-0.646607155903014
"chr6-0612",-0.665486276751328
"chr6-0613",-0.0843110893579248
"chr6-0614",-0.240422064070737
"chr6-0615",-0.356505735464813
"chr6-0616",-0.382053812632488
"chr6-0617",-0.271712636454123
"chr6-0618",-0.165135608416757
"chr6-0619",-0.239292985680275
"chr6-0620",-0.277410493216382
"chr6-0621",-0.269996653151688
"chr6-0622",-0.386363978222877
"chr6-0623",-0.244173361575556
"chr6-0624",-0.25256381687268
"chr6-0625",-0.177823665112048
"chr6-0626",-0.099037432596943
"chr6-0627",-0.1681807177185
"chr6-0628",-0.273275559299819
"chr6-0629",-0.172384159852283
"chr6-0630",-0.241882666103429
"chr6-0631",-0.372649854447144
"chr6-0632",-0.433341617913279
"chr6-0633",-0.211360706164744
"chr6-0634",-0.351337861732798
"chr6-0635",-0.350025116138212
"chr6-0636",-0.39308616261507
"chr6-0637",-0.241039872574642
"chr6-0638",-0.576376994563233
"chr6-0639",-0.354561100391705
"chr6-0640",-0.297784840643798
"chr6-0641",-0.12811343715802
"chr6-0642",-0.394933000026104
"chr6-0643",-0.398610995564338
"chr6-0644",-0.345024094588787
"chr6-0645",-0.449613270678497
"chr6-0646",-0.474277953185654
"chr6-0647",-0.343225104864766
"chr6-0648",-0.287941867967086
"chr6-0649",-0.356153686506537
"chr6-0650",-0.21823600680008
"chr6-0651",-0.297996522348724
"chr6-0652",-0.382065701130631
"chr6-0653",-0.0608489092093233
"chr6-0654",-0.346424857781899
"chr6-0655",-0.318575555081606
"chr6-0656",-0.275047055966155
"chr6-0657",-0.446604542586141
"chr6-0658",-0.456362848109575
"chr6-0659",-0.394208156556621
"chr6-0660",-0.437706328961451
"chr6-0661",-0.368407553974945
"chr6-0662",-0.574884728172169
"chr6-0663",-0.341041414929835
"chr6-0664",-0.451829502054724
"chr6-0665",-0.248257075762327
"chr6-0666",-0.415260058139014
"chr6-0667",-0.674029479706679
"chr6-0668",-0.605972843913438
"chr6-0669",-0.389815735822474
"chr6-0670",-0.339393081031538
"chr6-0671",-0.517322171298177
"chr6-0672",-0.211082693923203
"chr6-0673",-0.25973515902739
"chr6-0674",-0.28293996533172
"chr6-0675",-0.22906330803335
"chr6-0676",-0.277719773364632
"chr6-0677",-0.27359032524845
"chr6-0678",-0.299266343728699
"chr6-0679",-0.163573419221222
"chr6-0680",-0.296731296288401
"chr6-0681",-0.150647257505835
"chr6-0682",-0.146727589778218
"chr6-0683",-0.241515424189385
"chr6-0684",-0.237432956334978
"chr6-0685",-0.225353208148293
"chr6-0686",-0.237968377295753
"chr6-0687",-0.399022260389806
"chr6-0688",-0.242696120130536
"chr6-0689",-0.329408694595368
"chr6-0690",-0.339992834071595
"chr6-0691",-0.195540807882205
"chr6-0692",-0.272860320647272
"chr6-0693",-0.39457459332704
"chr6-0694",-0.278622031138552
"chr6-0695",-0.435450496672861
"chr6-0696",-0.320169551259808
"chr6-0697",0.0416074807929652
"chr6-0698",0.137204780793497
"chr6-0699",-0.128324701374871
"chr6-0700",-0.0458924196638034
"chr6-0701",-0.218116704584719
"chr6-0702",0.168915217142909
"chr6-0703",0.0721128297265904
"chr6-0704",0.0682347654832548
"chr6-0705",0.148923097025887
"chr6-0706",-0.137491058299322
"chr6-0707",0.128708163247987
"chr6-0708",0.0329006120938463
"chr6-0709",0.253607021212763
"chr6-0710",0.163682311028301
"chr6-0711",0.17668816967125
"chr6-0712",0.132327778041025
"chr6-0713",0.327640255352844
"chr6-0714",0.215363708891354
"chr6-0715",0.518151619756085
"chr6-0716",0.202549995413748
"chr6-0717",0.0728838687579326
"chr6-0718",0.151630018988848
"chr6-0719",0.361880466261437
"chr6-0720",0.180106846917789
"chr6-0721",-0.0146874389134771
"chr6-0722",0.168674168139041
"chr6-0723",0.054482925211034
"chr6-0724",-0.0935541784016598
"chr6-0725",0.330937797588919
"chr6-0726",0.13207134473545
"chr6-0727",0.350396430883668
"chr6-0728",0.0964978506780997
"chr6-0729",-0.372394984455307
"chr6-0730",0.227429287661254
"chr6-0731",0.0727107223712176
"chr6-0732",0.132720563737025
"chr6-0733",0.399683127487098
"chr6-0734",-0.0570467943983333
"chr6-0735",0.279154702905723
"chr6-0736",0.305074572983226
"chr6-0737",0.177217910896468
"chr6-0738",0.229437336636059
"chr6-0739",0.269490636772889
"chr6-0740",-0.171910016915233
"chr6-0741",0.121528990485319
"chr6-0742",0.191203290748427
"chr6-0743",0.152960539367919
"chr6-0744",0.175936152551114
"chr6-0745",0.180514408883518
"chr6-0746",0.303754641434841
"chr6-0747",0.026863352933674
"chr6-0748",0.387247679333189
"chr6-0749",0.0804324437366135
"chr6-0750",0.270588224019425
"chr6-0751",0.31766868339143
"chr6-0752",0.199210764164655
"chr6-0753",0.31244407522024
"chr6-0754",0.192319781009236
"chr6-0755",0.139855327220155
"chr6-0756",0.0653717781201908
"chr6-0757",0.312952154860224
"chr6-0758",0.234823660244027
"chr6-0759",0.374826434903766
"chr6-0760",0.484645871120203
"chr6-0761",0.103486759534741
"chr6-0762",0.197890282723534
"chr6-0763",0.257639907830721
"chr6-0764",0.41971904160498
"chr6-0765",0.0737210438815376
"chr6-0766",0.186994446994641
"chr6-0767",0.201737196001038
"chr6-0768",0.288214767374356
"chr6-0769",0.0851138240727869
"chr6-0770",0.130498472970484
"chr6-0771",0.147685623033534
"chr6-0772",0.412167263492867
"chr6-0773",0.203728189716826
"chr6-0774",0.0270268155386096
"chr6-0775",0.0213695720785506
"chr6-0776",0.234870017473285
"chr6-0777",0.407408612991696
"chr6-0778",0.142929234279004
"chr6-0779",0.0475965151401958
"chr6-0780",0.150112235282463
"chr6-0781",0.18973091356247
"chr6-0782",-0.00690919667012795
"chr6-0783",0.103888831030597
"chr6-0784",0.195058346812092
"chr6-0785",0.264591891746755
"chr6-0786",0.275383354024811
"chr6-0787",0.211022639066196
"chr6-0788",0.174546703018606
"chr6-0789",0.0568701076463819
"chr6-0790",0.136474533223131
"chr6-0791",0.248652912996046
"chr6-0792",0.0751840206792442
"chr6-0793",0.290320069620709
"chr6-0794",0.203127321444178
"chr6-0795",0.140782205496029
"chr6-0796",0.227479839747575
"chr6-0797",0.331726529243665
"chr6-0798",0.146402403146423
"chr6-0799",-0.0123920747045156
"chr6-0800",0.154258366488303
"chr6-0801",0.139421344974725
"chr6-0802",0.155714703878081
"chr6-0803",0.17310827825599
"chr6-0804",0.149184887182456
"chr6-0805",0.0590519767927958
"chr6-0806",-0.242402069260841
"chr6-0807",-0.170798675705955
"chr6-0808",0.25188231000376
"chr6-0809",-0.182152027660857
"chr6-0810",0.293892065388613
"chr6-0811",0.185651530436694
"chr6-0812",0.0346552043223357
"chr6-0813",0.198394836893153
"chr6-0814",0.210572068192493
"chr6-0815",-0.0872256538025089
"chr6-0816",0.231586400003249
"chr6-0817",-0.0844698357989156
"chr6-0818",0.0537643551430477
"chr6-0819",0.0722300323469512
"chr6-0820",0.0111297398869475
"chr6-0821",0.328483496737652
"chr6-0822",0.234141668820133
"chr6-0823",0.144176788305531
"chr6-0824",0.208129586225403
"chr6-0825",-0.153372245780173
"chr6-0826",0.03869677104559
"chr6-0827",0.17082443349884
"chr6-0828",0.227835774819854
"chr6-0829",0.0769980428256438
"chr6-0830",0.267987275636038
"chr6-0831",0.236311565678245
"chr6-0832",0.273972683528762
"chr6-0833",0.137785535081045
"chr6-0834",0.310684418059978
"chr6-0835",0.172648800347662
"chr6-0836",0.139099281768379
"chr6-0837",0.132271517721735
"chr6-0838",0.0941213303121821
"chr6-0839",0.241717209254426
"chr6-0840",0.150314056987123
"chr6-0841",0.241508018095282
"chr6-0842",-7.21224356199854e-05
"chr6-0843",0.220211170719582
"chr6-0844",0.19623794831508
"chr6-0845",0.0150558991326215
"chr6-0846",-0.0603026242341181
"chr6-0847",0.157350030238104
"chr6-0848",0.059601319919414
"chr6-0849",-0.00728845592914591
"chr6-0850",0.278495951953675
"chr6-0851",-0.185439327662154
"chr6-0852",0.0712029870174791
"chr6-0853",-0.164417725699572
"chr6-0854",-0.00893863546587283
"chr6-0855",0.309770309111857
"chr6-0856",0.312547874383108
"chr6-0857",0.245122652709252
"chr6-0858",0.286085441790486
"chr6-0859",0.263490804513575
"chr6-0860",0.305534321797361
"chr6-0861",-0.0226694492898098
"chr6-0862",-0.135764525575808
"chr6-0863",0.0158995635802845
"chr6-0864",-0.155653736222349
"chr6-0865",0.0599250253826724
"chr6-0866",0.26893775387463
"chr6-0867",0.297029960703744
"chr6-0868",0.206093299760688
"chr6-0869",0.137554160905212
"chr6-0870",0.0795924663595457
"chr6-0871",0.205919970890172
"chr6-0872",0.283816536219778
"chr6-0873",-0.163633958284685
"chr6-0874",0.354621742713839
"chr6-0875",0.146863472930934
"chr6-0876",0.0127823099484796
"chr6-0877",0.236014494728275
"chr6-0878",0.164243174397177
"chr6-0879",0.156353337133986
"chr6-0880",0.177116918660136
"chr6-0881",0.167970648325802
"chr6-0882",-0.0900094627119642
"chr6-0883",-0.00532136503272813
"chr6-0884",0.181763508261464
"chr6-0885",0.0590961279299254
"chr6-0886",-0.0646621810921458
"chr6-0887",0.186636216260756
"chr6-0888",-0.0311755182816397
"chr6-0889",-0.134044166241333
"chr6-0890",-0.107551165480884
"chr6-0891",-0.154267607972474
"chr6-0892",0.14303619634049
"chr6-0893",0.231160367267042
"chr6-0894",0.0335240247306698
"chr6-0895",0.179776179095229
"chr6-0896",0.172398408929739
"chr6-0897",0.00390202889081697
"chr6-0898",0.141514826678013
"chr6-0899",0.16016275344952
"chr6-0900",0.211845021754776
"chr6-0901",-0.0109094368617979
"chr6-0902",0.0431612012634307
"chr6-0903",0.118623113119067
"chr6-0904",-0.0605532307012314
"chr6-0905",0.313015380069727
"chr6-0906",-0.0692607134472099
"chr6-0907",0.271746010226312
"chr6-0908",0.262607906546593
"chr6-0909",0.233473549542396
"chr6-0910",0.256934388339539
"chr6-0911",0.0344970555851536
"chr6-0912",0.371508186139531
"chr6-0913",-0.154674152333116
"chr6-0914",0.0326416726608189
"chr6-0915",0.0242498762250441
"chr6-0916",0.314723228651301
"chr6-0917",0.100144465501527
"chr6-0918",0.0935110601571665
"chr6-0919",0.262389582155943
"chr6-0920",-0.018528468281508
"chr6-0921",0.257902777742328
"chr6-0922",0.273649006863988
"chr6-0923",0.0770392524607336
"chr6-0924",0.171300744478389
"chr6-0925",-0.0409625190327825
"chr6-0926",0.225979127256795
"chr6-0927",0.139612753862746
"chr6-0928",0.109281718795097
"chr6-0929",0.10955406099272
"chr6-0930",0.19366754430691
"chr6-0931",0.14828969726607
"chr6-0932",0.252067856794859
"chr6-0933",0.390004299976189
"chr6-0934",0.220626430279767
"chr6-0935",0.0861651446510473
"chr6-0936",0.0121106745020435
"chr6-0937",0.0192660744712852
"chr6-0938",0.285991589818151
"chr6-0939",0.327009815605985
"chr6-0940",0.286679714690219
"chr6-0941",0.343709502167378
"chr6-0942",0.139714001006578
"chr6-0943",-0.0912054905752678
"chr6-0944",-0.217626361169121
"chr6-0945",0.0427233223575956
"chr6-0946",0.149927395860287
"chr6-0947",0.0686354600908881
"chr6-0948",0.0258495374743701
"chr6-0949",0.083163194620698
"chr6-0950",0.0693530409509331
"chr6-0951",0.335120310289536
"chr6-0952",0.00163109668469158
"chr6-0953",-0.050205500857234
"chr6-0954",-0.135059900032664
"chr6-0955",0.00706717865710756
"chr6-0956",0.151347659086643
"chr6-0957",0.160852465408597
"chr6-0958",-0.0952391600402639
"chr6-0959",-0.0595241618756106
"chr6-0960",0.0348759657802799
"chr6-0961",0.0132339856119659
"chr6-0962",-0.245335105088993
"chr6-0963",0.0379850441163886
"chr6-0964",0.0956402889271625
"chr6-0965",0.236999238768641
"chr6-0966",0.0834013690569056
"chr6-0967",-0.0674962630179134
"chr6-0968",0.150051168580442
"chr6-0969",0.0498318684439343
"chr6-0970",0.103102071289093
"chr6-0971",-0.257379056303642
"chr6-0972",-0.168912263320694
"chr6-0973",0.0176763345891014
"chr6-0974",0.00949054998590149
"chr6-0975",0.18433687534409
"chr6-0976",0.0874158144048807
"chr6-0977",-0.0739697717144401
"chr6-0978",0.0116452332275499
"chr6-0979",0.0136357091086618
"chr6-0980",0.173840429315562
"chr6-0981",0.151215633931564
"chr6-0982",0.0709636741576108
"chr6-0983",0.168545784688198
"chr6-0984",0.0754956744153786
"chr6-0985",0.101254764424038
"chr6-0986",0.149711209070327
"chr6-0987",0.236022253810708
"chr6-0988",0.252465970387703
"chr6-0989",0.221390423908658
"chr6-0990",0.270781381784288
"chr6-0991",0.21533935083328
"chr6-0992",0.152400353557584
"chr6-0993",-0.0785278762237485
"chr6-0994",0.00469401734687338
"chr6-0995",-0.00244343172365026
"chr6-0996",0.0530905811806258
"chr6-0997",0.085752850019186
"chr6-0998",0.304993943298731
"chr6-0999",0.0301871085361959
"chr6-1000",-0.122867258377172
"chr6-1001",-0.0247985973590294
"chr6-1002",0.0343698077553039
"chr6-1003",0.0894069605568674
"chr6-1004",0.189640729559204
"chr6-1005",-0.0995693714524252
"chr6-1006",0.139543536371872
"chr6-1007",0.259236709455363
"chr6-1008",0.0792926496452072
"chr6-1009",0.0204867786143888
"chr6-1010",0.0623238847158796
"chr6-1011",0.193402989508301
"chr6-1012",-0.0288658805250694
"chr6-1013",0.236151387434573
"chr6-1014",-0.122509408854901
"chr6-1015",0.130244326733069
"chr6-1016",-0.325923998569456
"chr6-1017",0.0647107512081446
"chr6-1018",-0.226114804267562
"chr6-1019",-0.211476814656692
"chr6-1020",-0.0205400638926755
"chr6-1021",0.0124423287901664
"chr6-1022",0.0310924670129676
"chr6-1023",-0.0234647080571355
"chr6-1024",-0.00978878495735659
"chr6-1025",-0.0490634826134895
"chr6-1026",0.140327549886283
"chr6-1027",-0.299681312801149
"chr6-1028",-0.0573169679308564
"chr6-1029",0.0909938383073039
"chr6-1030",-0.0180662835066479
"chr6-1031",-0.0741949498476049
"chr6-1032",-0.0401373719043797
"chr6-1033",0.135095035825426
"chr6-1034",-0.0415035316493089
"chr6-1035",-0.0370457034819153
"chr6-1036",0.0329759129723265
"chr6-1037",-0.074932689236415
"chr6-1038",-0.194990868615302
"chr6-1039",-0.177944213857401
"chr6-1040",-0.0735570211211666
"chr6-1041",-0.0641058486066999
"chr6-1042",-0.122572661868671
"chr6-1043",-0.160587395945711
"chr6-1044",-0.0812201279716016
"chr6-1045",0.0867330829341516
"chr6-1046",0.0411916231024052
"chr6-1047",0.0426946217896624
"chr6-1048",-0.0406516433102286
"chr6-1049",0.223135356136877
"chr6-1050",0.134641506527452
"chr6-1051",0.0321766531562132
"chr6-1052",-0.00539653571354747
"chr6-1053",0.00895522612518132
"chr6-1054",0.0431719600132057
"chr6-1055",-0.0424508861287258
"chr6-1056",0.0459396955260655
"chr6-1057",-0.0338238999472643
"chr6-1058",0.00678535006702079
"chr6-1059",-0.0416735118725133
"chr6-1060",-0.0999521381476294
"chr6-1061",-0.130410186563079
"chr6-1062",-0.18794417882553
"chr6-1063",-0.0834389687295041
"chr6-1064",-0.16901472609003
"chr6-1065",0.0149415751493342
"chr6-1066",0.0559219836043021
"chr6-1067",-0.128906943318799
"chr7-0001",0.298966585561399
"chr7-0002",-0.125921313634601
"chr7-0003",-0.315992634395662
"chr7-0004",-0.197954218623204
"chr7-0005",-0.451813830086715
"chr7-0006",-0.295387509686475
"chr7-0007",-0.203613763857612
"chr7-0008",-0.231836015064833
"chr7-0009",-0.201394585529657
"chr7-0010",-0.159822135126648
"chr7-0011",-0.290830558130356
"chr7-0012",-0.359625441618331
"chr7-0013",-0.281465095796048
"chr7-0014",-0.319360870730805
"chr7-0015",-0.451979823165532
"chr7-0016",-0.465961176317319
"chr7-0017",-0.450049125376434
"chr7-0018",-0.371284690208503
"chr7-0019",-0.330491516615013
"chr7-0020",-0.310581439516633
"chr7-0021",-0.484222073724676
"chr7-0022",-0.347199961580296
"chr7-0023",-0.226684175373289
"chr7-0024",-0.194036673225536
"chr7-0025",-0.256002616547858
"chr7-0026",-0.163721021735765
"chr7-0027",-0.230005859896995
"chr7-0028",-0.251244084891037
"chr7-0029",-0.222292574120406
"chr7-0030",-0.261377146603961
"chr7-0031",-0.356731743994952
"chr7-0032",-0.412460190733555
"chr7-0033",-0.153198383849445
"chr7-0034",-0.430571176098455
"chr7-0035",-0.168811755345504
"chr7-0036",-0.151575209929652
"chr7-0037",-0.193660665192705
"chr7-0038",-0.146495724174667
"chr7-0039",-0.0701057109756485
"chr7-0040",-0.00458184608489239
"chr7-0041",-0.141617298300467
"chr7-0042",-0.00953264487349907
"chr7-0043",0.117749075352736
"chr7-0044",-0.0440715068404304
"chr7-0045",-0.0525112824007873
"chr7-0046",-0.113714595897221
"chr7-0047",-0.31069308654849
"chr7-0048",-0.210490299207032
"chr7-0049",-0.146776343905687
"chr7-0050",-0.0972682481470849
"chr7-0051",-0.147328505627761
"chr7-0052",-0.238150555304508
"chr7-0053",-0.291795888060724
"chr7-0054",-0.350045164415155
"chr7-0055",-0.113827438377466
"chr7-0056",-0.336328329783391
"chr7-0057",-0.323935618654389
"chr7-0058",-0.191199198393144
"chr7-0059",-0.176984975354162
"chr7-0060",-0.213455532342838
"chr7-0061",-0.386700630953682
"chr7-0062",-0.380989668954153
"chr7-0063",-0.350434798367206
"chr7-0064",0.035984334040871
"chr7-0065",-0.246849079600655
"chr7-0066",0.050707128164916
"chr7-0067",-0.155533867593551
"chr7-0068",-0.278369550931173
"chr7-0069",-0.124612081599295
"chr7-0070",-0.0254955619093879
"chr7-0071",-0.203437002381014
"chr7-0072",-0.00128878970130444
"chr7-0073",-0.249136024009942
"chr7-0074",-0.298455587858339
"chr7-0075",-0.390123793668553
"chr7-0076",-0.170495030287325
"chr7-0077",0.17144242665098
"chr7-0078",-0.0872000397014693
"chr7-0079",-0.0876606544380194
"chr7-0080",-0.223138260990408
"chr7-0081",0.149285418421983
"chr7-0082",0.190334342942313
"chr7-0083",0.0261038213929147
"chr7-0084",-0.162614387596122
"chr7-0085",0.179072014549739
"chr7-0086",0.219054556927276
"chr7-0087",0.158425074385107
"chr7-0088",0.1232369928969
"chr7-0089",0.0422786340660318
"chr7-0090",0.133683871609668
"chr7-0091",-0.0836974425898026
"chr7-0092",0.114228645335099
"chr7-0093",-0.161381319875365
"chr7-0094",0.00144512123864715
"chr7-0095",0.363875083043296
"chr7-0096",0.142341945174278
"chr7-0097",-0.0554795294483803
"chr7-0098",0.00337162122036343
"chr7-0099",-0.121676092768504
"chr7-0100",-0.0111463735563929
"chr7-0101",0.117276448521718
"chr7-0102",-0.0423684900295851
"chr7-0103",0.227406524674301
"chr7-0104",0.150437071345418
"chr7-0105",0.285976915915748
"chr7-0106",0.115026515835663
"chr7-0107",0.230051251811119
"chr7-0108",0.137000023694558
"chr7-0109",-0.0178242981426433
"chr7-0110",0.0144082777279568
"chr7-0111",-0.329061420610002
"chr7-0112",0.252633993008887
"chr7-0113",-0.112907772396566
"chr7-0114",0.109673265149083
"chr7-0115",0.235383514870606
"chr7-0116",0.193436731394156
"chr7-0117",0.229122883472098
"chr7-0118",0.255539055833176
"chr7-0119",0.148382585193292
"chr7-0120",0.0862482330168666
"chr7-0121",-0.0877517951378391
"chr7-0122",0.0640491436063595
"chr7-0123",0.171352113310872
"chr7-0124",0.277611628548118
"chr7-0125",0.151131366637502
"chr7-0126",0.153862693755034
"chr7-0127",-0.0377113269179921
"chr7-0128",0.271382411888152
"chr7-0129",0.254769850946329
"chr7-0130",0.00355250919471972
"chr7-0131",0.169509127811531
"chr7-0132",0.349635287622614
"chr7-0133",0.268046194684039
"chr7-0134",0.204779575442959
"chr7-0135",0.0842358479172059
"chr7-0136",0.364531076507531
"chr7-0137",0.300387016997548
"chr7-0138",0.062661810576142
"chr7-0139",0.091993026512709
"chr7-0140",0.0583149021286682
"chr7-0141",-0.240196438958826
"chr7-0142",-0.243812984250142
"chr7-0143",0.181216382696146
"chr7-0144",0.00759065338234186
"chr7-0145",-0.142901371529243
"chr7-0146",0.267149363180108
"chr7-0147",0.0266104314927972
"chr7-0148",0.0729671335840745
"chr7-0149",0.245513846539826
"chr7-0150",0.0153637081204868
"chr7-0151",-0.00293120835825583
"chr7-0152",-0.0735389031869395
"chr7-0153",0.210691619467395
"chr7-0154",-0.0470418483891408
"chr7-0155",-0.186477251236338
"chr7-0156",-0.0790154296367992
"chr7-0157",0.0463549556324696
"chr7-0158",-0.0795930613910859
"chr7-0159",-0.0103286164599413
"chr7-0160",-0.212054909355993
"chr7-0161",-0.039345250297451
"chr7-0162",0.0706504030296835
"chr7-0163",0.0928868292923844
"chr7-0164",-0.153634163416157
"chr7-0165",0.148100741544433
"chr7-0166",0.0898309818702103
"chr7-0167",-0.00836357834841049
"chr7-0168",-0.0443313264477414
"chr7-0169",0.128967995151745
"chr7-0170",0.240865350284611
"chr7-0171",-0.098867149018569
"chr7-0172",-0.222162221347247
"chr7-0173",0.208775329665081
"chr7-0174",0.187912999155742
"chr7-0175",0.0994506189751964
"chr7-0176",0.0857692232368586
"chr7-0177",-0.208557377069229
"chr7-0178",-0.137953669067917
"chr7-0179",-0.0726752819634556
"chr7-0180",0.102773504909797
"chr7-0181",0.0290480137295277
"chr7-0182",0.0806531420209136
"chr7-0183",0.15255417792892
"chr7-0184",-0.0683709532674579
"chr7-0185",-0.225345596321007
"chr7-0186",-0.0621011489190462
"chr7-0187",0.0641604526749522
"chr7-0188",0.046011007003369
"chr7-0189",-0.060485517345665
"chr7-0190",0.18085394499568
"chr7-0191",0.218894254898093
"chr7-0192",0.0551093752777793
"chr7-0193",0.209798712083527
"chr7-0194",0.0259030591782456
"chr7-0195",0.196745763501889
"chr7-0196",0.16862313131638
"chr7-0197",0.129590511916677
"chr7-0198",0.04224160601571
"chr7-0199",-0.010029543950361
"chr7-0200",0.104851979016856
"chr7-0201",0.0231584040846826
"chr7-0202",0.101224202731513
"chr7-0203",0.173771744683304
"chr7-0204",-0.0460949943556898
"chr7-0205",-0.189634083559769
"chr7-0206",0.00796029619541026
"chr7-0207",0.0183107658600616
"chr7-0208",-0.0119562733902793
"chr7-0209",0.0112563768782172
"chr7-0210",-0.0142327730252355
"chr7-0211",-0.0358712354905546
"chr7-0212",0.0742500383059499
"chr7-0213",0.0526787325577627
"chr7-0214",0.248221400016616
"chr7-0215",-0.0532598464621124
"chr7-0216",-0.0391620587576015
"chr7-0217",0.04756048760887
"chr7-0218",-0.226339852041237
"chr7-0219",-0.027817853954486
"chr7-0220",-0.137499696424932
"chr7-0221",-0.098519517648998
"chr7-0222",-0.0244189728783385
"chr7-0223",-0.293567442078904
"chr7-0224",-0.0647330535628311
"chr7-0225",0.0975122066400709
"chr7-0226",0.0235545339901103
"chr7-0227",0.15018111022319
"chr7-0228",0.246070671504028
"chr7-0229",0.0777568099398417
"chr7-0230",-0.0106559939976636
"chr7-0231",0.00308303492692823
"chr7-0232",-0.287947217098582
"chr7-0233",0.0356193953707843
"chr7-0234",-0.00326293240474028
"chr7-0235",0.109056724540195
"chr7-0236",-0.140139152775885
"chr7-0237",0.100446522218272
"chr7-0238",0.167146186935114
"chr7-0239",0.0541195943359802
"chr7-0240",0.121484754032828
"chr7-0241",0.113295906652299
"chr7-0242",0.0351133138580563
"chr7-0243",0.232881234122476
"chr7-0244",0.137193712504139
"chr7-0245",0.1803892304968
"chr7-0246",0.0246093468190684
"chr7-0247",0.073224067979702
"chr7-0248",0.0211857363397497
"chr7-0249",-0.141885333158628
"chr7-0250",0.0702439746430179
"chr7-0251",-0.224592559431024
"chr7-0252",-0.00108614233725198
"chr7-0253",0.0987974764904439
"chr7-0254",-0.009035524298657
"chr7-0255",-0.0598303363874361
"chr7-0256",-0.118098585778072
"chr7-0257",0.0468346392676083
"chr7-0258",-0.0980701372576725
"chr7-0259",0.0555440610328479
"chr7-0260",-0.0428624948200037
"chr7-0261",0.144472450725371
"chr7-0262",0.0615900445429702
"chr7-0263",0.126097544513988
"chr7-0264",0.128674370720751
"chr7-0265",0.17342638454375
"chr7-0266",0.0697627586070626
"chr7-0267",0.130279516734534
"chr7-0268",0.173857120650829
"chr7-0269",-0.123041190239377
"chr7-0270",0.0254598808399196
"chr7-0271",0.0501720651730918
"chr7-0272",0.136821395986305
"chr7-0273",0.111082593718263
"chr7-0274",-0.056920673672863
"chr7-0275",0.0936706764844795
"chr7-0276",0.204955403885531
"chr7-0277",0.170276909028687
"chr7-0278",0.082361572768993
"chr7-0279",0.0389707407498728
"chr7-0280",0.00821637992159182
"chr7-0281",-0.136389603961267
"chr7-0282",-0.0611261341423196
"chr7-0283",-0.0496949426487626
"chr7-0284",-0.237725809178639
"chr7-0285",-0.161352087383419
"chr7-0286",0.276540828940892
"chr7-0287",0.0772527521982184
"chr7-0288",0.105845944188014
"chr7-0289",0.0106287235869553
"chr7-0290",0.0898970972602482
"chr7-0291",0.0760767741079191
"chr7-0292",0.113439097715528
"chr7-0293",0.191146255198424
"chr7-0294",-0.0195596692423146
"chr7-0295",0.093221956308317
"chr7-0296",-0.0579560000703319
"chr7-0297",0.0105579957002128
"chr7-0298",-0.0522972221958934
"chr7-0299",0.0519291478626273
"chr7-0300",-0.0287179057391265
"chr7-0301",0.112015295250971
"chr7-0302",0.01474124086994
"chr7-0303",-0.111832821123363
"chr7-0304",-0.0847667645933696
"chr7-0305",-0.317538184942711
"chr7-0306",-0.0453082673641632
"chr7-0307",-0.257646108683659
"chr7-0308",-0.242125900526125
"chr7-0309",-0.347147917018084
"chr7-0310",-0.246278726516617
"chr7-0311",-0.394842040425828
"chr7-0312",0.0721150469840559
"chr7-0313",-0.234902522665409
"chr7-0314",-0.316590126518235
"chr7-0315",0.22427760983669
"chr7-0316",-0.329157485892992
"chr7-0317",-0.27235992273393
"chr7-0318",-0.00761771696504394
"chr7-0319",-0.332637775212789
"chr7-0320",-0.0524372418470167
"chr7-0321",-0.310260779694047
"chr7-0322",-0.122895324261641
"chr7-0323",-0.200346943541139
"chr7-0324",-0.0996136449873505
"chr7-0325",-0.182441404034046
"chr7-0326",-0.423421761311804
"chr7-0327",-0.127639920027748
"chr7-0328",0.13814585584084
"chr7-0329",0.0738869117448254
"chr7-0330",0.104410040996918
"chr7-0331",0.241077276808839
"chr7-0332",0.0175502533170074
"chr7-0333",0.0379356626319541
"chr7-0334",-0.138403290020571
"chr7-0335",-0.0303350141969886
"chr7-0336",0.0645939748682075
"chr7-0337",0.0779592641371197
"chr7-0338",-0.0710124522922761
"chr7-0339",-0.0232465074145452
"chr7-0340",-0.214132856597293
"chr7-0341",0.0795488830141567
"chr7-0342",0.0367641901813188
"chr7-0343",0.151340516397736
"chr7-0344",-0.103763404484463
"chr7-0345",0.0342522975751919
"chr7-0346",0.0818645387897728
"chr7-0347",-0.193504097243353
"chr7-0348",-0.160533544753523
"chr7-0349",0.143501129622963
"chr7-0350",0.151593866211362
"chr7-0351",0.0036006994917826
"chr7-0352",-0.0839478517585802
"chr7-0353",0.0312760868461813
"chr7-0354",0.00232305408554436
"chr7-0355",0.137801250219871
"chr7-0356",-0.0597861078457264
"chr7-0357",-0.0568119147110179
"chr7-0358",-0.0675720815764107
"chr7-0359",-0.0797963805458882
"chr7-0360",-0.0796195889667922
"chr7-0361",0.0244150821518323
"chr7-0362",0.0498507099897688
"chr7-0363",-0.0772507812968179
"chr7-0364",0.101916172109843
"chr7-0365",0.125081201380487
"chr7-0366",-0.19175377335582
"chr7-0367",0.0438332486950699
"chr7-0368",-0.0470450811949079
"chr7-0369",0.00406062428106488
"chr7-0370",-0.0288025403912062
"chr7-0371",0.127379674381162
"chr7-0372",0.0166767921092921
"chr7-0373",-0.0288098419080036
"chr7-0374",-0.247907927935817
"chr7-0375",0.00820515491146331
"chr7-0376",0.0222714497949635
"chr7-0377",0.0512063994820314
"chr7-0378",-0.0270335024245308
"chr7-0379",-0.1928455225075
"chr7-0380",-0.320239562919915
"chr7-0381",-0.202334283714988
"chr7-0382",-0.263383852386313
"chr7-0383",-0.405979828323718
"chr7-0384",-0.121082830995927
"chr7-0385",-0.327084096588745
"chr7-0386",-0.222155869549147
"chr7-0387",0.167366952322806
"chr7-0388",-0.346828301860704
"chr7-0389",-0.127757018891862
"chr7-0390",-0.154542340844867
"chr7-0391",-0.06276613327738
"chr7-0392",-0.127712199807231
"chr7-0393",-0.321856912739653
"chr7-0394",-0.0115550823039908
"chr7-0395",-0.13438939229774
"chr7-0396",-0.0489866240338077
"chr7-0397",-0.0564308632824472
"chr7-0398",-0.0363894813475755
"chr7-0399",0.0975696254872924
"chr7-0400",0.108035952637618
"chr7-0401",0.0587498737912694
"chr7-0402",0.0685703918344028
"chr7-0403",0.141613576695554
"chr7-0404",-0.05697702222551
"chr7-0405",-0.0566177165409388
"chr7-0406",-0.184160046300916
"chr7-0407",-0.08089808856625
"chr7-0408",-0.215509632977454
"chr7-0409",-0.0214328737627357
"chr7-0410",-0.124416013532023
"chr7-0411",0.413118945574653
"chr7-0412",-0.0685277084809919
"chr7-0413",-0.00636695506125908
"chr7-0414",0.053174921191854
"chr7-0415",-0.00513059676908886
"chr7-0416",0.0315237076319822
"chr7-0417",0.0911115415378742
"chr7-0418",-0.147690340078443
"chr7-0419",0.0257202138937497
"chr7-0420",-0.0729753442106258
"chr7-0421",-0.109843857342446
"chr7-0422",-0.140585562210167
"chr7-0423",0.153305985819169
"chr7-0424",-0.196628847044299
"chr7-0425",-0.129294294235432
"chr7-0426",0.133097345681792
"chr7-0427",0.305877299406035
"chr7-0428",-0.0106931627549656
"chr7-0429",0.152711013555901
"chr7-0430",0.0761257442755369
"chr7-0431",0.0610010438835955
"chr7-0432",0.272396985165908
"chr7-0433",0.137399273072582
"chr7-0434",0.326295441790149
"chr7-0435",0.2731867809853
"chr7-0436",0.393590401733517
"chr7-0437",0.295528105126462
"chr7-0438",0.0934174994790451
"chr7-0439",0.0900274472669016
"chr7-0440",0.185392229034353
"chr7-0441",-0.0410178343634938
"chr7-0442",-0.0635655430714661
"chr7-0443",0.160204480497051
"chr7-0444",0.0316688590488023
"chr7-0445",0.0365045089235621
"chr7-0446",0.197628823313178
"chr7-0447",-0.11105425540113
"chr7-0448",0.0856958879763015
"chr7-0449",0.110615332326656
"chr7-0450",0.0811484158097717
"chr7-0451",-0.064482115152246
"chr7-0452",-0.165902930555676
"chr7-0453",-0.282210139121171
"chr7-0454",-0.189507580271519
"chr7-0455",-0.250128710726198
"chr7-0456",-0.225855819347084
"chr7-0457",0.0484640269393295
"chr7-0458",-0.00622803360677021
"chr7-0459",-0.199235829925655
"chr7-0460",-0.0993614892012263
"chr7-0461",0.0838272030497235
"chr7-0462",-0.203783261384909
"chr7-0463",-0.0769203155131939
"chr7-0464",-0.213762118174602
"chr7-0465",-0.0989075649789127
"chr7-0466",-0.116768331296702
"chr7-0467",-0.00858404423287576
"chr7-0468",0.185119030204036
"chr7-0469",0.00222006256679509
"chr7-0470",0.0793909486011241
"chr7-0471",-0.0937093805438983
"chr7-0472",-0.0439041758236507
"chr7-0473",0.13409095781047
"chr7-0474",0.0666009481298132
"chr7-0475",-0.0844878234777952
"chr7-0476",-0.013605046127278
"chr7-0477",-0.0175488521669759
"chr7-0478",-0.160983845351806
"chr7-0479",-0.0343616550946853
"chr7-0480",-0.0638604380140177
"chr7-0481",-0.140127938293756
"chr7-0482",-0.152208173018722
"chr7-0483",-0.191464723063231
"chr7-0484",0.0244579780656196
"chr7-0485",0.0301371118858689
"chr7-0486",0.402981827161374
"chr7-0487",-0.0992789271125973
"chr7-0488",0.116079245162255
"chr7-0489",0.389488625448149
"chr7-0490",0.351822813017377
"chr7-0491",0.122005574655373
"chr7-0492",0.180795200232341
"chr7-0493",0.0152092548172765
"chr7-0494",0.133091823985703
"chr7-0495",-0.0932102610520444
"chr7-0496",0.322751218918897
"chr7-0497",0.0265431421894833
"chr7-0498",0.116578683344283
"chr7-0499",0.462703173325516
"chr7-0500",0.298966718695752
"chr7-0501",0.330386479254502
"chr7-0502",0.0302504957707836
"chr7-0503",0.26746905751594
"chr7-0504",0.150289147111497
"chr7-0505",0.362750396867763
"chr7-0506",0.56419793249731
"chr7-0507",0.260574810350312
"chr7-0508",0.232566818337916
"chr7-0509",0.369469926876355
"chr7-0510",0.310724047786809
"chr7-0511",0.37751227650474
"chr7-0512",0.122246500247591
"chr7-0513",0.337363996505804
"chr7-0514",0.158370847538391
"chr7-0515",0.364616306971437
"chr7-0516",0.403728773360328
"chr7-0517",0.393300431970498
"chr7-0518",0.207993443360454
"chr7-0519",0.412493762278639
"chr7-0520",0.254027635481248
"chr7-0521",0.171415612151655
"chr7-0522",0.205748895890687
"chr7-0523",0.201840082332904
"chr7-0524",0.251867579874533
"chr7-0525",0.12507428256204
"chr7-0526",-0.0323603620459861
"chr7-0527",-0.00740421000604992
"chr7-0528",0.251798307183729
"chr7-0529",0.0997042531204868
"chr7-0530",0.0913044176761363
"chr7-0531",0.174998428820519
"chr7-0532",0.0591610366669238
"chr7-0533",0.351749533440818
"chr7-0534",0.245050700438782
"chr7-0535",0.318849718021465
"chr7-0536",0.104518485274031
"chr7-0537",0.174812592319002
"chr7-0538",0.199491127965154
"chr7-0539",0.144013035379167
"chr7-0540",0.184491880757963
"chr7-0541",0.301619393521738
"chr7-0542",0.267522688855101
"chr7-0543",0.0071758312970265
"chr7-0544",0.526354045364937
"chr7-0545",0.267545399815156
"chr7-0546",0.131456975389167
"chr7-0547",-0.0666767089473735
"chr7-0548",0.101079718795108
"chr7-0549",-0.0618785518135702
"chr7-0550",-0.014066556106189
"chr7-0551",0.0314884031246772
"chr7-0552",0.383661908904152
"chr7-0553",0.147547396645432
"chr7-0554",-0.00344759170782704
"chr7-0555",0.247331411386199
"chr7-0556",0.325759427185818
"chr7-0557",0.33301805122737
"chr7-0558",0.222435205112533
"chr7-0559",0.0271479648927221
"chr7-0560",0.237415430595276
"chr7-0561",-0.025789382922408
"chr7-0562",0.301712079098849
"chr7-0563",0.165590806630447
"chr7-0564",0.168323516048304
"chr7-0565",0.0529802510865713
"chr7-0566",0.242533756343617
"chr7-0567",0.209417407122767
"chr7-0568",0.0620397894718317
"chr7-0569",0.0473375491641858
"chr7-0570",0.357676041693937
"chr7-0571",0.168383242410545
"chr7-0572",-0.0855094817349951
"chr7-0573",0.193745056804601
"chr7-0574",0.263105968445942
"chr7-0575",0.120525294958525
"chr7-0576",0.252960335919172
"chr7-0577",0.346493688111171
"chr7-0578",-0.037778455625805
"chr7-0579",0.170093522682183
"chr7-0580",-0.0018151157079587
"chr7-0581",-0.0474318507698155
"chr7-0582",0.0224368786459638
"chr7-0583",0.107070947160268
"chr7-0584",-0.138033727105444
"chr7-0585",-0.239991074706645
"chr7-0586",0.220722999330889
"chr7-0587",0.0228098115829131
"chr7-0588",-0.16554418679314
"chr7-0589",-0.0367760783872541
"chr7-0590",0.028527746184282
"chr7-0591",-0.0072352461726897
"chr7-0592",0.139437315480985
"chr7-0593",0.0575883923149369
"chr7-0594",0.262008442801513
"chr7-0595",0.10792944179595
"chr7-0596",0.00652864850532107
"chr7-0597",-0.137682818128229
"chr7-0598",-0.113555216098083
"chr7-0599",-0.131224305817331
"chr7-0600",-0.122800638498294
"chr7-0601",-0.0484089234165987
"chr7-0602",0.0592879273552471
"chr7-0603",0.19765387537486
"chr7-0604",0.00651736201099973
"chr7-0605",-0.0452236646790989
"chr7-0606",-0.0669289400416933
"chr7-0607",-0.0735489658550986
"chr7-0608",0.0393173390196335
"chr7-0609",0.205998003178683
"chr7-0610",0.0560467506059834
"chr7-0611",-0.174500111770083
"chr7-0612",-0.0168832865820377
"chr7-0613",-0.108534156218419
"chr7-0614",-0.301742533250213
"chr7-0615",0.00648256186985594
"chr7-0616",-0.165192837878827
"chr7-0617",-0.117878357095928
"chr7-0618",-0.176774224236519
"chr7-0619",0.00415873190719621
"chr7-0620",-0.18227437381109
"chr7-0621",-0.1604625769422
"chr7-0622",-0.0900632214397215
"chr7-0623",-0.213868219273693
"chr7-0624",-0.0762211183132455
"chr7-0625",-0.143783209845898
"chr7-0626",-0.0242886200455943
"chr7-0627",-0.0604894738278069
"chr7-0628",0.0294682287345524
"chr7-0629",0.0141002597807968
"chr7-0630",0.164191664918255
"chr7-0631",0.0624266820824316
"chr7-0632",0.0942143426797324
"chr7-0633",0.014404385516916
"chr7-0634",-0.116447889539613
"chr7-0635",-0.143794571238398
"chr7-0636",-0.127938978340101
"chr7-0637",-0.0985286825313768
"chr7-0638",0.236628022545935
"chr7-0639",0.184973526235023
"chr7-0640",-0.0658590473369465
"chr7-0641",0.138140814998029
"chr7-0642",0.143330728795623
"chr7-0643",0.263289468748738
"chr7-0644",0.41266842428385
"chr7-0645",-0.00123133577035142
"chr7-0646",-0.00820933065144573
"chr7-0647",0.135661978633352
"chr7-0648",0.021338905204777
"chr7-0649",0.0204430711337522
"chr7-0650",0.127774646684992
"chr7-0651",-0.0817843155261491
"chr7-0652",0.0474781748558261
"chr7-0653",0.00972315889400792
"chr7-0654",-0.376146807481618
"chr7-0655",0.132101578344459
"chr7-0656",-0.0937381509402615
"chr7-0657",0.00224089488182916
"chr7-0658",0.111131540522574
"chr7-0659",-0.0255341983602096
"chr7-0660",-0.0768977810717101
"chr7-0661",-0.035114830349378
"chr7-0662",-0.0629934895410937
"chr7-0663",0.120027717378447
"chr7-0664",0.276502531219341
"chr7-0665",0.149761060872361
"chr7-0666",0.125769644155287
"chr7-0667",0.0963938956682249
"chr7-0668",0.214295365357644
"chr7-0669",-0.0092760769964786
"chr7-0670",-0.050030725757809
"chr7-0671",0.089241716463352
"chr7-0672",-0.0138169127727009
"chr7-0673",0.250014332065106
"chr7-0674",-0.0790900291283674
"chr7-0675",0.0990909074925569
"chr7-0676",0.197373672328606
"chr7-0677",0.15900983212834
"chr7-0678",-0.271066162265078
"chr7-0679",-0.126922848551808
"chr7-0680",0.197065175649689
"chr7-0681",0.235437859882303
"chr7-0682",0.254508197664079
"chr7-0683",0.11279337431166
"chr7-0684",-0.0885356004112993
"chr7-0685",0.0978887834789477
"chr7-0686",0.219042395688941
"chr7-0687",-0.0494475952328693
"chr7-0688",0.102398740325813
"chr7-0689",0.0918539144576794
"chr7-0690",0.0195477858293526
"chr7-0691",-0.102648097857435
"chr7-0692",0.0672110097536323
"chr7-0693",0.0990615739324902
"chr7-0694",0.0757723060346419
"chr7-0695",-0.067097446076357
"chr7-0696",0.326750594303013
"chr7-0697",0.188609852202834
"chr7-0698",0.137967219541008
"chr7-0699",0.118842205875123
"chr7-0700",0.168962442205349
"chr7-0701",0.175623797600342
"chr7-0702",0.0641949581687759
"chr7-0703",0.209313277923495
"chr7-0704",0.228968616871605
"chr7-0705",0.144642587754709
"chr7-0706",-0.174979749918461
"chr7-0707",0.21863926626889
"chr7-0708",0.152211365804517
"chr7-0709",-0.245566189291387
"chr7-0710",-0.299391590179241
"chr7-0711",0.165435734650588
"chr7-0712",0.161092352052709
"chr7-0713",0.130190927676452
"chr7-0714",-0.182005270335035
"chr7-0715",-0.150056545326991
"chr7-0716",0.252175106393223
"chr7-0717",0.267346909770723
"chr7-0718",0.0847110004607457
"chr7-0719",0.0985391406726371
"chr7-0720",0.154953040666569
"chr7-0721",0.00299757851855278
"chr7-0722",0.196622576648852
"chr7-0723",0.267061456493283
"chr7-0724",0.224888340408883
"chr7-0725",0.103612957416896
"chr7-0726",0.168590398505913
"chr7-0727",0.134182642839057
"chr7-0728",0.156755904365502
"chr7-0729",0.27984854380613
"chr7-0730",0.12241869836922
"chr7-0731",0.0130211540144548
"chr7-0732",-0.106885979169231
"chr7-0733",0.160862716596832
"chr7-0734",0.107398882847799
"chr7-0735",0.00194870250270404
"chr7-0736",0.230638129439375
"chr7-0737",0.0433883314289847
"chr7-0738",0.0216899895575394
"chr7-0739",0.0283696236880783
"chr7-0740",0.0946681026784958
"chr7-0741",0.0959356509010597
"chr7-0742",0.180276295271483
"chr7-0743",0.26194122353478
"chr7-0744",0.0849376590352393
"chr7-0745",-0.168710541790542
"chr7-0746",0.0471499598808927
"chr7-0747",-0.206590497447256
"chr7-0748",-0.0239118497156214
"chr7-0749",0.0223170607025379
"chr7-0750",0.0705065959733114
"chr7-0751",0.204655103354132
"chr7-0752",-0.0919380733916433
"chr7-0753",-0.161684165479353
"chr7-0754",-0.111489062340058
"chr7-0755",-0.0481432305116976
"chr7-0756",-0.133149464588926
"chr7-0757",-0.19799432787139
"chr7-0758",0.259298402406812
"chr7-0759",-9.15571641359622e-05
"chr7-0760",-0.13953464391596
"chr7-0761",-0.137595088125146
"chr7-0762",-0.342171507631151
"chr7-0763",-0.450326247943621
"chr7-0764",-0.047909581426985
"chr7-0765",-0.214577979000647
"chr7-0766",-0.153303069666356
"chr7-0767",0.124053114335242
"chr7-0768",0.162856693850265
"chr7-0769",-0.0560373490682036
"chr7-0770",-0.00511097050697635
"chr7-0771",0.0508230090335162
"chr7-0772",-0.386852219001497
"chr7-0773",0.0877302319139127
"chr7-0774",-0.120145147344483
"chr7-0775",-0.0173258888465921
"chr7-0776",-0.0432671479073713
"chr7-0777",-0.0687761393892713
"chr7-0778",-0.0736310650717761
"chr7-0779",-0.0432733247673069
"chr7-0780",-0.0439711603158281
"chr7-0781",-0.062744076632324
"chr7-0782",-0.313757526200611
"chr7-0783",0.0889749378553399
"chr7-0784",0.0230565853527211
"chr7-0785",0.171376996449495
"chr7-0786",0.196461951720632
"chr7-0787",-0.153438083775584
"chr7-0788",0.071744821326381
"chr7-0789",-0.0724542756165439
"chr7-0790",-0.0941291480130776
"chr7-0791",-0.132456255061208
"chr7-0792",-0.0793415837897669
"chr7-0793",0.0392161100807894
"chr7-0794",0.0220550621958885
"chr7-0795",-0.179367060239778
"chr7-0796",0.00070334340990832
"chr7-0797",0.00496813023928402
"chr7-0798",0.118405757415108
"chr7-0799",0.0214286007254365
"chr7-0800",0.0881796049233329
"chr7-0801",0.0988934326874769
"chr7-0802",0.0841771967989182
"chr7-0803",0.169318605341022
"chr7-0804",0.00226386059383325
"chr7-0805",0.00166696581576844
"chr7-0806",-0.170980461998511
"chr7-0807",0.0981455468114524
"chr7-0808",-0.198323422450732
"chr7-0809",-0.0157651589062373
"chr7-0810",0.0138917473797863
"chr7-0811",0.0938304269197488
"chr7-0812",0.0404059858538468
"chr7-0813",0.14889247290246
"chr7-0814",-0.0728270024183752
"chr7-0815",0.0288568393992401
"chr7-0816",0.0179152863260691
"chr7-0817",0.0388667769085435
"chr7-0818",0.108681091438306
"chr7-0819",0.00250052313015701
"chr7-0820",0.0989229941804825
"chr7-0821",0.149709858841121
"chr7-0822",0.112543798389485
"chr7-0823",0.00373846811413146
"chr7-0824",-0.245208229935605
"chr7-0825",0.177487484131952
"chr7-0826",0.163990754816418
"chr7-0827",0.186065452458425
"chr7-0828",0.108028253354269
"chr7-0829",-0.0337850974980837
"chr7-0830",-0.038359396773994
"chr7-0831",0.16347797945587
"chr7-0832",-0.0540417585816774
"chr7-0833",0.125847325219343
"chr7-0834",0.123147940254208
"chr7-0835",0.08207687012404
"chr7-0836",0.0555802623763049
"chr7-0837",0.0135729660360318
"chr7-0838",-0.186395006833035
"chr7-0839",0.186779408875102
"chr7-0840",0.125670152047589
"chr7-0841",-0.339516133095911
"chr7-0842",-0.146759038932883
"chr7-0843",0.0295578244905445
"chr7-0844",-0.0464579837387307
"chr7-0845",-0.11088948386151
"chr7-0846",-0.0941185597444272
"chr7-0847",-0.258736842586073
"chr7-0848",0.142129050173198
"chr7-0849",-0.0223561683048904
"chr7-0850",0.171644669852675
"chr7-0851",0.141637842979042
"chr7-0852",-0.0565905872371975
"chr7-0853",0.137975861606253
"chr7-0854",-0.179390430397078
"chr7-0855",-0.017082267810817
"chr7-0856",0.0903839362196332
"chr7-0857",-0.0904324272653108
"chr7-0858",-0.120615274469616
"chr7-0859",0.113696513974137
"chr7-0860",-0.0970180061891277
"chr7-0861",-0.20750935674618
"chr7-0862",-0.0335013266174837
"chr7-0863",0.0912192243915756
"chr7-0864",0.130641342143575
"chr7-0865",0.0624039005540935
"chr7-0866",0.0452994703112243
"chr7-0867",0.115431422311246
"chr7-0868",0.124934359324665
"chr7-0869",0.0655653617202608
"chr7-0870",-0.158052615529388
"chr7-0871",0.0416604334547997
"chr7-0872",-0.0506394401373539
"chr7-0873",0.0942388655409452
"chr7-0874",-0.0346083681158944
"chr7-0875",-0.128098268385933
"chr7-0876",-0.0870510999609512
"chr7-0877",-0.0222527258288511
"chr7-0878",0.00741690341721099
"chr7-0879",0.0657440856411886
"chr7-0880",0.257008934909761
"chr7-0881",-0.0762679728168439
"chr7-0882",0.166883972515388
"chr7-0883",0.161554967019681
"chr7-0884",-0.0530868824305355
"chr7-0885",-0.238935499348423
"chr7-0886",0.0897937008447145
"chr7-0887",0.293167017691845
"chr7-0888",0.189364597008292
"chr7-0889",0.0365809189985528
"chr7-0890",0.101517167613598
"chr7-0891",-0.0972637206421181
"chr7-0892",0.260795382969205
"chr7-0893",-0.333102700172204
"chr7-0894",-0.0322699395152457
"chr7-0895",-0.252818120656221
"chr7-0896",-0.263840330951879
"chr7-0897",-0.222935698653618
"chr7-0898",-0.0817090832467748
"chr7-0899",-0.101652288897116
"chr7-0900",-0.19319730223644
"chr7-0901",0.0941937686438004
"chr7-0902",-0.0263827722787238
"chr7-0903",-0.251158945684005
"chr7-0904",-0.319934790361852
"chr7-0905",-0.159281442279893
"chr7-0906",-0.0466769040352196
"chr7-0907",-0.216533244396452
"chr7-0908",-0.130897640870964
"chr7-0909",0.0683057074309554
"chr7-0910",-0.0194933235963314
"chr7-0911",-0.0698696483257035
"chr7-0912",-0.250158580540907
"chr7-0913",-0.10643286461186
"chr7-0914",-0.316044280914776
"chr7-0915",-0.272195974803105
"chr7-0916",-0.341247805043839
"chr7-0917",-0.159574095860961
"chr7-0918",-0.236070113542653
"chr7-0919",-0.227739495210007
"chr7-0920",-0.214324869844781
"chr7-0921",-0.205544016316326
"chr7-0922",-0.167834990984057
"chr7-0923",0.029770352251648
"chr7-0924",-0.0258810944188111
"chr7-0925",-0.100370493648378
"chr7-0926",-0.0727830455866896
"chr7-0927",-0.0607501166093337
"chr7-0928",0.0518891336463151
"chr7-0929",0.0105698844254112
"chr7-0930",0.170716170532821
"chr7-0931",0.135761228083449
"chr7-0932",-0.19689772079847
"chr7-0933",0.00527912232547586
"chr7-0934",0.0262773643392228
"chr7-0935",0.0383530401648031
"chr7-0936",-0.212383777531464
"chr7-0937",0.0159376036911542
"chr7-0938",0.194644697743051
"chr7-0939",0.061099639317358
"chr7-0940",0.00662594584642377
"chr7-0941",-0.0969290283939435
"chr7-0942",0.16694610870965
"chr7-0943",-0.0573753593863821
"chr7-0944",-0.0560065312408877
"chr7-0945",-0.152503032081436
"chr7-0946",0.0641387450329871
"chr7-0947",-0.206656538271818
"chr7-0948",-0.0848272400847205
"chr7-0949",-0.129379155691843
"chr7-0950",-0.237806748576981
"chr7-0951",-0.37283561432567
"chr7-0952",-0.119816753893956
"chr7-0953",-0.0604958602580904
"chr7-0954",-0.015169278821384
"chr7-0955",0.197993350066907
"chr7-0956",-0.213408312315256
"chr7-0957",-0.123701984598259
"chr7-0958",-0.259376883364651
"chr7-0959",-0.0572227675183909
"chr7-0960",-0.131577768384058
"chr7-0961",-0.0146144146642264
"chr7-0962",-0.117144796431835
"chr7-0963",0.155068780551443
"chr7-0964",-0.0835580708444136
"chr7-0965",0.106999740730675
"chr7-0966",-0.00581195075702407
"chr7-0967",-0.0478534572778528
"chr7-0968",0.0077552530717327
"chr7-0969",-0.423700922333979
"chr7-0970",-0.125169865876053
"chr7-0971",0.112514910887725
"chr7-0972",0.0399561428897547
"chr7-0973",-0.286830701203868
"chr7-0974",-0.16275634355859
"chr7-0975",-0.192417965025792
"chr7-0976",-0.186476056182447
"chr7-0977",-0.0815838734346246
"chr7-0978",-0.189345657400871
"chr7-0979",-0.272991610194662
"chr7-0980",-0.15878122759501
"chr7-0981",-0.0534490362395444
"chr7-0982",-0.0590650528627679
"chr7-0983",-0.27650002129808
"chr7-0984",-0.125443374350132
"chr7-0985",-0.147382684382408
"chr7-0986",-0.243958380094422
"chr7-0987",-0.110196362724739
"chr7-0988",-0.068821571100153
"chr7-0989",-0.140362827110267
"chr7-0990",-0.143042607696959
"chr7-0991",0.0459566403199078
"chr7-0992",-0.001723624800608
"chr7-0993",-0.149977920410673
"chr7-0994",-0.029044048979
"chr7-0995",-0.154071731044074
"chr7-0996",-0.0550206289745158
"chr7-0997",-0.188887409044642
"chr7-0998",-0.0923736582333524
"chr8-0001",0.0834102957318737
"chr8-0002",0.289910955353256
"chr8-0003",0.106466849394864
"chr8-0004",0.00313085367304591
"chr8-0005",-0.298047019465331
"chr8-0006",-0.0484501995249915
"chr8-0007",-0.0448196170561067
"chr8-0008",-0.0910958747537675
"chr8-0009",-0.169620685023724
"chr8-0010",-0.0374602159869305
"chr8-0011",-0.0708224608557572
"chr8-0012",-0.0788350562924756
"chr8-0013",-0.131907343694549
"chr8-0014",0.0309268250770726
"chr8-0015",-0.0182301212744627
"chr8-0016",-0.117980023911647
"chr8-0017",-0.115641617481434
"chr8-0018",-0.107914688436082
"chr8-0019",0.020647704820818
"chr8-0020",-0.0825768825931401
"chr8-0021",-0.0675605015639868
"chr8-0022",-0.0888042261358303
"chr8-0023",-0.0320413989585209
"chr8-0024",-0.107826157714679
"chr8-0025",-0.0836062154174548
"chr8-0026",-0.0871260707596681
"chr8-0027",-0.116440253349874
"chr8-0028",0.19210684052118
"chr8-0029",0.16871809041429
"chr8-0030",0.0765588035460184
"chr8-0031",0.0252468887880781
"chr8-0032",0.229534855452464
"chr8-0033",0.33425564748609
"chr8-0034",0.105455414588116
"chr8-0035",0.0688957974121374
"chr8-0036",0.0757845158404926
"chr8-0037",0.177222529617576
"chr8-0038",0.101696457065235
"chr8-0039",0.0262949745084037
"chr8-0040",0.042899409987873
"chr8-0041",-0.233292202021919
"chr8-0042",-0.148958747897839
"chr8-0043",-0.145440033344482
"chr8-0044",-0.100838980494252
"chr8-0045",0.0570120215076748
"chr8-0046",0.284030148219548
"chr8-0047",0.0485479486930672
"chr8-0048",-0.178788187780746
"chr8-0049",0.0153624751749689
"chr8-0050",-0.189485060498581
"chr8-0051",0.0714474402039357
"chr8-0052",-0.0266326439478537
"chr8-0053",0.0349290955355037
"chr8-0054",0.0933897263999953
"chr8-0055",0.12878560203048
"chr8-0056",-0.112830277895717
"chr8-0057",0.104777086551253
"chr8-0058",-0.0765257452082768
"chr8-0059",-0.300462602764023
"chr8-0060",0.178814882482404
"chr8-0061",-0.00421858742549539
"chr8-0062",-0.0793552249563417
"chr8-0063",-0.00706055492438023
"chr8-0064",0.0781844488750999
"chr8-0065",0.174356939360474
"chr8-0066",-0.109487383595146
"chr8-0067",0.0339803906830604
"chr8-0068",-0.0272462357805588
"chr8-0069",0.118898808725303
"chr8-0070",0.137679187898725
"chr8-0071",-0.0721597136123472
"chr8-0072",-0.0320846352213758
"chr8-0073",-0.152126151761603
"chr8-0074",-0.173681321546135
"chr8-0075",-0.202698735865383
"chr8-0076",-0.273980455840375
"chr8-0077",0.127598037117679
"chr8-0078",-0.215928621757366
"chr8-0079",-0.0742321828198587
"chr8-0080",-0.0939916442882823
"chr8-0081",0.264063399929241
"chr8-0082",-0.0827549834919928
"chr8-0083",-0.0696238514150546
"chr8-0084",-0.134263638376196
"chr8-0085",-0.190685435036869
"chr8-0086",-0.0754161195609069
"chr8-0087",-0.176672894006322
"chr8-0088",-0.00861367183052331
"chr8-0089",-0.160894949449571
"chr8-0090",-0.191630227815093
"chr8-0091",-0.185800833309539
"chr8-0092",-0.183131833187389
"chr8-0093",-0.381492877950147
"chr8-0094",0.0463460851894449
"chr8-0095",0.142894568359312
"chr8-0096",-0.0217874275462184
"chr8-0097",-0.100958090238238
"chr8-0098",-0.129977681297498
"chr8-0099",0.0538026416718401
"chr8-0100",0.0506666295002918
"chr8-0101",-0.0313876519870516
"chr8-0102",-0.086815127688633
"chr8-0103",0.11349122920154
"chr8-0104",0.143626478088488
"chr8-0105",0.157967684595294
"chr8-0106",0.137738433020596
"chr8-0107",0.132413887993789
"chr8-0108",-0.198681522953607
"chr8-0109",-0.00613786069423587
"chr8-0110",0.154686775515749
"chr8-0111",0.204333423367119
"chr8-0112",0.135185873327844
"chr8-0113",-0.42129896031872
"chr8-0114",0.0923050489506017
"chr8-0115",0.158450107985042
"chr8-0116",0.0256713920703666
"chr8-0117",-0.0455861575168979
"chr8-0118",0.0625527628805458
"chr8-0119",0.193162799765331
"chr8-0120",0.276166983355558
"chr8-0121",-0.0504411463477721
"chr8-0122",0.119405509846169
"chr8-0123",0.266604914483478
"chr8-0124",0.00456498524714664
"chr8-0125",-0.0209894801250792
"chr8-0126",0.140106372504101
"chr8-0127",0.164046409027146
"chr8-0128",0.153291375172302
"chr8-0129",0.125259890654201
"chr8-0130",0.128922124933427
"chr8-0131",-0.035117678632052
"chr8-0132",-0.0526118568916272
"chr8-0133",0.118551046258765
"chr8-0134",0.204553542891086
"chr8-0135",0.164537980958867
"chr8-0136",0.0454595047353656
"chr8-0137",-0.0424120268144609
"chr8-0138",0.0898960702759673
"chr8-0139",0.0475600077910821
"chr8-0140",0.0217100068627418
"chr8-0141",-0.0134953742263473
"chr8-0142",0.0530435947291298
"chr8-0143",0.04501344921087
"chr8-0144",-0.0355891111210668
"chr8-0145",-0.249441492484542
"chr8-0146",-0.108805103535528
"chr8-0147",-0.134155021986522
"chr8-0148",-0.239719433917555
"chr8-0149",-0.228561737820929
"chr8-0150",-0.206713641434239
"chr8-0151",-0.404147340568798
"chr8-0152",-0.0503102655321098
"chr8-0153",-0.204684746985085
"chr8-0154",-0.109140406352385
"chr8-0155",-0.259780623005524
"chr8-0156",-0.157595358689878
"chr8-0157",-0.067595761272792
"chr8-0158",-0.0689257955856269
"chr8-0159",-0.0280919693660642
"chr8-0160",-0.089678649019408
"chr8-0161",0.0157946113216188
"chr8-0162",-0.166460202872923
"chr8-0163",-0.0098663077781689
"chr8-0164",-0.0737898474219783
"chr8-0165",0.0235704284491889
"chr8-0166",-0.0589183812755066
"chr8-0167",-0.0822692590025393
"chr8-0168",0.0501302684846259
"chr8-0169",-0.0340127930653361
"chr8-0170",-0.0854243122049224
"chr8-0171",0.0535856851376796
"chr8-0172",0.255312287164853
"chr8-0173",0.0991204144560557
"chr8-0174",0.202080832990493
"chr8-0175",-0.0839543553477047
"chr8-0176",-0.0021082971051023
"chr8-0177",-0.150057956470989
"chr8-0178",0.17877379119508
"chr8-0179",0.161137491324251
"chr8-0180",0.0171293864169318
"chr8-0181",0.0130312766681167
"chr8-0182",0.0928089038969984
"chr8-0183",0.155743079680992
"chr8-0184",-0.131218734627799
"chr8-0185",0.027821178774771
"chr8-0186",0.0400661087952499
"chr8-0187",-0.0079483224513232
"chr8-0188",-0.0209573390269973
"chr8-0189",-0.232580100681475
"chr8-0190",0.0659953827696245
"chr8-0191",0.0759819422061253
"chr8-0192",0.0535851662458816
"chr8-0193",-0.124076680906328
"chr8-0194",-0.177951797422836
"chr8-0195",0.0339195881567977
"chr8-0196",-0.0832333731511559
"chr8-0197",-0.144763966279297
"chr8-0198",-0.22252540631873
"chr8-0199",0.0477495266439181
"chr8-0200",-0.124902755268196
"chr8-0201",0.0306913707188813
"chr8-0202",-0.444064171250163
"chr8-0203",-0.0599131376693821
"chr8-0204",0.100685152296326
"chr8-0205",-0.0202509950932209
"chr8-0206",-0.100535743111746
"chr8-0207",0.013604196236958
"chr8-0208",-0.00868772627537288
"chr8-0209",-0.103140200458004
"chr8-0210",0.085436563015492
"chr8-0211",0.00997068061086341
"chr8-0212",0.0157079291358707
"chr8-0213",0.24996879816978
"chr8-0214",-0.306043845354855
"chr8-0215",-0.012380348153771
"chr8-0216",0.0177630345776217
"chr8-0217",0.0450461546116262
"chr8-0218",0.200898470204333
"chr8-0219",0.182930497128885
"chr8-0220",0.055871928922648
"chr8-0221",-0.00495391041132215
"chr8-0222",-0.272590235805168
"chr8-0223",0.0901652950165909
"chr8-0224",-0.0742231462531104
"chr8-0225",0.0322899244845334
"chr8-0226",0.043981292774343
"chr8-0227",0.0903346247766681
"chr8-0228",0.0325421764294257
"chr8-0229",-0.140965542821718
"chr8-0230",0.074206444697326
"chr8-0231",-0.100965193599903
"chr8-0232",0.205212297005495
"chr8-0233",0.14050205382806
"chr8-0234",0.168335991627002
"chr8-0235",0.156435443322309
"chr8-0236",0.00885666886859269
"chr8-0237",0.064314978375342
"chr8-0238",0.125473970147283
"chr8-0239",-0.122669181066532
"chr8-0240",-0.184360692340202
"chr8-0241",-0.043745336937435
"chr8-0242",0.204059772398249
"chr8-0243",0.265816542586963
"chr8-0244",0.161707965178924
"chr8-0245",0.255839661766738
"chr8-0246",0.121865927496176
"chr8-0247",0.0122120332600159
"chr8-0248",0.0676270578355236
"chr8-0249",0.0812005971099252
"chr8-0250",0.0713414562962063
"chr8-0251",-0.0126900462766707
"chr8-0252",-0.113474464014184
"chr8-0253",-0.263025965143775
"chr8-0254",-0.182691109263651
"chr8-0255",-0.114602175771597
"chr8-0256",-0.0978794021225578
"chr8-0257",0.0157578004137325
"chr8-0258",-0.283927173051663
"chr8-0259",0.0795504688070121
"chr8-0260",-0.250489854113018
"chr8-0261",-0.0982982808318216
"chr8-0262",-0.064366734938298
"chr8-0263",0.0186001626468031
"chr8-0264",0.00421190160344458
"chr8-0265",0.0360598442274269
"chr8-0266",0.0737938871514471
"chr8-0267",-0.149277781987922
"chr8-0268",0.0199587731347293
"chr8-0269",-0.00918690995001403
"chr8-0270",-0.28552184005629
"chr8-0271",0.145187577620374
"chr8-0272",0.1473593838049
"chr8-0273",-0.00909039739124588
"chr8-0274",-0.0239695899473947
"chr8-0275",0.184118005591823
"chr8-0276",0.0760586647005831
"chr8-0277",-0.117054733027059
"chr8-0278",0.0830085997465049
"chr8-0279",0.0221083967809955
"chr8-0280",-0.126806140868538
"chr8-0281",-0.142456550633651
"chr8-0282",-0.246691660128655
"chr8-0283",-0.131705431650671
"chr8-0284",-0.121528454919522
"chr8-0285",-0.0551964571968889
"chr8-0286",-0.018062953034268
"chr8-0287",0.00693392190693351
"chr8-0288",-0.164108819407083
"chr8-0289",-0.0345605484686888
"chr8-0290",-0.0160003799824878
"chr8-0291",0.107385497999924
"chr8-0292",-0.0642273982851051
"chr8-0293",0.0257310678102448
"chr8-0294",0.0279279332857742
"chr8-0295",-0.154081523919046
"chr8-0296",0.0495066040788674
"chr8-0297",-0.185873446073074
"chr8-0298",0.0700150614595938
"chr8-0299",-0.0313192729243853
"chr8-0300",-0.249353052039703
"chr8-0301",0.0326506964762035
"chr8-0302",-0.207000409516194
"chr8-0303",-0.226212178645873
"chr8-0304",-0.106359465823159
"chr8-0305",-0.0345374093920998
"chr8-0306",0.00864213509887281
"chr8-0307",-0.188845208254268
"chr8-0308",0.125274927452281
"chr8-0309",0.0708268042300592
"chr8-0310",0.0805037914656506
"chr8-0311",-0.222495237828843
"chr8-0312",0.0135652236421747
"chr8-0313",0.213812337725992
"chr8-0314",-0.145825550616131
"chr8-0315",-0.14958695664428
"chr8-0316",0.0648189178272207
"chr8-0317",-0.00454590298114594
"chr8-0318",0.00713091377176562
"chr8-0319",-0.093446540631471
"chr8-0320",0.12860493449941
"chr8-0321",0.00224318096349611
"chr8-0322",-0.117212079715315
"chr8-0323",0.0116606269212515
"chr8-0324",0.0929594298962423
"chr8-0325",0.078266257276023
"chr8-0326",0.260795437922458
"chr8-0327",0.215337662783017
"chr8-0328",-0.0307286732519195
"chr8-0329",0.0720154114472483
"chr8-0330",0.05882153637717
"chr8-0331",-0.0697114684448984
"chr8-0332",0.239052553761557
"chr8-0333",0.248346215543605
"chr8-0334",0.0229571111039305
"chr8-0335",-0.22986887391673
"chr8-0336",-0.159087082738793
"chr8-0337",0.0356461852090985
"chr8-0338",-0.0592576947102388
"chr8-0339",-0.0794204732500721
"chr8-0340",-0.164521459666519
"chr8-0341",0.265048875470471
"chr8-0342",-0.213586569848889
"chr8-0343",-0.104377705906064
"chr8-0344",-0.0592657702524868
"chr8-0345",-0.223526931801872
"chr8-0346",0.0782338206695908
"chr8-0347",-0.206894988915472
"chr8-0348",-0.0266593356052249
"chr8-0349",-0.120641916306227
"chr8-0350",-0.00418617963528292
"chr8-0351",0.0797843990738074
"chr8-0352",-0.181374608379055
"chr8-0353",0.0885055417253268
"chr8-0354",0.00262698502502479
"chr8-0355",0.0796890819242296
"chr8-0356",-0.0698524318802649
"chr8-0357",0.00264438445845917
"chr8-0358",-0.0722004695843135
"chr8-0359",0.132820649531946
"chr8-0360",0.00331999528209219
"chr8-0361",0.261824886517728
"chr8-0362",-0.0221915693489516
"chr8-0363",-0.0888419151977694
"chr8-0364",-0.0155634459713466
"chr8-0365",0.272302430749918
"chr8-0366",0.0264304129309216
"chr8-0367",0.113325453434508
"chr8-0368",0.0486837106630915
"chr8-0369",0.0904490160205044
"chr8-0370",-0.0135691049193436
"chr8-0371",0.106415140429362
"chr8-0372",-0.034758185492668
"chr8-0373",0.262069264027448
"chr8-0374",0.0572594226668831
"chr8-0375",0.226026979854983
"chr8-0376",0.149748699135224
"chr8-0377",0.207569298217669
"chr8-0378",-0.0954930898944591
"chr8-0379",-0.142868772143748
"chr8-0380",0.21776241074085
"chr8-0381",-0.101744966766392
"chr8-0382",0.0870664552828191
"chr8-0383",0.114300836715429
"chr8-0384",-0.0524376828785037
"chr8-0385",0.00643017477814402
"chr8-0386",0.0278842831804251
"chr8-0387",0.21615220471668
"chr8-0388",0.144606673204336
"chr8-0389",0.224961961873788
"chr8-0390",0.112400829826878
"chr8-0391",-0.108476437231051
"chr8-0392",0.0963178044519511
"chr8-0393",0.0884475721594724
"chr8-0394",-0.232533368917574
"chr8-0395",-0.169057969366251
"chr8-0396",0.150520216884384
"chr8-0397",0.260532992527915
"chr8-0398",0.0297154138801871
"chr8-0399",-0.177156605051921
"chr8-0400",0.141298131752029
"chr8-0401",-0.204321623626483
"chr8-0402",0.203945815786699
"chr8-0403",0.0679582830081699
"chr8-0404",-0.0113114482509664
"chr8-0405",0.0391897243187135
"chr8-0406",-0.0577475287727413
"chr8-0407",-0.211597614049694
"chr8-0408",0.132833842133292
"chr8-0409",-0.0731367629117948
"chr8-0410",-0.209014152548434
"chr8-0411",-0.135405513117992
"chr8-0412",-0.112319390869383
"chr8-0413",-0.329056828379317
"chr8-0414",-0.00471173283120567
"chr8-0415",0.070075631232433
"chr8-0416",0.176020531919411
"chr8-0417",-0.136367742581238
"chr8-0418",0.0233519015494161
"chr8-0419",0.223328350840113
"chr8-0420",0.135771687214854
"chr8-0421",0.0965243600751459
"chr8-0422",0.130360786403391
"chr8-0423",0.0621577492619345
"chr8-0424",0.193656614610654
"chr8-0425",0.105042890047733
"chr8-0426",0.156944099558683
"chr8-0427",-0.231440769520516
"chr8-0428",-0.136549525779748
"chr8-0429",0.266327756859427
"chr8-0430",0.270020933110668
"chr8-0431",-0.15049051193281
"chr8-0432",0.173007963512936
"chr8-0433",0.00145299196483608
"chr8-0434",0.161264692636629
"chr8-0435",0.125240844154364
"chr8-0436",0.0571423208179114
"chr8-0437",0.0316967124762304
"chr8-0438",0.100232722787265
"chr8-0439",0.0486136564706954
"chr8-0440",-0.0962475061104497
"chr8-0441",0.172219619212651
"chr8-0442",-0.0639365099207179
"chr8-0443",-0.0869312220396196
"chr8-0444",0.0283867065904422
"chr8-0445",-0.00527405269594478
"chr8-0446",0.00902313342146946
"chr8-0447",0.122433660273093
"chr8-0448",0.261347815468081
"chr8-0449",-0.00652395678617565
"chr8-0450",-0.0467083494328734
"chr8-0451",-0.305013147195217
"chr8-0452",0.174586198172534
"chr8-0453",-0.206218184677392
"chr8-0454",0.00158253949010816
"chr8-0455",0.175542822293791
"chr8-0456",0.0495414533413957
"chr8-0457",0.0496253112614257
"chr8-0458",0.243914559602853
"chr8-0459",0.252984772242031
"chr8-0460",0.104169048338801
"chr8-0461",0.182929538457362
"chr8-0462",0.212363989997021
"chr8-0463",0.255582387997188
"chr8-0464",0.0613591892595921
"chr8-0465",-0.0617994333563619
"chr8-0466",-0.0553026691662281
"chr8-0467",0.134516737491803
"chr8-0468",0.0544284535691445
"chr8-0469",-0.0405323878321102
"chr8-0470",0.249786992184855
"chr8-0471",0.168120292133895
"chr8-0472",-0.114076488629044
"chr8-0473",0.0703724744395175
"chr8-0474",-0.0495500852285305
"chr8-0475",0.136495955031015
"chr8-0476",0.12296586954352
"chr8-0477",-0.15483706078707
"chr8-0478",0.259034435754631
"chr8-0479",0.10794582163473
"chr8-0480",0.169927066596243
"chr8-0481",0.0999756828141682
"chr8-0482",0.0172594942413799
"chr8-0483",0.0592777360907112
"chr8-0484",0.0121870193494078
"chr8-0485",0.0685478270560642
"chr8-0486",-0.0456737750284177
"chr8-0487",0.081136706696485
"chr8-0488",-0.354081513082004
"chr8-0489",0.00580707136259592
"chr8-0490",-0.0337629400110153
"chr8-0491",0.134545572474656
"chr8-0492",0.0132749017841995
"chr8-0493",0.246603358722911
"chr8-0494",-0.0206190057001607
"chr8-0495",-0.00621103173671582
"chr8-0496",0.0299026059626559
"chr8-0497",0.140299870978453
"chr8-0498",0.0233426231191894
"chr8-0499",0.0806314154056714
"chr8-0500",0.171486167822782
"chr8-0501",-0.0921592447417137
"chr8-0502",0.0574445640260024
"chr8-0503",-0.210101534929755
"chr8-0504",-0.0808353476736781
"chr8-0505",-0.0735284031280163
"chr8-0506",0.227908078521255
"chr8-0507",0.161516692251554
"chr8-0508",0.118372077277245
"chr8-0509",-0.0612068747809406
"chr8-0510",0.0390488572715484
"chr8-0511",0.234751667184524
"chr8-0512",0.105030434942953
"chr8-0513",0.109729461532168
"chr8-0514",0.196867988387059
"chr8-0515",0.122038449136658
"chr8-0516",0.322376136171855
"chr8-0517",0.237933049681001
"chr8-0518",0.163533747008563
"chr8-0519",0.135336421045217
"chr8-0520",0.155521711155719
"chr8-0521",-0.134176854165754
"chr8-0522",0.0561831873312337
"chr8-0523",0.051579472463567
"chr8-0524",-0.0783826529793681
"chr8-0525",0.103107362913398
"chr8-0526",0.115386081559234
"chr8-0527",0.0418369201452396
"chr8-0528",-0.010682921268191
"chr8-0529",-0.241444840172609
"chr8-0530",-0.0919423963033969
"chr8-0531",0.0156694201809827
"chr8-0532",-0.149209358754135
"chr8-0533",-0.168637525638753
"chr8-0534",0.0165821572365969
"chr8-0535",0.0750441525430061
"chr8-0536",0.0582825427583327
"chr8-0537",0.0661538823949489
"chr8-0538",0.0486645655522876
"chr8-0539",0.0877466586173447
"chr8-0540",-0.1022860039253
"chr8-0541",0.151249693087896
"chr8-0542",0.195384669416922
"chr8-0543",-0.0661237266845486
"chr8-0544",0.337846067416994
"chr8-0545",0.106676499278867
"chr8-0546",0.178106474129361
"chr8-0547",-0.0418139276302583
"chr8-0548",0.122767850309246
"chr8-0549",-0.177950433805149
"chr8-0550",-0.177534865418027
"chr8-0551",-0.29835963791516
"chr8-0552",0.0769261599785786
"chr8-0553",0.16956734085704
"chr8-0554",-0.244922584028052
"chr8-0555",-0.0533863095168745
"chr8-0556",0.0132015111660035
"chr8-0557",0.00482647092431329
"chr8-0558",0.0848147653573481
"chr8-0559",-0.0637463977113607
"chr8-0560",-0.0917455120819414
"chr8-0561",0.132778079750168
"chr8-0562",0.08349477269412
"chr8-0563",-0.13664518838488
"chr8-0564",-0.0170190332881956
"chr8-0565",-0.0437704111191517
"chr8-0566",-0.0212788454140152
"chr8-0567",0.0702920429079353
"chr8-0568",0.0464353876494644
"chr8-0569",0.100581472543603
"chr8-0570",-0.0669209283037037
"chr8-0571",0.0183521001214356
"chr8-0572",-0.0461015488628131
"chr8-0573",0.0849784868425337
"chr8-0574",-0.136817637351485
"chr8-0575",-0.0742037446807998
"chr8-0576",-0.046796611704348
"chr8-0577",0.0716078015239771
"chr8-0578",0.0478278077847996
"chr8-0579",0.163051820643874
"chr8-0580",0.0924705482372551
"chr8-0581",0.123063720269632
"chr8-0582",-0.043417282920135
"chr8-0583",0.15695825776873
"chr8-0584",0.292128143281494
"chr8-0585",0.112414160633186
"chr8-0586",0.033841332890689
"chr8-0587",0.106013298625298
"chr8-0588",0.0771838238973488
"chr8-0589",-0.0810225432812253
"chr8-0590",-0.118945736982203
"chr8-0591",0.0852719942976243
"chr8-0592",-0.245605196275494
"chr8-0593",0.000344239138829128
"chr8-0594",0.127036744468193
"chr8-0595",-0.135560810544333
"chr8-0596",-0.0161613710380156
"chr8-0597",-0.068533266310258
"chr8-0598",0.0546242677667352
"chr8-0599",-0.0384558530588618
"chr8-0600",0.00851917331501958
"chr8-0601",0.103446136809096
"chr8-0602",0.13573851650395
"chr8-0603",0.0512471072883883
"chr8-0604",0.156499951602182
"chr8-0605",0.0243825448299169
"chr8-0606",0.252706272251223
"chr8-0607",0.0660733635117829
"chr8-0608",0.224062559103861
"chr8-0609",0.170224294712007
"chr8-0610",0.0287232513668035
"chr8-0611",0.150704814343729
"chr8-0612",0.177927518927722
"chr8-0613",-0.0221165299846909
"chr8-0614",0.181305096769729
"chr8-0615",0.254639401116847
"chr8-0616",0.100339203965072
"chr8-0617",0.180923976797813
"chr8-0618",-0.0778797891780807
"chr8-0619",0.104401550790439
"chr8-0620",0.169870013423749
"chr8-0621",0.128360596652698
"chr8-0622",0.134244527396627
"chr8-0623",-0.0678081792618176
"chr8-0624",0.0609154345300077
"chr8-0625",0.0130532841476579
"chr8-0626",0.163368045122185
"chr8-0627",0.0676951709020626
"chr8-0628",-0.0098418121260012
"chr8-0629",0.255706495715826
"chr8-0630",0.198767025075798
"chr8-0631",0.0447244027008475
"chr8-0632",-0.0582233318043072
"chr8-0633",0.244873428440477
"chr8-0634",0.289446495729275
"chr8-0635",0.296403980147663
"chr8-0636",0.160655667715357
"chr8-0637",0.233596986678833
"chr8-0638",0.317645889620966
"chr8-0639",0.22173568905611
"chr8-0640",0.181337104591695
"chr8-0641",-0.00719483563651053
"chr8-0642",0.119507015597459
"chr8-0643",-0.108762362801455
"chr8-0644",0.111465704536056
"chr8-0645",0.0519452535517367
"chr8-0646",0.102453863948096
"chr8-0647",0.219814763338763
"chr8-0648",0.184673619218342
"chr8-0649",0.125684197737386
"chr8-0650",0.223340096398397
"chr8-0651",0.128866848285847
"chr8-0652",0.208533045355519
"chr8-0653",0.178969840219778
"chr8-0654",0.125491720071175
"chr8-0655",0.250776900235562
"chr8-0656",-0.207521363022423
"chr8-0657",0.116432475344098
"chr8-0658",-0.0124644921342532
"chr8-0659",-0.0473677945875952
"chr8-0660",0.16394637296882
"chr8-0661",0.0536078037538666
"chr8-0662",-0.156160598935131
"chr8-0663",-0.135299844523046
"chr8-0664",0.157416405873234
"chr8-0665",0.105093579364518
"chr8-0666",0.176350337983158
"chr8-0667",-0.000412224860035228
"chr8-0668",0.345124334556457
"chr8-0669",0.254417983130991
"chr8-0670",0.120080403948446
"chr8-0671",0.096853015245917
"chr8-0672",0.229733234439246
"chr8-0673",0.254641674183958
"chr8-0674",0.121219874191562
"chr8-0675",0.132213501826786
"chr8-0676",0.0499097362941447
"chr8-0677",0.147584529589272
"chr8-0678",0.00825762259117415
"chr8-0679",-0.0587239093986635
"chr8-0680",-0.0595226338363512
"chr8-0681",-0.0749264170260463
"chr8-0682",-0.274568157780867
"chr8-0683",0.126013838349947
"chr8-0684",0.0840886688102752
"chr8-0685",0.116298958023326
"chr8-0686",0.106661104789486
"chr8-0687",0.0425823561213819
"chr8-0688",0.0977940098454183
"chr8-0689",0.0375013907786141
"chr8-0690",0.0526641958017561
"chr8-0691",0.0442551542061674
"chr8-0692",-0.0358861767357087
"chr8-0693",0.0357267018625511
"chr8-0694",0.0979084434446009
"chr8-0695",0.0479058754697935
"chr8-0696",-0.0239738167497477
"chr8-0697",0.170632601187498
"chr8-0698",-0.0519486853754962
"chr8-0699",-0.0988862897883438
"chr8-0700",-0.0575737526878237
"chr8-0701",0.270126725842579
"chr8-0702",0.254789981269429
"chr8-0703",0.173398900147009
"chr8-0704",-0.0106112826893243
"chr8-0705",-0.226239537138824
"chr8-0706",-0.00260280530564639
"chr8-0707",0.00874213707253271
"chr8-0708",0.0665176796076873
"chr8-0709",0.237755707760681
"chr8-0710",0.134912312484448
"chr8-0711",0.112395429432486
"chr8-0712",0.184411672096083
"chr8-0713",-0.236110287375864
"chr8-0714",0.162325263159885
"chr8-0715",0.210192364184307
"chr8-0716",0.229348131581137
"chr8-0717",0.206792905683998
"chr8-0718",0.200189070670293
"chr8-0719",-0.0275834079731385
"chr8-0720",0.166388518936213
"chr8-0721",0.0800144589617466
"chr8-0722",-0.108857320439451
"chr8-0723",-0.0453313997137277
"chr8-0724",0.064564873687904
"chr8-0725",0.115316339676939
"chr8-0726",0.0952696512464668
"chr8-0727",0.128146516839648
"chr8-0728",0.329117539247278
"chr8-0729",0.0589811414487321
"chr8-0730",0.178855146895201
"chr8-0731",0.230252475470701
"chr8-0732",0.256338186968556
"chr8-0733",0.249751843872288
"chr8-0734",0.174112459263039
"chr8-0735",0.199165945119144
"chr8-0736",0.162867150705044
"chr8-0737",-0.196515125026711
"chr8-0738",0.0925589741835394
"chr8-0739",0.00444374129935449
"chr8-0740",0.109247127247772
"chr8-0741",0.232529514824798
"chr8-0742",0.17557383481962
"chr8-0743",0.228680745147673
"chr8-0744",0.120193578093566
"chr8-0745",-0.0731996732573586
"chr8-0746",0.260065090779928
"chr8-0747",0.217161889849537
"chr8-0748",0.181679500013836
"chr8-0749",-0.120853945097923
"chr8-0750",0.265939650183686
"chr8-0751",0.0729330353775877
"chr8-0752",0.178093908811369
"chr8-0753",-0.116162958942638
"chr8-0754",0.0127675137755084
"chr8-0755",0.00920185887045871
"chr8-0756",-0.248007123904016
"chr8-0757",-0.0153104101522036
"chr8-0758",0.0325204053429862
"chr8-0759",0.127960292482014
"chr8-0760",-0.0285417315259292
"chr8-0761",0.00160380031413111
"chr8-0762",0.133322988777439
"chr8-0763",0.0561221257154387
"chr8-0764",0.029448174432482
"chr8-0765",-0.0479415555762008
"chr8-0766",-0.160534389310862
"chr8-0767",0.0576429968317346
"chr8-0768",-0.0426044384761961
"chr8-0769",-0.0154331708308862
"chr8-0770",0.0825300894221773
"chr8-0771",0.031030523244587
"chr8-0772",0.160188703192683
"chr8-0773",-0.0967734518197608
"chr8-0774",0.0140197180166721
"chr8-0775",0.111526215629041
"chr8-0776",-0.013882123327099
"chr8-0777",-0.1342525414095
"chr8-0778",0.162829399260518
"chr8-0779",0.253767819973072
"chr8-0780",-0.0437752659519649
"chr8-0781",-0.175019565657303
"chr8-0782",0.077013194456198
"chr8-0783",0.0507742018835349
"chr8-0784",0.216772689205699
"chr8-0785",0.161701080609982
"chr8-0786",-0.149924466736842
"chr8-0787",0.0288889455670489
"chr8-0788",-0.0782066951673104
"chr8-0789",-0.0693225535896335
"chr8-0790",-0.118146792264491
"chr8-0791",0.0490750639880858
"chr8-0792",0.008620770030696
"chr8-0793",-0.336858452563873
"chr8-0794",-0.261204666867572
"chr8-0795",-0.223118488144702
"chr8-0796",-0.0784917239113779
"chr8-0797",-0.032909937259782
"chr8-0798",-0.0133057191549823
"chr8-0799",0.122006805124055
"chr8-0800",0.00769554423072618
"chr8-0801",-0.0683610469640714
"chr8-0802",-0.0485912096067123
"chr8-0803",-0.154464892144414
"chr8-0804",-0.242754649970671
"chr8-0805",-0.233616628338544
"chr8-0806",-0.0751583031163493
"chr8-0807",0.112727988086556
"chr8-0808",0.183512696898991
"chr8-0809",0.184365244505277
"chr8-0810",0.0978047350368702
"chr8-0811",-0.11044098011397
"chr8-0812",-0.130293294404568
"chr8-0813",-0.117354726548927
"chr8-0814",-0.120435389473805
"chr8-0815",-0.239338613679993
"chr8-0816",-0.45959014672106
"chr8-0817",-0.297574655137749
"chr8-0818",-0.23175541407042
"chr8-0819",-0.173284047066796
"chr8-0820",-0.436013812766975
"chr8-0821",-0.126492240646888
"chr8-0822",-0.0278229430022111
"chr8-0823",-0.276108841116927
"chr8-0824",-0.420064755093709
"chr8-0825",-0.247582335489711
"chr8-0826",-0.418762432452955
"chr8-0827",-0.408693218403397
"chr8-0828",-0.262347440271604
"chr8-0829",-0.227392381675433
"chr8-0830",-0.459395007092381
"chr8-0831",-0.479755648754951
"chr8-0832",-0.511422674225221
"chr8-0833",-0.143042099199183
"chr8-0834",-0.378859962643875
"chr8-0835",-0.119096963602132
"chr8-0836",-0.231275651151251
"chr8-0837",-0.461400696506098
"chr8-0838",-0.251842632218454
"chr8-0839",-0.213430757035212
"chr8-0840",-0.320405924933696
"chr8-0841",-0.221345391970782
"chr8-0842",-0.323168316601111
"chr8-0843",-0.296977869225961
"chr8-0844",-0.351847938965575
"chr8-0845",-0.405633359990199
"chr8-0846",-0.251487590724715
"chr8-0847",-0.373240122325205
"chr8-0848",-0.282238392353812
"chr8-0849",-0.259774350922953
"chr8-0850",-0.424089579508709
"chr8-0851",-0.346749346652771
"chr8-0852",-0.446624966934099
"chr8-0853",-0.108590618521951
"chr8-0854",-0.23407644743944
"chr8-0855",-0.354706429890762
"chr8-0856",-0.323909654831279
"chr8-0857",-0.423410079811989
"chr8-0858",-0.224174727090294
"chr8-0859",-0.200447239136743
"chr8-0860",-0.260891654244387
"chr8-0861",-0.384604037425644
"chr8-0862",-0.171899819775794
"chr8-0863",-0.140191945097228
"chr8-0864",-0.232257499052443
"chr9-0001",-0.580164805033495
"chr9-0002",-1.02012821061331
"chr9-0003",-1.17151121969059
"chr9-0004",-0.975704409951776
"chr9-0005",-0.782102470691705
"chr9-0006",-1.1387293280344
"chr9-0007",-1.58688403254356
"chr9-0008",-0.420530967076598
"chr9-0009",-0.526440763203684
"chr9-0010",-0.22487916945889
"chr9-0011",-0.480741547976763
"chr9-0012",-0.155372759627486
"chr9-0013",0.0723384805028833
"chr9-0014",-0.172266673461996
"chr9-0015",-0.23833989321201
"chr9-0016",-0.296063608524566
"chr9-0017",-0.00225455774927984
"chr9-0018",-0.278589166886106
"chr9-0019",-0.210720419456704
"chr9-0020",-0.217684259379823
"chr9-0021",-0.350077795544248
"chr9-0022",-0.322888151107038
"chr9-0023",-0.290137955511319
"chr9-0024",-0.454885439258497
"chr9-0025",-0.0844604911138539
"chr9-0026",-0.368139637451747
"chr9-0027",-0.076848647199592
"chr9-0028",-0.204557780562054
"chr9-0029",-0.340961206191725
"chr9-0030",-0.728171553577712
"chr9-0031",-0.326976492155625
"chr9-0032",-0.37926492025359
"chr9-0033",-0.251153700041519
"chr9-0034",-0.633438965338076
"chr9-0035",-0.118657738603396
"chr9-0036",-0.351369862475532
"chr9-0037",-0.747804051741497
"chr9-0038",-0.635494818332293
"chr9-0039",0.195244515463464
"chr9-0040",0.086066216289028
"chr9-0041",0.103972658776762
"chr9-0042",0.206591373439322
"chr9-0043",0.0207812965738552
"chr9-0044",0.192995197974823
"chr9-0045",-0.00544193322732469
"chr9-0046",0.324268842413918
"chr9-0047",0.238175411459283
"chr9-0048",0.192715392596447
"chr9-0049",0.254196805317871
"chr9-0050",0.275096797914597
"chr9-0051",0.183584504060753
"chr9-0052",0.144212715033525
"chr9-0053",0.196117919247583
"chr9-0054",-0.0419618528640284
"chr9-0055",0.0784503273109914
"chr9-0056",-0.111354238738794
"chr9-0057",0.165117253604087
"chr9-0058",0.0543811019638206
"chr9-0059",0.166530802330902
"chr9-0060",0.149959482752544
"chr9-0061",0.30339925846604
"chr9-0062",0.167271174540503
"chr9-0063",0.216910547820815
"chr9-0064",-0.180698263412905
"chr9-0065",-0.183301860546361
"chr9-0066",-0.118707805344803
"chr9-0067",-0.0754761632454828
"chr9-0068",-0.287217165674551
"chr9-0069",-0.62273427255399
"chr9-0070",-0.481777969297053
"chr9-0071",-0.621875683990796
"chr9-0072",-0.607112127471939
"chr9-0073",-0.372676097001384
"chr9-0074",-0.304013713339742
"chr9-0075",-0.187391765006309
"chr9-0076",-0.137544000694992
"chr9-0077",-0.583366423243576
"chr9-0078",-0.105162157385558
"chr9-0079",-0.0213221787967912
"chr9-0080",-0.180753383742744
"chr9-0081",-0.489978340227673
"chr9-0082",-0.203267851830149
"chr9-0083",-0.263017693170886
"chr9-0084",-0.194763756136018
"chr9-0085",-0.136513353519663
"chr9-0086",0.278352827663118
"chr9-0087",-0.0779414511154237
"chr9-0088",-0.208690937043833
"chr9-0089",-0.485356690977056
"chr9-0090",-0.0831497968535852
"chr9-0091",0.143369381466051
"chr9-0092",0.0589705250572667
"chr9-0093",0.163589882566139
"chr9-0094",0.184192832033808
"chr9-0095",0.0541169239713506
"chr9-0096",0.0755610442654208
"chr9-0097",0.165570168004026
"chr9-0098",0.0956087060556387
"chr9-0099",0.194460478596632
"chr9-0100",0.0327922589473332
"chr9-0101",0.136695241022992
"chr9-0102",0.0399523992646322
"chr9-0103",0.0250025667313148
"chr9-0104",-0.0751611874842069
"chr9-0105",-0.107467230912432
"chr9-0106",-0.133033635864009
"chr9-0107",-0.0120305257575271
"chr9-0108",-0.197840478644046
"chr9-0109",-0.083887538463563
"chr9-0110",-0.0070788256249484
"chr9-0111",0.00693644718778693
"chr9-0112",0.0720176800133815
"chr9-0113",-0.203052910492465
"chr9-0114",-0.123171773796187
"chr9-0115",-0.0836188745254384
"chr9-0116",-0.193658869630083
"chr9-0117",-0.253126231857069
"chr9-0118",-0.136963763958736
"chr9-0119",-0.281541541680958
"chr9-0120",-0.0644114678605407
"chr9-0121",-0.16273090490686
"chr9-0122",-0.134413613859395
"chr9-0123",-0.0998244950666269
"chr9-0124",-0.0900138153951366
"chr9-0125",-0.142774930077214
"chr9-0126",-0.249378274465321
"chr9-0127",-0.137049189140803
"chr9-0128",-0.0572309172734493
"chr9-0129",-0.0242357780428728
"chr9-0130",-0.0733741803247552
"chr9-0131",-0.14509066529392
"chr9-0132",-0.17140183874984
"chr9-0133",0.15451321045071
"chr9-0134",-0.0430731977505941
"chr9-0135",-0.0707041876754456
"chr9-0136",0.0233521424821884
"chr9-0137",-0.106078189833611
"chr9-0138",-0.0632018513720516
"chr9-0139",-0.191516558860877
"chr9-0140",-0.112952175959825
"chr9-0141",0.221699061019084
"chr9-0142",0.301856114631425
"chr9-0143",0.0341050937193692
"chr9-0144",-0.190597796249722
"chr9-0145",0.0111473658231766
"chr9-0146",-0.0829554822276035
"chr9-0147",-0.108456298139183
"chr9-0148",-0.0805728087147973
"chr9-0149",-0.0456553132819148
"chr9-0150",0.0227654450692948
"chr9-0151",-0.100887930627966
"chr9-0152",0.0435855687893862
"chr9-0153",-0.056527829359844
"chr9-0154",-0.0324322595342434
"chr9-0155",0.120784549135213
"chr9-0156",-0.341349300357891
"chr9-0157",0.12110703368718
"chr9-0158",0.0324184937385194
"chr9-0159",0.0290773886622204
"chr9-0160",0.174583932694728
"chr9-0161",0.0968050380019905
"chr9-0162",0.141569702516164
"chr9-0163",0.292919257380455
"chr9-0164",0.146111560822264
"chr9-0165",0.154321258716697
"chr9-0166",0.0592619671786463
"chr9-0167",0.127073335019657
"chr9-0168",-0.127050663256583
"chr9-0169",-0.133871420424832
"chr9-0170",0.00348216348387358
"chr9-0171",0.0843365015200764
"chr9-0172",0.0354084210279823
"chr9-0173",-0.396503455171304
"chr9-0174",0.127468035765093
"chr9-0175",0.0922109957114464
"chr9-0176",-0.138651580797941
"chr9-0177",0.0883729356850104
"chr9-0178",0.177452893701094
"chr9-0179",0.239541592683417
"chr9-0180",0.13983363336182
"chr9-0181",-0.00372299018099149
"chr9-0182",0.0126628621456223
"chr9-0183",-0.0172122512615391
"chr9-0184",0.134118530345974
"chr9-0185",0.167623648463854
"chr9-0186",0.178634146030937
"chr9-0187",0.246630101122451
"chr9-0188",0.0992313940073984
"chr9-0189",-0.0590755355165644
"chr9-0190",-0.130427237102313
"chr9-0191",0.0959475189625728
"chr9-0192",0.12406072151913
"chr9-0193",-0.143558642735008
"chr9-0194",-0.133899866743969
"chr9-0195",0.0913146614035465
"chr9-0196",0.0741126231835765
"chr9-0197",0.0945692099966725
"chr9-0198",-0.0384249478850971
"chr9-0199",0.0618774564485878
"chr9-0200",0.0456760602110198
"chr9-0201",0.156974280963415
"chr9-0202",-0.0118884125012996
"chr9-0203",-0.000219499449713668
"chr9-0204",0.112360050230932
"chr9-0205",0.175291905709861
"chr9-0206",-0.0593075192894724
"chr9-0207",0.0818649562691759
"chr9-0208",0.176082712508276
"chr9-0209",0.295443886911591
"chr9-0210",0.207217169600099
"chr9-0211",0.0458509412229622
"chr9-0212",0.197128099781612
"chr9-0213",0.201035697671289
"chr9-0214",-0.0854187402184973
"chr9-0215",0.1248436487037
"chr9-0216",0.0726460634385808
"chr9-0217",-0.237304833059298
"chr9-0218",0.199770004936154
"chr9-0219",-0.0606783762968739
"chr9-0220",-0.0480869489837399
"chr9-0221",0.0645927507376965
"chr9-0222",0.135729421921587
"chr9-0223",0.104368085413511
"chr9-0224",0.0599509037430461
"chr9-0225",-0.103784718682378
"chr9-0226",-0.0422865572184407
"chr9-0227",-0.0194476780095891
"chr9-0228",0.331588213553286
"chr9-0229",-0.0359791235765676
"chr9-0230",0.196486251430537
"chr9-0231",0.0271632219587821
"chr9-0232",-0.221531786974515
"chr9-0233",0.0787823678358219
"chr9-0234",0.0885186243449228
"chr9-0235",-0.0807792074992996
"chr9-0236",-0.18916733976934
"chr9-0237",-0.0652399453546979
"chr9-0238",-0.14229424785544
"chr9-0239",-0.0614789739518376
"chr9-0240",-0.123035846160756
"chr9-0241",0.0453834392562852
"chr9-0242",0.174147635439391
"chr9-0243",0.0665514779893702
"chr9-0244",0.0576208196069317
"chr9-0245",-0.226570123843105
"chr9-0246",-0.001387764926971
"chr9-0247",-0.105389788707369
"chr9-0248",-0.0242197739502021
"chr9-0249",-0.162718873051465
"chr9-0250",-0.107021243576711
"chr9-0251",0.08293209902993
"chr9-0252",0.0929027724871027
"chr9-0253",-0.215567458106415
"chr9-0254",0.00577328148350364
"chr9-0255",-0.0237862718661607
"chr9-0256",0.00305989162718105
"chr9-0257",0.0601923090268381
"chr9-0258",-0.184892691306097
"chr9-0259",0.0273965618121638
"chr9-0260",0.0936477342925146
"chr9-0261",-0.148112302473757
"chr9-0262",-0.0396295374129499
"chr9-0263",-0.0306931538007361
"chr9-0264",-0.0131190931170697
"chr9-0265",0.0837133093127147
"chr9-0266",-0.0576431809817007
"chr9-0267",0.113136272816016
"chr9-0268",0.0348313575604053
"chr9-0269",-0.176457077369449
"chr9-0270",-0.12553022811129
"chr9-0271",-0.0753559606841733
"chr9-0272",-0.22295521879432
"chr9-0273",-0.209342993835432
"chr9-0274",-0.304954806423421
"chr9-0275",-0.321408571715709
"chr9-0276",-0.343419427037582
"chr9-0277",-0.0991992740681415
"chr9-0278",-0.15868808208507
"chr9-0279",0.00675276942260839
"chr9-0280",-0.169764291483617
"chr9-0281",-0.1266799584322
"chr9-0282",-0.336272926735271
"chr9-0283",-0.0633609561171299
"chr9-0284",-0.0489346214586758
"chr9-0285",0.00202989352497935
"chr9-0286",0.105167274989214
"chr9-0287",-0.00521219476660181
"chr9-0288",0.132439343011011
"chr9-0289",0.0959927226257559
"chr9-0290",0.133829849244983
"chr9-0291",0.0321958088179478
"chr9-0292",-0.0651973257872154
"chr9-0293",0.0843219203141062
"chr9-0294",-0.112264572155681
"chr9-0295",-0.0354507292846665
"chr9-0296",-0.0700313543481957
"chr9-0297",0.0205706454188333
"chr9-0298",0.0823059349701797
"chr9-0299",0.0611649396006155
"chr9-0300",-0.221341405234888
"chr9-0301",0.0626884973305643
"chr9-0302",-0.0791094799882872
"chr9-0303",0.155838624567047
"chr9-0304",-0.0780799031921599
"chr9-0305",0.0480907358544058
"chr9-0306",-0.0513552920866435
"chr9-0307",-0.205230961933588
"chr9-0308",0.0237799873299305
"chr9-0309",-0.177572725562867
"chr9-0310",-0.0921687403368509
"chr9-0311",0.00117391752298473
"chr9-0312",-0.086854489349315
"chr9-0313",0.0550653164638784
"chr9-0314",-0.0969549094461195
"chr9-0315",0.00171926392227556
"chr9-0316",0.0416502164822257
"chr9-0317",-0.0494921444359116
"chr9-0318",-0.167071592154101
"chr9-0319",-0.0632197460723255
"chr9-0320",0.0679413480128227
"chr9-0321",-0.232085954171419
"chr9-0322",-0.118611731442682
"chr9-0323",-0.132556934443577
"chr9-0324",-0.046205702478591
"chr9-0325",-0.168867347337733
"chr9-0326",0.00946884493641518
"chr9-0327",-0.0325099764113923
"chr9-0328",-0.0291427605669021
"chr9-0329",0.0600044370643374
"chr9-0330",0.0926744931145265
"chr9-0331",-0.137585740257974
"chr9-0332",-0.0239950742745555
"chr9-0333",-0.000207692722305737
"chr9-0334",-0.105943962208563
"chr9-0335",0.214534724949274
"chr9-0336",0.179523684582822
"chr9-0337",-0.107751758931083
"chr9-0338",0.121679721075931
"chr9-0339",0.0466893893394771
"chr9-0340",0.126165390090348
"chr9-0341",0.0827553353012345
"chr9-0342",-0.143601899298747
"chr9-0343",-0.002319780301918
"chr9-0344",0.0733179886261527
"chr9-0345",0.0739627435561682
"chr9-0346",-0.112468211530367
"chr9-0347",0.143466281982619
"chr9-0348",0.028919498849953
"chr9-0349",0.0221042128812607
"chr9-0350",0.125988373021031
"chr9-0351",0.0250131600465215
"chr9-0352",0.222552418131357
"chr9-0353",0.270898386234455
"chr9-0354",-0.0646312205896496
"chr9-0355",-0.0770065235323752
"chr9-0356",0.14261110983895
"chr9-0357",0.236357925467514
"chr9-0358",0.0432071005073184
"chr9-0359",-0.0916953020406145
"chr9-0360",-0.162714939198851
"chr9-0361",-0.0395863456146337
"chr9-0362",-0.142264988352444
"chr9-0363",-0.00972163249690874
"chr9-0364",0.00581724637654616
"chr9-0365",0.0503625148614222
"chr9-0366",-0.00368435367347919
"chr9-0367",0.072001646145917
"chr9-0368",0.119826339943946
"chr9-0369",0.136007663433724
"chr9-0370",0.117029219912742
"chr9-0371",-0.00858528266566696
"chr9-0372",-0.0395866806072118
"chr9-0373",-0.0524310358032422
"chr9-0374",0.191825740686007
"chr9-0375",0.114907937822014
"chr9-0376",0.119828781901238
"chr9-0377",-0.150246900774962
"chr9-0378",-0.0928959395512649
"chr9-0379",-0.277007730357763
"chr9-0380",0.0239316638066835
"chr9-0381",0.130784312632846
"chr9-0382",0.133624106200762
"chr9-0383",-0.214482869777799
"chr9-0384",-0.123735122554987
"chr9-0385",-0.203358966204818
"chr9-0386",0.0416169569021134
"chr9-0387",-0.00821287475882725
"chr9-0388",-0.0552307578276691
"chr9-0389",0.0786321161838688
"chr9-0390",-0.215597628228269
"chr9-0391",-0.0336474269849653
"chr9-0392",-0.11844484315882
"chr9-0393",-0.231875413090117
"chr9-0394",-0.246305210498395
"chr9-0395",-0.0278949902570468
"chr9-0396",-0.160878390966364
"chr9-0397",0.0413864902820584
"chr9-0398",-0.0541323012500568
"chr9-0399",-0.0901728161133353
"chr9-0400",-0.220890843327206
"chr9-0401",-0.205835531800988
"chr9-0402",-0.114078896235959
"chr9-0403",0.0230959803662324
"chr9-0404",-0.0964468115145697
"chr9-0405",-0.108015734622354
"chr9-0406",-0.00777607606320903
"chr9-0407",0.103059321843147
"chr9-0408",0.137888274766418
"chr9-0409",-0.0809351587910481
"chr9-0410",0.178029997103764
"chr9-0411",0.250573381868646
"chr9-0412",0.131379618703228
"chr9-0413",0.123379894779591
"chr9-0414",0.14002471781494
"chr9-0415",0.00799129025274923
"chr9-0416",0.145125992970477
"chr9-0417",0.0623293907006042
"chr9-0418",0.172962586508745
"chr9-0419",0.293568738636264
"chr9-0420",0.0707169757851444
"chr9-0421",0.200640079773684
"chr9-0422",0.10824959285487
"chr9-0423",0.125524762625515
"chr9-0424",0.0308658750926434
"chr9-0425",-0.10409719253074
"chr9-0426",0.0163752902145165
"chr9-0427",0.0805714132190413
"chr9-0428",-0.22520135891234
"chr9-0429",0.118867637462515
"chr9-0430",-0.00403693021741271
"chr9-0431",0.222912027160583
"chr9-0432",-0.0890991631494695
"chr9-0433",-0.013563400883759
"chr9-0434",-0.00257539422395925
"chr9-0435",-0.189303105684489
"chr9-0436",-0.0572988244026946
"chr9-0437",-0.234625702219589
"chr9-0438",-0.12717716010538
"chr9-0439",-0.0673606975080759
"chr9-0440",0.0258562673649477
"chr9-0441",0.0261946100580391
"chr9-0442",-0.10632668524399
"chr9-0443",-0.11556691628914
"chr9-0444",-0.205467709663726
"chr9-0445",-0.00703916134757323
"chr9-0446",-0.0884370253309652
"chr9-0447",0.069561492284447
"chr9-0448",-0.0293747811967145
"chr9-0449",-0.0318681547789501
"chr9-0450",-0.0691620577426779
"chr9-0451",-0.148630229689742
"chr9-0452",0.281081557235717
"chr9-0453",0.0094702951193117
"chr9-0454",-0.250393088495754
"chr9-0455",0.040804222041753
"chr9-0456",0.12407156502127
"chr9-0457",0.129399126226326
"chr9-0458",0.10473303347169
"chr9-0459",-0.0682227108963206
"chr9-0460",-0.0902439182547912
"chr9-0461",-0.216802554582587
"chr9-0462",-0.042670871805398
"chr9-0463",-0.294255813535048
"chr9-0464",-0.0381426841413622
"chr9-0465",-0.270006980220366
"chr9-0466",-0.314184172832207
"chr9-0467",-0.227408391201021
"chr9-0468",-0.229889308019712
"chr9-0469",-0.321302480376851
"chr9-0470",0.150264233834632
"chr9-0471",-0.0285613528121436
"chr9-0472",-0.0308161682714914
"chr9-0473",0.0914248286806063
"chr9-0474",0.318986162524891
"chr9-0475",-0.10095836746912
"chr9-0476",0.0232654220421331
"chr9-0477",-0.184471871038164
"chr9-0478",-0.069854143644471
"chr9-0479",0.00738178027012478
"chr9-0480",0.0330005701972378
"chr9-0481",-0.251178586499096
"chr9-0482",-0.23952552160398
"chr9-0483",-0.3169376944678
"chr9-0484",-0.289274031921582
"chr9-0485",-0.191399945031802
"chr9-0486",-0.0856202592206343
"chr9-0487",-0.0685454084532931
"chr9-0488",-0.124748470224251
"chr9-0489",0.0542188945334614
"chr9-0490",-0.0288839220705157
"chr9-0491",-0.157479722549875
"chr9-0492",-0.304837348718356
"chr9-0493",-0.202535629985697
"chr9-0494",-0.00131977479083543
"chr9-0495",-0.288405611487594
"chr9-0496",-0.397316536707155
"chr9-0497",-0.294580306829738
"chr9-0498",-0.329753820215355
"chr9-0499",-0.333136989046797
"chr9-0500",-0.208446872217335
"chr9-0501",-0.282754066763551
"chr9-0502",-0.263225684737077
"chr9-0503",-0.39206235529683
"chr9-0504",-0.188678767488023
"chr9-0505",-0.287355546939319
"chr9-0506",-0.118202980992344
"chr9-0507",-0.0587020377758502
"chr9-0508",-0.297279532048939
"chr9-0509",-0.339691433447587
"chr9-0510",-0.352692631798278
"chr9-0511",-0.157188259559099
"chr9-0512",-0.247942399452699
"chr9-0513",-0.441630317902448
"chr9-0514",-0.268738417629691
"chr9-0515",-0.276411083003561
"chr9-0516",-0.210681067376426
"chr9-0517",-0.140873470084219
"chr9-0518",-0.177103805126073
"chr9-0519",-0.270624982778796
"chr9-0520",-0.286929279372461
"chr9-0521",-0.186928541263316
"chr9-0522",-0.244799707819754
"chr9-0523",-0.280962203076107
"chr9-0524",-0.387144224172627
"chr9-0525",0.090854282179702
"chr9-0526",-0.259595236596155
"chr9-0527",-0.126335821761425
"chr9-0528",-0.321896659788155
"chr9-0529",-0.231674290292542
"chr9-0530",-0.232454673958062
"chr9-0531",-0.317184959793166
"chr9-0532",-0.161871954863482
"chr9-0533",-0.213241585255122
"chr9-0534",0.00848668935718529
"chr9-0535",-0.345566594429491
"chr9-0536",-0.358228561196907
"chr9-0537",-0.284369549612679
"chr9-0538",-0.165841976264288
"chr9-0539",0.251011621314926
"chr9-0540",-0.270932872962548
"chr9-0541",-0.11860135732804
"chr9-0542",-0.0346995750695648
"chr9-0543",-0.182430596149071
"chr9-0544",-0.121518591241443
"chr9-0545",-0.0141085399589648
"chr9-0546",0.0343707679646425
"chr9-0547",-0.207277864683795
"chr9-0548",-0.0793111666228391
"chr9-0549",0.14320232135954
"chr9-0550",-0.00433899370054216
"chr9-0551",-0.291303782193717
"chr9-0552",-0.150582449173068
"chr9-0553",-0.120874547581099
"chr9-0554",-0.122897196571171
"chr9-0555",-0.274839857692521
"chr9-0556",-0.0870134799899275
"chr9-0557",-0.337518491068699
"chr9-0558",-0.279475866967443
"chr9-0559",-0.211355890866671
"chr9-0560",-0.253463740408835
"chr9-0561",-0.21651349995965
"chr9-0562",-0.357849531610901
"chr9-0563",-0.253518143870388
"chr9-0564",-0.392179257069754
"chr9-0565",-0.346491749010623
"chr9-0566",-0.390347905433269
"chr9-0567",-0.469281498266793
"chr9-0568",-0.235430516606082
"chr9-0569",-0.218728254766383
"chr9-0570",-0.349535792595743
"chr9-0571",-0.285815254383335
"chr9-0572",-0.33314113699659
"chr9-0573",-0.398850685743941
"chr9-0574",-0.280916330050067
"chr9-0575",-0.388549936537728
"chr9-0576",-0.207366442304688
"chr9-0577",-0.392443924000685
"chr9-0578",-0.473667707007136
"chr9-0579",-0.338658990235279
"chr9-0580",-0.195285249138963
"chr9-0581",-0.105782229447953
"chr9-0582",-0.165863527906171
"chr9-0583",-0.326390765880782
"chr9-0584",-0.259487949239226
"chr9-0585",-0.158191620338933
"chr9-0586",-0.308813762764619
"chr9-0587",-0.0506805403380823
"chr9-0588",-0.337560889268276
"chr9-0589",-0.383773841592922
"chr9-0590",-0.323694643211871
"chr9-0591",-0.177711589992152
"chr9-0592",-0.375597390187893
"chr9-0593",-0.292857361536399
"chr9-0594",-0.268345619099152
"chr9-0595",-0.277406242466389
"chr9-0596",-0.653266023270233
"chr9-0597",-0.353877110334663
"chr9-0598",-0.0384321296111238
"chr9-0599",-0.206001442398705
"chr9-0600",-0.275071729197356
"chr9-0601",-0.419051059133419
"chr9-0602",-0.413631706390987
"chr9-0603",-0.418521454933504
"chr9-0604",-0.48174932738203
"chr9-0605",-0.360824599798489
"chr9-0606",-0.337842544458627
"chr9-0607",-0.381098315484666
"chr9-0608",-0.370639956298408
"chr9-0609",-0.416870075969937
"chr9-0610",-0.352986216816696
"chr9-0611",-0.414971072034751
"chr9-0612",-0.248344005015051
"chr9-0613",-0.519461310158757
"chr9-0614",-0.394098355157591
"chr9-0615",-0.400195271688465
"chr9-0616",-0.401556664444222
"chr9-0617",-0.426945473986014
"chr9-0618",-0.33127012756321
"chr9-0619",-0.449747591856586
"chr9-0620",-0.32273111656843
"chr9-0621",-0.394611681929531
"chr9-0622",0.113687265997696
"chr9-0623",-0.0462861994031914
"chr9-0624",-0.0505158231410005
"chr9-0625",-0.186386488130948
"chr9-0626",-0.205277665256815
"chr9-0627",-0.109624985330294
"chrX-0001",-0.775232937926881
"chrX-0002",-0.591794988143372
"chrX-0003",-0.686766069185672
"chrX-0004",-0.587285363077827
"chrX-0005",-0.696294725974753
"chrX-0006",-0.854801158625051
"chrX-0007",1.00270290445603
"chrX-0008",-0.496433130646581
"chrX-0009",-0.573109087955983
"chrX-0010",-0.933456909487318
"chrX-0011",-0.561743627070139
"chrX-0012",-0.721608378920899
"chrX-0013",-0.964862107752283
"chrX-0014",-0.642873192836199
"chrX-0015",-0.575675900254552
"chrX-0016",-0.51597017017062
"chrX-0017",-0.617704286876581
"chrX-0018",-0.454835090463992
"chrX-0019",-1.06525263822211
"chrX-0020",-0.539925751606586
"chrX-0021",-0.89605140852204
"chrX-0022",-0.815379477226431
"chrX-0023",-0.569275736461444
"chrX-0024",-0.549824005185448
"chrX-0025",-0.717531735442394
"chrX-0026",-0.684145220137244
"chrX-0027",-0.83434260862941
"chrX-0028",-0.706968104569225
"chrX-0029",-0.506598721718571
"chrX-0030",-0.903962177747456
"chrX-0031",-0.590367553263622
"chrX-0032",-0.602187790165434
"chrX-0033",-0.458214281492252
"chrX-0034",-0.692826172068399
"chrX-0035",-0.57851216953584
"chrX-0036",-0.513931379347853
"chrX-0037",-0.464968186744763
"chrX-0038",-0.588549511190955
"chrX-0039",-0.508542385919711
"chrX-0040",-0.770100151602184
"chrX-0041",-0.861214531384854
"chrX-0042",-0.383954597525468
"chrX-0043",-0.658212392865792
"chrX-0044",-0.537150994256285
"chrX-0045",-0.809988280878184
"chrX-0046",-0.742468799426481
"chrX-0047",-0.606969947305507
"chrX-0048",-0.468289188183702
"chrX-0049",-0.791303165409062
"chrX-0050",-0.88387294168032
"chrX-0051",-0.705661983052783
"chrX-0052",-0.658259184019247
"chrX-0053",-1.1573074457892
"chrX-0054",-1.07802623562867
"chrX-0055",-0.932988038845639
"chrX-0056",-0.737338531980123
"chrX-0057",-0.654549635254458
"chrX-0058",-0.818184603739656
"chrX-0059",-0.586013087574431
"chrX-0060",-0.506961229329663
"chrX-0061",-0.84087781915036
"chrX-0062",-0.681809054050758
"chrX-0063",-0.518819912679246
"chrX-0064",-0.756417250420194
"chrX-0065",-0.569779201696358
"chrX-0066",-0.848773157960176
"chrX-0067",-0.57794691134366
"chrX-0068",-0.906190808737237
"chrX-0069",-0.646413988295839
"chrX-0070",-0.632975895844095
"chrX-0071",-0.600013502742092
"chrX-0072",-0.739937011918397
"chrX-0073",-0.380509553285875
"chrX-0074",-0.862832795096351
"chrX-0075",-0.810746845927789
"chrX-0076",-0.578854396746271
"chrX-0077",-1.06179581724731
"chrX-0078",-0.590218707650273
"chrX-0079",-1.31789817335778
"chrX-0080",-0.802253471336383
"chrX-0081",-0.441817429810013
"chrX-0082",-0.358149397177904
"chrX-0083",-0.868130524339206
"chrX-0084",-0.765516680005856
"chrX-0085",-0.681214723650927
"chrX-0086",-0.84940077475591
"chrX-0087",-0.904369694601948
"chrX-0088",-0.606500315804938
"chrX-0089",-0.575519963451188
"chrX-0090",-0.755013606473638
"chrX-0091",-0.566712311289203
"chrX-0092",-0.843050320477552
"chrX-0093",-0.840163086548261
"chrX-0094",-0.63586337756602
"chrX-0095",-0.720732361516228
"chrX-0096",-0.523056135433302
"chrX-0097",-0.563764995857868
"chrX-0098",-0.524136606920492
"chrX-0099",-0.702155172919055
"chrX-0100",-0.687321824932345
"chrX-0101",-0.716540126156761
"chrX-0102",-0.751321258360687
"chrX-0103",-0.644496084509472
"chrX-0104",-0.575777833884225
"chrX-0105",-0.419537770089372
"chrX-0106",-0.360741342296417
"chrX-0107",-0.589986099294025
"chrX-0108",-0.542396203799838
"chrX-0109",-0.738696813479375
"chrX-0110",-0.737848940823536
"chrX-0111",-0.701920406534299
"chrX-0112",-0.604387014021208
"chrX-0113",-0.587323273986948
"chrX-0114",-0.63234473409993
"chrX-0115",-0.727976158811845
"chrX-0116",-0.870790544408456
"chrX-0117",-0.698732728026558
"chrX-0118",-0.626168635224552
"chrX-0119",-0.952847634948208
"chrX-0120",-0.787915375249549
"chrX-0121",-1.11351025579593
"chrX-0122",-0.379634001194876
"chrX-0123",-0.687960421097704
"chrX-0124",-0.645651839865725
"chrX-0125",-0.580302486401657
"chrX-0126",-0.796085298494762
"chrX-0127",-0.799338392357557
"chrX-0128",-0.99743332468162
"chrX-0129",-0.714831782755187
"chrX-0130",-0.841176264396024
"chrX-0131",-0.971832676839742
"chrX-0132",-0.801687607427713
"chrX-0133",-0.48915623087541
"chrX-0134",-0.641999783612887
"chrX-0135",-0.82528569908125
"chrX-0136",-0.569546047999715
"chrX-0137",-0.623002478267927
"chrX-0138",-0.969819502102778
"chrX-0139",0.436911930921219
"chrX-0140",1.19707998596789
"chrX-0141",1.0221082357775
"chrX-0142",1.22596879352479
"chrX-0143",0.882172868532861
"chrX-0144",0.904177999036995
"chrX-0145",1.08591593457864
"chrX-0146",1.06777590143738
"chrX-0147",1.20422671434699
"chrX-0148",0.831170510415546
"chrX-0149",0.794467624502615
"chrX-0150",1.20661114300688
"chrX-0151",0.919958272030404
"chrX-0152",0.908732279161901
"chrX-0153",0.878520275659886
"chrX-0154",1.01669763286058
"chrX-0155",0.758109507261186
"chrX-0156",0.975716672107583
"chrX-0157",0.968628409105239
"chrX-0158",0.806841369698674
"chrX-0159",0.948045188710054
"chrX-0160",0.999023630330006
"chrX-0161",0.997188286559244
"chrX-0162",0.964821226312066
"chrX-0163",0.832154454162271
"chrX-0164",0.858311276223297
"chrX-0165",0.902876977181607
"chrX-0166",0.722548059960697
"chrX-0167",0.810123272976227
"chrX-0168",0.764966384057335
"chrX-0169",0.9451081102293
"chrX-0170",0.724423982787517
"chrX-0171",0.703180702355064
"chrX-0172",0.723476964095107
"chrX-0173",0.77913990562425
"chrX-0174",0.891618472747452
"chrX-0175",0.823519530382473
"chrX-0176",0.955025235476077
"chrX-0177",1.07080624345156
"chrX-0178",1.22502468812232
"chrX-0179",1.01538283923634
"chrX-0180",0.86794517324807
"chrX-0181",1.06464531344316
"chrX-0182",0.858126200157426
"chrX-0183",0.848073942792449
"chrX-0184",1.24926857006876
"chrX-0185",0.952428595063424
"chrX-0186",0.872398212882128
"chrX-0187",0.812361806625688
"chrX-0188",0.958285738106271
"chrX-0189",0.706991903801375
"chrX-0190",0.829865108313939
"chrX-0191",0.692018580680819
"chrX-0192",1.09254948714455
"chrX-0193",1.16350478381911
"chrX-0194",0.972506026510044
"chrX-0195",0.958812267033493
"chrX-0196",0.545031197259469
"chrX-0197",0.948923385009245
"chrX-0198",0.846262460518647
"chrX-0199",0.878351224778556
"chrX-0200",0.879907903122053
"chrX-0201",0.902124584403114
"chrX-0202",0.913721868752702
"chrX-0203",1.08769218513232
"chrX-0204",1.00661413692626
"chrX-0205",1.07893707454295
"chrX-0206",1.12820218543494
"chrX-0207",1.09055724583037
"chrX-0208",1.14697153129624
"chrX-0209",0.88595974735753
"chrX-0210",0.501852481624349
"chrX-0211",-0.682116379823315
"chrX-0212",-1.00235830045564
"chrX-0213",-0.764860461756019
"chrX-0214",-0.732664752687952
"chrX-0215",-0.740269869641201
"chrX-0216",-0.698833538077476
"chrX-0217",-0.598642297825617
"chrX-0218",-0.628593861479755
"chrX-0219",-0.854453895288542
"chrX-0220",-0.729633504360081
"chrX-0221",-0.87343994678847
"chrX-0222",-0.483478075992431
"chrX-0223",-0.486411918251991
"chrX-0224",-1.02409621628307
"chrX-0225",-0.820830513995954
"chrX-0226",-0.773600734824655
"chrX-0227",-0.880033053066944
"chrX-0228",-0.844531500290863
"chrX-0229",-0.70245257489763
"chrX-0230",-0.578997415465609
"chrX-0231",-0.70450124989459
"chrX-0232",-1.02208220217135
"chrX-0233",-0.624871250851728
"chrX-0234",-0.800091135482737
"chrX-0235",-0.871588509753744
"chrX-0236",-0.756075708828819
"chrX-0237",-0.974623991979235
"chrX-0238",-1.08648451018817
"chrX-0239",-0.733491183306674
"chrX-0240",-0.690558909299784
"chrX-0241",-0.705590350924029
"chrX-0242",-0.697031175508636
"chrX-0243",-0.586095295221528
"chrX-0244",-0.805480145279593
"chrX-0245",-0.912216358144137
"chrX-0246",-0.706327342561626
"chrX-0247",-0.561655909063779
"chrX-0248",-0.972564811507615
"chrX-0249",-0.66968309881887
"chrX-0250",-0.909719896266861
"chrX-0251",-0.614702864722645
"chrX-0252",-0.807974013597712
"chrX-0253",-0.560143310255916
"chrX-0254",-0.81128920257913
"chrX-0255",-0.989682061149074
"chrX-0256",-0.741100976790392
"chrX-0257",-1.00950549487101
"chrX-0258",-0.677697710443353
"chrX-0259",-0.761082318048494
"chrX-0260",-0.830634860450199
"chrX-0261",-0.902940020072702
"chrX-0262",-0.651355179876331
"chrX-0263",-0.76206800976998
"chrX-0264",-0.674279790775593
"chrX-0265",-0.632328837740046
"chrX-0266",-0.451953608023657
"chrX-0267",-0.912138952810502
"chrX-0268",-0.561229351231568
"chrX-0269",-1.09760271133264
"chrX-0270",-0.6312540364648
"chrX-0271",-0.43430820525737
"chrX-0272",-0.819802974705829
"chrX-0273",-0.712025544289222
"chrX-0274",-0.789381731911152
"chrX-0275",-0.517428048022973
"chrX-0276",-0.896492271381097
"chrX-0277",-1.04756965169041
"chrX-0278",-0.597520992167887
"chrX-0279",-0.549149804065561
"chrX-0280",-0.884149360124301
"chrX-0281",-0.697924132967168
"chrX-0282",-0.510251878054425
"chrX-0283",-0.776823658790379
"chrX-0284",-0.725910997466043
"chrX-0285",-0.643405152384828
"chrX-0286",-0.730840558152963
"chrX-0287",-0.635834908580001
"chrX-0288",-0.722825268255744
"chrX-0289",-0.662208202039087
"chrX-0290",-0.868395627909652
"chrX-0291",-0.981783890585301
"chrX-0292",-0.72192375096447
"chrX-0293",-0.969742826065584
"chrX-0294",-0.834705709279711
"chrX-0295",-0.575835347766493
"chrX-0296",-0.637404320392883
"chrX-0297",-0.823671664594035
"chrX-0298",-0.590703440790529
"chrX-0299",-0.650751212123537
"chrX-0300",-0.887833293622114
"chrX-0301",-0.705660389649938
"chrX-0302",-0.594120819906199
"chrX-0303",-0.738169068725486
"chrX-0304",-0.599596566013915
"chrX-0305",-0.96606139490343
"chrX-0306",-0.773138926327282
"chrX-0307",-1.18742700015926
"chrX-0308",-0.975967521153384
"chrX-0309",-0.415776904228289
"chrX-0310",-0.583102345564452
"chrX-0311",-0.590270401059296
"chrX-0312",-0.669339729845008
"chrX-0313",-0.755268050967633
"chrX-0314",-0.750816995932045
"chrX-0315",-0.843558921536522
"chrX-0316",-0.843151125687683
"chrX-0317",-0.987474136954994
"chrX-0318",-1.03942285133392
"chrX-0319",-0.637959360224627
"chrX-0320",-0.944578300995206
"chrX-0321",-0.644898387766705
"chrX-0322",-0.603701793733822
"chrX-0323",-1.08405152084059
"chrX-0324",-0.589986973205946
"chrX-0325",-0.670060467035467
"chrX-0326",-0.662010785569204
"chrX-0327",-0.635285150076635
"chrX-0328",-0.574971518836329
"chrX-0329",-0.692575775390029
"chrX-0330",-0.876976078841755
"chrX-0331",-0.577186312207348
"chrX-0332",-0.981132732874255
"chrX-0333",-0.660811555395241
"chrX-0334",-0.331520609361837
"chrX-0335",-0.644440670938888
"chrX-0336",-0.854617371361181
"chrX-0337",-0.864745378618214
"chrX-0338",-0.638301604571136
"chrX-0339",-0.545522834842121
"chrX-0340",-0.691070338041218
"chrX-0341",-0.601068976361482
"chrX-0342",-0.605871188706441
"chrX-0343",-0.466447661387688
"chrX-0344",-0.621292517927644
"chrX-0345",-0.571673261945668
"chrX-0346",-0.761492096073483
"chrX-0347",-0.847287509769
"chrX-0348",-0.616067113692414
"chrX-0349",-0.900142037304367
"chrX-0350",-0.822837907511864
"chrX-0351",-0.796415282728523
"chrX-0352",-0.744921952419618
"chrX-0353",-0.651100111817918
"chrX-0354",-0.879745736426327
"chrX-0355",-0.983864770439779
"chrX-0356",-1.14237057339796
"chrX-0357",-0.956895027587205
"chrX-0358",-0.837438300622449
"chrX-0359",-0.592026760849596
"chrX-0360",-0.811348693729525
"chrX-0361",-0.738912247758341
"chrX-0362",-0.731295802261091
"chrX-0363",-0.705595283614541
"chrX-0364",-0.628874938946923
"chrX-0365",-0.60731298441803
"chrX-0366",-0.560061169557554
"chrX-0367",-0.634864716655621
"chrX-0368",-0.656663561407804
"chrX-0369",-0.624179032965073
"chrX-0370",-0.674406497387691
"chrX-0371",-0.652982715046197
"chrX-0372",-0.712360558681748
"chrX-0373",-0.980443532802919
"chrX-0374",-0.824410326515057
"chrX-0375",-0.704011672965051
"chrX-0376",-0.642809853685337
"chrX-0377",-1.57911667274673
"chrX-0378",-0.818293551945616
"chrX-0379",-0.967972044944928
"chrX-0380",-1.00638749632795
"chrX-0381",-0.880030151761571
"chrX-0382",-0.631769718684069
"chrX-0383",-0.754578679086396
"chrX-0384",-0.570775627278414
"chrX-0385",-0.696323817941382
"chrX-0386",-0.697117127160496
"chrX-0387",-0.710521175497163
"chrX-0388",-0.905223515470364
"chrX-0389",-0.845045735296563
"chrX-0390",-0.383494282758726
"chrX-0391",-0.865962750337464
"chrX-0392",-0.790674145378744
"chrX-0393",-0.773749500486211
"chrX-0394",-0.76818413353257
"chrX-0395",-0.773642971541595
"chrX-0396",-0.650260669455222
"chrX-0397",-0.861342235729909
"chrX-0398",-0.611362708684153
"chrX-0399",-0.441554628300898
"chrX-0400",-0.658900726270551
"chrX-0401",-0.536029589551578
"chrX-0402",-1.12325924476675
"chrX-0403",-1.06573214209265
"chrX-0404",-0.728266515874813
"chrX-0405",-1.4956026260088
"chrX-0406",-0.690899749944252
"chrX-0407",-0.894478201156698
"chrX-0408",-0.738127605314784
"chrX-0409",-0.567786373631386
"chrX-0410",-0.92644049081264
"chrX-0411",-0.732829446799364
"chrX-0412",-0.736527841445932
"chrX-0413",-0.713167662839566
"chrX-0414",-0.531956028679459
"chrX-0415",-0.649363359724541
"chrX-0416",-0.596288148039227
"chrX-0417",-0.562402673670524
"chrX-0418",-0.724080307564687
"chrX-0419",-0.586526168190506
"chrX-0420",1.0372369922438
"chrX-0421",0.973737410590176
"chrX-0422",1.19475199001312
"chrX-0423",1.19005961510629
"chrX-0424",1.14798194487106
"chrX-0425",0.971940441689886
"chrX-0426",1.04646908224072
"chrX-0427",1.00287314748639
"chrX-0428",1.03579571476639
"chrX-0429",1.10273837211954
"chrX-0430",0.984585179563134
"chrX-0431",0.874693346139107
"chrX-0432",0.838568910116789
"chrX-0433",1.26595421318119
"chrX-0434",1.23607747721568
"chrX-0435",1.01445522442287
"chrX-0436",1.0776828228415
"chrX-0437",0.979164233663691
"chrX-0438",0.861506958645088
"chrX-0439",0.898140860522172
"chrX-0440",1.01337307069371
"chrX-0441",0.982790970297407
"chrX-0442",0.951637117114749
"chrX-0443",0.88848074818503
"chrX-0444",0.998969406815246
"chrX-0445",0.947680883193865
"chrX-0446",0.904067909319041
"chrX-0447",0.78725999575188
"chrX-0448",0.948249612667489
"chrX-0449",0.945334653938979
"chrX-0450",0.908009790612141
"chrX-0451",1.1400535245225
"chrX-0452",0.816548380738104
"chrX-0453",1.03899799256427
"chrX-0454",0.709431513336561
"chrX-0455",0.710491107377149
"chrX-0456",0.908258435606879
"chrX-0457",0.903938318985594
"chrX-0458",0.686328291692436
"chrX-0459",0.60383391170926
"chrX-0460",0.611304057820751
"chrX-0461",0.573663537931322
"chrX-0462",0.514192390248758
"chrX-0463",0.480346779061604
"chrX-0464",0.590387085355188
"chrX-0465",0.491070405171745
"chrX-0466",0.782037313106523
"chrX-0467",0.993373459927107
"chrX-0468",0.842584017003994
"chrX-0469",0.713577456028695
"chrX-0470",0.651749642849229
"chrX-0471",0.71966290043263
"chrX-0472",0.748618219762482
"chrX-0473",0.964833726786605
"chrX-0474",1.07176456140369
"chrX-0475",0.994160253933486
"chrX-0476",1.00038037512326
"chrX-0477",1.05987673877905
"chrY-0001",-4.04984669549593
"chrY-0002",-4.70527086107047
"chrY-0003",-4.32756373217943
"chrY-0004",-5.20223672844277
"chrY-0005",-4.40664777976667
"chrY-0006",0.0915407730663696
"chrY-0007",-2.84144369619841
"chrY-0008",-4.55751737275061
"chrY-0009",-4.42449578344773
"chrY-0010",-4.23726524380276
"chrY-0011",-4.50415906339143
"chrY-0012",-4.6305627181663
"chrY-0013",-4.31946795525131
"chrY-0014",-4.38233842583695
"chrY-0015",-4.882802555851
