"","value"
"chr1-001",0.00874131225399789
"chr1-002",0.0398418796716436
"chr1-003",0.0204635587213611
"chr1-004",0.0554619850178258
"chr1-005",0.0397173077446532
"chr1-006",0.0305566506635234
"chr1-007",0.0157252020486733
"chr1-008",0.00060044752710712
"chr1-009",-0.0189913165908403
"chr1-010",-0.0610616189188692
"chr1-011",-0.0479918194443596
"chr1-012",0.0471222056712382
"chr1-013",0.00267792133476938
"chr1-014",0.00613805510959323
"chr1-015",-0.00103054112196932
"chr1-016",-0.0123552504377894
"chr1-017",0.0353566220155779
"chr1-018",-0.0403896744944699
"chr1-019",0.000771858080721717
"chr1-020",-0.0202901145792936
"chr1-021",-0.0339746822270459
"chr1-022",0.0488806189454429
"chr1-023",-0.0394212762471607
"chr1-024",-0.0119477743565044
"chr1-025",0.0402437870091892
"chr1-026",-0.0687492372080516
"chr1-027",-0.160897288898983
"chr1-028",-0.0476604692931553
"chr1-029",-0.140333849903866
"chr1-030",0.0109622437826078
"chr1-031",-0.0243802441737777
"chr1-032",0.0114814840245968
"chr1-033",0.0167075811146638
"chr1-034",0.0921254507477829
"chr1-035",0.0686366599755016
"chr1-036",-0.0360431496504387
"chr1-037",0.000701235671226908
"chr1-038",-0.0901200898642896
"chr1-039",-0.0171180654944343
"chr1-040",-0.00327172750785208
"chr1-041",-0.044115897687639
"chr1-042",-0.029855595503792
"chr1-043",0.00697271826811494
"chr1-044",-0.0273369135478981
"chr1-045",0.0358442204400587
"chr1-046",-0.0379799475661626
"chr1-047",-0.0210648395658544
"chr1-048",-0.0477507355199097
"chr1-049",-0.0427747988141418
"chr1-050",-0.0132194713298954
"chr1-051",-0.000112803384118554
"chr1-052",-0.0867847320203776
"chr1-053",-0.0260848362444514
"chr1-054",-0.0550420571036698
"chr1-055",-0.028266442372038
"chr1-056",-0.00912844761589965
"chr1-057",-0.018262871615675
"chr1-058",-0.0622846510914281
"chr1-059",-0.0775836938977002
"chr1-060",-0.0712811959485287
"chr1-061",-0.0884421886389201
"chr1-062",-0.0517443677221711
"chr1-063",-0.036497790046446
"chr1-064",-0.0456410706861853
"chr1-065",0.0276213353539338
"chr1-066",-0.0550284605339214
"chr1-067",-0.0117495564297405
"chr1-068",-0.0377083300180512
"chr1-069",-0.0570681325395028
"chr1-070",-0.00340193048008954
"chr1-071",-0.0447676897022181
"chr1-072",-0.0223510421504988
"chr1-073",-0.01072713625384
"chr1-074",-0.0184897978697228
"chr1-075",-0.0859845895608176
"chr1-076",-0.0170628692260847
"chr1-077",-0.0506630595602535
"chr1-078",-0.0668813988362114
"chr1-079",-0.0594825912189414
"chr1-080",-0.047888929435686
"chr1-081",-0.013893801881414
"chr1-082",-0.0604101590339816
"chr1-083",-0.0251274812545444
"chr1-084",-0.0300669303342582
"chr1-085",-0.0545142912423458
"chr1-086",-0.0394414812679764
"chr1-087",-0.0475995450829993
"chr1-088",-0.0348784432576401
"chr1-089",-0.00189280302279937
"chr1-090",-0.04791507491179
"chr1-091",-0.0249815571340207
"chr1-092",-0.0542019910669717
"chr1-093",-0.0631049437222447
"chr1-094",-0.0817681224448653
"chr1-095",-0.0809237722696116
"chr1-096",-0.0228594236403878
"chr1-097",-0.0623086302102837
"chr1-098",-0.0585569254119117
"chr1-099",-0.0768385985697655
"chr1-100",-0.226885236447582
"chr1-101",-0.0971649814489328
"chr1-102",-0.095613134665162
"chr1-103",-0.0147661003432863
"chr1-104",-0.0738547236158119
"chr1-105",-0.0823472524883583
"chr1-106",-0.0740001310895475
"chr1-107",-0.00866156191810562
"chr1-108",-0.00149727751865368
"chr1-109",-0.0116757299354145
"chr1-110",-0.069535573894837
"chr1-111",-0.0402774205633844
"chr1-112",-0.0173150325215992
"chr1-113",-0.0573027510152506
"chr1-114",-0.050139734138582
"chr1-115",0.0192261512628508
"chr1-116",-0.081045693801846
"chr1-117",-0.0250390561194776
"chr1-118",-0.0140595106271181
"chr1-119",-0.0289863346585641
"chr1-120",-0.0672156279401208
"chr1-121",-0.0171116395466623
"chr1-122",-0.0182297777827683
"chr1-123",-0.0210876157416286
"chr1-124",-0.15408449585569
"chr1-125",-0.0458450946490407
"chr1-126",-0.0693750860548383
"chr1-127",-0.0640197412291936
"chr1-128",-0.0548858883656472
"chr1-129",-0.0594396645494881
"chr1-130",0.0300562920500389
"chr1-131",-0.076834659999189
"chr1-132",-0.04702272968998
"chr1-133",-0.0827070199025292
"chr1-134",-0.0692466938053004
"chr1-135",-0.0464082421178413
"chr1-136",-0.0637514961170136
"chr1-137",-0.0551740123751324
"chr1-138",-0.0517245657631019
"chr1-139",-0.0400894972029583
"chr1-140",0.0441313957990274
"chr1-141",-0.179688344392578
"chr1-142",-0.0582461069204393
"chr1-143",-0.124313573575234
"chr1-144",0.153546304105601
"chr1-145",-0.1637493509564
"chr1-146",-0.137810157634176
"chr1-147",-0.103298281210699
"chr1-148",-0.121449165322345
"chr1-149",-0.0717912240143293
"chr1-150",-0.00279396310565686
"chr1-151",-0.0801935267994699
"chr1-152",-0.0503408644866846
"chr1-153",-0.0659335800627683
"chr1-154",-0.0735260912771213
"chr1-155",-0.114779628795696
"chr1-156",-0.117375973012468
"chr1-157",0.054042276131282
"chr1-158",-0.065193294487857
"chr1-159",-0.170443725761186
"chr1-160",0.00750986050797158
"chr1-161",0.0934617803576099
"chr1-162",-0.0840421701868061
"chr1-163",-0.108830097107802
"chr1-164",-0.0522024784128891
"chr1-165",-0.0901012561944531
"chr1-166",-0.0268152477710669
"chr1-167",-0.096382840216318
"chr1-168",-0.0989659780541717
"chr1-169",-0.0300459790886647
"chr1-170",0.0197315516888096
"chr1-171",-0.10541577619515
"chr1-172",-0.0812106977313099
"chr1-173",-0.0774085180802868
"chr1-174",-0.073705736176591
"chr1-175",-0.0900562914445803
"chr1-176",-0.0536660298466815
"chr1-177",-0.0839300159044088
"chr1-178",-0.0274782082260967
"chr1-179",-0.0545026936286971
"chr1-180",-0.0536127251671872
"chr1-181",-0.0726044837689367
"chr1-182",-0.0495640650346993
"chr1-183",-0.0432809427419083
"chr1-184",0.00357519927408881
"chr1-185",-0.0635365463362345
"chr1-186",0.0360178993213091
"chr1-187",-0.0655618522109153
"chr1-188",-0.0363182702786989
"chr1-189",-0.00958436458191932
"chr1-190",-0.139465030940965
"chr1-191",-0.0220802914574564
"chr1-192",-0.0954940848395876
"chr1-193",-0.0352302791387368
"chr1-194",-0.0326887128684636
"chr1-195",-0.0893141285786595
"chr1-196",-0.0142363618662758
"chr1-197",-0.035347820330383
"chr1-198",-0.113435247000179
"chr1-199",-0.0748738604036699
"chr1-200",-0.12705506902544
"chr1-201",-0.0359177683750076
"chr1-202",-0.060047931425543
"chr1-203",-0.0634002653363279
"chr1-204",-0.0673061572388518
"chr1-205",-0.021396716029171
"chr1-206",-0.0977747999979496
"chr1-207",-0.0689625534999111
"chr1-208",-0.0548333904719007
"chr1-209",-0.00965882037210659
"chr1-210",-0.0518135189840053
"chr1-211",-0.0853779094953575
"chr1-212",-0.0344187331051275
"chr1-213",-0.0919205475496331
"chr1-214",-0.00198797303340592
"chr1-215",-0.0489794292236013
"chr1-216",-0.0373234604899886
"chr1-217",-0.0526235467525133
"chr1-218",-0.0598731066614109
"chr1-219",-0.0945349187839819
"chr1-220",0.038612506588008
"chr1-221",-0.0257666806592352
"chr1-222",-0.0553174836008755
"chr1-223",-0.0431253033520306
"chr1-224",-0.0658094870892819
"chr1-225",-0.0563336659780318
"chr1-226",-0.0675700866936802
"chr1-227",-0.0540745970727097
"chr1-228",-0.0381810179841513
"chr1-229",-0.00656406274949273
"chr1-230",0.0489510654141145
"chr1-231",0.125122799937587
"chr1-232",0.0470176401703766
"chr1-233",-0.081690666060269
"chr1-234",0.139076725868678
"chr1-235",0.0483106887280891
"chr1-236",0.121259373646123
"chr1-237",0.1009866270044
"chr1-238",0.130703407313661
"chr1-239",-0.0487214837196394
"chr1-240",0.0644124505500536
"chr1-241",-0.0129506590775743
"chr1-242",-0.0634901968719903
"chr1-243",-0.0433197668916809
"chr1-244",0.017374040595435
"chr1-245",0.115698760115208
"chr1-246",0.0913833424312599
"chr1-247",-0.0433125121828513
"chr1-248",-0.0945406040022489
"chr1-249",-0.0128402933591116
"chr1-250",-0.0431126645846665
"chr1-251",-0.0723156657916057
"chr1-252",-0.0694383935670805
"chr1-253",-0.0931578077445396
"chr1-254",-0.0633603657620375
"chr1-255",-0.0360966073385544
"chr1-256",-0.0239569741964258
"chr1-257",-0.0120235302394474
"chr1-258",-0.0125959213490792
"chr1-259",-0.00977876838837074
"chr1-260",-0.0345381920543153
"chr1-261",-0.024530861186782
"chr1-262",-0.0210120980786271
"chr1-263",-0.0718160695692806
"chr1-264",-0.084236450117784
"chr1-265",-0.069293602296624
"chr1-266",-0.0800547239703906
"chr1-267",-0.070774210393214
"chr1-268",-0.0564486522751202
"chr1-269",-0.089363553242263
"chr1-270",-0.0483157285608126
"chr1-271",-0.0334604879572604
"chr1-272",-0.022988868752273
"chr1-273",-0.0466170951124921
"chr1-274",-0.0590276918632483
"chr1-275",-0.106288328458853
"chr1-276",-0.118400589900824
"chr1-277",0.00963815809992025
"chr1-278",-0.0573462185325041
"chr1-279",-0.0232304515153375
"chr1-280",-0.110644143410964
"chr1-281",-0.0661555936942385
"chr1-282",-0.04849901623427
"chr1-283",-0.0584290391990799
"chr1-284",-0.030799196799912
"chr1-285",-0.0897555049635658
"chr1-286",-0.0451373924193155
"chr1-287",-0.0357448060297973
"chr1-288",-0.0266798389516897
"chr1-289",-0.0928171067616842
"chr1-290",-0.0521722364547537
"chr1-291",-0.0721104306531421
"chr1-292",-0.0298263034425582
"chr1-293",-0.0562395409603348
"chr1-294",-0.0545378456415161
"chr1-295",-0.0865470659523648
"chr1-296",-0.0166952244101264
"chr1-297",-0.0771126197633342
"chr1-298",-0.0127623613663204
"chr1-299",-0.127705473737336
"chr1-300",-0.0984410593057265
"chr1-301",-0.00552835919350795
"chr1-302",-0.0370522190702965
"chr1-303",-0.0427727768566441
"chr1-304",-0.0840350775690098
"chr1-305",-0.0310490225670328
"chr1-306",-0.0187504443346063
"chr1-307",-0.0707170550724712
"chr1-308",-0.0161703678670362
"chr1-309",-0.0235145707899628
"chr1-310",-0.0592858368288459
"chr1-311",-0.00322310090290915
"chr1-312",-0.0634384814614903
"chr1-313",-0.0524964958349625
"chr1-314",0.0271074445127787
"chr1-315",0.00658683787498484
"chr1-316",-0.0433427743340879
"chr1-317",-0.0257144607573518
"chr1-318",-0.0786303838404418
"chr1-319",-0.0942764281949393
"chr1-320",-0.123722048784123
"chr1-321",-0.115848910273272
"chr1-322",-0.197598989184437
"chr1-323",-0.0964895253260775
"chr1-324",-0.271338439513216
"chr1-325",-0.104849103378417
"chr1-326",-0.231198390815484
"chr1-327",-0.0897730954359093
"chr1-328",-0.0802628264286529
"chr1-329",-0.0655672626322413
"chr1-330",-0.0862470291314179
"chr1-331",0.0055127067173152
"chr1-332",-0.100317175040578
"chr1-333",-0.124134091739632
"chr1-334",-0.098833027778872
"chr1-335",-0.0260420546144112
"chr1-336",-0.0811635488647948
"chr1-337",-0.0760248670716969
"chr1-338",-0.0490016544971517
"chr1-339",-0.094323001814629
"chr1-340",-0.0409601702260909
"chr1-341",-0.0994099054109915
"chr1-342",-0.0773571732358621
"chr1-343",-0.121964819052762
"chr1-344",-0.0832029684004734
"chr1-345",-0.0604769839268057
"chr1-346",-0.0591316248698115
"chr1-347",-0.0327412377245656
"chr1-348",-0.0190618776272748
"chr1-349",-0.0412308656227763
"chr1-350",-0.0360212931639318
"chr1-351",-0.0317076801645974
"chr1-352",-0.0314234039859476
"chr1-353",-0.0351554603170368
"chr1-354",-0.0649046972580478
"chr1-355",-0.0285537043577888
"chr1-356",-0.030831940931921
"chr1-357",-0.0472121818301707
"chr1-358",-0.0676452479421053
"chr1-359",-0.0252159230595774
"chr1-360",-0.0698411919306617
"chr1-361",-0.0989897993219977
"chr1-362",-0.073697884086783
"chr1-363",-0.0468438523415449
"chr1-364",-0.0265474369164045
"chr1-365",-0.13809168700045
"chr1-366",-0.0676004367306504
"chr1-367",-0.0664609951748063
"chr1-368",-0.0725347831799288
"chr1-369",-0.0677321641398722
"chr1-370",-0.0677854250399013
"chr1-371",-0.0682948583855324
"chr1-372",0.0053172621224333
"chr1-373",-0.060450062960071
"chr1-374",-0.0746398578273837
"chr1-375",-0.0705666988724066
"chr1-376",-0.0982139137352325
"chr1-377",-0.00393152101228569
"chr1-378",-0.0244945972297427
"chr1-379",-0.0851847276755801
"chr1-380",-0.0271084713312977
"chr1-381",-0.013471414605138
"chr1-382",-0.0967390503173715
"chr1-383",-0.011498663021876
"chr1-384",-0.0820457396811142
"chr1-385",0.00731965231636383
"chr1-386",-0.0154142480154103
"chr1-387",-0.0360800869632424
"chr1-388",0.0180976572422156
"chr1-389",-0.0332883513742339
"chr1-390",-0.0874337849459157
"chr1-391",-0.0433069164054382
"chr1-392",-0.0694150395849989
"chr1-393",-0.0298738139281972
"chr1-394",0.0545477478060454
"chr1-395",-0.0304471530907981
"chr1-396",-0.0302005476206717
"chr1-397",0.0313391185393208
"chr1-398",-0.0809807436822369
"chr1-399",0.0566499658710595
"chr1-400",0.0124270224663222
"chr1-401",-0.0173542364385742
"chr1-402",0.020197468370796
"chr1-403",-0.018557984606512
"chr1-404",-0.0408558016095928
"chr1-405",0.00949789973904059
"chr1-406",0.0334005981248853
"chr1-407",-0.0490800664252053
"chr1-408",-0.0590322527326596
"chr1-409",-0.0511126354905853
"chr1-410",-0.0421620342870071
"chr1-411",-0.0181642983049668
"chr1-412",-0.0938795591939459
"chr1-413",-0.0447149893079621
"chr1-414",0.0135828365167701
"chr1-415",-0.0323308769563811
"chr1-416",-0.0450591365070429
"chr1-417",-0.0194958966287018
"chr1-418",-0.0100191746947213
"chr1-419",0.00374993207085721
"chr1-420",-0.0568150343665779
"chr1-421",0.0328235340194132
"chr1-422",-0.0643410624037564
"chr1-423",-0.0338692352906373
"chr1-424",-0.0211787928552973
"chr1-425",-0.0207377796297903
"chr1-426",-0.00142637851717886
"chr1-427",-0.0349386614956003
"chr1-428",-0.0277197682631406
"chr1-429",-0.0652838726415129
"chr1-430",-0.0593896613233943
"chr1-431",-0.0230865790753293
"chr1-432",-0.0259972465967261
"chr1-433",-0.0416183721934732
"chr1-434",0.00897605076454954
"chr1-435",0.0377202946954842
"chr1-436",0.017978105371841
"chr1-437",0.0417114641794994
"chr1-438",0.019671475172845
"chr1-439",-0.0279500602468931
"chr1-440",-0.0553871256834624
"chr1-441",-0.0318635720033633
"chr1-442",-0.0941067411700612
"chr10-001",0.0458709024498905
"chr10-002",0.0809097966593505
"chr10-003",0.0160370610428791
"chr10-004",-0.0147703423233221
"chr10-005",-0.0356605568500645
"chr10-006",-0.041712328863937
"chr10-007",0.0369307564170876
"chr10-008",0.0413756897775407
"chr10-009",0.00845092710069181
"chr10-010",0.0673571504543013
"chr10-011",-0.105650038975573
"chr10-012",0.0142488878738667
"chr10-013",-0.00318977915431696
"chr10-014",-0.09679469791637
"chr10-015",-0.004101174596251
"chr10-016",-0.0412378049895525
"chr10-017",-0.0438047504560898
"chr10-018",-0.129838098089747
"chr10-019",0.0676162513524686
"chr10-020",-0.0461262018427442
"chr10-021",-0.0722852275562247
"chr10-022",-0.00708371363670637
"chr10-023",-0.0733643122500681
"chr10-024",-0.0527699771262177
"chr10-025",-0.0465326705750495
"chr10-026",-0.0436538244424769
"chr10-027",-0.034343217242801
"chr10-028",-0.0072272338030356
"chr10-029",-0.0607644635229776
"chr10-030",-0.0353578657643568
"chr10-031",-0.0257837448535487
"chr10-032",-0.0913835603671109
"chr10-033",0.0037826874979828
"chr10-034",0.00783239485369179
"chr10-035",-0.0149556327204378
"chr10-036",-0.0676739051735378
"chr10-037",-0.0669388123132656
"chr10-038",-0.0823904754931716
"chr10-039",-0.1360708885877
"chr10-040",-0.0039912699737044
"chr10-041",-0.0295463275453254
"chr10-042",-0.0654388630806348
"chr10-043",-0.0433360848953703
"chr10-044",-0.049159466896289
"chr10-045",-0.0429169198300067
"chr10-046",-0.0765221298757997
"chr10-047",-0.0856227545854821
"chr10-048",0.0088658426800522
"chr10-049",-0.0178223231150233
"chr10-050",-0.0939655399526742
"chr10-051",-0.113775836235982
"chr10-052",-0.0586315204632426
"chr10-053",-0.0524594459231144
"chr10-054",-0.0595197298972662
"chr10-055",0.00380861863057355
"chr10-056",-0.00980139464931507
"chr10-057",-0.00885100768074722
"chr10-058",-0.0387778079282513
"chr10-059",0.0619840192499747
"chr10-060",-0.00579445126841021
"chr10-061",-0.00481711287511705
"chr10-062",-0.0090892745857803
"chr10-063",-0.0150473447286883
"chr10-064",-0.0554434711178464
"chr10-065",-0.0881659658738727
"chr10-066",-0.0362512529113156
"chr10-067",-0.000779086650865584
"chr10-068",-0.0347757635156377
"chr10-069",0.0185069763793977
"chr10-070",-0.0279688416410165
"chr10-071",-0.0114364069344155
"chr10-072",0.0764553210042366
"chr10-073",0.023870031833106
"chr10-074",-0.10844656659031
"chr10-075",-0.113865887497613
"chr10-076",-0.0434920938827052
"chr10-077",0.0881866457256291
"chr10-078",-0.0548209626543636
"chr10-079",-0.0182517927033573
"chr10-080",-0.024952570223388
"chr10-081",0.0174025029265857
"chr10-082",-0.0212341378655772
"chr10-083",0.00413413924416126
"chr10-084",-0.0990906494511875
"chr10-085",-0.0886517837963408
"chr10-086",-0.0812527057994189
"chr10-087",-0.11188640955335
"chr10-088",-0.167802788278478
"chr10-089",0.00962610460480048
"chr10-090",0.000721750468071853
"chr10-091",-0.0784851932126217
"chr10-092",-0.0678529415657335
"chr10-093",-0.0447574573698769
"chr10-094",-0.0688459953512231
"chr10-095",-0.0374153898126391
"chr10-096",0.00457477282408116
"chr10-097",-0.151838385562336
"chr10-098",-0.174093475166741
"chr10-099",-0.15126772580496
"chr10-100",-0.0129473917725468
"chr10-101",-0.119261975616692
"chr10-102",-0.0670603985532952
"chr10-103",-0.0601167826913794
"chr10-104",-0.0694292791005544
"chr10-105",-0.0592550735552675
"chr10-106",-0.0582475027904604
"chr10-107",-0.134517805094717
"chr10-108",-0.023267622664093
"chr10-109",-0.0439430528478725
"chr10-110",-0.0615768844250717
"chr10-111",-0.064774070292239
"chr10-112",-0.0823771789381084
"chr10-113",-0.069418341096387
"chr10-114",0.00753047699563499
"chr10-115",-0.0862902784211716
"chr10-116",-0.125245211502629
"chr10-117",-0.0299991554153405
"chr10-118",-0.0254748044587539
"chr10-119",-0.0566768394013286
"chr10-120",-0.0511636721245915
"chr10-121",-0.0637781492549077
"chr10-122",-0.108670264661527
"chr10-123",-0.0790552641650652
"chr10-124",-0.0345129206764625
"chr10-125",-0.0719485037074918
"chr10-126",-0.0536435160160149
"chr10-127",-0.0377038402794408
"chr10-128",-0.0602537565146225
"chr10-129",-0.0422725150751687
"chr10-130",-0.035785413885848
"chr10-131",-0.0450953297866724
"chr10-132",-0.062679948935956
"chr10-133",-0.0361749002149442
"chr10-134",-0.0501596787260516
"chr10-135",-0.03109928163495
"chr10-136",0.000899860027462728
"chr10-137",0.0385982410643482
"chr10-138",-0.014985800504209
"chr10-139",-0.0292550175895115
"chr10-140",-0.0189527656557372
"chr10-141",-0.0115414690405755
"chr10-142",0.0140644926684445
"chr10-143",-0.0715610687529957
"chr10-144",0.0357877060541332
"chr10-145",-0.0802558390531658
"chr10-146",-0.0150787978844593
"chr10-147",-0.0472823770763872
"chr10-148",-0.0682550721801072
"chr10-149",-0.0812363276163139
"chr10-150",-0.0782544103727836
"chr10-151",-0.0374529263783328
"chr10-152",-0.0496139027791622
"chr10-153",-0.0992892755864413
"chr10-154",-0.0998820150404213
"chr10-155",-0.0905198065554818
"chr10-156",-0.107336294002739
"chr10-157",-0.0114358132103155
"chr10-158",-0.0105667028297613
"chr10-159",0.00962386454478502
"chr10-160",-0.0474796228462597
"chr10-161",0.00991254428841441
"chr10-162",-0.102693085589843
"chr10-163",-0.040060728491227
"chr10-164",-0.115784219715397
"chr10-165",-0.120965961695827
"chr10-166",-0.0893180564196168
"chr10-167",-0.0467927731335764
"chr10-168",-0.0619901497694236
"chr10-169",-0.0460624865220758
"chr10-170",-0.0817428276846326
"chr10-171",-0.0700276664474661
"chr10-172",-0.0443964951656384
"chr10-173",-0.0476750211715381
"chr10-174",-0.045216109906791
"chr10-175",-0.0089149551453826
"chr10-176",-0.0784444927744089
"chr10-177",-0.04053386779603
"chr10-178",-0.0512978218257122
"chr10-179",-0.0408844614196024
"chr10-180",-0.0241580339777552
"chr10-181",-0.0554612366193312
"chr10-182",0.0576176065151252
"chr10-183",-0.00563741694503559
"chr10-184",-0.0408206019247931
"chr10-185",-0.0436464944471805
"chr10-186",-0.0805005436951864
"chr10-187",-0.0301975739082024
"chr10-188",-0.0419285062981553
"chr10-189",-0.0540076012497185
"chr10-190",-0.0346977000649881
"chr10-191",-0.0400386952381912
"chr10-192",0.00707489809492545
"chr10-193",-0.0657129781664462
"chr10-194",-0.0459875933112313
"chr10-195",-0.0243391377072066
"chr10-196",-0.174976201530548
"chr10-197",-0.0721512677815893
"chr10-198",-0.0657671530223348
"chr10-199",-0.0696130223260071
"chr10-200",-0.0513817053787483
"chr10-201",-0.0409749904917156
"chr10-202",-0.0211514912983859
"chr10-203",-0.0289560295028882
"chr10-204",-0.0470759947952863
"chr10-205",-0.071400319855175
"chr10-206",-0.150338159395704
"chr10-207",-0.100724993278341
"chr10-208",-0.011910485256718
"chr10-209",-0.00236649826751719
"chr10-210",-0.024583489941441
"chr10-211",-4.94364295165056e-06
"chr10-212",-0.0757453148052176
"chr10-213",-0.096717742733615
"chr10-214",-0.154761253501311
"chr10-215",-0.042569679628205
"chr10-216",-0.0474938500895909
"chr10-217",-0.0652938418824523
"chr10-218",-0.0375678994492916
"chr10-219",-0.0596084974229202
"chr10-220",-0.0561748328846464
"chr10-221",-0.0217264450424645
"chr10-222",-0.0279015083910213
"chr10-223",-0.0659148205388425
"chr10-224",-0.0430959175144351
"chr10-225",-0.0718655381028891
"chr10-226",0.00941455564737071
"chr10-227",-0.0443323596336953
"chr10-228",-0.0649456034373222
"chr10-229",-0.0593558523597682
"chr10-230",-0.0760533888405319
"chr10-231",-0.0255325755840003
"chr10-232",-0.0897770883147985
"chr10-233",0.0097379282731967
"chr10-234",0.0368388187830056
"chr10-235",-0.0302280377334771
"chr10-236",-0.0383633062635249
"chr10-237",-0.045132834786074
"chr10-238",0.0599725550331406
"chr10-239",-0.0469183158220253
"chr10-240",-0.0331993645078285
"chr10-241",-0.0240439509851954
"chr10-242",0.0109977153895896
"chr10-243",-0.0120228908278503
"chr10-244",-0.0220325975648682
"chr10-245",0.00354500270682864
"chr10-246",-0.0508229428392007
"chr10-247",-0.0927585542181851
"chr10-248",0.0374896236222183
"chr10-249",0.0452558687867815
"chr10-250",0.0559100889588095
"chr10-251",0.020784021286579
"chr10-252",-0.0181272345478082
"chr11-001",0.0303177626477385
"chr11-002",0.0560094743476979
"chr11-003",0.0750966363847513
"chr11-004",0.0780358816522672
"chr11-005",0.0428861746894193
"chr11-006",0.0304518205617523
"chr11-007",0.0563135371968733
"chr11-008",-0.0328484284595601
"chr11-009",-0.0742383937180107
"chr11-010",-0.116953630737461
"chr11-011",-0.128156744116392
"chr11-012",-0.056388593360905
"chr11-013",-0.0740422299181265
"chr11-014",-0.019410112834027
"chr11-015",-0.0559868485411649
"chr11-016",-0.0206274180340308
"chr11-017",-0.0662909437647661
"chr11-018",0.00278351989091148
"chr11-019",-0.0599790730365971
"chr11-020",-0.0242307014348012
"chr11-021",0.0127715612448707
"chr11-022",-0.0415632335449036
"chr11-023",-0.0452463208840032
"chr11-024",-0.0120038529137263
"chr11-025",0.0273113192311613
"chr11-026",0.0297134452205511
"chr11-027",-0.0432226673031946
"chr11-028",-0.0726690570563982
"chr11-029",-0.0680043976049773
"chr11-030",-0.0901503598617746
"chr11-031",-0.0472522413011223
"chr11-032",-0.0967463752522471
"chr11-033",-0.0449358035313574
"chr11-034",-0.0459175339121711
"chr11-035",-0.0522494604050098
"chr11-036",-0.0423968368902174
"chr11-037",-0.0384616614491785
"chr11-038",-0.0932002120994009
"chr11-039",-0.0157942656409278
"chr11-040",-0.0266152056862667
"chr11-041",-0.0333720305322453
"chr11-042",-0.0805758682348015
"chr11-043",-0.243138015898562
"chr11-044",-0.0930775677948526
"chr11-045",-0.107479871262155
"chr11-046",-0.0217766720019188
"chr11-047",-0.0533879818643738
"chr11-048",-0.0576883845397359
"chr11-049",-0.124860649633298
"chr11-050",-0.0241725137337779
"chr11-051",0.0571281330396275
"chr11-052",-0.0382586790752542
"chr11-053",-0.102945649486643
"chr11-054",-0.145480075026389
"chr11-055",-0.0797455119767682
"chr11-056",-0.16738289632616
"chr11-057",-0.267554078324986
"chr11-058",-0.0407950315307724
"chr11-059",0.025676972581781
"chr11-060",-0.0156711855289562
"chr11-061",-0.0657516859269212
"chr11-062",-0.00580680159850932
"chr11-063",-0.0218411470090166
"chr11-064",-0.0466417419111491
"chr11-065",-0.0330871212239354
"chr11-066",-0.0319032493145857
"chr11-067",-0.0643989113500588
"chr11-068",-0.0628862957130637
"chr11-069",0.00475368272826689
"chr11-070",-0.00579140744308619
"chr11-071",-0.0176049805326195
"chr11-072",-0.128208414615327
"chr11-073",-0.123804169068409
"chr11-074",-0.127370258548124
"chr11-075",-0.136532726232906
"chr11-076",-0.0950008231990086
"chr11-077",-0.032456337589852
"chr11-078",-0.050678939040701
"chr11-079",-0.0497082085286599
"chr11-080",0.0214930447730796
"chr11-081",-0.0202042598532154
"chr11-082",-0.0319888381425965
"chr11-083",-0.0500155002014206
"chr11-084",0.0306314659081539
"chr11-085",-0.0166210401488609
"chr11-086",-0.002312581044119
"chr11-087",-0.0422921895464307
"chr11-088",-0.00509423032903736
"chr11-089",-0.0680024534721028
"chr11-090",0.0560034174972328
"chr11-091",-0.0670467441508553
"chr11-092",-0.0336240918376753
"chr11-093",-0.334900502112018
"chr11-094",-0.105742660803479
"chr11-095",-0.138131005504888
"chr11-096",-0.095951393069677
"chr11-097",-0.0173250417677487
"chr11-098",-0.0445762159474416
"chr11-099",-0.109464289000922
"chr11-100",-0.0578591061603019
"chr11-101",-0.0641448340622254
"chr11-102",-0.0731785830894495
"chr11-103",-0.0752472955893823
"chr11-104",-0.0286193974565147
"chr11-105",-0.0122340211682157
"chr11-106",0.00601001797154027
"chr11-107",-0.00448648542915732
"chr11-108",-0.0255384041623013
"chr11-109",-0.117540819808198
"chr11-110",-0.0176801560484194
"chr11-111",0.033506227956166
"chr11-112",0.0294915623385678
"chr11-113",-0.0110038198030076
"chr11-114",0.029158518831962
"chr11-115",-0.00529726990369682
"chr11-116",-0.0193826174652576
"chr11-117",0.0122108214423933
"chr11-118",0.0239683411026068
"chr11-119",0.0417343010571091
"chr11-120",0.0546971029528165
"chr11-121",0.037327539061479
"chr11-122",0.0200745899891126
"chr11-123",0.0163994130115498
"chr11-124",-0.00671235953022354
"chr11-125",-0.0130697849843483
"chr11-126",-0.0499550332968817
"chr11-127",-0.0179533577032184
"chr11-128",-0.00269690355861946
"chr11-129",-0.00573519901517945
"chr11-130",-0.039028858760072
"chr11-131",-0.0824818002957529
"chr11-132",-0.0600981218451365
"chr11-133",-0.0347927666439558
"chr11-134",0.00659961745717943
"chr11-135",-0.0286124009290245
"chr11-136",-0.0171508096433697
"chr11-137",0.0208522018698154
"chr11-138",-0.061769095439659
"chr11-139",-0.00183854174841626
"chr11-140",-0.0559074196517219
"chr11-141",-0.0158049383146524
"chr11-142",-0.0416775229943454
"chr11-143",-0.088856522884166
"chr11-144",-0.0506509301533243
"chr11-145",-0.0788002878044751
"chr11-146",0.00522786099723742
"chr11-147",-0.0261877844856576
"chr11-148",-0.032879665838829
"chr11-149",0.00280731854680117
"chr11-150",0.0122411993633942
"chr11-151",-0.0740676277458856
"chr11-152",-0.0800125909950438
"chr11-153",-0.0661418196003495
"chr11-154",0.032604644612264
"chr11-155",-0.0521414458306385
"chr11-156",0.00118159671739848
"chr11-157",0.0184302637655802
"chr11-158",0.0396966541556419
"chr11-159",-0.0934959425338538
"chr11-160",-0.0607763989795796
"chr11-161",-0.0204483411417372
"chr11-162",-0.0525827781155836
"chr11-163",-0.069280101696547
"chr11-164",-0.100619982088341
"chr11-165",-0.00783653915749652
"chr11-166",-0.0200310343190246
"chr11-167",0.0210575177600058
"chr11-168",-0.00402429523053392
"chr11-169",-0.114466272935776
"chr11-170",-0.169876516550023
"chr11-171",-0.0419431877836509
"chr11-172",-0.109454518618546
"chr11-173",-0.0265918952075822
"chr11-174",-0.0748045313766472
"chr11-175",-0.0898545983152277
"chr11-176",-0.0750481188985724
"chr11-177",-0.0394485908913095
"chr11-178",-0.0973925667468726
"chr11-179",-0.0438446826267452
"chr11-180",-0.0952650992503489
"chr11-181",-0.00191181256996332
"chr11-182",-0.0369845182968568
"chr11-183",-0.077189922768205
"chr11-184",-0.0168282475032896
"chr11-185",-0.139298334622893
"chr11-186",-0.0630701541687965
"chr11-187",-0.0995447066041402
"chr11-188",-0.0164379732463484
"chr11-189",0.011852956513458
"chr11-190",-0.0448832909911154
"chr11-191",-0.0918093107312747
"chr11-192",-0.0469077554459341
"chr11-193",-0.0241442718645731
"chr11-194",-0.0107508891816029
"chr11-195",-0.0735356437834321
"chr11-196",-0.00815151993673376
"chr11-197",-0.0337025244587573
"chr11-198",-0.0486987214057441
"chr11-199",0.0421058752751727
"chr11-200",-0.0943711043763012
"chr11-201",-0.00792765588367154
"chr11-202",-0.039583140518633
"chr11-203",-0.126753314195956
"chr11-204",-0.00288404610501855
"chr11-205",0.0010606970390272
"chr11-206",-0.0250139592166324
"chr11-207",-0.047604771449409
"chr11-208",-0.032957889250088
"chr11-209",-0.0318759244724398
"chr11-210",-0.0451904980624325
"chr11-211",-0.0154965478377128
"chr11-212",-0.0474514751663841
"chr11-213",-0.0302844103498041
"chr11-214",0.00278955188824991
"chr11-215",0.00464776604616408
"chr11-216",-0.0817038662011138
"chr11-217",-0.0335200530521261
"chr11-218",-0.064255395209524
"chr11-219",-0.0493698402717343
"chr11-220",-0.0501405327287661
"chr11-221",-0.0237831986184834
"chr11-222",-0.0736382779793335
"chr11-223",-0.0036733240644246
"chr11-224",-0.0609605803317141
"chr11-225",-0.00226825418181938
"chr11-226",-0.0225190008491719
"chr11-227",-0.0402521578999864
"chr11-228",-0.0690249343771103
"chr11-229",0.00276279572647286
"chr11-230",-0.0135982715996708
"chr11-231",-0.00401396079305918
"chr11-232",-0.0555186918249545
"chr11-233",-0.00181535518748848
"chr11-234",-0.00321719336336589
"chr11-235",-0.0282331932409291
"chr11-236",-0.0229853998865556
"chr11-237",0.0242811517627735
"chr11-238",-0.00226178133389581
"chr11-239",-0.0548232592238835
"chr12-001",-0.00564762220876597
"chr12-002",0.0067804740687194
"chr12-003",0.0583066812070591
"chr12-004",0.00513494981556587
"chr12-005",0.00828353791852382
"chr12-006",-0.0218716285800947
"chr12-007",0.018298669416839
"chr12-008",-0.0302836025931849
"chr12-009",-0.0470855835144372
"chr12-010",-0.0680217281723299
"chr12-011",-0.0231883558556081
"chr12-012",-0.0594928739636391
"chr12-013",-0.020879329676175
"chr12-014",-0.000919240778419592
"chr12-015",-0.0780006291891052
"chr12-016",0.00505860675229606
"chr12-017",-0.0638451163350182
"chr12-018",-0.00822849274072726
"chr12-019",-0.0225410469739806
"chr12-020",0.0132244909318572
"chr12-021",-0.0563519775099447
"chr12-022",-0.0652235319575491
"chr12-023",-0.072589393024156
"chr12-024",-0.0575839236151787
"chr12-025",0.0453875118552073
"chr12-026",-0.0350240814483372
"chr12-027",-0.0609924064064133
"chr12-028",-0.0567055220632911
"chr12-029",-0.0520791065693793
"chr12-030",-0.0460019343216618
"chr12-031",-0.0439223141356694
"chr12-032",-0.0879887649375771
"chr12-033",-0.0334837268946403
"chr12-034",-0.105976899839605
"chr12-035",0.0167363188900804
"chr12-036",-0.032032816024815
"chr12-037",0.019934000084143
"chr12-038",-0.0475691042615785
"chr12-039",0.0381688250728267
"chr12-040",-0.0863608651632322
"chr12-041",-0.0256900940796291
"chr12-042",0.000345872984200953
"chr12-043",-0.0400312855436001
"chr12-044",-0.108544997867267
"chr12-045",0.00742685636434044
"chr12-046",-0.0491696793539623
"chr12-047",-0.0074776839201396
"chr12-048",-0.000894033685544307
"chr12-049",0.0400814479629657
"chr12-050",-0.0342438530188208
"chr12-051",-0.0724062135891241
"chr12-052",0.0321752789808308
"chr12-053",-0.0572452059699354
"chr12-054",-0.0213325317881508
"chr12-055",-0.0566508628803083
"chr12-056",-0.0195014303427389
"chr12-057",-0.0237050723395635
"chr12-058",-0.0536290381904138
"chr12-059",-0.101397166294553
"chr12-060",0.0407823487563185
"chr12-061",-0.0732157750200606
"chr12-062",0.00454676680637816
"chr12-063",-0.00838761461335989
"chr12-064",-0.0844988958334479
"chr12-065",-0.0221144861948989
"chr12-066",-0.0373915169594048
"chr12-067",-0.0615627384108249
"chr12-068",-0.087122683531379
"chr12-069",0.0310819829256532
"chr12-070",0.0760347704796656
"chr12-071",-0.0194872106013129
"chr12-072",0.0897736826448014
"chr12-073",-0.075511084221317
"chr12-074",-0.0887236533710641
"chr12-075",-0.02831407878108
"chr12-076",-0.00593733397160544
"chr12-077",-0.0781778377672243
"chr12-078",-0.108259312255523
"chr12-079",-0.0276083436469338
"chr12-080",0.0106756223280441
"chr12-081",-0.00296138578443085
"chr12-082",-0.0767291385466787
"chr12-083",-0.075496216869086
"chr12-084",0.0311589233888377
"chr12-085",-0.0549400435893326
"chr12-086",-0.0401916074352495
"chr12-087",-0.00602587276748618
"chr12-088",-0.0833127733140747
"chr12-089",-0.0347293009118727
"chr12-090",-0.00169104358813561
"chr12-091",-0.0715188914313611
"chr12-092",-0.0357875664186944
"chr12-093",0.0107339622423639
"chr12-094",-0.0104342704541037
"chr12-095",-0.023463084009793
"chr12-096",-0.0217736223878132
"chr12-097",-0.0185613861264589
"chr12-098",0.000571240084300472
"chr12-099",-0.0101541757260177
"chr12-100",-0.0321605660939118
"chr12-101",-0.0131680137343962
"chr12-102",-0.0253597981725949
"chr12-103",-0.0366197185841327
"chr12-104",-0.06498562040713
"chr12-105",-0.123351641912677
"chr12-106",-0.0668490919442112
"chr12-107",-0.0530635821578114
"chr12-108",-0.0719779083338238
"chr12-109",0.00678472853003876
"chr12-110",-0.0165651964157122
"chr12-111",-0.0730272293923813
"chr12-112",-0.0253671424892936
"chr12-113",-0.180810799526994
"chr12-114",-0.123693002693235
"chr12-115",-0.176900109560492
"chr12-116",-0.0408829430385646
"chr12-117",-0.0642956488251172
"chr12-118",-0.0197175157478075
"chr12-119",-0.0349280976601312
"chr12-120",-0.0385396173291791
"chr12-121",0.0125621027813411
"chr12-122",-0.0368276216680337
"chr12-123",-0.0175645125552711
"chr12-124",-0.0622844400520733
"chr12-125",-0.0156366697027966
"chr12-126",-0.0205523351678611
"chr12-127",-0.00678726538615154
"chr12-128",-0.0917123889963014
"chr12-129",-0.0632514424726758
"chr12-130",-0.0726850349249971
"chr12-131",-0.037654419903183
"chr12-132",-0.077848399372794
"chr12-133",0.00723156305336576
"chr12-134",-0.0555699289431496
"chr12-135",-0.0490712780356147
"chr12-136",-0.035069329890636
"chr12-137",-0.0825170206683835
"chr12-138",-0.142160850641999
"chr12-139",-0.0162984798989219
"chr12-140",-0.150761200416373
"chr12-141",-0.111888757303681
"chr12-142",-0.0489963850815148
"chr12-143",-0.00480071261759894
"chr12-144",0.0129413500904929
"chr12-145",-0.0347588348944103
"chr12-146",-0.0160765100808447
"chr12-147",-0.0417287945311494
"chr12-148",-0.0888676073262829
"chr12-149",-0.0702782146458673
"chr12-150",-0.0677922560225556
"chr12-151",-0.129579745011423
"chr12-152",-0.00987991803493934
"chr12-153",-0.0397704830948857
"chr12-154",-0.0481907196042612
"chr12-155",-0.154871860294477
"chr12-156",-0.051202352747606
"chr12-157",-0.199719078473124
"chr12-158",-0.0191694595586554
"chr12-159",-0.066201688719278
"chr12-160",-0.0961735834184298
"chr12-161",-0.015810644723697
"chr12-162",-0.0229153127059146
"chr12-163",-0.0381200162498954
"chr12-164",-0.140512432583538
"chr12-165",-0.0177870334975958
"chr12-166",-0.0467565087504011
"chr12-167",-0.0817162957856081
"chr12-168",-0.0560329531339978
"chr12-169",-0.116622601537126
"chr12-170",-0.0249397906683931
"chr12-171",-0.103982012503722
"chr12-172",-0.0482508300876425
"chr12-173",-0.00567851596779508
"chr12-174",0.00388467443273566
"chr12-175",-0.0156409839070831
"chr12-176",-0.0632340359855184
"chr12-177",-0.0594677914030117
"chr12-178",-0.065257863680451
"chr12-179",-0.0707304693610193
"chr12-180",-0.0732024271810408
"chr12-181",-0.0749321683483335
"chr12-182",-0.0278527880506503
"chr12-183",-0.0347490440037716
"chr12-184",-0.0380276598265993
"chr12-185",-0.070222285517164
"chr12-186",-0.0466823360364902
"chr12-187",-0.0443111014213333
"chr12-188",-0.0224860133661375
"chr12-189",-0.0514931848095354
"chr12-190",-0.0401954485824326
"chr12-191",-0.0618342507264067
"chr12-192",-0.0595299777182487
"chr12-193",-0.0686619899203531
"chr12-194",-0.0183872089909586
"chr12-195",-0.042098769598106
"chr12-196",-0.0743466556893024
"chr12-197",0.0298413562916871
"chr12-198",-0.0231308497161517
"chr12-199",0.00943627427299723
"chr12-200",0.0084071425680623
"chr12-201",-0.0283114077455494
"chr12-202",-0.0663021250739849
"chr12-203",-0.0614228612429047
"chr12-204",-0.0781589620223512
"chr12-205",0.0319290992907381
"chr12-206",-0.0321964485307613
"chr12-207",-0.0491794064453213
"chr12-208",-0.0233894807191892
"chr12-209",-0.0324630382695663
"chr12-210",-0.00832902080131665
"chr12-211",-0.024308153927513
"chr12-212",-0.0574857116170767
"chr12-213",-0.0413651241372655
"chr12-214",-0.0224191346016067
"chr12-215",-0.105550787116183
"chr12-216",-0.110022299933344
"chr12-217",0.0487216132210892
"chr12-218",0.0530297294250161
"chr12-219",0.0147130253129696
"chr12-220",-0.0158913891504072
"chr12-221",-0.0323272250837576
"chr12-222",-0.0278788158327902
"chr12-223",0.00022079033386875
"chr12-224",0.0305730313932155
"chr12-225",-0.0347482207883938
"chr12-226",-0.0462012310935501
"chr12-227",-0.00401930980761786
"chr12-228",-0.00488951057487753
"chr12-229",-0.0312074969992886
"chr12-230",-0.0197870550989422
"chr12-231",-0.0192520222231687
"chr12-232",-0.00218922807777306
"chr12-233",0.0127676550374102
"chr12-234",0.0281871807242113
"chr12-235",-0.0128069878760974
"chr12-236",0.0892305714334191
"chr12-237",0.0170577944658195
"chr12-238",-0.0230874764016384
"chr12-239",0.0325387947376994
"chr12-240",0.0162421746993172
"chr12-241",-0.0306299081396984
"chr12-242",-0.0478321787641873
"chr12-243",-0.0160191281127526
"chr12-244",-0.079820740866114
"chr12-245",-0.00818476764802015
"chr12-246",-0.0754687739360908
"chr12-247",-0.0658701589908988
"chr12-248",-0.0389627970842884
"chr12-249",0.020842671972652
"chr12-250",0.0265802041468741
"chr12-251",0.0519876052126872
"chr12-252",0.0808312682470736
"chr12-253",0.0927464005920352
"chr12-254",0.069996161508623
"chr12-255",0.0192010965285622
"chr13-001",-0.0462452505152841
"chr13-002",-0.0180110088008056
"chr13-003",-0.0226920519336782
"chr13-004",0.00105465472756681
"chr13-005",-0.0369270174287054
"chr13-006",-0.0336219139263658
"chr13-007",0.00539864848765096
"chr13-008",0.0277694048412591
"chr13-009",-0.0648371249989187
"chr13-010",-0.0237698943169191
"chr13-011",-0.00407233147836401
"chr13-012",0.0130664945289131
"chr13-013",-0.0885807782779946
"chr13-014",-0.0282642000626461
"chr13-015",0.0050866249877275
"chr13-016",-0.0575906839603647
"chr13-017",-0.084640974981285
"chr13-018",-0.0620552699673111
"chr13-019",-0.113720128926091
"chr13-020",-0.00226173808757687
"chr13-021",-0.0397018813927975
"chr13-022",-0.0103849155622371
"chr13-023",0.0170475768003869
"chr13-024",0.0155937923973824
"chr13-025",-0.00959754062972901
"chr13-026",-0.0447565474990324
"chr13-027",0.0233115563060835
"chr13-028",-0.0457726806964528
"chr13-029",-0.0314451647922796
"chr13-030",0.0240046038347753
"chr13-031",0.0661023461581721
"chr13-032",-0.0851742581111804
"chr13-033",-0.00305699388734196
"chr13-034",-0.0376122064949372
"chr13-035",-0.0447598183694297
"chr13-036",-0.0545805659047736
"chr13-037",-0.0364953107614918
"chr13-038",-0.0245303538916544
"chr13-039",-0.130579306216285
"chr13-040",-0.223106798202129
"chr13-041",-0.0273161089977957
"chr13-042",-0.0352709973528807
"chr13-043",-0.0713092978154603
"chr13-044",0.0359113177991152
"chr13-045",-0.0424003592390394
"chr13-046",-0.0772574074840051
"chr13-047",-0.0123340364869028
"chr13-048",-0.0321622388029581
"chr13-049",-0.0847052850374826
"chr13-050",0.0100091899455881
"chr13-051",0.0153681968761469
"chr13-052",-0.026484232331799
"chr13-053",-0.00138569955763926
"chr13-054",-0.115225364900372
"chr13-055",-0.063944436097945
"chr13-056",-0.0424546377110536
"chr13-057",0.0182566199120166
"chr13-058",-0.0266435943625463
"chr13-059",-0.065468499502776
"chr13-060",-0.126289280202334
"chr13-061",-0.0664560858927516
"chr13-062",-0.0845979980943569
"chr13-063",-0.0623119114533056
"chr13-064",-0.0136077667122939
"chr13-065",-0.0659945240919131
"chr13-066",-0.0806163781432922
"chr13-067",-0.0303662726383993
"chr13-068",-0.0440587103993823
"chr13-069",-0.0432506278735588
"chr13-070",-0.0697317233012751
"chr13-071",-0.0345141555902012
"chr13-072",-0.114326452818171
"chr13-073",-0.0631908968453568
"chr13-074",-0.0306465047869808
"chr13-075",0.0301258684486645
"chr13-076",-0.0316385534533393
"chr13-077",-0.0431487931536719
"chr13-078",-0.0826591265844251
"chr13-079",-0.0678290096812635
"chr13-080",-0.209481461742118
"chr13-081",-0.121871277619691
"chr13-082",0.00931828903160962
"chr13-083",-0.0455756219956592
"chr13-084",-0.0723413555866505
"chr13-085",-0.0621370280470691
"chr13-086",-0.0588970025864111
"chr13-087",-0.114578723496765
"chr13-088",-0.0399135583413159
"chr13-089",-0.0908087703812953
"chr13-090",0.0271465508979369
"chr13-091",-0.0622654584177695
"chr13-092",0.0777494043739123
"chr13-093",0.0195036385606064
"chr13-094",-0.104885854432924
"chr13-095",-0.0598044577630417
"chr13-096",-0.0830497006385673
"chr13-097",0.0423708621895261
"chr13-098",-0.0108846749119367
"chr13-099",-0.0503642732785454
"chr13-100",-0.0825032331855464
"chr13-101",-0.159572237482411
"chr13-102",-0.0709704314612332
"chr13-103",-0.0723562444578591
"chr13-104",-0.0406131705333231
"chr13-105",-0.147183499134852
"chr13-106",-0.0156025823714105
"chr13-107",-0.103516346367624
"chr13-108",-0.0304090467726108
"chr13-109",-0.038236046413997
"chr13-110",-0.0921118038599683
"chr13-111",-0.0440063053392645
"chr13-112",0.0608737854014353
"chr13-113",-0.0172664811721854
"chr13-114",-0.150872790541367
"chr13-115",-0.210644077586978
"chr13-116",-0.102979037337209
"chr13-117",-0.172084800912002
"chr13-118",-0.0720935820488038
"chr13-119",-0.0451888471503301
"chr13-120",-0.046383406917352
"chr13-121",-0.301292264580993
"chr13-122",-0.112835708484259
"chr13-123",-0.0739928867268778
"chr13-124",-0.125569466279658
"chr13-125",-0.0570154296019355
"chr13-126",-0.020298493138392
"chr13-127",-0.0676582180927612
"chr13-128",-0.0533338562810801
"chr13-129",-0.0453972326048421
"chr13-130",-0.0630343129384668
"chr13-131",0.00843403659724523
"chr13-132",-0.109462313052458
"chr13-133",-0.0968088305081799
"chr13-134",-0.106838098016545
"chr13-135",-0.0408904185804402
"chr13-136",-0.0313445094571218
"chr13-137",0.0199615472791435
"chr13-138",-0.009935538380422
"chr13-139",-0.0231193792622202
"chr13-140",-0.0451826488911254
"chr13-141",-0.0986437972340003
"chr13-142",-0.0204634374801375
"chr13-143",-0.0512370996539561
"chr13-144",-0.0226854779862337
"chr13-145",-0.106109243143145
"chr13-146",-0.0962193230608364
"chr13-147",-0.0693985970942429
"chr13-148",-0.0848036560099586
"chr13-149",-0.0953192721521786
"chr13-150",0.037135393185537
"chr13-151",-0.167194826093432
"chr13-152",0.0100507206157186
"chr13-153",-0.0304354069165831
"chr13-154",-0.00840810662901321
"chr13-155",-0.0108088575016816
"chr13-156",-0.0608638718726743
"chr13-157",0.025216763003497
"chr13-158",-0.0332729146252351
"chr13-159",-0.00316012563433561
"chr13-160",0.0507694877526486
"chr13-161",0.0255519858185269
"chr13-162",0.0269566154155748
"chr13-163",0.0192509350644769
"chr13-164",-0.0631935567190036
"chr13-165",-0.0121696783269642
"chr13-166",0.0551927260596488
"chr13-167",0.0632205982697389
"chr13-168",0.06072704985408
"chr13-169",0.185756856630694
"chr13-170",0.137152023303629
"chr14-001",0.107099713951317
"chr14-002",0.16866115432407
"chr14-003",-0.112701204167988
"chr14-004",-0.119879571653609
"chr14-005",-0.0603133768240109
"chr14-006",-0.093895569468276
"chr14-007",-0.0754777705831586
"chr14-008",-0.0445897608738381
"chr14-009",-0.0487728398996889
"chr14-010",-0.0319721495949866
"chr14-011",-0.0278809529226247
"chr14-012",-0.0482042537569752
"chr14-013",0.0275811460029356
"chr14-014",-0.0529815952536264
"chr14-015",-0.10079031584196
"chr14-016",-0.0331127311700497
"chr14-017",-0.067922509297966
"chr14-018",-0.0203579609386945
"chr14-019",-0.0197636589813691
"chr14-020",-0.142949018200171
"chr14-021",-0.0991922407973704
"chr14-022",-0.0910434869683975
"chr14-023",-0.104742050749595
"chr14-024",-0.0681125247697358
"chr14-025",0.0647382291516155
"chr14-026",-0.087813555467384
"chr14-027",-0.0465852357096997
"chr14-028",-0.119184338128166
"chr14-029",-0.0454288846825249
"chr14-030",-0.0299787244598228
"chr14-031",-0.112576258152591
"chr14-032",-0.0563539624347874
"chr14-033",-0.0747774441837598
"chr14-034",-0.203427338433185
"chr14-035",-0.0823024518392255
"chr14-036",-0.0737520820650724
"chr14-037",-0.0957691918610295
"chr14-038",-0.0498599491235614
"chr14-039",-0.217519547610386
"chr14-040",-0.0998018782796402
"chr14-041",-0.0863433030758371
"chr14-042",-0.231880070568173
"chr14-043",-0.0435036286859927
"chr14-044",-0.125349147945658
"chr14-045",-0.11455415793836
"chr14-046",-0.0585297735033072
"chr14-047",0.0130397391345974
"chr14-048",-0.0657535342216582
"chr14-049",-0.138930568253355
"chr14-050",-0.0700673045859591
"chr14-051",-0.043076995214644
"chr14-052",-0.0736156317919149
"chr14-053",-0.0123845773407132
"chr14-054",-0.023714347569812
"chr14-055",-0.0751329752843076
"chr14-056",-0.0434070486607612
"chr14-057",3.88451410059643e-05
"chr14-058",0.0119840898704511
"chr14-059",-0.0456724767388603
"chr14-060",-0.00372819693400233
"chr14-061",-0.0704880086833144
"chr14-062",-0.103401481452375
"chr14-063",-0.0295181055803016
"chr14-064",-0.0826928189238545
"chr14-065",-0.00764123789195958
"chr14-066",-0.114973958775819
"chr14-067",-0.149172202064313
"chr14-068",-0.0567608581561702
"chr14-069",-0.0320699294881649
"chr14-070",-0.0948810363471339
"chr14-071",-0.0683316836160586
"chr14-072",-0.0855456086193999
"chr14-073",-0.0142688848504149
"chr14-074",-0.05035183103299
"chr14-075",-0.0729541974796202
"chr14-076",-0.236367200264408
"chr14-077",-0.0631555239558408
"chr14-078",-0.041851224065451
"chr14-079",-0.0090778170901309
"chr14-080",-0.0419112070568635
"chr14-081",-0.00454393018545791
"chr14-082",0.0148745551641491
"chr14-083",-0.092548722762916
"chr14-084",-0.0488193989963003
"chr14-085",-0.0978893591655372
"chr14-086",-0.0656828055212196
"chr14-087",-0.00833937702669731
"chr14-088",0.0225613173685706
"chr14-089",-0.0426562231692268
"chr14-090",-0.0314167142501158
"chr14-091",-0.096442842929598
"chr14-092",-0.0805470195524387
"chr14-093",-0.086121732721702
"chr14-094",-0.0630198373068979
"chr14-095",-0.122336607502115
"chr14-096",-0.0365833136087128
"chr14-097",-0.0303535646301812
"chr14-098",-0.0399808205180156
"chr14-099",-0.0743314383555188
"chr14-100",0.0173231000439994
"chr14-101",-0.0469850147837186
"chr14-102",-0.012574893529224
"chr14-103",-0.0560682783986612
"chr14-104",-0.0235023232742795
"chr14-105",-0.0385406098063418
"chr14-106",-0.0739241727129378
"chr14-107",-0.119114941484758
"chr14-108",-0.131698946164244
"chr14-109",0.0281925659720905
"chr14-110",-0.0284888238885268
"chr14-111",-0.0166567759075834
"chr14-112",-0.0866179294492427
"chr14-113",-0.0530397109494824
"chr14-114",-0.0284294318864498
"chr14-115",-0.031976731268457
"chr14-116",0.0274667226043543
"chr14-117",-0.112190780854184
"chr14-118",-0.0700685496120878
"chr14-119",-0.0198322052432708
"chr14-120",-0.0625943038735831
"chr14-121",0.0274996370303027
"chr14-122",0.0710446276326401
"chr14-123",-0.126085833947427
"chr14-124",0.0637635527955921
"chr14-125",-0.125414572605311
"chr14-126",-0.0690743157713163
"chr14-127",0.0377340623475405
"chr14-128",-0.063684092866767
"chr14-129",-0.0520250988093452
"chr14-130",-0.0075737577780462
"chr14-131",-0.0368216652289772
"chr14-132",-0.0944439355436679
"chr14-133",-0.0182097043162019
"chr14-134",0.00353012524864932
"chr14-135",0.00572127941776796
"chr14-136",-0.0144679754019872
"chr14-137",-0.0634083451793011
"chr14-138",-0.0949328222525324
"chr14-139",0.0283053801879951
"chr14-140",-0.0780683364340687
"chr14-141",-0.0217590272126904
"chr14-142",-0.013318894922574
"chr14-143",-0.0636900968520778
"chr14-144",-0.0580301650694103
"chr14-145",-0.091020586604471
"chr14-146",-0.00915510052260805
"chr14-147",-0.0367453412882484
"chr14-148",0.014267720510632
"chr14-149",-0.00869028620819775
"chr14-150",-0.0593286460089353
"chr14-151",-0.0178976516955991
"chr14-152",-0.022312393835271
"chr14-153",0.0127526788859841
"chr14-154",0.0124402046037003
"chr14-155",0.0153447891094501
"chr14-156",0.0123413857797507
"chr14-157",0.0223420992436974
"chr14-158",0.0185165603550889
"chr14-159",0.035036032068125
"chr14-160",0.0143114158350234
"chr14-161",-0.00130926589373008
"chr14-162",-0.0799956339231175
"chr15-001",-0.139264238598273
"chr15-002",-0.14106949244015
"chr15-003",-0.193324582864814
"chr15-004",-0.407732820453832
"chr15-005",0.0193210046964138
"chr15-006",0.0332381401502769
"chr15-007",-0.124627599419294
"chr15-008",-0.0105319355872521
"chr15-009",0.0469509965486627
"chr15-010",-0.0804571819696426
"chr15-011",-0.067486960629521
"chr15-012",-0.0658505986178179
"chr15-013",-0.0682349232057242
"chr15-014",-0.107771623769106
"chr15-015",-0.056549584005533
"chr15-016",-0.0499896191778158
"chr15-017",0.0543126644556227
"chr15-018",0.0475574996345099
"chr15-019",-0.0393085563115267
"chr15-020",-0.0888276004388625
"chr15-021",-0.0465812134897809
"chr15-022",0.0103949186754009
"chr15-023",-0.0100548489365159
"chr15-024",-0.0619663664725088
"chr15-025",-0.0616397541703476
"chr15-026",-0.0285574821264933
"chr15-027",-0.0144039970059228
"chr15-028",-0.0515005071592079
"chr15-029",-0.0876312584179104
"chr15-030",-0.0784410175441911
"chr15-031",0.0584606113119165
"chr15-032",-0.0796719157059217
"chr15-033",-0.066008151241311
"chr15-034",-0.0095033119214575
"chr15-035",0.0506482804405534
"chr15-036",-0.195340386739672
"chr15-037",-0.0385759391512559
"chr15-038",-0.0402710565743446
"chr15-039",-0.0355117141678607
"chr15-040",-0.0373169421847681
"chr15-041",-0.0145816825086133
"chr15-042",-0.0263436043566885
"chr15-043",-0.058815054492192
"chr15-044",-0.0248382739437647
"chr15-045",-0.049132786430652
"chr15-046",-0.0249657976100484
"chr15-047",-0.0519914315572059
"chr15-048",-0.0531428124425108
"chr15-049",-0.0386383827737617
"chr15-050",-0.0470150259327316
"chr15-051",-0.0597792880290292
"chr15-052",-0.0528324502257029
"chr15-053",-0.173097960670858
"chr15-054",-0.0427464076182294
"chr15-055",-0.0825776902826729
"chr15-056",-0.0297541440386311
"chr15-057",-0.0546024928496068
"chr15-058",-0.0953103304202911
"chr15-059",-0.118484418252638
"chr15-060",-0.0671092690948485
"chr15-061",-0.0939982294101269
"chr15-062",-0.0335257506174683
"chr15-063",-0.108521216590881
"chr15-064",-0.00803010218242801
"chr15-065",-0.0670851809691821
"chr15-066",0.0042697323533341
"chr15-067",-0.128985340239277
"chr15-068",0.0544360095664217
"chr15-069",-0.063935894846565
"chr15-070",-0.0117077451378784
"chr15-071",-0.118378614498064
"chr15-072",-0.0595567484185028
"chr15-073",-0.0188982407352682
"chr15-074",-0.0545070887410748
"chr15-075",-0.0331398895703623
"chr15-076",-0.0485265274727728
"chr15-077",0.0324440023563389
"chr15-078",-0.0558938690327696
"chr15-079",-0.0119151685475898
"chr15-080",0.00593268150073467
"chr15-081",0.0422656253944569
"chr15-082",-0.0448840127044051
"chr15-083",-0.0848072792082547
"chr15-084",-0.0651572546569336
"chr15-085",-0.0126182944346365
"chr15-086",-0.00447715300081601
"chr15-087",-0.052625016594926
"chr15-088",-0.0178575510689185
"chr15-089",-0.0425694597095247
"chr15-090",-0.0829468370256221
"chr15-091",-0.0666567615489249
"chr15-092",-0.0317871099112687
"chr15-093",-0.0429804409215203
"chr15-094",-0.0913465745289018
"chr15-095",0.00291571086007379
"chr15-096",0.00764995299731835
"chr15-097",-0.0183081746976281
"chr15-098",-0.0335047540262719
"chr15-099",-0.0208259736385098
"chr15-100",-0.0141243365440114
"chr15-101",-0.0127965278988553
"chr15-102",-0.0158885336238875
"chr15-103",-0.0576808269657289
"chr15-104",-0.0780908126106093
"chr15-105",-0.0623717044635703
"chr15-106",-0.0394398061055616
"chr15-107",0.0119792729357723
"chr15-108",-0.029243717331089
"chr15-109",-0.00103248649255233
"chr15-110",-0.0113285502031724
"chr15-111",-0.043139924036368
"chr15-112",-0.0624002467592177
"chr15-113",-0.0588084568245559
"chr15-114",-0.0113578831501018
"chr15-115",-0.0541155365129854
"chr15-116",-0.0293073927420525
"chr15-117",-0.0700035719026401
"chr15-118",-0.00535678637611295
"chr15-119",-0.0543563979806236
"chr15-120",-0.0437674906886198
"chr15-121",-0.0323834487831001
"chr15-122",0.0436384015564239
"chr15-123",-0.0497466124084634
"chr15-124",-0.0876818940666862
"chr15-125",-0.0503943229978483
"chr15-126",-0.0503056527508525
"chr15-127",-0.0430394529014075
"chr15-128",-0.0590344634624506
"chr15-129",-0.0191127326471759
"chr15-130",0.00373242632347465
"chr15-131",-0.0319980869233824
"chr15-132",-0.1667142701143
"chr15-133",-0.0914406196760323
"chr15-134",-0.0989727467537079
"chr15-135",-0.0428909186215284
"chr15-136",-0.060618009045042
"chr15-137",-0.0709946853525649
"chr15-138",-0.0254483806334119
"chr15-139",-0.0187826027220612
"chr15-140",0.0245465011163036
"chr15-141",-0.0229788573788842
"chr15-142",-0.0383524605408673
"chr15-143",-0.0534268236320783
"chr15-144",-0.0636845382681256
"chr15-145",-0.0302967368700424
"chr15-146",-0.0469264123003275
"chr15-147",-0.0513423303143228
"chr15-148",-0.0944146052114786
"chr15-149",0.00621165115035554
"chr15-150",0.0349146365747103
"chr15-151",0.0057306877235695
"chr15-152",-0.0704452424792292
"chr15-153",-0.0321937592166796
"chr15-154",-0.0758204429843467
"chr15-155",-0.0719910532485973
"chr15-156",0.0433852676331447
"chr15-157",0.00401286565351176
"chr15-158",-0.0536696471710063
"chr15-159",-0.0099929333643975
"chr15-160",0.0238271026759848
"chr15-161",0.00557250659194297
"chr15-162",-0.00471999348895504
"chr16-001",0.0328358972675913
"chr16-002",0.0169699518636109
"chr16-003",0.0195341756417848
"chr16-004",0.0229491277931072
"chr16-005",0.0226808990507047
"chr16-006",0.0116777656388179
"chr16-007",-0.034138815841974
"chr16-008",0.0306515307880909
"chr16-009",0.000657126684248799
"chr16-010",0.0240113066904784
"chr16-011",-0.0621131388860767
"chr16-012",-0.112208323566793
"chr16-013",-0.067599729242883
"chr16-014",-0.0770534360645427
"chr16-015",-0.0409596682007895
"chr16-016",-0.0485463973298305
"chr16-017",-0.0583649172862055
"chr16-018",-0.0289962637762129
"chr16-019",-0.0580944562666318
"chr16-020",-0.105911087491886
"chr16-021",-0.0707198174684215
"chr16-022",-0.0616271520756649
"chr16-023",-0.02109481976996
"chr16-024",-0.0129273971582001
"chr16-025",-0.00781087121864814
"chr16-026",-0.0507884833996653
"chr16-027",0.000669686111422955
"chr16-028",-0.0478228288924708
"chr16-029",-0.0285996142595283
"chr16-030",-0.00559187365729513
"chr16-031",-0.0101876314308855
"chr16-032",-0.0205846210441769
"chr16-033",0.0463420571308192
"chr16-034",0.0746080532147641
"chr16-035",0.0294527085963996
"chr16-036",-0.131769754594343
"chr16-037",-0.151026276399816
"chr16-038",-0.0662930845459757
"chr16-039",-0.0670647619420857
"chr16-040",-0.00782471629472808
"chr16-041",-0.0744871947003161
"chr16-042",-0.00952835324379687
"chr16-043",-0.0428881116719989
"chr16-044",-0.0782647849428102
"chr16-045",-0.0419680526158903
"chr16-046",-0.111898195067715
"chr16-047",-0.0409571619106005
"chr16-048",-0.0843662314411115
"chr16-049",-0.126093085164512
"chr16-050",-0.0352700878094862
"chr16-051",-0.0508865724980368
"chr16-052",-0.150904573550636
"chr16-053",-0.0298058806694885
"chr16-054",-0.180935954477839
"chr16-055",0.0272504852135629
"chr16-056",-0.0169927271877358
"chr16-057",-0.0170166897663249
"chr16-058",0.00504626664338057
"chr16-059",0.120261800993283
"chr16-060",0.0189055460644062
"chr16-061",-0.00411094473779943
"chr16-062",-0.0167823205868747
"chr16-063",-0.0075458538298808
"chr16-064",-0.0549227753769713
"chr16-065",-0.0847657014962685
"chr16-066",-0.106789891993352
"chr16-067",-0.332706738942241
"chr16-068",-0.0527461720138818
"chr16-069",-0.0867684774514708
"chr16-070",-0.136753239258783
"chr16-071",0.0833404790511751
"chr16-072",-0.0529145260655749
"chr16-073",-0.086731518892225
"chr16-074",-0.0767967370939518
"chr16-075",-0.0751030732851595
"chr16-076",-0.0375401369314642
"chr16-077",-0.0417182128364137
"chr16-078",-0.0365851173727225
"chr16-079",-0.0112893590196174
"chr16-080",-0.0465991305575679
"chr16-081",0.00977571622226584
"chr16-082",-0.051707108976203
"chr16-083",-0.0522434230587756
"chr16-084",-0.0800333703795923
"chr16-085",-0.0465124048441977
"chr16-086",-0.0634217220251256
"chr16-087",-0.0695191947749975
"chr16-088",-0.00413243553534137
"chr16-089",0.0224764045838258
"chr16-090",-0.0567784983378581
"chr16-091",-0.00594456803372214
"chr16-092",-0.0890859975873491
"chr16-093",-0.0360826522070839
"chr16-094",0.0108024136251707
"chr16-095",-0.0261485129946192
"chr16-096",-0.0498508096969137
"chr16-097",-0.0916292441114218
"chr16-098",0.0530748154713302
"chr16-099",-0.148256128737741
"chr16-100",0.0423039213052554
"chr16-101",-0.0136173771448245
"chr16-102",-0.0202273597059778
"chr16-103",-0.069678597197311
"chr16-104",-0.0748602743566382
"chr16-105",-0.0919433023755624
"chr16-106",0.0304197602630775
"chr16-107",-0.033752672705898
"chr16-108",-0.0228084975102366
"chr16-109",-0.0289905561512963
"chr16-110",-0.0191704165946575
"chr16-111",-0.016252845308547
"chr16-112",-0.0324959860069354
"chr16-113",-0.0723423351008954
"chr16-114",-0.0240587618537554
"chr16-115",0.0131475892516959
"chr16-116",0.00311401864593786
"chr16-117",0.0286107059101269
"chr16-118",-0.0815588945239015
"chr16-119",-0.0470621647661933
"chr16-120",-0.0295039146331898
"chr16-121",0.0337886349678674
"chr16-122",-0.0362770212480446
"chr16-123",0.015325089452724
"chr16-124",-0.0245695048385395
"chr16-125",-0.0571741845955498
"chr16-126",-0.027426755442244
"chr16-127",-0.0483331407341146
"chr16-128",-0.0564301381693423
"chr16-129",0.00434891065718484
"chr16-130",0.00783269208397776
"chr16-131",-0.0597774655730536
"chr16-132",-0.0607390229567624
"chr16-133",0.0302358057896246
"chr16-134",-0.0237805859757688
"chr16-135",-0.00230464834392167
"chr16-136",0.0185869494710636
"chr16-137",-0.0346206164503609
"chr16-138",-0.0164236790327292
"chr16-139",0.0258657724127336
"chr16-140",-0.03370617927281
"chr16-141",-0.031702479390317
"chr16-142",-0.0390049700351626
"chr16-143",-0.0294331873487766
"chr16-144",-0.00755395465631595
"chr16-145",0.00499890456435521
"chr16-146",0.0182247475710725
"chr16-147",0.00530144973159101
"chr16-148",0.0194856377757035
"chr16-149",0.0209284837554543
"chr16-150",0.0487705184304108
"chr16-151",0.054834249431453
"chr16-152",0.061952949725121
"chr16-153",0.0447732443467911
"chr16-154",0.0852646788622999
"chr16-155",0.0366543353393855
"chr16-156",0.00845275772241458
"chr17-001",0.0659527642758826
"chr17-002",0.047162498398703
"chr17-003",0.069831799680449
"chr17-004",0.0141480410061727
"chr17-005",0.0256905445734287
"chr17-006",0.0246647474045115
"chr17-007",-0.0836371800116369
"chr17-008",0.0286167140356509
"chr17-009",0.00848151538446648
"chr17-010",-0.000129061926013897
"chr17-011",-0.0554216146347132
"chr17-012",-0.0741108195878828
"chr17-013",-0.0755359028812719
"chr17-014",-0.0275304382387185
"chr17-015",-0.0029528330092455
"chr17-016",-0.00592295889598577
"chr17-017",-0.065009778685364
"chr17-018",-0.0289565015375752
"chr17-019",-0.0421189954618448
"chr17-020",-0.00897284067310296
"chr17-021",-0.0406050701487126
"chr17-022",-0.030444451723215
"chr17-023",-0.0895669298316943
"chr17-024",-0.00794199580813987
"chr17-025",-0.0734961228752437
"chr17-026",-0.0262572949642995
"chr17-027",-0.0425678946028809
"chr17-028",-0.0942409855232826
"chr17-029",0.0340440643233232
"chr17-030",-0.0511232630894352
"chr17-031",-0.05931877629224
"chr17-032",-0.0528480558536083
"chr17-033",-0.0357601331866181
"chr17-034",-0.0601111991700181
"chr17-035",0.0343255423079582
"chr17-036",0.0370782484329578
"chr17-037",-0.0198003592226303
"chr17-038",-0.0257035632931296
"chr17-039",-0.0222962601000641
"chr17-040",-0.00873621067345468
"chr17-041",-0.022520419709317
"chr17-042",-0.0237546320038963
"chr17-043",0.00248894455511832
"chr17-044",0.0639875183276275
"chr17-045",-0.0132999620588987
"chr17-046",-0.0406033264050395
"chr17-047",0.00786243976076583
"chr17-048",-0.047946647195527
"chr17-049",-0.0558324977485239
"chr17-050",-0.0338679712405991
"chr17-051",-0.0357865531585626
"chr17-052",-0.0295542501334758
"chr17-053",-0.0250405848597918
"chr17-054",-0.0645908212271366
"chr17-055",-0.0115906977340691
"chr17-056",-0.0478866625197058
"chr17-057",-0.00103355431721467
"chr17-058",-0.0605795624843546
"chr17-059",-0.0781569352663919
"chr17-060",-0.0433988918022865
"chr17-061",-0.11080670218793
"chr17-062",-0.0897168621851485
"chr17-063",-0.119291675583779
"chr17-064",-0.0486789270514891
"chr17-065",-0.0992573589311543
"chr17-066",-0.0394932899323659
"chr17-067",-0.0217371015409057
"chr17-068",0.00468936974127222
"chr17-069",-0.0765201026417906
"chr17-070",0.0123882730459711
"chr17-071",0.00751646424238448
"chr17-072",-0.03204606301942
"chr17-073",-0.0113091955642635
"chr17-074",-0.0369631114953536
"chr17-075",-0.00717854051034148
"chr17-076",-0.00713806904077599
"chr17-077",-0.0290761023641539
"chr17-078",-0.0318941887798566
"chr17-079",-0.0454952307912526
"chr17-080",-0.075816135600186
"chr17-081",-0.0430922222841823
"chr17-082",0.00472376045365704
"chr17-083",-0.074682804937855
"chr17-084",-0.0300041480771848
"chr17-085",-0.0509990381921759
"chr17-086",0.0855336118461454
"chr17-087",-0.0261798948993509
"chr17-088",-0.0484163347700464
"chr17-089",-0.0412842083401454
"chr17-090",-0.0333133762731878
"chr17-091",-0.042632676111917
"chr17-092",-0.0710110650207351
"chr17-093",-0.0455863353351126
"chr17-094",-0.0223163382302094
"chr17-095",-0.0256747057518624
"chr17-096",-0.0949602878630317
"chr17-097",-0.0518727136905426
"chr17-098",-0.0529228479036381
"chr17-099",-0.0396648230172564
"chr17-100",-0.180387082507228
"chr17-101",-0.0809620871954949
"chr17-102",-0.086201391849424
"chr17-103",-0.048953672475981
"chr17-104",-0.0484426410233958
"chr17-105",-0.0626360450509737
"chr17-106",-0.0610933343966361
"chr17-107",-0.0102601144052147
"chr17-108",-0.0460876415089308
"chr17-109",-0.0756499386541812
"chr17-110",-0.131558394865355
"chr17-111",-0.0733372083143647
"chr17-112",-0.0799459154952466
"chr17-113",-0.0423513773912469
"chr17-114",-0.087095313350897
"chr17-115",0.0108912366098261
"chr17-116",-0.0820783661348782
"chr17-117",-0.0495135382330533
"chr17-118",0.00546471692357413
"chr17-119",0.0185856762031193
"chr17-120",-0.0215002930284746
"chr17-121",-0.0320840950243953
"chr17-122",-0.00263397289992678
"chr17-123",-0.0405309134854819
"chr17-124",0.0070697239900144
"chr17-125",0.0168825720866069
"chr17-126",-0.0163523483527033
"chr17-127",-0.0390953003132553
"chr17-128",-0.0172042219690651
"chr17-129",-0.0386071355425037
"chr17-130",-0.0233428969002745
"chr17-131",-0.0991133207047076
"chr17-132",0.0132065925990185
"chr17-133",-0.0935833165125723
"chr17-134",-0.102084817821971
"chr17-135",-0.0748729811059518
"chr17-136",0.0173392562216789
"chr17-137",-0.0533894212004197
"chr17-138",-0.0125179462688503
"chr17-139",-0.0314181929559114
"chr17-140",-0.0854683238327651
"chr17-141",-0.016093382064949
"chr17-142",-0.0437479818634586
"chr17-143",-0.0409047240603302
"chr17-144",-0.00346513527335151
"chr17-145",0.0230981407049717
"chr17-146",-0.00227543870983687
"chr17-147",0.0709962317938354
"chr17-148",-0.0295515465329358
"chr17-149",0.0195289904499594
"chr17-150",0.0136534844902653
"chr17-151",0.0211356934036641
"chr17-152",0.0195470077939098
"chr17-153",0.0447754348027731
"chr17-154",0.0742629281262839
"chr17-155",0.0495260500658747
"chr17-156",0.0165769318330508
"chr17-157",0.0320333365505194
"chr17-158",0.0534358290751902
"chr17-159",0.080860924071907
"chr17-160",0.0789252202162592
"chr18-001",-0.0393248899901122
"chr18-002",-0.00817605941672443
"chr18-003",-0.157451357074714
"chr18-004",-0.0704274481078697
"chr18-005",-0.0180628336868679
"chr18-006",-0.0571569306886157
"chr18-007",-0.0332957044533426
"chr18-008",-0.0291730384942888
"chr18-009",0.00965947304879793
"chr18-010",0.0413214477349592
"chr18-011",-0.113281168910215
"chr18-012",0.0518042755610884
"chr18-013",-0.0581863982293395
"chr18-014",0.0218197372550592
"chr18-015",0.0198188628044242
"chr18-016",-0.037360810934468
"chr18-017",-0.014304558308184
"chr18-018",-0.0126112520808229
"chr18-019",0.0238354479437144
"chr18-020",-0.0177174837017928
"chr18-021",0.0296638107939583
"chr18-022",-0.00589821753386176
"chr18-023",0.017340191707833
"chr18-024",-0.0201100971130786
"chr18-025",0.01314789975957
"chr18-026",-0.0594660587790422
"chr18-027",0.0403214039247612
"chr18-028",-0.00400166254663848
"chr18-029",-0.0176325201314279
"chr18-030",-0.06015148363123
"chr18-031",-0.0977048601867268
"chr18-032",-0.0182870738619122
"chr18-033",-0.0596985830899825
"chr18-034",-0.00961796419772409
"chr18-035",-0.0530439962561629
"chr18-036",-0.0484533521707028
"chr18-037",-0.0220555393364
"chr18-038",-0.0404418786518112
"chr18-039",-0.101369748825017
"chr18-040",0.00738337847197362
"chr18-041",-0.05270815253406
"chr18-042",0.0535243857317805
"chr18-043",-0.0217872403474487
"chr18-044",-0.0280914599360151
"chr18-045",-0.120487038230878
"chr18-046",-0.0359124265667629
"chr18-047",-0.0214997146844442
"chr18-048",-0.0949071960327308
"chr18-049",-0.0191936152533867
"chr18-050",-0.0706763332557668
"chr18-051",-0.0282004828855528
"chr18-052",-0.0280708592554966
"chr18-053",-0.0744535787351074
"chr18-054",-0.0790615134128762
"chr18-055",-0.0884812256648683
"chr18-056",-0.084915137818782
"chr18-057",0.0128598582325659
"chr18-058",-0.0987647665699029
"chr18-059",-0.0457860239976359
"chr18-060",0.0269897383422569
"chr18-061",-0.108536336977604
"chr18-062",-0.0065395111170361
"chr18-063",0.0144591025760472
"chr18-064",-0.020136281751413
"chr18-065",-0.0963382433236917
"chr18-066",-0.173678239093658
"chr18-067",0.0323073964987883
"chr18-068",-0.05294970742762
"chr18-069",-0.0687815579118655
"chr18-070",-0.0852029773134689
"chr18-071",-0.117074969643417
"chr18-072",-0.0487996404686672
"chr18-073",-0.030007048256259
"chr18-074",-0.0562139717805429
"chr18-075",0.018188251673648
"chr18-076",-0.0751152432993366
"chr18-077",-0.0414578994863321
"chr18-078",-0.0387403570399019
"chr18-079",-0.0300394942027535
"chr18-080",-0.0519718088423151
"chr18-081",0.0185273399677183
"chr18-082",-0.0839097789489605
"chr18-083",-0.134580377239267
"chr18-084",-0.0222939480687676
"chr18-085",-0.051392664418079
"chr18-086",0.0243328990290835
"chr18-087",0.0516020982091236
"chr18-088",-0.0107917364931796
"chr18-089",-0.0292145588484612
"chr18-090",-0.0854076423636655
"chr18-091",-0.0140527275032728
"chr18-092",-0.0242090593283239
"chr18-093",-0.00682458320856518
"chr18-094",-0.0691002292025506
"chr18-095",-0.0811561185671195
"chr18-096",0.0422896165153565
"chr18-097",-0.128439056597751
"chr18-098",-0.0243282021710064
"chr18-099",-0.0448242010116452
"chr18-100",-0.0297050937709927
"chr18-101",-0.0501288179242728
"chr18-102",-0.0215741086322844
"chr18-103",-0.0587240790588688
"chr18-104",-0.0813512776296091
"chr18-105",0.0303737362793284
"chr18-106",-0.0557885393667403
"chr18-107",-0.0307229713386633
"chr18-108",-0.050301235277675
"chr18-109",-0.0139466936705244
"chr18-110",-0.0368049601125227
"chr18-111",-0.0446278814494504
"chr18-112",0.00893800904954473
"chr18-113",-0.0269209234728966
"chr18-114",-0.10547452220253
"chr18-115",0.0584891102056593
"chr18-116",-0.0891983506235191
"chr18-117",0.0120479161588987
"chr18-118",0.00116588301226814
"chr18-119",0.0716021030506054
"chr18-120",0.0193310848317551
"chr18-121",0.128803949467881
"chr18-122",0.021245508864082
"chr18-123",0.0312556023725229
"chr18-124",-0.0405733776547174
"chr18-125",-0.00188998765620253
"chr18-126",-0.0163808024294335
"chr18-127",0.08269374729342
"chr18-128",0.0595208726835634
"chr18-129",-0.00711184534209118
"chr19-001",0.0333306378966745
"chr19-002",0.0467565886344614
"chr19-003",0.0199334438938797
"chr19-004",0.0495729941211946
"chr19-005",0.0476354266668066
"chr19-006",0.0401258194611003
"chr19-007",0.0351876261453943
"chr19-008",0.00650179044573927
"chr19-009",0.0528710652320858
"chr19-010",0.0245141857965166
"chr19-011",0.0400553202891719
"chr19-012",0.00919167378589794
"chr19-013",0.0423838008731626
"chr19-014",-0.00486857362953125
"chr19-015",0.0142802804832536
"chr19-016",-0.0018472085149345
"chr19-017",0.0108214809297698
"chr19-018",-0.0271040070610566
"chr19-019",-0.0651843583359823
"chr19-020",-0.00423325113735599
"chr19-021",-0.00899245689943761
"chr19-022",-0.00797732417465583
"chr19-023",0.000805460640157988
"chr19-024",-0.017171202997098
"chr19-025",-0.0400788233221419
"chr19-026",-0.0332908430010737
"chr19-027",0.00550961356259772
"chr19-028",-0.026407837889021
"chr19-029",-0.00472898608530388
"chr19-030",-0.0467270965473568
"chr19-031",0.00567331498554719
"chr19-032",-0.069875002014312
"chr19-033",0.019252183761231
"chr19-034",-0.00622489000779103
"chr19-035",-0.00632657102851702
"chr19-036",-0.0290456105820325
"chr19-037",-0.0141308592816105
"chr19-038",0.0228697870050631
"chr19-039",-0.0176639990201735
"chr19-040",0.00959619409600283
"chr19-041",-0.0237629197258761
"chr19-042",-0.0556513088887475
"chr19-043",0.00830404537340567
"chr19-044",-0.0270872352110714
"chr19-045",-0.0241978960437589
"chr19-046",-0.0169154275699925
"chr19-047",-0.0524822920414607
"chr19-048",-0.0543827639701441
"chr19-049",-0.106132760729831
"chr19-050",-0.135023077978557
"chr19-051",-0.0739854601870044
"chr19-052",-0.00890494477175555
"chr19-053",-0.048958352129489
"chr19-054",-0.0274488247029048
"chr19-055",-0.0619034451773024
"chr19-056",0.0477310715815469
"chr19-057",0.0148198515924698
"chr19-058",-0.105290682580882
"chr19-059",-0.0150226233158061
"chr19-060",-0.0233816568872581
"chr19-061",0.0226629067857032
"chr19-062",-0.0316537003600126
"chr19-063",-0.0365715786156748
"chr19-064",-0.043178734888413
"chr19-065",-0.000791082116553451
"chr19-066",-0.0342385400025487
"chr19-067",-0.00882587530780643
"chr19-068",0.00509672271699702
"chr19-069",-0.0246724588058074
"chr19-070",-0.0468335998834812
"chr19-071",-0.00998034108362782
"chr19-072",-0.00745472373699851
"chr19-073",-0.00362751260790372
"chr19-074",-0.0548833256793955
"chr19-075",-0.00958585612449012
"chr19-076",-0.00335918351636072
"chr19-077",-0.0264807685326882
"chr19-078",-0.00934082816601589
"chr19-079",-0.0132243639734334
"chr19-080",0.00689158812706616
"chr19-081",-0.0306355393099144
"chr19-082",-0.0160072641003982
"chr19-083",-0.0391809550419198
"chr19-084",-0.0341946359984128
"chr19-085",-0.0098594364676538
"chr19-086",-0.0143522176935051
"chr19-087",-0.0105562845865033
"chr19-088",0.0246462114462883
"chr19-089",0.0344771996699685
"chr19-090",-0.00160271056014785
"chr19-091",-0.00521789446710941
"chr19-092",-0.0243838776341374
"chr19-093",0.011060266774828
"chr19-094",-0.0107168874265406
"chr19-095",-0.048465180772774
"chr19-096",0.0117866250750994
"chr19-097",-0.0240022435332794
"chr19-098",-0.0618966149070522
"chr19-099",-0.0231918139238252
"chr19-100",-0.0418752615355942
"chr19-101",-0.0797490824112402
"chr19-102",-0.0106144863037023
"chr19-103",0.0202308504001994
"chr19-104",-0.00397682287047425
"chr19-105",0.0140641247022878
"chr19-106",-0.0327713172162018
"chr19-107",0.022624635631447
"chr19-108",-0.000806245179902993
"chr19-109",-0.0416614437852525
"chr19-110",-0.0438522970916017
"chr19-111",-0.0229518572674331
"chr19-112",0.00852450037158091
"chr2-001",0.0091278187555233
"chr2-002",0.0157679918177609
"chr2-003",0.00673537560568013
"chr2-004",0.0184248598254092
"chr2-005",0.0770978415705594
"chr2-006",0.012362940149264
"chr2-007",0.0509061860793594
"chr2-008",0.0254430712278708
"chr2-009",-0.0503951942581431
"chr2-010",-0.0266172496807548
"chr2-011",-0.013092714780596
"chr2-012",-0.0191855554705676
"chr2-013",-0.0659165023917669
"chr2-014",-0.0401791623176013
"chr2-015",-0.0450721361702851
"chr2-016",-0.076274378537353
"chr2-017",-0.0417364225019023
"chr2-018",-0.0119445896505663
"chr2-019",-0.0334707803073024
"chr2-020",0.00863777550889261
"chr2-021",0.0397783138984222
"chr2-022",-0.0378381985297293
"chr2-023",0.00777118471650001
"chr2-024",-0.00359892653719283
"chr2-025",-0.0138409707613778
"chr2-026",-0.00926114100268571
"chr2-027",-0.0879924281288604
"chr2-028",-0.125340977111891
"chr2-029",-0.0477240366740772
"chr2-030",-0.0846058066245247
"chr2-031",-0.0571819032983217
"chr2-032",-0.0727293626435709
"chr2-033",-0.059202813953865
"chr2-034",-0.0341723969652035
"chr2-035",-0.105218600210475
"chr2-036",-0.0615292495932554
"chr2-037",0.00819518530599264
"chr2-038",-0.0750093903740601
"chr2-039",-0.0491818107514966
"chr2-040",-0.134312159243463
"chr2-041",-0.0412630882210378
"chr2-042",-0.0687178399591409
"chr2-043",-0.0579418188916536
"chr2-044",-0.0627058039861409
"chr2-045",-0.0633254487088496
"chr2-046",-0.0288477650914211
"chr2-047",0.0146510282309609
"chr2-048",-0.0877813201005248
"chr2-049",0.000313498641777924
"chr2-050",-0.00402094439921193
"chr2-051",-0.0403368514981093
"chr2-052",-0.0612458109999818
"chr2-053",-0.0174037252840513
"chr2-054",-0.0258130569901542
"chr2-055",-0.0446074179493222
"chr2-056",0.0256836796525348
"chr2-057",-0.0320388823438893
"chr2-058",-0.0724214785245666
"chr2-059",-0.122020050523063
"chr2-060",-0.0192740495355129
"chr2-061",-0.0299757805305041
"chr2-062",-0.0427764756586737
"chr2-063",-0.0500308004122592
"chr2-064",-0.041434487215748
"chr2-065",-0.0624321385127847
"chr2-066",-0.0172664302071611
"chr2-067",-0.031577034322652
"chr2-068",-0.0893413251755344
"chr2-069",-0.0127628505441964
"chr2-070",-0.0933873314678091
"chr2-071",-0.033819634356762
"chr2-072",-0.0293001685807428
"chr2-073",0.00921574249072424
"chr2-074",-0.0374689157934818
"chr2-075",-0.0551349994275184
"chr2-076",-0.042266292386787
"chr2-077",-0.038260357786279
"chr2-078",-0.0498417977655867
"chr2-079",-0.0164805585648976
"chr2-080",-0.0316538411459217
"chr2-081",-0.0244568784986399
"chr2-082",0.0278677068480055
"chr2-083",-0.0693546343589906
"chr2-084",-0.0936932354019393
"chr2-085",-0.0351648468605498
"chr2-086",0.0135621908230658
"chr2-087",-0.0530066140272505
"chr2-088",-0.0415696224764483
"chr2-089",-0.0296379047737416
"chr2-090",-0.0161700207850031
"chr2-091",-0.0397671982831374
"chr2-092",-0.0858753529851596
"chr2-093",0.0365832461577825
"chr2-094",-0.0270995232479826
"chr2-095",-0.107454691953222
"chr2-096",0.0646297423256266
"chr2-097",-0.0292972062076218
"chr2-098",-0.0359400059074577
"chr2-099",0.026305701005426
"chr2-100",-0.0324083591200849
"chr2-101",-0.0413834686062469
"chr2-102",-0.0360735926843912
"chr2-103",-0.0384208525892429
"chr2-104",-0.00713069562649379
"chr2-105",-0.0672149778664767
"chr2-106",-0.0765865600191012
"chr2-107",-0.0867822710412348
"chr2-108",-0.183986571828929
"chr2-109",-0.112170885084951
"chr2-110",-0.0594683132999001
"chr2-111",-0.0390956787076753
"chr2-112",-0.0214777351346593
"chr2-113",-0.0232298505804348
"chr2-114",-0.046853693550692
"chr2-115",-0.0334643675333625
"chr2-116",-0.0907990834031757
"chr2-117",-0.0228935447750943
"chr2-118",-0.0335611220324735
"chr2-119",-0.0657832958318577
"chr2-120",-0.0523164409266809
"chr2-121",-0.0293370433497075
"chr2-122",-0.0384406496759465
"chr2-123",-0.0571108576170701
"chr2-124",-0.00267340326753912
"chr2-125",-0.00333944060177476
"chr2-126",-0.100324339290795
"chr2-127",-0.015632171922642
"chr2-128",-0.0633162228903066
"chr2-129",-0.0206654792586959
"chr2-130",-0.00994482767075031
"chr2-131",-0.040430083850868
"chr2-132",-0.0122358388793072
"chr2-133",-0.0473583573138501
"chr2-134",-0.0748749405727622
"chr2-135",-0.106228309866546
"chr2-136",-0.0427897548139861
"chr2-137",0.0114444734797134
"chr2-138",-0.107792440255264
"chr2-139",-0.0107000597430733
"chr2-140",-0.0228248508792872
"chr2-141",-0.0521696421223564
"chr2-142",-0.0588204991870729
"chr2-143",-0.041661007100983
"chr2-144",-0.00571537530791871
"chr2-145",-0.186315334169851
"chr2-146",-0.102661459564811
"chr2-147",0.0204352480995974
"chr2-148",0.136793736858257
"chr2-149",-0.0590332282846953
"chr2-150",-0.0359065451902146
"chr2-151",-0.03305213255955
"chr2-152",-0.00387040319108906
"chr2-153",-0.0417802853465637
"chr2-154",-0.194461886608367
"chr2-155",-0.0456246056257554
"chr2-156",0.0308327415260927
"chr2-157",-0.0851821090214885
"chr2-158",-0.0161231814157559
"chr2-159",-0.0408815902168829
"chr2-160",-0.0440377853480577
"chr2-161",-0.0658556287445404
"chr2-162",0.156382168121624
"chr2-163",0.0613557564067593
"chr2-164",-0.0545070648941772
"chr2-165",-0.0767285326696063
"chr2-166",-0.00588370988054964
"chr2-167",-0.138766988489966
"chr2-168",-0.0183488019246925
"chr2-169",0.0103987914462567
"chr2-170",-0.0229713743134486
"chr2-171",-0.065181867906818
"chr2-172",-0.0500794130561853
"chr2-173",0.00724594648373716
"chr2-174",-0.012451416855947
"chr2-175",0.0167937529603042
"chr2-176",0.0147886060574974
"chr2-177",-0.038481395371365
"chr2-178",-0.0678749345369021
"chr2-179",-0.00527346795286938
"chr2-180",0.00710466692895573
"chr2-181",-0.0214903687665175
"chr2-182",-0.0040946576107638
"chr2-183",0.0304360193075773
"chr2-184",-0.00536053248659001
"chr2-185",-0.0346979295145432
"chr2-186",-0.0373090145795365
"chr2-187",-0.0445665611347435
"chr2-188",0.0223460925280914
"chr2-189",-0.00484614238202789
"chr2-190",-0.0550188516242973
"chr2-191",0.000991828593014496
"chr2-192",0.00467319103802619
"chr2-193",-0.0178181397525207
"chr2-194",-0.000329326850365225
"chr2-195",0.0161750287908337
"chr2-196",-0.113204697477769
"chr2-197",-0.0369171493820114
"chr2-198",0.00156433293840057
"chr2-199",-0.0267981046265386
"chr2-200",-0.0442431782148543
"chr2-201",-0.0612972477526108
"chr2-202",0.00323470278606334
"chr2-203",-0.0412567890718701
"chr2-204",-0.0040266346327256
"chr2-205",-0.0708979860287036
"chr2-206",-0.0359081839827527
"chr2-207",-0.0186757001878939
"chr2-208",-0.0856709060156538
"chr2-209",-0.0377234423560559
"chr2-210",0.0272698556343061
"chr2-211",-0.0325182838279807
"chr2-212",-0.00204207774923326
"chr2-213",-0.094232557739582
"chr2-214",-0.0798111225415424
"chr2-215",-0.06695960812105
"chr2-216",-0.04427373840124
"chr2-217",-0.047378540905422
"chr2-218",0.000839392583755239
"chr2-219",-0.0344604610783649
"chr2-220",-0.00124199469181615
"chr2-221",-0.00381047141931914
"chr2-222",-0.00485327821223915
"chr2-223",-0.000952372288895945
"chr2-224",-0.0943886492073466
"chr2-225",-0.0843014748776682
"chr2-226",-0.0206458180625343
"chr2-227",-0.0351015170914684
"chr2-228",0.0259822346657083
"chr2-229",-0.00525366156347503
"chr2-230",-0.0445776032375762
"chr2-231",-0.02130477716056
"chr2-232",-0.0649481707751089
"chr2-233",0.0121539021253953
"chr2-234",-0.00605853201873001
"chr2-235",-0.0449784377721067
"chr2-236",-0.0552821747606562
"chr2-237",0.00248314749730548
"chr2-238",-0.0505872773983609
"chr2-239",0.019283312287303
"chr2-240",-0.0260170734105599
"chr2-241",-0.105014811645082
"chr2-242",-0.0101005454116832
"chr2-243",-0.0162580184579805
"chr2-244",-0.0789249750676367
"chr2-245",-0.0775923284375078
"chr2-246",-0.0302440596971034
"chr2-247",-0.167618598342414
"chr2-248",-0.0607935836481653
"chr2-249",0.0902545687547676
"chr2-250",-0.0496204806471954
"chr2-251",-0.0563238486755805
"chr2-252",-0.155264177974521
"chr2-253",-0.0334119813881258
"chr2-254",0.0458587547929828
"chr2-255",0.0664632218075103
"chr2-256",-0.0966439884206853
"chr2-257",-0.0372145440418971
"chr2-258",-0.0458457141330282
"chr2-259",0.00789990288963423
"chr2-260",0.0755907758185157
"chr2-261",-0.036770578536486
"chr2-262",-0.0495066346793134
"chr2-263",-0.0684173031896559
"chr2-264",-0.117034673231098
"chr2-265",-0.0994334397867277
"chr2-266",-0.0367142683974873
"chr2-267",-0.0412202067310882
"chr2-268",0.00355176686138968
"chr2-269",-0.0214969508165179
"chr2-270",-0.102348315716151
"chr2-271",-0.031596242253174
"chr2-272",-0.0632291816480968
"chr2-273",-0.0312776993612419
"chr2-274",-0.0189453808389757
"chr2-275",-0.0216804444932244
"chr2-276",-0.0628256462085994
"chr2-277",-0.0686837886556356
"chr2-278",-0.0101766841134945
"chr2-279",-0.13724962924375
"chr2-280",0.0309767966176883
"chr2-281",-0.0927159407178256
"chr2-282",-0.0366631195237066
"chr2-283",-0.140679408138726
"chr2-284",-0.00167089897864525
"chr2-285",0.0049417270495363
"chr2-286",-0.0445842458698868
"chr2-287",-0.113795424033768
"chr2-288",-0.0154202843966378
"chr2-289",-0.046188186346689
"chr2-290",-0.00614971799884899
"chr2-291",0.00013364622061608
"chr2-292",-0.0630701376956636
"chr2-293",-0.123724044300212
"chr2-294",-0.0286484993202402
"chr2-295",-0.0860671975225681
"chr2-296",0.00858227532652794
"chr2-297",-0.0423719717959172
"chr2-298",-0.0484404296582825
"chr2-299",-0.0814572467548008
"chr2-300",-0.141391089099814
"chr2-301",-0.0588356788221716
"chr2-302",-0.0799722151462419
"chr2-303",-0.0392516675635161
"chr2-304",-0.0667935067535653
"chr2-305",-0.010244771326449
"chr2-306",-0.031979292197878
"chr2-307",-0.0756672165480423
"chr2-308",-0.0719922433268296
"chr2-309",-0.0610056553060306
"chr2-310",-0.0350529626412121
"chr2-311",-0.0600540153195253
"chr2-312",-0.0649631263058554
"chr2-313",-0.0588146746988102
"chr2-314",-0.0280268610829656
"chr2-315",-0.115467289660107
"chr2-316",-0.024962729809929
"chr2-317",-0.00438290701108294
"chr2-318",0.00722825034536933
"chr2-319",-0.0368415960188781
"chr2-320",-0.0898185526403128
"chr2-321",-0.0803770019133183
"chr2-322",-0.00326063432573817
"chr2-323",-0.085223143106139
"chr2-324",0.0210916226022461
"chr2-325",-0.0716213666635189
"chr2-326",-0.0995216901250936
"chr2-327",-0.0386792102757031
"chr2-328",-0.0610098313511564
"chr2-329",-0.135758225411728
"chr2-330",-0.193836334323911
"chr2-331",-0.104769587690573
"chr2-332",-0.176098510373924
"chr2-333",-0.094800932026944
"chr2-334",-0.123710679831021
"chr2-335",-0.0784521688909037
"chr2-336",-0.107663596758802
"chr2-337",0.0357734211196142
"chr2-338",-0.291010654568042
"chr2-339",-0.0835259121685189
"chr2-340",-0.084358201250452
"chr2-341",-0.0770788930334558
"chr2-342",-0.127439182644748
"chr2-343",-0.0929608335330465
"chr2-344",-0.0128756168379637
"chr2-345",-0.120404750787851
"chr2-346",-0.0371800390078367
"chr2-347",-0.0757949682696138
"chr2-348",-0.0845194797912143
"chr2-349",-0.0754086867560384
"chr2-350",-0.0618588960727959
"chr2-351",-0.0402667030104397
"chr2-352",0.000707767706926618
"chr2-353",-0.068130965194522
"chr2-354",-0.0506598431826509
"chr2-355",-0.034129927161138
"chr2-356",0.00827710079818789
"chr2-357",-0.00178824386352225
"chr2-358",-0.0398812994823012
"chr2-359",-0.0437943523555371
"chr2-360",-0.0163239412942723
"chr2-361",0.0511964863382083
"chr2-362",-0.0887598868238808
"chr2-363",-0.0270694810649064
"chr2-364",-0.0996670322928168
"chr2-365",-0.0519903884817119
"chr2-366",-0.0495220524138079
"chr2-367",-0.0205895410198403
"chr2-368",-0.0690828852188359
"chr2-369",-0.00253299654245952
"chr2-370",-0.0390938920163092
"chr2-371",-0.0101677798236655
"chr2-372",-0.00143957535944509
"chr2-373",0.0925411820156253
"chr2-374",-0.0312232444037705
"chr2-375",-0.089109009653879
"chr2-376",-0.115810236964369
"chr2-377",-0.0478231241975596
"chr2-378",-0.0229292503851566
"chr2-379",-0.0191363825220101
"chr2-380",-0.108875371720705
"chr2-381",-0.0470781524387097
"chr2-382",-0.0478218976875617
"chr2-383",-0.0395081022439569
"chr2-384",-0.00828815738697801
"chr2-385",-0.158864434182202
"chr2-386",-0.0306127501211038
"chr2-387",-0.122973160899808
"chr2-388",-0.135030098990599
"chr2-389",-0.0328787554178031
"chr2-390",0.00172734436155521
"chr2-391",-0.0274101526244005
"chr2-392",-0.0249632955531758
"chr2-393",-0.0509149445492515
"chr2-394",0.00285403828569891
"chr2-395",0.04247003061112
"chr2-396",-0.0387069556468664
"chr2-397",-0.0444872768199513
"chr2-398",-0.024338406493645
"chr2-399",-0.0109273411549026
"chr2-400",0.0191456980623054
"chr2-401",-0.0677221827515744
"chr2-402",0.0270998574835784
"chr2-403",-0.017463058959523
"chr2-404",-0.0478413282282466
"chr2-405",-0.0492572477156372
"chr2-406",-0.00191040952054262
"chr2-407",-0.00322824696430235
"chr2-408",-0.0202591834480194
"chr2-409",-0.0333705451568997
"chr2-410",-0.0782824100585746
"chr2-411",-0.184571381510369
"chr2-412",0.0837999713169716
"chr2-413",-0.0214521772044218
"chr2-414",-0.0164263549418915
"chr2-415",-0.040441537912002
"chr2-416",0.00133489577006009
"chr2-417",-0.117285532460077
"chr2-418",-0.00843864863016142
"chr2-419",-0.0484052465699641
"chr2-420",-0.0480006603183673
"chr2-421",-0.00569472217145006
"chr2-422",0.00268182776370166
"chr2-423",0.0106509808604894
"chr2-424",-0.00137754564917782
"chr2-425",0.00851513027727574
"chr2-426",0.0103879708715333
"chr2-427",-0.0160982960617908
"chr2-428",-0.0357413559277166
"chr2-429",0.0145584618749616
"chr2-430",-0.00309068128779291
"chr2-431",0.0642228958599216
"chr2-432",-0.0440343888484801
"chr2-433",-0.0173097525107365
"chr2-434",0.0284645296722363
"chr2-435",0.046177530044231
"chr2-436",0.0282529529326437
"chr2-437",0.00633834443026089
"chr2-438",0.0414685407622303
"chr2-439",0.0842544231437686
"chr2-440",-0.00599091070607987
"chr2-441",0.0196013639543963
"chr2-442",0.0329186874564746
"chr2-443",0.0545994065729033
"chr2-444",0.0568019689395525
"chr2-445",0.0808082167846901
"chr20-001",-0.0356219763908612
"chr20-002",-0.0189213720957327
"chr20-003",0.00385789551276459
"chr20-004",-0.0528615741009958
"chr20-005",-0.0702518241427628
"chr20-006",-0.0292991788760175
"chr20-007",-0.0116543191516608
"chr20-008",-0.00765342053561236
"chr20-009",-0.0527726954080527
"chr20-010",-0.0492324207330285
"chr20-011",-0.0402972961517165
"chr20-012",-0.0205350860936024
"chr20-013",-0.0720322005105721
"chr20-014",-0.00122699605595108
"chr20-015",-0.0970206757756066
"chr20-016",-0.149242346783346
"chr20-017",-0.0411460534206899
"chr20-018",-0.0440981624937541
"chr20-019",-0.0206782196125124
"chr20-020",-0.0897212014832278
"chr20-021",-0.0747170603482606
"chr20-022",-0.00623173583401796
"chr20-023",0.00987726955042458
"chr20-024",-0.0823908743088117
"chr20-025",-0.0368027088483734
"chr20-026",-0.134214431045052
"chr20-027",-0.0448177041398765
"chr20-028",-0.0475977997990925
"chr20-029",-0.0231633989202533
"chr20-030",-0.034270512779195
"chr20-031",-0.0508015173281575
"chr20-032",-0.0347231376498182
"chr20-033",0.0076379949105205
"chr20-034",-0.0331394528042846
"chr20-035",-0.00747666180816777
"chr20-036",-0.0200988479153169
"chr20-037",-0.0583432054823459
"chr20-038",-0.0997741736207114
"chr20-039",-0.0995745195230545
"chr20-040",0.0822783587323726
"chr20-041",-0.0568469144272376
"chr20-042",-0.0724125069141275
"chr20-043",-0.0244387443245009
"chr20-044",-0.0511489463989962
"chr20-045",0.00207048149968085
"chr20-046",-0.0639448595554505
"chr20-047",-0.0265685441694894
"chr20-048",0.00529362507256317
"chr20-049",0.0404444636899354
"chr20-050",0.0202303860245962
"chr20-051",0.00392229685742204
"chr20-052",-0.0196272498954242
"chr20-053",-0.0476570274251123
"chr20-054",0.00344155288426519
"chr20-055",-0.114763335672481
"chr20-056",-0.0649753539639188
"chr20-057",-0.0291404073841348
"chr20-058",0.01248464202442
"chr20-059",-0.0660506055236887
"chr20-060",-0.0157201156857443
"chr20-061",-0.0647194200904187
"chr20-062",-0.0513578217954482
"chr20-063",-0.0157002377262669
"chr20-064",-0.022518048272669
"chr20-065",-0.0289581931798694
"chr20-066",0.012487169453497
"chr20-067",-0.0138909762850366
"chr20-068",-0.0257633060363072
"chr20-069",-0.00961723854631161
"chr20-070",-0.0705423013731082
"chr20-071",-0.0263166312684796
"chr20-072",0.016254863272124
"chr20-073",0.0523351862753396
"chr20-074",-0.0337236428549656
"chr20-075",-0.00818842946316576
"chr20-076",-0.0175353241907636
"chr20-077",-0.0926298574163501
"chr20-078",-0.0712991813387281
"chr20-079",-0.126833908772322
"chr20-080",-0.0221213143722455
"chr20-081",-0.0377129755340489
"chr20-082",-0.0656487740499091
"chr20-083",-0.0234132153788424
"chr20-084",-0.0647397650292761
"chr20-085",-0.0407292016569098
"chr20-086",-0.0247361129921372
"chr20-087",0.00616582256092356
"chr20-088",0.037802211749742
"chr20-089",0.00730996074626996
"chr20-090",-0.00539112856224293
"chr20-091",-0.0262472204086655
"chr20-092",-0.0251421056843869
"chr20-093",0.0231313496591579
"chr20-094",-0.0180386635522225
"chr20-095",-0.0194206852676079
"chr20-096",-0.0122934759527448
"chr20-097",-0.0605826320517265
"chr20-098",-0.175383825628999
"chr20-099",-0.0266950109328228
"chr20-100",0.0205609899788495
"chr20-101",-0.0243770006261567
"chr20-102",-0.127471333947214
"chr20-103",-0.0700322522759719
"chr20-104",-0.0641479205860647
"chr20-105",-0.0338451326730213
"chr20-106",0.00179423887790886
"chr20-107",-0.0639224271877972
"chr20-108",0.0211547404664198
"chr20-109",0.039624746376032
"chr20-110",-0.0549838423939358
"chr20-111",-0.0230532173070227
"chr20-112",-0.0327648603980834
"chr20-113",-0.0335937473695183
"chr20-114",0.00493224881302425
"chr20-115",0.021910057971294
"chr20-116",0.0355829461813914
"chr20-117",0.0396410143777164
"chr20-118",0.0496746326855595
"chr20-119",0.0727772134342658
"chr20-120",0.0417155630495794
"chr21-001",0.0705084489783143
"chr21-002",0.0988755905253063
"chr21-003",0.0285306355488697
"chr21-004",-0.00288594095578536
"chr21-005",-0.046838127637605
"chr21-006",-0.0620688994596297
"chr21-007",0.0915092119124073
"chr21-008",0.0328104412625157
"chr21-009",0.0289581593938166
"chr21-010",0.00250317077082186
"chr21-011",-0.0594823352868716
"chr21-012",-0.0658280884931291
"chr21-013",-0.100643627526931
"chr21-014",-0.121444670086355
"chr21-015",0.0534759641472118
"chr21-016",0.0837546608762638
"chr21-017",-0.0538155666723897
"chr21-018",-0.0736725366102375
"chr21-019",-0.0443903883027977
"chr21-020",-0.111415943906312
"chr21-021",-0.0095491510486592
"chr21-022",-0.000681986197294318
"chr21-023",-0.0664547525313761
"chr21-024",-0.10574625703378
"chr21-025",-0.0227289362969138
"chr21-026",-0.0631642061472604
"chr21-027",-0.0505567727468883
"chr21-028",-0.0249514504596345
"chr21-029",-0.0297213616131597
"chr21-030",0.0271871099793368
"chr21-031",-0.0887222069784205
"chr21-032",0.104238060415415
"chr21-033",-0.0685367194784548
"chr21-034",-0.0371854232046671
"chr21-035",-0.050601343154835
"chr21-036",-0.00649600621379145
"chr21-037",-0.114978303209884
"chr21-038",-0.146270546703652
"chr21-039",-0.039609473393869
"chr21-040",-0.0420254672075834
"chr21-041",0.00425055767097259
"chr21-042",-0.044924841299669
"chr21-043",-0.0380764943187035
"chr21-044",-0.00876168044388843
"chr21-045",-0.0052045020668489
"chr21-046",0.00339336665430769
"chr21-047",0.0179869937145379
"chr21-048",-0.0218154141408835
"chr21-049",-0.0424580692131631
"chr21-050",-0.0205074606613378
"chr21-051",0.0237619320324746
"chr21-052",-0.0303044974652786
"chr21-053",0.00235852559686398
"chr21-054",-0.00660065339049936
"chr21-055",-0.0096304186851853
"chr21-056",-0.0638227845874843
"chr21-057",-0.151331738378847
"chr21-058",-0.107326250352583
"chr21-059",-0.0445822587367627
"chr21-060",-0.052664747361621
"chr21-061",0.00900263307547179
"chr21-062",-0.0375625907282506
"chr21-063",0.0183262204173498
"chr21-064",0.0658554319213167
"chr21-065",0.0712376118369031
"chr21-066",0.0926851369975456
"chr21-067",0.0571029920453917
"chr21-068",0.0609763482052908
"chr21-069",0.0816959466543941
"chr21-070",0.0559119782798156
"chr21-071",0.110847273480558
"chr21-072",0.000192571653183704
"chr22-001",0.115264178143103
"chr22-002",-0.0366789764014109
"chr22-003",0.00626219241808559
"chr22-004",0.0227782741863499
"chr22-005",-0.0877770005968172
"chr22-006",-0.204890076043516
"chr22-007",-0.0353323634840045
"chr22-008",-0.00823442078605998
"chr22-009",0.0333055354282359
"chr22-010",0.0569459424158869
"chr22-011",-0.0136826900001394
"chr22-012",-0.0188440470110259
"chr22-013",-0.012867967851742
"chr22-014",-0.0316284462846275
"chr22-015",-0.0570820602170203
"chr22-016",0.0298689401380687
"chr22-017",-0.0323680027411521
"chr22-018",0.0430949118277779
"chr22-019",-0.00846420275664921
"chr22-020",-0.00420973695437397
"chr22-021",-0.00507177548196188
"chr22-022",-0.013983032406956
"chr22-023",-0.0291480200467671
"chr22-024",-0.0152085036699885
"chr22-025",0.000639392864591023
"chr22-026",-0.00647086541137289
"chr22-027",-0.0233327739291827
"chr22-028",-0.00470201967589414
"chr22-029",-0.0338560100996056
"chr22-030",0.0195769318869801
"chr22-031",0.00973054514365604
"chr22-032",-0.0367428844534094
"chr22-033",0.00132694823021747
"chr22-034",-0.0302000317609264
"chr22-035",-0.0603079104100784
"chr22-036",-0.0453176042401022
"chr22-037",0.02486842175915
"chr22-038",0.00498076634928631
"chr22-039",-0.0411161566680253
"chr22-040",-0.0356116139952322
"chr22-041",-0.0133365513811922
"chr22-042",0.0291734617392063
"chr22-043",-0.0223637918845446
"chr22-044",0.0274272425763213
"chr22-045",0.00184194884368335
"chr22-046",0.0356471736789019
"chr22-047",-0.0313718951973567
"chr22-048",0.0105145204959845
"chr22-049",-0.034388487431493
"chr22-050",0.0521680420241324
"chr22-051",-0.0394607778102183
"chr22-052",-0.0245020446823209
"chr22-053",-0.0192826121128398
"chr22-054",-0.0172019367307925
"chr22-055",0.002491852479178
"chr22-056",0.00772315294263023
"chr22-057",-0.0116639066003033
"chr22-058",0.0512265550522436
"chr22-059",0.0185251858020958
"chr22-060",0.042354974984766
"chr22-061",0.0243364259910491
"chr22-062",0.0359962008012556
"chr22-063",0.0639997214027058
"chr22-064",0.0994743057791969
"chr22-065",0.022836182477436
"chr22-066",-0.052024854987097
"chr22-067",0.00548588392376828
"chr22-068",0.0223617152160006
"chr22-069",0.069077837754078
"chr22-070",0.0517742191795062
"chr22-071",0.0243322575251793
"chr3-001",0.058641719414047
"chr3-002",-0.0192774229038647
"chr3-003",-0.0576642445157068
"chr3-004",0.0408894878126612
"chr3-005",-0.0836311477350992
"chr3-006",0.0123302266313757
"chr3-007",-0.0975644254326867
"chr3-008",0.0217645259132309
"chr3-009",-0.0642962371620345
"chr3-010",0.100294275397494
"chr3-011",-0.0217291878469586
"chr3-012",-0.0646806381013473
"chr3-013",-0.0871312849951188
"chr3-014",-0.0769124827243114
"chr3-015",-0.0997415988218577
"chr3-016",-0.00632250400154904
"chr3-017",-0.0333473504732772
"chr3-018",-0.0367385711945533
"chr3-019",-0.062142864334579
"chr3-020",0.00808973705263325
"chr3-021",-0.0433440827667583
"chr3-022",-0.0400942791634575
"chr3-023",0.00101869155695322
"chr3-024",-0.0339626631502284
"chr3-025",-0.0432699570282763
"chr3-026",-0.0724822998204528
"chr3-027",-0.000230062109180555
"chr3-028",-0.073415778047366
"chr3-029",-0.00144108467551247
"chr3-030",0.0283670387048664
"chr3-031",-0.00795733303024867
"chr3-032",-0.136044650431646
"chr3-033",-0.017090090078365
"chr3-034",-0.0315563839249077
"chr3-035",-0.037008314358333
"chr3-036",-0.117497133283908
"chr3-037",-0.0141491108565663
"chr3-038",-0.00452986781357635
"chr3-039",-0.071068672189946
"chr3-040",-0.0399791870398152
"chr3-041",-0.0313500197904727
"chr3-042",-0.0590501730150794
"chr3-043",-0.0543554728750102
"chr3-044",-0.00865579643290255
"chr3-045",0.0117083959528381
"chr3-046",-0.0699939184855245
"chr3-047",-0.0225381864410781
"chr3-048",-0.0496884171138431
"chr3-049",-0.0346858839654912
"chr3-050",-0.0688216209810433
"chr3-051",-0.118216846772299
"chr3-052",-0.0469832052402471
"chr3-053",-0.128652179018192
"chr3-054",0.0307490961051229
"chr3-055",0.0195864030583602
"chr3-056",-0.0125186471314977
"chr3-057",-0.0759658750190727
"chr3-058",0.0135131477411357
"chr3-059",0.0116974695385555
"chr3-060",-0.0562959624022235
"chr3-061",-0.0572001031402194
"chr3-062",-0.0605144259087394
"chr3-063",-0.0784377375918338
"chr3-064",-0.148222441708583
"chr3-065",-0.00986895323788695
"chr3-066",0.0588898778490416
"chr3-067",-0.197463277760736
"chr3-068",-0.0452767926594521
"chr3-069",-0.095669096772267
"chr3-070",0.00118601123893957
"chr3-071",-0.0194756447248606
"chr3-072",-0.0827379604882043
"chr3-073",-0.0632655207544486
"chr3-074",-0.0401864041999027
"chr3-075",-0.0893702375831148
"chr3-076",-0.0690303505200742
"chr3-077",-0.0447011313620761
"chr3-078",-0.024671889637045
"chr3-079",-0.0322878383438279
"chr3-080",-0.0636402368366067
"chr3-081",0.0166826385730717
"chr3-082",-0.00370459715770101
"chr3-083",-0.03985666954307
"chr3-084",-0.0949031047238219
"chr3-085",-0.0219904908598912
"chr3-086",-0.0478803251598842
"chr3-087",-0.0735628446624427
"chr3-088",0.000184914588989015
"chr3-089",-0.010866382306906
"chr3-090",-0.0299552909301298
"chr3-091",0.0115236895386982
"chr3-092",-0.0315561248828649
"chr3-093",-0.0204491400077083
"chr3-094",-0.0285694408799919
"chr3-095",-0.0038123650097767
"chr3-096",-0.0323246373919568
"chr3-097",-0.0517757948920599
"chr3-098",-0.0337093639628273
"chr3-099",-0.00586734998897807
"chr3-100",-0.0249304241253032
"chr3-101",-0.00134818896811577
"chr3-102",-0.0725670320916932
"chr3-103",0.0354378559827795
"chr3-104",-0.0105757068188843
"chr3-105",0.0372008240761449
"chr3-106",-0.0407545447167584
"chr3-107",-0.141439303473872
"chr3-108",0.0204108751321054
"chr3-109",-0.0059244111610876
"chr3-110",-0.0993203630162291
"chr3-111",-0.00633078010314287
"chr3-112",-0.0353700721060818
"chr3-113",-0.0520087795634911
"chr3-114",-0.00383806276775638
"chr3-115",-0.0516441028965483
"chr3-116",0.0394236381124514
"chr3-117",-0.0373506481260001
"chr3-118",0.0239251658124866
"chr3-119",-0.0516895522817021
"chr3-120",-0.0362832404237035
"chr3-121",-0.0187984684351547
"chr3-122",-0.0720813285438884
"chr3-123",-0.0129791669359363
"chr3-124",-0.0325513538074603
"chr3-125",0.0312595573266455
"chr3-126",-0.0435925180154099
"chr3-127",0.0299986405013589
"chr3-128",-0.10719129806819
"chr3-129",-0.0682046475043603
"chr3-130",-0.0278540232006519
"chr3-131",-0.0161124970999263
"chr3-132",-0.031747955372722
"chr3-133",-0.0550224254052784
"chr3-134",-0.0401998887825605
"chr3-135",-0.0905151536779869
"chr3-136",-0.0576012490818312
"chr3-137",0.027615912452343
"chr3-138",-0.0628296480744738
"chr3-139",-0.0783776187864411
"chr3-140",-0.0842116300659977
"chr3-141",-0.0218927416997526
"chr3-142",-0.0382003103731741
"chr3-143",-0.0934733364918
"chr3-144",-0.0330667488880268
"chr3-145",-0.0484567991554957
"chr3-146",-0.0281789515902569
"chr3-147",-0.000144729799048329
"chr3-148",-0.227157506574815
"chr3-149",-0.0315490183133324
"chr3-150",-0.0559961139801641
"chr3-151",-0.188263477800485
"chr3-152",0.0298532976988661
"chr3-153",-0.0898551937305322
"chr3-154",-0.160384567576686
"chr3-155",-0.138435697694749
"chr3-156",-0.074071994873594
"chr3-157",-0.0351828793089728
"chr3-158",-0.00942088553948308
"chr3-159",-0.171986918632966
"chr3-160",-0.0744978386807473
"chr3-161",-0.10526845328858
"chr3-162",-0.0795694713158909
"chr3-163",-0.0196584530991852
"chr3-164",-0.0285500461144891
"chr3-165",-0.0939096753959651
"chr3-166",-0.0440978955113712
"chr3-167",-0.0415417243009907
"chr3-168",-0.106146176509689
"chr3-169",-0.00714842297965355
"chr3-170",-0.0913530297554848
"chr3-171",-0.169611337938525
"chr3-172",-0.06015191615562
"chr3-173",-0.125120125565015
"chr3-174",-0.0689866596053816
"chr3-175",-0.129126384938853
"chr3-176",-0.0400085851739663
"chr3-177",-0.0679360740685026
"chr3-178",-0.0586299611736183
"chr3-179",-0.0776147266017207
"chr3-180",-0.0739605742110681
"chr3-181",-0.0261988806707218
"chr3-182",-0.0289362841427368
"chr3-183",-0.0648674371488345
"chr3-184",-0.00946785780569359
"chr3-185",-0.0425854720839217
"chr3-186",-0.0736947272871951
"chr3-187",0.0475500354364703
"chr3-188",-0.114670330832384
"chr3-189",-0.0765376669882323
"chr3-190",-0.0812221445825447
"chr3-191",-0.160845361742512
"chr3-192",-0.0553213496428312
"chr3-193",-0.14796091999181
"chr3-194",-0.13029712976651
"chr3-195",-0.0311681610161546
"chr3-196",-0.0559106089853738
"chr3-197",-0.0707572324911842
"chr3-198",-0.0771136542520451
"chr3-199",-0.0276893660165697
"chr3-200",-0.0305418315674475
"chr3-201",-0.0639578639469534
"chr3-202",-0.00427811436389036
"chr3-203",-0.00424319504554067
"chr3-204",-0.00483919568570796
"chr3-205",-0.0589082452771241
"chr3-206",-0.0623088333367545
"chr3-207",-0.0145898223996457
"chr3-208",-0.0336223619655201
"chr3-209",0.0039059467473725
"chr3-210",-0.0881218202665034
"chr3-211",-0.122805801057298
"chr3-212",-0.0560440301498464
"chr3-213",-0.0124375392133334
"chr3-214",-0.04820879524991
"chr3-215",-0.0837665721599463
"chr3-216",-0.0749408945874544
"chr3-217",-0.0968492036491843
"chr3-218",-0.0261762249505916
"chr3-219",-0.0180245499879921
"chr3-220",-0.00646756723820816
"chr3-221",-0.0124356309970406
"chr3-222",-0.0257948708666716
"chr3-223",-0.0497550606062359
"chr3-224",-0.0544200048402691
"chr3-225",0.0101837455773562
"chr3-226",-0.0262734819299339
"chr3-227",-0.0118036107746451
"chr3-228",0.00632668881703801
"chr3-229",-0.0252347189541412
"chr3-230",-0.0209915527390739
"chr3-231",-0.0224998393070239
"chr3-232",0.00464449216596389
"chr3-233",-0.0121340998141699
"chr3-234",-0.0405795177002933
"chr3-235",-0.0550514756104857
"chr3-236",-0.150484733804096
"chr3-237",-0.0485613899678286
"chr3-238",-0.0286318226695743
"chr3-239",-0.0937873047673222
"chr3-240",-0.0620210868948312
"chr3-241",-0.0454965590268917
"chr3-242",-0.0792880284650184
"chr3-243",-0.0390153832755901
"chr3-244",-0.0251639726579506
"chr3-245",-0.0329588387061951
"chr3-246",-0.110142120604614
"chr3-247",-0.111095100055325
"chr3-248",-0.0529979993197601
"chr3-249",-0.0600917230093058
"chr3-250",-0.0444246800458695
"chr3-251",-0.0261226493902968
"chr3-252",-0.0531653303221967
"chr3-253",-0.0251397780683195
"chr3-254",-0.0223267031353294
"chr3-255",-0.038347035416823
"chr3-256",-0.0257426797143602
"chr3-257",0.00199806071329443
"chr3-258",-0.0704837308388091
"chr3-259",-0.0252851381552026
"chr3-260",-0.0112115793845288
"chr3-261",-0.0123299768344502
"chr3-262",-0.104852229570959
"chr3-263",-0.105698860495717
"chr3-264",-0.124012405640706
"chr3-265",-0.0519237212157054
"chr3-266",-0.0395262089803277
"chr3-267",-0.0866722923692484
"chr3-268",-0.0465562365825185
"chr3-269",0.0189041419048763
"chr3-270",-0.00883983045796628
"chr3-271",-0.0409710484284213
"chr3-272",-0.0989580256516532
"chr3-273",-0.00398859895244397
"chr3-274",-0.030921588115791
"chr3-275",-0.0573596416174883
"chr3-276",-0.0770792539459241
"chr3-277",-0.0178210507448506
"chr3-278",-0.0336854933929131
"chr3-279",0.0410149146160593
"chr3-280",-0.00314077811398707
"chr3-281",-0.0941014248527668
"chr3-282",-0.101400182346039
"chr3-283",-0.0764528173700506
"chr3-284",-0.0656579304483207
"chr3-285",-0.0491702288990184
"chr3-286",-0.0979150126137874
"chr3-287",0.0509947138359633
"chr3-288",-0.0658332261104033
"chr3-289",-0.00860554457878345
"chr3-290",-0.064565400863087
"chr3-291",-0.026013014199274
"chr3-292",-0.0472071207610141
"chr3-293",-0.0348516059400246
"chr3-294",-0.0353250601785576
"chr3-295",-0.0164257856465073
"chr3-296",-0.160201471661631
"chr3-297",-0.0580829536269207
"chr3-298",-0.135281820673578
"chr3-299",-0.168789747582645
"chr3-300",0.102910746988304
"chr3-301",-0.0254064436530895
"chr3-302",-0.0472431898124323
"chr3-303",-0.16329290732986
"chr3-304",-0.00724273333846103
"chr3-305",-0.0103199298764696
"chr3-306",-0.0406732700706002
"chr3-307",-0.0147321747108088
"chr3-308",-0.0965418236147388
"chr3-309",0.0181067800902901
"chr3-310",-0.0638009030540641
"chr3-311",-0.0568432336474062
"chr3-312",-0.0552254390931748
"chr3-313",-0.104491164528809
"chr3-314",-0.126291945790131
"chr3-315",-0.134618848666424
"chr3-316",-0.0881733991828827
"chr3-317",-0.0595898515814581
"chr3-318",-0.154455255784155
"chr3-319",-0.09999206235536
"chr3-320",-0.0426139873122423
"chr3-321",-0.0237252356627754
"chr3-322",-0.0301123490310118
"chr3-323",0.0186600945026804
"chr3-324",-0.0941898534949297
"chr3-325",-0.0421873723539707
"chr3-326",-0.135332156091458
"chr3-327",-0.101952461417879
"chr3-328",-0.166437219980767
"chr3-329",-0.0395245029966951
"chr3-330",0.03030491790778
"chr3-331",-0.0610783665232432
"chr3-332",-0.0557724370108471
"chr3-333",-0.0523738246060177
"chr3-334",-0.00370499484310384
"chr3-335",0.00934921509258749
"chr3-336",-0.0135435544375344
"chr3-337",-0.0296714480847898
"chr3-338",-0.0498641860337125
"chr3-339",-0.0860455591078994
"chr3-340",-0.0565980696145109
"chr3-341",0.00784119668477351
"chr3-342",0.0384027848808402
"chr3-343",-0.0136407024083994
"chr3-344",-0.0352729436616342
"chr3-345",-0.0205405677846306
"chr3-346",-0.0734852952820041
"chr3-347",-0.0429812059142972
"chr3-348",0.00603604250986105
"chr3-349",-0.00704658792183501
"chr3-350",-0.0156282939093249
"chr3-351",-0.0196794829192084
"chr3-352",-0.0389014291081589
"chr3-353",-0.0497647540514428
"chr3-354",0.013248401840826
"chr3-355",-0.0338710038156764
"chr3-356",0.028396408654351
"chr3-357",0.0865187955695091
"chr3-358",0.028170982794175
"chr3-359",-0.0558297633263308
"chr3-360",0.011701233598068
"chr3-361",0.00628343972535753
"chr3-362",0.0046384867721577
"chr4-001",0.0197921534867007
"chr4-002",0.0893918514869032
"chr4-003",0.0713545583178151
"chr4-004",0.0404660907651924
"chr4-005",-0.00451043715366551
"chr4-006",0.0456262648163457
"chr4-007",0.0717897988490189
"chr4-008",0.0346779257432994
"chr4-009",-0.0674672685136674
"chr4-010",-0.0233655705365995
"chr4-011",-0.074444528684145
"chr4-012",0.0119120228696087
"chr4-013",-0.0525097925889631
"chr4-014",0.0138811922502627
"chr4-015",0.0283641293572563
"chr4-016",0.0388356261769145
"chr4-017",0.00769102652219543
"chr4-018",0.0213774729054665
"chr4-019",-0.0517806137571497
"chr4-020",-0.123680096846567
"chr4-021",-0.0284450795555801
"chr4-022",-0.0327854452622749
"chr4-023",-0.0415400237548794
"chr4-024",-0.0575054451936611
"chr4-025",-0.0812745249544908
"chr4-026",-0.128459337003254
"chr4-027",-0.149651456953013
"chr4-028",-0.0257444787592742
"chr4-029",-0.177970913465822
"chr4-030",-0.107290420541375
"chr4-031",-0.0728497489639223
"chr4-032",-0.096081365964465
"chr4-033",-0.0435362763649351
"chr4-034",0.0646806109037398
"chr4-035",-0.0290533041639454
"chr4-036",-0.0262622217844671
"chr4-037",-0.0712382284397814
"chr4-038",-0.158876323090032
"chr4-039",-0.00970271172263406
"chr4-040",0.0102515533433029
"chr4-041",0.0229353756091229
"chr4-042",-0.0575073519629261
"chr4-043",-0.026689219893815
"chr4-044",-0.0579058703810782
"chr4-045",-0.0790227810136031
"chr4-046",-0.0992101132727881
"chr4-047",-0.105148875572311
"chr4-048",-0.022102602825114
"chr4-049",-0.0181901008087252
"chr4-050",-0.0791126994425421
"chr4-051",-0.0323215458230148
"chr4-052",-0.0357589397277938
"chr4-053",-0.0928024688651251
"chr4-054",-0.00444122824501692
"chr4-055",-0.0547995999137399
"chr4-056",-0.18847543078217
"chr4-057",-0.0769649351076535
"chr4-058",0.0452482974516942
"chr4-059",-0.079798875105279
"chr4-060",-0.0442125173115387
"chr4-061",-0.0795655710611094
"chr4-062",-0.0495385269592385
"chr4-063",-0.0201640286873205
"chr4-064",-0.0601691089553996
"chr4-065",-0.00264340063137025
"chr4-066",0.0156478113409884
"chr4-067",0.0199799031174223
"chr4-068",-0.033131235176297
"chr4-069",-0.0840299465235563
"chr4-070",0.000148301661680258
"chr4-071",-0.00806306364155178
"chr4-072",-0.0873431374852578
"chr4-073",-0.083973320509218
"chr4-074",-0.0453582636219532
"chr4-075",-0.0197575192188122
"chr4-076",0.00550845278858384
"chr4-077",-0.120587433511866
"chr4-078",-0.0246137235623965
"chr4-079",-0.112902867959394
"chr4-080",0.0170775784890816
"chr4-081",-0.0669671478693756
"chr4-082",-0.0912032174346502
"chr4-083",-0.115039186124487
"chr4-084",-0.0324809707658692
"chr4-085",-0.0910022392805869
"chr4-086",-0.187287422523527
"chr4-087",0.0622470171322272
"chr4-088",-0.151671805487483
"chr4-089",-0.0445855344114746
"chr4-090",0.0110953833007857
"chr4-091",0.00789183425381012
"chr4-092",-0.0845482192038107
"chr4-093",-0.051393223512249
"chr4-094",-0.0249643439910851
"chr4-095",-0.098685564288713
"chr4-096",-0.0514077348921185
"chr4-097",-0.064833134640134
"chr4-098",-0.0749131262658848
"chr4-099",-0.0282101015810549
"chr4-100",-0.0273989423130495
"chr4-101",-0.194130383079856
"chr4-102",-0.0138115271197
"chr4-103",-0.0057685666803841
"chr4-104",-0.221949182420458
"chr4-105",-0.0227989872209868
"chr4-106",0.0145614399542066
"chr4-107",-0.0429741502592469
"chr4-108",-0.060753417449016
"chr4-109",-0.0715390554470086
"chr4-110",-0.0771401823573679
"chr4-111",-0.00228978941529405
"chr4-112",-0.0333494417813262
"chr4-113",-0.172359720953618
"chr4-114",-0.103238659965901
"chr4-115",-0.0502523273064268
"chr4-116",-0.0521305646130748
"chr4-117",-0.144303968404085
"chr4-118",-0.0185265081801616
"chr4-119",-0.0724954330336954
"chr4-120",-0.0538302287751974
"chr4-121",-0.0128415870865992
"chr4-122",-0.137315358800127
"chr4-123",-0.0287573557644034
"chr4-124",-0.0517880512273741
"chr4-125",-0.0994113390710843
"chr4-126",-0.0516419524686317
"chr4-127",0.021661944566102
"chr4-128",-0.0717669852099699
"chr4-129",-0.0774553683431037
"chr4-130",-0.0964441879876575
"chr4-131",-0.0284106018646956
"chr4-132",-0.0287934071101597
"chr4-133",-0.0152083567428473
"chr4-134",-0.0183913446106176
"chr4-135",-0.0587980935724427
"chr4-136",0.0150573002413191
"chr4-137",-0.000616528330795603
"chr4-138",-0.0512238764832737
"chr4-139",-0.0980445834414688
"chr4-140",0.0321761962893054
"chr4-141",0.0247028547145305
"chr4-142",-0.0348059158128623
"chr4-143",-0.054086063011226
"chr4-144",-0.0777702396436787
"chr4-145",-0.139904905893073
"chr4-146",-0.0744552334625974
"chr4-147",-0.0641649061747366
"chr4-148",-0.0500419023707324
"chr4-149",-0.0695758030485488
"chr4-150",-0.0340744882680245
"chr4-151",-0.0569128045031363
"chr4-152",-0.0558501637865208
"chr4-153",-0.101144750031505
"chr4-154",-0.0786703743425446
"chr4-155",-0.0711396009678216
"chr4-156",-0.0895818676628491
"chr4-157",0.0566202242903195
"chr4-158",-0.000278807798673598
"chr4-159",-0.101069215899743
"chr4-160",-0.0805774122345063
"chr4-161",0.0469840934399648
"chr4-162",-0.0471615112380808
"chr4-163",0.0783450988453905
"chr4-164",0.00627183995630396
"chr4-165",-0.030875607982557
"chr4-166",-0.0671096822838649
"chr4-167",-0.0365943608388534
"chr4-168",-0.034652812680668
"chr4-169",-0.0822208708932825
"chr4-170",-0.00391950346239722
"chr4-171",-0.0938764489676893
"chr4-172",-0.0435873837801939
"chr4-173",-0.0505097971328027
"chr4-174",-0.122960503809616
"chr4-175",-0.0358102433838511
"chr4-176",-0.0663145743040069
"chr4-177",0.0395421061426974
"chr4-178",-0.0193665422277527
"chr4-179",-0.0863102699453216
"chr4-180",-0.0874883226984323
"chr4-181",-0.171227835337469
"chr4-182",-0.0371624405448174
"chr4-183",-0.0678718568610723
"chr4-184",-0.0318908472833429
"chr4-185",-0.181154252634775
"chr4-186",-0.0330915885652022
"chr4-187",-0.102105411457222
"chr4-188",-0.0151801854982445
"chr4-189",-0.0380020525427983
"chr4-190",-0.0406763181047656
"chr4-191",-0.0145115464999078
"chr4-192",-0.104890522238969
"chr4-193",-0.00853308698135322
"chr4-194",-0.0581977145096461
"chr4-195",-0.14063221250703
"chr4-196",-0.128452926703903
"chr4-197",-0.113937032334003
"chr4-198",-0.0582939844843325
"chr4-199",-0.0736340648930531
"chr4-200",-0.049776103104195
"chr4-201",-0.129347823332918
"chr4-202",-0.00397532769951756
"chr4-203",-0.0250187108771824
"chr4-204",-0.107578233409386
"chr4-205",0.0445099082352864
"chr4-206",-0.0167811371072119
"chr4-207",-0.077865594481968
"chr4-208",-0.0639832341207634
"chr4-209",-0.0662358713989869
"chr4-210",-0.114926600408038
"chr4-211",-0.0664182269399233
"chr4-212",-0.145590203152189
"chr4-213",-0.102597192552723
"chr4-214",-0.133709246919469
"chr4-215",0.00899083845857869
"chr4-216",0.133227597021168
"chr4-217",-0.11109817626617
"chr4-218",-0.00999631127364609
"chr4-219",-0.111855399289005
"chr4-220",0.00670364273219384
"chr4-221",-0.12160081367044
"chr4-222",-0.197709334831162
"chr4-223",-0.0946861325955265
"chr4-224",0.00931669981971197
"chr4-225",0.0277281106332147
"chr4-226",-0.0946481214833346
"chr4-227",0.006031469932457
"chr4-228",-0.0935295599735124
"chr4-229",-0.0878715907396766
"chr4-230",-0.00178008551329661
"chr4-231",-0.0362320214083023
"chr4-232",-0.165669850162264
"chr4-233",-0.0655942553709108
"chr4-234",-0.0148867787452548
"chr4-235",-0.0684627710057542
"chr4-236",-0.043368678045687
"chr4-237",-0.0540720393809018
"chr4-238",-0.0457676116497919
"chr4-239",-0.0116334990338336
"chr4-240",-0.0516788747677759
"chr4-241",-0.0917791741685686
"chr4-242",-0.00377782907990334
"chr4-243",-0.0034059876828389
"chr4-244",-0.100410361266824
"chr4-245",0.0654624752814788
"chr4-246",0.041896499655025
"chr4-247",-0.0700791345164136
"chr4-248",0.00479225301230492
"chr4-249",-0.0219644928316697
"chr4-250",-0.034463626213078
"chr4-251",-0.0312262776996742
"chr4-252",-0.0208948406359306
"chr4-253",-0.0139238077655135
"chr4-254",0.0279931747602776
"chr4-255",0.0304012749359444
"chr4-256",-0.065854030529527
"chr4-257",-0.0636079536165138
"chr4-258",-0.000190531324030741
"chr4-259",-0.0390536665792942
"chr4-260",-0.0260695441299128
"chr4-261",-0.0214801820942648
"chr4-262",-0.00473107257533054
"chr4-263",-0.03246248828079
"chr4-264",-0.0172528476382042
"chr4-265",-0.0529744783779677
"chr4-266",-0.082165500937722
"chr4-267",-0.088133304432268
"chr4-268",-0.0343910869188041
"chr4-269",0.00794116925697141
"chr4-270",-0.0760807054597846
"chr4-271",-0.0438253422810894
"chr4-272",0.00631835246486333
"chr4-273",0.00491489481533643
"chr4-274",-0.0502270821217282
"chr4-275",-0.0878115599684137
"chr4-276",-0.0984338587145909
"chr4-277",-0.12433981276747
"chr4-278",-0.188703505751354
"chr4-279",-0.0321945108917991
"chr4-280",-0.0127399540719643
"chr4-281",-0.130726760910234
"chr4-282",-0.0720083671839089
"chr4-283",-0.0150523652022577
"chr4-284",-0.0529181610655154
"chr4-285",-0.0786109197260474
"chr4-286",-0.0781464431056705
"chr4-287",-0.0804263552583736
"chr4-288",-0.169971401759439
"chr4-289",-0.117496943151876
"chr4-290",-0.0996837369248743
"chr4-291",-0.0188662097732727
"chr4-292",-0.0314945789642928
"chr4-293",-0.142200060432941
"chr4-294",-0.0157871743103466
"chr4-295",-0.0661734489864256
"chr4-296",-0.0655507027265123
"chr4-297",-0.021354187840296
"chr4-298",-0.0444220723637695
"chr4-299",-0.0059270404400575
"chr4-300",-0.120969809045578
"chr4-301",-0.0851570103809462
"chr4-302",0.0730975682845502
"chr4-303",0.0375197416595166
"chr4-304",-0.0872245485876383
"chr4-305",-0.201580457782988
"chr4-306",-0.0626711492673631
"chr4-307",-0.0638428863171406
"chr4-308",-0.0364029784388131
"chr4-309",-0.107050557003102
"chr4-310",0.0350325337125685
"chr4-311",-0.0701918637284606
"chr4-312",0.139014518007568
"chr4-313",-0.0820997598876879
"chr4-314",0.0459460583214336
"chr4-315",0.00158577479940813
"chr4-316",-0.00921744561509652
"chr4-317",-0.018958138869087
"chr4-318",-0.00611411890469419
"chr4-319",-0.0143138582185798
"chr4-320",-0.0115168813420866
"chr4-321",0.0233309954704199
"chr4-322",0.017806425295798
"chr4-323",0.0115065495549669
"chr4-324",0.0192120470204699
"chr4-325",0.0323166927195099
"chr4-326",0.000264350075078814
"chr4-327",0.0364668965438853
"chr4-328",0.0650247713216891
"chr4-329",0.0208869527221546
"chr4-330",0.0424929730536274
"chr5-001",0.0686120325440443
"chr5-002",0.0603374611568721
"chr5-003",0.0584322826400825
"chr5-004",0.0174195341916366
"chr5-005",0.00512874145338461
"chr5-006",-0.0296037498850467
"chr5-007",-0.0362900389662799
"chr5-008",-0.0129736028045817
"chr5-009",-0.0697082021044765
"chr5-010",-0.0566763276280757
"chr5-011",0.00265845367370104
"chr5-012",-0.0173802289283549
"chr5-013",-0.0210664174878665
"chr5-014",0.0121687962822291
"chr5-015",0.0493032429201809
"chr5-016",0.0272745136724746
"chr5-017",-0.0215612560856335
"chr5-018",0.0278645449639142
"chr5-019",-0.0521577016376106
"chr5-020",-0.0329748075278548
"chr5-021",-0.03152862649322
"chr5-022",0.00723671817326429
"chr5-023",-0.0136520216342031
"chr5-024",0.0355284031450261
"chr5-025",-0.094816116829833
"chr5-026",-0.126751028532219
"chr5-027",0.00295812886275288
"chr5-028",-0.005677468897107
"chr5-029",0.00924086324966882
"chr5-030",0.0239652770043836
"chr5-031",-0.000645823580459458
"chr5-032",0.0412954634339685
"chr5-033",-0.0741903905499146
"chr5-034",0.0091441166162884
"chr5-035",0.0113617284475073
"chr5-036",-0.0483880105414287
"chr5-037",-0.160657527801897
"chr5-038",0.102860686150901
"chr5-039",-0.0519190633118551
"chr5-040",0.0831285261941211
"chr5-041",-0.141396861648632
"chr5-042",-0.204442109525407
"chr5-043",-0.0595656286249385
"chr5-044",0.0698426467525289
"chr5-045",-0.110167347330406
"chr5-046",0.00470993010696421
"chr5-047",-0.0579755192867617
"chr5-048",0.0275734362613732
"chr5-049",-0.0608617981616079
"chr5-050",0.00325172953370809
"chr5-051",-0.0319557816474896
"chr5-052",-0.203267717416128
"chr5-053",-0.0274466431774501
"chr5-054",-0.068985812463473
"chr5-055",-0.0574543929872853
"chr5-056",-0.0460178309534362
"chr5-057",-0.030754823272092
"chr5-058",-0.0430998262386138
"chr5-059",-0.0383525987139788
"chr5-060",-0.0878575126182557
"chr5-061",-0.00854452348139097
"chr5-062",-0.00770314264825876
"chr5-063",-0.000452311832768473
"chr5-064",-0.0386492899886687
"chr5-065",-0.0560078818854389
"chr5-066",-0.035754240080633
"chr5-067",0.00090458673267709
"chr5-068",-0.00918802552478585
"chr5-069",-0.0782968279492918
"chr5-070",-0.0262051598280829
"chr5-071",-0.0630040174050568
"chr5-072",-0.0813256821327981
"chr5-073",-0.0737764763482773
"chr5-074",-0.102498819924538
"chr5-075",-0.0545602612300359
"chr5-076",0.0328053942003023
"chr5-077",-0.0541164342395886
"chr5-078",-0.0421984276264427
"chr5-079",-0.00679634641908399
"chr5-080",-0.00901798149906433
"chr5-081",-0.116171521665491
"chr5-082",-0.147137098746666
"chr5-083",-0.0600787515604174
"chr5-084",-0.0490123669395407
"chr5-085",-0.0397493246048501
"chr5-086",-0.0943974786026263
"chr5-087",-0.104999458178247
"chr5-088",-0.0584676544236596
"chr5-089",-0.0366118627818937
"chr5-090",-0.0551479967400864
"chr5-091",-0.0747478580630725
"chr5-092",-0.0899366151069097
"chr5-093",-0.0261165094190822
"chr5-094",-0.0168788913469333
"chr5-095",-0.0298758727738919
"chr5-096",0.00932504554374649
"chr5-097",-0.0468457601607656
"chr5-098",-0.0810311526314684
"chr5-099",-0.121685308544222
"chr5-100",0.0598223416948478
"chr5-101",-0.0504270828204028
"chr5-102",-0.0652442559426576
"chr5-103",-0.0542327014872593
"chr5-104",-0.0421876939936096
"chr5-105",-0.0501445514225287
"chr5-106",-0.0667442448745105
"chr5-107",-0.0446738196786246
"chr5-108",-0.102729698887321
"chr5-109",-0.13852032830551
"chr5-110",-0.179101341814667
"chr5-111",-0.0814982471963667
"chr5-112",-0.0449784464176351
"chr5-113",-0.0859085110034954
"chr5-114",-0.0464137725412298
"chr5-115",0.0112128654398159
"chr5-116",-0.067004756293667
"chr5-117",-0.0275635163876479
"chr5-118",-0.0457048184011594
"chr5-119",-0.0651152274099154
"chr5-120",-0.0894132426122742
"chr5-121",-0.0350011162652995
"chr5-122",-0.0388553973415183
"chr5-123",0.014623720781988
"chr5-124",-0.0326600767677226
"chr5-125",-0.0787610527812968
"chr5-126",-0.0541251401183038
"chr5-127",-0.0460592878018457
"chr5-128",-0.0988661903179043
"chr5-129",-0.054392008798535
"chr5-130",-0.0585541588329039
"chr5-131",-0.052060772589574
"chr5-132",-0.043254367697559
"chr5-133",-0.0512911678080479
"chr5-134",-0.0739026672194437
"chr5-135",-0.0848060657118104
"chr5-136",0.00411223399084911
"chr5-137",-0.0419201823155174
"chr5-138",0.0373495839113117
"chr5-139",-0.0453205065121885
"chr5-140",-0.0308194328071618
"chr5-141",-0.0549483637250708
"chr5-142",-0.000592035938538025
"chr5-143",-0.089024712497927
"chr5-144",-0.00374884485716378
"chr5-145",-0.0322173979325828
"chr5-146",-0.00500072699173486
"chr5-147",-0.0454686877007061
"chr5-148",-0.106709986439439
"chr5-149",-0.0193534534660608
"chr5-150",-0.0876060230240031
"chr5-151",-0.284898824102063
"chr5-152",-0.053763098573796
"chr5-153",-0.0167927457258424
"chr5-154",-0.0546950072470323
"chr5-155",-0.0364517700564334
"chr5-156",-0.03611231840145
"chr5-157",-0.0899779181062741
"chr5-158",-0.103114908948754
"chr5-159",-0.0911837015385202
"chr5-160",0.00727736591808849
"chr5-161",0.0171639273098618
"chr5-162",0.0279290618207094
"chr5-163",-0.0863549293176798
"chr5-164",-0.0678064442066177
"chr5-165",-0.103182353782899
"chr5-166",-0.0652489337550897
"chr5-167",-0.0677160402942345
"chr5-168",-0.00396359827842049
"chr5-169",-0.168319147918484
"chr5-170",-0.0459393085400031
"chr5-171",-0.128654002716152
"chr5-172",-0.0408906962504675
"chr5-173",0.0404171343965333
"chr5-174",-0.106748545849198
"chr5-175",-0.0995398280380607
"chr5-176",-0.115750670493913
"chr5-177",-0.0810677546940937
"chr5-178",-0.0828343260337884
"chr5-179",-0.0209370546824273
"chr5-180",-0.10217733932184
"chr5-181",-0.00868523464013454
"chr5-182",0.000444630757085693
"chr5-183",-0.00136007047484863
"chr5-184",0.0483693339501501
"chr5-185",-0.0808500752622749
"chr5-186",-0.0696239646859018
"chr5-187",-0.0362423753991776
"chr5-188",0.000158751368494133
"chr5-189",-0.104577085773536
"chr5-190",-0.037575904660132
"chr5-191",-0.0628547235042565
"chr5-192",-0.0773545195342665
"chr5-193",-0.0734454960781824
"chr5-194",-0.0324836003622224
"chr5-195",-0.045295000471495
"chr5-196",-0.0600061921098502
"chr5-197",-0.0146480385831735
"chr5-198",-0.0389922705351659
"chr5-199",-0.00389183944511593
"chr5-200",0.000693320358355204
"chr5-201",-0.0806164401957184
"chr5-202",-0.0484930799819692
"chr5-203",-0.0871176283925633
"chr5-204",-0.060825740284207
"chr5-205",-0.10978263491041
"chr5-206",-0.120738926519509
"chr5-207",-0.0463949553969126
"chr5-208",-0.00590122184486353
"chr5-209",-0.0815132881667042
"chr5-210",0.0410962146340545
"chr5-211",-0.0407117652806746
"chr5-212",0.0509936782569782
"chr5-213",0.0212953788374171
"chr5-214",-0.00535893157697327
"chr5-215",-0.0234040260073546
"chr5-216",-0.0732237705039664
"chr5-217",-0.0517967577290179
"chr5-218",-0.0292254877416211
"chr5-219",-0.0496970387695104
"chr5-220",-0.0830121330103991
"chr5-221",-0.0440222005815538
"chr5-222",-0.0599351391002028
"chr5-223",-0.0613542300246285
"chr5-224",0.0167714453424639
"chr5-225",-0.0795067799982039
"chr5-226",-0.0797413327138229
"chr5-227",-0.080066180246207
"chr5-228",-0.0241214839278204
"chr5-229",-0.0401866652285787
"chr5-230",-0.0887645053724402
"chr5-231",-0.0762751923037716
"chr5-232",-0.0190438411872666
"chr5-233",-0.0657492683450155
"chr5-234",-0.0202995222755229
"chr5-235",-0.0501800192629131
"chr5-236",-0.0694755125940825
"chr5-237",0.00913369926646354
"chr5-238",-0.0408705021743872
"chr5-239",-0.0689316531150081
"chr5-240",-0.0557329111903018
"chr5-241",-0.00231214773401459
"chr5-242",-0.0264951243475564
"chr5-243",-0.114955707573944
"chr5-244",-0.0178730712327601
"chr5-245",-0.0412289231511901
"chr5-246",-0.0812151725063643
"chr5-247",-0.0794046863842692
"chr5-248",-0.0489029249235786
"chr5-249",-0.028737852045928
"chr5-250",-0.0134740357574321
"chr5-251",-0.0440299007669879
"chr5-252",0.00267157880129361
"chr5-253",-0.142337503310172
"chr5-254",-0.10501693317324
"chr5-255",-0.070932791179768
"chr5-256",-0.0211882515866452
"chr5-257",-0.103905158765066
"chr5-258",-0.0414228930738097
"chr5-259",-0.0378755715026498
"chr5-260",-0.0978563438843004
"chr5-261",-0.103280265676064
"chr5-262",-0.0186716520829631
"chr5-263",-0.0808727093841999
"chr5-264",-0.0663358948767216
"chr5-265",-0.0375947465071445
"chr5-266",-0.0395558653810344
"chr5-267",-0.0119210153179942
"chr5-268",-0.0854050876713954
"chr5-269",-0.0806602228291231
"chr5-270",-0.0834057828146539
"chr5-271",-0.0901159341443507
"chr5-272",-0.0701395982756069
"chr5-273",-0.0384975722905746
"chr5-274",-0.0258627735620705
"chr5-275",-0.0702579981495202
"chr5-276",-0.0273441670727844
"chr5-277",-0.00120690076973703
"chr5-278",-0.0642735476457945
"chr5-279",-0.027892604414012
"chr5-280",0.0649801834574435
"chr5-281",-0.00925415666577956
"chr5-282",-0.000325771774845973
"chr5-283",-0.0484473285283042
"chr5-284",-0.0491145563125566
"chr5-285",-0.0594146861705904
"chr5-286",-0.0886304075948512
"chr5-287",-0.171174556005784
"chr5-288",-0.126161443090626
"chr5-289",-0.0662344816013592
"chr5-290",-0.124621131241745
"chr5-291",1.59818385711804e-05
"chr5-292",-0.0421004806856832
"chr5-293",-0.0550236231943811
"chr5-294",-0.0944749968686135
"chr5-295",-0.0225552135751659
"chr5-296",-0.0272244449117174
"chr5-297",-0.0776950437199712
"chr5-298",-0.100753600938546
"chr5-299",-0.0547433909556128
"chr5-300",-0.0409612847993883
"chr5-301",-0.0103800729084916
"chr5-302",-0.0719633767285225
"chr5-303",-0.0104961497877774
"chr5-304",-0.0464738382413027
"chr5-305",0.0112040684185732
"chr5-306",0.00680917452236123
"chr5-307",-0.00800814229509792
"chr5-308",-0.0495637708359095
"chr5-309",-0.0412647863768166
"chr5-310",-0.0457118092661355
"chr5-311",-0.0200725685325247
"chr5-312",-0.0610874700170882
"chr5-313",-0.0156365047803244
"chr5-314",-0.0161399248483993
"chr5-315",0.026882893668408
"chr5-316",0.00760391323307291
"chr5-317",-0.0197177066658902
"chr5-318",-0.0192398814769484
"chr5-319",0.0353722801617633
"chr5-320",0.0138823370010234
"chr5-321",0.0274045146198027
"chr5-322",0.0394087210588618
"chr5-323",-0.0275726294064125
"chr6-001",-0.108608905341242
"chr6-002",-0.000534474335834463
"chr6-003",-0.0683865094003908
"chr6-004",-0.000318988838720245
"chr6-005",-0.0541418648766158
"chr6-006",-0.0580067763103317
"chr6-007",-0.0380780697071506
"chr6-008",-0.00793749276481468
"chr6-009",0.00803696110773224
"chr6-010",-0.0227517013705706
"chr6-011",-0.0154543273651066
"chr6-012",-0.0121404968486968
"chr6-013",-0.0421470274840438
"chr6-014",-0.0564735794116908
"chr6-015",-0.0250030978524405
"chr6-016",-0.0921590554824667
"chr6-017",-0.108973315084592
"chr6-018",-0.0989928865471693
"chr6-019",-0.0723535123497773
"chr6-020",-0.0776624925785637
"chr6-021",-0.0665195089134347
"chr6-022",-0.0298868375976139
"chr6-023",-0.0558576307341179
"chr6-024",-0.054573207032735
"chr6-025",-0.109512640690282
"chr6-026",-0.0907623366484395
"chr6-027",-0.0474534609874583
"chr6-028",-0.0792445291651057
"chr6-029",-0.0615543935551141
"chr6-030",-0.0349825408304566
"chr6-031",0.0753659272304047
"chr6-032",-0.0140928728299467
"chr6-033",-0.031873049833635
"chr6-034",0.0156121914332543
"chr6-035",-0.0398265201894464
"chr6-036",-0.0208935102671599
"chr6-037",-0.0565633075091211
"chr6-038",-0.0734571841604489
"chr6-039",-0.0272881207092989
"chr6-040",-0.0503204858610532
"chr6-041",-0.0355200792369431
"chr6-042",-0.0698684933183883
"chr6-043",-0.0212494907205109
"chr6-044",-0.0822185126110036
"chr6-045",-0.0680558705440163
"chr6-046",-0.0695464023243262
"chr6-047",-0.0517907120686976
"chr6-048",-0.0467249780666213
"chr6-049",-0.0498578204270522
"chr6-050",0.0149761720146758
"chr6-051",-0.109321669923744
"chr6-052",-0.117834573157099
"chr6-053",-0.158418556509557
"chr6-054",-0.0861797161427205
"chr6-055",-0.104550060633817
"chr6-056",-0.10719126748234
"chr6-057",-0.147666654255192
"chr6-058",-0.139795981232455
"chr6-059",-0.0952784657925425
"chr6-060",-0.0921024085450886
"chr6-061",-0.0672700827606229
"chr6-062",-0.108948520672111
"chr6-063",-0.0522375959028443
"chr6-064",-0.0551026057334095
"chr6-065",-0.0776318819029363
"chr6-066",-0.0592064602872713
"chr6-067",-0.0716730540561089
"chr6-068",-0.0355462237368151
"chr6-069",-0.0434643605952071
"chr6-070",-0.0204352536875798
"chr6-071",-0.0680103887467778
"chr6-072",-0.0238416295085525
"chr6-073",-0.0473434254103886
"chr6-074",-0.0162095794730416
"chr6-075",-0.066694535236297
"chr6-076",-0.0103818393054486
"chr6-077",-0.0527831056784456
"chr6-078",-0.0942156879124168
"chr6-079",-0.0565112735084299
"chr6-080",-0.115243415096684
"chr6-081",-0.0801716524954241
"chr6-082",-0.0750881140978185
"chr6-083",-0.0281295964860769
"chr6-084",-0.0244222165911162
"chr6-085",-0.0889313927514925
"chr6-086",-0.00538946814972903
"chr6-087",-0.0535657499686543
"chr6-088",-0.0660101726440111
"chr6-089",-0.127653751666491
"chr6-090",-0.0292351432214277
"chr6-091",-0.0186283946921189
"chr6-092",-0.093053049667747
"chr6-093",-0.09039448403793
"chr6-094",-0.0840079230039939
"chr6-095",-0.0978582268705215
"chr6-096",-0.0943413260051247
"chr6-097",-0.0184450541694717
"chr6-098",-0.12006742790207
"chr6-099",-0.135149477178482
"chr6-100",-0.232556424337075
"chr6-101",-0.223531987722553
"chr6-102",-0.0477711080605792
"chr6-103",-0.0203012273865368
"chr6-104",-0.0797270313970519
"chr6-105",-0.0771191754644926
"chr6-106",-0.0714308216697913
"chr6-107",-0.0388603608057532
"chr6-108",-0.109560632269233
"chr6-109",-0.150276939499897
"chr6-110",-0.0952834542394409
"chr6-111",-0.104439211591581
"chr6-112",-0.0477254330214181
"chr6-113",-0.0596453824487326
"chr6-114",-0.0891663152214204
"chr6-115",-0.00908449026878823
"chr6-116",-0.22967760658621
"chr6-117",-0.190517217900114
"chr6-118",-0.0713548371721044
"chr6-119",-0.0619074163569701
"chr6-120",-0.088624574843072
"chr6-121",-0.0893084170445529
"chr6-122",-0.0538765248168984
"chr6-123",-0.0132253311854022
"chr6-124",-0.144819049660769
"chr6-125",-0.0985145289243119
"chr6-126",-0.174517704510746
"chr6-127",-0.107232101199143
"chr6-128",-0.0885109913759187
"chr6-129",-0.107406397861182
"chr6-130",-0.0729891897323632
"chr6-131",-0.0812624506712776
"chr6-132",-0.0699892578043056
"chr6-133",-0.0981079182096078
"chr6-134",-0.088867043327201
"chr6-135",-0.0552672634104066
"chr6-136",-0.0584061482774466
"chr6-137",-0.0945750794423623
"chr6-138",-0.102345593894849
"chr6-139",-0.114465614745852
"chr6-140",0.00593925120525811
"chr6-141",-0.0783814867289047
"chr6-142",-0.334504664048089
"chr6-143",-0.0805177055601279
"chr6-144",-0.0711156095111727
"chr6-145",-0.03537726383484
"chr6-146",-0.123061266428922
"chr6-147",-0.129161903456645
"chr6-148",-0.0692025800105961
"chr6-149",-0.0560701625868367
"chr6-150",-0.0660714260922787
"chr6-151",-0.102335015624962
"chr6-152",-0.0709531073414774
"chr6-153",-0.0993850550084405
"chr6-154",-0.00395716165730598
"chr6-155",-0.104168115410891
"chr6-156",-0.0568945042036101
"chr6-157",-0.075856973382324
"chr6-158",-0.117826743995691
"chr6-159",-0.123122693576726
"chr6-160",-0.0661287858836461
"chr6-161",-0.0722386762728765
"chr6-162",-0.0828089276439071
"chr6-163",-0.111294306521331
"chr6-164",-0.00490723580676672
"chr6-165",-0.0859951144126931
"chr6-166",-0.0174802668611333
"chr6-167",0.0555278680730863
"chr6-168",-0.194605869373534
"chr6-169",-0.0700158935874834
"chr6-170",-0.13728037391052
"chr6-171",-0.00402304709889174
"chr6-172",-0.129003108699342
"chr6-173",-0.132639284855055
"chr6-174",-0.0860677917540223
"chr6-175",0.038951701173391
"chr6-176",-0.150585143504977
"chr6-177",-0.081293628921514
"chr6-178",-0.159844665273715
"chr6-179",-0.138627907956539
"chr6-180",-0.0978537791919052
"chr6-181",-0.165354840598149
"chr6-182",-0.171113693008755
"chr6-183",-0.0785670508002026
"chr6-184",-0.0911593124977625
"chr6-185",-0.110301284943766
"chr6-186",-0.05110379118016
"chr6-187",-0.056866803904504
"chr6-188",-0.0659659990950145
"chr6-189",-0.0781990904063103
"chr6-190",-0.0514664689668965
"chr6-191",-0.0208392178880572
"chr6-192",-0.0497527403382048
"chr6-193",-0.00862178749541792
"chr6-194",-0.0659181867299492
"chr6-195",-0.140955849990987
"chr6-196",-0.144580400461572
"chr6-197",-0.0389083997552378
"chr6-198",-0.0608243356628824
"chr6-199",-0.0481867194246477
"chr6-200",-0.0677806912800383
"chr6-201",-0.135727850246774
"chr6-202",-0.116753231999234
"chr6-203",-0.0453298377624285
"chr6-204",-0.0441320893910844
"chr6-205",-0.119299236032012
"chr6-206",-0.230767650447396
"chr6-207",-0.0781986058519836
"chr6-208",-0.146780828200038
"chr6-209",-0.0896004540241011
"chr6-210",-0.068195687441651
"chr6-211",-0.0898989211699703
"chr6-212",-0.0615110576756313
"chr6-213",-0.00546682855851518
"chr6-214",0.120794965752206
"chr6-215",-0.214442757189794
"chr6-216",-0.047940572398804
"chr6-217",-0.17259945516514
"chr6-218",-0.0977212211507969
"chr6-219",-0.198746404716966
"chr6-220",-0.131445119704989
"chr6-221",-0.107697622183491
"chr6-222",-0.119311714571032
"chr6-223",-0.102463788759738
"chr6-224",-0.0668605013836603
"chr6-225",-0.187382094856605
"chr6-226",-0.061955312140164
"chr6-227",-0.0921025366202508
"chr6-228",-0.0962530508607604
"chr6-229",-0.0773654859569018
"chr6-230",-0.0478486432388217
"chr6-231",-0.108167592609362
"chr6-232",-0.0845480818601964
"chr6-233",-0.0894568500506801
"chr6-234",-0.0192974163660713
"chr6-235",-0.0452929000144699
"chr6-236",-0.0177912428843025
"chr6-237",-0.0613658675325627
"chr6-238",-0.11392757649281
"chr6-239",-0.0703425885289414
"chr6-240",-0.0184555667856432
"chr6-241",-0.0166211675724107
"chr6-242",-0.113172072762819
"chr6-243",-0.0690502207230943
"chr6-244",-0.0431401790665505
"chr6-245",-0.0870280996496079
"chr6-246",-0.0753913136262534
"chr6-247",-0.0286198146336243
"chr6-248",-0.048945420381165
"chr6-249",-0.0542687245532382
"chr6-250",-0.0637946914502569
"chr6-251",-0.0810148433369833
"chr6-252",-0.0473476951183117
"chr6-253",-0.112014891678287
"chr6-254",-0.106452299715755
"chr6-255",-0.0944366273342155
"chr6-256",-0.0345892421105319
"chr6-257",-0.0543850683820895
"chr6-258",-0.054742215211958
"chr6-259",-0.0483522895997196
"chr6-260",-0.0664247544483872
"chr6-261",-0.0816428851604803
"chr6-262",0.00887613546671085
"chr6-263",0.0267147235992181
"chr6-264",-0.038816422655168
"chr6-265",-0.0856090167647847
"chr6-266",-0.0463081524607619
"chr6-267",-0.0898203136487192
"chr6-268",-0.10363167284901
"chr6-269",-0.00574747704197665
"chr6-270",-0.0284649739460259
"chr6-271",-0.0400682479736362
"chr6-272",-0.0207308867362886
"chr6-273",-0.07151157242422
"chr6-274",-0.0244292391809787
"chr6-275",-0.0488238037307527
"chr6-276",-0.105367528571189
"chr6-277",-0.0227712640956792
"chr6-278",-0.056946843999801
"chr6-279",-0.0589541858227598
"chr6-280",0.00160104309098957
"chr6-281",-0.0313043185125175
"chr6-282",-0.0360777149760752
"chr6-283",-0.0281483495388988
"chr6-284",0.0535283233867477
"chr6-285",0.0277023476834062
"chr6-286",0.00925759715575649
"chr6-287",0.00633534965174615
"chr6-288",0.0232907393223102
"chr6-289",-0.0310717028147615
"chr6-290",-0.0186157709481958
"chr6-291",-0.044681545359149
"chr6-292",-0.00582455718726355
"chr6-293",-0.0495674722608705
"chr6-294",0.00358193837982942
"chr6-295",0.0163713338640616
"chr6-296",-0.00930100908531025
"chr6-297",0.0557797156069097
"chr6-298",-0.0373036782436424
"chr6-299",-0.0340369230053848
"chr6-300",-0.0390403916967023
"chr6-301",-0.0899874790552279
"chr6-302",-0.0880979460931216
"chr6-303",-0.0344674567274468
"chr6-304",-0.0709013141964145
"chr6-305",-0.0352677815950528
"chr6-306",-0.0278171085824912
"chr6-307",0.0559113594034304
"chr6-308",-0.0114303156890693
"chr6-309",0.0244924807450018
"chr6-310",-0.018321689886109
"chr6-311",-0.00214665628608539
"chr6-312",0.0305790574427761
"chr6-313",-0.175405110742837
"chr7-001",0.0513952746336552
"chr7-002",0.0911347361675408
"chr7-003",0.0524863168695023
"chr7-004",0.0139484299385749
"chr7-005",0.039098003529346
"chr7-006",0.0563553336276993
"chr7-007",0.0119301657685533
"chr7-008",-0.0591014222534561
"chr7-009",-0.0525883060732425
"chr7-010",-0.054723050805074
"chr7-011",-0.00626314835242604
"chr7-012",-0.00854453521106313
"chr7-013",0.0085160103738081
"chr7-014",-0.01578548908571
"chr7-015",-0.0572289929337147
"chr7-016",-0.0980524303070794
"chr7-017",-0.027664267643433
"chr7-018",-0.069029764046869
"chr7-019",-0.0685891835773009
"chr7-020",-0.0985342747333523
"chr7-021",-0.079976732725736
"chr7-022",-0.00287306480005489
"chr7-023",-0.0833377962053706
"chr7-024",-0.173179673546996
"chr7-025",-0.0759067020455088
"chr7-026",-0.0849274492643696
"chr7-027",-0.0623591041506608
"chr7-028",-0.000895813562705531
"chr7-029",-0.141258921338862
"chr7-030",-0.0468612481359542
"chr7-031",-0.0280983392405549
"chr7-032",-0.16193956896482
"chr7-033",-0.0501463642448536
"chr7-034",-0.0989333309867482
"chr7-035",-0.11583302056822
"chr7-036",-0.079100067797856
"chr7-037",-0.0891024240173301
"chr7-038",-0.030311493044684
"chr7-039",-0.173442762521611
"chr7-040",-0.0580751534812855
"chr7-041",-0.0769459350216371
"chr7-042",-0.0796259821948421
"chr7-043",-0.0532430564384176
"chr7-044",-0.0422627310483692
"chr7-045",-0.0803184750453308
"chr7-046",-0.102970243444229
"chr7-047",-0.0815106388712825
"chr7-048",-0.0418688240770999
"chr7-049",-0.0413557250755719
"chr7-050",-0.0707755395190066
"chr7-051",0.00207923475269246
"chr7-052",-0.0788656047761574
"chr7-053",-0.0442992345525094
"chr7-054",0.0205616389585013
"chr7-055",-0.0110081295100892
"chr7-056",-0.0299531234789929
"chr7-057",-0.0281378190339096
"chr7-058",-0.0568332766830046
"chr7-059",-0.0486388209783635
"chr7-060",-0.0415514491060905
"chr7-061",-0.0406557826263432
"chr7-062",-0.0886677560404434
"chr7-063",-0.170395394923003
"chr7-064",-0.035347775859121
"chr7-065",-0.0193480489816952
"chr7-066",-0.0166659859383305
"chr7-067",0.000126530756102851
"chr7-068",-0.0913809796871038
"chr7-069",-0.113820914874387
"chr7-070",-0.0857716478872347
"chr7-071",-0.0848416366696524
"chr7-072",-0.0538924007829788
"chr7-073",-0.0453770367859146
"chr7-074",-0.0202859273950141
"chr7-075",-0.0729279226207779
"chr7-076",-0.0547415990583088
"chr7-077",-0.0427709618550609
"chr7-078",-0.114340238160399
"chr7-079",-0.0582829955318171
"chr7-080",-0.0986311985132528
"chr7-081",-0.152035873332164
"chr7-082",-0.056510583402745
"chr7-083",-0.0513998666239152
"chr7-084",0.0120514322284867
"chr7-085",-0.0975287854866987
"chr7-086",-0.000152468319072765
"chr7-087",-0.1230146893537
"chr7-088",-0.017498980750771
"chr7-089",-0.0622188881538978
"chr7-090",-0.0509743159343886
"chr7-091",-0.0665295196843041
"chr7-092",-0.0379337452482949
"chr7-093",-0.0314625397695541
"chr7-094",0.0266043499441284
"chr7-095",-0.035600547978992
"chr7-096",-0.0355618222537765
"chr7-097",-0.0671025454195945
"chr7-098",-0.120892572148317
"chr7-099",-0.15864784183911
"chr7-100",-0.0730041837298729
"chr7-101",-0.0101565449964499
"chr7-102",-0.0841635878242344
"chr7-103",-0.19499214029987
"chr7-104",-0.0761635944705904
"chr7-105",-0.0410440840357829
"chr7-106",-0.0314292370650719
"chr7-107",-0.142479600548326
"chr7-108",-0.114926793198676
"chr7-109",0.00868982232785096
"chr7-110",-0.00756858992867331
"chr7-111",-0.0513184958134041
"chr7-112",-0.0136282807691111
"chr7-113",-0.0337710609671048
"chr7-114",0.0113069181680253
"chr7-115",-0.0417856191264599
"chr7-116",-0.0750191141367815
"chr7-117",-0.0767167237335493
"chr7-118",-0.0320379988476099
"chr7-119",-0.0966587613473908
"chr7-120",-0.0494850244435816
"chr7-121",-0.102820693070195
"chr7-122",-0.0283855595142776
"chr7-123",0.0204444955422918
"chr7-124",-0.0895182572854001
"chr7-125",-0.139915431656288
"chr7-126",-0.143095346734401
"chr7-127",-0.0716980321500385
"chr7-128",-0.00236870230283541
"chr7-129",0.0335204728923372
"chr7-130",-0.0357167842045094
"chr7-131",-0.0725829186457134
"chr7-132",-0.104452613091958
"chr7-133",-0.0173191300362516
"chr7-134",-0.0701839896289279
"chr7-135",-0.081707485453421
"chr7-136",-0.017456261385844
"chr7-137",0.0147409615528253
"chr7-138",-0.0260102482454729
"chr7-139",-0.0276531720904827
"chr7-140",-0.00741207967844476
"chr7-141",-0.0428385699086029
"chr7-142",-0.0894124498712104
"chr7-143",-0.0707201756752164
"chr7-144",-0.045098103205375
"chr7-145",-0.101346839018626
"chr7-146",0.0062212591971283
"chr7-147",-0.0498624840163183
"chr7-148",-0.195914312566288
"chr7-149",-0.0879379289354167
"chr7-150",-0.104187528301788
"chr7-151",-0.151660191237112
"chr7-152",-0.131334950957937
"chr7-153",-0.0504252771336599
"chr7-154",-0.122807431148891
"chr7-155",-0.217923108585346
"chr7-156",-0.0658696172980144
"chr7-157",-0.0632790644413595
"chr7-158",-0.116269183451957
"chr7-159",0.0016248272166704
"chr7-160",-0.13824229845426
"chr7-161",-0.0916969246604994
"chr7-162",-0.100962371668872
"chr7-163",-0.0894069849807012
"chr7-164",-0.0702211297495814
"chr7-165",-0.0631939100901323
"chr7-166",-0.0996929705020441
"chr7-167",-0.0241408061130707
"chr7-168",-0.106157487923846
"chr7-169",-0.119883488844863
"chr7-170",-0.0966911039329613
"chr7-171",-0.180667918948192
"chr7-172",-0.185697839572949
"chr7-173",-0.131887787283859
"chr7-174",-0.047941651968919
"chr7-175",-0.0818231261993534
"chr7-176",-0.0349077418054929
"chr7-177",-0.164822781356891
"chr7-178",-0.059912450009624
"chr7-179",-0.118979887715908
"chr7-180",-0.103583998697266
"chr7-181",-0.0104951207106589
"chr7-182",-0.014485558649311
"chr7-183",-0.0161025960321628
"chr7-184",-0.0877120205460804
"chr7-185",-0.0136655566596335
"chr7-186",0.0072076479957425
"chr7-187",-0.0290709324139358
"chr7-188",-0.0172126752171417
"chr7-189",-0.00657228093237967
"chr7-190",-0.0605004583446254
"chr7-191",-0.0612932261286488
"chr7-192",-0.0306468901763329
"chr7-193",-0.150822648893308
"chr7-194",-0.108214777920343
"chr7-195",-0.0563947759180005
"chr7-196",-0.057760204027406
"chr7-197",-0.0214267737684404
"chr7-198",-0.076338759136339
"chr7-199",-0.0336459908616791
"chr7-200",-0.0498154561249956
"chr7-201",-0.0711798626395417
"chr7-202",-0.118855590602943
"chr7-203",-0.032088647486521
"chr7-204",-0.0290232756589433
"chr7-205",-0.0934879281718872
"chr7-206",-0.0922614161654253
"chr7-207",-0.0812125785888954
"chr7-208",-0.0593636048445574
"chr7-209",-0.126178690333895
"chr7-210",-0.123709708658705
"chr7-211",-0.0747479885998362
"chr7-212",0.0202132279670705
"chr7-213",-0.107250943225626
"chr7-214",-0.127009885543659
"chr7-215",-0.0601613088594027
"chr7-216",-0.0954164660079726
"chr7-217",-0.108793861912935
"chr7-218",-0.102132416055631
"chr7-219",-0.0884365289214166
"chr7-220",-0.035785704942249
"chr7-221",-0.09101151563075
"chr7-222",-0.0873619506123753
"chr7-223",-0.0178212093109566
"chr7-224",-0.104151321446289
"chr7-225",-0.130261234250475
"chr7-226",-0.103144503336711
"chr7-227",-0.155391559581516
"chr7-228",-0.040976795667177
"chr7-229",-0.0699790586284043
"chr7-230",-0.0946730403807853
"chr7-231",-0.0577247649492829
"chr7-232",-0.137297170855944
"chr7-233",-0.0751125688150028
"chr7-234",-0.0458449687388025
"chr7-235",-0.023948770080931
"chr7-236",-0.0850161896903297
"chr7-237",-0.0473061273640932
"chr7-238",-0.0167725607281308
"chr7-239",-0.0214780323485123
"chr7-240",-0.0602228145323193
"chr7-241",-0.0217466060407189
"chr7-242",-0.0397433731790637
"chr7-243",-0.0298373820396656
"chr7-244",0.00693331889530147
"chr7-245",0.0639120613628514
"chr7-246",-0.0766934123688003
"chr7-247",-0.0819045571789191
"chr7-248",-0.0519081051909175
"chr7-249",-0.080210363942709
"chr7-250",-0.0648292920381823
"chr7-251",-0.0771053084972146
"chr7-252",-0.119924062502277
"chr7-253",-0.0106662830256588
"chr7-254",-0.0273801722526661
"chr7-255",-0.0375329516929387
"chr7-256",-0.0588944579654247
"chr7-257",0.0205935651372263
"chr7-258",-0.0479475382824374
"chr7-259",-0.0178644399084367
"chr7-260",-0.115516195091756
"chr7-261",-0.0146928666938211
"chr7-262",-0.058161738116345
"chr7-263",-0.0744814649601937
"chr7-264",-0.0453094711490803
"chr7-265",-0.075674622606403
"chr7-266",-0.0127383439622756
"chr7-267",-0.0738207712838014
"chr7-268",-0.175094373803324
"chr7-269",-0.0950581891399821
"chr7-270",-0.152637425948662
"chr7-271",-0.16065750909671
"chr7-272",-0.054205511851571
"chr7-273",-0.0229082915359725
"chr7-274",-0.0885848358306708
"chr7-275",-0.0241243874899338
"chr7-276",-0.0617377966420749
"chr7-277",-0.0208370494438737
"chr7-278",-0.0423250821029462
"chr7-279",0.00150891543064773
"chr7-280",-0.00342945986273201
"chr7-281",0.0191100716834995
"chr7-282",-0.0169051434882148
"chr7-283",-0.00675984236033467
"chr7-284",-0.00226932978340525
"chr7-285",-0.0615004799755775
"chr7-286",-0.0386116530065659
"chr7-287",-0.0484288102359853
"chr7-288",-0.0340973065566011
"chr7-289",-0.039527206142291
"chr7-290",-0.00593310816721913
"chr7-291",-0.0139307284908397
"chr7-292",-0.0149832571783497
"chr7-293",0.0115969886349074
"chr7-294",0.0298207056138467
"chr7-295",0.0135778962660429
"chr8-001",0.0662058338288986
"chr8-002",0.0449408543477377
"chr8-003",-0.000477615277104174
"chr8-004",0.018171058433042
"chr8-005",-0.00498754085308125
"chr8-006",0.0570919587932162
"chr8-007",-0.0809314439116655
"chr8-008",-0.0349373724656172
"chr8-009",0.00383520783287266
"chr8-010",-0.049818602761377
"chr8-011",1.76347912498972e-05
"chr8-012",-0.155359674276225
"chr8-013",0.035680954787859
"chr8-014",-0.0229663303215445
"chr8-015",-0.0408929231022377
"chr8-016",0.0697745208811953
"chr8-017",-0.0171369272952758
"chr8-018",-0.0557703065563688
"chr8-019",-0.0608441904087737
"chr8-020",-0.0612885150086032
"chr8-021",-0.0359442037955874
"chr8-022",-0.0143102575546989
"chr8-023",-0.0439540437268491
"chr8-024",-0.0813165819372552
"chr8-025",-0.0438656609859637
"chr8-026",-0.0256855465379542
"chr8-027",0.112599418698903
"chr8-028",-0.0727451725709315
"chr8-029",-0.033477031682663
"chr8-030",-0.141276075522069
"chr8-031",0.00686934150361273
"chr8-032",-0.101323996900151
"chr8-033",-0.0953455697606077
"chr8-034",-0.157653061767211
"chr8-035",-0.157744675150869
"chr8-036",-0.0433485115535809
"chr8-037",-0.0259794362036487
"chr8-038",-0.0692782957789949
"chr8-039",-0.0673420225077813
"chr8-040",-0.078562446479325
"chr8-041",-0.0239185426362139
"chr8-042",-0.0398265135474097
"chr8-043",-0.068366437296739
"chr8-044",-0.0322429870462747
"chr8-045",-0.0579643307814728
"chr8-046",-0.00248790315284616
"chr8-047",0.00145435226881124
"chr8-048",-0.0380884998808175
"chr8-049",-0.0469123984136971
"chr8-050",-0.0855608936083071
"chr8-051",-0.0857274066856693
"chr8-052",-0.00755208178136875
"chr8-053",-0.0961445466133925
"chr8-054",-0.0650960754987456
"chr8-055",-0.0313084924073743
"chr8-056",-0.0963013088329212
"chr8-057",-0.0794472585768859
"chr8-058",-0.0421744754682298
"chr8-059",-0.0702016037697983
"chr8-060",-0.0519773421513707
"chr8-061",-0.0515143696521855
"chr8-062",-0.0658271113093549
"chr8-063",-0.0559809507938498
"chr8-064",-0.026876510666897
"chr8-065",-0.012478499246207
"chr8-066",-0.0245506782146203
"chr8-067",-0.107099155430438
"chr8-068",-0.0607696483841154
"chr8-069",-0.0936958141716544
"chr8-070",-0.0553258691296553
"chr8-071",-0.14913015665029
"chr8-072",-0.087219763022812
"chr8-073",-0.0444716595441921
"chr8-074",0.0187602019414036
"chr8-075",-0.0925376224729061
"chr8-076",-0.0559499733553341
"chr8-077",-0.0625514795240787
"chr8-078",-0.0716306043959623
"chr8-079",-0.0259188574343067
"chr8-080",-0.0466423533744349
"chr8-081",-0.088203467683178
"chr8-082",-0.0656871835284563
"chr8-083",-0.10833828060021
"chr8-084",0.00172222446340742
"chr8-085",-0.046634360618743
"chr8-086",-0.0306008303679265
"chr8-087",-0.0468695096764691
"chr8-088",-0.039323227134557
"chr8-089",0.0167716153246171
"chr8-090",0.143754580253907
"chr8-091",-0.0291706490697587
"chr8-092",-0.00171204716222772
"chr8-093",-0.0217314607957948
"chr8-094",-0.0434348826667266
"chr8-095",-0.0498424022630267
"chr8-096",-0.00834336793708412
"chr8-097",-0.0940488267430649
"chr8-098",-0.201888559721227
"chr8-099",-0.0577889569691262
"chr8-100",-0.0472056512807735
"chr8-101",0.00609701237674332
"chr8-102",-0.126953977852503
"chr8-103",-0.0817523962490815
"chr8-104",-0.0570861505674524
"chr8-105",-0.0643400294708742
"chr8-106",-0.12781086117531
"chr8-107",0.0284075341793117
"chr8-108",-0.0507756664178861
"chr8-109",-0.142751794449882
"chr8-110",-0.0967552178938301
"chr8-111",-0.0823821072824167
"chr8-112",-0.0521438711778076
"chr8-113",-0.0764576781066275
"chr8-114",-0.0333502087836751
"chr8-115",-0.0272805820507245
"chr8-116",-0.174534295863183
"chr8-117",-0.0449797157587613
"chr8-118",-0.0429841070366812
"chr8-119",-0.0851100040030058
"chr8-120",-0.0636968134244703
"chr8-121",-0.0419402904225714
"chr8-122",-0.1418168140963
"chr8-123",-0.0439747414040458
"chr8-124",-0.0098415566532016
"chr8-125",-0.108620464378017
"chr8-126",-0.0943911810310689
"chr8-127",-0.0801966588461052
"chr8-128",-0.116591192840614
"chr8-129",-0.111702587070472
"chr8-130",-0.073835003233151
"chr8-131",-0.0723401920312591
"chr8-132",-0.0306198855144465
"chr8-133",-0.131345309225708
"chr8-134",-0.0946883259582884
"chr8-135",-0.116020250763449
"chr8-136",-0.0216153801419333
"chr8-137",-0.0236193578774196
"chr8-138",-0.0149171506376292
"chr8-139",0.00951933842086569
"chr8-140",-0.0537431791319277
"chr8-141",-0.0941582703461808
"chr8-142",-0.0665262910803094
"chr8-143",-0.0474164058679762
"chr8-144",-0.132443190013828
"chr8-145",-0.0782466451436879
"chr8-146",-0.103849253271233
"chr8-147",-0.149819258488509
"chr8-148",-0.022962661054126
"chr8-149",-0.0694971910032736
"chr8-150",-0.064828173554092
"chr8-151",0.0720344574898687
"chr8-152",-0.0241126917892398
"chr8-153",-0.0985738781968755
"chr8-154",-0.0836159391960503
"chr8-155",-0.0769676945205082
"chr8-156",-0.0625614931576808
"chr8-157",-0.0423991027106544
"chr8-158",-0.0835726409146054
"chr8-159",-0.0655132707718116
"chr8-160",-0.314789431584099
"chr8-161",-0.108934899165216
"chr8-162",-0.0767633427982335
"chr8-163",-0.0379746448745524
"chr8-164",-0.0951993415894935
"chr8-165",-0.0017250333380439
"chr8-166",-0.00650788686704383
"chr8-167",-0.0544170331447848
"chr8-168",-0.167826004244007
"chr8-169",-0.0362509244169017
"chr8-170",-0.145158272300474
"chr8-171",-0.0708199310546331
"chr8-172",-0.0619532948206867
"chr8-173",-0.102118203294066
"chr8-174",-0.110380399275293
"chr8-175",-0.035621226493915
"chr8-176",-0.0644723827226893
"chr8-177",-0.0675519508660791
"chr8-178",-0.0761476058948699
"chr8-179",-0.021880791545356
"chr8-180",-0.0471745393621905
"chr8-181",-0.0976900547019213
"chr8-182",-0.0929547600215231
"chr8-183",-0.0725005003194562
"chr8-184",-0.03156249590149
"chr8-185",-0.0716953213688725
"chr8-186",-0.0328412925817988
"chr8-187",-0.0164121932982255
"chr8-188",-0.0302091716346374
"chr8-189",-0.0731330048491924
"chr8-190",-0.100037299938648
"chr8-191",-0.0656194674972668
"chr8-192",-0.0775349009705121
"chr8-193",-0.046667215809238
"chr8-194",-0.0905519979585156
"chr8-195",-0.0428480336368388
"chr8-196",0.00293069936591014
"chr8-197",-0.0597938211812086
"chr8-198",-0.00838265977823064
"chr8-199",-0.0658820445628359
"chr8-200",-0.117321881936958
"chr8-201",-0.139796830924498
"chr8-202",-0.103458657222966
"chr8-203",-0.0838358631617651
"chr8-204",-0.0615439920726352
"chr8-205",-0.129046351480948
"chr8-206",-0.138682396268727
"chr8-207",-0.0429791540143862
"chr8-208",-0.071014052926671
"chr8-209",-0.15150675099527
"chr8-210",-0.10778217319806
"chr8-211",-0.0468453865916185
"chr8-212",-0.0677554335529846
"chr8-213",-0.104671672238224
"chr8-214",-0.237240438145097
"chr8-215",-0.0303978068138335
"chr8-216",-0.128721502159076
"chr8-217",-0.141116442066094
"chr8-218",-0.105751633696366
"chr8-219",0.0193614839129952
"chr8-220",-0.0479641392469541
"chr8-221",0.00544613727955008
"chr8-222",-0.0560297860736144
"chr8-223",-0.122363507166196
"chr8-224",-0.124865260472891
"chr8-225",-0.0548831240675884
"chr8-226",-0.0382502766225506
"chr8-227",-0.102064455576083
"chr8-228",-0.0832869410051743
"chr8-229",-0.0849338613400334
"chr8-230",-0.188414717918638
"chr8-231",0.0341712252845443
"chr8-232",0.0113628048862464
"chr8-233",-0.0982397322145392
"chr8-234",-0.0763611000943188
"chr8-235",-0.0339251174660841
"chr8-236",-0.0528976075076315
"chr8-237",-0.0663888179680297
"chr8-238",-0.0349799438301455
"chr8-239",-0.0142687238045175
"chr8-240",-0.0621578337631485
"chr8-241",-0.0421230560626013
"chr8-242",-0.112601626487063
"chr8-243",-0.0534407988458579
"chr8-244",-0.0739432594327744
"chr8-245",-0.0343072188113128
"chr8-246",-0.0735763650626456
"chr8-247",-0.00587259213853373
"chr8-248",-0.102618173819731
"chr8-249",-0.0152133591038666
"chr8-250",-0.00418890846105611
"chr8-251",-0.042188329149744
"chr8-252",-0.114480666805524
"chr8-253",-0.107080297177779
"chr8-254",-0.115244054263233
"chr8-255",-0.0632352548248072
"chr8-256",-0.0139459864277153
"chr8-257",0.00654673423427069
"chr8-258",-0.0335331640329213
"chr8-259",-0.0333977936769274
"chr8-260",-0.120755119470184
"chr8-261",-0.0733094385823021
"chr8-262",-0.0256421295909277
"chr8-263",-0.0681573594790485
"chr8-264",-0.117951238331336
"chr8-265",-0.122968792370013
"chr8-266",-0.0717005210337583
"chr8-267",-0.102015217688456
"chr8-268",-0.0364850544817311
"chr8-269",-0.0323186800741883
"chr8-270",0.0303764593781107
"chr8-271",0.0310717801431659
"chr8-272",-0.0227978302421857
"chr8-273",-0.0139483650330205
"chr8-274",-0.00401588566427786
"chr8-275",0.0427756031326429
"chr8-276",0.0258855446189959
"chr8-277",0.0349033997733231
"chr8-278",-0.00864372263337903
"chr8-279",-0.0441491542719351
"chr9-001",-0.00450617533298214
"chr9-002",-0.0199221076655766
"chr9-003",-0.0706824868593878
"chr9-004",-0.0262981307715544
"chr9-005",-0.0714926865875314
"chr9-006",-0.0353885515086179
"chr9-007",-0.0529690465221203
"chr9-008",0.0130670565078466
"chr9-009",-0.0129342867718376
"chr9-010",-0.0272857443163471
"chr9-011",-0.0798047937195026
"chr9-012",-0.0673239674552048
"chr9-013",-0.0957390008022689
"chr9-014",-0.0309723051650976
"chr9-015",0.0034059524475082
"chr9-016",0.0256703261903073
"chr9-017",-0.0344134373742021
"chr9-018",-0.208433444401496
"chr9-019",-0.100974474122125
"chr9-020",-0.150404093955513
"chr9-021",0.0011089687646206
"chr9-022",-0.0497142843974235
"chr9-023",-0.0132826074000561
"chr9-024",-0.0148053085528621
"chr9-025",-0.0454218865262141
"chr9-026",-0.0607627529329563
"chr9-027",0.00760959654947832
"chr9-028",0.0108761096252721
"chr9-029",-0.0622392087579699
"chr9-030",0.0266104017045776
"chr9-031",-0.0728932171320055
"chr9-032",0.0404396492585671
"chr9-033",-0.0595919859558176
"chr9-034",-0.125410079241557
"chr9-035",-0.0144975970325049
"chr9-036",-0.00749103072584999
"chr9-037",-0.0745478852246357
"chr9-038",-0.0330394824601968
"chr9-039",-0.116578958520907
"chr9-040",-0.213705752032451
"chr9-041",-0.0624052919448252
"chr9-042",-0.0213174795368422
"chr9-043",-0.0860495178365834
"chr9-044",-0.0533258851205217
"chr9-045",-0.0462852759804202
"chr9-046",-0.0183036205028635
"chr9-047",-0.0979750084143687
"chr9-048",0.0142416363013532
"chr9-049",-0.108365969039051
"chr9-050",-0.062557002027016
"chr9-051",-0.0221629105188373
"chr9-052",-0.0268637730562207
"chr9-053",-0.0543972953965208
"chr9-054",-0.0685779342497989
"chr9-055",-0.0211194827608349
"chr9-056",-0.0494728350963246
"chr9-057",-0.00257027148928975
"chr9-058",-0.0502235999400346
"chr9-059",-0.0525841758048363
"chr9-060",-0.0454801981474332
"chr9-061",-0.0447383582169612
"chr9-062",-0.0729588570078032
"chr9-063",-0.0861370998765907
"chr9-064",-0.099453333854018
"chr9-065",-0.0173842636454039
"chr9-066",0.0137522672877116
"chr9-067",0.0103735063360089
"chr9-068",-0.0341860423433683
"chr9-069",0.0160491765211348
"chr9-070",0.030832010444626
"chr9-071",-0.025857517850024
"chr9-072",-0.0857323744474562
"chr9-073",-0.0709183933666097
"chr9-074",-0.0793963641430024
"chr9-075",-0.0348047487018263
"chr9-076",-0.0580647198985477
"chr9-077",-0.0800234398811718
"chr9-078",-0.111236490148916
"chr9-079",0.0260370173434313
"chr9-080",-0.0608025907975168
"chr9-081",0.0561855188142274
"chr9-082",-0.0193531369389983
"chr9-083",-0.0918139412515156
"chr9-084",-0.0366875851600405
"chr9-085",-0.0840523001990877
"chr9-086",-0.0554481662644227
"chr9-087",-0.0867939582939299
"chr9-088",-0.016105052809639
"chr9-089",-0.0318990113070984
"chr9-090",-0.124341080896144
"chr9-091",-0.116231221370799
"chr9-092",-0.0228413823169204
"chr9-093",-0.116748012634528
"chr9-094",-0.00245165860137915
"chr9-095",0.0513879662712085
"chr9-096",0.00597396336545105
"chr9-097",0.140965529894475
"chr9-098",-0.0674073483568149
"chr9-099",-0.0115313472235576
"chr9-100",-0.035139765110469
"chr9-101",0.0180876580699029
"chr9-102",-0.088215106451138
"chr9-103",0.0252903610696806
"chr9-104",-0.0343243449878567
"chr9-105",-0.0403544474243535
"chr9-106",-0.0347267530766682
"chr9-107",-0.00784315007631605
"chr9-108",-0.0381050083357108
"chr9-109",-0.00600068269602401
"chr9-110",0.0072751597160772
"chr9-111",-0.0812797857125086
"chr9-112",-0.0816028745204346
"chr9-113",-0.0430027577200022
"chr9-114",-0.0248210652350621
"chr9-115",0.0166741267515007
"chr9-116",0.0006666346945299
"chr9-117",-0.0199227609375421
"chr9-118",-0.0340316801962058
"chr9-119",0.00606394771170263
"chr9-120",-0.0142944076975154
"chr9-121",-0.0533450127714638
"chr9-122",0.00736494715846218
"chr9-123",0.0339549916183049
"chr9-124",0.0147945191605058
"chr9-125",-0.00395638522798629
"chr9-126",-0.0761223850995086
"chr9-127",-0.0498781185599133
"chr9-128",-0.0828341314751041
"chr9-129",-0.0487222519677311
"chr9-130",-0.0277671450376598
"chr9-131",-0.0443455393184813
"chr9-132",-0.0716308405950945
"chr9-133",-0.0686970035581812
"chr9-134",-0.0774273528066891
"chr9-135",-0.035780027036047
"chr9-136",-0.236822935030395
"chr9-137",-0.0684329088285979
"chr9-138",-0.027324424637344
"chr9-139",-0.0835830309942609
"chr9-140",-0.174365404789299
"chr9-141",-0.0320752673960634
"chr9-142",-0.0223747955330976
"chr9-143",-0.0612628986519396
"chr9-144",-0.0368175964253812
"chr9-145",-0.0829252546388139
"chr9-146",-0.0865893694556364
"chr9-147",-0.0537351896039073
"chr9-148",-0.053783479523442
"chr9-149",-0.106872374488907
"chr9-150",0.0519957950985135
"chr9-151",-0.0830698207531813
"chr9-152",-0.0827446726722124
"chr9-153",-0.0635669630712134
"chr9-154",-0.0906416013959877
"chr9-155",-0.00384100816556777
"chr9-156",-0.0115385905261552
"chr9-157",-0.0382033051555173
"chr9-158",-0.0720769694988624
"chr9-159",-0.108070196970363
"chr9-160",-0.0941878547226398
"chr9-161",-0.0556390034090677
"chr9-162",-0.0851308597283107
"chr9-163",0.0399562350021123
"chr9-164",0.0457501542427297
"chr9-165",-0.00984016225016906
"chr9-166",-0.0922402212399656
"chr9-167",0.0023913891285075
"chr9-168",-0.074502898508954
"chr9-169",-0.0259194453807662
"chr9-170",-0.000738051464526935
"chr9-171",-0.0462563848959216
"chr9-172",-0.0619287714934858
"chr9-173",-0.0477937155224047
"chr9-174",0.00115295995702032
"chr9-175",-0.00640811509323904
"chr9-176",-0.0533012215425496
"chr9-177",-0.00200638348341989
"chr9-178",-0.0611891977507085
"chr9-179",-0.0212315705982858
"chr9-180",-0.0251855068623793
"chr9-181",-0.00788290704843894
"chr9-182",0.00654237184034273
"chr9-183",0.00433212681777893
"chr9-184",-0.0135679999684487
"chr9-185",-0.00220605874183626
"chr9-186",-0.0117711329302957
"chr9-187",-0.0161130946193412
"chr9-188",-0.0162631910520499
"chr9-189",0.0255637694129446
"chr9-190",0.0260957034649345
"chr9-191",0.00222016855923785
"chr9-192",-0.0465645358465766
"chr9-193",0.00732673250178473
"chr9-194",0.00412669567403551
"chr9-195",0.0248971178507755
"chr9-196",0.0874959065615599
"chr9-197",0.0438824621650348
"chr9-198",-0.0183166547779779
"chr9-199",0.0124661709562958
"chr9-200",0.0384403673096593
"chr9-201",0.0412767450364361
"chr9-202",-0.000901019271261269
"chr9-203",0.0732077028577459
"chr9-204",-0.0300102529189235
"chrX-001",0.360269317584403
"chrX-002",0.431444659707845
"chrX-003",0.419631443241836
"chrX-004",0.382575826186868
"chrX-005",0.434925121982786
"chrX-006",0.377610401674931
"chrX-007",0.350286922185946
"chrX-008",0.474226663867328
"chrX-009",0.35791147141121
"chrX-010",0.507292738545987
"chrX-011",0.457916966299271
"chrX-012",0.507836457528245
"chrX-013",0.388653141740885
"chrX-014",0.525036055276608
"chrX-015",0.579553772675343
"chrX-016",0.473675770958157
"chrX-017",0.482596812906888
"chrX-018",0.411352423991609
"chrX-019",0.43542459510248
"chrX-020",0.404849445743739
"chrX-021",0.504127196564172
"chrX-022",0.408687920846331
"chrX-023",0.449355002853124
"chrX-024",0.466653566415082
"chrX-025",0.418998258923183
"chrX-026",0.601373757665927
"chrX-027",0.458865781470467
"chrX-028",0.489988678840003
"chrX-029",0.467584288438269
"chrX-030",0.414518821278615
"chrX-031",0.515869511428051
"chrX-032",0.493300527135333
"chrX-033",0.668115929368557
"chrX-034",0.557194444259753
"chrX-035",0.415290695086681
"chrX-036",0.439657219474241
"chrX-037",0.612231771498972
"chrX-038",0.499361859777512
"chrX-039",0.290383662506146
"chrX-040",0.379084476852797
"chrX-041",0.482408333725179
"chrX-042",0.425302400446694
"chrX-043",0.396093660072343
"chrX-044",0.376020276885174
"chrX-045",0.468383999857319
"chrX-046",0.476277427451963
"chrX-047",0.478413602552826
"chrX-048",0.52801114499685
"chrX-049",0.488322383064619
"chrX-050",0.425196444486222
"chrX-051",0.415566235285257
"chrX-052",0.492215582367237
"chrX-053",0.531025742180668
"chrX-054",0.414583732592823
"chrX-055",0.474964319145272
"chrX-056",0.400667221986762
"chrX-057",0.479533846363866
"chrX-058",0.411573056782496
"chrX-059",0.561051074584459
"chrX-060",0.470510470869911
"chrX-061",0.438281294028506
"chrX-062",0.437337360810593
"chrX-063",0.318658423298615
"chrX-064",0.427142319683738
"chrX-065",0.473152695943667
"chrX-066",0.458222583587521
"chrX-067",0.555193098900562
"chrX-068",0.401143879071226
"chrX-069",0.416929716565866
"chrX-070",0.433229047342931
"chrX-071",0.528574728969016
"chrX-072",0.458512501402561
"chrX-073",0.527226536364098
"chrX-074",0.43839266007246
"chrX-075",0.494166656840264
"chrX-076",0.404450240380487
"chrX-077",0.493846279570489
"chrX-078",0.470446850328056
"chrX-079",0.438469411079417
"chrX-080",0.479009306012593
"chrX-081",0.535991371294124
"chrX-082",0.418149126129169
"chrX-083",0.374246051910539
"chrX-084",0.442561865807079
"chrX-085",0.384819635933116
"chrX-086",0.40389290054194
"chrX-087",0.435155144794886
"chrX-088",0.484731101731273
"chrX-089",0.389593173715237
"chrX-090",0.504749006496201
"chrX-091",0.451235693602009
"chrX-092",0.617666783602901
"chrX-093",0.582678312520645
"chrX-094",0.380642123707642
"chrX-095",0.538277214317477
"chrX-096",0.258023345960061
"chrX-097",0.553382390136478
"chrX-098",0.468576842322853
"chrX-099",0.619081107274154
"chrX-100",0.425579175770216
"chrX-101",0.439032904183621
"chrX-102",0.381863591863962
"chrX-103",0.614207654900952
"chrX-104",0.495979441948031
"chrX-105",0.398900395761469
"chrX-106",0.335905410595825
"chrX-107",0.502080171034014
"chrX-108",0.4437301796501
"chrX-109",0.416689371191891
"chrX-110",0.423825100857331
"chrX-111",0.440516427871147
"chrX-112",0.440212665886187
"chrX-113",0.44904880406158
"chrX-114",0.381629345312029
"chrX-115",0.472240450638711
"chrX-116",0.362727318016434
"chrX-117",0.622456275531848
"chrX-118",0.545755313603342
"chrX-119",0.409576685361495
"chrX-120",0.561776930313405
"chrX-121",0.483921258111749
"chrX-122",0.380380519824462
"chrX-123",0.33892928913691
"chrX-124",0.459279472669166
"chrX-125",0.476976844966648
"chrX-126",0.353571448987601
"chrX-127",0.453834211115505
"chrX-128",0.500272010172893
"chrX-129",0.423487362880553
"chrX-130",0.532437129658508
"chrX-131",0.491085706022734
"chrX-132",0.271838595548482
"chrX-133",0.17701595169713
"chrX-134",0.423290242751299
"chrX-135",0.376961591142422
"chrX-136",0.322487472181576
"chrX-137",0.502970092858866
"chrX-138",0.549102248275112
"chrX-139",0.462859024903008
"chrX-140",0.489466967039742
"chrX-141",0.490245375162422
"chrX-142",0.564793620086503
"chrX-143",0.507908671408126
"chrX-144",0.437856439113843
"chrX-145",0.418750986154216
"chrX-146",0.473420252775816
"chrX-147",0.544273773632629
"chrX-148",0.776263828397329
"chrX-149",0.357949922928048
"chrX-150",0.400515031051821
"chrX-151",0.418960361799042
"chrX-152",0.477599845484353
"chrX-153",0.385282794007463
"chrX-154",0.372944598793134
"chrX-155",0.3681071665847
"chrX-156",0.502069207220957
"chrX-157",0.416469049665118
"chrX-158",0.48010683728839
"chrX-159",0.48229886443341
"chrX-160",0.49806988213607
"chrX-161",0.451874000023141
"chrX-162",0.416750435199141
"chrX-163",0.387573648135632
"chrX-164",0.435283083538495
"chrX-165",0.486102033213572
"chrX-166",0.428387479965771
"chrX-167",0.373923631262194
"chrX-168",0.614977013932234
"chrX-169",0.499820945265678
"chrX-170",0.437539522170159
"chrX-171",0.538623939926408
"chrX-172",0.448728234557419
"chrX-173",0.444835675015996
"chrX-174",0.406868193837508
"chrX-175",0.631964402541238
"chrX-176",0.458344870792478
"chrX-177",0.376168195797602
"chrX-178",0.491321332512336
"chrX-179",0.312071913160925
"chrX-180",0.376729233611166
"chrX-181",0.45907624698597
"chrX-182",0.509529469799116
"chrX-183",0.571213287103716
"chrX-184",0.467497314470293
"chrX-185",0.393275051117866
"chrX-186",0.523197013162861
"chrX-187",0.52410379384058
"chrX-188",0.419488979826659
"chrX-189",0.540853692781241
"chrX-190",0.43157479826974
"chrX-191",0.451496511318423
"chrX-192",0.49117424066753
"chrX-193",0.505769471519309
"chrX-194",0.512242776962802
"chrX-195",0.565180404213212
"chrX-196",0.515891459426379
"chrX-197",0.499247413516855
"chrX-198",0.501249054976734
"chrX-199",0.453729899778495
"chrX-200",0.433214631664179
"chrX-201",0.596517101691808
"chrX-202",0.563706128382643
"chrX-203",0.615047788741578
"chrX-204",0.222589015029453
"chrX-205",0.409556920436835
"chrX-206",0.524773763185764
"chrX-207",0.455877438995071
"chrX-208",0.334760285534261
"chrX-209",0.427213033580536
"chrX-210",0.554334971057154
"chrX-211",0.341250824265384
"chrX-212",0.576319545033261
"chrX-213",0.425120049682999
"chrX-214",0.534313551718203
"chrX-215",0.558313886489145
"chrX-216",0.531157720222112
"chrX-217",0.411747221536878
"chrX-218",0.450043164191917
"chrX-219",0.366166044429841
"chrX-220",0.420009478185567
"chrX-221",0.442297914845702
"chrX-222",0.395451396548888
"chrX-223",0.499250878678482
"chrX-224",0.494780262465359
"chrX-225",0.401875362688651
"chrX-226",0.375950730884026
"chrY-001",-3.58875779846748
"chrY-002",-0.261668620367319
"chrY-003",-4.46079231716666
"chrY-004",-3.40088765890889
"chrY-005",-3.93910142110542
"chrY-006",-4.84372696548619
"chrY-007",-4.87747273959776
"chrY-008",-2.55442965780694
"chrY-009",-0.212043960743876
"chrY-010",-1.5076100138527
"chrY-011",-3.84641826858258
"chrY-012",-3.92414678659101
"chrY-013",-3.36637243365387
"chrY-014",-4.56300504460846
"chrY-015",-3.18487284262891
"chrY-016",-4.11429841527831
"chrY-017",-3.56015365491888
"chrY-018",-4.33648316349145
