"","value"
"chr1-001",0.127135534428436
"chr1-002",0.189797064671083
"chr1-003",0.167912995118956
"chr1-004",0.122867497533359
"chr1-005",0.147608315405764
"chr1-006",0.0461929358006807
"chr1-007",-0.00708109652797372
"chr1-008",0.0556056653381873
"chr1-009",-0.103227873206867
"chr1-010",-0.0976033534256444
"chr1-011",-0.181368774752622
"chr1-012",-0.00757608291412019
"chr1-013",0.0279146074417224
"chr1-014",0.0466429767311204
"chr1-015",-0.107111630071632
"chr1-016",0.00211816493070375
"chr1-017",0.0645022488338486
"chr1-018",0.0144165782184365
"chr1-019",0.0335117378229046
"chr1-020",0.0441143804820804
"chr1-021",0.0166975397282856
"chr1-022",0.0498646959327343
"chr1-023",-0.0223343321211158
"chr1-024",0.0174885615621144
"chr1-025",0.0407518964736806
"chr1-026",-0.0173796907237192
"chr1-027",-0.0346295825449681
"chr1-028",-0.0311633333196285
"chr1-029",-0.218653285769021
"chr1-030",-0.0190016274140178
"chr1-031",-0.0253356242125775
"chr1-032",0.0679960417239908
"chr1-033",0.0183246756212436
"chr1-034",0.0975922251453154
"chr1-035",0.149985262858076
"chr1-036",-0.0332748606997171
"chr1-037",-0.0651840228481873
"chr1-038",-0.155778493701099
"chr1-039",-0.0493839596787077
"chr1-040",0.0161749696093627
"chr1-041",0.00971011362151672
"chr1-042",-0.040049918861531
"chr1-043",0.0682973745211699
"chr1-044",0.00634067958440044
"chr1-045",0.043566103703387
"chr1-046",-0.0564915086725455
"chr1-047",-0.0577072744414908
"chr1-048",0.00653609507947012
"chr1-049",0.00446414702477609
"chr1-050",-0.0393693388564102
"chr1-051",0.0410902734448843
"chr1-052",-0.0282207913934005
"chr1-053",-0.00826533647682019
"chr1-054",-0.0331795539616976
"chr1-055",0.000977379792605356
"chr1-056",0.0039610616429404
"chr1-057",0.000970190865036187
"chr1-058",-0.00960678984121457
"chr1-059",-0.00356362561012326
"chr1-060",-0.0544653307866323
"chr1-061",-0.191167508921792
"chr1-062",-0.145163166433004
"chr1-063",-0.0612364339107078
"chr1-064",-0.00697846531874362
"chr1-065",-0.0157716349635897
"chr1-066",-0.0207509576016008
"chr1-067",0.012797150025381
"chr1-068",-0.0452217889056184
"chr1-069",-0.152939383071287
"chr1-070",-0.0357651099327368
"chr1-071",-0.0733172560189813
"chr1-072",0.00375183950303816
"chr1-073",0.0374415606618028
"chr1-074",-0.00718442095430722
"chr1-075",-0.165840428004474
"chr1-076",-0.076404753365558
"chr1-077",-0.0134635304585352
"chr1-078",-0.10334858257789
"chr1-079",-0.0374701388326687
"chr1-080",0.0013961031407439
"chr1-081",0.00624165048167044
"chr1-082",-0.0135568026896828
"chr1-083",-0.0126182105473811
"chr1-084",-0.0847472518886341
"chr1-085",-0.0928603578351195
"chr1-086",-0.0475669150314574
"chr1-087",-0.0435072708456791
"chr1-088",-0.0742017926936975
"chr1-089",-0.0015842321621867
"chr1-090",-0.0614752377925933
"chr1-091",0.00664037976867305
"chr1-092",-0.0341798978247736
"chr1-093",-0.0302590851732815
"chr1-094",-0.0703252704525094
"chr1-095",-0.0969178512399799
"chr1-096",-0.0592453096689587
"chr1-097",-0.133334911142504
"chr1-098",-0.102891329860406
"chr1-099",-0.0969522484076674
"chr1-100",-0.321042217986233
"chr1-101",-0.118484957049842
"chr1-102",-0.0727841396518233
"chr1-103",-0.00716812273712404
"chr1-104",-0.0540585680009209
"chr1-105",-0.104507321221773
"chr1-106",-0.00113554412072618
"chr1-107",-0.0281903579595343
"chr1-108",-0.0465291762658732
"chr1-109",-0.0679411772603255
"chr1-110",-0.0929654530608442
"chr1-111",-0.0915848721209579
"chr1-112",-0.116918356890324
"chr1-113",-0.170154802792295
"chr1-114",-0.0773558880959915
"chr1-115",-0.0807059603840113
"chr1-116",-0.176462887312684
"chr1-117",-0.113693689448786
"chr1-118",-0.0455622943170413
"chr1-119",-0.124034572996476
"chr1-120",-0.15923488246738
"chr1-121",-0.0827467446114647
"chr1-122",-0.117213763466937
"chr1-123",-0.0799036538030225
"chr1-124",-0.123608267440467
"chr1-125",-0.026133609260991
"chr1-126",-0.0261125730074522
"chr1-127",-0.0393739544537957
"chr1-128",-0.0971581641139545
"chr1-129",-0.140022384820254
"chr1-130",-0.0837397830300126
"chr1-131",-0.0241477955424242
"chr1-132",-0.121785641593059
"chr1-133",-0.298798681247594
"chr1-134",-0.0905698206412268
"chr1-135",-0.0435250832479414
"chr1-136",-0.0822527953925111
"chr1-137",-0.160539416012976
"chr1-138",-0.11973119587449
"chr1-139",-0.0874890047147583
"chr1-140",-0.000465699411585356
"chr1-141",-0.277533492981835
"chr1-142",-0.139817781471482
"chr1-143",-0.223185265308044
"chr1-144",0.0215880018661827
"chr1-145",-0.226400053778603
"chr1-146",-0.253082536290528
"chr1-147",-0.215708670352928
"chr1-148",-0.107665416127578
"chr1-149",-0.150951366690271
"chr1-150",-0.108706693555187
"chr1-151",-0.180625506419393
"chr1-152",-0.0375421725303368
"chr1-153",-0.133888817448819
"chr1-154",-0.231457541126717
"chr1-155",-0.279989275631454
"chr1-156",-0.238385711811387
"chr1-157",-0.139893124004988
"chr1-158",-0.0962885479457582
"chr1-159",-0.211761120284873
"chr1-160",-0.132899748593757
"chr1-161",-0.0656872468727736
"chr1-162",-0.131301920672341
"chr1-163",-0.16389134341372
"chr1-164",-0.109855577031719
"chr1-165",-0.0821758679711885
"chr1-166",-0.107451564534998
"chr1-167",-0.190361911499739
"chr1-168",-0.0872435929178037
"chr1-169",-0.105751228677802
"chr1-170",-0.162344441416504
"chr1-171",-0.149320261307835
"chr1-172",-0.0695483134457651
"chr1-173",-0.173861232256409
"chr1-174",-0.111837688788148
"chr1-175",-0.162108237515372
"chr1-176",-0.120001342837118
"chr1-177",-0.0918545683347171
"chr1-178",-0.0648240987076562
"chr1-179",-0.0507231657774523
"chr1-180",0.0483955103444498
"chr1-181",-0.0465202438542582
"chr1-182",-0.0511298611757129
"chr1-183",-0.0986592760817868
"chr1-184",-0.0355908152701052
"chr1-185",-0.108321215027342
"chr1-186",-0.0607944808932502
"chr1-187",-0.236981950843195
"chr1-188",-0.108427517084963
"chr1-189",-0.155762947770521
"chr1-190",-0.237894054852853
"chr1-191",-0.125168960229846
"chr1-192",-0.117577942099428
"chr1-193",-0.132905632719119
"chr1-194",-0.100265835284279
"chr1-195",-0.146737786827003
"chr1-196",-0.123297053826342
"chr1-197",-0.08063888107554
"chr1-198",-0.191044488916138
"chr1-199",-0.160629679945234
"chr1-200",-0.202806963032556
"chr1-201",-0.199759966746731
"chr1-202",-0.215720118114184
"chr1-203",-0.319092458147444
"chr1-204",-0.0257353025920855
"chr1-205",-0.135339635411756
"chr1-206",0.0159375368775941
"chr1-207",-0.0111564894734605
"chr1-208",-0.0613697748232579
"chr1-209",-0.0922556361963276
"chr1-210",-0.050520114008253
"chr1-211",-0.126117067773982
"chr1-212",-0.110690963801729
"chr1-213",-0.111802067022445
"chr1-214",-0.0621125835085632
"chr1-215",-0.0518745617583182
"chr1-216",-0.0636228721860119
"chr1-217",-0.0206257080787655
"chr1-218",-0.0560616605607325
"chr1-219",-0.10935852775886
"chr1-220",-0.101457549783152
"chr1-221",-0.0473247880010203
"chr1-222",-0.0910159334183021
"chr1-223",-0.0747216501855996
"chr1-224",-0.127838879988236
"chr1-225",-0.173475843327148
"chr1-226",-0.185418575560422
"chr1-227",-0.162425389087571
"chr1-228",-0.14746253098847
"chr1-229",-0.0536908067517731
"chr1-230",-0.00456843049302733
"chr1-231",0.0451833922401509
"chr1-232",0.0456788326161329
"chr1-233",-0.110593514995715
"chr1-234",0.171100532294213
"chr1-235",-0.0481801602004077
"chr1-236",0.116697085529373
"chr1-237",0.0945848506726465
"chr1-238",0.0949654447861892
"chr1-239",-0.0507153401082118
"chr1-240",0.0786115767463816
"chr1-241",-0.0011478272043198
"chr1-242",-0.144336320924699
"chr1-243",-0.0974551679545093
"chr1-244",-0.00344197187492223
"chr1-245",0.0255219403054124
"chr1-246",0.00570019141545134
"chr1-247",-0.108468708111049
"chr1-248",-0.108547035864706
"chr1-249",0.00564755173148583
"chr1-250",-0.0228429910340245
"chr1-251",-0.0665891014537974
"chr1-252",-0.136206474172546
"chr1-253",-0.195681687251907
"chr1-254",-0.127698994637121
"chr1-255",-0.0399022199479322
"chr1-256",0.00821608729963404
"chr1-257",-0.0558847057429543
"chr1-258",0.0123351098472174
"chr1-259",0.0237910651647018
"chr1-260",-0.0423364314114128
"chr1-261",-0.038798927327008
"chr1-262",-0.066636869399212
"chr1-263",-0.107199345316023
"chr1-264",-0.104702587282724
"chr1-265",-0.193881093893419
"chr1-266",-0.196160712992001
"chr1-267",-0.0842147181514832
"chr1-268",-0.0867301509056315
"chr1-269",-0.13058898763071
"chr1-270",-0.0608988534774541
"chr1-271",-0.0374736506926211
"chr1-272",-0.0650192284169367
"chr1-273",-0.0738061903032827
"chr1-274",-0.152810530947345
"chr1-275",-0.176863172152841
"chr1-276",-0.142963893389993
"chr1-277",-0.0647338165588748
"chr1-278",-0.139194227517924
"chr1-279",-0.0220630101110596
"chr1-280",-0.101246477875006
"chr1-281",-0.0854553433121641
"chr1-282",-0.0839753755134934
"chr1-283",-0.0584141740046214
"chr1-284",-0.0577018224902656
"chr1-285",-0.211173373775326
"chr1-286",-0.0923602019698522
"chr1-287",-0.116009977334573
"chr1-288",-0.0785272672824854
"chr1-289",-0.138174849854638
"chr1-290",-0.130088781371973
"chr1-291",-0.0928799408758766
"chr1-292",-0.15079448222616
"chr1-293",-0.139147200566331
"chr1-294",-0.101584616794721
"chr1-295",-0.121607852791865
"chr1-296",-0.0416738993409508
"chr1-297",-0.115660403853751
"chr1-298",-0.104188510119344
"chr1-299",-0.176891557868581
"chr1-300",-0.0771594434649176
"chr1-301",-0.0677745893775508
"chr1-302",-0.11496151687175
"chr1-303",-0.146590678686137
"chr1-304",-0.138651413175013
"chr1-305",-0.0410462399172912
"chr1-306",0.0573200465475777
"chr1-307",-0.107019508450802
"chr1-308",-0.0668754858445418
"chr1-309",-0.00857304986862236
"chr1-310",-0.0703156272656309
"chr1-311",-0.0783074116920542
"chr1-312",-0.058643027944179
"chr1-313",-0.0774535695805067
"chr1-314",0.000245313943600932
"chr1-315",-0.0629547608300356
"chr1-316",-0.0552652094397732
"chr1-317",-0.0833836337414652
"chr1-318",-0.0896616069932863
"chr1-319",-0.197572524267357
"chr1-320",-0.217165188744104
"chr1-321",-0.241025580657052
"chr1-322",-0.239002191438046
"chr1-323",-0.166440588705592
"chr1-324",-0.548865913297233
"chr1-325",-0.160050550122665
"chr1-326",-0.347386278199904
"chr1-327",-0.211247880782416
"chr1-328",-0.214889052114243
"chr1-329",-0.194466166462077
"chr1-330",-0.18848105810776
"chr1-331",-0.0646739405435386
"chr1-332",-0.194616347009582
"chr1-333",-0.173973417116692
"chr1-334",-0.16919704014982
"chr1-335",-0.195694663252703
"chr1-336",-0.309892625654076
"chr1-337",-0.127032165243302
"chr1-338",-0.137670265357622
"chr1-339",-0.155801312495309
"chr1-340",-0.189618991592091
"chr1-341",-0.28089652003549
"chr1-342",-0.129450259581452
"chr1-343",-0.173932216030777
"chr1-344",-0.100934713189922
"chr1-345",-0.041020740242397
"chr1-346",-0.0721053595122914
"chr1-347",-0.0589726872591525
"chr1-348",-0.0522168543533741
"chr1-349",-0.0345330546582305
"chr1-350",-0.0845252746757217
"chr1-351",-0.0197245958939609
"chr1-352",-0.0634009468443833
"chr1-353",-0.0783329300396592
"chr1-354",-0.0650098356424211
"chr1-355",-0.0732293253520413
"chr1-356",-0.0717945322731425
"chr1-357",-0.0984837426899033
"chr1-358",-0.146435638085259
"chr1-359",-0.0744608182487949
"chr1-360",-0.167220617943826
"chr1-361",-0.233387311682641
"chr1-362",-0.11745008022564
"chr1-363",-0.108120553589327
"chr1-364",-0.0349145796704588
"chr1-365",-0.206702320363931
"chr1-366",-0.0312869413564271
"chr1-367",-0.0644033974192888
"chr1-368",-0.0856168426519184
"chr1-369",-0.00821895466093088
"chr1-370",-0.0419949661600427
"chr1-371",-0.121805591982171
"chr1-372",-0.0271505004647114
"chr1-373",-0.109334241042737
"chr1-374",-0.17891101781147
"chr1-375",-0.224651870542712
"chr1-376",-0.216971881402801
"chr1-377",-0.170450064393233
"chr1-378",-0.150460412964129
"chr1-379",-0.153462982716422
"chr1-380",-0.0741870786614343
"chr1-381",-0.168033595081981
"chr1-382",-0.200110164222462
"chr1-383",-0.0907229894998931
"chr1-384",-0.0425699364033688
"chr1-385",-0.0304498201527323
"chr1-386",-0.0793914782860229
"chr1-387",-0.0982248204832681
"chr1-388",-0.0950023316374001
"chr1-389",-0.0913378828063871
"chr1-390",-0.107774516192192
"chr1-391",-0.041994697031551
"chr1-392",-0.0404191581125814
"chr1-393",-0.0690911698326354
"chr1-394",0.118115751398057
"chr1-395",0.00390479255380424
"chr1-396",0.0249019066960583
"chr1-397",-0.009035303283328
"chr1-398",-0.108347657478678
"chr1-399",0.0795654400247346
"chr1-400",0.0582192870595759
"chr1-401",-0.07604958634849
"chr1-402",-0.0016540558594781
"chr1-403",-0.00944758009602739
"chr1-404",-0.034924890073795
"chr1-405",-0.0273079073425532
"chr1-406",-0.0180779683644865
"chr1-407",-0.0506784693332961
"chr1-408",-0.0338669486971396
"chr1-409",-0.16694211637028
"chr1-410",-0.0733597867140154
"chr1-411",-0.0112429270041001
"chr1-412",-0.0792710261931308
"chr1-413",-0.0630471174260848
"chr1-414",-0.0144522873226699
"chr1-415",0.00191514564603335
"chr1-416",-0.00799024882070136
"chr1-417",0.00787735314735837
"chr1-418",-0.0189634026463015
"chr1-419",-0.0582803670570572
"chr1-420",-0.135306072652174
"chr1-421",-0.0164213636175209
"chr1-422",-0.329922597535323
"chr1-423",-0.027067576231372
"chr1-424",-0.138182821627858
"chr1-425",-0.043698727457833
"chr1-426",-0.0219358235110105
"chr1-427",0.00263477266861016
"chr1-428",-0.0610433785453924
"chr1-429",-0.0920036614758022
"chr1-430",-0.0674654784038647
"chr1-431",-0.0759977355269171
"chr1-432",-0.0771489690274289
"chr1-433",-0.0533737785368381
"chr1-434",0.0024287173950271
"chr1-435",0.0292701337999886
"chr1-436",-0.0036485097487409
"chr1-437",-0.0202242149531828
"chr1-438",0.0322446388562622
"chr1-439",-0.000752136831825725
"chr1-440",-0.130685698541529
"chr1-441",-0.204669258148158
"chr1-442",-0.032431785910706
"chr10-001",0.0317728289435688
"chr10-002",0.0803171037601561
"chr10-003",-0.0184523452489607
"chr10-004",-0.127838875128302
"chr10-005",-0.128954170190213
"chr10-006",-0.0854103149688016
"chr10-007",0.0141670000795745
"chr10-008",-0.025971632128701
"chr10-009",-0.0350742588713118
"chr10-010",-0.0211639740448537
"chr10-011",-0.153328927047652
"chr10-012",0.0101134656787338
"chr10-013",0.0349945286828227
"chr10-014",-0.0846522526503947
"chr10-015",-0.030883023217908
"chr10-016",-0.00982654149089953
"chr10-017",-0.0209175263260262
"chr10-018",-0.315484986515284
"chr10-019",-0.0942439366023915
"chr10-020",-0.113657385447904
"chr10-021",-0.165601119090382
"chr10-022",-0.0537515273731693
"chr10-023",-0.126937536473338
"chr10-024",-0.0331075427480803
"chr10-025",0.0117556867112368
"chr10-026",-0.0423484324001081
"chr10-027",0.00870883561578108
"chr10-028",-0.0207403714111711
"chr10-029",-0.0845989901591982
"chr10-030",-0.0284446447808712
"chr10-031",0.050347564894274
"chr10-032",-0.0879865972846204
"chr10-033",0.0565098903368336
"chr10-034",-0.0200119974399503
"chr10-035",-0.00286076147821116
"chr10-036",-0.0490893801894061
"chr10-037",-0.0682408945993395
"chr10-038",-0.108584434257509
"chr10-039",-0.126712045593494
"chr10-040",-0.00226137294570398
"chr10-041",-0.152798794749327
"chr10-042",9.38258608907478e-05
"chr10-043",-0.00552008790481651
"chr10-044",-0.0104064637782321
"chr10-045",-0.0153297329758415
"chr10-046",-0.0433943958796124
"chr10-047",-0.13866293758191
"chr10-048",0.0082682688049347
"chr10-049",-0.00323416834078489
"chr10-050",-0.0835048839459994
"chr10-051",-0.124922702746591
"chr10-052",-0.107392930123656
"chr10-053",-0.0156337274438163
"chr10-054",0.0128117823878778
"chr10-055",0.0146527344747461
"chr10-056",-0.0215410280349943
"chr10-057",0.00182891891476777
"chr10-058",-0.0410654166462164
"chr10-059",0.0312464622317203
"chr10-060",0.0163964666843159
"chr10-061",-0.0514342525688037
"chr10-062",-0.00193202210614779
"chr10-063",0.0170588155907034
"chr10-064",-0.0131888920452705
"chr10-065",-0.0380556964750007
"chr10-066",-0.0551036041955007
"chr10-067",-0.020435907511104
"chr10-068",-0.0885194176842183
"chr10-069",0.0598489162451203
"chr10-070",0.00576190427902659
"chr10-071",-0.00435360073085656
"chr10-072",-0.030378070266945
"chr10-073",0.0232156454970127
"chr10-074",-0.193087111748823
"chr10-075",-0.122376160022857
"chr10-076",-0.00239540944243274
"chr10-077",0.129673882858258
"chr10-078",-0.0512467715329046
"chr10-079",0.0278899489017194
"chr10-080",-0.060135836127075
"chr10-081",-0.0579188431321579
"chr10-082",-0.103805138880084
"chr10-083",0.00319272944971948
"chr10-084",-0.0296491217456791
"chr10-085",-0.12683087381092
"chr10-086",-0.0572487591859657
"chr10-087",-0.170957653580853
"chr10-088",-0.170601611477586
"chr10-089",-0.0490272472124183
"chr10-090",-0.108756557095501
"chr10-091",-0.137958328817278
"chr10-092",-0.121056563395002
"chr10-093",-0.0866249851931625
"chr10-094",-0.0580913989148273
"chr10-095",-0.07373813653363
"chr10-096",-0.129630260428891
"chr10-097",-0.404609893049067
"chr10-098",-0.294024771106997
"chr10-099",-0.252083802901356
"chr10-100",-0.131021863157457
"chr10-101",-0.240252490758744
"chr10-102",-0.239470394293304
"chr10-103",-0.210746739842554
"chr10-104",-0.151416370917089
"chr10-105",-0.115736654363499
"chr10-106",-0.160380735541221
"chr10-107",-0.187817907885087
"chr10-108",-0.0542658737279416
"chr10-109",-0.119641772997193
"chr10-110",-0.134377593200423
"chr10-111",-0.16779392645768
"chr10-112",-0.175935707260255
"chr10-113",-0.123929073808709
"chr10-114",-0.0369218479457598
"chr10-115",-0.104300760211544
"chr10-116",-0.0949128953696777
"chr10-117",-0.128802687011072
"chr10-118",-0.162652338035906
"chr10-119",-0.246862834128386
"chr10-120",-0.17135651196435
"chr10-121",-0.0649499352849064
"chr10-122",-0.024822972551176
"chr10-123",0.00166117951094815
"chr10-124",-0.026270318428857
"chr10-125",-0.142405326620372
"chr10-126",-0.0454453365577
"chr10-127",-0.0864002389199747
"chr10-128",-0.129305554645405
"chr10-129",-0.0767676440514765
"chr10-130",-0.0353209233383961
"chr10-131",0.0436464455163513
"chr10-132",-0.0538148287913261
"chr10-133",-0.0224416877332542
"chr10-134",-0.0129265766024708
"chr10-135",-0.0111312472091722
"chr10-136",0.0141856137424411
"chr10-137",-0.0410507981046054
"chr10-138",-0.0988382117458626
"chr10-139",-0.0533462184137082
"chr10-140",-0.0856660729000987
"chr10-141",-0.0274280152357373
"chr10-142",-0.0535083122318074
"chr10-143",-0.172661197135377
"chr10-144",-0.0422202297572317
"chr10-145",-0.0936829880866734
"chr10-146",-0.0018107488826607
"chr10-147",-0.120259754408833
"chr10-148",-0.079770299556799
"chr10-149",-0.0199480889102679
"chr10-150",-0.105914022101729
"chr10-151",-0.161871614690373
"chr10-152",-0.101559382295719
"chr10-153",-0.130061684277763
"chr10-154",-0.154804036713552
"chr10-155",-0.16550494045991
"chr10-156",-0.241085789817245
"chr10-157",-0.0673197094807555
"chr10-158",-0.0299937009187672
"chr10-159",0.0419629122591377
"chr10-160",-0.0986815839484568
"chr10-161",-0.131415257923317
"chr10-162",-0.226624996670822
"chr10-163",-0.0669319407642304
"chr10-164",-0.12372200985817
"chr10-165",-0.259871738066681
"chr10-166",-0.115332252507684
"chr10-167",-0.0981207002838052
"chr10-168",-0.0807749392182771
"chr10-169",-0.03897596942155
"chr10-170",-0.0487633118597026
"chr10-171",-0.0442668984429202
"chr10-172",-0.0764078866141129
"chr10-173",-0.0585907238296919
"chr10-174",-0.0158293989585296
"chr10-175",-0.0350074758417062
"chr10-176",-0.093344075874576
"chr10-177",-0.123344957491855
"chr10-178",-0.016397766937235
"chr10-179",-0.011561776318948
"chr10-180",-0.0209990511671429
"chr10-181",-0.0910796426571319
"chr10-182",-0.0732868866173339
"chr10-183",-0.00918864827018047
"chr10-184",-0.0481828363838316
"chr10-185",-0.0381237707906525
"chr10-186",-0.0716303047984848
"chr10-187",0.0012327962086835
"chr10-188",-0.0123885679900047
"chr10-189",-0.00968169456833284
"chr10-190",-0.0272933966127874
"chr10-191",-0.0232417785247927
"chr10-192",-0.0367814178709309
"chr10-193",-0.128389272277058
"chr10-194",-0.0579536709698517
"chr10-195",-0.107868402368239
"chr10-196",-0.283312554490867
"chr10-197",-0.101063260559286
"chr10-198",-0.115589629025245
"chr10-199",-0.178064647063779
"chr10-200",-0.175788119668155
"chr10-201",-0.236475895805267
"chr10-202",-0.0303711064289876
"chr10-203",-0.0382486680377787
"chr10-204",-0.0601880303153742
"chr10-205",-0.125141159168118
"chr10-206",-0.310692900530724
"chr10-207",-0.162271366375695
"chr10-208",-0.050009455569479
"chr10-209",-0.0343972735985858
"chr10-210",-0.0542204364119319
"chr10-211",-0.0271296680611403
"chr10-212",-0.0833422589137856
"chr10-213",-0.104623625939512
"chr10-214",-0.233371058383789
"chr10-215",-0.0653977929821537
"chr10-216",-0.0948306072502253
"chr10-217",-0.0416457455673404
"chr10-218",-0.0833435593749446
"chr10-219",-0.177973029879098
"chr10-220",-0.0752042085445775
"chr10-221",-0.01627496329973
"chr10-222",0.0159861810027466
"chr10-223",-0.0642198504477758
"chr10-224",-0.137454491757937
"chr10-225",-0.168863021452321
"chr10-226",0.032400088479555
"chr10-227",-0.0245644050796454
"chr10-228",-0.154097804793272
"chr10-229",-0.0845245878972416
"chr10-230",-0.0894244089891219
"chr10-231",-0.0307729071196176
"chr10-232",-0.0584236277496769
"chr10-233",-0.0363848200680889
"chr10-234",-0.021200810932939
"chr10-235",-0.0209140663921309
"chr10-236",-0.0886631045718967
"chr10-237",-0.0627517508328977
"chr10-238",0.00875621430521439
"chr10-239",-0.117442710720992
"chr10-240",-0.0793699482480123
"chr10-241",-0.105432224526581
"chr10-242",-0.062798102330124
"chr10-243",-0.0815764629525452
"chr10-244",-0.0781332579527677
"chr10-245",-0.0449869362728199
"chr10-246",-0.128842607115517
"chr10-247",-0.150436676343419
"chr10-248",0.0291391279875309
"chr10-249",0.0662975564888071
"chr10-250",0.0817699113669468
"chr10-251",0.102757704056712
"chr10-252",-0.0677998293838197
"chr11-001",0.0984278613745584
"chr11-002",0.172393713975311
"chr11-003",0.174837806807392
"chr11-004",0.138849906747731
"chr11-005",0.0978811930097244
"chr11-006",0.04617303782871
"chr11-007",0.0546111345357044
"chr11-008",0.0152804870630601
"chr11-009",-0.13440868303906
"chr11-010",-0.207472677344847
"chr11-011",-0.215880117662604
"chr11-012",-0.149943131332568
"chr11-013",-0.0878506028723341
"chr11-014",-0.0840069092623501
"chr11-015",-0.125671117248245
"chr11-016",-0.0643917468636916
"chr11-017",-0.113089862875967
"chr11-018",0.0131319256809927
"chr11-019",-0.00745267617056128
"chr11-020",0.0292945830745471
"chr11-021",-0.0488542955787208
"chr11-022",-0.110752061568646
"chr11-023",-0.148073717216347
"chr11-024",-0.101447003324273
"chr11-025",-0.0648402632893485
"chr11-026",-0.0570142906103882
"chr11-027",-0.0730586571953661
"chr11-028",-0.0499221047806115
"chr11-029",-0.0720233872979293
"chr11-030",-0.174126248278674
"chr11-031",-0.113258585556249
"chr11-032",-0.102506006556936
"chr11-033",-0.21531415970149
"chr11-034",-0.0521340314287143
"chr11-035",0.00246061059904461
"chr11-036",-0.0611484994383413
"chr11-037",-0.0609623668492285
"chr11-038",-0.110740866070701
"chr11-039",-0.0614227690733768
"chr11-040",-0.0834970442577158
"chr11-041",-0.0239217439744959
"chr11-042",-0.0685239396041085
"chr11-043",-0.213870634770881
"chr11-044",-0.208338091267134
"chr11-045",-0.220412717120297
"chr11-046",-0.0709006726521545
"chr11-047",-0.0677326936074112
"chr11-048",-0.219723206956039
"chr11-049",-0.131903907177213
"chr11-050",-0.154476843668867
"chr11-051",-0.0926703215929869
"chr11-052",-0.0980611701109076
"chr11-053",-0.141962486142055
"chr11-054",-0.287189010840181
"chr11-055",-0.179142371581929
"chr11-056",-0.290013725366077
"chr11-057",-0.493579734181632
"chr11-058",-0.0796374581188004
"chr11-059",0.0279153236874428
"chr11-060",-0.21125042794932
"chr11-061",-0.0941502871519932
"chr11-062",-0.0490910404178204
"chr11-063",0.00429768319419776
"chr11-064",0.0321869496757926
"chr11-065",-0.0163243744917539
"chr11-066",-0.0274434355216629
"chr11-067",-0.12865705605963
"chr11-068",-0.12994003550018
"chr11-069",-0.0377652417450496
"chr11-070",-0.0781914472222826
"chr11-071",-0.108155574750651
"chr11-072",-0.305260530033178
"chr11-073",-0.274224314947289
"chr11-074",-0.17012873159666
"chr11-075",-0.302962079735964
"chr11-076",-0.192804724257603
"chr11-077",-0.238612472398906
"chr11-078",-0.0550783749293159
"chr11-079",-0.0447544808310463
"chr11-080",-0.0131809338973403
"chr11-081",-0.0980592198132285
"chr11-082",-0.0841089507534611
"chr11-083",-0.0579685510975709
"chr11-084",0.0518975874109234
"chr11-085",0.00433721173937106
"chr11-086",0.00129983796061895
"chr11-087",0.0316141558025296
"chr11-088",-0.0370809718530984
"chr11-089",-0.0543974455802793
"chr11-090",0.0528924029890218
"chr11-091",-0.0893561955038835
"chr11-092",-0.019757404115342
"chr11-093",-0.348036594566023
"chr11-094",-0.241732230090942
"chr11-095",-0.365978126679081
"chr11-096",-0.235628857432769
"chr11-097",-0.0262160886836942
"chr11-098",-0.0035590267525882
"chr11-099",-0.258727887313809
"chr11-100",-0.167415089637371
"chr11-101",-0.123037764160842
"chr11-102",-0.062146314677953
"chr11-103",-0.128031203694528
"chr11-104",-0.0806693760766942
"chr11-105",0.00508498917322913
"chr11-106",0.000338891101944281
"chr11-107",0.0175549008482463
"chr11-108",-0.00816622890161557
"chr11-109",-0.0845461803934547
"chr11-110",0.0595856959962141
"chr11-111",0.0879127032384822
"chr11-112",0.0251277362905492
"chr11-113",0.0132023955022584
"chr11-114",0.0729891745099174
"chr11-115",0.0354615357923033
"chr11-116",0.0355057134855167
"chr11-117",0.0864381356960383
"chr11-118",0.0740642504199946
"chr11-119",0.0742856440360726
"chr11-120",0.0569228766543199
"chr11-121",0.0102754161877592
"chr11-122",0.0211069413314607
"chr11-123",-0.00176674249198364
"chr11-124",-0.079788266463348
"chr11-125",-0.0210799241120184
"chr11-126",-0.0450719076514364
"chr11-127",-0.0438583378102397
"chr11-128",-0.0269499974823971
"chr11-129",0.00122496080640805
"chr11-130",-0.0145280280702788
"chr11-131",-0.0862834748665933
"chr11-132",-0.0416490864197272
"chr11-133",-0.0587919606864692
"chr11-134",-0.0377761836619767
"chr11-135",-0.0757429230163165
"chr11-136",-0.0614875726991342
"chr11-137",0.00247212881150158
"chr11-138",0.00901150610876352
"chr11-139",0.00993311887920554
"chr11-140",-0.117024002989004
"chr11-141",-0.0560135028810789
"chr11-142",-0.183552624698189
"chr11-143",-0.142854969995869
"chr11-144",0.00286630004112086
"chr11-145",-0.0863228867812539
"chr11-146",-0.0524177985023466
"chr11-147",-0.161079700694378
"chr11-148",-0.118154834268966
"chr11-149",-0.162898826854338
"chr11-150",-0.0966894147793124
"chr11-151",-0.118637814361014
"chr11-152",-0.117999096089019
"chr11-153",-0.0927901268887943
"chr11-154",0.0172324418729926
"chr11-155",-0.187584368137137
"chr11-156",-0.0970544535770454
"chr11-157",-0.124072770255665
"chr11-158",-0.0922046613149585
"chr11-159",-0.182488915964928
"chr11-160",-0.135866551417542
"chr11-161",-0.127364076639625
"chr11-162",-0.117071686879626
"chr11-163",-0.0710546077834293
"chr11-164",-0.167756451518026
"chr11-165",-0.0439380341000271
"chr11-166",-0.100924548594324
"chr11-167",-0.0779302127318361
"chr11-168",-0.0888583356688964
"chr11-169",-0.207756800528306
"chr11-170",-0.308093776441708
"chr11-171",-0.191647797403427
"chr11-172",-0.256556018573216
"chr11-173",-0.0940809264412092
"chr11-174",-0.121306936620752
"chr11-175",-0.17049317198747
"chr11-176",-0.102980850204539
"chr11-177",-0.147084240275166
"chr11-178",-0.109997890321116
"chr11-179",-0.171951376905457
"chr11-180",-0.20398405459071
"chr11-181",-0.10655421187648
"chr11-182",-0.118124359663029
"chr11-183",-0.20150612457837
"chr11-184",-0.13963838791633
"chr11-185",-0.145957717436766
"chr11-186",0.00121775437749678
"chr11-187",-0.0660023594806703
"chr11-188",-0.0950403005955134
"chr11-189",0.0883291819172349
"chr11-190",-0.236969041389185
"chr11-191",-0.0770153772907184
"chr11-192",-0.063244189316012
"chr11-193",-0.081394332881122
"chr11-194",-0.0465583055725123
"chr11-195",-0.0969274485737854
"chr11-196",-0.0953454149319909
"chr11-197",-0.0605635855922198
"chr11-198",-0.0619199015723076
"chr11-199",-0.00154683268988582
"chr11-200",-0.188698462965708
"chr11-201",-0.0835726309024794
"chr11-202",-0.104287487389513
"chr11-203",-0.164335653434997
"chr11-204",-0.0497253481002265
"chr11-205",-0.00459313679663151
"chr11-206",-0.0990929704593017
"chr11-207",-0.08172273283211
"chr11-208",-0.0305524568938282
"chr11-209",0.00385129916453305
"chr11-210",-0.13651454476641
"chr11-211",-0.0598192933850987
"chr11-212",-0.107946280538085
"chr11-213",-0.0844325026293246
"chr11-214",-0.0883428554795271
"chr11-215",-0.0830531480010112
"chr11-216",-0.0532577966023602
"chr11-217",-0.0436615789604598
"chr11-218",-0.130181962590908
"chr11-219",-0.118713310396985
"chr11-220",-0.103048237228131
"chr11-221",-0.0790594492693313
"chr11-222",-0.0465903788310766
"chr11-223",-0.0137481486152095
"chr11-224",-0.124929993475924
"chr11-225",-0.127977693395253
"chr11-226",-0.119416177781049
"chr11-227",-0.0901718841868475
"chr11-228",-0.0772326098767389
"chr11-229",-0.0401199381029959
"chr11-230",0.0207491451451988
"chr11-231",-0.0768239962611329
"chr11-232",-0.160164312752287
"chr11-233",-0.0659874604850419
"chr11-234",-0.101669492768909
"chr11-235",-0.079126318898225
"chr11-236",-0.0976499642044736
"chr11-237",-0.0496648918499187
"chr11-238",-0.026153069369511
"chr11-239",-0.140760483138924
"chr12-001",-0.0653882653733888
"chr12-002",0.0417439913806469
"chr12-003",0.0552296020464893
"chr12-004",-0.0362176067903188
"chr12-005",-0.0416251223640921
"chr12-006",0.00295248443186125
"chr12-007",-0.0110912587447211
"chr12-008",-0.0749975047239732
"chr12-009",-0.0439770027189605
"chr12-010",-0.123084756221807
"chr12-011",-0.0920066644219569
"chr12-012",-0.102533756910516
"chr12-013",-0.00142046547852992
"chr12-014",0.0141364171649445
"chr12-015",-0.0574978186824012
"chr12-016",-0.0174395438895127
"chr12-017",0.0483888380558499
"chr12-018",-0.0233350225871354
"chr12-019",-0.00899812633055291
"chr12-020",-0.0516583438065076
"chr12-021",-0.150695595545447
"chr12-022",-0.0968589835575048
"chr12-023",-0.126187297753355
"chr12-024",-0.0830511673284152
"chr12-025",-0.00442162308142429
"chr12-026",-0.000244906924452678
"chr12-027",-0.0624811243953313
"chr12-028",-0.10622760056406
"chr12-029",-0.101871990713422
"chr12-030",-0.0191313644786845
"chr12-031",-0.0664805014414395
"chr12-032",-0.192866112226273
"chr12-033",-0.0795624078547749
"chr12-034",-0.186463027659239
"chr12-035",-0.0423334116001376
"chr12-036",-0.110041443518609
"chr12-037",-0.197539110261761
"chr12-038",-0.229728965917797
"chr12-039",0.00393647069922317
"chr12-040",-0.151293314216505
"chr12-041",-0.0344459883178051
"chr12-042",-0.090389081703204
"chr12-043",-0.185319895713313
"chr12-044",-0.208330538787429
"chr12-045",-0.0495322838965469
"chr12-046",-0.0828819071485053
"chr12-047",-0.135476511462024
"chr12-048",-0.122909566177615
"chr12-049",-0.0490010170972965
"chr12-050",-0.0633086524052104
"chr12-051",-0.0655494815471427
"chr12-052",0.0439355983654516
"chr12-053",-0.107787436025083
"chr12-054",-0.0726538245189896
"chr12-055",-0.0710698097543858
"chr12-056",-0.0390852863645484
"chr12-057",-0.107026016274752
"chr12-058",-0.21383032859253
"chr12-059",-0.166953820728987
"chr12-060",0.00328903333208859
"chr12-061",-0.0786288826017729
"chr12-062",-0.0341780914041652
"chr12-063",-0.00446550041901225
"chr12-064",-0.0144977923903965
"chr12-065",0.0354129658518792
"chr12-066",-0.00932178703769148
"chr12-067",-0.0400132269998624
"chr12-068",-0.185887508083195
"chr12-069",0.00641969643334861
"chr12-070",-0.0788044202332815
"chr12-071",0.0183282264522493
"chr12-072",-0.0291358659012676
"chr12-073",-0.10597001673528
"chr12-074",-0.16500925118829
"chr12-075",-0.0991953438959654
"chr12-076",-0.123905636341659
"chr12-077",-0.175544401173982
"chr12-078",-0.1840859854813
"chr12-079",0.027109179431075
"chr12-080",-0.111433409710419
"chr12-081",-0.181437950894175
"chr12-082",-0.119899529901543
"chr12-083",-0.125665312770571
"chr12-084",-0.0671616623418636
"chr12-085",-0.093152738599474
"chr12-086",-0.0628174258282526
"chr12-087",-0.0460340764168608
"chr12-088",-0.230688171817704
"chr12-089",-0.019718401299387
"chr12-090",-0.0470022528538816
"chr12-091",-0.100837100105454
"chr12-092",0.00250749764794879
"chr12-093",0.0360028077160947
"chr12-094",-0.0412183492394407
"chr12-095",-0.00298786490459124
"chr12-096",0.038976311179122
"chr12-097",0.0271886820411535
"chr12-098",0.00472580193732904
"chr12-099",-0.0606653358841586
"chr12-100",-0.0645374165447019
"chr12-101",0.0166091339138013
"chr12-102",-0.0539163057996133
"chr12-103",-0.0634288886387348
"chr12-104",-0.100365516465707
"chr12-105",-0.2661181868143
"chr12-106",-0.0713398272104461
"chr12-107",-0.0542097982394363
"chr12-108",-0.0408352834943911
"chr12-109",0.00554376213550575
"chr12-110",0.00404075699739631
"chr12-111",-0.14240740896862
"chr12-112",-0.0971872782000469
"chr12-113",-0.259699134654252
"chr12-114",-0.248552626834466
"chr12-115",-0.197406488393885
"chr12-116",-0.142001010982705
"chr12-117",-0.0657600682585353
"chr12-118",-0.0802950581496035
"chr12-119",-0.0399827201789191
"chr12-120",0.00583594473823604
"chr12-121",0.0823596545043782
"chr12-122",-0.073238263516558
"chr12-123",-0.0649165466965813
"chr12-124",-0.0664914044537769
"chr12-125",-0.0723709371333156
"chr12-126",-0.0529202253086803
"chr12-127",-0.0750186960151855
"chr12-128",-0.133200976028775
"chr12-129",-0.0559075566937668
"chr12-130",-0.0646704163432473
"chr12-131",-0.0412981129378518
"chr12-132",-0.0990028891738041
"chr12-133",-0.126108698829519
"chr12-134",-0.0534617418715593
"chr12-135",-0.0849912113759926
"chr12-136",-0.111233128649764
"chr12-137",-0.343484592235409
"chr12-138",-0.291151584805785
"chr12-139",-0.0254288499155211
"chr12-140",-0.251044811863206
"chr12-141",-0.187968602308528
"chr12-142",-0.149927879702252
"chr12-143",-0.0114260595727184
"chr12-144",0.0191311697061171
"chr12-145",-0.0581197357387671
"chr12-146",-0.149797628116582
"chr12-147",-0.256439313461246
"chr12-148",-0.167972907546801
"chr12-149",-0.178694688337449
"chr12-150",-0.103180763946103
"chr12-151",-0.236506431642109
"chr12-152",-0.223677342973313
"chr12-153",-0.211717808505036
"chr12-154",-0.199804196946646
"chr12-155",-0.227792327177268
"chr12-156",-0.114701841589572
"chr12-157",-0.256901681315772
"chr12-158",-0.128529662808583
"chr12-159",-0.260613316270091
"chr12-160",-0.095183512562189
"chr12-161",-0.234028691651036
"chr12-162",-0.241150111036865
"chr12-163",-0.0873463096217368
"chr12-164",-0.300510956586831
"chr12-165",-0.177624164215677
"chr12-166",-0.121631452665102
"chr12-167",-0.14820046302252
"chr12-168",-0.204433884686172
"chr12-169",-0.168974523057595
"chr12-170",-0.192714302191104
"chr12-171",-0.230891363082802
"chr12-172",-0.0828714181904331
"chr12-173",-0.0312694669788028
"chr12-174",0.0232056632767289
"chr12-175",0.00960825505977256
"chr12-176",-0.0586034824219577
"chr12-177",-0.0493837860277544
"chr12-178",-0.0488998883656347
"chr12-179",-0.0923776197713685
"chr12-180",-0.0704912699162064
"chr12-181",-0.14770440107459
"chr12-182",-0.214002652471033
"chr12-183",-0.111548024733923
"chr12-184",-0.0426684825718184
"chr12-185",-0.0213555004625424
"chr12-186",-0.171865031882814
"chr12-187",-0.156958262829377
"chr12-188",0.00662271150601431
"chr12-189",-0.108555075839938
"chr12-190",-0.0889940056142933
"chr12-191",-0.0144748306890807
"chr12-192",-0.0894019895078843
"chr12-193",-0.098979439782982
"chr12-194",-0.0843383032208623
"chr12-195",-0.137927942575356
"chr12-196",-0.0452203861683491
"chr12-197",-0.0203980575053888
"chr12-198",-0.05893697301837
"chr12-199",-0.0737804381621406
"chr12-200",-0.0149861658350709
"chr12-201",-0.0731209441288038
"chr12-202",-0.0831488299296095
"chr12-203",-0.0971570753119154
"chr12-204",-0.0907552381080284
"chr12-205",0.033744833740429
"chr12-206",-0.0380628863596044
"chr12-207",-0.0593751310871205
"chr12-208",0.0513624283281257
"chr12-209",0.0278455916716902
"chr12-210",-0.0322591383925246
"chr12-211",0.0325855950281507
"chr12-212",0.0233271221569904
"chr12-213",-0.030216440032451
"chr12-214",0.0101586073905555
"chr12-215",-0.14235902397971
"chr12-216",-0.14734788509259
"chr12-217",-0.0186561255613252
"chr12-218",-0.0235936438181426
"chr12-219",-0.0534742281476244
"chr12-220",-0.0241458108275489
"chr12-221",0.0161739022262437
"chr12-222",-0.0303575020484605
"chr12-223",0.0142837833712823
"chr12-224",0.0841934875791988
"chr12-225",-0.0670839675435946
"chr12-226",-0.0772506866777954
"chr12-227",-0.0196325801173881
"chr12-228",0.0183271716339838
"chr12-229",0.00722042461662238
"chr12-230",0.0215324485472956
"chr12-231",0.050126984939545
"chr12-232",0.0709733495621977
"chr12-233",0.0359120963902024
"chr12-234",0.0858990825707078
"chr12-235",0.0305496144781665
"chr12-236",0.0628189205321505
"chr12-237",0.054090192520655
"chr12-238",-0.0252545060097775
"chr12-239",-0.040652417780746
"chr12-240",-0.0378326595926643
"chr12-241",-0.124935707348025
"chr12-242",-0.116864419360851
"chr12-243",-0.0454876578228032
"chr12-244",-0.0952084860889923
"chr12-245",0.0186263839829515
"chr12-246",-0.111779559465248
"chr12-247",-0.117209098782678
"chr12-248",-0.0928088824582289
"chr12-249",-0.0135380474204181
"chr12-250",-0.0176521236509183
"chr12-251",0.0919332005467407
"chr12-252",0.0987286796380859
"chr12-253",0.131375026422258
"chr12-254",0.138321799791557
"chr12-255",0.0592714082561449
"chr13-001",-0.0401446986962654
"chr13-002",-0.0509119276293145
"chr13-003",0.0654152565344872
"chr13-004",0.00222734481124446
"chr13-005",-0.0028378584824074
"chr13-006",0.00635729325584715
"chr13-007",-0.0348394356158533
"chr13-008",0.000699190267682828
"chr13-009",-0.0795959765821805
"chr13-010",-0.0937839488804528
"chr13-011",-0.0423907888484496
"chr13-012",-0.0249548589481427
"chr13-013",-0.0943856525263739
"chr13-014",-0.0450644398977341
"chr13-015",-0.0491122057042665
"chr13-016",-0.0694230797952646
"chr13-017",-0.0856363996784379
"chr13-018",-0.0457965761899406
"chr13-019",-0.11149019381802
"chr13-020",0.0419223294548511
"chr13-021",-0.0237037738021863
"chr13-022",-0.100093971304332
"chr13-023",-0.0178101224348967
"chr13-024",0.000699510124121391
"chr13-025",-0.0392181939221882
"chr13-026",-0.0647608501084956
"chr13-027",-0.0237791426276846
"chr13-028",-0.0632244468684476
"chr13-029",-0.153410375908117
"chr13-030",-0.024002280801146
"chr13-031",-0.043770262618668
"chr13-032",-0.15740661811431
"chr13-033",-0.0498364291710805
"chr13-034",-0.124136521215992
"chr13-035",-0.112288208574985
"chr13-036",-0.114170920341313
"chr13-037",-0.0733476047126315
"chr13-038",-0.0420815630960014
"chr13-039",-0.272907872713565
"chr13-040",-0.384283278362609
"chr13-041",-0.153933912462712
"chr13-042",-0.139697134980016
"chr13-043",-0.12102394920259
"chr13-044",-0.0716370149376473
"chr13-045",-0.0258954187942065
"chr13-046",-0.0522026230818926
"chr13-047",-0.0694724374701187
"chr13-048",-0.020005532257405
"chr13-049",-0.118914559686457
"chr13-050",-0.0590320868091624
"chr13-051",0.014921582647142
"chr13-052",-0.109006509788207
"chr13-053",-0.00648531717414308
"chr13-054",-0.0550874153453174
"chr13-055",-0.13496388017085
"chr13-056",-0.0984288193038302
"chr13-057",-0.0813954965717728
"chr13-058",-0.0911851105041406
"chr13-059",-0.114760387777429
"chr13-060",-0.0589222953403623
"chr13-061",-0.0537288064948607
"chr13-062",-0.0775667798030762
"chr13-063",-0.0231833938839733
"chr13-064",-0.00724741819749187
"chr13-065",-0.119916993824533
"chr13-066",-0.13761539242674
"chr13-067",-0.0682054373789503
"chr13-068",-0.00844147173489202
"chr13-069",-0.0662840788742703
"chr13-070",-0.122088595452798
"chr13-071",-0.232381702170746
"chr13-072",-0.200780747437346
"chr13-073",-0.0845660849061004
"chr13-074",-0.151047559261105
"chr13-075",-0.196109287735987
"chr13-076",-0.219743814424415
"chr13-077",-0.225474742014877
"chr13-078",-0.135511996079872
"chr13-079",-0.221286939590026
"chr13-080",-0.329978013356561
"chr13-081",-0.36104887506727
"chr13-082",-0.0975188591889141
"chr13-083",-0.176000484685328
"chr13-084",-0.19315455652634
"chr13-085",-0.176911487754646
"chr13-086",-0.250520307053333
"chr13-087",-0.249826014886328
"chr13-088",-0.130072073133062
"chr13-089",-0.239533814025143
"chr13-090",-0.0648743680164704
"chr13-091",-0.153100379915176
"chr13-092",-0.0414355059943056
"chr13-093",-0.13333015363516
"chr13-094",-0.117640187304973
"chr13-095",-0.01912965559312
"chr13-096",-0.218382881533944
"chr13-097",-0.0412561213380933
"chr13-098",-0.15273688780204
"chr13-099",-0.0695142009276646
"chr13-100",-0.126341231069968
"chr13-101",-0.216638314608871
"chr13-102",-0.0779344568563728
"chr13-103",-0.0737357706475729
"chr13-104",-0.117136661013825
"chr13-105",-0.315877216798519
"chr13-106",-0.0586353256562036
"chr13-107",-0.180153151884653
"chr13-108",-0.17970598945821
"chr13-109",-0.0188250655401899
"chr13-110",-0.211537923155981
"chr13-111",-0.228190108464018
"chr13-112",-0.128961387374478
"chr13-113",-0.136830494814582
"chr13-114",-0.199966713273406
"chr13-115",-0.483965910036902
"chr13-116",-0.128730772053304
"chr13-117",-0.216767071460129
"chr13-118",-0.123784814184101
"chr13-119",-0.122634315524058
"chr13-120",-0.181641755293805
"chr13-121",-0.345419493150228
"chr13-122",-0.0673313253901281
"chr13-123",-0.158426267787126
"chr13-124",-0.210119987518433
"chr13-125",-0.203235848820241
"chr13-126",-0.245864012143318
"chr13-127",-0.12126656237639
"chr13-128",-0.0992177229187633
"chr13-129",-0.104365460547259
"chr13-130",-0.109578304491098
"chr13-131",0.0584440643371309
"chr13-132",-0.074568762119631
"chr13-133",-0.0634877574055138
"chr13-134",-0.138610947267934
"chr13-135",-0.116150099463248
"chr13-136",-0.109530146312872
"chr13-137",0.0169997513983293
"chr13-138",-0.0538182016601028
"chr13-139",-0.0205267575054359
"chr13-140",-0.0339290414214794
"chr13-141",-0.119944661782748
"chr13-142",-0.0275789471992612
"chr13-143",-0.0945663502108746
"chr13-144",-0.108873499283817
"chr13-145",-0.145313160547217
"chr13-146",-0.0906038559083674
"chr13-147",-0.173009391395887
"chr13-148",-0.271090589084884
"chr13-149",-0.237247908488692
"chr13-150",-0.0909285358815461
"chr13-151",-0.218725604450767
"chr13-152",-0.0953570236293367
"chr13-153",-0.0428448905466088
"chr13-154",-0.15545815664996
"chr13-155",-0.0968867294630513
"chr13-156",-0.105934610030811
"chr13-157",-0.0609712654850221
"chr13-158",-0.140817664134082
"chr13-159",-0.022313404660777
"chr13-160",0.0116937314482787
"chr13-161",0.0273106659103545
"chr13-162",-0.0286493881158029
"chr13-163",-0.0628840392126496
"chr13-164",-0.160229171208889
"chr13-165",-0.049788549202089
"chr13-166",0.0303395653541059
"chr13-167",0.0671037799512217
"chr13-168",0.0545163832523712
"chr13-169",0.158478164678676
"chr13-170",0.125128368648089
"chr14-001",-0.00348215888593784
"chr14-002",-0.217761150248836
"chr14-003",-0.116639325231334
"chr14-004",-0.189149931671498
"chr14-005",-0.0599622166574999
"chr14-006",-0.147180219701146
"chr14-007",-0.217679274558258
"chr14-008",-0.0840678067789223
"chr14-009",-0.0484784367265585
"chr14-010",-0.0412341377905006
"chr14-011",-0.0586940345951405
"chr14-012",-0.167947457332853
"chr14-013",-0.0482550115152019
"chr14-014",-0.184351457495167
"chr14-015",-0.222195195180613
"chr14-016",-0.166452809523918
"chr14-017",-0.111237905653115
"chr14-018",-0.181770624232948
"chr14-019",-0.0392369961845292
"chr14-020",-0.21254328757915
"chr14-021",-0.134335209525628
"chr14-022",-0.0270655144848804
"chr14-023",-0.131390824169758
"chr14-024",-0.192738449770069
"chr14-025",0.00401340532314646
"chr14-026",-0.21210848890152
"chr14-027",-0.0764802455767478
"chr14-028",-0.0977794272686633
"chr14-029",-0.024238714136326
"chr14-030",-0.0357636998340865
"chr14-031",-0.0600506094973
"chr14-032",-0.193052251735453
"chr14-033",-0.11544743730845
"chr14-034",-0.220796397454466
"chr14-035",-0.11527350974383
"chr14-036",-0.137790546983328
"chr14-037",-0.143732885044302
"chr14-038",-0.0326908996676156
"chr14-039",-0.21627994608693
"chr14-040",-0.177550412285978
"chr14-041",-0.13496667473045
"chr14-042",-0.363551957369642
"chr14-043",-0.168339040980756
"chr14-044",-0.143049969063182
"chr14-045",-0.329730095634471
"chr14-046",-0.107269350522803
"chr14-047",-0.130795877605902
"chr14-048",-0.054938547913875
"chr14-049",-0.29704500986863
"chr14-050",0.00810990504469405
"chr14-051",-0.0289767328981671
"chr14-052",-0.0678814916226207
"chr14-053",-0.0788717208087274
"chr14-054",-0.124560522764989
"chr14-055",-0.0855958842502314
"chr14-056",0.00164065845890043
"chr14-057",-0.0716675431094567
"chr14-058",-0.0650537418939984
"chr14-059",-0.0755645415100218
"chr14-060",-0.035980368360828
"chr14-061",-0.0719564079432763
"chr14-062",-0.152609778314573
"chr14-063",-0.117934201947081
"chr14-064",-0.128959792532194
"chr14-065",-0.0892096505433128
"chr14-066",-0.211026087807799
"chr14-067",-0.135080594331656
"chr14-068",-0.119534062833223
"chr14-069",-0.107725034088204
"chr14-070",-0.119431433113331
"chr14-071",-0.140913777944614
"chr14-072",-0.090366317445825
"chr14-073",-0.0217766529354448
"chr14-074",-0.0927225015411794
"chr14-075",-0.161056887973685
"chr14-076",-0.261358796067331
"chr14-077",-0.15499981635789
"chr14-078",-0.009185962413908
"chr14-079",-0.0348700246520369
"chr14-080",-0.0606394335678068
"chr14-081",-0.00183454851191447
"chr14-082",-0.0720575580062008
"chr14-083",-0.142641134875644
"chr14-084",-0.0547054355376857
"chr14-085",-0.0938164255912358
"chr14-086",-0.0456493886620871
"chr14-087",-0.122066400879718
"chr14-088",-0.0352236592428154
"chr14-089",-0.00745476972767405
"chr14-090",-0.0373435556538958
"chr14-091",-0.102494809426378
"chr14-092",-0.0548679706129262
"chr14-093",-0.0893034412482126
"chr14-094",-0.0304253316633873
"chr14-095",-0.198167157696632
"chr14-096",-0.0605526098862469
"chr14-097",0.0283331029637658
"chr14-098",0.00281498243970396
"chr14-099",-0.0515393404889423
"chr14-100",-0.000554133644244554
"chr14-101",-0.0347101651726263
"chr14-102",-0.0340088497620262
"chr14-103",-0.116730643594008
"chr14-104",-0.0353706507747225
"chr14-105",-0.0368532671734685
"chr14-106",-0.0673568331220601
"chr14-107",-0.146687707795217
"chr14-108",-0.212077332677004
"chr14-109",-0.100407425116527
"chr14-110",-0.127937084755066
"chr14-111",-0.146874824832449
"chr14-112",-0.132214112164252
"chr14-113",-0.118303592885851
"chr14-114",-0.0768621169509504
"chr14-115",-0.126967385663306
"chr14-116",-0.135663869419085
"chr14-117",-0.03404909286932
"chr14-118",-0.18938542954025
"chr14-119",-0.150279926667767
"chr14-120",-0.157156101280697
"chr14-121",-0.170510475502369
"chr14-122",-0.127803787194109
"chr14-123",-0.202474491230499
"chr14-124",-0.0291157070915938
"chr14-125",-0.190753365607404
"chr14-126",-0.108561974740268
"chr14-127",0.0366240162061253
"chr14-128",-0.0873052766206356
"chr14-129",-0.0432659648743199
"chr14-130",-0.0355691064941971
"chr14-131",-0.0392633235001592
"chr14-132",-0.0130600323324623
"chr14-133",-0.0160000617088766
"chr14-134",-0.0255776188160895
"chr14-135",0.0399808896310531
"chr14-136",-0.100646553655126
"chr14-137",-0.151644112495669
"chr14-138",-0.127810288597618
"chr14-139",-0.0588313978763213
"chr14-140",-0.0935303897155681
"chr14-141",-0.0611434546550263
"chr14-142",-0.0491672367813394
"chr14-143",-0.070316393533345
"chr14-144",-0.143437364890869
"chr14-145",-0.212157543192745
"chr14-146",-0.143020873392185
"chr14-147",-0.0618275987514351
"chr14-148",0.0454972782251551
"chr14-149",0.00643978565958349
"chr14-150",-0.103908935266017
"chr14-151",-0.0765763005626253
"chr14-152",0.0129119848702012
"chr14-153",0.0190612635403445
"chr14-154",0.0706851696089706
"chr14-155",0.0849268156066877
"chr14-156",0.0472382400796472
"chr14-157",0.0459124347033695
"chr14-158",0.0918671823271137
"chr14-159",0.130742906014248
"chr14-160",0.0641780672283258
"chr14-161",-0.116817893428374
"chr14-162",-0.134883399627215
"chr15-001",0.0936833128743907
"chr15-002",0.192494712551088
"chr15-003",0.000796069593957198
"chr15-004",-0.122138604324972
"chr15-005",0.0913044272356862
"chr15-006",0.0451762682971757
"chr15-007",-0.0211036980186687
"chr15-008",-0.0310886864623394
"chr15-009",0.0237411020699564
"chr15-010",-0.031343801703384
"chr15-011",-0.213625836420989
"chr15-012",-0.0972255516715839
"chr15-013",-0.0856933776430421
"chr15-014",-0.0585005045481156
"chr15-015",-0.0941307204825267
"chr15-016",-0.127535994852485
"chr15-017",0.0855368903073684
"chr15-018",0.0526374313481511
"chr15-019",-0.0778955468718761
"chr15-020",-0.0282918627812284
"chr15-021",0.0344558031948327
"chr15-022",-0.0103996644168809
"chr15-023",-0.0412085720756302
"chr15-024",-0.0714361509025678
"chr15-025",-0.0520910091608581
"chr15-026",-0.0318705506911083
"chr15-027",-0.083525363110528
"chr15-028",-0.0943197262567533
"chr15-029",-0.0616485934386274
"chr15-030",-0.0769272383070178
"chr15-031",-0.0183819787873355
"chr15-032",-0.171173789280933
"chr15-033",-0.116747744750574
"chr15-034",-0.130239713663857
"chr15-035",-0.0432858692477368
"chr15-036",-0.253885284532968
"chr15-037",-0.11993045326472
"chr15-038",-0.0773590030429324
"chr15-039",-0.130662272161389
"chr15-040",-0.0718636123793167
"chr15-041",-0.0437185881269103
"chr15-042",0.00552501519755179
"chr15-043",0.00927747466337768
"chr15-044",-0.0169450211634474
"chr15-045",-0.0900133605936867
"chr15-046",-0.0168516529415177
"chr15-047",-0.0593093978118679
"chr15-048",-0.0100625233433762
"chr15-049",-0.0236297377668636
"chr15-050",-0.00335288050852499
"chr15-051",-0.0692600996744181
"chr15-052",-0.0287819117169954
"chr15-053",-0.354306648711244
"chr15-054",-0.0918111655732246
"chr15-055",-0.143945750078801
"chr15-056",-0.104493032096033
"chr15-057",-0.164952871113689
"chr15-058",-0.194330221016071
"chr15-059",-0.23268628496736
"chr15-060",-0.020748111500536
"chr15-061",-0.0676899698520607
"chr15-062",-0.0864057284487257
"chr15-063",-0.0763713295296283
"chr15-064",-0.00290587431592428
"chr15-065",-0.100160003671428
"chr15-066",-0.098756247585672
"chr15-067",-0.156562244624219
"chr15-068",-0.142353233490651
"chr15-069",-0.0813574973781511
"chr15-070",0.0196920745288085
"chr15-071",-0.179093321102321
"chr15-072",-0.0340547107905043
"chr15-073",-0.0632504208481742
"chr15-074",-0.127927456872882
"chr15-075",-0.0713631556809686
"chr15-076",-0.0534417790350561
"chr15-077",0.0477475595925358
"chr15-078",-0.0775690624790788
"chr15-079",-0.0360209341061462
"chr15-080",-0.0339661693380166
"chr15-081",0.058856785318183
"chr15-082",-0.147766040244997
"chr15-083",-0.0795714369008483
"chr15-084",-0.0791662801371682
"chr15-085",-0.0174432323950128
"chr15-086",-0.0179838578994685
"chr15-087",-0.0286108109650452
"chr15-088",0.0231521087268781
"chr15-089",-0.013924313155526
"chr15-090",-0.0761956749118148
"chr15-091",-0.0580790485898682
"chr15-092",-0.0680490908828799
"chr15-093",-0.064394000809616
"chr15-094",-0.0647790083970802
"chr15-095",-0.0342291904606983
"chr15-096",-0.0380488869057619
"chr15-097",-0.0437067095711371
"chr15-098",-0.11548187421287
"chr15-099",-0.0542947775368186
"chr15-100",-0.0395253535852017
"chr15-101",-0.0363276028342179
"chr15-102",-0.0411885641681199
"chr15-103",-0.0153558010549391
"chr15-104",-0.105082821272255
"chr15-105",-0.108728634151018
"chr15-106",-0.0426292997726392
"chr15-107",-0.0318798791713842
"chr15-108",-0.0209831728581601
"chr15-109",0.0138656972760462
"chr15-110",-0.0232222741015678
"chr15-111",-0.0396292068654474
"chr15-112",-0.0822743344913393
"chr15-113",-0.0577543521006487
"chr15-114",-0.0905615795695877
"chr15-115",-0.0298329502474039
"chr15-116",0.00205324798193855
"chr15-117",-0.0775638383049807
"chr15-118",-0.0301202922405761
"chr15-119",-0.0735130844096636
"chr15-120",-0.0698537795797857
"chr15-121",-0.0652846665193391
"chr15-122",0.00755640385520227
"chr15-123",-0.000820658273573825
"chr15-124",-0.101968303423458
"chr15-125",0.000842678306113741
"chr15-126",-0.125511315015815
"chr15-127",-0.0991036618469999
"chr15-128",-0.0139406495927803
"chr15-129",-0.0361367080713797
"chr15-130",-0.0177477712702256
"chr15-131",-0.0624959704974391
"chr15-132",-0.139947079262999
"chr15-133",-0.184695610441306
"chr15-134",-0.159343274022132
"chr15-135",-0.120388409876158
"chr15-136",-0.0526343248258467
"chr15-137",-0.0928750193106555
"chr15-138",0.00294793486151226
"chr15-139",0.0214540755109024
"chr15-140",0.0609757338858597
"chr15-141",-0.0185590129626479
"chr15-142",-0.0713064769250024
"chr15-143",-0.0949969642000883
"chr15-144",-0.0482927935595105
"chr15-145",-0.0263177426576535
"chr15-146",-0.111264133948444
"chr15-147",-0.173293041661256
"chr15-148",-0.133177471386284
"chr15-149",-0.130214319677732
"chr15-150",-0.0982576164448367
"chr15-151",-0.00425105961190174
"chr15-152",-0.169527398712106
"chr15-153",-0.127373399240886
"chr15-154",-0.115547074853382
"chr15-155",-0.0910213004855597
"chr15-156",0.00338353445270371
"chr15-157",-0.0411167170139266
"chr15-158",-0.0764808112725719
"chr15-159",-0.0830039166599507
"chr15-160",0.0165012293940178
"chr15-161",-0.0331253873568229
"chr15-162",-0.0417129020033878
"chr16-001",0.126737140470924
"chr16-002",0.149087386454526
"chr16-003",0.154834647159677
"chr16-004",0.123697952904787
"chr16-005",0.135047615390723
"chr16-006",0.0684510808277925
"chr16-007",0.0406620502466547
"chr16-008",0.0330538300452699
"chr16-009",0.0856970726144312
"chr16-010",0.0809654270836026
"chr16-011",0.00690531234004142
"chr16-012",-0.0604723141281587
"chr16-013",-0.0212121181909557
"chr16-014",-0.0752684277138994
"chr16-015",0.00955897932055465
"chr16-016",-0.157652489520517
"chr16-017",-0.0190988949786207
"chr16-018",0.00797751371631725
"chr16-019",0.0344862761865521
"chr16-020",-0.220061387485644
"chr16-021",0.0185100688904681
"chr16-022",-0.0441461539209771
"chr16-023",0.0111284738318066
"chr16-024",0.0559287729906544
"chr16-025",-0.0280334923078445
"chr16-026",0.0244649108325482
"chr16-027",-0.0966617668073186
"chr16-028",-0.108129400710651
"chr16-029",-0.0152246537322317
"chr16-030",0.0721178760617744
"chr16-031",0.0437963892229126
"chr16-032",0.0157100474767612
"chr16-033",0.0883516187533681
"chr16-034",0.0960295255671444
"chr16-035",0.0330796973061649
"chr16-036",-0.12206810124165
"chr16-037",-0.101236588651976
"chr16-038",0.0329122091812011
"chr16-039",-0.00769214156058999
"chr16-040",0.0270518090188806
"chr16-041",-0.153162107734332
"chr16-042",-0.0131524090008162
"chr16-043",-0.0141411807492173
"chr16-044",-0.0295729344719634
"chr16-045",0.0303326227804347
"chr16-046",-0.0380413509464503
"chr16-047",0.00687766395424382
"chr16-048",-0.0290535340924072
"chr16-049",-0.166883669479667
"chr16-050",-0.00957022304006324
"chr16-051",-0.0258900036961326
"chr16-052",-0.148583902730224
"chr16-053",-0.0152460406117567
"chr16-054",-0.219434140028084
"chr16-055",0.00217831326780172
"chr16-056",-0.00794356763797724
"chr16-057",0.0163129377580237
"chr16-058",0.0519706573086323
"chr16-059",0.10280433301547
"chr16-060",0.0319545863963263
"chr16-061",0.0498156498698811
"chr16-062",0.0363012971319822
"chr16-063",0.0434394299432357
"chr16-064",-0.092832017071116
"chr16-065",0.0157891613615962
"chr16-066",0.0560209354482352
"chr16-067",0.0631964794370199
"chr16-068",-0.0138548091318653
"chr16-069",-0.0527838831409232
"chr16-070",-0.225243533373406
"chr16-071",0.0416332506821804
"chr16-072",-0.00770657137389976
"chr16-073",-0.0704153145679338
"chr16-074",-0.180330203513129
"chr16-075",-0.0727991858558506
"chr16-076",-0.0691777785296621
"chr16-077",-0.109061630890763
"chr16-078",-0.0591971928767522
"chr16-079",0.0173346624277644
"chr16-080",-0.0755404567255678
"chr16-081",0.0310180243084633
"chr16-082",-0.0897208952993108
"chr16-083",-0.167724173222375
"chr16-084",-0.126296648535789
"chr16-085",-0.0359753174876788
"chr16-086",-0.081471820067881
"chr16-087",-0.0679330102885368
"chr16-088",-0.0487192976817558
"chr16-089",-0.0666527320193491
"chr16-090",-0.110939517564045
"chr16-091",-0.0463806444452841
"chr16-092",-0.0632485334949139
"chr16-093",-0.0318003099580998
"chr16-094",0.0062876413206517
"chr16-095",0.000133175387025753
"chr16-096",0.00255608087354645
"chr16-097",-0.147212412202248
"chr16-098",-0.0255918816460101
"chr16-099",-0.182206465228063
"chr16-100",-0.0292455879474422
"chr16-101",-0.0877446049151019
"chr16-102",-0.0828769376618176
"chr16-103",-0.242839705577243
"chr16-104",-0.217415915472846
"chr16-105",-0.114165396854344
"chr16-106",-0.0570524146371132
"chr16-107",-0.11642210890436
"chr16-108",-0.08900836915183
"chr16-109",0.0259399726018839
"chr16-110",0.0172709818869432
"chr16-111",0.00894956360119341
"chr16-112",0.00458517408971725
"chr16-113",-0.00880887955598068
"chr16-114",0.0293887994482051
"chr16-115",0.0244560403670997
"chr16-116",0.0701270404277521
"chr16-117",0.0197209418818465
"chr16-118",-0.117205883456034
"chr16-119",0.0385578756077929
"chr16-120",-0.0957245669113138
"chr16-121",-0.00749332744782344
"chr16-122",-0.0498184635490168
"chr16-123",-0.0665166466416663
"chr16-124",0.0324852029214639
"chr16-125",0.0215213435569183
"chr16-126",0.0232443707791217
"chr16-127",-0.0229211453045617
"chr16-128",-0.12254410666845
"chr16-129",-0.114357391584214
"chr16-130",-0.00973963328317953
"chr16-131",-0.111363315285858
"chr16-132",-0.0402663433976495
"chr16-133",-0.0107041681323902
"chr16-134",-0.0953727360247686
"chr16-135",-0.0199866910667134
"chr16-136",-0.0984356634411723
"chr16-137",-0.0710334834850981
"chr16-138",0.00965624255148238
"chr16-139",-0.0124674441999291
"chr16-140",-0.0862556790951246
"chr16-141",-0.092544522914512
"chr16-142",-0.121603583462393
"chr16-143",-0.0466268786907491
"chr16-144",-0.0251069330091498
"chr16-145",-0.00566218293170134
"chr16-146",-0.00208013035211477
"chr16-147",-0.00541192299775096
"chr16-148",-0.0528863366348663
"chr16-149",-0.0160287223918682
"chr16-150",0.0649703862117545
"chr16-151",0.0636626970231992
"chr16-152",0.0733198940043593
"chr16-153",0.143042381958468
"chr16-154",0.139734753089757
"chr16-155",0.126307138296611
"chr16-156",0.0671413524953363
"chr17-001",0.0872628874418254
"chr17-002",0.103587364945324
"chr17-003",0.126080660784363
"chr17-004",0.051826543440716
"chr17-005",0.0940639818351665
"chr17-006",0.0706147366794957
"chr17-007",-0.107965480284434
"chr17-008",0.0338885954474925
"chr17-009",0.0611280924544569
"chr17-010",0.0271537968653839
"chr17-011",-0.00340647642792545
"chr17-012",-0.0844014109027706
"chr17-013",-0.0873322995399901
"chr17-014",-0.032651816570083
"chr17-015",0.0170206005042649
"chr17-016",-0.0113013297196689
"chr17-017",-0.0465322964868397
"chr17-018",0.0146146625971277
"chr17-019",0.0229019877424358
"chr17-020",-0.00968306309211081
"chr17-021",-0.0183226408934891
"chr17-022",-0.0517177164521883
"chr17-023",0.0580753814185486
"chr17-024",-0.0791585412684644
"chr17-025",-0.101286866351696
"chr17-026",-0.0339566423562159
"chr17-027",-0.0822672702210393
"chr17-028",-0.0805657023120119
"chr17-029",-0.0367578289886337
"chr17-030",-0.0935726183820285
"chr17-031",-0.0814520442411777
"chr17-032",0.0029596041834895
"chr17-033",-0.0393956191881462
"chr17-034",-0.0335644580967553
"chr17-035",0.0125244587955986
"chr17-036",0.0470875203811003
"chr17-037",0.0236878779292244
"chr17-038",-0.0366901684202717
"chr17-039",-0.0377323975108147
"chr17-040",0.00699280772282359
"chr17-041",-0.0372786165451387
"chr17-042",-0.0250950399382468
"chr17-043",-0.00300252845028269
"chr17-044",0.0505208030401119
"chr17-045",-0.0335484003102713
"chr17-046",-0.0657711607395881
"chr17-047",-0.113629202697839
"chr17-048",-0.0135034949250303
"chr17-049",-0.112014096915359
"chr17-050",-0.0548667833268439
"chr17-051",-0.0287123790845419
"chr17-052",-0.0488631057265521
"chr17-053",0.0149176049787113
"chr17-054",-0.0495570915726891
"chr17-055",0.0483179723010579
"chr17-056",-0.0448322982768625
"chr17-057",0.0282085700255225
"chr17-058",-0.0294540451374431
"chr17-059",-0.0685884167391686
"chr17-060",-0.0581195801671102
"chr17-061",-0.194817434589425
"chr17-062",-0.198757443198178
"chr17-063",-0.161887109127113
"chr17-064",-0.0390655660209654
"chr17-065",-0.125244258649636
"chr17-066",-0.0984073419591302
"chr17-067",-0.0185777949015554
"chr17-068",0.0538934774958151
"chr17-069",-0.0502127710536688
"chr17-070",0.0743763074348701
"chr17-071",0.0339620750125163
"chr17-072",0.0176236915231716
"chr17-073",-0.00315951824750527
"chr17-074",-0.0249811553169937
"chr17-075",-0.0799210811846681
"chr17-076",-0.0701388689849431
"chr17-077",-0.0364331319326631
"chr17-078",-0.00421229080752678
"chr17-079",-0.0166944630085434
"chr17-080",-0.025348909850596
"chr17-081",-0.028800141496761
"chr17-082",0.0553178400626648
"chr17-083",-0.0268300575168271
"chr17-084",0.000133885486308609
"chr17-085",0.00806545525870356
"chr17-086",0.118683613757479
"chr17-087",-0.0410646904012736
"chr17-088",0.0135151586032816
"chr17-089",-0.01690210083094
"chr17-090",-0.0530287523974896
"chr17-091",-0.0542124411887776
"chr17-092",-0.0212693370022433
"chr17-093",-0.0531561581632223
"chr17-094",-0.0293056969792909
"chr17-095",-0.026094046302288
"chr17-096",-0.004825751799179
"chr17-097",-0.0900446874459567
"chr17-098",0.000324073192459237
"chr17-099",-0.14465323399846
"chr17-100",-0.323459288735728
"chr17-101",-0.22039415915949
"chr17-102",-0.125920384965205
"chr17-103",-0.0858435063913527
"chr17-104",-0.112206491417565
"chr17-105",-0.154729781366729
"chr17-106",-0.00232934260041891
"chr17-107",0.0236285930894888
"chr17-108",-0.105425530945805
"chr17-109",-0.0768225637774838
"chr17-110",-0.0796067777695679
"chr17-111",-0.0636989832382188
"chr17-112",-0.00850415250031535
"chr17-113",0.0122313151378293
"chr17-114",-0.0448092111235944
"chr17-115",0.0561972402698561
"chr17-116",-0.111087108751854
"chr17-117",0.0350992888949978
"chr17-118",0.0289708938879236
"chr17-119",0.0255220249475644
"chr17-120",-0.0241602844157764
"chr17-121",-0.0282259911466875
"chr17-122",0.0467646831833206
"chr17-123",-0.0513065054862111
"chr17-124",0.0467909835652781
"chr17-125",0.0631833517564434
"chr17-126",-0.0507997506572832
"chr17-127",0.0130468253881474
"chr17-128",0.0267056617479472
"chr17-129",-0.00993513257212253
"chr17-130",-0.0504346646377946
"chr17-131",-0.128429558049851
"chr17-132",0.0426419103597127
"chr17-133",-0.197601040629491
"chr17-134",-0.152888852187158
"chr17-135",-0.246432447608708
"chr17-136",-0.0256331085379187
"chr17-137",-0.0741317500064505
"chr17-138",0.00496533616486308
"chr17-139",-0.0252419398563667
"chr17-140",-0.169075074813504
"chr17-141",-0.0289813076776225
"chr17-142",-0.0502089805387868
"chr17-143",0.0119699284102179
"chr17-144",0.0304081581975239
"chr17-145",0.0675018527638574
"chr17-146",-0.00661123045097541
"chr17-147",0.0392145796731182
"chr17-148",-0.0804774034059037
"chr17-149",0.0441002741740904
"chr17-150",0.0053283761682936
"chr17-151",-0.0370973754349016
"chr17-152",0.0512714663104251
"chr17-153",0.0686858749847215
"chr17-154",0.0800506987724199
"chr17-155",0.120537222785029
"chr17-156",0.0971814979836314
"chr17-157",0.116832133858484
"chr17-158",0.140570578368513
"chr17-159",0.115282688115499
"chr17-160",0.140167749715383
"chr18-001",0.00907281610837353
"chr18-002",-0.00118435625409474
"chr18-003",-0.223524911949363
"chr18-004",-0.104300965708892
"chr18-005",-0.0412404263855121
"chr18-006",-0.0340432875889315
"chr18-007",-0.00716235000704406
"chr18-008",-0.0904536172424198
"chr18-009",-0.0277968276400461
"chr18-010",0.0867107071951074
"chr18-011",-0.106609661698007
"chr18-012",-0.0164492016394142
"chr18-013",-0.0957024666296261
"chr18-014",0.0362404007294681
"chr18-015",-0.0357463026871744
"chr18-016",-0.0427397930918324
"chr18-017",0.00580623626975546
"chr18-018",0.00764335994793941
"chr18-019",-0.0806542070471614
"chr18-020",-0.0684511052700972
"chr18-021",-0.0416247008023098
"chr18-022",0.0170025178773807
"chr18-023",0.0637476934512146
"chr18-024",0.0413847319761778
"chr18-025",-0.0204202493980111
"chr18-026",-0.0829575769003708
"chr18-027",0.00586138766289171
"chr18-028",-0.03434520946447
"chr18-029",-0.00548110747766343
"chr18-030",-0.0302495044756982
"chr18-031",-0.0232492188482913
"chr18-032",-0.0216039564358869
"chr18-033",-0.122684071371379
"chr18-034",-0.0143968607387279
"chr18-035",-0.0466730433252271
"chr18-036",-0.00946682845068735
"chr18-037",-0.135283796191518
"chr18-038",-0.110226340006271
"chr18-039",-0.172975524042061
"chr18-040",-0.00773205606739507
"chr18-041",0.0164480742650354
"chr18-042",0.0268530636428335
"chr18-043",-0.213094553755043
"chr18-044",-0.104601829176846
"chr18-045",-0.288528384217067
"chr18-046",-0.0877588865083926
"chr18-047",-0.02123880100847
"chr18-048",-0.0936821049943537
"chr18-049",-0.0499052008712107
"chr18-050",-0.177965603199703
"chr18-051",0.112070589158126
"chr18-052",-0.112180420241526
"chr18-053",-0.178747975641362
"chr18-054",-0.0900437268283844
"chr18-055",-0.136105739322041
"chr18-056",-0.0328783326842135
"chr18-057",-0.0184252405404079
"chr18-058",-0.202458822485646
"chr18-059",-0.0877194581832229
"chr18-060",-0.0725348681153458
"chr18-061",-0.209619758843397
"chr18-062",-0.117209509600295
"chr18-063",-0.122686307130112
"chr18-064",-0.0760335656636662
"chr18-065",-0.29604266833655
"chr18-066",-0.315324988260477
"chr18-067",-0.0367941221515459
"chr18-068",-0.185254014213553
"chr18-069",-0.0930907368694983
"chr18-070",-0.0489408116453947
"chr18-071",-0.148361630147014
"chr18-072",-0.0440384792883251
"chr18-073",-0.118760906788384
"chr18-074",-0.0977154971846018
"chr18-075",-0.022318456999161
"chr18-076",-0.00583211400065428
"chr18-077",-0.109061082087314
"chr18-078",-0.0718010767381598
"chr18-079",-0.00236729270223753
"chr18-080",-0.00268404251106052
"chr18-081",-0.0258714274187044
"chr18-082",-0.18525876948486
"chr18-083",-0.263607366787608
"chr18-084",-0.022894117516149
"chr18-085",-0.120786363573927
"chr18-086",-0.0553475916390504
"chr18-087",-0.00358372215469771
"chr18-088",-0.0953674838211716
"chr18-089",-0.0835069224918441
"chr18-090",-0.126142157290075
"chr18-091",0.0382383847038346
"chr18-092",-0.0306559992896391
"chr18-093",0.00813593257626841
"chr18-094",-0.0905063214439214
"chr18-095",-0.0433150763167517
"chr18-096",-0.0327233954550249
"chr18-097",-0.238207329504401
"chr18-098",-0.0483320430014721
"chr18-099",-0.0492024854575729
"chr18-100",-0.0585106869147648
"chr18-101",0.00600249534058615
"chr18-102",-0.00230777081746991
"chr18-103",-0.0971152117446285
"chr18-104",-0.147743678875249
"chr18-105",-0.108074047957454
"chr18-106",-0.277801637790248
"chr18-107",-0.121268208148406
"chr18-108",-0.113184358024311
"chr18-109",-0.112336812147836
"chr18-110",-0.156303647456908
"chr18-111",-0.0838938491197089
"chr18-112",-0.0935553873726072
"chr18-113",-0.0950681387062253
"chr18-114",-0.0583098981852338
"chr18-115",-0.0963559409466186
"chr18-116",-0.166810651564873
"chr18-117",0.0263217430826367
"chr18-118",-0.0464638537326411
"chr18-119",0.0237379677658475
"chr18-120",-0.0803023339337019
"chr18-121",0.065427891857684
"chr18-122",0.0142882247353858
"chr18-123",-0.010170162162961
"chr18-124",-0.0640990450740958
"chr18-125",-0.0321920387621558
"chr18-126",-0.0450262209179542
"chr18-127",0.0985642261778201
"chr18-128",0.0820084233790571
"chr18-129",0.0236612344401912
"chr19-001",0.125993540578598
"chr19-002",0.194654980659589
"chr19-003",0.171712927212303
"chr19-004",0.170433415692327
"chr19-005",0.150606171325253
"chr19-006",0.0973743410918266
"chr19-007",0.125881812639608
"chr19-008",0.114655427278468
"chr19-009",0.119858317039568
"chr19-010",0.101868040006896
"chr19-011",0.0943587256427336
"chr19-012",0.0833663016434161
"chr19-013",0.0861167826382507
"chr19-014",0.0465675753369137
"chr19-015",0.100657648125156
"chr19-016",0.0586133587040294
"chr19-017",0.0983152246857452
"chr19-018",0.0484354087148004
"chr19-019",-0.117483072375593
"chr19-020",0.0548797411150711
"chr19-021",0.0577701469174241
"chr19-022",0.0650918288029698
"chr19-023",0.0548823766893256
"chr19-024",0.00856794927961418
"chr19-025",0.00611808658501939
"chr19-026",0.0289007472947771
"chr19-027",0.0455478059159306
"chr19-028",0.0675015703564522
"chr19-029",0.0790300190274439
"chr19-030",0.00990601193180536
"chr19-031",0.0480764233118626
"chr19-032",-0.0915147142250114
"chr19-033",0.0675274459611032
"chr19-034",0.0331137246526946
"chr19-035",0.0729872867055589
"chr19-036",0.0326091032984056
"chr19-037",0.0455707662890763
"chr19-038",0.110166239245094
"chr19-039",0.0216006356473056
"chr19-040",0.0491387480947729
"chr19-041",-0.0672627995962374
"chr19-042",-0.0146334928938398
"chr19-043",0.0255327352831867
"chr19-044",-0.0452259162913728
"chr19-045",-0.0141933740143938
"chr19-046",0.039867821106532
"chr19-047",-0.00311918138894899
"chr19-048",-0.0174074998312085
"chr19-049",-0.0867537147495164
"chr19-050",-0.175042121059719
"chr19-051",-0.0675955167387903
"chr19-052",0.0175225162038947
"chr19-053",-0.141039899074597
"chr19-054",0.0121799127059869
"chr19-055",-0.0877681821882304
"chr19-056",-0.0502186980776634
"chr19-057",-0.02796692663331
"chr19-058",-0.162303357805278
"chr19-059",-0.0108447110102646
"chr19-060",0.0352730553207712
"chr19-061",0.0783983191535158
"chr19-062",-0.0210715795172566
"chr19-063",0.0399756783192763
"chr19-064",-0.0820611995488114
"chr19-065",0.0432609246635325
"chr19-066",0.00876431568253705
"chr19-067",0.0223818824560472
"chr19-068",0.0453870419612643
"chr19-069",0.0326094186273063
"chr19-070",-0.0359285897825882
"chr19-071",0.0563205906497787
"chr19-072",0.0408382682786156
"chr19-073",0.0590675938317912
"chr19-074",-0.0169056917086437
"chr19-075",0.0473649433566965
"chr19-076",0.0527904449136834
"chr19-077",0.0122064628674688
"chr19-078",-0.0176441257977053
"chr19-079",0.0249056301925183
"chr19-080",0.00914693587855957
"chr19-081",-0.00320914840737877
"chr19-082",0.0247754911804112
"chr19-083",-0.104106672373946
"chr19-084",0.0266786044644822
"chr19-085",0.0554534313275314
"chr19-086",0.0457451540464964
"chr19-087",0.0223304592041315
"chr19-088",0.0732260545044441
"chr19-089",0.0948271030352644
"chr19-090",0.0652555438230397
"chr19-091",0.0524006539636103
"chr19-092",0.045176013055664
"chr19-093",0.0347703555562934
"chr19-094",0.048721862903962
"chr19-095",-0.00134489946271631
"chr19-096",0.0391631009619797
"chr19-097",-0.0475747350489035
"chr19-098",-0.0855583901179004
"chr19-099",0.00318100116427441
"chr19-100",-0.0132057323856082
"chr19-101",-0.0474730258663556
"chr19-102",0.0829378018320516
"chr19-103",0.0578750356889533
"chr19-104",-0.0462321876895979
"chr19-105",0.0952417348468661
"chr19-106",0.0263390421296595
"chr19-107",0.0679673848057363
"chr19-108",0.0654272596586203
"chr19-109",-0.0595818499609329
"chr19-110",-0.043308653038255
"chr19-111",0.0374955937574772
"chr19-112",0.0512802243306164
"chr2-001",-0.0106814253459433
"chr2-002",-0.0190633978926867
"chr2-003",-0.100580335119934
"chr2-004",-0.0378548767978419
"chr2-005",-0.0365578652023161
"chr2-006",-0.0954780817573583
"chr2-007",-0.00749130970339484
"chr2-008",0.0252758163229561
"chr2-009",-0.226879960577843
"chr2-010",-0.0967911362822495
"chr2-011",-0.118602105846128
"chr2-012",-0.0252205928224662
"chr2-013",-0.110300724608748
"chr2-014",-0.0735786599010329
"chr2-015",-0.152421728336623
"chr2-016",-0.0852466683544156
"chr2-017",-0.105285886465918
"chr2-018",-0.0711558392013523
"chr2-019",-0.0287306323945473
"chr2-020",-0.0222207297744763
"chr2-021",0.0479488561885358
"chr2-022",-0.0287013676739013
"chr2-023",-0.00919456875285052
"chr2-024",-0.0308751351942817
"chr2-025",-0.112761017848269
"chr2-026",-0.118125445181824
"chr2-027",-0.266040975135331
"chr2-028",-0.272256639033784
"chr2-029",-0.0238979903696659
"chr2-030",-0.166201120091895
"chr2-031",-0.101965614225198
"chr2-032",-0.0820656561579408
"chr2-033",-0.0999473419181607
"chr2-034",-0.108169133723216
"chr2-035",-0.239832483494568
"chr2-036",-0.123136001733058
"chr2-037",-0.148591038906989
"chr2-038",-0.151927413941242
"chr2-039",-0.121624028239121
"chr2-040",-0.203772015546872
"chr2-041",-0.0402852399991897
"chr2-042",-0.101750439571795
"chr2-043",-0.105105703430661
"chr2-044",-0.180498736405811
"chr2-045",-0.199666060756306
"chr2-046",-0.110707093949841
"chr2-047",-0.00848168071070667
"chr2-048",-0.0219533746557366
"chr2-049",0.0118399479489367
"chr2-050",0.0177980570357108
"chr2-051",0.0123557021090008
"chr2-052",-0.0158327063004226
"chr2-053",-0.0394578360403678
"chr2-054",-0.00144942517686087
"chr2-055",-0.0741529811198562
"chr2-056",-0.030839105894257
"chr2-057",-0.00861870393064649
"chr2-058",-0.083256541114771
"chr2-059",-0.174179945156372
"chr2-060",-0.0282075310043662
"chr2-061",-0.140643639940497
"chr2-062",-0.031286983331781
"chr2-063",-0.0784378545327648
"chr2-064",0.0236183521183204
"chr2-065",-0.0574543757497041
"chr2-066",-0.0301682732502132
"chr2-067",-0.111304355740958
"chr2-068",-0.205781041415966
"chr2-069",-0.0921527822213944
"chr2-070",-0.110416184745819
"chr2-071",-0.0613754957030462
"chr2-072",-0.0698644493684412
"chr2-073",-0.0237142282966244
"chr2-074",-0.00326807596491343
"chr2-075",-0.0234584891347263
"chr2-076",-0.10891606392213
"chr2-077",-0.167280792367243
"chr2-078",-0.159732903349666
"chr2-079",-0.117873956307251
"chr2-080",-0.00516176830220096
"chr2-081",-0.0181258878641128
"chr2-082",1.30613290014263e-06
"chr2-083",-0.0969343461069851
"chr2-084",-0.122046376879837
"chr2-085",-0.0529807674651918
"chr2-086",-0.022993275314098
"chr2-087",-0.0788719735222609
"chr2-088",-0.125686300916452
"chr2-089",-0.0547071410793678
"chr2-090",-0.014480811886923
"chr2-091",-0.0301911861744696
"chr2-092",-0.128535734158054
"chr2-093",-0.0295083087862626
"chr2-094",-0.112212343314361
"chr2-095",-0.180348504120591
"chr2-096",-0.0178470733555731
"chr2-097",-0.162715336264084
"chr2-098",-0.0702855238615629
"chr2-099",-0.0941200738673368
"chr2-100",-0.029053291408715
"chr2-101",-0.142318106875938
"chr2-102",-0.0159170452942373
"chr2-103",-0.0394748371491843
"chr2-104",-0.0745835363691333
"chr2-105",-0.0445309844694328
"chr2-106",-0.154225071316835
"chr2-107",-0.086474276807984
"chr2-108",-0.383671140867497
"chr2-109",-0.172732861613221
"chr2-110",-0.129409870992375
"chr2-111",-0.198928699211461
"chr2-112",-0.0871165315395997
"chr2-113",-0.0700496871289343
"chr2-114",-0.0309304717565359
"chr2-115",0.00287234030550759
"chr2-116",-0.0281709726635168
"chr2-117",-0.00317258150041702
"chr2-118",-0.0775567908334831
"chr2-119",0.00140916850436275
"chr2-120",-0.141863498332283
"chr2-121",-0.032856885191665
"chr2-122",-0.0379711674871384
"chr2-123",-0.0110910213164805
"chr2-124",-0.0411486750221162
"chr2-125",-0.0443740273760447
"chr2-126",-0.194292245880312
"chr2-127",-0.15586648280081
"chr2-128",-0.138005220268434
"chr2-129",-0.0771940433598091
"chr2-130",-0.0708342675333576
"chr2-131",-0.0866727179649542
"chr2-132",-0.00828052240570287
"chr2-133",-0.00286286252583169
"chr2-134",-0.0869876936464795
"chr2-135",-0.148934006720274
"chr2-136",-0.122697134456608
"chr2-137",-0.0383214252793986
"chr2-138",-0.107242541617129
"chr2-139",0.0142166830548605
"chr2-140",-0.0180138344859221
"chr2-141",-0.0252851877492917
"chr2-142",-0.039080171814768
"chr2-143",-0.136042818839617
"chr2-144",-0.0571644444532316
"chr2-145",-0.274268647299875
"chr2-146",-0.186083890548129
"chr2-147",-0.0339190486461836
"chr2-148",0.0679491936293013
"chr2-149",-0.166548218859558
"chr2-150",-0.101352187921484
"chr2-151",-0.0734674943992868
"chr2-152",-0.0890561409001747
"chr2-153",-0.0643184017548195
"chr2-154",-0.313064311937274
"chr2-155",-0.123561092809008
"chr2-156",-0.0504062980529591
"chr2-157",-0.0748432486581884
"chr2-158",0.0126309559678363
"chr2-159",-0.0330291645761652
"chr2-160",-0.0512787156032375
"chr2-161",0.0151695005761517
"chr2-162",0.141166728788718
"chr2-163",-0.0388191484185059
"chr2-164",-0.0621545291361954
"chr2-165",-0.105530111101845
"chr2-166",-0.118616981071791
"chr2-167",-0.28532149432646
"chr2-168",0.0211173813203307
"chr2-169",0.0221132802536361
"chr2-170",-0.0269972725153132
"chr2-171",-0.0933452305900535
"chr2-172",-0.0205265494156563
"chr2-173",0.0338375841006218
"chr2-174",-0.0127596251238131
"chr2-175",0.0129341574262126
"chr2-176",0.0101796494487762
"chr2-177",-0.0515779603436804
"chr2-178",-0.0797606741791261
"chr2-179",-0.0834279929724785
"chr2-180",-0.00439485831602675
"chr2-181",-0.0507935654844377
"chr2-182",0.023725978411138
"chr2-183",-0.0119993548185589
"chr2-184",-0.0509579748949033
"chr2-185",-0.077801714062044
"chr2-186",-0.118109123690957
"chr2-187",-0.128717010985222
"chr2-188",-0.0636440654888398
"chr2-189",-0.103823766297328
"chr2-190",-0.0808474545335818
"chr2-191",-0.00593221041829511
"chr2-192",-0.0117923909654327
"chr2-193",-0.00590985112679609
"chr2-194",-0.127885142886129
"chr2-195",0.0491661289477282
"chr2-196",-0.197907819542536
"chr2-197",-0.0561850358221746
"chr2-198",-0.0556297799878304
"chr2-199",0.0701370071589756
"chr2-200",-0.0966393050838396
"chr2-201",-0.0615146652168429
"chr2-202",-0.0598730129556387
"chr2-203",0.026629790339959
"chr2-204",-0.000222627030913171
"chr2-205",-0.0842089408389574
"chr2-206",-0.0558459993184523
"chr2-207",-0.00979731024412339
"chr2-208",-0.114983377922627
"chr2-209",-0.217334583930469
"chr2-210",-0.0130241206271761
"chr2-211",-0.105101233296227
"chr2-212",-0.0824120401243422
"chr2-213",-0.159257504513464
"chr2-214",-0.143824341382925
"chr2-215",-0.0746006149703503
"chr2-216",-0.0335662990559261
"chr2-217",-0.0610605967250235
"chr2-218",-0.0662216564993513
"chr2-219",-0.0515304175327558
"chr2-220",-0.0217486373639934
"chr2-221",-0.106119137092822
"chr2-222",-0.018400110975676
"chr2-223",-0.0518159023721161
"chr2-224",-0.108785464887899
"chr2-225",-0.0971694113738479
"chr2-226",-0.151252102862641
"chr2-227",-0.0896018585106111
"chr2-228",0.0351993753562966
"chr2-229",0.00318128518146176
"chr2-230",-0.00803771565016625
"chr2-231",-0.0575476296070367
"chr2-232",-0.179362886595833
"chr2-233",-0.0621545599326173
"chr2-234",0.0148357228364838
"chr2-235",-0.0589583269428711
"chr2-236",0.00353868434945451
"chr2-237",0.00460538104405023
"chr2-238",-0.0344067785500616
"chr2-239",-0.0365479646212691
"chr2-240",-0.158455848125972
"chr2-241",-0.137733127896006
"chr2-242",-0.0501389784229958
"chr2-243",-0.00395352874011538
"chr2-244",-0.0879300960655075
"chr2-245",-0.0717495034976279
"chr2-246",-0.0623732357797287
"chr2-247",-0.249757020867805
"chr2-248",-0.196130984806667
"chr2-249",-0.0457397886669033
"chr2-250",-0.139545890525198
"chr2-251",-0.12019917595796
"chr2-252",-0.332385371238449
"chr2-253",-0.069215568189509
"chr2-254",-0.064764983273759
"chr2-255",-0.0943654297612836
"chr2-256",-0.164332832605133
"chr2-257",-0.215515540871543
"chr2-258",-0.154476164349028
"chr2-259",-0.0718813719725799
"chr2-260",-0.00142895267280008
"chr2-261",-0.207605871651033
"chr2-262",-0.218306267489165
"chr2-263",-0.0909700058365694
"chr2-264",-0.209837557062183
"chr2-265",-0.149225364530701
"chr2-266",-0.125208385687986
"chr2-267",-0.176206651331464
"chr2-268",0.0236359011886153
"chr2-269",-0.0683096657832124
"chr2-270",-0.26401363685134
"chr2-271",-0.101645768614242
"chr2-272",-0.239540176607517
"chr2-273",-0.0258443563810698
"chr2-274",-0.110546074920038
"chr2-275",-0.00395011738904473
"chr2-276",-0.126990588495599
"chr2-277",-0.0841214296133639
"chr2-278",0.00051994467986491
"chr2-279",-0.344060459931553
"chr2-280",-0.0689666876104853
"chr2-281",-0.29359692124324
"chr2-282",-0.0450698139446258
"chr2-283",-0.219658052164725
"chr2-284",-0.0978636514812363
"chr2-285",-0.0286727162288457
"chr2-286",-0.107421740246951
"chr2-287",-0.160972906462328
"chr2-288",-0.0280279783787075
"chr2-289",-0.133969274769516
"chr2-290",-0.0316662791879136
"chr2-291",-0.0674673521818337
"chr2-292",-0.176771442049696
"chr2-293",-0.159876647535185
"chr2-294",-0.120504548626192
"chr2-295",-0.26848301897842
"chr2-296",-0.106705564144205
"chr2-297",-0.134340772991762
"chr2-298",-0.265421090135451
"chr2-299",-0.169269381138674
"chr2-300",-0.361733333523014
"chr2-301",-0.121334456291939
"chr2-302",-0.194723571769088
"chr2-303",-0.176239761465576
"chr2-304",-0.107756366850472
"chr2-305",-0.0624134829032513
"chr2-306",-0.0367425011889823
"chr2-307",-0.159119629144119
"chr2-308",-0.100811999233362
"chr2-309",-0.0453927116873298
"chr2-310",-0.103481425324125
"chr2-311",-0.0463203602132969
"chr2-312",-0.051994998334834
"chr2-313",-0.0920872839112269
"chr2-314",-0.048658309230698
"chr2-315",-0.183990440080939
"chr2-316",-0.0579470793766437
"chr2-317",-0.0649882085196757
"chr2-318",-0.0471517947146549
"chr2-319",-0.0987246461533563
"chr2-320",-0.117911143139514
"chr2-321",-0.198348496176223
"chr2-322",-0.0115711075212246
"chr2-323",-0.188362050988917
"chr2-324",-0.00427679296010298
"chr2-325",-0.239215708971237
"chr2-326",-0.0963451939069001
"chr2-327",-0.179948809005033
"chr2-328",-0.133238113888035
"chr2-329",-0.242351655435018
"chr2-330",-0.284675905737065
"chr2-331",-0.276587531015741
"chr2-332",-0.251881645484354
"chr2-333",-0.212747145734781
"chr2-334",-0.241616099708339
"chr2-335",-0.152105013762283
"chr2-336",-0.197789015915342
"chr2-337",-0.105549689644443
"chr2-338",-0.339994571250931
"chr2-339",-0.165696675491564
"chr2-340",-0.147876252400972
"chr2-341",-0.079515638598377
"chr2-342",-0.253710534537748
"chr2-343",-0.235231231011211
"chr2-344",-0.0470386603743693
"chr2-345",-0.310815474957769
"chr2-346",-0.24282201885972
"chr2-347",-0.112150831645533
"chr2-348",-0.125859598483685
"chr2-349",-0.0912497173773972
"chr2-350",-0.0999101998314149
"chr2-351",-0.0936354119205834
"chr2-352",-0.12541879242736
"chr2-353",-0.124380485644343
"chr2-354",-0.176123414183186
"chr2-355",-0.05468256024435
"chr2-356",-0.0362306940091481
"chr2-357",-0.0097890071992437
"chr2-358",-0.0236814480490718
"chr2-359",0.0224917198796562
"chr2-360",-0.136764833028883
"chr2-361",-0.0191138357491464
"chr2-362",-0.102184584738143
"chr2-363",-0.0612493956277087
"chr2-364",-0.10958480853556
"chr2-365",-0.0196039468102921
"chr2-366",-0.0957419315601367
"chr2-367",0.0163793549092909
"chr2-368",-0.0484959032293704
"chr2-369",-0.00278002845911121
"chr2-370",-0.0259546772015653
"chr2-371",-0.0820118034306418
"chr2-372",-0.0198302381295752
"chr2-373",-0.0455440466534383
"chr2-374",-0.0867918311326071
"chr2-375",-0.0791501384080786
"chr2-376",-0.214096065798346
"chr2-377",-0.085276333802865
"chr2-378",0.0349027242474939
"chr2-379",-0.0660761247707435
"chr2-380",-0.208383347803337
"chr2-381",-0.132851807153717
"chr2-382",-0.0465167726234766
"chr2-383",-0.212216408489429
"chr2-384",-0.139098850544994
"chr2-385",-0.421923282854913
"chr2-386",-0.123747765755356
"chr2-387",-0.215418012027972
"chr2-388",-0.314365644740215
"chr2-389",-0.0601442346190665
"chr2-390",0.0106990797047609
"chr2-391",-0.0976698409727954
"chr2-392",-0.021738398844615
"chr2-393",-0.0837924763218243
"chr2-394",-0.0514309127230899
"chr2-395",-0.0515837232716573
"chr2-396",-0.0352265775980992
"chr2-397",-0.0434783079300966
"chr2-398",-0.0134178174780336
"chr2-399",0.0122376672795986
"chr2-400",-0.11370920092303
"chr2-401",-0.150009804580863
"chr2-402",-0.0952871374916855
"chr2-403",-0.0860993683693817
"chr2-404",-0.0954435199309184
"chr2-405",-0.0569925362966201
"chr2-406",-0.134095289234426
"chr2-407",-0.0799322012078373
"chr2-408",-0.0437948188201367
"chr2-409",-0.0899091787218571
"chr2-410",-0.166323942737306
"chr2-411",-0.258709346290751
"chr2-412",-0.0463330164432766
"chr2-413",-0.0541632779511225
"chr2-414",-0.0386031908582049
"chr2-415",-0.0681325508711667
"chr2-416",-0.0577875769532738
"chr2-417",-0.206035707677213
"chr2-418",-0.0532005745266173
"chr2-419",-0.00762555571600415
"chr2-420",-0.0717752428076325
"chr2-421",-0.0429705905349807
"chr2-422",-0.00272374845050566
"chr2-423",0.0534218039875674
"chr2-424",0.0428326336035085
"chr2-425",0.0499850046934864
"chr2-426",0.0280734658670691
"chr2-427",-0.0871127816783934
"chr2-428",-0.0623914192243299
"chr2-429",0.00386164462101034
"chr2-430",-0.0284412989589258
"chr2-431",0.0290087318099286
"chr2-432",-0.0433984501780202
"chr2-433",-0.123042336913169
"chr2-434",-0.0624669138502915
"chr2-435",0.01863009369619
"chr2-436",0.0510020879526057
"chr2-437",-0.0429705719106016
"chr2-438",-0.0437625242828565
"chr2-439",0.0387059418105431
"chr2-440",-0.0624127783802598
"chr2-441",0.00127702742276041
"chr2-442",0.0681045892075677
"chr2-443",0.0784063943856116
"chr2-444",0.135623220072686
"chr2-445",0.0753095765286102
"chr20-001",0.0317788373044563
"chr20-002",-0.0212345381783082
"chr20-003",-0.0569790211912864
"chr20-004",-0.113363994973568
"chr20-005",-0.0733766730678864
"chr20-006",-0.0229690739714698
"chr20-007",0.0519641259961233
"chr20-008",0.0338638789376229
"chr20-009",-0.0426876413854777
"chr20-010",-0.0385412339148529
"chr20-011",-0.0233643396883764
"chr20-012",0.0164411180334205
"chr20-013",-0.0733844117087188
"chr20-014",-0.0314596947315602
"chr20-015",-0.169336801921378
"chr20-016",-0.202357010379647
"chr20-017",-0.132245129324948
"chr20-018",-0.225182640950351
"chr20-019",0.00282018302189419
"chr20-020",-0.142489036746226
"chr20-021",-0.145483333704506
"chr20-022",-0.0346484552005914
"chr20-023",-0.0744764719468469
"chr20-024",-0.153172271292493
"chr20-025",-0.117495592408672
"chr20-026",-0.215882860082914
"chr20-027",-0.0392278930400086
"chr20-028",-0.0472720631972462
"chr20-029",-0.134580523485442
"chr20-030",-0.123803235006253
"chr20-031",-0.142125057503589
"chr20-032",-0.101359773848142
"chr20-033",-0.0558543818324939
"chr20-034",-0.0870404633561345
"chr20-035",-0.0564487062070418
"chr20-036",-0.023825738448818
"chr20-037",-0.0245011361822002
"chr20-038",-0.0620993585954448
"chr20-039",-0.182542801633424
"chr20-040",0.00547636473297301
"chr20-041",-0.109888144827007
"chr20-042",-0.068572042456748
"chr20-043",-0.0116360403258026
"chr20-044",-0.0837834215604055
"chr20-045",-0.13394685025192
"chr20-046",-0.0917181627443344
"chr20-047",-0.0720701090813936
"chr20-048",-0.102432785212323
"chr20-049",-0.0212074667857004
"chr20-050",-0.0687288060217984
"chr20-051",0.0104748039453978
"chr20-052",0.03513235674195
"chr20-053",-0.0337355837661081
"chr20-054",0.0160287467978226
"chr20-055",-0.20279801505205
"chr20-056",-0.0413055633044979
"chr20-057",-0.0026384148489073
"chr20-058",0.0293547038370779
"chr20-059",-0.0966001057921945
"chr20-060",0.0269721297582143
"chr20-061",0.00148347367243032
"chr20-062",-0.0376562366721548
"chr20-063",-0.00167614155761924
"chr20-064",0.0277616894291753
"chr20-065",-0.0136130593177334
"chr20-066",0.0614894764287515
"chr20-067",-0.0181948221704728
"chr20-068",-0.0864831789688302
"chr20-069",-0.0392419848971443
"chr20-070",-0.0631690396248094
"chr20-071",-0.10726109999175
"chr20-072",-0.0937680483303634
"chr20-073",-0.0474691524655858
"chr20-074",-0.11158236688209
"chr20-075",-0.0049126745738026
"chr20-076",0.0150326561082503
"chr20-077",-0.178406293753829
"chr20-078",-0.0678276602623973
"chr20-079",-0.0360509937999287
"chr20-080",0.00471642598200048
"chr20-081",-0.0633124520629526
"chr20-082",-0.057814534471182
"chr20-083",-0.0335046230082726
"chr20-084",-0.0180214382581984
"chr20-085",-0.0653065112408781
"chr20-086",-0.0571962651805817
"chr20-087",0.0323250924023239
"chr20-088",0.0352812202090406
"chr20-089",-0.0294130182841556
"chr20-090",-0.010533094789767
"chr20-091",0.0600819143963536
"chr20-092",0.0183180194121939
"chr20-093",0.0196192770529422
"chr20-094",-0.00266725733518088
"chr20-095",-0.0362968907568746
"chr20-096",0.037216365482224
"chr20-097",-0.012700959796954
"chr20-098",-0.2015577840084
"chr20-099",-0.067235319656712
"chr20-100",0.0392378318260312
"chr20-101",-0.0437693876286708
"chr20-102",-0.0487620824794414
"chr20-103",-0.0901979969213153
"chr20-104",-0.0751065943339471
"chr20-105",-0.0109499840298127
"chr20-106",-0.0204680477467345
"chr20-107",-0.118724720018819
"chr20-108",-0.0229381016808619
"chr20-109",0.0490499576514155
"chr20-110",-0.0845215134704422
"chr20-111",-0.0596611544342262
"chr20-112",-0.124037945021201
"chr20-113",-0.0978639984121071
"chr20-114",-0.0645602839712265
"chr20-115",-0.0527620564132552
"chr20-116",0.113580012335982
"chr20-117",0.0557839470402197
"chr20-118",0.150321118963241
"chr20-119",0.181863942989651
"chr20-120",0.0637631010930177
"chr21-001",0.127847949864104
"chr21-002",0.125309388695312
"chr21-003",0.0800290546226009
"chr21-004",0.0902533991628196
"chr21-005",0.0887942496611132
"chr21-006",-0.000218148764426794
"chr21-007",0.0785195500997287
"chr21-008",-0.0641452205721245
"chr21-009",0.0213722808728958
"chr21-010",-0.0522185607481648
"chr21-011",-0.189201095204511
"chr21-012",-0.164035729965243
"chr21-013",-0.177323712737453
"chr21-014",-0.401613605953693
"chr21-015",-0.123367924165412
"chr21-016",0.0958597549583283
"chr21-017",-0.141491939161261
"chr21-018",-0.183830552612964
"chr21-019",-0.163534129169139
"chr21-020",-0.185430918482024
"chr21-021",-0.0901802722110577
"chr21-022",-0.0985355785756317
"chr21-023",-0.140153613057404
"chr21-024",-0.232344102894571
"chr21-025",-0.154988258701786
"chr21-026",-0.148929979332644
"chr21-027",-0.15780640569801
"chr21-028",-0.0668279136774063
"chr21-029",-0.0413078119103595
"chr21-030",-0.0103195437018488
"chr21-031",-0.134007262364242
"chr21-032",-0.028626998296474
"chr21-033",-0.164108599388374
"chr21-034",-0.036630060667978
"chr21-035",-0.0723983774998898
"chr21-036",-0.0759720599484655
"chr21-037",-0.213623821123617
"chr21-038",-0.25620107795074
"chr21-039",-0.0502899561123818
"chr21-040",0.0284639053681803
"chr21-041",0.0126672260554682
"chr21-042",-0.0973714949959013
"chr21-043",-0.0179609544882764
"chr21-044",0.00601883394005958
"chr21-045",-0.0250304617412892
"chr21-046",-0.0605763554821211
"chr21-047",-0.0751436101706987
"chr21-048",-0.0660963493242126
"chr21-049",0.0424539674510301
"chr21-050",0.0145723918146573
"chr21-051",0.03785964790934
"chr21-052",-0.0750218356525549
"chr21-053",-0.0911445759930371
"chr21-054",-0.0169284505377446
"chr21-055",0.00361560060420826
"chr21-056",-0.133524860529166
"chr21-057",-0.215372697731989
"chr21-058",-0.102341613019838
"chr21-059",-0.0629529905430651
"chr21-060",-0.0489751023484427
"chr21-061",0.0156673113875196
"chr21-062",-0.078904589993136
"chr21-063",0.0239239095437832
"chr21-064",0.066542935052114
"chr21-065",0.0668556651832231
"chr21-066",0.110328430452617
"chr21-067",0.0852888945122531
"chr21-068",0.0920681236358819
"chr21-069",0.104254184409799
"chr21-070",0.103309846939157
"chr21-071",0.159405969867591
"chr21-072",0.0109300935078975
"chr22-001",0.0638027994953924
"chr22-002",-0.0553072427824004
"chr22-003",0.0566278397303456
"chr22-004",0.0195952291139526
"chr22-005",-0.0695094267330304
"chr22-006",0.280562464082763
"chr22-007",0.0156363800630504
"chr22-008",0.000267820940522193
"chr22-009",0.0436012632408107
"chr22-010",0.0871224252527992
"chr22-011",0.0331692389195605
"chr22-012",0.0328968635393109
"chr22-013",0.0628657812097357
"chr22-014",-0.138580649915057
"chr22-015",-0.0868867869948401
"chr22-016",0.0339157552881606
"chr22-017",-0.0174822180943347
"chr22-018",0.0370596636089403
"chr22-019",-0.0218801871802369
"chr22-020",-0.0179237328348458
"chr22-021",0.010086384324244
"chr22-022",-0.0409386522297906
"chr22-023",-0.0476341469337977
"chr22-024",-0.110069723650616
"chr22-025",-0.0472279433552857
"chr22-026",-0.0612851933846964
"chr22-027",-0.00870006044526947
"chr22-028",0.042798854991864
"chr22-029",-0.00732538056870093
"chr22-030",-0.0010421120771427
"chr22-031",0.0313738225899676
"chr22-032",-0.0385628638219023
"chr22-033",0.0528139291019198
"chr22-034",-0.0136122598284856
"chr22-035",-0.0863344569178552
"chr22-036",-0.0126012174825092
"chr22-037",0.0200295849187582
"chr22-038",-0.0305630771189611
"chr22-039",-0.0821946299366947
"chr22-040",-0.0476752734542822
"chr22-041",0.00505404025163641
"chr22-042",0.0298396399542743
"chr22-043",-0.0512206513162549
"chr22-044",0.0089816580400729
"chr22-045",0.0317792248440583
"chr22-046",0.0672553269601592
"chr22-047",-0.00350297786991494
"chr22-048",0.0104667988615659
"chr22-049",-0.0512772940349061
"chr22-050",0.0682978492363688
"chr22-051",0.00575087224650514
"chr22-052",0.0225995117502648
"chr22-053",0.0427707631452378
"chr22-054",-0.00781787087268747
"chr22-055",0.063871394861845
"chr22-056",0.027419044589414
"chr22-057",-0.0401748120605246
"chr22-058",-0.0101669120223764
"chr22-059",-0.00425234490278148
"chr22-060",0.0668373957163622
"chr22-061",0.0133142969066796
"chr22-062",0.0630059038750674
"chr22-063",0.0893805896821711
"chr22-064",0.0613413382633914
"chr22-065",-0.0655025676430755
"chr22-066",-0.0904695600331347
"chr22-067",-0.0246277601666687
"chr22-068",-0.0526183376108023
"chr22-069",0.108998633681392
"chr22-070",0.166700772052489
"chr22-071",0.110747768982567
"chr3-001",-0.0345728234417138
"chr3-002",-0.122975047566876
"chr3-003",-0.172250077136132
"chr3-004",-0.0431947632041251
"chr3-005",-0.137188280233621
"chr3-006",-0.0532358910366339
"chr3-007",-0.0702461402995083
"chr3-008",-0.0286991836036922
"chr3-009",-0.00094829138992526
"chr3-010",-0.0262102951675971
"chr3-011",-0.118165106962604
"chr3-012",-0.189839871630685
"chr3-013",-0.153470187898434
"chr3-014",-0.160400112170868
"chr3-015",-0.101998701503231
"chr3-016",0.0128076805555211
"chr3-017",-0.00682053945041374
"chr3-018",-0.104198810096383
"chr3-019",-0.0805165374401148
"chr3-020",0.0077894079274213
"chr3-021",-0.0639191841779161
"chr3-022",-0.0139632922724035
"chr3-023",-0.051582589544668
"chr3-024",-0.0793219782804918
"chr3-025",-0.103657770288621
"chr3-026",-0.0777357512525261
"chr3-027",-0.0209106457019491
"chr3-028",-0.108541989636211
"chr3-029",-0.0548268672332705
"chr3-030",-0.0136264031507395
"chr3-031",-0.0683116812005357
"chr3-032",-0.146049650367427
"chr3-033",-0.113190326142026
"chr3-034",-0.173826252441337
"chr3-035",-0.0725982836124879
"chr3-036",-0.11983568507598
"chr3-037",-0.0133691296279312
"chr3-038",-0.0193307915698506
"chr3-039",-0.174683340601369
"chr3-040",-0.72785140411541
"chr3-041",-0.135834360244196
"chr3-042",-0.257083730375996
"chr3-043",-0.108538202616556
"chr3-044",0.00272810363694034
"chr3-045",-0.0153334156741629
"chr3-046",-0.151576608865267
"chr3-047",-0.139735702216361
"chr3-048",-0.0540490278375416
"chr3-049",-0.104547182472757
"chr3-050",-0.0314467484927681
"chr3-051",-0.194090506606304
"chr3-052",-0.142070947380463
"chr3-053",-0.151086681424969
"chr3-054",-0.0774916896337716
"chr3-055",0.0297964885731545
"chr3-056",-0.198542535065015
"chr3-057",-0.121464544472321
"chr3-058",-0.0712758449197147
"chr3-059",0.0167866754266142
"chr3-060",0.00408736293335072
"chr3-061",-0.0068276102657964
"chr3-062",0.0140864721582047
"chr3-063",-0.0541507165063738
"chr3-064",-0.187843617110695
"chr3-065",-0.239197265666072
"chr3-066",-0.0464655138910596
"chr3-067",-0.312003149970016
"chr3-068",-0.0454666503617216
"chr3-069",-0.116696141464062
"chr3-070",-0.0680226416632682
"chr3-071",-0.0314949048301466
"chr3-072",-0.0917514081785677
"chr3-073",-0.074964793527106
"chr3-074",-0.0441210608140502
"chr3-075",-0.152664761118195
"chr3-076",-0.0840508523677103
"chr3-077",-0.0709463851997473
"chr3-078",-0.0484893557701074
"chr3-079",-0.0458074516614714
"chr3-080",-0.0837460545840259
"chr3-081",-0.0593821377745399
"chr3-082",-0.0094011212338464
"chr3-083",-0.0910065663951228
"chr3-084",-0.109251864857934
"chr3-085",-0.0680652044391668
"chr3-086",-0.115107969886492
"chr3-087",-0.139770159526132
"chr3-088",0.0110535681182419
"chr3-089",0.0319664958749386
"chr3-090",0.017404632652231
"chr3-091",0.0250738220652007
"chr3-092",-0.0165547247050131
"chr3-093",-0.00453896955021904
"chr3-094",-0.00993489720565142
"chr3-095",-0.00712441093992451
"chr3-096",-0.0531518963456824
"chr3-097",0.0137223804133736
"chr3-098",-0.00303933805261603
"chr3-099",-0.0082889507293492
"chr3-100",-0.0642678275172204
"chr3-101",0.0362849675556139
"chr3-102",-0.108711541611667
"chr3-103",0.0484173933578155
"chr3-104",-0.0717410173464019
"chr3-105",-0.0406181538652274
"chr3-106",-0.159790799342808
"chr3-107",-0.123862893821163
"chr3-108",-0.00379322309054738
"chr3-109",-0.0195149176803861
"chr3-110",-0.106766834948892
"chr3-111",0.0270132719384318
"chr3-112",-0.0832173850797577
"chr3-113",-0.129610507033861
"chr3-114",-0.113517997997638
"chr3-115",-0.105987592263632
"chr3-116",-0.0134948365064506
"chr3-117",-0.0960573905620875
"chr3-118",0.0116232581282073
"chr3-119",-0.146676941553119
"chr3-120",-0.0652219914723826
"chr3-121",-0.15251085312788
"chr3-122",-0.0591138980659891
"chr3-123",-0.0515975112801072
"chr3-124",-0.113981658984589
"chr3-125",-0.0750971348930558
"chr3-126",-0.0439127141599568
"chr3-127",-0.0177616593980452
"chr3-128",-0.0846376003918195
"chr3-129",-0.160115651488173
"chr3-130",-0.0862069444977636
"chr3-131",-0.116852864679284
"chr3-132",-0.0456679731098598
"chr3-133",-0.0713121325563425
"chr3-134",-0.175898869648194
"chr3-135",-0.182662769186812
"chr3-136",-0.115879062833799
"chr3-137",-0.0136211054555887
"chr3-138",-0.0674759391826284
"chr3-139",-0.173647082114457
"chr3-140",-0.076904474954312
"chr3-141",-0.0310147822188318
"chr3-142",-0.0787905396412784
"chr3-143",-0.345583584056058
"chr3-144",-0.0754438033419288
"chr3-145",-0.0411821512834787
"chr3-146",0.000625698786265464
"chr3-147",-0.0910321476840734
"chr3-148",-0.28911574585316
"chr3-149",-0.0800911709333
"chr3-150",-0.232717354102586
"chr3-151",-0.216612854497088
"chr3-152",-0.169087187102188
"chr3-153",-0.147778916736135
"chr3-154",-0.209637381198742
"chr3-155",-0.29664605530324
"chr3-156",-0.254678660900237
"chr3-157",-0.155023759547448
"chr3-158",-0.137568994445047
"chr3-159",-0.238210144435453
"chr3-160",-0.221927954891235
"chr3-161",-0.31813865471431
"chr3-162",-0.124230950770154
"chr3-163",-0.171525692590474
"chr3-164",-0.0605229967811187
"chr3-165",-0.167258453028951
"chr3-166",-0.160672047382288
"chr3-167",0.0689074661871702
"chr3-168",-0.165903900157542
"chr3-169",-0.212691164584515
"chr3-170",-0.0347344942037237
"chr3-171",-0.343093300466419
"chr3-172",-0.120351542791995
"chr3-173",-0.255863165084616
"chr3-174",-0.100088095026305
"chr3-175",-0.152349910552259
"chr3-176",-0.198061278383085
"chr3-177",-0.0904442879472745
"chr3-178",-0.0831405811883006
"chr3-179",-0.224272826619407
"chr3-180",-0.0644843491520834
"chr3-181",-0.176965124859718
"chr3-182",-0.204670553873327
"chr3-183",-0.164744418631851
"chr3-184",-0.0424251640929909
"chr3-185",-0.111830128256885
"chr3-186",-0.23357522975115
"chr3-187",0.0453938152277257
"chr3-188",-0.209184458169644
"chr3-189",-0.127490738727756
"chr3-190",-0.188001840260505
"chr3-191",-0.260231777473505
"chr3-192",-0.0283738047534275
"chr3-193",-0.165454434270674
"chr3-194",-0.357267868612216
"chr3-195",-0.147340221764863
"chr3-196",-0.10496235916719
"chr3-197",-0.166217954052982
"chr3-198",-0.144139558393813
"chr3-199",-0.130667181349566
"chr3-200",-0.0993170632420663
"chr3-201",-0.0635006317814411
"chr3-202",-0.100959541111618
"chr3-203",-0.107694245747868
"chr3-204",-0.133139630642749
"chr3-205",-0.145467450236049
"chr3-206",-0.137762084358494
"chr3-207",-0.202668063061987
"chr3-208",-0.100546967982004
"chr3-209",-0.12417752220446
"chr3-210",-0.145751585562541
"chr3-211",-0.197266265454775
"chr3-212",-0.0767965255547746
"chr3-213",-0.0572864100427683
"chr3-214",-0.035453864028081
"chr3-215",-0.187072763216404
"chr3-216",-0.10897396649279
"chr3-217",-0.147562133840198
"chr3-218",-0.0399758962497393
"chr3-219",-0.0436678113081504
"chr3-220",-0.0529721238227433
"chr3-221",-0.0287414373782089
"chr3-222",-0.0237061404198512
"chr3-223",-0.0440317047899317
"chr3-224",-0.0488779244110556
"chr3-225",-0.0249672383658894
"chr3-226",-0.0457992618375325
"chr3-227",-0.0655615936281186
"chr3-228",0.0144240432767443
"chr3-229",-0.0480148869404449
"chr3-230",-0.0190651021539051
"chr3-231",0.00711610949141732
"chr3-232",0.0319858307665965
"chr3-233",-0.0619207776961534
"chr3-234",-0.0988502101818826
"chr3-235",-0.122290596397748
"chr3-236",-0.288954677754009
"chr3-237",-0.118361684917446
"chr3-238",-0.0819543462203415
"chr3-239",-0.144411964807076
"chr3-240",-0.0437206165367962
"chr3-241",-0.0655143927948733
"chr3-242",-0.078817071717847
"chr3-243",-0.140782275064222
"chr3-244",-0.0839307418727098
"chr3-245",-0.0248366496269208
"chr3-246",-0.114808149411491
"chr3-247",-0.208645347385444
"chr3-248",-0.127815743566931
"chr3-249",-0.0714376917634613
"chr3-250",0.0337806713760978
"chr3-251",-0.0252735551530646
"chr3-252",-0.123607987437995
"chr3-253",-0.210294674054266
"chr3-254",-0.0928089457743321
"chr3-255",-0.0715112460667092
"chr3-256",-0.0282039818411132
"chr3-257",-0.00592635123927882
"chr3-258",-0.0751596473989923
"chr3-259",-0.0939268624951806
"chr3-260",-0.082597714037115
"chr3-261",-0.181664216523466
"chr3-262",-0.264462387532811
"chr3-263",-0.325253326108904
"chr3-264",-0.152956631476612
"chr3-265",-0.0950594137896781
"chr3-266",-0.110061495787506
"chr3-267",-0.160719978299093
"chr3-268",-0.143104636142941
"chr3-269",-0.0706892870155562
"chr3-270",-0.0541812607984518
"chr3-271",-0.0359065306522989
"chr3-272",-0.137540098696829
"chr3-273",-0.029447907375462
"chr3-274",-0.0137653575815732
"chr3-275",-0.126552065206841
"chr3-276",-0.136514882823793
"chr3-277",-0.0639739790010625
"chr3-278",-0.0106587934636613
"chr3-279",-0.0310504458447629
"chr3-280",-0.0130607312096066
"chr3-281",-0.309535890759959
"chr3-282",-0.100698411678728
"chr3-283",-0.0226445853398294
"chr3-284",-0.14616142970623
"chr3-285",-0.113308276438655
"chr3-286",-0.213528665278311
"chr3-287",-0.096068380343036
"chr3-288",-0.0748475256520715
"chr3-289",-0.0255540399205703
"chr3-290",-0.186233513577012
"chr3-291",-0.042551537328994
"chr3-292",-0.0744717100469858
"chr3-293",-0.0458086921797818
"chr3-294",-0.065582997770728
"chr3-295",-0.193252744471459
"chr3-296",-0.258310033022167
"chr3-297",-0.0334963570438531
"chr3-298",-0.173095625951454
"chr3-299",-0.280434183760124
"chr3-300",-0.0482056726406311
"chr3-301",-0.126774582696724
"chr3-302",-0.183276534126061
"chr3-303",-0.204069616997531
"chr3-304",-0.19530018561246
"chr3-305",-0.164767081570174
"chr3-306",-0.0333507446968103
"chr3-307",0.0422880503062449
"chr3-308",-0.122245687028412
"chr3-309",-0.0389343029817987
"chr3-310",-0.089150692355267
"chr3-311",-0.0204945502266415
"chr3-312",-0.162953613447228
"chr3-313",-0.175319629238973
"chr3-314",-0.266715527698453
"chr3-315",-0.167721883724135
"chr3-316",-0.24257615299622
"chr3-317",-0.146980330107067
"chr3-318",-0.300420778048221
"chr3-319",-0.180064987941712
"chr3-320",-0.0516816453373234
"chr3-321",-0.12330814461495
"chr3-322",-0.162523611716417
"chr3-323",-0.0605644628309826
"chr3-324",-0.0649750428614243
"chr3-325",-0.0263188779207448
"chr3-326",-0.22167539903006
"chr3-327",-0.135184676873158
"chr3-328",-0.318163355534875
"chr3-329",-0.0578283153263536
"chr3-330",-0.100238810669964
"chr3-331",-0.113542682764254
"chr3-332",-0.0179600720267977
"chr3-333",-0.00912374254930864
"chr3-334",0.0304794924919025
"chr3-335",-0.0264164088700005
"chr3-336",0.0326371809177321
"chr3-337",-0.000282527948564468
"chr3-338",-0.10641022267297
"chr3-339",-0.0950021817482379
"chr3-340",-0.0768063292476667
"chr3-341",-0.0472314410528296
"chr3-342",-0.00458733171256941
"chr3-343",-0.0724473029604374
"chr3-344",-0.130013986762029
"chr3-345",-0.157610950808556
"chr3-346",-0.116762925694917
"chr3-347",-0.131423277511474
"chr3-348",-0.052878165781169
"chr3-349",-0.129122746351622
"chr3-350",-0.119261361238668
"chr3-351",-0.0804384761218978
"chr3-352",-0.0321095247503417
"chr3-353",-0.132244673985288
"chr3-354",0.000273878685241523
"chr3-355",-0.0594718975813516
"chr3-356",0.0520083308582273
"chr3-357",0.0399383781364817
"chr3-358",0.084036943073564
"chr3-359",0.0230254446161145
"chr3-360",0.00921947183840822
"chr3-361",0.0674778990868925
"chr3-362",-0.0124159502912019
"chr4-001",0.00905564383109692
"chr4-002",0.170402227736794
"chr4-003",0.158489304942407
"chr4-004",0.136983491805479
"chr4-005",0.073971839831565
"chr4-006",0.0730791685067803
"chr4-007",0.107667145484361
"chr4-008",0.0363638330051033
"chr4-009",-0.0860658020211431
"chr4-010",-0.0413150019046111
"chr4-011",-0.052894487543248
"chr4-012",-0.0265652496289519
"chr4-013",-0.0722306718943373
"chr4-014",0.0213654631737984
"chr4-015",-0.0270758135267523
"chr4-016",0.00874881982015426
"chr4-017",-0.00820221800440987
"chr4-018",0.00243721646279815
"chr4-019",-0.13128151273878
"chr4-020",-0.136680515182797
"chr4-021",-0.0760321388830997
"chr4-022",-0.149043122199154
"chr4-023",-0.0606774333557665
"chr4-024",-0.189958346135506
"chr4-025",-0.254382250969479
"chr4-026",-0.197002995652075
"chr4-027",-0.157435457472468
"chr4-028",-0.0709563214334069
"chr4-029",-0.237942954907772
"chr4-030",-0.281008441464833
"chr4-031",-0.132572717823192
"chr4-032",-0.116055529175343
"chr4-033",-0.0442496012094926
"chr4-034",-0.0269993328206929
"chr4-035",-0.0903661119750425
"chr4-036",-0.0141868633069061
"chr4-037",-0.125813506594836
"chr4-038",-0.303686869286472
"chr4-039",-0.226316967507061
"chr4-040",-0.00249803330515059
"chr4-041",-0.0413752196675351
"chr4-042",-0.153550099523261
"chr4-043",-0.0865683444748645
"chr4-044",-0.0597816330414401
"chr4-045",-0.0927521031109899
"chr4-046",-0.33881320901567
"chr4-047",-0.142506276387658
"chr4-048",-0.0487057619547884
"chr4-049",-0.0783516445468797
"chr4-050",-0.0488489214812976
"chr4-051",-0.0317366074435018
"chr4-052",-0.0458309128946901
"chr4-053",-0.131543285406833
"chr4-054",-0.0975143437636564
"chr4-055",-0.253694932225204
"chr4-056",-0.335718774618938
"chr4-057",-0.0967845175557798
"chr4-058",-0.100767010451938
"chr4-059",-0.192408997342285
"chr4-060",-0.136344496452365
"chr4-061",-0.216316832001616
"chr4-062",-0.173171814855171
"chr4-063",-0.134396250694041
"chr4-064",-0.105847034608064
"chr4-065",-0.010595479282644
"chr4-066",-0.0635772573805667
"chr4-067",0.00986231029103361
"chr4-068",-0.018136488740429
"chr4-069",0.0556444581311901
"chr4-070",0.0244502518116784
"chr4-071",0.0145245940092796
"chr4-072",-0.0442094968870687
"chr4-073",-0.172614356967739
"chr4-074",-0.0338404330021491
"chr4-075",-0.075867336641752
"chr4-076",-0.045785603725886
"chr4-077",-0.102705164559649
"chr4-078",-0.0884753114638493
"chr4-079",-0.0687831396052721
"chr4-080",0.000704533241534846
"chr4-081",-0.0941415632848979
"chr4-082",-0.13173986723301
"chr4-083",-0.0922679201065041
"chr4-084",-0.077489633346441
"chr4-085",-0.0860004028965594
"chr4-086",-0.0708748493698135
"chr4-087",0.111511508677442
"chr4-088",-0.183182083461982
"chr4-089",-0.0344952387945107
"chr4-090",-0.0538776432012674
"chr4-091",-0.0432469757532857
"chr4-092",-0.0827638141532167
"chr4-093",-0.112144094931374
"chr4-094",-0.0495331204806523
"chr4-095",-0.04597741430009
"chr4-096",-0.00102794387259722
"chr4-097",-0.0435321885137281
"chr4-098",-0.0546364062557219
"chr4-099",-0.148226134621574
"chr4-100",-0.0463956892679501
"chr4-101",-0.340043208565901
"chr4-102",-0.0907947205494493
"chr4-103",-0.133845347129666
"chr4-104",-0.283203546446322
"chr4-105",-0.225109878608361
"chr4-106",-0.0864981842803611
"chr4-107",-0.179714048853531
"chr4-108",-0.178491391510028
"chr4-109",-0.115948440026412
"chr4-110",-0.127494303729407
"chr4-111",-0.139839823520057
"chr4-112",-0.341209718935235
"chr4-113",-0.3292364874619
"chr4-114",-0.215582367592065
"chr4-115",0.0174926974021649
"chr4-116",-0.121567530042858
"chr4-117",-0.246089794723394
"chr4-118",-0.187394162758299
"chr4-119",-0.140977653267094
"chr4-120",-0.0774586792399415
"chr4-121",-0.125829762289989
"chr4-122",-0.21070845734469
"chr4-123",-0.124599711034632
"chr4-124",-0.151009461837216
"chr4-125",-0.0610011211482553
"chr4-126",-0.110250289158102
"chr4-127",-0.00465015861437588
"chr4-128",-0.0668012154899509
"chr4-129",-0.160297259865623
"chr4-130",-0.152224308834741
"chr4-131",-0.101592104625626
"chr4-132",-0.10188746288831
"chr4-133",-0.252191527779206
"chr4-134",-0.0910239669811259
"chr4-135",-0.077291735534152
"chr4-136",-0.10457238950121
"chr4-137",0.034715710399701
"chr4-138",-0.0146036880706799
"chr4-139",-0.0811285924010693
"chr4-140",0.00199660939240616
"chr4-141",-0.0154602388025274
"chr4-142",-0.116915132332804
"chr4-143",-0.112280223137599
"chr4-144",-0.10581811937475
"chr4-145",-0.191812976841968
"chr4-146",-0.0478109197851177
"chr4-147",-0.050917883159117
"chr4-148",-0.160113238502674
"chr4-149",-0.00392272292493921
"chr4-150",-0.0641157903152988
"chr4-151",-0.111044030490402
"chr4-152",-0.167499485783171
"chr4-153",-0.11039435642879
"chr4-154",-0.143350874981449
"chr4-155",-0.2315251280533
"chr4-156",-0.182784910527821
"chr4-157",-0.221819849348772
"chr4-158",-0.157868450638445
"chr4-159",-0.184642158210769
"chr4-160",-0.168762341513877
"chr4-161",-0.116800930592398
"chr4-162",-0.106087921024696
"chr4-163",-0.07200748678241
"chr4-164",-0.00966874222650318
"chr4-165",-0.0594643926759813
"chr4-166",-0.125046229241797
"chr4-167",-0.0980980508809191
"chr4-168",-0.158055411449409
"chr4-169",-0.188116952673761
"chr4-170",-0.120011838106396
"chr4-171",-0.279092656960754
"chr4-172",-0.107965318970938
"chr4-173",-0.0900031582233598
"chr4-174",-0.121759595553449
"chr4-175",-0.230594278087077
"chr4-176",-0.217533028424056
"chr4-177",-0.0770792730269461
"chr4-178",-0.0428289866238743
"chr4-179",-0.19263423258882
"chr4-180",-0.234131313378418
"chr4-181",-0.284667250833351
"chr4-182",-0.210466049774362
"chr4-183",-0.0640589898657473
"chr4-184",-0.0520219861469945
"chr4-185",-0.194014511648458
"chr4-186",-0.121593985267143
"chr4-187",-0.0990133936910363
"chr4-188",-0.0663038205944664
"chr4-189",-0.156344913664147
"chr4-190",-0.235917116800975
"chr4-191",-0.0547298010971438
"chr4-192",-0.114048144045386
"chr4-193",-0.0723305853781067
"chr4-194",-0.119054412479409
"chr4-195",-0.164987064116717
"chr4-196",-0.284189492280074
"chr4-197",-0.317665765169856
"chr4-198",-0.125893095837918
"chr4-199",-0.272810796844952
"chr4-200",-0.0561841222398107
"chr4-201",-0.192589044723709
"chr4-202",-0.0950778960088106
"chr4-203",-0.0969408964703145
"chr4-204",-0.218173870871016
"chr4-205",-0.111548205519211
"chr4-206",-0.079694242446808
"chr4-207",-0.11911287169559
"chr4-208",-0.190251761418519
"chr4-209",-0.145836875360118
"chr4-210",-0.149380404336797
"chr4-211",-0.100374117702282
"chr4-212",-0.295915480173736
"chr4-213",-0.203436377152344
"chr4-214",-0.207629896218503
"chr4-215",-0.126987205916778
"chr4-216",0.0325052753073032
"chr4-217",-0.0762274422851212
"chr4-218",0.00212862855439884
"chr4-219",-0.023291216880286
"chr4-220",0.0201341233568529
"chr4-221",-0.238611442198464
"chr4-222",-0.259686282691597
"chr4-223",-0.133701754693444
"chr4-224",0.0199025175492213
"chr4-225",-0.0467090287281982
"chr4-226",-0.236449834972281
"chr4-227",-0.0625904657370972
"chr4-228",-0.167772473973547
"chr4-229",-0.156957935950719
"chr4-230",-0.183692277944142
"chr4-231",-0.242685413060586
"chr4-232",-0.24530977358809
"chr4-233",-0.148963967409357
"chr4-234",-0.0757255062618127
"chr4-235",-0.0562870462905273
"chr4-236",-0.0734176418172638
"chr4-237",-0.0694304288075207
"chr4-238",-0.076370844328976
"chr4-239",-0.0901842141812399
"chr4-240",-0.234599511741595
"chr4-241",-0.229575681378419
"chr4-242",-0.0125524119117197
"chr4-243",-0.0216379411050723
"chr4-244",-0.151936039593732
"chr4-245",-0.0580767123718102
"chr4-246",-0.115146681999007
"chr4-247",-0.0894285042913038
"chr4-248",-0.0818103429574317
"chr4-249",-0.148700587638055
"chr4-250",-0.067848920550261
"chr4-251",-0.0480411555430259
"chr4-252",-0.0178547212796912
"chr4-253",-0.0320512309355712
"chr4-254",-0.0933092742077756
"chr4-255",-0.0453748489357857
"chr4-256",-0.129607436404411
"chr4-257",-0.0286312504439354
"chr4-258",-0.0317112157763732
"chr4-259",-0.0113036944097562
"chr4-260",-0.152252426716674
"chr4-261",-0.19448087015742
"chr4-262",-0.0243779383424391
"chr4-263",-0.03147199577078
"chr4-264",-0.0567196331377115
"chr4-265",-0.105513908195824
"chr4-266",-0.198928383000613
"chr4-267",-0.232294780020374
"chr4-268",-0.114576681619783
"chr4-269",-0.0431449361247339
"chr4-270",-0.147340331503116
"chr4-271",-0.123094640181823
"chr4-272",-0.102762565981942
"chr4-273",-0.118970956572372
"chr4-274",-0.0607161799284827
"chr4-275",-0.108867862307973
"chr4-276",-0.180179002380474
"chr4-277",-0.266483959367411
"chr4-278",-0.246203289976753
"chr4-279",-0.409742200982709
"chr4-280",-0.117295673438565
"chr4-281",-0.192606998123667
"chr4-282",-0.108452119654862
"chr4-283",-0.123412455039061
"chr4-284",-0.138901579369336
"chr4-285",-0.114678325040746
"chr4-286",-0.0608345076681608
"chr4-287",-0.159199942516181
"chr4-288",-0.263897728764525
"chr4-289",-0.215638914160464
"chr4-290",-0.174001748248077
"chr4-291",-0.0981782912508304
"chr4-292",-0.0930392203268331
"chr4-293",-0.176325910104814
"chr4-294",0.0172417869929182
"chr4-295",-0.108347332003061
"chr4-296",-0.16548317230162
"chr4-297",-0.154395702352445
"chr4-298",-0.0581376641187379
"chr4-299",-0.0357708938810824
"chr4-300",-0.237875722046785
"chr4-301",-0.122034488275776
"chr4-302",-0.0123800032814401
"chr4-303",-0.0676520383801743
"chr4-304",-0.184633863866853
"chr4-305",-0.250803090520605
"chr4-306",-0.115117071317829
"chr4-307",-0.170402764597475
"chr4-308",-0.200847212097779
"chr4-309",-0.328461889950831
"chr4-310",-0.0218929933339846
"chr4-311",-0.232730753443639
"chr4-312",-0.00957577698035205
"chr4-313",-0.236156206585965
"chr4-314",-0.0454081842055579
"chr4-315",-0.0715987192299797
"chr4-316",-0.0367543610837717
"chr4-317",0.0320301053237131
"chr4-318",-0.00616373379946344
"chr4-319",-0.0104379884288197
"chr4-320",0.00160087098868817
"chr4-321",-0.0632011104747203
"chr4-322",0.0492930280757041
"chr4-323",-0.0434132586821594
"chr4-324",-0.1108744491108
"chr4-325",-0.0321147966524222
"chr4-326",0.0189361416687029
"chr4-327",0.0302885062363921
"chr4-328",0.0697018307313238
"chr4-329",0.0189361087169777
"chr4-330",0.199121879406382
"chr5-001",0.119143382958062
"chr5-002",0.102127574408862
"chr5-003",0.0849108870121498
"chr5-004",0.00805615478199081
"chr5-005",-0.0846261792483094
"chr5-006",-0.0971030565778257
"chr5-007",-0.12833478933846
"chr5-008",-0.0335842940298747
"chr5-009",-0.161258985257175
"chr5-010",-0.121500422687368
"chr5-011",-0.0393698567071847
"chr5-012",-0.120484325544787
"chr5-013",-0.114792895971261
"chr5-014",0.0200754700901951
"chr5-015",0.0135672382670546
"chr5-016",0.00951630644615602
"chr5-017",-0.0559120432927223
"chr5-018",-0.0339907525225549
"chr5-019",-0.114790973481847
"chr5-020",-0.119494057321914
"chr5-021",-0.0168646424194586
"chr5-022",-0.0390764493773508
"chr5-023",-0.00348162083570937
"chr5-024",0.0714281194984302
"chr5-025",-0.230866085662972
"chr5-026",-0.184835557432066
"chr5-027",-0.149906436326269
"chr5-028",-0.132633890471763
"chr5-029",-0.0508998124083175
"chr5-030",-0.00527225550701712
"chr5-031",-0.108592230074084
"chr5-032",-0.0147052775945166
"chr5-033",-0.0834605641827676
"chr5-034",0.0460845949033561
"chr5-035",0.0244581569433791
"chr5-036",-0.110004772015876
"chr5-037",-0.303015747623847
"chr5-038",-0.205686571096428
"chr5-039",-0.0620971296684698
"chr5-040",0.0721423963829328
"chr5-041",-0.310429212182862
"chr5-042",-0.392464357555739
"chr5-043",-0.181263070661334
"chr5-044",0.0650996545197485
"chr5-045",-0.179726112335287
"chr5-046",-0.0614416094935572
"chr5-047",-0.113847918554968
"chr5-048",-0.0516184368304995
"chr5-049",-0.209336348013594
"chr5-050",-0.164352901007531
"chr5-051",-0.0835312262815938
"chr5-052",-0.303937990203068
"chr5-053",-0.10009685680287
"chr5-054",-0.218054837052339
"chr5-055",-0.03734548897812
"chr5-056",-0.0198276734385255
"chr5-057",-0.0454702878662734
"chr5-058",-0.0910386034302154
"chr5-059",-0.102084836998219
"chr5-060",-0.119970579546481
"chr5-061",-0.02279838135684
"chr5-062",-0.0391087249496875
"chr5-063",-0.124131362201767
"chr5-064",-0.0993114561591905
"chr5-065",-0.138729720416207
"chr5-066",0.0274502440131251
"chr5-067",-0.0399025554883141
"chr5-068",-0.0672122072610897
"chr5-069",-0.134789307343159
"chr5-070",-0.0870763580991999
"chr5-071",-0.128420274940379
"chr5-072",-0.20577740365906
"chr5-073",-0.11188787527128
"chr5-074",-0.225649514100717
"chr5-075",-0.130179579004128
"chr5-076",0.0153669861851589
"chr5-077",-0.061227309052203
"chr5-078",-0.0829413993224899
"chr5-079",-0.0357847829038991
"chr5-080",-0.13099293742117
"chr5-081",-0.215137340584637
"chr5-082",-0.224549081974052
"chr5-083",-0.108043086296347
"chr5-084",-0.0654874706752123
"chr5-085",-0.119082825037671
"chr5-086",-0.200663241834431
"chr5-087",-0.181287367654835
"chr5-088",-0.18291619811164
"chr5-089",-0.177863645281914
"chr5-090",-0.146818013665655
"chr5-091",-0.131646364461394
"chr5-092",-0.10995583295935
"chr5-093",-0.0155643460222216
"chr5-094",-0.0499369807418947
"chr5-095",-0.0256197987988387
"chr5-096",-0.0248576958825988
"chr5-097",-0.126010418890475
"chr5-098",-0.192573711387345
"chr5-099",-0.245223845352829
"chr5-100",-0.0566354786744884
"chr5-101",-0.152788053106474
"chr5-102",-0.202657812476613
"chr5-103",-0.0943479911547198
"chr5-104",-0.0654498606355622
"chr5-105",-0.143248811763763
"chr5-106",-0.0717529442983773
"chr5-107",-0.167475321796274
"chr5-108",-0.187025288140005
"chr5-109",-0.0999873740790541
"chr5-110",-0.266850535119074
"chr5-111",-0.157491800270944
"chr5-112",-0.0615377834023415
"chr5-113",-0.124664226232196
"chr5-114",-0.0982008867661563
"chr5-115",-0.0831205827399136
"chr5-116",-0.124270471017703
"chr5-117",-0.0666510005090527
"chr5-118",-0.109759738710536
"chr5-119",0.0160127259883088
"chr5-120",0.0258926833014449
"chr5-121",-0.0981685875936378
"chr5-122",-0.0551601815856171
"chr5-123",-0.0566290339892219
"chr5-124",-0.075276043480121
"chr5-125",-0.123773503371466
"chr5-126",-0.125254674707628
"chr5-127",-0.152024448145059
"chr5-128",-0.0893537909157428
"chr5-129",-0.0603516910336914
"chr5-130",-0.0758790020202707
"chr5-131",-0.0826344435813554
"chr5-132",-0.0154403058382561
"chr5-133",-0.0961048663994749
"chr5-134",-0.0766513461284346
"chr5-135",-0.111427345797463
"chr5-136",-0.0140912609376917
"chr5-137",-0.0383528168999025
"chr5-138",0.00622264884061307
"chr5-139",-0.0574712697834807
"chr5-140",0.0207224751822901
"chr5-141",-0.103910054046425
"chr5-142",0.00197801871026221
"chr5-143",-0.134676908952665
"chr5-144",-0.154468709114411
"chr5-145",-0.123787028054326
"chr5-146",-0.11545388937874
"chr5-147",-0.0579447640624577
"chr5-148",-0.0815775940677866
"chr5-149",-0.067054403191725
"chr5-150",-0.134330714251915
"chr5-151",-0.531856900194483
"chr5-152",-0.14753873950603
"chr5-153",-0.116544613909109
"chr5-154",-0.207447034621304
"chr5-155",-0.283046535933317
"chr5-156",-0.0936434963913567
"chr5-157",-0.205872608317591
"chr5-158",-0.173441137712601
"chr5-159",-0.171775576723036
"chr5-160",-0.214744393209098
"chr5-161",-0.108570978492447
"chr5-162",-0.0324617734465474
"chr5-163",-0.174177090040831
"chr5-164",-0.201645301787604
"chr5-165",-0.209753222208945
"chr5-166",-0.0989539592555582
"chr5-167",-0.192444816648399
"chr5-168",-0.0283804582566292
"chr5-169",-0.136742525956863
"chr5-170",-0.193926753185892
"chr5-171",-0.221707579988136
"chr5-172",-0.0910996982533286
"chr5-173",-0.105455495320694
"chr5-174",-0.218381128060159
"chr5-175",-0.209000635432552
"chr5-176",-0.0825474149983019
"chr5-177",-0.154162626721607
"chr5-178",-0.240792329004849
"chr5-179",-0.208864917146833
"chr5-180",-0.0893001621389503
"chr5-181",-0.109821197512559
"chr5-182",-0.134730002587859
"chr5-183",-0.0707420868501026
"chr5-184",0.0386232657373373
"chr5-185",-0.110651605051893
"chr5-186",-0.115107515685149
"chr5-187",-0.0740624444108684
"chr5-188",-0.160703731225372
"chr5-189",-0.163307410496593
"chr5-190",-0.151562663545216
"chr5-191",-0.128472511484891
"chr5-192",-0.122751192223091
"chr5-193",-0.0450619388716118
"chr5-194",-0.119402828558908
"chr5-195",-0.123206802232835
"chr5-196",-0.018682931139854
"chr5-197",-0.0785912393971864
"chr5-198",-0.048678480480783
"chr5-199",-0.115455136486258
"chr5-200",-0.054383315423788
"chr5-201",-0.189726863101274
"chr5-202",-0.146400654902132
"chr5-203",-0.107520611005874
"chr5-204",-0.112029042221491
"chr5-205",-0.140671739986832
"chr5-206",-0.213343387030609
"chr5-207",-0.0212297997429059
"chr5-208",-0.0936210587522168
"chr5-209",-0.0681422803893028
"chr5-210",0.0305077786042591
"chr5-211",-0.109300262339379
"chr5-212",-0.0866334061465169
"chr5-213",-0.0330812599604811
"chr5-214",-0.127123696968859
"chr5-215",-0.130527953406963
"chr5-216",-0.140888993818864
"chr5-217",0.000868202220384988
"chr5-218",-0.0625418469743452
"chr5-219",-0.106452275864159
"chr5-220",0.00689568632813996
"chr5-221",-0.0721421927292334
"chr5-222",-0.0498842046479834
"chr5-223",0.0303824394169732
"chr5-224",-0.191057459430163
"chr5-225",-0.144051879825582
"chr5-226",-0.0415786531387822
"chr5-227",-0.138072131101666
"chr5-228",-0.0494462567105861
"chr5-229",-0.00468589004282642
"chr5-230",-0.146218610950042
"chr5-231",-0.0956700877211545
"chr5-232",-0.00804774917279503
"chr5-233",0.0197867408758634
"chr5-234",-0.0823085262296787
"chr5-235",-0.0898455771291664
"chr5-236",-0.160582434391019
"chr5-237",-0.169922553194654
"chr5-238",-0.0964429946260786
"chr5-239",-0.100007993434694
"chr5-240",-0.0242312510587717
"chr5-241",-0.00627020425717452
"chr5-242",-0.00260587637631901
"chr5-243",-0.105055463626875
"chr5-244",0.0215411812202002
"chr5-245",-0.00409904778924458
"chr5-246",-0.0968534727788797
"chr5-247",-0.185464550537096
"chr5-248",-0.0594296528474252
"chr5-249",-0.0669901606073816
"chr5-250",-0.0660551186696785
"chr5-251",-0.101507293795783
"chr5-252",-0.0890605932684064
"chr5-253",-0.257188885738646
"chr5-254",-0.321095196894348
"chr5-255",-0.151303346186733
"chr5-256",-0.0569719323627478
"chr5-257",-0.117493007636242
"chr5-258",-0.127606451202715
"chr5-259",-0.0763526125368216
"chr5-260",-0.211089076860479
"chr5-261",-0.156393324222058
"chr5-262",-0.0763479161811679
"chr5-263",-0.0330908344761799
"chr5-264",-0.0864673133299628
"chr5-265",-0.0830663022446456
"chr5-266",-0.0669416289181839
"chr5-267",-0.0357897357697943
"chr5-268",-0.19537779031532
"chr5-269",-0.122070369473354
"chr5-270",-0.206270706599921
"chr5-271",-0.16582131921281
"chr5-272",-0.101849297312657
"chr5-273",-0.00499420895186603
"chr5-274",-0.0700825144387399
"chr5-275",-0.144829714413497
"chr5-276",-0.108865942737961
"chr5-277",-0.00657587617794878
"chr5-278",-0.0789364994494439
"chr5-279",0.0376975029190774
"chr5-280",-0.0583064354478255
"chr5-281",-0.0995903027967762
"chr5-282",-0.028255820700986
"chr5-283",-0.0922554869909865
"chr5-284",-0.0742671719461854
"chr5-285",-0.17283709660551
"chr5-286",-0.158543556488805
"chr5-287",-0.27824944178254
"chr5-288",-0.253399622851151
"chr5-289",-0.115161067416219
"chr5-290",-0.240401553246545
"chr5-291",-0.0374167344499751
"chr5-292",-0.114845076797287
"chr5-293",-0.0665268319740855
"chr5-294",-0.143689820430628
"chr5-295",-0.156276980758583
"chr5-296",-0.145216251512065
"chr5-297",-0.0779230776516267
"chr5-298",-0.133545929508993
"chr5-299",-0.0638901750902842
"chr5-300",-0.105012517118699
"chr5-301",-0.0819332380674781
"chr5-302",-0.0728425161991661
"chr5-303",0.03542894863509
"chr5-304",-0.0733890062174684
"chr5-305",0.0255575582237743
"chr5-306",-0.0110540799031226
"chr5-307",-0.0182311931310332
"chr5-308",-0.0745727084436448
"chr5-309",-0.112585251720379
"chr5-310",-0.10325546277457
"chr5-311",-0.01349614620118
"chr5-312",-0.0881517304864131
"chr5-313",0.0203773029926689
"chr5-314",-0.0246714519323744
"chr5-315",0.0612976281958426
"chr5-316",0.0312532079663203
"chr5-317",0.00300131344126966
"chr5-318",0.0144447281430411
"chr5-319",0.0385965763379846
"chr5-320",0.0801329176898314
"chr5-321",0.0585341048249191
"chr5-322",0.101313074223316
"chr5-323",-0.012221275289702
"chr6-001",-0.0377852952484409
"chr6-002",-0.0202191757642898
"chr6-003",-0.0364955125626788
"chr6-004",-0.0145638201182502
"chr6-005",-0.096039814364191
"chr6-006",-0.0720976995336305
"chr6-007",-0.0367988854948404
"chr6-008",-0.0367055484556537
"chr6-009",-0.00439616884433586
"chr6-010",-0.0398149205014191
"chr6-011",-0.0121230927310139
"chr6-012",-0.064456583987834
"chr6-013",-0.0198111891844576
"chr6-014",-0.100111362963424
"chr6-015",-0.00887785719696037
"chr6-016",-0.0922264131271265
"chr6-017",-0.207444792026531
"chr6-018",-0.187619995824405
"chr6-019",-0.205475736060912
"chr6-020",-0.147063213084341
"chr6-021",-0.0993229439195459
"chr6-022",-0.0172812065002522
"chr6-023",-0.0817703179165361
"chr6-024",-0.120522513047452
"chr6-025",-0.111870649335307
"chr6-026",-0.164511277376957
"chr6-027",-0.0521232765496067
"chr6-028",-0.0426780973062055
"chr6-029",-0.0943100518142645
"chr6-030",-0.0397255785976067
"chr6-031",0.0748505676302132
"chr6-032",-0.0193408723877282
"chr6-033",-0.018295296789479
"chr6-034",-0.0377636044446567
"chr6-035",-0.0856701929827609
"chr6-036",0.00742151618504388
"chr6-037",-0.0435734277651763
"chr6-038",-0.237303559607049
"chr6-039",-0.0661856690522757
"chr6-040",-0.0688062889662725
"chr6-041",-0.0351118450532325
"chr6-042",-0.119214851545943
"chr6-043",-0.0861199747935262
"chr6-044",-0.076918190811409
"chr6-045",-0.205765662591347
"chr6-046",-0.19386276627539
"chr6-047",-0.272644135696476
"chr6-048",-0.0830002075958149
"chr6-049",-0.0626710910472948
"chr6-050",-0.0300874405075648
"chr6-051",-0.179513146210464
"chr6-052",-0.16494882294416
"chr6-053",-0.161528453351543
"chr6-054",-0.152044859255311
"chr6-055",-0.157185924706493
"chr6-056",-0.176104777968435
"chr6-057",-0.162273254722576
"chr6-058",-0.227772875859455
"chr6-059",-0.0959403152324929
"chr6-060",-0.104055244008038
"chr6-061",-0.0581056595767802
"chr6-062",-0.0805585902718922
"chr6-063",-0.0542888584677212
"chr6-064",-0.0737691295271972
"chr6-065",-0.127794071170922
"chr6-066",-0.100157305352361
"chr6-067",-0.10774961981145
"chr6-068",-0.0341019566914883
"chr6-069",-0.0493000774889499
"chr6-070",0.00923928706873074
"chr6-071",-0.0417477558005461
"chr6-072",0.000676757306492799
"chr6-073",-0.050541036549369
"chr6-074",-0.00308125810370942
"chr6-075",-0.0796588630059884
"chr6-076",-0.101549791199457
"chr6-077",-0.100669839183941
"chr6-078",-0.160230365167329
"chr6-079",-0.0828564409708914
"chr6-080",-0.200949691939105
"chr6-081",-0.194423126521465
"chr6-082",-0.119743641545059
"chr6-083",-0.00622952130887997
"chr6-084",-0.0135693448318357
"chr6-085",-0.010019858599925
"chr6-086",0.00403094887457162
"chr6-087",-0.0844967546427672
"chr6-088",-0.0824231348419265
"chr6-089",-0.140557515526237
"chr6-090",-0.0294710643805847
"chr6-091",-0.111447622336525
"chr6-092",-0.166594061350546
"chr6-093",-0.118659658635534
"chr6-094",-0.141688026851336
"chr6-095",-0.161309753058351
"chr6-096",-0.10485993748899
"chr6-097",-0.15915722086925
"chr6-098",-0.291535549771806
"chr6-099",-0.227736168227019
"chr6-100",-0.323326268008757
"chr6-101",-0.326180693571222
"chr6-102",-0.290661749512468
"chr6-103",-0.136801274714078
"chr6-104",-0.0968364930292146
"chr6-105",-0.0802878528006339
"chr6-106",-0.0875834716614901
"chr6-107",-0.0855596110202217
"chr6-108",-0.251199625164056
"chr6-109",-0.215045183016846
"chr6-110",-0.214136583702341
"chr6-111",-0.117613130309765
"chr6-112",-0.170508158351066
"chr6-113",-0.142132242554573
"chr6-114",-0.0999961516964907
"chr6-115",-0.124882793457315
"chr6-116",-0.280406481095482
"chr6-117",-0.287388623856327
"chr6-118",-0.132183727057391
"chr6-119",-0.125187974873651
"chr6-120",-0.165695757189288
"chr6-121",-0.0927389802596364
"chr6-122",-0.0652196959412601
"chr6-123",-0.134268235861884
"chr6-124",-0.335657852227969
"chr6-125",-0.212723878936896
"chr6-126",-0.29321290001908
"chr6-127",-0.184258373694599
"chr6-128",-0.123524607780654
"chr6-129",-0.0792157524967937
"chr6-130",-0.121530300485998
"chr6-131",-0.0511607256307422
"chr6-132",-0.16036072335756
"chr6-133",-0.190371301295758
"chr6-134",-0.0550950209072164
"chr6-135",0.0258415071168369
"chr6-136",-0.152494333884783
"chr6-137",-0.188728046756899
"chr6-138",-0.198411443945678
"chr6-139",-0.142025026442148
"chr6-140",-0.050830145606483
"chr6-141",-0.174485849067347
"chr6-142",-0.442545701476888
"chr6-143",-0.181051776765878
"chr6-144",-0.137872338422313
"chr6-145",-0.119994064967105
"chr6-146",-0.257988610839547
"chr6-147",-0.277587186450001
"chr6-148",-0.171743127576274
"chr6-149",-0.0734823888827037
"chr6-150",-0.26029188234361
"chr6-151",-0.0993529760352805
"chr6-152",-0.048925582289785
"chr6-153",-0.156228278638936
"chr6-154",-0.104873682721815
"chr6-155",-0.138551519112869
"chr6-156",-0.0590101939888675
"chr6-157",-0.0373204410898997
"chr6-158",-0.158253138683026
"chr6-159",-0.114680600822973
"chr6-160",-0.102884166948078
"chr6-161",-0.196662045536021
"chr6-162",-0.0324329099304237
"chr6-163",-0.120334486599833
"chr6-164",0.0144238877186094
"chr6-165",-0.111898698073282
"chr6-166",-0.158576908116245
"chr6-167",-0.106573478434275
"chr6-168",-0.0545316321058231
"chr6-169",-0.121892706146928
"chr6-170",-0.335908657019355
"chr6-171",-0.115170441134616
"chr6-172",-0.182185316507454
"chr6-173",-0.187493831947222
"chr6-174",-0.117721047612922
"chr6-175",-0.199955001816123
"chr6-176",-0.378848310234161
"chr6-177",-0.0930244997830591
"chr6-178",-0.198136511588387
"chr6-179",-0.144265332405935
"chr6-180",-0.261082324909399
"chr6-181",-0.286515550322333
"chr6-182",-0.376268938503603
"chr6-183",-0.321923083150394
"chr6-184",-0.229972269488095
"chr6-185",-0.17481114447303
"chr6-186",-0.0845593116198788
"chr6-187",-0.131709898416759
"chr6-188",-0.129260744730635
"chr6-189",-0.138398690956245
"chr6-190",0.021920976647026
"chr6-191",-0.0708484188002182
"chr6-192",-0.0625350783688156
"chr6-193",-0.0390784038233907
"chr6-194",-0.0948506616156749
"chr6-195",-0.20847070426632
"chr6-196",-0.0981825450739742
"chr6-197",0.00579763081318433
"chr6-198",-0.0384619989533829
"chr6-199",-0.0882994170359316
"chr6-200",-0.186878292574483
"chr6-201",-0.317589460877219
"chr6-202",-0.263000479377214
"chr6-203",-0.0423753644712644
"chr6-204",-0.180858504513081
"chr6-205",-0.323279828073639
"chr6-206",-0.293040275981751
"chr6-207",-0.205988827827853
"chr6-208",-0.187679341091877
"chr6-209",-0.153996913716316
"chr6-210",-0.084375812914464
"chr6-211",-0.180911790175316
"chr6-212",-0.114557294144778
"chr6-213",-0.0363226108817436
"chr6-214",-0.0571175024036482
"chr6-215",-0.276144569958604
"chr6-216",-0.118398508695344
"chr6-217",-0.278177224207802
"chr6-218",-0.223947041501182
"chr6-219",-0.359737501017083
"chr6-220",-0.210658127549975
"chr6-221",-0.323922706546996
"chr6-222",-0.077452037455892
"chr6-223",-0.153064313069941
"chr6-224",-0.149060986537046
"chr6-225",-0.261402359235172
"chr6-226",-0.171396320788604
"chr6-227",-0.11040827988702
"chr6-228",-0.249790462417308
"chr6-229",-0.205000902135409
"chr6-230",-0.159181849928079
"chr6-231",-0.176426297018925
"chr6-232",-0.159811202767281
"chr6-233",-0.107840700178632
"chr6-234",-0.0651407844655054
"chr6-235",-0.0689922432353344
"chr6-236",-0.121185977267362
"chr6-237",-0.0942622335093449
"chr6-238",-0.136435272121864
"chr6-239",-0.108408464088507
"chr6-240",-0.141191767140602
"chr6-241",-0.033528286662972
"chr6-242",-0.0988114885401675
"chr6-243",-0.0685433798912856
"chr6-244",-0.098189860071247
"chr6-245",-0.17961795446347
"chr6-246",-0.014741975569603
"chr6-247",-0.120587960835377
"chr6-248",-0.117208339388825
"chr6-249",-0.0976312167766713
"chr6-250",-0.03765624240359
"chr6-251",-0.0659987970643643
"chr6-252",-0.158575606026206
"chr6-253",-0.168809550698704
"chr6-254",-0.225763376664622
"chr6-255",-0.28762813469619
"chr6-256",-0.145596006457499
"chr6-257",-0.198128463393756
"chr6-258",-0.114695563046206
"chr6-259",-0.118598570989149
"chr6-260",-0.116895319676575
"chr6-261",-0.0587417202968784
"chr6-262",-0.0585599584701206
"chr6-263",-0.20338119900346
"chr6-264",-0.110441752250185
"chr6-265",-0.167842160871742
"chr6-266",-0.0961061314690133
"chr6-267",-0.101417814891024
"chr6-268",-0.142098177471506
"chr6-269",-0.0144263564159377
"chr6-270",-0.0675650614481044
"chr6-271",-0.0886951863149832
"chr6-272",0.0419539215304251
"chr6-273",-0.0435588496221628
"chr6-274",0.0368724562953449
"chr6-275",0.0140995270440181
"chr6-276",-0.185234534601424
"chr6-277",-0.0765084070629428
"chr6-278",-0.0673258259788067
"chr6-279",-0.156262991888456
"chr6-280",-0.00375727626668684
"chr6-281",0.00809577136005547
"chr6-282",-0.102483260120895
"chr6-283",-0.118320703929204
"chr6-284",-0.0248535779759133
"chr6-285",-0.0222972224619638
"chr6-286",-0.063477821816701
"chr6-287",-0.000905359665805306
"chr6-288",-0.0257533483929091
"chr6-289",0.0180257235552221
"chr6-290",-0.119588003405305
"chr6-291",-0.0343632439541724
"chr6-292",-0.0547887368537179
"chr6-293",-0.0575734285685782
"chr6-294",-0.0495113709658377
"chr6-295",-0.0843724666727028
"chr6-296",-0.0505620482522402
"chr6-297",-0.0703224371462401
"chr6-298",-0.105167930146794
"chr6-299",-0.0894856416654372
"chr6-300",-0.136758345358909
"chr6-301",-0.171084086188283
"chr6-302",-0.093992060624193
"chr6-303",-0.0572389526045279
"chr6-304",-0.0400212486656908
"chr6-305",-0.0761881656522342
"chr6-306",-0.0909439002133468
"chr6-307",0.0132789678712743
"chr6-308",-0.0400124752722424
"chr6-309",-0.0406663934280225
"chr6-310",-0.0569356703789392
"chr6-311",-0.031555138458502
"chr6-312",0.0240151798458331
"chr6-313",-0.143987208711734
"chr7-001",0.0479952912323109
"chr7-002",0.0957758243338142
"chr7-003",0.135523368429684
"chr7-004",0.0845151594340948
"chr7-005",0.101518097930465
"chr7-006",0.0869923276298139
"chr7-007",0.0503663457420678
"chr7-008",-0.00568095345263422
"chr7-009",-0.0985081071947597
"chr7-010",-0.0752990152699739
"chr7-011",0.0737665698288782
"chr7-012",0.0736884442293212
"chr7-013",0.0856514389157006
"chr7-014",0.05658536802447
"chr7-015",0.0542253423310933
"chr7-016",-0.172348722335064
"chr7-017",-0.0851241687802138
"chr7-018",-0.137381352098526
"chr7-019",-0.205678050319838
"chr7-020",-0.193083902709402
"chr7-021",-0.146619109751567
"chr7-022",-0.113396360334699
"chr7-023",-0.24802740354024
"chr7-024",-0.241653894690812
"chr7-025",-0.1533479578215
"chr7-026",-0.319934901677216
"chr7-027",-0.1659997186508
"chr7-028",-0.217752353416266
"chr7-029",-0.241054274559301
"chr7-030",-0.117916294179874
"chr7-031",-0.0974417128508987
"chr7-032",-0.247704844664107
"chr7-033",-0.0873834283060817
"chr7-034",-0.197388651244275
"chr7-035",-0.150962629497542
"chr7-036",-0.193951956865733
"chr7-037",-0.183991713478835
"chr7-038",-0.126145936018139
"chr7-039",-0.269932321255514
"chr7-040",-0.209353973114008
"chr7-041",-0.0896893355533955
"chr7-042",-0.140659133965598
"chr7-043",-0.106434261413944
"chr7-044",-0.101591590594175
"chr7-045",-0.106957438766123
"chr7-046",-0.0667508519815328
"chr7-047",-0.0226525804387949
"chr7-048",-0.150284851130032
"chr7-049",-0.0452213813712423
"chr7-050",-0.103830831734263
"chr7-051",-0.0344620072396484
"chr7-052",-0.0399595744512424
"chr7-053",-0.12833736298065
"chr7-054",-0.0134761822038798
"chr7-055",-0.0526794764933627
"chr7-056",-0.0731568496438978
"chr7-057",-0.0456052191087278
"chr7-058",-0.129215881839688
"chr7-059",-0.0314872796968939
"chr7-060",-0.0973279959516335
"chr7-061",-0.122936067238343
"chr7-062",-0.156207491423937
"chr7-063",-0.28428420726396
"chr7-064",-0.039962453110512
"chr7-065",0.0106528050059982
"chr7-066",0.0152933829844782
"chr7-067",-0.0773481703597945
"chr7-068",-0.191009813051495
"chr7-069",-0.184559525628503
"chr7-070",-0.114220770120164
"chr7-071",-0.122168870959472
"chr7-072",-0.0967360422166857
"chr7-073",-0.147881444616876
"chr7-074",-0.0520012752319307
"chr7-075",-0.0951611167143521
"chr7-076",-0.121078717912784
"chr7-077",-0.0966184505587421
"chr7-078",-0.164181909470416
"chr7-079",-0.0684937053533633
"chr7-080",-0.0412447012960128
"chr7-081",-0.176090563454419
"chr7-082",-0.210461989455613
"chr7-083",-0.187636506452649
"chr7-084",-0.0784605655133305
"chr7-085",-0.168380013579139
"chr7-086",-0.0588869345268331
"chr7-087",-0.0660173627575874
"chr7-088",-0.0479373694993597
"chr7-089",-0.0324299646885406
"chr7-090",-0.0874571253931287
"chr7-091",-0.0947793657966375
"chr7-092",-0.0788150259549724
"chr7-093",-0.156411300033551
"chr7-094",-0.067194765876705
"chr7-095",-0.0564190139496582
"chr7-096",-0.0860056545317557
"chr7-097",-0.16808274408125
"chr7-098",-0.337814605403403
"chr7-099",-0.126043150243051
"chr7-100",-0.124912918329848
"chr7-101",-0.0816862661585286
"chr7-102",-0.120441364678383
"chr7-103",-0.252772115909554
"chr7-104",-0.218627361317942
"chr7-105",-0.117943421378299
"chr7-106",-0.275590863935203
"chr7-107",-0.199340317808849
"chr7-108",-0.0894145499377308
"chr7-109",-0.0379975073870971
"chr7-110",0.0357578500118417
"chr7-111",0.00261982188677103
"chr7-112",0.0607326210869482
"chr7-113",0.0480304866135259
"chr7-114",0.0104411832515745
"chr7-115",0.0350289427981047
"chr7-116",-0.00911273044012189
"chr7-117",-0.0474112194182911
"chr7-118",-0.0463051514978639
"chr7-119",-0.00261601362765176
"chr7-120",0.00199954150830597
"chr7-121",0.0269294224784941
"chr7-122",0.0553422059511418
"chr7-123",0.0509947642343918
"chr7-124",-0.0399091958861523
"chr7-125",-0.138251299398632
"chr7-126",-0.0873443395071793
"chr7-127",-0.041710974416885
"chr7-128",0.0345319648143628
"chr7-129",-0.0446095688114109
"chr7-130",-0.0156444044961102
"chr7-131",0.0443756623911982
"chr7-132",-0.0434756607959945
"chr7-133",0.0222217971503761
"chr7-134",0.0103362837234199
"chr7-135",-0.00151094898352225
"chr7-136",0.0652313597879985
"chr7-137",0.079195689264998
"chr7-138",0.0445464538557978
"chr7-139",0.0259649051059315
"chr7-140",0.0328241739379526
"chr7-141",0.0313937936434505
"chr7-142",-0.0442179486683678
"chr7-143",-0.10923462090911
"chr7-144",0.0414477757648855
"chr7-145",-0.159128006196887
"chr7-146",0.0264554020224988
"chr7-147",-0.110452964587571
"chr7-148",-0.196008644831184
"chr7-149",-0.0564939372296329
"chr7-150",-0.267204769646398
"chr7-151",-0.244749560954746
"chr7-152",-0.285444581476131
"chr7-153",-0.216983372379346
"chr7-154",-0.336690812601944
"chr7-155",-0.317141358912186
"chr7-156",-0.302075626097338
"chr7-157",-0.213616235246105
"chr7-158",-0.229699907993674
"chr7-159",-0.119996264719491
"chr7-160",-0.24380726741078
"chr7-161",-0.156153439729232
"chr7-162",-0.0606359862927952
"chr7-163",-0.154557003570684
"chr7-164",-0.168976913471995
"chr7-165",-0.106150164869689
"chr7-166",-0.0718992462171284
"chr7-167",-0.0216799313916071
"chr7-168",-0.11689738460866
"chr7-169",-0.067058157325704
"chr7-170",-0.132245472431152
"chr7-171",-0.349046071990376
"chr7-172",-0.296385943338481
"chr7-173",-0.246575898412236
"chr7-174",-0.079290332033995
"chr7-175",-0.196221374429023
"chr7-176",-0.0964184530848264
"chr7-177",-0.215495932703265
"chr7-178",-0.190367353994838
"chr7-179",-0.203951980922767
"chr7-180",-0.144837951559672
"chr7-181",0.032784395555866
"chr7-182",-0.00960720965300964
"chr7-183",0.040886991045168
"chr7-184",-0.0887211466432617
"chr7-185",0.0399571028274365
"chr7-186",0.0970994913061143
"chr7-187",0.0374367833099961
"chr7-188",0.0206245136866807
"chr7-189",0.0227624687291074
"chr7-190",-0.108929311427703
"chr7-191",-0.0840801708670391
"chr7-192",-0.0671066702921549
"chr7-193",-0.142719243292807
"chr7-194",-0.160767067035257
"chr7-195",-0.023228767115541
"chr7-196",-0.0778282636945186
"chr7-197",-0.0900429060813049
"chr7-198",-0.102720983630835
"chr7-199",-0.0826609724603
"chr7-200",-0.0825970040722976
"chr7-201",-0.109783331494925
"chr7-202",-0.154329729895415
"chr7-203",-0.20073134835154
"chr7-204",-0.125190554060864
"chr7-205",-0.127052215351596
"chr7-206",-0.129929694004044
"chr7-207",-0.112892551914727
"chr7-208",-0.131369902776801
"chr7-209",-0.254766312464671
"chr7-210",-0.21633022446241
"chr7-211",-0.175369997276349
"chr7-212",-0.14726104077355
"chr7-213",-0.332102968438479
"chr7-214",-0.203162291052305
"chr7-215",-0.0802442235398883
"chr7-216",-0.135420973186071
"chr7-217",-0.122612472086643
"chr7-218",-0.156245936626474
"chr7-219",-0.167129997147946
"chr7-220",-0.150951892731656
"chr7-221",-0.183726319833091
"chr7-222",-0.201105876947221
"chr7-223",-0.112375236173192
"chr7-224",-0.184025034860573
"chr7-225",-0.184881049658153
"chr7-226",-0.338763919335574
"chr7-227",-0.221511889744365
"chr7-228",-0.0664355642729941
"chr7-229",-0.132008555319096
"chr7-230",-0.174229706250169
"chr7-231",-0.250304663737457
"chr7-232",-0.195563149247784
"chr7-233",-0.122862679957452
"chr7-234",-0.0429437509582666
"chr7-235",-0.007419936234794
"chr7-236",-0.065872189722095
"chr7-237",0.00151600773907791
"chr7-238",-0.036402285560446
"chr7-239",-0.0499013859868718
"chr7-240",-0.0497930064468192
"chr7-241",-0.0305706112152656
"chr7-242",-0.132746599047437
"chr7-243",-0.0979818955998935
"chr7-244",-0.0557292019556811
"chr7-245",-0.0573558293636167
"chr7-246",-0.116125720309419
"chr7-247",-0.162033420110062
"chr7-248",-0.0905271210536143
"chr7-249",-0.111245264718122
"chr7-250",-0.144269767752098
"chr7-251",-0.126294537751919
"chr7-252",-0.240541342400616
"chr7-253",-0.0457762128188716
"chr7-254",0.0263498573568454
"chr7-255",-0.0120863045857288
"chr7-256",-0.0317984297791801
"chr7-257",-0.0176239150552093
"chr7-258",0.0220169463172877
"chr7-259",0.0387851033845326
"chr7-260",-0.132064215886457
"chr7-261",-0.0665751686752035
"chr7-262",-0.145280415260834
"chr7-263",-0.139917035762336
"chr7-264",-0.0541969018759542
"chr7-265",-0.11047227535097
"chr7-266",-0.0407937408799023
"chr7-267",-0.166178344730748
"chr7-268",-0.157894249265156
"chr7-269",-0.138676029195627
"chr7-270",-0.262221011296179
"chr7-271",-0.195547977708873
"chr7-272",-0.17468365204059
"chr7-273",-0.0607593929526859
"chr7-274",-0.0572643777182894
"chr7-275",0.0511243887760978
"chr7-276",-0.0481479389343155
"chr7-277",0.00368482294257489
"chr7-278",-0.0759552126382974
"chr7-279",0.0217746020051495
"chr7-280",-0.0182458793230286
"chr7-281",0.047192631322284
"chr7-282",0.0248446453580596
"chr7-283",-0.113007092849117
"chr7-284",-0.00463843005908553
"chr7-285",-0.0897797898748706
"chr7-286",-0.0730136306284101
"chr7-287",-0.027821948929605
"chr7-288",-0.0596704693366637
"chr7-289",-0.106753487618035
"chr7-290",0.0143973373681509
"chr7-291",0.0364744995891723
"chr7-292",-0.0721023384239298
"chr7-293",-0.0292211035090477
"chr7-294",0.0408325590109341
"chr7-295",-0.0254806685934417
"chr8-001",0.036772252466619
"chr8-002",0.0242955562546644
"chr8-003",-0.060342278999862
"chr8-004",-0.00629671658420393
"chr8-005",-0.0646795454676378
"chr8-006",-0.0224270699730587
"chr8-007",-0.213070376189342
"chr8-008",-0.12731702156255
"chr8-009",-0.162775107333549
"chr8-010",-0.0868982213519783
"chr8-011",-0.105483204558947
"chr8-012",-0.315592475509536
"chr8-013",0.0782633552106897
"chr8-014",-0.0706393628232005
"chr8-015",-0.128426120450142
"chr8-016",-0.107570549450197
"chr8-017",-0.0743090991972693
"chr8-018",-0.0184883942506586
"chr8-019",-0.0571133472578219
"chr8-020",-0.0695727192241815
"chr8-021",-0.0498090057333286
"chr8-022",-0.0442822066120458
"chr8-023",-0.0800905453847527
"chr8-024",-0.0853780447385205
"chr8-025",-0.0509669691017651
"chr8-026",-0.00980405830899038
"chr8-027",-0.0330040858026515
"chr8-028",-0.0251981937982242
"chr8-029",-0.0138860355796691
"chr8-030",-0.256550529690996
"chr8-031",-0.307634564434004
"chr8-032",-0.155689072891466
"chr8-033",-0.0784531218558984
"chr8-034",-0.128424429679524
"chr8-035",-0.190204520955527
"chr8-036",-0.0635612782501832
"chr8-037",-0.0678012045181034
"chr8-038",-0.114153387989573
"chr8-039",-0.103972219930981
"chr8-040",-0.0734329032038823
"chr8-041",-0.00784775399441844
"chr8-042",-0.0870342656272144
"chr8-043",-0.137244625218698
"chr8-044",-0.0608283309951871
"chr8-045",-0.0943777440605719
"chr8-046",0.021196550855121
"chr8-047",0.00765095798161879
"chr8-048",-0.0614723768999553
"chr8-049",-0.0706898713950809
"chr8-050",-0.226450059802987
"chr8-051",-0.0721153606903361
"chr8-052",-0.0349700700586544
"chr8-053",-0.14210071333599
"chr8-054",-0.0483689554043514
"chr8-055",-0.0224337142067534
"chr8-056",-0.136452936473461
"chr8-057",-0.137968201476158
"chr8-058",-0.038764865434421
"chr8-059",-0.0882123097574063
"chr8-060",-0.0291110417993835
"chr8-061",-0.100401054741142
"chr8-062",-0.00636755889317557
"chr8-063",-0.0280669944068788
"chr8-064",-0.0394194117458835
"chr8-065",0.0196852392425192
"chr8-066",-0.103037568897944
"chr8-067",-0.148472409912892
"chr8-068",-0.00835260827381048
"chr8-069",-0.0270697414908678
"chr8-070",-0.0987672547681108
"chr8-071",-0.208506537774588
"chr8-072",-0.0691040002329658
"chr8-073",-0.0700689267758086
"chr8-074",-0.0317257809009681
"chr8-075",-0.23818606260083
"chr8-076",-0.152570451216653
"chr8-077",-0.0136879958915071
"chr8-078",-0.0211665834789792
"chr8-079",0.00579831412043168
"chr8-080",-0.0634058253966198
"chr8-081",-0.0994574697486345
"chr8-082",-0.11061015081414
"chr8-083",-0.106588229341221
"chr8-084",0.0269394194568888
"chr8-085",-0.036167150265384
"chr8-086",-0.0308642637621738
"chr8-087",-0.00687688515339672
"chr8-088",0.0293858863922959
"chr8-089",0.0120376667601137
"chr8-090",0.165644852082893
"chr8-091",-0.252750175185466
"chr8-092",-0.0244243227986164
"chr8-093",0.0344300369247175
"chr8-094",-0.0604316255131946
"chr8-095",-0.124940738641938
"chr8-096",-0.193534458752103
"chr8-097",-0.14915912429896
"chr8-098",-0.430499309115408
"chr8-099",-0.146897173626351
"chr8-100",-0.115184653800563
"chr8-101",-0.0771613579047403
"chr8-102",-0.0799809175512109
"chr8-103",-0.156151383028804
"chr8-104",-0.054560755425688
"chr8-105",-0.028724895253649
"chr8-106",-0.194797892139108
"chr8-107",-0.0259791093273316
"chr8-108",-0.0654623628582948
"chr8-109",-0.158655259546757
"chr8-110",-0.206189599586968
"chr8-111",-0.124709884371211
"chr8-112",-0.095973165400958
"chr8-113",-0.111298127970837
"chr8-114",-0.102951188015152
"chr8-115",-0.0494971155394098
"chr8-116",-0.272905184515378
"chr8-117",-0.107962527020403
"chr8-118",-0.0270117555211336
"chr8-119",-0.201658555610817
"chr8-120",-0.143756481156468
"chr8-121",-0.104477681894495
"chr8-122",-0.212484728404082
"chr8-123",-0.0577449279154814
"chr8-124",-0.178580770192451
"chr8-125",-0.206849385241273
"chr8-126",-0.216839118013646
"chr8-127",-0.151240865997797
"chr8-128",-0.118145951001073
"chr8-129",-0.160777803213871
"chr8-130",-0.0708268376766608
"chr8-131",-0.0281325145526706
"chr8-132",-0.102303197777036
"chr8-133",-0.156533516468007
"chr8-134",-0.190061693784577
"chr8-135",-0.176969480378818
"chr8-136",0.00538160431367064
"chr8-137",0.0134986681577811
"chr8-138",-0.0232780413317362
"chr8-139",-0.177836409064155
"chr8-140",-0.0906013890311226
"chr8-141",-0.186026309905511
"chr8-142",-0.12442382332999
"chr8-143",-0.0947479799666933
"chr8-144",-0.0402001243460316
"chr8-145",-0.104312149741843
"chr8-146",-0.22429612738281
"chr8-147",-0.254665245976367
"chr8-148",-0.209532657724929
"chr8-149",-0.216199056776546
"chr8-150",-0.155454392840798
"chr8-151",-0.153475164369042
"chr8-152",-0.172430293023744
"chr8-153",-0.220413068976304
"chr8-154",-0.223880605774673
"chr8-155",-0.142535625269217
"chr8-156",0.00532189461984799
"chr8-157",-0.0811465596814369
"chr8-158",-0.186485717329253
"chr8-159",-0.1093053723396
"chr8-160",-0.443153891033026
"chr8-161",-0.139339340702343
"chr8-162",-0.030964379356321
"chr8-163",-0.207852554109977
"chr8-164",-0.165732070881473
"chr8-165",-0.0619323913032018
"chr8-166",-0.087147136331874
"chr8-167",-0.132032170092289
"chr8-168",-0.136838930599758
"chr8-169",-0.0909623333529596
"chr8-170",-0.23811506298964
"chr8-171",-0.135001482361859
"chr8-172",-0.259497611409858
"chr8-173",-0.086368388295512
"chr8-174",-0.254961679040628
"chr8-175",-0.177759623394975
"chr8-176",-0.213270207349747
"chr8-177",-0.0631779188834393
"chr8-178",-0.145838905904965
"chr8-179",-0.136882102758926
"chr8-180",-0.102771368698814
"chr8-181",-0.0511295610866686
"chr8-182",-0.119471049394034
"chr8-183",-0.0449960517126636
"chr8-184",-0.0256151128944724
"chr8-185",-0.14014123774783
"chr8-186",-0.0671551023487639
"chr8-187",-0.0949178147844543
"chr8-188",-0.0972426601171266
"chr8-189",-0.0148514066136885
"chr8-190",-0.0729666445732554
"chr8-191",-0.113416976825804
"chr8-192",-0.0931185228977569
"chr8-193",-0.198884913160209
"chr8-194",-0.0923446348176547
"chr8-195",0.00707179031624481
"chr8-196",0.00536136109651139
"chr8-197",-0.115813952139625
"chr8-198",0.0108010591768857
"chr8-199",-0.0255191084162698
"chr8-200",-0.167168056165774
"chr8-201",-0.244708538384303
"chr8-202",-0.170064288837574
"chr8-203",-0.133046256907392
"chr8-204",-0.0862272615094743
"chr8-205",-0.228525313310249
"chr8-206",-0.253826698831481
"chr8-207",-0.135270933790098
"chr8-208",-0.199445706415317
"chr8-209",-0.183595944291915
"chr8-210",-0.16083211151569
"chr8-211",-0.195688072437112
"chr8-212",-0.127298027626985
"chr8-213",-0.136186531554008
"chr8-214",-0.376627544709856
"chr8-215",-0.0754009024026839
"chr8-216",-0.284983307542707
"chr8-217",-0.345512292298066
"chr8-218",-0.211236997839477
"chr8-219",-0.18883076718929
"chr8-220",-0.126599300456555
"chr8-221",-0.110009286015436
"chr8-222",-0.0757942739211632
"chr8-223",-0.16847391575965
"chr8-224",-0.226989252356372
"chr8-225",-0.113856282418625
"chr8-226",-0.130685501169717
"chr8-227",-0.213273249220036
"chr8-228",-0.124659845271706
"chr8-229",-0.0986386805583956
"chr8-230",-0.232046749691388
"chr8-231",-0.0438276296157382
"chr8-232",-0.111381116359245
"chr8-233",-0.0956242756428091
"chr8-234",-0.152026396109361
"chr8-235",-0.084474895842904
"chr8-236",-0.0152717487789819
"chr8-237",-0.0849202176513276
"chr8-238",-0.0875292397306428
"chr8-239",-0.0779586620328278
"chr8-240",-0.0725606585699524
"chr8-241",-0.117670102936206
"chr8-242",-0.177688259667476
"chr8-243",-0.0542329347090271
"chr8-244",-0.173828486910452
"chr8-245",-0.0829709400519482
"chr8-246",-0.117205390295893
"chr8-247",-0.157164453225619
"chr8-248",-0.199079603692837
"chr8-249",-0.0545544297316282
"chr8-250",-0.0232926981632388
"chr8-251",-0.111263756338726
"chr8-252",-0.0735051600861335
"chr8-253",-0.214720402967136
"chr8-254",-0.228232599775733
"chr8-255",-0.184423802650042
"chr8-256",-0.0910646381393404
"chr8-257",-0.0335326096027734
"chr8-258",-0.141432885937002
"chr8-259",-0.0590222006073292
"chr8-260",-0.0927066518108308
"chr8-261",-0.170623682670571
"chr8-262",-0.175122789458356
"chr8-263",-0.100068726569657
"chr8-264",-0.234284445080037
"chr8-265",-0.212105091306306
"chr8-266",-0.127596112093599
"chr8-267",-0.171449484692437
"chr8-268",-0.0924572263614293
"chr8-269",-0.0427006865654826
"chr8-270",0.0276815202305041
"chr8-271",0.0396042204086884
"chr8-272",-0.108189156488128
"chr8-273",-0.0117218352252914
"chr8-274",0.0461971773794308
"chr8-275",0.0718871261776422
"chr8-276",0.14515540961232
"chr8-277",0.145090989184395
"chr8-278",0.105113088641746
"chr8-279",0.0161850497457236
"chr9-001",-0.0513655679410944
"chr9-002",-0.0156340348419869
"chr9-003",-0.175256803824634
"chr9-004",-0.24180086060378
"chr9-005",-0.0772413200522633
"chr9-006",-0.0693891877689782
"chr9-007",-0.18582542505597
"chr9-008",-0.101908412670549
"chr9-009",-0.0878957406382752
"chr9-010",-0.0209231465888325
"chr9-011",-0.107732564554444
"chr9-012",-0.0990238768194557
"chr9-013",-0.0912907930217279
"chr9-014",0.0521132066701647
"chr9-015",-0.144423179524823
"chr9-016",-0.0648832582405376
"chr9-017",-0.122938927181066
"chr9-018",-0.302094320219032
"chr9-019",-0.285080433323146
"chr9-020",-0.277293134134535
"chr9-021",-0.121391626488766
"chr9-022",-0.0917760362177618
"chr9-023",-0.11903149590955
"chr9-024",-0.0775919857325213
"chr9-025",-0.0453603587568897
"chr9-026",-0.085363172107917
"chr9-027",-0.0591313072118085
"chr9-028",-0.00656325362401018
"chr9-029",-0.0979501138288122
"chr9-030",0.0257515358905259
"chr9-031",-0.273656356264117
"chr9-032",-0.0846956166528818
"chr9-033",-0.0180651997957684
"chr9-034",-0.2310445224264
"chr9-035",-0.205147029311042
"chr9-036",-0.048576790133244
"chr9-037",-0.193820857777218
"chr9-038",-0.0550916968562317
"chr9-039",-0.19669803778678
"chr9-040",-0.351441562630778
"chr9-041",-0.0654783378780815
"chr9-042",-0.116953655449756
"chr9-043",-0.0592125936903421
"chr9-044",-0.128202872081397
"chr9-045",-0.122942213996882
"chr9-046",-0.109076803307638
"chr9-047",-0.13131434989367
"chr9-048",-0.0706725037413917
"chr9-049",-0.12333498426196
"chr9-050",-0.071142090352563
"chr9-051",-0.0234077797672847
"chr9-052",0.00504492492790586
"chr9-053",-0.0313022194959915
"chr9-054",-0.101143623872129
"chr9-055",-0.0264847663771125
"chr9-056",-0.0626459787092849
"chr9-057",0.0551465864611198
"chr9-058",-0.0882042478218376
"chr9-059",-0.0734887563504065
"chr9-060",-0.0635201532719229
"chr9-061",-0.084333949988634
"chr9-062",0.00861166617280642
"chr9-063",-0.0772920194506835
"chr9-064",-0.0453684252425538
"chr9-065",0.00886037307869124
"chr9-066",-0.0150251635767707
"chr9-067",0.0653405816221807
"chr9-068",-0.00114008191524874
"chr9-069",0.0364072439285437
"chr9-070",0.0758165167144376
"chr9-071",-0.109481412569755
"chr9-072",-0.109818725382766
"chr9-073",-0.0772972931424623
"chr9-074",-0.0591315380134291
"chr9-075",-0.128737335203822
"chr9-076",-0.159340501502577
"chr9-077",-0.0473069804847657
"chr9-078",-0.0628761520783411
"chr9-079",-0.11874964958831
"chr9-080",-0.173360327119766
"chr9-081",0.0117105412595228
"chr9-082",-0.00952480408619306
"chr9-083",-0.0711820553280792
"chr9-084",-0.0914496321690464
"chr9-085",-0.0535290480410094
"chr9-086",-0.0743685770519863
"chr9-087",-0.0831420258686729
"chr9-088",-0.0626043371908546
"chr9-089",-0.0578189969854528
"chr9-090",-0.117613250785382
"chr9-091",-0.236029335974037
"chr9-092",0.0115422251901604
"chr9-093",-0.209414750053897
"chr9-094",-0.0409634964084587
"chr9-095",0.0630866834876398
"chr9-096",-0.123236966977185
"chr9-097",-0.0224018546430261
"chr9-098",-0.0690538672846596
"chr9-099",-0.00921172840790445
"chr9-100",-0.0974584442653627
"chr9-101",-0.0679074635648434
"chr9-102",-0.227593766289196
"chr9-103",0.0214691933968353
"chr9-104",-0.0245230087157534
"chr9-105",-0.0408604607613965
"chr9-106",0.00595536966429921
"chr9-107",-0.067087492475792
"chr9-108",0.0268425630409076
"chr9-109",-0.00298192465723747
"chr9-110",-0.0288471528149903
"chr9-111",-0.111407073486774
"chr9-112",-0.168569724438805
"chr9-113",-0.123404405212996
"chr9-114",-0.040543018715377
"chr9-115",-0.0180082844159993
"chr9-116",-0.0221767653199296
"chr9-117",-0.0349660279242554
"chr9-118",-0.0406313454365688
"chr9-119",0.00207800747899457
"chr9-120",-0.0149710866051407
"chr9-121",-0.0402157789038134
"chr9-122",-0.00430290434031915
"chr9-123",-0.0124294378772389
"chr9-124",0.0444406131616705
"chr9-125",0.0145981903698849
"chr9-126",-0.112602457566636
"chr9-127",-0.0544953926976707
"chr9-128",-0.0628980833462448
"chr9-129",-0.0325859049212812
"chr9-130",-0.0852339900415223
"chr9-131",-0.0989891188434844
"chr9-132",-0.09519375984927
"chr9-133",-0.0691281994267126
"chr9-134",-0.162994458374501
"chr9-135",-0.0894740689889444
"chr9-136",-0.383893392334351
"chr9-137",-0.0694559715742224
"chr9-138",-0.0223207994953911
"chr9-139",-0.117397650152605
"chr9-140",-0.287730906086568
"chr9-141",-0.12484963340321
"chr9-142",-0.0423998019600057
"chr9-143",-0.0617423335805262
"chr9-144",-0.171866361902187
"chr9-145",-0.148200133933044
"chr9-146",-0.0982891952464677
"chr9-147",-0.108341163606484
"chr9-148",-0.0761109204847652
"chr9-149",-0.143047143601647
"chr9-150",0.0581399240800813
"chr9-151",-0.00759163354476401
"chr9-152",0.000133491416101041
"chr9-153",-0.0556030629576147
"chr9-154",-0.0616538028597466
"chr9-155",-0.0495925294947742
"chr9-156",-0.0981476321590194
"chr9-157",-0.00767672746295513
"chr9-158",-0.092658125897507
"chr9-159",-0.243671771020281
"chr9-160",-0.137811691545694
"chr9-161",-0.104988196084276
"chr9-162",-0.0813246434770246
"chr9-163",-0.0506877053394843
"chr9-164",-0.128106334643093
"chr9-165",-0.0816304595482589
"chr9-166",-0.116969398792872
"chr9-167",-0.0514851668619451
"chr9-168",-0.0287609874305009
"chr9-169",-0.0402802941970109
"chr9-170",-0.0440285345734424
"chr9-171",-0.0557322166581694
"chr9-172",-0.0472016158786802
"chr9-173",-0.072847733482422
"chr9-174",-0.030789388994974
"chr9-175",-0.00800882770311965
"chr9-176",-0.0318567508086179
"chr9-177",0.00613054278775384
"chr9-178",-0.0896836633560048
"chr9-179",-0.0455340126720714
"chr9-180",-0.00766364280425376
"chr9-181",-0.0553978453854323
"chr9-182",0.0395468563373829
"chr9-183",0.0245612831936452
"chr9-184",0.0442741439588788
"chr9-185",0.0044788287938469
"chr9-186",0.0445064709924003
"chr9-187",0.0152821416087841
"chr9-188",0.00500937749500286
"chr9-189",0.0146563168323477
"chr9-190",0.0227962940044012
"chr9-191",-0.0247685294576283
"chr9-192",-0.0436108765079858
"chr9-193",0.00988556341253884
"chr9-194",0.0220385135880369
"chr9-195",0.0861149029532896
"chr9-196",0.0881650159047241
"chr9-197",-0.0354707376043478
"chr9-198",-0.0231307118341099
"chr9-199",0.0405802986764486
"chr9-200",0.110090638961728
"chr9-201",0.160162565374102
"chr9-202",0.147368050458812
"chr9-203",0.108343564075798
"chr9-204",-0.0893828059418693
"chrX-001",0.398267586300688
"chrX-002",0.494731782771418
"chrX-003",0.517563171832077
"chrX-004",0.422570019869151
"chrX-005",0.37589706091741
"chrX-006",0.334723107235815
"chrX-007",0.292357646688588
"chrX-008",0.527732028795408
"chrX-009",0.447572061992767
"chrX-010",0.605422878947819
"chrX-011",0.502958855410449
"chrX-012",0.486856446781526
"chrX-013",0.221351237641746
"chrX-014",0.442153240569366
"chrX-015",0.559990915732008
"chrX-016",0.360613192735593
"chrX-017",0.452701085055202
"chrX-018",0.436994286507953
"chrX-019",0.383765832872293
"chrX-020",0.292525515560747
"chrX-021",0.571007880430479
"chrX-022",0.324549504870825
"chrX-023",0.444207970595959
"chrX-024",0.417716253738163
"chrX-025",0.520325725051573
"chrX-026",0.520723434919443
"chrX-027",0.37681716573605
"chrX-028",0.499565568136369
"chrX-029",0.490716694191642
"chrX-030",0.427764553252385
"chrX-031",0.547978121682616
"chrX-032",0.506303972803302
"chrX-033",0.707526384101769
"chrX-034",0.536819629102993
"chrX-035",0.432053363176357
"chrX-036",0.312757743242281
"chrX-037",0.598793479371345
"chrX-038",0.528714472220658
"chrX-039",0.354871842794117
"chrX-040",0.364307682833907
"chrX-041",0.53006285203291
"chrX-042",0.332743826474392
"chrX-043",0.291917527190807
"chrX-044",0.272898473460388
"chrX-045",0.410867299249003
"chrX-046",0.499543576018265
"chrX-047",0.472638622166348
"chrX-048",0.535263408837448
"chrX-049",0.391079761381345
"chrX-050",0.335148093664828
"chrX-051",0.361231638823687
"chrX-052",0.457459329237004
"chrX-053",0.391582651158406
"chrX-054",0.389377699371012
"chrX-055",0.456700262856326
"chrX-056",0.412477250598467
"chrX-057",0.446963543044212
"chrX-058",0.357963006772331
"chrX-059",0.547866546736068
"chrX-060",0.377188067189924
"chrX-061",0.471598656743781
"chrX-062",0.487810662226125
"chrX-063",0.308040402787292
"chrX-064",0.463681318491236
"chrX-065",0.474494547572496
"chrX-066",0.387686408372288
"chrX-067",0.499724844597752
"chrX-068",0.361465135912892
"chrX-069",0.461952187824873
"chrX-070",0.411954793554352
"chrX-071",0.505297614579698
"chrX-072",0.405028271550021
"chrX-073",0.578769143885245
"chrX-074",0.475554760165323
"chrX-075",0.451329392213544
"chrX-076",0.472527095632855
"chrX-077",0.525619913914853
"chrX-078",0.495874285094773
"chrX-079",0.505265732001069
"chrX-080",0.410872426609359
"chrX-081",0.6165643134996
"chrX-082",0.424873327028602
"chrX-083",0.407350419577242
"chrX-084",0.400601359154808
"chrX-085",0.3814697621992
"chrX-086",0.418263072456729
"chrX-087",0.483906448899537
"chrX-088",0.632380126099086
"chrX-089",0.306197641207502
"chrX-090",0.458914593075568
"chrX-091",0.398655393180468
"chrX-092",0.634342724793991
"chrX-093",0.497332995063657
"chrX-094",0.332045692417981
"chrX-095",0.632818463873248
"chrX-096",0.31489659361992
"chrX-097",0.546639423703926
"chrX-098",0.417746792824525
"chrX-099",0.618676807682475
"chrX-100",0.447683088914792
"chrX-101",0.300638809608493
"chrX-102",0.278984106029791
"chrX-103",0.59782275262461
"chrX-104",0.537220760344268
"chrX-105",0.331748366906166
"chrX-106",0.311858666610913
"chrX-107",0.528678489384373
"chrX-108",0.455412708090034
"chrX-109",0.451403121511698
"chrX-110",0.48027729614395
"chrX-111",0.368978197718276
"chrX-112",0.423721530615678
"chrX-113",0.470567884728302
"chrX-114",0.344624314161444
"chrX-115",0.533427538026618
"chrX-116",0.353805381341035
"chrX-117",0.651672405206466
"chrX-118",0.483670033929608
"chrX-119",0.219680597808062
"chrX-120",0.532908653710524
"chrX-121",0.49159783437161
"chrX-122",0.460091708990687
"chrX-123",0.269409868328714
"chrX-124",0.345988985908161
"chrX-125",0.363018896912869
"chrX-126",0.347400628542178
"chrX-127",0.389125323029798
"chrX-128",0.515275006747004
"chrX-129",0.372504668415294
"chrX-130",0.459974109376826
"chrX-131",0.443568117753914
"chrX-132",0.221706112549365
"chrX-133",0.0981577363926366
"chrX-134",0.446429196677533
"chrX-135",0.26326041218127
"chrX-136",0.332478601927089
"chrX-137",0.360659340496497
"chrX-138",0.502743308987695
"chrX-139",0.392575606916405
"chrX-140",0.451606369656006
"chrX-141",0.421075726450036
"chrX-142",0.526937268960033
"chrX-143",0.464081520983393
"chrX-144",0.416767516695064
"chrX-145",0.375875062076657
"chrX-146",0.443066724465248
"chrX-147",0.493043845304122
"chrX-148",0.68460215660391
"chrX-149",0.217164843885752
"chrX-150",0.261657802551612
"chrX-151",0.299469173287387
"chrX-152",0.450719433667375
"chrX-153",0.239289096410843
"chrX-154",0.35142758974472
"chrX-155",0.317046145349885
"chrX-156",0.491076431613729
"chrX-157",0.3387443560555
"chrX-158",0.393287751699224
"chrX-159",0.451594862163379
"chrX-160",0.482656657048149
"chrX-161",0.371524141716689
"chrX-162",0.407204910378716
"chrX-163",0.322342260065244
"chrX-164",0.446849587904067
"chrX-165",0.420538302846916
"chrX-166",0.328500439594693
"chrX-167",0.273414129953911
"chrX-168",0.605106083782357
"chrX-169",0.578386717939774
"chrX-170",0.458911615920099
"chrX-171",0.59054688175125
"chrX-172",0.465068051941316
"chrX-173",0.512284008883253
"chrX-174",0.344772349483258
"chrX-175",0.568302424699437
"chrX-176",0.546344634172317
"chrX-177",0.340940283173143
"chrX-178",0.404632622796196
"chrX-179",0.261234226708325
"chrX-180",0.41311475249517
"chrX-181",0.489718742460608
"chrX-182",0.48807675268637
"chrX-183",0.567060551630433
"chrX-184",0.42407811922268
"chrX-185",0.412509292801056
"chrX-186",0.455330049691314
"chrX-187",0.552640371530387
"chrX-188",0.411961837044066
"chrX-189",0.615589695756085
"chrX-190",0.490902446058711
"chrX-191",0.498859760893741
"chrX-192",0.522379572823057
"chrX-193",0.537629304395079
"chrX-194",0.516479534490844
"chrX-195",0.532618918589325
"chrX-196",0.453583483484149
"chrX-197",0.47820760273457
"chrX-198",0.53819517962119
"chrX-199",0.475080891050201
"chrX-200",0.453610814690736
"chrX-201",0.48918200457523
"chrX-202",0.542639232437623
"chrX-203",0.61566901946338
"chrX-204",0.184170758513771
"chrX-205",0.340054783203979
"chrX-206",0.501930792683523
"chrX-207",0.407372147637798
"chrX-208",0.391274015303562
"chrX-209",0.436191965905274
"chrX-210",0.527897194898545
"chrX-211",0.203411126507182
"chrX-212",0.465998388418533
"chrX-213",0.302150374161705
"chrX-214",0.424865134086105
"chrX-215",0.522719371430264
"chrX-216",0.533630580059404
"chrX-217",0.481034990380104
"chrX-218",0.394344279074978
"chrX-219",0.265322891445811
"chrX-220",0.343584297647012
"chrX-221",0.440796153055154
"chrX-222",0.46716765603925
"chrX-223",0.542009637785973
"chrX-224",0.496485250834999
"chrX-225",0.331091120743788
"chrX-226",0.366739160295666
"chrY-001",-3.51744116323777
"chrY-002",-0.297631869006997
"chrY-003",-4.47987663776813
"chrY-004",-3.1292852735683
"chrY-005",-3.89216880364026
"chrY-006",-4.64309417980049
"chrY-007",-4.81464220447725
"chrY-008",-2.17998970934682
"chrY-009",-0.288452900515583
"chrY-010",-1.36889883686433
"chrY-011",-3.77308404055038
"chrY-012",-3.89343760337149
"chrY-013",-3.20595047037194
"chrY-014",-4.50095875480396
"chrY-015",-3.05857782826264
"chrY-016",-3.97191735161841
"chrY-017",-3.49608928907999
"chrY-018",-4.30742082755419
