"","value"
"chr1-0001",-0.0615729588326591
"chr1-0002",0.0379429110382626
"chr1-0003",0.0497665004513653
"chr1-0004",-0.00477023031533693
"chr1-0005",0.0178184051904351
"chr1-0006",0.0554260518942462
"chr1-0007",0.0394511850437768
"chr1-0008",0.0266910344023515
"chr1-0009",0.0599575855556446
"chr1-0010",0.0941121392634653
"chr1-0011",0.0134699889158246
"chr1-0012",0.0121429173953917
"chr1-0013",0.00944199383077341
"chr1-0014",0.0775424391041892
"chr1-0015",0.043697792854621
"chr1-0016",-0.0268852633317262
"chr1-0017",0.0194581758195371
"chr1-0018",0.0341533351723046
"chr1-0019",0.0378856438040025
"chr1-0020",0.053355196456255
"chr1-0021",0.081796114994402
"chr1-0022",0.0785931894587465
"chr1-0023",0.0243457002708055
"chr1-0024",0.0334647257153919
"chr1-0025",0.0323690260230739
"chr1-0026",0.0436176666691788
"chr1-0027",0.0874845198171703
"chr1-0028",-0.0116346773376842
"chr1-0029",0.0305566506635234
"chr1-0030",0.075497539547654
"chr1-0031",0.0224304672224624
"chr1-0032",0.0235853908288226
"chr1-0033",0.0194107188871385
"chr1-0034",-0.045902082436931
"chr1-0035",0.030950549463567
"chr1-0036",0.0324875068390331
"chr1-0037",-0.000156218034251852
"chr1-0038",0.0077685498319941
"chr1-0039",-0.00815006234690448
"chr1-0040",-0.00958909930039763
"chr1-0041",0.0237207423316463
"chr1-0042",0.0455140610772567
"chr1-0043",-0.0279077431884483
"chr1-0044",-0.0140656855636957
"chr1-0045",-0.0101654307383829
"chr1-0046",-0.0328446356054376
"chr1-0047",-0.0873371612336658
"chr1-0048",-0.00131146313844534
"chr1-0049",-0.0610634374706078
"chr1-0050",-0.0609546633966512
"chr1-0051",-0.0431860241008347
"chr1-0052",-0.00497002756247766
"chr1-0053",0.0432084686074291
"chr1-0054",0.0847006764104169
"chr1-0055",0.0368982563691128
"chr1-0056",0.0259936221950053
"chr1-0057",-0.0120484076479082
"chr1-0058",-0.0450474256252045
"chr1-0059",0.00514479298989289
"chr1-0060",0.0432211421831423
"chr1-0061",-0.0492314076661436
"chr1-0062",0.0289907325704161
"chr1-0063",0.0569596667065054
"chr1-0064",-0.0323966199204424
"chr1-0065",0.0455543528363171
"chr1-0066",-0.0553047663859346
"chr1-0067",0.115868981107212
"chr1-0068",-0.0689651075944683
"chr1-0069",0.00359775543000317
"chr1-0070",-0.0324064221122178
"chr1-0071",-0.118834831246988
"chr1-0072",-0.00129600252226754
"chr1-0073",0.033034334055045
"chr1-0074",-0.0460328036001135
"chr1-0075",0.0242341867688532
"chr1-0076",-0.0042197298107605
"chr1-0077",0.0356283508458743
"chr1-0078",0.0638086042964425
"chr1-0079",-0.15143856097084
"chr1-0080",-0.0123205638781794
"chr1-0081",-0.0119747357937936
"chr1-0082",-0.00763980717665103
"chr1-0083",0.0701561968673816
"chr1-0084",0.00728438062003846
"chr1-0085",0.0571934344610473
"chr1-0086",0.0368625764768187
"chr1-0087",0.0709920693985451
"chr1-0088",-0.0714018651180177
"chr1-0089",-0.0500273954517971
"chr1-0090",-0.0499976572449671
"chr1-0091",-0.0785247395773506
"chr1-0092",-0.0252946647502822
"chr1-0093",-0.059624052872476
"chr1-0094",-0.0184824274387114
"chr1-0095",-0.0676261235717952
"chr1-0096",0.0401688612736596
"chr1-0097",0.132226833708889
"chr1-0098",-0.0908202486831524
"chr1-0099",-0.122944138407579
"chr1-0100",-0.0498314344440115
"chr1-0101",-0.0329900307630699
"chr1-0102",0.0541334444108905
"chr1-0103",-0.0419825337838111
"chr1-0104",0.0365635459795708
"chr1-0105",-0.0561771023947349
"chr1-0106",-0.028324676184291
"chr1-0107",0.0121865317906627
"chr1-0108",0.0139384629005622
"chr1-0109",0.0318969534077061
"chr1-0110",0.00278197867745287
"chr1-0111",-0.0996678790427632
"chr1-0112",0.0679832512096236
"chr1-0113",0.101195338567297
"chr1-0114",0.0776140022948276
"chr1-0115",0.04181338000138
"chr1-0116",0.0119547197773662
"chr1-0117",0.0775800080071087
"chr1-0118",-0.116126960575538
"chr1-0119",-0.0295268156795983
"chr1-0120",-0.0135891064440747
"chr1-0121",0.0533322605388055
"chr1-0122",-0.0875408710544366
"chr1-0123",-0.0499010942889945
"chr1-0124",-0.117842549720718
"chr1-0125",-0.00210162696000631
"chr1-0126",-0.0493027129529628
"chr1-0127",0.039466663143869
"chr1-0128",-0.0757319198313524
"chr1-0129",-0.0305171873300587
"chr1-0130",-0.0383048615425574
"chr1-0131",0.0672551537550875
"chr1-0132",0.0714126580270616
"chr1-0133",0.0314848408856233
"chr1-0134",0.0785293498282872
"chr1-0135",-0.00153736902068003
"chr1-0136",0.0165720090183509
"chr1-0137",0.0126426180873999
"chr1-0138",0.0261237458173332
"chr1-0139",-0.0148171969485583
"chr1-0140",-0.171214561948201
"chr1-0141",-0.477932151191798
"chr1-0142",-0.160897288898983
"chr1-0143",-0.0608334675090704
"chr1-0144",-0.0805514935890701
"chr1-0145",-0.0554459310371883
"chr1-0146",0.023398817973937
"chr1-0147",-0.0269061925126464
"chr1-0148",-0.091045688747333
"chr1-0149",-0.205115098284378
"chr1-0150",-0.119116456902043
"chr1-0151",-0.0500544609513493
"chr1-0152",-0.0285296658934626
"chr1-0153",-0.0378124066714389
"chr1-0154",0.0722968283230015
"chr1-0155",0.00223402496858903
"chr1-0156",-0.08698105662807
"chr1-0157",-0.029567291644922
"chr1-0158",-0.0559454664654883
"chr1-0159",-0.0477891838878308
"chr1-0160",-0.0146443343785204
"chr1-0161",0.0567568732392217
"chr1-0162",-0.00985608081498552
"chr1-0163",-0.0831686031414915
"chr1-0164",0.0169561582467622
"chr1-0165",0.0368947583444168
"chr1-0166",0.0105688431811799
"chr1-0167",0.0648053818097114
"chr1-0168",0.00351056048558175
"chr1-0169",0.000670434019152736
"chr1-0170",0.0530473285334654
"chr1-0171",0.0166201550184682
"chr1-0172",-0.0946461210806622
"chr1-0173",0.0371425990449705
"chr1-0174",0.0568370988535115
"chr1-0175",0.107967196355813
"chr1-0176",0.16344141185677
"chr1-0177",-0.12846290309813
"chr1-0178",0.00473663927089956
"chr1-0179",0.110536217245879
"chr1-0180",0.053317744368732
"chr1-0181",-0.111299466124852
"chr1-0182",0.00748866227721446
"chr1-0183",-0.0676628354072779
"chr1-0184",0.130045223133198
"chr1-0185",-0.0339449832695157
"chr1-0186",-0.0515119936601956
"chr1-0187",-0.00362008881011917
"chr1-0188",0.0281674174923506
"chr1-0189",0.0369116637364351
"chr1-0190",-0.0291254903617851
"chr1-0191",-0.227443449510269
"chr1-0192",-0.0987460878770065
"chr1-0193",-0.0471101685187917
"chr1-0194",-0.104840870420241
"chr1-0195",0.00934649023970429
"chr1-0196",-0.0573105296151648
"chr1-0197",-0.0850934535558716
"chr1-0198",-0.0229292800985412
"chr1-0199",0.0587217285866579
"chr1-0200",0.0213814061096359
"chr1-0201",-0.0354915370662831
"chr1-0202",0.0926956207749115
"chr1-0203",0.0171563393668347
"chr1-0204",-0.047744737028824
"chr1-0205",-0.0326884292310406
"chr1-0206",0.0452887933180047
"chr1-0207",0.00552915489793777
"chr1-0208",-0.0457544588898936
"chr1-0209",-0.110950581533558
"chr1-0210",0.0524433446160657
"chr1-0211",-0.0359777181263772
"chr1-0212",-0.0148786658957726
"chr1-0213",-0.228071869506397
"chr1-0214",0.0899931059181792
"chr1-0215",-0.0656750867528369
"chr1-0216",-0.0884495185007275
"chr1-0217",0.0318644351333146
"chr1-0218",0.0181378468559169
"chr1-0219",-0.0530422371439562
"chr1-0220",-0.114950808007779
"chr1-0221",-0.0127918751556544
"chr1-0222",0.0741511811105957
"chr1-0223",0.0307548351302852
"chr1-0224",-0.0907958170803165
"chr1-0225",0.244587182187331
"chr1-0226",0.0121051057467862
"chr1-0227",-0.0536929738958143
"chr1-0228",-0.0489270522362072
"chr1-0229",0.00357385374680448
"chr1-0230",-0.0361650391070321
"chr1-0231",-0.0251334424411047
"chr1-0232",0.020984290635404
"chr1-0233",0.0156424332223587
"chr1-0234",0.0430742746943139
"chr1-0235",0.00363644767654951
"chr1-0236",0.0757256791403929
"chr1-0237",0.0883997462757099
"chr1-0238",0.00351260125974669
"chr1-0239",-0.0838313438020798
"chr1-0240",-0.0490880294064363
"chr1-0241",-0.031787107456518
"chr1-0242",-0.0145987343095029
"chr1-0243",-0.0560073348709311
"chr1-0244",-0.100134400551124
"chr1-0245",0.0930400051656033
"chr1-0246",0.0175962131156405
"chr1-0247",-0.0763650101544672
"chr1-0248",-0.0882623465737816
"chr1-0249",0.0168378253869263
"chr1-0250",-0.0413182313077791
"chr1-0251",-0.0470257747094513
"chr1-0252",-0.0559398851685961
"chr1-0253",-0.0888386895599358
"chr1-0254",-0.0796124759146801
"chr1-0255",-0.0340141748378326
"chr1-0256",-0.0375563896620867
"chr1-0257",-0.0411772877513178
"chr1-0258",-0.0389704845419513
"chr1-0259",-0.071315990954086
"chr1-0260",-0.0374542630350232
"chr1-0261",-0.014606096808624
"chr1-0262",-0.0783376339457849
"chr1-0263",-0.0457276149658597
"chr1-0264",0.0177605321679626
"chr1-0265",-0.0231010772375182
"chr1-0266",0.00708018237336863
"chr1-0267",-0.0162020462873557
"chr1-0268",0.102372148525212
"chr1-0269",-0.0145514095780008
"chr1-0270",-0.0150099072723873
"chr1-0271",-0.0321302764205822
"chr1-0272",-0.0626630220108643
"chr1-0273",-0.00483921789478591
"chr1-0274",0.0482457212219453
"chr1-0275",-0.0502225424122568
"chr1-0276",-0.0344948217416655
"chr1-0277",-0.0137861299323014
"chr1-0278",-0.0765889863153823
"chr1-0279",-0.230711672563149
"chr1-0280",-0.124748869276054
"chr1-0281",-0.137287835645433
"chr1-0282",-0.0545728949162734
"chr1-0283",-0.0332324543186265
"chr1-0284",-0.0519341094625774
"chr1-0285",-0.0170755519080179
"chr1-0286",0.00508882521410888
"chr1-0287",-0.00828842041467992
"chr1-0288",-0.0703100913236485
"chr1-0289",-0.0134387340213516
"chr1-0290",-0.0555065740536727
"chr1-0291",-0.0299824357157155
"chr1-0292",-0.0499503827856763
"chr1-0293",-0.0693726064525881
"chr1-0294",-0.0981622916679747
"chr1-0295",-0.0136889979716696
"chr1-0296",-0.0864239648960567
"chr1-0297",-0.0113798284586067
"chr1-0298",-0.0512103684008477
"chr1-0299",-0.0476724788213411
"chr1-0300",-0.0113044842321535
"chr1-0301",0.00346546818922082
"chr1-0302",0.0413878004644857
"chr1-0303",0.00253368896318471
"chr1-0304",-0.0461223818055465
"chr1-0305",0.0599560077537722
"chr1-0306",-0.016631239659247
"chr1-0307",0.0511988187903048
"chr1-0308",-0.137100267350559
"chr1-0309",0.018511551122563
"chr1-0310",-0.0727020810929496
"chr1-0311",0.0587944887496581
"chr1-0312",-0.111296836831194
"chr1-0313",0.033207289841909
"chr1-0314",-0.0740915628067985
"chr1-0315",-0.0850093410178959
"chr1-0316",-0.0124046539429181
"chr1-0317",-0.0506840564828452
"chr1-0318",-0.138488373379922
"chr1-0319",-0.100867301753715
"chr1-0320",-0.140882977772419
"chr1-0321",-0.136670903723687
"chr1-0322",-0.0912125362998552
"chr1-0323",0.0193178296914161
"chr1-0324",0.0417242739038675
"chr1-0325",-0.0909826751225285
"chr1-0326",-0.0792781964077362
"chr1-0327",-0.0319515423248331
"chr1-0328",-0.13600545185146
"chr1-0329",-0.00887322757056735
"chr1-0330",-0.169532401975299
"chr1-0331",-0.187969760699906
"chr1-0332",0.00659053349221039
"chr1-0333",-0.0472387553019206
"chr1-0334",-0.093238512342555
"chr1-0335",-0.134798477561135
"chr1-0336",-0.0404943869069698
"chr1-0337",-0.0799528862576948
"chr1-0338",0.0170478284773117
"chr1-0339",-0.0778017235385268
"chr1-0340",-0.0564908746154885
"chr1-0341",-0.0781097342823023
"chr1-0342",0.102820028565592
"chr1-0343",0.00308526108188407
"chr1-0344",-0.0336140517393412
"chr1-0345",-0.102973071533002
"chr1-0346",0.0678314915034899
"chr1-0347",0.011161826574817
"chr1-0348",-0.0297145924790506
"chr1-0349",-0.0319892446165693
"chr1-0350",-0.0487471897165413
"chr1-0351",-0.0683087131951093
"chr1-0352",0.00366552898104603
"chr1-0353",0.0507870414244618
"chr1-0354",0.0531490804517819
"chr1-0355",-0.0302022747435972
"chr1-0356",0.0720811740108291
"chr1-0357",-0.0756418899022342
"chr1-0358",-0.129542806050472
"chr1-0359",-0.0394572183877729
"chr1-0360",-0.0505164538100349
"chr1-0361",-0.071586736736522
"chr1-0362",-0.0300153001832983
"chr1-0363",-0.199557609513073
"chr1-0364",0.0243242828086829
"chr1-0365",-0.0792928560274585
"chr1-0366",0.0193704460387988
"chr1-0367",-0.0959596325395541
"chr1-0368",0.0254830219421255
"chr1-0369",-0.0230092429916581
"chr1-0370",-0.0298359981707869
"chr1-0371",-0.0168535304504134
"chr1-0372",-0.0255444191922339
"chr1-0373",-0.155446310199549
"chr1-0374",-0.0289925891878491
"chr1-0375",-0.0508435409215764
"chr1-0376",-0.0675366409617411
"chr1-0377",-0.0616201751850406
"chr1-0378",-0.11302405268946
"chr1-0379",0.00209725173572729
"chr1-0380",-0.032915905139076
"chr1-0381",-0.0284373127043093
"chr1-0382",-0.0270391843714952
"chr1-0383",-0.0790272116602422
"chr1-0384",-0.0666935212106063
"chr1-0385",-0.0585412436580273
"chr1-0386",-0.0781265801334956
"chr1-0387",0.0110841146379669
"chr1-0388",-0.0107085150532901
"chr1-0389",-0.0429046745444806
"chr1-0390",-0.0495813202856953
"chr1-0391",0.124110783339704
"chr1-0392",0.0147640940129555
"chr1-0393",-0.0134475482272832
"chr1-0394",-0.0727281530567518
"chr1-0395",-0.0188496435737941
"chr1-0396",0.00120635708953317
"chr1-0397",-0.015209768814101
"chr1-0398",-0.0299370521982841
"chr1-0399",-0.0218824472992967
"chr1-0400",-0.0397080237058913
"chr1-0401",-0.10221034502803
"chr1-0402",-0.116619493756313
"chr1-0403",0.0503724505273924
"chr1-0404",-0.0177335752719053
"chr1-0405",-0.148540406174637
"chr1-0406",0.00894064015753376
"chr1-0407",-0.0319008446940878
"chr1-0408",-0.150297444719149
"chr1-0409",-0.0475442863453408
"chr1-0410",-0.0140438016211937
"chr1-0411",-0.0926810942864641
"chr1-0412",-0.0673220147949861
"chr1-0413",-0.0506630595602535
"chr1-0414",-0.050869647337215
"chr1-0415",0.0175761428917402
"chr1-0416",-0.0954146019881943
"chr1-0417",-0.0918880397437116
"chr1-0418",-0.0501769500426347
"chr1-0419",0.0609618321924174
"chr1-0420",-0.111257516119276
"chr1-0421",-0.0852814755412361
"chr1-0422",-0.0681845322193913
"chr1-0423",-0.0622717146714791
"chr1-0424",-0.117803882390109
"chr1-0425",0.0429027773309578
"chr1-0426",0.00840829213165893
"chr1-0427",-0.0928904181890415
"chr1-0428",-0.0583755141459394
"chr1-0429",-0.152315564039348
"chr1-0430",0.0151986150372374
"chr1-0431",0.0524267338443225
"chr1-0432",0.00412847671118829
"chr1-0433",-0.0689685791617123
"chr1-0434",0.00563197612559671
"chr1-0435",-0.0479840601775691
"chr1-0436",-0.0222067941214327
"chr1-0437",-0.0682352755904004
"chr1-0438",-0.0342888937915292
"chr1-0439",-0.0636998102591641
"chr1-0440",-0.0146904028488364
"chr1-0441",-0.0693134076140881
"chr1-0442",-0.035431810826985
"chr1-0443",-0.0649517255442165
"chr1-0444",-0.037868460009493
"chr1-0445",-0.0803129407449671
"chr1-0446",0.0357391052439684
"chr1-0447",-0.0415060459475343
"chr1-0448",-0.0917771880465103
"chr1-0449",0.00905593497310391
"chr1-0450",-0.0508054578150067
"chr1-0451",0.00351376455555516
"chr1-0452",-0.0450957254545883
"chr1-0453",-0.0925976170887402
"chr1-0454",-0.0374376034497832
"chr1-0455",-0.0871131855566348
"chr1-0456",0.016911002677808
"chr1-0457",-0.0524520027054528
"chr1-0458",0.0159942332815574
"chr1-0459",-0.0659989835046552
"chr1-0460",-0.0207466936833541
"chr1-0461",-0.0338466167903899
"chr1-0462",-0.0780623263572154
"chr1-0463",-0.0920480165734092
"chr1-0464",-0.0389753287423093
"chr1-0465",-0.0428817743777977
"chr1-0466",-0.0411170499695661
"chr1-0467",-0.0382137811237158
"chr1-0468",-0.0567535237397065
"chr1-0469",-0.0669498248863338
"chr1-0470",-0.0415396127643723
"chr1-0471",-0.051435380850692
"chr1-0472",-0.0427385120330202
"chr1-0473",-0.0247109807218581
"chr1-0474",-0.0493402928004675
"chr1-0475",0.00736412168182333
"chr1-0476",-0.0156462011341178
"chr1-0477",-0.033210246187078
"chr1-0478",0.0578816558943223
"chr1-0479",0.00611882141123315
"chr1-0480",-0.0249764514985116
"chr1-0481",-0.0941196389681127
"chr1-0482",-0.00801274456143243
"chr1-0483",0.0163637600205044
"chr1-0484",-0.062443461592227
"chr1-0485",-0.0141567631723269
"chr1-0486",-0.035777662123011
"chr1-0487",-0.107210373397407
"chr1-0488",-0.0576017679912902
"chr1-0489",-0.0606929791578868
"chr1-0490",-0.016842033516627
"chr1-0491",-0.0667285415241528
"chr1-0492",-0.0464605893743298
"chr1-0493",-0.10892696776088
"chr1-0494",0.0106089001895774
"chr1-0495",0.0399757287529554
"chr1-0496",-0.00299007664862922
"chr1-0497",-0.114743825422273
"chr1-0498",-0.0148179542333494
"chr1-0499",-0.137960312361406
"chr1-0500",-0.00396265030184552
"chr1-0501",-0.0418284764398131
"chr1-0502",-0.0902623140333372
"chr1-0503",-0.0712478482193056
"chr1-0504",-0.0234501212637959
"chr1-0505",-0.128090299374022
"chr1-0506",-0.0918357623830831
"chr1-0507",-0.0942970547069373
"chr1-0508",-0.0502576183239178
"chr1-0509",0.0696502530959804
"chr1-0510",-0.0827966288362332
"chr1-0511",-0.0837154266461703
"chr1-0512",-0.0609949193616922
"chr1-0513",-0.0432945618770686
"chr1-0514",-0.171057182795734
"chr1-0515",-0.0467333600498975
"chr1-0516",-0.0529080535775054
"chr1-0517",0.0122148112919473
"chr1-0518",-0.117617045137988
"chr1-0519",-0.0850005151299766
"chr1-0520",0.00187218956931828
"chr1-0521",-0.107781833066013
"chr1-0522",-0.0771320889966167
"chr1-0523",-0.0341777427288208
"chr1-0524",-0.141461995300837
"chr1-0525",-0.0033021526944458
"chr1-0526",-0.0870448624733611
"chr1-0527",-0.172385948577788
"chr1-0528",0.0305276566803148
"chr1-0529",-0.0502739632193013
"chr1-0530",-0.0670576691918106
"chr1-0531",-0.226885236447582
"chr1-0532",-0.0981209202769967
"chr1-0533",0.0533948027143712
"chr1-0534",-0.130276267391929
"chr1-0535",-0.111460011051775
"chr1-0536",-0.0985122416080131
"chr1-0537",-0.107143389187552
"chr1-0538",0.0360215136511714
"chr1-0539",-0.079979295439868
"chr1-0540",-0.0467597166107953
"chr1-0541",-0.0235196138853612
"chr1-0542",-0.0696850308079595
"chr1-0543",-0.278610474407064
"chr1-0544",-0.0739676467092502
"chr1-0545",-0.0545164693740766
"chr1-0546",-0.00970508726553407
"chr1-0547",-0.0588446581946962
"chr1-0548",-0.14714942929599
"chr1-0549",-0.0863400615403708
"chr1-0550",-0.202732903526796
"chr1-0551",-0.0283504538525361
"chr1-0552",-0.0637363287242294
"chr1-0553",-0.0548750906746375
"chr1-0554",-0.150434141504186
"chr1-0555",-0.135598037140777
"chr1-0556",-0.0492315571227295
"chr1-0557",-0.076901580213729
"chr1-0558",-0.0371367049098551
"chr1-0559",0.0211907696271452
"chr1-0560",0.0242157351119208
"chr1-0561",-0.117575099538919
"chr1-0562",-0.0299085616511324
"chr1-0563",0.048936425938145
"chr1-0564",0.0548538604749313
"chr1-0565",0.0356418199073466
"chr1-0566",-0.0859290793318099
"chr1-0567",-0.0200981410965501
"chr1-0568",-0.0747339840323403
"chr1-0569",-0.0681691290529004
"chr1-0570",0.0762717249536078
"chr1-0571",-0.0862191736709765
"chr1-0572",0.0191692542886398
"chr1-0573",-0.0249095222800236
"chr1-0574",0.0298593290118173
"chr1-0575",0.0511267019837899
"chr1-0576",0.0400601833656776
"chr1-0577",-0.0999363482943753
"chr1-0578",-0.0127137157415219
"chr1-0579",-0.0803822694769504
"chr1-0580",-0.0929855707876363
"chr1-0581",-0.0685664485231158
"chr1-0582",-0.0856152300680745
"chr1-0583",-0.166258907562564
"chr1-0584",-0.0519207323499287
"chr1-0585",-0.0393096718966779
"chr1-0586",0.00258615692929381
"chr1-0587",-0.0552101510695633
"chr1-0588",-0.0232497036685494
"chr1-0589",-0.0219612016698418
"chr1-0590",-0.052626845591415
"chr1-0591",-0.0264308577655922
"chr1-0592",-0.100801998417453
"chr1-0593",-0.0803387813828489
"chr1-0594",0.0203933146555601
"chr1-0595",-0.104012298563615
"chr1-0596",-0.0196306472900056
"chr1-0597",-0.0894645697403084
"chr1-0598",0.0603984773054824
"chr1-0599",-0.111389652195592
"chr1-0600",-0.0549878737156409
"chr1-0601",-0.0250390561194776
"chr1-0602",-0.100103911336025
"chr1-0603",-0.0144193730014677
"chr1-0604",-0.00187510048182032
"chr1-0605",-0.00969983515233346
"chr1-0606",0.0747025955277432
"chr1-0607",-0.0375245608289845
"chr1-0608",-0.101731060291407
"chr1-0609",-0.000517900711302132
"chr1-0610",-0.0509404854522735
"chr1-0611",0.0202664047917059
"chr1-0612",0.0271521022196401
"chr1-0613",-0.0416528648381087
"chr1-0614",-0.211023530210262
"chr1-0615",-0.0383931504245288
"chr1-0616",-0.0753842783064388
"chr1-0617",-0.0336152077752188
"chr1-0618",0.0230458639948008
"chr1-0619",-0.0385436060950992
"chr1-0620",-0.0541577646551193
"chr1-0621",0.00971438108296054
"chr1-0622",-0.0805007283056436
"chr1-0623",-0.144836731306244
"chr1-0624",-0.0458450946490407
"chr1-0625",-0.0270264099960027
"chr1-0626",-0.0806118788108879
"chr1-0627",-0.0423934827058904
"chr1-0628",-0.0591041881148666
"chr1-0629",-0.0269375086700335
"chr1-0630",0.0121423073746958
"chr1-0631",-0.11095116528644
"chr1-0632",-0.13623975706502
"chr1-0633",-0.0372752076644336
"chr1-0634",-0.0173283758837031
"chr1-0635",-0.0556422876588962
"chr1-0636",-0.0233884499613133
"chr1-0637",-0.178662199064211
"chr1-0638",-0.0648222022907039
"chr1-0639",-0.065210851043376
"chr1-0640",-0.0517086998636614
"chr1-0641",0.0738831554856599
"chr1-0642",-0.125644298562777
"chr1-0643",-0.0135766500858322
"chr1-0644",-0.00498519141371761
"chr1-0645",-0.0891926308023734
"chr1-0646",-0.119597998889655
"chr1-0647",-0.114740128896352
"chr1-0648",0.0916599144021243
"chr1-0649",-0.0172242324957452
"chr1-0650",-0.139614041492281
"chr1-0651",-0.030650604175412
"chr1-0652",-0.118662555996642
"chr1-0653",-0.0328291470737832
"chr1-0654",-0.0574039442732577
"chr1-0655",0.0427262548678099
"chr1-0656",-0.072879776803202
"chr1-0657",-0.0846072854418543
"chr1-0658",0.0746795337393495
"chr1-0659",-0.0528276093693936
"chr1-0660",-0.00493514270822895
"chr1-0661",-0.0856921051066604
"chr1-0662",-0.0720851765653892
"chr1-0663",0.0648870971738513
"chr1-0664",-0.0935141436763307
"chr1-0665",-0.111546463094106
"chr1-0666",-0.0413137829270972
"chr1-0667",-0.144116988275809
"chr1-0668",0.0114248596388674
"chr1-0669",0.0245597750732558
"chr1-0670",-0.0894611394986282
"chr1-0671",-0.144779987962736
"chr1-0672",-0.00677626190889105
"chr1-0673",-0.129694068988294
"chr1-0674",-0.135007177570655
"chr1-0675",-0.0341607623857157
"chr1-0676",-0.00029483864684684
"chr1-0677",0.0410270626849871
"chr1-0678",-0.179646929349918
"chr1-0679",-0.179688344392578
"chr1-0680",-0.00403442335753878
"chr1-0681",-0.115885531232642
"chr1-0682",0.148163871490852
"chr1-0683",-0.160999837621725
"chr1-0684",-0.169463632502584
"chr1-0685",-0.104576403941109
"chr1-0686",-0.115947871657316
"chr1-0687",-0.0275441465592425
"chr1-0688",-0.0168660483701074
"chr1-0689",-0.125030937058174
"chr1-0690",-0.109014149118284
"chr1-0691",0.0589366708055832
"chr1-0692",-0.069770244210722
"chr1-0693",-0.135438296145593
"chr1-0694",-0.0219691460238177
"chr1-0695",-0.140415596918055
"chr1-0696",-0.115182397530276
"chr1-0697",0.0377752211087619
"chr1-0698",-0.022782100953078
"chr1-0699",-0.0285899237112086
"chr1-0700",-0.0510625454516691
"chr1-0701",-0.068711175495164
"chr1-0702",-0.189715268402894
"chr1-0703",0.0515753135843426
"chr1-0704",-0.0654167676165674
"chr1-0705",-0.130348043163214
"chr1-0706",-0.142328010324839
"chr1-0707",-0.0632534764640655
"chr1-0708",-0.131592721157318
"chr1-0709",-0.0381939467133163
"chr1-0710",-0.174561207089285
"chr1-0711",0.0618424609797836
"chr1-0712",-0.0974176260593605
"chr1-0713",-0.0127881373585996
"chr1-0714",-0.215932404802792
"chr1-0715",0.116116824635845
"chr1-0716",-0.0305884343519095
"chr1-0717",-0.0154284703838457
"chr1-0718",0.0670828771552582
"chr1-0719",-0.136817087282097
"chr1-0720",-0.185206969218061
"chr1-0721",-0.100684379499593
"chr1-0722",0.0359852639793921
"chr1-0723",-0.0655914471666042
"chr1-0724",-0.146974951191757
"chr1-0725",-0.0592111838508306
"chr1-0726",0.023164310998655
"chr1-0727",-0.127328142377883
"chr1-0728",-0.0176881925130599
"chr1-0729",-0.0476312317978979
"chr1-0730",-0.136394834193672
"chr1-0731",-0.102959010439055
"chr1-0732",-0.0954305814160544
"chr1-0733",-0.00469355109463358
"chr1-0734",-0.0320430896637821
"chr1-0735",-0.0830647868096319
"chr1-0736",-0.155343958914196
"chr1-0737",-0.0401692652444254
"chr1-0738",-0.114682150694556
"chr1-0739",-0.126426939911187
"chr1-0740",-0.0516432385644878
"chr1-0741",-0.0159105992151961
"chr1-0742",-0.147941335762068
"chr1-0743",-0.0476540588603627
"chr1-0744",0.0634682917936287
"chr1-0745",-0.0334055081692386
"chr1-0746",-0.0309950977925695
"chr1-0747",-0.0656856953323703
"chr1-0748",-0.110589903939586
"chr1-0749",-0.166478807382931
"chr1-0750",0.0410165668810698
"chr1-0751",-0.0466180331407814
"chr1-0752",-0.0354497644905832
"chr1-0753",-0.0357212142630995
"chr1-0754",-0.183453116782579
"chr1-0755",-0.0446847671591754
"chr1-0756",-0.0835967791081027
"chr1-0757",-0.142461323302183
"chr1-0758",-0.138303125655072
"chr1-0759",-0.0229693024390505
"chr1-0760",-0.018540127413875
"chr1-0761",-0.0818098969825901
"chr1-0762",-0.0108573925241574
"chr1-0763",-0.0804369030406294
"chr1-0764",-0.0921231880396749
"chr1-0765",-0.0381132207307285
"chr1-0766",-0.144912907862499
"chr1-0767",-0.0475524344747397
"chr1-0768",0.0198679291004518
"chr1-0769",0.0201440972459074
"chr1-0770",-0.117745237922723
"chr1-0771",-0.0407684962407455
"chr1-0772",-0.0750293016381244
"chr1-0773",-0.0449994213711774
"chr1-0774",-0.0674992435011502
"chr1-0775",-0.116162656421164
"chr1-0776",-0.155810341921429
"chr1-0777",0.187303884255004
"chr1-0778",0.0246415535563073
"chr1-0779",-0.177767564381716
"chr1-0780",-0.104258756859583
"chr1-0781",0.0649719098906549
"chr1-0782",0.0101779595379927
"chr1-0783",-0.109905037594161
"chr1-0784",-0.108600376269198
"chr1-0785",-0.0490589853979356
"chr1-0786",-0.0461663338193555
"chr1-0787",-0.0154470359872248
"chr1-0788",0.0161985578985613
"chr1-0789",-0.0831739959274865
"chr1-0790",-0.108418867907657
"chr1-0791",0.0457778158824606
"chr1-0792",0.00814537854681614
"chr1-0793",-0.00732590557428787
"chr1-0794",-0.061686874520684
"chr1-0795",-0.0341068229852975
"chr1-0796",0.0445740127770826
"chr1-0797",-0.126325571802487
"chr1-0798",-0.101501752228002
"chr1-0799",0.0297116381036436
"chr1-0800",-0.185100609132514
"chr1-0801",0.0555756713361962
"chr1-0802",-0.0583141561617346
"chr1-0803",-0.0977434240059929
"chr1-0804",-0.0535116405334636
"chr1-0805",-0.00979637445015286
"chr1-0806",-0.150087282603567
"chr1-0807",0.0264564825262278
"chr1-0808",-0.100168887340975
"chr1-0809",-0.0974881080517747
"chr1-0810",-0.145090583307742
"chr1-0811",0.0248515676496087
"chr1-0812",0.0151504678483946
"chr1-0813",-0.139051217939557
"chr1-0814",-0.0763024497869755
"chr1-0815",-0.0704019563682792
"chr1-0816",-0.00456495339647941
"chr1-0817",-0.0893141285786595
"chr1-0818",-0.275784041077042
"chr1-0819",-0.0232408421721651
"chr1-0820",-0.026512571799178
"chr1-0821",-0.00329697380775565
"chr1-0822",-0.102207588234059
"chr1-0823",0.0708843353600518
"chr1-0824",-0.0417667905285223
"chr1-0825",-0.119483105058648
"chr1-0826",-0.111147240490718
"chr1-0827",-0.08058358712371
"chr1-0828",-0.101726605835033
"chr1-0829",-0.12705506902544
"chr1-0830",-0.0413066762480705
"chr1-0831",-0.0914488779663412
"chr1-0832",0.00130930908082335
"chr1-0833",-0.0709024291993201
"chr1-0834",0.0051757359370197
"chr1-0835",-0.029187201547727
"chr1-0836",-0.0387208932507968
"chr1-0837",-0.0587388052688063
"chr1-0838",-0.0794673306565741
"chr1-0839",-0.149049139762946
"chr1-0840",-0.0426752509970439
"chr1-0841",-0.0580799196533806
"chr1-0842",-0.0457123579942764
"chr1-0843",-0.0835526293388312
"chr1-0844",-0.0559208038295512
"chr1-0845",-0.0650151025401474
"chr1-0846",-0.186241611781052
"chr1-0847",-0.00726952550779663
"chr1-0848",-0.0402041176385958
"chr1-0849",0.0264230013256884
"chr1-0850",-0.071515845067954
"chr1-0851",-0.0880845115509553
"chr1-0852",0.0181978431505164
"chr1-0853",-0.0255403533971772
"chr1-0854",0.021873335094707
"chr1-0855",-0.0273288047004953
"chr1-0856",0.0172826803963535
"chr1-0857",-0.0644514603192061
"chr1-0858",-0.0396817749812092
"chr1-0859",-0.0741335228518763
"chr1-0860",-0.063358030557005
"chr1-0861",-0.0779268048038581
"chr1-0862",-0.0609377113315249
"chr1-0863",-0.0294643229393288
"chr1-0864",-0.118116484729359
"chr1-0865",-0.0442484489230207
"chr1-0866",-0.0298929796355621
"chr1-0867",-0.12720773928946
"chr1-0868",-0.0458689435511621
"chr1-0869",-0.00508376117765802
"chr1-0870",-0.0813702305944593
"chr1-0871",-0.02015274788899
"chr1-0872",-0.0450366056905289
"chr1-0873",-0.0661182461725485
"chr1-0874",-0.123581730022206
"chr1-0875",-0.0630544469120062
"chr1-0876",-0.112678617901703
"chr1-0877",-0.166722612117921
"chr1-0878",-0.076675251329277
"chr1-0879",-0.00529466904344806
"chr1-0880",-0.0522588477234632
"chr1-0881",0.0140970314995952
"chr1-0882",-0.01977197701339
"chr1-0883",-0.108866909763767
"chr1-0884",-0.106722762640515
"chr1-0885",0.0263460451910706
"chr1-0886",0.0164263307750088
"chr1-0887",0.0379818194232028
"chr1-0888",-0.0825830636535111
"chr1-0889",-0.0472926149583512
"chr1-0890",-0.0505487949535106
"chr1-0891",0.0788343404939412
"chr1-0892",-0.0800416185354621
"chr1-0893",-0.0608731573636241
"chr1-0894",0.0134639698293437
"chr1-0895",-0.0887947956436085
"chr1-0896",-0.156356415390006
"chr1-0897",-0.0558329167484156
"chr1-0898",-0.0904752833478852
"chr1-0899",-0.0360554687712455
"chr1-0900",0.0350483400273062
"chr1-0901",-0.10298967440886
"chr1-0902",-0.100652137083356
"chr1-0903",-0.0429444988773861
"chr1-0904",-0.0576704071402869
"chr1-0905",-0.0280267032718856
"chr1-0906",0.0875017214541854
"chr1-0907",0.044045697784922
"chr1-0908",-0.0910001796033275
"chr1-0909",-0.0363707746834802
"chr1-0910",0.128398970922651
"chr1-0911",-0.00356338050727652
"chr1-0912",-0.149515388731623
"chr1-0913",-0.0549339701308539
"chr1-0914",-0.0808780642781586
"chr1-0915",0.0140107257269474
"chr1-0916",-0.0609303834926407
"chr1-0917",-0.0506377737463346
"chr1-0918",-0.00514647244291324
"chr1-0919",-0.0815106791095271
"chr1-0920",-0.000432237267175875
"chr1-0921",-0.279883764802058
"chr1-0922",-0.035610128243034
"chr1-0923",0.0348156491374954
"chr1-0924",-0.15255043564338
"chr1-0925",0.0226025797523222
"chr1-0926",-0.0658094870892819
"chr1-0927",-0.0851742642692394
"chr1-0928",-0.0726333264900658
"chr1-0929",-0.0525259988073643
"chr1-0930",-0.0986069453431463
"chr1-0931",-0.028859383074414
"chr1-0932",-0.0403689765655519
"chr1-0933",-0.0467235525914846
"chr1-0934",-0.036033663814769
"chr1-0935",-0.0764930423813719
"chr1-0936",-0.237583327548952
"chr1-0937",0.0202895112981401
"chr1-0938",-0.0210655422878641
"chr1-0939",-0.00382500037738821
"chr1-0940",1.21592642402085e-07
"chr1-0941",0.065032192694958
"chr1-0942",0.103443070205964
"chr1-0943",-0.0267164434320092
"chr1-0944",0.0590385430410518
"chr1-0945",-0.0186273237372108
"chr1-0946",0.151768756970251
"chr1-0947",0.0302658588463485
"chr1-0948",0.078159077434423
"chr1-0949",-0.081690666060269
"chr1-0950",0.101269047315895
"chr1-0951",0.14256349536482
"chr1-0952",-0.00987526066164698
"chr1-0953",0.0741738656072438
"chr1-0954",0.121259373646123
"chr1-0955",0.087684148447542
"chr1-0956",0.117092306963985
"chr1-0957",0.0458363404763126
"chr1-0958",-0.0611435822492382
"chr1-0959",-0.024399384484477
"chr1-0960",-0.0512627165895487
"chr1-0961",-0.0849971367114038
"chr1-0962",0.0540138183397735
"chr1-0963",0.150949734303001
"chr1-0964",0.0129616297680553
"chr1-0965",-0.0337125381756609
"chr1-0966",-0.0472680940544437
"chr1-0967",-0.0533694016990696
"chr1-0968",-0.099910537100882
"chr1-0969",0.0912814335425187
"chr1-0970",-0.0219427144622546
"chr1-0971",-0.0949055692023935
"chr1-0972",-0.0306544024323906
"chr1-0973",-0.001929412786732
"chr1-0974",0.113909301509115
"chr1-0975",0.16561598624979
"chr1-0976",-0.000932227576687016
"chr1-0977",0.10911036024617
"chr1-0978",0.0764722063540563
"chr1-0979",-0.0830241708802387
"chr1-0980",-0.0996486998604197
"chr1-0981",-0.0162597034155409
"chr1-0982",-0.0640251615701637
"chr1-0983",-0.0779211140418234
"chr1-0984",0.101137655358651
"chr1-0985",-0.101704462764103
"chr1-0986",-0.0980167671520349
"chr1-0987",-0.0811402044866529
"chr1-0988",0.0151163035376416
"chr1-0989",-0.101854412344251
"chr1-0990",-0.0622791912724704
"chr1-0991",-0.0829664476959591
"chr1-0992",-0.0702542132052869
"chr1-0993",0.0358877229095422
"chr1-0994",-0.0603429244234933
"chr1-0995",-0.108460641654372
"chr1-0996",-0.0158005106398982
"chr1-0997",-0.0148048614021386
"chr1-0998",-0.0436598372004963
"chr1-0999",-0.00780008432812282
"chr1-1000",-0.080405344254765
"chr1-1001",-0.099843252483693
"chr1-1002",-0.091216328784623
"chr1-1003",-0.0571593125767429
"chr1-1004",-0.0730472527419305
"chr1-1005",-0.00323111273123782
"chr1-1006",-0.0992318255081826
"chr1-1007",-0.0824158857703888
"chr1-1008",-0.0283383513789049
"chr1-1009",-0.0543222393437384
"chr1-1010",-0.0382999258044471
"chr1-1011",-0.199695877185833
"chr1-1012",-0.157118918031745
"chr1-1013",0.0620828401176809
"chr1-1014",-0.0366488458276097
"chr1-1015",-0.109082630483655
"chr1-1016",-0.104747161738047
"chr1-1017",-0.0418429704487918
"chr1-1018",-0.131526417283982
"chr1-1019",-0.117555779335
"chr1-1020",-0.0947117680769034
"chr1-1021",-0.0198639307405503
"chr1-1022",-0.0180048476746182
"chr1-1023",-0.140177364656002
"chr1-1024",-0.0688909873782052
"chr1-1025",-0.03061805179966
"chr1-1026",0.0137056503213306
"chr1-1027",-0.0145245619727431
"chr1-1028",0.0671189478795032
"chr1-1029",-0.0331346747903475
"chr1-1030",-0.106473076006898
"chr1-1031",-0.0711951637072472
"chr1-1032",-0.0194752644218409
"chr1-1033",0.0394774238687993
"chr1-1034",-0.0417087829169608
"chr1-1035",-0.0889912026227732
"chr1-1036",0.105324979321529
"chr1-1037",0.0518329369259028
"chr1-1038",-0.0254482455679986
"chr1-1039",-0.107709901409511
"chr1-1040",0.0407796051428285
"chr1-1041",0.0642815390414255
"chr1-1042",0.00992019341044999
"chr1-1043",-0.0866012371625166
"chr1-1044",0.00673587121780615
"chr1-1045",0.00500017582561944
"chr1-1046",0.0215153547322151
"chr1-1047",-0.048317498126975
"chr1-1048",-0.133990329548939
"chr1-1049",0.0281127185458272
"chr1-1050",-0.0366639944015075
"chr1-1051",-0.0726288177532911
"chr1-1052",0.0149999762695608
"chr1-1053",0.0230331896152395
"chr1-1054",-0.042558966172264
"chr1-1055",0.0341347101012087
"chr1-1056",-0.0748161292608178
"chr1-1057",0.0309619955526767
"chr1-1058",-0.0806526969031112
"chr1-1059",-0.0299861272673474
"chr1-1060",-0.0447271551638828
"chr1-1061",-0.104927317080302
"chr1-1062",-0.0766437101819484
"chr1-1063",-0.00156833890011732
"chr1-1064",-0.0752963190812305
"chr1-1065",-0.00930953469880372
"chr1-1066",0.0161011546374938
"chr1-1067",0.0023504286721237
"chr1-1068",-0.0359721751887515
"chr1-1069",0.00561638548625119
"chr1-1070",-0.0633755373381941
"chr1-1071",-0.178266337507986
"chr1-1072",-0.085956530183172
"chr1-1073",-0.0220962565187788
"chr1-1074",-0.00533497750712253
"chr1-1075",-0.0297714319362555
"chr1-1076",-0.0516114815348825
"chr1-1077",-0.0501062339861296
"chr1-1078",-0.150526813706874
"chr1-1079",-0.180986785549756
"chr1-1080",-0.00732358661058186
"chr1-1081",-0.236445785380853
"chr1-1082",-0.060909733720968
"chr1-1083",-0.103248091630218
"chr1-1084",-0.0436583880343264
"chr1-1085",-0.0893295681554217
"chr1-1086",-0.0261194071916455
"chr1-1087",-0.0742799714598264
"chr1-1088",-0.0785340322373886
"chr1-1089",-0.091938282235921
"chr1-1090",-0.0239874969100231
"chr1-1091",-0.091860088875502
"chr1-1092",-0.0292889137325952
"chr1-1093",-0.0322362229879677
"chr1-1094",-0.0712983188886408
"chr1-1095",-0.0492578918690296
"chr1-1096",-0.0829332266501138
"chr1-1097",-0.119675885725535
"chr1-1098",-0.0851487549449264
"chr1-1099",-0.135247890513118
"chr1-1100",0.0308366941843521
"chr1-1101",-0.0808681195926747
"chr1-1102",0.00598513573984354
"chr1-1103",-0.0615314854099934
"chr1-1104",-0.0720878203625997
"chr1-1105",-0.0852894098411255
"chr1-1106",0.0149310760933355
"chr1-1107",-0.0625742204077706
"chr1-1108",0.0487557775147038
"chr1-1109",-0.0149595575761583
"chr1-1110",-0.117472476865533
"chr1-1111",-0.00573940283241424
"chr1-1112",0.00579380517166169
"chr1-1113",0.0118812624854314
"chr1-1114",0.00962648513264888
"chr1-1115",-0.0531833230603064
"chr1-1116",-0.12864799453777
"chr1-1117",-0.0435169672956497
"chr1-1118",-0.0185875275215851
"chr1-1119",-0.0533132340851766
"chr1-1120",-0.0617005836004078
"chr1-1121",-0.0771791974051891
"chr1-1122",-0.0581278494289661
"chr1-1123",-0.0204425582805451
"chr1-1124",-0.0792400099582017
"chr1-1125",-0.163635008862448
"chr1-1126",0.0146732200358651
"chr1-1127",0.0791591712935844
"chr1-1128",-0.0211074824201784
"chr1-1129",0.00713360026596312
"chr1-1130",-0.0721409409350462
"chr1-1131",-0.053991996165736
"chr1-1132",-0.0131989480596966
"chr1-1133",-0.150789298633046
"chr1-1134",-0.0375240590845711
"chr1-1135",-0.0745120198014984
"chr1-1136",0.0114740515979573
"chr1-1137",-0.149869370094791
"chr1-1138",0.031632660668917
"chr1-1139",0.0210459200178879
"chr1-1140",-0.0874406479401086
"chr1-1141",-0.115351385373476
"chr1-1142",-0.0334582533975787
"chr1-1143",-0.111827275303445
"chr1-1144",-0.01901888404055
"chr1-1145",-0.0703432117635358
"chr1-1146",-0.00287269413548536
"chr1-1147",-0.0897180792334109
"chr1-1148",-0.0491752966364502
"chr1-1149",-0.0399527321087619
"chr1-1150",-0.1353686720707
"chr1-1151",-0.131999349425747
"chr1-1152",-0.0589705483167174
"chr1-1153",-0.0290578066787282
"chr1-1154",-0.0486982413017856
"chr1-1155",-0.0286906635015351
"chr1-1156",-0.0833789503594833
"chr1-1157",0.0356789822781483
"chr1-1158",-0.0376526343001232
"chr1-1159",-0.0873868307186512
"chr1-1160",-0.0679807521861866
"chr1-1161",-0.0716899052633159
"chr1-1162",0.00444681388310418
"chr1-1163",-0.220425904452329
"chr1-1164",-0.0420964442878378
"chr1-1165",-0.0224426753305476
"chr1-1166",-0.0676211066067464
"chr1-1167",-0.00211311366986202
"chr1-1168",-0.0437865249692904
"chr1-1169",-0.0173832425172987
"chr1-1170",0.0365028859906725
"chr1-1171",-0.0489366097200843
"chr1-1172",-0.119943648831341
"chr1-1173",-0.0946086911752022
"chr1-1174",-0.0668752814827412
"chr1-1175",-0.0521722364547537
"chr1-1176",-0.0090020350429634
"chr1-1177",-0.0806518338803681
"chr1-1178",0.00375054421502747
"chr1-1179",-0.0663685483184037
"chr1-1180",-0.101882896050901
"chr1-1181",0.0133419165870798
"chr1-1182",-0.139035962801873
"chr1-1183",-0.152481616657946
"chr1-1184",-0.053272319588711
"chr1-1185",0.0879082565451791
"chr1-1186",-0.112429904594255
"chr1-1187",-0.10612917418504
"chr1-1188",-0.0572856409360318
"chr1-1189",-0.0242574556322042
"chr1-1190",0.0259812924588567
"chr1-1191",-0.287484240810843
"chr1-1192",-0.0721546884239997
"chr1-1193",-0.130750043303552
"chr1-1194",-0.204404333586706
"chr1-1195",0.142630357054975
"chr1-1196",0.0566817421962752
"chr1-1197",-0.10041635415811
"chr1-1198",-0.140429323401871
"chr1-1199",-0.112159294596419
"chr1-1200",-0.0494066782123726
"chr1-1201",0.00362865011315116
"chr1-1202",-0.11082464650218
"chr1-1203",-0.0692103922457944
"chr1-1204",-0.0214207187688376
"chr1-1205",-0.10049057288479
"chr1-1206",-0.0563477375860373
"chr1-1207",-0.141484933081305
"chr1-1208",-0.00727402536956215
"chr1-1209",0.0854510815517286
"chr1-1210",-0.102075470399102
"chr1-1211",-0.133190718749232
"chr1-1212",-0.142679537446197
"chr1-1213",-0.0307505775119928
"chr1-1214",-0.00576818724059511
"chr1-1215",-0.022217466737827
"chr1-1216",-0.148525324151477
"chr1-1217",-0.0188775492981346
"chr1-1218",-0.0775003906774016
"chr1-1219",-0.174089472098459
"chr1-1220",-0.0102024545118607
"chr1-1221",-0.0713627205243989
"chr1-1222",-0.00243417030495535
"chr1-1223",0.0348975691866507
"chr1-1224",-0.166729065421385
"chr1-1225",0.0384592231343105
"chr1-1226",-0.00340264187257667
"chr1-1227",0.0174855611903081
"chr1-1228",0.0513744002468859
"chr1-1229",-0.0603995970469319
"chr1-1230",-0.0374900689571032
"chr1-1231",-0.0707696945416551
"chr1-1232",-0.0223266214861276
"chr1-1233",-0.0244827353710144
"chr1-1234",-0.0486263563291383
"chr1-1235",-0.0810248066138832
"chr1-1236",-0.0491428613211024
"chr1-1237",0.014584052663038
"chr1-1238",-0.0251047542011641
"chr1-1239",-0.119800734810345
"chr1-1240",-0.134834866767587
"chr1-1241",0.0538769302946163
"chr1-1242",0.041383338297841
"chr1-1243",-0.0448283253724369
"chr1-1244",-0.0460393503248284
"chr1-1245",-0.11710640456452
"chr1-1246",-0.0649811437658849
"chr1-1247",-0.0930398340016111
"chr1-1248",-0.0150531110756154
"chr1-1249",-0.10508762938208
"chr1-1250",-0.0600985475077419
"chr1-1251",0.0500627675085988
"chr1-1252",-0.0583284853192255
"chr1-1253",-0.184558439206938
"chr1-1254",-0.0877068777119489
"chr1-1255",0.0404549538726994
"chr1-1256",-0.0466635854149929
"chr1-1257",0.0145982390560248
"chr1-1258",-0.115227665225771
"chr1-1259",0.053231305301058
"chr1-1260",0.0550602822147109
"chr1-1261",0.100331955440343
"chr1-1262",0.0266567559618188
"chr1-1263",-0.188559648050702
"chr1-1264",-0.0768391080016346
"chr1-1265",0.00657155012742932
"chr1-1266",0.00658683787498484
"chr1-1267",0.0391628915549128
"chr1-1268",-0.0555776485526231
"chr1-1269",0.0290209596074994
"chr1-1270",-0.0420802489928837
"chr1-1271",-0.146971169567191
"chr1-1272",-0.124380521746584
"chr1-1273",0.0635544201934639
"chr1-1274",-0.0219904261408258
"chr1-1275",0.0182565898798153
"chr1-1276",0.0205481678690486
"chr1-1277",0.000885822507084004
"chr1-1278",-0.0852854273487882
"chr1-1279",-0.0311038378121325
"chr1-1280",-0.102317642704482
"chr1-1281",-0.0256517787975428
"chr1-1282",-0.0616811944943209
"chr1-1283",-0.0328809847173003
"chr1-1284",-0.152724166136835
"chr1-1285",-0.166493933689102
"chr1-1286",-0.15509334629882
"chr1-1287",-0.119370156741999
"chr1-1288",-0.0741784510038099
"chr1-1289",-0.0838968149407837
"chr1-1290",-0.122926922126949
"chr1-1291",-0.203332510974615
"chr1-1292",-0.0911061803771107
"chr1-1293",-0.262904567919327
"chr1-1294",-0.121201741531216
"chr1-1295",-0.169715054346276
"chr1-1296",-0.0850534225719197
"chr1-1297",-0.0944927682998989
"chr1-1298",-0.0589194267278726
"chr1-1299",-0.107811492527805
"chr1-1300",-0.049958934940499
"chr1-1301",-0.136202631685459
"chr1-1302",-0.0706250012678693
"chr1-1303",-0.0225108611464444
"chr1-1304",0.0408823498680081
"chr1-1305",-0.0360315503806319
"chr1-1306",-0.117442690723536
"chr1-1307",-0.116435054457663
"chr1-1308",-0.025464441929767
"chr1-1309",-0.145940338505812
"chr1-1310",-0.121760028418165
"chr1-1311",-0.00995390559804941
"chr1-1312",-0.102542333576591
"chr1-1313",0.03307370330762
"chr1-1314",0.0338175000981192
"chr1-1315",-0.0394002556594829
"chr1-1316",-0.109276302335923
"chr1-1317",-0.11066663252361
"chr1-1318",-0.0602385278713987
"chr1-1319",-0.0579690518249831
"chr1-1320",-0.0992360385745286
"chr1-1321",-0.0307622097900642
"chr1-1322",-0.124182285168557
"chr1-1323",-0.111784957108351
"chr1-1324",-0.0658784412823817
"chr1-1325",-0.0773571732358621
"chr1-1326",-0.0611209404263483
"chr1-1327",-0.210909560439444
"chr1-1328",-0.0853497243389711
"chr1-1329",0.0249601734231123
"chr1-1330",-0.0718114199926226
"chr1-1331",-0.198303410477774
"chr1-1332",-0.0874434205909823
"chr1-1333",-0.0440153401499714
"chr1-1334",-0.0558110002670549
"chr1-1335",-0.171616195686513
"chr1-1336",-0.0471223917650845
"chr1-1337",-0.0237893973038042
"chr1-1338",-0.0659310480317726
"chr1-1339",-0.0251900711876949
"chr1-1340",-0.0694662831153253
"chr1-1341",0.0797050233007271
"chr1-1342",-0.0537189916617253
"chr1-1343",-0.11517124008904
"chr1-1344",-0.0874857064180987
"chr1-1345",-0.0410605967270546
"chr1-1346",0.0486863491879037
"chr1-1347",0.0249417543685666
"chr1-1348",-0.0213863901130156
"chr1-1349",-0.0553837792756141
"chr1-1350",-0.0362117063010347
"chr1-1351",-0.0440905512590373
"chr1-1352",0.0525647031320021
"chr1-1353",0.0647677524828669
"chr1-1354",-0.0662931863227421
"chr1-1355",-0.0972271850854256
"chr1-1356",-0.266519764821937
"chr1-1357",0.0970474627611399
"chr1-1358",-0.021123742338754
"chr1-1359",-0.0835047397339317
"chr1-1360",-0.0412308656227763
"chr1-1361",0.0478135463486305
"chr1-1362",-0.0427611924854638
"chr1-1363",-0.0419932163671253
"chr1-1364",-0.103116666277402
"chr1-1365",-0.0805124797403651
"chr1-1366",-0.0851808216681828
"chr1-1367",0.0356347177620019
"chr1-1368",-0.0142978369198655
"chr1-1369",-0.0819022400433383
"chr1-1370",-0.0340471960929241
"chr1-1371",0.113053347847553
"chr1-1372",-0.0658991994642402
"chr1-1373",-0.0660780607559154
"chr1-1374",-0.0236061952332878
"chr1-1375",-0.00961174729218196
"chr1-1376",0.0477941628365782
"chr1-1377",-0.0277067785758119
"chr1-1378",-0.079152719006861
"chr1-1379",-0.00342878233825278
"chr1-1380",-0.00794349548181302
"chr1-1381",-0.0529180454735212
"chr1-1382",-0.0608171460788043
"chr1-1383",-0.0313920143797586
"chr1-1384",-0.0352649387222667
"chr1-1385",-0.10530047610618
"chr1-1386",-0.0746399917453563
"chr1-1387",-0.0172283382528741
"chr1-1388",-0.074404948991355
"chr1-1389",-0.0678081940019852
"chr1-1390",-0.0285885366646006
"chr1-1391",0.0290884589221037
"chr1-1392",-0.0471096829550481
"chr1-1393",-0.0299797638530242
"chr1-1394",0.0284286048409414
"chr1-1395",-0.100507437142346
"chr1-1396",-0.172288962552923
"chr1-1397",-0.109585286322657
"chr1-1398",-0.0192326107802879
"chr1-1399",-0.00123628922694843
"chr1-1400",-0.0240753147157237
"chr1-1401",-0.00295888026912184
"chr1-1402",-0.0764580100025614
"chr1-1403",-0.0434238163262634
"chr1-1404",-0.0916781507347104
"chr1-1405",0.0652293288582073
"chr1-1406",-0.0253282943812476
"chr1-1407",-0.048403912696992
"chr1-1408",-0.0606017195432634
"chr1-1409",-0.0478790795549106
"chr1-1410",-0.0116224791455775
"chr1-1411",-0.0649789732139986
"chr1-1412",-0.143860511113917
"chr1-1413",-0.0600700053720071
"chr1-1414",0.0535400757049986
"chr1-1415",-0.0206389472417264
"chr1-1416",-0.0683006754017476
"chr1-1417",-0.1145425302687
"chr1-1418",0.0180926601431169
"chr1-1419",-0.18329562634649
"chr1-1420",-0.0532108959606657
"chr1-1421",-0.0807872721354013
"chr1-1422",-0.110677838035805
"chr1-1423",-0.1857248286518
"chr1-1424",-0.092038041322048
"chr1-1425",-0.0228451016264199
"chr1-1426",-0.0628986520159066
"chr1-1427",-0.0480166243588474
"chr1-1428",0.0166622525561707
"chr1-1429",-0.0646507135944533
"chr1-1430",-0.0625471672753984
"chr1-1431",-0.0706254991396521
"chr1-1432",-0.0437901212597391
"chr1-1433",0.0434540277507508
"chr1-1434",-0.0134368423905512
"chr1-1435",-0.0753700432553308
"chr1-1436",-0.12655831822559
"chr1-1437",-0.0491969846762713
"chr1-1438",-0.0673927367188589
"chr1-1439",-0.116680229514813
"chr1-1440",-0.0843858549281605
"chr1-1441",-0.00586809149920507
"chr1-1442",-0.107475773228926
"chr1-1443",-0.0997687617118216
"chr1-1444",-0.0571779160991027
"chr1-1445",-0.0597559134335871
"chr1-1446",-0.11848074243173
"chr1-1447",-0.0741100981309995
"chr1-1448",-0.0550638122819639
"chr1-1449",-0.0340610448293069
"chr1-1450",-0.0835445959208167
"chr1-1451",-0.065198948312794
"chr1-1452",-0.0329740364402045
"chr1-1453",-0.047934852797082
"chr1-1454",-0.13966901867241
"chr1-1455",-0.0743626678072573
"chr1-1456",-0.0972038290833728
"chr1-1457",-0.00862163599031759
"chr1-1458",-0.0387167597869616
"chr1-1459",-0.0731480271397254
"chr1-1460",-0.0682948583855324
"chr1-1461",-0.0263094198057592
"chr1-1462",-0.0340326711938603
"chr1-1463",0.00641919970246167
"chr1-1464",0.0239858890318713
"chr1-1465",-0.0491185698001884
"chr1-1466",-0.0734310699573027
"chr1-1467",-0.0876231185292669
"chr1-1468",-0.0263853207660581
"chr1-1469",-0.175797924259294
"chr1-1470",-0.0185007200550715
"chr1-1471",-0.0136208986630785
"chr1-1472",-0.0705666988724066
"chr1-1473",-0.0704140418800964
"chr1-1474",-0.0938762697831081
"chr1-1475",-0.0222351567504236
"chr1-1476",0.0662374068640799
"chr1-1477",-0.0256808503073615
"chr1-1478",-0.165386085689629
"chr1-1479",-0.0213822871028663
"chr1-1480",-0.10012871395797
"chr1-1481",0.00584792417089636
"chr1-1482",-0.00353752267305102
"chr1-1483",-0.00625777128854134
"chr1-1484",-0.124743654679788
"chr1-1485",-0.011498663021876
"chr1-1486",0.0215763882983412
"chr1-1487",-0.106112954989779
"chr1-1488",-0.0616440181441772
"chr1-1489",-0.0216795886687218
"chr1-1490",-0.142773591988958
"chr1-1491",-0.0296437649710807
"chr1-1492",-0.00851310494594811
"chr1-1493",-0.0993066318663645
"chr1-1494",0.0101329324683303
"chr1-1495",0.0592814920124707
"chr1-1496",-0.0456638672983454
"chr1-1497",-0.0112930799666467
"chr1-1498",-0.00696528937899293
"chr1-1499",-0.0323265575813462
"chr1-1500",-0.162289418492955
"chr1-1501",0.0199108598219883
"chr1-1502",0.0234199111844376
"chr1-1503",0.023438715106373
"chr1-1504",0.00904278743880301
"chr1-1505",-0.0887546927212537
"chr1-1506",0.0140154330255829
"chr1-1507",-0.0382779690201115
"chr1-1508",0.00709357959260537
"chr1-1509",-0.0834295103300337
"chr1-1510",-0.10792725939806
"chr1-1511",-0.081214909551508
"chr1-1512",-0.0725910281401238
"chr1-1513",-0.127922141663228
"chr1-1514",-0.0251814928782136
"chr1-1515",-0.00712110233314621
"chr1-1516",-0.114834205211184
"chr1-1517",-0.00451850566754111
"chr1-1518",-0.102548036150124
"chr1-1519",-0.0350402771565146
"chr1-1520",0.0411678356122912
"chr1-1521",-0.0337027345552338
"chr1-1522",-0.0798890619195917
"chr1-1523",-0.0291291006587788
"chr1-1524",0.0588713494987305
"chr1-1525",0.0378144613539275
"chr1-1526",-0.130343730121981
"chr1-1527",-0.053331947415699
"chr1-1528",-0.0563122126976172
"chr1-1529",-0.00844690720886836
"chr1-1530",-0.0351175054039803
"chr1-1531",0.0194234977562617
"chr1-1532",-0.0517985042227751
"chr1-1533",-0.0682074684366498
"chr1-1534",-0.0384470237410241
"chr1-1535",-0.0446390141934559
"chr1-1536",-0.00262266535961175
"chr1-1537",-0.0309394217856406
"chr1-1538",0.00826630419011174
"chr1-1539",0.00167055207483193
"chr1-1540",0.0346067927363723
"chr1-1541",0.0433960420771079
"chr1-1542",-0.0578696887781151
"chr1-1543",-0.00517988385785598
"chr1-1544",0.0433027822209704
"chr1-1545",0.0986051071311209
"chr1-1546",-0.0936022705717205
"chr1-1547",-0.0508678456408224
"chr1-1548",-0.10785798713103
"chr1-1549",-0.0583368855668501
"chr1-1550",0.101510233418527
"chr1-1551",0.058940434797234
"chr1-1552",0.133731390581403
"chr1-1553",0.071350498850188
"chr1-1554",0.0198769521583019
"chr1-1555",-0.0660738175093974
"chr1-1556",0.0940580188725286
"chr1-1557",0.0497589665527534
"chr1-1558",0.0558146948960076
"chr1-1559",-0.0639736816914355
"chr1-1560",0.0469133134949013
"chr1-1561",-0.0775466477777736
"chr1-1562",0.0710133238103121
"chr1-1563",0.0685078284256026
"chr1-1564",0.0131796729363308
"chr1-1565",-0.0432790811206632
"chr1-1566",0.0108166213099704
"chr1-1567",-0.0481852394623613
"chr1-1568",-0.0632185180318465
"chr1-1569",-0.037098767720495
"chr1-1570",0.0607476502410411
"chr1-1571",-0.0541249194253276
"chr1-1572",0.0387295890335404
"chr1-1573",0.0351012399905766
"chr1-1574",-0.0739263899222831
"chr1-1575",-0.130440636533684
"chr1-1576",-0.037376878714111
"chr1-1577",0.0119576231613986
"chr1-1578",0.141084608567282
"chr1-1579",0.0283339348579674
"chr1-1580",-0.130717404172095
"chr1-1581",0.0270719630857893
"chr1-1582",0.0780879319766103
"chr1-1583",0.048590517843878
"chr1-1584",-0.111779564917123
"chr1-1585",0.0984391557600942
"chr1-1586",-0.107304110433938
"chr1-1587",-0.0428412218054251
"chr1-1588",-0.0725983875085687
"chr1-1589",-0.00404855553849874
"chr1-1590",-0.0424725190328541
"chr1-1591",-0.0471181656443099
"chr1-1592",-0.0574626822802593
"chr1-1593",-0.188144183292967
"chr1-1594",-0.00331213418012085
"chr1-1595",-0.0616508004396098
"chr1-1596",-0.0268624930493335
"chr1-1597",-0.0549683347237487
"chr1-1598",-0.0150348327305734
"chr1-1599",-0.0614492227619895
"chr1-1600",0.0161078126056658
"chr1-1601",-0.116148864937982
"chr1-1602",-0.0974364029662371
"chr1-1603",-0.0826594306754067
"chr1-1604",0.0407601739824447
"chr1-1605",0.079869792309268
"chr1-1606",-0.0389194253991676
"chr1-1607",-0.0740888682348537
"chr1-1608",-0.220443955252922
"chr1-1609",-0.0767859438982676
"chr1-1610",-0.104666299059849
"chr1-1611",0.0200676374984133
"chr1-1612",-0.0375117279307875
"chr1-1613",-0.0909855769294175
"chr1-1614",-0.109141624381198
"chr1-1615",0.155931604906659
"chr1-1616",0.0115321784540324
"chr1-1617",0.0406846388972912
"chr1-1618",-0.0747440821972849
"chr1-1619",0.0468558873635252
"chr1-1620",-0.0670589987537942
"chr1-1621",0.0581286802051004
"chr1-1622",0.0557547825703636
"chr1-1623",0.0396835138508294
"chr1-1624",-0.0395837968567067
"chr1-1625",-0.092374876221954
"chr1-1626",0.00603644204656786
"chr1-1627",-0.0599252141998529
"chr1-1628",-0.123777179230091
"chr1-1629",-0.0371992374100227
"chr1-1630",0.0240103189224089
"chr1-1631",-0.145853301024518
"chr1-1632",-0.0336212399972122
"chr1-1633",0.0065306433367396
"chr1-1634",-0.0760013864227355
"chr1-1635",-0.0349202200651664
"chr1-1636",-0.0137485471217508
"chr1-1637",0.0715964750132871
"chr1-1638",0.00227429261693732
"chr1-1639",-0.0486643394376439
"chr1-1640",-0.0898776952548451
"chr1-1641",-0.0237996737258533
"chr1-1642",-0.0348493810103501
"chr1-1643",0.0510364885694019
"chr1-1644",0.0129652497965205
"chr1-1645",0.0297031439750559
"chr1-1646",-0.105766187189751
"chr1-1647",-0.0512787638353455
"chr1-1648",-0.0237248591292719
"chr1-1649",-0.0888780257754778
"chr1-1650",0.0349150237625617
"chr1-1651",-0.0521621431255965
"chr1-1652",-0.121869129635718
"chr1-1653",0.0280571503031943
"chr1-1654",0.0138838559365119
"chr1-1655",-0.063879523466293
"chr1-1656",-0.125123661742857
"chr1-1657",0.0048566334243935
"chr1-1658",-0.0765464306439428
"chr1-1659",-0.00256637393525123
"chr1-1660",0.032996589284629
"chr1-1661",-0.0561094132884952
"chr1-1662",-0.0418752727302993
"chr1-1663",0.00651671126464513
"chr1-1664",-0.0503946536783337
"chr1-1665",0.00386673348919779
"chr1-1666",-0.0103606559014457
"chr1-1667",-0.1167178595668
"chr1-1668",-0.0448865047031037
"chr1-1669",-0.0593896613233943
"chr1-1670",0.0419130641550279
"chr1-1671",-0.0665515993527584
"chr1-1672",0.0251130179772946
"chr1-1673",0.020042620273055
"chr1-1674",0.0347932774682513
"chr1-1675",0.0994567118578687
"chr1-1676",-0.118329774592718
"chr1-1677",-0.0421371790580288
"chr1-1678",-0.0160115537731308
"chr1-1679",-0.0970210568324205
"chr1-1680",0.0430902599476896
"chr1-1681",-0.0600592784639355
"chr1-1682",-0.0322613514006757
"chr1-1683",-0.0700042181263703
"chr1-1684",0.0404648717362524
"chr1-1685",0.0277604721485368
"chr1-1686",0.015861814090337
"chr1-1687",0.23547978105992
"chr1-1688",-0.0592244355990019
"chr1-1689",0.0267909463579692
"chr1-1690",0.0544744847102495
"chr1-1691",-0.0360158774028324
"chr1-1692",-0.0199708856682742
"chr1-1693",-0.0046899797296275
"chr1-1694",0.0296077969496098
"chr1-1695",0.0661375197886405
"chr1-1696",0.00243312662181424
"chr1-1697",0.043572588063931
"chr1-1698",-0.0374177798172693
"chr1-1699",-0.0164432520286921
"chr1-1700",0.11686701206339
"chr1-1701",0.0628772363712202
"chr1-1702",-0.1117898699088
"chr1-1703",-0.029499013673737
"chr1-1704",0.0496398742880285
"chr1-1705",0.0857699731043633
"chr1-1706",0.0102220563266353
"chr1-1707",0.0616574249735593
"chr1-1708",-0.0182221651978517
"chr1-1709",-0.00370375092307984
"chr1-1710",-0.0549729023260019
"chr1-1711",-0.0184936686777029
"chr1-1712",-0.039691206946149
"chr1-1713",-0.0318103885594473
"chr1-1714",-0.0696933898284864
"chr1-1715",-0.0214727620905368
"chr1-1716",-0.166184878161121
"chr1-1717",-0.0284119583705904
"chr1-1718",-0.0291721665830343
"chr1-1719",-0.0345549774236922
"chr1-1720",-0.0411367888005785
"chr1-1721",-0.357848242260786
"chr1-1722",-0.145050998346978
"chr1-1723",-0.0932931599753957
"chr1-1724",-0.0273025411340743
"chr10-0001",0.00110130472814353
"chr10-0002",-0.0621763367795792
"chr10-0003",0.0892406307930576
"chr10-0004",-0.00479025213372238
"chr10-0005",0.0369063397484476
"chr10-0006",0.0897136564484188
"chr10-0007",0.100912332177616
"chr10-0008",0.170987423750202
"chr10-0009",0.0666200853992947
"chr10-0010",0.0537362957037912
"chr10-0011",0.106615752798187
"chr10-0012",0.0434698366610003
"chr10-0013",0.0641625027633365
"chr10-0014",0.0357407951764964
"chr10-0015",0.0142858354924962
"chr10-0016",-0.0480051993565688
"chr10-0017",0.0482860012188679
"chr10-0018",0.0320619015026683
"chr10-0019",-0.0601733568637544
"chr10-0020",0.0140525905521556
"chr10-0021",0.0739055918743682
"chr10-0022",-0.0313656523435016
"chr10-0023",-0.0172629845555008
"chr10-0024",-0.0813508870124051
"chr10-0025",-0.0409943957927412
"chr10-0026",-0.157571293832075
"chr10-0027",-0.0834253797629493
"chr10-0028",0.0841467592335885
"chr10-0029",0.0356350703104741
"chr10-0030",-0.12915431074615
"chr10-0031",-0.113221670425882
"chr10-0032",-0.0317962019871826
"chr10-0033",-0.0671995546684843
"chr10-0034",0.0660056828066972
"chr10-0035",0.0176923537117491
"chr10-0036",0.00685589720545588
"chr10-0037",0.0211418180176454
"chr10-0038",0.0715967843123751
"chr10-0039",0.0980281607298254
"chr10-0040",0.00694399994117722
"chr10-0041",-0.0296372225595173
"chr10-0042",-0.0258026959686106
"chr10-0043",0.0437093858879989
"chr10-0044",-0.0153670420636554
"chr10-0045",0.0666454664695843
"chr10-0046",0.116322688704515
"chr10-0047",0.0383936381631291
"chr10-0048",0.0648462634055971
"chr10-0049",0.0285880651501857
"chr10-0050",-0.0985923210647713
"chr10-0051",-0.121045507703239
"chr10-0052",0.108158400459809
"chr10-0053",0.0692417707325201
"chr10-0054",-0.0124790786604197
"chr10-0055",-0.00293674407341421
"chr10-0056",-0.14155234089274
"chr10-0057",-0.199017430776018
"chr10-0058",-0.0739213478279869
"chr10-0059",-0.10965461700131
"chr10-0060",0.00520349187088123
"chr10-0061",0.086261192761852
"chr10-0062",-0.00331557502065762
"chr10-0063",0.0537540817765725
"chr10-0064",-0.0239507097825656
"chr10-0065",0.00572187714859013
"chr10-0066",0.0250923095841313
"chr10-0067",0.0261636018059985
"chr10-0068",-0.0410662584030914
"chr10-0069",0.0195094891103825
"chr10-0070",-0.000512072504812395
"chr10-0071",-0.0127441251986804
"chr10-0072",-0.0975817159993419
"chr10-0073",-0.036295583798313
"chr10-0074",-0.162069458707445
"chr10-0075",-0.0414913731450479
"chr10-0076",0.0650659081749893
"chr10-0077",0.0750024973407879
"chr10-0078",0.00191024501075792
"chr10-0079",-0.0542577193215315
"chr10-0080",-0.00176073716016792
"chr10-0081",-0.0569283806688478
"chr10-0082",0.0638520126248874
"chr10-0083",-0.0821758384678752
"chr10-0084",-0.0976699538840713
"chr10-0085",-0.0655375603965186
"chr10-0086",0.0977266877926751
"chr10-0087",-0.0308701066921052
"chr10-0088",-0.175961190214223
"chr10-0089",-0.120864365151868
"chr10-0090",0.0425165716938479
"chr10-0091",-0.0585511201875221
"chr10-0092",-0.106156034126647
"chr10-0093",0.0133354996938244
"chr10-0094",-0.0487551620546186
"chr10-0095",-0.0341071954703483
"chr10-0096",-0.121045050017335
"chr10-0097",0.018809433682723
"chr10-0098",-0.00840907925173786
"chr10-0099",-0.0907184684710999
"chr10-0100",-0.0935249846737475
"chr10-0101",-0.142042852832824
"chr10-0102",-0.100349008703027
"chr10-0103",-0.019328782521757
"chr10-0104",-0.145230757098031
"chr10-0105",0.0543512780001569
"chr10-0106",-0.0183477637807318
"chr10-0107",-0.0343276465369642
"chr10-0108",-0.0176308575852319
"chr10-0109",-0.0870385317165915
"chr10-0110",-0.0772961263942378
"chr10-0111",0.149432846115223
"chr10-0112",-0.11876036370812
"chr10-0113",-0.0902918865845981
"chr10-0114",-0.0713086962098442
"chr10-0115",-0.00708187061961225
"chr10-0116",-0.13998726738233
"chr10-0117",-0.0480516926207478
"chr10-0118",-0.0186068530278336
"chr10-0119",-0.091187638981316
"chr10-0120",0.0385073980982887
"chr10-0121",-0.0340090133554722
"chr10-0122",-0.0411180989288728
"chr10-0123",-0.0763053928466136
"chr10-0124",0.0444141330425736
"chr10-0125",-0.00173218781573862
"chr10-0126",0.0138367036136752
"chr10-0127",-0.0367859533589789
"chr10-0128",-0.118485349857478
"chr10-0129",-0.0465327063474576
"chr10-0130",-0.0144165490403323
"chr10-0131",-0.0697527686346216
"chr10-0132",-0.0802477491657236
"chr10-0133",0.0393385626158
"chr10-0134",0.0371817260743319
"chr10-0135",-0.058189830594101
"chr10-0136",-0.0752108335865643
"chr10-0137",0.00526605709846017
"chr10-0138",-0.155940228778717
"chr10-0139",-0.154307043512887
"chr10-0140",-0.0183242656649907
"chr10-0141",0.0132183290638135
"chr10-0142",-0.0390428366327173
"chr10-0143",-0.0245137937415673
"chr10-0144",-0.139520784884272
"chr10-0145",-0.0837342363211821
"chr10-0146",-0.0604332521986034
"chr10-0147",0.0945165234809241
"chr10-0148",0.0600616993176807
"chr10-0149",0.0391776349071126
"chr10-0150",-0.0799335835115462
"chr10-0151",0.032558458240055
"chr10-0152",-0.0613842822248211
"chr10-0153",-0.0121659087943616
"chr10-0154",0.000739257770181313
"chr10-0155",-0.0846842094374891
"chr10-0156",-0.0384365596390824
"chr10-0157",-0.105720242493104
"chr10-0158",-0.0305020844206753
"chr10-0159",-0.0687128434008544
"chr10-0160",-0.0629652824424433
"chr10-0161",-0.0573495650934828
"chr10-0162",-0.0582991181738807
"chr10-0163",-0.0866531704674685
"chr10-0164",-0.136684109307969
"chr10-0165",-0.142255956462236
"chr10-0166",-0.0208577946724513
"chr10-0167",-0.0120281974639624
"chr10-0168",-0.0155614416467747
"chr10-0169",-0.0957289627716797
"chr10-0170",-0.0631903616080339
"chr10-0171",-0.156052044966261
"chr10-0172",-0.0389513592074247
"chr10-0173",-0.000879901942522864
"chr10-0174",-0.0412688103492184
"chr10-0175",-0.0766370111716767
"chr10-0176",0.0237548309195932
"chr10-0177",-0.00727640874276228
"chr10-0178",-0.0590377317032811
"chr10-0179",-0.0577443813882007
"chr10-0180",0.0515690233198695
"chr10-0181",0.000370008688725542
"chr10-0182",-0.104378301667093
"chr10-0183",-0.0225548076588285
"chr10-0184",-0.0587971474329167
"chr10-0185",-0.103509408912034
"chr10-0186",-0.00711394841223294
"chr10-0187",-0.0281614373007277
"chr10-0188",-0.100071016611838
"chr10-0189",0.00209499002872301
"chr10-0190",0.0737693405435583
"chr10-0191",-0.0199352594234667
"chr10-0192",-0.0634755126099039
"chr10-0193",-0.00757685483936756
"chr10-0194",0.0165650728634413
"chr10-0195",-0.0473271407091306
"chr10-0196",-0.0831555904363981
"chr10-0197",-0.0951048329661921
"chr10-0198",-0.132214956293854
"chr10-0199",0.00103893067322583
"chr10-0200",-0.172172808374651
"chr10-0201",-0.0405923691562113
"chr10-0202",-0.16294930461483
"chr10-0203",-0.0233203773049726
"chr10-0204",0.0527831823990491
"chr10-0205",-0.091549440944255
"chr10-0206",-0.0621737549079788
"chr10-0207",-0.00935143476285698
"chr10-0208",-0.0452106151816447
"chr10-0209",-0.0632526240243612
"chr10-0210",-0.0584328100805279
"chr10-0211",-0.0439867871667654
"chr10-0212",-0.0989427506642189
"chr10-0213",0.0104206988800294
"chr10-0214",-0.0837510483897323
"chr10-0215",-0.0259050573919202
"chr10-0216",-0.00533654782716049
"chr10-0217",0.0534479971616564
"chr10-0218",-0.0459434534173298
"chr10-0219",-0.00967061190742754
"chr10-0220",0.0609816450026803
"chr10-0221",-0.0497891295947031
"chr10-0222",-0.0704626939383314
"chr10-0223",-0.00421851714725646
"chr10-0224",-0.184785084683715
"chr10-0225",0.0348661514735752
"chr10-0226",-0.0175242688519865
"chr10-0227",0.0118102996250214
"chr10-0228",-0.0852920903440191
"chr10-0229",-0.051004942408593
"chr10-0230",0.0946377860829201
"chr10-0231",0.0622133908370243
"chr10-0232",0.113431197382425
"chr10-0233",0.0174280452696698
"chr10-0234",0.00565618463799161
"chr10-0235",-0.0340433553290628
"chr10-0236",0.0144049370282453
"chr10-0237",-0.014368592292902
"chr10-0238",0.0198625935539662
"chr10-0239",-0.00686944976288243
"chr10-0240",0.040154318386179
"chr10-0241",-0.0184186053052792
"chr10-0242",0.00304230748785053
"chr10-0243",-0.0626331223826008
"chr10-0244",0.00881167092841021
"chr10-0245",0.0286449689179136
"chr10-0246",-0.0366768299348253
"chr10-0247",0.00616149888971845
"chr10-0248",0.010697940763313
"chr10-0249",-0.0267042917851865
"chr10-0250",-0.0914091663996454
"chr10-0251",-0.0766422496884755
"chr10-0252",0.0233089091695431
"chr10-0253",-0.0388515957293336
"chr10-0254",-0.0780662530851021
"chr10-0255",-0.0611624079224304
"chr10-0256",-0.0868810758865143
"chr10-0257",-0.120857601692121
"chr10-0258",0.00978597979109656
"chr10-0259",0.0537593639931564
"chr10-0260",-0.0210661457981839
"chr10-0261",0.0362042680191775
"chr10-0262",-0.0245100513724481
"chr10-0263",-0.0155014239159305
"chr10-0264",-0.0537120425133092
"chr10-0265",-0.0499532197094068
"chr10-0266",0.079254232002444
"chr10-0267",0.104416770082443
"chr10-0268",-0.0351734592424041
"chr10-0269",0.00311130198560979
"chr10-0270",-0.0850869621917556
"chr10-0271",-0.135244197217036
"chr10-0272",-0.0138974759086881
"chr10-0273",0.0739940194766111
"chr10-0274",0.136516241934269
"chr10-0275",-0.0665099207596336
"chr10-0276",-0.00154257437260283
"chr10-0277",0.0613285575499321
"chr10-0278",0.0182705593882208
"chr10-0279",-0.118834974485307
"chr10-0280",-0.135896071119242
"chr10-0281",-0.0892844424327848
"chr10-0282",-0.0555689122048763
"chr10-0283",-0.134955815575943
"chr10-0284",-0.143735250355678
"chr10-0285",0.0443547231733072
"chr10-0286",0.166474555145658
"chr10-0287",0.000345674815279037
"chr10-0288",-0.0808786381872197
"chr10-0289",-0.177874499376589
"chr10-0290",-0.018200818013914
"chr10-0291",-0.0342447060216134
"chr10-0292",-0.0117472427669447
"chr10-0293",-0.0135547090504459
"chr10-0294",-0.0229716999872423
"chr10-0295",-0.0258904928561057
"chr10-0296",0.0332275990890573
"chr10-0297",-0.0195291282390562
"chr10-0298",-0.023602800447407
"chr10-0299",-0.0262211003458308
"chr10-0300",-0.134284074557925
"chr10-0301",0.021099447539105
"chr10-0302",-0.148324819418073
"chr10-0303",0.0223301434092369
"chr10-0304",0.079962134882967
"chr10-0305",0.0285259995091032
"chr10-0306",0.0445012897689901
"chr10-0307",-0.0911644746680945
"chr10-0308",-0.103437120178074
"chr10-0309",0.0864261867524849
"chr10-0310",-0.069878441606092
"chr10-0311",0.0122716104340922
"chr10-0312",0.0310443152875586
"chr10-0313",-0.0316594751864488
"chr10-0314",-0.0497093438336308
"chr10-0315",-0.00107899586738679
"chr10-0316",0.106129502698329
"chr10-0317",-0.127123863471566
"chr10-0318",-0.0500627035613851
"chr10-0319",-0.109350430502259
"chr10-0320",-0.153858697193208
"chr10-0321",-0.130892313948398
"chr10-0322",-0.042816802603072
"chr10-0323",-0.027081051130358
"chr10-0324",-0.0771480593678796
"chr10-0325",-0.114058752164995
"chr10-0326",-0.0252405580560815
"chr10-0327",-0.0845224410297534
"chr10-0328",-0.202626210906235
"chr10-0329",-0.195297029094776
"chr10-0330",-0.0852655697486999
"chr10-0331",-0.112929906356158
"chr10-0332",-0.0625318714190057
"chr10-0333",0.0136321580263014
"chr10-0334",-0.0858020821767011
"chr10-0335",-0.0253249299519387
"chr10-0336",-0.0421157867007884
"chr10-0337",0.0100195263784366
"chr10-0338",-0.0463067286373516
"chr10-0339",-0.0760291358712586
"chr10-0340",-0.0646364183137525
"chr10-0341",-0.0560870746442144
"chr10-0342",-0.157263612576983
"chr10-0343",-0.0929136418326028
"chr10-0344",-0.050766094977781
"chr10-0345",0.0414200901976866
"chr10-0346",-0.0711608834397066
"chr10-0347",0.011784176707195
"chr10-0348",-0.0408414716402057
"chr10-0349",-0.17403754861673
"chr10-0350",-0.0886072697792991
"chr10-0351",0.139587752596253
"chr10-0352",-0.0799623454142755
"chr10-0353",-0.128649522847318
"chr10-0354",-0.0521557690173592
"chr10-0355",-0.0516982219309221
"chr10-0356",-0.00180196686178778
"chr10-0357",-0.0667946269506081
"chr10-0358",-0.135909631245249
"chr10-0359",-0.0376502644172189
"chr10-0360",0.0027571425689373
"chr10-0361",-0.299528667542006
"chr10-0362",-0.124579746752048
"chr10-0363",-0.179187076164545
"chr10-0364",-0.167517059101626
"chr10-0365",-0.164256234186895
"chr10-0366",-0.135697368049935
"chr10-0367",-0.134155036589669
"chr10-0368",-0.0503656344860727
"chr10-0369",-0.0700148827212609
"chr10-0370",-0.0652510777839055
"chr10-0371",-0.0804371212709466
"chr10-0372",-0.0344911186596415
"chr10-0373",-0.0549638194374694
"chr10-0374",-0.0681005887937464
"chr10-0375",-0.00626769727000452
"chr10-0376",-0.119213593540609
"chr10-0377",-0.112718425326927
"chr10-0378",-0.162359046836781
"chr10-0379",0.0170062299034619
"chr10-0380",0.0102968029772116
"chr10-0381",-0.0458244331260988
"chr10-0382",-0.0544481929343649
"chr10-0383",0.00197501987862317
"chr10-0384",-0.143973132927242
"chr10-0385",-0.04096719362851
"chr10-0386",-0.135867543280076
"chr10-0387",-0.071242550676408
"chr10-0388",-0.00877399087469132
"chr10-0389",-0.13084031036767
"chr10-0390",-0.0570992589104996
"chr10-0391",-0.18402299505811
"chr10-0392",-0.0423651888244918
"chr10-0393",0.0236112286077499
"chr10-0394",-0.0249615498240676
"chr10-0395",-0.0738693506150448
"chr10-0396",-0.0895125807035285
"chr10-0397",-0.0716887415950578
"chr10-0398",-0.0470603799399655
"chr10-0399",0.148187257648351
"chr10-0400",0.0782968932256677
"chr10-0401",-0.0336760950363176
"chr10-0402",0.0188013104641047
"chr10-0403",-0.0409137966518863
"chr10-0404",-0.0811413992746112
"chr10-0405",-0.13235671856746
"chr10-0406",-0.172955620818137
"chr10-0407",-0.124288295933011
"chr10-0408",-0.0678233328704722
"chr10-0409",-0.0248196581219538
"chr10-0410",-0.040938791067101
"chr10-0411",-0.0254748044587539
"chr10-0412",-0.0146231199967247
"chr10-0413",-0.112413953412641
"chr10-0414",-0.135242162593374
"chr10-0415",-0.0947110655138608
"chr10-0416",0.0113663736307567
"chr10-0417",-0.107509051244319
"chr10-0418",-0.118619157639003
"chr10-0419",-0.192644333895017
"chr10-0420",-0.190457031505861
"chr10-0421",0.012594555351652
"chr10-0422",-0.033004625016747
"chr10-0423",0.0356099582448125
"chr10-0424",-0.133666378541429
"chr10-0425",0.0946232152579061
"chr10-0426",-0.105387040727506
"chr10-0427",-0.143265943638876
"chr10-0428",-0.117419810869744
"chr10-0429",-0.0883305429993231
"chr10-0430",-0.0122750059850928
"chr10-0431",-0.0415327929175639
"chr10-0432",-0.0529185964269367
"chr10-0433",-0.0686196846634669
"chr10-0434",-0.0421181677488164
"chr10-0435",-0.00195050705511221
"chr10-0436",-0.0284022797139489
"chr10-0437",-0.120616405635421
"chr10-0438",-0.0839970244737258
"chr10-0439",-0.0364705475823269
"chr10-0440",-0.130582276398217
"chr10-0441",-0.059697877057544
"chr10-0442",-0.0274949085997149
"chr10-0443",0.01652923118884
"chr10-0444",-0.0483768816231454
"chr10-0445",-0.107154481049387
"chr10-0446",0.0192957725772494
"chr10-0447",-0.167915314757135
"chr10-0448",-0.0663492735125587
"chr10-0449",0.0463151113148318
"chr10-0450",-0.0288440461999376
"chr10-0451",-0.0213220075192764
"chr10-0452",-0.0798338371510676
"chr10-0453",-0.0367156286548193
"chr10-0454",-0.0567588978447728
"chr10-0455",-0.0310309635067803
"chr10-0456",-0.0812590259182749
"chr10-0457",-0.0584783632807232
"chr10-0458",-0.0656085730711435
"chr10-0459",-0.0620291497485219
"chr10-0460",-0.0746357842231329
"chr10-0461",-0.0412594166311476
"chr10-0462",-0.105751249981647
"chr10-0463",-0.207706418898535
"chr10-0464",-0.0303605197373884
"chr10-0465",0.0104510198331901
"chr10-0466",-0.0863471706472645
"chr10-0467",0.0236238436567965
"chr10-0468",-0.0117206151618287
"chr10-0469",-0.0172154552661165
"chr10-0470",0.0158899196342444
"chr10-0471",-0.0374595759624023
"chr10-0472",-0.119458676279787
"chr10-0473",-0.0497224950155437
"chr10-0474",-0.0649599165759877
"chr10-0475",0.023481282073974
"chr10-0476",-0.0717205274923252
"chr10-0477",0.0343220029018263
"chr10-0478",-0.0435738177718945
"chr10-0479",-0.102447414763427
"chr10-0480",-0.0626733263253788
"chr10-0481",-0.113846110287728
"chr10-0482",0.0919794687732048
"chr10-0483",-0.0296181740100837
"chr10-0484",-0.0314957261093016
"chr10-0485",0.020288704073515
"chr10-0486",-0.138564243078662
"chr10-0487",-0.0791245874152457
"chr10-0488",0.0644848311348014
"chr10-0489",-0.0386731124574941
"chr10-0490",-0.0839230033318013
"chr10-0491",-0.0555693457059114
"chr10-0492",-0.140585792709345
"chr10-0493",-0.000732904902653389
"chr10-0494",-0.106382647088519
"chr10-0495",0.0150638541395618
"chr10-0496",-0.052090794928326
"chr10-0497",-0.0414875191551749
"chr10-0498",-0.0430292781812305
"chr10-0499",0.0444346067241522
"chr10-0500",0.0428149560227543
"chr10-0501",0.0132112967702824
"chr10-0502",0.0259427086649348
"chr10-0503",-0.0639058670610433
"chr10-0504",-0.160352707577599
"chr10-0505",0.025302494614576
"chr10-0506",-0.0242968319174215
"chr10-0507",-0.19877910930436
"chr10-0508",-0.0272426776919025
"chr10-0509",0.00606217040182524
"chr10-0510",0.064379298319266
"chr10-0511",0.099831459875426
"chr10-0512",-0.0805722355762064
"chr10-0513",-0.0437294166445727
"chr10-0514",-0.0710504091017737
"chr10-0515",0.0128483211043273
"chr10-0516",0.0143517168761328
"chr10-0517",-0.0538901392055913
"chr10-0518",0.0101413267479234
"chr10-0519",-0.0172123788768713
"chr10-0520",0.000464369683951911
"chr10-0521",0.0179876585889656
"chr10-0522",0.0245144186122711
"chr10-0523",-0.106758775539314
"chr10-0524",-0.0934603530454244
"chr10-0525",-0.0460426185256746
"chr10-0526",-0.0978070736228251
"chr10-0527",-0.0401892411132653
"chr10-0528",-0.00199127469282891
"chr10-0529",0.00850372427825581
"chr10-0530",0.0855489345431869
"chr10-0531",0.0620105578967888
"chr10-0532",0.0723016131147436
"chr10-0533",0.0659467678631067
"chr10-0534",-0.111263007534712
"chr10-0535",-0.108726680517848
"chr10-0536",0.0156885064221346
"chr10-0537",-0.0843942334633756
"chr10-0538",-0.00605345316570558
"chr10-0539",-0.0250656242752921
"chr10-0540",-0.0209859346434489
"chr10-0541",0.0130531449756571
"chr10-0542",-0.0402577241191829
"chr10-0543",-0.0175298482807756
"chr10-0544",0.0158067381481649
"chr10-0545",-0.166655824369996
"chr10-0546",-0.174294892479108
"chr10-0547",-0.0470915072395116
"chr10-0548",0.0258703319250828
"chr10-0549",-0.143471423577712
"chr10-0550",0.0276247442735942
"chr10-0551",-0.195433942669124
"chr10-0552",-0.0532495718893406
"chr10-0553",-0.161949820520478
"chr10-0554",-0.107102978237296
"chr10-0555",-0.0744381555055371
"chr10-0556",-0.0611934396704464
"chr10-0557",-0.103825930433045
"chr10-0558",-0.0905198065554818
"chr10-0559",-0.132588140112348
"chr10-0560",-0.0711868668995516
"chr10-0561",-0.0684256491749348
"chr10-0562",-0.0865787981403369
"chr10-0563",-0.00758435103101237
"chr10-0564",0.111517499384888
"chr10-0565",-0.00718601558346138
"chr10-0566",-0.0577474661159904
"chr10-0567",0.000295810638032396
"chr10-0568",-0.0277018308895229
"chr10-0569",-0.00782975664684878
"chr10-0570",-0.0828349394616974
"chr10-0571",0.049951414603777
"chr10-0572",-0.0170485262042512
"chr10-0573",0.0672266299512797
"chr10-0574",-0.0686691642501236
"chr10-0575",-0.0227967557659947
"chr10-0576",-0.15569322021604
"chr10-0577",-0.0273489985996796
"chr10-0578",0.0190365945757195
"chr10-0579",0.0508948026038606
"chr10-0580",-0.0133847674234482
"chr10-0581",-0.116802837994713
"chr10-0582",-0.168195058492671
"chr10-0583",-0.164859946006498
"chr10-0584",-0.112850993028325
"chr10-0585",-0.094883175663707
"chr10-0586",-0.0193767763886431
"chr10-0587",0.0204642184925896
"chr10-0588",-0.106951075495437
"chr10-0589",-0.0155084800272909
"chr10-0590",-0.0388178162582971
"chr10-0591",-0.0671191855540243
"chr10-0592",-0.120828019078618
"chr10-0593",-0.150017722913029
"chr10-0594",-0.091395923643523
"chr10-0595",-0.0651946884268646
"chr10-0596",-0.196027159929539
"chr10-0597",-0.150453883959112
"chr10-0598",-0.0719691104909161
"chr10-0599",-0.0279011859872338
"chr10-0600",-0.0514185668391155
"chr10-0601",-0.0332649243562945
"chr10-0602",-0.121999588869588
"chr10-0603",0.016532329575327
"chr10-0604",-0.0717191070829018
"chr10-0605",0.0421298032756769
"chr10-0606",-0.127169011160556
"chr10-0607",-0.0600432048954202
"chr10-0608",0.0584267942591823
"chr10-0609",-0.122628977117852
"chr10-0610",-0.0332910629021009
"chr10-0611",-0.154992082664662
"chr10-0612",-0.0266519830894057
"chr10-0613",-0.0922223792765745
"chr10-0614",-0.065016925978878
"chr10-0615",-0.0233729556526211
"chr10-0616",-0.00575907661186463
"chr10-0617",-0.132065638075537
"chr10-0618",-0.0992617631800227
"chr10-0619",-0.0597767794399036
"chr10-0620",0.0705929669886562
"chr10-0621",-0.153459621649712
"chr10-0622",-0.0391965370855932
"chr10-0623",-0.0894906998683683
"chr10-0624",-0.054908231610146
"chr10-0625",0.0396227572354542
"chr10-0626",-0.0545699291333201
"chr10-0627",0.0343622898657256
"chr10-0628",-0.0978363596264556
"chr10-0629",-0.124880568686688
"chr10-0630",-0.00709996500278862
"chr10-0631",-0.00342663638182166
"chr10-0632",-0.0463000107837654
"chr10-0633",0.0138748211629229
"chr10-0634",0.04405425552228
"chr10-0635",-0.136942041531775
"chr10-0636",-0.0329986407549926
"chr10-0637",-0.190496246972818
"chr10-0638",-0.0417114305048346
"chr10-0639",-0.0759081911889454
"chr10-0640",-0.114272806143329
"chr10-0641",-0.0523710565842375
"chr10-0642",0.0649904693801629
"chr10-0643",-0.0293686859416657
"chr10-0644",0.0027215678575075
"chr10-0645",-0.0479606444333645
"chr10-0646",-0.0338609865710123
"chr10-0647",-0.0653414058870231
"chr10-0648",-0.0683184234862342
"chr10-0649",-0.0420562615561546
"chr10-0650",-0.0228004865170248
"chr10-0651",-0.0634295890536652
"chr10-0652",-0.0177873952935679
"chr10-0653",-0.11768589632842
"chr10-0654",0.00484249182037406
"chr10-0655",-0.063361859208993
"chr10-0656",0.0602692425776092
"chr10-0657",-0.0504581157884114
"chr10-0658",-0.0521949518652346
"chr10-0659",0.0331084016824706
"chr10-0660",-0.0155681922222658
"chr10-0661",-0.0749596389476348
"chr10-0662",-0.238244250766324
"chr10-0663",0.0373845588385295
"chr10-0664",0.0317062903775728
"chr10-0665",-0.0604778453894152
"chr10-0666",-0.0825920019716028
"chr10-0667",-0.0789158373508609
"chr10-0668",0.00977512248602317
"chr10-0669",0.0949635129005523
"chr10-0670",-0.0268878611570105
"chr10-0671",-0.0603569403313878
"chr10-0672",0.0224903383075943
"chr10-0673",-0.0410448251064394
"chr10-0674",-0.134258134578306
"chr10-0675",0.0526109182612755
"chr10-0676",-0.0430397444993895
"chr10-0677",-0.0414094631016098
"chr10-0678",-0.044043736102706
"chr10-0679",-0.125678632714471
"chr10-0680",-0.00416821697417676
"chr10-0681",-0.0344774514088513
"chr10-0682",0.00597307973713191
"chr10-0683",-0.0912479713269914
"chr10-0684",0.0258237545084784
"chr10-0685",-0.118218211580136
"chr10-0686",-0.110022115805858
"chr10-0687",-0.0871863387488425
"chr10-0688",0.0256221297006302
"chr10-0689",-0.133527770211196
"chr10-0690",-0.102759894098266
"chr10-0691",-0.00735692147819678
"chr10-0692",-0.0361196707692397
"chr10-0693",-0.0354274093414626
"chr10-0694",-0.0910232073138336
"chr10-0695",-0.0714776942913663
"chr10-0696",0.0460843095018916
"chr10-0697",-0.0193324064929599
"chr10-0698",-0.0816008380800041
"chr10-0699",0.0341683844710255
"chr10-0700",-0.050509514114334
"chr10-0701",0.0437816849175507
"chr10-0702",-0.0611745631720413
"chr10-0703",-0.0871917520990544
"chr10-0704",-0.0945654541747594
"chr10-0705",-0.088054371561788
"chr10-0706",0.173506732329487
"chr10-0707",0.0237795226501471
"chr10-0708",-0.085004453688872
"chr10-0709",0.00630105994192627
"chr10-0710",-0.0347838505314902
"chr10-0711",0.00698397245717283
"chr10-0712",0.010854292296689
"chr10-0713",-0.0839063638478249
"chr10-0714",0.0318852986165142
"chr10-0715",0.0650135383439481
"chr10-0716",-0.0601917175145742
"chr10-0717",-0.204759728823192
"chr10-0718",-0.0896095980761162
"chr10-0719",-0.0404281277609082
"chr10-0720",0.0217225376818134
"chr10-0721",0.00593134834889214
"chr10-0722",0.0370312363377396
"chr10-0723",-0.0317920634891552
"chr10-0724",-0.0347265059044519
"chr10-0725",0.0189852147044567
"chr10-0726",0.10591779939137
"chr10-0727",-0.28631550675074
"chr10-0728",-0.0175254244379679
"chr10-0729",-0.0840549983377176
"chr10-0730",-0.157178189995346
"chr10-0731",-0.0990536485037017
"chr10-0732",-0.0149388649280682
"chr10-0733",-0.0458275464200007
"chr10-0734",-0.0715628443498368
"chr10-0735",-0.153104994294811
"chr10-0736",-0.0197905839551247
"chr10-0737",-0.140074231505811
"chr10-0738",-0.0913367783851262
"chr10-0739",-0.0544081750540466
"chr10-0740",-0.130115720138582
"chr10-0741",0.0435657798092796
"chr10-0742",-0.0664696606036054
"chr10-0743",-0.0301603288091202
"chr10-0744",-0.0614444237771495
"chr10-0745",0.0495384991375059
"chr10-0746",-0.106768278128982
"chr10-0747",-0.0803890766052459
"chr10-0748",-0.0273424839196341
"chr10-0749",-0.118252161237194
"chr10-0750",-0.0848311031511832
"chr10-0751",-0.114204626525101
"chr10-0752",0.0817702133511614
"chr10-0753",-0.0469655520193899
"chr10-0754",-0.0289383532236036
"chr10-0755",-0.0760747881108999
"chr10-0756",-0.145004828313605
"chr10-0757",-0.10228562007875
"chr10-0758",-0.186050305521845
"chr10-0759",-0.0956891778086809
"chr10-0760",-0.0414620486055815
"chr10-0761",-0.0819772960525716
"chr10-0762",0.0871449504702751
"chr10-0763",-0.0458256033661578
"chr10-0764",-0.0717789118843162
"chr10-0765",-0.0531561543320046
"chr10-0766",0.044239790215499
"chr10-0767",0.0332016659413998
"chr10-0768",0.0469620937452768
"chr10-0769",-0.0914353042369235
"chr10-0770",-0.0846477976789422
"chr10-0771",0.076742802570499
"chr10-0772",-0.0114977042698476
"chr10-0773",-0.0522761314525923
"chr10-0774",0.0693115413348967
"chr10-0775",-0.0288843537742714
"chr10-0776",0.00363444899919784
"chr10-0777",-0.0771932751816466
"chr10-0778",0.015677857026403
"chr10-0779",-0.0450373516334687
"chr10-0780",-0.027954841635236
"chr10-0781",-0.00330285075750852
"chr10-0782",-0.0612265018635947
"chr10-0783",-0.0925353394881511
"chr10-0784",-0.0328474374931909
"chr10-0785",0.0200145777889501
"chr10-0786",-0.117126726977142
"chr10-0787",-0.146417998613313
"chr10-0788",-0.0829046876263974
"chr10-0789",-0.0555624238789081
"chr10-0790",-0.0484542495171863
"chr10-0791",-0.093710722150441
"chr10-0792",-0.0624033913526144
"chr10-0793",-0.0450113846764243
"chr10-0794",-0.0304020560308087
"chr10-0795",-0.0211872684511029
"chr10-0796",-0.0960872259680011
"chr10-0797",-0.0883570171965361
"chr10-0798",-0.0946166497032298
"chr10-0799",0.0691473343500788
"chr10-0800",-0.0286989605836267
"chr10-0801",-0.0871916416676843
"chr10-0802",-0.0780173901620725
"chr10-0803",0.00136687210012557
"chr10-0804",-0.0742738006351176
"chr10-0805",-0.0996161952687801
"chr10-0806",-0.0452607815770728
"chr10-0807",0.00652937877349388
"chr10-0808",0.00273253000740489
"chr10-0809",-0.0431274782861369
"chr10-0810",-0.0901412031842743
"chr10-0811",-0.0256774048779586
"chr10-0812",-0.0230412621293036
"chr10-0813",-0.0804093679162599
"chr10-0814",0.0983126981977119
"chr10-0815",-0.012858042257377
"chr10-0816",0.015120098977426
"chr10-0817",0.0821523894227124
"chr10-0818",-0.0436504043902573
"chr10-0819",-0.0396492564860436
"chr10-0820",-0.00876969279217324
"chr10-0821",-0.0301614234201405
"chr10-0822",-0.0569940581038616
"chr10-0823",-0.142357195949765
"chr10-0824",-0.0454570508078754
"chr10-0825",-0.0105120521029944
"chr10-0826",-0.0766910412087617
"chr10-0827",-0.0732308479774254
"chr10-0828",-0.0408634586028128
"chr10-0829",0.0584108724962019
"chr10-0830",-0.00370376279623544
"chr10-0831",0.060090386583102
"chr10-0832",0.0458489961024556
"chr10-0833",-0.0528001521980866
"chr10-0834",-0.132811647165289
"chr10-0835",-0.10064406764819
"chr10-0836",0.060943791403276
"chr10-0837",-0.0299175154701739
"chr10-0838",-0.0721478506117108
"chr10-0839",0.000414795001101496
"chr10-0840",-0.10472740527738
"chr10-0841",0.0216134617847614
"chr10-0842",-0.0696198052037172
"chr10-0843",-0.204632956317642
"chr10-0844",-0.104460585375111
"chr10-0845",-0.0477050307892462
"chr10-0846",-0.0396833992777534
"chr10-0847",-0.07463546567507
"chr10-0848",0.00268171299606734
"chr10-0849",-0.0939447835385423
"chr10-0850",-0.0408821382626094
"chr10-0851",-0.135849780804722
"chr10-0852",0.0281422324899
"chr10-0853",-0.106334978954122
"chr10-0854",-0.022303939119444
"chr10-0855",-0.0597619619389063
"chr10-0856",-0.206302883272928
"chr10-0857",-0.10959328433118
"chr10-0858",-0.0171800815197215
"chr10-0859",-0.0692898316019434
"chr10-0860",-0.0951793809230281
"chr10-0861",-0.100762454025989
"chr10-0862",0.0424355289178142
"chr10-0863",0.0395188483424639
"chr10-0864",0.00425509153585983
"chr10-0865",-0.00508645142403061
"chr10-0866",-0.0151561790792738
"chr10-0867",-0.0725437956040741
"chr10-0868",0.0949276144328986
"chr10-0869",0.0427305155825121
"chr10-0870",-0.00735428867004858
"chr10-0871",-0.00907127678751705
"chr10-0872",-0.0438507962402233
"chr10-0873",-0.110829344813204
"chr10-0874",-0.0899391295306881
"chr10-0875",-0.00567233226875645
"chr10-0876",0.064821651944875
"chr10-0877",-0.0367752446990088
"chr10-0878",-0.132315766372846
"chr10-0879",-0.00365961346482325
"chr10-0880",-0.0486731322938326
"chr10-0881",0.0581659150457689
"chr10-0882",-0.0448564161574841
"chr10-0883",-0.0944597033368488
"chr10-0884",-0.0361140526424727
"chr10-0885",0.0967579629104717
"chr10-0886",0.00868790147133034
"chr10-0887",0.0767463682937458
"chr10-0888",0.0845386634666579
"chr10-0889",-0.0311323257754345
"chr10-0890",-0.0237489732220679
"chr10-0891",-0.0817257658755431
"chr10-0892",-0.0308267704067678
"chr10-0893",0.0233166735844308
"chr10-0894",-0.0269910411723291
"chr10-0895",-0.0605809730617777
"chr10-0896",-0.107492120023589
"chr10-0897",-0.0711879747541833
"chr10-0898",-0.0614866356628448
"chr10-0899",-0.0163804191393159
"chr10-0900",-0.0202438570858342
"chr10-0901",0.0513334452881743
"chr10-0902",0.0109977153895896
"chr10-0903",0.0527217882018817
"chr10-0904",0.0826470967794183
"chr10-0905",-0.0479856174313375
"chr10-0906",0.102296455892594
"chr10-0907",-0.00504557775976601
"chr10-0908",0.0397102227763701
"chr10-0909",-0.017191128474153
"chr10-0910",-0.0833511297505018
"chr10-0911",0.0294230727874512
"chr10-0912",0.00339911341724183
"chr10-0913",-0.0118714776589849
"chr10-0914",-0.0703138555814647
"chr10-0915",-0.0149212057670812
"chr10-0916",-0.051642098805806
"chr10-0917",0.0251325808397899
"chr10-0918",0.0115701585552566
"chr10-0919",-0.0323169609535569
"chr10-0920",0.0322324350131951
"chr10-0921",-0.166677981370643
"chr10-0922",-0.103282299319605
"chr10-0923",-0.0353183805395264
"chr10-0924",-0.0581643741786816
"chr10-0925",-0.0936747939096851
"chr10-0926",-0.043464847582682
"chr10-0927",8.23278455041607e-05
"chr10-0928",-0.00527109474580817
"chr10-0929",0.0705146800211138
"chr10-0930",0.0209637572423236
"chr10-0931",-0.00364394099474508
"chr10-0932",0.0709583921015708
"chr10-0933",0.0424279273579471
"chr10-0934",0.0639783427102814
"chr10-0935",0.0815565027783952
"chr10-0936",0.0847253246786984
"chr10-0937",0.139113726718594
"chr10-0938",0.122816570784957
"chr10-0939",0.0603929017153398
"chr10-0940",0.0284318341507951
"chr10-0941",0.0366642271707502
"chr10-0942",0.0162662972818051
"chr10-0943",0.00691347616238214
"chr10-0944",0.00277411788859462
"chr10-0945",0.0533786384178628
"chr10-0946",0.0714048165485366
"chr10-0947",-0.000802544508593358
"chr10-0948",0.0594253058234277
"chr10-0949",0.0183401718695415
"chr10-0950",-0.0072631298713895
"chr10-0951",-0.0462926451613222
"chr11-0001",-0.0367597398484466
"chr11-0002",0.0118449213825903
"chr11-0003",0.0189130852010778
"chr11-0004",0.0697315136622115
"chr11-0005",0.0392396146306239
"chr11-0006",0.00889620885570614
"chr11-0007",0.113795770429306
"chr11-0008",0.0792203245756633
"chr11-0009",0.0251290923833146
"chr11-0010",0.031094705641392
"chr11-0011",0.0604278537012009
"chr11-0012",0.0798658136495708
"chr11-0013",-0.000280582749482316
"chr11-0014",0.0622052478721
"chr11-0015",0.0595462390619505
"chr11-0016",0.11012635947549
"chr11-0017",0.0833450076005188
"chr11-0018",0.122767419044752
"chr11-0019",0.0810235271603141
"chr11-0020",0.114391713014349
"chr11-0021",0.0805481442211849
"chr11-0022",0.110919447266021
"chr11-0023",0.0583840471373744
"chr11-0024",0.004622545559134
"chr11-0025",0.0704204474258654
"chr11-0026",-0.173419340977754
"chr11-0027",0.0254385444517273
"chr11-0028",0.0571288110269528
"chr11-0029",0.0608104150664863
"chr11-0030",0.01988852245921
"chr11-0031",0.0678093780693253
"chr11-0032",0.0272511479237902
"chr11-0033",0.0209166415699099
"chr11-0034",-0.0963549917792512
"chr11-0035",0.0233282237304669
"chr11-0036",0.0598183746203448
"chr11-0037",0.0455679496860657
"chr11-0038",0.0288697612127553
"chr11-0039",0.0625404872586249
"chr11-0040",0.100783750548068
"chr11-0041",0.0361414329899894
"chr11-0042",0.114633756178485
"chr11-0043",-0.0185593481188214
"chr11-0044",0.0340804195001244
"chr11-0045",-0.0480878491412064
"chr11-0046",-0.0408365370265868
"chr11-0047",-0.0243508731062045
"chr11-0048",-0.0347803927828207
"chr11-0049",-0.0592720771913037
"chr11-0050",-0.0365291023331184
"chr11-0051",-0.0763333037694989
"chr11-0052",-0.0784035985144588
"chr11-0053",-0.144828980078906
"chr11-0054",-0.0831325972145749
"chr11-0055",-0.176593070015011
"chr11-0056",-0.0759971129401555
"chr11-0057",-0.220436441930197
"chr11-0058",-0.0923478980837461
"chr11-0059",-0.177435061270693
"chr11-0060",-0.0706436116319275
"chr11-0061",-0.158943683085343
"chr11-0062",-0.0618502532092627
"chr11-0063",-0.000410869720489941
"chr11-0064",-0.0589442699843488
"chr11-0065",-0.17053353967245
"chr11-0066",-0.0445550663824171
"chr11-0067",-0.0330405873639011
"chr11-0068",-0.0835452715399312
"chr11-0069",-0.0982265910461804
"chr11-0070",-0.0695935427580902
"chr11-0071",-0.0906321827242741
"chr11-0072",0.0973220411650994
"chr11-0073",-0.0503761672542676
"chr11-0074",-0.151061257820976
"chr11-0075",0.119826310159665
"chr11-0076",-0.14503045444507
"chr11-0077",-0.0107102496663883
"chr11-0078",0.0215623457020636
"chr11-0079",-0.054413978336914
"chr11-0080",-0.131946770626726
"chr11-0081",0.0295820347560704
"chr11-0082",-0.0194086558722775
"chr11-0083",-0.0226208930539946
"chr11-0084",-0.027507157035861
"chr11-0085",-0.0584406045258139
"chr11-0086",-0.0756728410234924
"chr11-0087",-0.0728462905509532
"chr11-0088",0.0294010457550638
"chr11-0089",-0.0276581983360784
"chr11-0090",-0.112036145295473
"chr11-0091",-0.088762854448806
"chr11-0092",-0.0590737290304197
"chr11-0093",0.0990430243021917
"chr11-0094",0.11421273607936
"chr11-0095",-0.0147993553974572
"chr11-0096",-0.040878467539236
"chr11-0097",-0.00718287697472914
"chr11-0098",-0.119946458852057
"chr11-0099",-0.0940161202400762
"chr11-0100",-0.0595074239545763
"chr11-0101",0.0414827495599534
"chr11-0102",-0.0762676224784692
"chr11-0103",-0.0238992304895543
"chr11-0104",-0.0552856881313271
"chr11-0105",0.097970133593672
"chr11-0106",-0.0565560658700688
"chr11-0107",0.00551456197635256
"chr11-0108",0.0376602402319853
"chr11-0109",0.0116459316777122
"chr11-0110",-0.0481181827251149
"chr11-0111",0.0308308290422746
"chr11-0112",-0.0800596079329137
"chr11-0113",-0.00422668022989023
"chr11-0114",-0.0056975688759609
"chr11-0115",-0.0869410421358561
"chr11-0116",-0.0472559515850022
"chr11-0117",-0.00984961492326207
"chr11-0118",-0.0688927699829871
"chr11-0119",0.0738031568901976
"chr11-0120",-0.0907937095944963
"chr11-0121",0.0183843422270612
"chr11-0122",-0.0485267417104444
"chr11-0123",0.0283960774403161
"chr11-0124",-0.000760044868400365
"chr11-0125",0.0791727920452261
"chr11-0126",0.00109760255037802
"chr11-0127",0.0864095154042851
"chr11-0128",-0.0372969629469938
"chr11-0129",0.0381507893661157
"chr11-0130",-0.0560451548260862
"chr11-0131",-0.0635407976848662
"chr11-0132",0.0579357909970817
"chr11-0133",0.027244728642528
"chr11-0134",0.101272238316636
"chr11-0135",0.0512916710129192
"chr11-0136",-0.0663039277698274
"chr11-0137",-0.0276851123399561
"chr11-0138",0.0228339199028506
"chr11-0139",-0.0767951600716178
"chr11-0140",-0.0982462807566542
"chr11-0141",-0.0867243879281939
"chr11-0142",-0.0185354406496814
"chr11-0143",-0.0729211860373036
"chr11-0144",-0.0913881436538265
"chr11-0145",-0.0483484000732557
"chr11-0146",-0.111715812640965
"chr11-0147",-0.151072019285965
"chr11-0148",-0.070804323393652
"chr11-0149",-0.0400901964427214
"chr11-0150",-0.0181084841867275
"chr11-0151",-0.0643427860024903
"chr11-0152",-0.0279495475618966
"chr11-0153",-0.0953510173003133
"chr11-0154",-0.0946801281468993
"chr11-0155",-0.0668098358889504
"chr11-0156",0.0306946736173505
"chr11-0157",-0.0256012803389693
"chr11-0158",-0.0868559372964027
"chr11-0159",-0.104357203212195
"chr11-0160",0.011756725323407
"chr11-0161",-0.0624764006440591
"chr11-0162",-0.0685684953971125
"chr11-0163",-0.135847214194455
"chr11-0164",0.0688900970759866
"chr11-0165",-0.0771292165800829
"chr11-0166",-0.0674530094590876
"chr11-0167",-0.0558203240690025
"chr11-0168",-0.0622905960630733
"chr11-0169",-0.0220080521489448
"chr11-0170",-0.0107508465760924
"chr11-0171",-0.0745946931584862
"chr11-0172",-0.0693249249754778
"chr11-0173",-0.0152083643209454
"chr11-0174",-0.114505019650703
"chr11-0175",-0.0384179407853181
"chr11-0176",-0.0380520084732221
"chr11-0177",-0.0177260262238479
"chr11-0178",-0.06919268716276
"chr11-0179",-0.104195878817654
"chr11-0180",-0.146227799776985
"chr11-0181",-0.0822568212085994
"chr11-0182",-0.106806934313243
"chr11-0183",-0.00933183003859755
"chr11-0184",-0.0803234949760472
"chr11-0185",0.0281248447920966
"chr11-0186",-0.0856712716796101
"chr11-0187",0.0639417795033666
"chr11-0188",-0.0831061722328125
"chr11-0189",0.0650642077046283
"chr11-0190",-0.0134499616714816
"chr11-0191",-0.0895176243713192
"chr11-0192",0.0376134859331479
"chr11-0193",-0.000797839841250608
"chr11-0194",-0.0333720305322453
"chr11-0195",-0.0354488531057328
"chr11-0196",0.0105982464921928
"chr11-0197",-0.120470454312937
"chr11-0198",-0.169237191838575
"chr11-0199",-0.0231753641413758
"chr11-0200",-0.234448941812077
"chr11-0201",-0.092138808394417
"chr11-0202",-0.0625592916898125
"chr11-0203",-0.119638434876316
"chr11-0204",-0.0902667568024648
"chr11-0205",-0.00732376461084207
"chr11-0206",-0.0612686049608646
"chr11-0207",-0.0724741586766584
"chr11-0208",-0.131664112431797
"chr11-0209",-0.0590944022991656
"chr11-0210",0.0133315164856049
"chr11-0211",0.0586413252822021
"chr11-0212",-0.152491716192043
"chr11-0213",-0.127862832133445
"chr11-0214",-0.129202619423598
"chr11-0215",0.0397362268337001
"chr11-0216",0.0286882679668426
"chr11-0217",-0.0675696807705556
"chr11-0218",-0.13446224644123
"chr11-0219",-0.0659325825746148
"chr11-0220",-0.223743495495187
"chr11-0221",-0.141486891501665
"chr11-0222",-0.0384722930459986
"chr11-0223",-0.176500647818866
"chr11-0224",-0.176213013348973
"chr11-0225",-0.220676126210129
"chr11-0226",-0.0200389890775013
"chr11-0227",-0.0726663763278592
"chr11-0228",-0.0281319308281268
"chr11-0229",0.091486080511953
"chr11-0230",-0.0434925784008868
"chr11-0231",-0.0227434813388548
"chr11-0232",-0.122354200645494
"chr11-0233",-0.0639398052635911
"chr11-0234",-0.0502501476948679
"chr11-0235",0.0348243034927664
"chr11-0236",-0.0266753736958974
"chr11-0237",0.0136830326688265
"chr11-0238",-0.0409826405266425
"chr11-0239",0.0113419561699261
"chr11-0240",-0.0326095974866496
"chr11-0241",-0.0139978718801707
"chr11-0242",-0.0466417419111491
"chr11-0243",-0.0152841017081293
"chr11-0244",-0.0480023334338635
"chr11-0245",-0.0827037789677945
"chr11-0246",0.019347767647641
"chr11-0247",-0.0124683675811137
"chr11-0248",0.0328998494197538
"chr11-0249",-0.0457995463307089
"chr11-0250",0.0335871494974929
"chr11-0251",-0.0567163030065459
"chr11-0252",-0.0373715266831941
"chr11-0253",0.0536809174576659
"chr11-0254",-0.109625442317549
"chr11-0255",0.00205938942429012
"chr11-0256",0.00378982265896646
"chr11-0257",0.0373110224444438
"chr11-0258",-0.0988169575453431
"chr11-0259",-0.0906895143334593
"chr11-0260",-0.114164782887426
"chr11-0261",-0.113667569622795
"chr11-0262",-0.0765239853528068
"chr11-0263",-0.0911846869792342
"chr11-0264",0.0503493540391326
"chr11-0265",-0.0370458747545749
"chr11-0266",-0.0330611981921067
"chr11-0267",-0.0174939397667714
"chr11-0268",0.00475368272826689
"chr11-0269",0.0525716287756049
"chr11-0270",-0.0283810052344648
"chr11-0271",-0.00111803747648982
"chr11-0272",0.0248516512392002
"chr11-0273",-0.0792259557091815
"chr11-0274",-0.0617050727075431
"chr11-0275",-0.0157003541029583
"chr11-0276",0.000174918409883553
"chr11-0277",-0.0314004080060153
"chr11-0278",-0.0659166670921536
"chr11-0279",-0.0531006181504271
"chr11-0280",-0.112570550426431
"chr11-0281",-0.111246749050618
"chr11-0282",-0.140760606472924
"chr11-0283",-0.130193192966972
"chr11-0284",-0.0769694767028624
"chr11-0285",-0.159747309623893
"chr11-0286",0.0938565070403383
"chr11-0287",0.00129721938274026
"chr11-0288",-0.168051432155764
"chr11-0289",-0.0623260647088543
"chr11-0290",-0.00206356741906957
"chr11-0291",-0.0163179588188796
"chr11-0292",0.0266956459401946
"chr11-0293",0.0464734278647832
"chr11-0294",0.0398561955577016
"chr11-0295",-0.125178642610839
"chr11-0296",-0.000672083433373124
"chr11-0297",-0.0164536202017196
"chr11-0298",-0.0663270449048692
"chr11-0299",-0.0249588598531085
"chr11-0300",-0.0917930707340637
"chr11-0301",0.0332283616261452
"chr11-0302",-0.00518803914746555
"chr11-0303",-0.00609089589335394
"chr11-0304",-0.085315449625846
"chr11-0305",-0.025526759722664
"chr11-0306",-0.0544746934663808
"chr11-0307",-0.17319233419588
"chr11-0308",-0.0417689507381966
"chr11-0309",-0.096454496171134
"chr11-0310",0.0295011018208655
"chr11-0311",-0.0797532822728096
"chr11-0312",-0.0106553120971652
"chr11-0313",-0.0505767707309596
"chr11-0314",-0.0427901540293687
"chr11-0315",0.0328870367987449
"chr11-0316",0.053727910292062
"chr11-0317",-0.0206905353789395
"chr11-0318",0.0370552092324883
"chr11-0319",-0.0154413345530321
"chr11-0320",0.0688430008756526
"chr11-0321",-0.139249028550368
"chr11-0322",-0.107518747534012
"chr11-0323",-0.0060351850692238
"chr11-0324",-0.0626980394532298
"chr11-0325",0.0570816314871632
"chr11-0326",-0.0543190983528831
"chr11-0327",-0.0267305974498337
"chr11-0328",0.0899617212033734
"chr11-0329",0.0192733840936325
"chr11-0330",-0.0928199027310554
"chr11-0331",-0.039666402646372
"chr11-0332",-0.0889826525240781
"chr11-0333",-0.0929001482579582
"chr11-0334",-0.0581358280563199
"chr11-0335",-0.0541649601219143
"chr11-0336",0.0317934257152374
"chr11-0337",0.0253537932290125
"chr11-0338",-0.0622273845985342
"chr11-0339",-0.0781130315855062
"chr11-0340",-0.0436378621272553
"chr11-0341",0.231083990035963
"chr11-0342",-0.00483682978627345
"chr11-0343",-0.0431455941488091
"chr11-0344",-0.0598431424710536
"chr11-0345",-0.334900502112018
"chr11-0346",-0.648612202710544
"chr11-0347",-0.302913099438402
"chr11-0348",-0.027191100027635
"chr11-0349",0.0471583268462488
"chr11-0350",-0.289400723105686
"chr11-0351",-0.15047050165958
"chr11-0352",-0.138131005504888
"chr11-0353",-0.0771412970230267
"chr11-0354",-0.152176680917931
"chr11-0355",-0.107003956840131
"chr11-0356",-0.166194424411463
"chr11-0357",-0.0688762837257335
"chr11-0358",0.00134494855194055
"chr11-0359",0.00963717854596319
"chr11-0360",-0.0600156406288519
"chr11-0361",-0.0182671848472145
"chr11-0362",-0.0485964611202816
"chr11-0363",-0.0707438340509037
"chr11-0364",-0.016667125306339
"chr11-0365",-0.122700103559628
"chr11-0366",-0.0728103106584594
"chr11-0367",-0.148860175099667
"chr11-0368",-0.0251145254951892
"chr11-0369",-0.0577938564177184
"chr11-0370",-0.0790143257488835
"chr11-0371",-0.077157322593528
"chr11-0372",-0.0408774201020377
"chr11-0373",-0.0727757937180607
"chr11-0374",-0.140269807558788
"chr11-0375",-0.0663378892102306
"chr11-0376",-0.0798793365188724
"chr11-0377",-0.114785292894655
"chr11-0378",-0.112266245024962
"chr11-0379",-0.0124687105388272
"chr11-0380",-0.0640254159463962
"chr11-0381",-0.0621125615239426
"chr11-0382",-0.050782860263316
"chr11-0383",-0.298919735613961
"chr11-0384",-0.0751699888760304
"chr11-0385",-0.0232820967315554
"chr11-0386",-0.096120563381849
"chr11-0387",-0.121263339080507
"chr11-0388",-0.0251583566654148
"chr11-0389",0.0155035829852879
"chr11-0390",-0.0129794438834966
"chr11-0391",-0.0416316924858828
"chr11-0392",-0.0281919551238716
"chr11-0393",-0.067437021633868
"chr11-0394",0.110820117230493
"chr11-0395",0.0233817018203342
"chr11-0396",-0.0319823924801486
"chr11-0397",-0.00910144415463811
"chr11-0398",0.0111258058494209
"chr11-0399",-0.0543387570848823
"chr11-0400",0.0487501823039389
"chr11-0401",0.0411523095191063
"chr11-0402",0.0113116310692333
"chr11-0403",-0.0234440778194398
"chr11-0404",-0.105559517036388
"chr11-0405",0.0372847993107318
"chr11-0406",-0.00475367196651639
"chr11-0407",-0.0409663346313072
"chr11-0408",-0.00744513594399349
"chr11-0409",-0.00942136575429982
"chr11-0410",0.0678059207825709
"chr11-0411",-0.0101669756333636
"chr11-0412",-0.0488606554376929
"chr11-0413",-0.0292935592289083
"chr11-0414",-0.0411387839120159
"chr11-0415",-0.0172847030477955
"chr11-0416",-0.044547392628523
"chr11-0417",-0.1112704958404
"chr11-0418",-0.199497791705339
"chr11-0419",-0.0674805175197583
"chr11-0420",-0.0638456816963307
"chr11-0421",0.0484272236842746
"chr11-0422",-0.234769340463192
"chr11-0423",0.0654979435594542
"chr11-0424",0.0320840212071801
"chr11-0425",-0.0119255110824429
"chr11-0426",-0.01533912660079
"chr11-0427",0.0553230237754984
"chr11-0428",0.024430775719227
"chr11-0429",0.0544361865681331
"chr11-0430",0.0238601864757617
"chr11-0431",0.00243076668414731
"chr11-0432",0.0146794137133272
"chr11-0433",0.0254324395866641
"chr11-0434",0.0154098703869768
"chr11-0435",0.0427000660307618
"chr11-0436",0.0744494019559151
"chr11-0437",0.0223572440757328
"chr11-0438",0.0101107522770087
"chr11-0439",-0.00546348352188573
"chr11-0440",-0.0448152383057255
"chr11-0441",-0.0292861391901724
"chr11-0442",0.040243102867632
"chr11-0443",-0.10537068560803
"chr11-0444",0.0305723246993287
"chr11-0445",0.0408369681611541
"chr11-0446",0.0448634512850797
"chr11-0447",0.0401915696594878
"chr11-0448",0.0456883201561724
"chr11-0449",0.0136215242644113
"chr11-0450",-0.0024981745790283
"chr11-0451",0.0230670992605534
"chr11-0452",-0.0183294635247295
"chr11-0453",0.0389394304792906
"chr11-0454",0.0330327877743051
"chr11-0455",0.0622765887254717
"chr11-0456",-0.0346886895800372
"chr11-0457",0.014099873520133
"chr11-0458",-0.0373079654767329
"chr11-0459",-0.0199292853165467
"chr11-0460",-0.0163449393365391
"chr11-0461",-0.0589405074174446
"chr11-0462",-0.0456038417869842
"chr11-0463",0.0620801671406425
"chr11-0464",-0.0395045962101573
"chr11-0465",-0.0735764394470658
"chr11-0466",-0.0142397870748668
"chr11-0467",-0.00174097895073468
"chr11-0468",0.006826454553946
"chr11-0469",0.0334709708071542
"chr11-0470",0.0421011392379431
"chr11-0471",0.0357198494104727
"chr11-0472",0.0770157590095361
"chr11-0473",-0.10966141478175
"chr11-0474",-0.0416264442180415
"chr11-0475",-0.0133744458943503
"chr11-0476",0.096873058364613
"chr11-0477",-0.100306006661297
"chr11-0478",-0.0167527717600116
"chr11-0479",0.0603159636362702
"chr11-0480",0.115537515371718
"chr11-0481",0.0160030230966146
"chr11-0482",0.0686724481536131
"chr11-0483",0.164229723366653
"chr11-0484",-0.00224720255061593
"chr11-0485",0.0887258196189409
"chr11-0486",0.0122938706983262
"chr11-0487",0.0268253309545889
"chr11-0488",0.0837193870437074
"chr11-0489",0.0933650932213869
"chr11-0490",0.0620275285722112
"chr11-0491",-0.00909495402432639
"chr11-0492",0.0114533265079667
"chr11-0493",0.0709021848416052
"chr11-0494",0.0188663619839676
"chr11-0495",0.0364905638713515
"chr11-0496",0.115982933278965
"chr11-0497",0.0410849430147395
"chr11-0498",0.0216818895800356
"chr11-0499",-0.0304872901634818
"chr11-0500",-0.0019866787558163
"chr11-0501",-0.0128929656803476
"chr11-0502",0.0122756761441378
"chr11-0503",0.00622728492793748
"chr11-0504",0.0358276412660688
"chr11-0505",-0.0648544032712284
"chr11-0506",0.0338891504573256
"chr11-0507",0.0723243699799471
"chr11-0508",0.0342581970839407
"chr11-0509",-0.0197291379503019
"chr11-0510",-0.0437908229546819
"chr11-0511",-0.00350288086472306
"chr11-0512",0.00266444413263896
"chr11-0513",0.0252307078759752
"chr11-0514",0.073808112825086
"chr11-0515",-0.0138240900281732
"chr11-0516",-0.0159148246876125
"chr11-0517",-0.0311022760426198
"chr11-0518",-0.0553966818644784
"chr11-0519",0.00245004168723908
"chr11-0520",0.0637538433526123
"chr11-0521",-0.0826977956366714
"chr11-0522",0.0477055436123678
"chr11-0523",-0.0351656585260571
"chr11-0524",-0.0474094088539048
"chr11-0525",-0.109527677959203
"chr11-0526",0.0724471558057659
"chr11-0527",-0.0694241093893027
"chr11-0528",0.0412525627831284
"chr11-0529",0.0171217846547114
"chr11-0530",0.00263411418363597
"chr11-0531",-0.037914370094968
"chr11-0532",-0.00117280026783843
"chr11-0533",-0.0695537999666341
"chr11-0534",0.0778666227693423
"chr11-0535",-0.0420903025959913
"chr11-0536",0.0466659296526827
"chr11-0537",-0.0068317779583786
"chr11-0538",-0.00758682583581456
"chr11-0539",-0.0156728283125369
"chr11-0540",0.00517409807654091
"chr11-0541",-0.210025131341509
"chr11-0542",0.0481774706240322
"chr11-0543",-0.0618508778238034
"chr11-0544",-0.0747078300654236
"chr11-0545",-0.0560187170092959
"chr11-0546",-0.0391257440714459
"chr11-0547",-0.139079875831599
"chr11-0548",-0.088258822250394
"chr11-0549",-0.0634230173097294
"chr11-0550",-0.0999403370908099
"chr11-0551",-0.0283050848804106
"chr11-0552",-0.120369551981052
"chr11-0553",-0.0212640896988365
"chr11-0554",-0.0616974684209802
"chr11-0555",-0.0636269518650395
"chr11-0556",-0.0841898361309449
"chr11-0557",-0.0709765165493579
"chr11-0558",-0.0620095125948346
"chr11-0559",-0.024796846209805
"chr11-0560",-0.0696948028867932
"chr11-0561",0.0146785190689433
"chr11-0562",-0.0227118527053856
"chr11-0563",-0.0405053855448956
"chr11-0564",0.0309597333593361
"chr11-0565",0.00960147663253322
"chr11-0566",-0.0535024333335679
"chr11-0567",-0.0405299078909226
"chr11-0568",-0.0572613377364693
"chr11-0569",0.0223563207861071
"chr11-0570",-0.00888933492281056
"chr11-0571",-0.00884858162459752
"chr11-0572",-0.0169118895779144
"chr11-0573",-0.0492549524049332
"chr11-0574",-0.101302732488381
"chr11-0575",0.00459909697881968
"chr11-0576",-0.00595519026724142
"chr11-0577",-0.100095545887423
"chr11-0578",0.0215640188746484
"chr11-0579",0.0313348256893636
"chr11-0580",0.00247866779670586
"chr11-0581",-0.0241868592261215
"chr11-0582",0.0473510396958635
"chr11-0583",-0.126921573849274
"chr11-0584",-0.0319264756975888
"chr11-0585",0.0161349752323127
"chr11-0586",-0.0358457446410981
"chr11-0587",-0.0741641923978433
"chr11-0588",-0.0588374693108948
"chr11-0589",-0.118911826384897
"chr11-0590",0.0563040016213358
"chr11-0591",-0.0423101918116457
"chr11-0592",-0.0313896979667453
"chr11-0593",-0.0401218419515873
"chr11-0594",-0.0763338361307358
"chr11-0595",-0.0519001825281888
"chr11-0596",-0.03663224223869
"chr11-0597",-0.022908587609533
"chr11-0598",-0.052084041594447
"chr11-0599",0.00380998101621847
"chr11-0600",-0.00662739488205993
"chr11-0601",-0.195770243020039
"chr11-0602",-0.0652714867314213
"chr11-0603",-0.0149003109515382
"chr11-0604",-0.127706997311855
"chr11-0605",-0.104833168011739
"chr11-0606",-0.0519607400121394
"chr11-0607",0.0235559372447303
"chr11-0608",0.0258417801529668
"chr11-0609",0.0409787163277281
"chr11-0610",-0.0432008316559458
"chr11-0611",0.104256135323122
"chr11-0612",-0.119312266535497
"chr11-0613",-0.0462572033858874
"chr11-0614",0.0142559483375597
"chr11-0615",-0.168344379918593
"chr11-0616",0.00752015999056155
"chr11-0617",-0.196604134620654
"chr11-0618",-0.107735957699506
"chr11-0619",-0.0449056614548409
"chr11-0620",-0.158402751797505
"chr11-0621",-0.100048600568586
"chr11-0622",-0.169296766199281
"chr11-0623",-0.0945938953805753
"chr11-0624",0.0271160821288761
"chr11-0625",0.0021916023041778
"chr11-0626",-0.0724106014020596
"chr11-0627",-0.153646403002303
"chr11-0628",-0.0671901099400961
"chr11-0629",-0.0832071153814134
"chr11-0630",-0.0249713705856702
"chr11-0631",0.0769427530332877
"chr11-0632",-0.0521705653604774
"chr11-0633",0.0416225179671933
"chr11-0634",-0.0521414458306385
"chr11-0635",-0.0382953666395677
"chr11-0636",-0.097182259575228
"chr11-0637",0.00118159671739848
"chr11-0638",0.0378917323915739
"chr11-0639",-0.13310973056711
"chr11-0640",0.0911137421340966
"chr11-0641",0.0487222846594354
"chr11-0642",-0.15223859322162
"chr11-0643",-0.0937272670773881
"chr11-0644",-0.165169033010683
"chr11-0645",-0.0430762132009978
"chr11-0646",-0.0711772200527032
"chr11-0647",-0.015231270702411
"chr11-0648",-0.0256654115810633
"chr11-0649",-0.0753648543976271
"chr11-0650",-0.044112835747217
"chr11-0651",-0.0656706740628204
"chr11-0652",-0.0512318862045629
"chr11-0653",0.0274309934440243
"chr11-0654",-0.0956939230016142
"chr11-0655",-0.078711199912966
"chr11-0656",-0.00429711297771366
"chr11-0657",-0.126875606459707
"chr11-0658",-0.0742357799479435
"chr11-0659",-0.104184988852086
"chr11-0660",0.0293898946785056
"chr11-0661",0.0302874334830791
"chr11-0662",0.0383074878707104
"chr11-0663",-0.0906265554432571
"chr11-0664",-0.0976015215963925
"chr11-0665",-0.0717928457680753
"chr11-0666",0.0932491619787142
"chr11-0667",-0.0253997821880269
"chr11-0668",0.0349891488616369
"chr11-0669",0.00800098275474407
"chr11-0670",0.0578411383654307
"chr11-0671",-0.0789667114981192
"chr11-0672",0.0164926379357401
"chr11-0673",-0.156936582222304
"chr11-0674",-0.0226901298315574
"chr11-0675",0.0076858259170956
"chr11-0676",-0.107522496482212
"chr11-0677",-0.195001253070197
"chr11-0678",-0.0373944435835669
"chr11-0679",-0.102190042128887
"chr11-0680",0.00839872779289195
"chr11-0681",-0.0377467288241682
"chr11-0682",-0.0581609767196942
"chr11-0683",-0.111850753970087
"chr11-0684",-0.0837907465399055
"chr11-0685",-0.13748430239189
"chr11-0686",-0.0247973152887518
"chr11-0687",-0.157501418692224
"chr11-0688",-0.0412190708841881
"chr11-0689",-0.124667463784373
"chr11-0690",-0.0724674253274398
"chr11-0691",-0.0209409688777405
"chr11-0692",-0.199277175069442
"chr11-0693",-0.010781733827963
"chr11-0694",-0.0966882905718539
"chr11-0695",-0.0792876472458242
"chr11-0696",-0.0602701369911076
"chr11-0697",-0.0833345261375043
"chr11-0698",0.0363080737501975
"chr11-0699",-0.16142058971691
"chr11-0700",-0.168471418269325
"chr11-0701",-0.0826703315685889
"chr11-0702",0.115232008022964
"chr11-0703",0.0225080466521626
"chr11-0704",-0.0470810724620244
"chr11-0705",-0.0472967657619462
"chr11-0706",-0.092492582436612
"chr11-0707",0.00751714103224312
"chr11-0708",-0.0330992754635437
"chr11-0709",-0.0182646142704304
"chr11-0710",-0.0665985468893051
"chr11-0711",-0.138859025044277
"chr11-0712",-0.074782609641676
"chr11-0713",-0.0345245429989919
"chr11-0714",-0.110075552847876
"chr11-0715",-0.0599796334636846
"chr11-0716",-0.112384953124828
"chr11-0717",-0.113962396016241
"chr11-0718",-0.115381024541598
"chr11-0719",0.00796099846107395
"chr11-0720",-0.0261079699944622
"chr11-0721",-0.207464825827004
"chr11-0722",0.0353709304219874
"chr11-0723",-0.0448832909911154
"chr11-0724",-0.0673510836845975
"chr11-0725",-0.0478805674620819
"chr11-0726",-0.143493913816313
"chr11-0727",-0.108756617766033
"chr11-0728",-0.0933281803916394
"chr11-0729",-0.00153133945687115
"chr11-0730",0.00785368858030792
"chr11-0731",-0.0929032519386058
"chr11-0732",-0.0351457088343256
"chr11-0733",-0.023882269191211
"chr11-0734",-0.00397892206490512
"chr11-0735",-0.0147576352886351
"chr11-0736",0.0237384366942354
"chr11-0737",0.0389972283554181
"chr11-0738",0.00656603114529102
"chr11-0739",-0.0384120277353368
"chr11-0740",0.056123530334074
"chr11-0741",0.00178057602917712
"chr11-0742",-0.0952172707657213
"chr11-0743",-0.0180608946073395
"chr11-0744",-0.120655476393455
"chr11-0745",-0.00930738216984714
"chr11-0746",-0.0688919412134446
"chr11-0747",-0.0367802946422676
"chr11-0748",0.0186341750900072
"chr11-0749",-0.0717066624975987
"chr11-0750",0.0280669973587227
"chr11-0751",-0.0154222656060323
"chr11-0752",-0.0577865623462606
"chr11-0753",-0.00525395152753971
"chr11-0754",-0.152693547062296
"chr11-0755",0.0140658846381377
"chr11-0756",-0.0503277556711848
"chr11-0757",-0.0666536415760922
"chr11-0758",0.0898708782960878
"chr11-0759",0.132858987252187
"chr11-0760",0.170937789458002
"chr11-0761",-0.00410457311063764
"chr11-0762",0.00646647642623279
"chr11-0763",-0.0657810622679494
"chr11-0764",-0.164674067421978
"chr11-0765",0.0634556830959784
"chr11-0766",0.00117299315084051
"chr11-0767",-0.0379778910189903
"chr11-0768",-0.00805372051020523
"chr11-0769",-0.0339311566066184
"chr11-0770",-0.0791631090751064
"chr11-0771",-0.0461331153065574
"chr11-0772",-0.0452486599569825
"chr11-0773",-0.171152825641753
"chr11-0774",-0.0544022627771231
"chr11-0775",-0.0275641541469632
"chr11-0776",-0.17676842579641
"chr11-0777",-0.0795296322347972
"chr11-0778",-0.0390008042501463
"chr11-0779",-0.0674123344311717
"chr11-0780",0.059707078206671
"chr11-0781",-0.0119550751510834
"chr11-0782",0.00877614469302773
"chr11-0783",0.0800246576714963
"chr11-0784",-0.0958759534119264
"chr11-0785",-0.0299485826370969
"chr11-0786",0.0258607965763149
"chr11-0787",0.00772794678547167
"chr11-0788",0.0547832175481398
"chr11-0789",-0.018735524305501
"chr11-0790",-0.15950730658867
"chr11-0791",-0.148924347000922
"chr11-0792",-0.0456212645762576
"chr11-0793",0.0449059529629795
"chr11-0794",0.0390016833283035
"chr11-0795",-0.101516760040881
"chr11-0796",-0.0856370069908409
"chr11-0797",-0.112411178831792
"chr11-0798",-0.0125764880331073
"chr11-0799",-0.112510431026983
"chr11-0800",0.0109746080703819
"chr11-0801",-0.145816560494918
"chr11-0802",0.00575668247833187
"chr11-0803",-0.0941453250800171
"chr11-0804",0.0694606351701695
"chr11-0805",-0.0331627313225512
"chr11-0806",-0.18816216770314
"chr11-0807",0.0472253664352297
"chr11-0808",-0.0402235484548464
"chr11-0809",-0.0756126490859568
"chr11-0810",-0.0606884936304022
"chr11-0811",-0.0762018482014522
"chr11-0812",0.0355696093289993
"chr11-0813",-0.0457121340656035
"chr11-0814",0.0871564750319462
"chr11-0815",-0.0177388194546868
"chr11-0816",-0.0716272673701661
"chr11-0817",-0.00988036502719293
"chr11-0818",-0.0301630146089147
"chr11-0819",-0.104443898762756
"chr11-0820",-0.105600109654498
"chr11-0821",-0.0297961446452571
"chr11-0822",-0.0629023592002032
"chr11-0823",-0.0426553750864691
"chr11-0824",0.027874529514899
"chr11-0825",-0.0926877961224496
"chr11-0826",-0.0476682532301739
"chr11-0827",0.020758352202321
"chr11-0828",0.0538454315732658
"chr11-0829",-0.0284270550375458
"chr11-0830",-0.0612015414654933
"chr11-0831",-0.10537243877143
"chr11-0832",-0.112378270389025
"chr11-0833",-0.147970458782309
"chr11-0834",0.0134699088911137
"chr11-0835",0.0247510897870029
"chr11-0836",-0.0358420220067759
"chr11-0837",-0.0885081468729128
"chr11-0838",-0.100255693221062
"chr11-0839",0.0219254070988433
"chr11-0840",0.0596735383623591
"chr11-0841",-0.0555017049471612
"chr11-0842",-0.00139492337439504
"chr11-0843",0.0597711501720851
"chr11-0844",0.119220834451811
"chr11-0845",-0.0326061501501913
"chr11-0846",-0.0213805619272779
"chr11-0847",0.0846727401902481
"chr11-0848",-0.0652857414575661
"chr11-0849",-0.0873052222502068
"chr11-0850",-0.0388150177468457
"chr11-0851",-0.166939962169873
"chr11-0852",-0.108812553521213
"chr11-0853",-0.0296189218554814
"chr11-0854",0.0108994089975043
"chr11-0855",0.0421813584012263
"chr11-0856",0.0185153510338147
"chr11-0857",-0.0757207344958448
"chr11-0858",-0.0835170751191244
"chr11-0859",-0.164242038744964
"chr11-0860",-0.00936840323994525
"chr11-0861",-0.0380630376997769
"chr11-0862",-0.111266302589939
"chr11-0863",-0.031807588748574
"chr11-0864",-0.153568445755721
"chr11-0865",-0.13899219592736
"chr11-0866",-0.0738070139554233
"chr11-0867",-0.00680834596926736
"chr11-0868",-0.00756966729807926
"chr11-0869",-0.0667512537862148
"chr11-0870",-0.114431330351909
"chr11-0871",-0.274603379078699
"chr11-0872",0.00603169600458272
"chr11-0873",-0.0653482545082293
"chr11-0874",0.0341608045108723
"chr11-0875",-0.135261247885337
"chr11-0876",-0.0375442785222913
"chr11-0877",-0.00265532924815765
"chr11-0878",0.0302002959704325
"chr11-0879",-0.0624652669649511
"chr11-0880",-0.10166960931295
"chr11-0881",-0.120451055268981
"chr11-0882",0.0212758991409358
"chr11-0883",-0.0416342861115817
"chr11-0884",-0.0254765462470967
"chr11-0885",-0.199925277036731
"chr11-0886",0.00989120310511061
"chr11-0887",-0.0695565127105297
"chr11-0888",-0.0471086039324431
"chr11-0889",0.0399316732086052
"chr11-0890",0.0696482549451102
"chr11-0891",-0.0331817462136498
"chr11-0892",-0.00129069209616348
"chr11-0893",0.016756486917324
"chr11-0894",-0.0355367937141098
"chr11-0895",-0.0561667142009653
"chr11-0896",-0.0720486469814487
"chr11-0897",-0.00434429568490283
"chr11-0898",0.00228690986145784
"chr11-0899",-0.0624524830937119
"chr11-0900",-0.0466480527939695
"chr11-0901",0.048140203930438
"chr11-0902",-0.0289849146548281
"chr11-0903",0.054549111053736
"chr11-0904",0.0370979928869002
"chr11-0905",-0.0238452155443636
"chr11-0906",-0.0208873976357902
"chr11-0907",-0.0854490740342682
"chr11-0908",-0.0798335741843874
"chr11-0909",-0.087475257202945
"chr11-0910",-0.0707349709153377
"chr11-0911",-0.051406176964405
"chr11-0912",-0.0274442547710981
"chr11-0913",-0.0207042977068663
"chr11-0914",-0.0208312013538962
"chr11-0915",-0.0238844041647181
"chr11-0916",-0.0259200577188243
"chr11-0917",-0.0637353404973476
"chr11-0918",-0.105362400496112
"chr11-0919",0.0275018295901829
"chr11-0920",0.0185999499188025
"chr11-0921",-0.00446991565596507
"chr11-0922",0.0354067086376015
"chr11-0923",-0.0155942914373216
"chr11-0924",0.00931578846354894
"chr11-0925",0.117880155967169
"chr11-0926",0.00786345503816835
"chr11-0927",-0.0869107611076309
"chr11-0928",-0.0940933461169171
"chr11-0929",-0.0358472702481691
"chr11-0930",-0.112775523708098
"chr11-0931",-0.131659756868766
"chr11-0932",0.0276358692242105
"chr11-0933",0.079411657129174
"chr11-0934",-0.00181535518748848
"chr11-0935",0.0872872313441261
"chr11-0936",-0.0561532712831777
"chr11-0937",0.11762234242312
"chr11-0938",-0.0768662747180007
"chr11-0939",-0.0127942073583108
"chr11-0940",0.0558281397743588
"chr11-0941",-0.10260324998203
"chr11-0942",0.00597251897112969
"chr11-0943",-0.0526923534649961
"chr11-0944",-0.0420086138399095
"chr11-0945",-0.0545052243481943
"chr11-0946",0.0554592298552552
"chr11-0947",0.0582411183643663
"chr11-0948",-0.000743660717569674
"chr11-0949",-0.00612446668490575
"chr11-0950",0.044333302027629
"chr11-0951",0.0109392236879205
"chr11-0952",-0.0562077628008102
"chr11-0953",0.00180536117297529
"chr11-0954",-0.000476314594680617
"chr11-0955",-0.000562926448562985
"chr11-0956",-0.157025625751176
"chr11-0957",-0.0897885745694689
"chr11-0958",0.0787246210633771
"chr11-0959",-0.0116592057310316
"chr12-0001",0.0120616058395661
"chr12-0002",0.0231091257642281
"chr12-0003",0.00843277023519004
"chr12-0004",-0.10323465212839
"chr12-0005",0.0744426575667254
"chr12-0006",-0.0167629301106758
"chr12-0007",0.0376855331506092
"chr12-0008",0.0342755874335771
"chr12-0009",0.0091191985761872
"chr12-0010",-0.026826039255632
"chr12-0011",0.0302800707988732
"chr12-0012",-0.0376693339066489
"chr12-0013",0.172572649644638
"chr12-0014",0.0289444995799708
"chr12-0015",0.047528616239204
"chr12-0016",-0.00116041066616879
"chr12-0017",-0.0113623483214586
"chr12-0018",-0.0353603315944271
"chr12-0019",-0.00944889698107065
"chr12-0020",-0.019899202044497
"chr12-0021",0.0248386146001009
"chr12-0022",0.100705400665604
"chr12-0023",-0.0435717986147707
"chr12-0024",0.00815959071285987
"chr12-0025",0.136255480595605
"chr12-0026",0.0241734854012569
"chr12-0027",0.0102914164672269
"chr12-0028",0.00874824570234013
"chr12-0029",-0.0904249282417419
"chr12-0030",0.0218018702418791
"chr12-0031",0.0305867947868691
"chr12-0032",-0.0870385221026964
"chr12-0033",-0.0203081703078002
"chr12-0034",-0.0748398023610442
"chr12-0035",0.00909251282666782
"chr12-0036",-0.0697565483565742
"chr12-0037",0.090020850634879
"chr12-0038",0.0908502607041498
"chr12-0039",0.0546490240642826
"chr12-0040",-0.027430914341122
"chr12-0041",-0.0680313023605088
"chr12-0042",-0.0317532268696814
"chr12-0043",-0.00883406277219681
"chr12-0044",0.0478487408928115
"chr12-0045",-0.0315971301745569
"chr12-0046",-0.0662687570592624
"chr12-0047",0.0566521133779283
"chr12-0048",-0.140835251798327
"chr12-0049",-0.0577693117779428
"chr12-0050",0.0580135349203682
"chr12-0051",-0.106666951159241
"chr12-0052",-0.022754224902731
"chr12-0053",-0.0547343055970037
"chr12-0054",-0.106296522149502
"chr12-0055",-0.0169115331218141
"chr12-0056",-0.0700000053132027
"chr12-0057",-0.0430194472173354
"chr12-0058",-0.072668217087499
"chr12-0059",-0.0169744087647171
"chr12-0060",-0.0247919563875763
"chr12-0061",-0.047789945423886
"chr12-0062",0.0349584900722934
"chr12-0063",-0.0612501088224245
"chr12-0064",-0.0396898925275353
"chr12-0065",-0.0472589054047478
"chr12-0066",0.0380149516633026
"chr12-0067",-0.0272171744757387
"chr12-0068",0.0244038618030813
"chr12-0069",-0.0287205050349786
"chr12-0070",0.084279649828961
"chr12-0071",-0.0543038724558709
"chr12-0072",-0.0123400686156424
"chr12-0073",0.00937088570631662
"chr12-0074",0.00488865885981983
"chr12-0075",-0.00940262468166276
"chr12-0076",0.0324438610152136
"chr12-0077",-0.0287046466697237
"chr12-0078",-0.0476069484164848
"chr12-0079",-0.073519019949016
"chr12-0080",0.00763033520598587
"chr12-0081",0.0195834588818335
"chr12-0082",-0.0640050221768002
"chr12-0083",-0.0944634268943967
"chr12-0084",-0.0965221448156947
"chr12-0085",0.0204372706619053
"chr12-0086",-0.00965656788863029
"chr12-0087",0.0183196869422372
"chr12-0088",-0.0449856323266483
"chr12-0089",-0.034122521064181
"chr12-0090",0.0596967186290586
"chr12-0091",-0.154445363714176
"chr12-0092",0.0943377486627375
"chr12-0093",-0.126669700607048
"chr12-0094",-0.00113655298192795
"chr12-0095",-0.130669525241051
"chr12-0096",0.0315066450172403
"chr12-0097",-0.015014480525305
"chr12-0098",0.0688782063999263
"chr12-0099",-0.0107847393670008
"chr12-0100",0.0776092920863681
"chr12-0101",-0.0186275113640858
"chr12-0102",-0.0760193001239045
"chr12-0103",0.0326349474802926
"chr12-0104",-0.036289549336645
"chr12-0105",-0.208904854586558
"chr12-0106",-0.0621688303937416
"chr12-0107",-0.213157753505739
"chr12-0108",-0.0708025905409018
"chr12-0109",-0.104672760851924
"chr12-0110",0.0638592962119983
"chr12-0111",0.0785998473871368
"chr12-0112",0.0392590265206283
"chr12-0113",-0.0566283292874743
"chr12-0114",-0.125556086880933
"chr12-0115",-0.0400272009408137
"chr12-0116",-0.137490880395359
"chr12-0117",0.00686108953071094
"chr12-0118",-0.0850789677905908
"chr12-0119",-0.241929896721749
"chr12-0120",-0.0626036149134675
"chr12-0121",-0.0547686333912799
"chr12-0122",-0.0556070830778421
"chr12-0123",-0.0755318557334754
"chr12-0124",0.00301571657098743
"chr12-0125",0.0257267528843348
"chr12-0126",0.0758178889556214
"chr12-0127",0.0861470589851988
"chr12-0128",-0.00529190445952398
"chr12-0129",-0.117847724473767
"chr12-0130",-0.0804138485885605
"chr12-0131",-0.0537991913303414
"chr12-0132",-0.0267577361165429
"chr12-0133",-0.104155997595646
"chr12-0134",-0.0725010456230902
"chr12-0135",-0.0606417678534038
"chr12-0136",-0.0895995483131202
"chr12-0137",-0.0141392228875777
"chr12-0138",-0.0303933562347321
"chr12-0139",-0.0436506466708485
"chr12-0140",-0.0188631376620976
"chr12-0141",-0.0566777098623937
"chr12-0142",-0.175047053648334
"chr12-0143",-0.0520791065693793
"chr12-0144",-0.0614419472691009
"chr12-0145",-0.0453420001744201
"chr12-0146",-0.0960778673087383
"chr12-0147",-0.0147213320452518
"chr12-0148",-0.0009613959015796
"chr12-0149",-0.0144211557201279
"chr12-0150",-0.0938811180480535
"chr12-0151",-0.0195409331214077
"chr12-0152",-0.0581857052123831
"chr12-0153",-0.0695803885848739
"chr12-0154",-0.108561147651819
"chr12-0155",-0.0475045028848745
"chr12-0156",-0.0599428803914598
"chr12-0157",0.00507645371271754
"chr12-0158",-0.0194203889383421
"chr12-0159",-0.121196327179383
"chr12-0160",-0.0476540084943139
"chr12-0161",0.0734073413308941
"chr12-0162",-0.0392668761620333
"chr12-0163",0.0678830802599085
"chr12-0164",-0.0586906562948851
"chr12-0165",-0.0231846503713437
"chr12-0166",-0.106688575784104
"chr12-0167",0.0343763040940117
"chr12-0168",0.0737781858217873
"chr12-0169",-0.0850525721526667
"chr12-0170",-0.0267784809400951
"chr12-0171",-0.0596317371591458
"chr12-0172",0.000345872984200953
"chr12-0173",-0.0400312855436001
"chr12-0174",-0.0241137752606142
"chr12-0175",-0.00233248492445252
"chr12-0176",-0.0972710442206522
"chr12-0177",-0.137136035834081
"chr12-0178",-0.00720133033841616
"chr12-0179",-0.15710022250977
"chr12-0180",-0.0340466394434753
"chr12-0181",0.0704532854903624
"chr12-0182",0.0318984795948428
"chr12-0183",-0.232628108410473
"chr12-0184",-0.00354420889165898
"chr12-0185",0.0688641743415319
"chr12-0186",-0.0385234224756902
"chr12-0187",0.0274680088737024
"chr12-0188",0.067168367636416
"chr12-0189",0.0724030051487038
"chr12-0190",-0.0344153775791613
"chr12-0191",-0.111837675000698
"chr12-0192",-0.0489520349342519
"chr12-0193",0.0455433377725291
"chr12-0194",-0.0808535753207631
"chr12-0195",-0.0838334453406633
"chr12-0196",-0.0863764075888677
"chr12-0197",-0.0501884929217135
"chr12-0198",0.0585268997536984
"chr12-0199",0.0325049906398126
"chr12-0200",-0.0376560722147103
"chr12-0201",-0.107821357796643
"chr12-0202",-0.139138997188129
"chr12-0203",0.00477676586928034
"chr12-0204",-0.0119001357295837
"chr12-0205",-0.0385618556259234
"chr12-0206",0.00416912257282352
"chr12-0207",0.0310692866116828
"chr12-0208",-0.0402655388433926
"chr12-0209",-0.0813725167287652
"chr12-0210",-0.0136105486683585
"chr12-0211",-0.0229116293527376
"chr12-0212",-0.16399436585672
"chr12-0213",-0.0961244393554455
"chr12-0214",-0.0296845337287148
"chr12-0215",0.0120513482715493
"chr12-0216",-0.101320691267607
"chr12-0217",0.0531402585946804
"chr12-0218",-0.0388873872578516
"chr12-0219",-0.0551054026960542
"chr12-0220",0.03944351124457
"chr12-0221",-0.0253917556844788
"chr12-0222",0.0492582124065583
"chr12-0223",-0.122857426625777
"chr12-0224",-0.0910075142006851
"chr12-0225",-0.120499400430123
"chr12-0226",-0.123527021557272
"chr12-0227",0.0425203400065068
"chr12-0228",0.018956479320333
"chr12-0229",0.0275042863339723
"chr12-0230",-0.0433615709962064
"chr12-0231",0.0477350621899727
"chr12-0232",-0.00516084540446626
"chr12-0233",-0.0362315165809392
"chr12-0234",0.0864355171742097
"chr12-0235",-0.0259083658832667
"chr12-0236",-0.0324513783981214
"chr12-0237",0.0874389761893535
"chr12-0238",-0.0362763595167082
"chr12-0239",-0.0910144591517894
"chr12-0240",-0.0899586364064635
"chr12-0241",-0.162713273033063
"chr12-0242",-0.0457978174894611
"chr12-0243",-0.0400146258589024
"chr12-0244",-0.00513888447634244
"chr12-0245",-0.0192465285045462
"chr12-0246",-0.0059209419376141
"chr12-0247",0.0312821749051046
"chr12-0248",-0.138829003632158
"chr12-0249",-0.029279438978687
"chr12-0250",-0.125776609522317
"chr12-0251",0.0178652008421661
"chr12-0252",-0.0590724221361208
"chr12-0253",0.0351912933146433
"chr12-0254",0.0478757398644276
"chr12-0255",0.0784049545963827
"chr12-0256",-0.0210937693408412
"chr12-0257",-0.0119462305926632
"chr12-0258",0.0826644733020469
"chr12-0259",0.0863290754836073
"chr12-0260",-0.106243169650717
"chr12-0261",-0.00438760627113292
"chr12-0262",0.0234780163767026
"chr12-0263",-0.115949317614761
"chr12-0264",0.00508546529005711
"chr12-0265",-0.0544260886400779
"chr12-0266",-0.109859922967149
"chr12-0267",0.000515836276498468
"chr12-0268",-0.0674284702806579
"chr12-0269",-0.089491052393524
"chr12-0270",-0.0765367183656324
"chr12-0271",-0.10860674689194
"chr12-0272",-0.154142182496088
"chr12-0273",-0.0621754324447375
"chr12-0274",0.123384021600322
"chr12-0275",0.00884672989484018
"chr12-0276",0.00805736014052659
"chr12-0277",0.0268083224956795
"chr12-0278",-0.037814160716181
"chr12-0279",-0.140489552144729
"chr12-0280",-0.00873488697030358
"chr12-0281",-0.0823436569980053
"chr12-0282",0.038196933997661
"chr12-0283",0.00606619109509785
"chr12-0284",-0.000483271135273471
"chr12-0285",-0.154415380640837
"chr12-0286",-0.0719956602106044
"chr12-0287",-0.00943382798026581
"chr12-0288",-0.000598132510534935
"chr12-0289",-0.124272425568153
"chr12-0290",0.0765346040530544
"chr12-0291",-0.0161054548611584
"chr12-0292",-0.0917204396513494
"chr12-0293",-0.121004985797876
"chr12-0294",-0.0328541331202523
"chr12-0295",-0.0627925088889393
"chr12-0296",-0.0332068036490703
"chr12-0297",-0.0360049092040286
"chr12-0298",-0.0841448656305385
"chr12-0299",-0.00617829307877761
"chr12-0300",0.0159865197050556
"chr12-0301",-0.0121619750605891
"chr12-0302",-0.00419963532197018
"chr12-0303",-0.0900378818458995
"chr12-0304",-0.0682039925063265
"chr12-0305",-0.0596835206751425
"chr12-0306",-0.0534763632378662
"chr12-0307",-0.0664618503545953
"chr12-0308",-0.0269536309616388
"chr12-0309",0.00855282884511911
"chr12-0310",-0.0364619448405149
"chr12-0311",0.0372990748166133
"chr12-0312",-0.0793782501666705
"chr12-0313",-0.0544788354636867
"chr12-0314",-0.0110369368394126
"chr12-0315",-0.0560684176438852
"chr12-0316",-0.00487352909928533
"chr12-0317",0.0543965739794757
"chr12-0318",-0.0292915609741226
"chr12-0319",0.0546252813013252
"chr12-0320",-0.0230854526159609
"chr12-0321",-0.0121044729500323
"chr12-0322",0.080200651286459
"chr12-0323",0.0502214461150328
"chr12-0324",-0.0239449381655593
"chr12-0325",-0.0172623942795883
"chr12-0326",-0.0527271174986216
"chr12-0327",0.0172753514615642
"chr12-0328",-0.020204713899689
"chr12-0329",-0.00258153902578321
"chr12-0330",-0.113947918795094
"chr12-0331",-0.160629473055785
"chr12-0332",-0.0781707823177134
"chr12-0333",0.106428697647307
"chr12-0334",-0.0224128842473826
"chr12-0335",-0.103610046612318
"chr12-0336",-0.0536738339711216
"chr12-0337",-0.0380133110783795
"chr12-0338",0.0705877411312846
"chr12-0339",0.0468605194296194
"chr12-0340",-0.0725331711907862
"chr12-0341",0.0547461591828425
"chr12-0342",-0.043106850134567
"chr12-0343",-0.191738740238231
"chr12-0344",0.0466691841404872
"chr12-0345",-0.0121072238745195
"chr12-0346",-0.0303575796939863
"chr12-0347",0.0125942802963713
"chr12-0348",-0.00585405229916309
"chr12-0349",0.0387639759487116
"chr12-0350",0.0328392517318265
"chr12-0351",-0.0119385870912392
"chr12-0352",0.0151931297212186
"chr12-0353",-0.0773978304760692
"chr12-0354",-0.102803743842049
"chr12-0355",-0.0225709704660976
"chr12-0356",-0.00491516951651289
"chr12-0357",-0.0464125776557389
"chr12-0358",-0.140753865281821
"chr12-0359",0.0114556581300135
"chr12-0360",0.0253744983823263
"chr12-0361",-0.0356423919333292
"chr12-0362",0.0124542735638017
"chr12-0363",-0.025792809111659
"chr12-0364",-0.0335103310242364
"chr12-0365",-0.0534674886547739
"chr12-0366",0.00343537234916281
"chr12-0367",-0.0307559557352068
"chr12-0368",-0.0152405220499454
"chr12-0369",0.0752114360611648
"chr12-0370",-0.0113821110621399
"chr12-0371",-0.0932987823989993
"chr12-0372",-0.193845197694277
"chr12-0373",-0.0157809361740221
"chr12-0374",-2.82442978595218e-05
"chr12-0375",-0.105202744265345
"chr12-0376",0.0126414927947585
"chr12-0377",-0.0767497982364746
"chr12-0378",-0.0883790893948112
"chr12-0379",0.0365343451680118
"chr12-0380",-0.0433394121687238
"chr12-0381",-0.0810680040691433
"chr12-0382",-0.0852577658743448
"chr12-0383",-0.0535784116569779
"chr12-0384",-0.126290282079479
"chr12-0385",-0.0316618296021141
"chr12-0386",-0.0920739566241342
"chr12-0387",0.0330007955765689
"chr12-0388",-0.14214974266623
"chr12-0389",-0.0360728977869799
"chr12-0390",-0.102235938460315
"chr12-0391",-0.0508723443516434
"chr12-0392",-0.0655621025809196
"chr12-0393",-0.035996127062633
"chr12-0394",-0.0210331682165725
"chr12-0395",-0.0572472341982246
"chr12-0396",-0.0685158803985128
"chr12-0397",0.0128006672815137
"chr12-0398",-0.00116083280264112
"chr12-0399",-0.130445636908102
"chr12-0400",-0.121088621808306
"chr12-0401",-0.0139848133600693
"chr12-0402",-0.0220412687228003
"chr12-0403",0.0229310380922247
"chr12-0404",0.070460931093424
"chr12-0405",-0.0106117636991419
"chr12-0406",0.0219248312351672
"chr12-0407",-0.0648834630010335
"chr12-0408",-0.0324131031805732
"chr12-0409",0.047532828136173
"chr12-0410",-0.0125852339947409
"chr12-0411",-0.0438553218254476
"chr12-0412",0.0161194759516301
"chr12-0413",-0.0407361054179486
"chr12-0414",-0.0746990156047901
"chr12-0415",-0.0639568088189025
"chr12-0416",0.0141508660361125
"chr12-0417",-0.194828736053369
"chr12-0418",-0.064851182095279
"chr12-0419",-0.246349778319976
"chr12-0420",-0.178638855164265
"chr12-0421",-0.00852882302943064
"chr12-0422",-0.030217550256215
"chr12-0423",-0.116070492374098
"chr12-0424",-0.0294181989619177
"chr12-0425",-0.0556875316202756
"chr12-0426",-0.0267170302300974
"chr12-0427",-0.175756757169061
"chr12-0428",-0.000427198373470227
"chr12-0429",-0.11168790325505
"chr12-0430",0.0547671483854482
"chr12-0431",-0.0372650904924107
"chr12-0432",-0.0461751637294497
"chr12-0433",-0.0373444885354917
"chr12-0434",-0.073928007205614
"chr12-0435",0.0900583171290131
"chr12-0436",0.0231607065208517
"chr12-0437",-0.121299161757431
"chr12-0438",-0.0580320182085857
"chr12-0439",-0.0224018270892161
"chr12-0440",-0.0376260830463408
"chr12-0441",0.0697823624808969
"chr12-0442",0.0483285587785649
"chr12-0443",-0.00703377660289433
"chr12-0444",0.0320890425126469
"chr12-0445",-0.00995422550476219
"chr12-0446",-0.0241414838023992
"chr12-0447",-0.0754590853447771
"chr12-0448",0.0411169997378225
"chr12-0449",-0.0385603692816375
"chr12-0450",-0.167636355911512
"chr12-0451",-0.00510366476102036
"chr12-0452",0.0495794876598045
"chr12-0453",-0.0935989005253761
"chr12-0454",0.00918817616075372
"chr12-0455",-0.0687587967694299
"chr12-0456",-0.0825235839297616
"chr12-0457",-0.0316729943716517
"chr12-0458",-0.0246614355481156
"chr12-0459",0.0717887391498022
"chr12-0460",-0.033283148695312
"chr12-0461",-0.168363351848273
"chr12-0462",-0.0687924503027298
"chr12-0463",0.0345739800075992
"chr12-0464",-0.0153925387682342
"chr12-0465",0.0659000017051748
"chr12-0466",0.00333399852139429
"chr12-0467",-0.0677721717809819
"chr12-0468",-0.0437219805439383
"chr12-0469",0.0409948090484655
"chr12-0470",-0.126501349607659
"chr12-0471",-0.158758211078104
"chr12-0472",-0.0570652861379937
"chr12-0473",-0.098031478193588
"chr12-0474",-0.04986657697619
"chr12-0475",-0.0157318850113723
"chr12-0476",-0.154900949183064
"chr12-0477",-0.0531286979811753
"chr12-0478",-0.0135424023839954
"chr12-0479",-0.114446532275612
"chr12-0480",-0.0500610440799886
"chr12-0481",-0.124138859997663
"chr12-0482",-0.0965331833812456
"chr12-0483",-0.0494180968843754
"chr12-0484",-0.0416229337470554
"chr12-0485",-0.037654419903183
"chr12-0486",-0.0712649836755893
"chr12-0487",0.106936716678808
"chr12-0488",-0.0889433668643085
"chr12-0489",-0.0186270821253184
"chr12-0490",0.0684071230230321
"chr12-0491",-0.016684472123106
"chr12-0492",0.121600331217163
"chr12-0493",-0.0720802627329417
"chr12-0494",-0.0535957820219568
"chr12-0495",-0.10533335122661
"chr12-0496",-0.0574183151850285
"chr12-0497",0.104741187126601
"chr12-0498",-0.107533348698657
"chr12-0499",-0.233152847852927
"chr12-0500",-0.0019007893211265
"chr12-0501",-0.108300141581963
"chr12-0502",-0.121662386040139
"chr12-0503",-0.0517741969393964
"chr12-0504",0.106595189227311
"chr12-0505",0.0693228432224328
"chr12-0506",-0.184264005146523
"chr12-0507",-0.0856737186492521
"chr12-0508",-0.177402558321924
"chr12-0509",-0.178377459867753
"chr12-0510",-0.0875948357942209
"chr12-0511",0.0647484150264525
"chr12-0512",-0.0789916467261162
"chr12-0513",0.144233510971849
"chr12-0514",0.0099891955574556
"chr12-0515",0.0629054690517964
"chr12-0516",-0.0348601326225361
"chr12-0517",-0.0692017029739132
"chr12-0518",-0.0178408593889998
"chr12-0519",0.0267985278553781
"chr12-0520",0.0173782268479292
"chr12-0521",0.00516174987738756
"chr12-0522",-0.0356685814641978
"chr12-0523",-0.132526761998846
"chr12-0524",0.0424846922438988
"chr12-0525",-0.0868441341233509
"chr12-0526",-0.0908910805292149
"chr12-0527",-0.00438619440617156
"chr12-0528",-0.148157729924998
"chr12-0529",-0.106661445602019
"chr12-0530",-0.0907916018821683
"chr12-0531",-0.101275702038326
"chr12-0532",-0.0444109159992159
"chr12-0533",-0.0469139517989198
"chr12-0534",-0.181701127503564
"chr12-0535",-0.0199088987692474
"chr12-0536",-0.202670522104189
"chr12-0537",0.14956698724839
"chr12-0538",-0.0578404471916449
"chr12-0539",0.0983438124255147
"chr12-0540",-0.0995235318231181
"chr12-0541",-0.0733741090969116
"chr12-0542",-0.075913323654354
"chr12-0543",-0.0249941427791302
"chr12-0544",-0.104456187463253
"chr12-0545",-0.197492433772692
"chr12-0546",-0.162324267293969
"chr12-0547",-0.0191694595586554
"chr12-0548",-0.0591643034686073
"chr12-0549",-0.0539176612031321
"chr12-0550",-0.0857315058733176
"chr12-0551",0.0349188530454443
"chr12-0552",-0.0633608897826344
"chr12-0553",-0.180396492253123
"chr12-0554",-0.105680468702246
"chr12-0555",0.0279405656762561
"chr12-0556",-0.0450509058211237
"chr12-0557",-0.143740249230663
"chr12-0558",-0.10944555934806
"chr12-0559",0.0103093265072509
"chr12-0560",-0.156902828520763
"chr12-0561",-0.113720547004876
"chr12-0562",0.0175639857378711
"chr12-0563",-0.0535746062123245
"chr12-0564",-0.0377826713522526
"chr12-0565",-0.139161603291929
"chr12-0566",-0.115802067982071
"chr12-0567",0.0418856671549142
"chr12-0568",-0.117939775983702
"chr12-0569",-0.054528265507337
"chr12-0570",-0.166670520861596
"chr12-0571",-0.100522184282291
"chr12-0572",-0.0466407268444799
"chr12-0573",0.0518918257609276
"chr12-0574",-0.0654317115669746
"chr12-0575",-0.0514188627098461
"chr12-0576",0.0146598330632376
"chr12-0577",0.0159433793055981
"chr12-0578",-0.040428611975109
"chr12-0579",0.0293452736563146
"chr12-0580",-0.0140442093975623
"chr12-0581",-0.0421152817278463
"chr12-0582",0.161979936618835
"chr12-0583",-0.00677774506670574
"chr12-0584",0.0431042699570693
"chr12-0585",0.008410213140472
"chr12-0586",-0.111213257851745
"chr12-0587",-0.0156409839070831
"chr12-0588",-0.0334740778137421
"chr12-0589",-0.0238422515351406
"chr12-0590",-0.0403298199014582
"chr12-0591",-0.015259963023006
"chr12-0592",-0.0169765674845647
"chr12-0593",-0.100035537092403
"chr12-0594",-0.111300017398471
"chr12-0595",-0.0211820994670204
"chr12-0596",-0.137330601658056
"chr12-0597",-0.0227556738535961
"chr12-0598",0.070202068555662
"chr12-0599",-0.016075481906414
"chr12-0600",-0.107048204635736
"chr12-0601",-0.079374143574271
"chr12-0602",0.00345821599156231
"chr12-0603",-0.118156641585973
"chr12-0604",-0.135166538448098
"chr12-0605",-0.085758347350484
"chr12-0606",-0.15414097172148
"chr12-0607",-0.00538560110931071
"chr12-0608",-0.124530408570981
"chr12-0609",-0.0211900008699206
"chr12-0610",-0.102075179279052
"chr12-0611",-0.019839648385663
"chr12-0612",-0.0133926692619086
"chr12-0613",-0.125902370814536
"chr12-0614",-0.0614383322267464
"chr12-0615",-0.0468471347387167
"chr12-0616",-0.132273025429698
"chr12-0617",-0.000622309258883093
"chr12-0618",-0.130554244953827
"chr12-0619",-0.0248257559708583
"chr12-0620",-0.0315520922878266
"chr12-0621",-0.0454168114171818
"chr12-0622",-0.133600074154044
"chr12-0623",-0.0519503538380228
"chr12-0624",-0.0450969668371986
"chr12-0625",-0.0327228976386776
"chr12-0626",-0.0560622993731001
"chr12-0627",-0.0026994942129123
"chr12-0628",-0.0412698617368775
"chr12-0629",-0.027187105153786
"chr12-0630",-0.0347461853902098
"chr12-0631",-0.0238539160271422
"chr12-0632",0.0181662225497431
"chr12-0633",-0.089683462866271
"chr12-0634",0.0205433427153688
"chr12-0635",-0.0604743600631886
"chr12-0636",-0.0976435243003444
"chr12-0637",-0.0133923475934313
"chr12-0638",-0.0339309098967928
"chr12-0639",-0.0316797579625276
"chr12-0640",-0.0587983409267933
"chr12-0641",0.0168672515710124
"chr12-0642",-0.102889563970838
"chr12-0643",-0.083744896785528
"chr12-0644",-0.0290095470294237
"chr12-0645",-0.108082698944372
"chr12-0646",0.0380408858844705
"chr12-0647",-0.11854184279828
"chr12-0648",-0.076015821877745
"chr12-0649",0.0035942607911117
"chr12-0650",-0.0380679881618659
"chr12-0651",-0.0626411554655797
"chr12-0652",0.0636125282460319
"chr12-0653",-0.158794968650833
"chr12-0654",-0.0121818304195398
"chr12-0655",-0.0129310948960738
"chr12-0656",-0.0687200972283021
"chr12-0657",-0.0935922515590236
"chr12-0658",-0.0162712472002072
"chr12-0659",-0.0895684242056911
"chr12-0660",-0.173904196515654
"chr12-0661",-0.0718795867631054
"chr12-0662",0.0506667807046978
"chr12-0663",0.127596333948256
"chr12-0664",0.0135886375623409
"chr12-0665",0.0106799677487847
"chr12-0666",-0.00927156290610052
"chr12-0667",-0.0597291458948821
"chr12-0668",0.0429477136292901
"chr12-0669",0.0176775832810444
"chr12-0670",-0.0532692966661256
"chr12-0671",0.0486384136485209
"chr12-0672",-0.0448601246702908
"chr12-0673",-0.073004373006569
"chr12-0674",0.0769760009479256
"chr12-0675",0.0366880654250328
"chr12-0676",-0.0174319785851069
"chr12-0677",0.0049017325634249
"chr12-0678",-0.0228307806515058
"chr12-0679",-0.0239187833208678
"chr12-0680",-0.0133378109468766
"chr12-0681",-0.152459961564659
"chr12-0682",0.0122183292077846
"chr12-0683",-0.0547489370705894
"chr12-0684",0.0451451174243798
"chr12-0685",-0.104962430414168
"chr12-0686",-0.136990483279796
"chr12-0687",-0.077422755023063
"chr12-0688",-0.0268367583458579
"chr12-0689",-0.094260999484283
"chr12-0690",-0.209514519252796
"chr12-0691",-0.0311952058091294
"chr12-0692",-0.0712107056135587
"chr12-0693",-0.116225896028302
"chr12-0694",-0.103027443822616
"chr12-0695",-0.0379305169364221
"chr12-0696",-0.0399632432411472
"chr12-0697",-0.0839182206337215
"chr12-0698",-0.00160896351093713
"chr12-0699",0.0721156688432583
"chr12-0700",0.0869310740869179
"chr12-0701",0.0349109166750625
"chr12-0702",-0.0266678581145041
"chr12-0703",-0.0738166466371668
"chr12-0704",0.0291689657423408
"chr12-0705",-0.00250426897328691
"chr12-0706",-0.0548554474074409
"chr12-0707",-0.000297369866636757
"chr12-0708",-0.046554885642701
"chr12-0709",0.00308605909509257
"chr12-0710",-0.0925380710995831
"chr12-0711",-0.0442429330037472
"chr12-0712",-0.0591207933789519
"chr12-0713",0.0184046249895058
"chr12-0714",-0.0945149520665385
"chr12-0715",-0.0358084495650542
"chr12-0716",-0.0283897290340912
"chr12-0717",-0.0657962933451976
"chr12-0718",-0.0437515248773524
"chr12-0719",0.0651888106203081
"chr12-0720",0.0249063348257654
"chr12-0721",-0.09634016895183
"chr12-0722",-0.00694931458970249
"chr12-0723",-0.0808044905668806
"chr12-0724",-0.0303518556326033
"chr12-0725",-0.0675661466550463
"chr12-0726",-0.0101039684265288
"chr12-0727",-0.0713368308562785
"chr12-0728",0.0388838394829415
"chr12-0729",0.0290119836437566
"chr12-0730",-0.0660124358905231
"chr12-0731",-0.0453568323019968
"chr12-0732",0.0629613500012799
"chr12-0733",-0.0793263181918461
"chr12-0734",0.00362871634503628
"chr12-0735",-0.0785360316235678
"chr12-0736",-0.01750302584767
"chr12-0737",-0.0173048596139554
"chr12-0738",-0.0510482666994199
"chr12-0739",-0.0395208131928247
"chr12-0740",0.0168584260766686
"chr12-0741",-0.0800165853939297
"chr12-0742",-0.0895308830298941
"chr12-0743",0.0817961175591564
"chr12-0744",0.148196250049591
"chr12-0745",-0.105292346958457
"chr12-0746",-0.0626804466646643
"chr12-0747",-0.070674928593731
"chr12-0748",-0.0181916768592597
"chr12-0749",-0.0343142655835452
"chr12-0750",-0.0159091561583437
"chr12-0751",0.0851240250614935
"chr12-0752",-0.109808576823657
"chr12-0753",0.0206698109682408
"chr12-0754",-0.063780811734853
"chr12-0755",-0.126454923129528
"chr12-0756",-0.173372353469368
"chr12-0757",-0.0885314922788235
"chr12-0758",-0.043408694507152
"chr12-0759",-0.061342373701398
"chr12-0760",-0.11037777380327
"chr12-0761",-0.00596599831706443
"chr12-0762",-0.11286198005823
"chr12-0763",-0.195892121144083
"chr12-0764",0.168342709175853
"chr12-0765",0.0341048529261072
"chr12-0766",0.0264423681768122
"chr12-0767",0.0386325978686801
"chr12-0768",0.0423752833675301
"chr12-0769",-0.0423339510989341
"chr12-0770",0.0398728917493544
"chr12-0771",-0.0579883774358068
"chr12-0772",0.0866567398985643
"chr12-0773",-0.0650576952947119
"chr12-0774",-0.0690614696229103
"chr12-0775",-0.0610673057163521
"chr12-0776",0.0375588910859352
"chr12-0777",0.0252367364657292
"chr12-0778",-0.0714596157594091
"chr12-0779",0.0562425929667304
"chr12-0780",0.0803435777921125
"chr12-0781",-0.0453573097097173
"chr12-0782",-0.0412372895761623
"chr12-0783",-0.0743110732773285
"chr12-0784",0.115465396220083
"chr12-0785",-0.0278788158327902
"chr12-0786",-0.073547527484694
"chr12-0787",-0.0481428856791856
"chr12-0788",-0.154945877624226
"chr12-0789",0.00329510724896639
"chr12-0790",-0.00933056772912844
"chr12-0791",0.0502740036490309
"chr12-0792",0.0253909260141407
"chr12-0793",-0.00415655153121511
"chr12-0794",-0.0113246674192118
"chr12-0795",0.0758219083395638
"chr12-0796",0.00330784580467707
"chr12-0797",-0.102145527352383
"chr12-0798",0.0168413006668304
"chr12-0799",-0.0309300336229806
"chr12-0800",0.0211323006690845
"chr12-0801",-0.129515276951973
"chr12-0802",0.0566810828962451
"chr12-0803",-0.01370130085607
"chr12-0804",0.0973750350306494
"chr12-0805",0.0554391516853634
"chr12-0806",-0.0271740119925994
"chr12-0807",-0.0258666902939349
"chr12-0808",0.0172647816769607
"chr12-0809",0.0460539140871428
"chr12-0810",0.0190337268172306
"chr12-0811",-0.0182639198499707
"chr12-0812",-0.0718303395006408
"chr12-0813",-0.0320362641980872
"chr12-0814",-0.0759038437619265
"chr12-0815",0.0194791971114257
"chr12-0816",-0.0478495746884521
"chr12-0817",0.0559120037713261
"chr12-0818",0.095621155909475
"chr12-0819",-0.0508039029134304
"chr12-0820",-0.0472791320395201
"chr12-0821",-0.0644823755506102
"chr12-0822",0.0256094378287217
"chr12-0823",0.0676801752022022
"chr12-0824",-0.0292340728873562
"chr12-0825",-0.0977924903063382
"chr12-0826",0.0376470520807622
"chr12-0827",0.00439668954919195
"chr12-0828",-0.0438320969258221
"chr12-0829",-0.0294657575205434
"chr12-0830",0.0138560683503531
"chr12-0831",-0.00523620533856641
"chr12-0832",-0.0782244318820046
"chr12-0833",-0.0126556242763651
"chr12-0834",0.0765281930110835
"chr12-0835",0.0251649791537005
"chr12-0836",-0.0190530176550107
"chr12-0837",-0.0519848764488271
"chr12-0838",0.0162567959396613
"chr12-0839",-0.0171163315519793
"chr12-0840",-0.0854226627467068
"chr12-0841",-0.0359923979956722
"chr12-0842",0.0918309558404753
"chr12-0843",0.0398385887012046
"chr12-0844",0.0134143204703157
"chr12-0845",0.0317516348298713
"chr12-0846",0.0438584415955681
"chr12-0847",0.0381030038161362
"chr12-0848",-0.00456000053227719
"chr12-0849",-0.0294818018953902
"chr12-0850",-0.0245797022430975
"chr12-0851",0.0581585951237906
"chr12-0852",-0.110680022984915
"chr12-0853",0.0318363622381962
"chr12-0854",-0.0533951520930104
"chr12-0855",-0.0497901354486961
"chr12-0856",-0.00400913569376783
"chr12-0857",0.00798504594642725
"chr12-0858",0.0664465515088952
"chr12-0859",0.0507925130782045
"chr12-0860",0.0163597031551094
"chr12-0861",0.0123986258212643
"chr12-0862",0.0820147445125029
"chr12-0863",0.104747930391119
"chr12-0864",0.192648837124396
"chr12-0865",0.109382744253016
"chr12-0866",-0.00439617269561788
"chr12-0867",0.0221040041797456
"chr12-0868",0.024872602179816
"chr12-0869",-0.000640270755363515
"chr12-0870",-0.0582601926814415
"chr12-0871",-0.0133844221347885
"chr12-0872",0.0157980890660235
"chr12-0873",-0.00825269611084925
"chr12-0874",-0.116541595828758
"chr12-0875",-0.102243692767055
"chr12-0876",-0.118663825225088
"chr12-0877",0.109712578188823
"chr12-0878",-0.0191006076132004
"chr12-0879",-0.062640392181142
"chr12-0880",0.123539254794244
"chr12-0881",0.00433778970103654
"chr12-0882",-0.0357016244808739
"chr12-0883",-0.0375088610691801
"chr12-0884",-0.0844373039097489
"chr12-0885",-0.00608968807530555
"chr12-0886",-0.000749906559817151
"chr12-0887",-0.0468224050069763
"chr12-0888",-0.0447724769015362
"chr12-0889",-0.0237146147641986
"chr12-0890",0.00276443406471813
"chr12-0891",-0.075988692130414
"chr12-0892",0.0315901010492052
"chr12-0893",-0.0437523022602347
"chr12-0894",-0.0767376744074219
"chr12-0895",-0.0569396774122414
"chr12-0896",-0.00191626888541379
"chr12-0897",0.113403574873632
"chr12-0898",-0.13934484764984
"chr12-0899",-0.128457524755522
"chr12-0900",0.00555043170034078
"chr12-0901",-0.0718111114810459
"chr12-0902",-0.030295524926392
"chr12-0903",0.146989287586127
"chr12-0904",0.053920288428112
"chr12-0905",-0.0653626160990352
"chr12-0906",-0.0849109478754197
"chr12-0907",0.00918104861359062
"chr12-0908",0.0547886033069046
"chr12-0909",0.0157135009020081
"chr12-0910",0.0270059381921675
"chr12-0911",0.00841199523498428
"chr12-0912",0.00259959834657869
"chr12-0913",0.0562441656323819
"chr12-0914",0.0152090172088345
"chr12-0915",0.0325300042302881
"chr12-0916",0.00895565577613948
"chr12-0917",0.0614898457172779
"chr12-0918",0.00119230545561259
"chr12-0919",0.0615117406347916
"chr12-0920",-0.171939856240039
"chr12-0921",0.0387068168159489
"chr12-0922",0.0389728229805203
"chr12-0923",0.10870951775009
"chr12-0924",0.0752370651651362
"chr12-0925",0.0560966991851105
"chr12-0926",0.0344871204368124
"chr12-0927",0.0794869181340849
"chr12-0928",0.0415962357111774
"chr12-0929",0.105094929920907
"chr12-0930",0.130795246993094
"chr12-0931",0.0433559531918539
"chr12-0932",0.0988381266752036
"chr12-0933",0.0823103904854195
"chr12-0934",0.0618351526578503
"chr12-0935",0.0733098324364075
"chr12-0936",0.084240403030952
"chr12-0937",0.100308928983469
"chr12-0938",0.0251783596208471
"chr12-0939",0.0628846685142671
"chr12-0940",0.00702629561854832
"chr12-0941",0.0991001503728229
"chr12-0942",-0.00707206007255902
"chr13-0001",-0.0160837190194811
"chr13-0002",-0.0358414027673439
"chr13-0003",0.0413073881480446
"chr13-0004",-0.0214714999298751
"chr13-0005",-0.0994449305715917
"chr13-0006",0.0545270524548876
"chr13-0007",-0.136513001400413
"chr13-0008",0.0198698360526549
"chr13-0009",0.0107002254326628
"chr13-0010",-0.0303694235020094
"chr13-0011",-0.0470433099908398
"chr13-0012",-0.0214752161626429
"chr13-0013",-0.00425580800309194
"chr13-0014",0.0451774183316047
"chr13-0015",0.00346827573219366
"chr13-0016",-0.00142967119724819
"chr13-0017",-0.086525503137318
"chr13-0018",-0.0539218939762096
"chr13-0019",0.0496747781764148
"chr13-0020",0.137500884722308
"chr13-0021",0.00149585415942266
"chr13-0022",-0.0893873229368132
"chr13-0023",-0.113550560975158
"chr13-0024",0.044960937287027
"chr13-0025",-0.0397772156985683
"chr13-0026",0.0715882524052383
"chr13-0027",-0.0180143895738226
"chr13-0028",0.0108136675182041
"chr13-0029",0.0277694048412591
"chr13-0030",0.00795668027851772
"chr13-0031",-0.099463833532081
"chr13-0032",-0.123006438161231
"chr13-0033",-0.0439066379020276
"chr13-0034",-0.0108571270004222
"chr13-0035",-0.066691103557666
"chr13-0036",-0.0200091965793495
"chr13-0037",-0.0716211887749297
"chr13-0038",0.0657936738642987
"chr13-0039",-0.0677712949848188
"chr13-0040",0.0269600739172673
"chr13-0041",0.0201781860982877
"chr13-0042",-0.0178217383652225
"chr13-0043",-0.0881474838327981
"chr13-0044",0.00130699120931796
"chr13-0045",0.0339108158879372
"chr13-0046",0.0136472113076374
"chr13-0047",-0.0655381635990344
"chr13-0048",-0.0687980753694986
"chr13-0049",-0.115790091403191
"chr13-0050",-0.0359562815093835
"chr13-0051",-0.129361246178888
"chr13-0052",-0.0275551143186378
"chr13-0053",0.00386095063036516
"chr13-0054",-0.000896054506593736
"chr13-0055",-0.0914968216231508
"chr13-0056",-0.0419268041730637
"chr13-0057",0.0229023644009991
"chr13-0058",-0.0261115512933715
"chr13-0059",0.023665281266509
"chr13-0060",-0.0592165573753586
"chr13-0061",-0.111291877268049
"chr13-0062",-0.0578558376700146
"chr13-0063",-0.111724139226181
"chr13-0064",-0.0934924052206774
"chr13-0065",-0.0272559627843609
"chr13-0066",0.0259524813016456
"chr13-0067",0.012932383174478
"chr13-0068",-0.156570782847816
"chr13-0069",-0.0756302871056604
"chr13-0070",-0.0628042268626304
"chr13-0071",-0.0998093468339785
"chr13-0072",-0.026951690279038
"chr13-0073",-0.184321684788059
"chr13-0074",-0.103074708728648
"chr13-0075",-0.139437628480308
"chr13-0076",-0.0208367989059816
"chr13-0077",0.0428479328732804
"chr13-0078",0.0973789009287142
"chr13-0079",-0.030213516947785
"chr13-0080",-0.0811879280936094
"chr13-0081",0.104533973786457
"chr13-0082",-0.0657926262834649
"chr13-0083",-0.0626833217990633
"chr13-0084",-0.03469652900712
"chr13-0085",0.00798757140704407
"chr13-0086",-0.00232525302943102
"chr13-0087",0.0582692112438257
"chr13-0088",-0.0578106753381604
"chr13-0089",0.0398770925862689
"chr13-0090",-0.167442272719449
"chr13-0091",-0.0220632082568269
"chr13-0092",-0.00816969101056103
"chr13-0093",0.0101817588840029
"chr13-0094",0.0203113383141815
"chr13-0095",0.0557542363976397
"chr13-0096",-0.0768683566590229
"chr13-0097",-0.0172349909823897
"chr13-0098",0.0426640040136641
"chr13-0099",0.0874108257190566
"chr13-0100",-0.0676258053957741
"chr13-0101",0.00307933999352515
"chr13-0102",-0.00305880812875884
"chr13-0103",-0.120116049862519
"chr13-0104",-0.0068691244516509
"chr13-0105",-0.0118743973882174
"chr13-0106",-0.0500866605899495
"chr13-0107",-0.0138701214762019
"chr13-0108",-0.0663443669607945
"chr13-0109",-0.188526555542412
"chr13-0110",0.0123162180969422
"chr13-0111",0.0596708832656395
"chr13-0112",0.0631699259142121
"chr13-0113",-0.00729408606755788
"chr13-0114",0.10616904584627
"chr13-0115",-0.0625093186635679
"chr13-0116",0.182503055286751
"chr13-0117",-0.0870693626338464
"chr13-0118",0.0948838114364513
"chr13-0119",0.00215858333617189
"chr13-0120",-0.040222425274659
"chr13-0121",-0.0293040648948541
"chr13-0122",-0.0803629406821567
"chr13-0123",0.0179097982462434
"chr13-0124",-0.024374044978374
"chr13-0125",-0.0878341655276645
"chr13-0126",-0.0695271647716852
"chr13-0127",0.0601527295832078
"chr13-0128",-0.0545805659047736
"chr13-0129",-0.0585411293388685
"chr13-0130",-0.0789196290693354
"chr13-0131",-0.0806528728293482
"chr13-0132",0.0460583413910441
"chr13-0133",-0.148862019973368
"chr13-0134",0.00695409663522938
"chr13-0135",-0.0580284563965151
"chr13-0136",-0.147969426508445
"chr13-0137",-0.104604533752404
"chr13-0138",-0.10129920822465
"chr13-0139",-0.117631155364997
"chr13-0140",-0.184173167565548
"chr13-0141",-0.0500860366380371
"chr13-0142",0.0211050326140618
"chr13-0143",-0.0480097089881002
"chr13-0144",-0.0540877882001403
"chr13-0145",-0.175453880679686
"chr13-0146",0.046454444523644
"chr13-0147",-0.0285420519138296
"chr13-0148",0.0648016192651374
"chr13-0149",-0.0560522445095687
"chr13-0150",0.0737776130379494
"chr13-0151",-0.00214795243967857
"chr13-0152",-0.0621296902931861
"chr13-0153",-0.0706495963428347
"chr13-0154",-0.0890127482422729
"chr13-0155",-0.0290711887081669
"chr13-0156",0.04635860653363
"chr13-0157",-0.0558172425245855
"chr13-0158",-0.125212507900267
"chr13-0159",-0.108667944447961
"chr13-0160",0.0016911081907026
"chr13-0161",-0.125395547792507
"chr13-0162",-0.0109802674342391
"chr13-0163",-0.00226557089013843
"chr13-0164",-0.0278553989152553
"chr13-0165",0.0270807542647691
"chr13-0166",-0.121890773234874
"chr13-0167",-0.0496849033774298
"chr13-0168",-0.120345624004512
"chr13-0169",-0.0203016483884595
"chr13-0170",0.153583193354304
"chr13-0171",-0.0635715023513901
"chr13-0172",-0.0687500536522807
"chr13-0173",0.106030099883102
"chr13-0174",0.11334675289835
"chr13-0175",-0.0659700364494987
"chr13-0176",-0.0295785525263291
"chr13-0177",-0.084130365939998
"chr13-0178",0.0680134232053262
"chr13-0179",-0.0258925973290804
"chr13-0180",-0.0660553848129071
"chr13-0181",-0.0776459092673411
"chr13-0182",0.0121429834714314
"chr13-0183",0.0602785978338472
"chr13-0184",-0.0344603167061394
"chr13-0185",-0.231129496510667
"chr13-0186",-0.123211179270722
"chr13-0187",-0.0846713750688046
"chr13-0188",0.0220329281332065
"chr13-0189",-0.0181726337000256
"chr13-0190",-0.0980357541211586
"chr13-0191",-0.0307726649249239
"chr13-0192",-0.0516950276500217
"chr13-0193",-0.110617094681968
"chr13-0194",-0.0442431544551126
"chr13-0195",0.046235455736565
"chr13-0196",-0.156847993656813
"chr13-0197",0.00290791283461978
"chr13-0198",0.0256135807343958
"chr13-0199",0.0467160483849801
"chr13-0200",0.0298913319800457
"chr13-0201",-0.0550767936115506
"chr13-0202",-0.129971029568312
"chr13-0203",-0.16776359563409
"chr13-0204",-0.146665057919259
"chr13-0205",-0.237964770862518
"chr13-0206",-0.0925360514766425
"chr13-0207",-0.0387567780565743
"chr13-0208",-0.0300060564618464
"chr13-0209",-0.185740260589779
"chr13-0210",-0.0426916122091214
"chr13-0211",-0.145756216008417
"chr13-0212",-0.0458753721205464
"chr13-0213",-0.106883086107688
"chr13-0214",0.106196652635743
"chr13-0215",-0.131223384268338
"chr13-0216",0.0728799775810992
"chr13-0217",-0.12888554321694
"chr13-0218",-0.103705904032688
"chr13-0219",-0.156195758414711
"chr13-0220",-0.136859374653166
"chr13-0221",-0.0407478221691318
"chr13-0222",0.00989866211021363
"chr13-0223",-0.0136077667122939
"chr13-0224",0.0435399946349974
"chr13-0225",-0.0363567887767496
"chr13-0226",-0.11759915578899
"chr13-0227",-0.0813778058338685
"chr13-0228",-0.0659945240919131
"chr13-0229",-0.037338307583065
"chr13-0230",-0.0447812998670402
"chr13-0231",-0.0499590722939404
"chr13-0232",-0.242852768469196
"chr13-0233",-0.0368658025818832
"chr13-0234",-0.0676839433122959
"chr13-0235",-0.157756620447608
"chr13-0236",-0.0339757008652348
"chr13-0237",-0.00158089624683657
"chr13-0238",0.0650539057171795
"chr13-0239",-0.0184500106445031
"chr13-0240",-0.0604627322842976
"chr13-0241",-0.100887247050705
"chr13-0242",-0.0476734197306045
"chr13-0243",-0.0399087104056242
"chr13-0244",-0.0692830705978922
"chr13-0245",-0.00586817513494659
"chr13-0246",-0.032825906987479
"chr13-0247",-0.225322807614647
"chr13-0248",-0.0427515193031144
"chr13-0249",-0.0276340400267637
"chr13-0250",-0.0783356148802194
"chr13-0251",-0.170466864395035
"chr13-0252",0.00966894413665433
"chr13-0253",-0.0615862950731229
"chr13-0254",-0.114326452818171
"chr13-0255",-0.153916066099026
"chr13-0256",-0.0261776225387273
"chr13-0257",-0.0132718483531548
"chr13-0258",-0.0712147944243949
"chr13-0259",-0.0330348430747333
"chr13-0260",-0.044914091385433
"chr13-0261",0.0927239203572838
"chr13-0262",-0.161726787535088
"chr13-0263",-0.0827385197938531
"chr13-0264",-0.0636284126738585
"chr13-0265",-0.258508116808096
"chr13-0266",-0.228520833035807
"chr13-0267",-0.047748255736242
"chr13-0268",-0.021104887549277
"chr13-0269",-0.136429208608059
"chr13-0270",-0.0980417560549832
"chr13-0271",-0.0261129732899988
"chr13-0272",-0.0655184333401726
"chr13-0273",-0.124179068464164
"chr13-0274",-0.117692426696609
"chr13-0275",-0.0666550995822804
"chr13-0276",-0.103686207976812
"chr13-0277",0.050462557651897
"chr13-0278",-0.0920247420766195
"chr13-0279",-0.0767517322503391
"chr13-0280",0.125987436127434
"chr13-0281",-0.0666103849263009
"chr13-0282",-0.0699844178949112
"chr13-0283",-0.0554481389031632
"chr13-0284",-0.144703995905371
"chr13-0285",-0.0559993323795931
"chr13-0286",-0.0830497006385673
"chr13-0287",-0.0554602865658048
"chr13-0288",0.0622679877764468
"chr13-0289",0.0308212381389712
"chr13-0290",-0.0729622165216248
"chr13-0291",-0.0208892010452759
"chr13-0292",-0.102412036246857
"chr13-0293",-0.163991842808373
"chr13-0294",-0.0491905090574764
"chr13-0295",-0.0396755884013316
"chr13-0296",-0.00797908564951999
"chr13-0297",-0.153755942678392
"chr13-0298",-0.022392218799564
"chr13-0299",-0.0883017998953217
"chr13-0300",-0.127360819723973
"chr13-0301",-0.056737669773509
"chr13-0302",-0.0811962191646729
"chr13-0303",0.0152128488369471
"chr13-0304",-0.00247349199369044
"chr13-0305",0.00144086394352368
"chr13-0306",-0.092874556238829
"chr13-0307",-0.020962450161645
"chr13-0308",-0.147183499134852
"chr13-0309",-0.0216138246266142
"chr13-0310",0.0286234040125054
"chr13-0311",-0.112403361243165
"chr13-0312",-0.097879733362866
"chr13-0313",-0.0771263086798848
"chr13-0314",-0.052750567212656
"chr13-0315",-0.0246735790884945
"chr13-0316",0.015501546464202
"chr13-0317",-0.0609438072925916
"chr13-0318",0.0711214768525772
"chr13-0319",-0.0689889459147174
"chr13-0320",-0.0120406294540059
"chr13-0321",-0.055440193960023
"chr13-0322",-0.268791617542942
"chr13-0323",-0.102979037337209
"chr13-0324",-0.170392676691557
"chr13-0325",-0.0558730299265038
"chr13-0326",-0.193365726275211
"chr13-0327",-0.0446906932187854
"chr13-0328",-0.05393623992452
"chr13-0329",-0.1317167111542
"chr13-0330",-0.178949248127127
"chr13-0331",-0.124602177778696
"chr13-0332",-0.073877011477299
"chr13-0333",0.0511191713596803
"chr13-0334",-0.245874062063571
"chr13-0335",-0.000440210495838729
"chr13-0336",0.00418177704380529
"chr13-0337",-0.0658373629497802
"chr13-0338",-0.0779641870210899
"chr13-0339",-0.0291507752351424
"chr13-0340",-0.0534263494204868
"chr13-0341",-0.158973479032981
"chr13-0342",-0.0607594367495725
"chr13-0343",0.0699254018150459
"chr13-0344",-0.0790710293597877
"chr13-0345",0.0554141475104438
"chr13-0346",0.0315644569993061
"chr13-0347",-0.0652631984690807
"chr13-0348",0.0281072731935576
"chr13-0349",-0.128418887374522
"chr13-0350",-0.166707221908214
"chr13-0351",-0.0354330482495772
"chr13-0352",-0.109739820038133
"chr13-0353",-0.0354576537580524
"chr13-0354",-0.0472079420486802
"chr13-0355",0.0288036094479343
"chr13-0356",-0.0421683697814463
"chr13-0357",-0.118077570515425
"chr13-0358",-0.165331078478019
"chr13-0359",-0.044413463799069
"chr13-0360",-0.0223019912037099
"chr13-0361",0.0364788529443473
"chr13-0362",-0.0414699790785163
"chr13-0363",0.000397052047663485
"chr13-0364",0.124398948591456
"chr13-0365",0.0258589722022392
"chr13-0366",0.0601274814559851
"chr13-0367",-0.0386570701407542
"chr13-0368",-0.0889628984045972
"chr13-0369",0.0177006501636674
"chr13-0370",-0.0460487132115623
"chr13-0371",-0.0153083226359965
"chr13-0372",-0.0115926512718553
"chr13-0373",-0.0445108799101937
"chr13-0374",-0.144220809039769
"chr13-0375",0.0821166695166941
"chr13-0376",0.0335506422967908
"chr13-0377",0.00516047749709764
"chr13-0378",-0.0610303405792501
"chr13-0379",0.0247613995506885
"chr13-0380",-0.00504317889559391
"chr13-0381",0.0289597934705331
"chr13-0382",-0.0182367845899687
"chr13-0383",-0.146247995959022
"chr13-0384",-0.065367860043269
"chr13-0385",-0.203904840379688
"chr13-0386",-0.0163489711153265
"chr13-0387",-0.147330033992203
"chr13-0388",-0.033118385250086
"chr13-0389",0.0241020625221833
"chr13-0390",-0.00700354758519846
"chr13-0391",-0.0601433390588778
"chr13-0392",-0.0684345040747148
"chr13-0393",0.0065837057683706
"chr13-0394",0.0576701081604596
"chr13-0395",-0.13989509636736
"chr13-0396",-0.122561391930828
"chr13-0397",-0.0696820536088024
"chr13-0398",-0.0562911053416883
"chr13-0399",0.00966264241857713
"chr13-0400",-0.21153112998918
"chr13-0401",-0.0896851857621284
"chr13-0402",-0.0890476413587736
"chr13-0403",-0.0674305615454892
"chr13-0404",-0.0856179224228941
"chr13-0405",-0.115006276587786
"chr13-0406",0.0399473800484259
"chr13-0407",-0.108329522467667
"chr13-0408",-0.137757038119585
"chr13-0409",-0.0311479678572253
"chr13-0410",0.0527766407230683
"chr13-0411",0.0650197135255304
"chr13-0412",-0.0420333154634078
"chr13-0413",0.0120800017693547
"chr13-0414",-0.0101964034254505
"chr13-0415",0.0324575380140873
"chr13-0416",-0.0188154599631417
"chr13-0417",0.0601432157618166
"chr13-0418",-0.05981808077616
"chr13-0419",-0.0912033914815321
"chr13-0420",0.0174928308480027
"chr13-0421",-0.0172002277113599
"chr13-0422",-0.041831804960284
"chr13-0423",-0.00552903172595387
"chr13-0424",-0.0578448887552052
"chr13-0425",-0.0510927452478374
"chr13-0426",0.0021385007170458
"chr13-0427",0.0410159388060808
"chr13-0428",0.078401805356218
"chr13-0429",0.0261128120051554
"chr13-0430",0.0333506863882553
"chr13-0431",0.0737566582687807
"chr13-0432",0.0552107788303457
"chr13-0433",0.0426298586486469
"chr13-0434",0.0110062787282902
"chr13-0435",0.0788433321693865
"chr13-0436",-0.00930702041370561
"chr13-0437",0.0169648344534923
"chr13-0438",0.0238093913712079
"chr13-0439",-0.0812608521639047
"chr13-0440",0.00275309006046016
"chr13-0441",-0.017330825671384
"chr13-0442",0.0748605475658264
"chr13-0443",0.158801565623156
"chr13-0444",0.0647785026149279
"chr13-0445",-0.0448542918173251
"chr13-0446",-0.0430765884546695
"chr13-0447",-0.03116490382275
"chr13-0448",0.0375141418505317
"chr13-0449",-0.100333624983833
"chr13-0450",-0.0538690313993983
"chr13-0451",-0.0020526463640555
"chr13-0452",-0.0461150644266826
"chr13-0453",0.0490712439181099
"chr13-0454",-0.0310330717192678
"chr13-0455",0.0251834856538596
"chr13-0456",-0.00534252737749472
"chr13-0457",0.0247834176821688
"chr13-0458",0.0984571299433868
"chr13-0459",-0.056501888826238
"chr13-0460",0.138077156746144
"chr13-0461",0.0553704678419014
"chr13-0462",0.0951319070895491
"chr13-0463",0.0382418272657001
"chr13-0464",0.0873819642466884
"chr13-0465",0.0573215810440387
"chr13-0466",-0.00368557813670011
"chr13-0467",0.0482139821185969
"chr13-0468",0.0393635557343168
"chr13-0469",0.109679754512998
"chr13-0470",0.104390416506545
"chr13-0471",0.0634673807743297
"chr13-0472",0.0915473656878691
"chr13-0473",0.025861028174431
"chr13-0474",0.185756856630694
"chr13-0475",0.16293763511578
"chr13-0476",0.193685140833512
"chr13-0477",0.0581239432048893
"chr13-0478",0.000675682507181211
"chr13-0479",-0.108644483808993
"chr14-0001",0.103548830736701
"chr14-0002",0.138479935900533
"chr14-0003",0.171023979042529
"chr14-0004",-0.180473137941569
"chr14-0005",-0.278937389176502
"chr14-0006",-0.0827188535394703
"chr14-0007",-0.0254673337897298
"chr14-0008",-0.0991300617033315
"chr14-0009",-0.0897141884530165
"chr14-0010",-0.117235763916729
"chr14-0011",-0.110362062847992
"chr14-0012",-0.145003310395057
"chr14-0013",-0.152354234777382
"chr14-0014",-0.103903929115061
"chr14-0015",-0.139260997383387
"chr14-0016",-0.0624598507051603
"chr14-0017",-0.0123283600945913
"chr14-0018",-0.16681751531363
"chr14-0019",-0.111851003979769
"chr14-0020",-0.151850184719826
"chr14-0021",-0.0537534177330525
"chr14-0022",-0.0798450250407686
"chr14-0023",-0.132160883809234
"chr14-0024",-0.17216370760724
"chr14-0025",-0.035739742416907
"chr14-0026",-0.107122489821148
"chr14-0027",-0.07768403312148
"chr14-0028",-0.0669345876624261
"chr14-0029",-0.132690444403533
"chr14-0030",-0.18732369608348
"chr14-0031",-0.128339142563577
"chr14-0032",-0.0308825205459186
"chr14-0033",-0.00810961184998998
"chr14-0034",-0.119931968238792
"chr14-0035",-0.0984894185470261
"chr14-0036",-0.0599487276181304
"chr14-0037",-0.0490077430293496
"chr14-0038",-0.0258682433714412
"chr14-0039",-0.0767620861591452
"chr14-0040",0.0814168160904191
"chr14-0041",0.0634957176195061
"chr14-0042",-0.00267985654342985
"chr14-0043",-0.0604598680158318
"chr14-0044",-0.180299584361401
"chr14-0045",-0.0456763465075145
"chr14-0046",-0.0199253119433881
"chr14-0047",-0.140789617701807
"chr14-0048",0.0105780214866775
"chr14-0049",-0.0708342561687615
"chr14-0050",-0.0860489921929506
"chr14-0051",-0.0173317852560737
"chr14-0052",-0.00457537691579238
"chr14-0053",0.00292314000933803
"chr14-0054",-0.0151315160494933
"chr14-0055",-0.254350931525023
"chr14-0056",-0.0362141126588433
"chr14-0057",0.00250401350298476
"chr14-0058",0.0838098242392588
"chr14-0059",-0.0334787000556255
"chr14-0060",-0.0133658890754512
"chr14-0061",-0.0890362262562035
"chr14-0062",-0.0867286706265282
"chr14-0063",-0.120669533236962
"chr14-0064",-0.046672459867573
"chr14-0065",-0.0647325813506988
"chr14-0066",-0.0543318173470658
"chr14-0067",-0.0231009013904704
"chr14-0068",-0.0403676113837434
"chr14-0069",-0.123791050824337
"chr14-0070",-0.253899679486805
"chr14-0071",-0.0750997585625674
"chr14-0072",-0.0397114063387434
"chr14-0073",-0.0944270926817705
"chr14-0074",-0.0925246233280243
"chr14-0075",-0.0823097520569244
"chr14-0076",-0.112395254614811
"chr14-0077",-0.0910434869683975
"chr14-0078",-0.119508565874394
"chr14-0079",-0.18480949848338
"chr14-0080",-0.0284609412301232
"chr14-0081",0.106960042710623
"chr14-0082",-0.161274168838981
"chr14-0083",-0.0255490265085881
"chr14-0084",-0.122395816889406
"chr14-0085",0.0717717888130056
"chr14-0086",0.0889016317795091
"chr14-0087",-0.0590048331557124
"chr14-0088",0.0148179904029051
"chr14-0089",-0.083564280206336
"chr14-0090",0.044612144120564
"chr14-0091",-0.147816671300842
"chr14-0092",0.06154285418149
"chr14-0093",-0.205396406970953
"chr14-0094",-0.0025722881321231
"chr14-0095",0.0781834681438428
"chr14-0096",-0.130568772179484
"chr14-0097",0.0111367079853078
"chr14-0098",0.0304051486188687
"chr14-0099",-0.202895132351769
"chr14-0100",-0.131424408260271
"chr14-0101",0.0256176017105378
"chr14-0102",-0.0980233667011439
"chr14-0103",0.00734166189461936
"chr14-0104",-0.0390748987969892
"chr14-0105",-0.146344127526343
"chr14-0106",-0.0912087347488061
"chr14-0107",-0.0498848358274509
"chr14-0108",-0.0871565399143131
"chr14-0109",-0.129626541759618
"chr14-0110",-0.0900595114343568
"chr14-0111",-0.088620943067148
"chr14-0112",-0.0778138486778615
"chr14-0113",-0.0410625749849746
"chr14-0114",-0.240898080609927
"chr14-0115",-0.144576266211128
"chr14-0116",-0.0693993279055976
"chr14-0117",-0.0655234535889352
"chr14-0118",-0.0356636093070036
"chr14-0119",-0.142667757750471
"chr14-0120",-0.102616347669049
"chr14-0121",0.000128265270115397
"chr14-0122",-0.0847998419810803
"chr14-0123",-0.0825413280639769
"chr14-0124",-0.180288453969257
"chr14-0125",-0.0998018782796402
"chr14-0126",-0.0977643793548791
"chr14-0127",-0.105923729559882
"chr14-0128",-0.194615124361077
"chr14-0129",-0.0605036566448144
"chr14-0130",-0.101254657953285
"chr14-0131",-0.155474950037073
"chr14-0132",-0.114312291014552
"chr14-0133",-0.119136622058582
"chr14-0134",0.0531828486124785
"chr14-0135",-0.0749052982590357
"chr14-0136",-0.134805274590481
"chr14-0137",-0.0514602625004686
"chr14-0138",-0.00280802523488284
"chr14-0139",-0.136518248188513
"chr14-0140",-0.0784206572573398
"chr14-0141",-0.0566284522916649
"chr14-0142",-0.0466736209110957
"chr14-0143",-0.0210099619441711
"chr14-0144",-0.0932165035777713
"chr14-0145",-0.0464575152410924
"chr14-0146",-0.0970685890429012
"chr14-0147",-0.0781827156927686
"chr14-0148",-0.10823029324597
"chr14-0149",-0.0859206128862245
"chr14-0150",-0.145424467305756
"chr14-0151",-0.0476402806061339
"chr14-0152",-0.0319147267320615
"chr14-0153",0.0121965060945647
"chr14-0154",-0.0772613968890419
"chr14-0155",-0.0302909175522639
"chr14-0156",-0.106573871597078
"chr14-0157",0.00295176401171185
"chr14-0158",-0.0681699718893974
"chr14-0159",0.131743538930017
"chr14-0160",0.0519290389441887
"chr14-0161",0.049740950750398
"chr14-0162",-0.156664818856699
"chr14-0163",-0.153356462227997
"chr14-0164",0.0271563627019465
"chr14-0165",-0.26797735984727
"chr14-0166",-0.0700045827873426
"chr14-0167",0.0041987564766007
"chr14-0168",-0.165544854493378
"chr14-0169",0.0306854570855133
"chr14-0170",-0.158600628619324
"chr14-0171",-0.101683233499446
"chr14-0172",0.0437336437601724
"chr14-0173",0.00432812563436
"chr14-0174",0.00942497980203793
"chr14-0175",-0.159657109734391
"chr14-0176",-0.0451602837560767
"chr14-0177",0.00976953661404994
"chr14-0178",0.0014239436120355
"chr14-0179",-0.0201400266361409
"chr14-0180",-0.0229329973592287
"chr14-0181",-0.163083875471457
"chr14-0182",0.0126693903343783
"chr14-0183",-0.119012197279129
"chr14-0184",0.0680138785037533
"chr14-0185",-0.0014602840233387
"chr14-0186",0.0734006111235196
"chr14-0187",-0.113812567910025
"chr14-0188",-0.056330052975541
"chr14-0189",0.0250325715767734
"chr14-0190",-0.179426454802258
"chr14-0191",-0.0886561076986714
"chr14-0192",-0.0627049612402178
"chr14-0193",-0.0205103158524362
"chr14-0194",-0.0859580151673279
"chr14-0195",-0.0632969678366277
"chr14-0196",-0.116760199638479
"chr14-0197",-0.0618200804473518
"chr14-0198",-0.167682752130669
"chr14-0199",-0.0115540492143704
"chr14-0200",0.0391831568601494
"chr14-0201",-0.00552958075264988
"chr14-0202",-0.112697866041068
"chr14-0203",-0.0848728450818144
"chr14-0204",-0.0845099779492164
"chr14-0205",-0.0848380444418339
"chr14-0206",0.0708695616691326
"chr14-0207",-0.0267625395255347
"chr14-0208",-0.0597737139779304
"chr14-0209",-0.0841677786612704
"chr14-0210",-0.15579922907747
"chr14-0211",-0.260044078433828
"chr14-0212",-0.168412424314959
"chr14-0213",-0.0494401720069413
"chr14-0214",-0.0910755511970481
"chr14-0215",-0.204685558437058
"chr14-0216",-0.0583104588808083
"chr14-0217",-0.00763740994434182
"chr14-0218",-0.0396659002277433
"chr14-0219",-0.0588408703702184
"chr14-0220",-0.0466706469857214
"chr14-0221",0.097921538035555
"chr14-0222",-0.0279408730165596
"chr14-0223",-0.0197957115386586
"chr14-0224",-0.0973741879522558
"chr14-0225",-0.034447017721477
"chr14-0226",-0.149443569312576
"chr14-0227",-0.107826266470477
"chr14-0228",-0.0407877950606024
"chr14-0229",-0.0744375860005817
"chr14-0230",-0.0457341712790464
"chr14-0231",-0.033886920606986
"chr14-0232",-0.0975990758625403
"chr14-0233",-0.100777522664633
"chr14-0234",-0.0887239768480105
"chr14-0235",-0.0873870853765286
"chr14-0236",-0.0198715252657972
"chr14-0237",0.0223673704698811
"chr14-0238",0.0555794030981196
"chr14-0239",-0.0304084800732369
"chr14-0240",0.0518151613134638
"chr14-0241",-0.00182097327016651
"chr14-0242",-0.122763160388929
"chr14-0243",-0.00360472517120873
"chr14-0244",-0.00826615162655717
"chr14-0245",-0.0856713820792862
"chr14-0246",-0.0556193453048535
"chr14-0247",-0.122781441872872
"chr14-0248",-0.0227971880188202
"chr14-0249",-0.0791530840079155
"chr14-0250",-0.0466671351878899
"chr14-0251",-0.182687546384287
"chr14-0252",-0.0160537231685207
"chr14-0253",0.0493427258375751
"chr14-0254",-0.0743831765101422
"chr14-0255",-0.0302137623813999
"chr14-0256",-0.114416218343261
"chr14-0257",-0.0962536115120406
"chr14-0258",0.0329299107517927
"chr14-0259",-0.00424804421085492
"chr14-0260",0.00905789698601067
"chr14-0261",0.0127231448459353
"chr14-0262",0.0687084895666323
"chr14-0263",-0.00490166288031846
"chr14-0264",0.00500744642340331
"chr14-0265",-0.127418092280444
"chr14-0266",-0.0561355445586584
"chr14-0267",-0.00795184706782392
"chr14-0268",-0.0254289862972405
"chr14-0269",-0.0154220735285681
"chr14-0270",-0.048231145836189
"chr14-0271",-0.0701734179875795
"chr14-0272",-0.0590081460249552
"chr14-0273",0.0174605569067819
"chr14-0274",0.0119521592776737
"chr14-0275",0.0283414500846533
"chr14-0276",-0.0245267705404541
"chr14-0277",0.0294417503700713
"chr14-0278",-0.0347179520892802
"chr14-0279",-0.0620791595887771
"chr14-0280",-0.0463708456469504
"chr14-0281",-0.024049915866975
"chr14-0282",-0.00882528810748249
"chr14-0283",-0.119416767274691
"chr14-0284",-0.127345267417211
"chr14-0285",-0.0897339715813072
"chr14-0286",-0.127554144133284
"chr14-0287",-0.0642310857337972
"chr14-0288",0.012990807217849
"chr14-0289",-0.0701072884734115
"chr14-0290",-0.00767474815905534
"chr14-0291",0.0802140772984074
"chr14-0292",-0.0756252730679468
"chr14-0293",0.0355390616328415
"chr14-0294",-0.0555613629264488
"chr14-0295",-0.0388384247673864
"chr14-0296",0.071541524455458
"chr14-0297",-0.0147051734425409
"chr14-0298",-0.00596249536498549
"chr14-0299",0.0926405503390876
"chr14-0300",-0.0103620757595574
"chr14-0301",0.0589489978974752
"chr14-0302",0.0208622987515349
"chr14-0303",-0.121449554366186
"chr14-0304",-0.0210374334565766
"chr14-0305",0.0160926938666417
"chr14-0306",-0.0729679573831318
"chr14-0307",-0.00958035096464638
"chr14-0308",-0.0368714539429264
"chr14-0309",-0.0917855682106809
"chr14-0310",-0.028673102575687
"chr14-0311",-0.0496028125704358
"chr14-0312",-0.013457850969893
"chr14-0313",-0.0580345144939247
"chr14-0314",0.0179947983317132
"chr14-0315",-0.014457925362984
"chr14-0316",-0.216889725651406
"chr14-0317",0.0156399952333432
"chr14-0318",-0.125943202195752
"chr14-0319",-0.126043176049339
"chr14-0320",-0.180901615335678
"chr14-0321",-0.0698326814863801
"chr14-0322",-0.112633129582136
"chr14-0323",-0.0124997931477897
"chr14-0324",-0.0532488135131628
"chr14-0325",-0.176845922046432
"chr14-0326",-0.0830508192122416
"chr14-0327",-0.077184555759371
"chr14-0328",-0.170902977588991
"chr14-0329",-0.0745378181674543
"chr14-0330",-0.0402368056894496
"chr14-0331",-0.0741119137474972
"chr14-0332",0.0233795273458231
"chr14-0333",-0.0666792424886192
"chr14-0334",-0.0365688695110784
"chr14-0335",-0.170761409085948
"chr14-0336",-0.072872246939576
"chr14-0337",-0.0473316691602211
"chr14-0338",0.0043046664544644
"chr14-0339",-0.16187453481447
"chr14-0340",-0.0110219803158135
"chr14-0341",-0.0504541387746467
"chr14-0342",-0.0718266844357347
"chr14-0343",0.0357146540137597
"chr14-0344",0.0425542445076639
"chr14-0345",-0.104608338167867
"chr14-0346",-0.0217763394438182
"chr14-0347",-0.0392638848676081
"chr14-0348",-0.192852465024613
"chr14-0349",-0.00528320776036932
"chr14-0350",0.00902801066522797
"chr14-0351",-0.0362412097812429
"chr14-0352",-0.018864785026898
"chr14-0353",-0.0959123375492855
"chr14-0354",-0.0757116969448842
"chr14-0355",-0.0258442586842522
"chr14-0356",-0.0296218283997306
"chr14-0357",-0.0728534899188221
"chr14-0358",-0.0822066620318411
"chr14-0359",-0.104793778078277
"chr14-0360",0.0424482175204647
"chr14-0361",-0.0361703473221981
"chr14-0362",-0.030182742069117
"chr14-0363",0.00842450385099479
"chr14-0364",0.0380005813317457
"chr14-0365",0.00190167753987246
"chr14-0366",-0.101609424619907
"chr14-0367",-0.066706806470501
"chr14-0368",-0.0150794969609378
"chr14-0369",-0.020761616296369
"chr14-0370",-0.0237860274984906
"chr14-0371",0.00748550034058481
"chr14-0372",-0.0411442829542479
"chr14-0373",-0.0118660917400818
"chr14-0374",-0.108544721364254
"chr14-0375",0.0727096675357265
"chr14-0376",0.017925144052682
"chr14-0377",-0.0471931417082659
"chr14-0378",0.00914646088665113
"chr14-0379",-0.0346391048444969
"chr14-0380",-0.0566091707597716
"chr14-0381",-0.0556285698586899
"chr14-0382",-0.106743916656115
"chr14-0383",-0.0489837234432206
"chr14-0384",-0.0392009853348613
"chr14-0385",-0.00250039053902933
"chr14-0386",-0.0223466834179316
"chr14-0387",0.0394330534585676
"chr14-0388",-0.0240946073319877
"chr14-0389",-0.013729440757654
"chr14-0390",-0.0313167278644597
"chr14-0391",-0.0335444659717824
"chr14-0392",-0.0452920866209859
"chr14-0393",0.00726067768424278
"chr14-0394",-0.0702787399162441
"chr14-0395",-0.0843974869617812
"chr14-0396",0.0367477737722886
"chr14-0397",-0.182193109201953
"chr14-0398",-0.0520108571216763
"chr14-0399",-0.0796401040933082
"chr14-0400",-0.113051094284803
"chr14-0401",-0.102496776695346
"chr14-0402",-0.134822990882173
"chr14-0403",-0.130430761538213
"chr14-0404",-0.156024164043025
"chr14-0405",0.0798349704327069
"chr14-0406",-0.0610957793686755
"chr14-0407",0.0655270564817141
"chr14-0408",-0.0369788655151508
"chr14-0409",0.0186633635943968
"chr14-0410",-0.0964275854136477
"chr14-0411",-0.0926423972880352
"chr14-0412",-0.077745577198318
"chr14-0413",-0.0147377736493188
"chr14-0414",-0.0206461028491689
"chr14-0415",0.112622764675969
"chr14-0416",-0.0754190091857975
"chr14-0417",-0.0493398671651035
"chr14-0418",-0.0598205592774815
"chr14-0419",-0.0198322052432708
"chr14-0420",-0.0987029767223637
"chr14-0421",0.0556277181063071
"chr14-0422",0.0274996370303027
"chr14-0423",-0.0576314195324593
"chr14-0424",0.072129384030925
"chr14-0425",-0.0578574376999345
"chr14-0426",-0.148539027246604
"chr14-0427",-0.0685014919084649
"chr14-0428",-0.118318878602629
"chr14-0429",-0.0523906718542789
"chr14-0430",-0.12047462427065
"chr14-0431",-0.00723652445952576
"chr14-0432",-0.00908159412407907
"chr14-0433",0.0183124533472464
"chr14-0434",0.0619737068631212
"chr14-0435",-0.0551782573863392
"chr14-0436",0.0977593408596793
"chr14-0437",0.0421598694646227
"chr14-0438",0.0432217844201427
"chr14-0439",-0.12388727428335
"chr14-0440",-0.119506436598318
"chr14-0441",-0.0174015110981986
"chr14-0442",-0.0757290187765312
"chr14-0443",-0.0201563218746411
"chr14-0444",-0.0829393217503802
"chr14-0445",-0.187496201896543
"chr14-0446",0.00625842882499276
"chr14-0447",-0.00138577080539876
"chr14-0448",0.013668182024871
"chr14-0449",-0.0174709873424649
"chr14-0450",-0.0592413056864101
"chr14-0451",0.00157823597811085
"chr14-0452",-0.0649100993739235
"chr14-0453",-0.0585725473646326
"chr14-0454",0.00742854329865666
"chr14-0455",-0.0131503965022212
"chr14-0456",-0.0553411882269104
"chr14-0457",-0.0646414727294522
"chr14-0458",-0.108038852033975
"chr14-0459",-0.370941960059082
"chr14-0460",-0.0114496769310735
"chr14-0461",-0.00875119108672351
"chr14-0462",0.00713697259924345
"chr14-0463",0.0894860325210051
"chr14-0464",-0.0421868768993339
"chr14-0465",-0.0272222329355459
"chr14-0466",-0.0465456792717807
"chr14-0467",-0.00334189004624118
"chr14-0468",-0.000420448841748159
"chr14-0469",-0.0530985200463846
"chr14-0470",0.0929973357753462
"chr14-0471",0.0331170126775956
"chr14-0472",-0.124325649190342
"chr14-0473",-0.0466248048908643
"chr14-0474",0.0480847805282928
"chr14-0475",0.101907776508121
"chr14-0476",-0.0708464843195233
"chr14-0477",0.0203417309717197
"chr14-0478",-0.0181040664910196
"chr14-0479",-0.0198166855417425
"chr14-0480",-0.0142404961869423
"chr14-0481",0.0562813414406278
"chr14-0482",-0.0059524882969955
"chr14-0483",0.00626427707679659
"chr14-0484",-0.0714346633762399
"chr14-0485",-0.0583506606114296
"chr14-0486",-0.0766845347804506
"chr14-0487",-0.0332853466813373
"chr14-0488",-0.112451725247175
"chr14-0489",0.0638550071556328
"chr14-0490",-0.099811667961017
"chr14-0491",-0.119169024869582
"chr14-0492",-0.150238386985683
"chr14-0493",-0.0867070439750241
"chr14-0494",0.0482043699932036
"chr14-0495",0.0447702994362834
"chr14-0496",0.0439017096600459
"chr14-0497",-0.0328811834079034
"chr14-0498",0.0894532190020416
"chr14-0499",-0.0133029591907534
"chr14-0500",-0.00196378932687235
"chr14-0501",-0.0296411635011069
"chr14-0502",0.00331543780365899
"chr14-0503",-0.134893327413701
"chr14-0504",-0.150739987615233
"chr14-0505",-0.143993452662495
"chr14-0506",-0.0939773745225618
"chr14-0507",-0.067001888595514
"chr14-0508",-0.142240282787976
"chr14-0509",0.0243340439821513
"chr14-0510",0.14534267037867
"chr14-0511",-0.0129541693590332
"chr14-0512",-0.000624795929895021
"chr14-0513",-0.00950262058298424
"chr14-0514",0.00930859116575274
"chr14-0515",-0.205190543146782
"chr14-0516",-0.0232760425732173
"chr14-0517",0.027322664146683
"chr14-0518",0.00269450316278744
"chr14-0519",-0.0934250073948479
"chr14-0520",-0.0455326636972978
"chr14-0521",-0.145556676623252
"chr14-0522",-0.0494143272648938
"chr14-0523",0.0103192669149903
"chr14-0524",-0.121573553757739
"chr14-0525",0.003783315341392
"chr14-0526",-0.222227203024109
"chr14-0527",-0.149976183012153
"chr14-0528",0.030449324531692
"chr14-0529",-0.0320783113170169
"chr14-0530",0.0295906948643858
"chr14-0531",-0.0299970970394892
"chr14-0532",0.0103761838446275
"chr14-0533",0.169455631891976
"chr14-0534",-0.00718095958667113
"chr14-0535",-0.0518782978574389
"chr14-0536",-0.0315993035300746
"chr14-0537",0.0723622441048995
"chr14-0538",0.143609077383955
"chr14-0539",0.0439058834173877
"chr14-0540",0.00373809310002265
"chr14-0541",-0.0163705970147686
"chr14-0542",-0.00640901643951309
"chr14-0543",-0.0955575755332781
"chr14-0544",0.074130209349691
"chr14-0545",0.072798409029898
"chr14-0546",0.0108535112331514
"chr14-0547",-0.0106126400805385
"chr14-0548",-0.0568455381876068
"chr14-0549",-0.0540862202689897
"chr14-0550",-0.0845073852900324
"chr14-0551",-0.323759442746595
"chr14-0552",-0.0245003534037723
"chr14-0553",0.0994356289490421
"chr14-0554",-0.00315342039048858
"chr14-0555",0.059440603201769
"chr14-0556",0.0569553936543438
"chr14-0557",-0.0714215350056842
"chr14-0558",-0.0212709772159836
"chr14-0559",-0.0332230907830632
"chr14-0560",-0.020742770389952
"chr14-0561",0.0956524001155499
"chr14-0562",-0.0208771073913465
"chr14-0563",-0.0654647501950362
"chr14-0564",0.0582996429880869
"chr14-0565",-0.115604253014399
"chr14-0566",0.0253719020556872
"chr14-0567",0.00080639242611392
"chr14-0568",-0.0416532978677804
"chr14-0569",0.0692219627368745
"chr14-0570",-0.0189425440208731
"chr14-0571",0.0623318682011915
"chr14-0572",-0.011099717142133
"chr14-0573",0.0615894410007321
"chr14-0574",-0.000549787851041724
"chr14-0575",0.133850441847403
"chr14-0576",0.0169258189567947
"chr14-0577",0.0505845708661752
"chr14-0578",-0.0156111832571818
"chr14-0579",0.0190843334943475
"chr14-0580",-0.0731100203716565
"chr14-0581",-0.0332133347946862
"chr14-0582",-0.00871251983650949
"chr14-0583",0.0747829033120884
"chr14-0584",0.0511236012040703
"chr14-0585",-0.0353775733547255
"chr14-0586",-0.0041398722632362
"chr14-0587",0.00872884503574624
"chr14-0588",0.0113664701368001
"chr14-0589",0.0278245663560081
"chr14-0590",0.0792139092415409
"chr14-0591",-0.00729057053975686
"chr14-0592",0.0609945819857925
"chr14-0593",-0.0744399550052683
"chr14-0594",0.00414200420571174
"chr14-0595",0.0119974211244739
"chr14-0596",0.0547050164643988
"chr14-0597",0.0100663116712307
"chr14-0598",0.000118004160018797
"chr14-0599",0.0448837331551863
"chr14-0600",0.024438762604505
"chr14-0601",-0.0474734183210177
"chr14-0602",0.0633422504136796
"chr14-0603",0.0779832589915492
"chr14-0604",0.0532249175595095
"chr14-0605",0.0149333501311016
"chr14-0606",0.0184332730951341
"chr14-0607",-0.0148208557967949
"chr14-0608",-0.0854387093568265
"chr14-0609",-0.057597306843533
"chr14-0610",0.0351248704278703
"chr14-0611",0.0750650476409523
"chr14-0612",0.0476259873680877
"chr14-0613",0.0302004560696109
"chr14-0614",-0.0715598654482412
"chr14-0615",0.0151499373310574
"chr14-0616",-0.0991543722260617
"chr14-0617",0.0287377320332743
"chr14-0618",0.100828062089538
"chr14-0619",-0.118001422703021
"chr14-0620",-0.0219722260801759
"chr14-0621",-0.119540674492536
"chr14-0622",-0.0716782386449997
"chr15-0001",-0.0695099134353902
"chr15-0002",-0.178225323665035
"chr15-0003",-0.14106949244015
"chr15-0004",-0.193324582864814
"chr15-0005",-0.483311382948826
"chr15-0006",-0.35822177605119
"chr15-0007",0.107228425369189
"chr15-0008",-0.0646452558980564
"chr15-0009",0.00785132807501438
"chr15-0010",0.0240582417936365
"chr15-0011",0.00951299394069753
"chr15-0012",0.0505408752007322
"chr15-0013",0.0111521362815507
"chr15-0014",-0.124627599419294
"chr15-0015",-0.0495659189958413
"chr15-0016",0.0207380438898463
"chr15-0017",-0.0372195118114995
"chr15-0018",0.0469509965486627
"chr15-0019",-0.0923438905330595
"chr15-0020",-0.0144034987055815
"chr15-0021",-0.0705804557814664
"chr15-0022",-0.0603681907596945
"chr15-0023",-0.201871010592148
"chr15-0024",-0.0830636351371251
"chr15-0025",-0.0770604828584181
"chr15-0026",-0.0470841542874827
"chr15-0027",-0.0382164433888544
"chr15-0028",-0.121688291398666
"chr15-0029",0.0342705624885725
"chr15-0030",-0.0475616042003371
"chr15-0031",-0.0620453675080539
"chr15-0032",-0.0682349232057242
"chr15-0033",-0.0513826560727714
"chr15-0034",-0.108327324443351
"chr15-0035",-0.18188197844453
"chr15-0036",-0.0586319000857259
"chr15-0037",-0.0501740892615223
"chr15-0038",-0.0300118127519117
"chr15-0039",-0.159931495512591
"chr15-0040",-0.0921624707523345
"chr15-0041",0.00767878434033431
"chr15-0042",0.0221852340706353
"chr15-0043",0.0560813343139805
"chr15-0044",0.107776588699557
"chr15-0045",0.0688019009129458
"chr15-0046",0.0414933938324104
"chr15-0047",0.0245790578011372
"chr15-0048",0.10665393516894
"chr15-0049",0.0244712655238148
"chr15-0050",-0.0271602818502065
"chr15-0051",-0.00847523669722213
"chr15-0052",-0.133917941890852
"chr15-0053",-0.0381771812602487
"chr15-0054",-0.0820085508076461
"chr15-0055",-0.0465812134897809
"chr15-0056",-0.0463357827899179
"chr15-0057",-0.00414240183850469
"chr15-0058",0.0456382805366648
"chr15-0059",0.00948598220364189
"chr15-0060",0.00343807067501212
"chr15-0061",0.0191803907478317
"chr15-0062",-0.0390053821076098
"chr15-0063",-0.0764558097869368
"chr15-0064",-0.0176579031528533
"chr15-0065",0.0528298272430681
"chr15-0066",-0.0203028161425814
"chr15-0067",-0.0663952738475722
"chr15-0068",-0.0992066383801967
"chr15-0069",-0.00409003940856791
"chr15-0070",0.0531750268665186
"chr15-0071",-0.0332397099796006
"chr15-0072",-0.0603296015285878
"chr15-0073",-0.0601890326297623
"chr15-0074",-0.218627342611882
"chr15-0075",0.0497017927068982
"chr15-0076",-0.0414782041697157
"chr15-0077",-0.0882880952198092
"chr15-0078",-0.0350445958719324
"chr15-0079",-0.0427711215265885
"chr15-0080",-0.131095690686147
"chr15-0081",-0.0849639639625658
"chr15-0082",-0.125986773776671
"chr15-0083",-0.0731883946927859
"chr15-0084",-0.101485296459921
"chr15-0085",0.0115455695827578
"chr15-0086",-0.0392181662969514
"chr15-0087",-0.115341624874372
"chr15-0088",-0.013438325519363
"chr15-0089",0.155716408001248
"chr15-0090",-0.0803722271057533
"chr15-0091",0.0477531297266441
"chr15-0092",-0.08633128290702
"chr15-0093",-0.0556961124984279
"chr15-0094",-0.0471835864718039
"chr15-0095",-0.0585204718625021
"chr15-0096",-0.0730066224124967
"chr15-0097",0.00876495997400287
"chr15-0098",-0.0621943656738577
"chr15-0099",0.024627444743144
"chr15-0100",0.0290154947618698
"chr15-0101",0.0716742870651137
"chr15-0102",-0.149937049673341
"chr15-0103",-0.0619578579831749
"chr15-0104",-0.0980223969548029
"chr15-0105",-0.025663082855404
"chr15-0106",-0.0139458501862491
"chr15-0107",-0.136917485185937
"chr15-0108",-0.0326088392410651
"chr15-0109",-0.0390038443574718
"chr15-0110",0.0622358400902993
"chr15-0111",-0.0510064411914511
"chr15-0112",-0.118757480124835
"chr15-0113",0.0222034658477702
"chr15-0114",-0.0548264711274931
"chr15-0115",-0.0471349898469069
"chr15-0116",-0.0375802952983095
"chr15-0117",0.00895985468446207
"chr15-0118",0.00812059109231472
"chr15-0119",-0.0608388380219971
"chr15-0120",-0.0484063558464597
"chr15-0121",-0.0248366252733891
"chr15-0122",0.00885589348818382
"chr15-0123",-0.158197785835751
"chr15-0124",-0.0330929827575896
"chr15-0125",0.0394514545972907
"chr15-0126",-0.0379945528193688
"chr15-0127",0.028474489395281
"chr15-0128",-0.0694508538944628
"chr15-0129",-0.000300700075193624
"chr15-0130",-0.191083582241214
"chr15-0131",-0.0410809472348375
"chr15-0132",-0.0486244256746531
"chr15-0133",0.0454601428388592
"chr15-0134",0.0306782589459231
"chr15-0135",-0.0685910793774744
"chr15-0136",0.000490734750801518
"chr15-0137",-0.124012540865482
"chr15-0138",-0.158500187534656
"chr15-0139",0.0323954574024387
"chr15-0140",-0.0635537715008069
"chr15-0141",-0.0607671297059586
"chr15-0142",0.0131825273099153
"chr15-0143",-0.212854385916081
"chr15-0144",0.0508600325624828
"chr15-0145",-0.0198787519866472
"chr15-0146",-0.0942942004797224
"chr15-0147",-0.0938669993984653
"chr15-0148",-0.0155826031619482
"chr15-0149",-0.0430679653358949
"chr15-0150",-0.174359475337509
"chr15-0151",0.0137926062413336
"chr15-0152",0.0489053982154094
"chr15-0153",-0.0891394248316675
"chr15-0154",-0.0644177265241762
"chr15-0155",0.0163652046263637
"chr15-0156",-0.0639236009802923
"chr15-0157",-0.203758356747478
"chr15-0158",-0.00792728239810122
"chr15-0159",-0.0818305997293413
"chr15-0160",-0.0844541723100125
"chr15-0161",0.000342041014980536
"chr15-0162",0.0335034303870621
"chr15-0163",-0.0725888988816571
"chr15-0164",0.0123385991789154
"chr15-0165",-0.044667709326163
"chr15-0166",-0.0645473496454304
"chr15-0167",-0.048410138114382
"chr15-0168",-0.0498628238544494
"chr15-0169",-0.0140518818194638
"chr15-0170",0.0372642618273596
"chr15-0171",-0.0536695881875082
"chr15-0172",-0.0818444428094483
"chr15-0173",-0.073684219776639
"chr15-0174",-0.0267860338508907
"chr15-0175",-0.0565088405094708
"chr15-0176",0.0632038668368224
"chr15-0177",-0.100766960785806
"chr15-0178",-0.0484744413019296
"chr15-0179",-0.158887808857245
"chr15-0180",-0.0567224983441403
"chr15-0181",-0.0633836767324096
"chr15-0182",-0.0727828082069701
"chr15-0183",-0.0109284674721719
"chr15-0184",-0.0452501932307688
"chr15-0185",-0.130700324373102
"chr15-0186",-0.0147203266586191
"chr15-0187",-0.120445611269707
"chr15-0188",-0.0704527320376264
"chr15-0189",0.0141978641505935
"chr15-0190",-0.00794654157252772
"chr15-0191",-0.0278721210218071
"chr15-0192",-0.0376683398177996
"chr15-0193",-0.116532563115124
"chr15-0194",-0.004120773493222
"chr15-0195",-0.0635819877594292
"chr15-0196",-0.143595710116466
"chr15-0197",-0.0760897835401375
"chr15-0198",-0.0397077436023643
"chr15-0199",-0.124799347559829
"chr15-0200",-0.0748677744107818
"chr15-0201",-0.121335556662947
"chr15-0202",-0.14066486773742
"chr15-0203",-0.120101196353854
"chr15-0204",0.0356559645926952
"chr15-0205",-0.0384588767156476
"chr15-0206",-0.210260977305757
"chr15-0207",-0.0246175006087124
"chr15-0208",-0.0876659185727551
"chr15-0209",-0.111617476467386
"chr15-0210",-0.0461855999447616
"chr15-0211",-0.06633890690177
"chr15-0212",0.017641474903934
"chr15-0213",-0.0228682021457344
"chr15-0214",-0.0477923979567974
"chr15-0215",-0.0893036936689569
"chr15-0216",-0.07494174309618
"chr15-0217",-0.113296465922069
"chr15-0218",-0.121037147515642
"chr15-0219",-0.124832336052287
"chr15-0220",-0.0706868277931404
"chr15-0221",-0.0569951567504041
"chr15-0222",0.00648890560573369
"chr15-0223",0.00472450628765888
"chr15-0224",-0.00646285491504226
"chr15-0225",0.00811865322803796
"chr15-0226",-0.0818919906935353
"chr15-0227",-0.0444278011225761
"chr15-0228",-0.0579172095560915
"chr15-0229",-0.0974950830080476
"chr15-0230",-0.0451242772429791
"chr15-0231",-0.0991475388498057
"chr15-0232",-0.0138448628977418
"chr15-0233",0.0207883619860646
"chr15-0234",-0.103763456639383
"chr15-0235",-0.0456395715819368
"chr15-0236",-0.0291707619937748
"chr15-0237",-0.106640079971383
"chr15-0238",-0.0458684012092074
"chr15-0239",-0.0739044455409771
"chr15-0240",0.0494959674301839
"chr15-0241",-0.034920701075177
"chr15-0242",0.00892449755191628
"chr15-0243",-0.172915637576791
"chr15-0244",-0.174860875969979
"chr15-0245",-0.0471963799679297
"chr15-0246",-0.0290971898044874
"chr15-0247",-0.0971277487692767
"chr15-0248",-0.0422184525597489
"chr15-0249",0.130233520710177
"chr15-0250",-0.0678112439517255
"chr15-0251",0.0401574626857837
"chr15-0252",-0.0773673970511395
"chr15-0253",-0.101670605190883
"chr15-0254",-0.0424376205327185
"chr15-0255",-0.000816854062561214
"chr15-0256",-0.0872163218062074
"chr15-0257",-0.0431390971394677
"chr15-0258",0.0314564870495252
"chr15-0259",-0.0514521195430491
"chr15-0260",0.0284191403203273
"chr15-0261",-0.00461749314214266
"chr15-0262",-0.126972153915209
"chr15-0263",-0.0605584598979038
"chr15-0264",0.055437411235801
"chr15-0265",-0.0442998029678437
"chr15-0266",-0.0344330977921262
"chr15-0267",0.0812165723441346
"chr15-0268",0.0764237512636946
"chr15-0269",0.0243326577133658
"chr15-0270",0.00509371172448662
"chr15-0271",0.0301013624576654
"chr15-0272",-0.131020132419179
"chr15-0273",-0.030225577751486
"chr15-0274",-0.0325164996958821
"chr15-0275",-0.0801425058319521
"chr15-0276",-0.0166381338041511
"chr15-0277",0.00956679509150854
"chr15-0278",0.00797532346439325
"chr15-0279",-0.062973633309241
"chr15-0280",0.0276168126322328
"chr15-0281",0.000943632693734347
"chr15-0282",-0.093848083187522
"chr15-0283",0.0420603442413752
"chr15-0284",-0.0399298707341255
"chr15-0285",-0.0735435071408981
"chr15-0286",0.021818188527423
"chr15-0287",0.0468524323112558
"chr15-0288",-0.039193040691073
"chr15-0289",-0.16258452787275
"chr15-0290",-0.0684850778493811
"chr15-0291",-0.0185585366235736
"chr15-0292",-0.114228427664693
"chr15-0293",0.0274044469129665
"chr15-0294",-0.0880666129426737
"chr15-0295",-0.145308230078384
"chr15-0296",-0.0906755882654004
"chr15-0297",0.037913681541317
"chr15-0298",0.0315944352489572
"chr15-0299",-0.109362046345918
"chr15-0300",0.0167688636528272
"chr15-0301",-0.106994323561986
"chr15-0302",-0.0598994031928917
"chr15-0303",0.0506151820757494
"chr15-0304",0.0353188353576194
"chr15-0305",-0.00839467393592261
"chr15-0306",-0.03403864715631
"chr15-0307",0.0565239580086828
"chr15-0308",-0.0371663621446609
"chr15-0309",0.0121154201427698
"chr15-0310",-0.0491082478473094
"chr15-0311",-0.120967856061528
"chr15-0312",-0.135119621305811
"chr15-0313",-0.0438542825414602
"chr15-0314",0.030792834291417
"chr15-0315",-0.0462526739616616
"chr15-0316",-0.0299842684968855
"chr15-0317",0.0613586555825379
"chr15-0318",-0.040309980884089
"chr15-0319",-0.0609595558966425
"chr15-0320",0.0179364333927672
"chr15-0321",-0.0829611542523154
"chr15-0322",0.0199996945768639
"chr15-0323",-0.0339777825148882
"chr15-0324",-0.14302210644805
"chr15-0325",-0.0351452512731167
"chr15-0326",-0.0693749025150977
"chr15-0327",-0.0867771333145415
"chr15-0328",-0.169279929166011
"chr15-0329",-0.0295344000497793
"chr15-0330",-0.0543211861018673
"chr15-0331",-0.0627764849281441
"chr15-0332",-0.059074586207966
"chr15-0333",-0.0585501321263937
"chr15-0334",-0.0650334423752157
"chr15-0335",-0.198067652903858
"chr15-0336",0.00164267578129601
"chr15-0337",-0.0827594399237254
"chr15-0338",-0.0613833713538733
"chr15-0339",-0.00958666491565147
"chr15-0340",-0.00168259490082596
"chr15-0341",-0.0591962505449523
"chr15-0342",-0.0400096579601344
"chr15-0343",-0.00692851781954811
"chr15-0344",-0.00281490745505076
"chr15-0345",-0.0895587078367076
"chr15-0346",-0.00346168316712597
"chr15-0347",-0.0282495864838279
"chr15-0348",-0.0948989391685072
"chr15-0349",-0.0210518245286793
"chr15-0350",-0.122971540359557
"chr15-0351",-0.0203406810599702
"chr15-0352",-0.0487195650506574
"chr15-0353",-0.0204344632090213
"chr15-0354",-0.23610484434373
"chr15-0355",-0.00841418615137996
"chr15-0356",0.00537993630749076
"chr15-0357",-0.0423555242860041
"chr15-0358",0.0396037147526339
"chr15-0359",0.0214018265984225
"chr15-0360",-0.0070202920065025
"chr15-0361",-0.0192540421433698
"chr15-0362",-0.00972749944260145
"chr15-0363",0.0101623343431703
"chr15-0364",0.0319951490942158
"chr15-0365",0.000788985868863522
"chr15-0366",-0.0441424366366497
"chr15-0367",-0.0873338940524268
"chr15-0368",-0.0484409711746093
"chr15-0369",-0.0335215343490477
"chr15-0370",0.00832096947459717
"chr15-0371",-0.0170913065721102
"chr15-0372",-0.0604061716954029
"chr15-0373",-0.00770858617147926
"chr15-0374",0.0569285558373373
"chr15-0375",-0.0591457813761486
"chr15-0376",-0.0491510874721054
"chr15-0377",-0.0807560077334585
"chr15-0378",0.0299708984891899
"chr15-0379",-0.0249340720812624
"chr15-0380",-0.0293941955920746
"chr15-0381",-0.0394963617266377
"chr15-0382",-0.0630681638950839
"chr15-0383",-0.0131069270100225
"chr15-0384",-0.026435128844574
"chr15-0385",0.0523422453950593
"chr15-0386",-0.0705817092305776
"chr15-0387",-0.01191891821524
"chr15-0388",0.00592376195729358
"chr15-0389",-0.00999613110082293
"chr15-0390",-0.0596269096551631
"chr15-0391",-0.0457304848052939
"chr15-0392",0.00475592010138744
"chr15-0393",0.0625888084430047
"chr15-0394",-0.0408411296433769
"chr15-0395",-0.0158885336238875
"chr15-0396",0.0193974063326856
"chr15-0397",-0.00586687759164006
"chr15-0398",-0.0427594934944972
"chr15-0399",-0.0904771679429016
"chr15-0400",-0.0252168694663667
"chr15-0401",-0.132640651367935
"chr15-0402",-0.108586270708571
"chr15-0403",-0.0780908126106093
"chr15-0404",-0.0743027714681283
"chr15-0405",-0.0871351554174065
"chr15-0406",-0.00791061752122161
"chr15-0407",-0.0767636169682119
"chr15-0408",-0.0701913600781101
"chr15-0409",-0.0786347983847374
"chr15-0410",-0.0914897006161706
"chr15-0411",0.0418082713690658
"chr15-0412",-0.0743528067004412
"chr15-0413",-0.0700386565123434
"chr15-0414",0.0133461758397055
"chr15-0415",0.00711968654059378
"chr15-0416",0.00862870517476101
"chr15-0417",0.0905714926609978
"chr15-0418",0.0205463172791846
"chr15-0419",-0.0499764608439763
"chr15-0420",-0.0145221119030839
"chr15-0421",-0.0817792083396757
"chr15-0422",-0.0606962528594832
"chr15-0423",-0.0195678505389202
"chr15-0424",0.0228184386089421
"chr15-0425",-0.0624494935938743
"chr15-0426",0.0136935070093065
"chr15-0427",-0.0911608413247953
"chr15-0428",-0.0746357511303754
"chr15-0429",0.0548159773022338
"chr15-0430",-0.0119911173169805
"chr15-0431",-0.00713266934019504
"chr15-0432",-0.0310586254404411
"chr15-0433",0.0225676305177393
"chr15-0434",-0.0649705924547463
"chr15-0435",0.010787617660165
"chr15-0436",0.00869232758927536
"chr15-0437",0.0188759102269662
"chr15-0438",-0.120100602484781
"chr15-0439",-0.0572949821741089
"chr15-0440",-0.137003107782065
"chr15-0441",-0.0439560163158034
"chr15-0442",-0.00395213890506026
"chr15-0443",-0.15970391792054
"chr15-0444",-0.0597661145644447
"chr15-0445",-0.0125604213093871
"chr15-0446",-0.00515010526613111
"chr15-0447",-0.0793867047553269
"chr15-0448",-0.154931662788021
"chr15-0449",-0.0982219309978106
"chr15-0450",-0.0151390321969528
"chr15-0451",-0.0476960619509618
"chr15-0452",-0.0598842526674215
"chr15-0453",-0.0108997002968929
"chr15-0454",-0.0647610212221358
"chr15-0455",-0.0125251783360172
"chr15-0456",0.0638261079439379
"chr15-0457",0.00325236369018958
"chr15-0458",-0.0304015207647648
"chr15-0459",-0.0848174832507691
"chr15-0460",-0.0496973254285932
"chr15-0461",-0.130137760783058
"chr15-0462",-0.0597106234578313
"chr15-0463",0.00404290794365998
"chr15-0464",-0.0300064333575025
"chr15-0465",-0.107617343906175
"chr15-0466",0.0251421285021447
"chr15-0467",-0.0465102357111718
"chr15-0468",-0.0165881706287196
"chr15-0469",-0.0440198127544199
"chr15-0470",-0.0819924975715051
"chr15-0471",-0.163350666690185
"chr15-0472",-0.029551495300773
"chr15-0473",-0.0364752353728316
"chr15-0474",-0.0285514240417104
"chr15-0475",0.0221990450447056
"chr15-0476",-0.193640162343272
"chr15-0477",0.0675270687215184
"chr15-0478",-0.122003337459452
"chr15-0479",-0.0666154608112669
"chr15-0480",-0.101680681847558
"chr15-0481",-0.0970649711408195
"chr15-0482",-0.0101718839523053
"chr15-0483",-0.0545804864901263
"chr15-0484",-0.0681338205928417
"chr15-0485",-0.108271535661433
"chr15-0486",-0.0123754266085653
"chr15-0487",0.0510776021682787
"chr15-0488",-0.0754328836949193
"chr15-0489",-0.0353482775849813
"chr15-0490",-0.0435037625793949
"chr15-0491",0.0130511086933747
"chr15-0492",-0.0500848385298554
"chr15-0493",0.0449981148070108
"chr15-0494",-0.0509203733705008
"chr15-0495",-0.0459091945721935
"chr15-0496",-0.0829892897548506
"chr15-0497",-0.0505550569275893
"chr15-0498",-0.140586884291422
"chr15-0499",-0.0743709728263476
"chr15-0500",-0.131481968286177
"chr15-0501",-0.0827875028769249
"chr15-0502",-0.135073977875547
"chr15-0503",-0.0500326590461061
"chr15-0504",-0.0221412124171307
"chr15-0505",-0.0227836377933506
"chr15-0506",-0.0736260253836803
"chr15-0507",-0.101758073894502
"chr15-0508",-0.0186492867156614
"chr15-0509",-0.041969155574006
"chr15-0510",-0.0465361733002129
"chr15-0511",0.0410013314860093
"chr15-0512",0.00379442104076117
"chr15-0513",-0.1236168563076
"chr15-0514",-0.0432028903020939
"chr15-0515",0.0627531860485426
"chr15-0516",-0.0397684420088462
"chr15-0517",-0.117898349478226
"chr15-0518",-0.0285959637367168
"chr15-0519",-0.0114109320774221
"chr15-0520",-0.0149452049398146
"chr15-0521",-0.0693559893910514
"chr15-0522",-0.00512343780581547
"chr15-0523",0.194786187931873
"chr15-0524",-0.00642217830946258
"chr15-0525",-0.0801981413203041
"chr15-0526",0.0226713538089884
"chr15-0527",-0.0384755378603226
"chr15-0528",-0.0123543884511459
"chr15-0529",-0.0605694271693612
"chr15-0530",-0.209823886234515
"chr15-0531",-0.0418276373934929
"chr15-0532",-0.0282422194169596
"chr15-0533",-0.103990813886088
"chr15-0534",-0.12399072458592
"chr15-0535",0.0228662285502667
"chr15-0536",-0.0640409863680761
"chr15-0537",-0.131087547507907
"chr15-0538",-0.0345235782922291
"chr15-0539",-0.0503457039735387
"chr15-0540",-0.138124290928669
"chr15-0541",-0.102106128399338
"chr15-0542",0.0032427159576044
"chr15-0543",-0.0488368931858206
"chr15-0544",-0.073293356134639
"chr15-0545",0.0347775107400957
"chr15-0546",-0.0590048422392993
"chr15-0547",-0.000739134518208177
"chr15-0548",-0.0661933347884802
"chr15-0549",-0.141729371118866
"chr15-0550",-0.0919448164607997
"chr15-0551",-0.0795929084012623
"chr15-0552",0.00655852547353264
"chr15-0553",-0.0209655813948141
"chr15-0554",0.0764226884941288
"chr15-0555",-0.0671056953639638
"chr15-0556",0.0412116892428696
"chr15-0557",0.019496857460537
"chr15-0558",-0.0186658486263881
"chr15-0559",-0.115816202666804
"chr15-0560",-0.0541462670097751
"chr15-0561",0.0472605289904051
"chr15-0562",-0.00468541500926027
"chr15-0563",0.00388291009401367
"chr15-0564",-0.0690873485960714
"chr15-0565",-0.186873811924856
"chr15-0566",0.0593104579802804
"chr15-0567",0.0476045714973455
"chr15-0568",0.034784835753962
"chr15-0569",0.00458277339841756
"chr15-0570",-0.0323771773339214
"chr15-0571",-0.0309314352930335
"chr15-0572",-0.0915382406630156
"chr15-0573",-0.00874715047158342
"chr15-0574",-0.0677229968437256
"chr15-0575",0.0478221416673855
"chr15-0576",-0.124233294829714
"chr15-0577",-0.0168553899637873
"chr15-0578",-0.0447955470283146
"chr15-0579",-0.0747831939456541
"chr15-0580",-0.101385282510472
"chr15-0581",-0.0388639047852094
"chr15-0582",-0.0487105983761
"chr15-0583",-0.0647192286763439
"chr15-0584",0.00558019293500278
"chr15-0585",0.0536946638491817
"chr15-0586",-0.0441977557241525
"chr15-0587",-0.0461711894643347
"chr15-0588",-0.0565247226180629
"chr15-0589",-0.158963122954602
"chr15-0590",0.0176175160493254
"chr15-0591",-0.105114759762695
"chr15-0592",-0.141057475220153
"chr15-0593",0.00403763052708763
"chr15-0594",-0.0402503062948462
"chr15-0595",-0.146566833070004
"chr15-0596",0.0127408834702228
"chr15-0597",0.0439917057544619
"chr15-0598",0.0102319175240147
"chr15-0599",-0.0696893618312357
"chr15-0600",-0.00314905124022804
"chr15-0601",0.00845320262919652
"chr15-0602",0.0071311217459798
"chr15-0603",0.0248518587353516
"chr15-0604",-0.10463680399073
"chr15-0605",-0.124181799546252
"chr15-0606",0.00471660574479619
"chr15-0607",-0.0374229245917161
"chr15-0608",-0.0943558286454704
"chr15-0609",-0.0976319938679401
"chr15-0610",-0.0646174266091634
"chr15-0611",-0.0289555642546386
"chr15-0612",-0.034394242241677
"chr15-0613",-0.034651861980065
"chr15-0614",-0.113966614816477
"chr15-0615",-0.0557957220281248
"chr15-0616",-0.0414376313871524
"chr15-0617",0.10734798671622
"chr15-0618",0.0450108459360302
"chr15-0619",0.030014014499539
"chr15-0620",0.0945336471352575
"chr15-0621",-0.118988223620015
"chr15-0622",0.00401286565351176
"chr15-0623",-0.00906926667907534
"chr15-0624",0.0515643992292751
"chr15-0625",0.0703616317863174
"chr15-0626",-0.0215436809639516
"chr15-0627",-0.120515527477813
"chr15-0628",0.0839523490297175
"chr15-0629",-0.0820305778023359
"chr15-0630",-0.0528333314453762
"chr15-0631",-0.0391395387143514
"chr15-0632",0.0627167424763973
"chr15-0633",0.023198521695263
"chr15-0634",-0.0478220207351272
"chr15-0635",-0.0362401784895943
"chr15-0636",0.0207821847802997
"chr15-0637",0.174709942687608
"chr15-0638",0.00858486783913797
"chr15-0639",0.0406744881503681
"chr15-0640",0.0247432855547094
"chr15-0641",0.00790585632871486
"chr15-0642",-0.0682450617682801
"chr15-0643",0.0736302695696067
"chr15-0644",0.0288456442047195
"chr15-0645",0.0812547588827463
"chr15-0646",-0.103391199219408
"chr15-0647",-0.00510673595032525
"chr15-0648",-0.00974019708961863
"chr15-0649",-0.00879831460290645
"chr15-0650",0.0326640603890339
"chr15-0651",-0.0249141807563364
"chr15-0652",-0.0161380468759973
"chr15-0653",0.0547359512965108
"chr16-0001",0.0194828170884214
"chr16-0002",0.03751617997629
"chr16-0003",-0.037701317584177
"chr16-0004",-0.000380379891849996
"chr16-0005",0.0768286276173149
"chr16-0006",0.0656593618326797
"chr16-0007",0.0465883326467449
"chr16-0008",-0.0186017893715199
"chr16-0009",0.0220272471241238
"chr16-0010",-0.00746197860990143
"chr16-0011",0.033012564311995
"chr16-0012",0.0323818652487116
"chr16-0013",0.0273991329761386
"chr16-0014",0.0256819291744622
"chr16-0015",-0.00944037837882639
"chr16-0016",0.0442703382236504
"chr16-0017",-0.00720405468797424
"chr16-0018",0.0373653985782661
"chr16-0019",0.017079173053766
"chr16-0020",0.0386847367537587
"chr16-0021",0.0326542704705768
"chr16-0022",-0.0150755336017897
"chr16-0023",0.0288653091733115
"chr16-0024",0.051043500056391
"chr16-0025",0.00934339944999729
"chr16-0026",0.00248495653603456
"chr16-0027",-0.0102324335634547
"chr16-0028",0.0805404765889382
"chr16-0029",0.00257101459121602
"chr16-0030",0.00908093746324419
"chr16-0031",-0.0196067983111526
"chr16-0032",-0.0118882671235195
"chr16-0033",0.0400678547977135
"chr16-0034",0.00445233650398865
"chr16-0035",0.0309492967569202
"chr16-0036",0.036871661715544
"chr16-0037",0.012982187988984
"chr16-0038",-0.0161301739023858
"chr16-0039",-0.00819146314491524
"chr16-0040",-0.0041404053955422
"chr16-0041",-0.0704650399168798
"chr16-0042",0.0137897225864791
"chr16-0043",-0.0220723816904719
"chr16-0044",-0.0451088191517524
"chr16-0045",-0.062285710855904
"chr16-0046",-0.000770242887007311
"chr16-0047",0.0250890515985434
"chr16-0048",0.0150722637814067
"chr16-0049",0.0431199134842324
"chr16-0050",0.0511928934572208
"chr16-0051",0.0833371392114569
"chr16-0052",0.0306515307880909
"chr16-0053",-0.0350117107661769
"chr16-0054",0.0463681663885753
"chr16-0055",0.0317050373927182
"chr16-0056",-0.10382351728218
"chr16-0057",-0.00771318614829057
"chr16-0058",0.0496750716212329
"chr16-0059",0.0449452635569967
"chr16-0060",-0.0716221971851313
"chr16-0061",0.0454916447823309
"chr16-0062",0.00787305516629533
"chr16-0063",0.106695526252209
"chr16-0064",-0.0702537293798395
"chr16-0065",0.0139347152965226
"chr16-0066",0.054597226422325
"chr16-0067",0.0454935698182818
"chr16-0068",-0.0317959496497329
"chr16-0069",-0.102502701218347
"chr16-0070",-0.162670597685723
"chr16-0071",-0.112208323566793
"chr16-0072",-0.0598942328397111
"chr16-0073",-0.133444922500285
"chr16-0074",-0.0879596280073598
"chr16-0075",-0.00850730973606579
"chr16-0076",-0.0722504190632826
"chr16-0077",-0.0444039205529683
"chr16-0078",-0.0843171397026383
"chr16-0079",-0.0195798453262115
"chr16-0080",-0.0740112119037507
"chr16-0081",-0.0138918674833062
"chr16-0082",0.0777081674495715
"chr16-0083",-0.0818615016244224
"chr16-0084",-0.0477661417056456
"chr16-0085",-0.0580944562666318
"chr16-0086",-0.0815079131274462
"chr16-0087",-0.077841753343945
"chr16-0088",-0.0429291489162452
"chr16-0089",-0.207014239756836
"chr16-0090",-0.0557543517865588
"chr16-0091",0.0473657209410809
"chr16-0092",-0.0841504026207798
"chr16-0093",-0.0946402156360776
"chr16-0094",0.00620589509990426
"chr16-0095",-0.0417207220037264
"chr16-0096",-0.0790430824511523
"chr16-0097",-0.0460662595247686
"chr16-0098",0.0887405382710861
"chr16-0099",-0.0865032368286445
"chr16-0100",-0.0103013418217126
"chr16-0101",-0.0127328623662146
"chr16-0102",-0.0329662986203645
"chr16-0103",-0.0594868792550807
"chr16-0104",-0.0129273971582001
"chr16-0105",0.0239378868232277
"chr16-0106",-0.00366934935051397
"chr16-0107",-0.0572126640729236
"chr16-0108",-0.0864829542864886
"chr16-0109",0.00990347601957308
"chr16-0110",0.00213077621337179
"chr16-0111",0.0496907001736368
"chr16-0112",0.0140170671862955
"chr16-0113",0.0265108646827311
"chr16-0114",-0.0461251050834823
"chr16-0115",-0.0313153734312769
"chr16-0116",-0.118562924747985
"chr16-0117",-0.0378094961971841
"chr16-0118",-0.0296597807963176
"chr16-0119",0.00153024774758077
"chr16-0120",-0.0716699791972773
"chr16-0121",0.0266215251213138
"chr16-0122",-0.109516501006678
"chr16-0123",0.00139052384754323
"chr16-0124",-0.0619850419763076
"chr16-0125",0.0372494606191944
"chr16-0126",-0.0469100676422586
"chr16-0127",0.0245246714604979
"chr16-0128",0.0883110899258889
"chr16-0129",-0.0306959640712016
"chr16-0130",-0.021492960719477
"chr16-0131",-0.00617836545525104
"chr16-0132",-0.0603316827568623
"chr16-0133",0.0837228065117018
"chr16-0134",-0.103986973927169
"chr16-0135",-0.0939738225229084
"chr16-0136",-0.0169106191381702
"chr16-0137",0.00562728674899005
"chr16-0138",0.00340378884354756
"chr16-0139",0.0270531069285847
"chr16-0140",-0.143462947205846
"chr16-0141",-0.0267420484334548
"chr16-0142",0.011436198209727
"chr16-0143",0.0576743976127159
"chr16-0144",-0.0632420715257452
"chr16-0145",0.0710831887259984
"chr16-0146",0.0414296639799616
"chr16-0147",0.00407770490376206
"chr16-0148",0.146986084307659
"chr16-0149",0.0539969113349554
"chr16-0150",-0.00368767173851462
"chr16-0151",-0.139181539455003
"chr16-0152",-0.106849312800913
"chr16-0153",-0.0566804094637415
"chr16-0154",-0.0537565546027602
"chr16-0155",-0.12356729664637
"chr16-0156",-0.041846515699632
"chr16-0157",-0.0807554063838793
"chr16-0158",0.000234883734220783
"chr16-0159",-0.0597762710669724
"chr16-0160",-0.0933235445244686
"chr16-0161",-0.099040330712397
"chr16-0162",0.103430617489323
"chr16-0163",0.0210542124078658
"chr16-0164",-0.0044985504166061
"chr16-0165",-0.0118846328777117
"chr16-0166",-0.0629012100953136
"chr16-0167",-0.0748728953480927
"chr16-0168",-0.125697833059073
"chr16-0169",-0.0135308555028017
"chr16-0170",-0.0716097291647321
"chr16-0171",0.0254354299942189
"chr16-0172",-0.0804545397648281
"chr16-0173",0.0597326935816579
"chr16-0174",-0.0307227446210468
"chr16-0175",-0.0204106197924837
"chr16-0176",-0.0729450569099036
"chr16-0177",-0.0312779235747584
"chr16-0178",0.0511894559691027
"chr16-0179",-0.0974072579274088
"chr16-0180",-0.16982440680212
"chr16-0181",-0.0437875247086521
"chr16-0182",-0.182535653480317
"chr16-0183",-0.101652927909837
"chr16-0184",0.0327986001718814
"chr16-0185",-0.101039049775797
"chr16-0186",-0.0969096084899819
"chr16-0187",-0.0256260383544416
"chr16-0188",-0.0203514461995996
"chr16-0189",-0.157767160512601
"chr16-0190",-0.0826309821847734
"chr16-0191",-0.137155582438586
"chr16-0192",0.0216209734189535
"chr16-0193",-0.0956491849724751
"chr16-0194",-0.0633661753493776
"chr16-0195",-0.0643086336183387
"chr16-0196",0.000228369046973325
"chr16-0197",0.00586114404580827
"chr16-0198",-0.140418535117294
"chr16-0199",-0.106509339841289
"chr16-0200",-0.0497540947550701
"chr16-0201",-0.0843662314411115
"chr16-0202",-0.159698284942106
"chr16-0203",-0.177827446242251
"chr16-0204",-0.0508781838802753
"chr16-0205",-0.0755570804367755
"chr16-0206",-0.113019219010733
"chr16-0207",-0.0799723098054196
"chr16-0208",-0.0972982855336631
"chr16-0209",-0.129575239589612
"chr16-0210",0.0325639748047458
"chr16-0211",-0.109492728668937
"chr16-0212",0.100671143903631
"chr16-0213",-0.039362159826751
"chr16-0214",-0.105435025327874
"chr16-0215",0.015233284732067
"chr16-0216",-0.0671732018730057
"chr16-0217",-0.107963100707786
"chr16-0218",-0.0386703600640486
"chr16-0219",-0.202522723580661
"chr16-0220",-0.0445211421552212
"chr16-0221",-0.0699353611993908
"chr16-0222",0.1032968653751
"chr16-0223",0.048302149176189
"chr16-0224",0.0308711725767707
"chr16-0225",0.0829986384604212
"chr16-0226",-0.0877836099849606
"chr16-0227",-0.00174900920761002
"chr16-0228",0.057687187089171
"chr16-0229",0.0765906987572308
"chr16-0230",-0.119937462535614
"chr16-0231",-0.116550631473656
"chr16-0232",-0.0198094681712764
"chr16-0233",0.038295023415732
"chr16-0234",-0.0999072685511903
"chr16-0235",-0.0304037963957871
"chr16-0236",-0.00370505565941927
"chr16-0237",-0.0265773783772225
"chr16-0238",0.00977536489042088
"chr16-0239",-0.0023779660667546
"chr16-0240",0.0298876882948796
"chr16-0241",6.57754257071514e-05
"chr16-0242",0.138080888044259
"chr16-0243",0.109924226097627
"chr16-0244",0.148708795098741
"chr16-0245",0.0347559895556709
"chr16-0246",0.0110864721328581
"chr16-0247",-0.0530845321631032
"chr16-0248",0.0407296665388619
"chr16-0249",0.0664443634009997
"chr16-0250",-0.0862021647029952
"chr16-0251",0.0183661828893208
"chr16-0252",0.0165910265022199
"chr16-0253",0.0186865577763795
"chr16-0254",-0.0085468389851802
"chr16-0255",-0.0861411447818397
"chr16-0256",0.000136079243257503
"chr16-0257",-0.03665269930866
"chr16-0258",-0.0195755437779429
"chr16-0259",-0.00452447386193337
"chr16-0260",-0.0420050153579722
"chr16-0261",-0.0132124732802115
"chr16-0262",-0.00223435966381055
"chr16-0263",0.0178736461353315
"chr16-0264",-0.0212349991569694
"chr16-0265",0.00203648416845245
"chr16-0266",-0.0354081070296552
"chr16-0267",0.0726090934608122
"chr16-0268",-0.0431356273727237
"chr16-0269",0.0143809318906961
"chr16-0270",-0.00550238576603501
"chr16-0271",-0.0327627867979918
"chr16-0272",-0.0772193420498872
"chr16-0273",-0.00342117314689306
"chr16-0274",-0.192442945100729
"chr16-0275",-0.193946786265839
"chr16-0276",-0.100780284358698
"chr16-0277",-0.396822011033956
"chr16-0278",-0.16285009709748
"chr16-0279",-0.0560098171782612
"chr16-0280",-0.0867684774514708
"chr16-0281",-0.0706769467212859
"chr16-0282",-0.0515240698408704
"chr16-0283",-0.323464967111549
"chr16-0284",-0.133376620080839
"chr16-0285",0.122125384752278
"chr16-0286",0.154761109151692
"chr16-0287",-0.0495696827487009
"chr16-0288",-0.0196061464698988
"chr16-0289",-0.0577205476071207
"chr16-0290",-0.148878880084145
"chr16-0291",-0.134213159425455
"chr16-0292",0.0035782391448255
"chr16-0293",0.00104156440213743
"chr16-0294",-0.117877038934892
"chr16-0295",-0.155004814923717
"chr16-0296",-0.0989038141376349
"chr16-0297",-0.0454203896575481
"chr16-0298",-0.142017437795663
"chr16-0299",0.000172180353212138
"chr16-0300",-0.112943712937741
"chr16-0301",-0.0371845124068793
"chr16-0302",-0.120394756863486
"chr16-0303",-0.0766284791156944
"chr16-0304",0.0187588727912646
"chr16-0305",0.0292794063828001
"chr16-0306",-0.0905525563353409
"chr16-0307",-0.0993897542850671
"chr16-0308",-0.0161075057783963
"chr16-0309",-0.145705701033256
"chr16-0310",-0.011448846107867
"chr16-0311",-0.119422933879568
"chr16-0312",0.0145912313613204
"chr16-0313",-0.0615937019000727
"chr16-0314",-0.0482956832069686
"chr16-0315",0.0301090065213033
"chr16-0316",-0.149910959708011
"chr16-0317",-0.0501509252832422
"chr16-0318",0.0276945347689439
"chr16-0319",0.00340500774022492
"chr16-0320",0.104715416836547
"chr16-0321",-0.0339879219842113
"chr16-0322",-0.176382463345096
"chr16-0323",-0.114147174891761
"chr16-0324",0.119790744374868
"chr16-0325",0.0102990025115469
"chr16-0326",-0.0776535382350437
"chr16-0327",-0.0752775070865432
"chr16-0328",-0.0589343758815307
"chr16-0329",-0.0457347220911513
"chr16-0330",0.0403072823063879
"chr16-0331",-0.133867257712866
"chr16-0332",0.0573493813848198
"chr16-0333",-0.0568153174285897
"chr16-0334",-0.0391386802224569
"chr16-0335",-0.0719265589898514
"chr16-0336",-0.0616137536046283
"chr16-0337",-0.0961517553112056
"chr16-0338",-0.167740979565462
"chr16-0339",-0.0123540486281758
"chr16-0340",-0.0144916139467766
"chr16-0341",-0.0812601387651311
"chr16-0342",-0.126365251915381
"chr16-0343",-0.0833343035087393
"chr16-0344",-0.0778594015233482
"chr16-0345",0.0359602982498735
"chr16-0346",-0.0434624282870265
"chr16-0347",-0.0631180650774747
"chr16-0348",-0.0271473842565642
"chr16-0349",-0.0512461962840863
"chr16-0350",-0.213085778689325
"chr16-0351",-0.173974941271533
"chr16-0352",0.0162198637381946
"chr16-0353",-0.0802748936606885
"chr16-0354",0.0305647896200197
"chr16-0355",0.0340655678670013
"chr16-0356",-0.0867649685543377
"chr16-0357",-0.0604014658209256
"chr16-0358",0.0106222781683066
"chr16-0359",-0.0516411160860025
"chr16-0360",-0.0112571400126656
"chr16-0361",0.00369277816573202
"chr16-0362",0.039893215199879
"chr16-0363",0.00336056831178012
"chr16-0364",-0.1552313458585
"chr16-0365",-0.113849273632821
"chr16-0366",-0.0504407807143417
"chr16-0367",-0.140203498655439
"chr16-0368",-0.127119565745097
"chr16-0369",-0.0704000438525212
"chr16-0370",-0.0479745558949578
"chr16-0371",0.0538593090482464
"chr16-0372",-0.0264006897157018
"chr16-0373",-0.104428416139407
"chr16-0374",-0.0364732756475839
"chr16-0375",-0.103280120465389
"chr16-0376",-0.0175872342504088
"chr16-0377",-0.00877643757305796
"chr16-0378",-0.0459920157882916
"chr16-0379",0.0399041689197754
"chr16-0380",0.00824173518652502
"chr16-0381",0.0556093172231776
"chr16-0382",-0.0428671970691883
"chr16-0383",-0.0256852681013918
"chr16-0384",0.0284771124305154
"chr16-0385",-0.0309082120212938
"chr16-0386",-0.0222079861380195
"chr16-0387",-0.0787636588746082
"chr16-0388",-0.119013945988674
"chr16-0389",-0.00715778093403034
"chr16-0390",-0.0383587198393903
"chr16-0391",0.00771746077632937
"chr16-0392",-0.104567388451314
"chr16-0393",-0.0331767148680758
"chr16-0394",-0.0701635380884878
"chr16-0395",-0.0546912290932788
"chr16-0396",0.0704629973289286
"chr16-0397",-0.164098752290145
"chr16-0398",0.0203772552621989
"chr16-0399",-0.0308176747563487
"chr16-0400",-0.067241300277941
"chr16-0401",0.00753184114752831
"chr16-0402",-0.109991112653479
"chr16-0403",-0.104660515970246
"chr16-0404",0.0220123308886144
"chr16-0405",0.125719117255742
"chr16-0406",-0.0995679890319675
"chr16-0407",-0.00774253599099316
"chr16-0408",-0.161989280304499
"chr16-0409",-0.0958493657763503
"chr16-0410",-0.110912837764997
"chr16-0411",0.0359682847597133
"chr16-0412",0.0130050248304895
"chr16-0413",-0.0720127941277361
"chr16-0414",0.0377106172018261
"chr16-0415",0.0323357817127152
"chr16-0416",0.0152220298800098
"chr16-0417",-0.00596086101052369
"chr16-0418",-0.0740424866785417
"chr16-0419",-0.0771575365699051
"chr16-0420",-0.0289905561512963
"chr16-0421",-0.065265165693396
"chr16-0422",0.0257081233820321
"chr16-0423",-0.0111384313303481
"chr16-0424",-0.0392429595368099
"chr16-0425",-0.0292001751073844
"chr16-0426",0.0288714537526954
"chr16-0427",-0.00367321252558048
"chr16-0428",-0.0426005829726868
"chr16-0429",0.0550979911558969
"chr16-0430",-0.0209064951938798
"chr16-0431",-0.111443906354626
"chr16-0432",0.0486997315262665
"chr16-0433",-0.00897799371525517
"chr16-0434",-0.00225373237649506
"chr16-0435",-0.0393133580560181
"chr16-0436",-0.033559828635889
"chr16-0437",0.00944239805119619
"chr16-0438",-0.103483847699319
"chr16-0439",-0.0242406810706996
"chr16-0440",-0.0855309558631865
"chr16-0441",-0.108142701030692
"chr16-0442",-0.109094632316831
"chr16-0443",-0.0314977153196781
"chr16-0444",-0.0105277093938177
"chr16-0445",-0.104819727178542
"chr16-0446",-0.0887391400451506
"chr16-0447",0.0253545740770075
"chr16-0448",-0.0014822034038841
"chr16-0449",0.0506071735194386
"chr16-0450",-0.0160561676280814
"chr16-0451",0.0191964323229087
"chr16-0452",-0.0536762474681857
"chr16-0453",0.0709565971422798
"chr16-0454",0.0478994486769169
"chr16-0455",0.143918838270681
"chr16-0456",0.0839640062720994
"chr16-0457",0.112350816953186
"chr16-0458",-0.119336280678669
"chr16-0459",-0.0805127780589309
"chr16-0460",0.019433309525823
"chr16-0461",-0.0125781309374725
"chr16-0462",-0.0301327664919497
"chr16-0463",0.0178328444803549
"chr16-0464",0.104188135015702
"chr16-0465",0.050387951234946
"chr16-0466",0.00799821288905914
"chr16-0467",-0.0231090196039922
"chr16-0468",-0.158510278524197
"chr16-0469",-0.131505802296386
"chr16-0470",-0.067142267750926
"chr16-0471",-0.104143362491445
"chr16-0472",-0.114221574756976
"chr16-0473",-0.00515602245097949
"chr16-0474",-0.130719857639159
"chr16-0475",-0.054625620121365
"chr16-0476",-0.0272556663713444
"chr16-0477",-0.00163249992712889
"chr16-0478",-0.0369322456522803
"chr16-0479",-0.134099825951636
"chr16-0480",0.00997908366117074
"chr16-0481",-0.129228117166793
"chr16-0482",-0.092550130162571
"chr16-0483",0.193008448003973
"chr16-0484",0.0452310488548276
"chr16-0485",0.0651743645994097
"chr16-0486",-0.0376769080872225
"chr16-0487",-0.0351812362547556
"chr16-0488",-0.0460097695770209
"chr16-0489",-0.0221290305842062
"chr16-0490",-0.0468485297008831
"chr16-0491",0.015325089452724
"chr16-0492",-0.0741966728598508
"chr16-0493",-0.102621111196986
"chr16-0494",0.0379409558164337
"chr16-0495",0.0117304854410625
"chr16-0496",-0.114804233346446
"chr16-0497",-0.129219234563687
"chr16-0498",-0.0495569047910479
"chr16-0499",0.115667188139152
"chr16-0500",-0.0507920468981739
"chr16-0501",0.00494365272294004
"chr16-0502",-0.0453032767611583
"chr16-0503",0.00507255313915367
"chr16-0504",0.0427223959162483
"chr16-0505",-0.0930882269600152
"chr16-0506",-0.0492917703145244
"chr16-0507",-0.0724107792410111
"chr16-0508",-0.031013632628485
"chr16-0509",-0.0604235748978613
"chr16-0510",-0.00726783957131898
"chr16-0511",0.0799373597344189
"chr16-0512",-0.025652416511821
"chr16-0513",-0.0393302265483185
"chr16-0514",-0.00764591107353643
"chr16-0515",-0.0637731492507476
"chr16-0516",-0.146084028448966
"chr16-0517",-0.032601334796049
"chr16-0518",-0.120673541668886
"chr16-0519",-0.0773099757348626
"chr16-0520",0.0018665887790929
"chr16-0521",0.0222137181354073
"chr16-0522",0.0217757529316211
"chr16-0523",0.0127179895164655
"chr16-0524",-0.0199393904746944
"chr16-0525",-0.0418992257263973
"chr16-0526",-0.0275459719213043
"chr16-0527",0.0439305589224571
"chr16-0528",0.0420674822997459
"chr16-0529",-0.0373404453232924
"chr16-0530",0.0684174600965495
"chr16-0531",-0.0239327205778293
"chr16-0532",-0.104165249911869
"chr16-0533",-0.0944313606143992
"chr16-0534",-0.0607429495227069
"chr16-0535",-0.0285012163359966
"chr16-0536",-0.0897641118223307
"chr16-0537",-0.0234341660813089
"chr16-0538",0.00147069059134329
"chr16-0539",0.0070578286620142
"chr16-0540",0.119876086449793
"chr16-0541",-0.0620943632879162
"chr16-0542",0.0973657462194
"chr16-0543",0.0921239962856785
"chr16-0544",-0.0335780042486735
"chr16-0545",-0.064584445938169
"chr16-0546",-0.00325671869221263
"chr16-0547",0.0328916094451733
"chr16-0548",-0.171334758721114
"chr16-0549",-0.0593628461810891
"chr16-0550",-0.0189989977346414
"chr16-0551",-0.0387692591977404
"chr16-0552",0.0749546574411893
"chr16-0553",-0.125267162718589
"chr16-0554",-0.0867120663760213
"chr16-0555",-0.0281794857507502
"chr16-0556",-0.0112679362542219
"chr16-0557",0.0485028685103283
"chr16-0558",-0.0399366392045439
"chr16-0559",0.0636720381879602
"chr16-0560",0.00430686575187574
"chr16-0561",0.00614455832115221
"chr16-0562",-0.0325774419525856
"chr16-0563",-0.0585262011304356
"chr16-0564",-0.0755596670692767
"chr16-0565",-0.0298929279137032
"chr16-0566",0.0161827628034343
"chr16-0567",-0.00794438416104035
"chr16-0568",-0.102462124269045
"chr16-0569",0.0163865626926088
"chr16-0570",0.0615579737083728
"chr16-0571",0.0632532534730458
"chr16-0572",-0.0428144871656336
"chr16-0573",0.100223940941516
"chr16-0574",-0.0321460498925519
"chr16-0575",0.0371387226056468
"chr16-0576",0.0304898971960342
"chr16-0577",0.0556144930511302
"chr16-0578",-0.0266102641978863
"chr16-0579",0.00530144973159101
"chr16-0580",-0.00686203598071269
"chr16-0581",0.0185521296850284
"chr16-0582",0.0134000631172929
"chr16-0583",0.0188992238880842
"chr16-0584",-0.0168893153887878
"chr16-0585",-0.0133676030516988
"chr16-0586",0.0522534992513444
"chr16-0587",-0.0275922743251451
"chr16-0588",0.00121090280602026
"chr16-0589",0.0117804547614604
"chr16-0590",0.0192341240444749
"chr16-0591",0.047196406715289
"chr16-0592",0.0367267014112124
"chr16-0593",0.0246744566451388
"chr16-0594",0.0540259861338726
"chr16-0595",0.00420579593030365
"chr16-0596",-0.0627749288050444
"chr16-0597",0.00760814381316817
"chr16-0598",0.013969858181729
"chr16-0599",0.0949519990647825
"chr16-0600",0.0791159602852984
"chr16-0601",0.00669222626677383
"chr16-0602",0.051821798897539
"chr16-0603",0.0437246413541959
"chr16-0604",0.0436837005096817
"chr16-0605",0.0684440436924001
"chr16-0606",-0.0663779949804516
"chr16-0607",0.0193722130107986
"chr16-0608",0.107117935505917
"chr16-0609",0.0480336586791751
"chr16-0610",0.0602886901598159
"chr16-0611",0.0301461178062645
"chr16-0612",0.120847341592268
"chr16-0613",0.0659566171042399
"chr16-0614",0.0277915806031686
"chr16-0615",0.0996042608710178
"chr16-0616",0.0100401659825264
"chr16-0617",0.0514026123170727
"chr16-0618",0.0756264057495223
"chr16-0619",-0.0321058857651475
"chr16-0620",0.106228300692728
"chr16-0621",-0.00407663017367572
"chr16-0622",0.0618981236757629
"chr16-0623",0.00357461211369871
"chr16-0624",0.0737942529277112
"chr16-0625",0.107719895976065
"chr16-0626",0.0444160703008085
"chr16-0627",0.0611177194135473
"chr16-0628",0.0698987882868003
"chr16-0629",0.110785585981717
"chr16-0630",0.1939884292985
"chr16-0631",0.0639916068630865
"chr16-0632",0.0170462398256584
"chr16-0633",0.0437598862657476
"chr16-0634",0.0411384122274673
"chr16-0635",0.0696937315031075
"chr16-0636",0.0252003396363044
"chr16-0637",0.0406022314921861
"chr16-0638",-0.00377561811299125
"chr16-0639",0.000740370504319885
"chr16-0640",0.0318450113159014
"chr17-0001",-0.0206667554517464
"chr17-0002",0.0940106125143987
"chr17-0003",0.0931045962122501
"chr17-0004",0.0723871725825739
"chr17-0005",0.112202471871221
"chr17-0006",0.0105722538180618
"chr17-0007",0.113904369768546
"chr17-0008",-0.0536555630687653
"chr17-0009",0.0383710285480775
"chr17-0010",0.0590445564015279
"chr17-0011",0.106474505573059
"chr17-0012",0.0974693060084794
"chr17-0013",0.141068949646874
"chr17-0014",0.0555816736376986
"chr17-0015",0.0865345329558887
"chr17-0016",0.0319505061736846
"chr17-0017",-0.0168287951539846
"chr17-0018",0.0543097383890134
"chr17-0019",-0.0283253824314141
"chr17-0020",0.0771472437692422
"chr17-0021",-0.02905605130448
"chr17-0022",0.0868321664526666
"chr17-0023",-0.100830574743611
"chr17-0024",0.0176000239850937
"chr17-0025",-0.0474191011535338
"chr17-0026",0.0398089370866947
"chr17-0027",0.0979087712882006
"chr17-0028",-0.0478234493449415
"chr17-0029",0.0915845990758487
"chr17-0030",-0.0498995578415489
"chr17-0031",-0.0761610208369525
"chr17-0032",0.0361577961397203
"chr17-0033",0.0614985206881637
"chr17-0034",-0.0874086962426488
"chr17-0035",0.0493038311634232
"chr17-0036",0.0383672288434174
"chr17-0037",0.0756140970411477
"chr17-0038",-0.0605101447212019
"chr17-0039",-0.144056082801216
"chr17-0040",-0.0912083560694196
"chr17-0041",-0.16770781509009
"chr17-0042",-0.0124433899985508
"chr17-0043",0.0700139082911358
"chr17-0044",-0.0211137829004402
"chr17-0045",-0.0152970957716612
"chr17-0046",0.105409522364119
"chr17-0047",0.0172671941803886
"chr17-0048",0.0277765207086236
"chr17-0049",0.0522709288067903
"chr17-0050",0.0329001425259334
"chr17-0051",-0.0260146079494988
"chr17-0052",-0.0491047400402514
"chr17-0053",-0.0112086841931522
"chr17-0054",0.025137357581349
"chr17-0055",0.069807821273629
"chr17-0056",0.0349103516494423
"chr17-0057",-0.04885417336459
"chr17-0058",-0.0450914889904696
"chr17-0059",0.00640610552192234
"chr17-0060",0.000132767214109352
"chr17-0061",0.00904786178868617
"chr17-0062",-0.0774226170926054
"chr17-0063",-0.0465118138568093
"chr17-0064",-0.00500658708461362
"chr17-0065",-0.0577673041348124
"chr17-0066",-0.0130068473967023
"chr17-0067",-0.121365468195594
"chr17-0068",-0.0558798597843729
"chr17-0069",-0.00996161241377974
"chr17-0070",-0.0833935311784043
"chr17-0071",-0.0969931121002458
"chr17-0072",-0.119404550468699
"chr17-0073",-0.109789007273131
"chr17-0074",0.0527419783472176
"chr17-0075",-0.0153625519752183
"chr17-0076",0.00212396536950246
"chr17-0077",-0.0297309927273374
"chr17-0078",-0.0394450823680948
"chr17-0079",-0.0489033213493198
"chr17-0080",-0.0724135297240683
"chr17-0081",0.00745408340749734
"chr17-0082",0.055043794330978
"chr17-0083",0.100548441758099
"chr17-0084",-0.0366460183053509
"chr17-0085",-0.0203795850476381
"chr17-0086",-0.0121213927899044
"chr17-0087",-0.0225038987455525
"chr17-0088",0.0391789472922941
"chr17-0089",-0.0462133307561923
"chr17-0090",-0.0897225219450543
"chr17-0091",-0.00630244312774408
"chr17-0092",0.0233812106688188
"chr17-0093",0.00041902430900319
"chr17-0094",-0.0228443217906726
"chr17-0095",-0.0462912042897052
"chr17-0096",-0.0565729921694243
"chr17-0097",-0.0774322916195642
"chr17-0098",-0.0365325644594803
"chr17-0099",-0.0766071347670002
"chr17-0100",-0.0708221250019012
"chr17-0101",-0.0178559770071821
"chr17-0102",-0.0356117866677741
"chr17-0103",-0.0671042359738686
"chr17-0104",0.0382672047173259
"chr17-0105",-0.0582001376342117
"chr17-0106",-0.0299742954099533
"chr17-0107",-0.0513507483443273
"chr17-0108",-0.132195598993948
"chr17-0109",-0.0431102508601843
"chr17-0110",-0.000850605729576053
"chr17-0111",0.014381037021756
"chr17-0112",-0.0231189447033443
"chr17-0113",0.0297241104435906
"chr17-0114",0.00270304599371126
"chr17-0115",-0.0234520856909709
"chr17-0116",-0.0121231828500937
"chr17-0117",0.0139574201404363
"chr17-0118",-0.0244144827711654
"chr17-0119",-0.0833632538047899
"chr17-0120",0.0526426631339119
"chr17-0121",-0.0177358345226395
"chr17-0122",-0.0524597589780059
"chr17-0123",-0.0254759706726177
"chr17-0124",-0.0797035556110349
"chr17-0125",-0.0156010382269866
"chr17-0126",-0.0180155145625459
"chr17-0127",-0.0643731304939884
"chr17-0128",0.0541185993490035
"chr17-0129",-0.114864046009538
"chr17-0130",0.0491367710664597
"chr17-0131",-0.0517153905731394
"chr17-0132",-0.0284279529712823
"chr17-0133",-0.030467105374394
"chr17-0134",0.00697109754805364
"chr17-0135",-0.0380324183394729
"chr17-0136",-0.196576523054868
"chr17-0137",-0.0650346799188999
"chr17-0138",0.076331736783635
"chr17-0139",0.0842406092857624
"chr17-0140",0.00211877398264024
"chr17-0141",0.00479220840637721
"chr17-0142",-0.10605950535061
"chr17-0143",0.0466798490058725
"chr17-0144",-0.0817282597731374
"chr17-0145",-0.0933177395275914
"chr17-0146",-0.0530368010615294
"chr17-0147",-0.128176285230175
"chr17-0148",-0.0351480577137266
"chr17-0149",-0.0220300547086787
"chr17-0150",-0.0311538531453196
"chr17-0151",-0.118547227880212
"chr17-0152",-0.0661896231898662
"chr17-0153",-0.0487763366283783
"chr17-0154",-0.00776619727029395
"chr17-0155",-0.0279410246222052
"chr17-0156",0.00363024701078783
"chr17-0157",-0.152906689233518
"chr17-0158",-0.110673730841703
"chr17-0159",-0.0306203634494966
"chr17-0160",-0.0551173433178438
"chr17-0161",-0.0898466157987419
"chr17-0162",-0.071921523472287
"chr17-0163",-0.0495322586722831
"chr17-0164",-0.0826477207460064
"chr17-0165",-0.0268358414070012
"chr17-0166",0.00423630893908863
"chr17-0167",0.0964648855477716
"chr17-0168",0.12548054422688
"chr17-0169",-0.040217604126619
"chr17-0170",-0.030193839844533
"chr17-0171",0.069165906404342
"chr17-0172",0.00172991328888186
"chr17-0173",0.0694806324025822
"chr17-0174",0.00968609767776576
"chr17-0175",0.0579576409301538
"chr17-0176",0.0445622885540272
"chr17-0177",0.0475126326509148
"chr17-0178",-0.0711148641208776
"chr17-0179",-0.0113741565064332
"chr17-0180",-0.0233932822156075
"chr17-0181",-0.0738252062974196
"chr17-0182",-0.0168576236388267
"chr17-0183",-0.0267625076507329
"chr17-0184",0.0821957481265786
"chr17-0185",-0.013528533348005
"chr17-0186",-0.0832934071294674
"chr17-0187",0.00717695754326249
"chr17-0188",-0.0303156336070994
"chr17-0189",-0.125445602674407
"chr17-0190",0.0133521240541471
"chr17-0191",0.00951917138594882
"chr17-0192",0.0355545967617263
"chr17-0193",0.0483265200300661
"chr17-0194",0.0026883669870399
"chr17-0195",-0.059474982027698
"chr17-0196",-0.0926845356345511
"chr17-0197",0.00915337097820943
"chr17-0198",-0.161483957856184
"chr17-0199",0.0116013527530238
"chr17-0200",0.0262529905264479
"chr17-0201",-0.0165446615999495
"chr17-0202",0.0404530852809689
"chr17-0203",-0.00299418599832009
"chr17-0204",-0.0508851127658522
"chr17-0205",-0.0747849099325973
"chr17-0206",0.0427600988423008
"chr17-0207",-0.0217486380898831
"chr17-0208",-0.0664214516867304
"chr17-0209",-0.00012561907915482
"chr17-0210",0.0119732117816773
"chr17-0211",-0.0368431243902871
"chr17-0212",-0.0631180808894655
"chr17-0213",-0.0150445975660758
"chr17-0214",0.0421682878843558
"chr17-0215",0.0257717938337614
"chr17-0216",0.0714030398467055
"chr17-0217",-0.0102977985744999
"chr17-0218",0.0589433090371505
"chr17-0219",0.0115722413308432
"chr17-0220",-0.0250041350559485
"chr17-0221",-0.031250091619099
"chr17-0222",0.0415670280345754
"chr17-0223",-0.0406033264050395
"chr17-0224",-0.0156518239947487
"chr17-0225",-0.0872018737561467
"chr17-0226",-0.0934189654325702
"chr17-0227",-0.086733742889032
"chr17-0228",0.0293762991057202
"chr17-0229",-0.0376578108113362
"chr17-0230",-0.0758403055980608
"chr17-0231",-0.00837423040875722
"chr17-0232",-0.150216548425961
"chr17-0233",-0.053430097096527
"chr17-0234",0.0150434121563135
"chr17-0235",-0.0452927029605418
"chr17-0236",-0.0762836688665716
"chr17-0237",-0.029743003306451
"chr17-0238",-0.0129685677261545
"chr17-0239",0.003538708671349
"chr17-0240",-0.0971528115492771
"chr17-0241",0.00959692784655212
"chr17-0242",-0.00929659266916159
"chr17-0243",-0.0850193301758954
"chr17-0244",-0.0494352427870289
"chr17-0245",-0.102945652975044
"chr17-0246",0.0221421574729233
"chr17-0247",-0.0267271205961849
"chr17-0248",-0.0197886998523862
"chr17-0249",0.0806233086514303
"chr17-0250",-0.110105028143455
"chr17-0251",0.00788594214028013
"chr17-0252",-0.0058322819781346
"chr17-0253",-0.0758287324416438
"chr17-0254",-0.0722310812894525
"chr17-0255",-0.0799354399607247
"chr17-0256",-0.0208550729719038
"chr17-0257",-0.0380089603626788
"chr17-0258",-0.133824436801943
"chr17-0259",-0.0952609563222156
"chr17-0260",-0.0018043157341247
"chr17-0261",0.023240708841188
"chr17-0262",0.0395517547583681
"chr17-0263",-0.195189057336685
"chr17-0264",-0.0955938518811168
"chr17-0265",-0.0108489933016447
"chr17-0266",-0.0709269954263858
"chr17-0267",-0.016549526463365
"chr17-0268",-0.0787816043699628
"chr17-0269",0.00476565434585551
"chr17-0270",0.121890813988161
"chr17-0271",-0.0481295265317415
"chr17-0272",-0.0227413660299214
"chr17-0273",0.00200906559898128
"chr17-0274",-0.135687502514383
"chr17-0275",-0.10542312523948
"chr17-0276",-0.0540238279537971
"chr17-0277",-0.0481932595524211
"chr17-0278",-0.126910207977137
"chr17-0279",0.0253808379293383
"chr17-0280",-0.0124567881083049
"chr17-0281",0.00466459075150958
"chr17-0282",-0.092656349958396
"chr17-0283",-0.122277453866226
"chr17-0284",-0.0468425874428013
"chr17-0285",-0.127805120391018
"chr17-0286",-0.103672563225262
"chr17-0287",-0.167092808508213
"chr17-0288",-0.106639168450842
"chr17-0289",0.0251664994936142
"chr17-0290",-0.155631041157373
"chr17-0291",-0.186715152757902
"chr17-0292",-0.0718654637200043
"chr17-0293",-0.0910015611504721
"chr17-0294",-0.154168893237845
"chr17-0295",-0.141489703190982
"chr17-0296",-0.00705298245043268
"chr17-0297",-0.069200511499712
"chr17-0298",-0.0382640113178788
"chr17-0299",-0.182679060209847
"chr17-0300",-0.0118793515704995
"chr17-0301",-0.0179670672569551
"chr17-0302",-0.0715829023482606
"chr17-0303",-0.140048205055572
"chr17-0304",-0.10204706980726
"chr17-0305",-0.124382407835449
"chr17-0306",-0.0579738516562516
"chr17-0307",-0.0244232645235899
"chr17-0308",0.00835784137601273
"chr17-0309",0.0799835483640947
"chr17-0310",-0.0905283436140042
"chr17-0311",-0.0633177329009675
"chr17-0312",0.0412550567631958
"chr17-0313",-0.00600084738263441
"chr17-0314",0.0124204835296275
"chr17-0315",-0.116463881693839
"chr17-0316",0.000850996906002743
"chr17-0317",0.142567426695654
"chr17-0318",0.000634503602917563
"chr17-0319",-0.0540024245880116
"chr17-0320",-0.0649414032679655
"chr17-0321",-0.0282529637008815
"chr17-0322",-0.094537077807457
"chr17-0323",-0.0748764415914464
"chr17-0324",0.031398687427125
"chr17-0325",-0.207450228811041
"chr17-0326",0.0281414153786123
"chr17-0327",-0.000642319224799993
"chr17-0328",0.0301708981653565
"chr17-0329",0.149801803402952
"chr17-0330",0.0454115847507666
"chr17-0331",-0.0434483934109376
"chr17-0332",0.00391077782048591
"chr17-0333",0.0244601314771789
"chr17-0334",-0.028735179206494
"chr17-0335",0.00751646424238448
"chr17-0336",0.0564791252432362
"chr17-0337",-0.0268796973853198
"chr17-0338",-0.0277165429860348
"chr17-0339",-0.0431591453373076
"chr17-0340",-0.0567579424304101
"chr17-0341",-0.0733212187768873
"chr17-0342",0.0154687097121814
"chr17-0343",-0.0235560139464311
"chr17-0344",-0.111369019333711
"chr17-0345",-0.00258273263435463
"chr17-0346",0.0357051509417982
"chr17-0347",-0.0152534308434573
"chr17-0348",-0.0351287696883125
"chr17-0349",-0.0728498595539556
"chr17-0350",-0.115303807459217
"chr17-0351",-0.0429108814994892
"chr17-0352",0.014544705153986
"chr17-0353",-0.0528700000110066
"chr17-0354",-0.0301157325445445
"chr17-0355",0.00264607199748671
"chr17-0356",0.10898829456107
"chr17-0357",-0.0249565994859957
"chr17-0358",-0.043262389294951
"chr17-0359",-0.0205792847002548
"chr17-0360",0.063715351622994
"chr17-0361",0.0335485849274723
"chr17-0362",0.149214189407793
"chr17-0363",-0.0349083381307332
"chr17-0364",0.110008136510221
"chr17-0365",-0.0279193080293053
"chr17-0366",-0.0987570205040419
"chr17-0367",-0.0367134405092443
"chr17-0368",-0.0631722809944
"chr17-0369",0.0466592952779374
"chr17-0370",-0.0360020319445884
"chr17-0371",-0.0402892858286292
"chr17-0372",-0.0817459218784442
"chr17-0373",-0.0918824209077593
"chr17-0374",-0.0789973417870672
"chr17-0375",0.00481086803333224
"chr17-0376",-0.0432076912736506
"chr17-0377",-0.0780928807994909
"chr17-0378",-0.0226214308290697
"chr17-0379",-0.0846592372289421
"chr17-0380",0.0444170030874829
"chr17-0381",-0.0280465750863411
"chr17-0382",-0.0822774201340499
"chr17-0383",0.0310143537975716
"chr17-0384",-0.0477562934971547
"chr17-0385",-0.106208910631212
"chr17-0386",0.00471840937849022
"chr17-0387",-0.11665892218457
"chr17-0388",-0.127929383894136
"chr17-0389",-0.0301029012002785
"chr17-0390",-0.0744170510960297
"chr17-0391",-0.0508635550543913
"chr17-0392",-0.0908604312868346
"chr17-0393",-0.0477675683027467
"chr17-0394",-0.127215832374022
"chr17-0395",0.00191236090985401
"chr17-0396",0.0289373387994888
"chr17-0397",-0.0144978846764463
"chr17-0398",-0.13684189567227
"chr17-0399",-0.0261021917476425
"chr17-0400",0.0132493107518314
"chr17-0401",-0.0100585607357788
"chr17-0402",0.0528489545662785
"chr17-0403",-0.0111838461690089
"chr17-0404",0.00261829109952127
"chr17-0405",-0.127909760956805
"chr17-0406",-0.00745617122342415
"chr17-0407",-0.142684819468338
"chr17-0408",-0.0952748420433557
"chr17-0409",0.0075374278314512
"chr17-0410",-0.0330139396623291
"chr17-0411",-0.027418725199568
"chr17-0412",-0.0836880641295811
"chr17-0413",-0.0605814861482726
"chr17-0414",-0.0275958509512505
"chr17-0415",0.0502698092076641
"chr17-0416",-0.0599822171981675
"chr17-0417",0.0379744085894908
"chr17-0418",-0.0576751545298303
"chr17-0419",-0.0663433960550258
"chr17-0420",0.0530673888296083
"chr17-0421",-0.087201080907721
"chr17-0422",-0.0245708416125247
"chr17-0423",-0.0508354485989419
"chr17-0424",0.118994228963514
"chr17-0425",0.132484594041747
"chr17-0426",0.0253321878214947
"chr17-0427",-0.0174690788817056
"chr17-0428",-0.15383405902119
"chr17-0429",-0.0699744367225752
"chr17-0430",-0.00031438369999119
"chr17-0431",-0.0754108778410206
"chr17-0432",-0.0489560379370408
"chr17-0433",0.00163626654404673
"chr17-0434",-0.00206838743376979
"chr17-0435",-0.00169257056607267
"chr17-0436",-0.0877556116989078
"chr17-0437",-0.0528105174467474
"chr17-0438",-0.079900909049282
"chr17-0439",-0.0532709769958123
"chr17-0440",0.0149147882965409
"chr17-0441",-0.0121208197758385
"chr17-0442",0.00235642391134533
"chr17-0443",-0.0257915519598821
"chr17-0444",-0.121183481139331
"chr17-0445",-0.00705682050525244
"chr17-0446",0.0193459343510932
"chr17-0447",-0.0682742757028739
"chr17-0448",-0.1009665208374
"chr17-0449",-0.0782949972631223
"chr17-0450",-0.0994796980321748
"chr17-0451",-0.031890801757883
"chr17-0452",0.053371411914879
"chr17-0453",-0.0991457056399947
"chr17-0454",-0.112481781217084
"chr17-0455",-0.0612524793957128
"chr17-0456",-0.00194730393019922
"chr17-0457",0.0225423117505729
"chr17-0458",-0.109186636705766
"chr17-0459",-0.0817934332277083
"chr17-0460",-0.0938661541086411
"chr17-0461",-0.0511364760755367
"chr17-0462",-0.0364507027341441
"chr17-0463",0.0188551467246395
"chr17-0464",-0.0328535663382081
"chr17-0465",0.0409775954717868
"chr17-0466",0.0178121608685356
"chr17-0467",-0.0771544697137664
"chr17-0468",-0.0781696442563503
"chr17-0469",-0.040553047394103
"chr17-0470",-0.00338343124494992
"chr17-0471",-0.0159930627844213
"chr17-0472",-0.110960929620559
"chr17-0473",0.0270418262488231
"chr17-0474",-0.0167606194943814
"chr17-0475",-0.0288611630130859
"chr17-0476",-0.0261495887108904
"chr17-0477",-0.124134015418607
"chr17-0478",-0.0617819123849128
"chr17-0479",-0.111220880365052
"chr17-0480",-0.106137763962652
"chr17-0481",-0.0989318694848882
"chr17-0482",-0.0559193457712801
"chr17-0483",-0.0693694725295205
"chr17-0484",-0.102183045961394
"chr17-0485",-0.127804526045636
"chr17-0486",-0.0409115954780335
"chr17-0487",-0.086201391849424
"chr17-0488",0.031642757824768
"chr17-0489",-0.0225076542255298
"chr17-0490",-0.137324011583471
"chr17-0491",-0.0939847574684227
"chr17-0492",-0.059555699440679
"chr17-0493",-0.0959978430646914
"chr17-0494",-0.0352957557529182
"chr17-0495",-0.014650918940862
"chr17-0496",-0.0160732180811741
"chr17-0497",-0.104178182946844
"chr17-0498",-0.0460118490083371
"chr17-0499",-0.0636898280490889
"chr17-0500",-0.0969798881035864
"chr17-0501",0.00215111488753416
"chr17-0502",-0.0916603371073591
"chr17-0503",-0.0605601353019929
"chr17-0504",0.0563876187158953
"chr17-0505",0.100801304181465
"chr17-0506",-0.0135334816720983
"chr17-0507",0.0413450518806876
"chr17-0508",-0.0460876415089308
"chr17-0509",-0.0212810677032212
"chr17-0510",-0.0866081398233252
"chr17-0511",-0.126249745657396
"chr17-0512",-0.0013901666665225
"chr17-0513",-0.0584167679828752
"chr17-0514",-0.0769614396497592
"chr17-0515",-0.0853008447228706
"chr17-0516",-0.0446669812553752
"chr17-0517",-0.0964019063335086
"chr17-0518",-0.0450758075883906
"chr17-0519",-0.11331587295896
"chr17-0520",-0.149569571151085
"chr17-0521",-0.0597583970074802
"chr17-0522",-0.134192092301086
"chr17-0523",-0.184948879293572
"chr17-0524",-0.137605550648145
"chr17-0525",-0.185924648261483
"chr17-0526",-0.0653908285930807
"chr17-0527",-0.0877320321714542
"chr17-0528",-0.0548607925382374
"chr17-0529",0.0303134403796038
"chr17-0530",-0.0944014881755115
"chr17-0531",-0.229719821200655
"chr17-0532",-0.165271143346913
"chr17-0533",0.00976660563253141
"chr17-0534",-0.029473368917077
"chr17-0535",0.0235349105699475
"chr17-0536",0.0420050997135348
"chr17-0537",-0.0471782194574791
"chr17-0538",-0.00218509586837093
"chr17-0539",-0.0578578496599766
"chr17-0540",-0.0763744682346171
"chr17-0541",-0.0631754214787323
"chr17-0542",-0.0294396474756098
"chr17-0543",-0.110345161697039
"chr17-0544",-0.0774154466436918
"chr17-0545",0.115279418843572
"chr17-0546",-0.087345857600128
"chr17-0547",0.00656535607767534
"chr17-0548",0.0102026441962461
"chr17-0549",-0.124145483596124
"chr17-0550",-0.159643484435806
"chr17-0551",-0.120026817593184
"chr17-0552",-0.0226410870456079
"chr17-0553",-0.0680658858378338
"chr17-0554",0.0331528529723341
"chr17-0555",0.0633142270825131
"chr17-0556",-0.0175612923993185
"chr17-0557",-0.0569270459256311
"chr17-0558",0.00410041834263597
"chr17-0559",-0.129716565470402
"chr17-0560",0.0605584209555634
"chr17-0561",0.0200690531743608
"chr17-0562",-0.0802239819708606
"chr17-0563",-0.0426751437432438
"chr17-0564",0.00537641247853158
"chr17-0565",-0.0628145818641028
"chr17-0566",-0.0233381650304651
"chr17-0567",0.00344461805181545
"chr17-0568",0.0429023383956333
"chr17-0569",0.0669777797711625
"chr17-0570",-0.0323987228375183
"chr17-0571",-0.0801378025955343
"chr17-0572",-0.0658442340048167
"chr17-0573",-0.072403531278774
"chr17-0574",-0.0380671454897807
"chr17-0575",0.0996959826923276
"chr17-0576",-0.0180855481827121
"chr17-0577",0.0425446392565671
"chr17-0578",-0.00297801357001638
"chr17-0579",0.00261858775457137
"chr17-0580",0.0018018958735282
"chr17-0581",-0.114152466710989
"chr17-0582",-0.117392810372256
"chr17-0583",0.0990489352933395
"chr17-0584",0.00419741702985993
"chr17-0585",0.00712735053956335
"chr17-0586",-0.0267080985694703
"chr17-0587",0.0275218084093843
"chr17-0588",0.0162509480061134
"chr17-0589",0.00945016386142185
"chr17-0590",0.0584584281267395
"chr17-0591",-0.0113531924782355
"chr17-0592",-0.0526502996689056
"chr17-0593",0.0243159958872552
"chr17-0594",0.0935330701659804
"chr17-0595",-0.0366897310212286
"chr17-0596",0.00172036936435339
"chr17-0597",-0.0538823035140997
"chr17-0598",-0.00476923736105695
"chr17-0599",0.0369675711328166
"chr17-0600",-0.103535089214457
"chr17-0601",-0.0273601831691534
"chr17-0602",0.015836717067251
"chr17-0603",-0.104439595637735
"chr17-0604",0.00460378992379321
"chr17-0605",-0.0899530036585272
"chr17-0606",-0.0665628967605622
"chr17-0607",-0.0347006061099943
"chr17-0608",-0.0453491808626551
"chr17-0609",-0.100591363345611
"chr17-0610",0.0375131256321848
"chr17-0611",-0.0219658805810438
"chr17-0612",-0.0227272771007146
"chr17-0613",-0.0297134088572542
"chr17-0614",0.00202770703277817
"chr17-0615",-0.128016231957528
"chr17-0616",-0.0973602521657264
"chr17-0617",0.0442498490767495
"chr17-0618",-0.0917451339504571
"chr17-0619",-0.0101355019258985
"chr17-0620",-0.196361033282304
"chr17-0621",-0.0900452109489953
"chr17-0622",-0.0919026249416752
"chr17-0623",-0.104970507407344
"chr17-0624",0.0920624477513458
"chr17-0625",-0.0813765745062105
"chr17-0626",-0.0736366185978316
"chr17-0627",0.00112092049048626
"chr17-0628",-0.137596807782545
"chr17-0629",0.00642266360392701
"chr17-0630",0.0453334247440525
"chr17-0631",-0.058392656036262
"chr17-0632",-0.0441373196130567
"chr17-0633",-0.0357075629764107
"chr17-0634",0.00879524133970868
"chr17-0635",-0.0105971704624636
"chr17-0636",-0.0680124457128433
"chr17-0637",-0.0942493875934733
"chr17-0638",-0.0085565243302641
"chr17-0639",0.0749802746765445
"chr17-0640",-0.0533362354764651
"chr17-0641",-0.139353131301659
"chr17-0642",-0.0414791980561656
"chr17-0643",0.0362470163722224
"chr17-0644",-0.0770378872364908
"chr17-0645",-0.209680671490202
"chr17-0646",-0.0891034188355067
"chr17-0647",-0.0678005555264318
"chr17-0648",-0.121294220370998
"chr17-0649",-0.116497247797553
"chr17-0650",-0.00317370005800666
"chr17-0651",-0.0390677297557538
"chr17-0652",-0.0542417155689048
"chr17-0653",0.0307198882188539
"chr17-0654",-0.100327382263307
"chr17-0655",-0.133181553339518
"chr17-0656",-0.0652057482874317
"chr17-0657",-0.00997919678401558
"chr17-0658",-0.0411933081985656
"chr17-0659",-0.0326164252126311
"chr17-0660",-0.0325286516395566
"chr17-0661",-0.0256811567787564
"chr17-0662",-0.0468233069264449
"chr17-0663",-0.0687503564574242
"chr17-0664",-0.00436723104951164
"chr17-0665",-0.0306875285375116
"chr17-0666",-0.0846509946369901
"chr17-0667",0.0200922471704931
"chr17-0668",-0.0164599093103238
"chr17-0669",0.0182370617834836
"chr17-0670",0.0467488390546995
"chr17-0671",-0.0746627631253153
"chr17-0672",0.0169012663829807
"chr17-0673",-0.047763528320903
"chr17-0674",0.0555663191235774
"chr17-0675",0.0182398091903369
"chr17-0676",0.0514720270852838
"chr17-0677",-0.0583395344863944
"chr17-0678",0.0159432582704361
"chr17-0679",0.00216180167503994
"chr17-0680",0.0513678642439669
"chr17-0681",0.031445785564738
"chr17-0682",-0.0560564205946807
"chr17-0683",0.0118924056774699
"chr17-0684",-0.0183271245815544
"chr17-0685",-0.0466601075317826
"chr17-0686",-0.0221217608678881
"chr17-0687",0.0225470752113181
"chr17-0688",-0.0793935579063697
"chr17-0689",0.108991468177198
"chr17-0690",0.0494318937631084
"chr17-0691",0.0716258375638903
"chr17-0692",0.119893032553564
"chr17-0693",0.122588320971795
"chr17-0694",0.0476557824096448
"chr17-0695",0.00658199144679013
"chr17-0696",-0.0326770378986523
"chr17-0697",-0.0898885781192099
"chr17-0698",-0.0902719806048244
"chr17-0699",-0.0319992765973118
"chr17-0700",-0.0522060271238279
"chr17-0701",-0.0206728236082462
"chr17-0702",0.0709881621156355
"chr17-0703",-0.00823926883485403
"chr17-0704",0.0395494414771734
"chr17-0705",-0.0353626907433879
"chr17-0706",0.0460734048390406
"chr17-0707",-0.0132972671873074
"chr17-0708",-0.0985554763235227
"chr17-0709",-0.0478265598445313
"chr17-0710",0.0903782847965721
"chr17-0711",0.0964386218514313
"chr17-0712",0.0235537880322579
"chr17-0713",0.00533747305738554
"chr17-0714",0.074589961168482
"chr17-0715",0.0257449105332774
"chr17-0716",0.00966207760533973
"chr17-0717",-0.00574704945175606
"chr17-0718",0.0186332831703285
"chr17-0719",-0.0149561927125714
"chr17-0720",-0.0207159011331915
"chr17-0721",0.0144785668347689
"chr17-0722",0.00647546105946327
"chr17-0723",0.0282343020459935
"chr17-0724",-0.0357029895803659
"chr17-0725",0.0325383072686066
"chr17-0726",0.0897142509173136
"chr17-0727",0.0308909381895901
"chr17-0728",0.0568169755229737
"chr17-0729",0.0673649942173759
"chr17-0730",0.0865775372691885
"chr17-0731",0.0398352704322218
"chr17-0732",-0.0539078486561141
"chr17-0733",0.0439644072148303
"chr17-0734",-0.0156733305427512
"chr17-0735",0.102254808638501
"chr17-0736",0.10831974867054
"chr17-0737",0.112218757814273
"chr17-0738",0.0664648413490723
"chr17-0739",0.0306693119942485
"chr17-0740",0.0875348726836935
"chr17-0741",0.0673317581150516
"chr17-0742",0.0107588360833353
"chr17-0743",0.0667350867689663
"chr17-0744",0.0248514019676345
"chr17-0745",0.048210900550224
"chr17-0746",-0.0474700606135479
"chr17-0747",0.0308725029889764
"chr17-0748",0.00912848320439546
"chr17-0749",0.0419259936268607
"chr17-0750",0.0557431404521547
"chr17-0751",0.00785154455019665
"chr17-0752",0.0380990293273386
"chr17-0753",0.0199037880764285
"chr17-0754",0.064940546378521
"chr17-0755",0.0846471404749861
"chr17-0756",0.0670715540409676
"chr17-0757",0.0540124437172361
"chr17-0758",0.0313578052116155
"chr17-0759",0.0139466547951032
"chr17-0760",0.0815166088564847
"chr17-0761",0.0627666950041788
"chr17-0762",0.0310464592250978
"chr17-0763",0.141400012874957
"chr17-0764",0.104977636560324
"chr17-0765",0.107211141017412
"chr17-0766",0.0602657257043843
"chr18-0001",0.0186352566017771
"chr18-0002",-0.0542117408539197
"chr18-0003",-0.116471123365556
"chr18-0004",-0.0164219810087152
"chr18-0005",-0.0280031785601078
"chr18-0006",0.126069713238779
"chr18-0007",-0.0522151013047386
"chr18-0008",-0.0036653407704986
"chr18-0009",-0.0718838491837275
"chr18-0010",-0.0322779773601347
"chr18-0011",-0.216108509469244
"chr18-0012",-0.0475271791757936
"chr18-0013",-0.139637041120372
"chr18-0014",-0.0967285541641934
"chr18-0015",-0.0781866956155827
"chr18-0016",0.02208454035283
"chr18-0017",0.18377586728121
"chr18-0018",-0.0114861887867476
"chr18-0019",-0.0431225094058397
"chr18-0020",-0.114325278087278
"chr18-0021",-0.130932875458229
"chr18-0022",-0.0254687118551035
"chr18-0023",-0.00743780157106847
"chr18-0024",-0.0230101657057336
"chr18-0025",0.0136432602901352
"chr18-0026",-0.0352534140554029
"chr18-0027",-0.126818323683263
"chr18-0028",0.0084062822564486
"chr18-0029",-0.056330818338383
"chr18-0030",-0.0291730384942888
"chr18-0031",-0.019435782606305
"chr18-0032",0.0379524161686377
"chr18-0033",0.0432797369147485
"chr18-0034",0.0793959785212307
"chr18-0035",-0.0259294544163128
"chr18-0036",-0.190295106339359
"chr18-0037",-0.0355525918367509
"chr18-0038",0.00669672826643604
"chr18-0039",-0.0415991958028619
"chr18-0040",0.0579526646363102
"chr18-0041",-0.0349626541080853
"chr18-0042",-0.0865847865751718
"chr18-0043",-0.0612923636293357
"chr18-0044",0.0575316371148327
"chr18-0045",0.0256378050488716
"chr18-0046",-0.0220715539148687
"chr18-0047",0.0231542615522699
"chr18-0048",0.00257290097403957
"chr18-0049",-0.11484070246123
"chr18-0050",0.00545748609250748
"chr18-0051",-0.0380434220928773
"chr18-0052",-0.00232773238775273
"chr18-0053",0.0157901217394962
"chr18-0054",0.046609484196086
"chr18-0055",-0.0402133442791573
"chr18-0056",-0.0154767823456652
"chr18-0057",-0.0154862132108968
"chr18-0058",-0.0170784330164185
"chr18-0059",0.00166638557428607
"chr18-0060",0.0409187805119468
"chr18-0061",-0.117450877901007
"chr18-0062",0.0918631008310424
"chr18-0063",0.0290912935306551
"chr18-0064",0.011682302465972
"chr18-0065",0.0365719148916058
"chr18-0066",0.0909612365592636
"chr18-0067",-0.00424689495669287
"chr18-0068",0.0261311187726924
"chr18-0069",-0.0430252256856128
"chr18-0070",0.0131338593373359
"chr18-0071",0.0400969491879989
"chr18-0072",0.0568278411273624
"chr18-0073",0.00572844345737347
"chr18-0074",-0.00891793020045561
"chr18-0075",-0.0393829919984101
"chr18-0076",0.0944332346465352
"chr18-0077",0.0426109611792358
"chr18-0078",-0.0165221368380096
"chr18-0079",-0.188658506195913
"chr18-0080",0.0240477239241059
"chr18-0081",0.109406088205288
"chr18-0082",-0.0934206174323775
"chr18-0083",-0.0528790219194957
"chr18-0084",0.0233272139111469
"chr18-0085",0.0333767660954656
"chr18-0086",0.0462039510173327
"chr18-0087",-0.00372741815752403
"chr18-0088",-0.0844417443737123
"chr18-0089",-0.0862375248695416
"chr18-0090",-0.00339707525491343
"chr18-0091",-0.065044151485562
"chr18-0092",-0.0189845248705652
"chr18-0093",0.0608708656382562
"chr18-0094",-0.013499284768682
"chr18-0095",-0.00858827685200591
"chr18-0096",-0.00489950699673168
"chr18-0097",-0.0348345504806416
"chr18-0098",-0.0766956028506061
"chr18-0099",-0.0176832098845015
"chr18-0100",0.00534065075121487
"chr18-0101",-0.189814927761602
"chr18-0102",-0.129848192645426
"chr18-0103",-0.000933588831255253
"chr18-0104",0.0194284861506057
"chr18-0105",0.0398422090688758
"chr18-0106",-0.109704261634478
"chr18-0107",-0.0669652647939692
"chr18-0108",-0.0192192901875151
"chr18-0109",-0.161508171472564
"chr18-0110",-0.0257038377335564
"chr18-0111",0.0396203061450038
"chr18-0112",-0.0560906136067994
"chr18-0113",0.018071095571264
"chr18-0114",-0.0360432954657826
"chr18-0115",-0.083173321441283
"chr18-0116",0.0273860476243713
"chr18-0117",-0.0419526055766679
"chr18-0118",-0.00459121028118846
"chr18-0119",-0.0426700645562117
"chr18-0120",-0.0370128516399389
"chr18-0121",-0.150423959145678
"chr18-0122",-0.0512147445288526
"chr18-0123",-0.0161955547178594
"chr18-0124",-0.0864791109457639
"chr18-0125",0.059825460005795
"chr18-0126",-0.101369748825017
"chr18-0127",0.0165756915346164
"chr18-0128",-0.0282730552459972
"chr18-0129",-0.0183059144010351
"chr18-0130",0.0668141397223643
"chr18-0131",0.0287092120134344
"chr18-0132",-0.147987617662964
"chr18-0133",-0.0659941539982982
"chr18-0134",-0.0257456245127537
"chr18-0135",-0.135474429716894
"chr18-0136",-0.00724613801088086
"chr18-0137",-0.0138742330158218
"chr18-0138",-0.154412675852241
"chr18-0139",-0.110773982876486
"chr18-0140",-0.0401238711708394
"chr18-0141",-0.0902384620801071
"chr18-0142",0.00785360210001578
"chr18-0143",0.0272837846807791
"chr18-0144",-0.0414478941581735
"chr18-0145",0.011640783696632
"chr18-0146",-0.0261139797330816
"chr18-0147",0.0149273227368746
"chr18-0148",-0.198209541612887
"chr18-0149",-0.0147299240508641
"chr18-0150",-0.14884998830097
"chr18-0151",-0.277113705328856
"chr18-0152",0.0383539593473247
"chr18-0153",-0.00328341081761245
"chr18-0154",-0.137744771290043
"chr18-0155",-0.0282004828855528
"chr18-0156",0.0993164550525342
"chr18-0157",-0.0781166830185719
"chr18-0158",-0.123911449073126
"chr18-0159",-0.0208225947298009
"chr18-0160",-0.117093163967184
"chr18-0161",-0.0337507217069449
"chr18-0162",-0.159575445765787
"chr18-0163",-0.12330835555259
"chr18-0164",-0.0804132778514634
"chr18-0165",-0.0502797690012218
"chr18-0166",-0.0212858695019936
"chr18-0167",-0.115317256985556
"chr18-0168",-0.164674302926742
"chr18-0169",-0.219112807683487
"chr18-0170",-0.0564957975617837
"chr18-0171",-0.037140310519985
"chr18-0172",0.0475641375668776
"chr18-0173",0.0803345401323189
"chr18-0174",-0.0695228511600107
"chr18-0175",-0.140240791885624
"chr18-0176",-0.108565913569464
"chr18-0177",-0.0602989511340526
"chr18-0178",-0.10939209344534
"chr18-0179",-0.0661317442772471
"chr18-0180",0.011905426942964
"chr18-0181",-0.0474747274837151
"chr18-0182",-0.0761661764166992
"chr18-0183",0.0273729512658776
"chr18-0184",-0.01841404608646
"chr18-0185",0.0497466461825115
"chr18-0186",-0.0568140597366594
"chr18-0187",-0.0967071434956814
"chr18-0188",-0.116776608515416
"chr18-0189",-0.116458802212602
"chr18-0190",0.0629600707087768
"chr18-0191",0.0721036439679594
"chr18-0192",-0.0595182450058465
"chr18-0193",-0.124631706543116
"chr18-0194",0.013629537434347
"chr18-0195",-0.0375569771843528
"chr18-0196",-0.0326094848757097
"chr18-0197",-0.120566047645686
"chr18-0198",-0.0202391369377027
"chr18-0199",-0.135597964756385
"chr18-0200",-0.0829069719929063
"chr18-0201",-0.0516441912308902
"chr18-0202",-0.0189433579953567
"chr18-0203",-0.147446874480726
"chr18-0204",-0.162196243921343
"chr18-0205",-0.0849917415687851
"chr18-0206",-0.11131387093389
"chr18-0207",-0.135174543613556
"chr18-0208",-0.0962872952029878
"chr18-0209",-0.091470186319109
"chr18-0210",-0.0339174789559887
"chr18-0211",-0.0111078714633899
"chr18-0212",-0.149619846849066
"chr18-0213",-0.00761449852919032
"chr18-0214",0.0163017301227628
"chr18-0215",-0.0201283218146609
"chr18-0216",-0.151425918387839
"chr18-0217",-0.0668459775836883
"chr18-0218",0.0220106405951612
"chr18-0219",0.0538048070327398
"chr18-0220",-0.00908890903218082
"chr18-0221",-0.0750570779931943
"chr18-0222",0.0385410536503504
"chr18-0223",0.040673243750529
"chr18-0224",-0.0760734677880976
"chr18-0225",-0.0641572947195232
"chr18-0226",-0.012844790488786
"chr18-0227",-0.0961902344997665
"chr18-0228",-0.0314977910125926
"chr18-0229",-0.0348825054878208
"chr18-0230",-0.0358746043322837
"chr18-0231",0.00802903707047322
"chr18-0232",-0.128819021480471
"chr18-0233",0.0202201563092857
"chr18-0234",-0.101270605433865
"chr18-0235",-0.0606137067733975
"chr18-0236",-0.0370047122111376
"chr18-0237",0.00624104682795591
"chr18-0238",-0.0606911018042254
"chr18-0239",-0.0407080548116009
"chr18-0240",-0.0478141139196972
"chr18-0241",-0.0758691621502168
"chr18-0242",0.0104970531157817
"chr18-0243",-0.134580377239267
"chr18-0244",0.0508123934593147
"chr18-0245",-0.0386252068944644
"chr18-0246",-0.0334830481759883
"chr18-0247",-0.0481242636713083
"chr18-0248",-0.0806106905036775
"chr18-0249",-0.04283945471883
"chr18-0250",-0.0257557006064381
"chr18-0251",-0.0151246134135012
"chr18-0252",0.1078116297169
"chr18-0253",0.0335544581615016
"chr18-0254",0.0774231765518884
"chr18-0255",0.0237056049467451
"chr18-0256",0.00373388508614072
"chr18-0257",0.0166563135275655
"chr18-0258",-0.0221310628278816
"chr18-0259",-0.030633244704138
"chr18-0260",-0.0239915977613375
"chr18-0261",-0.0381003262344351
"chr18-0262",-0.111050613034229
"chr18-0263",-0.0835135021489916
"chr18-0264",0.0248661548302062
"chr18-0265",-0.0246458830828102
"chr18-0266",-0.0277808909606892
"chr18-0267",-0.110804757686526
"chr18-0268",-0.0149815106146648
"chr18-0269",-0.0227969663038827
"chr18-0270",-0.0766002985896891
"chr18-0271",0.0770900000690914
"chr18-0272",-0.0298781909513347
"chr18-0273",-0.00274289821188794
"chr18-0274",-0.0292288507310825
"chr18-0275",-0.0182547773340684
"chr18-0276",-0.0360859764953495
"chr18-0277",0.0980855415450683
"chr18-0278",-0.00353055850378487
"chr18-0279",0.184992624095598
"chr18-0280",-0.0903769147975377
"chr18-0281",0.00374951200252935
"chr18-0282",-0.107854648752947
"chr18-0283",-0.0299295800458386
"chr18-0284",-0.0468602038511668
"chr18-0285",-0.020284782976162
"chr18-0286",-0.182091752248787
"chr18-0287",-0.152511866218328
"chr18-0288",-0.0723247420212755
"chr18-0289",0.0715014581245546
"chr18-0290",0.0364530671126751
"chr18-0291",-0.102619179544212
"chr18-0292",-0.0253943603539827
"chr18-0293",-0.0989676875388025
"chr18-0294",0.0112150947697454
"chr18-0295",-0.045538436767898
"chr18-0296",-0.0704307927295054
"chr18-0297",-0.0101295332544176
"chr18-0298",-0.00321860334353908
"chr18-0299",-0.193269864275281
"chr18-0300",-0.0435902996513877
"chr18-0301",-0.129043370473058
"chr18-0302",0.0101859524329453
"chr18-0303",-0.0534518184555175
"chr18-0304",-0.0433624770341576
"chr18-0305",0.0486593775298593
"chr18-0306",0.084581475829422
"chr18-0307",0.0800419635276143
"chr18-0308",-0.0530350147072183
"chr18-0309",-0.08512515384633
"chr18-0310",-0.138899407702966
"chr18-0311",0.0661955516119633
"chr18-0312",-0.117067640464651
"chr18-0313",-0.0714552462487523
"chr18-0314",-0.0337740944477449
"chr18-0315",-0.0246605107485358
"chr18-0316",-0.0767255459233866
"chr18-0317",-0.0416576393750189
"chr18-0318",-0.0235078029133783
"chr18-0319",0.00712316897076528
"chr18-0320",-0.119074916046865
"chr18-0321",-0.0321062531214657
"chr18-0322",0.0275095298034051
"chr18-0323",-0.0343185441275872
"chr18-0324",-0.0528310934862241
"chr18-0325",-0.0401807014199063
"chr18-0326",0.00893800904954473
"chr18-0327",0.102056407345392
"chr18-0328",-0.0210515239924877
"chr18-0329",-0.0288291189616257
"chr18-0330",0.0255708005505252
"chr18-0331",-0.106216205136876
"chr18-0332",0.00735893508028896
"chr18-0333",-0.140372332750302
"chr18-0334",-0.0817284429955953
"chr18-0335",-0.132444081116464
"chr18-0336",0.073931658355825
"chr18-0337",0.0335163813499936
"chr18-0338",0.0275054282315579
"chr18-0339",-0.159139721094489
"chr18-0340",0.0799708646545551
"chr18-0341",0.0166558229799428
"chr18-0342",-0.0929938857138526
"chr18-0343",-0.0481088493210366
"chr18-0344",-0.0141609405125254
"chr18-0345",0.0979322098908542
"chr18-0346",0.0581335050951251
"chr18-0347",0.0604902071688302
"chr18-0348",0.111088788548668
"chr18-0349",0.0407338484798331
"chr18-0350",0.107707349944605
"chr18-0351",0.018066066292144
"chr18-0352",0.0193310848317551
"chr18-0353",0.0581244551956802
"chr18-0354",0.20221531136869
"chr18-0355",0.10073185522203
"chr18-0356",0.00410779964633305
"chr18-0357",0.0926436280049429
"chr18-0358",0.0587294627784566
"chr18-0359",-0.0310476494996948
"chr18-0360",0.0363138494087468
"chr18-0361",0.00484110222303871
"chr18-0362",0.0808924067969222
"chr18-0363",0.0294185760669035
"chr18-0364",0.0276850321857855
"chr18-0365",0.0316194161038673
"chr18-0366",-0.0392230051198201
"chr18-0367",-0.086199637145804
"chr18-0368",0.0755073479888663
"chr18-0369",-0.109546012095604
"chr18-0370",-0.0209768511782225
"chr18-0371",-0.0546512202716375
"chr18-0372",0.0387934489683419
"chr18-0373",0.00694538014000628
"chr18-0374",-0.0457237520492856
"chr18-0375",-0.0105323338044721
"chr18-0376",0.0260330681472922
"chr18-0377",0.0196952448827799
"chr18-0378",-0.0464956188576021
"chr18-0379",0.0571602920230797
"chr18-0380",0.0815593365829148
"chr18-0381",0.0288640996318682
"chr18-0382",0.0715344956599759
"chr18-0383",0.113621349221486
"chr18-0384",0.0504042790774477
"chr18-0385",0.0925802184836848
"chr18-0386",0.105013396092989
"chr18-0387",0.0222602523821223
"chr18-0388",0.0640536630284767
"chr18-0389",0.0621916316774323
"chr18-0390",-0.12075716450193
"chr18-0391",0.103028819676324
"chr18-0392",0.00107382159149581
"chr18-0393",-0.0748764572895324
"chr19-0001",0.00118086369359357
"chr19-0002",0.0250381409017409
"chr19-0003",0.0336355949883618
"chr19-0004",0.0836996993369819
"chr19-0005",-0.0101437615902774
"chr19-0006",0.0345806992835607
"chr19-0007",0.0910462720813416
"chr19-0008",0.0586563333601695
"chr19-0009",0.0704667580759679
"chr19-0010",0.0430421491902724
"chr19-0011",0.0252706931394489
"chr19-0012",0.0259458771594211
"chr19-0013",0.110425500555449
"chr19-0014",-0.0188198818286654
"chr19-0015",0.0216213753809499
"chr19-0016",0.0566891262522507
"chr19-0017",-0.0271295019544853
"chr19-0018",0.00462829617889769
"chr19-0019",0.0447876002522997
"chr19-0020",0.0298763047487167
"chr19-0021",-0.060645869513799
"chr19-0022",0.0617127218118673
"chr19-0023",0.0556327751903861
"chr19-0024",0.118475148600351
"chr19-0025",0.0277720707665336
"chr19-0026",0.0677832197820978
"chr19-0027",0.0919622003512327
"chr19-0028",0.00864015305677006
"chr19-0029",0.0532285200466497
"chr19-0030",0.0926822593595547
"chr19-0031",0.0135483083555324
"chr19-0032",0.0730017696183149
"chr19-0033",0.0155653816737257
"chr19-0034",0.0677499750357822
"chr19-0035",-0.0488919005750651
"chr19-0036",0.0515713746985255
"chr19-0037",0.0582302234922749
"chr19-0038",0.0282101449974048
"chr19-0039",0.0750279869099798
"chr19-0040",0.0206683393563095
"chr19-0041",0.0338663520853186
"chr19-0042",0.0448233320201745
"chr19-0043",0.0346952513810065
"chr19-0044",-0.0123451847205514
"chr19-0045",0.0697872604562991
"chr19-0046",-0.020172487097494
"chr19-0047",0.0703548814887759
"chr19-0048",-0.0765219146616221
"chr19-0049",0.0158838716171367
"chr19-0050",0.0798324285922018
"chr19-0051",0.0147755588307612
"chr19-0052",0.127292165784116
"chr19-0053",-0.0256223681934139
"chr19-0054",-0.00325787105360239
"chr19-0055",0.0438155753813698
"chr19-0056",0.0293972299978169
"chr19-0057",0.1148900961587
"chr19-0058",0.0570362483622066
"chr19-0059",-0.0691048221101392
"chr19-0060",0.0911276872953071
"chr19-0061",-0.0733990772161303
"chr19-0062",0.0198885782341013
"chr19-0063",0.00686347031375785
"chr19-0064",0.085935616963657
"chr19-0065",0.0564558963647947
"chr19-0066",0.0720032843741895
"chr19-0067",0.0478913598351595
"chr19-0068",-0.0479596891336889
"chr19-0069",0.00757817400878349
"chr19-0070",-0.0605135980361107
"chr19-0071",0.0647826934653942
"chr19-0072",0.0177946637103489
"chr19-0073",0.00375374877289893
"chr19-0074",-0.0332960897295095
"chr19-0075",0.0147104365304319
"chr19-0076",-0.0053075184570351
"chr19-0077",0.0645222039858951
"chr19-0078",0.0791860691581062
"chr19-0079",0.00586168404928593
"chr19-0080",0.171687190484788
"chr19-0081",0.13268075122609
"chr19-0082",0.0817242266608895
"chr19-0083",-0.0254472320080505
"chr19-0084",-0.00713862477445946
"chr19-0085",-0.0185720103380677
"chr19-0086",-0.0939538647228499
"chr19-0087",-0.004269152861867
"chr19-0088",0.0584990420699487
"chr19-0089",-0.0727652072142446
"chr19-0090",0.109777689107224
"chr19-0091",0.0573105104042035
"chr19-0092",0.0334301735324124
"chr19-0093",0.0904054993505195
"chr19-0094",-0.0961757805374537
"chr19-0095",-0.0168771874165784
"chr19-0096",-0.0710906978683331
"chr19-0097",-0.0334453320433038
"chr19-0098",-0.00180313644317998
"chr19-0099",-0.0710218155159277
"chr19-0100",0.0270037727076464
"chr19-0101",-0.00597361992051278
"chr19-0102",0.0464553255202176
"chr19-0103",0.0415738007238235
"chr19-0104",-0.0206077788000783
"chr19-0105",-0.00207266114475962
"chr19-0106",0.0111123147666969
"chr19-0107",-0.00106551409087031
"chr19-0108",-0.0409712180185073
"chr19-0109",0.0424901079772329
"chr19-0110",0.0458135089261922
"chr19-0111",-0.0312115702054944
"chr19-0112",-0.0514178870247452
"chr19-0113",0.0135326274933444
"chr19-0114",-0.0682884040095014
"chr19-0115",-0.182135835294827
"chr19-0116",-0.152360903483676
"chr19-0117",0.0152628488142135
"chr19-0118",-0.0602051908271055
"chr19-0119",-0.0579395440453278
"chr19-0120",-0.118725846438589
"chr19-0121",0.0565461605686603
"chr19-0122",0.0975108709735007
"chr19-0123",-0.0126327277586741
"chr19-0124",0.0277635252645701
"chr19-0125",-0.0974578945910025
"chr19-0126",-0.00260436241494374
"chr19-0127",-0.00457783928223277
"chr19-0128",0.0083089488753119
"chr19-0129",-0.0427257292626111
"chr19-0130",-0.0406383921288227
"chr19-0131",0.0472819113093449
"chr19-0132",-0.0424554472361461
"chr19-0133",0.0351096344273701
"chr19-0134",-0.090312755277321
"chr19-0135",-0.0383038398089008
"chr19-0136",0.0706826418040776
"chr19-0137",0.0329332242918109
"chr19-0138",0.0534516423027268
"chr19-0139",-0.00842333425997441
"chr19-0140",0.0469890905782144
"chr19-0141",-0.0106369790641809
"chr19-0142",0.0324738449489027
"chr19-0143",-0.0269687233341932
"chr19-0144",-0.0237133391109574
"chr19-0145",-0.00211986746431284
"chr19-0146",0.0181030619987617
"chr19-0147",0.032612205126781
"chr19-0148",-0.0526872286403421
"chr19-0149",0.0418524576985951
"chr19-0150",-0.101316463787773
"chr19-0151",-0.0690406195885983
"chr19-0152",-0.0208318425099208
"chr19-0153",-0.0767632275423273
"chr19-0154",0.0101262225867573
"chr19-0155",-0.138160614949398
"chr19-0156",-0.00930927867600944
"chr19-0157",-0.0107435293211463
"chr19-0158",0.020290688485112
"chr19-0159",-0.0879975555013306
"chr19-0160",-0.0142996784563187
"chr19-0161",-0.010073581119965
"chr19-0162",-0.0236788238325977
"chr19-0163",0.0267917288695365
"chr19-0164",-0.0756818950995616
"chr19-0165",-0.0359126529792752
"chr19-0166",0.138756507429389
"chr19-0167",-0.017489896515306
"chr19-0168",-0.0117392234119513
"chr19-0169",-0.0202493370735417
"chr19-0170",-0.070708194160668
"chr19-0171",-0.0534396452173871
"chr19-0172",-0.0326277364925767
"chr19-0173",0.0152774044544454
"chr19-0174",-0.0387512692472047
"chr19-0175",0.049896368094162
"chr19-0176",-0.0426241031996568
"chr19-0177",0.0330137154667743
"chr19-0178",0.00286616977680387
"chr19-0179",-0.113090334741378
"chr19-0180",-0.00861950929399687
"chr19-0181",0.045283096996301
"chr19-0182",0.018475113340781
"chr19-0183",-0.0304807560741296
"chr19-0184",-0.106189298094582
"chr19-0185",-0.0405838164965297
"chr19-0186",-0.0572702266976214
"chr19-0187",-0.0565993875270606
"chr19-0188",0.0410313230100196
"chr19-0189",-0.00631305544827376
"chr19-0190",0.0386815267442751
"chr19-0191",0.0297940505433036
"chr19-0192",-0.0181278388484241
"chr19-0193",0.0110837675006926
"chr19-0194",-0.095816575144385
"chr19-0195",-0.0795769557142045
"chr19-0196",-0.094595880416652
"chr19-0197",-0.0593313226849402
"chr19-0198",-0.0423148288341694
"chr19-0199",0.0245874345960698
"chr19-0200",0.0372445226054194
"chr19-0201",0.017848716182656
"chr19-0202",0.016376152496516
"chr19-0203",0.0581579591490529
"chr19-0204",0.0485215030809776
"chr19-0205",0.0392803124803913
"chr19-0206",-0.0516356997190249
"chr19-0207",0.00236759698232702
"chr19-0208",-0.0260153796912896
"chr19-0209",-0.0683779051470977
"chr19-0210",0.0205585004210771
"chr19-0211",-0.00394826622454656
"chr19-0212",-0.0386943278845121
"chr19-0213",0.0277158008730632
"chr19-0214",0.00561824494096039
"chr19-0215",-0.0188332905845956
"chr19-0216",-0.0272090721323449
"chr19-0217",0.0165065058292522
"chr19-0218",-0.0155046770386276
"chr19-0219",0.00693749447867051
"chr19-0220",-0.0750480749147962
"chr19-0221",-0.0468435230159771
"chr19-0222",0.012858074074115
"chr19-0223",-0.0248188325646288
"chr19-0224",-0.0396626539366072
"chr19-0225",-0.0241231977286585
"chr19-0226",-0.0197345199892106
"chr19-0227",-0.0826874028286492
"chr19-0228",-0.0277944526626554
"chr19-0229",-0.0500638810705391
"chr19-0230",0.0159800823059834
"chr19-0231",0.0708060572136343
"chr19-0232",-0.0396038886473067
"chr19-0233",0.0338378886735849
"chr19-0234",0.0536245236748969
"chr19-0235",0.0532612149785768
"chr19-0236",0.00759571570550475
"chr19-0237",0.027267359452684
"chr19-0238",-0.0165132514936238
"chr19-0239",0.00659190751124736
"chr19-0240",0.0046512333931709
"chr19-0241",-0.0377295683967815
"chr19-0242",-0.0449390362088152
"chr19-0243",-0.0162698660541584
"chr19-0244",0.00467635182035197
"chr19-0245",0.0333096534359007
"chr19-0246",-0.0147271073951336
"chr19-0247",0.0777881464892092
"chr19-0248",-0.0443543663894885
"chr19-0249",-0.00899983750301278
"chr19-0250",-0.00260627087162658
"chr19-0251",-0.04576780470787
"chr19-0252",-0.0599439752013548
"chr19-0253",0.0354673992740819
"chr19-0254",-0.0240335831050538
"chr19-0255",0.0628121284514193
"chr19-0256",-0.0837534114497313
"chr19-0257",-0.136915621064615
"chr19-0258",-0.0499069940944268
"chr19-0259",-0.0271175666775415
"chr19-0260",0.0349657718292822
"chr19-0261",0.0810049624565972
"chr19-0262",-0.0141907215004221
"chr19-0263",-0.0386045239618662
"chr19-0264",-0.0819732397081481
"chr19-0265",-0.00394702835812782
"chr19-0266",-0.0844889857740112
"chr19-0267",-0.157954197937516
"chr19-0268",0.0326043321126794
"chr19-0269",-0.106132760729831
"chr19-0270",-0.121531316946718
"chr19-0271",-0.0976212024860693
"chr19-0272",-0.0526482754576338
"chr19-0273",0.0825476346794884
"chr19-0274",0.0248050619090069
"chr19-0275",-0.122427266878538
"chr19-0276",-0.0632188111135305
"chr19-0277",0.0026932212995274
"chr19-0278",0.032459176080009
"chr19-0279",-0.0363281686019836
"chr19-0280",-0.0366419967637955
"chr19-0281",-0.0674122092370682
"chr19-0282",0.0151229524636557
"chr19-0283",-0.00393267279284255
"chr19-0284",-0.131240579418504
"chr19-0285",0.0360853842312859
"chr19-0286",-0.0819382145113137
"chr19-0287",-0.0639704188444415
"chr19-0288",0.0463922819219422
"chr19-0289",0.0649354538383564
"chr19-0290",0.0205434682346495
"chr19-0291",0.0311822777539417
"chr19-0292",-0.0852745519107997
"chr19-0293",-0.0401056327931962
"chr19-0294",0.0769920009524793
"chr19-0295",0.052762281481673
"chr19-0296",-0.113268427046325
"chr19-0297",-0.0392339458177201
"chr19-0298",-0.00510099408895065
"chr19-0299",-0.0290726262562269
"chr19-0300",0.00455056839135703
"chr19-0301",-0.0196612044415687
"chr19-0302",-0.0284484010520356
"chr19-0303",0.0114215717088796
"chr19-0304",0.0851054552450146
"chr19-0305",0.00398281433977766
"chr19-0306",-0.072828013716487
"chr19-0307",0.084025743343251
"chr19-0308",-0.0124809142401082
"chr19-0309",-0.0356655027643976
"chr19-0310",-0.082553238046414
"chr19-0311",0.0360088984951442
"chr19-0312",-0.0111292072429582
"chr19-0313",-0.142580860393522
"chr19-0314",-0.0198652374813046
"chr19-0315",-0.016058345916354
"chr19-0316",-0.0268957307952644
"chr19-0317",0.0958943681486595
"chr19-0318",-0.0717866480637024
"chr19-0319",-0.0825866758705773
"chr19-0320",-0.043178734888413
"chr19-0321",-0.0379855747787885
"chr19-0322",-0.0042254531037102
"chr19-0323",0.00516264177857031
"chr19-0324",0.0772026622006341
"chr19-0325",-0.0900305398451465
"chr19-0326",0.00832871501697446
"chr19-0327",-0.0639828629549182
"chr19-0328",-0.0637453992306956
"chr19-0329",-0.0283643404421816
"chr19-0330",-0.0701766557465937
"chr19-0331",-0.0149052568364809
"chr19-0332",-0.0104393762239454
"chr19-0333",-0.0305807248773547
"chr19-0334",-0.0278495758695281
"chr19-0335",-0.110729907225282
"chr19-0336",-0.0127639030023926
"chr19-0337",-0.00314775840570524
"chr19-0338",-0.00514605387929438
"chr19-0339",0.0275504259161206
"chr19-0340",-0.0667933067910591
"chr19-0341",0.0258336963460863
"chr19-0342",-0.0488191538746291
"chr19-0343",0.032409207168491
"chr19-0344",-0.00808492397387851
"chr19-0345",-0.0285616218837012
"chr19-0346",-0.00801993142581159
"chr19-0347",-0.0490484351309104
"chr19-0348",0.10941979670034
"chr19-0349",-0.0560482256982593
"chr19-0350",-0.0391370516421398
"chr19-0351",-0.0462412798849324
"chr19-0352",-0.0214813129771959
"chr19-0353",-0.0490540676983974
"chr19-0354",0.0571969207717937
"chr19-0355",-0.0974962866667644
"chr19-0356",-0.009555329173374
"chr19-0357",-0.0305074979898369
"chr19-0358",-0.0142920773146494
"chr19-0359",-0.0811001705778941
"chr19-0360",0.0252947709108192
"chr19-0361",0.0508279249507636
"chr19-0362",0.061308050602399
"chr19-0363",0.0943923217220082
"chr19-0364",0.00874761485102299
"chr19-0365",0.0115993907537038
"chr19-0366",-0.0693040428149958
"chr19-0367",-0.00960513126125012
"chr19-0368",-0.0546738033354936
"chr19-0369",-0.00202849786286752
"chr19-0370",0.026446708186115
"chr19-0371",0.0506160927805196
"chr19-0372",-0.0283392026113754
"chr19-0373",0.0210306386674437
"chr19-0374",-0.133366864398854
"chr19-0375",0.0149436386916109
"chr19-0376",-0.029525035921241
"chr19-0377",0.0580728493167748
"chr19-0378",-0.0469652081719194
"chr19-0379",-0.0759258871923444
"chr19-0380",-0.0120270668301984
"chr19-0381",0.0107174488590913
"chr19-0382",-0.131800604495134
"chr19-0383",-0.080099390875871
"chr19-0384",-0.0842198500463924
"chr19-0385",0.0332367881650443
"chr19-0386",-0.0473430353384101
"chr19-0387",0.00246158976969737
"chr19-0388",-0.0383242126747509
"chr19-0389",-0.0860751791083539
"chr19-0390",-0.000228974098449851
"chr19-0391",0.046890595821
"chr19-0392",-0.0262293724129351
"chr19-0393",0.0220191347187085
"chr19-0394",-0.102070676492099
"chr19-0395",-0.0126739040050807
"chr19-0396",0.0458557770510449
"chr19-0397",0.023270529857461
"chr19-0398",-0.0179461309609903
"chr19-0399",-0.0401623707443508
"chr19-0400",-0.17627260991531
"chr19-0401",-0.1200751729255
"chr19-0402",-0.000316293745023926
"chr19-0403",0.0480800780973023
"chr19-0404",-0.0384613161410606
"chr19-0405",-0.0505449595893725
"chr19-0406",-0.0627674473993214
"chr19-0407",-0.0205259943571399
"chr19-0408",-0.00916538074882324
"chr19-0409",-0.00946131904268091
"chr19-0410",-0.0159227516129931
"chr19-0411",-0.0658222199896784
"chr19-0412",-0.154646405043123
"chr19-0413",0.0705893885135409
"chr19-0414",0.0170921585402173
"chr19-0415",-0.10094285760764
"chr19-0416",-0.0387592223786697
"chr19-0417",0.0538554033320917
"chr19-0418",0.0239482929292159
"chr19-0419",-0.0035305523140198
"chr19-0420",-0.0289706068511426
"chr19-0421",-0.108698297946414
"chr19-0422",0.0377579505102877
"chr19-0423",0.00144127745900187
"chr19-0424",0.0314433692591685
"chr19-0425",0.0890024056104133
"chr19-0426",-0.0992535448048045
"chr19-0427",-0.124930199210367
"chr19-0428",-0.0101604042042228
"chr19-0429",0.0227690687713236
"chr19-0430",0.00765330240896996
"chr19-0431",-0.0511681073141473
"chr19-0432",-0.0715706783699353
"chr19-0433",-0.0242778677742586
"chr19-0434",-0.116026554440681
"chr19-0435",-0.061308781370092
"chr19-0436",-0.0750688668966983
"chr19-0437",0.121570133759027
"chr19-0438",-0.0285716796505442
"chr19-0439",0.0113067680916032
"chr19-0440",-0.0012345820855923
"chr19-0441",-0.156091494547278
"chr19-0442",-0.0658895220573762
"chr19-0443",-0.0173337988892439
"chr19-0444",-0.011306237593525
"chr19-0445",-0.00187864609348816
"chr19-0446",-0.0390784323418199
"chr19-0447",-0.0445376679423265
"chr19-0448",0.0524113259363733
"chr19-0449",-0.0320058842102892
"chr19-0450",0.0489284360560402
"chr19-0451",0.0783210986354669
"chr19-0452",0.00905567998734813
"chr19-0453",-0.0567191332374242
"chr19-0454",-0.0698294884898245
"chr19-0455",-0.0134998164951423
"chr19-0456",-0.0152989881228113
"chr19-0457",-0.00578828837637431
"chr19-0458",0.0136715081933964
"chr19-0459",-0.0515257280821744
"chr19-0460",0.00103548974342524
"chr19-0461",0.0616354482863318
"chr19-0462",-0.0679489437991146
"chr19-0463",0.0489658069393044
"chr19-0464",-0.0288740213070575
"chr19-0465",-0.0526440950574576
"chr19-0466",0.0712248654920841
"chr19-0467",-0.0335004893478132
"chr19-0468",-0.137104216146161
"chr19-0469",0.0798806347442909
"chr19-0470",-0.0524609771511611
"chr19-0471",0.0671627954382238
"chr19-0472",0.0155302347527688
"chr19-0473",0.0370156685452625
"chr19-0474",0.0551520431423154
"chr19-0475",-0.00394955541306613
"chr19-0476",-0.00970730288486381
"chr19-0477",0.0244309227121701
"chr19-0478",0.05600697920694
"chr19-0479",0.00817288579743788
"chr19-0480",0.0577636645789497
"chr19-0481",0.0585979704725459
"chr19-0482",-0.0924826423477942
"chr19-0483",0.0568975212396015
"chr19-0484",0.0420442981590205
"chr19-0485",-0.0502766285703199
"chr19-0486",-0.192409624902132
"chr19-0487",0.0984573503929181
"chr19-0488",-0.169813530960429
"chr19-0489",0.0576006617031002
"chr19-0490",0.00681817409369958
"chr19-0491",0.0330021550471236
"chr19-0492",0.0172148601396204
"chr19-0493",-0.0186524044592528
"chr19-0494",-0.0367428816185812
"chr19-0495",0.0128251670854054
"chr19-0496",-0.044502735589333
"chr19-0497",0.0143187636123963
"chr19-0498",-0.00180820447254077
"chr19-0499",0.0208680164473316
"chr19-0500",-0.0798138113542797
"chr19-0501",-0.00878081219464932
"chr19-0502",-0.018850544412109
"chr19-0503",-0.00612266043124091
"chr19-0504",0.0893571842644955
"chr19-0505",0.0783664368859429
"chr19-0506",-0.077588806403017
"chr19-0507",0.0142229738804029
"chr19-0508",-0.0316755504342975
"chr19-0509",-0.0218314461049531
"chr19-0510",-0.0191468235235752
"chr19-0511",-0.00209781249278924
"chr19-0512",0.0575360006470671
"chr19-0513",0.0139146326958474
"chr19-0514",-0.0900953396614577
"chr19-0515",-0.133711992799894
"chr19-0516",-0.0687949721834056
"chr19-0517",-0.0426408120429977
"chr19-0518",-0.00702742365494696
"chr19-0519",-0.0653678661194528
"chr19-0520",-0.0267448145120487
"chr19-0521",0.0471519010376076
"chr19-0522",-0.0450667767263138
"chr19-0523",0.00771816883137517
"chr19-0524",0.0670491768674137
"chr19-0525",0.0183138656186075
"chr19-0526",-0.0208414959068765
"chr19-0527",-0.0231802895210869
"chr19-0528",0.00994505910494068
"chr19-0529",0.0236941395045128
"chr19-0530",-0.0174212558549549
"chr19-0531",-0.196351081217411
"chr19-0532",-0.061085795377306
"chr19-0533",-0.0453430579066451
"chr19-0534",-0.0843458413665324
"chr19-0535",-0.0707555971829897
"chr19-0536",-0.112894246383821
"chr19-0537",-0.0182933776565354
"chr19-0538",-0.0640297232758691
"chr19-0539",0.0568175858821762
"chr19-0540",-0.0911526741113302
"chr19-0541",-0.066198869676726
"chr19-0542",0.0307266764657219
"chr19-0543",-0.00494088712426602
"chr19-0544",-0.0122964668140711
"chr19-0545",0.0215004570324661
"chr19-0546",0.070735347090443
"chr19-0547",-0.0602617003936733
"chr19-0548",-0.0601580440730245
"chr19-0549",-0.0855461618143499
"chr19-0550",-0.175878835319205
"chr19-0551",-0.0484319068467623
"chr19-0552",0.0305640076482759
"chr19-0553",-0.067150943125727
"chr19-0554",-0.0512292066808555
"chr19-0555",0.0320068944592005
"chr19-0556",-0.0928065494712556
"chr19-0557",-0.0920171511129851
"chr19-0558",-0.028748647782592
"chr19-0559",-0.102963736393765
"chr19-0560",-0.122312622152037
"chr19-0561",0.137219565916082
"chr19-0562",0.111612377140344
"chr19-0563",-0.184237542658488
"chr19-0564",-0.10222154200599
"chr19-0565",0.0533663707784009
"chr19-0566",0.0309234931557636
"chr19-0567",0.0392411185293009
"chr19-0568",0.0772751047682556
"chr19-0569",0.00539007548791363
"chr19-0570",0.0330751663489222
"chr19-0571",0.00570719106839011
"chr19-0572",0.0177008792326343
"chr19-0573",0.0361246311292738
"chr19-0574",0.0322038646221258
"chr19-0575",-0.0146291520046657
"chr19-0576",0.00611962997974041
"chr19-0577",0.00896728887196507
"chr19-0578",0.144147572873906
"chr19-0579",-0.104991388417006
"chr19-0580",0.00491917166812559
"chr19-0581",0.00751006076438198
"chr19-0582",-0.0272365511401898
"chr19-0583",-0.0646737390893956
"chr19-0584",0.0588512916032738
"chr19-0585",0.0698798103044374
"chr19-0586",0.0155678759474332
"chr19-0587",0.00198627477842439
"chr19-0588",0.0380718187829198
"chr19-0589",-0.0592715426562281
"chr19-0590",0.0356174539271366
"chr19-0591",-0.068963306195354
"chr19-0592",-0.11487321234071
"chr19-0593",-0.157846075281673
"chr19-0594",0.104317126899236
"chr19-0595",0.123869440538604
"chr19-0596",0.003354549143178
"chr19-0597",-0.0264274989102243
"chr19-0598",-0.0527797617498628
"chr19-0599",0.00868176530487135
"chr19-0600",-0.0135994250237968
"chr19-0601",-0.0268180942726505
"chr19-0602",0.00466533117048236
"chr19-0603",0.00834686993106207
"chr19-0604",-0.0841978980448322
"chr19-0605",-0.0609895224428404
"chr19-0606",-0.0293539176078589
"chr19-0607",0.022144899185409
"chr19-0608",-0.0449268469720695
"chr19-0609",-0.047000778306405
"chr19-0610",0.0167691685959378
"chr19-0611",-0.121857391937625
"chr19-0612",-0.0962770622853908
"chr19-0613",-0.00413872320408422
"chr19-0614",-0.0337141617546292
"chr19-0615",-0.0646032820082217
"chr19-0616",-0.0558171163629043
"chr19-0617",-0.0103520485681569
"chr19-0618",-0.0240907382195083
"chr19-0619",0.0514638982288462
"chr19-0620",-0.103283254318345
"chr19-0621",0.00307585071803119
"chr19-0622",-0.010815417880241
"chr19-0623",0.00852450037158091
"chr2-0001",-0.0115620873918681
"chr2-0002",-0.0396205760899692
"chr2-0003",-0.018057185473497
"chr2-0004",0.00212627052696586
"chr2-0005",0.0815915432670222
"chr2-0006",0.0124559926204385
"chr2-0007",0.0132062633172826
"chr2-0008",0.0140388336073923
"chr2-0009",0.0862616888557039
"chr2-0010",-0.00530227890124288
"chr2-0011",-0.0457454572568563
"chr2-0012",-0.0017003201266252
"chr2-0013",0.0643560786048004
"chr2-0014",0.000645062404463904
"chr2-0015",-0.0460348254392869
"chr2-0016",-0.0867313145960092
"chr2-0017",0.0148620139977464
"chr2-0018",0.0187304945717877
"chr2-0019",-0.037975724188027
"chr2-0020",0.0633936357643235
"chr2-0021",0.0682779002463363
"chr2-0022",0.0132336708629037
"chr2-0023",-0.00248011203732173
"chr2-0024",-0.0363573734355557
"chr2-0025",0.00710292182716688
"chr2-0026",0.0866939486916841
"chr2-0027",0.0616114864139442
"chr2-0028",-0.0516148505217589
"chr2-0029",0.0281233702016027
"chr2-0030",-0.0076828220075184
"chr2-0031",-0.0441311648648789
"chr2-0032",0.0293006404879152
"chr2-0033",0.0448421043793074
"chr2-0034",0.0342025961450067
"chr2-0035",0.0375242637811443
"chr2-0036",0.120596543294655
"chr2-0037",0.0725873351548666
"chr2-0038",0.0589010492372739
"chr2-0039",0.0426392127579951
"chr2-0040",0.0278196816334732
"chr2-0041",0.0403813895880983
"chr2-0042",-0.0675136238634019
"chr2-0043",0.0968597308517917
"chr2-0044",-0.0266172496807548
"chr2-0045",-0.013092714780596
"chr2-0046",0.0428785572252251
"chr2-0047",-0.0605725827917395
"chr2-0048",-0.0730140944059343
"chr2-0049",-0.0610282081706524
"chr2-0050",-0.0496841233509683
"chr2-0051",-0.00936875667870697
"chr2-0052",-0.00453047463200036
"chr2-0053",-0.0971077263687546
"chr2-0054",-0.0930761072583347
"chr2-0055",0.000835392159961756
"chr2-0056",-0.030239194027232
"chr2-0057",-0.0683104003434997
"chr2-0058",-0.076274378537353
"chr2-0059",-0.0901359903392355
"chr2-0060",-0.115384876994534
"chr2-0061",-0.00816998388075901
"chr2-0062",-0.0770156256096786
"chr2-0063",-0.0572707490561421
"chr2-0064",-0.0287960633623686
"chr2-0065",0.0262786619422716
"chr2-0066",-0.0644176356448223
"chr2-0067",0.0376398410727889
"chr2-0068",-0.0767220797654729
"chr2-0069",0.0278885315068508
"chr2-0070",-0.0100062955836794
"chr2-0071",0.0422223289144532
"chr2-0072",-0.00498639742169135
"chr2-0073",-0.0734306066876921
"chr2-0074",-0.0360587325466784
"chr2-0075",-0.0164779656170685
"chr2-0076",-0.0370511540781977
"chr2-0077",-0.015619250885323
"chr2-0078",-0.00941780568029691
"chr2-0079",-0.0194148450212597
"chr2-0080",0.0317212804572258
"chr2-0081",0.1026803848162
"chr2-0082",-0.166920030695454
"chr2-0083",-0.0561460802593722
"chr2-0084",-0.0190457634303911
"chr2-0085",-0.0333618034323792
"chr2-0086",0.0456228347442976
"chr2-0087",0.0170172974058369
"chr2-0088",0.0699452244954908
"chr2-0089",0.12900554490664
"chr2-0090",-0.0293416468893541
"chr2-0091",0.0122359986460517
"chr2-0092",-0.0122464087067095
"chr2-0093",-0.0432362607208807
"chr2-0094",-0.0661029422598383
"chr2-0095",-0.0258348088971582
"chr2-0096",-0.0140508584644642
"chr2-0097",0.064259858008081
"chr2-0098",-0.1570623341971
"chr2-0099",-0.00407201831215719
"chr2-0100",-0.0176414099773132
"chr2-0101",0.0293329835733131
"chr2-0102",-0.0141049431299178
"chr2-0103",0.0294229014092548
"chr2-0104",0.0562851190156598
"chr2-0105",-0.00595380509854662
"chr2-0106",-0.0678158705271405
"chr2-0107",0.0222471282098646
"chr2-0108",-0.0178632922618299
"chr2-0109",0.0104072009236089
"chr2-0110",-0.0922351574668353
"chr2-0111",-0.0151380848846907
"chr2-0112",-0.000360215668600153
"chr2-0113",-0.0705931741596041
"chr2-0114",-0.158716333668393
"chr2-0115",-0.0477240366740772
"chr2-0116",-0.0807592972729978
"chr2-0117",-0.0559940258440573
"chr2-0118",-0.0626006946284207
"chr2-0119",-0.07303394891059
"chr2-0120",-0.0583143690820982
"chr2-0121",-0.0130102411412744
"chr2-0122",-0.0860318962899679
"chr2-0123",-0.0112120649641038
"chr2-0124",-0.0712965396756399
"chr2-0125",-0.0365937462103504
"chr2-0126",-0.0791369758333431
"chr2-0127",0.0194993794890398
"chr2-0128",-0.0861287666173025
"chr2-0129",-0.0577359204485103
"chr2-0130",-0.0601430373279358
"chr2-0131",-0.0945998630667279
"chr2-0132",-0.151454282709695
"chr2-0133",-0.0415337202576013
"chr2-0134",-0.0458758434310788
"chr2-0135",-0.0341467283359894
"chr2-0136",-0.00457025764295797
"chr2-0137",-0.085129836376969
"chr2-0138",-0.0626259083788287
"chr2-0139",-0.0543135341650082
"chr2-0140",-0.215784926877137
"chr2-0141",-0.0163601479906491
"chr2-0142",-0.146166769437537
"chr2-0143",-0.0621405318908465
"chr2-0144",-0.0723461169660182
"chr2-0145",-0.139288160109041
"chr2-0146",0.00411196526345372
"chr2-0147",-0.0936013864050799
"chr2-0148",-0.0871926424192618
"chr2-0149",0.00314120722832549
"chr2-0150",-0.0832502665135545
"chr2-0151",-0.0871807556777519
"chr2-0152",-0.0675841459861915
"chr2-0153",-0.040863791123649
"chr2-0154",-0.16615458443533
"chr2-0155",-0.0627058039861409
"chr2-0156",-0.0233818299523144
"chr2-0157",-0.0707242799922548
"chr2-0158",-0.0964848658825501
"chr2-0159",-0.035055047975251
"chr2-0160",-0.00753746222314403
"chr2-0161",0.0521637435062292
"chr2-0162",0.0500934562639968
"chr2-0163",0.0333137205787838
"chr2-0164",-0.0696932702291916
"chr2-0165",-0.106226743050028
"chr2-0166",-0.0683290390747423
"chr2-0167",-0.104355793696833
"chr2-0168",-0.0877813201005248
"chr2-0169",-0.0571196279151393
"chr2-0170",-0.00648980877139008
"chr2-0171",-0.0658632050679315
"chr2-0172",0.0243850025411029
"chr2-0173",0.0536412591238015
"chr2-0174",0.00730760329046953
"chr2-0175",-0.036602550919249
"chr2-0176",0.0302106213719413
"chr2-0177",-0.0292896883439898
"chr2-0178",0.016409557594648
"chr2-0179",-0.0272180420609982
"chr2-0180",-0.023132677768458
"chr2-0181",-0.0404121187970319
"chr2-0182",0.0314704339151116
"chr2-0183",-0.042157114689307
"chr2-0184",-0.103053426548594
"chr2-0185",0.154928505557787
"chr2-0186",-0.0674219283455648
"chr2-0187",-0.00752686438939099
"chr2-0188",-0.150212793075083
"chr2-0189",-0.0339769697741907
"chr2-0190",-0.0509561886995976
"chr2-0191",-0.0100831401302057
"chr2-0192",0.0185467849849959
"chr2-0193",-0.071349002448965
"chr2-0194",-0.0307070499940487
"chr2-0195",0.0151514650755604
"chr2-0196",-0.0575533349354327
"chr2-0197",-0.0394601758461581
"chr2-0198",0.0118668091422406
"chr2-0199",0.00488324796977007
"chr2-0200",-0.0488452900685812
"chr2-0201",0.00873432075701116
"chr2-0202",-0.0484851679758383
"chr2-0203",-0.0977092664501491
"chr2-0204",-0.0474057405538384
"chr2-0205",0.0132905562355314
"chr2-0206",-0.0209039883234091
"chr2-0207",-0.0557967832015522
"chr2-0208",0.0579522487870639
"chr2-0209",0.0937431112519698
"chr2-0210",0.0121507744075463
"chr2-0211",-0.0167313820958131
"chr2-0212",-0.0901438373761346
"chr2-0213",0.0505928863189162
"chr2-0214",-0.0194382630367078
"chr2-0215",-0.00667411718297645
"chr2-0216",-0.0849598840377794
"chr2-0217",0.0205189133351688
"chr2-0218",0.0508038980731897
"chr2-0219",-0.0593354621671506
"chr2-0220",-0.102330987323645
"chr2-0221",-0.0842654799544613
"chr2-0222",-0.0652257194499667
"chr2-0223",-0.105066731317582
"chr2-0224",-0.125425210996183
"chr2-0225",-0.00703956130355525
"chr2-0226",-0.112519658271226
"chr2-0227",0.0392663268298418
"chr2-0228",0.0164444852219827
"chr2-0229",-0.0411265891530122
"chr2-0230",-0.14347098333335
"chr2-0231",-0.0251904326619751
"chr2-0232",-0.0043453063116827
"chr2-0233",-0.0440411970691173
"chr2-0234",-0.0711159469995239
"chr2-0235",-0.0246809874550355
"chr2-0236",-0.0727162504389057
"chr2-0237",-0.0567921319550407
"chr2-0238",-0.0510796643629066
"chr2-0239",0.0258972142931214
"chr2-0240",-0.167959321367476
"chr2-0241",-0.102975165320427
"chr2-0242",0.0635678919601567
"chr2-0243",-0.0682378345248555
"chr2-0244",-0.0731824412863695
"chr2-0245",-0.162552888743523
"chr2-0246",-0.0730011097322693
"chr2-0247",-0.00397635149315534
"chr2-0248",-0.0615693346839539
"chr2-0249",0.0285966052772665
"chr2-0250",0.0724954081419277
"chr2-0251",-0.130437050654892
"chr2-0252",0.00364928049300001
"chr2-0253",-0.0287147081264263
"chr2-0254",-0.120031321791211
"chr2-0255",0.00103507690708992
"chr2-0256",0.021013409343679
"chr2-0257",-0.0664500930462945
"chr2-0258",-0.133306793009992
"chr2-0259",-0.0620382893157856
"chr2-0260",-0.148208568383508
"chr2-0261",-0.0144273895372424
"chr2-0262",-0.106910145190125
"chr2-0263",-0.126523127610502
"chr2-0264",-0.112019335786767
"chr2-0265",0.0226872248886136
"chr2-0266",0.00718606430306708
"chr2-0267",-0.0416652117563272
"chr2-0268",0.0138617294623756
"chr2-0269",0.00308313675476621
"chr2-0270",-0.0582243377804046
"chr2-0271",-0.0432785229806123
"chr2-0272",0.0553576939268008
"chr2-0273",-0.186605650706234
"chr2-0274",0.0307131759441548
"chr2-0275",0.0371833333594708
"chr2-0276",-0.0643548006281055
"chr2-0277",-0.0531706153538551
"chr2-0278",-0.00685360366448799
"chr2-0279",0.0312913006449167
"chr2-0280",-0.0873187219334465
"chr2-0281",0.0128761526704035
"chr2-0282",-0.121251211003301
"chr2-0283",-0.029072878596012
"chr2-0284",-0.0387138225973217
"chr2-0285",0.013687538370893
"chr2-0286",-0.0428013516036765
"chr2-0287",-0.126261642154929
"chr2-0288",-0.020485920190828
"chr2-0289",-0.070698270902278
"chr2-0290",0.0441445987853755
"chr2-0291",0.0362510819294533
"chr2-0292",-0.137689569984971
"chr2-0293",-0.0165877362497032
"chr2-0294",-0.00843873422516207
"chr2-0295",-0.044468267148164
"chr2-0296",-0.0628505639907523
"chr2-0297",0.151411218766585
"chr2-0298",0.172890571790276
"chr2-0299",-0.162402339185255
"chr2-0300",-0.0418190979042131
"chr2-0301",-0.0121977588388362
"chr2-0302",0.0556344458651073
"chr2-0303",0.0191267909818989
"chr2-0304",-0.173970916098017
"chr2-0305",0.00440436039487586
"chr2-0306",-0.0344424354194346
"chr2-0307",-0.0200052470124509
"chr2-0308",-0.0906336525415751
"chr2-0309",0.0240245175040123
"chr2-0310",-0.0537355702282051
"chr2-0311",-0.0277304333497846
"chr2-0312",0.053407689177364
"chr2-0313",0.138833687191017
"chr2-0314",-0.0233567737710907
"chr2-0315",-0.0801230697570955
"chr2-0316",0.08291023123985
"chr2-0317",0.0168725565021307
"chr2-0318",-0.115009414192726
"chr2-0319",-0.151917698860059
"chr2-0320",-0.00665640497353686
"chr2-0321",-0.0686673929821563
"chr2-0322",-0.0734024147064524
"chr2-0323",-0.0177814846197362
"chr2-0324",-0.0957388616673568
"chr2-0325",-0.108755922107229
"chr2-0326",0.0386487836141692
"chr2-0327",-0.0687341396834674
"chr2-0328",-0.0207469076904403
"chr2-0329",-0.00378102602248771
"chr2-0330",0.0151074332162422
"chr2-0331",0.0445069836565162
"chr2-0332",-0.0261631469172494
"chr2-0333",0.0847019889717418
"chr2-0334",-0.10195132892958
"chr2-0335",0.0720945215246669
"chr2-0336",-0.00688280627445672
"chr2-0337",-0.0429512112014791
"chr2-0338",-0.163077194393172
"chr2-0339",0.0490708390248428
"chr2-0340",-0.0646793690546946
"chr2-0341",-0.0530161403800717
"chr2-0342",-0.0113749675986945
"chr2-0343",0.0372517778963639
"chr2-0344",-0.0684623461566746
"chr2-0345",-0.0237924536497453
"chr2-0346",0.00198249234137477
"chr2-0347",-0.0287351925461969
"chr2-0348",-0.00214471068971065
"chr2-0349",-0.0594348472430604
"chr2-0350",-0.0359770690851574
"chr2-0351",-0.0240867196752508
"chr2-0352",0.0245144321262346
"chr2-0353",-0.0993963964278689
"chr2-0354",-0.0189513086477462
"chr2-0355",0.0314660099331326
"chr2-0356",-0.00273891146062568
"chr2-0357",-0.214714801148862
"chr2-0358",-0.0374500911760744
"chr2-0359",-0.105797292054273
"chr2-0360",-0.0539279955542842
"chr2-0361",-0.0555539880107202
"chr2-0362",0.023551465194217
"chr2-0363",-0.147671588353937
"chr2-0364",0.0867422110948311
"chr2-0365",-0.0345898588401272
"chr2-0366",0.0582173356237677
"chr2-0367",0.0464007265731666
"chr2-0368",-0.0387095524614707
"chr2-0369",-0.17225495702995
"chr2-0370",0.090281262345058
"chr2-0371",-0.0424924767171634
"chr2-0372",-0.0507563267316664
"chr2-0373",0.058440541137282
"chr2-0374",0.0161130043846274
"chr2-0375",-0.0409808446272798
"chr2-0376",-0.0727003529716191
"chr2-0377",-0.215441520692955
"chr2-0378",0.0080002267265743
"chr2-0379",0.0670615022053147
"chr2-0380",-0.0142371687574344
"chr2-0381",-0.0370764717104522
"chr2-0382",-0.0605621198755764
"chr2-0383",0.0404992800597733
"chr2-0384",-0.0582637803398946
"chr2-0385",-0.0013354549189665
"chr2-0386",0.0556699470842757
"chr2-0387",-0.105166535367918
"chr2-0388",0.0186783087200278
"chr2-0389",-0.0496218594403391
"chr2-0390",-0.0240825613571654
"chr2-0391",-0.120437338974772
"chr2-0392",-0.129302082369915
"chr2-0393",0.0118204204279233
"chr2-0394",-0.00956820111451989
"chr2-0395",-0.137410831723352
"chr2-0396",-0.0881402394944669
"chr2-0397",-0.137690767577062
"chr2-0398",0.0610432204591326
"chr2-0399",-0.127938267908474
"chr2-0400",-0.0199326886393534
"chr2-0401",-0.157477762605783
"chr2-0402",-0.217020719103518
"chr2-0403",-0.120826269669943
"chr2-0404",-0.180882900538189
"chr2-0405",-0.0605415937974052
"chr2-0406",-0.0358060229104217
"chr2-0407",-0.0567511235657247
"chr2-0408",-0.0476505806801063
"chr2-0409",-0.0429834461146868
"chr2-0410",0.0239187436224568
"chr2-0411",0.0441438879021204
"chr2-0412",-0.0580540808627462
"chr2-0413",-0.15204265231574
"chr2-0414",-0.0252411885939355
"chr2-0415",0.0792662953411571
"chr2-0416",-0.131167196882674
"chr2-0417",-0.0509203630593523
"chr2-0418",0.00324430637332284
"chr2-0419",-0.033864014721954
"chr2-0420",-0.0296475293906916
"chr2-0421",-0.143296272596615
"chr2-0422",-0.0211611589309811
"chr2-0423",0.0231844657603647
"chr2-0424",-0.0946964486140283
"chr2-0425",-0.0693689559347653
"chr2-0426",0.0072414538268516
"chr2-0427",-0.0350092426173293
"chr2-0428",-0.0213442813088749
"chr2-0429",-0.00327899808855559
"chr2-0430",-0.030883300252834
"chr2-0431",-0.0587349420474211
"chr2-0432",-0.0602602308845154
"chr2-0433",-0.0684674408546217
"chr2-0434",-0.0739441439527979
"chr2-0435",-0.045938019157316
"chr2-0436",-0.0236100010361041
"chr2-0437",-0.0615402120594242
"chr2-0438",-0.0207945856412545
"chr2-0439",-0.106316908307497
"chr2-0440",-0.0196062165405207
"chr2-0441",0.0909867941620008
"chr2-0442",-0.10365139993972
"chr2-0443",0.0180588255661024
"chr2-0444",-0.0763135426666226
"chr2-0445",-0.0220317244635631
"chr2-0446",0.0242120766188354
"chr2-0447",-0.131126372443996
"chr2-0448",0.0397671717757925
"chr2-0449",-0.0826772138719863
"chr2-0450",-0.0880324390767052
"chr2-0451",-0.0669705445126418
"chr2-0452",0.0141743105928404
"chr2-0453",-0.00280425937978873
"chr2-0454",-0.0420205011649162
"chr2-0455",0.0779972642860974
"chr2-0456",-0.00710539615271056
"chr2-0457",-0.00333944060177476
"chr2-0458",-0.0268420909875903
"chr2-0459",-0.10240256913853
"chr2-0460",-0.04465889914012
"chr2-0461",-0.0876600408026851
"chr2-0462",-0.0303563253099342
"chr2-0463",0.0175154145221037
"chr2-0464",-0.0601536941504401
"chr2-0465",-0.0334949058948668
"chr2-0466",-0.0307058051345683
"chr2-0467",-0.107327360637916
"chr2-0468",-0.0317550730033406
"chr2-0469",0.0690002081199132
"chr2-0470",-0.0374152067660574
"chr2-0471",-0.0460976154896115
"chr2-0472",-0.0685111589846572
"chr2-0473",0.0622454255262916
"chr2-0474",0.057502369106364
"chr2-0475",-0.0445669670373001
"chr2-0476",-0.0275921880550576
"chr2-0477",-0.056064965611625
"chr2-0478",-0.040430083850868
"chr2-0479",-0.0523580519530188
"chr2-0480",0.0468690002833231
"chr2-0481",-0.0184741511113317
"chr2-0482",0.00612473357793986
"chr2-0483",-0.118750803738355
"chr2-0484",-0.112713156497853
"chr2-0485",-0.0115748439326591
"chr2-0486",0.0194372304124339
"chr2-0487",-0.0825202797838091
"chr2-0488",-0.075009755865267
"chr2-0489",-0.0987801744397563
"chr2-0490",0.0176233574575545
"chr2-0491",-0.0885934998938106
"chr2-0492",-0.0248594612891987
"chr2-0493",-0.0151307890323274
"chr2-0494",-0.0234727680659285
"chr2-0495",-0.237840833489293
"chr2-0496",-0.0533640329961333
"chr2-0497",-0.167067021056206
"chr2-0498",-0.13558552710398
"chr2-0499",-0.110989822634526
"chr2-0500",-0.0742205152253118
"chr2-0501",-0.110465756935262
"chr2-0502",-0.0753074497896713
"chr2-0503",-0.0374014857394356
"chr2-0504",-0.0444976329293019
"chr2-0505",0.00241769517840007
"chr2-0506",0.0106835918779357
"chr2-0507",-0.0576811135156417
"chr2-0508",0.019578811232229
"chr2-0509",-0.111695004849283
"chr2-0510",-0.145610616295335
"chr2-0511",-0.111279598850941
"chr2-0512",0.0224663169602881
"chr2-0513",-0.0113745211063332
"chr2-0514",-0.072119291285003
"chr2-0515",-0.000634541248225992
"chr2-0516",0.0384473976797138
"chr2-0517",-0.08452107605532
"chr2-0518",0.0177216494570688
"chr2-0519",-0.0356665855797072
"chr2-0520",-0.0226710724283485
"chr2-0521",-0.0704348406668619
"chr2-0522",-0.0232450469690331
"chr2-0523",0.0588000379878389
"chr2-0524",-0.0195752129625401
"chr2-0525",-0.0760251991365568
"chr2-0526",-0.0735633304663407
"chr2-0527",-0.0633497153077428
"chr2-0528",0.00203214637083472
"chr2-0529",-0.0603321520077197
"chr2-0530",-0.129293465539603
"chr2-0531",-0.0287008465798223
"chr2-0532",-0.144684752286022
"chr2-0533",-0.0741331620636155
"chr2-0534",-0.0459002120909841
"chr2-0535",-0.0434800547150409
"chr2-0536",-0.0310358688776632
"chr2-0537",-0.0444773499545795
"chr2-0538",-0.0138023951099447
"chr2-0539",0.0332734268456633
"chr2-0540",-0.0820357028771049
"chr2-0541",-0.0442348231524164
"chr2-0542",-0.22260895741247
"chr2-0543",0.0508589015454997
"chr2-0544",0.0522307909850272
"chr2-0545",0.00499670823972392
"chr2-0546",-0.0121057161516391
"chr2-0547",-0.0806856250186284
"chr2-0548",0.00783040429563337
"chr2-0549",-0.0699935955513102
"chr2-0550",-0.0979091364426447
"chr2-0551",-0.0282892409311752
"chr2-0552",0.00131118328153256
"chr2-0553",0.0332545122577729
"chr2-0554",-0.0394951473374715
"chr2-0555",-0.205243090957784
"chr2-0556",-0.0565525124618951
"chr2-0557",-0.0291945640364148
"chr2-0558",0.0308327415260927
"chr2-0559",-0.00205192485802658
"chr2-0560",-0.140385512709485
"chr2-0561",-0.0684128238839646
"chr2-0562",-0.0106898271993134
"chr2-0563",0.0278990079508107
"chr2-0564",-0.00451586863631066
"chr2-0565",-0.0416688316066609
"chr2-0566",-0.0113529534236152
"chr2-0567",-0.115098132060229
"chr2-0568",-0.0269716604616286
"chr2-0569",-0.0615266993184115
"chr2-0570",0.0029422663133282
"chr2-0571",-0.000270984516280747
"chr2-0572",-0.0668558248351429
"chr2-0573",-0.0705582660043775
"chr2-0574",0.029428232797461
"chr2-0575",-0.0593520655661529
"chr2-0576",-0.0575464892128978
"chr2-0577",-0.0954806125750706
"chr2-0578",0.116453640368393
"chr2-0579",-0.181651118054474
"chr2-0580",-0.0808916482537816
"chr2-0581",-0.00420770589887121
"chr2-0582",-0.039889574665455
"chr2-0583",0.202766457659606
"chr2-0584",0.103577394272173
"chr2-0585",-0.0395437618766841
"chr2-0586",-0.0849964622441567
"chr2-0587",-0.0455131077602484
"chr2-0588",-0.0874160636754999
"chr2-0589",-0.060781030112982
"chr2-0590",-0.126081784421575
"chr2-0591",-0.0682138838791398
"chr2-0592",0.00301963300905627
"chr2-0593",-0.115511055433372
"chr2-0594",-0.169933478969574
"chr2-0595",-0.071185901618094
"chr2-0596",0.0037979227279018
"chr2-0597",-0.138766988489966
"chr2-0598",0.104534752129211
"chr2-0599",-0.0415643909799274
"chr2-0600",-0.0921388898217872
"chr2-0601",0.0362630080234448
"chr2-0602",-0.000232076178246039
"chr2-0603",-0.0751975814740148
"chr2-0604",0.00332759586458386
"chr2-0605",-0.01490034410693
"chr2-0606",0.0184402686556103
"chr2-0607",-0.0634326401159844
"chr2-0608",-0.00728017965225234
"chr2-0609",-0.0564542543867318
"chr2-0610",-0.0816711710955715
"chr2-0611",-0.00447075282620867
"chr2-0612",-0.0189359895193004
"chr2-0613",-0.115035834495339
"chr2-0614",-0.0597471416978149
"chr2-0615",-0.0511932325710041
"chr2-0616",-0.0297665178189486
"chr2-0617",0.0383642754651416
"chr2-0618",0.0749951338994005
"chr2-0619",0.00420002322484284
"chr2-0620",0.0170242316332011
"chr2-0621",0.00271929211803035
"chr2-0622",0.0239265368022342
"chr2-0623",-0.0247832665703977
"chr2-0624",-0.0163567676567667
"chr2-0625",0.0692557189270546
"chr2-0626",0.009248258030875
"chr2-0627",0.031443357383479
"chr2-0628",0.00258883069435493
"chr2-0629",0.0982740972726323
"chr2-0630",-0.0462078154634322
"chr2-0631",0.00871465642159185
"chr2-0632",0.0315786527487022
"chr2-0633",-0.0372554723242182
"chr2-0634",-0.00534410239742594
"chr2-0635",-0.10056745449862
"chr2-0636",-0.161287068760525
"chr2-0637",-0.0392279344251957
"chr2-0638",-0.0678749345369021
"chr2-0639",-0.12825784362171
"chr2-0640",0.078353741740782
"chr2-0641",-0.139373072071574
"chr2-0642",-0.0465012754498386
"chr2-0643",0.104006824500919
"chr2-0644",-0.0619707301282972
"chr2-0645",-0.0917047800496474
"chr2-0646",-0.0684249796369533
"chr2-0647",0.0681508757913853
"chr2-0648",0.110058313558069
"chr2-0649",-0.0062211344494176
"chr2-0650",-0.148669680726018
"chr2-0651",-0.0312819880888938
"chr2-0652",0.0181013200686252
"chr2-0653",-0.0199164810424013
"chr2-0654",0.00789823805077278
"chr2-0655",0.172634460936238
"chr2-0656",-0.0906510688746761
"chr2-0657",-0.104653757569449
"chr2-0658",-0.0214083720363119
"chr2-0659",-0.0186265962603186
"chr2-0660",0.0370013361654303
"chr2-0661",-0.0287540188019889
"chr2-0662",-0.0794950497906815
"chr2-0663",-0.0251369664327854
"chr2-0664",0.0396745473285086
"chr2-0665",0.123415168814895
"chr2-0666",0.0676963081642846
"chr2-0667",-0.0220567363343037
"chr2-0668",0.0678072120577266
"chr2-0669",0.0071665515444146
"chr2-0670",-0.0609832001018196
"chr2-0671",0.0174883763917072
"chr2-0672",-0.0342190137373618
"chr2-0673",0.105439144288445
"chr2-0674",-0.0293125480014309
"chr2-0675",-0.111967088970784
"chr2-0676",0.0140960277723172
"chr2-0677",-0.0434516726878357
"chr2-0678",0.0200449400229
"chr2-0679",0.00412337347521107
"chr2-0680",0.0591080658134038
"chr2-0681",-0.0203347949556951
"chr2-0682",-0.0756432136161045
"chr2-0683",0.000157584455342345
"chr2-0684",-0.21413697998804
"chr2-0685",-0.0172139057440598
"chr2-0686",-0.0330980007534888
"chr2-0687",-0.0552110694401724
"chr2-0688",-0.0292607906329957
"chr2-0689",-0.0551608162620577
"chr2-0690",0.00955514725077683
"chr2-0691",0.0315968519000754
"chr2-0692",-0.108200003074597
"chr2-0693",-0.0663912452098651
"chr2-0694",0.0979238196023455
"chr2-0695",-0.00877203588671114
"chr2-0696",-0.0589854681008843
"chr2-0697",-0.0238460792307924
"chr2-0698",-0.0490502140879148
"chr2-0699",0.0081238517375907
"chr2-0700",0.000839467828778307
"chr2-0701",-0.184936194101612
"chr2-0702",-0.0658841841907575
"chr2-0703",0.157093701627824
"chr2-0704",-0.106542638440296
"chr2-0705",-0.152584473768603
"chr2-0706",-0.101301245058834
"chr2-0707",0.0409424179424125
"chr2-0708",0.0114931700719298
"chr2-0709",-0.0948735250906309
"chr2-0710",-0.0514376252352479
"chr2-0711",-0.127301200260563
"chr2-0712",-0.0624166523958513
"chr2-0713",-0.0200698051184015
"chr2-0714",-0.00471478139702071
"chr2-0715",0.0332520204684825
"chr2-0716",0.0529033400746991
"chr2-0717",0.00344853666001341
"chr2-0718",-0.0151447351942595
"chr2-0719",0.000451226230090579
"chr2-0720",-0.0593499964662345
"chr2-0721",0.0142939727059593
"chr2-0722",-0.132092148567452
"chr2-0723",-0.0918538149281248
"chr2-0724",-0.0231904390110772
"chr2-0725",-0.00938830753627208
"chr2-0726",-0.0540882043191746
"chr2-0727",0.0435915640492188
"chr2-0728",-0.00497111037118285
"chr2-0729",0.0591306476362732
"chr2-0730",-0.101084412801672
"chr2-0731",-0.0200673554257842
"chr2-0732",-0.0871720278996689
"chr2-0733",0.146018383981279
"chr2-0734",-0.0277118248238052
"chr2-0735",-0.102541645084727
"chr2-0736",0.0414206915084181
"chr2-0737",-0.0216896694508732
"chr2-0738",-0.0267348564898549
"chr2-0739",-0.0490276163962538
"chr2-0740",-0.0233180052668742
"chr2-0741",-0.061356540030044
"chr2-0742",-0.0915237617864609
"chr2-0743",-0.171793794883841
"chr2-0744",-0.189335626764275
"chr2-0745",-0.137298369470459
"chr2-0746",0.0142957945069421
"chr2-0747",-0.0150559697352205
"chr2-0748",-0.0108941866310937
"chr2-0749",-0.00790975983697205
"chr2-0750",-0.0100272588814203
"chr2-0751",0.00542774829078675
"chr2-0752",0.00114472730550087
"chr2-0753",-0.110919199936203
"chr2-0754",-0.0718483030849424
"chr2-0755",-0.0180921903112895
"chr2-0756",0.0670084869814851
"chr2-0757",-0.0932228423325784
"chr2-0758",-0.0442247792854493
"chr2-0759",0.0411141754048251
"chr2-0760",-0.000390772484258178
"chr2-0761",-0.0250106880802228
"chr2-0762",0.00466413435936244
"chr2-0763",-0.00252928861597544
"chr2-0764",-0.111984007714794
"chr2-0765",-0.173412506580833
"chr2-0766",-0.0583831389198375
"chr2-0767",-0.096155363452799
"chr2-0768",-0.136563546569956
"chr2-0769",-0.0584157586081113
"chr2-0770",-0.119970898522771
"chr2-0771",-0.106757618936841
"chr2-0772",-0.0483985039788272
"chr2-0773",0.0376638001374614
"chr2-0774",-0.120803754307732
"chr2-0775",-0.0540421547826395
"chr2-0776",0.0458924653141631
"chr2-0777",-0.109739057322039
"chr2-0778",-0.00200502701853609
"chr2-0779",-0.0600232248268995
"chr2-0780",-0.0901215631077552
"chr2-0781",0.00140827529172295
"chr2-0782",-0.011013176554557
"chr2-0783",-0.089585738429458
"chr2-0784",-0.00937163839470002
"chr2-0785",-0.0711300250900615
"chr2-0786",-0.051061218206719
"chr2-0787",-0.0306505087032807
"chr2-0788",0.0406226262886298
"chr2-0789",0.0208991018147158
"chr2-0790",-0.0213232807911087
"chr2-0791",0.0319518745396904
"chr2-0792",-0.0210425240675692
"chr2-0793",-0.0722902783242442
"chr2-0794",0.0656406761348706
"chr2-0795",-0.102231602252542
"chr2-0796",0.0554653286126916
"chr2-0797",0.0121415834596588
"chr2-0798",0.0691736720733605
"chr2-0799",-0.0424603981051453
"chr2-0800",0.015147595957231
"chr2-0801",-0.0954897658788968
"chr2-0802",0.00329408923788969
"chr2-0803",-0.0846786965548074
"chr2-0804",-0.0843014748776682
"chr2-0805",-0.0188500691681291
"chr2-0806",-0.0727260475767229
"chr2-0807",-0.0351015170914684
"chr2-0808",0.0704077771036463
"chr2-0809",0.0537588861055197
"chr2-0810",0.0680394854909683
"chr2-0811",0.0804705697651567
"chr2-0812",-0.0813661446663113
"chr2-0813",-0.0113299081751297
"chr2-0814",-0.0248016188245679
"chr2-0815",-0.0517156369303191
"chr2-0816",0.045305450655363
"chr2-0817",0.0463924918795312
"chr2-0818",-0.090223803627797
"chr2-0819",0.0903392744726458
"chr2-0820",-0.0768307941889101
"chr2-0821",-0.0470106121662194
"chr2-0822",-0.0350263514865371
"chr2-0823",0.00439560692953927
"chr2-0824",-0.119167985238413
"chr2-0825",-0.0677869874485968
"chr2-0826",-0.0357877912910463
"chr2-0827",-0.00250827994022311
"chr2-0828",-0.185571343572931
"chr2-0829",0.0368481756337725
"chr2-0830",-0.0422526754763255
"chr2-0831",0.0705553582261724
"chr2-0832",-0.0399251623456931
"chr2-0833",0.0342954407055644
"chr2-0834",0.0173715482349879
"chr2-0835",0.042883429277882
"chr2-0836",-0.0649053994878502
"chr2-0837",-0.0743857674883051
"chr2-0838",-0.0376820754430243
"chr2-0839",-0.0470321833973728
"chr2-0840",-0.0772519672711608
"chr2-0841",-0.0459359944610043
"chr2-0842",0.0249591730997313
"chr2-0843",-0.0357998164793687
"chr2-0844",-0.0803547623236521
"chr2-0845",-0.10063724924992
"chr2-0846",-0.0689962775165225
"chr2-0847",0.0633230882490614
"chr2-0848",-0.0885068571390663
"chr2-0849",-0.043494971967773
"chr2-0850",-0.0520921515826142
"chr2-0851",-0.0670865591051807
"chr2-0852",0.031638285615601
"chr2-0853",-0.00621271323323567
"chr2-0854",-0.0227670740608656
"chr2-0855",-0.0269129904617132
"chr2-0856",-0.126291497535588
"chr2-0857",-0.0530812047400704
"chr2-0858",-0.0316166581405109
"chr2-0859",-0.0667013142625999
"chr2-0860",-0.0228757790527933
"chr2-0861",0.086941828813826
"chr2-0862",-0.00238316583462564
"chr2-0863",0.0637345466621857
"chr2-0864",-0.0320257899713076
"chr2-0865",-0.0558303181791006
"chr2-0866",-0.119663300062087
"chr2-0867",-0.0169402499357887
"chr2-0868",-0.096749251585216
"chr2-0869",-0.0718776245011625
"chr2-0870",-0.128554463923852
"chr2-0871",-0.0307142402746184
"chr2-0872",-0.0339936175670318
"chr2-0873",-0.0571216971110113
"chr2-0874",0.0580146556364968
"chr2-0875",-0.0562832302272054
"chr2-0876",-0.167618598342414
"chr2-0877",-0.0751008681137805
"chr2-0878",0.0349981275443764
"chr2-0879",-7.37504161991837e-05
"chr2-0880",-0.0540332646067866
"chr2-0881",0.0139094234196469
"chr2-0882",-0.00309594781352952
"chr2-0883",-0.0690958584155086
"chr2-0884",-0.00566032799899968
"chr2-0885",-0.114985555823763
"chr2-0886",-0.116585133016682
"chr2-0887",-0.0850241400264519
"chr2-0888",0.0448347329448547
"chr2-0889",-0.0381725497751388
"chr2-0890",-0.0877968278113265
"chr2-0891",-0.0188033748545318
"chr2-0892",-0.0514222271195618
"chr2-0893",-0.0542708626825913
"chr2-0894",0.030666396063738
"chr2-0895",-0.0377612036611383
"chr2-0896",-0.0451824416361622
"chr2-0897",-0.0424526998324907
"chr2-0898",-0.0989061192388231
"chr2-0899",0.0519353597635409
"chr2-0900",0.0755907758185157
"chr2-0901",0.0942327637148765
"chr2-0902",0.0772653879084397
"chr2-0903",-0.0469095253697057
"chr2-0904",-0.0536776008713122
"chr2-0905",-0.0860750897754946
"chr2-0906",-0.123947409307798
"chr2-0907",-0.0831654291043243
"chr2-0908",-0.0023813669012425
"chr2-0909",-0.0499651907457244
"chr2-0910",-0.0912821064862174
"chr2-0911",0.0279335178287338
"chr2-0912",0.0835041969618864
"chr2-0913",-0.0142658797949113
"chr2-0914",-0.0359431765141332
"chr2-0915",-0.0650258906263137
"chr2-0916",0.0164726137891148
"chr2-0917",-0.0127782324776734
"chr2-0918",-0.139506870108981
"chr2-0919",-0.0119917997384557
"chr2-0920",-0.0548044251496714
"chr2-0921",0.0276488011403095
"chr2-0922",-0.0681295198280394
"chr2-0923",-0.0461875772711769
"chr2-0924",-0.144204895487647
"chr2-0925",-0.0118038769025414
"chr2-0926",-0.0937011243316734
"chr2-0927",-0.0552016738665186
"chr2-0928",-0.00415873279129266
"chr2-0929",-0.0186915294636786
"chr2-0930",0.132057594469267
"chr2-0931",-0.0455606674108082
"chr2-0932",-0.0686340140583622
"chr2-0933",-0.0419894269680922
"chr2-0934",-0.110417446780762
"chr2-0935",-0.0291059239097587
"chr2-0936",0.0185283510341041
"chr2-0937",-0.0974306666851959
"chr2-0938",-0.122286151363844
"chr2-0939",-0.0657921224107169
"chr2-0940",-0.0310812886588451
"chr2-0941",-0.0582855947200055
"chr2-0942",-0.0298716333060069
"chr2-0943",-0.0500289636667547
"chr2-0944",0.00701238855685033
"chr2-0945",-0.0376730171302766
"chr2-0946",-0.0789569526220139
"chr2-0947",-0.01360439609265
"chr2-0948",-0.148437290641252
"chr2-0949",-0.00167089897864525
"chr2-0950",0.0801788617796212
"chr2-0951",-0.00797585844648044
"chr2-0952",0.0408502734159539
"chr2-0953",-0.0492731510303315
"chr2-0954",0.0417517793134466
"chr2-0955",-0.0568480756069925
"chr2-0956",-0.0908407596547705
"chr2-0957",0.059139264725707
"chr2-0958",-0.0889995085758029
"chr2-0959",-0.142608767566977
"chr2-0960",-0.178974739578115
"chr2-0961",-0.129102264330467
"chr2-0962",-0.0293303996278133
"chr2-0963",-0.099304723391726
"chr2-0964",-0.0440778051998049
"chr2-0965",0.017064934321236
"chr2-0966",-0.0093545609698414
"chr2-0967",-0.0843227586659637
"chr2-0968",-0.0257516188367043
"chr2-0969",0.0112212402416157
"chr2-0970",-0.0537829805684676
"chr2-0971",0.0143959278253488
"chr2-0972",-0.00808960155481965
"chr2-0973",-0.14212268445699
"chr2-0974",-0.0366128871127197
"chr2-0975",0.0112251792025524
"chr2-0976",-0.159623803461644
"chr2-0977",-0.175254988109829
"chr2-0978",0.0311214672847861
"chr2-0979",-0.0446407295732223
"chr2-0980",-0.0887014217169715
"chr2-0981",-0.126941192149927
"chr2-0982",-0.0500420035673023
"chr2-0983",-0.00291944562275843
"chr2-0984",0.124902698444579
"chr2-0985",0.0403812168186514
"chr2-0986",-0.0826559213376366
"chr2-0987",-0.0858748123848038
"chr2-0988",-0.111591966859167
"chr2-0989",0.00973947520684643
"chr2-0990",-0.0423719717959172
"chr2-0991",-0.146975468896579
"chr2-0992",-0.100411948711119
"chr2-0993",-0.0791539946727136
"chr2-0994",-0.0788783858385074
"chr2-0995",-0.141391089099814
"chr2-0996",-0.29108077634975
"chr2-0997",-0.10762774746551
"chr2-0998",-0.0585861225691282
"chr2-0999",0.0587089615600822
"chr2-1000",-0.0334274249342715
"chr2-1001",-0.143392670044224
"chr2-1002",-0.0645959444342345
"chr2-1003",-0.038663223185058
"chr2-1004",-0.0601779684759386
"chr2-1005",-0.00306227970374151
"chr2-1006",-0.00223989898766879
"chr2-1007",-0.133476555522927
"chr2-1008",-0.031979292197878
"chr2-1009",0.0429795842552711
"chr2-1010",-0.113583555260246
"chr2-1011",-0.108492457075938
"chr2-1012",-0.205705501515449
"chr2-1013",-0.0491903995896124
"chr2-1014",-0.132647447463815
"chr2-1015",0.0354839287803458
"chr2-1016",-0.100102937439776
"chr2-1017",-0.0263119815779999
"chr2-1018",-0.0453038957255636
"chr2-1019",-0.183931405903058
"chr2-1020",-0.0308313533472611
"chr2-1021",-0.0469708986218498
"chr2-1022",-0.0911131579154281
"chr2-1023",0.0208819131462594
"chr2-1024",-0.0725438068944994
"chr2-1025",-0.0841669511822637
"chr2-1026",0.0541969103729329
"chr2-1027",-0.00583773595625737
"chr2-1028",-0.0648116028260519
"chr2-1029",-0.0875919008129208
"chr2-1030",-0.0331918040104721
"chr2-1031",-0.103625055866217
"chr2-1032",0.00448782304653467
"chr2-1033",-0.0537266093634374
"chr2-1034",-0.144253314641531
"chr2-1035",-0.0527408965018822
"chr2-1036",-0.149102594952995
"chr2-1037",0.0226014222756666
"chr2-1038",-0.051117706823943
"chr2-1039",-0.148149890181348
"chr2-1040",-0.17658980203284
"chr2-1041",-0.0669308784401217
"chr2-1042",0.00221236332335719
"chr2-1043",-0.123810410352476
"chr2-1044",-0.0417229034104489
"chr2-1045",-0.0221616736124214
"chr2-1046",-0.0355209437544174
"chr2-1047",0.0455933303095662
"chr2-1048",0.00142715112900981
"chr2-1049",-0.00230442314983241
"chr2-1050",-0.0277166292020884
"chr2-1051",0.051941804459205
"chr2-1052",-0.0450597657085333
"chr2-1053",0.010491518642667
"chr2-1054",-0.154404497863879
"chr2-1055",0.108726032805951
"chr2-1056",0.00836468178672745
"chr2-1057",-0.036111049734973
"chr2-1058",-0.0918421314026274
"chr2-1059",-0.0597122120312259
"chr2-1060",-0.064086856382759
"chr2-1061",0.0345877331474104
"chr2-1062",-0.0773526619689286
"chr2-1063",-0.124016815981714
"chr2-1064",-0.0487328474346875
"chr2-1065",-0.0162454297003737
"chr2-1066",0.0126351542236959
"chr2-1067",-0.0268980596110347
"chr2-1068",-0.00429612339709281
"chr2-1069",0.0965651715804896
"chr2-1070",-0.125410590608449
"chr2-1071",-0.0382923291109515
"chr2-1072",-0.0964598883300918
"chr2-1073",0.0678096578307481
"chr2-1074",0.0611420447640117
"chr2-1075",-0.0941734555535281
"chr2-1076",-0.118346337619237
"chr2-1077",-0.0156577127855624
"chr2-1078",-0.0170607824378648
"chr2-1079",-0.23561807197034
"chr2-1080",-0.081841280955641
"chr2-1081",-0.146650825022677
"chr2-1082",-0.189157761628811
"chr2-1083",-0.0310067030417113
"chr2-1084",-0.0509563275626862
"chr2-1085",-0.026104196774385
"chr2-1086",-0.0284522425938121
"chr2-1087",-0.0862630424790291
"chr2-1088",-0.0554521909314288
"chr2-1089",-0.0469662283463034
"chr2-1090",-0.156534558914354
"chr2-1091",-0.107867115399643
"chr2-1092",-0.201591099274992
"chr2-1093",-0.173909563241075
"chr2-1094",-0.111733019578249
"chr2-1095",-0.0812279043968569
"chr2-1096",-0.188699489759986
"chr2-1097",-0.181958812213019
"chr2-1098",-0.087873401446829
"chr2-1099",-0.109901475293954
"chr2-1100",-0.061990671191732
"chr2-1101",-0.26031653221006
"chr2-1102",-0.119711238951527
"chr2-1103",0.0474902527862383
"chr2-1104",-0.10639054001218
"chr2-1105",-0.0840240886135031
"chr2-1106",-0.00830404893423011
"chr2-1107",-0.171934707989937
"chr2-1108",0.078512862598284
"chr2-1109",-0.0521893482009774
"chr2-1110",-0.214179136955108
"chr2-1111",-0.0365171938286567
"chr2-1112",0.0392640570124457
"chr2-1113",-0.129076697269312
"chr2-1114",-0.00334602556058339
"chr2-1115",-0.0438398469926535
"chr2-1116",-0.102638524967328
"chr2-1117",-0.168663126776813
"chr2-1118",-0.0652946555117156
"chr2-1119",-0.116363933535401
"chr2-1120",0.0730945864980049
"chr2-1121",-0.0849233932794183
"chr2-1122",-0.0577593007486163
"chr2-1123",-0.0528502230076572
"chr2-1124",-0.0799146533193778
"chr2-1125",-0.0409674459632077
"chr2-1126",-0.0423830408582334
"chr2-1127",-0.125823221186202
"chr2-1128",-0.0758059979301842
"chr2-1129",-0.145570561040299
"chr2-1130",-0.0848359558271963
"chr2-1131",-0.109637143451342
"chr2-1132",-0.0391568679595665
"chr2-1133",0.021604095306165
"chr2-1134",-0.165122687645016
"chr2-1135",-0.0645850107887727
"chr2-1136",-0.0755053125280885
"chr2-1137",-0.060776952856109
"chr2-1138",-0.0430907367594431
"chr2-1139",-0.126271056662849
"chr2-1140",-0.0381086259174693
"chr2-1141",-0.0275506665043754
"chr2-1142",-0.0555976269770458
"chr2-1143",0.0610924935283776
"chr2-1144",-0.0438999867405948
"chr2-1145",0.101383407476821
"chr2-1146",-0.0994304841644657
"chr2-1147",-0.108481122134811
"chr2-1148",-0.0506598431826509
"chr2-1149",-0.0297532613121105
"chr2-1150",-0.124590620619558
"chr2-1151",-0.0244429384638668
"chr2-1152",0.0961597811006229
"chr2-1153",-0.122800569847063
"chr2-1154",-0.0193869165408731
"chr2-1155",0.111963795384461
"chr2-1156",-0.00178824386352225
"chr2-1157",-0.0123224691665382
"chr2-1158",0.00842863353206118
"chr2-1159",0.0611262545341165
"chr2-1160",-0.0538522727237121
"chr2-1161",0.0956520691799043
"chr2-1162",-0.075478162525481
"chr2-1163",-0.0713864456370149
"chr2-1164",-0.0676203584338345
"chr2-1165",0.0510213370774615
"chr2-1166",-0.043083565466896
"chr2-1167",0.055956304928973
"chr2-1168",0.0279742443861276
"chr2-1169",0.0113796602632244
"chr2-1170",-0.145930177076273
"chr2-1171",-0.131294252927593
"chr2-1172",-0.0740430332644674
"chr2-1173",-0.0359678970304952
"chr2-1174",0.0140633322637024
"chr2-1175",-0.041980617348131
"chr2-1176",-0.0719173746438824
"chr2-1177",-0.0610523415332445
"chr2-1178",-0.115853450058563
"chr2-1179",-0.0498536479723345
"chr2-1180",-0.175000289163873
"chr2-1181",-0.0996670322928168
"chr2-1182",-0.124681905498941
"chr2-1183",-0.00754737195447104
"chr2-1184",-0.0802878690032417
"chr2-1185",-0.0572474268081612
"chr2-1186",-0.0683490367478184
"chr2-1187",-0.102697645952633
"chr2-1188",-0.0601012633262629
"chr2-1189",-0.00115123205281289
"chr2-1190",-0.138171680056418
"chr2-1191",-0.0144908196275455
"chr2-1192",-0.0994304846037627
"chr2-1193",0.0261438028434462
"chr2-1194",-0.0120910657454907
"chr2-1195",-0.0253469477339962
"chr2-1196",-0.0142164470535454
"chr2-1197",-0.120600489442627
"chr2-1198",0.0237379304917156
"chr2-1199",-0.112937849362846
"chr2-1200",-0.0159094194642973
"chr2-1201",-0.0721776188762467
"chr2-1202",-0.062454310552497
"chr2-1203",0.0716369142044546
"chr2-1204",0.00294624963787928
"chr2-1205",-0.0812288183399542
"chr2-1206",-0.166830436738881
"chr2-1207",0.0360003410338038
"chr2-1208",-0.0631678731361762
"chr2-1209",0.00219099264798515
"chr2-1210",-0.0883231384516245
"chr2-1211",0.0475433206202468
"chr2-1212",-0.0177396052238953
"chr2-1213",0.0970051598785914
"chr2-1214",0.0922349977800806
"chr2-1215",-0.0695145803848652
"chr2-1216",0.0368870322605801
"chr2-1217",-0.081386977527169
"chr2-1218",-0.0154235512726986
"chr2-1219",-0.00030402509576114
"chr2-1220",-0.145786799101706
"chr2-1221",-0.087973771469942
"chr2-1222",-0.145721926651983
"chr2-1223",-0.0705351986985592
"chr2-1224",-0.105994492434831
"chr2-1225",-0.186925324923683
"chr2-1226",-0.0930587627898401
"chr2-1227",-0.181960582659675
"chr2-1228",0.0846226399357029
"chr2-1229",-0.0630488242102244
"chr2-1230",-0.0905991321826634
"chr2-1231",-0.0734495301420145
"chr2-1232",-0.0970547549574367
"chr2-1233",-0.0668131649773545
"chr2-1234",-0.0290004942618245
"chr2-1235",-0.0276056574569268
"chr2-1236",0.0036489558403604
"chr2-1237",-0.0289740507804368
"chr2-1238",-0.025586384822477
"chr2-1239",-0.0260794736853501
"chr2-1240",-0.0444964724517116
"chr2-1241",-0.00726333744535496
"chr2-1242",0.00145027566046821
"chr2-1243",-0.183593985547792
"chr2-1244",-0.0579546530666734
"chr2-1245",-0.0468700114760433
"chr2-1246",-0.061588555918239
"chr2-1247",0.0161062033641451
"chr2-1248",-0.125798065683861
"chr2-1249",0.040838126691082
"chr2-1250",-0.0546044220500044
"chr2-1251",-0.0285669040183734
"chr2-1252",-0.0324084094157364
"chr2-1253",-0.0733228645147592
"chr2-1254",-0.0254257280122969
"chr2-1255",-0.103827830250122
"chr2-1256",-0.0676289420061596
"chr2-1257",-0.122973160899808
"chr2-1258",-0.111326592709104
"chr2-1259",0.0157774958495702
"chr2-1260",-0.0203105436047988
"chr2-1261",0.00992502642643265
"chr2-1262",-0.131316521131446
"chr2-1263",0.0772305886743468
"chr2-1264",-0.0034801644852777
"chr2-1265",-0.169301814021679
"chr2-1266",0.00538432153033867
"chr2-1267",-0.000495579104755057
"chr2-1268",-0.0141880349374817
"chr2-1269",-0.0327192740653035
"chr2-1270",0.00204257724275561
"chr2-1271",-0.0258080792504931
"chr2-1272",-0.0197252956821365
"chr2-1273",-0.100397121211771
"chr2-1274",-0.0466178415052961
"chr2-1275",-0.020036290675812
"chr2-1276",-0.0416248639073944
"chr2-1277",0.0152332764530729
"chr2-1278",-0.0887738635037561
"chr2-1279",0.00891687354837329
"chr2-1280",0.106004068157039
"chr2-1281",-0.00214922778655167
"chr2-1282",-0.0357972318796773
"chr2-1283",0.0296171873772509
"chr2-1284",0.0814257215937382
"chr2-1285",0.0398258001545717
"chr2-1286",0.0651072109536076
"chr2-1287",-0.0648487052418419
"chr2-1288",-0.175647359440919
"chr2-1289",0.00669186998122771
"chr2-1290",-0.0934312133141739
"chr2-1291",-0.00965153660163821
"chr2-1292",-0.0345581286438082
"chr2-1293",-0.09158496555608
"chr2-1294",-0.0325676742607804
"chr2-1295",-0.0220798712355458
"chr2-1296",-0.0443803899277825
"chr2-1297",0.023711024254228
"chr2-1298",-0.0611890351516383
"chr2-1299",-0.0717359546782757
"chr2-1300",-0.0650591514172504
"chr2-1301",-0.0442785613839843
"chr2-1302",-0.121261815043119
"chr2-1303",0.0692332308873865
"chr2-1304",0.0272990051999232
"chr2-1305",-0.0108013131413858
"chr2-1306",0.0638239475031564
"chr2-1307",-0.0949193381640155
"chr2-1308",0.0274255951079541
"chr2-1309",-0.108514722352246
"chr2-1310",0.0398391082278699
"chr2-1311",-0.0354699935302454
"chr2-1312",-0.0554613177466793
"chr2-1313",0.0117320755231654
"chr2-1314",-0.0624251342808703
"chr2-1315",0.0241202369834171
"chr2-1316",-0.156972018163485
"chr2-1317",-0.016975822323066
"chr2-1318",0.0254746159656908
"chr2-1319",-0.0350276665560564
"chr2-1320",0.0431849373688082
"chr2-1321",-0.111711400277218
"chr2-1322",-0.0487354370272719
"chr2-1323",0.0664919808718543
"chr2-1324",-0.0172258309173423
"chr2-1325",-0.0204837088440848
"chr2-1326",0.0239079605893629
"chr2-1327",-0.124002004999466
"chr2-1328",-0.0174799418715867
"chr2-1329",-0.073402766435812
"chr2-1330",-0.0188444699993485
"chr2-1331",-0.0293315611230604
"chr2-1332",-0.0878052357060021
"chr2-1333",-0.0870537668431568
"chr2-1334",0.0837999713169716
"chr2-1335",-0.027618931052604
"chr2-1336",-0.00518644822340757
"chr2-1337",-0.0110897047597396
"chr2-1338",-0.0326418039280038
"chr2-1339",0.0062362957112229
"chr2-1340",0.0259050295781951
"chr2-1341",-0.10347161161392
"chr2-1342",-0.0346079924367859
"chr2-1343",-0.0499419960713411
"chr2-1344",-0.0607129826351253
"chr2-1345",0.0471951117187059
"chr2-1346",-0.0760315960284314
"chr2-1347",-0.0831735550945321
"chr2-1348",-0.0443519715807041
"chr2-1349",0.0104818172788438
"chr2-1350",-0.14200031041751
"chr2-1351",-0.0317532950968561
"chr2-1352",0.00593829917771522
"chr2-1353",-0.0539402329208018
"chr2-1354",-0.127405252357768
"chr2-1355",-0.0371969484287344
"chr2-1356",-0.155888744258906
"chr2-1357",0.0108672250792165
"chr2-1358",-0.00988225597383171
"chr2-1359",-0.0192958737388586
"chr2-1360",0.0434519075840413
"chr2-1361",-0.0196758699605072
"chr2-1362",-0.0266083830806507
"chr2-1363",0.0538031723092999
"chr2-1364",-0.0258004628247584
"chr2-1365",0.051771478467856
"chr2-1366",-0.0400291609041335
"chr2-1367",-0.0232953165454438
"chr2-1368",-0.0170068990688772
"chr2-1369",0.0277450695278217
"chr2-1370",-0.0122766998775605
"chr2-1371",0.0581015392000826
"chr2-1372",0.0107351578540052
"chr2-1373",0.00287903364433825
"chr2-1374",-0.0516579589556581
"chr2-1375",-0.0104120942545537
"chr2-1376",0.040319161272165
"chr2-1377",0.00225457876296734
"chr2-1378",-0.0131886091418266
"chr2-1379",-0.0302696806883521
"chr2-1380",-0.0182978374784404
"chr2-1381",0.0266648296103389
"chr2-1382",0.071719497049367
"chr2-1383",-0.0119588202208017
"chr2-1384",0.0520277636983983
"chr2-1385",-0.0217982563902475
"chr2-1386",-0.0431424966814205
"chr2-1387",-0.0633317350693281
"chr2-1388",0.00512998165869361
"chr2-1389",0.118466324119223
"chr2-1390",0.0561338724789056
"chr2-1391",0.117374776257814
"chr2-1392",-0.051065464401367
"chr2-1393",0.0154007120340702
"chr2-1394",-0.0446546541945016
"chr2-1395",-0.018840948717258
"chr2-1396",-0.0324487176990341
"chr2-1397",-0.0693672083340437
"chr2-1398",-0.0246834720419104
"chr2-1399",-0.0634756966051728
"chr2-1400",0.016683955964526
"chr2-1401",-0.0706125288096589
"chr2-1402",0.0107468663571722
"chr2-1403",0.0656635590663108
"chr2-1404",-0.010959310099167
"chr2-1405",0.0114446337193314
"chr2-1406",-0.0501812256762506
"chr2-1407",-0.0471059354220053
"chr2-1408",0.118824263289518
"chr2-1409",-0.00498303596061263
"chr2-1410",0.08941295678289
"chr2-1411",0.095594467047881
"chr2-1412",0.0351902213063289
"chr2-1413",0.0843150875612336
"chr2-1414",0.0255159772361698
"chr2-1415",0.0480780307675704
"chr2-1416",-0.0857084755227349
"chr2-1417",-0.0665448252736821
"chr2-1418",0.0495083754389021
"chr2-1419",-0.00744602628302318
"chr2-1420",-0.0403716073576932
"chr2-1421",-0.0288635602668749
"chr2-1422",-0.0112044292187023
"chr2-1423",0.0232294488764036
"chr2-1424",-0.0224070596985947
"chr2-1425",-0.0944061405190877
"chr2-1426",-0.056117435970909
"chr2-1427",0.0694450265090559
"chr2-1428",0.0576460468125017
"chr2-1429",0.085296409131694
"chr2-1430",-0.00525155806723973
"chr2-1431",0.0170169176149231
"chr2-1432",0.0307481689380887
"chr2-1433",0.0677905752800143
"chr2-1434",0.00616792201032004
"chr2-1435",0.0796289094018543
"chr2-1436",0.112728102187378
"chr2-1437",0.0104418828161861
"chr2-1438",0.0494863398430107
"chr2-1439",-0.00182799559530683
"chr2-1440",0.0401865200555415
"chr2-1441",0.0234815128568618
"chr2-1442",0.0177003073518383
"chr2-1443",0.0436107558556521
"chr2-1444",-0.0351400304578889
"chr2-1445",0.00630077503623421
"chr2-1446",-0.0450924993613098
"chr2-1447",-0.0571216848535519
"chr2-1448",0.0914489715475106
"chr2-1449",0.119273287884296
"chr2-1450",0.0618768457160717
"chr2-1451",0.0392611929243298
"chr2-1452",0.0587948335859503
"chr2-1453",0.131379134024313
"chr2-1454",0.0801152411719352
"chr2-1455",0.13463231116799
"chr2-1456",0.101918704340409
"chr2-1457",-0.0886713024006919
"chr2-1458",-0.00984348569754657
"chr2-1459",-0.0131336046621409
"chr2-1460",-0.0271056503212096
"chr2-1461",-0.0216375826163725
"chr2-1462",-0.0247688801391353
"chr2-1463",0.125595286484955
"chr2-1464",0.0172335337948954
"chr2-1465",0.0051049581903762
"chr2-1466",0.0473703332089673
"chr2-1467",0.0190973750599913
"chr2-1468",0.00975186984073539
"chr2-1469",0.03650293551859
"chr2-1470",0.0494551571477802
"chr2-1471",0.0443882648705463
"chr2-1472",0.0260263818768933
"chr2-1473",-0.00872253786747404
"chr2-1474",0.0626408181792052
"chr2-1475",0.0252738691501975
"chr2-1476",0.0174085522096255
"chr2-1477",0.0636640032152638
"chr2-1478",0.0595605146740334
"chr2-1479",0.0716665103184947
"chr2-1480",0.0457114788175226
"chr2-1481",0.00188621087280416
"chr2-1482",0.0793378741644667
"chr2-1483",-0.00848586832779288
"chr2-1484",0.0203301488102072
"chr2-1485",0.0580142958796067
"chr2-1486",0.0721314994954148
"chr2-1487",0.087432721033002
"chr2-1488",0.0586370971777596
"chr2-1489",0.0574868727314864
"chr2-1490",0.0430646067558586
"chr2-1491",0.0796656036888755
"chr20-0001",-0.0708690141029703
"chr20-0002",0.00895823751288577
"chr20-0003",-0.0858540680676148
"chr20-0004",-0.00461465493610948
"chr20-0005",-0.107136554463996
"chr20-0006",0.0127426290211567
"chr20-0007",-0.067350368995748
"chr20-0008",-0.0442213485936463
"chr20-0009",-0.0314937271237859
"chr20-0010",0.0549804062715782
"chr20-0011",-0.0625999056803365
"chr20-0012",0.0345192778350765
"chr20-0013",-0.0904524213093748
"chr20-0014",0.0175789395645199
"chr20-0015",-0.107116897041147
"chr20-0016",-0.0155425080864094
"chr20-0017",0.0444820371601349
"chr20-0018",0.0520837742782886
"chr20-0019",0.0609856671208686
"chr20-0020",-0.121268252055863
"chr20-0021",-0.145858591763124
"chr20-0022",-0.0574905631350794
"chr20-0023",0.00158376427051224
"chr20-0024",-0.0804537205988552
"chr20-0025",-0.0936462762171809
"chr20-0026",0.0583416970641119
"chr20-0027",-0.0906524719668125
"chr20-0028",-0.138195034763099
"chr20-0029",-0.151440998751533
"chr20-0030",-0.0236571539745613
"chr20-0031",-0.00174693453805392
"chr20-0032",-0.0543609040676346
"chr20-0033",0.0206126632619911
"chr20-0034",-0.035537743624093
"chr20-0035",-0.00335996125188465
"chr20-0036",-0.0155783044791201
"chr20-0037",-0.00875416038967736
"chr20-0038",0.0559851776871152
"chr20-0039",-0.032980869182923
"chr20-0040",0.00136182505359055
"chr20-0041",-0.0705040730402833
"chr20-0042",-0.0048217102889409
"chr20-0043",0.0239839282030888
"chr20-0044",-0.0163612253493036
"chr20-0045",-0.0633680726129789
"chr20-0046",-0.0728541681406189
"chr20-0047",0.0502458963489012
"chr20-0048",-0.0786200809755929
"chr20-0049",0.0164333898718165
"chr20-0050",-0.159084441182613
"chr20-0051",-0.053115462667433
"chr20-0052",-0.0626210953283323
"chr20-0053",-0.0123697381179411
"chr20-0054",0.0718625868636072
"chr20-0055",-0.0630796073877765
"chr20-0056",-0.0374750562736197
"chr20-0057",0.0128662202219007
"chr20-0058",-0.0551587757223279
"chr20-0059",-0.138131359404723
"chr20-0060",0.0792726087941978
"chr20-0061",-0.0262767207831189
"chr20-0062",-0.0626244439200728
"chr20-0063",0.00856899060928113
"chr20-0064",-0.0436750142037246
"chr20-0065",-0.0512370522716743
"chr20-0066",-0.0365678865791249
"chr20-0067",-0.0577404643915867
"chr20-0068",-0.0223459130408348
"chr20-0069",-0.00944622584107257
"chr20-0070",-0.0320381778724445
"chr20-0071",-0.112217694408211
"chr20-0072",-0.130317091764136
"chr20-0073",-0.141366941310618
"chr20-0074",-0.0411460534206899
"chr20-0075",0.0329374296337424
"chr20-0076",-0.0512301924549104
"chr20-0077",-0.0690334616604802
"chr20-0078",0.0270004771322041
"chr20-0079",-0.0617846265973287
"chr20-0080",-0.130059080819193
"chr20-0081",-0.115609238501312
"chr20-0082",-0.11202993525561
"chr20-0083",-0.100898760237307
"chr20-0084",0.00407381003680376
"chr20-0085",-0.0306393585002837
"chr20-0086",-0.130833591098129
"chr20-0087",-0.0642539848342118
"chr20-0088",0.0161866724422014
"chr20-0089",-0.028677258993574
"chr20-0090",0.022479094390783
"chr20-0091",0.0887644700536356
"chr20-0092",0.0717516258934651
"chr20-0093",-0.131877069088495
"chr20-0094",-0.170467766545462
"chr20-0095",-0.0485450569812197
"chr20-0096",-0.0448177041398765
"chr20-0097",-0.0778846741829924
"chr20-0098",-0.0378650681117219
"chr20-0099",-0.0250338146450651
"chr20-0100",-0.0977144208336336
"chr20-0101",0.00568469151159995
"chr20-0102",-0.0822959873785964
"chr20-0103",-0.00199072759879849
"chr20-0104",-0.0451961958198363
"chr20-0105",-0.034270512779195
"chr20-0106",-0.0842393231717939
"chr20-0107",-0.0404128071065221
"chr20-0108",0.00453082103794176
"chr20-0109",0.0112531838794079
"chr20-0110",-0.022065587980295
"chr20-0111",0.0670230837685719
"chr20-0112",-0.0554576322855058
"chr20-0113",-0.0369098034491613
"chr20-0114",0.0124382417626402
"chr20-0115",-0.0902645940233918
"chr20-0116",0.0360205527411191
"chr20-0117",-0.0295361274201443
"chr20-0118",0.0477231708374489
"chr20-0119",-0.0078236544041652
"chr20-0120",-0.0722743398796831
"chr20-0121",-0.0317185669549417
"chr20-0122",-0.0565038700808286
"chr20-0123",-0.0434665437016956
"chr20-0124",-0.0428262532974475
"chr20-0125",-0.101412875037155
"chr20-0126",-0.0972518974375434
"chr20-0127",-0.101796052728618
"chr20-0128",-0.0655680595155113
"chr20-0129",-0.0643014092207119
"chr20-0130",-0.129285070171672
"chr20-0131",0.0147834683213645
"chr20-0132",0.181031601429952
"chr20-0133",-0.00837733340773178
"chr20-0134",-0.0321157077104239
"chr20-0135",-0.0489419140463574
"chr20-0136",-0.114653306881911
"chr20-0137",-0.0577449401284027
"chr20-0138",0.0163829273249095
"chr20-0139",-0.0436394066629094
"chr20-0140",-0.151751177655037
"chr20-0141",-0.072707369639669
"chr20-0142",0.103732623761663
"chr20-0143",0.149160119743621
"chr20-0144",-0.0244387443245009
"chr20-0145",-0.072436454765276
"chr20-0146",-0.133297826975116
"chr20-0147",-0.000162821023228785
"chr20-0148",-0.0307145767798007
"chr20-0149",0.0845846156986147
"chr20-0150",-0.135894813421184
"chr20-0151",-0.0302527644844516
"chr20-0152",-0.124883030915604
"chr20-0153",-0.12696134855973
"chr20-0154",-0.0107608383599759
"chr20-0155",-0.0380333093218525
"chr20-0156",0.00522871678858398
"chr20-0157",-0.00882245899129569
"chr20-0158",-0.0509928471217598
"chr20-0159",-0.0919547883939813
"chr20-0160",0.000391728285426462
"chr20-0161",0.0670006179163841
"chr20-0162",0.0213914995913527
"chr20-0163",-0.0267200041410038
"chr20-0164",-0.0177782287706248
"chr20-0165",0.0457102969259333
"chr20-0166",-0.0314449697843852
"chr20-0167",-0.000488240108433425
"chr20-0168",0.0389339461920125
"chr20-0169",0.0990232492788223
"chr20-0170",-0.0522103087885938
"chr20-0171",-0.0384488222076361
"chr20-0172",-0.000492241925988401
"chr20-0173",0.0996200151249753
"chr20-0174",-0.117027286618462
"chr20-0175",0.0328007753242547
"chr20-0176",-0.0303123264737847
"chr20-0177",-0.0435829930362137
"chr20-0178",0.00956838355041266
"chr20-0179",-0.150308309306262
"chr20-0180",0.00344155288426519
"chr20-0181",-0.199191294205993
"chr20-0182",-0.193855696117156
"chr20-0183",-0.0827712511849376
"chr20-0184",-0.0886266542509942
"chr20-0185",-0.078900842669588
"chr20-0186",-0.00708056720997048
"chr20-0187",-0.0804433816208123
"chr20-0188",-0.0750797119172849
"chr20-0189",-0.0134678912319617
"chr20-0190",-0.0740724078477146
"chr20-0191",-0.100649028976273
"chr20-0192",0.0501318839652588
"chr20-0193",-0.04022210006065
"chr20-0194",-0.0957475835248726
"chr20-0195",-0.0180365164977505
"chr20-0196",0.039109524573401
"chr20-0197",0.0218033245536276
"chr20-0198",0.0171289798677788
"chr20-0199",0.0671523989119494
"chr20-0200",-0.0130850831268071
"chr20-0201",-0.0245709917624065
"chr20-0202",0.0123739733868174
"chr20-0203",-0.00236645364723717
"chr20-0204",-0.0457123034456889
"chr20-0205",-0.0365553381832656
"chr20-0206",-0.165225819609253
"chr20-0207",-0.0660506055236887
"chr20-0208",-0.0425566202433181
"chr20-0209",-0.0269151906592337
"chr20-0210",-0.0840663932628948
"chr20-0211",-0.0675447730357876
"chr20-0212",-0.0127216734762878
"chr20-0213",-0.0542453256600494
"chr20-0214",-0.00457041060591797
"chr20-0215",-0.0381511452291781
"chr20-0216",0.0191653727462091
"chr20-0217",-0.0993247325328011
"chr20-0218",-0.0189460197533172
"chr20-0219",-0.0567551906560789
"chr20-0220",-0.0904872206151832
"chr20-0221",-0.171371413208529
"chr20-0222",0.00169167694834587
"chr20-0223",-0.0648083073560987
"chr20-0224",-0.0936045306422909
"chr20-0225",-0.05966940714421
"chr20-0226",-0.0377531736107474
"chr20-0227",0.0622353098516187
"chr20-0228",-0.179467048516152
"chr20-0229",0.0174041656255021
"chr20-0230",0.0393006807453158
"chr20-0231",-0.0800755383563038
"chr20-0232",-0.0730706790290594
"chr20-0233",-0.0608991398942627
"chr20-0234",-0.0216020510739075
"chr20-0235",-0.0025436856317932
"chr20-0236",0.068383741314849
"chr20-0237",0.0502215358001013
"chr20-0238",-0.0983094754028594
"chr20-0239",-0.0417654380180685
"chr20-0240",-0.020367866990158
"chr20-0241",-0.030800110399623
"chr20-0242",0.018841246145425
"chr20-0243",-0.0428059725643422
"chr20-0244",0.0236944123809105
"chr20-0245",0.0835631079321894
"chr20-0246",-0.00888969547270938
"chr20-0247",-0.0942514289878268
"chr20-0248",-0.0117852319351843
"chr20-0249",0.0304710032480204
"chr20-0250",-0.0569970374237539
"chr20-0251",-0.0142281762609452
"chr20-0252",-0.0140944534917279
"chr20-0253",-0.109398439040574
"chr20-0254",0.00812457102237923
"chr20-0255",0.0236983905955589
"chr20-0256",-0.11271545298936
"chr20-0257",0.0137856295725573
"chr20-0258",-0.108614245616016
"chr20-0259",0.0373112760744047
"chr20-0260",-0.113937079988957
"chr20-0261",-0.0299528761418886
"chr20-0262",0.05947417794008
"chr20-0263",0.0395692027261321
"chr20-0264",0.018607462815684
"chr20-0265",-0.00961723854631161
"chr20-0266",-0.109220146812637
"chr20-0267",-0.0428918387369275
"chr20-0268",-0.139209644536595
"chr20-0269",-0.125327668003549
"chr20-0270",-0.0225247962775796
"chr20-0271",-0.0692257199717299
"chr20-0272",-0.0765317207798308
"chr20-0273",0.00128448825419772
"chr20-0274",-0.039423473119131
"chr20-0275",-0.032623001271184
"chr20-0276",0.0503960002910161
"chr20-0277",0.0281428065718538
"chr20-0278",-0.00918127903718845
"chr20-0279",0.00641596423483864
"chr20-0280",-0.143131812812233
"chr20-0281",-0.0200093692237787
"chr20-0282",-0.0594927356479656
"chr20-0283",0.0374046189314014
"chr20-0284",-0.0763712561511096
"chr20-0285",-0.0135739033473089
"chr20-0286",0.114755050919166
"chr20-0287",-0.0928595323684449
"chr20-0288",-0.0777070768875274
"chr20-0289",-0.032265565669966
"chr20-0290",-0.0645959284417354
"chr20-0291",-0.174388112124932
"chr20-0292",-0.140263846337708
"chr20-0293",0.00635234241587715
"chr20-0294",-0.171724596645165
"chr20-0295",-0.0899585651642119
"chr20-0296",-0.044663294060493
"chr20-0297",0.00114000868480672
"chr20-0298",-0.0479307797492929
"chr20-0299",-0.00304142344330372
"chr20-0300",0.0282405586700204
"chr20-0301",-0.0450557303332232
"chr20-0302",0.0371803714337211
"chr20-0303",-0.114493094789399
"chr20-0304",-0.0691438118235915
"chr20-0305",-0.110227479872931
"chr20-0306",-0.0377746443987788
"chr20-0307",-0.0247083650402855
"chr20-0308",-0.097375908858769
"chr20-0309",-0.142743346137487
"chr20-0310",-0.0416608809044561
"chr20-0311",-0.0289508562779123
"chr20-0312",-0.0652096403513275
"chr20-0313",-0.029581568062739
"chr20-0314",-0.046187452015406
"chr20-0315",0.0278370270016415
"chr20-0316",-0.0189206580025573
"chr20-0317",-0.0875086478692991
"chr20-0318",-0.161699302514899
"chr20-0319",-0.163721210892668
"chr20-0320",-0.119253952135883
"chr20-0321",0.0188534353055998
"chr20-0322",-0.058878000406544
"chr20-0323",-0.0641852224325877
"chr20-0324",-0.0486616633378269
"chr20-0325",-0.138120740986124
"chr20-0326",-0.0188129777553305
"chr20-0327",-0.0646648188014749
"chr20-0328",-0.105389987832238
"chr20-0329",0.00904208735113663
"chr20-0330",-0.0743617260037447
"chr20-0331",-0.0426285565631089
"chr20-0332",-0.0761854479804245
"chr20-0333",-0.0172401058100317
"chr20-0334",-0.00953601029020265
"chr20-0335",-0.00201714051424521
"chr20-0336",-0.021148692416217
"chr20-0337",-0.0106223850132741
"chr20-0338",0.0595317745507528
"chr20-0339",0.0080997075323366
"chr20-0340",-0.0404165620125809
"chr20-0341",-0.00691784750299227
"chr20-0342",-0.0344572667267075
"chr20-0343",0.0941622772770115
"chr20-0344",0.0628970077725858
"chr20-0345",0.0216121988884657
"chr20-0346",0.0449775876112132
"chr20-0347",0.0624392930515635
"chr20-0348",0.0137790441467619
"chr20-0349",-0.0130728073355912
"chr20-0350",-0.0347063908618028
"chr20-0351",0.0792623327924346
"chr20-0352",-0.00131074827483088
"chr20-0353",-0.0304931345854173
"chr20-0354",0.0302484651091633
"chr20-0355",0.0223476572038521
"chr20-0356",-0.0070144213602519
"chr20-0357",-0.0454017389996063
"chr20-0358",0.0400182794477685
"chr20-0359",-0.079339869186696
"chr20-0360",0.0758834764976176
"chr20-0361",-0.00552328911129032
"chr20-0362",-0.00147890481909789
"chr20-0363",-0.0497866437082803
"chr20-0364",0.00899204874686727
"chr20-0365",-0.036456584006426
"chr20-0366",-0.0917106416103338
"chr20-0367",-0.0953894468168767
"chr20-0368",-0.00691574181862162
"chr20-0369",0.0141986786270957
"chr20-0370",-0.0112331368259145
"chr20-0371",0.0184547694814896
"chr20-0372",-0.0417198072327898
"chr20-0373",-0.068171232528944
"chr20-0374",0.0959293863902792
"chr20-0375",0.100034322964611
"chr20-0376",0.0475428914636444
"chr20-0377",0.0286850446520141
"chr20-0378",0.0152618411454647
"chr20-0379",0.0334044099787999
"chr20-0380",-0.067659633547875
"chr20-0381",-0.0950099708380444
"chr20-0382",0.0337988077283626
"chr20-0383",-0.0810294662868658
"chr20-0384",-0.00538272609150415
"chr20-0385",-0.0557421817601544
"chr20-0386",-0.0468305075167279
"chr20-0387",0.0383203111848697
"chr20-0388",-0.041384050852274
"chr20-0389",-0.00178584966188934
"chr20-0390",-0.113197025280523
"chr20-0391",0.00440805590842736
"chr20-0392",-0.0385033765798714
"chr20-0393",0.0605199740141507
"chr20-0394",-0.061015457847458
"chr20-0395",-0.0789985813150738
"chr20-0396",-0.131913691168375
"chr20-0397",-0.163055546402368
"chr20-0398",-0.0111372379447187
"chr20-0399",-0.0422364400591311
"chr20-0400",-0.041318212536039
"chr20-0401",0.0690974659810436
"chr20-0402",-0.0470903341923025
"chr20-0403",0.0405317508093355
"chr20-0404",0.0655533245050876
"chr20-0405",0.124525700304968
"chr20-0406",-0.00440547720491457
"chr20-0407",-0.0637881797594183
"chr20-0408",-0.0110548439400074
"chr20-0409",-0.0396163784485927
"chr20-0410",0.00910395688537676
"chr20-0411",-0.101745994236919
"chr20-0412",-0.118847509909063
"chr20-0413",-0.0402553397424741
"chr20-0414",-0.168761253833554
"chr20-0415",0.00978514439114495
"chr20-0416",0.021504112601605
"chr20-0417",-0.0338451326730213
"chr20-0418",-0.0595726320060595
"chr20-0419",0.00348990393420306
"chr20-0420",0.047795350316345
"chr20-0421",-0.128054658327327
"chr20-0422",0.0223795215308156
"chr20-0423",0.043692592202547
"chr20-0424",-0.0322878623697125
"chr20-0425",-0.0548453688433772
"chr20-0426",0.0465358166024415
"chr20-0427",0.0763357598813614
"chr20-0428",-0.0463031685034511
"chr20-0429",-0.0617657601657337
"chr20-0430",-0.0256383662868841
"chr20-0431",-0.0625358786441994
"chr20-0432",-0.0939400634629119
"chr20-0433",-0.112516795799932
"chr20-0434",-0.0684821099282765
"chr20-0435",-0.104706497066483
"chr20-0436",-0.0360368591960924
"chr20-0437",0.0306425418095498
"chr20-0438",0.0502212528210442
"chr20-0439",0.0319714367721248
"chr20-0440",0.0227552308529055
"chr20-0441",0.0931800588970047
"chr20-0442",0.0320536397073525
"chr20-0443",0.0201647619597228
"chr20-0444",0.106297091897479
"chr20-0445",0.0104320904220171
"chr20-0446",0.0302553142967648
"chr20-0447",0.0115513537299126
"chr20-0448",0.0442524690421556
"chr20-0449",-0.133329288651822
"chr20-0450",-0.0122185741358473
"chr20-0451",-0.128930670245596
"chr20-0452",-0.0122076211684543
"chr20-0453",-0.100381275480998
"chr20-0454",-0.0600487044360935
"chr20-0455",-0.0251024925696897
"chr20-0456",0.0744017450087609
"chr20-0457",-0.00136888650971978
"chr20-0458",-0.0903576464804755
"chr20-0459",-0.0276270704206144
"chr20-0460",0.0433505235365297
"chr20-0461",-0.0653539470871717
"chr20-0462",-0.000284051181914388
"chr20-0463",-0.0392891809455156
"chr20-0464",0.0338809891219054
"chr20-0465",-0.0482244731082101
"chr20-0466",-0.00485671409273914
"chr20-0467",0.0397692271292902
"chr20-0468",0.0160801010568474
"chr20-0469",0.0316816360984113
"chr20-0470",0.0159728215533063
"chr20-0471",-0.0986661701954961
"chr20-0472",-0.0374138864721779
"chr20-0473",0.0262186995347273
"chr20-0474",0.0582599694760271
"chr20-0475",0.124114735212236
"chr20-0476",0.102858459616823
"chr20-0477",-0.0200772225762101
"chr20-0478",0.0150170094797012
"chr20-0479",0.0932110651120435
"chr20-0480",0.0854290045036751
"chr20-0481",-0.00143543204511944
"chr20-0482",-0.0417064065928465
"chr20-0483",0.0429139527958803
"chr20-0484",0.047207328492649
"chr20-0485",0.0776244929283516
"chr20-0486",0.0300400696318767
"chr20-0487",0.0487911319824
"chr20-0488",-0.0193161633953803
"chr20-0489",0.0535528855707429
"chr20-0490",-0.00757159325082532
"chr20-0491",0.0379099668965562
"chr20-0492",0.0871355300113883
"chr20-0493",0.0496746326855595
"chr20-0494",0.081475758401389
"chr20-0495",0.0475842514173453
"chr20-0496",0.113100724077475
"chr20-0497",0.109556411491461
"chr20-0498",0.0383369068416708
"chr20-0499",0.102298328554082
"chr20-0500",0.0413280291955119
"chr20-0501",0.101019121143852
"chr20-0502",0.0590857214180505
"chr20-0503",0.0360705083562712
"chr20-0504",-0.0126726081152058
"chr20-0505",0.0707603505856516
"chr21-0001",0.0229139861281296
"chr21-0002",0.143897780726003
"chr21-0003",0.118581435801822
"chr21-0004",0.0807495205948128
"chr21-0005",0.0278495557922827
"chr21-0006",0.000189943190148135
"chr21-0007",-0.046838127637605
"chr21-0008",-0.0620688994596297
"chr21-0009",0.0667769160059219
"chr21-0010",0.00309957898023289
"chr21-0011",0.0192483537233293
"chr21-0012",0.139575943633641
"chr21-0013",0.0743599261073083
"chr21-0014",-0.0384913005008035
"chr21-0015",-0.0917432676929759
"chr21-0016",0.0633673521919319
"chr21-0017",-0.133804999425619
"chr21-0018",-0.0151527003079584
"chr21-0019",-0.0799886543913872
"chr21-0020",-0.0241889143567952
"chr21-0021",-0.19528784805367
"chr21-0022",-0.0900975960453961
"chr21-0023",-0.142792955149457
"chr21-0024",0.11795123179642
"chr21-0025",-0.0191418136758075
"chr21-0026",-0.0508386448476875
"chr21-0027",-0.10549614806476
"chr21-0028",-0.105736812746862
"chr21-0029",0.00592475358582307
"chr21-0030",-0.0840194903348274
"chr21-0031",-0.073621298922278
"chr21-0032",-0.0112194168452616
"chr21-0033",-0.0537797210671727
"chr21-0034",-0.101150313250346
"chr21-0035",-0.00515689408610937
"chr21-0036",-0.0499064651700178
"chr21-0037",-0.101297471638859
"chr21-0038",-0.0164743150117021
"chr21-0039",-0.0506649842404224
"chr21-0040",-0.0837359472320253
"chr21-0041",0.000561987412311836
"chr21-0042",0.0389316482437277
"chr21-0043",0.0260489875340777
"chr21-0044",-0.0765173760703994
"chr21-0045",-0.0440595547731279
"chr21-0046",0.029996995841211
"chr21-0047",0.125275604780765
"chr21-0048",0.00918951396339741
"chr21-0049",0.0701538232515857
"chr21-0050",-0.0732210473954241
"chr21-0051",-0.0768521707301377
"chr21-0052",0.0264072988560584
"chr21-0053",-0.16642552489603
"chr21-0054",-0.00064544459883876
"chr21-0055",-0.103113981470781
"chr21-0056",0.0120957210857356
"chr21-0057",-0.0667306646365362
"chr21-0058",0.121059247287132
"chr21-0059",-0.0272283468086517
"chr21-0060",-0.0991219727507334
"chr21-0061",-0.110422005388218
"chr21-0062",-0.00694278255069885
"chr21-0063",-0.198591506904577
"chr21-0064",-0.179668193834705
"chr21-0065",-0.111059345931376
"chr21-0066",-0.133437134658999
"chr21-0067",-0.103564865584867
"chr21-0068",-0.0607710243200875
"chr21-0069",0.0125918612811362
"chr21-0070",-0.0323576493138001
"chr21-0071",-0.0449868791134906
"chr21-0072",-0.0837669280805548
"chr21-0073",-0.00978147689506978
"chr21-0074",-0.122496984024491
"chr21-0075",-0.00717249661950841
"chr21-0076",0.120185299990922
"chr21-0077",0.0287331359086594
"chr21-0078",0.0532522392189944
"chr21-0079",-0.0629326716216423
"chr21-0080",-0.0291597040947804
"chr21-0081",-0.0821986805987706
"chr21-0082",0.0555456132954662
"chr21-0083",-0.0798872521156146
"chr21-0084",0.0801271606178924
"chr21-0085",-0.0592574748223538
"chr21-0086",-0.0191909799624369
"chr21-0087",0.0176780444873883
"chr21-0088",0.0283629074438502
"chr21-0089",-0.129737904223225
"chr21-0090",-0.00252596513248676
"chr21-0091",0.054992070045237
"chr21-0092",-0.0404314566115082
"chr21-0093",-0.0322911156266332
"chr21-0094",-0.0389093452920959
"chr21-0095",-0.0524912337787387
"chr21-0096",0.0139655154235024
"chr21-0097",-0.00366382843225434
"chr21-0098",-0.0821701142109191
"chr21-0099",0.0192118709124843
"chr21-0100",0.0724432290117359
"chr21-0101",-0.137967287788825
"chr21-0102",0.0113195575345245
"chr21-0103",0.00193326345029826
"chr21-0104",-0.011412426514529
"chr21-0105",-0.0493387674215985
"chr21-0106",0.0134670684198043
"chr21-0107",0.065389883075294
"chr21-0108",-0.00898982964387752
"chr21-0109",0.00450413673880097
"chr21-0110",-0.0289156720288348
"chr21-0111",0.0224457682563156
"chr21-0112",-0.0221761834684123
"chr21-0113",-0.0551077755885547
"chr21-0114",-0.0515600677323748
"chr21-0115",0.0481200771554767
"chr21-0116",0.0296414323007218
"chr21-0117",-0.155420867219094
"chr21-0118",-0.114347850674345
"chr21-0119",0.0190859671168591
"chr21-0120",0.0297458559721612
"chr21-0121",-0.0723470607774041
"chr21-0122",0.00310071454122553
"chr21-0123",-0.0206855740367257
"chr21-0124",0.036192302259727
"chr21-0125",0.0244500201070136
"chr21-0126",0.0104787481100597
"chr21-0127",-0.0741729802216052
"chr21-0128",0.0880537089830111
"chr21-0129",-0.00999918817720812
"chr21-0130",-0.0365302277136884
"chr21-0131",-0.102235222818422
"chr21-0132",0.13942769035675
"chr21-0133",-0.0445732650880854
"chr21-0134",-0.0664901087077514
"chr21-0135",-0.00675251428716547
"chr21-0136",-0.0638885962619622
"chr21-0137",0.0219573192187042
"chr21-0138",-0.0344019557319167
"chr21-0139",-0.0203648309449914
"chr21-0140",0.0965392322859303
"chr21-0141",-0.00648059845186321
"chr21-0142",-0.0023102510444444
"chr21-0143",0.0680057146085919
"chr21-0144",-0.090318827671755
"chr21-0145",-0.0306859964717531
"chr21-0146",-0.00756652663928509
"chr21-0147",-0.042770548104575
"chr21-0148",-0.154280740436405
"chr21-0149",-0.039431188741109
"chr21-0150",0.10073244886406
"chr21-0151",-0.227939933712106
"chr21-0152",-0.053985713555049
"chr21-0153",-0.0854065376368638
"chr21-0154",-0.069352621387404
"chr21-0155",-0.00721748892159809
"chr21-0156",-0.0445822587367627
"chr21-0157",-0.0679216864077396
"chr21-0158",0.00893998080528195
"chr21-0159",-0.0984393526521509
"chr21-0160",-0.0453165487879261
"chr21-0161",0.00771197121766535
"chr21-0162",-0.0455683473423873
"chr21-0163",0.0591196054153293
"chr21-0164",0.0526760930784669
"chr21-0165",-0.054632101348691
"chr21-0166",0.0393613235752505
"chr21-0167",-0.0491624223470819
"chr21-0168",-0.0354234035888324
"chr21-0169",-0.0795772289649952
"chr21-0170",-0.0231695690425031
"chr21-0171",-0.0432438917500759
"chr21-0172",-0.0989434851895561
"chr21-0173",-0.00599602253181244
"chr21-0174",0.0830588011346186
"chr21-0175",0.102365413982058
"chr21-0176",0.00768039758227539
"chr21-0177",0.0164610294345416
"chr21-0178",-0.0147087620035904
"chr21-0179",0.097497134030682
"chr21-0180",0.0223756220288539
"chr21-0181",0.0658554319213167
"chr21-0182",0.0806004945795421
"chr21-0183",0.0610824231357073
"chr21-0184",0.0736782571463864
"chr21-0185",-0.01162654354804
"chr21-0186",0.0792162914065839
"chr21-0187",0.0789126276027544
"chr21-0188",0.172711532566116
"chr21-0189",0.0946893493069865
"chr21-0190",0.0944838194611179
"chr21-0191",0.110112655788148
"chr21-0192",0.177289114677949
"chr21-0193",0.0355224227613276
"chr21-0194",0.0321051087451143
"chr21-0195",0.071973583887184
"chr21-0196",0.00103595212006917
"chr21-0197",0.114571615127232
"chr21-0198",0.0757442130046704
"chr21-0199",0.0347464401629697
"chr21-0200",-0.000800260829286589
"chr21-0201",0.15794153800877
"chr21-0202",0.0377465893524359
"chr21-0203",0.0684251431010852
"chr21-0204",0.0806235458739315
"chr21-0205",0.141423700697812
"chr21-0206",0.0893277537773512
"chr21-0207",0.109728254757529
"chr21-0208",0.050708887173182
"chr21-0209",0.102142369103188
"chr21-0210",0.0637674760225298
"chr21-0211",0.00771859311779188
"chr21-0212",-0.0263405477146397
"chr21-0213",0.0318536590213026
"chr21-0214",0.0884472981061675
"chr21-0215",0.0537186412468678
"chr21-0216",0.199493038065139
"chr21-0217",0.104423036921082
"chr21-0218",0.109076387383751
"chr21-0219",0.0462724768922673
"chr21-0220",0.0682617739406839
"chr21-0221",0.149719160329378
"chr21-0222",0.0582383391615312
"chr21-0223",0.0162344368150014
"chr21-0224",-0.00014407878873605
"chr21-0225",-0.00512592754701267
"chr22-0001",0.13578622436272
"chr22-0002",0.015987697038411
"chr22-0003",0.00446120012242819
"chr22-0004",-0.0998354990899951
"chr22-0005",-0.063396163000522
"chr22-0006",0.0719098755695308
"chr22-0007",0.0385848134273342
"chr22-0008",-0.0451239523042651
"chr22-0009",-0.0158917566241566
"chr22-0010",-0.0446661579814572
"chr22-0011",-0.113190627327733
"chr22-0012",-0.050038609215681
"chr22-0013",0.0932163572699668
"chr22-0014",0.0394722978786289
"chr22-0015",0.0881435818517532
"chr22-0016",-0.0899329066917453
"chr22-0017",-0.0876933567789304
"chr22-0018",-0.204890076043516
"chr22-0019",-0.155375812376359
"chr22-0020",-0.00118781957620735
"chr22-0021",-0.0199213168564021
"chr22-0022",0.058406812712531
"chr22-0023",0.00744464089818324
"chr22-0024",-0.0133766635959798
"chr22-0025",-0.0563581494015297
"chr22-0026",-0.0782320875023476
"chr22-0027",0.0156247351123135
"chr22-0028",-0.113701001954832
"chr22-0029",0.0524686910521777
"chr22-0030",-0.0269181618741516
"chr22-0031",0.0334835274114628
"chr22-0032",0.0071637359696495
"chr22-0033",0.0944779032611411
"chr22-0034",0.0886111678674832
"chr22-0035",0.0649744356404308
"chr22-0036",0.0787976830131983
"chr22-0037",-0.00555242422695522
"chr22-0038",0.0820912850237793
"chr22-0039",0.101536342624105
"chr22-0040",-0.0160358278041698
"chr22-0041",0.0614403474167001
"chr22-0042",-0.0596906376131035
"chr22-0043",-0.0108429205853406
"chr22-0044",0.023700191875181
"chr22-0045",-0.0607051968752995
"chr22-0046",0.014760774887945
"chr22-0047",-0.0253118782570553
"chr22-0048",-0.102506775898539
"chr22-0049",0.0819361275522432
"chr22-0050",-0.121231777968687
"chr22-0051",-0.0131141902257428
"chr22-0052",-0.0602076771285174
"chr22-0053",0.0723432957632317
"chr22-0054",-0.0288048399748643
"chr22-0055",-0.0910914670949607
"chr22-0056",0.0281246697911528
"chr22-0057",0.0330883485208089
"chr22-0058",-0.0355133159346061
"chr22-0059",-0.0646715664600686
"chr22-0060",-0.02604988537878
"chr22-0061",-0.0427386381898635
"chr22-0062",0.0111912181937365
"chr22-0063",-0.0697125003021742
"chr22-0064",-0.0491642428805762
"chr22-0065",-0.193298682943615
"chr22-0066",-0.166546070452923
"chr22-0067",-0.0159257383273725
"chr22-0068",-0.0597256169352585
"chr22-0069",-0.010256563736175
"chr22-0070",0.0874053785610697
"chr22-0071",0.0908382326609541
"chr22-0072",-0.0461224297098689
"chr22-0073",0.0571117469856423
"chr22-0074",-0.0318713459815331
"chr22-0075",-0.0416848764518835
"chr22-0076",-0.0321259297638248
"chr22-0077",-0.0332203356682751
"chr22-0078",0.0130001448166648
"chr22-0079",-0.0388303619585104
"chr22-0080",-0.0313306133180026
"chr22-0081",0.0440788589085957
"chr22-0082",0.0165097947098431
"chr22-0083",0.0956426623899364
"chr22-0084",0.00715690365489724
"chr22-0085",0.0417752298408144
"chr22-0086",0.0580244398078066
"chr22-0087",0.0143408114931294
"chr22-0088",-0.0399233736004758
"chr22-0089",0.024192399373983
"chr22-0090",0.00322443746495133
"chr22-0091",0.00681761586697262
"chr22-0092",0.0154950551382955
"chr22-0093",-0.0405712369965923
"chr22-0094",-0.0141875699405257
"chr22-0095",-0.0328120237425941
"chr22-0096",0.0406258307924465
"chr22-0097",0.0222702379724218
"chr22-0098",-0.0578185738519101
"chr22-0099",-0.0334729910563533
"chr22-0100",0.135439894251738
"chr22-0101",-0.00507177548196188
"chr22-0102",-0.0625301371257861
"chr22-0103",-0.0193973364556042
"chr22-0104",-0.0148421091524152
"chr22-0105",-0.0046298641660124
"chr22-0106",-0.0279305111806865
"chr22-0107",-0.0164398657488525
"chr22-0108",-0.0289565836973377
"chr22-0109",0.0367987757038469
"chr22-0110",-0.102982987828185
"chr22-0111",-0.0193580280736306
"chr22-0112",0.0502900069504466
"chr22-0113",-0.0516458297322922
"chr22-0114",-0.0787486501464019
"chr22-0115",0.0185805176346828
"chr22-0116",-0.0222501544181949
"chr22-0117",0.00730094520157065
"chr22-0118",-0.0243762556552695
"chr22-0119",0.00118788157458237
"chr22-0120",-0.0462090780071736
"chr22-0121",-0.0484588597833574
"chr22-0122",0.00983205147986787
"chr22-0123",0.0320102774802893
"chr22-0124",-0.0237615216825393
"chr22-0125",-0.00758289442408721
"chr22-0126",-0.0592084463557469
"chr22-0127",0.0573468820372306
"chr22-0128",0.000244459086147023
"chr22-0129",0.00707962309311765
"chr22-0130",-0.0166374972447893
"chr22-0131",-0.0471751114705548
"chr22-0132",-0.0272634899096301
"chr22-0133",-0.0212880998085475
"chr22-0134",3.69596306766106e-05
"chr22-0135",-0.0188360940826162
"chr22-0136",0.00981397658626248
"chr22-0137",0.0817837810894867
"chr22-0138",0.0311774837679867
"chr22-0139",-0.0529652647566961
"chr22-0140",-0.00784729491725652
"chr22-0141",0.0127948744020771
"chr22-0142",-0.0374516566858641
"chr22-0143",-0.0187964707460479
"chr22-0144",-0.0978813597779674
"chr22-0145",0.0430861077420735
"chr22-0146",0.0721899210402623
"chr22-0147",0.0431103650453449
"chr22-0148",-0.0367428844534094
"chr22-0149",-0.0771636053587091
"chr22-0150",-0.0353652994092344
"chr22-0151",-0.0488592174315675
"chr22-0152",0.0542707645242497
"chr22-0153",0.0641612032732763
"chr22-0154",-0.0724795722575307
"chr22-0155",0.0511837641511572
"chr22-0156",-0.0577409077721782
"chr22-0157",-0.0500693772751288
"chr22-0158",-0.0480346920188942
"chr22-0159",0.0471155153041275
"chr22-0160",-0.0175224382982464
"chr22-0161",-0.0251694800787707
"chr22-0162",-0.0306903198067379
"chr22-0163",-0.114246539449228
"chr22-0164",-0.0374397649800798
"chr22-0165",-0.0953110832729043
"chr22-0166",-0.0580472502554122
"chr22-0167",-0.0248913453902506
"chr22-0168",-0.0588950514603001
"chr22-0169",0.0151348277512521
"chr22-0170",-0.0204192202256857
"chr22-0171",0.0188178863910715
"chr22-0172",-0.115504023479238
"chr22-0173",0.0767093286417596
"chr22-0174",0.066418059051219
"chr22-0175",-0.0448336893097013
"chr22-0176",-0.0747676860126238
"chr22-0177",-0.0939511719862515
"chr22-0178",-0.0598079711692742
"chr22-0179",0.0289465359780226
"chr22-0180",-0.0958204250261634
"chr22-0181",0.0969038172465582
"chr22-0182",-0.0359328839173539
"chr22-0183",0.0344479471646799
"chr22-0184",-0.0165273217757036
"chr22-0185",-0.114522977817402
"chr22-0186",0.0131850974247339
"chr22-0187",0.157628676560361
"chr22-0188",-0.0270740085134137
"chr22-0189",0.057513594198475
"chr22-0190",-0.0808760731293757
"chr22-0191",-0.0222064117666081
"chr22-0192",-0.0981960774009184
"chr22-0193",0.0342007989122035
"chr22-0194",0.0383506157370908
"chr22-0195",0.0228118973476816
"chr22-0196",0.00767573832692701
"chr22-0197",-0.0250633376201494
"chr22-0198",0.0621558208702804
"chr22-0199",0.0579242669157201
"chr22-0200",0.0920825093809287
"chr22-0201",0.00874782695214135
"chr22-0202",0.0667333111140337
"chr22-0203",0.0232374760536149
"chr22-0204",-0.038268120173537
"chr22-0205",0.0384403998188449
"chr22-0206",-0.010597620355484
"chr22-0207",0.0365876449504337
"chr22-0208",-0.0296399104070871
"chr22-0209",0.0156564970550616
"chr22-0210",0.00443810252164686
"chr22-0211",0.0476381142233496
"chr22-0212",0.0199544871439687
"chr22-0213",0.137410205005767
"chr22-0214",0.0247286337858728
"chr22-0215",-0.0657089783544263
"chr22-0216",0.000581628164442935
"chr22-0217",0.00409926711368909
"chr22-0218",-0.00968035934476199
"chr22-0219",-0.166616822329893
"chr22-0220",-0.0183867338485577
"chr22-0221",0.0360361253412244
"chr22-0222",0.00233173589219955
"chr22-0223",0.0225775161325546
"chr22-0224",0.0149828680450973
"chr22-0225",0.0310123765389915
"chr22-0226",-0.034588669870569
"chr22-0227",-0.0365106492067121
"chr22-0228",0.0256896295532433
"chr22-0229",0.0244403800113463
"chr22-0230",-0.0969898091957409
"chr22-0231",-0.0321289707173357
"chr22-0232",-0.0158365057741805
"chr22-0233",0.0208228087114627
"chr22-0234",0.0149249074953433
"chr22-0235",0.0379166017740428
"chr22-0236",0.0702301791387747
"chr22-0237",0.0281662673524021
"chr22-0238",-0.133177541206059
"chr22-0239",-0.0289149116240121
"chr22-0240",-0.0375640528485278
"chr22-0241",-0.0910483871923499
"chr22-0242",-0.0549180630668306
"chr22-0243",0.0563382506413762
"chr22-0244",-0.0401879334657195
"chr22-0245",-0.0321792120498638
"chr22-0246",-0.0309922640267206
"chr22-0247",0.0423501496085356
"chr22-0248",0.0364738458058049
"chr22-0249",-0.0209562811967314
"chr22-0250",-0.225432638102639
"chr22-0251",-0.0665554173701212
"chr22-0252",-0.0600491653904246
"chr22-0253",-0.0233685801775277
"chr22-0254",-0.00688555718087997
"chr22-0255",-0.0344907502729389
"chr22-0256",0.0130404445628757
"chr22-0257",-0.0107886607220584
"chr22-0258",-0.0302338489199141
"chr22-0259",-0.00751312729412987
"chr22-0260",0.0230618008015137
"chr22-0261",-0.0370876164931079
"chr22-0262",-0.0260353594492051
"chr22-0263",-0.0101477088146134
"chr22-0264",0.0773637216066523
"chr22-0265",0.0112450832742291
"chr22-0266",0.0672012322830205
"chr22-0267",-0.0637088953025008
"chr22-0268",-0.00685615391314804
"chr22-0269",0.0248466771025988
"chr22-0270",0.0345126129817176
"chr22-0271",0.0302053694626636
"chr22-0272",0.0287773755974506
"chr22-0273",0.00213246855443774
"chr22-0274",-0.00536504653849748
"chr22-0275",-0.0163691347375236
"chr22-0276",0.00640224280182455
"chr22-0277",-0.040138273938398
"chr22-0278",-0.011538837676997
"chr22-0279",0.0560514004875998
"chr22-0280",0.0377190834353014
"chr22-0281",0.0593580415847998
"chr22-0282",0.0754140757880568
"chr22-0283",-0.00839952794477479
"chr22-0284",0.0134351302324572
"chr22-0285",0.117211372706106
"chr22-0286",0.0323245898207619
"chr22-0287",0.00636240590864858
"chr22-0288",0.0483469770618075
"chr22-0289",0.0681418217169367
"chr22-0290",0.00281602688986626
"chr22-0291",-0.0363482735462077
"chr22-0292",0.0152728618195833
"chr22-0293",0.0435803254299942
"chr22-0294",0.029175695918869
"chr22-0295",-0.0417177228704324
"chr22-0296",0.0611574558027881
"chr22-0297",-0.0326807419166995
"chr22-0298",0.0617532970599678
"chr22-0299",0.013654614516872
"chr22-0300",-0.0508698154867259
"chr22-0301",0.0277766465920207
"chr22-0302",0.0516884196346243
"chr22-0303",0.0283520590679371
"chr22-0304",0.10216009397652
"chr22-0305",0.0771332486382417
"chr22-0306",-0.0155720457699787
"chr22-0307",-0.000657596810072531
"chr22-0308",-0.0698320519868316
"chr22-0309",0.0584230925823184
"chr22-0310",-0.0184196818705889
"chr22-0311",0.0801170333721311
"chr22-0312",0.0602920314550936
"chr22-0313",0.105411779700698
"chr22-0314",0.152117310521187
"chr22-0315",0.0848921936996812
"chr22-0316",0.120824693167657
"chr22-0317",0.157006441298354
"chr22-0318",0.133886258658898
"chr22-0319",0.0210860920021241
"chr22-0320",0.0499163296285844
"chr22-0321",0.0523239299760697
"chr22-0322",-0.00370840479404049
"chr22-0323",-0.0468989939006454
"chr22-0324",-0.0644525048633715
"chr22-0325",-0.0405839576771524
"chr22-0326",-0.0117350879889706
"chr22-0327",0.0111151204054979
"chr22-0328",-0.0591693692767873
"chr22-0329",-0.00164633714904861
"chr22-0330",0.0482675010991927
"chr22-0331",0.0185606272948653
"chr22-0332",0.0302136882263055
"chr22-0333",-0.0616341233066402
"chr22-0334",0.00800513441368269
"chr22-0335",0.0919863475176241
"chr22-0336",-0.00422745082754087
"chr22-0337",0.0142994867214793
"chr22-0338",0.0210187786102891
"chr22-0339",0.0268479380938219
"chr22-0340",0.0402747779860892
"chr22-0341",0.010931770897327
"chr22-0342",0.00940253130962334
"chr22-0343",0.0516724229798674
"chr22-0344",0.110438226160372
"chr22-0345",0.0897134341933236
"chr22-0346",0.069077837754078
"chr22-0347",0.0603190291683094
"chr22-0348",0.0922899625846793
"chr22-0349",0.0201213379986718
"chr22-0350",0.0640880099568694
"chr22-0351",0.118731753761717
"chr22-0352",0.0414861431558781
"chr22-0353",-0.0126832748726935
"chr22-0354",0.0988412995384215
"chr22-0355",0.0497502947776681
"chr22-0356",-0.0192838591112718
"chr22-0357",0.0790755184933278
"chr22-0358",0.021497139382456
"chr3-0001",0.0472040302361698
"chr3-0002",0.0827514342973026
"chr3-0003",-0.0221681196243998
"chr3-0004",-0.13284095437892
"chr3-0005",0.0582267188560668
"chr3-0006",-0.0964673632971921
"chr3-0007",-0.0663931662285134
"chr3-0008",-0.00355624455732421
"chr3-0009",0.0680753344099747
"chr3-0010",-0.0262050570082954
"chr3-0011",-0.129824132727965
"chr3-0012",-0.109368689289163
"chr3-0013",-0.028740181722131
"chr3-0014",0.0573818923149793
"chr3-0015",0.000193711142483519
"chr3-0016",0.0188341572759689
"chr3-0017",0.0850684503135165
"chr3-0018",0.0568189423342568
"chr3-0019",-0.0430991312427732
"chr3-0020",-0.159126842156454
"chr3-0021",-0.0501831261886601
"chr3-0022",0.0362065688803329
"chr3-0023",0.0153489186705677
"chr3-0024",-0.0364911675604785
"chr3-0025",-0.0736357127491712
"chr3-0026",-0.077844873472516
"chr3-0027",-0.0361295499385324
"chr3-0028",-0.0820513601276369
"chr3-0029",-0.161941330954992
"chr3-0030",-0.0466746217564325
"chr3-0031",-0.115688027907324
"chr3-0032",-0.156083349319105
"chr3-0033",-0.144112235570221
"chr3-0034",-0.055593595845138
"chr3-0035",-0.131743871086644
"chr3-0036",0.0909656275197007
"chr3-0037",-0.155943463459464
"chr3-0038",0.0464068700178686
"chr3-0039",-0.00399520274781936
"chr3-0040",-0.0190787112182484
"chr3-0041",0.00684878884901073
"chr3-0042",-0.00175185117917194
"chr3-0043",-0.0980594298837853
"chr3-0044",0.032235607331201
"chr3-0045",-0.030718883475813
"chr3-0046",-0.0333473504732772
"chr3-0047",-0.00753328329359098
"chr3-0048",0.0206360225879727
"chr3-0049",-0.0934924234864662
"chr3-0050",-0.0207667860605525
"chr3-0051",-0.0498276608354751
"chr3-0052",-0.0239988451687745
"chr3-0053",-0.0893612952321938
"chr3-0054",-0.0721904120413149
"chr3-0055",-0.0633474491409697
"chr3-0056",-0.0448754350550983
"chr3-0057",-0.0088557382828874
"chr3-0058",-0.030946232615343
"chr3-0059",-0.0614617686994144
"chr3-0060",0.100856384898428
"chr3-0061",0.0353906327557779
"chr3-0062",-0.0419724088705468
"chr3-0063",-0.0526571149302656
"chr3-0064",-0.03864303987656
"chr3-0065",-0.156488735086778
"chr3-0066",-0.134603401098027
"chr3-0067",0.0473309560388008
"chr3-0068",-0.0244204154247797
"chr3-0069",-0.0530274490225386
"chr3-0070",-0.0607454759725699
"chr3-0071",-0.0534363437293127
"chr3-0072",-0.00623165375410258
"chr3-0073",-0.0738894285348768
"chr3-0074",0.0368583383289605
"chr3-0075",0.0426737050595442
"chr3-0076",0.0466267914034232
"chr3-0077",-0.0288838108574447
"chr3-0078",-0.0426251184867908
"chr3-0079",-0.0139898806819142
"chr3-0080",-0.0975117308303846
"chr3-0081",0.0241839097145517
"chr3-0082",0.0302407234733015
"chr3-0083",-0.0295786325952998
"chr3-0084",-0.0545455594114903
"chr3-0085",-0.084454712342752
"chr3-0086",-0.0938014378746123
"chr3-0087",0.0154581930771547
"chr3-0088",-0.0168044940665018
"chr3-0089",-0.0821759183551063
"chr3-0090",-0.115565062790229
"chr3-0091",-0.0419540696541405
"chr3-0092",0.0129319131908128
"chr3-0093",-0.0636167023542102
"chr3-0094",-0.102973130495217
"chr3-0095",-0.0500918783193391
"chr3-0096",-0.0882073939836142
"chr3-0097",-0.0598759996830703
"chr3-0098",0.0277627682390584
"chr3-0099",-0.0709784556912086
"chr3-0100",0.0939645050256268
"chr3-0101",-0.0253625999382056
"chr3-0102",-0.09554372595632
"chr3-0103",-0.0304347477954028
"chr3-0104",0.0453615702870055
"chr3-0105",-0.00651616504922673
"chr3-0106",0.0246637414842869
"chr3-0107",-0.0821467221534665
"chr3-0108",-0.0777577660638348
"chr3-0109",-0.0305329618983457
"chr3-0110",-0.0103795989326232
"chr3-0111",-0.0183800593976518
"chr3-0112",0.00428135428165177
"chr3-0113",0.0827590400446718
"chr3-0114",0.135811588793812
"chr3-0115",0.0559315869439362
"chr3-0116",-0.0346079015121007
"chr3-0117",0.0589982228526497
"chr3-0118",0.0406519796590764
"chr3-0119",0.0582860620866514
"chr3-0120",-0.160511776234896
"chr3-0121",-0.12402757144509
"chr3-0122",-0.0771512216648193
"chr3-0123",-0.176494956455071
"chr3-0124",-0.00549896979804582
"chr3-0125",0.0187063032609893
"chr3-0126",-0.0609014863960088
"chr3-0127",-0.0185116948740627
"chr3-0128",-0.0902523595078816
"chr3-0129",-0.0662399594505677
"chr3-0130",-0.0141491108565663
"chr3-0131",-0.0191336822457712
"chr3-0132",-0.0528930295110902
"chr3-0133",-0.0225780634709963
"chr3-0134",-0.0252597667744345
"chr3-0135",-0.0670234831153315
"chr3-0136",-0.0802673916113509
"chr3-0137",0.0116169559461173
"chr3-0138",-0.0701014751294876
"chr3-0139",-0.0312536508868656
"chr3-0140",-0.0179431965159565
"chr3-0141",-0.0308283807289975
"chr3-0142",0.0640895409299041
"chr3-0143",-0.0102260643283156
"chr3-0144",-0.0584365449771161
"chr3-0145",0.0952833349570966
"chr3-0146",-0.0381290565391442
"chr3-0147",-0.155815735691253
"chr3-0148",-0.0228903020509074
"chr3-0149",-0.0225381864410781
"chr3-0150",-0.0485043748097562
"chr3-0151",-0.0899897594778057
"chr3-0152",-0.0528338197155484
"chr3-0153",0.0108994823680417
"chr3-0154",-0.0479631351728587
"chr3-0155",-0.0121911633901857
"chr3-0156",-0.0636724529023279
"chr3-0157",-0.12126522767765
"chr3-0158",-0.0424550912599595
"chr3-0159",-0.151049517818649
"chr3-0160",-0.0879065862302923
"chr3-0161",-0.0531934670573241
"chr3-0162",0.0330339272176086
"chr3-0163",-0.106073347732314
"chr3-0164",-0.0533989623807731
"chr3-0165",0.062301648032431
"chr3-0166",-0.0405292115342431
"chr3-0167",-0.0125186471314977
"chr3-0168",0.00150957297586953
"chr3-0169",-0.133567350003434
"chr3-0170",-0.10152033657004
"chr3-0171",-0.0605342344583792
"chr3-0172",0.0676720318914562
"chr3-0173",-0.0957265165704898
"chr3-0174",0.0118818610205063
"chr3-0175",-0.0134159710517003
"chr3-0176",0.0240580938576219
"chr3-0177",-0.0503737358478196
"chr3-0178",-0.0687738718048788
"chr3-0179",-0.0563346388482153
"chr3-0180",-0.0343496773130361
"chr3-0181",-0.0317666339836058
"chr3-0182",-0.236184009220233
"chr3-0183",-0.0949752347306105
"chr3-0184",0.0136970586001372
"chr3-0185",0.0426930669761024
"chr3-0186",-0.0419345791637468
"chr3-0187",-0.0601070208015163
"chr3-0188",-0.0691966287206287
"chr3-0189",-0.00611922174886161
"chr3-0190",-0.0763746231785906
"chr3-0191",-0.0831247183828589
"chr3-0192",-0.157439702858132
"chr3-0193",-0.087275339446169
"chr3-0194",-0.01859999256001
"chr3-0195",-0.171747185955723
"chr3-0196",-0.0665787052844622
"chr3-0197",0.0493270372807111
"chr3-0198",-0.0356745890094071
"chr3-0199",-0.132242545044153
"chr3-0200",-0.051061775164995
"chr3-0201",-0.0635687631717328
"chr3-0202",0.0524196046913287
"chr3-0203",-0.0812431951375351
"chr3-0204",-0.171768414865265
"chr3-0205",-0.00531883861031581
"chr3-0206",-0.165518897321388
"chr3-0207",-0.108710493048955
"chr3-0208",-0.0310118078440849
"chr3-0209",0.0646715062285363
"chr3-0210",-0.0331016155987217
"chr3-0211",0.0354867604442089
"chr3-0212",-0.0612134473705063
"chr3-0213",0.0016554879914248
"chr3-0214",0.0098391276451723
"chr3-0215",-0.0246310211078534
"chr3-0216",-0.0475739120924862
"chr3-0217",-0.1590571670512
"chr3-0218",-0.00619658077469327
"chr3-0219",-0.090261065436575
"chr3-0220",-0.0781622052909616
"chr3-0221",-0.170812004269526
"chr3-0222",0.00603421901045334
"chr3-0223",-0.0421079465261476
"chr3-0224",-0.0700755933434316
"chr3-0225",-0.0901207680723179
"chr3-0226",-0.0397558057105702
"chr3-0227",-0.0560501054431443
"chr3-0228",-0.172454611382795
"chr3-0229",-0.0967697021972022
"chr3-0230",-0.0510549145489704
"chr3-0231",-0.00566902130788943
"chr3-0232",-0.129195642423708
"chr3-0233",-0.0466031500539743
"chr3-0234",-0.0687499027686757
"chr3-0235",-0.0999806111969873
"chr3-0236",0.0661212855193676
"chr3-0237",-0.0197787841582249
"chr3-0238",-0.0823511769482648
"chr3-0239",0.000416413426436081
"chr3-0240",-0.062102049625434
"chr3-0241",0.0174115651320793
"chr3-0242",0.0576170031382132
"chr3-0243",-0.0418040298181035
"chr3-0244",-0.221219510627149
"chr3-0245",-0.0779911287569225
"chr3-0246",-0.058844013811373
"chr3-0247",-0.00891840789461034
"chr3-0248",-0.0425805167627112
"chr3-0249",-0.101165853768999
"chr3-0250",-0.155226953828903
"chr3-0251",-0.109819286289425
"chr3-0252",-0.11262911599684
"chr3-0253",0.00599651021537391
"chr3-0254",0.011699266510735
"chr3-0255",-6.76278970652794e-05
"chr3-0256",0.0743333514898367
"chr3-0257",0.081802771679381
"chr3-0258",-0.0388996652018642
"chr3-0259",0.0486708751001263
"chr3-0260",-0.033725763555362
"chr3-0261",-0.0617661499497979
"chr3-0262",-0.144412333589897
"chr3-0263",0.0245885618580515
"chr3-0264",-0.0668798318568637
"chr3-0265",-0.0846866422309018
"chr3-0266",-0.112499994593994
"chr3-0267",-0.118333137824926
"chr3-0268",-0.102596752295282
"chr3-0269",-0.077665535222484
"chr3-0270",-0.0878769599676862
"chr3-0271",0.0389890567890198
"chr3-0272",-0.0138978636353392
"chr3-0273",-0.0436723487044844
"chr3-0274",-0.0342091375002545
"chr3-0275",-0.110147975283445
"chr3-0276",-0.0131092545655261
"chr3-0277",-0.068433419033546
"chr3-0278",0.00115610728892238
"chr3-0279",-0.0640853261825975
"chr3-0280",-0.038903290207586
"chr3-0281",0.00275320278758293
"chr3-0282",-0.0286735648408146
"chr3-0283",-0.0446734244733928
"chr3-0284",-0.0282720892441513
"chr3-0285",-0.134380530272024
"chr3-0286",-0.0735628446624427
"chr3-0287",-0.00772537405310374
"chr3-0288",-0.0141470401786429
"chr3-0289",-0.0232831400159021
"chr3-0290",-0.00186180836128136
"chr3-0291",-0.100437668528125
"chr3-0292",-0.0324610719767119
"chr3-0293",0.0633919406893881
"chr3-0294",0.0590553987952378
"chr3-0295",-0.0700212600826348
"chr3-0296",-0.0473782407919697
"chr3-0297",-0.0290116587174828
"chr3-0298",0.0643391031578447
"chr3-0299",-0.0149332265065126
"chr3-0300",-0.0321513707589036
"chr3-0301",-0.0815365548796438
"chr3-0302",0.000631671923141001
"chr3-0303",-0.0677615734231567
"chr3-0304",-0.048766861193914
"chr3-0305",-0.0652924188203672
"chr3-0306",0.00615247772959877
"chr3-0307",-0.0787643212615733
"chr3-0308",0.0299430803175331
"chr3-0309",0.105036479430186
"chr3-0310",0.0250843238320313
"chr3-0311",0.00779015248246142
"chr3-0312",0.0237262094087794
"chr3-0313",-0.124623476519759
"chr3-0314",-0.108363327613209
"chr3-0315",-0.0516260078832385
"chr3-0316",0.0245097736055439
"chr3-0317",-0.108480472233613
"chr3-0318",0.0165680411769434
"chr3-0319",-0.0170818056719755
"chr3-0320",-0.0511750498348259
"chr3-0321",-0.032114584270954
"chr3-0322",0.0124658515851248
"chr3-0323",-0.0500817675109613
"chr3-0324",-0.0546209549572096
"chr3-0325",-0.034732215893584
"chr3-0326",-0.0452539372691235
"chr3-0327",0.0322761079177958
"chr3-0328",-0.0104830199899521
"chr3-0329",0.0172098143646445
"chr3-0330",-0.0373832334781855
"chr3-0331",-0.0924364031577033
"chr3-0332",-0.0356506525244195
"chr3-0333",-0.0363913337576487
"chr3-0334",-0.0283072708119416
"chr3-0335",-0.126408773090105
"chr3-0336",-0.0102384599768513
"chr3-0337",-0.00122407228553877
"chr3-0338",-0.0232303882069048
"chr3-0339",-0.120492390355208
"chr3-0340",-0.100973816493651
"chr3-0341",-0.00605043543414621
"chr3-0342",-0.00499433235098682
"chr3-0343",-0.0585606220789714
"chr3-0344",-0.0453833776587464
"chr3-0345",0.0184695989437001
"chr3-0346",-0.0112052471593589
"chr3-0347",-0.043163747952467
"chr3-0348",0.0883490315322029
"chr3-0349",0.049846482714495
"chr3-0350",-0.0945842043288609
"chr3-0351",-0.0555303979652708
"chr3-0352",-0.0129525514181197
"chr3-0353",-0.0676781004492042
"chr3-0354",0.0636001283802605
"chr3-0355",0.0108428519352178
"chr3-0356",0.0784366548055344
"chr3-0357",-0.0112391924785312
"chr3-0358",-0.0558374675139422
"chr3-0359",0.00111370157249435
"chr3-0360",-0.0565022260378156
"chr3-0361",-0.0465309975047761
"chr3-0362",-0.160320164708787
"chr3-0363",-0.0160286719164512
"chr3-0364",0.132277603140557
"chr3-0365",-0.0975519110700693
"chr3-0366",0.0275427382216988
"chr3-0367",0.0726927847307053
"chr3-0368",-0.0351601243431565
"chr3-0369",0.117929720208351
"chr3-0370",-0.0239689722357085
"chr3-0371",0.0190070692792046
"chr3-0372",-0.1439240247853
"chr3-0373",-0.0922475628428845
"chr3-0374",-0.174226052476311
"chr3-0375",-0.0259020479468362
"chr3-0376",0.0864146268946157
"chr3-0377",0.0754177707466158
"chr3-0378",0.0894702146253099
"chr3-0379",0.0656830222069818
"chr3-0380",-0.0157394388434546
"chr3-0381",0.000915318303205918
"chr3-0382",-0.0552866488666508
"chr3-0383",-0.122003569600049
"chr3-0384",-0.130126835702499
"chr3-0385",-0.024744857566071
"chr3-0386",-0.00497460539076069
"chr3-0387",0.0643437012924282
"chr3-0388",-0.0568350687397054
"chr3-0389",0.00396892957296505
"chr3-0390",0.0188481058141682
"chr3-0391",-0.046055737635041
"chr3-0392",-0.04545371716765
"chr3-0393",-0.0011138480091712
"chr3-0394",-0.0361025107234335
"chr3-0395",-0.106790008376542
"chr3-0396",0.0294692815833083
"chr3-0397",0.0331901609613457
"chr3-0398",-0.0118843941315007
"chr3-0399",-0.0914038116615958
"chr3-0400",0.0528824694353297
"chr3-0401",-0.0373506481260001
"chr3-0402",0.0628943822736931
"chr3-0403",-0.00303395553065959
"chr3-0404",-0.0432239580424504
"chr3-0405",-0.050505003262999
"chr3-0406",-0.0540392339529552
"chr3-0407",-0.0506762392875507
"chr3-0408",-0.0883745403887093
"chr3-0409",-0.0362832404237035
"chr3-0410",0.0454819522749739
"chr3-0411",-0.0384507558212163
"chr3-0412",-0.15746401106645
"chr3-0413",-0.0274513391576439
"chr3-0414",-0.00908262349253443
"chr3-0415",0.0233725295241711
"chr3-0416",-0.0221968025045456
"chr3-0417",0.0966805721347798
"chr3-0418",0.047575642255403
"chr3-0419",0.0321384924578086
"chr3-0420",-0.0914018911400216
"chr3-0421",0.00831390562690534
"chr3-0422",-0.057307274274519
"chr3-0423",0.0334473944874629
"chr3-0424",0.0205006379755669
"chr3-0425",-0.0807246451587551
"chr3-0426",0.0660052825231277
"chr3-0427",-0.0293758717891015
"chr3-0428",-0.0576370687584657
"chr3-0429",0.035073264245381
"chr3-0430",-0.0583870243548736
"chr3-0431",0.0512146124642014
"chr3-0432",-0.034372893203596
"chr3-0433",-0.118769788742484
"chr3-0434",-0.0628317594450108
"chr3-0435",-0.048299418372097
"chr3-0436",-0.0344903098064708
"chr3-0437",-0.0161124970999263
"chr3-0438",-0.111329391300029
"chr3-0439",0.0430820795775939
"chr3-0440",-0.125050321205949
"chr3-0441",-0.0663835705331056
"chr3-0442",-0.0212786291714829
"chr3-0443",0.0347827690882126
"chr3-0444",0.0216653167569203
"chr3-0445",-0.0939871574502644
"chr3-0446",-0.0118768841443307
"chr3-0447",-0.0446356784282325
"chr3-0448",-0.0313663780038759
"chr3-0449",-0.0914537892648361
"chr3-0450",-0.0612757547628943
"chr3-0451",0.0845902721838615
"chr3-0452",-0.00454292863989303
"chr3-0453",0.139367973345476
"chr3-0454",0.0159938926236112
"chr3-0455",0.103738587996421
"chr3-0456",0.0179310919412467
"chr3-0457",-0.0266817419720314
"chr3-0458",-0.139078162142757
"chr3-0459",0.0751272693421242
"chr3-0460",-0.022157179183502
"chr3-0461",0.0709907370311202
"chr3-0462",-0.121890257352907
"chr3-0463",-0.156771642493742
"chr3-0464",-0.0324809863553826
"chr3-0465",-0.0757998944468654
"chr3-0466",-0.115896612352855
"chr3-0467",-0.0126518638988616
"chr3-0468",-0.101478163862903
"chr3-0469",-0.00461932243251658
"chr3-0470",-0.133565045669512
"chr3-0471",-0.109376532577927
"chr3-0472",-0.0172789520651409
"chr3-0473",-0.0871827153019876
"chr3-0474",-0.0638959651220259
"chr3-0475",-0.0243414920880288
"chr3-0476",-0.0157792289047542
"chr3-0477",-0.0450754033466079
"chr3-0478",0.0315170506748627
"chr3-0479",-0.0571386854727206
"chr3-0480",-0.0484310324984231
"chr3-0481",-0.0777968155513066
"chr3-0482",0.0823943360012782
"chr3-0483",-0.0635741472881671
"chr3-0484",0.0161023357146691
"chr3-0485",-0.0217914365485975
"chr3-0486",-0.121126825905187
"chr3-0487",-0.0802510742394761
"chr3-0488",-0.0801807166569825
"chr3-0489",-0.10884742058881
"chr3-0490",0.113938169562711
"chr3-0491",-0.0646681227473433
"chr3-0492",-0.116736861439478
"chr3-0493",-0.157592167787733
"chr3-0494",-0.111868418838528
"chr3-0495",-0.0314996109530681
"chr3-0496",-0.0351828793089728
"chr3-0497",-0.0293719736227667
"chr3-0498",-0.136878542129123
"chr3-0499",-0.00363474362681875
"chr3-0500",-0.0802203344858131
"chr3-0501",-0.113628230094263
"chr3-0502",-0.0178300515708953
"chr3-0503",-0.0314214425804004
"chr3-0504",-0.160484477744251
"chr3-0505",-0.0439985456128196
"chr3-0506",-0.0956968454776157
"chr3-0507",-0.0698012607348076
"chr3-0508",0.00449396400106097
"chr3-0509",-0.0107872412436015
"chr3-0510",-0.0902803799951643
"chr3-0511",-0.0983894418245259
"chr3-0512",-0.0843908003025923
"chr3-0513",-0.0512874289841623
"chr3-0514",-0.11272038972744
"chr3-0515",-0.0881805049414149
"chr3-0516",-0.0115771457815998
"chr3-0517",-0.0713923746390489
"chr3-0518",-0.22642975264286
"chr3-0519",-0.0753356948332025
"chr3-0520",-0.0758108705402545
"chr3-0521",0.00342043283607545
"chr3-0522",-0.0693960313379251
"chr3-0523",-0.0457024306938035
"chr3-0524",-0.120449226272183
"chr3-0525",-0.134108298337603
"chr3-0526",-0.00217318281451751
"chr3-0527",-0.185967514931108
"chr3-0528",-0.0379712140766382
"chr3-0529",0.0848808195284395
"chr3-0530",-0.0179317512657679
"chr3-0531",0.0195598508297858
"chr3-0532",-0.129547463559573
"chr3-0533",-0.0618743205204234
"chr3-0534",-0.115353032673768
"chr3-0535",-0.0124690546465188
"chr3-0536",-0.00512481850751223
"chr3-0537",-0.215462929159991
"chr3-0538",-0.10168639580335
"chr3-0539",-0.0738920974263024
"chr3-0540",-0.081337355777139
"chr3-0541",-0.022384093416477
"chr3-0542",-0.125945822225224
"chr3-0543",-0.069794975572429
"chr3-0544",-0.158537382589823
"chr3-0545",-0.0419143920845547
"chr3-0546",-0.0377377947844707
"chr3-0547",0.00108098535392051
"chr3-0548",-0.0289362841427368
"chr3-0549",-0.0756090843965001
"chr3-0550",0.0333581010748648
"chr3-0551",-0.0425854720839217
"chr3-0552",-0.129093680621366
"chr3-0553",-0.0212298008673677
"chr3-0554",-0.0182064281724749
"chr3-0555",0.00555694411089887
"chr3-0556",-0.143679684504143
"chr3-0557",-0.138226184215866
"chr3-0558",-0.0102558428646585
"chr3-0559",-0.0765376669882323
"chr3-0560",-0.0372866861817206
"chr3-0561",0.00148571071759665
"chr3-0562",-0.171050771719637
"chr3-0563",-0.121425023007933
"chr3-0564",-0.153795241213698
"chr3-0565",-0.164864090625883
"chr3-0566",-0.0687231672119377
"chr3-0567",-0.0317646444969884
"chr3-0568",-0.101499061393972
"chr3-0569",-0.0347502292249082
"chr3-0570",-0.0535590851796056
"chr3-0571",-0.21024553544399
"chr3-0572",-0.0867532391795956
"chr3-0573",0.030296385763304
"chr3-0574",-0.061655165100821
"chr3-0575",0.0554973919567794
"chr3-0576",-0.135364814533399
"chr3-0577",-0.12178498366799
"chr3-0578",-0.0783133763808377
"chr3-0579",-0.155329497971608
"chr3-0580",0.0273048113200125
"chr3-0581",-0.0115106393421624
"chr3-0582",-0.0202661933034274
"chr3-0583",-0.0118284249743894
"chr3-0584",-0.0545704257158898
"chr3-0585",-0.095158264246248
"chr3-0586",0.00177365542905463
"chr3-0587",-0.00760235019888215
"chr3-0588",-0.0536027044997521
"chr3-0589",-0.0456483989086475
"chr3-0590",0.0434500798169939
"chr3-0591",-0.0766632424407393
"chr3-0592",-0.0463682112784234
"chr3-0593",-0.0571823670945605
"chr3-0594",-0.0850516743221232
"chr3-0595",-0.081192064796387
"chr3-0596",-0.110903352781473
"chr3-0597",-0.0224376216730314
"chr3-0598",-0.0190809652661256
"chr3-0599",0.0182027883827393
"chr3-0600",0.0725978321904303
"chr3-0601",-0.0154710493349247
"chr3-0602",-0.0693075549894437
"chr3-0603",0.0789649103972129
"chr3-0604",-0.0414332592561545
"chr3-0605",-0.176728325878583
"chr3-0606",-0.00366398333787666
"chr3-0607",-0.0152092889387673
"chr3-0608",-0.0689809372349465
"chr3-0609",-0.0702185828998149
"chr3-0610",0.0142268066177398
"chr3-0611",0.00424910736627487
"chr3-0612",-0.00308556224966426
"chr3-0613",-0.0373277798980425
"chr3-0614",-0.164264946548888
"chr3-0615",-0.0477379978009652
"chr3-0616",-0.0410101263660563
"chr3-0617",-0.117071453322792
"chr3-0618",-0.0561441345301314
"chr3-0619",-0.105673173679184
"chr3-0620",-0.0237165083678634
"chr3-0621",-0.00243865544004377
"chr3-0622",-0.025631218228508
"chr3-0623",0.0669165564019878
"chr3-0624",-0.0184446813759789
"chr3-0625",-0.151527240883777
"chr3-0626",-0.0220119695755289
"chr3-0627",-0.106794094497152
"chr3-0628",-0.0212470885875153
"chr3-0629",0.000724161386364101
"chr3-0630",-0.10188832356419
"chr3-0631",-0.0874481847669767
"chr3-0632",-0.110446650099707
"chr3-0633",-0.018246880606013
"chr3-0634",-0.217765495450177
"chr3-0635",-0.0438898903857615
"chr3-0636",-0.101653337459384
"chr3-0637",-0.0237875463551007
"chr3-0638",-0.0178900711511567
"chr3-0639",-0.0759738568993227
"chr3-0640",-0.068481706797305
"chr3-0641",-0.189058437023318
"chr3-0642",-0.0495257873993486
"chr3-0643",-0.174321094786711
"chr3-0644",-0.0165020887488296
"chr3-0645",-0.0308437967892881
"chr3-0646",-0.01810960123826
"chr3-0647",0.0523763035854165
"chr3-0648",-0.110504604414978
"chr3-0649",-0.0047854900236208
"chr3-0650",-0.0261762249505916
"chr3-0651",-0.0401106313542124
"chr3-0652",-0.0191592445890367
"chr3-0653",0.00635937997054027
"chr3-0654",-0.0160328958274678
"chr3-0655",-0.0219316748913076
"chr3-0656",-0.0365166258782272
"chr3-0657",-0.00125728282932654
"chr3-0658",0.0473464657725092
"chr3-0659",0.0101602408260546
"chr3-0660",0.0174552319761821
"chr3-0661",-0.0792323258250618
"chr3-0662",-0.0427172420708695
"chr3-0663",0.112865224458823
"chr3-0664",-0.0643494046473983
"chr3-0665",-0.0527349176574439
"chr3-0666",-0.0409551087981173
"chr3-0667",-0.0600738006332528
"chr3-0668",-0.13188774997254
"chr3-0669",0.0530543100916673
"chr3-0670",0.00603850876537239
"chr3-0671",-0.0858699381613944
"chr3-0672",-0.0850100051276156
"chr3-0673",-0.067658486932015
"chr3-0674",0.0289252624669389
"chr3-0675",-0.00941012459155575
"chr3-0676",-0.129347796538235
"chr3-0677",-0.0616450189357242
"chr3-0678",0.0449408222660155
"chr3-0679",-0.336758473799037
"chr3-0680",-0.0851896515260456
"chr3-0681",-0.00276434207699332
"chr3-0682",0.0255618643941346
"chr3-0683",0.0625228514850284
"chr3-0684",0.00174029680615008
"chr3-0685",0.0234449990475982
"chr3-0686",0.00733781048881191
"chr3-0687",-0.00901764532782148
"chr3-0688",-0.00384784688291418
"chr3-0689",-0.0340143795032558
"chr3-0690",-0.0371568693826933
"chr3-0691",-0.0291562505349384
"chr3-0692",0.00421776261437643
"chr3-0693",-0.0551260608519449
"chr3-0694",0.077569527768186
"chr3-0695",-0.0840703625137074
"chr3-0696",-0.0567921126846216
"chr3-0697",-0.0461007193450127
"chr3-0698",0.100803531390238
"chr3-0699",-0.0628163678329929
"chr3-0700",-0.0583721450491983
"chr3-0701",0.0997033167416459
"chr3-0702",0.0241434217832438
"chr3-0703",-0.0125720771643467
"chr3-0704",0.0970382117042267
"chr3-0705",-0.0901500132603056
"chr3-0706",-0.117556407218531
"chr3-0707",0.0551107535056948
"chr3-0708",-0.0961379579706068
"chr3-0709",-0.0544975928868217
"chr3-0710",-0.0400046334020786
"chr3-0711",-0.038969498042348
"chr3-0712",-0.00930271625911946
"chr3-0713",0.0562429117407408
"chr3-0714",0.0159720013883087
"chr3-0715",-0.0690969698504562
"chr3-0716",0.00266495047863073
"chr3-0717",-0.0733964599572331
"chr3-0718",-0.0131517665572781
"chr3-0719",-0.0615228897081782
"chr3-0720",-0.00957943071442937
"chr3-0721",0.236755506186921
"chr3-0722",-0.0724012642687042
"chr3-0723",-0.0463399504396391
"chr3-0724",0.0376407619262954
"chr3-0725",-0.10626025595993
"chr3-0726",0.043522758091609
"chr3-0727",0.0436970349405979
"chr3-0728",0.0743878824429831
"chr3-0729",-0.00702092796958074
"chr3-0730",-0.0690787588745932
"chr3-0731",0.112577123611198
"chr3-0732",-0.141142996934886
"chr3-0733",0.019410352458024
"chr3-0734",-0.0202463973903899
"chr3-0735",-0.0325644986482571
"chr3-0736",-0.0638317271749377
"chr3-0737",-0.143100719770853
"chr3-0738",0.0407098421512952
"chr3-0739",-0.111411487303407
"chr3-0740",-0.0567837476709123
"chr3-0741",-0.127518861545993
"chr3-0742",-0.0951493978103713
"chr3-0743",0.0171406799615001
"chr3-0744",-0.0724655976020355
"chr3-0745",-0.163619717603287
"chr3-0746",0.0243224007276896
"chr3-0747",-0.0937873047673222
"chr3-0748",-0.195786666385489
"chr3-0749",-0.0106079484474892
"chr3-0750",-0.0766471602533703
"chr3-0751",-0.0127216151334098
"chr3-0752",-0.0951828323800959
"chr3-0753",-0.0137052984331953
"chr3-0754",-0.114614170959794
"chr3-0755",-0.0391929145523987
"chr3-0756",-0.035869446045335
"chr3-0757",-0.0387118511234073
"chr3-0758",-0.0468611412097595
"chr3-0759",0.0178653377532346
"chr3-0760",-0.0943269872199097
"chr3-0761",-0.164639878373623
"chr3-0762",0.0084526442683333
"chr3-0763",-0.0926678536497592
"chr3-0764",-0.0275109370338875
"chr3-0765",-0.0095745694173116
"chr3-0766",-0.0684325958000377
"chr3-0767",-0.0846395739966608
"chr3-0768",-0.0156449306636531
"chr3-0769",-0.113519809644378
"chr3-0770",-0.198930830998472
"chr3-0771",-0.0180943582778908
"chr3-0772",-0.14403718945397
"chr3-0773",-0.124335896289559
"chr3-0774",-0.0646874007046458
"chr3-0775",-0.0338030032507657
"chr3-0776",-0.132009760607912
"chr3-0777",-0.0447574205742531
"chr3-0778",-0.0314290206290809
"chr3-0779",-0.0870667405900603
"chr3-0780",-0.101031853326272
"chr3-0781",-0.0545854930403936
"chr3-0782",-0.0232800069255608
"chr3-0783",-0.217589833434491
"chr3-0784",-0.00279457762110488
"chr3-0785",-0.00594408545899817
"chr3-0786",0.0130374985576084
"chr3-0787",-0.035652380696183
"chr3-0788",0.0547727393459256
"chr3-0789",-0.0812958525824459
"chr3-0790",-0.134785826373841
"chr3-0791",-0.0763709293967438
"chr3-0792",-0.0585731766478317
"chr3-0793",-0.0388889540431017
"chr3-0794",0.0291717536416973
"chr3-0795",-0.0267265100026114
"chr3-0796",-0.0506780755284976
"chr3-0797",0.00908374651780001
"chr3-0798",-0.0538386367182807
"chr3-0799",-0.137955865946661
"chr3-0800",-0.119417349167723
"chr3-0801",-0.00184603803821991
"chr3-0802",0.0881908224319501
"chr3-0803",-0.00358299051810163
"chr3-0804",-0.00946839710195133
"chr3-0805",0.0714201943666287
"chr3-0806",-0.224219424564588
"chr3-0807",-0.0358294895194859
"chr3-0808",0.0340679492150795
"chr3-0809",0.0470569155724229
"chr3-0810",-0.00182895394723761
"chr3-0811",0.0540532595621645
"chr3-0812",-0.0190291523917168
"chr3-0813",0.00199806071329443
"chr3-0814",-0.107063925523321
"chr3-0815",-0.0722156484453996
"chr3-0816",-0.0615658412626092
"chr3-0817",-0.0439968082626967
"chr3-0818",-0.0642414065634758
"chr3-0819",0.0479123385795914
"chr3-0820",-0.119469333776507
"chr3-0821",-0.0153441557281695
"chr3-0822",0.02914338302419
"chr3-0823",0.00317811565513908
"chr3-0824",-0.104852229570959
"chr3-0825",-0.133850284398262
"chr3-0826",-0.0983181286302215
"chr3-0827",-0.180997082952686
"chr3-0828",-0.107994040487724
"chr3-0829",-0.0464950324411956
"chr3-0830",-0.0345059536141522
"chr3-0831",-0.092568464134627
"chr3-0832",-0.027741407935785
"chr3-0833",-0.037504632230286
"chr3-0834",-0.0917762574092868
"chr3-0835",0.0318515060749864
"chr3-0836",0.094054011163034
"chr3-0837",-0.0280303442449861
"chr3-0838",-0.0284755266191911
"chr3-0839",-0.00316801717725726
"chr3-0840",-0.0493656982557027
"chr3-0841",0.0218732407965637
"chr3-0842",-0.0259121061958103
"chr3-0843",0.013883745263975
"chr3-0844",0.102646199370071
"chr3-0845",0.0240589207907672
"chr3-0846",-0.0366855257269353
"chr3-0847",-0.0368276409478426
"chr3-0848",-0.0739742095084129
"chr3-0849",-0.133608961019259
"chr3-0850",-0.118229651275385
"chr3-0851",-0.116359158004074
"chr3-0852",-0.0763243793193357
"chr3-0853",-0.0833713734106293
"chr3-0854",-0.018172249720027
"chr3-0855",-0.100557688563345
"chr3-0856",-0.0875946071472208
"chr3-0857",0.0516849194034207
"chr3-0858",0.00851095667419553
"chr3-0859",0.0811530759398459
"chr3-0860",-0.0778017262251293
"chr3-0861",-0.0650812343442559
"chr3-0862",-0.034230092475429
"chr3-0863",0.0374826422029653
"chr3-0864",-0.0625137992861499
"chr3-0865",-0.0529682359657845
"chr3-0866",-0.0923412516883193
"chr3-0867",-0.00190388229384104
"chr3-0868",-0.166948001573124
"chr3-0869",-0.0156593903144743
"chr3-0870",-0.0389840220273909
"chr3-0871",-0.0290766714359064
"chr3-0872",-0.0309826536554754
"chr3-0873",0.010769874223544
"chr3-0874",0.0356801058737764
"chr3-0875",-0.100468567289504
"chr3-0876",0.039631568535507
"chr3-0877",-0.111502428094478
"chr3-0878",-0.0997602547509205
"chr3-0879",-0.104069817001062
"chr3-0880",0.0517921400535648
"chr3-0881",-0.0728070366145284
"chr3-0882",-0.142025112036044
"chr3-0883",-0.0584365568010229
"chr3-0884",-0.0975812032940278
"chr3-0885",0.00302242400206243
"chr3-0886",-0.0917007994194936
"chr3-0887",-0.039491186115681
"chr3-0888",-0.159865691519479
"chr3-0889",-0.00826434532600981
"chr3-0890",-0.0307031938968734
"chr3-0891",-0.136573952695239
"chr3-0892",-0.0429581402781537
"chr3-0893",-0.119885344504849
"chr3-0894",-0.061893775298226
"chr3-0895",-0.154499985025026
"chr3-0896",0.0666166709568213
"chr3-0897",-0.0497040708984012
"chr3-0898",0.0359735767828746
"chr3-0899",-0.0635181234632365
"chr3-0900",-0.0898957147366567
"chr3-0901",0.0266572526970656
"chr3-0902",0.0326367963733715
"chr3-0903",-0.0665147824720266
"chr3-0904",-0.0713260446860002
"chr3-0905",-0.00629994499197707
"chr3-0906",0.0111557106618377
"chr3-0907",-0.000514026613921659
"chr3-0908",-0.0831311817163984
"chr3-0909",-0.0471357664326259
"chr3-0910",-0.0363022392936797
"chr3-0911",-0.0756284529387369
"chr3-0912",-0.0427559569213775
"chr3-0913",-0.060909990332534
"chr3-0914",-0.177844492043723
"chr3-0915",0.070620475811307
"chr3-0916",-0.123807248814628
"chr3-0917",-0.103017346917441
"chr3-0918",0.0197585525895141
"chr3-0919",-0.0365382545485148
"chr3-0920",0.0128300773234877
"chr3-0921",-0.167893208283619
"chr3-0922",-0.125538614191174
"chr3-0923",-0.0851788626159047
"chr3-0924",-0.135281820673578
"chr3-0925",-0.139729840738924
"chr3-0926",0.0490426811068296
"chr3-0927",-0.0118451824832904
"chr3-0928",-0.0499204635232017
"chr3-0929",-0.0830147419288683
"chr3-0930",-0.0110405263480217
"chr3-0931",-0.0869953732224091
"chr3-0932",-0.122966794927283
"chr3-0933",-0.205313390912745
"chr3-0934",-0.0131333324192752
"chr3-0935",-0.00481716808818066
"chr3-0936",0.0144103003391135
"chr3-0937",-0.0373679434125983
"chr3-0938",-0.0209776351065131
"chr3-0939",-0.0208626181510455
"chr3-0940",-0.0902584811852984
"chr3-0941",0.0126442670049701
"chr3-0942",-0.00421109922990992
"chr3-0943",-0.0338028958041317
"chr3-0944",-0.101337551358507
"chr3-0945",0.0320248075647073
"chr3-0946",-0.0092744698846981
"chr3-0947",-0.120808022787765
"chr3-0948",-0.0870898821302513
"chr3-0949",-0.104106187181529
"chr3-0950",0.0181067800902901
"chr3-0951",0.08026510344293
"chr3-0952",0.000925597335286365
"chr3-0953",-0.0476984852360361
"chr3-0954",-0.0346182565876354
"chr3-0955",-0.104098885852729
"chr3-0956",-0.0108480382751455
"chr3-0957",-0.0929814572641286
"chr3-0958",0.0821791253479427
"chr3-0959",0.0344626741450069
"chr3-0960",-0.0832429189484332
"chr3-0961",-0.0691787821503712
"chr3-0962",0.0498873753426837
"chr3-0963",0.0563155108917312
"chr3-0964",-0.0375374028700781
"chr3-0965",-0.135966375387567
"chr3-0966",-0.0755276337227536
"chr3-0967",0.0358857522355465
"chr3-0968",-0.187635567825039
"chr3-0969",-0.151370868776819
"chr3-0970",-0.131174867486573
"chr3-0971",-0.0868656436889361
"chr3-0972",-0.0894811546768293
"chr3-0973",-0.0434917776970787
"chr3-0974",-0.122016834872161
"chr3-0975",-0.0965683652450001
"chr3-0976",-0.135492015279522
"chr3-0977",-0.103581759568205
"chr3-0978",-0.0240955833827246
"chr3-0979",0.0509154710673581
"chr3-0980",0.0279476344432741
"chr3-0981",0.0282695190267008
"chr3-0982",0.0311699579761942
"chr3-0983",-0.168633326201291
"chr3-0984",-0.0715836544485863
"chr3-0985",0.0561681942211554
"chr3-0986",-0.036765590966692
"chr3-0987",0.00093876373517827
"chr3-0988",-0.00584220939921078
"chr3-0989",-0.0633312513512182
"chr3-0990",-0.13725531843881
"chr3-0991",-0.103791945053092
"chr3-0992",-0.0617480195797592
"chr3-0993",-0.0511664767540375
"chr3-0994",-0.0553252680136188
"chr3-0995",-0.0130428205462457
"chr3-0996",-0.0585807120821595
"chr3-0997",-0.147045855843084
"chr3-0998",-0.125296636619015
"chr3-0999",-0.0777910528150582
"chr3-1000",-0.20753576736306
"chr3-1001",-0.00441081919079822
"chr3-1002",-0.094298266296491
"chr3-1003",-0.132921907455889
"chr3-1004",-0.0730325206868524
"chr3-1005",0.0183565004881288
"chr3-1006",-0.0727438350589227
"chr3-1007",0.0311678490606612
"chr3-1008",-0.140282405446941
"chr3-1009",-0.165268026173536
"chr3-1010",-0.0482088464786561
"chr3-1011",0.0319370943400921
"chr3-1012",-0.0610783665232432
"chr3-1013",-0.08934909617771
"chr3-1014",-0.0832277641389972
"chr3-1015",-0.00241497269590228
"chr3-1016",-0.0286759261479621
"chr3-1017",-0.0176583267532148
"chr3-1018",-0.134697153276617
"chr3-1019",-0.119504047304086
"chr3-1020",-0.0430700416188343
"chr3-1021",0.0268811655286304
"chr3-1022",-0.0778558932964012
"chr3-1023",-0.062900339947394
"chr3-1024",0.105790608749478
"chr3-1025",-0.0874380242774179
"chr3-1026",-0.00181960843517993
"chr3-1027",-0.0679886917581567
"chr3-1028",0.0196914306447043
"chr3-1029",0.0202202004705595
"chr3-1030",-0.00304916580131676
"chr3-1031",0.0076511458288255
"chr3-1032",0.0094527619340038
"chr3-1033",-0.115997613086692
"chr3-1034",0.0477140656316311
"chr3-1035",0.0923028727062874
"chr3-1036",0.0304419127681035
"chr3-1037",-0.0838215248769134
"chr3-1038",0.0444642297793223
"chr3-1039",-0.0195058829335371
"chr3-1040",0.118620238017418
"chr3-1041",-0.0719731319207448
"chr3-1042",-0.0578575091422137
"chr3-1043",0.0193006783499076
"chr3-1044",-0.0404350872652376
"chr3-1045",-0.0430027650831206
"chr3-1046",0.0449404671794098
"chr3-1047",-0.0948630444985747
"chr3-1048",0.00294316325015691
"chr3-1049",-0.0835076584740439
"chr3-1050",-0.0349787287768368
"chr3-1051",-0.0600928948307219
"chr3-1052",-0.0490078177842454
"chr3-1053",-0.1170252107748
"chr3-1054",-0.143122700089277
"chr3-1055",-0.0147638018183408
"chr3-1056",-0.0911528989372288
"chr3-1057",-0.0426858841209994
"chr3-1058",-0.0404343136058482
"chr3-1059",-0.0108793281727129
"chr3-1060",-0.0780359018030086
"chr3-1061",-0.0348874201556576
"chr3-1062",-0.00020348854860037
"chr3-1063",0.0678688700320954
"chr3-1064",0.000957887013628419
"chr3-1065",-0.00700085034172087
"chr3-1066",0.0912410062155981
"chr3-1067",0.0292889664409997
"chr3-1068",0.0766533846392847
"chr3-1069",-0.0794034066479037
"chr3-1070",-0.0460278448568307
"chr3-1071",-0.00413461769713959
"chr3-1072",-0.0607684175705106
"chr3-1073",-0.0155792548917053
"chr3-1074",-0.123669271592077
"chr3-1075",0.0119688189130773
"chr3-1076",0.0104720063666825
"chr3-1077",-0.0353764023816172
"chr3-1078",-0.0339492424286678
"chr3-1079",-0.149370520973942
"chr3-1080",-0.0766386092612908
"chr3-1081",-0.0913858041608268
"chr3-1082",-0.0693066123201894
"chr3-1083",0.0248446121694302
"chr3-1084",-0.0296183158631453
"chr3-1085",-0.0467117052140223
"chr3-1086",0.0231338762617345
"chr3-1087",0.00222214463415224
"chr3-1088",0.0342717356272267
"chr3-1089",-0.0780657577365294
"chr3-1090",0.02782061452045
"chr3-1091",-0.0578200996424464
"chr3-1092",-0.0196794829192084
"chr3-1093",0.0197257936126375
"chr3-1094",-0.0331531686715914
"chr3-1095",-0.0623931715199278
"chr3-1096",-0.0181421915962331
"chr3-1097",0.00638396779081439
"chr3-1098",-0.0698856088250074
"chr3-1099",-0.0495817974783168
"chr3-1100",-0.0497647540514428
"chr3-1101",-0.0550812658664036
"chr3-1102",-0.0153715853795733
"chr3-1103",-0.00857403160571799
"chr3-1104",0.00820257277313665
"chr3-1105",0.0335611478112205
"chr3-1106",0.0237379408636
"chr3-1107",-0.0822601099209127
"chr3-1108",-0.00935898527748706
"chr3-1109",0.0344358419265185
"chr3-1110",-0.0426652138785676
"chr3-1111",-0.0427117784633899
"chr3-1112",-0.0656450317775334
"chr3-1113",-0.0364089868328891
"chr3-1114",-0.0376835580006122
"chr3-1115",0.0822357842999059
"chr3-1116",0.0526558295857329
"chr3-1117",0.00246215128360916
"chr3-1118",-0.0530595021064644
"chr3-1119",-0.0505511965808271
"chr3-1120",0.128457607841829
"chr3-1121",0.209852270709042
"chr3-1122",0.0251113879111983
"chr3-1123",0.108695237970416
"chr3-1124",0.100827518926923
"chr3-1125",0.117284900700134
"chr3-1126",0.015390310089327
"chr3-1127",0.0876916409166254
"chr3-1128",0.0849864061601752
"chr3-1129",0.00305909228851527
"chr3-1130",-0.0821831964417326
"chr3-1131",-0.0602486192483697
"chr3-1132",-0.011211101023261
"chr3-1133",-0.0755333729736961
"chr3-1134",-0.0773283119137846
"chr3-1135",-0.139330418425466
"chr3-1136",0.118391346449189
"chr3-1137",-0.00747795350634709
"chr3-1138",-0.0919597586529756
"chr3-1139",-0.000515140163140331
"chr3-1140",-0.0177854557125281
"chr3-1141",0.0222092373099744
"chr3-1142",0.0743770469968469
"chr3-1143",0.0621070807160216
"chr3-1144",0.0171187184727868
"chr3-1145",0.0073266780414825
"chr3-1146",-0.0780872046002765
"chr3-1147",-0.0699823533107949
"chr3-1148",0.0996778339198274
"chr3-1149",0.00227458671569153
"chr3-1150",-0.0240903146341338
"chr4-0001",0.238319839063425
"chr4-0002",-0.113829846529787
"chr4-0003",-0.0327430318946916
"chr4-0004",0.016483134499131
"chr4-0005",0.000166566380141943
"chr4-0006",0.0267014748606587
"chr4-0007",0.0843302666078851
"chr4-0008",0.158997181384227
"chr4-0009",0.0356828564947647
"chr4-0010",0.112982898684872
"chr4-0011",0.051565954804842
"chr4-0012",0.0180598157824293
"chr4-0013",0.0556763495900982
"chr4-0014",0.093117218580171
"chr4-0015",0.159857561963578
"chr4-0016",0.0740187087540703
"chr4-0017",0.0559525552697797
"chr4-0018",0.0390549297978703
"chr4-0019",0.0884733461230835
"chr4-0020",0.0502247793517285
"chr4-0021",-0.00847605249026058
"chr4-0022",0.0397537480224993
"chr4-0023",0.00301660186502785
"chr4-0024",0.0628645843334123
"chr4-0025",-0.067660103805953
"chr4-0026",-0.0106651651626356
"chr4-0027",-0.0572225599281117
"chr4-0028",0.0272301034533914
"chr4-0029",0.0387881132909402
"chr4-0030",-0.0126625693663375
"chr4-0031",0.0935812736215254
"chr4-0032",0.0445452425849866
"chr4-0033",-0.00357333046531478
"chr4-0034",0.0137688573032731
"chr4-0035",0.0770754974498731
"chr4-0036",0.100132133829236
"chr4-0037",0.054662560696673
"chr4-0038",-0.0165675694187567
"chr4-0039",0.0528419327559959
"chr4-0040",0.0468258282362797
"chr4-0041",0.136290130023631
"chr4-0042",0.0684294317333127
"chr4-0043",0.0976746629046707
"chr4-0044",0.0732753655947651
"chr4-0045",-0.0172714928041768
"chr4-0046",0.0552165804148242
"chr4-0047",0.0269791163625935
"chr4-0048",-0.00782487830265173
"chr4-0049",-0.00924154633596006
"chr4-0050",-0.460498793718213
"chr4-0051",-0.097410612643355
"chr4-0052",-0.0413722531835955
"chr4-0053",-0.00659972844910303
"chr4-0054",-0.0448239318101098
"chr4-0055",-0.0936277592613614
"chr4-0056",0.0227892216455943
"chr4-0057",-0.105302513478766
"chr4-0058",0.0286648211498527
"chr4-0059",0.0246339284659412
"chr4-0060",-0.0286901850243165
"chr4-0061",-0.0793041129720559
"chr4-0062",-0.0201387046272566
"chr4-0063",-0.0784810020746969
"chr4-0064",0.0786714896215194
"chr4-0065",0.0359407283095215
"chr4-0066",-0.0479299870744507
"chr4-0067",-0.0202972632832739
"chr4-0068",-0.0176327176519151
"chr4-0069",-0.150656783098075
"chr4-0070",-0.0908174793118037
"chr4-0071",-0.044692287668935
"chr4-0072",0.0262168020090961
"chr4-0073",-0.0681638288966102
"chr4-0074",0.0183572510419055
"chr4-0075",0.0277287147898639
"chr4-0076",0.0212033423163748
"chr4-0077",-0.0533629110339406
"chr4-0078",-0.0821541096688365
"chr4-0079",0.0430937188343763
"chr4-0080",0.0548006755376426
"chr4-0081",0.000923051019054891
"chr4-0082",-0.0158619306434974
"chr4-0083",0.0593146905300972
"chr4-0084",0.00478419543560096
"chr4-0085",0.0407963248803926
"chr4-0086",0.0437370365736691
"chr4-0087",0.0456658495706654
"chr4-0088",-0.0688364653338819
"chr4-0089",0.0402929815942994
"chr4-0090",0.0600869885125591
"chr4-0091",0.0841702376676944
"chr4-0092",0.00303247972538758
"chr4-0093",-0.030656135682963
"chr4-0094",-0.0324396040816628
"chr4-0095",-0.0559483620634838
"chr4-0096",0.0534930415547473
"chr4-0097",0.0837088294663027
"chr4-0098",0.0408290802841436
"chr4-0099",0.00503063712506149
"chr4-0100",0.0137864283152988
"chr4-0101",0.018454798594313
"chr4-0102",0.025519425387003
"chr4-0103",-0.0575715103735606
"chr4-0104",-0.143173947697343
"chr4-0105",-0.0222373689789905
"chr4-0106",-0.116424687537054
"chr4-0107",-0.054199369664024
"chr4-0108",0.0429561031917395
"chr4-0109",-0.103061482493736
"chr4-0110",-0.0567518876598153
"chr4-0111",-0.0554683761755706
"chr4-0112",0.0222232213720052
"chr4-0113",-0.00153046634171173
"chr4-0114",-0.0137985472306019
"chr4-0115",-0.0506524277030042
"chr4-0116",-0.0562924965411955
"chr4-0117",-0.0784674005247817
"chr4-0118",-0.0736746396805642
"chr4-0119",-0.11615549308051
"chr4-0120",-0.175521230429796
"chr4-0121",-0.00302781587797111
"chr4-0122",-0.0573373372901856
"chr4-0123",0.00698636622428124
"chr4-0124",-0.099773265942573
"chr4-0125",-0.180991678927621
"chr4-0126",-0.0707809093546726
"chr4-0127",-0.161667872439246
"chr4-0128",-0.0493391172838415
"chr4-0129",-0.00822524370568691
"chr4-0130",-0.156059800182387
"chr4-0131",-0.157486669764349
"chr4-0132",-0.116670639187715
"chr4-0133",-0.0681186792827915
"chr4-0134",-0.101063565944857
"chr4-0135",-0.117806600235772
"chr4-0136",0.0858464983985889
"chr4-0137",-0.0111558484770502
"chr4-0138",-0.146846676051273
"chr4-0139",-0.051329659662895
"chr4-0140",-0.0871045089335145
"chr4-0141",0.139997065612702
"chr4-0142",0.0509601300796785
"chr4-0143",-0.0235741462630355
"chr4-0144",-0.124795857311974
"chr4-0145",0.0588339287745651
"chr4-0146",0.013701441745057
"chr4-0147",-0.0249057024721569
"chr4-0148",0.0160287882831362
"chr4-0149",-0.0472520286747658
"chr4-0150",-0.0741758650151805
"chr4-0151",-0.0715780550828991
"chr4-0152",-0.00342078898630732
"chr4-0153",-0.00797020388963189
"chr4-0154",0.0064082381727989
"chr4-0155",0.0136625561511626
"chr4-0156",-0.0601533283806614
"chr4-0157",0.018211571733538
"chr4-0158",-0.0853661265907252
"chr4-0159",-0.0776906295802452
"chr4-0160",-0.0557268900461487
"chr4-0161",-0.0990524348531659
"chr4-0162",-0.116321997097392
"chr4-0163",-0.0333558704342686
"chr4-0164",-0.0269605246831663
"chr4-0165",-0.0511970711575139
"chr4-0166",0.0346094684281596
"chr4-0167",-0.204821495421853
"chr4-0168",0.0509268832634169
"chr4-0169",0.00374849054752702
"chr4-0170",-0.0409446720282269
"chr4-0171",-0.0286872456490696
"chr4-0172",0.0713685980813478
"chr4-0173",-0.142570529964388
"chr4-0174",-0.144727895982056
"chr4-0175",-0.0962708340748434
"chr4-0176",-0.120612738202909
"chr4-0177",-0.0700725705333167
"chr4-0178",0.0292980147825589
"chr4-0179",0.00733662585683216
"chr4-0180",-0.0699334421724441
"chr4-0181",-0.0148766867975346
"chr4-0182",-0.0462781175414652
"chr4-0183",0.00723080288711088
"chr4-0184",-0.117858884064825
"chr4-0185",-0.0866463523751603
"chr4-0186",0.0222138914196032
"chr4-0187",-0.00487568599063748
"chr4-0188",-0.0830927028128317
"chr4-0189",-0.0547995999137399
"chr4-0190",-0.18847543078217
"chr4-0191",-0.0679712072846576
"chr4-0192",-0.0822704085273731
"chr4-0193",0.0540874243973789
"chr4-0194",-0.079798875105279
"chr4-0195",-0.121617994356353
"chr4-0196",-0.0153022384061026
"chr4-0197",-0.0149559190316993
"chr4-0198",-0.0569894894140748
"chr4-0199",-0.146521954461716
"chr4-0200",0.0225921801760703
"chr4-0201",-0.0537422235441352
"chr4-0202",0.00785008480850164
"chr4-0203",0.00256536422510491
"chr4-0204",0.0166632278063219
"chr4-0205",-0.0369324856107469
"chr4-0206",-0.0969303068537163
"chr4-0207",0.0123487226825652
"chr4-0208",0.0404369401610809
"chr4-0209",-0.181843523494974
"chr4-0210",-0.0261774087488175
"chr4-0211",0.0201777679063904
"chr4-0212",0.0453157243411926
"chr4-0213",-0.00278468339385258
"chr4-0214",0.034623024409224
"chr4-0215",-0.0123406077716301
"chr4-0216",0.00897347157474216
"chr4-0217",-0.0112386036585157
"chr4-0218",-0.0506691494770194
"chr4-0219",0.0826631182000303
"chr4-0220",-0.0793012546556831
"chr4-0221",0.0792995716854271
"chr4-0222",-0.106712738815168
"chr4-0223",-0.218793901757332
"chr4-0224",-0.0279013192433984
"chr4-0225",-0.0238584981484207
"chr4-0226",-0.0183585867870694
"chr4-0227",-0.0777351707900177
"chr4-0228",-0.0306583232042778
"chr4-0229",-0.0124989988022125
"chr4-0230",0.00531113524314709
"chr4-0231",-0.0196457093187441
"chr4-0232",0.0506798126585294
"chr4-0233",-0.0621376859272225
"chr4-0234",-0.00869537744180385
"chr4-0235",0.0139528304785093
"chr4-0236",0.0167727584831622
"chr4-0237",0.080607736502982
"chr4-0238",-0.0828475397503207
"chr4-0239",0.124992116832352
"chr4-0240",-0.00122947118965239
"chr4-0241",-0.109021441832786
"chr4-0242",-0.148350821350985
"chr4-0243",0.0692437796175494
"chr4-0244",-0.0937851888243697
"chr4-0245",-0.169700714604843
"chr4-0246",-0.103648746038445
"chr4-0247",-0.0781894724581872
"chr4-0248",-0.141067084776455
"chr4-0249",-0.016400290927088
"chr4-0250",-0.0188929248472626
"chr4-0251",0.0687946189613859
"chr4-0252",-0.146441150928103
"chr4-0253",-0.0600961804240171
"chr4-0254",-0.0677613631264517
"chr4-0255",-0.0142579975064034
"chr4-0256",-0.0380064300353226
"chr4-0257",0.101920733841511
"chr4-0258",-0.0328017558969765
"chr4-0259",-0.0669671478693756
"chr4-0260",-0.126269882116787
"chr4-0261",0.106779204480706
"chr4-0262",-0.085922636751756
"chr4-0263",-0.0643719469785817
"chr4-0264",-0.147414195400793
"chr4-0265",-0.045302738522553
"chr4-0266",-0.126333039971038
"chr4-0267",-0.142786689282823
"chr4-0268",-0.0105340611347149
"chr4-0269",-0.139844843118559
"chr4-0270",-0.0046962892348622
"chr4-0271",-0.131944806058913
"chr4-0272",-0.0538143508549119
"chr4-0273",-0.0107889839808009
"chr4-0274",0.0563336362985766
"chr4-0275",-0.0390710462775749
"chr4-0276",-0.0247712421512847
"chr4-0277",-0.0638273194489344
"chr4-0278",-0.112375518897555
"chr4-0279",-0.187287422523527
"chr4-0280",-0.0179971524113145
"chr4-0281",-0.122790386805965
"chr4-0282",-0.147394050942216
"chr4-0283",-0.0834724361839709
"chr4-0284",-0.0287910861922937
"chr4-0285",-0.017156985287352
"chr4-0286",-0.111898331849014
"chr4-0287",-0.0215205723265518
"chr4-0288",-0.000987381313998953
"chr4-0289",0.0362107221668136
"chr4-0290",0.0552340303580446
"chr4-0291",0.00650531800759592
"chr4-0292",-0.139731975774173
"chr4-0293",-0.103452232964744
"chr4-0294",-0.0575598057447332
"chr4-0295",-0.131081930874535
"chr4-0296",-0.101307423076458
"chr4-0297",-0.0468910834300636
"chr4-0298",-0.020953007049997
"chr4-0299",0.0723575345046479
"chr4-0300",-0.123319801032927
"chr4-0301",-0.0620491996233093
"chr4-0302",0.0245123892746659
"chr4-0303",-0.0199811304524908
"chr4-0304",-0.120642068282614
"chr4-0305",-0.185167913059424
"chr4-0306",-0.103998221753992
"chr4-0307",-0.143233837594269
"chr4-0308",0.0910494597813147
"chr4-0309",-0.0959422401514801
"chr4-0310",-0.0566383438880233
"chr4-0311",-0.0612292638804817
"chr4-0312",-0.0483538780455663
"chr4-0313",-0.0449897366047288
"chr4-0314",-0.0852158851847447
"chr4-0315",-0.0946538831344429
"chr4-0316",0.0404713099875775
"chr4-0317",-0.0815242984287226
"chr4-0318",-0.083676633990765
"chr4-0319",-0.0273522180540503
"chr4-0320",-0.0847337865046489
"chr4-0321",-0.0273989423130495
"chr4-0322",-0.186505934177805
"chr4-0323",0.00273251857451634
"chr4-0324",-0.0590484199501074
"chr4-0325",-0.0698217294199742
"chr4-0326",-0.0299268792234254
"chr4-0327",0.0145614399542066
"chr4-0328",-0.0268030702912347
"chr4-0329",-0.0618671146604817
"chr4-0330",-0.102774596727686
"chr4-0331",-0.0795584331179419
"chr4-0332",-0.0235559527385085
"chr4-0333",-0.0517647588366399
"chr4-0334",-0.0648531768990288
"chr4-0335",-0.103840073028988
"chr4-0336",0.00496014012846503
"chr4-0337",0.00161927629428457
"chr4-0338",-0.0541677733249969
"chr4-0339",-0.163858056308209
"chr4-0340",-0.152708271035843
"chr4-0341",-0.051252702418017
"chr4-0342",-0.20861250939259
"chr4-0343",-0.0594594083555229
"chr4-0344",-0.17260322562972
"chr4-0345",-0.0385550586487428
"chr4-0346",-0.129549795054777
"chr4-0347",0.0268239388389164
"chr4-0348",0.00178278958486146
"chr4-0349",-0.0595471618436238
"chr4-0350",-0.0709442327835657
"chr4-0351",-0.142173968617048
"chr4-0352",-0.0562235426495272
"chr4-0353",0.0511980845809068
"chr4-0354",-0.0870486548012746
"chr4-0355",-0.0528220250881763
"chr4-0356",0.0063558014167714
"chr4-0357",-0.117481414007431
"chr4-0358",-0.0230226981608191
"chr4-0359",-0.114514156201364
"chr4-0360",-0.00835509091679981
"chr4-0361",0.0266038910564575
"chr4-0362",-0.0573324465462764
"chr4-0363",-0.143937298603663
"chr4-0364",-0.137315358800127
"chr4-0365",0.00890400422714394
"chr4-0366",0.0482893115855053
"chr4-0367",-0.0974487508723941
"chr4-0368",-0.0534297489779207
"chr4-0369",-0.0347141394359068
"chr4-0370",-0.0932885110098341
"chr4-0371",-0.11531483418074
"chr4-0372",-0.146686512153364
"chr4-0373",-0.0334250944626296
"chr4-0374",-0.0892287044767348
"chr4-0375",-0.0479935423771769
"chr4-0376",-0.038777845660164
"chr4-0377",-0.0330283584042249
"chr4-0378",-0.164151821981149
"chr4-0379",-0.109229896194584
"chr4-0380",0.067478613845243
"chr4-0381",0.0353312639673835
"chr4-0382",0.0581568521306366
"chr4-0383",-0.064032848576653
"chr4-0384",0.0756836632503001
"chr4-0385",-0.114567760474667
"chr4-0386",0.0291545338092134
"chr4-0387",-0.125095139371136
"chr4-0388",-0.0287966411431171
"chr4-0389",-0.230574755722848
"chr4-0390",-0.0522302920668925
"chr4-0391",-0.177746429749793
"chr4-0392",-0.0883796638624512
"chr4-0393",0.0350044252192222
"chr4-0394",-0.0669486041195734
"chr4-0395",0.0316820864510481
"chr4-0396",-0.0831174766570419
"chr4-0397",-0.0365616288991673
"chr4-0398",-0.0352472500962708
"chr4-0399",-0.00268266758369561
"chr4-0400",-0.0887018221514881
"chr4-0401",0.029520104417479
"chr4-0402",-0.00297064434101281
"chr4-0403",-0.00244364874055683
"chr4-0404",-0.186960773615944
"chr4-0405",-0.114973488526658
"chr4-0406",-0.0186377007920358
"chr4-0407",-0.00139141238962224
"chr4-0408",-0.0883172565540279
"chr4-0409",-0.0719120645561202
"chr4-0410",-0.0545141712006742
"chr4-0411",0.0568901668532506
"chr4-0412",-0.0680097181698582
"chr4-0413",-0.0512238764832737
"chr4-0414",-0.0315480616205386
"chr4-0415",0.0627159298114821
"chr4-0416",-0.0714600002957319
"chr4-0417",-0.0373269001352452
"chr4-0418",-0.237787220931041
"chr4-0419",-0.0684267231729688
"chr4-0420",-0.113925592356713
"chr4-0421",0.0397135388702872
"chr4-0422",0.0100765220558487
"chr4-0423",-0.138796235440134
"chr4-0424",-0.0392236913580756
"chr4-0425",0.0350607875500206
"chr4-0426",0.0190638981572226
"chr4-0427",0.0119484059666684
"chr4-0428",-0.11480919430117
"chr4-0429",0.00494669830457999
"chr4-0430",-0.034564874867376
"chr4-0431",-0.0359706081866765
"chr4-0432",-0.151918282758363
"chr4-0433",-0.11320313223175
"chr4-0434",-0.198237401168684
"chr4-0435",-0.132243233153322
"chr4-0436",-0.039997759701232
"chr4-0437",-0.0431654636297323
"chr4-0438",-0.0340955110447245
"chr4-0439",-0.193688644388873
"chr4-0440",-0.0979896143040216
"chr4-0441",-0.0624285703501978
"chr4-0442",0.0150144099245648
"chr4-0443",-0.0508820186507029
"chr4-0444",-0.0720484949512139
"chr4-0445",-0.0799066319742179
"chr4-0446",-0.0760916975851981
"chr4-0447",-0.0871487419877025
"chr4-0448",-0.0268522275559549
"chr4-0449",-0.118852106615693
"chr4-0450",0.00740004325602132
"chr4-0451",-0.115671354125278
"chr4-0452",-0.00371955207584027
"chr4-0453",0.00430201992248805
"chr4-0454",-0.0737462956654806
"chr4-0455",-0.044991832949517
"chr4-0456",-0.0557555193543733
"chr4-0457",0.143925729513164
"chr4-0458",-0.0249169374401051
"chr4-0459",-0.126580041584992
"chr4-0460",-0.0997281061817072
"chr4-0461",-0.18904774281828
"chr4-0462",-0.0160295414208595
"chr4-0463",-0.0697730059058328
"chr4-0464",-0.0945068452157081
"chr4-0465",0.0015698085047174
"chr4-0466",-0.0176730220271299
"chr4-0467",-0.167897430225396
"chr4-0468",-0.00931633583516516
"chr4-0469",-0.117911714410907
"chr4-0470",-0.0473274064301459
"chr4-0471",-0.0531754920030315
"chr4-0472",-0.129467110449291
"chr4-0473",0.0530684046681257
"chr4-0474",-0.016161308856663
"chr4-0475",-0.0216867338519618
"chr4-0476",0.146785004576617
"chr4-0477",0.0489062527018511
"chr4-0478",-0.0772802641711733
"chr4-0479",-0.0719334028271669
"chr4-0480",-0.0408612997756583
"chr4-0481",-0.0467371643841798
"chr4-0482",0.0321962805156955
"chr4-0483",0.0462860440869593
"chr4-0484",-0.148536377955682
"chr4-0485",0.0163106141071764
"chr4-0486",-0.0912356788531702
"chr4-0487",-0.0577652621714483
"chr4-0488",-0.00929122477911538
"chr4-0489",-0.0055046218223439
"chr4-0490",-0.0600768139205946
"chr4-0491",-0.00969174732359467
"chr4-0492",0.059577638488234
"chr4-0493",-0.141343760226054
"chr4-0494",-0.00596313656150596
"chr4-0495",-0.0890873955035845
"chr4-0496",-0.0442892954972574
"chr4-0497",-0.142480866497589
"chr4-0498",-0.0063110679734861
"chr4-0499",-0.0803194582536434
"chr4-0500",-0.0772524418784603
"chr4-0501",-0.0555506946390463
"chr4-0502",-0.100134356240927
"chr4-0503",-0.0302098819997529
"chr4-0504",-0.0386201250265042
"chr4-0505",-0.125508897602073
"chr4-0506",-0.0664939246863126
"chr4-0507",-0.265318168962807
"chr4-0508",0.00427052100185588
"chr4-0509",-0.0530592271688253
"chr4-0510",-0.0123424891092912
"chr4-0511",0.0291071730184247
"chr4-0512",-0.111320900646804
"chr4-0513",-0.136529427471276
"chr4-0514",-0.0342069829500526
"chr4-0515",0.0413375138072367
"chr4-0516",-0.144532364704643
"chr4-0517",-0.171227835337469
"chr4-0518",-0.0365862923065838
"chr4-0519",-0.124375656075919
"chr4-0520",-0.0389640968667213
"chr4-0521",-0.0693776268685436
"chr4-0522",-0.00405156212177932
"chr4-0523",-0.104274718690031
"chr4-0524",-0.0500765966810489
"chr4-0525",-0.00378135316234596
"chr4-0526",-0.213578503123192
"chr4-0527",-0.105914937378904
"chr4-0528",-0.0835771593571421
"chr4-0529",-0.0677320618349341
"chr4-0530",-0.0217861508563922
"chr4-0531",-0.0803458150252375
"chr4-0532",-0.116488292458988
"chr4-0533",0.0381587040898326
"chr4-0534",-0.151259893775013
"chr4-0535",-0.149992355114082
"chr4-0536",-0.0232946666177746
"chr4-0537",-0.101021298015569
"chr4-0538",0.0476808131079591
"chr4-0539",0.0143981393690821
"chr4-0540",-0.0119231624060937
"chr4-0541",-0.0557173253382815
"chr4-0542",-0.129902500432369
"chr4-0543",-0.016919626626175
"chr4-0544",-0.136867291718832
"chr4-0545",-0.0141409557551368
"chr4-0546",0.0567252413023845
"chr4-0547",-0.0648582045236941
"chr4-0548",-0.120554027920951
"chr4-0549",-0.101212281356884
"chr4-0550",-0.0146867177524285
"chr4-0551",-0.0260828772653384
"chr4-0552",0.0268683093601167
"chr4-0553",-0.0565384448647453
"chr4-0554",-0.0703974615926738
"chr4-0555",-0.0783446661718288
"chr4-0556",-0.131510167076602
"chr4-0557",-0.049751141397045
"chr4-0558",-0.153124527087009
"chr4-0559",-0.119572091590606
"chr4-0560",-0.0499289680913908
"chr4-0561",6.77477050339652e-05
"chr4-0562",-0.0145419070238199
"chr4-0563",-0.0128946533242015
"chr4-0564",-0.178330910312905
"chr4-0565",-0.133218468520422
"chr4-0566",0.0316112046927009
"chr4-0567",-0.0503729478314771
"chr4-0568",-0.0393215865578394
"chr4-0569",0.182895096724064
"chr4-0570",-0.0272221096509662
"chr4-0571",-0.0336050125728002
"chr4-0572",-0.107578233409386
"chr4-0573",0.0497062152963424
"chr4-0574",-0.0275605781458847
"chr4-0575",0.0887898483961581
"chr4-0576",-0.0461613986798345
"chr4-0577",-0.104106982149502
"chr4-0578",-0.0578691069618139
"chr4-0579",-0.0452148486449256
"chr4-0580",-0.186620247316265
"chr4-0581",-0.0909399921748337
"chr4-0582",-0.0521316464462196
"chr4-0583",-0.00703577199906182
"chr4-0584",-0.10679678221066
"chr4-0585",-0.0711599439163968
"chr4-0586",-0.127602905063837
"chr4-0587",-0.0317959022786693
"chr4-0588",-0.011557134084037
"chr4-0589",-0.129117428202711
"chr4-0590",-0.133238792961145
"chr4-0591",-0.114926600408038
"chr4-0592",-0.11458555503549
"chr4-0593",-0.00937109045506481
"chr4-0594",0.0152098928564175
"chr4-0595",-0.112191666843673
"chr4-0596",-0.12561078327452
"chr4-0597",-0.116757643473055
"chr4-0598",-0.00109056544906641
"chr4-0599",0.0473131692048403
"chr4-0600",-0.0790558753741749
"chr4-0601",0.0471325230899594
"chr4-0602",-0.155587374023312
"chr4-0603",0.0499524246177918
"chr4-0604",-0.0253068247844377
"chr4-0605",-0.045215932184832
"chr4-0606",-0.183742443277345
"chr4-0607",0.0347063841470956
"chr4-0608",-0.139938656243282
"chr4-0609",-0.00290445980720721
"chr4-0610",0.0446787649825462
"chr4-0611",0.0184321269333229
"chr4-0612",-0.0631526480874022
"chr4-0613",0.082630735013391
"chr4-0614",-0.152115887009237
"chr4-0615",-0.144894697154333
"chr4-0616",-0.0409664479787416
"chr4-0617",-0.0746153259521039
"chr4-0618",-0.103816379007062
"chr4-0619",0.0528182399388516
"chr4-0620",0.00396895512781821
"chr4-0621",-0.102072478366566
"chr4-0622",-0.0449653235881325
"chr4-0623",-0.1398737741623
"chr4-0624",-0.0909030307862914
"chr4-0625",0.00439323334409479
"chr4-0626",-0.0307931788188781
"chr4-0627",-0.031214998533675
"chr4-0628",-0.142999516021444
"chr4-0629",-0.0707031417608295
"chr4-0630",-0.129145529311249
"chr4-0631",-0.0629580903809592
"chr4-0632",-0.0642958273094013
"chr4-0633",-0.00484510822672196
"chr4-0634",-0.142562683112865
"chr4-0635",0.019301155333183
"chr4-0636",-0.158197055922942
"chr4-0637",-0.03089183751118
"chr4-0638",-0.13448894325268
"chr4-0639",-0.0145176039714316
"chr4-0640",0.0374888049159967
"chr4-0641",-0.100870894985899
"chr4-0642",-0.094873757703736
"chr4-0643",-0.0100742835220176
"chr4-0644",-0.158516907000279
"chr4-0645",0.0423565450141814
"chr4-0646",0.154044481204686
"chr4-0647",-0.0545196468889793
"chr4-0648",-0.0973622039935732
"chr4-0649",-0.0810484292153034
"chr4-0650",-0.110718518391091
"chr4-0651",-0.0502759540843676
"chr4-0652",-0.0885761430950989
"chr4-0653",-0.00208227229662777
"chr4-0654",-0.00960153721264686
"chr4-0655",-0.129906903147839
"chr4-0656",-0.00593357631360573
"chr4-0657",-0.0109710681107243
"chr4-0658",-0.0675346761251132
"chr4-0659",-0.0218415028757792
"chr4-0660",-0.0685113506887119
"chr4-0661",-0.10678201095351
"chr4-0662",-0.0781873791206592
"chr4-0663",-0.00377782907990334
"chr4-0664",-0.0868837249530725
"chr4-0665",0.0443570385597089
"chr4-0666",-0.134941073119524
"chr4-0667",-0.103178275788359
"chr4-0668",0.0355107019012292
"chr4-0669",-0.0916665308351985
"chr4-0670",0.041896499655025
"chr4-0671",-0.162879207515855
"chr4-0672",0.00490905521908008
"chr4-0673",-0.081758441908507
"chr4-0674",-0.109678931971551
"chr4-0675",-0.186397563119611
"chr4-0676",0.0985225397682985
"chr4-0677",-0.0357311367831105
"chr4-0678",0.0173400221121217
"chr4-0679",-0.0040335860512605
"chr4-0680",0.0200219916041839
"chr4-0681",-0.123099884217844
"chr4-0682",0.0334447660490037
"chr4-0683",-0.0384013333169337
"chr4-0684",-0.0312262776996742
"chr4-0685",-0.017611025419357
"chr4-0686",-0.0843745060318706
"chr4-0687",0.0626188702199634
"chr4-0688",0.00125116981708187
"chr4-0689",-0.0376187317938453
"chr4-0690",0.017867098774284
"chr4-0691",0.00234101847001719
"chr4-0692",-0.065854030529527
"chr4-0693",-0.0844146015228824
"chr4-0694",0.0242708568867947
"chr4-0695",-0.131059673775024
"chr4-0696",0.00774095025555183
"chr4-0697",-0.00269889962806521
"chr4-0698",-0.00788393996286336
"chr4-0699",-0.0147066170832618
"chr4-0700",-0.257260831921732
"chr4-0701",-0.0473003341934141
"chr4-0702",0.0482104446559389
"chr4-0703",-0.102062586989822
"chr4-0704",0.0150235986200026
"chr4-0705",-0.0613389641791587
"chr4-0706",-0.0356651660721173
"chr4-0707",-0.0138521426292703
"chr4-0708",-0.0126556697894651
"chr4-0709",-0.0609756802325904
"chr4-0710",-0.0208039940861692
"chr4-0711",-0.0620157407583403
"chr4-0712",-0.0733476290266263
"chr4-0713",0.116319188440823
"chr4-0714",0.0265418667052673
"chr4-0715",-0.00165686781911385
"chr4-0716",-0.0547887587096651
"chr4-0717",0.0400991965901901
"chr4-0718",-0.117393619074496
"chr4-0719",0.0126138518818222
"chr4-0720",0.0539352705224787
"chr4-0721",-0.10983311126408
"chr4-0722",-0.0167119770731988
"chr4-0723",-0.0292617501139711
"chr4-0724",-0.0402839704414758
"chr4-0725",-0.1667501136729
"chr4-0726",-0.0876939311733772
"chr4-0727",-0.0546310584701003
"chr4-0728",-0.0744949544939928
"chr4-0729",-0.139030456801213
"chr4-0730",0.0534242569684065
"chr4-0731",-0.0389902850063769
"chr4-0732",-0.0465586038898743
"chr4-0733",-0.0450241674558064
"chr4-0734",-0.0760807054597846
"chr4-0735",-0.215326838396451
"chr4-0736",0.0239671931673296
"chr4-0737",-0.101467356262725
"chr4-0738",0.186330317215763
"chr4-0739",-0.0745420752545687
"chr4-0740",-0.070770938858414
"chr4-0741",-0.172405835761933
"chr4-0742",-0.0598183176591884
"chr4-0743",-0.0445023214588937
"chr4-0744",-0.0669106716747136
"chr4-0745",-0.014611676115061
"chr4-0746",-0.140845444139201
"chr4-0747",-0.209033825239995
"chr4-0748",-0.041913836306558
"chr4-0749",-0.0864655974790373
"chr4-0750",-0.17009393735325
"chr4-0751",-0.167979558335664
"chr4-0752",-0.0686917925310143
"chr4-0753",-0.141664007190033
"chr4-0754",-0.143861572675
"chr4-0755",-0.0361080185460563
"chr4-0756",0.013282182149499
"chr4-0757",-0.0129598626212976
"chr4-0758",-0.073653032887685
"chr4-0759",-0.073102019492687
"chr4-0760",-0.112577080333929
"chr4-0761",-0.00935700405349296
"chr4-0762",-0.102779292646499
"chr4-0763",-0.0186762106816555
"chr4-0764",0.0663927693937318
"chr4-0765",-0.126419096479976
"chr4-0766",-0.0914677746333646
"chr4-0767",-0.044924443114521
"chr4-0768",-0.127055983675253
"chr4-0769",-0.114280003617792
"chr4-0770",-0.117496943151876
"chr4-0771",-0.0612739726432011
"chr4-0772",-0.0948656224354093
"chr4-0773",-0.0913897498150316
"chr4-0774",-0.182199262983417
"chr4-0775",0.165313151701356
"chr4-0776",0.0235732508908824
"chr4-0777",-0.0901730654171288
"chr4-0778",0.0123236812895444
"chr4-0779",-0.0719507578690467
"chr4-0780",0.0490455041375683
"chr4-0781",-0.1463287681312
"chr4-0782",-0.141647154674964
"chr4-0783",-0.139756893430359
"chr4-0784",-0.0170687862400387
"chr4-0785",-0.06364940466646
"chr4-0786",-0.0771111810382438
"chr4-0787",-0.0195711954216
"chr4-0788",-0.0629640105055621
"chr4-0789",-0.0188751986358026
"chr4-0790",-0.0432407150598122
"chr4-0791",-0.0620300401228709
"chr4-0792",-0.042252805144834
"chr4-0793",0.0101928117737341
"chr4-0794",-0.0966854718119833
"chr4-0795",0.0701777972444955
"chr4-0796",-0.128687106655512
"chr4-0797",-0.102562061966273
"chr4-0798",-0.0484818073872186
"chr4-0799",-0.111344051962166
"chr4-0800",-0.0875479054206461
"chr4-0801",0.0718658900063721
"chr4-0802",-0.0456070864008018
"chr4-0803",0.157775986127063
"chr4-0804",0.122673980402427
"chr4-0805",-0.0902054335136105
"chr4-0806",-0.0436991160047948
"chr4-0807",-0.182731800917475
"chr4-0808",-0.201580457782988
"chr4-0809",-0.205372339580174
"chr4-0810",-0.176895295643622
"chr4-0811",-0.0588589126632621
"chr4-0812",-0.0490695184214778
"chr4-0813",-0.00507152810445291
"chr4-0814",-0.0724437744680126
"chr4-0815",0.0350325337125685
"chr4-0816",-0.0268000696974286
"chr4-0817",-0.0199223194683646
"chr4-0818",0.0560902036016495
"chr4-0819",0.0106274526489326
"chr4-0820",0.0621916434520498
"chr4-0821",0.0149460920790368
"chr4-0822",-0.0811945407640776
"chr4-0823",0.027418609018367
"chr4-0824",-0.037144179900806
"chr4-0825",-0.158065406172121
"chr4-0826",0.0636939837899357
"chr4-0827",0.047970709757087
"chr4-0828",0.00471916945355647
"chr4-0829",0.0306749204375285
"chr4-0830",-0.00967727114722175
"chr4-0831",-0.0823173502700365
"chr4-0832",-0.0307630640764609
"chr4-0833",-0.0538401662996018
"chr4-0834",-0.0216217951410656
"chr4-0835",0.0299347140843343
"chr4-0836",0.0648290912455077
"chr4-0837",0.0162452513918089
"chr4-0838",-0.0730387529792966
"chr4-0839",-0.103870233387706
"chr4-0840",-0.00713388756025462
"chr4-0841",0.0607492866841901
"chr4-0842",-0.108995993107624
"chr4-0843",0.0592531141397739
"chr4-0844",0.116838960652211
"chr4-0845",-0.0590349341705551
"chr4-0846",0.00460635141321626
"chr4-0847",-0.120467777365684
"chr4-0848",-0.0654106279048815
"chr4-0849",0.0106306261799492
"chr4-0850",-0.0484010606324313
"chr4-0851",0.0331960493811884
"chr4-0852",0.033141972579861
"chr4-0853",0.0135911621816212
"chr4-0854",-0.0192080337626042
"chr4-0855",0.121002021369537
"chr4-0856",0.0240542998188149
"chr4-0857",0.0304130560671977
"chr4-0858",0.0309865812720329
"chr4-0859",-0.0158328983420449
"chr4-0860",-0.0456038082613127
"chr4-0861",0.0122750126075743
"chr4-0862",0.0660775273164557
"chr4-0863",0.161164275185522
"chr4-0864",0.0116680767756206
"chr4-0865",-0.0429130268280197
"chr4-0866",0.000522803089583638
"chr4-0867",-0.00224934607222758
"chr4-0868",0.0553271565809801
"chr4-0869",-0.0880238659005218
"chr4-0870",0.0145367298988762
"chr4-0871",0.0398993787738596
"chr4-0872",0.0546953421431618
"chr4-0873",0.104706607309934
"chr4-0874",0.0365635461054086
"chr4-0875",-0.0592982380222691
"chr4-0876",-0.0634468721061646
"chr4-0877",-0.0191045582448973
"chr4-0878",0.111471089313683
"chr4-0879",-0.128812567349902
"chr4-0880",-0.0122434674181168
"chr4-0881",-0.00803395428893317
"chr4-0882",0.0964336036655193
"chr4-0883",-0.0421404428429985
"chr4-0884",0.0865649920399617
"chr4-0885",0.0376075502543533
"chr4-0886",-0.014807754243052
"chr4-0887",0.0823640087161271
"chr4-0888",0.03720087031379
"chr5-0001",0.00662920826467413
"chr5-0002",0.0973572405206076
"chr5-0003",0.0835232182890437
"chr5-0004",0.089815615215561
"chr5-0005",0.061459011815202
"chr5-0006",0.0805375988380328
"chr5-0007",0.0490063301412923
"chr5-0008",0.08742093347701
"chr5-0009",0.0649064935849849
"chr5-0010",-0.102868467621323
"chr5-0011",-0.0195002305365001
"chr5-0012",0.111806002840511
"chr5-0013",0.0888404787350682
"chr5-0014",0.0112215936339381
"chr5-0015",0.0670763641490705
"chr5-0016",0.0310154440417553
"chr5-0017",0.0388243415255606
"chr5-0018",0.103187992656981
"chr5-0019",0.0653240308890504
"chr5-0020",0.0950607516360774
"chr5-0021",0.083234462130031
"chr5-0022",0.0144890899985794
"chr5-0023",0.00175685187778905
"chr5-0024",0.0149141750085525
"chr5-0025",-0.0084554622528639
"chr5-0026",-0.00735331407247695
"chr5-0027",-0.00182635832062041
"chr5-0028",-0.0247301475121452
"chr5-0029",-0.023129106485746
"chr5-0030",0.0323410989045522
"chr5-0031",0.0387831728313894
"chr5-0032",0.00747263862087552
"chr5-0033",-0.114958051782402
"chr5-0034",0.00572482888268141
"chr5-0035",-0.0441348295021776
"chr5-0036",-0.000649161886121394
"chr5-0037",-0.135266022158439
"chr5-0038",-0.0362158624526654
"chr5-0039",-0.00790063729558046
"chr5-0040",0.0258080561747068
"chr5-0041",-0.0728571830004682
"chr5-0042",-0.0777045453360019
"chr5-0043",0.00972664003302019
"chr5-0044",-0.0307938141973122
"chr5-0045",0.0147747577677945
"chr5-0046",0.0397962500037868
"chr5-0047",-0.0586849626388873
"chr5-0048",-0.12753835685596
"chr5-0049",-0.109507047189805
"chr5-0050",0.00529438629872906
"chr5-0051",-0.032175282462356
"chr5-0052",0.0249272185132892
"chr5-0053",0.0757333274390329
"chr5-0054",-0.0155440078662602
"chr5-0055",0.0567709796474418
"chr5-0056",0.00260024707967118
"chr5-0057",0.0205895942225684
"chr5-0058",-0.0711700728891368
"chr5-0059",0.056064280003256
"chr5-0060",-0.00950732362947868
"chr5-0061",-0.136871386935425
"chr5-0062",0.00449347040330742
"chr5-0063",-0.00430314408560661
"chr5-0064",-0.0233330184806378
"chr5-0065",0.0593119120716078
"chr5-0066",0.0480679873707642
"chr5-0067",0.0535032548755798
"chr5-0068",-0.0488647776723732
"chr5-0069",0.0949254686806737
"chr5-0070",0.0448789886198929
"chr5-0071",0.0376195197148655
"chr5-0072",0.00645564092730107
"chr5-0073",-0.00969102335410658
"chr5-0074",0.017361960710717
"chr5-0075",-0.130338190172294
"chr5-0076",-0.0134671303954397
"chr5-0077",-0.0444155669138951
"chr5-0078",-0.0106323898725341
"chr5-0079",-0.0133449774367183
"chr5-0080",-0.0402412985347156
"chr5-0081",-0.122001617178282
"chr5-0082",-0.029491313181788
"chr5-0083",-0.0284089306639415
"chr5-0084",-0.0109585925365628
"chr5-0085",-0.0169486269700911
"chr5-0086",0.0302958081434215
"chr5-0087",0.0291601124808064
"chr5-0088",-0.0547118153131912
"chr5-0089",0.0589531033498698
"chr5-0090",-0.0169609882831801
"chr5-0091",0.0850980619197681
"chr5-0092",-0.0717540620950179
"chr5-0093",0.105731933369522
"chr5-0094",-0.0466530118463633
"chr5-0095",-0.0958514658934069
"chr5-0096",-0.0291240685184979
"chr5-0097",0.0281599300367371
"chr5-0098",-0.140695127288389
"chr5-0099",-0.00395524337878752
"chr5-0100",-0.0465242261314794
"chr5-0101",0.0717472842661347
"chr5-0102",0.0157670992705536
"chr5-0103",0.0238274548892293
"chr5-0104",0.0589038494634047
"chr5-0105",-0.00187213996003048
"chr5-0106",-0.00422793423705585
"chr5-0107",0.067690119878773
"chr5-0108",0.079718837390179
"chr5-0109",0.0890891653947204
"chr5-0110",-0.0988450825404115
"chr5-0111",0.0271891056351112
"chr5-0112",-0.0246918423321227
"chr5-0113",0.0760761416283251
"chr5-0114",0.0231345195982095
"chr5-0115",0.00871851800382436
"chr5-0116",-0.124012650533407
"chr5-0117",0.101299957620895
"chr5-0118",0.0269817617002511
"chr5-0119",-0.0231436960803908
"chr5-0120",0.0180387238082814
"chr5-0121",0.0407391753792229
"chr5-0122",-0.0189658294420214
"chr5-0123",-0.00737073095817994
"chr5-0124",0.117594111872895
"chr5-0125",-0.0612356056782336
"chr5-0126",-0.0235130102592238
"chr5-0127",-0.04270899750547
"chr5-0128",-0.00839809251915266
"chr5-0129",-0.0638845600652963
"chr5-0130",-0.27474904932772
"chr5-0131",0.176347711176584
"chr5-0132",-0.0495976762756022
"chr5-0133",0.0357379933403031
"chr5-0134",-0.181044392109728
"chr5-0135",-0.214335367692712
"chr5-0136",-0.150178419545589
"chr5-0137",-0.0595656286249385
"chr5-0138",0.0873412151196619
"chr5-0139",-0.126679319552449
"chr5-0140",0.029504657225639
"chr5-0141",-0.0406043326291273
"chr5-0142",0.0432850440680381
"chr5-0143",-0.0581965404448353
"chr5-0144",-0.074161481801961
"chr5-0145",-9.87972885222671e-05
"chr5-0146",-0.0616056514184273
"chr5-0147",-0.0475811040546801
"chr5-0148",-0.00576319478207242
"chr5-0149",-0.100658782406182
"chr5-0150",-0.193957329626976
"chr5-0151",-0.0266247101346138
"chr5-0152",-0.00274515071492126
"chr5-0153",-0.0701132546534737
"chr5-0154",-0.0294298122307363
"chr5-0155",-0.0504480895694928
"chr5-0156",-0.0625940025945295
"chr5-0157",-0.00329501117575773
"chr5-0158",0.0588165205932355
"chr5-0159",0.124286682564709
"chr5-0160",-0.0170937614147436
"chr5-0161",-0.0811049461903453
"chr5-0162",-0.187359169814349
"chr5-0163",-0.0317372566493265
"chr5-0164",-0.177767270343628
"chr5-0165",-0.00305079149907817
"chr5-0166",-0.121907577971921
"chr5-0167",0.0231340026277199
"chr5-0168",-0.0179115477980885
"chr5-0169",0.0655435785189253
"chr5-0170",-0.0356439664263104
"chr5-0171",-0.144991790653207
"chr5-0172",-0.0261249484091258
"chr5-0173",-0.0805391692204451
"chr5-0174",-0.0705054539843603
"chr5-0175",-0.0116243086234796
"chr5-0176",-0.0751161222659641
"chr5-0177",-0.110946152636981
"chr5-0178",-0.00270884880768743
"chr5-0179",-0.0465646639866706
"chr5-0180",-0.0018400118698919
"chr5-0181",-0.0270966885376338
"chr5-0182",0.0450717430373501
"chr5-0183",-0.0585123527896047
"chr5-0184",0.0323962425530035
"chr5-0185",-0.0075386738401164
"chr5-0186",0.0763844581764991
"chr5-0187",-0.149955813096237
"chr5-0188",-0.11961374124721
"chr5-0189",-0.0441394919838675
"chr5-0190",-0.0100327504587778
"chr5-0191",-0.0269951488888923
"chr5-0192",0.000871735718733112
"chr5-0193",-0.0560078818854389
"chr5-0194",-0.107196984449167
"chr5-0195",-0.062257096809
"chr5-0196",0.0177151951935772
"chr5-0197",0.0208625072179959
"chr5-0198",-0.123546438323702
"chr5-0199",0.011729707039784
"chr5-0200",0.0160976438665482
"chr5-0201",0.0188505447937653
"chr5-0202",-0.11559258484309
"chr5-0203",-0.0901266305852581
"chr5-0204",0.00943788644471682
"chr5-0205",0.0375192035885383
"chr5-0206",-0.101727433677262
"chr5-0207",-0.047920758542107
"chr5-0208",-0.0825422356917333
"chr5-0209",-0.0613863161417601
"chr5-0210",-0.0298941173746602
"chr5-0211",-0.0363418161194051
"chr5-0212",-0.0311582175851105
"chr5-0213",0.00601034838566675
"chr5-0214",-0.114332680684527
"chr5-0215",-0.0683999238223685
"chr5-0216",-0.0813256821327981
"chr5-0217",0.031927567064626
"chr5-0218",-0.0131970756409479
"chr5-0219",-0.0893742847451097
"chr5-0220",-0.0960558891351179
"chr5-0221",-0.136965728398014
"chr5-0222",-0.0734134626067559
"chr5-0223",-0.204517820788347
"chr5-0224",-0.0507013881518657
"chr5-0225",-0.0506233926872315
"chr5-0226",-0.129924112097514
"chr5-0227",0.0441060479142662
"chr5-0228",0.0153327150523438
"chr5-0229",-0.061009779265391
"chr5-0230",-0.0517522763790813
"chr5-0231",-0.00552352678462148
"chr5-0232",-0.0632897166748408
"chr5-0233",-0.0434363885295893
"chr5-0234",-0.0856114044978542
"chr5-0235",-0.0813011886482868
"chr5-0236",-0.0996767947661662
"chr5-0237",-0.00852933403428979
"chr5-0238",0.00151375686691851
"chr5-0239",-0.0584410502563068
"chr5-0240",-0.183078265734429
"chr5-0241",-0.0736770837668401
"chr5-0242",-0.0315378342721919
"chr5-0243",-0.0524832443573314
"chr5-0244",0.018427540756772
"chr5-0245",0.0150753969113589
"chr5-0246",-0.146185441737628
"chr5-0247",-0.0908165936804916
"chr5-0248",-0.0128108055604839
"chr5-0249",-0.183672777221124
"chr5-0250",-0.100610961456995
"chr5-0251",0.0272452256759893
"chr5-0252",-0.169103348078905
"chr5-0253",-0.0525901679460744
"chr5-0254",0.00396808955309
"chr5-0255",-0.035293176165502
"chr5-0256",-0.0193703116604086
"chr5-0257",-0.152816206297947
"chr5-0258",-0.150273140234257
"chr5-0259",-0.0672758306128244
"chr5-0260",-0.107219932753161
"chr5-0261",-0.0579293004274591
"chr5-0262",-0.130838876927878
"chr5-0263",-0.209249571377251
"chr5-0264",-0.0924189524155247
"chr5-0265",-0.0507798197620748
"chr5-0266",-0.0791700714288052
"chr5-0267",0.033855168814515
"chr5-0268",-0.0148577344147411
"chr5-0269",-0.0575482222162066
"chr5-0270",-0.0139030956273794
"chr5-0271",0.0286192214164569
"chr5-0272",-0.171172762345296
"chr5-0273",-0.0198916457314121
"chr5-0274",-0.0755646885777665
"chr5-0275",-0.0150158875855206
"chr5-0276",0.0368654391581587
"chr5-0277",-0.0517495424554807
"chr5-0278",0.0249787537833677
"chr5-0279",-0.0157495820170623
"chr5-0280",0.0591623640553665
"chr5-0281",-0.0298758727738919
"chr5-0282",-0.109204977094478
"chr5-0283",0.0396035489703981
"chr5-0284",0.0379584628319264
"chr5-0285",-0.0331298127147249
"chr5-0286",-0.0214837883749523
"chr5-0287",-0.0468457601607656
"chr5-0288",-0.114177076505146
"chr5-0289",-0.0730461533299935
"chr5-0290",-0.0810311526314684
"chr5-0291",-0.18791315422772
"chr5-0292",-0.0892772947501228
"chr5-0293",0.0281573501418918
"chr5-0294",0.107455401064204
"chr5-0295",0.0413494998561418
"chr5-0296",0.068407008371135
"chr5-0297",-0.0504270828204028
"chr5-0298",-0.081312318411933
"chr5-0299",-0.0722225451989899
"chr5-0300",-0.0462571621015006
"chr5-0301",-0.114738114315207
"chr5-0302",0.0174065211692328
"chr5-0303",-0.112047936201747
"chr5-0304",-0.059226887780574
"chr5-0305",-0.0136932662050718
"chr5-0306",-0.071325379227222
"chr5-0307",-0.0800715232711464
"chr5-0308",-0.0411885081882183
"chr5-0309",0.0379918887885776
"chr5-0310",-0.147294345473327
"chr5-0311",-0.0663903228864156
"chr5-0312",-0.067026906056053
"chr5-0313",-0.0957175885393227
"chr5-0314",-0.13852032830551
"chr5-0315",-0.108740182252795
"chr5-0316",-0.0607627278821831
"chr5-0317",-0.309981520992098
"chr5-0318",-0.106541763102737
"chr5-0319",0.0343506471570511
"chr5-0320",-0.125720325773539
"chr5-0321",-0.0878366463781184
"chr5-0322",-0.0443525874187786
"chr5-0323",-0.088552286650688
"chr5-0324",-0.13369104341526
"chr5-0325",-0.00739451384973801
"chr5-0326",-0.0808272967923617
"chr5-0327",-0.120665021317732
"chr5-0328",0.0357028869074365
"chr5-0329",-0.0669812274515596
"chr5-0330",-0.00315744135169179
"chr5-0331",-0.0854039117762526
"chr5-0332",0.101849096701718
"chr5-0333",0.0375936811829319
"chr5-0334",0.00880487654149721
"chr5-0335",0.0278951572985036
"chr5-0336",-0.0495112693221073
"chr5-0337",0.017073815099711
"chr5-0338",-0.120268966557241
"chr5-0339",-0.0600697417121019
"chr5-0340",-0.00605231056698864
"chr5-0341",-0.070315080837983
"chr5-0342",-0.049639687690887
"chr5-0343",-0.065864339451555
"chr5-0344",-0.0578106130074064
"chr5-0345",-0.0113584145753817
"chr5-0346",-0.0651152274099154
"chr5-0347",-0.12570738976619
"chr5-0348",-0.0915482130340067
"chr5-0349",0.0144760994756899
"chr5-0350",-0.0993038963267951
"chr5-0351",-0.00577652033421461
"chr5-0352",-0.0293346055794787
"chr5-0353",0.0254502965107781
"chr5-0354",0.00835673869329527
"chr5-0355",-0.0409774032262006
"chr5-0356",0.0515040998920136
"chr5-0357",0.0121531452672064
"chr5-0358",0.0750726471204159
"chr5-0359",-0.0367863949971803
"chr5-0360",-0.0589359328646342
"chr5-0361",-0.139434833780667
"chr5-0362",-0.00677106825941937
"chr5-0363",0.0833233713600348
"chr5-0364",-0.0927826485964374
"chr5-0365",-0.0643290337281914
"chr5-0366",-0.0865557522908647
"chr5-0367",-0.187923798201665
"chr5-0368",-0.0749543477102568
"chr5-0369",-0.0329989971291008
"chr5-0370",-0.070329492838692
"chr5-0371",-0.0756033028874364
"chr5-0372",-0.185200161425007
"chr5-0373",-0.0480481641773761
"chr5-0374",-0.0194006089122462
"chr5-0375",0.0102854847709246
"chr5-0376",-0.0864146622824514
"chr5-0377",-0.128970375484633
"chr5-0378",-0.0814194681219768
"chr5-0379",-0.054392008798535
"chr5-0380",-0.0329551480221943
"chr5-0381",-0.0620393500088913
"chr5-0382",-0.107035368564086
"chr5-0383",-0.0213369888984255
"chr5-0384",-0.052068888533364
"chr5-0385",0.00993748963023583
"chr5-0386",-0.102990510709814
"chr5-0387",-0.0513519330264483
"chr5-0388",0.0172533220653411
"chr5-0389",-0.225618760341528
"chr5-0390",-0.0476970242901882
"chr5-0391",-0.0322488534011355
"chr5-0392",-0.0275165973869559
"chr5-0393",0.0215494429991509
"chr5-0394",-0.0451532204277202
"chr5-0395",-0.00678721175186885
"chr5-0396",-0.261380959873114
"chr5-0397",-0.0701947289477994
"chr5-0398",-0.057917141390843
"chr5-0399",0.00703901815003281
"chr5-0400",-0.136648284573089
"chr5-0401",-0.11913899770909
"chr5-0402",-0.020619708874116
"chr5-0403",-0.0663617932202906
"chr5-0404",-0.131247152346516
"chr5-0405",0.12808146504584
"chr5-0406",-0.0775702478980303
"chr5-0407",0.0626082339869122
"chr5-0408",-0.0384219235663705
"chr5-0409",0.0119397461337185
"chr5-0410",-0.1388188939885
"chr5-0411",-0.028180906129776
"chr5-0412",-0.00254853972906335
"chr5-0413",0.178433644563914
"chr5-0414",0.017055683297524
"chr5-0415",-0.0772695851566717
"chr5-0416",-0.172403073360815
"chr5-0417",0.0813640114692789
"chr5-0418",-0.029873817380717
"chr5-0419",0.0178107272007065
"chr5-0420",-0.0463571122984786
"chr5-0421",-0.0570213949784361
"chr5-0422",-0.0555982721771925
"chr5-0423",-0.0102978002508143
"chr5-0424",0.0357780421700654
"chr5-0425",-0.0894751016701138
"chr5-0426",-0.0661723530639034
"chr5-0427",-0.0320808844478702
"chr5-0428",-0.0347337607392267
"chr5-0429",0.0374890391721629
"chr5-0430",-0.0216222649651175
"chr5-0431",-0.248912277778934
"chr5-0432",-0.103853831119606
"chr5-0433",-0.0337596531282621
"chr5-0434",-0.0423945405881716
"chr5-0435",-0.0303273474410496
"chr5-0436",0.0344541858740547
"chr5-0437",-0.025107460104407
"chr5-0438",-0.00900250975119307
"chr5-0439",-0.0204761652259464
"chr5-0440",-0.0121640641113839
"chr5-0441",-0.0463782198677162
"chr5-0442",-0.107353645631355
"chr5-0443",-0.0193534534660608
"chr5-0444",-0.0107951625471887
"chr5-0445",-0.125550396092017
"chr5-0446",-0.0527024308681916
"chr5-0447",-0.116593118781563
"chr5-0448",-0.227900159434665
"chr5-0449",0.0386306356487282
"chr5-0450",-0.1295837369825
"chr5-0451",0.0612930377183782
"chr5-0452",0.00329925676547354
"chr5-0453",0.0611533702016101
"chr5-0454",-0.0578593225217083
"chr5-0455",-0.132239975662047
"chr5-0456",-0.0606352348501228
"chr5-0457",-0.0184108138976272
"chr5-0458",-0.00714548636294964
"chr5-0459",-0.0606497643149359
"chr5-0460",-0.0432289161615047
"chr5-0461",0.00134156925667669
"chr5-0462",-0.0356437707010789
"chr5-0463",-0.170605860135714
"chr5-0464",-0.0915059129628484
"chr5-0465",-0.127653523721703
"chr5-0466",-0.0212594069708702
"chr5-0467",-0.201010767076731
"chr5-0468",-0.117949779936478
"chr5-0469",0.0280696928502298
"chr5-0470",0.0323861765209729
"chr5-0471",-0.00527974179470884
"chr5-0472",0.0133614842018065
"chr5-0473",0.0735972973393424
"chr5-0474",-0.0333604345041766
"chr5-0475",-0.123933757740243
"chr5-0476",-0.0949340900562862
"chr5-0477",-0.0580697153396029
"chr5-0478",-0.0700657443892615
"chr5-0479",-0.0457352134542417
"chr5-0480",-0.102264965244796
"chr5-0481",-0.119269434604709
"chr5-0482",-0.0908714981002268
"chr5-0483",-0.108789609090889
"chr5-0484",-0.00584856534836468
"chr5-0485",-0.0684618471874675
"chr5-0486",-0.0867072043621633
"chr5-0487",-0.0381003051597222
"chr5-0488",-0.0380871652001697
"chr5-0489",0.0394668160741915
"chr5-0490",-0.130052377325213
"chr5-0491",-0.173232691035924
"chr5-0492",0.0038433977549622
"chr5-0493",0.0278385575262009
"chr5-0494",0.00976042502751967
"chr5-0495",-0.121594909120416
"chr5-0496",0.00850329051545591
"chr5-0497",-0.173072784100403
"chr5-0498",-0.297903832216207
"chr5-0499",-0.0725732269074942
"chr5-0500",0.0274364701832191
"chr5-0501",-0.156855681200648
"chr5-0502",0.00332856841473888
"chr5-0503",-0.152500049461933
"chr5-0504",-0.0549437244611561
"chr5-0505",-0.0446471640839723
"chr5-0506",-0.0709457726052178
"chr5-0507",-0.138182496091356
"chr5-0508",-0.0583022376373844
"chr5-0509",-0.172853711256224
"chr5-0510",0.00613021929862943
"chr5-0511",-0.00484128825726066
"chr5-0512",-0.110546058231562
"chr5-0513",-0.1431561206812
"chr5-0514",-0.0329376615252891
"chr5-0515",-0.103391567588807
"chr5-0516",-0.0298252722611031
"chr5-0517",0.0073399830777686
"chr5-0518",0.03899211975105
"chr5-0519",-0.0415316182073451
"chr5-0520",-0.0270178303639972
"chr5-0521",0.0459904964307463
"chr5-0522",0.0289615448010674
"chr5-0523",-0.0671714117329316
"chr5-0524",0.00372294742278689
"chr5-0525",-0.037880997986035
"chr5-0526",-0.0856589613095899
"chr5-0527",0.0524940231816069
"chr5-0528",-0.171272262981581
"chr5-0529",-0.0326855256657648
"chr5-0530",-0.086595848705874
"chr5-0531",0.0193817285850009
"chr5-0532",-0.0866317882967464
"chr5-0533",-0.0411288639856052
"chr5-0534",-0.0417115563359188
"chr5-0535",-0.146013763933213
"chr5-0536",-0.0126286706032459
"chr5-0537",-0.0366401400052332
"chr5-0538",-0.0615847380010786
"chr5-0539",-0.124006623982127
"chr5-0540",-0.0140500363252325
"chr5-0541",-0.0178602817456684
"chr5-0542",-0.046690339909213
"chr5-0543",-0.0493844169387527
"chr5-0544",-0.0691427673233563
"chr5-0545",-0.071450977050683
"chr5-0546",-0.10502206711076
"chr5-0547",-0.0523443767206181
"chr5-0548",-0.0706249519349798
"chr5-0549",-0.104307475073513
"chr5-0550",-0.0654616767624793
"chr5-0551",-0.063777818936251
"chr5-0552",-0.101949449940331
"chr5-0553",-0.0256310043339436
"chr5-0554",0.0177092486990544
"chr5-0555",-0.0270685304228403
"chr5-0556",-0.0203777015804646
"chr5-0557",-0.17296880595928
"chr5-0558",-0.0178274122317421
"chr5-0559",-0.200762717711701
"chr5-0560",-0.00331266214184664
"chr5-0561",0.0666820525271205
"chr5-0562",-0.116036254182469
"chr5-0563",-0.0104715693862287
"chr5-0564",-0.0107514980142356
"chr5-0565",-0.049566389258101
"chr5-0566",-0.0425365283215836
"chr5-0567",0.0135143911747522
"chr5-0568",-0.0550276038289515
"chr5-0569",0.0317518888672765
"chr5-0570",0.000185864539926748
"chr5-0571",-0.0300977335033593
"chr5-0572",0.0243424758155076
"chr5-0573",-0.0504211539497731
"chr5-0574",-0.0675668994601041
"chr5-0575",-0.137474177550562
"chr5-0576",-0.17482676722965
"chr5-0577",0.0337296268689063
"chr5-0578",-0.105060068388742
"chr5-0579",-0.0497581344181904
"chr5-0580",-0.036003933526823
"chr5-0581",-0.100842852953098
"chr5-0582",-0.118722416867723
"chr5-0583",-0.0963542479222104
"chr5-0584",-0.0537030793807767
"chr5-0585",-0.0506336472249978
"chr5-0586",-0.0540464808603072
"chr5-0587",-0.00191888179808914
"chr5-0588",0.0456328439374298
"chr5-0589",-0.0837998752169804
"chr5-0590",-0.0901497197180777
"chr5-0591",0.0616199297972293
"chr5-0592",0.0814346183840431
"chr5-0593",0.049897236794834
"chr5-0594",-0.0545396522353534
"chr5-0595",-0.0522417686016363
"chr5-0596",-0.067116996472149
"chr5-0597",-0.025172470107657
"chr5-0598",0.0198672541822776
"chr5-0599",0.0492829198965244
"chr5-0600",0.00074068355589885
"chr5-0601",0.0161340017836786
"chr5-0602",0.0237919369316672
"chr5-0603",-0.00877996714980003
"chr5-0604",0.0102812938204569
"chr5-0605",-0.0199528002074718
"chr5-0606",-0.00012071503806769
"chr5-0607",-0.00294555426446202
"chr5-0608",-0.0732237705039664
"chr5-0609",-0.0841053727730669
"chr5-0610",-0.0990190591602823
"chr5-0611",-0.0451342662183531
"chr5-0612",-0.0593978728593087
"chr5-0613",-0.115020106483792
"chr5-0614",0.00443718762498985
"chr5-0615",-0.0466291786799825
"chr5-0616",-0.0890069274920062
"chr5-0617",-0.0292254877416211
"chr5-0618",-0.0288701808158592
"chr5-0619",-0.0274590285354982
"chr5-0620",-0.102986001394294
"chr5-0621",-0.0622343372302137
"chr5-0622",-0.0270407080336376
"chr5-0623",-0.0830121330103991
"chr5-0624",-0.141752997182217
"chr5-0625",0.0940612961330161
"chr5-0626",0.0246889666681772
"chr5-0627",-0.12158089312109
"chr5-0628",-0.0872815860449892
"chr5-0629",-0.0303291759299449
"chr5-0630",-0.0350408580602403
"chr5-0631",-0.0759783479686712
"chr5-0632",0.0747958432731819
"chr5-0633",-0.0797413327138229
"chr5-0634",-0.144386897127182
"chr5-0635",-0.0959163977977516
"chr5-0636",-0.0302897777783377
"chr5-0637",-0.0535293478780531
"chr5-0638",-0.170016419744387
"chr5-0639",0.0236824882660651
"chr5-0640",-0.0688224239841583
"chr5-0641",-0.0661611904542089
"chr5-0642",-0.0202642919799724
"chr5-0643",-0.00278714071350299
"chr5-0644",0.03272910337623
"chr5-0645",-0.0352002466176074
"chr5-0646",-0.0271567332752866
"chr5-0647",-0.0933197437075101
"chr5-0648",-0.147350834554712
"chr5-0649",0.0118568750888218
"chr5-0650",-0.0693188185751949
"chr5-0651",-0.0215156636279835
"chr5-0652",0.0244269126043548
"chr5-0653",-0.0286705061710923
"chr5-0654",-0.0434567550312214
"chr5-0655",-0.0867091352312377
"chr5-0656",-0.0906359291972652
"chr5-0657",-0.0761432531139017
"chr5-0658",-0.0878805900712832
"chr5-0659",-0.178881671913611
"chr5-0660",-0.0553929444825337
"chr5-0661",-0.0663779555850274
"chr5-0662",-0.120108639472867
"chr5-0663",0.0427690437489955
"chr5-0664",-0.0276950998519705
"chr5-0665",0.0262849704861109
"chr5-0666",0.0298404818224704
"chr5-0667",-0.0801865411893137
"chr5-0668",-0.0467247703592107
"chr5-0669",0.054510779984815
"chr5-0670",0.0791727631729598
"chr5-0671",-0.0925844562005037
"chr5-0672",-0.122078033572903
"chr5-0673",-0.100618048268644
"chr5-0674",-0.124270907406112
"chr5-0675",-0.0011611557664953
"chr5-0676",-0.0534139403785755
"chr5-0677",-0.0628743520977923
"chr5-0678",0.0777104940511668
"chr5-0679",-0.00197738989127193
"chr5-0680",-0.078181178288989
"chr5-0681",-0.0472469233679432
"chr5-0682",-0.044790171564668
"chr5-0683",-0.161273260737756
"chr5-0684",-0.0390552754169681
"chr5-0685",-0.0321859972056952
"chr5-0686",-0.0607154007336946
"chr5-0687",-0.102338574159445
"chr5-0688",0.0371086162416389
"chr5-0689",-0.121367508654253
"chr5-0690",-0.016139035989201
"chr5-0691",-0.0389117032822457
"chr5-0692",-0.0374108047245009
"chr5-0693",-0.0749042336023575
"chr5-0694",-0.0348293099038097
"chr5-0695",-0.155985124923001
"chr5-0696",-0.10310616202974
"chr5-0697",-0.18671647900378
"chr5-0698",-0.145965593559284
"chr5-0699",-0.0258778964560085
"chr5-0700",-0.0939939322924766
"chr5-0701",-0.0197197646403432
"chr5-0702",0.0441618500302547
"chr5-0703",-0.00265463153511209
"chr5-0704",-0.112572851048601
"chr5-0705",0.0877714116237531
"chr5-0706",0.040142066038552
"chr5-0707",0.0161481888133274
"chr5-0708",0.0200347810913523
"chr5-0709",-0.0984119080742583
"chr5-0710",-0.0723734770867586
"chr5-0711",0.0318767383731915
"chr5-0712",-0.14794517835718
"chr5-0713",-0.114955707573944
"chr5-0714",0.0281262873305021
"chr5-0715",0.064593537269795
"chr5-0716",0.00695168582819889
"chr5-0717",-0.00695118166870694
"chr5-0718",-0.147992475666676
"chr5-0719",-0.126121424047725
"chr5-0720",0.0641944820586108
"chr5-0721",-0.0261007436870933
"chr5-0722",0.0126274386017649
"chr5-0723",-0.0459748872320622
"chr5-0724",-0.043859875263395
"chr5-0725",-0.0809696201602892
"chr5-0726",-0.141891050500832
"chr5-0727",-0.124550282621405
"chr5-0728",-0.0977666029989461
"chr5-0729",0.00405655319138354
"chr5-0730",-0.0621015514623107
"chr5-0731",-0.0305063762320344
"chr5-0732",-0.0551834513595119
"chr5-0733",-0.135036224171301
"chr5-0734",-0.119071472663936
"chr5-0735",-0.0770158820936002
"chr5-0736",-0.136767051661068
"chr5-0737",-0.0805029858110879
"chr5-0738",-0.0571152881756631
"chr5-0739",0.00469829819449405
"chr5-0740",0.0411731071900976
"chr5-0741",-0.0760098920709039
"chr5-0742",-0.0574807699513718
"chr5-0743",-0.0632072612900845
"chr5-0744",-0.00807799510604963
"chr5-0745",-0.0670593660173231
"chr5-0746",-0.112851790506959
"chr5-0747",0.0324195975574704
"chr5-0748",-0.165760454346512
"chr5-0749",0.0831213076741868
"chr5-0750",-0.0782085678355133
"chr5-0751",-0.125421371023095
"chr5-0752",0.00624285515028075
"chr5-0753",-0.0766398429883691
"chr5-0754",-0.00192539480848935
"chr5-0755",0.0591740673388957
"chr5-0756",-0.0743667761683186
"chr5-0757",0.0664406433651678
"chr5-0758",-0.0390187736301771
"chr5-0759",-0.0332298324281009
"chr5-0760",-0.0349554445900723
"chr5-0761",-0.298166091904591
"chr5-0762",-0.015857434125256
"chr5-0763",-0.0162037875766595
"chr5-0764",-0.00074077870735848
"chr5-0765",-0.027008387228027
"chr5-0766",-0.142308209449952
"chr5-0767",-0.122892768206409
"chr5-0768",-0.0753329668966521
"chr5-0769",-0.0618820926514621
"chr5-0770",-0.150895803964917
"chr5-0771",0.0396796259560226
"chr5-0772",-0.0689423387499476
"chr5-0773",-0.0561863719860612
"chr5-0774",0.0244611002611905
"chr5-0775",-0.0774084592660039
"chr5-0776",-0.0653272243500391
"chr5-0777",-0.121305414273105
"chr5-0778",-0.0520606235326532
"chr5-0779",-0.025584061405231
"chr5-0780",-0.233687236405395
"chr5-0781",0.0027303673228233
"chr5-0782",-0.00417995838215593
"chr5-0783",0.0380943099175026
"chr5-0784",-0.113232301838336
"chr5-0785",-0.0641199758477112
"chr5-0786",-0.23949061221019
"chr5-0787",-0.0274397685428483
"chr5-0788",-0.0848596242380953
"chr5-0789",-0.098603956587517
"chr5-0790",-0.103950458076248
"chr5-0791",-0.120987668145002
"chr5-0792",-0.127700325062804
"chr5-0793",-0.0695059548662199
"chr5-0794",-0.00918192936460634
"chr5-0795",0.0292511077540705
"chr5-0796",-0.059610247347651
"chr5-0797",-0.0371785183458432
"chr5-0798",0.000997146292108464
"chr5-0799",-0.0554308495577095
"chr5-0800",-0.0100737265519395
"chr5-0801",-0.0920843471219862
"chr5-0802",-0.137559413113031
"chr5-0803",0.0312631403769528
"chr5-0804",-0.0703036174087411
"chr5-0805",0.00177572299426106
"chr5-0806",-0.0732032799067075
"chr5-0807",-0.0311224847092676
"chr5-0808",-0.0576870680131233
"chr5-0809",-0.0703334164765981
"chr5-0810",-0.0235262852626312
"chr5-0811",-0.0693589858426003
"chr5-0812",-0.0844194985407597
"chr5-0813",-0.0733861048666196
"chr5-0814",-0.0661548835370848
"chr5-0815",-0.000566486030665122
"chr5-0816",-0.0672294482689522
"chr5-0817",-0.0810329524147029
"chr5-0818",-0.129166306495943
"chr5-0819",-0.00346844550522918
"chr5-0820",0.0116215663466032
"chr5-0821",-0.104016880064178
"chr5-0822",-0.0496718065817648
"chr5-0823",-0.0545621249754732
"chr5-0824",-0.0752761762597096
"chr5-0825",-0.0566634411416457
"chr5-0826",0.0273690121596593
"chr5-0827",-0.0681408993575403
"chr5-0828",-0.0247452899288096
"chr5-0829",0.0198781382583391
"chr5-0830",-0.134758741540345
"chr5-0831",-0.0648870568367892
"chr5-0832",-0.101752460939576
"chr5-0833",-0.153997898909597
"chr5-0834",-0.0327270557100211
"chr5-0835",-0.0316235999133185
"chr5-0836",-0.0954056470747272
"chr5-0837",-0.0656767322212823
"chr5-0838",-0.0223969665036784
"chr5-0839",-0.0318208990329833
"chr5-0840",-0.0701427638109431
"chr5-0841",-0.0381193123886961
"chr5-0842",-0.0418159788912284
"chr5-0843",-0.000645386071487205
"chr5-0844",-0.0427724826539608
"chr5-0845",-0.081242609048237
"chr5-0846",0.0668918371186509
"chr5-0847",-0.0558695009227308
"chr5-0848",-0.147037240573017
"chr5-0849",-0.109365573278324
"chr5-0850",-0.0667044863520626
"chr5-0851",-0.0203422158473491
"chr5-0852",-0.0015653907029264
"chr5-0853",-0.0470975868889131
"chr5-0854",0.0551784579048382
"chr5-0855",-0.0026878534518827
"chr5-0856",-0.04655051349625
"chr5-0857",-0.0632413971462145
"chr5-0858",-0.121928608220165
"chr5-0859",-0.0666077663144952
"chr5-0860",0.065055295310585
"chr5-0861",-0.00541087994247029
"chr5-0862",0.00919842847688588
"chr5-0863",0.105525613368497
"chr5-0864",-0.00765966638618249
"chr5-0865",-0.0197500583632454
"chr5-0866",0.00639022885640919
"chr5-0867",-0.0954643456289596
"chr5-0868",-0.083445366404224
"chr5-0869",-0.0578895827583556
"chr5-0870",0.042493524623591
"chr5-0871",0.00364199748806587
"chr5-0872",-0.10213466541962
"chr5-0873",-0.11107901729551
"chr5-0874",-0.0393844882907399
"chr5-0875",-0.0167762490650653
"chr5-0876",-0.0727241176176219
"chr5-0877",-0.0344705901271889
"chr5-0878",-0.0184489817463072
"chr5-0879",-0.0652830889061074
"chr5-0880",-0.112520170410467
"chr5-0881",-0.0498884724830866
"chr5-0882",-0.0357199319188352
"chr5-0883",-0.204709447013333
"chr5-0884",-0.0741403938928893
"chr5-0885",0.0414400315621116
"chr5-0886",-0.169974135204856
"chr5-0887",-0.0534674336894686
"chr5-0888",-0.118701633294507
"chr5-0889",-0.0197539545363929
"chr5-0890",-0.0834751467567061
"chr5-0891",-0.0085528622997989
"chr5-0892",-0.0340844051452396
"chr5-0893",-0.13060675730404
"chr5-0894",0.0604885920448024
"chr5-0895",-0.0784483246182819
"chr5-0896",-0.0665993314496552
"chr5-0897",-0.0538642386363648
"chr5-0898",0.00201904097000182
"chr5-0899",-0.0530965143990733
"chr5-0900",0.0503639446362886
"chr5-0901",-0.0735595374785462
"chr5-0902",0.0386615125655542
"chr5-0903",-0.135566111285281
"chr5-0904",-0.123112719124771
"chr5-0905",-0.0682116994516357
"chr5-0906",-0.130499569129906
"chr5-0907",-0.0379988116591465
"chr5-0908",-0.124566881000593
"chr5-0909",-0.0705133253147491
"chr5-0910",-0.108890548683379
"chr5-0911",-0.061693947441417
"chr5-0912",-0.0540697213696383
"chr5-0913",-0.0521039181048838
"chr5-0914",0.0643433914456514
"chr5-0915",-0.0659619255645273
"chr5-0916",-0.0305750997501532
"chr5-0917",0.0268759601335524
"chr5-0918",-0.0705422945192593
"chr5-0919",-0.00213106697751776
"chr5-0920",0.0328810355305394
"chr5-0921",-0.0936639960229691
"chr5-0922",0.000691505429886573
"chr5-0923",0.00318945378564264
"chr5-0924",-0.0108352465512416
"chr5-0925",-0.182199745803242
"chr5-0926",0.0321188479609371
"chr5-0927",-0.0587940960395257
"chr5-0928",0.0170812808224463
"chr5-0929",-0.0133178178218634
"chr5-0930",-0.0751683575662389
"chr5-0931",-0.00553369953196802
"chr5-0932",-0.0255001448438012
"chr5-0933",0.0461166798907969
"chr5-0934",-0.0427445015064857
"chr5-0935",-0.0172575359060268
"chr5-0936",0.0502744701498505
"chr5-0937",-0.0129819433288549
"chr5-0938",0.108789264325941
"chr5-0939",0.0234966361898377
"chr5-0940",-0.0153215216419473
"chr5-0941",0.0197152211328337
"chr5-0942",-0.00324698148949484
"chr5-0943",0.00923691970508116
"chr5-0944",0.0300345906235745
"chr5-0945",-0.0286237267798242
"chr5-0946",0.0349922499726545
"chr5-0947",0.0364525000234738
"chr5-0948",0.0210063130456948
"chr5-0949",-0.0162265672623842
"chr5-0950",-0.0276539781321665
"chr5-0951",-0.123030908299018
"chr5-0952",-0.103793285998134
"chr5-0953",-0.0315216758366132
"chr5-0954",-0.0188129986024332
"chr5-0955",-0.0899479382516251
"chr5-0956",-0.0540080437462427
"chr5-0957",0.0515338984178612
"chr5-0958",-0.0633909151133396
"chr5-0959",-0.0482001760377007
"chr5-0960",-0.0147226121233338
"chr5-0961",-0.0409649273504872
"chr5-0962",-0.102916931109168
"chr5-0963",-0.0983508489223132
"chr5-0964",-0.0040884695689317
"chr5-0965",-0.128749815445926
"chr5-0966",-0.0430143693443535
"chr5-0967",-0.11380393032344
"chr5-0968",-0.0109538907549357
"chr5-0969",0.0014810623437048
"chr5-0970",-0.0188299873341033
"chr5-0971",0.0129531832997424
"chr5-0972",-0.0550081252032629
"chr5-0973",-0.0264120231186568
"chr5-0974",-0.022774805747544
"chr5-0975",-0.0236617794980082
"chr5-0976",-0.0114958724535252
"chr5-0977",0.0173762870480131
"chr5-0978",-0.00356052363780892
"chr5-0979",-0.0387512019354826
"chr5-0980",-0.0447867549747653
"chr5-0981",0.0334677613999679
"chr5-0982",-0.00966593636910447
"chr5-0983",0.0298540247555466
"chr5-0984",0.0646048353614807
"chr5-0985",-0.00226613181691699
"chr5-0986",0.0647490847277046
"chr5-0987",0.0950673851361618
"chr5-0988",-0.0135949289219625
"chr5-0989",-0.0786824495363741
"chr5-0990",-0.0118280760010162
"chr5-0991",-0.0514289938269727
"chr5-0992",0.000108328621256149
"chr5-0993",-0.0972130809602978
"chr5-0994",-0.00201039444305092
"chr5-0995",0.0176688306412557
"chr5-0996",-0.0272290208874041
"chr5-0997",-0.0322627296853295
"chr5-0998",-0.0739748983554028
"chr5-0999",-0.0497243319410818
"chr5-1000",-0.0240384861312122
"chr5-1001",0.0511023437225471
"chr5-1002",0.0141895739212015
"chr5-1003",0.0136955095688136
"chr5-1004",0.0764158549545085
"chr5-1005",0.146583579316472
"chr5-1006",-0.0323571010109263
"chr5-1007",-0.0521252084528974
"chr5-1008",-0.114892255954248
"chr5-1009",0.00225804540532644
"chr5-1010",-0.0548102870333261
"chr5-1011",-0.0100747915533301
"chr5-1012",0.0748494556120354
"chr5-1013",0.0411208030791521
"chr5-1014",0.0690431115255669
"chr5-1015",-0.0655494336415183
"chr5-1016",0.0637571534069266
"chr5-1017",0.0473509188834775
"chr5-1018",0.0276210394545482
"chr5-1019",0.0421152280087736
"chr5-1020",-0.00324060254822172
"chr5-1021",0.0205617494029251
"chr5-1022",-0.0569579906310153
"chr5-1023",0.117010973138178
"chr5-1024",-0.0437561752668722
"chr5-1025",0.0670532494506372
"chr5-1026",-0.0305048005488931
"chr5-1027",0.119462872055105
"chr5-1028",-0.0289565077615834
"chr5-1029",-0.00347997255081198
"chr5-1030",-0.0544379021338517
"chr5-1031",-0.026989037941293
"chr6-0001",-0.166841230225017
"chr6-0002",-0.377628202592259
"chr6-0003",-0.0718093512536521
"chr6-0004",-0.0170378980132387
"chr6-0005",0.0701823124551592
"chr6-0006",0.0108988054189332
"chr6-0007",-0.0237729155074484
"chr6-0008",-0.0431328439540931
"chr6-0009",-0.0615055958279583
"chr6-0010",0.0596359751204862
"chr6-0011",-0.0683377841803194
"chr6-0012",-0.0465401205281822
"chr6-0013",-0.0816120109428357
"chr6-0014",-0.102742413497222
"chr6-0015",0.0630021357403424
"chr6-0016",-0.0268115243871888
"chr6-0017",0.00258718836669279
"chr6-0018",-0.0826645355009596
"chr6-0019",0.0617575011435355
"chr6-0020",-0.0147435944883274
"chr6-0021",0.0352979210478009
"chr6-0022",-0.106064462578335
"chr6-0023",-0.0116025425808354
"chr6-0024",-0.0136398365294113
"chr6-0025",-0.0163799362350845
"chr6-0026",-0.208630379866966
"chr6-0027",0.0233314243332358
"chr6-0028",-0.0215784568491413
"chr6-0029",-0.000394628276911126
"chr6-0030",-0.0657159191085688
"chr6-0031",-0.113838557783165
"chr6-0032",0.0501270724611485
"chr6-0033",-0.0816934701385521
"chr6-0034",-0.0220916570451638
"chr6-0035",-0.00871517609420346
"chr6-0036",-0.00417662816977864
"chr6-0037",-0.0339809206784111
"chr6-0038",-0.0418507883591355
"chr6-0039",-0.00257052807449976
"chr6-0040",0.0269166429275982
"chr6-0041",-0.00560745710052672
"chr6-0042",-0.100503503051602
"chr6-0043",-0.127365953143913
"chr6-0044",0.0676469478006856
"chr6-0045",-0.0496288928238689
"chr6-0046",0.00310830982570942
"chr6-0047",0.0554757788533769
"chr6-0048",-0.0891023274169717
"chr6-0049",-0.0394001516251956
"chr6-0050",-0.197623969712914
"chr6-0051",-0.150362118570683
"chr6-0052",0.00478250256173744
"chr6-0053",0.0411958949908986
"chr6-0054",0.00647788038110357
"chr6-0055",-0.0213203090079005
"chr6-0056",-0.117170686396
"chr6-0057",0.0382361569623006
"chr6-0058",0.0105718686386768
"chr6-0059",-0.0398252144261326
"chr6-0060",-0.0812828889661257
"chr6-0061",-0.0379278161990148
"chr6-0062",-0.0367839241293793
"chr6-0063",-0.111195837821833
"chr6-0064",-0.0621635260101236
"chr6-0065",-0.142537797071916
"chr6-0066",-0.112912039653329
"chr6-0067",-0.0779205881533211
"chr6-0068",0.00801683131340179
"chr6-0069",0.0157174588553168
"chr6-0070",0.025460056655538
"chr6-0071",0.0144637723197089
"chr6-0072",0.0144275779830875
"chr6-0073",-0.00058884813925054
"chr6-0074",-0.135016778343258
"chr6-0075",-0.150576836854715
"chr6-0076",0.0466164172706638
"chr6-0077",-0.128718801085118
"chr6-0078",-0.0429990653112999
"chr6-0079",-0.0878386535772794
"chr6-0080",-0.140929001698796
"chr6-0081",-0.0432446122588684
"chr6-0082",-0.126857413626677
"chr6-0083",-0.100550414521984
"chr6-0084",-0.000930181796421372
"chr6-0085",-0.08392500260492
"chr6-0086",-0.0322217754893955
"chr6-0087",-0.107759631919261
"chr6-0088",-0.0498552843165176
"chr6-0089",-0.124891610094508
"chr6-0090",-0.0256223183177019
"chr6-0091",-0.0634607234178882
"chr6-0092",0.0655115983725733
"chr6-0093",0.0297742143753136
"chr6-0094",-0.00809324123499705
"chr6-0095",-0.0971442574666406
"chr6-0096",-0.105784358561088
"chr6-0097",-0.090466490281597
"chr6-0098",0.000842448371341555
"chr6-0099",-0.0679175902298453
"chr6-0100",-0.0364115698174996
"chr6-0101",-0.054904052949551
"chr6-0102",-0.0801989922055736
"chr6-0103",-0.0773169842797226
"chr6-0104",-0.0169064209150896
"chr6-0105",-0.0709505688480357
"chr6-0106",0.0114694427037584
"chr6-0107",-0.214260431346651
"chr6-0108",-0.116905825564143
"chr6-0109",-0.0614614455861116
"chr6-0110",0.0629305037375325
"chr6-0111",-0.3229130988959
"chr6-0112",-0.110641756568725
"chr6-0113",0.0614052774404059
"chr6-0114",-0.059813688353007
"chr6-0115",-0.06857678956003
"chr6-0116",0.00474146159052966
"chr6-0117",-0.10887391158299
"chr6-0118",-0.0206525973206278
"chr6-0119",-0.133291742694835
"chr6-0120",-0.107040245411219
"chr6-0121",-0.0162965671313035
"chr6-0122",-0.0751141028565208
"chr6-0123",-0.0889334004492896
"chr6-0124",-0.0591335031411779
"chr6-0125",-0.0384708094539388
"chr6-0126",-0.0944444412742815
"chr6-0127",-0.164821206888256
"chr6-0128",-0.0324569839225605
"chr6-0129",-0.02517652617731
"chr6-0130",-0.0608771391624204
"chr6-0131",-0.0590052394273415
"chr6-0132",-0.019432043963734
"chr6-0133",-0.0220689577285037
"chr6-0134",-0.0138411925401838
"chr6-0135",-0.111016906664217
"chr6-0136",0.109873176602837
"chr6-0137",0.100903352422347
"chr6-0138",0.0763112558298104
"chr6-0139",0.0615741751951149
"chr6-0140",0.0736594548362971
"chr6-0141",-0.0807826416253223
"chr6-0142",-0.0214722890700102
"chr6-0143",0.000798965905357466
"chr6-0144",-0.116273914649539
"chr6-0145",0.0249002855101436
"chr6-0146",-0.0333889888290066
"chr6-0147",0.0959286634354849
"chr6-0148",0.0727306989746916
"chr6-0149",-0.0230645029151756
"chr6-0150",-0.0552426378696463
"chr6-0151",-0.0943649829536395
"chr6-0152",-0.00976676726095218
"chr6-0153",-0.0151788944326906
"chr6-0154",-0.0158120870133896
"chr6-0155",-0.0570135704097087
"chr6-0156",-0.109446838154386
"chr6-0157",-0.0684372009795545
"chr6-0158",0.0245333002240751
"chr6-0159",-0.0390542632353204
"chr6-0160",-0.147587238254922
"chr6-0161",0.00170194005490249
"chr6-0162",-0.0497899525798492
"chr6-0163",-0.0481259751182418
"chr6-0164",-0.0831456116091909
"chr6-0165",-0.0324257961357722
"chr6-0166",-0.00421823348426602
"chr6-0167",-0.0651167569249421
"chr6-0168",-0.0546044471494609
"chr6-0169",-0.0706500429092462
"chr6-0170",-0.09499150601369
"chr6-0171",0.0486526800468699
"chr6-0172",-0.0618455064703768
"chr6-0173",-0.0184029315425825
"chr6-0174",-0.134194734746517
"chr6-0175",-0.025438058237927
"chr6-0176",0.0140839982998169
"chr6-0177",-0.00912289008742864
"chr6-0178",0.0304505842157888
"chr6-0179",-0.179258733241984
"chr6-0180",-0.00107711634805371
"chr6-0181",-0.205220436411686
"chr6-0182",-0.101534388941191
"chr6-0183",-0.00758447157486849
"chr6-0184",-0.0348196896532607
"chr6-0185",0.0684761081052522
"chr6-0186",-0.0587043052774198
"chr6-0187",-0.0594801594092731
"chr6-0188",-0.138765465678692
"chr6-0189",0.00751413682322328
"chr6-0190",-0.00240935534841686
"chr6-0191",-0.0628198678269843
"chr6-0192",0.090277938769944
"chr6-0193",-0.093662896267901
"chr6-0194",0.00212716652254967
"chr6-0195",0.056097901291766
"chr6-0196",-0.127203740079343
"chr6-0197",-0.112323168931301
"chr6-0198",-0.15661088784305
"chr6-0199",-0.0164069473154744
"chr6-0200",-0.160499268301594
"chr6-0201",-0.123551783276497
"chr6-0202",-0.167179000312816
"chr6-0203",-0.13521221919339
"chr6-0204",-0.0684667099772789
"chr6-0205",-0.117859643072565
"chr6-0206",-0.0761480519327072
"chr6-0207",-0.0492843566349391
"chr6-0208",-0.209931217829172
"chr6-0209",-0.103858495695008
"chr6-0210",-0.0454037525482516
"chr6-0211",-0.203554282759157
"chr6-0212",-0.0937028175979161
"chr6-0213",-0.176812628332925
"chr6-0214",-0.0770273106950429
"chr6-0215",-0.0995867858837492
"chr6-0216",-0.0659691687883294
"chr6-0217",-0.025895786907652
"chr6-0218",-0.0663161914770926
"chr6-0219",-0.067327614658459
"chr6-0220",-0.257710298761151
"chr6-0221",0.0053595683835996
"chr6-0222",-0.128182784388484
"chr6-0223",-0.0942166604832617
"chr6-0224",-0.208974146993068
"chr6-0225",-0.137324124075589
"chr6-0226",-0.097104170443351
"chr6-0227",-0.10719126748234
"chr6-0228",-0.180365197683016
"chr6-0229",-0.0500656762196079
"chr6-0230",-0.151509600347874
"chr6-0231",-0.21441650755057
"chr6-0232",-0.146306042705387
"chr6-0233",-0.208659023672896
"chr6-0234",-0.154730453353814
"chr6-0235",-0.150102336258176
"chr6-0236",-0.0953185545649284
"chr6-0237",-0.0996007367679286
"chr6-0238",-0.203383843254554
"chr6-0239",-0.21054825970647
"chr6-0240",-0.202916548354973
"chr6-0241",-0.192742813859468
"chr6-0242",-0.136667479619568
"chr6-0243",-0.140665592615194
"chr6-0244",-0.115691411041771
"chr6-0245",-0.0336906394033917
"chr6-0246",-0.0528630371947863
"chr6-0247",-0.127254070852521
"chr6-0248",-0.125071139888668
"chr6-0249",-0.132529358925288
"chr6-0250",-0.11955043897264
"chr6-0251",-0.150580985491811
"chr6-0252",-0.0770473961025041
"chr6-0253",-0.0815645047403955
"chr6-0254",-0.0726423906948829
"chr6-0255",-0.0751422404321896
"chr6-0256",-0.103735181167095
"chr6-0257",-0.0901247064406722
"chr6-0258",-0.0725192109663084
"chr6-0259",-0.108888647965849
"chr6-0260",0.0109076533458271
"chr6-0261",-0.0461427891051802
"chr6-0262",-0.0900472045313559
"chr6-0263",-0.158196904286274
"chr6-0264",-0.102243556977686
"chr6-0265",-0.152437538188606
"chr6-0266",-0.15359787995747
"chr6-0267",-0.0815745526067555
"chr6-0268",-0.0898708998423547
"chr6-0269",-0.118634214150707
"chr6-0270",-0.0548282795256152
"chr6-0271",-0.0499117540769761
"chr6-0272",-0.0450385179129057
"chr6-0273",-0.0462284222802042
"chr6-0274",-0.0399416387890011
"chr6-0275",-0.0322274066388122
"chr6-0276",-0.0118849657186997
"chr6-0277",-0.0321838817359749
"chr6-0278",-0.11974593186129
"chr6-0279",-0.074063596457966
"chr6-0280",-0.158933446778873
"chr6-0281",-0.141852313027557
"chr6-0282",-0.0721523672181378
"chr6-0283",-0.822597286260697
"chr6-0284",-0.61618140101949
"chr6-0285",0.0134284625305252
"chr6-0286",-0.0282513771462557
"chr6-0287",-0.021319988740655
"chr6-0288",-0.109352126023172
"chr6-0289",-0.150830151052978
"chr6-0290",-0.133298192490188
"chr6-0291",-0.0547279786786241
"chr6-0292",-0.0546415753340826
"chr6-0293",0.00243321627911991
"chr6-0294",-0.0790702128221156
"chr6-0295",-0.101765959423806
"chr6-0296",0.0066875901261614
"chr6-0297",-0.015763129751624
"chr6-0298",-0.0304921595905225
"chr6-0299",-0.0667369170697207
"chr6-0300",-0.138117037190225
"chr6-0301",-0.0853378579496456
"chr6-0302",-0.0281491213520155
"chr6-0303",-9.68830158528181e-05
"chr6-0304",-0.0300706129710764
"chr6-0305",-0.0643203465622919
"chr6-0306",0.0174266557272996
"chr6-0307",-0.10458495142869
"chr6-0308",-0.043094028169608
"chr6-0309",-0.0308769760514617
"chr6-0310",-0.0444639686513395
"chr6-0311",-0.0226459966271822
"chr6-0312",-0.0829959494142593
"chr6-0313",-0.0317272091232928
"chr6-0314",-0.00570351104769158
"chr6-0315",-0.0596732711982882
"chr6-0316",-0.028005419763479
"chr6-0317",-0.00816983274847741
"chr6-0318",-0.034079291975853
"chr6-0319",0.0233634148739086
"chr6-0320",-0.0176735283379112
"chr6-0321",-0.121176227963292
"chr6-0322",-0.0245777638141733
"chr6-0323",-0.0689036363339369
"chr6-0324",-0.102960815498856
"chr6-0325",0.057906961383045
"chr6-0326",0.0469770158585272
"chr6-0327",-0.0251790595501384
"chr6-0328",-0.0200405215129886
"chr6-0329",-0.0421879560186689
"chr6-0330",-0.0723625867757271
"chr6-0331",-0.0446415871745996
"chr6-0332",-0.0495404994749984
"chr6-0333",-0.124709893005231
"chr6-0334",-0.0835900306314988
"chr6-0335",0.0283330169803468
"chr6-0336",0.0295369666545464
"chr6-0337",-0.0236875183745893
"chr6-0338",0.0171814788278848
"chr6-0339",-0.0713228620455997
"chr6-0340",0.0127126921475342
"chr6-0341",-0.0200048895345025
"chr6-0342",-0.0653595287083013
"chr6-0343",-0.0548565278845527
"chr6-0344",-0.0459555346504981
"chr6-0345",-0.173473704029834
"chr6-0346",-0.0597705487164316
"chr6-0347",-0.124409750889936
"chr6-0348",0.0506132445432216
"chr6-0349",-0.0158864811839917
"chr6-0350",-0.153021809685499
"chr6-0351",-0.0890302621572716
"chr6-0352",-0.0849519000274997
"chr6-0353",-0.0216486462052159
"chr6-0354",-0.0432515764335592
"chr6-0355",-0.123266356614661
"chr6-0356",-0.0299938921745473
"chr6-0357",-0.150464199778615
"chr6-0358",-0.138627306455767
"chr6-0359",-0.103291028014252
"chr6-0360",0.0842234573863238
"chr6-0361",0.0325368576908566
"chr6-0362",-0.0847503235458233
"chr6-0363",-0.191948275216855
"chr6-0364",-0.0560465264531226
"chr6-0365",-0.148223219456424
"chr6-0366",-0.101842209407928
"chr6-0367",-0.138184099284888
"chr6-0368",-0.104300445721781
"chr6-0369",-0.015624171594228
"chr6-0370",-0.0784918306611957
"chr6-0371",-0.0902164995779178
"chr6-0372",-0.177467291010501
"chr6-0373",-0.0100917561090471
"chr6-0374",-0.0407376982316522
"chr6-0375",-0.0254091938064557
"chr6-0376",-0.0738374006646117
"chr6-0377",-0.0588869344530102
"chr6-0378",0.0156617085195822
"chr6-0379",0.00122956030663637
"chr6-0380",-0.100737158231103
"chr6-0381",-0.060357105167176
"chr6-0382",0.0050514878723752
"chr6-0383",-0.030141745541479
"chr6-0384",-0.0205522661452728
"chr6-0385",-0.0815089646872981
"chr6-0386",-0.0266974735146938
"chr6-0387",0.066242869890659
"chr6-0388",0.00586244757071125
"chr6-0389",-0.0821277576133339
"chr6-0390",-0.109679789054082
"chr6-0391",0.00156430385920529
"chr6-0392",-0.0509619097574011
"chr6-0393",-0.160565240378342
"chr6-0394",-0.129278858525474
"chr6-0395",-0.0208381225067066
"chr6-0396",-0.0477826297716518
"chr6-0397",0.0693252283804462
"chr6-0398",0.0087453122391351
"chr6-0399",-0.0159706253568256
"chr6-0400",-0.183254964682515
"chr6-0401",-0.013595063248764
"chr6-0402",-0.00272966938889461
"chr6-0403",-0.13969353388227
"chr6-0404",-0.176357042474169
"chr6-0405",-0.0461099825359968
"chr6-0406",-0.0675100406230582
"chr6-0407",-0.0316893697855687
"chr6-0408",-0.0725507294832233
"chr6-0409",-0.0667939277101051
"chr6-0410",-0.0589233578637234
"chr6-0411",-0.0246859719369856
"chr6-0412",-0.0956071567788827
"chr6-0413",-0.14027946654592
"chr6-0414",-0.0935409863433759
"chr6-0415",-0.0329486672345003
"chr6-0416",-0.155565888804391
"chr6-0417",-0.0727797579889086
"chr6-0418",0.0110979000541193
"chr6-0419",0.0182666592465939
"chr6-0420",-0.0297116783069728
"chr6-0421",-0.0615613715388295
"chr6-0422",-0.116155813593121
"chr6-0423",-0.214890533352372
"chr6-0424",-0.0984111265862583
"chr6-0425",-0.0255232174298546
"chr6-0426",-0.0950882897140106
"chr6-0427",-0.0946280800994239
"chr6-0428",-0.146470041125569
"chr6-0429",-0.0595753889032501
"chr6-0430",-0.00310160447468076
"chr6-0431",-0.0800741126302099
"chr6-0432",-0.154293338253043
"chr6-0433",-0.120621648099508
"chr6-0434",-0.054334872879465
"chr6-0435",-0.122717679452012
"chr6-0436",-0.0828318603007665
"chr6-0437",-0.110612440567215
"chr6-0438",-0.0201856122416531
"chr6-0439",-0.0782912873022838
"chr6-0440",-0.0980045247639217
"chr6-0441",-0.206937722230713
"chr6-0442",-0.118440036352045
"chr6-0443",-0.163412280545652
"chr6-0444",-0.240505182943041
"chr6-0445",-0.238168443388394
"chr6-0446",-0.0218450093788719
"chr6-0447",-0.0655403762757217
"chr6-0448",-0.121826917746004
"chr6-0449",0.0907192865391177
"chr6-0450",-0.0848125273404366
"chr6-0451",-0.0905675042275114
"chr6-0452",0.00828072935454596
"chr6-0453",-0.152232483698029
"chr6-0454",0.108647896730272
"chr6-0455",-0.116200862186731
"chr6-0456",0.0360392534386414
"chr6-0457",-0.0795031169557588
"chr6-0458",-0.0727167642851198
"chr6-0459",-0.125509047571049
"chr6-0460",-0.0511887236737918
"chr6-0461",-0.094552838862424
"chr6-0462",0.0391533717459021
"chr6-0463",-0.0318548078824517
"chr6-0464",-0.0265676914230712
"chr6-0465",-0.145038763650678
"chr6-0466",-0.116303332448893
"chr6-0467",-0.115421483089991
"chr6-0468",-0.112918700979259
"chr6-0469",-0.213434941645198
"chr6-0470",-0.0952834542394409
"chr6-0471",-0.00306439860902843
"chr6-0472",-0.146260150290192
"chr6-0473",-0.118751260616626
"chr6-0474",-0.125327544900763
"chr6-0475",0.088699163574156
"chr6-0476",-0.0979295017475732
"chr6-0477",0.0216096877179916
"chr6-0478",0.0213409930713864
"chr6-0479",-0.119611059318814
"chr6-0480",-0.0965159605709271
"chr6-0481",-0.123064886980036
"chr6-0482",-0.061178115376317
"chr6-0483",-0.0904571500730522
"chr6-0484",-0.0961990242210366
"chr6-0485",-0.099129697198293
"chr6-0486",0.032843954635917
"chr6-0487",-0.0199145469066387
"chr6-0488",-0.22967760658621
"chr6-0489",-0.162236726057826
"chr6-0490",-0.0365558594188959
"chr6-0491",-0.15425785328985
"chr6-0492",-0.0933443189815438
"chr6-0493",-0.0507640508493759
"chr6-0494",-0.110532071814968
"chr6-0495",-0.0246223586541167
"chr6-0496",-0.236703355485066
"chr6-0497",-0.0217147681910953
"chr6-0498",-0.151934305928167
"chr6-0499",-0.134840806363913
"chr6-0500",-0.0993781052094242
"chr6-0501",-0.186127746575186
"chr6-0502",-0.136596250462876
"chr6-0503",-0.0989670788390921
"chr6-0504",-0.0477189533066674
"chr6-0505",-0.110582091240775
"chr6-0506",-0.117527105626905
"chr6-0507",-0.105142316657738
"chr6-0508",-0.0857093560523184
"chr6-0509",-0.00949075246711518
"chr6-0510",-0.0709546943763505
"chr6-0511",-0.107284481954711
"chr6-0512",-0.0111116698626221
"chr6-0513",-0.211616627628534
"chr6-0514",-0.0164859842833194
"chr6-0515",-0.0448659630476572
"chr6-0516",-0.058668040677221
"chr6-0517",-0.1601622805937
"chr6-0518",-0.0586124670540132
"chr6-0519",-0.130346237183839
"chr6-0520",-0.0911288068885588
"chr6-0521",-0.0589452104694611
"chr6-0522",-0.160549360097007
"chr6-0523",-0.0550705259342196
"chr6-0524",-0.0399619684605886
"chr6-0525",-0.109482297556827
"chr6-0526",-0.0932091155619645
"chr6-0527",-0.122888422653986
"chr6-0528",-0.0528235536507265
"chr6-0529",-0.178457579911796
"chr6-0530",-0.0422223363389873
"chr6-0531",-0.297021890420249
"chr6-0532",-0.0249132080990993
"chr6-0533",-0.0666321053196666
"chr6-0534",-0.291591137014738
"chr6-0535",-0.0398722458952695
"chr6-0536",-0.105867182115967
"chr6-0537",-0.0442081669352278
"chr6-0538",-0.0823110904224065
"chr6-0539",-0.0567486805386008
"chr6-0540",0.0389169918181434
"chr6-0541",-0.0662884477526969
"chr6-0542",-0.0521103929549183
"chr6-0543",-0.15383169944419
"chr6-0544",-0.110947662404055
"chr6-0545",-0.075900345190906
"chr6-0546",-0.139078994973328
"chr6-0547",-0.00938812047633623
"chr6-0548",-0.0652589374196869
"chr6-0549",-0.0481648740124636
"chr6-0550",-0.172187524200535
"chr6-0551",-0.0800866407906642
"chr6-0552",0.0204599675645446
"chr6-0553",-0.113120437196672
"chr6-0554",-0.0457028614517177
"chr6-0555",-0.0659144267869341
"chr6-0556",-0.0827097373061936
"chr6-0557",-0.0721266838062977
"chr6-0558",-0.0579537405756596
"chr6-0559",-0.0943111523682058
"chr6-0560",0.0388168892931364
"chr6-0561",-0.0676666183815455
"chr6-0562",-0.0479619426561835
"chr6-0563",-0.182755481265507
"chr6-0564",-0.128358395725191
"chr6-0565",-0.0245146562115124
"chr6-0566",-0.127265332654501
"chr6-0567",-0.18601718816013
"chr6-0568",-0.162160413454536
"chr6-0569",-0.145581703098699
"chr6-0570",-0.152455939166998
"chr6-0571",-0.104008341338205
"chr6-0572",-0.066571758937995
"chr6-0573",-0.0687591766705557
"chr6-0574",-0.0730001787571585
"chr6-0575",-0.076414713962652
"chr6-0576",-0.0506631891432032
"chr6-0577",-0.0977390554706562
"chr6-0578",-0.0931367399338804
"chr6-0579",-0.0814365503144607
"chr6-0580",-0.0676776413794999
"chr6-0581",-0.0420862620913023
"chr6-0582",-0.0990186976954356
"chr6-0583",-0.18854731896498
"chr6-0584",-0.0527986242689285
"chr6-0585",-0.181194989183674
"chr6-0586",-0.00915663631694802
"chr6-0587",0.00621200224353956
"chr6-0588",0.0279925632217912
"chr6-0589",-0.0125947043591383
"chr6-0590",-0.01486672982893
"chr6-0591",-0.140888485546682
"chr6-0592",-0.0651169111416921
"chr6-0593",-0.0174802668611333
"chr6-0594",0.0822979348669017
"chr6-0595",-0.0249207259616009
"chr6-0596",-0.0865103677723199
"chr6-0597",-0.211267133972291
"chr6-0598",-0.00402304709889174
"chr6-0599",-0.129003108699342
"chr6-0600",-0.089689098131665
"chr6-0601",-0.0951315559663166
"chr6-0602",-0.194085679082505
"chr6-0603",-0.072203669510163
"chr6-0604",-0.0844407948467173
"chr6-0605",-0.0781540306355867
"chr6-0606",-0.106360860363328
"chr6-0607",-0.121105168452237
"chr6-0608",-0.00119244912256269
"chr6-0609",-0.159387782356224
"chr6-0610",-0.107702636229015
"chr6-0611",-0.113378266330056
"chr6-0612",-0.163050963414288
"chr6-0613",-0.105089789078349
"chr6-0614",-0.109411764631389
"chr6-0615",-0.127719255593341
"chr6-0616",-0.188759980407744
"chr6-0617",-0.159877296072097
"chr6-0618",-0.0819682457153923
"chr6-0619",-0.0911593124977625
"chr6-0620",-0.0772184284184348
"chr6-0621",-0.251868824808502
"chr6-0622",-0.139662374446202
"chr6-0623",-0.0577333953580594
"chr6-0624",-0.135339908239992
"chr6-0625",-0.0451198160165849
"chr6-0626",-0.0428430023173698
"chr6-0627",0.0237540738261544
"chr6-0628",-0.0862656868300593
"chr6-0629",-0.0179719234636684
"chr6-0630",-0.126077501882863
"chr6-0631",-0.0315709447831171
"chr6-0632",-0.114881700118059
"chr6-0633",0.0313321883921269
"chr6-0634",-0.0961796903850654
"chr6-0635",-0.185276666805104
"chr6-0636",-0.00881258805334661
"chr6-0637",0.00840608659379681
"chr6-0638",-0.182396021633516
"chr6-0639",0.00729058169177668
"chr6-0640",0.0288243250353911
"chr6-0641",-0.0935166410918246
"chr6-0642",-0.0550721743156339
"chr6-0643",-0.0233335374545389
"chr6-0644",-0.165426406043856
"chr6-0645",0.0287065484837339
"chr6-0646",-0.0514390164312149
"chr6-0647",-0.0389758649723397
"chr6-0648",-0.0106302297569665
"chr6-0649",-0.0501068340393139
"chr6-0650",0.0724594453377537
"chr6-0651",-0.124090565908235
"chr6-0652",-0.0179366477550411
"chr6-0653",0.182291209204397
"chr6-0654",-0.0463582714545481
"chr6-0655",-0.0927977390804635
"chr6-0656",-0.0660972105720424
"chr6-0657",-0.124273659963742
"chr6-0658",-0.0404063341175253
"chr6-0659",-0.159733384946314
"chr6-0660",-0.0563316040092802
"chr6-0661",-0.144580400461572
"chr6-0662",-0.173835149311358
"chr6-0663",-0.119148111474862
"chr6-0664",-0.0843742406323003
"chr6-0665",-0.0612627602905186
"chr6-0666",0.012202356847473
"chr6-0667",0.0160199700722139
"chr6-0668",-0.126084464570497
"chr6-0669",-0.027988471678554
"chr6-0670",-0.109533363826319
"chr6-0671",-0.0537093308797036
"chr6-0672",0.035809650276162
"chr6-0673",-0.0296501528005515
"chr6-0674",-0.0775817786681843
"chr6-0675",-0.0536559731837378
"chr6-0676",-0.0841111458576833
"chr6-0677",0.0441839074721511
"chr6-0678",-0.129468621209458
"chr6-0679",-0.0238231427558239
"chr6-0680",-0.194557788925796
"chr6-0681",0.00820321532527823
"chr6-0682",0.0465686337799185
"chr6-0683",-0.140740782245338
"chr6-0684",-0.162436461734926
"chr6-0685",-0.0885551986068831
"chr6-0686",-0.0753987918460334
"chr6-0687",-0.0689523658772643
"chr6-0688",0.030693016072354
"chr6-0689",-0.0480380056430343
"chr6-0690",-0.0389043427158199
"chr6-0691",-0.0987708288732922
"chr6-0692",-0.143432543086455
"chr6-0693",-0.295953067814597
"chr6-0694",-0.0613844366360369
"chr6-0695",-0.058149737414728
"chr6-0696",-0.0509216243520631
"chr6-0697",-0.0742565410105572
"chr6-0698",-0.135253845673714
"chr6-0699",-0.175122405279169
"chr6-0700",-0.108697347668181
"chr6-0701",-0.200675433302157
"chr6-0702",-0.0526720043913412
"chr6-0703",-0.1368836448949
"chr6-0704",-0.112468582928284
"chr6-0705",0.0242828382428511
"chr6-0706",-0.079784785711856
"chr6-0707",-0.120978985430498
"chr6-0708",-0.0854195154389341
"chr6-0709",-0.105972627484259
"chr6-0710",0.0138248804993616
"chr6-0711",-0.0660534595075443
"chr6-0712",-0.0883910414841756
"chr6-0713",-0.00542831374793358
"chr6-0714",0.0281637437264991
"chr6-0715",0.176529306219085
"chr6-0716",-0.124933802986664
"chr6-0717",-0.204769898378161
"chr6-0718",-0.12410072280234
"chr6-0719",0.104268565454279
"chr6-0720",-0.287567793807163
"chr6-0721",-0.0639469515529463
"chr6-0722",-0.0806245633074267
"chr6-0723",-0.103222016097378
"chr6-0724",-0.16867688046518
"chr6-0725",-0.200766170753791
"chr6-0726",-0.120278786399798
"chr6-0727",-0.0144857429041415
"chr6-0728",-0.0573938480157825
"chr6-0729",-0.360735849987849
"chr6-0730",-0.167147488591807
"chr6-0731",-0.0780151395263225
"chr6-0732",-0.0253272423824215
"chr6-0733",-0.0174285477847454
"chr6-0734",-0.110164228129751
"chr6-0735",-0.00967407633954478
"chr6-0736",0.00406647001182203
"chr6-0737",-0.156118425750034
"chr6-0738",-0.152971986151947
"chr6-0739",-0.0643822059702686
"chr6-0740",-0.0994694274404915
"chr6-0741",-0.0895646159515046
"chr6-0742",-0.102073521962212
"chr6-0743",-0.0652198422708202
"chr6-0744",-0.0748597984245676
"chr6-0745",-0.110443394223527
"chr6-0746",-0.0893847328475596
"chr6-0747",-0.0673276276919836
"chr6-0748",0.101441676313438
"chr6-0749",-0.0887749523872342
"chr6-0750",-0.120015393200572
"chr6-0751",-0.0344924081867389
"chr6-0752",-0.0794929518743971
"chr6-0753",-0.114622371184219
"chr6-0754",-0.08016146752576
"chr6-0755",-0.107960914591163
"chr6-0756",-0.15860084090931
"chr6-0757",-0.0905167867562023
"chr6-0758",-0.0638565386961055
"chr6-0759",0.0762070117037625
"chr6-0760",0.229524853481998
"chr6-0761",-0.140754258551106
"chr6-0762",-0.144163160286634
"chr6-0763",0.0402024025362776
"chr6-0764",-0.0039904033278725
"chr6-0765",-0.0545229622053813
"chr6-0766",0.0248038432080184
"chr6-0767",0.0367631472760617
"chr6-0768",-0.0613658675325627
"chr6-0769",-0.0276670559483655
"chr6-0770",-0.241296099861036
"chr6-0771",-0.123997302238244
"chr6-0772",0.0638870866289784
"chr6-0773",-0.119836234767739
"chr6-0774",-0.169770480326949
"chr6-0775",-0.0675049070194814
"chr6-0776",-0.11609774225989
"chr6-0777",0.0765155056799307
"chr6-0778",-0.00541731976222894
"chr6-0779",0.033306395127376
"chr6-0780",-0.0239076679917757
"chr6-0781",-0.0400293849272205
"chr6-0782",0.00202903425543347
"chr6-0783",-0.0576319931729448
"chr6-0784",-0.0821432098744283
"chr6-0785",0.0192037801961867
"chr6-0786",-0.026426111849979
"chr6-0787",-0.219039403970216
"chr6-0788",-0.134793059078151
"chr6-0789",-0.160250870779866
"chr6-0790",-0.0671208134300984
"chr6-0791",-0.117946399042935
"chr6-0792",-0.0480193659521915
"chr6-0793",-0.0290032402400252
"chr6-0794",-0.10403554578403
"chr6-0795",-0.0581017926162851
"chr6-0796",-0.228247675153572
"chr6-0797",0.0119810033669606
"chr6-0798",-0.0221569724277235
"chr6-0799",-0.195548698251441
"chr6-0800",-0.0870280996496079
"chr6-0801",0.0319009960534161
"chr6-0802",0.0304553542620585
"chr6-0803",-0.0654230146981873
"chr6-0804",-0.128329473451571
"chr6-0805",-0.0531672399073997
"chr6-0806",-0.116796671339069
"chr6-0807",-0.0757418045168194
"chr6-0808",0.0952710757535435
"chr6-0809",-0.113150826370263
"chr6-0810",0.0421269457505769
"chr6-0811",-0.0796743108620424
"chr6-0812",-0.0286198146336243
"chr6-0813",-0.0674650456837025
"chr6-0814",-0.107646799453358
"chr6-0815",-0.0484918384301759
"chr6-0816",0.00988981902677638
"chr6-0817",-0.110466143307683
"chr6-0818",-0.0902484709666532
"chr6-0819",-0.0736129290636596
"chr6-0820",-0.0609651900656044
"chr6-0821",-0.044583388700098
"chr6-0822",-0.00657610669473153
"chr6-0823",-0.133729202412733
"chr6-0824",-0.0145739157210597
"chr6-0825",-0.130169244833098
"chr6-0826",-0.0655993893270585
"chr6-0827",-0.0204615411274393
"chr6-0828",-0.109683965918712
"chr6-0829",-0.0713334240574441
"chr6-0830",-0.0349265875118755
"chr6-0831",-0.132400043353336
"chr6-0832",-0.0944173801710244
"chr6-0833",-0.165400005568636
"chr6-0834",-0.0341229723454279
"chr6-0835",-0.0417623014746635
"chr6-0836",-0.0875448449364216
"chr6-0837",0.0269370188781991
"chr6-0838",-0.177374233777367
"chr6-0839",-0.0548582127578824
"chr6-0840",0.0193252652207322
"chr6-0841",-0.0692281316409669
"chr6-0842",-0.082372256539867
"chr6-0843",0.0504990715327987
"chr6-0844",-0.0723451404215921
"chr6-0845",-0.157702199731729
"chr6-0846",-0.0300739982358722
"chr6-0847",-0.0719978226541352
"chr6-0848",-0.0663231384806165
"chr6-0849",-0.12592002834953
"chr6-0850",0.0657650135376928
"chr6-0851",-0.0492752209864068
"chr6-0852",-0.0324111238373811
"chr6-0853",-0.141763031845751
"chr6-0854",-0.0474146452784788
"chr6-0855",-0.0756162589505806
"chr6-0856",0.0729383591350889
"chr6-0857",-0.0625332035194554
"chr6-0858",-0.0209270943798269
"chr6-0859",0.000439339162009188
"chr6-0860",0.0229643173276761
"chr6-0861",-0.0913301624602527
"chr6-0862",-0.0011218693879786
"chr6-0863",-0.0856090167647847
"chr6-0864",0.00914295788405757
"chr6-0865",-0.138359230008322
"chr6-0866",-0.0964086813836559
"chr6-0867",-0.0420093912955446
"chr6-0868",-0.0316688187976688
"chr6-0869",-0.0923870997858817
"chr6-0870",-0.0942490992104416
"chr6-0871",-0.107773258191547
"chr6-0872",-0.0210177441326066
"chr6-0873",-0.0927706052885062
"chr6-0874",0.0784411284750555
"chr6-0875",0.00625001859651132
"chr6-0876",-0.0151118588292625
"chr6-0877",-0.0284387702251171
"chr6-0878",-0.0745189005568813
"chr6-0879",0.0634183040399423
"chr6-0880",-0.0224363328213813
"chr6-0881",-0.022622867379997
"chr6-0882",-0.0817463711874715
"chr6-0883",-0.068735966406281
"chr6-0884",0.0709118853246474
"chr6-0885",-0.023158438603474
"chr6-0886",-0.0532438443514798
"chr6-0887",-0.0544428734941777
"chr6-0888",-0.0180157437994704
"chr6-0889",-0.030579959374556
"chr6-0890",-0.0515308472746334
"chr6-0891",-0.132627377932621
"chr6-0892",-0.06082601205302
"chr6-0893",-0.0077055708728125
"chr6-0894",-0.0266280476876502
"chr6-0895",-0.0896917006303808
"chr6-0896",0.040250238817958
"chr6-0897",-0.07499655486457
"chr6-0898",0.036654621939571
"chr6-0899",-0.0759031563246966
"chr6-0900",0.0668556396820448
"chr6-0901",0.0202586906588039
"chr6-0902",-0.0952104672307792
"chr6-0903",-0.055523884623571
"chr6-0904",-0.0992831674518773
"chr6-0905",0.0429104931782441
"chr6-0906",-0.177682797713558
"chr6-0907",-0.0403780890224992
"chr6-0908",-0.0593040971607564
"chr6-0909",0.0138626116441459
"chr6-0910",-0.0783977908333436
"chr6-0911",-0.0188996230575117
"chr6-0912",-0.120865601404574
"chr6-0913",-0.0581706810371829
"chr6-0914",-0.0664741337752296
"chr6-0915",-0.079039752764214
"chr6-0916",-0.0449520390894531
"chr6-0917",-0.219044862238415
"chr6-0918",-0.213845887682952
"chr6-0919",0.0895444424170229
"chr6-0920",0.0150598546471308
"chr6-0921",0.0233179646362729
"chr6-0922",0.158877905766235
"chr6-0923",0.0655106603092765
"chr6-0924",-0.00520624175471795
"chr6-0925",-0.219028206053377
"chr6-0926",0.00566955962773268
"chr6-0927",-0.0982786176582759
"chr6-0928",0.0303361193756671
"chr6-0929",-0.0283378294481865
"chr6-0930",-0.00637216239321921
"chr6-0931",-0.0935095279767388
"chr6-0932",-0.0402407608902612
"chr6-0933",0.136330200260656
"chr6-0934",-0.0100381784533443
"chr6-0935",-0.0782351849661032
"chr6-0936",-0.0846878757191826
"chr6-0937",0.0487480241668343
"chr6-0938",0.0402662276374972
"chr6-0939",0.00489192109244997
"chr6-0940",0.103109528436869
"chr6-0941",-0.00621866170147554
"chr6-0942",0.0492794594577741
"chr6-0943",-0.160514850494916
"chr6-0944",-0.042061391132101
"chr6-0945",0.0984623054515293
"chr6-0946",0.0345700289867592
"chr6-0947",0.0482321488864721
"chr6-0948",0.0365463906483217
"chr6-0949",-0.127135443689285
"chr6-0950",-0.0281289272679846
"chr6-0951",0.0593467109602545
"chr6-0952",0.0249177049773404
"chr6-0953",-0.0110444663238021
"chr6-0954",-0.0769308071004908
"chr6-0955",0.0860809030283633
"chr6-0956",0.0721859041778734
"chr6-0957",0.00190482778585811
"chr6-0958",0.00302394299222413
"chr6-0959",0.0106258506482182
"chr6-0960",0.0119491486741136
"chr6-0961",-0.0704264360558138
"chr6-0962",-0.0336251503268608
"chr6-0963",-0.0254660361137816
"chr6-0964",0.0345836115621197
"chr6-0965",0.0240469613765512
"chr6-0966",-0.0157963148109152
"chr6-0967",-0.150371081982809
"chr6-0968",-0.0120642016690683
"chr6-0969",-0.00666962121031276
"chr6-0970",-0.033257179927904
"chr6-0971",-0.0700593777178807
"chr6-0972",-0.0148515278559163
"chr6-0973",-0.0386980539100589
"chr6-0974",-0.143952529734494
"chr6-0975",0.0736143873450072
"chr6-0976",0.0690326880944567
"chr6-0977",-0.0207316913736446
"chr6-0978",-0.140282717456332
"chr6-0979",-0.124515978572917
"chr6-0980",-0.0812581465937326
"chr6-0981",-0.0167210173025889
"chr6-0982",0.0105848621494957
"chr6-0983",-0.0168975176142826
"chr6-0984",-0.00329773013157805
"chr6-0985",0.0503996899819248
"chr6-0986",-0.0574375204648707
"chr6-0987",0.00358193837982942
"chr6-0988",0.0594148479192599
"chr6-0989",-0.0270861683113072
"chr6-0990",0.0150567854562283
"chr6-0991",-0.0813069762709666
"chr6-0992",0.0675837338380171
"chr6-0993",-0.16019840850148
"chr6-0994",-0.0497099574978805
"chr6-0995",-0.180293611844854
"chr6-0996",-0.0180841455819276
"chr6-0997",0.0846075557246713
"chr6-0998",-0.0404668648460621
"chr6-0999",0.0222292819327801
"chr6-1000",-0.0751700322508698
"chr6-1001",0.0309499947665701
"chr6-1002",0.0270208135492248
"chr6-1003",-0.234443030381116
"chr6-1004",-0.0564513400278666
"chr6-1005",-0.14752270939933
"chr6-1006",0.0293056428845485
"chr6-1007",-0.0238293984429767
"chr6-1008",-0.0757798340471331
"chr6-1009",0.0155149887038974
"chr6-1010",-0.0454067203286774
"chr6-1011",0.0483158555980918
"chr6-1012",-0.148955412123618
"chr6-1013",-0.0795166503814428
"chr6-1014",-0.0174900044469075
"chr6-1015",-0.109178393656647
"chr6-1016",-0.0550970116612708
"chr6-1017",-0.0836177928818164
"chr6-1018",-0.12537514846052
"chr6-1019",-0.069590207191032
"chr6-1020",-0.00476850808644916
"chr6-1021",-0.0359329825574274
"chr6-1022",-0.0148242065902045
"chr6-1023",-0.150212404436747
"chr6-1024",0.0316999864417352
"chr6-1025",-0.0346125308641215
"chr6-1026",0.0216485460953032
"chr6-1027",-0.0455352545960745
"chr6-1028",-0.0448410074109285
"chr6-1029",-0.0296108865954609
"chr6-1030",-0.106954016391641
"chr6-1031",-0.031847910892671
"chr6-1032",-0.00347170522144672
"chr6-1033",0.0533443564452556
"chr6-1034",0.0305759395255608
"chr6-1035",0.0727645291318284
"chr6-1036",0.0541484690674223
"chr6-1037",0.0773524092065674
"chr6-1038",-0.0776532697297095
"chr6-1039",0.0187912007659577
"chr6-1040",-0.0350267098596845
"chr6-1041",-0.0358003992519205
"chr6-1042",0.0470509234252101
"chr6-1043",-0.0116172271808011
"chr6-1044",0.0792827228857617
"chr6-1045",-0.0145963806517612
"chr6-1046",0.0768083755273309
"chr6-1047",0.0172536652946635
"chr6-1048",-0.0378159822128705
"chr6-1049",0.0447416596328187
"chr6-1050",0.0997420899370215
"chr6-1051",-0.0374342984063097
"chr6-1052",0.0310390791059235
"chr6-1053",-0.050061404570426
"chr6-1054",-0.0605293033995675
"chr6-1055",-0.0447862408152513
"chr6-1056",0.0712079910736959
"chr6-1057",0.0201144644309427
"chr6-1058",0.0285075706615747
"chr6-1059",-0.0400632000833094
"chr6-1060",-0.0533724176889033
"chr6-1061",0.0285351324062823
"chr6-1062",0.0676697962959274
"chr6-1063",0.0364302965228594
"chr6-1064",0.0106191936638339
"chr6-1065",0.119205395590068
"chr6-1066",0.00749208157793544
"chr6-1067",-0.172606775744679
"chr7-0001",-0.0328607446874018
"chr7-0002",0.072914756750554
"chr7-0003",0.038996101637009
"chr7-0004",0.0215263796876367
"chr7-0005",0.00477406889469075
"chr7-0006",0.0582796064155683
"chr7-0007",0.0860374273306594
"chr7-0008",0.0953373051986378
"chr7-0009",0.0556482933814655
"chr7-0010",0.0512661293425684
"chr7-0011",0.0209647374585163
"chr7-0012",0.0301831392177153
"chr7-0013",0.0573768703663623
"chr7-0014",0.0716318229599349
"chr7-0015",-0.0979089338586064
"chr7-0016",0.0294057695628502
"chr7-0017",-0.0602311477968067
"chr7-0018",0.0118281043598861
"chr7-0019",0.0538935790541618
"chr7-0020",-0.0219743814879612
"chr7-0021",0.0161776875901664
"chr7-0022",-0.0329315835015753
"chr7-0023",0.0540569482029744
"chr7-0024",0.0741050974487655
"chr7-0025",0.0504869622421945
"chr7-0026",0.0600666353907653
"chr7-0027",0.0686352148649177
"chr7-0028",0.0664789443905352
"chr7-0029",0.0837629639300885
"chr7-0030",0.0242033369658417
"chr7-0031",-0.0295783533378583
"chr7-0032",0.027153618249291
"chr7-0033",-0.00371577854395548
"chr7-0034",0.0258472094502854
"chr7-0035",0.041595330415868
"chr7-0036",-0.0181377464546732
"chr7-0037",-0.00940369681668048
"chr7-0038",0.0187291464270557
"chr7-0039",-0.108956312815766
"chr7-0040",-0.00515743157035005
"chr7-0041",-0.0690325254780633
"chr7-0042",-0.046975661578113
"chr7-0043",-0.0520139082343842
"chr7-0044",-0.0826019578694722
"chr7-0045",-0.0148070019380949
"chr7-0046",-0.0473543774471247
"chr7-0047",-0.0394826398847395
"chr7-0048",-0.0474139128265134
"chr7-0049",-0.163705599250035
"chr7-0050",0.0283075311259386
"chr7-0051",-0.0289219589522236
"chr7-0052",0.0136358420004495
"chr7-0053",0.00183403631065751
"chr7-0054",-0.186201585166778
"chr7-0055",0.0201685826894159
"chr7-0056",-0.00854453521106313
"chr7-0057",-0.0946693078038335
"chr7-0058",-0.0103390357690223
"chr7-0059",-0.0130694146776944
"chr7-0060",0.052438273565489
"chr7-0061",-0.0305044855983453
"chr7-0062",0.0137511975681978
"chr7-0063",-0.012176476000699
"chr7-0064",0.0100869662934681
"chr7-0065",0.0191646895391126
"chr7-0066",-0.00113181356149672
"chr7-0067",-0.00967047531347189
"chr7-0068",-0.0613845464525536
"chr7-0069",0.0541689572203147
"chr7-0070",-0.123405404661363
"chr7-0071",-0.165432855833897
"chr7-0072",0.0482070941245718
"chr7-0073",-0.0775927238975535
"chr7-0074",-0.0356667628161784
"chr7-0075",-0.0274528647408665
"chr7-0076",0.0179394306696875
"chr7-0077",-0.105563327710518
"chr7-0078",-0.23694551212742
"chr7-0079",-0.0669619933616949
"chr7-0080",-0.626915745839875
"chr7-0081",0.00618636431104274
"chr7-0082",-0.000411899718113747
"chr7-0083",-0.0368077954320383
"chr7-0084",-0.0769141555491727
"chr7-0085",-0.129035010632555
"chr7-0086",-0.020865057225922
"chr7-0087",0.0187393577154359
"chr7-0088",-0.0036484544743335
"chr7-0089",-0.111303127643525
"chr7-0090",0.00847504614815408
"chr7-0091",-0.142270773579463
"chr7-0092",-0.0787361953973262
"chr7-0093",-0.157471358072679
"chr7-0094",0.0158376359004902
"chr7-0095",-0.00496569770514168
"chr7-0096",-0.0340166712093403
"chr7-0097",-0.107513625608646
"chr7-0098",-0.120332967234128
"chr7-0099",-0.216084411598523
"chr7-0100",-0.071799816888754
"chr7-0101",-0.0830430927073106
"chr7-0102",-0.0464315999287154
"chr7-0103",-0.145736624549864
"chr7-0104",-0.110227889735041
"chr7-0105",0.0259609164363233
"chr7-0106",-0.102517642179262
"chr7-0107",-0.0365031890716367
"chr7-0108",-0.0180637109056682
"chr7-0109",-0.280170748524037
"chr7-0110",-0.0846086090526642
"chr7-0111",-0.0439297134967585
"chr7-0112",-0.00344798025322457
"chr7-0113",-0.226073273915853
"chr7-0114",-0.0107955663975222
"chr7-0115",0.022469463242608
"chr7-0116",-0.17364364421513
"chr7-0117",-0.187408683552754
"chr7-0118",-0.053090066141784
"chr7-0119",-0.202068012382613
"chr7-0120",-0.14059476586846
"chr7-0121",-0.106790399076245
"chr7-0122",0.012603440520523
"chr7-0123",-0.0511552090361037
"chr7-0124",-0.0939340958803593
"chr7-0125",-0.0512728895000711
"chr7-0126",-0.118228124744838
"chr7-0127",-0.0197059731267558
"chr7-0128",-0.0250043071318383
"chr7-0129",-0.0305275937221092
"chr7-0130",-0.127205561760378
"chr7-0131",-0.173442762521611
"chr7-0132",-0.0538442212043329
"chr7-0133",-0.0243099735985816
"chr7-0134",-0.194490877772691
"chr7-0135",-0.0481321528963079
"chr7-0136",-0.116525232383786
"chr7-0137",-0.188993965167015
"chr7-0138",-0.214453460436053
"chr7-0139",-0.00522353254299835
"chr7-0140",-0.146954491985666
"chr7-0141",0.00199733363967443
"chr7-0142",-0.112582225594525
"chr7-0143",0.0423724867810207
"chr7-0144",-0.0684564041227223
"chr7-0145",-0.085530551956276
"chr7-0146",0.0216474481361592
"chr7-0147",-0.0457041703926707
"chr7-0148",-0.107155340291208
"chr7-0149",0.0518074818791901
"chr7-0150",-0.0443866589769619
"chr7-0151",-0.118018185049234
"chr7-0152",-0.175078542476659
"chr7-0153",0.0251331977227586
"chr7-0154",-0.128576922527
"chr7-0155",-0.140417965203188
"chr7-0156",-0.117542376311973
"chr7-0157",0.0154677357435365
"chr7-0158",-0.0688127562190253
"chr7-0159",-0.0523049970577996
"chr7-0160",-0.099506313144327
"chr7-0161",-0.158874673164971
"chr7-0162",-0.0244868941852306
"chr7-0163",-0.138072111908305
"chr7-0164",-0.00979201984224374
"chr7-0165",-0.015898775967308
"chr7-0166",-0.0766238386943659
"chr7-0167",0.00018571033103431
"chr7-0168",-0.0672143263505699
"chr7-0169",-0.00961021255932125
"chr7-0170",-0.0233406496906168
"chr7-0171",-0.0175639208511301
"chr7-0172",-0.102195485400919
"chr7-0173",-0.0552506316211794
"chr7-0174",0.0744434637290051
"chr7-0175",-0.0186782297671287
"chr7-0176",-0.017747575409091
"chr7-0177",-0.122213852968251
"chr7-0178",-0.0233232400955532
"chr7-0179",-0.116843358774745
"chr7-0180",-0.0608317209486004
"chr7-0181",0.0516435834037708
"chr7-0182",-0.0582503969330395
"chr7-0183",-0.0507477242793411
"chr7-0184",0.0703283409665552
"chr7-0185",0.0145937083280085
"chr7-0186",-0.0357731444369621
"chr7-0187",-0.00191887960870352
"chr7-0188",0.00666576771195842
"chr7-0189",-0.0605045158316057
"chr7-0190",0.00406837652177079
"chr7-0191",-0.0189399241491467
"chr7-0192",-0.00296273642820737
"chr7-0193",-0.0519741152077786
"chr7-0194",-0.0757775008113467
"chr7-0195",0.0216195962540447
"chr7-0196",-0.0038435774208307
"chr7-0197",-0.0296756009198129
"chr7-0198",-0.0839464052380603
"chr7-0199",-0.0324761922926045
"chr7-0200",-0.127812291666811
"chr7-0201",-0.0714050644132828
"chr7-0202",-0.0702600656522803
"chr7-0203",0.000833192880445307
"chr7-0204",-0.0334287320970112
"chr7-0205",-0.129847570286068
"chr7-0206",0.0839162797108089
"chr7-0207",-0.0763580709934703
"chr7-0208",-0.0534119917060748
"chr7-0209",0.0282468521636205
"chr7-0210",-0.0770209063148454
"chr7-0211",-0.0601576559048384
"chr7-0212",-0.053875338646674
"chr7-0213",-0.079140341638744
"chr7-0214",-0.040159192079075
"chr7-0215",0.0157769601249323
"chr7-0216",-0.0406557826263432
"chr7-0217",-0.00445306242161866
"chr7-0218",-0.0863312173899631
"chr7-0219",0.00228803977987155
"chr7-0220",-0.00788401566141906
"chr7-0221",-0.0168086037955264
"chr7-0222",-0.121842320941673
"chr7-0223",-0.0905310314377398
"chr7-0224",-0.0399231896992028
"chr7-0225",-0.100081432114321
"chr7-0226",-0.238423812545897
"chr7-0227",-0.167211920985038
"chr7-0228",-0.0706591629432059
"chr7-0229",-0.0232007227342369
"chr7-0230",-0.00945613147466681
"chr7-0231",-0.035347775859121
"chr7-0232",-0.044456108335659
"chr7-0233",-0.0920159825816359
"chr7-0234",0.00205699062858827
"chr7-0235",0.107674762051805
"chr7-0236",-0.0683399011420649
"chr7-0237",0.00311528446454333
"chr7-0238",-0.0938628256504688
"chr7-0239",-0.0106542187179975
"chr7-0240",-0.00901846096122641
"chr7-0241",0.0590227470503124
"chr7-0242",-0.0913809796871038
"chr7-0243",-0.0713446555077908
"chr7-0244",-0.132840662849695
"chr7-0245",-0.0600134560454028
"chr7-0246",-0.153964617253835
"chr7-0247",-0.120158712217994
"chr7-0248",7.77346484190914e-05
"chr7-0249",-0.0879721360428597
"chr7-0250",-0.103915464911371
"chr7-0251",-0.0582924411843098
"chr7-0252",-0.137466006909482
"chr7-0253",-0.0933081660364435
"chr7-0254",-0.0252285960055572
"chr7-0255",-0.100404038886723
"chr7-0256",-0.0579587128933433
"chr7-0257",0.0541656186921143
"chr7-0258",-0.090222014095967
"chr7-0259",-0.0416714445394224
"chr7-0260",-0.0529509819898553
"chr7-0261",-0.0411737332917147
"chr7-0262",-0.0529249652069666
"chr7-0263",0.000595108136333372
"chr7-0264",-0.000971385449042652
"chr7-0265",0.00476592563835662
"chr7-0266",-0.0501491646863704
"chr7-0267",-0.112366219961528
"chr7-0268",-0.0853631516569674
"chr7-0269",-0.072748023821848
"chr7-0270",-0.0190468605018736
"chr7-0271",-0.0953970747599192
"chr7-0272",0.0265880038080412
"chr7-0273",-0.0116766685280097
"chr7-0274",-0.0917422335200286
"chr7-0275",-0.07640970220099
"chr7-0276",0.0270354881138962
"chr7-0277",-0.145042181185205
"chr7-0278",-0.1222595354305
"chr7-0279",-0.0844522651105627
"chr7-0280",-0.00462353413598695
"chr7-0281",-0.0399936125068548
"chr7-0282",-0.139797793962196
"chr7-0283",-0.180192090249749
"chr7-0284",-0.0690820668183406
"chr7-0285",-0.0565433930374719
"chr7-0286",-0.0282006559620706
"chr7-0287",-0.201589079687856
"chr7-0288",0.0281024582370426
"chr7-0289",-0.177250296087094
"chr7-0290",-0.149260209864375
"chr7-0291",-0.0610262327157053
"chr7-0292",0.0214011226237215
"chr7-0293",0.110161714731989
"chr7-0294",-0.0520912177995761
"chr7-0295",-0.0958978786399891
"chr7-0296",-0.0631253375978287
"chr7-0297",0.0364790004228231
"chr7-0298",-0.0401470736627253
"chr7-0299",0.0221677768334031
"chr7-0300",-0.0130930788894179
"chr7-0301",-0.138238797693348
"chr7-0302",-0.0752442800847482
"chr7-0303",-0.206778787762953
"chr7-0304",-0.0557215549269503
"chr7-0305",-0.194302602646286
"chr7-0306",-0.0159868809710966
"chr7-0307",0.0529496092398404
"chr7-0308",-0.0181394353612411
"chr7-0309",-0.071377710148867
"chr7-0310",-0.0205982731248894
"chr7-0311",-0.018128213733619
"chr7-0312",0.0133734942630291
"chr7-0313",-0.10144094105868
"chr7-0314",-0.108015851906835
"chr7-0315",-0.0196784859392332
"chr7-0316",0.00233031031958731
"chr7-0317",-0.109520350457778
"chr7-0318",-0.072750777985351
"chr7-0319",-0.000647956098390952
"chr7-0320",0.0451363431719872
"chr7-0321",-0.00841009755608835
"chr7-0322",-0.0961846929205798
"chr7-0323",-0.0736899066572925
"chr7-0324",-0.0514769328967554
"chr7-0325",0.0429683372100564
"chr7-0326",-0.0830175121929386
"chr7-0327",-0.127082868127744
"chr7-0328",0.0446245167635785
"chr7-0329",-0.0554309226484872
"chr7-0330",0.0106523511058272
"chr7-0331",-0.105848817627819
"chr7-0332",-0.0623248578078128
"chr7-0333",-0.0346176503456977
"chr7-0334",-0.000313393205593004
"chr7-0335",0.0174665738279764
"chr7-0336",0.0857071279416637
"chr7-0337",0.0471815940659626
"chr7-0338",0.00858402637214912
"chr7-0339",-0.00592608957490484
"chr7-0340",-0.107626927976928
"chr7-0341",-0.054983556442013
"chr7-0342",-0.0341950483678395
"chr7-0343",-0.0115255064591212
"chr7-0344",-0.0161538918328375
"chr7-0345",-0.0944542393558062
"chr7-0346",-0.132537401913416
"chr7-0347",-0.167809270140761
"chr7-0348",-0.171568657939595
"chr7-0349",-0.0231360208934719
"chr7-0350",-0.0254615113896313
"chr7-0351",-0.113014533160284
"chr7-0352",-0.110760422373897
"chr7-0353",-0.0159111417104263
"chr7-0354",-0.0200053206056145
"chr7-0355",0.0571159762793475
"chr7-0356",-0.047234503121923
"chr7-0357",-0.11130485960264
"chr7-0358",-0.0290377042888054
"chr7-0359",-0.126414927859193
"chr7-0360",-0.0877591272975373
"chr7-0361",-0.16886998041573
"chr7-0362",-0.0761635944705904
"chr7-0363",0.11208850360144
"chr7-0364",-0.0436836148241007
"chr7-0365",-0.142043753614951
"chr7-0366",-0.13636939866676
"chr7-0367",-0.129451145223573
"chr7-0368",-0.12267752843621
"chr7-0369",-0.102340853560351
"chr7-0370",0.00440406729670591
"chr7-0371",0.0559586653129318
"chr7-0372",-0.00945022464300025
"chr7-0373",0.0434392501791907
"chr7-0374",-0.192458896536282
"chr7-0375",-0.123735761761516
"chr7-0376",0.119377169051849
"chr7-0377",0.0344877851565248
"chr7-0378",-0.072284196950623
"chr7-0379",0.010595872443993
"chr7-0380",-0.0603717265664758
"chr7-0381",-0.0239768232864069
"chr7-0382",-0.0751732140090402
"chr7-0383",-0.0394598610812755
"chr7-0384",-0.167432610855202
"chr7-0385",-0.106258728931693
"chr7-0386",0.00199041742021525
"chr7-0387",-0.0213573191963795
"chr7-0388",-0.335337437148548
"chr7-0389",0.00652902992291276
"chr7-0390",-0.0190880609112629
"chr7-0391",0.0337837475125609
"chr7-0392",-0.0259493633664096
"chr7-0393",-0.0584668847565001
"chr7-0394",-0.00025781128698911
"chr7-0395",-0.0548049057839237
"chr7-0396",-0.124374431692596
"chr7-0397",-0.000557548359042142
"chr7-0398",-0.181368276646588
"chr7-0399",0.0031423088451223
"chr7-0400",-0.0706818924612342
"chr7-0401",-0.0455246407379594
"chr7-0402",-0.0212102390656079
"chr7-0403",0.00468452247822926
"chr7-0404",0.00344180768067961
"chr7-0405",-0.117659305968081
"chr7-0406",-0.0498494246608231
"chr7-0407",-0.0157097152847677
"chr7-0408",-0.0680651576307824
"chr7-0409",-0.151801724716418
"chr7-0410",-0.16181606948967
"chr7-0411",0.12502882999337
"chr7-0412",-0.0790745504554433
"chr7-0413",-0.0264155504036405
"chr7-0414",-0.14913013766171
"chr7-0415",-0.0291437886559766
"chr7-0416",-0.123766807336684
"chr7-0417",-0.086590519030657
"chr7-0418",-0.140244276682921
"chr7-0419",-0.00896721185201938
"chr7-0420",0.0214449828452551
"chr7-0421",-0.0287722720966154
"chr7-0422",-0.0677397235744657
"chr7-0423",0.041435541944135
"chr7-0424",-0.0769475116522099
"chr7-0425",0.0574038161283566
"chr7-0426",-0.0691327071144507
"chr7-0427",0.147244810855183
"chr7-0428",-0.0439600618135935
"chr7-0429",-0.100353236504751
"chr7-0430",-0.212772921167272
"chr7-0431",-0.0935110384096639
"chr7-0432",-0.0382631701541985
"chr7-0433",-0.0747630291647428
"chr7-0434",0.0242388138341838
"chr7-0435",-0.0681844709501867
"chr7-0436",0.0473637887820044
"chr7-0437",0.00599873532788449
"chr7-0438",-0.0517686440788706
"chr7-0439",-0.0612123570921975
"chr7-0440",0.03862114041057
"chr7-0441",-0.243676252054758
"chr7-0442",-0.0296511545453765
"chr7-0443",-0.0441308191937351
"chr7-0444",-0.140274254593485
"chr7-0445",0.0358953853521219
"chr7-0446",-0.0619978701247705
"chr7-0447",-0.0715664253060057
"chr7-0448",-0.119404994966119
"chr7-0449",-0.0921365249545849
"chr7-0450",0.00298479951656143
"chr7-0451",-0.0488952680982102
"chr7-0452",-0.0416127387680656
"chr7-0453",-0.0427696703534007
"chr7-0454",-0.000950249292651166
"chr7-0455",-0.0426092152141081
"chr7-0456",-0.0181143041281705
"chr7-0457",0.00373829323085358
"chr7-0458",0.0350220560471716
"chr7-0459",0.0997365873282141
"chr7-0460",-0.00476782043573199
"chr7-0461",-0.00176889114005887
"chr7-0462",-0.028274906621965
"chr7-0463",0.00318605174474195
"chr7-0464",0.0649424553840537
"chr7-0465",0.0513288940295083
"chr7-0466",-0.0825150052115522
"chr7-0467",-0.0471351900611591
"chr7-0468",0.0177471949394063
"chr7-0469",-0.00998623404880518
"chr7-0470",0.0516091513355558
"chr7-0471",-0.0914784465296974
"chr7-0472",0.00207048961441046
"chr7-0473",0.0429184014451492
"chr7-0474",-0.0534871071730506
"chr7-0475",-0.10691561831617
"chr7-0476",-0.00743131036797407
"chr7-0477",0.0465075912541583
"chr7-0478",-0.0248788140965625
"chr7-0479",-0.0306166280516708
"chr7-0480",-0.0736658079547297
"chr7-0481",-0.0417587228538188
"chr7-0482",-0.0214127764926366
"chr7-0483",-0.06613232165504
"chr7-0484",0.0817824884337054
"chr7-0485",-0.0522461851475515
"chr7-0486",-0.198186204518224
"chr7-0487",0.101002171475194
"chr7-0488",-0.113251450251428
"chr7-0489",-0.252141064778832
"chr7-0490",-0.048935405472054
"chr7-0491",-0.161037980010865
"chr7-0492",-0.0276874105214571
"chr7-0493",0.00774050097824185
"chr7-0494",0.0206807845057012
"chr7-0495",-0.146734484334543
"chr7-0496",0.0473085394444615
"chr7-0497",-0.184192294978998
"chr7-0498",0.0107410054872541
"chr7-0499",0.019650650895093
"chr7-0500",0.0739445868519713
"chr7-0501",-0.0426256761094549
"chr7-0502",-0.0406814628283525
"chr7-0503",-0.200676303021359
"chr7-0504",-0.0132784458997688
"chr7-0505",-0.12451945361319
"chr7-0506",-0.0941424953903172
"chr7-0507",-0.108177806806216
"chr7-0508",-0.175660946473804
"chr7-0509",-0.12200606412807
"chr7-0510",-0.175328393816514
"chr7-0511",-0.0504252771336599
"chr7-0512",-0.112153621089754
"chr7-0513",-0.16768679367591
"chr7-0514",-0.215023767247933
"chr7-0515",-0.0899483258618103
"chr7-0516",0.000207304082761591
"chr7-0517",-0.0980659515570109
"chr7-0518",-0.0961278112427713
"chr7-0519",-0.0239305476741675
"chr7-0520",0.0346747371386645
"chr7-0521",-0.0825052939744116
"chr7-0522",-0.116473164485657
"chr7-0523",-0.0977476031763061
"chr7-0524",-0.276836751555019
"chr7-0525",-0.14303323265105
"chr7-0526",-0.038157685153937
"chr7-0527",-0.188419559455209
"chr7-0528",-0.0737887483039842
"chr7-0529",-0.100962371668872
"chr7-0530",-0.108188723588879
"chr7-0531",-0.0816269787240915
"chr7-0532",-0.119674305617873
"chr7-0533",-0.0772452786222863
"chr7-0534",-0.123473619721963
"chr7-0535",-0.0389000635579899
"chr7-0536",-0.0189214154665489
"chr7-0537",-0.166445190162187
"chr7-0538",-0.0971569196279884
"chr7-0539",-0.103337624423095
"chr7-0540",-0.109021497307159
"chr7-0541",0.00201559164417714
"chr7-0542",-0.165499643683455
"chr7-0543",0.0236387317819188
"chr7-0544",0.063285147676159
"chr7-0545",-0.0631839618962616
"chr7-0546",-0.143330144893933
"chr7-0547",-0.0914929104126382
"chr7-0548",-0.0808926328749012
"chr7-0549",-0.130408271871741
"chr7-0550",-0.234208475797074
"chr7-0551",-0.161744596625616
"chr7-0552",-0.0212337289202139
"chr7-0553",-0.0112211223121044
"chr7-0554",-0.0633639327312586
"chr7-0555",-0.165327784858913
"chr7-0556",-0.270700347443339
"chr7-0557",-0.146781000465269
"chr7-0558",-0.207533812123677
"chr7-0559",-0.156008239464268
"chr7-0560",-0.12092426369263
"chr7-0561",-0.228263056050144
"chr7-0562",-0.144909957617363
"chr7-0563",-0.0433198227329692
"chr7-0564",-0.104022096099199
"chr7-0565",-0.0504196190934424
"chr7-0566",0.023966111773031
"chr7-0567",-0.0806431434646226
"chr7-0568",-0.146205004373167
"chr7-0569",0.0123535617409205
"chr7-0570",-0.0339183885970792
"chr7-0571",-0.0186436677282771
"chr7-0572",-0.0778955588804029
"chr7-0573",-0.214130369919517
"chr7-0574",-0.196568647097282
"chr7-0575",-0.0703303188250848
"chr7-0576",-0.214858175685163
"chr7-0577",-0.0167038145333238
"chr7-0578",-0.09542899081857
"chr7-0579",-0.192924432575033
"chr7-0580",-0.207451075955115
"chr7-0581",-0.0491264472880597
"chr7-0582",-0.1260417598503
"chr7-0583",-0.00474979936907617
"chr7-0584",0.0457448273630969
"chr7-0585",-0.0827633417741579
"chr7-0586",-0.0585220695405081
"chr7-0587",-0.0798568256486505
"chr7-0588",-0.0645627273572154
"chr7-0589",-0.111066747985319
"chr7-0590",-0.0662681065999317
"chr7-0591",0.00306515157979588
"chr7-0592",0.0986193197771274
"chr7-0593",0.07226285873519
"chr7-0594",0.0298749107683524
"chr7-0595",0.0635370050670667
"chr7-0596",-0.117669515555104
"chr7-0597",-0.0745030535030612
"chr7-0598",-0.0273310826282657
"chr7-0599",-0.0277766370218365
"chr7-0600",-0.0941903792200395
"chr7-0601",0.00104789509702126
"chr7-0602",-0.163300293840926
"chr7-0603",-0.173841041788527
"chr7-0604",-0.0752280586684212
"chr7-0605",-0.156096937137983
"chr7-0606",-0.0298224936431306
"chr7-0607",0.0094521407312456
"chr7-0608",-0.0345204557997392
"chr7-0609",-0.066119662922663
"chr7-0610",0.10979494965996
"chr7-0611",-0.0218257790463274
"chr7-0612",0.0360682512187336
"chr7-0613",0.0129860085189947
"chr7-0614",-0.0186280126289424
"chr7-0615",-0.00431145961757518
"chr7-0616",0.0598171678561633
"chr7-0617",-0.0137986872787172
"chr7-0618",0.00485022908456886
"chr7-0619",-0.0676978970104496
"chr7-0620",-0.0487101055435899
"chr7-0621",0.0120391306611863
"chr7-0622",-0.0726389689614486
"chr7-0623",-0.0230393429308069
"chr7-0624",-0.018193691591458
"chr7-0625",-0.0316494679077666
"chr7-0626",-0.044668320771904
"chr7-0627",-0.0693619668445437
"chr7-0628",-0.0808739623459473
"chr7-0629",-0.0328319189488997
"chr7-0630",0.0370497758772499
"chr7-0631",-0.110613323290871
"chr7-0632",0.0558423211037927
"chr7-0633",0.00399091676479144
"chr7-0634",0.0139424735001148
"chr7-0635",-0.0828764731470022
"chr7-0636",0.00055372111751304
"chr7-0637",-0.0131636804560535
"chr7-0638",-0.0921058580001785
"chr7-0639",-0.101998639834073
"chr7-0640",-0.162893391142504
"chr7-0641",-0.0518526806023775
"chr7-0642",-0.0596435888392581
"chr7-0643",0.0274105041988242
"chr7-0644",0.00171795396118316
"chr7-0645",-0.0507365559190611
"chr7-0646",-0.170304011061282
"chr7-0647",-0.152136489567771
"chr7-0648",-0.0995001611758589
"chr7-0649",-0.0291618784707674
"chr7-0650",-0.000790187829752783
"chr7-0651",-0.0742600791707132
"chr7-0652",-0.0759363320372794
"chr7-0653",-0.0587269135840248
"chr7-0654",-0.194748271419312
"chr7-0655",-0.0161934258306083
"chr7-0656",-0.0190498096042763
"chr7-0657",-0.0191819949148894
"chr7-0658",-0.0307662751922833
"chr7-0659",-0.106287450598301
"chr7-0660",-0.0191866310768379
"chr7-0661",-0.0514051047502335
"chr7-0662",0.022094564619182
"chr7-0663",-0.0858357467734288
"chr7-0664",0.0116274864209405
"chr7-0665",-0.0049744198469276
"chr7-0666",-0.114914153252472
"chr7-0667",0.0177426794177893
"chr7-0668",-0.111114483073664
"chr7-0669",-0.0397955654215135
"chr7-0670",0.0448831660051928
"chr7-0671",-0.0573114130193189
"chr7-0672",-0.156959606460191
"chr7-0673",-0.0542167279893563
"chr7-0674",-0.0830392378345972
"chr7-0675",-0.0206867207574667
"chr7-0676",-0.0715006105803719
"chr7-0677",-0.0948193967692402
"chr7-0678",-0.0920981468673084
"chr7-0679",-0.124358591818018
"chr7-0680",-0.090656904315898
"chr7-0681",-0.0227013228483729
"chr7-0682",-0.00119040992845683
"chr7-0683",-0.177247297107817
"chr7-0684",-0.142718539707161
"chr7-0685",-0.052097381588554
"chr7-0686",-0.0494819440495534
"chr7-0687",-0.0575400495410104
"chr7-0688",-0.0992115972616757
"chr7-0689",-0.0909477889960601
"chr7-0690",-0.0460575474798502
"chr7-0691",-0.0831296712041587
"chr7-0692",-0.150476800170772
"chr7-0693",-0.0246431522790066
"chr7-0694",-0.215722047118896
"chr7-0695",-0.102760642027829
"chr7-0696",-0.129898339611641
"chr7-0697",0.00784021317131933
"chr7-0698",-0.0414334712848251
"chr7-0699",0.0653535779016454
"chr7-0700",-0.0849273820760356
"chr7-0701",-0.110510081480516
"chr7-0702",-0.147191927599964
"chr7-0703",-0.142442566899485
"chr7-0704",-0.25542377500194
"chr7-0705",-0.188701638312928
"chr7-0706",-0.0356283941386434
"chr7-0707",-0.0781009164407236
"chr7-0708",-0.00923772182988079
"chr7-0709",-0.115152222996115
"chr7-0710",-0.167223459937893
"chr7-0711",-0.0298133970797659
"chr7-0712",-0.0246673112282551
"chr7-0713",-0.00351123807376456
"chr7-0714",-0.133411140247668
"chr7-0715",-0.188111906999132
"chr7-0716",-0.0845825919251827
"chr7-0717",-0.0847872701101155
"chr7-0718",-0.118945612941174
"chr7-0719",-0.0945186704567187
"chr7-0720",-0.0853599361428549
"chr7-0721",-0.0371372387054071
"chr7-0722",-0.0516966370199461
"chr7-0723",0.00800445969985359
"chr7-0724",-0.181947874090853
"chr7-0725",-0.0950353657967308
"chr7-0726",-0.108548507938154
"chr7-0727",-0.0608176215237319
"chr7-0728",-0.0675469681685943
"chr7-0729",0.026901256686873
"chr7-0730",-0.039503334516728
"chr7-0731",-0.178510561901461
"chr7-0732",-0.0944674024430922
"chr7-0733",-0.179620742873173
"chr7-0734",-0.0924463304371788
"chr7-0735",-0.170316984738052
"chr7-0736",-0.11747361464189
"chr7-0737",-0.16366660941478
"chr7-0738",-0.194876158117626
"chr7-0739",-0.0564504049389368
"chr7-0740",-0.00741304731720155
"chr7-0741",-0.193256297301105
"chr7-0742",-0.121052017132194
"chr7-0743",-0.10498754986223
"chr7-0744",-0.102115705086047
"chr7-0745",-0.145532824500749
"chr7-0746",-0.120167579284809
"chr7-0747",-0.0476011331747533
"chr7-0748",-0.0803256148118365
"chr7-0749",-0.032987586643596
"chr7-0750",-0.172497773162487
"chr7-0751",-0.0470819477137082
"chr7-0752",0.0214055928556908
"chr7-0753",-0.069759487180436
"chr7-0754",-0.0495287571093332
"chr7-0755",-0.0914940918430583
"chr7-0756",-0.0556561236488656
"chr7-0757",-0.086906393958605
"chr7-0758",0.0370672021852517
"chr7-0759",-0.0207157141307622
"chr7-0760",-0.0777109063359301
"chr7-0761",0.00908518294190989
"chr7-0762",-0.0395307565836451
"chr7-0763",-0.0321777295439528
"chr7-0764",-0.00635291534710448
"chr7-0765",-0.147185305200715
"chr7-0766",-0.0970777886385528
"chr7-0767",-0.153266430913052
"chr7-0768",0.0298268338785154
"chr7-0769",0.00885523602932474
"chr7-0770",-0.0170700206556512
"chr7-0771",-0.095267123335703
"chr7-0772",-0.0584922657328076
"chr7-0773",0.0401152447683519
"chr7-0774",-0.0551373896127666
"chr7-0775",0.00534102776913112
"chr7-0776",-0.119011887553591
"chr7-0777",0.0157729914322127
"chr7-0778",-0.0440696484591135
"chr7-0779",-0.0679588998665281
"chr7-0780",0.00519724969448977
"chr7-0781",-0.00556646970097433
"chr7-0782",-0.0660208371060387
"chr7-0783",-0.0965661064729929
"chr7-0784",0.0105812820293004
"chr7-0785",0.0567533381163344
"chr7-0786",-0.0922962411271208
"chr7-0787",-0.106203059408906
"chr7-0788",-0.0297753773986735
"chr7-0789",-0.0737383414845712
"chr7-0790",0.0399811289883212
"chr7-0791",-0.0248016392811946
"chr7-0792",0.0186394285444294
"chr7-0793",-0.0570477051837392
"chr7-0794",-0.0550025686870072
"chr7-0795",-0.0218255734768227
"chr7-0796",-0.0194293377458357
"chr7-0797",-0.0614294826593935
"chr7-0798",0.106204069317446
"chr7-0799",-0.0572982598568646
"chr7-0800",0.02797253387951
"chr7-0801",0.0245944554321091
"chr7-0802",0.0871453071835743
"chr7-0803",-0.00462882346872993
"chr7-0804",-0.069757088412227
"chr7-0805",-0.0644600602954036
"chr7-0806",-0.0882659784221936
"chr7-0807",-0.0148119084626538
"chr7-0808",-0.121397197207881
"chr7-0809",-0.117830198274678
"chr7-0810",-0.171533717223087
"chr7-0811",-0.126811891492526
"chr7-0812",-0.0770834542096575
"chr7-0813",-0.0318711674505407
"chr7-0814",-0.0337295994183061
"chr7-0815",-0.0687331672102625
"chr7-0816",-0.0972172393826203
"chr7-0817",-0.205174958661419
"chr7-0818",-0.0629261470543442
"chr7-0819",-0.0792032839716991
"chr7-0820",-0.080210363942709
"chr7-0821",0.0192516533813932
"chr7-0822",-0.0712794105611999
"chr7-0823",-0.223514772491824
"chr7-0824",-0.0722516890580029
"chr7-0825",-0.0948941039288607
"chr7-0826",-0.0278677904808612
"chr7-0827",-0.167148945560918
"chr7-0828",-0.0854357934323386
"chr7-0829",0.0113928488274691
"chr7-0830",-0.140194550677933
"chr7-0831",0.102179741575748
"chr7-0832",-0.0778178970983307
"chr7-0833",0.0338471493083103
"chr7-0834",-0.111184049308483
"chr7-0835",-0.133904845447941
"chr7-0836",-0.0772797112734706
"chr7-0837",-0.0223474111241343
"chr7-0838",-0.204264762342729
"chr7-0839",0.0515632416049474
"chr7-0840",0.0802537245352599
"chr7-0841",-0.0653483717450254
"chr7-0842",-0.0271556030688575
"chr7-0843",-0.0433940706688229
"chr7-0844",-0.0787492852754724
"chr7-0845",-0.146528861687364
"chr7-0846",0.0369748031715593
"chr7-0847",-0.0632157287738638
"chr7-0848",0.0698980196096501
"chr7-0849",0.0390204476652748
"chr7-0850",0.0550494167807035
"chr7-0851",0.0136754516885582
"chr7-0852",0.0247728953205139
"chr7-0853",0.0342029815567591
"chr7-0854",-0.0898451865236096
"chr7-0855",-0.124017275354344
"chr7-0856",-0.0853951007231656
"chr7-0857",-0.052421187653433
"chr7-0858",0.038928406264173
"chr7-0859",-0.021043401726382
"chr7-0860",-0.0135000092424503
"chr7-0861",-0.199635512871488
"chr7-0862",-0.108535126296332
"chr7-0863",0.00136713176847693
"chr7-0864",0.00629654724730524
"chr7-0865",-0.0153154766540086
"chr7-0866",-0.0552382036560669
"chr7-0867",-0.0788841491640881
"chr7-0868",-0.0547578336520816
"chr7-0869",-0.231316468321618
"chr7-0870",0.00870354915283337
"chr7-0871",-0.0425064542068025
"chr7-0872",-0.0594535561278856
"chr7-0873",-0.059471546248841
"chr7-0874",-0.0724817255536774
"chr7-0875",-0.0212381744600697
"chr7-0876",-0.0747302878861756
"chr7-0877",-0.0817176386509059
"chr7-0878",-0.0127383439622756
"chr7-0879",-0.0760674097632698
"chr7-0880",0.00824677909000731
"chr7-0881",-0.123083141144484
"chr7-0882",-0.221181074703125
"chr7-0883",-0.213790160596115
"chr7-0884",-0.122146235996648
"chr7-0885",-0.0986683226648111
"chr7-0886",-0.099739997232444
"chr7-0887",0.0549571082277533
"chr7-0888",-0.0461603550708528
"chr7-0889",-0.0658790502304907
"chr7-0890",-0.121500463725771
"chr7-0891",-0.113868283992398
"chr7-0892",-0.0832969102225916
"chr7-0893",-0.0382546708381556
"chr7-0894",-0.00818047274513471
"chr7-0895",-0.0112101176421366
"chr7-0896",-0.0515342995304186
"chr7-0897",-0.0667628510201351
"chr7-0898",-0.000330489981750806
"chr7-0899",-0.00708129546495866
"chr7-0900",-0.0546045723305561
"chr7-0901",-0.0916735716183584
"chr7-0902",-0.0577761799540074
"chr7-0903",-0.00446834491086131
"chr7-0904",-0.0480846315855288
"chr7-0905",-0.086044999329611
"chr7-0906",-0.0345602722564294
"chr7-0907",-0.00785196514820832
"chr7-0908",-0.0344647278410412
"chr7-0909",0.00566276179179673
"chr7-0910",-0.107514203870313
"chr7-0911",-0.117401165784968
"chr7-0912",-0.00561924180271482
"chr7-0913",-0.148802151812947
"chr7-0914",-0.00813080262303386
"chr7-0915",0.0330221029670518
"chr7-0916",0.0372729870157007
"chr7-0917",0.0437623095968062
"chr7-0918",-0.0748729472526187
"chr7-0919",-0.042165110161912
"chr7-0920",-0.0315694324694353
"chr7-0921",-0.0565552475479867
"chr7-0922",0.0114280720781874
"chr7-0923",0.0531731022520697
"chr7-0924",0.0375565818157273
"chr7-0925",-0.0118967429529456
"chr7-0926",-0.0330611285477244
"chr7-0927",-0.0267958767870774
"chr7-0928",-0.0188338656032352
"chr7-0929",-0.0562120220163084
"chr7-0930",0.172024921994162
"chr7-0931",-0.0859626646359743
"chr7-0932",-0.0446875022625882
"chr7-0933",-0.0334518294289454
"chr7-0934",0.0096799331243678
"chr7-0935",0.0849747966598443
"chr7-0936",-0.0407684682633811
"chr7-0937",-0.0664669315926068
"chr7-0938",-0.00829832260176236
"chr7-0939",0.0452220436551945
"chr7-0940",-0.0207900123216038
"chr7-0941",0.0240393583575918
"chr7-0942",-0.0674902407726281
"chr7-0943",-0.0399851915176814
"chr7-0944",-0.0562006321222587
"chr7-0945",-0.0410648312501848
"chr7-0946",0.00556762786022059
"chr7-0947",-0.0999063161663267
"chr7-0948",-0.113198793916047
"chr7-0949",0.0393435239810961
"chr7-0950",-0.0215164452122138
"chr7-0951",-0.0802756910351553
"chr7-0952",-0.0783882526707258
"chr7-0953",-0.0375308269412992
"chr7-0954",-0.0797098830220948
"chr7-0955",0.0891794019162572
"chr7-0956",-0.0737893403322447
"chr7-0957",-0.0120620749383005
"chr7-0958",-0.0457217504468007
"chr7-0959",-0.0399003467813349
"chr7-0960",-0.0439769455155051
"chr7-0961",-0.0468398026411632
"chr7-0962",-0.116832657621273
"chr7-0963",0.101140948072871
"chr7-0964",-0.144812381837227
"chr7-0965",-0.147236547487535
"chr7-0966",-0.0212358006807429
"chr7-0967",0.0212189199589706
"chr7-0968",0.0890290118089389
"chr7-0969",-0.101820686213727
"chr7-0970",-0.163873868784176
"chr7-0971",-0.00482886514562201
"chr7-0972",0.0487161578344545
"chr7-0973",0.0360851350157031
"chr7-0974",0.0675701993560606
"chr7-0975",0.0122053424384238
"chr7-0976",-0.060698505217695
"chr7-0977",-0.0510985341560339
"chr7-0978",0.0432866800399133
"chr7-0979",-0.0412973939102374
"chr7-0980",-0.00614505187433311
"chr7-0981",0.0866015985807094
"chr7-0982",-0.00806020061668015
"chr7-0983",-0.0288502936042996
"chr7-0984",0.0152536585298941
"chr7-0985",-0.0607200378720993
"chr7-0986",0.0251498044926889
"chr7-0987",-0.00691443538463669
"chr7-0988",0.0939422080633718
"chr7-0989",0.0114657597496764
"chr7-0990",-0.0100990674960463
"chr7-0991",0.0775075226125052
"chr7-0992",0.0175882936736621
"chr7-0993",-0.0257911314767413
"chr7-0994",0.0780192658440511
"chr7-0995",0.034171564721751
"chr7-0996",0.0584422493283697
"chr7-0997",-0.0251101102145339
"chr7-0998",-0.0480585985482521
"chr8-0001",0.0886181074327722
"chr8-0002",0.111177630979855
"chr8-0003",0.0673952049385795
"chr8-0004",0.0045133110773649
"chr8-0005",0.0243154736109522
"chr8-0006",0.0489257646203827
"chr8-0007",0.0894371854298503
"chr8-0008",-0.058219349661056
"chr8-0009",0.0376246330944955
"chr8-0010",0.0516056542655406
"chr8-0011",0.0121860193925857
"chr8-0012",0.0384974017132081
"chr8-0013",-0.00395748934582708
"chr8-0014",0.0817525999087805
"chr8-0015",0.00590095055296513
"chr8-0016",-0.0253053323845728
"chr8-0017",-0.029711872085634
"chr8-0018",-0.0129995293478746
"chr8-0019",0.070525581059717
"chr8-0020",-0.00545069728636076
"chr8-0021",-0.0220013324988363
"chr8-0022",0.0922395458492109
"chr8-0023",0.0589330340501664
"chr8-0024",0.00459010573406338
"chr8-0025",-0.0329923643812476
"chr8-0026",-0.0173101615341802
"chr8-0027",0.00301112088855967
"chr8-0028",-0.00171252358406115
"chr8-0029",0.110048497494144
"chr8-0030",-0.0186058379201694
"chr8-0031",-0.0978205384940761
"chr8-0032",-0.0597933476038956
"chr8-0033",0.0216160333205463
"chr8-0034",-0.03834170615862
"chr8-0035",-0.0470417984263509
"chr8-0036",-0.0543379493992478
"chr8-0037",0.0807449224460881
"chr8-0038",0.0517736417219967
"chr8-0039",0.0696141244388632
"chr8-0040",0.0263063126369837
"chr8-0041",-0.128636880747992
"chr8-0042",-0.0244862174082716
"chr8-0043",-0.112328648324781
"chr8-0044",-0.121772446254041
"chr8-0045",0.182197304889017
"chr8-0046",0.0697745208811953
"chr8-0047",-0.028131145574827
"chr8-0048",0.0408484922604115
"chr8-0049",-0.11265938656317
"chr8-0050",-0.138269014284791
"chr8-0051",-0.00636319600657969
"chr8-0052",-0.0465851994139689
"chr8-0053",-0.124085439652889
"chr8-0054",-0.0911154455888654
"chr8-0055",-0.131940309513226
"chr8-0056",-0.0212293001601694
"chr8-0057",0.0183757285294288
"chr8-0058",-0.0452451967018748
"chr8-0059",-0.150132837264332
"chr8-0060",-0.0612885150086032
"chr8-0061",0.0153728675963087
"chr8-0062",-0.0955333914153498
"chr8-0063",-0.194273635403206
"chr8-0064",-0.107246967179328
"chr8-0065",0.030364484727219
"chr8-0066",-0.123283000986303
"chr8-0067",-0.0375489347559994
"chr8-0068",0.00485081693724036
"chr8-0069",0.0460905941957836
"chr8-0070",-0.036143285350215
"chr8-0071",-0.0616772847633723
"chr8-0072",0.0913939453107157
"chr8-0073",-0.102259963440388
"chr8-0074",-0.0227659767544538
"chr8-0075",-0.13212989373744
"chr8-0076",0.0163979260013721
"chr8-0077",-0.0183099615256103
"chr8-0078",-0.0685258494979209
"chr8-0079",-0.0133154687473268
"chr8-0080",-0.0146576387353767
"chr8-0081",0.0538384904787869
"chr8-0082",-0.105038091908754
"chr8-0083",-0.0992556387378226
"chr8-0084",-0.129143794451422
"chr8-0085",-0.0747078503296095
"chr8-0086",-0.0243840712698153
"chr8-0087",-0.0580643058545551
"chr8-0088",-0.00997808822961683
"chr8-0089",-0.0184760155427728
"chr8-0090",-0.00999656673359267
"chr8-0091",-0.0741445509014
"chr8-0092",-0.162691425215442
"chr8-0093",-0.0125307210757478
"chr8-0094",0.131728405560022
"chr8-0095",-0.0243292630183438
"chr8-0096",-0.175335354713186
"chr8-0097",-0.0442346526875972
"chr8-0098",-0.117743569642621
"chr8-0099",0.000782773769574909
"chr8-0100",-0.0103910499970706
"chr8-0101",-0.0572021605598737
"chr8-0102",-0.105063136174196
"chr8-0103",-0.00665338223016787
"chr8-0104",-0.161327304450804
"chr8-0105",-0.096009795974797
"chr8-0106",0.00581180094645033
"chr8-0107",-0.0903517003186869
"chr8-0108",-0.131813914744455
"chr8-0109",-0.0053417484517334
"chr8-0110",-0.173345078512174
"chr8-0111",-0.0165985748886095
"chr8-0112",-0.157744675150869
"chr8-0113",-0.100510480587859
"chr8-0114",-0.09073411224312
"chr8-0115",-0.0240436125622296
"chr8-0116",0.0166265625432215
"chr8-0117",-0.160438187025997
"chr8-0118",-0.0718844441184964
"chr8-0119",0.0867673113904
"chr8-0120",0.119138495659498
"chr8-0121",-0.104456974111214
"chr8-0122",-0.0542033926857677
"chr8-0123",-0.037370630414528
"chr8-0124",-0.0629333731713574
"chr8-0125",-0.100142103765375
"chr8-0126",-0.041008238906662
"chr8-0127",-0.125185994028942
"chr8-0128",-0.0602575478959752
"chr8-0129",-0.0675110048661021
"chr8-0130",-0.136594880718981
"chr8-0131",-0.157240824957231
"chr8-0132",-0.0949318229459597
"chr8-0133",-0.0189907938342763
"chr8-0134",0.0425017612312081
"chr8-0135",0.025226846211768
"chr8-0136",-0.102089786017108
"chr8-0137",-0.0412132019202338
"chr8-0138",-0.0968175774839946
"chr8-0139",-0.177757627497463
"chr8-0140",-0.0243107159701154
"chr8-0141",0.00528611816855613
"chr8-0142",-0.0334453933359515
"chr8-0143",-0.0852185002032521
"chr8-0144",-0.114611343469517
"chr8-0145",0.019366331930984
"chr8-0146",-0.0660688311798623
"chr8-0147",-0.0489967022268893
"chr8-0148",-0.0109348571897457
"chr8-0149",0.028056819392686
"chr8-0150",-0.0217776339855331
"chr8-0151",-0.146598986757179
"chr8-0152",0.0430335232048074
"chr8-0153",-0.0284397908958573
"chr8-0154",-0.00870841930075186
"chr8-0155",0.0290445107119022
"chr8-0156",0.0121152992661275
"chr8-0157",-0.0271877537816143
"chr8-0158",-0.101290547371359
"chr8-0159",0.00949948993529703
"chr8-0160",0.0125087857704006
"chr8-0161",0.0112293122395319
"chr8-0162",-0.0535744698253755
"chr8-0163",-0.0297742742165392
"chr8-0164",-0.0562652416429198
"chr8-0165",0.0359831617262924
"chr8-0166",-0.100414305013991
"chr8-0167",-0.130354932362684
"chr8-0168",0.0447302365339525
"chr8-0169",-0.0455111522518804
"chr8-0170",-0.0471741285572723
"chr8-0171",0.119606916822564
"chr8-0172",-0.0543342854675274
"chr8-0173",-0.0968820095786403
"chr8-0174",-0.21980794994054
"chr8-0175",-0.0442686732453359
"chr8-0176",-0.0426265391229792
"chr8-0177",-0.00817172431748256
"chr8-0178",-0.00693243924525494
"chr8-0179",0.0447748155288245
"chr8-0180",-0.0192418446929709
"chr8-0181",-0.00642826942320489
"chr8-0182",-0.059193719447603
"chr8-0183",-0.102429164729005
"chr8-0184",-0.0745165545116611
"chr8-0185",0.0022870926836725
"chr8-0186",-0.0322105171509739
"chr8-0187",-0.0830326844801091
"chr8-0188",-0.0821045806601681
"chr8-0189",-0.0870801732833532
"chr8-0190",0.000588872621551292
"chr8-0191",-0.0808203007528342
"chr8-0192",-0.061287097335301
"chr8-0193",-0.129911272554749
"chr8-0194",-0.114003343705759
"chr8-0195",-0.0547694015765597
"chr8-0196",-0.0238919581836465
"chr8-0197",-0.120384002202716
"chr8-0198",-0.0626283485017135
"chr8-0199",-0.0794472585768859
"chr8-0200",-0.025022120859381
"chr8-0201",-0.0320305222517474
"chr8-0202",-0.188799611766345
"chr8-0203",-0.0964841212324942
"chr8-0204",0.0332699096226947
"chr8-0205",0.0326291665111259
"chr8-0206",-0.0220467850343747
"chr8-0207",-0.0780782483508099
"chr8-0208",-0.0734574514355144
"chr8-0209",-0.0849010703980827
"chr8-0210",-0.0322389173183007
"chr8-0211",-0.185583498859642
"chr8-0212",-0.000981265880558701
"chr8-0213",0.168343631482628
"chr8-0214",-0.284489745800086
"chr8-0215",-0.018071928712608
"chr8-0216",-0.107778985702042
"chr8-0217",-0.111549053297915
"chr8-0218",-0.0220722828470932
"chr8-0219",-0.0155342928577434
"chr8-0220",-0.11983031026587
"chr8-0221",-0.144943875819022
"chr8-0222",-0.136779321636908
"chr8-0223",-0.0199012660844952
"chr8-0224",-0.0363410413272194
"chr8-0225",-0.0218352641945229
"chr8-0226",-0.0658271113093549
"chr8-0227",0.057220975692166
"chr8-0228",-0.0591863013231086
"chr8-0229",-0.106319478154037
"chr8-0230",-0.067650799740274
"chr8-0231",-0.0118423951062154
"chr8-0232",-0.12218130704342
"chr8-0233",-0.0083119655562299
"chr8-0234",-0.0245506782146203
"chr8-0235",-0.0353815519155772
"chr8-0236",-0.0714769624869739
"chr8-0237",-0.159598204623879
"chr8-0238",-0.122762793296487
"chr8-0239",-0.0258342048706927
"chr8-0240",-0.137641214260023
"chr8-0241",-0.0483180179877436
"chr8-0242",-0.087891195796183
"chr8-0243",-0.13231652870872
"chr8-0244",-0.0478632230232489
"chr8-0245",-0.00919167659869673
"chr8-0246",-0.0695899996984129
"chr8-0247",-0.0839393105172636
"chr8-0248",-0.037620743878616
"chr8-0249",-0.036923622675117
"chr8-0250",-0.0163748093308497
"chr8-0251",-0.0758414193509176
"chr8-0252",-0.0991123635366647
"chr8-0253",-0.0446994166532417
"chr8-0254",-0.113296381277499
"chr8-0255",-0.00775870351743069
"chr8-0256",-0.0567079445887363
"chr8-0257",-0.0716306043959623
"chr8-0258",-0.0672605162046528
"chr8-0259",-0.0531996917365786
"chr8-0260",-0.0799467192219706
"chr8-0261",-0.072600197940205
"chr8-0262",-0.0976716481947769
"chr8-0263",-0.0243377371581141
"chr8-0264",-0.051786831753501
"chr8-0265",-0.101279025570258
"chr8-0266",0.0551759294739156
"chr8-0267",-0.0572228432263026
"chr8-0268",0.0466631832015735
"chr8-0269",-0.0811043673930046
"chr8-0270",-0.0175777394907856
"chr8-0271",-0.0742344550556102
"chr8-0272",-0.0902906184910135
"chr8-0273",-0.0766573583037529
"chr8-0274",-0.162003885102261
"chr8-0275",-0.0429010580403594
"chr8-0276",-0.0732456169258407
"chr8-0277",-0.109406275460938
"chr8-0278",-0.0238490630783548
"chr8-0279",0.0215008950408373
"chr8-0280",-0.0929326099442481
"chr8-0281",-0.00255607147574238
"chr8-0282",-0.0524111495231649
"chr8-0283",-0.0306200829285559
"chr8-0284",0.00381936252870741
"chr8-0285",-0.0753700949498813
"chr8-0286",-0.0660889451319429
"chr8-0287",-0.00686686735730287
"chr8-0288",-0.0129186229443327
"chr8-0289",-0.0423574189780961
"chr8-0290",-0.0361031916703401
"chr8-0291",0.000550727418954923
"chr8-0292",-0.0131253898385165
"chr8-0293",-0.0803076814607274
"chr8-0294",-0.065860939382013
"chr8-0295",-0.087522693770089
"chr8-0296",0.155095276216394
"chr8-0297",-0.0595327724183629
"chr8-0298",0.0102361430991894
"chr8-0299",-0.0694123875632089
"chr8-0300",0.0190944125027566
"chr8-0301",0.0167716153246171
"chr8-0302",0.111797540892329
"chr8-0303",0.143754580253907
"chr8-0304",-0.000660973275069666
"chr8-0305",-0.0547494264840005
"chr8-0306",-0.0999449820127093
"chr8-0307",0.00558467249348934
"chr8-0308",0.0177801526585784
"chr8-0309",-0.0421089037026171
"chr8-0310",-0.0167141435737302
"chr8-0311",-0.0231530600656625
"chr8-0312",-0.00326888337234157
"chr8-0313",-0.0185019391693761
"chr8-0314",-0.0494138483956575
"chr8-0315",-0.196062038388427
"chr8-0316",-0.0216822517619598
"chr8-0317",-0.0192119511777274
"chr8-0318",0.0397115885326441
"chr8-0319",-0.0463925506658741
"chr8-0320",-0.142713217066803
"chr8-0321",-0.0743351698761699
"chr8-0322",-0.00688839364907438
"chr8-0323",-0.0234548757846153
"chr8-0324",0.0228695258632368
"chr8-0325",-0.0605283076082208
"chr8-0326",-0.0303330090997173
"chr8-0327",-0.0300064385049905
"chr8-0328",-0.15355523079386
"chr8-0329",-0.0999408027870176
"chr8-0330",-0.0431835762175806
"chr8-0331",-0.0553564290048499
"chr8-0332",-0.00285829730313125
"chr8-0333",0.00164939017743118
"chr8-0334",-0.00655600562415252
"chr8-0335",-0.128919071124963
"chr8-0336",-0.172770941493761
"chr8-0337",-0.0490570765075308
"chr8-0338",-0.0817523962490815
"chr8-0339",-0.129648967705457
"chr8-0340",-0.0717491362802891
"chr8-0341",0.0106226325457355
"chr8-0342",0.0136205763290574
"chr8-0343",-0.0747460251680961
"chr8-0344",0.0210928218943751
"chr8-0345",-0.118527675778792
"chr8-0346",-0.0595211799254822
"chr8-0347",-0.0273339948771989
"chr8-0348",-0.101726156356832
"chr8-0349",-0.13433250764027
"chr8-0350",0.0284075341793117
"chr8-0351",0.00798964008883489
"chr8-0352",-0.0942808820480231
"chr8-0353",-0.114722801722277
"chr8-0354",-0.0214089938248656
"chr8-0355",-0.0461387189823822
"chr8-0356",-0.177344088773208
"chr8-0357",-0.152551839041971
"chr8-0358",-0.132141180578731
"chr8-0359",-0.0454340498123289
"chr8-0360",-0.131758820928924
"chr8-0361",0.00119948505003716
"chr8-0362",-0.123654677972219
"chr8-0363",-0.0837191760595616
"chr8-0364",-0.0819087566817736
"chr8-0365",-0.0496606925716982
"chr8-0366",-0.111300602250169
"chr8-0367",-0.0617695387818185
"chr8-0368",-0.0562813837059402
"chr8-0369",-0.0670708949995621
"chr8-0370",-0.0610249760317075
"chr8-0371",-0.0349678030658248
"chr8-0372",-0.0770081829443138
"chr8-0373",0.0224968335527978
"chr8-0374",-0.030648357021136
"chr8-0375",-0.0272805820507245
"chr8-0376",-0.177391004559611
"chr8-0377",-0.0590632045602194
"chr8-0378",0.0208318360925884
"chr8-0379",-0.103527254414328
"chr8-0380",-0.0179060211534289
"chr8-0381",-0.0600717809133246
"chr8-0382",-0.0222982350338043
"chr8-0383",-0.097932246608664
"chr8-0384",-0.0378432704868224
"chr8-0385",-0.077497907885276
"chr8-0386",-0.08866279673544
"chr8-0387",-0.0634806737985708
"chr8-0388",-0.118952181829289
"chr8-0389",-0.0332799462441098
"chr8-0390",-0.0249278542744168
"chr8-0391",-0.0936965129746598
"chr8-0392",-0.150902248003142
"chr8-0393",-0.01938910846346
"chr8-0394",-0.0799874978918167
"chr8-0395",-0.0727284259697644
"chr8-0396",-0.103471227514019
"chr8-0397",-0.0098415566532016
"chr8-0398",-0.127995031173204
"chr8-0399",-0.102763479479678
"chr8-0400",-0.0040209156531412
"chr8-0401",-0.182377518587968
"chr8-0402",-0.0470186250605918
"chr8-0403",-0.117506406186605
"chr8-0404",-0.149680941057612
"chr8-0405",-0.131288071098868
"chr8-0406",-0.13908705478354
"chr8-0407",-0.113963768395769
"chr8-0408",0.0106162169986206
"chr8-0409",-0.0578950893187131
"chr8-0410",-0.0605726918371427
"chr8-0411",-0.104852818702368
"chr8-0412",-0.194101300975083
"chr8-0413",-0.166962845305917
"chr8-0414",-0.0339348650298283
"chr8-0415",-0.0863838222952763
"chr8-0416",-0.0887762796066341
"chr8-0417",-0.0615507267173487
"chr8-0418",-0.0689344350862532
"chr8-0419",0.0219471226853504
"chr8-0420",-0.191960169338966
"chr8-0421",-0.0943673098196053
"chr8-0422",-0.149586606952339
"chr8-0423",-0.107028100423953
"chr8-0424",-0.0332377423923498
"chr8-0425",-0.032092724886914
"chr8-0426",0.00986026144971363
"chr8-0427",-0.0336524896166257
"chr8-0428",-0.0699265822838364
"chr8-0429",-0.0813765470184746
"chr8-0430",0.0127164191753512
"chr8-0431",0.0808707095940972
"chr8-0432",-0.0696413686010708
"chr8-0433",-0.10182546389895
"chr8-0434",0.0216796220706866
"chr8-0435",-0.0179444947982946
"chr8-0436",-0.101890754434178
"chr8-0437",-0.0195148378753153
"chr8-0438",-0.0929887961051912
"chr8-0439",-0.0725051532891859
"chr8-0440",-0.138606943204935
"chr8-0441",-0.0490805428057378
"chr8-0442",-0.0485454168037194
"chr8-0443",-0.0992996679176928
"chr8-0444",-0.276085856635262
"chr8-0445",-0.011173201195387
"chr8-0446",-0.0667026456042503
"chr8-0447",-0.084131747135668
"chr8-0448",-0.167317433416824
"chr8-0449",-0.086395568068015
"chr8-0450",-0.136664847204772
"chr8-0451",-0.183703647669832
"chr8-0452",0.00544961219236506
"chr8-0453",-0.111784777674807
"chr8-0454",-0.0694939902060179
"chr8-0455",-0.0986524862529457
"chr8-0456",-0.145915281948974
"chr8-0457",-0.149819258488509
"chr8-0458",0.0673313218812232
"chr8-0459",-0.126043081662488
"chr8-0460",-0.0642246292905844
"chr8-0461",0.0113927881767359
"chr8-0462",0.0361298521756611
"chr8-0463",0.0253865229148009
"chr8-0464",0.0705615675408326
"chr8-0465",-0.0968133674869191
"chr8-0466",-0.224936782359815
"chr8-0467",-0.0882618973603138
"chr8-0468",-0.0737487582302276
"chr8-0469",-0.0785408439577115
"chr8-0470",-0.103506119364658
"chr8-0471",-0.085267799158181
"chr8-0472",-0.045136498824741
"chr8-0473",-0.0504792854356625
"chr8-0474",-0.187678484819805
"chr8-0475",-0.00384328161981556
"chr8-0476",-0.041702959045388
"chr8-0477",-0.0599952269458504
"chr8-0478",-0.0472885650041265
"chr8-0479",-0.0732323783638551
"chr8-0480",-0.123079084747504
"chr8-0481",-0.0742191748902129
"chr8-0482",-0.117508705123462
"chr8-0483",-0.0250090351055724
"chr8-0484",-0.0876369088998085
"chr8-0485",-0.148308930570038
"chr8-0486",-0.146936035421886
"chr8-0487",-0.0296001291883353
"chr8-0488",-0.184896717376641
"chr8-0489",0.0695865125714438
"chr8-0490",-0.123245338275417
"chr8-0491",-0.0529438931715361
"chr8-0492",-0.076535165255369
"chr8-0493",-0.0139268994925116
"chr8-0494",-0.0876014776210887
"chr8-0495",-0.0907188315156293
"chr8-0496",-0.0759337820241577
"chr8-0497",-0.190690568142204
"chr8-0498",-0.050759293596691
"chr8-0499",-0.159314364810064
"chr8-0500",-0.0591942277867054
"chr8-0501",-0.0882981139536434
"chr8-0502",-0.0617879617282996
"chr8-0503",-0.142254992896662
"chr8-0504",-0.137674154866693
"chr8-0505",-0.07650588555929
"chr8-0506",-0.132063048131268
"chr8-0507",-0.0262563041899453
"chr8-0508",-0.0572797197237992
"chr8-0509",-0.0232850930856712
"chr8-0510",-0.0644723827226893
"chr8-0511",-0.197499505083977
"chr8-0512",-0.212505129116639
"chr8-0513",-0.103773933274615
"chr8-0514",-0.0122600408619538
"chr8-0515",-0.0608453905810078
"chr8-0516",0.0752375346117087
"chr8-0517",-0.0430324133477435
"chr8-0518",-0.0442343003396892
"chr8-0519",-0.112108561327415
"chr8-0520",0.0219247276914413
"chr8-0521",-0.074660269435566
"chr8-0522",-0.0845644204746685
"chr8-0523",-0.122977058796135
"chr8-0524",-0.104393237848216
"chr8-0525",-0.071649036730102
"chr8-0526",-0.0448136037205161
"chr8-0527",-0.152497427168528
"chr8-0528",-0.221583126959545
"chr8-0529",-0.0725005003194562
"chr8-0530",-0.135686440941795
"chr8-0531",-0.00261327079255957
"chr8-0532",0.00543017583073203
"chr8-0533",-0.160798332323218
"chr8-0534",0.0414364266656009
"chr8-0535",-0.034025045617331
"chr8-0536",-0.071101130535432
"chr8-0537",-0.107505865422797
"chr8-0538",-0.0532593765416287
"chr8-0539",-0.07610545114094
"chr8-0540",-0.0019999298314462
"chr8-0541",-0.105326461680638
"chr8-0542",-0.0253911963333961
"chr8-0543",-0.0150191300069574
"chr8-0544",0.0226228030476507
"chr8-0545",0.0052371364037305
"chr8-0546",-0.0804010050083558
"chr8-0547",0.0662870823475403
"chr8-0548",-0.124227219400041
"chr8-0549",-0.0678206523553132
"chr8-0550",-0.0771124322405356
"chr8-0551",-0.0847436115487624
"chr8-0552",-0.0341405134254237
"chr8-0553",-0.0237699083894069
"chr8-0554",-0.163840267343203
"chr8-0555",-0.166820770331163
"chr8-0556",-0.0906035798686988
"chr8-0557",-0.0426675777243006
"chr8-0558",-0.139359391294848
"chr8-0559",-0.0183015603476336
"chr8-0560",-0.0695170137477541
"chr8-0561",-0.052786723802795
"chr8-0562",-0.0488836235136861
"chr8-0563",-0.0941339741055357
"chr8-0564",-0.076587225938559
"chr8-0565",-0.0481936257399529
"chr8-0566",-0.109806029292785
"chr8-0567",-0.123784962719351
"chr8-0568",-0.0941844534121218
"chr8-0569",-0.0924940287446956
"chr8-0570",-0.121769747585387
"chr8-0571",-0.0825294470455475
"chr8-0572",-0.0539386709391905
"chr8-0573",-0.049531869228013
"chr8-0574",0.0428121394172697
"chr8-0575",-0.0957708387089463
"chr8-0576",-0.0513615207583752
"chr8-0577",0.0822992447252037
"chr8-0578",-0.0352732505997272
"chr8-0579",0.0138968973983361
"chr8-0580",0.000841118394157435
"chr8-0581",0.0859686386399243
"chr8-0582",-0.0181078337253983
"chr8-0583",-0.109147923730092
"chr8-0584",0.0335637073794033
"chr8-0585",-0.190560297665172
"chr8-0586",-0.0688392654666153
"chr8-0587",0.0602174973924961
"chr8-0588",-0.00219615076433333
"chr8-0589",-0.137032261085112
"chr8-0590",0.0130670412067792
"chr8-0591",0.0696459269862927
"chr8-0592",-0.117169532340587
"chr8-0593",-0.0347325021948526
"chr8-0594",-0.00907622066775898
"chr8-0595",-0.106969113686605
"chr8-0596",-0.130266074376938
"chr8-0597",-0.0433047138369339
"chr8-0598",-0.195001995635563
"chr8-0599",-0.291336194667845
"chr8-0600",-0.0543231418105688
"chr8-0601",-0.186532214906658
"chr8-0602",-0.09755225046131
"chr8-0603",-0.126065141016371
"chr8-0604",-0.0100837329993401
"chr8-0605",-0.084495476569818
"chr8-0606",-0.0995691810267346
"chr8-0607",0.0452954379976001
"chr8-0608",-0.129779905687244
"chr8-0609",-0.138682396268727
"chr8-0610",-0.137558649410562
"chr8-0611",-0.0661435686654697
"chr8-0612",0.00496609552373813
"chr8-0613",-0.11941037548472
"chr8-0614",-0.105060036993914
"chr8-0615",-0.0139189313766296
"chr8-0616",-0.143890032787576
"chr8-0617",-0.173825573346691
"chr8-0618",-0.0894340711065073
"chr8-0619",-0.147199442552081
"chr8-0620",0.0427653958994708
"chr8-0621",-0.0808030768091528
"chr8-0622",-0.0263977554423041
"chr8-0623",-0.0923569904950108
"chr8-0624",-0.120850432261062
"chr8-0625",-0.0426785476093417
"chr8-0626",-0.096990303140807
"chr8-0627",-0.144770468976917
"chr8-0628",-0.116810709100569
"chr8-0629",-0.000417394524929103
"chr8-0630",-0.163216604541928
"chr8-0631",-0.173904090255139
"chr8-0632",-0.172796051083029
"chr8-0633",-0.0564392150866985
"chr8-0634",-0.158555373552791
"chr8-0635",0.0157488714420526
"chr8-0636",-0.0916365684882685
"chr8-0637",0.0344137037164302
"chr8-0638",-0.078549191827255
"chr8-0639",-0.0190569284527978
"chr8-0640",-0.10837188763178
"chr8-0641",-0.122235223078563
"chr8-0642",-0.0818689551765222
"chr8-0643",-0.149113900797449
"chr8-0644",-0.133695411329128
"chr8-0645",-0.156028999317075
"chr8-0646",-0.150460109904191
"chr8-0647",-0.000279473301062357
"chr8-0648",-0.0251780290948913
"chr8-0649",0.031548000082499
"chr8-0650",-0.0501817001298062
"chr8-0651",-0.0937898213585321
"chr8-0652",-0.0296164844423469
"chr8-0653",-0.152507686868688
"chr8-0654",-0.0734691243355402
"chr8-0655",0.0564590767881087
"chr8-0656",-0.164301979409322
"chr8-0657",-0.143574956531288
"chr8-0658",-0.0175048710433727
"chr8-0659",-0.0502487199071318
"chr8-0660",-0.0109848792432203
"chr8-0661",-0.0211112619488237
"chr8-0662",-0.115001033212391
"chr8-0663",-0.239635480498475
"chr8-0664",-0.180064731263103
"chr8-0665",-0.207678294761243
"chr8-0666",0.0307176472947579
"chr8-0667",0.043819398981359
"chr8-0668",0.0163655086421768
"chr8-0669",-0.0217710013792569
"chr8-0670",-0.0586552560276878
"chr8-0671",-0.0301537977498447
"chr8-0672",-0.134873591258658
"chr8-0673",-0.129068563696249
"chr8-0674",-0.0893539912410975
"chr8-0675",-0.0383513986196497
"chr8-0676",0.00328772574860739
"chr8-0677",-0.100319960885834
"chr8-0678",0.0610841572261991
"chr8-0679",-0.112517709780958
"chr8-0680",-0.0559039063120471
"chr8-0681",-0.0221247022367887
"chr8-0682",0.00291480619661819
"chr8-0683",0.0312047909374029
"chr8-0684",-0.060135849025398
"chr8-0685",-0.0193106908553157
"chr8-0686",-0.023231146836584
"chr8-0687",-0.130402701364596
"chr8-0688",-0.118854002830615
"chr8-0689",-0.115711026416145
"chr8-0690",-0.0267464802613187
"chr8-0691",-0.0648808108783291
"chr8-0692",-0.0581277588735558
"chr8-0693",-0.0502652904711765
"chr8-0694",0.0140994920227814
"chr8-0695",0.0161173308309202
"chr8-0696",-0.0117738713554222
"chr8-0697",-0.00326773864605168
"chr8-0698",-0.0893254369326324
"chr8-0699",-0.0196183290494862
"chr8-0700",-0.144864037088008
"chr8-0701",-0.101130208628075
"chr8-0702",-0.0226551857207185
"chr8-0703",0.0259874954143989
"chr8-0704",-0.0724917225110513
"chr8-0705",-0.0632794561129584
"chr8-0706",-0.0664179312020132
"chr8-0707",-0.0674558272021463
"chr8-0708",0.0172121298636589
"chr8-0709",0.0312385048182224
"chr8-0710",-0.216078167058789
"chr8-0711",-0.137089149115446
"chr8-0712",-0.0976182182450232
"chr8-0713",0.0216788844413388
"chr8-0714",0.0412027776218297
"chr8-0715",-0.0770559260152201
"chr8-0716",-0.0760424159755983
"chr8-0717",-0.0816467609922897
"chr8-0718",0.0148401631023906
"chr8-0719",-0.133838359229907
"chr8-0720",0.0147951330682422
"chr8-0721",-0.179423654455845
"chr8-0722",-0.054429145913614
"chr8-0723",-0.0122556786217365
"chr8-0724",-0.00441044792584791
"chr8-0725",0.025668465302706
"chr8-0726",-0.0883829443217556
"chr8-0727",-0.0709570442934734
"chr8-0728",-0.00972563634640074
"chr8-0729",-0.205806076483663
"chr8-0730",-0.0451201063809505
"chr8-0731",0.0439751265417165
"chr8-0732",-0.0739951719036055
"chr8-0733",-0.0719341056002185
"chr8-0734",-0.0783821092032941
"chr8-0735",-0.0209950027667562
"chr8-0736",-0.0276284820863597
"chr8-0737",-0.142233896081011
"chr8-0738",0.037440350539969
"chr8-0739",0.0353380197703113
"chr8-0740",-0.0103436564983132
"chr8-0741",0.0552803386040013
"chr8-0742",-0.00706276146478804
"chr8-0743",0.0127360801347994
"chr8-0744",-0.000494485762258922
"chr8-0745",-0.077511950906669
"chr8-0746",-0.0411230888951945
"chr8-0747",-0.0918271760439628
"chr8-0748",-0.0549596999756213
"chr8-0749",-0.116045812997557
"chr8-0750",-0.00295835274957945
"chr8-0751",-0.159992960339028
"chr8-0752",-0.124209832474494
"chr8-0753",-0.179828873987875
"chr8-0754",-0.194420461852932
"chr8-0755",-0.0795400477184839
"chr8-0756",-0.0488752182856274
"chr8-0757",-0.145267899666982
"chr8-0758",-0.0619455098207376
"chr8-0759",-0.0137829018522288
"chr8-0760",-0.0645249998288767
"chr8-0761",0.0164330796489626
"chr8-0762",0.064117759168233
"chr8-0763",-0.0343152935829702
"chr8-0764",0.0289634540697252
"chr8-0765",-0.0306438783149015
"chr8-0766",-0.109013422022033
"chr8-0767",-0.0688373062500154
"chr8-0768",0.041395532722395
"chr8-0769",0.0241379810389468
"chr8-0770",-0.0292839544331054
"chr8-0771",-0.0623792150569864
"chr8-0772",-0.00169822305788636
"chr8-0773",0.0968268516140904
"chr8-0774",-0.0831414744402057
"chr8-0775",0.0625136211181535
"chr8-0776",0.0656316402630988
"chr8-0777",-0.120654948130321
"chr8-0778",-0.0238493746367148
"chr8-0779",-0.11202105404789
"chr8-0780",-0.22741077387067
"chr8-0781",-0.111030918776832
"chr8-0782",-0.0704196226093976
"chr8-0783",-0.0886620450814704
"chr8-0784",-0.0382075890259291
"chr8-0785",-0.12979089648612
"chr8-0786",-0.144867015066834
"chr8-0787",-0.0315510901961718
"chr8-0788",-0.118602410960781
"chr8-0789",-0.0498635859251397
"chr8-0790",-0.0679846888592024
"chr8-0791",-0.176635571799991
"chr8-0792",-0.0290258690621996
"chr8-0793",-0.0392887913442074
"chr8-0794",-0.0469339851301879
"chr8-0795",-0.101278240755392
"chr8-0796",-0.0441981478487636
"chr8-0797",0.0738873716693345
"chr8-0798",0.0440499425435702
"chr8-0799",0.0467674076312403
"chr8-0800",-0.0302264641102656
"chr8-0801",-0.0731982485832867
"chr8-0802",-0.0385624694292484
"chr8-0803",-0.0799448097990517
"chr8-0804",0.0303764593781107
"chr8-0805",0.0659126561674682
"chr8-0806",0.00191290360310416
"chr8-0807",0.0904678099317341
"chr8-0808",0.011535214727186
"chr8-0809",0.045220951160263
"chr8-0810",-0.00950799043062531
"chr8-0811",-0.0395482932626975
"chr8-0812",-0.0262371475766721
"chr8-0813",0.0168052073439197
"chr8-0814",0.085015730055714
"chr8-0815",0.0460227632493533
"chr8-0816",0.0205411796821376
"chr8-0817",0.0198664057872534
"chr8-0818",-0.0123670961939676
"chr8-0819",-0.0252890976280613
"chr8-0820",-0.0789994899276982
"chr8-0821",-0.00454022172532341
"chr8-0822",0.0168803032540568
"chr8-0823",-0.0312617585965258
"chr8-0824",-0.0471616227133511
"chr8-0825",-0.0520517723825885
"chr8-0826",0.00426591331480929
"chr8-0827",0.00429414513578856
"chr8-0828",-0.00455265326235508
"chr8-0829",0.0134886278116149
"chr8-0830",-0.0335584213010911
"chr8-0831",-0.0442156196359609
"chr8-0832",0.00787720331929876
"chr8-0833",0.0588642761008831
"chr8-0834",-0.0148875751588706
"chr8-0835",-0.0152364249117315
"chr8-0836",-0.0195039010408301
"chr8-0837",-0.0185521486617082
"chr8-0838",0.0519787126324174
"chr8-0839",0.0530989981458641
"chr8-0840",0.0739394355247039
"chr8-0841",0.0660149121644865
"chr8-0842",0.0254683095255597
"chr8-0843",0.026445467299158
"chr8-0844",0.00109751081995839
"chr8-0845",0.0129234003648654
"chr8-0846",-0.0188419185024524
"chr8-0847",0.0281618839642673
"chr8-0848",0.0309176465439932
"chr8-0849",-0.00702685090314817
"chr8-0850",0.0747270778315118
"chr8-0851",-0.0478331763575123
"chr8-0852",-0.0196406305493844
"chr8-0853",0.0899178007374696
"chr8-0854",0.0746026496497758
"chr8-0855",0.114543937021029
"chr8-0856",0.0231755166366664
"chr8-0857",0.0138571379546418
"chr8-0858",0.013896150489018
"chr8-0859",0.10855181676355
"chr8-0860",0.0128577954965835
"chr8-0861",-0.0535104450943537
"chr8-0862",0.0142268600037876
"chr8-0863",-0.0587595064767521
"chr8-0864",-0.0459661933752585
"chr9-0001",0.0219259680011493
"chr9-0002",-0.0857472339798827
"chr9-0003",-0.102077838225201
"chr9-0004",-0.0677603558007259
"chr9-0005",0.055018651799162
"chr9-0006",-0.151123023063752
"chr9-0007",-0.0524453090025324
"chr9-0008",-0.0197228674385422
"chr9-0009",-0.104942672610663
"chr9-0010",0.0254571530451659
"chr9-0011",-0.172915200966668
"chr9-0012",-0.116427098352633
"chr9-0013",0.00856410139806696
"chr9-0014",0.00671217845533473
"chr9-0015",-0.0355165361705679
"chr9-0016",-0.0634880131875426
"chr9-0017",-0.0400882477629961
"chr9-0018",0.0431562743666821
"chr9-0019",0.0046316236976109
"chr9-0020",0.0222703987023671
"chr9-0021",-0.0425532287862997
"chr9-0022",-0.056906575898789
"chr9-0023",-0.0555182653513267
"chr9-0024",-0.0422168830428587
"chr9-0025",0.0303031751659307
"chr9-0026",-0.0558986686249634
"chr9-0027",0.0703473401791872
"chr9-0028",-0.0758569771771974
"chr9-0029",-0.0309764456200315
"chr9-0030",-0.08667049351672
"chr9-0031",-0.135569080653781
"chr9-0032",-0.16685857122748
"chr9-0033",-0.0737167141044586
"chr9-0034",-0.0617653829575482
"chr9-0035",0.0878762316475873
"chr9-0036",-0.14973547180669
"chr9-0037",-0.0259788116562863
"chr9-0038",-0.0696490745772752
"chr9-0039",0.157707030562917
"chr9-0040",0.00471467983928648
"chr9-0041",0.0344212480403949
"chr9-0042",-0.0460667202997703
"chr9-0043",-0.0413270677653327
"chr9-0044",-0.0481402685629625
"chr9-0045",-0.171002673167865
"chr9-0046",-0.180088285496342
"chr9-0047",-0.0631404345304849
"chr9-0048",-0.028888306804064
"chr9-0049",-0.0497142843974235
"chr9-0050",-0.075434732070019
"chr9-0051",0.06218240585521
"chr9-0052",-0.0256717845825976
"chr9-0053",0.0105234881722755
"chr9-0054",-0.0813654402649826
"chr9-0055",-0.0138612780647483
"chr9-0056",-0.0632768451187032
"chr9-0057",-0.0542051853481926
"chr9-0058",-0.0639108437493722
"chr9-0059",-0.0405375502816844
"chr9-0060",0.102985635753554
"chr9-0061",-0.0228199106896047
"chr9-0062",-0.040343934577638
"chr9-0063",0.0625848270688062
"chr9-0064",-0.0575255542979937
"chr9-0065",0.0266104017045776
"chr9-0066",-0.0681239049497944
"chr9-0067",0.0645679962312818
"chr9-0068",0.000549954025186003
"chr9-0069",-0.0785636479916218
"chr9-0070",0.0631674110709807
"chr9-0071",-0.0732052117009673
"chr9-0072",-0.0120733790173125
"chr9-0073",-0.0801104459689946
"chr9-0074",-0.105471535443701
"chr9-0075",0.039201625758522
"chr9-0076",-0.032621530805316
"chr9-0077",-0.0438415774756359
"chr9-0078",0.0389593321388997
"chr9-0079",0.0769138636420046
"chr9-0080",-0.144798046778773
"chr9-0081",-0.134690047908075
"chr9-0082",-0.0980272623939012
"chr9-0083",-0.0907170980347644
"chr9-0084",0.00395633396455546
"chr9-0085",-0.0783010612010025
"chr9-0086",-0.0156550957751416
"chr9-0087",-0.180184966072656
"chr9-0088",0.029816243949847
"chr9-0089",-0.136404579097283
"chr9-0090",-0.0629435531973873
"chr9-0091",0.00788310574133309
"chr9-0092",-0.122102898917434
"chr9-0093",0.0417590976853177
"chr9-0094",-0.135098456229663
"chr9-0095",0.00440977249847355
"chr9-0096",-0.0571847847634054
"chr9-0097",-0.0263955992484339
"chr9-0098",-0.133120820313829
"chr9-0099",0.00573428257865741
"chr9-0100",-0.117439877038201
"chr9-0101",-0.0913026023790871
"chr9-0102",-0.110250057436028
"chr9-0103",-0.0337903871948589
"chr9-0104",-0.108868791116896
"chr9-0105",-0.0932973606689878
"chr9-0106",-0.0195544277133793
"chr9-0107",0.0453664389475506
"chr9-0108",-0.0215243856992718
"chr9-0109",-0.0430101383223172
"chr9-0110",-0.0757013174306594
"chr9-0111",-0.000828558631010997
"chr9-0112",0.103705349533905
"chr9-0113",-0.123487679024617
"chr9-0114",-0.0313930152533375
"chr9-0115",-0.0259302463961654
"chr9-0116",-0.0486617736865036
"chr9-0117",-0.106078401305165
"chr9-0118",-0.0611656722621973
"chr9-0119",-0.0476640385621912
"chr9-0120",-0.0757540923717273
"chr9-0121",-0.0954123612051902
"chr9-0122",0.0340293179273909
"chr9-0123",-0.0586847246740973
"chr9-0124",-0.0837861059077281
"chr9-0125",-0.046183740187654
"chr9-0126",-0.0630122644598175
"chr9-0127",-0.0299541165496789
"chr9-0128",-0.0347839361546012
"chr9-0129",-0.0474066614364006
"chr9-0130",-0.00874584071815664
"chr9-0131",0.0358750453404066
"chr9-0132",-0.0364248699402115
"chr9-0133",-0.0306784938252167
"chr9-0134",0.0135024091924435
"chr9-0135",-0.0698222775339745
"chr9-0136",-0.0662584447006764
"chr9-0137",0.021760635910304
"chr9-0138",-0.132042267131983
"chr9-0139",-0.0100815908195246
"chr9-0140",-0.0960946448447987
"chr9-0141",-0.124457252534358
"chr9-0142",-0.0218744377083978
"chr9-0143",-0.0520336631845282
"chr9-0144",-0.0341055196815132
"chr9-0145",0.00993433763841504
"chr9-0146",-0.077908013256452
"chr9-0147",-0.149475321924737
"chr9-0148",-0.0484431809119403
"chr9-0149",-0.019302469434555
"chr9-0150",-0.017954376793773
"chr9-0151",0.0312367478594482
"chr9-0152",-0.0496117225648963
"chr9-0153",-0.100904253033344
"chr9-0154",-0.0593164944207294
"chr9-0155",0.0687529367472459
"chr9-0156",-0.11259360277784
"chr9-0157",-0.060411212169236
"chr9-0158",-0.099453333854018
"chr9-0159",-0.0173842636454039
"chr9-0160",0.0137522672877116
"chr9-0161",0.0103735063360089
"chr9-0162",-0.0341860423433683
"chr9-0163",0.0160491765211348
"chr9-0164",0.00832887472258905
"chr9-0165",-0.0212158580724462
"chr9-0166",0.0939582278069811
"chr9-0167",-0.0619884501426967
"chr9-0168",-0.0982000737411306
"chr9-0169",0.0286500494749955
"chr9-0170",-0.10759316949723
"chr9-0171",-0.0526451243383832
"chr9-0172",-0.098134220786606
"chr9-0173",-0.0629979030522403
"chr9-0174",-0.0884364760426175
"chr9-0175",-0.143306076164259
"chr9-0176",-0.0705219082628046
"chr9-0177",2.66605165208534e-05
"chr9-0178",-0.0212908708807743
"chr9-0179",-0.0578539870357396
"chr9-0180",-0.0398005384200776
"chr9-0181",-0.0607478215456629
"chr9-0182",-0.105423386634248
"chr9-0183",-0.120966475858158
"chr9-0184",0.0127711661919233
"chr9-0185",0.0324394948054959
"chr9-0186",-0.0135436413939959
"chr9-0187",-0.0471288529684379
"chr9-0188",0.0271890910799992
"chr9-0189",-0.0338638275430684
"chr9-0190",-0.031703420698871
"chr9-0191",-0.0376417506121967
"chr9-0192",-0.0589235340455034
"chr9-0193",-0.0201963382080967
"chr9-0194",-0.0565851169519299
"chr9-0195",0.018923487438003
"chr9-0196",-0.178979576832117
"chr9-0197",-0.0256349212279938
"chr9-0198",-0.0780222135432173
"chr9-0199",-0.0854233682546335
"chr9-0200",0.0172700170904907
"chr9-0201",-0.0377842992571993
"chr9-0202",0.0119383187020499
"chr9-0203",-0.107216038266129
"chr9-0204",-0.0732421456274118
"chr9-0205",-0.116231221370799
"chr9-0206",0.0552297858420809
"chr9-0207",-0.0772327778974798
"chr9-0208",-0.116125222164183
"chr9-0209",-0.07315701653577
"chr9-0210",0.057617660667561
"chr9-0211",0.0730724844853264
"chr9-0212",0.0402300156351449
"chr9-0213",0.0216176356599205
"chr9-0214",-0.154225722124034
"chr9-0215",0.0148726462626115
"chr9-0216",0.00201421900918818
"chr9-0217",-0.104805702514601
"chr9-0218",-0.0950635412198018
"chr9-0219",-0.0531792066677975
"chr9-0220",-0.0596549202452191
"chr9-0221",-0.00317160928104131
"chr9-0222",0.0607419145130443
"chr9-0223",0.00152854029719717
"chr9-0224",-0.0195663311192685
"chr9-0225",-0.130274032824339
"chr9-0226",-0.0248683176106131
"chr9-0227",-0.164546841161156
"chr9-0228",0.0127723105020734
"chr9-0229",0.00249255242178949
"chr9-0230",-0.0471097256836201
"chr9-0231",-0.153847220844056
"chr9-0232",0.0108316015217955
"chr9-0233",-0.00220734700784866
"chr9-0234",-0.00871831085416312
"chr9-0235",-0.00441436691111482
"chr9-0236",-0.0568767678822267
"chr9-0237",0.0202932113233936
"chr9-0238",-0.0356317202296298
"chr9-0239",-0.0853848629413031
"chr9-0240",0.00926499209896267
"chr9-0241",-0.0255152390518263
"chr9-0242",-0.0499257306084264
"chr9-0243",0.0583584588495991
"chr9-0244",-0.0120110002935944
"chr9-0245",-0.103405674142567
"chr9-0246",0.0418681837411211
"chr9-0247",0.057499129014764
"chr9-0248",-0.0195824707991286
"chr9-0249",-0.0621918268806068
"chr9-0250",-0.138259896263146
"chr9-0251",0.01594412398611
"chr9-0252",-0.154211299541728
"chr9-0253",-0.133849412538332
"chr9-0254",0.0285564005588871
"chr9-0255",-0.117519645605795
"chr9-0256",-0.0640045584833646
"chr9-0257",0.0232738130156852
"chr9-0258",-0.0387943317204786
"chr9-0259",-0.0388951640616188
"chr9-0260",0.0654827191185462
"chr9-0261",-0.022588831334812
"chr9-0262",0.0354097478551367
"chr9-0263",-0.00612553912597629
"chr9-0264",-0.0360583470441519
"chr9-0265",-0.0102034402580257
"chr9-0266",-0.0328372732832683
"chr9-0267",0.030308646234267
"chr9-0268",0.00108105235823398
"chr9-0269",-0.0160032615268964
"chr9-0270",0.0338481211933961
"chr9-0271",-0.106498771288711
"chr9-0272",-0.0591926076609713
"chr9-0273",-0.0621577429755988
"chr9-0274",0.0719089315776758
"chr9-0275",-0.0545137494167282
"chr9-0276",-0.0255608219889481
"chr9-0277",-0.0451966866014714
"chr9-0278",-0.0437884574455691
"chr9-0279",0.0337117305205369
"chr9-0280",0.0553768438991546
"chr9-0281",-0.0719323954726881
"chr9-0282",-0.0229156590139138
"chr9-0283",-0.0216242097988571
"chr9-0284",-0.0965661154401243
"chr9-0285",0.0407094710212028
"chr9-0286",0.00585800648596795
"chr9-0287",-0.0114531983608103
"chr9-0288",-0.107526064571568
"chr9-0289",-0.0426296825682269
"chr9-0290",-0.00532962616320262
"chr9-0291",-0.062882153928205
"chr9-0292",0.0683324602014598
"chr9-0293",-0.0253171176048869
"chr9-0294",0.0147472921737389
"chr9-0295",-0.0961826279088766
"chr9-0296",0.113459488571964
"chr9-0297",-0.000206034493385782
"chr9-0298",0.0971910371798216
"chr9-0299",-0.0271708346450325
"chr9-0300",-0.0224273130911406
"chr9-0301",-0.0494838562696114
"chr9-0302",0.000872299596447933
"chr9-0303",0.0398861287924797
"chr9-0304",0.0524515336314804
"chr9-0305",0.0712238130681688
"chr9-0306",0.108706432759945
"chr9-0307",-0.00360403357728492
"chr9-0308",-0.0424076561989347
"chr9-0309",-0.0570505659750396
"chr9-0310",-0.0280117901052808
"chr9-0311",-0.117433065358207
"chr9-0312",-0.0177065382048865
"chr9-0313",-0.0435828469118423
"chr9-0314",-0.139615387746693
"chr9-0315",-0.00754978609817582
"chr9-0316",-0.0151061380298331
"chr9-0317",-0.0783176008289824
"chr9-0318",-0.0811869095318513
"chr9-0319",-0.0985973600671845
"chr9-0320",-0.0302754656377921
"chr9-0321",-0.149377754745464
"chr9-0322",-0.0678041554710104
"chr9-0323",-0.128072900870261
"chr9-0324",-0.0774599395102791
"chr9-0325",-0.0580900325806327
"chr9-0326",0.0189347457714067
"chr9-0327",-0.0209682326527537
"chr9-0328",0.0331351814398303
"chr9-0329",-0.072369923145849
"chr9-0330",0.0264191868766149
"chr9-0331",-0.0391499757229035
"chr9-0332",-0.0666653372001676
"chr9-0333",-0.0935777179737204
"chr9-0334",-0.110030334954144
"chr9-0335",-0.0432676720226832
"chr9-0336",-0.039367568220915
"chr9-0337",-0.133414324030134
"chr9-0338",-0.032132084904777
"chr9-0339",-0.0567110563582602
"chr9-0340",-0.00929156574509135
"chr9-0341",-0.0738601524496529
"chr9-0342",-0.236822935030395
"chr9-0343",-0.103737415196438
"chr9-0344",0.000665761313522861
"chr9-0345",-0.0790393635792832
"chr9-0346",-0.0209954082629816
"chr9-0347",-0.0732493886667916
"chr9-0348",-0.101595349121382
"chr9-0349",-0.0363064132268575
"chr9-0350",-0.0980920632667468
"chr9-0351",-0.0761048304424125
"chr9-0352",0.0945728696093383
"chr9-0353",0.00300015158651183
"chr9-0354",-0.14891221461893
"chr9-0355",-0.0466754252892638
"chr9-0356",-0.0143049035807016
"chr9-0357",-0.0188783897483494
"chr9-0358",-0.0182945597529217
"chr9-0359",-0.105964094791974
"chr9-0360",-0.136608517061024
"chr9-0361",0.0178937819679483
"chr9-0362",-0.133516187398194
"chr9-0363",-0.0669648803207996
"chr9-0364",-0.111493401201543
"chr9-0365",-0.0846949393217072
"chr9-0366",-0.0315390725362993
"chr9-0367",-0.101632165638181
"chr9-0368",-0.0573587947814465
"chr9-0369",0.129486559290739
"chr9-0370",0.0206674590733797
"chr9-0371",-0.092365432124989
"chr9-0372",-0.0715850334180915
"chr9-0373",-0.111646181356836
"chr9-0374",-0.105151783115988
"chr9-0375",0.0672489040249888
"chr9-0376",0.0129740606642481
"chr9-0377",-0.0625007641026345
"chr9-0378",-0.114953670574035
"chr9-0379",-0.0744996460598581
"chr9-0380",-0.00695922022940358
"chr9-0381",0.0336142408799314
"chr9-0382",0.0306198301002385
"chr9-0383",-0.150439309048138
"chr9-0384",-0.0903723423082372
"chr9-0385",-0.0691773829313772
"chr9-0386",-0.0321219868383964
"chr9-0387",-0.04217106932467
"chr9-0388",-0.180229311774876
"chr9-0389",-0.0209484495765983
"chr9-0390",-0.119493210103536
"chr9-0391",0.0233602988430168
"chr9-0392",-0.0992032303658563
"chr9-0393",-0.110751990251911
"chr9-0394",-0.0547989261652297
"chr9-0395",0.0617407060459989
"chr9-0396",-0.0458590220957123
"chr9-0397",0.0395137743743025
"chr9-0398",-0.0531157471885649
"chr9-0399",0.00317825450586438
"chr9-0400",-0.0314841687712132
"chr9-0401",-0.030747369183498
"chr9-0402",-0.0445762709838433
"chr9-0403",0.0881160330292404
"chr9-0404",-0.0221614099057157
"chr9-0405",-0.0662283389431438
"chr9-0406",-0.0358610935235037
"chr9-0407",-0.145598437667853
"chr9-0408",-0.0111374209095454
"chr9-0409",-0.145519114839681
"chr9-0410",0.000996710824659566
"chr9-0411",-0.116210127571511
"chr9-0412",-0.148722610133995
"chr9-0413",-0.0509355717275285
"chr9-0414",-0.00775786445792471
"chr9-0415",-0.151443986185178
"chr9-0416",-0.0291014368069585
"chr9-0417",-0.0185788708564781
"chr9-0418",-0.0263166292493577
"chr9-0419",0.0988593206413204
"chr9-0420",-0.00733090280178112
"chr9-0421",-0.0247836703005202
"chr9-0422",0.0787404346016421
"chr9-0423",-0.0566846499776714
"chr9-0424",0.0156306826224546
"chr9-0425",-0.194433353480824
"chr9-0426",-0.0468677679417017
"chr9-0427",-0.132394938849162
"chr9-0428",-0.0441299492843647
"chr9-0429",-0.000117561172450362
"chr9-0430",-0.0584702945702529
"chr9-0431",-0.0994334891006219
"chr9-0432",0.015558661647222
"chr9-0433",-0.0212200849043943
"chr9-0434",-0.0381604708620332
"chr9-0435",-0.0200280571284993
"chr9-0436",-0.0320031169352861
"chr9-0437",0.0192806467586363
"chr9-0438",0.100804094814981
"chr9-0439",-0.0161762451192677
"chr9-0440",-0.105653143752547
"chr9-0441",-0.0171955817271509
"chr9-0442",-0.201198103549034
"chr9-0443",-0.0903716260736413
"chr9-0444",0.0558338302918018
"chr9-0445",-0.0376861499076466
"chr9-0446",-0.0639491103291687
"chr9-0447",-0.130676823519922
"chr9-0448",-0.142547976618235
"chr9-0449",0.0255075716338723
"chr9-0450",0.00856470127900451
"chr9-0451",-0.163680811942609
"chr9-0452",-0.128490658351876
"chr9-0453",-0.0738499515444658
"chr9-0454",-0.0786746892056416
"chr9-0455",0.000266819266039452
"chr9-0456",0.0492985604980418
"chr9-0457",-0.0662566017415085
"chr9-0458",-0.0463210593974383
"chr9-0459",-0.00269175967735376
"chr9-0460",-0.100821951271666
"chr9-0461",0.120621353874057
"chr9-0462",-0.0260596668944834
"chr9-0463",-0.000506936864364281
"chr9-0464",-0.0575003447798503
"chr9-0465",-0.0342211593590543
"chr9-0466",-0.0483111043260345
"chr9-0467",-0.10152994462748
"chr9-0468",-0.0250694369207313
"chr9-0469",-0.0471004138749509
"chr9-0470",-0.00121951963743015
"chr9-0471",-0.0379275095673403
"chr9-0472",0.0757586007670429
"chr9-0473",-0.0315919600658468
"chr9-0474",0.0984191314274322
"chr9-0475",-0.114347972228507
"chr9-0476",-0.002676724387462
"chr9-0477",0.0168596111819238
"chr9-0478",0.0764437215834259
"chr9-0479",-0.04396209319593
"chr9-0480",-0.061144532337786
"chr9-0481",-0.0752657774829952
"chr9-0482",-0.0996412357504028
"chr9-0483",-0.0358616836732203
"chr9-0484",0.020895116447522
"chr9-0485",-0.00101635966193166
"chr9-0486",-0.004164196572807
"chr9-0487",0.0386486708231951
"chr9-0488",0.0421758969498199
"chr9-0489",-0.019566674859902
"chr9-0490",-0.0323600574622621
"chr9-0491",0.00760683180668836
"chr9-0492",-0.0126594038931753
"chr9-0493",0.0748222045737214
"chr9-0494",0.0122633463789863
"chr9-0495",-0.0656047070662538
"chr9-0496",-0.00711155791337922
"chr9-0497",0.000419948405910955
"chr9-0498",0.0312339296221277
"chr9-0499",0.0270203246794897
"chr9-0500",0.025737999646454
"chr9-0501",0.0667242781031235
"chr9-0502",0.049668832104656
"chr9-0503",-0.082607810936183
"chr9-0504",-0.03799388373936
"chr9-0505",0.0194287381400724
"chr9-0506",-0.0174379015212836
"chr9-0507",-0.0232917026185
"chr9-0508",-0.00509899501890493
"chr9-0509",-0.0411027994453586
"chr9-0510",-0.0549529185013227
"chr9-0511",0.0460621858141476
"chr9-0512",-0.0131721967294998
"chr9-0513",0.0117153243179296
"chr9-0514",0.0334498836304842
"chr9-0515",-0.0481933492631316
"chr9-0516",-0.0396971021888008
"chr9-0517",-0.0212481151037771
"chr9-0518",-0.0102356687770523
"chr9-0519",-0.00287142392458112
"chr9-0520",-0.0549924346173296
"chr9-0521",0.0467234545798163
"chr9-0522",-0.00683708631501216
"chr9-0523",-0.0125699003640819
"chr9-0524",-0.000898282011123345
"chr9-0525",-0.0592461512049833
"chr9-0526",-0.0616889900933774
"chr9-0527",-0.0633808392708417
"chr9-0528",0.0820038333431073
"chr9-0529",0.0598589649180135
"chr9-0530",-0.0702910656252804
"chr9-0531",-0.0699588749590977
"chr9-0532",0.00994510562237048
"chr9-0533",-0.0646405483830938
"chr9-0534",0.0225039674459677
"chr9-0535",0.0390107801186714
"chr9-0536",-0.0419762903705364
"chr9-0537",-0.0216496843035838
"chr9-0538",-0.00215490408070682
"chr9-0539",0.112239645188352
"chr9-0540",0.0637668242125722
"chr9-0541",0.032112093728696
"chr9-0542",-0.0503693330850647
"chr9-0543",0.0602519355450244
"chr9-0544",0.0093380940369918
"chr9-0545",0.0276931883113
"chr9-0546",0.0019371223275599
"chr9-0547",0.0299412408961737
"chr9-0548",0.018025722729529
"chr9-0549",0.0670734734712849
"chr9-0550",0.036219185079257
"chr9-0551",0.0260472918039343
"chr9-0552",-0.0674379588916992
"chr9-0553",-0.0233570817384713
"chr9-0554",-0.0685686466985381
"chr9-0555",-0.0295152886843776
"chr9-0556",-0.0445724600732869
"chr9-0557",-0.0478699656381714
"chr9-0558",-0.0559272311568168
"chr9-0559",-0.0554960930352266
"chr9-0560",-0.036345406091206
"chr9-0561",0.0825669951927929
"chr9-0562",0.038743295212233
"chr9-0563",-0.020347512502391
"chr9-0564",0.0640942050902478
"chr9-0565",-0.0751155759727788
"chr9-0566",0.0251509153953154
"chr9-0567",-0.0569610580495379
"chr9-0568",-0.0365787277792658
"chr9-0569",0.0150583483625096
"chr9-0570",0.00574757888374756
"chr9-0571",0.0905279160560701
"chr9-0572",0.0291912209415922
"chr9-0573",-0.0318760637783028
"chr9-0574",0.087935447415463
"chr9-0575",-0.0135450325257732
"chr9-0576",0.00915578025241464
"chr9-0577",0.0225562847767854
"chr9-0578",0.148311501131816
"chr9-0579",0.123882729708618
"chr9-0580",0.0311032252907099
"chr9-0581",0.048351786526534
"chr9-0582",0.0868569025150048
"chr9-0583",0.134760563019426
"chr9-0584",0.0599064281075556
"chr9-0585",-0.00383916459560699
"chr9-0586",-0.132335580910213
"chr9-0587",0.0356266633855122
"chr9-0588",0.0275516917378294
"chr9-0589",-0.110910084282671
"chr9-0590",-0.00951438966688008
"chr9-0591",-0.00285540677519137
"chr9-0592",-0.00181386542813325
"chr9-0593",0.0189630677215195
"chr9-0594",-0.0118425597489118
"chr9-0595",-0.0235138044010996
"chr9-0596",-0.0252907974427842
"chr9-0597",0.0137892824070824
"chr9-0598",0.0666064891074206
"chr9-0599",0.0451710275877644
"chr9-0600",0.0971306704292822
"chr9-0601",0.0136069282949932
"chr9-0602",-0.0720813037047961
"chr9-0603",0.0237648909279202
"chr9-0604",-0.0276107870516936
"chr9-0605",0.0748220055258918
"chr9-0606",0.0586146172172505
"chr9-0607",0.047900755073112
"chr9-0608",0.103795858090847
"chr9-0609",0.0775408706036104
"chr9-0610",-0.0150620899459543
"chr9-0611",0.0306081844926143
"chr9-0612",0.06019610077271
"chr9-0613",0.0485693839427803
"chr9-0614",0.031753482321823
"chr9-0615",-0.0259758469850896
"chr9-0616",-0.00488442242036141
"chr9-0617",-0.0337433021450991
"chr9-0618",0.0931148796015985
"chr9-0619",-0.0292693083517596
"chr9-0620",-0.00943603193778093
"chr9-0621",0.0327542277056625
"chr9-0622",0.114116088520463
"chr9-0623",0.0673195246723011
"chr9-0624",0.116734124497095
"chr9-0625",0.0659196554644431
"chr9-0626",-0.0938502853676898
"chr9-0627",0.091662928648865
"chrX-0001",0.30850087429807
"chrX-0002",0.352067426944553
"chrX-0003",0.389503318070522
"chrX-0004",0.490786711582652
"chrX-0005",0.324221737246697
"chrX-0006",0.388484635378562
"chrX-0007",0.562458633520473
"chrX-0008",0.411712413873065
"chrX-0009",0.42949552663515
"chrX-0010",0.355960251357796
"chrX-0011",0.388937205787344
"chrX-0012",0.376622404273846
"chrX-0013",0.31429103923327
"chrX-0014",0.39102898087674
"chrX-0015",0.482528024966746
"chrX-0016",0.499776546279651
"chrX-0017",0.535868367388924
"chrX-0018",0.51237482912306
"chrX-0019",0.46175201790753
"chrX-0020",0.447346810314342
"chrX-0021",0.446936027253187
"chrX-0022",0.540473487317575
"chrX-0023",0.541009586558425
"chrX-0024",0.441569902418669
"chrX-0025",0.376510828475588
"chrX-0026",0.398978970681909
"chrX-0027",0.605229434436341
"chrX-0028",0.492713784636159
"chrX-0029",0.4166357342335
"chrX-0030",0.603403769378549
"chrX-0031",0.540688196634182
"chrX-0032",0.475099095351816
"chrX-0033",0.397053004648219
"chrX-0034",0.51195793522713
"chrX-0035",0.532553248126789
"chrX-0036",0.41982500518193
"chrX-0037",0.451579563734535
"chrX-0038",0.216098362236407
"chrX-0039",0.411472236013368
"chrX-0040",0.466243866370644
"chrX-0041",0.394766430639293
"chrX-0042",0.470818326922991
"chrX-0043",0.449192983880237
"chrX-0044",0.390746975982277
"chrX-0045",0.580127242787806
"chrX-0046",0.389121938019205
"chrX-0047",0.345191065702968
"chrX-0048",0.515808783689379
"chrX-0049",0.571201824764516
"chrX-0050",0.298720241770593
"chrX-0051",0.439994024944875
"chrX-0052",0.468379687095447
"chrX-0053",0.353285615560707
"chrX-0054",0.320503848995925
"chrX-0055",0.399583382892702
"chrX-0056",0.536781631962016
"chrX-0057",0.542096312675873
"chrX-0058",0.438785783517833
"chrX-0059",0.475807068974732
"chrX-0060",0.501629553238398
"chrX-0061",0.481689872173255
"chrX-0062",0.53203736334459
"chrX-0063",0.646651716267616
"chrX-0064",0.395402864882654
"chrX-0065",0.4161980042685
"chrX-0066",0.469152747911462
"chrX-0067",0.354466359196756
"chrX-0068",0.471028564796987
"chrX-0069",0.417092889912724
"chrX-0070",0.529596471158957
"chrX-0071",0.439565998881593
"chrX-0072",0.541114010114029
"chrX-0073",0.457146858825829
"chrX-0074",0.476521222264489
"chrX-0075",0.636237460257973
"chrX-0076",0.428060499775468
"chrX-0077",0.674074042197471
"chrX-0078",0.595474036237248
"chrX-0079",0.445405775094819
"chrX-0080",0.55316272339328
"chrX-0081",0.451739174193801
"chrX-0082",0.577595054346869
"chrX-0083",0.554556841044541
"chrX-0084",0.392679462427866
"chrX-0085",0.506744139513025
"chrX-0086",0.507758497163721
"chrX-0087",0.247078034004206
"chrX-0088",0.343463020172861
"chrX-0089",0.294604541361847
"chrX-0090",0.384611913800085
"chrX-0091",0.409080505857377
"chrX-0092",0.351532988755543
"chrX-0093",0.403666987741105
"chrX-0094",0.484553401315939
"chrX-0095",0.32847987189974
"chrX-0096",0.409985035278739
"chrX-0097",0.38225394745849
"chrX-0098",0.428825554194006
"chrX-0099",0.463824393535531
"chrX-0100",0.54397459049271
"chrX-0101",0.479060281260767
"chrX-0102",0.509073370617251
"chrX-0103",0.504272894617606
"chrX-0104",0.525444183251375
"chrX-0105",0.593063826412212
"chrX-0106",0.42197465464606
"chrX-0107",0.425196444486222
"chrX-0108",0.452903424537455
"chrX-0109",0.472593131645308
"chrX-0110",0.528724446191538
"chrX-0111",0.458746991917302
"chrX-0112",0.473012899500383
"chrX-0113",0.400667221986762
"chrX-0114",0.552338296194031
"chrX-0115",0.409413809177279
"chrX-0116",0.546246117785717
"chrX-0117",0.349511107027261
"chrX-0118",0.473676417735503
"chrX-0119",0.351694846143881
"chrX-0120",0.558356162961645
"chrX-0121",0.561134931960874
"chrX-0122",0.534265782820936
"chrX-0123",0.513782790809937
"chrX-0124",0.467252764517714
"chrX-0125",0.424090418316049
"chrX-0126",0.430452413697798
"chrX-0127",0.454880184493102
"chrX-0128",0.454959118480104
"chrX-0129",0.41189733035428
"chrX-0130",0.319678385003404
"chrX-0131",0.32655387368752
"chrX-0132",0.336498836091788
"chrX-0133",0.576570935554343
"chrX-0134",0.293046667992612
"chrX-0135",0.413360586642635
"chrX-0136",0.43517054597926
"chrX-0137",0.526733308144306
"chrX-0138",0.427724819090043
"chrX-0139",0.467811604356215
"chrX-0140",0.461329144729694
"chrX-0141",0.536458430186026
"chrX-0142",0.469682935613771
"chrX-0143",0.354327345890435
"chrX-0144",0.416929716565866
"chrX-0145",0.461543061316296
"chrX-0146",0.429732440483355
"chrX-0147",0.534074812956662
"chrX-0148",0.50061360681214
"chrX-0149",0.5378251905727
"chrX-0150",0.544674618460528
"chrX-0151",0.683746570313801
"chrX-0152",0.30085237238026
"chrX-0153",0.447729478979155
"chrX-0154",0.682683164588702
"chrX-0155",0.366377631921881
"chrX-0156",0.43205275679136
"chrX-0157",0.514911361475171
"chrX-0158",0.555868934308762
"chrX-0159",0.424702077598421
"chrX-0160",0.357664819943498
"chrX-0161",0.456651138793508
"chrX-0162",0.263708858400544
"chrX-0163",0.345024240431757
"chrX-0164",0.557076353347627
"chrX-0165",0.426120463212105
"chrX-0166",0.409019606492037
"chrX-0167",0.390376234816101
"chrX-0168",0.520194340738774
"chrX-0169",0.599835751559009
"chrX-0170",0.493457729795851
"chrX-0171",0.501902369803641
"chrX-0172",0.464814746951734
"chrX-0173",0.50157710912606
"chrX-0174",0.246503738529761
"chrX-0175",0.269243868896529
"chrX-0176",0.491928596650742
"chrX-0177",0.39213921228577
"chrX-0178",0.521258431609978
"chrX-0179",0.49537817914145
"chrX-0180",0.501927209542262
"chrX-0181",0.414844895980484
"chrX-0182",0.371956929840565
"chrX-0183",0.327077476282849
"chrX-0184",0.418270007635562
"chrX-0185",0.369161214149886
"chrX-0186",0.46877995950626
"chrX-0187",0.372753139380665
"chrX-0188",0.518250362455919
"chrX-0189",0.290781425575193
"chrX-0190",0.388134273902738
"chrX-0191",0.370848630960426
"chrX-0192",0.434441690723649
"chrX-0193",0.435155144794886
"chrX-0194",0.446864779838933
"chrX-0195",0.566658883458306
"chrX-0196",0.505098559097733
"chrX-0197",0.511629441451887
"chrX-0198",0.367131323077814
"chrX-0199",0.368157672776029
"chrX-0200",0.420152795636049
"chrX-0201",0.636456225895769
"chrX-0202",0.388365126021074
"chrX-0203",0.671134367544565
"chrX-0204",0.474120903370082
"chrX-0205",0.617106641209097
"chrX-0206",0.560816859478443
"chrX-0207",0.380642123707642
"chrX-0208",0.630272296945124
"chrX-0209",0.408628278688978
"chrX-0210",0.424184541958667
"chrX-0211",0.553382390136478
"chrX-0212",0.532776071350711
"chrX-0213",0.386117539963879
"chrX-0214",0.650732224126797
"chrX-0215",0.440405545695237
"chrX-0216",0.437145299615955
"chrX-0217",0.443649459157062
"chrX-0218",0.353298744207105
"chrX-0219",0.54192698464968
"chrX-0220",0.556043567832841
"chrX-0221",0.441753542600824
"chrX-0222",0.467575233040316
"chrX-0223",0.321851495121546
"chrX-0224",0.300635367677365
"chrX-0225",0.337348056886388
"chrX-0226",0.482574611181544
"chrX-0227",0.594568954688008
"chrX-0228",0.395026267159306
"chrX-0229",0.420831140064934
"chrX-0230",0.405970091144076
"chrX-0231",0.453696145391565
"chrX-0232",0.469299396289331
"chrX-0233",0.507541900916189
"chrX-0234",0.491373038806201
"chrX-0235",0.433779657959561
"chrX-0236",0.330583228669313
"chrX-0237",0.435242535695837
"chrX-0238",0.336666302252746
"chrX-0239",0.490860592816282
"chrX-0240",0.453563445854701
"chrX-0241",0.349869928515821
"chrX-0242",0.477019091263899
"chrX-0243",0.476821210162029
"chrX-0244",0.498359253825996
"chrX-0245",0.28000282284514
"chrX-0246",0.379937189748411
"chrX-0247",0.446226483833044
"chrX-0248",0.494223355176132
"chrX-0249",0.377303231266623
"chrX-0250",0.376479132341899
"chrX-0251",0.481171052578862
"chrX-0252",0.362727318016434
"chrX-0253",0.324917210936844
"chrX-0254",0.299030319681282
"chrX-0255",0.483106366141925
"chrX-0256",0.617038645370971
"chrX-0257",0.474905099295399
"chrX-0258",0.499163313372147
"chrX-0259",0.537984364850808
"chrX-0260",0.483387986991307
"chrX-0261",0.503910765723422
"chrX-0262",0.438471826592429
"chrX-0263",0.391574173233008
"chrX-0264",0.361616914233598
"chrX-0265",0.469861070482531
"chrX-0266",0.445366656943193
"chrX-0267",0.399890949912054
"chrX-0268",0.467107593483999
"chrX-0269",0.50507307335784
"chrX-0270",0.403538179879705
"chrX-0271",0.584483863540072
"chrX-0272",0.407492219049767
"chrX-0273",0.277046029057402
"chrX-0274",0.191597773811956
"chrX-0275",0.409143014248364
"chrX-0276",0.380643448983194
"chrX-0277",0.277389175177311
"chrX-0278",0.345996718310284
"chrX-0279",0.504853216131505
"chrX-0280",0.540951182318293
"chrX-0281",0.438378241299878
"chrX-0282",0.507856386409252
"chrX-0283",0.407143851081252
"chrX-0284",0.468693369862081
"chrX-0285",0.501648724470349
"chrX-0286",0.491225552994774
"chrX-0287",0.481229629321511
"chrX-0288",0.514415551156037
"chrX-0289",0.430256922687655
"chrX-0290",0.48282456709662
"chrX-0291",0.597531209987054
"chrX-0292",0.53307679436959
"chrX-0293",0.543013636757742
"chrX-0294",0.558656983075391
"chrX-0295",0.331664038294019
"chrX-0296",0.380797247316743
"chrX-0297",0.267422929343211
"chrX-0298",0.434721038605979
"chrX-0299",0.499638735796247
"chrX-0300",0.464323578514605
"chrX-0301",0.399798846953361
"chrX-0302",0.34865087702901
"chrX-0303",0.460040736917794
"chrX-0304",0.331888127236938
"chrX-0305",0.424787016612115
"chrX-0306",0.491777444825425
"chrX-0307",0.533653680078727
"chrX-0308",0.513784371078755
"chrX-0309",0.632840412921288
"chrX-0310",0.48982169489376
"chrX-0311",0.436809741426001
"chrX-0312",0.21580750933717
"chrX-0313",0.343347849554091
"chrX-0314",0.242239355848872
"chrX-0315",0.474937159801792
"chrX-0316",0.423669195136246
"chrX-0317",0.487511562866167
"chrX-0318",0.549341883129526
"chrX-0319",0.343310768227769
"chrX-0320",0.305812109729266
"chrX-0321",0.441201438411453
"chrX-0322",0.335690439999368
"chrX-0323",0.373973634209427
"chrX-0324",0.357656359717698
"chrX-0325",0.565973444754897
"chrX-0326",0.638490226483329
"chrX-0327",0.437339541919741
"chrX-0328",0.416469049665118
"chrX-0329",0.325064405408332
"chrX-0330",0.382676388557475
"chrX-0331",0.475315643711919
"chrX-0332",0.490923871751467
"chrX-0333",0.401467257648703
"chrX-0334",0.442590919619118
"chrX-0335",0.486257577588817
"chrX-0336",0.371468139185657
"chrX-0337",0.445497645454188
"chrX-0338",0.372736840307969
"chrX-0339",0.344671772034922
"chrX-0340",0.426345046958521
"chrX-0341",0.513153148887846
"chrX-0342",0.473544778076154
"chrX-0343",0.360340372624883
"chrX-0344",0.319889911029248
"chrX-0345",0.569284339941059
"chrX-0346",0.518646743283074
"chrX-0347",0.469437608126756
"chrX-0348",0.496843042037602
"chrX-0349",0.497593595881688
"chrX-0350",0.508389200219711
"chrX-0351",0.359161195121908
"chrX-0352",0.514411415429376
"chrX-0353",0.524031742839557
"chrX-0354",0.440024018385606
"chrX-0355",0.50991209732296
"chrX-0356",0.61245751786281
"chrX-0357",0.512944639211936
"chrX-0358",0.537802493852156
"chrX-0359",0.32001626757743
"chrX-0360",0.444450618414231
"chrX-0361",0.487139837682612
"chrX-0362",0.544084916508244
"chrX-0363",0.423045630475701
"chrX-0364",0.339700691549371
"chrX-0365",0.474859329658469
"chrX-0366",0.631964402541238
"chrX-0367",0.495313638745258
"chrX-0368",0.458344870792478
"chrX-0369",0.399585311098886
"chrX-0370",0.457403301023862
"chrX-0371",0.319869009496442
"chrX-0372",0.340280963205053
"chrX-0373",0.368837770212437
"chrX-0374",0.467191516967323
"chrX-0375",0.346578950716075
"chrX-0376",0.399217647837882
"chrX-0377",0.604429964861296
"chrX-0378",0.474538253829754
"chrX-0379",0.658064927484989
"chrX-0380",0.51301383174427
"chrX-0381",0.476631208900552
"chrX-0382",0.510177597515793
"chrX-0383",0.657243596148159
"chrX-0384",0.501930144007694
"chrX-0385",0.456094283130807
"chrX-0386",0.522768591674031
"chrX-0387",0.363897099615746
"chrX-0388",0.503389991317016
"chrX-0389",0.563527641645284
"chrX-0390",0.501037417035468
"chrX-0391",0.562599798498413
"chrX-0392",0.42607565568851
"chrX-0393",0.374233315750673
"chrX-0394",0.461067864898864
"chrX-0395",0.584568459169159
"chrX-0396",0.589416099810475
"chrX-0397",0.423861161889571
"chrX-0398",0.425472367202807
"chrX-0399",0.396525168265964
"chrX-0400",0.414453743301925
"chrX-0401",0.512125789591818
"chrX-0402",0.528479880320333
"chrX-0403",0.612677404960653
"chrX-0404",0.421051489369589
"chrX-0405",0.514535132677507
"chrX-0406",0.371816906638974
"chrX-0407",0.414446731406557
"chrX-0408",0.444083549825962
"chrX-0409",0.46048027565689
"chrX-0410",0.467063710754582
"chrX-0411",0.636436324612272
"chrX-0412",0.460316489479624
"chrX-0413",0.628978470195908
"chrX-0414",0.581107363973521
"chrX-0415",0.718297474796587
"chrX-0416",0.48146841997168
"chrX-0417",0.400465295065679
"chrX-0418",0.602429571895992
"chrX-0419",0.479499093584299
"chrX-0420",0.51565050961293
"chrX-0421",0.595633148640114
"chrX-0422",0.407556453808762
"chrX-0423",0.509618743907419
"chrX-0424",0.586898968446839
"chrX-0425",0.561968827755459
"chrX-0426",0.495388785737024
"chrX-0427",0.278016819146334
"chrX-0428",0.541628818324412
"chrX-0429",0.415823775048517
"chrX-0430",0.529283107957986
"chrX-0431",0.293818498458471
"chrX-0432",0.334760285534261
"chrX-0433",0.407553236356804
"chrX-0434",0.747481913682695
"chrX-0435",0.341250824265384
"chrX-0436",0.480165978401872
"chrX-0437",0.450479363193869
"chrX-0438",0.633255493165983
"chrX-0439",0.467789454000024
"chrX-0440",0.6362403471537
"chrX-0441",0.557849173759844
"chrX-0442",0.467846077111713
"chrX-0443",0.454326373086712
"chrX-0444",0.545548536933876
"chrX-0445",0.508367676854076
"chrX-0446",0.462946602020743
"chrX-0447",0.4018671345007
"chrX-0448",0.429181693877594
"chrX-0449",0.454235354599415
"chrX-0450",0.391163694624707
"chrX-0451",0.311957755760559
"chrX-0452",0.363839412867253
"chrX-0453",0.587676724550913
"chrX-0454",0.424804787303934
"chrX-0455",0.348474498763176
"chrX-0456",0.379015613448032
"chrX-0457",0.476451056690911
"chrX-0458",0.392310750366684
"chrX-0459",0.494025970768749
"chrX-0460",0.418355265440996
"chrX-0461",0.47132407778704
"chrX-0462",0.3804793032406
"chrX-0463",0.35388822802062
"chrX-0464",0.432414287633906
"chrX-0465",0.419980658063415
"chrX-0466",0.48281362141951
"chrX-0467",0.48022654239677
"chrX-0468",0.442211436986913
"chrX-0469",0.398901818322193
"chrX-0470",0.511144841102167
"chrX-0471",0.515936759542284
"chrX-0472",0.467987052790786
"chrX-0473",0.519877113776253
"chrX-0474",0.497754189291401
"chrX-0475",0.43977452705404
"chrX-0476",0.472948632729229
"chrX-0477",0.337588708856842
"chrY-0001",-3.21064745691001
"chrY-0002",-4.23704720438156
"chrY-0003",-3.54712970978002
"chrY-0004",-4.84372696548619
"chrY-0005",-3.90134673734799
"chrY-0006",-0.212043960743876
"chrY-0007",-1.24518071038247
"chrY-0008",-4.12515503121774
"chrY-0009",-3.77612910964571
"chrY-0010",-3.43113696070183
"chrY-0011",-4.12202789774523
"chrY-0012",-4.11429841527831
"chrY-0013",-3.61839061164905
"chrY-0014",-3.53907354001494
"chrY-0015",-4.33648316349145
