seqnames,start,end,width,strand,freq,type,pvalue
11,47700000,56275000,8575001,*,10,loss,0.0196078431372549
13,18854053,53175000,34320948,*,9,loss,0.0392156862745098
13,54150000,93925000,39775001,*,9,loss,0.0392156862745098
X,2718744,155640448,152921705,*,10,gain,0
Y,5592201,20998668,15406468,*,10,loss,0
