#%%field-000=date-time,string8
#%%field-001=facility,string8
#%%field-002=level,int8
#%%field-003=mem usage (MB),string8
#%%field-004=message,string8
#
date-time	facility	level	mem usage (MB)	message
12/26/2025 17:19:32	GUI,INFO,LOG	1	0	logging to file '/Users/elizakishan/Documents/Analysis/LabData/ReprocessedLMS/10_CAD_9357_LMS_Rec5/temp/apt-copynumber-onco-ssa.log'
12/26/2025 17:19:32	GUI,INFO,LOG	1	0	Application: /Library/Frameworks/R.framework/Versions/4.1/Resources/library/apt.oncoscan.2.4.0/apt/bin//apt-copynumber-onco-ssa_osx
12/26/2025 17:19:32	INFO	1	0	Version: 2.4.0 svn://svn.affymetrix.com/apt2-copynumber/branches/APT_CN_2_4_0_BRANCH@1023(1501) 2015-09-16-15:56
12/26/2025 17:19:32	INFO	1	0	Log file selector: "*:9"
12/26/2025 17:19:32	INFO	1	0	Console selector: "OR(info,warning,error,help,INFO,WARNING,ERROR,HELP)"
12/26/2025 17:19:32	runtime,PROGRESS	1	0	0.000000,0.000000,0.000000,starting
12/26/2025 17:19:32	DEBUG	1	0	creating... main CopynumberOncoNodeEngine
12/26/2025 17:19:32	DEBUG	1	0	creating... library-file-node CopynumberOncoNodeLibraryFile
12/26/2025 17:19:32	DEBUG	1	0	creating... experiments-node CopynumberOncoNodeExperiments
12/26/2025 17:19:32	DEBUG	1	0	creating... cel-reader-node CopynumberOncoNodeCelReader
12/26/2025 17:19:32	DEBUG	1	0	creating... raw-intensity-gender-node CopynumberOncoNodeGenderRawIntensity
12/26/2025 17:19:32	DEBUG	1	0	creating... normal-diploid-iterator-node CopynumberOncoNodeNormalDiploidIterator
12/26/2025 17:19:32	DEBUG	1	0	creating... normal-diploid-switch-node CopynumberOncoNodeNormalDiploidSwitch
12/26/2025 17:19:32	DEBUG	1	0	creating... covariate-intensity-adjuster-node CopynumberOncoNodeCovariateIntensityAdjuster
12/26/2025 17:19:32	DEBUG	1	0	creating... normalization-node CopynumberOncoNodeNormalization
12/26/2025 17:19:32	DEBUG	1	0	creating... summarization-node CopynumberOncoNodeSummarization
12/26/2025 17:19:32	DEBUG	1	0	creating... allelic-difference-node CopynumberOncoNodeAllelicDifference
12/26/2025 17:19:32	DEBUG	1	0	creating... log2-ratio-node CopynumberOncoNodeLog2Ratio
12/26/2025 17:19:32	DEBUG	1	0	creating... normal-diploid-detection-node CopynumberOncoNodeNormalDiploidDetection
12/26/2025 17:19:32	DEBUG	1	0	creating... signal-gender-node CopynumberOncoNodeXYSignalGender
12/26/2025 17:19:32	DEBUG	1	0	creating... log2-ratio-adjuster-image-node CopynumberOncoNodeLog2RatioAdjusterImage
12/26/2025 17:19:32	DEBUG	1	0	creating... log2-ratio-adjuster-covariate-node CopynumberOncoNodeLog2RatioAdjusterCovariate
12/26/2025 17:19:32	DEBUG	1	0	creating... log2-ratio-adjuster-wave-node CopynumberOncoNodeLog2RatioAdjusterWave
12/26/2025 17:19:32	DEBUG	1	0	creating... log2-ratio-adjuster-y-target-node CopynumberOncoNodeLog2RatioAdjusterYTarget
12/26/2025 17:19:32	DEBUG	1	0	creating... baf-node CopynumberOncoNodeBAF
12/26/2025 17:19:32	DEBUG	1	0	creating... allele-peaks-baf-node CopynumberOncoNodeAllelePeaksBaf
12/26/2025 17:19:32	DEBUG	1	0	creating... snpqc-node CopynumberOncoNodeSNPQC
12/26/2025 17:19:32	DEBUG	1	0	creating... tuscan-node CopynumberOncoNodeTUSCAN
12/26/2025 17:19:32	DEBUG	1	0	creating... tuscan-switch-node CopynumberOncoNodeTUSCANSwitch
12/26/2025 17:19:32	DEBUG	1	0	creating... tuscan-homhet-flags-node CopynumberOncoNodeTUSCANHomHet
12/26/2025 17:19:32	DEBUG	1	0	creating... tuscan-segmenter-node CopynumberOncoNodeTUSCANSegmenter
12/26/2025 17:19:32	DEBUG	1	0	creating... tuscan-total-cn-node CopynumberOncoNodeTUSCANTotalCN
12/26/2025 17:19:32	DEBUG	1	0	creating... shrinkage-v2-node CopynumberOncoNodeShrinkageV2
12/26/2025 17:19:32	DEBUG	1	0	creating... cn-gender-node CopynumberOncoNodeCNGender
12/26/2025 17:19:32	DEBUG	1	0	creating... par-segments-node CopynumberOncoNodeTUSCANBreakAtPAR
12/26/2025 17:19:32	DEBUG	1	0	creating... tuscan-binned-cn-node CopynumberOncoNodeTUSCANBinnedCN
12/26/2025 17:19:32	DEBUG	1	0	creating... kernel-smooth-node CopynumberOncoNodeLog2RatioSmootherKernel
12/26/2025 17:19:32	DEBUG	1	0	creating... genotyping-node CopynumberOncoNodeGenotyping
12/26/2025 17:19:32	DEBUG	1	0	creating... cel-pair-check-node CopynumberOncoNodeSignatureSnps
12/26/2025 17:19:32	DEBUG	1	0	creating... matched-normal-check-node CopynumberOncoNodeMatchedNormalCheck
12/26/2025 17:19:32	DEBUG	1	0	creating... remove-ap-modulation-node CopynumberOncoNodeRemoveAPModulation
12/26/2025 17:19:32	DEBUG	1	0	creating... allele-peaks-ad-node CopynumberOncoNodeAllelePeaksAD
12/26/2025 17:19:32	DEBUG	1	0	creating... loh-node CopynumberOncoNodeBafLOH
12/26/2025 17:19:32	DEBUG	1	0	creating... cn-neutral-loh-node CopynumberOncoNodeCNNeutralLOH
12/26/2025 17:19:32	DEBUG	1	0	creating... chp-node CopynumberOncoNodeReporterCychp
12/26/2025 17:19:32	DEBUG,LOG	1	0	original command line: /Library/Frameworks/R.framework/Versions/4.1/Resources/library/apt.oncoscan.2.4.0/apt/bin//apt-copynumber-onco-ssa_osx --log-file /Users/elizakishan/Documents/Analysis/LabData/ReprocessedLMS/10_CAD_9357_LMS_Rec5/temp/apt-copynumber-onco-ssa.log --out-dir /Users/elizakishan/Documents/Analysis/LabData/ReprocessedLMS/10_CAD_9357_LMS_Rec5/temp --temp-dir /Users/elizakishan/Documents/Analysis/LabData/ReprocessedLMS/10_CAD_9357_LMS_Rec5/temp/temp --force false --keep-intermediate-data false --keep-combined-cels false --snp-qc-snp-list /Library/Frameworks/R.framework/Versions/4.1/Resources/library/OncoScan.na33.r4/apt/res//OncoScan.r1.snplist.txt --reference-file /Library/Frameworks/R.framework/Versions/4.1/Resources/library/OncoScan.na33.r4/apt/res//OncoScan.FFPE.na33.r1.REF_MODEL --y-target -0.8 --nddqc-min-count 2000 --set-analysis-name 10_CAD_9357_LMS_Rec5 --brlmmp-HARD 3 --brlmmp-SB 0.750000 --brlmmp-CM 2 --brlmmp-bins 100 --brlmmp-mix 1 --brlmmp-bic 2 --brlmmp-CSepPen 0.1 --brlmmp-CSepThr 16 --brlmmp-lambda 1.0 --brlmmp-wobble 0.20 --brlmmp-copyqc 0.000000 --brlmmp-copytype -1 --brlmmp-ocean 0.0000000000000001 --brlmmp-clustertype 2 --brlmmp-transform mva --brlmmp-MS 0.06 --annotation-file /Library/Frameworks/R.framework/Versions/4.1/Resources/library/OncoScan.na33.r4/apt/res//OncoScan.na33.r1.annot.db --x-probes-file /Library/Frameworks/R.framework/Versions/4.1/Resources/library/OncoScan.na33.r4/apt/res//OncoScan.r1.chrXprobes --y-probes-file /Library/Frameworks/R.framework/Versions/4.1/Resources/library/OncoScan.na33.r4/apt/res//OncoScan.r1.chrYprobes --cel-pairs-file /Users/elizakishan/Documents/Analysis/LabData/ReprocessedLMS/10_CAD_9357_LMS_Rec5/10_CAD_9357_LMS_Rec5_pairs.txt --alpha-cn-calibrate 0.780931 --alpha-X-cn-calibrate 0.800507 --alpha-Y-cn-calibrate 0.800507 --beta-cn-calibrate 1 --beta-X-cn-calibrate 1 --beta-Y-cn-calibrate 1 --agr-denominator-source SNP --agr-denominator-percentile 0.75 --igender-female-threshold 0.44 --igender-male-threshold 0.63 --nddicov-min-nd-probe-count-per-bin 30 --nddicov-use-nd-signal-markers off --dual-channel-normalization true --ad-outlier-trim 3.0 --normal-diploid-detection-node:enable=true --ndd-weights-type FLD --ndd-point-count 128 --ndd-bandwidth 0.25 --ndd-cutoff 0.05 --ndd-step 40 --ndd-window 275 --ndd-min-markers 10 --ndd-log2-threshold 0.28 --ndd-th1 0,0.4 --ndd-th2 0.7,1.3 --ndd-th3 0.7,1.3 --ndd-th4 0,0.4 --ndd-min-percent-nd 0 --ndd-min-number-nd 2000 --ndd-med-l2r-low-percentile-ND 0.015 --ndd-med-l2r-threshold-ND 0.20 --ndd-iqr-factor-coarse 5.0 --ndd-iqr-factor-fine 3.0 --sig-gender-reference-chromosome 2 --sig-gender-xx-cutoff 0.85 --sig-gender-xx-cutoff-high 1.22 --sig-gender-y-cutoff 0.31 --hpf-mini-block-rows 8 --hpf-mini-block-cols 8 --hpf-global-smooth-weight 256 --hpf-local-smooth-weight 64 --hpf-converged 0.000100 --nddlrcov-min-nd-marker-count-per-bin 30 --nddlrcov-use-nd-lr-markers on --log2-ratio-adjuster-wave-node:enable=true --wave-bandwidth 101 --wave-bin-count 25 --wave-count 6 --wave-smooth true --median-autosome-median-normalization true --shrinkage-v2-node:enable=true --shrink-lprec 0.25,2.0 --outlier-shrink-lprec 0.25,2.0,8.0 --shrink-converge 0.000001 --outlier-shrink-converge 0.1 --shrink-downweight-maxiter 25 --outlier-shrink-large-stdev 125.0 --cn-gender-cutoff 0.5 --cn-state-threshold 0.0 --baf-transform linear --baf-trim 10.0 --kernel-sigma-span 50 --sig-snp-min-call-rate 0.6 --sig-snp-min-compare-rate 0.65 --sig-snp-min-concordance 0.60 --sig-snp-min-strength-sketch-rank 0.305 --sig-snp-report-filename /Users/elizakishan/Documents/Analysis/LabData/ReprocessedLMS/10_CAD_9357_LMS_Rec5/temp/OncoScan.CelPairCheckReport.txt --ap-ad-step 20 --ap-ad-window 100 --ap-ad-point-count 128 --ap-ad-bandwidth 0.250000 --ap-ad-cutoff 0.050000 --ap-ad-threshold 0.350000 --ap-ad-height-threshold 0.000000 --ap-ad-height-threshold-bound 1024.000000 --ap-ad-symmetry true --ap-baf-step 20 --ap-baf-window 100 --ap-baf-point-count 129 --ap-baf-bandwidth 0.2 --ap-baf-cutoff 0.00000 --ap-baf-threshold 0.30000 --ap-baf-height-threshold 3.000000 --ap-baf-height-threshold-bound 1.476981 --ap-baf-symmetry true --loh-error-rate 0.05 --loh-beta 0.001 --loh-alpha 0.01 --loh-separation 1000000 --loh-min-marker-count 10 --loh-no-call-threshold 0.05 --loh-min-genomic-span 2500000 --loh-ss-thresh 3.59 --loh-ss-begin-slope 1.6416 --loh-baf-upper-thresh 0.5 --loh-baf-lower-thresh 0.5 --loh-slope-thresh 0.25 --loh-alpha-cn-calibrate 0.780931 --loh-alpha-X-cn-calibrate 0.800507 --loh-alpha-Y-cn-calibrate 0.800507 --loh-beta-cn-calibrate 1 --loh-beta-X-cn-calibrate 1 --loh-beta-Y-cn-calibrate 1 --cn-neutral-loh-node:enable=false --tuscan-m3-low-cost-band 0.030000 --tuscan-nd-snp-qc-threshold 19.000000 --tuscan-mapd-qc-threshold 0.4000000 --tuscan-m1-shift 0.000000 --tuscan-m1-trim 0.010000 --tuscan-m1-threshold 0.001050 --tuscan-m2-lr-cost 0.500000 --tuscan-m2-min-seg-size 151 --tuscan-m2-min-alt-seg-size 19 --tuscan-m2-min-fine-seg-size 19 --tuscan-m2-exclude-chr 24,25 --tuscan-consecutive-hom-count 100 --tuscan-no-break-vicinity 19 --lambda 50.000000 --tuscan-m3-rho-min 0.200000 --tuscan-m3-rho-max 1.000000 --tuscan-m3-rho-N 100 --tuscan-m3-psi-min 1.000000 --tuscan-m3-psi-max 6.000000 --tuscan-m3-psi-N 100 --tuscan-m3-low-cost-weight 0.010000 --tuscan-m3-max-percent-hom 85.000000 --tuscan-m3-min-count-het 10 --tuscan-m3-ploidy-factor 3.000000 --tuscan-m3-ploidy-sigma 0.350000 --alt-mode-bin-size 0.333333 --nGoF-bin-size 0.500000 --MedL2Rcutoff 0.080000 --MedBAFcutoff 0.000000 --min-nGoF-length 1001 --nGoF4cutoff 1000.000000 --gamma 0.800000 --tuscan-round-ploidy true --tuscan-m1-use-raw-baf false --infMarkL2RMin 0.06 --infMarkerThreshold 1000 --MinChrYthreshold -3 --MedL2Rcutoff-no-cn2 0.08 --MedBAFcutoff-no-cn2 0 --min-nGoF-length-no-cn2 51 --nGoF4cutoff-no-cn2 5000 --tuscan-fp-exponent 2.0 --tuscan-fp-min-med-l2r 0.1 --tuscan-fp-max-med-l2r 0.25 --tuscan-use-fp-exponent-in-normal-mode false --tuscan-cn-bin [0,6)[6,10)[10,20)[20,50)[50,10000] --tuscan-cn-bin-values as-is-2,6-10,10-20,20-50,50+ --tuscan-run-once false --tuscan-maxCN2Weight 0.025 --tuscan-maxNonCN2Increase 1 --tuscan-FN_l2r_floor 0.095 --tuscan-FN_exp 2.46 --tuscan-FN_low_l2r_threshold 0.08 --tuscan-FN_low_BAF_threshold 0.48 --tuscan-REL_l2r_weight 0.5 --tuscan-REL_CN2_gauss_P 1.1 --tuscan-REL_CN2_gauss_sigma 0.35 --tuscan-REL_CN2_gauss_mu 2 --tuscan-REL_CN4_gauss_P 1.023 --tuscan-REL_CN4_gauss_sigma 0.2 --tuscan-REL_CN4_gauss_mu 4 --tuscan-REL_threshold 0.1 --tuscan-REL_threshold1 0.76 --tuscan-REL_threshold2_hi 0.9 --tuscan-REL_threshold2_low 0.7 --tuscan-REL_maxMinimumIndex 2 --tuscan-REL_noSearchIfminWeight true --tuscan-infMarkTrimBand 0.05 --tuscan-m3-ploidy4-factor 1.25 --tuscan-m3-ploidy4-sigma 0.2 --tuscan-m3-ploidy4-mu 4.0 --tuscan-lowPloidy1 0 --tuscan-lowPloidy2 1.76 --tuscan-lowPloidyTB 1 --tuscan-lowPloidy_nGoF4 200 --tuscan-hiPloidy1 2.3 --tuscan-hiPloidy2 2.5 --tuscan-hiPloidyTB 1 --tuscan-hiPloidy_nGoF4 200 --tuscan-centromere-breakpoints 1,121535434,2,92326171,3,90504854,4,49660117,5,46405641,6,58830166,7,58054331,8,43838887,9,47367679,10,39254935,11,51644205,12,34856694,13,-1,14,-1,15,-1,16,35335801,17,22263006,18,15460898,19,24681782,20,26369569,21,-1,22,-1,24,58632012,25,10104553 --tuscan-centromere-min-seg-size 19 --tuscan-report-internal-ploidy true --report-file /Users/elizakishan/Documents/Analysis/LabData/ReprocessedLMS/10_CAD_9357_LMS_Rec5/temp/QCReport.txt --cychp-output false --text-output false --oschp-output true --mangle-probeset-names false --waviness-block-size 50 --waviness-genomic-span 0
12/26/2025 17:19:32	DEV,LOG	1	0	Detected NodeDataFlow that is of kind OUTPUT and is not first node in dataflow.  You might want to verify that this is expected.  nodename/flowname/kind: allele-peaks-baf-node/BafFldWeights/OUT
12/26/2025 17:19:32	DEBUG	7	0	NodeParam::doCheck(): 'MainNode:@dump-nodes'
12/26/2025 17:19:32	DEBUG	7	0	NodeParam::doCheck(): 'MainNode:@dump-nodes-long'
12/26/2025 17:19:32	DEBUG	7	0	NodeParam::doCheck(): 'MainNode:@dump-nodes-classes'
12/26/2025 17:19:32	DEBUG	7	0	NodeParam::doCheck(): 'MainNode:@dump-data-flow'
12/26/2025 17:19:32	DEBUG	7	0	NodeParam::doCheck(): 'MainNode:@dump-param'
12/26/2025 17:19:32	DEBUG	7	0	NodeParam::doCheck(): 'MainNode:@dump-param-long'
12/26/2025 17:19:32	DEBUG	7	0	NodeParam::doCheck(): 'MainNode:@dump-param-dev'
12/26/2025 17:19:32	DEBUG	7	0	NodeParam::doCheck(): 'MainNode:@dump-param-long-dev'
12/26/2025 17:19:32	DEBUG	7	0	NodeParam::doCheck(): 'MainNode:@dump-all'
12/26/2025 17:19:32	DEBUG	7	0	NodeParam::doCheck(): 'MainNode:@dump-all-long'
12/26/2025 17:19:32	DEBUG	7	0	NodeParam::doCheck(): 'MainNode:enable'
12/26/2025 17:19:32	DEBUG	7	0	NodeParam::doCheck(): 'MainNode:disable'
12/26/2025 17:19:32	DEBUG	7	0	NodeParam::doCheck(): 'MainNode:@serialize'
12/26/2025 17:19:32	DEBUG	7	0	NodeParam::doCheck(): 'MainNode:@serialize-pre'
12/26/2025 17:19:32	DEBUG	7	0	NodeParam::doCheck(): 'MainNode:@serialize-post'
12/26/2025 17:19:32	DEBUG	7	0	NodeParam::doCheck(): 'MainNode:@stop'
12/26/2025 17:19:32	DEBUG	7	0	NodeParam::doCheck(): 'MainNode:@stop-after'
12/26/2025 17:19:32	DEBUG	7	0	NodeParam::doCheck(): 'MainNode:version'
12/26/2025 17:19:32	DEBUG	7	0	NodeParam::doCheck(): 'MainNode:user-help'
12/26/2025 17:19:32	DEBUG	7	0	NodeParam::doCheck(): 'MainNode:@dev-help'
12/26/2025 17:19:32	DEBUG	7	0	NodeParam::doCheck(): 'MainNode:@doxygen-help'
12/26/2025 17:19:32	DEBUG	7	0	NodeParam::doCheck(): 'MainNode:log-file'
12/26/2025 17:19:32	DEBUG	7	0	NodeParam::doCheck(): 'MainNode:@log-select'
12/26/2025 17:19:32	DEBUG	7	0	NodeParam::doCheck(): 'MainNode:@console-select'
12/26/2025 17:19:32	DEBUG	7	0	NodeParam::doCheck(): 'MainNode:console-add-select'
12/26/2025 17:19:32	DEBUG	7	0	NodeParam::doCheck(): 'MainNode:console-add-neg-select'
12/26/2025 17:19:32	DEBUG	7	0	NodeParam::doCheck(): 'MainNode:arg-file'
12/26/2025 17:19:32	DEBUG	7	0	NodeParam::doCheck(): 'MainNode:check-param'
12/26/2025 17:19:32	DEBUG	7	0	NodeParam::doCheck(): 'MainNode:@serialize-dir'
12/26/2025 17:19:32	DEBUG	7	0	NodeParam::doCheck(): 'MainNode:@short-serialize-names'
12/26/2025 17:19:32	DEBUG	7	0	NodeParam::doCheck(): 'MainNode:@resume-file'
12/26/2025 17:19:32	DEBUG	7	0	NodeParam::doCheck(): 'MainNode:@debug'
12/26/2025 17:19:32	DEBUG	7	0	NodeParam::doCheck(): 'MainNode:@break'
12/26/2025 17:19:32	DEBUG	7	0	NodeParam::doCheck(): 'MainNode:@dump-classes'
12/26/2025 17:19:32	DEBUG	7	0	NodeParam::doCheck(): 'MainNode:@dump-all-param-xml'
12/26/2025 17:19:32	DEBUG	7	0	NodeParam::doCheck(): 'MainNode:@dump-user-param-xml'
12/26/2025 17:19:32	DEBUG	7	0	NodeParam::doCheck(): 'MainNode:@export-html-doc'
12/26/2025 17:19:32	DEBUG	7	0	NodeParam::doCheck(): 'MainNode:use-sockets'
12/26/2025 17:19:32	DEBUG	7	0	NodeParam::doCheck(): 'MainNode:socket-port'
12/26/2025 17:19:32	DEBUG	7	0	NodeParam::doCheck(): 'MainNode-main:@dump-nodes'
12/26/2025 17:19:32	DEBUG	7	0	NodeParam::doCheck(): 'MainNode-main:@dump-nodes-long'
12/26/2025 17:19:32	DEBUG	7	0	NodeParam::doCheck(): 'MainNode-main:@dump-nodes-classes'
12/26/2025 17:19:32	DEBUG	7	0	NodeParam::doCheck(): 'MainNode-main:@dump-data-flow'
12/26/2025 17:19:32	DEBUG	7	0	NodeParam::doCheck(): 'MainNode-main:@dump-param'
12/26/2025 17:19:32	DEBUG	7	0	NodeParam::doCheck(): 'MainNode-main:@dump-param-long'
12/26/2025 17:19:32	DEBUG	7	0	NodeParam::doCheck(): 'MainNode-main:@dump-param-dev'
12/26/2025 17:19:32	DEBUG	7	0	NodeParam::doCheck(): 'MainNode-main:@dump-param-long-dev'
12/26/2025 17:19:32	DEBUG	7	0	NodeParam::doCheck(): 'MainNode-main:@dump-all'
12/26/2025 17:19:32	DEBUG	7	0	NodeParam::doCheck(): 'MainNode-main:@dump-all-long'
12/26/2025 17:19:32	DEBUG	7	0	NodeParam::doCheck(): 'MainNode-main:enable'
12/26/2025 17:19:32	DEBUG	7	0	NodeParam::doCheck(): 'MainNode-main:disable'
12/26/2025 17:19:32	DEBUG	7	0	NodeParam::doCheck(): 'MainNode-main:@serialize'
12/26/2025 17:19:32	DEBUG	7	0	NodeParam::doCheck(): 'MainNode-main:@serialize-pre'
12/26/2025 17:19:32	DEBUG	7	0	NodeParam::doCheck(): 'MainNode-main:@serialize-post'
12/26/2025 17:19:32	DEBUG	7	0	NodeParam::doCheck(): 'MainNode-main:@stop'
12/26/2025 17:19:32	DEBUG	7	0	NodeParam::doCheck(): 'MainNode-main:@stop-after'
12/26/2025 17:19:32	DEBUG	7	0	NodeParam::doCheck(): 'MainNode-main:out-dir'
12/26/2025 17:19:32	DEBUG	7	0	NodeParam::doCheck(): 'MainNode-main:temp-dir'
12/26/2025 17:19:32	DEBUG	7	0	NodeParam::doCheck(): 'MainNode-main:force'
12/26/2025 17:19:32	DEBUG	7	0	NodeParam::doCheck(): 'MainNode-main:keep-intermediate-data'
12/26/2025 17:19:32	DEBUG	7	0	NodeParam::doCheck(): 'MainNode-main:keep-combined-cels'
12/26/2025 17:19:32	DEBUG	7	0	NodeParam::doCheck(): 'MainNode-main:snp-qc-snp-list'
12/26/2025 17:19:32	info	4	0	MainNode-main:snp-qc-snp-list: checking '/Library/Frameworks/R.framework/Versions/4.1/Resources/library/OncoScan.na33.r4/apt/res//OncoScan.r1.snplist.txt' file should exist.
12/26/2025 17:19:32	DEBUG	7	0	NodeParam::doCheck(): 'MainNode-main:reference-file'
12/26/2025 17:19:32	DEBUG	7	0	NodeParam::doCheck(): 'MainNode-main:y-target'
12/26/2025 17:19:32	DEBUG	7	0	NodeParam::doCheck(): 'MainNode-main:nddqc-min-count'
12/26/2025 17:19:32	DEBUG	7	0	NodeParam::doCheck(): 'MainNode-main:set-analysis-name'
12/26/2025 17:19:32	DEBUG	7	0	NodeParam::doCheck(): 'MainNode-main:file-name-prefix'
12/26/2025 17:19:32	DEBUG	7	0	NodeParam::doCheck(): 'MainNode-main:file-name-suffix'
12/26/2025 17:19:32	DEBUG	7	0	NodeParam::doCheck(): 'MainNode-main:brlmmp-HARD'
12/26/2025 17:19:32	DEBUG	7	0	NodeParam::doCheck(): 'MainNode-main:brlmmp-SB'
12/26/2025 17:19:32	DEBUG	7	0	NodeParam::doCheck(): 'MainNode-main:brlmmp-CM'
12/26/2025 17:19:32	DEBUG	7	0	NodeParam::doCheck(): 'MainNode-main:brlmmp-bins'
12/26/2025 17:19:32	DEBUG	7	0	NodeParam::doCheck(): 'MainNode-main:brlmmp-mix'
12/26/2025 17:19:32	DEBUG	7	0	NodeParam::doCheck(): 'MainNode-main:brlmmp-bic'
12/26/2025 17:19:32	DEBUG	7	0	NodeParam::doCheck(): 'MainNode-main:brlmmp-CSepPen'
12/26/2025 17:19:32	DEBUG	7	0	NodeParam::doCheck(): 'MainNode-main:brlmmp-CSepThr'
12/26/2025 17:19:32	DEBUG	7	0	NodeParam::doCheck(): 'MainNode-main:brlmmp-lambda'
12/26/2025 17:19:32	DEBUG	7	0	NodeParam::doCheck(): 'MainNode-main:brlmmp-wobble'
12/26/2025 17:19:32	DEBUG	7	0	NodeParam::doCheck(): 'MainNode-main:brlmmp-copyqc'
12/26/2025 17:19:32	DEBUG	7	0	NodeParam::doCheck(): 'MainNode-main:brlmmp-copytype'
12/26/2025 17:19:32	DEBUG	7	0	NodeParam::doCheck(): 'MainNode-main:brlmmp-ocean'
12/26/2025 17:19:32	DEBUG	7	0	NodeParam::doCheck(): 'MainNode-main:brlmmp-clustertype'
12/26/2025 17:19:32	DEBUG	7	0	NodeParam::doCheck(): 'MainNode-main:brlmmp-transform'
12/26/2025 17:19:32	DEBUG	7	0	NodeParam::doCheck(): 'MainNode-main:brlmmp-MS'
12/26/2025 17:19:32	DEBUG	7	0	NodeParam::doCheck(): 'MainNode-main:brlmmp-hints'
12/26/2025 17:19:32	DEBUG	7	0	NodeParam::doCheck(): 'MainNode-main:brlmmp-IsoHetY'
12/26/2025 17:19:32	DEBUG	7	0	NodeParam::doCheck(): 'MainNode-main:brlmmp-inflatePRA'
12/26/2025 17:19:32	DEBUG	7	0	NodeParam::doCheck(): 'MainNode-main:brlmmp-CP'
12/26/2025 17:19:32	DEBUG	7	0	NodeParam::doCheck(): 'MainNode-main:_app-log-console-select'
12/26/2025 17:19:32	DEBUG	7	0	NodeParam::doCheck(): PARAM_CHECK_WHEN_SET and param unset.
12/26/2025 17:19:32	DEBUG	7	0	NodeParam::doCheck(): 'MainNode-main:_app-log-file-select'
12/26/2025 17:19:32	DEBUG	7	0	NodeParam::doCheck(): PARAM_CHECK_WHEN_SET and param unset.
12/26/2025 17:19:32	DEBUG	7	0	NodeParam::doCheck(): 'MainNode-main:@report-probe-marker-usage'
12/26/2025 17:19:32	DEBUG	7	0	NodeParam::doCheck(): 'MainNode-main-library-file-node:@dump-nodes'
12/26/2025 17:19:32	DEBUG	7	0	NodeParam::doCheck(): 'MainNode-main-library-file-node:@dump-nodes-long'
12/26/2025 17:19:32	DEBUG	7	0	NodeParam::doCheck(): 'MainNode-main-library-file-node:@dump-nodes-classes'
12/26/2025 17:19:32	DEBUG	7	0	NodeParam::doCheck(): 'MainNode-main-library-file-node:@dump-data-flow'
12/26/2025 17:19:32	DEBUG	7	0	NodeParam::doCheck(): 'MainNode-main-library-file-node:@dump-param'
12/26/2025 17:19:32	DEBUG	7	0	NodeParam::doCheck(): 'MainNode-main-library-file-node:@dump-param-long'
12/26/2025 17:19:32	DEBUG	7	0	NodeParam::doCheck(): 'MainNode-main-library-file-node:@dump-param-dev'
12/26/2025 17:19:32	DEBUG	7	0	NodeParam::doCheck(): 'MainNode-main-library-file-node:@dump-param-long-dev'
12/26/2025 17:19:32	DEBUG	7	0	NodeParam::doCheck(): 'MainNode-main-library-file-node:@dump-all'
12/26/2025 17:19:32	DEBUG	7	0	NodeParam::doCheck(): 'MainNode-main-library-file-node:@dump-all-long'
12/26/2025 17:19:32	DEBUG	7	0	NodeParam::doCheck(): 'MainNode-main-library-file-node:enable'
12/26/2025 17:19:32	DEBUG	7	0	NodeParam::doCheck(): 'MainNode-main-library-file-node:disable'
12/26/2025 17:19:32	DEBUG	7	0	NodeParam::doCheck(): 'MainNode-main-library-file-node:@serialize'
12/26/2025 17:19:32	DEBUG	7	0	NodeParam::doCheck(): 'MainNode-main-library-file-node:@serialize-pre'
12/26/2025 17:19:32	DEBUG	7	0	NodeParam::doCheck(): 'MainNode-main-library-file-node:@serialize-post'
12/26/2025 17:19:32	DEBUG	7	0	NodeParam::doCheck(): 'MainNode-main-library-file-node:@stop'
12/26/2025 17:19:32	DEBUG	7	0	NodeParam::doCheck(): 'MainNode-main-library-file-node:@stop-after'
12/26/2025 17:19:32	DEBUG	7	0	NodeParam::doCheck(): 'MainNode-main-library-file-node:annotation-file'
12/26/2025 17:19:32	info	4	0	MainNode-main-library-file-node:annotation-file: checking '/Library/Frameworks/R.framework/Versions/4.1/Resources/library/OncoScan.na33.r4/apt/res//OncoScan.na33.r1.annot.db' file should exist.
12/26/2025 17:19:32	DEBUG	7	0	NodeParam::doCheck(): 'MainNode-main-library-file-node:x-probes-file'
12/26/2025 17:19:32	DEBUG	7	0	NodeParam::doCheck(): 'MainNode-main-library-file-node:y-probes-file'
12/26/2025 17:19:32	DEBUG	7	0	NodeParam::doCheck(): 'MainNode-main-library-file-node:cel-pairs-file'
12/26/2025 17:19:32	DEBUG	7	0	NodeParam::doCheck(): 'MainNode-main-library-file-node:cel-files'
12/26/2025 17:19:32	DEBUG	7	0	NodeParam::doCheck(): 'MainNode-main-library-file-node:loh-files'
12/26/2025 17:19:32	DEBUG	7	0	NodeParam::doCheck(): 'MainNode-main-library-file-node:fld-file'
12/26/2025 17:19:32	DEBUG	7	0	NodeParam::doCheck(): 'MainNode-main-library-file-node:ap-baf-fld-weights'
12/26/2025 17:19:32	dset	3	0	Dset::File::open('/Users/elizakishan/Documents/Analysis/LabData/ReprocessedLMS/10_CAD_9357_LMS_Rec5/10_CAD_9357_LMS_Rec5_pairs.txt',2,2)
12/26/2025 17:19:32	dset	1	0	Dset::IO_TsvFile::openFile('/Users/elizakishan/Documents/Analysis/LabData/ReprocessedLMS/10_CAD_9357_LMS_Rec5/10_CAD_9357_LMS_Rec5_pairs.txt',2)
12/26/2025 17:19:32	dset	4	0	Dset::IO_TsvFile::fstream_push(0x7ff7bbd83978)
12/26/2025 17:19:32	EVENT_WARN	1	0	Dset::IO_TsvFile::fstream_read_line - read failed - skipping
12/26/2025 17:19:32	dset	1	0	expected -1 lines, read 1 lines!
12/26/2025 17:19:32	dset	4	0	Dset::IO_TsvFile::fstream_pop(0x7ff7bbd83978)
12/26/2025 17:19:32	DEBUG	7	0	NodeParam::doCheck(): 'MainNode-main-experiments-node:@dump-nodes'
12/26/2025 17:19:32	DEBUG	7	0	NodeParam::doCheck(): 'MainNode-main-experiments-node:@dump-nodes-long'
12/26/2025 17:19:32	DEBUG	7	0	NodeParam::doCheck(): 'MainNode-main-experiments-node:@dump-nodes-classes'
12/26/2025 17:19:32	DEBUG	7	0	NodeParam::doCheck(): 'MainNode-main-experiments-node:@dump-data-flow'
12/26/2025 17:19:32	DEBUG	7	0	NodeParam::doCheck(): 'MainNode-main-experiments-node:@dump-param'
12/26/2025 17:19:32	DEBUG	7	0	NodeParam::doCheck(): 'MainNode-main-experiments-node:@dump-param-long'
12/26/2025 17:19:32	DEBUG	7	0	NodeParam::doCheck(): 'MainNode-main-experiments-node:@dump-param-dev'
12/26/2025 17:19:32	DEBUG	7	0	NodeParam::doCheck(): 'MainNode-main-experiments-node:@dump-param-long-dev'
12/26/2025 17:19:32	DEBUG	7	0	NodeParam::doCheck(): 'MainNode-main-experiments-node:@dump-all'
12/26/2025 17:19:32	DEBUG	7	0	NodeParam::doCheck(): 'MainNode-main-experiments-node:@dump-all-long'
12/26/2025 17:19:32	DEBUG	7	0	NodeParam::doCheck(): 'MainNode-main-experiments-node:enable'
12/26/2025 17:19:32	DEBUG	7	0	NodeParam::doCheck(): 'MainNode-main-experiments-node:disable'
12/26/2025 17:19:32	DEBUG	7	0	NodeParam::doCheck(): 'MainNode-main-experiments-node:@serialize'
12/26/2025 17:19:32	DEBUG	7	0	NodeParam::doCheck(): 'MainNode-main-experiments-node:@serialize-pre'
12/26/2025 17:19:32	DEBUG	7	0	NodeParam::doCheck(): 'MainNode-main-experiments-node:@serialize-post'
12/26/2025 17:19:32	DEBUG	7	0	NodeParam::doCheck(): 'MainNode-main-experiments-node:@stop'
12/26/2025 17:19:32	DEBUG	7	0	NodeParam::doCheck(): 'MainNode-main-experiments-node:@stop-after'
12/26/2025 17:19:32	DEBUG	7	0	NodeParam::doCheck(): 'MainNode-main-experiments-node-cel-reader-node:@dump-nodes'
12/26/2025 17:19:32	DEBUG	7	0	NodeParam::doCheck(): 'MainNode-main-experiments-node-cel-reader-node:@dump-nodes-long'
12/26/2025 17:19:32	DEBUG	7	0	NodeParam::doCheck(): 'MainNode-main-experiments-node-cel-reader-node:@dump-nodes-classes'
12/26/2025 17:19:32	DEBUG	7	0	NodeParam::doCheck(): 'MainNode-main-experiments-node-cel-reader-node:@dump-data-flow'
12/26/2025 17:19:32	DEBUG	7	0	NodeParam::doCheck(): 'MainNode-main-experiments-node-cel-reader-node:@dump-param'
12/26/2025 17:19:32	DEBUG	7	0	NodeParam::doCheck(): 'MainNode-main-experiments-node-cel-reader-node:@dump-param-long'
12/26/2025 17:19:32	DEBUG	7	0	NodeParam::doCheck(): 'MainNode-main-experiments-node-cel-reader-node:@dump-param-dev'
12/26/2025 17:19:32	DEBUG	7	0	NodeParam::doCheck(): 'MainNode-main-experiments-node-cel-reader-node:@dump-param-long-dev'
12/26/2025 17:19:32	DEBUG	7	0	NodeParam::doCheck(): 'MainNode-main-experiments-node-cel-reader-node:@dump-all'
12/26/2025 17:19:32	DEBUG	7	0	NodeParam::doCheck(): 'MainNode-main-experiments-node-cel-reader-node:@dump-all-long'
12/26/2025 17:19:32	DEBUG	7	0	NodeParam::doCheck(): 'MainNode-main-experiments-node-cel-reader-node:enable'
12/26/2025 17:19:32	DEBUG	7	0	NodeParam::doCheck(): 'MainNode-main-experiments-node-cel-reader-node:disable'
12/26/2025 17:19:32	DEBUG	7	0	NodeParam::doCheck(): 'MainNode-main-experiments-node-cel-reader-node:@serialize'
12/26/2025 17:19:32	DEBUG	7	0	NodeParam::doCheck(): 'MainNode-main-experiments-node-cel-reader-node:@serialize-pre'
12/26/2025 17:19:32	DEBUG	7	0	NodeParam::doCheck(): 'MainNode-main-experiments-node-cel-reader-node:@serialize-post'
12/26/2025 17:19:32	DEBUG	7	0	NodeParam::doCheck(): 'MainNode-main-experiments-node-cel-reader-node:@stop'
12/26/2025 17:19:32	DEBUG	7	0	NodeParam::doCheck(): 'MainNode-main-experiments-node-cel-reader-node:@stop-after'
12/26/2025 17:19:32	DEBUG	7	0	NodeParam::doCheck(): 'MainNode-main-experiments-node-cel-reader-node:agr-denominator-source'
12/26/2025 17:19:32	DEBUG	7	0	NodeParam::doCheck(): 'MainNode-main-experiments-node-cel-reader-node:agr-denominator-percentile'
12/26/2025 17:19:32	DEBUG	7	0	NodeParam::doCheck(): 'MainNode-main-experiments-node-raw-intensity-gender-node:@dump-nodes'
12/26/2025 17:19:32	DEBUG	7	0	NodeParam::doCheck(): 'MainNode-main-experiments-node-raw-intensity-gender-node:@dump-nodes-long'
12/26/2025 17:19:32	DEBUG	7	0	NodeParam::doCheck(): 'MainNode-main-experiments-node-raw-intensity-gender-node:@dump-nodes-classes'
12/26/2025 17:19:32	DEBUG	7	0	NodeParam::doCheck(): 'MainNode-main-experiments-node-raw-intensity-gender-node:@dump-data-flow'
12/26/2025 17:19:32	DEBUG	7	0	NodeParam::doCheck(): 'MainNode-main-experiments-node-raw-intensity-gender-node:@dump-param'
12/26/2025 17:19:32	DEBUG	7	0	NodeParam::doCheck(): 'MainNode-main-experiments-node-raw-intensity-gender-node:@dump-param-long'
12/26/2025 17:19:32	DEBUG	7	0	NodeParam::doCheck(): 'MainNode-main-experiments-node-raw-intensity-gender-node:@dump-param-dev'
12/26/2025 17:19:32	DEBUG	7	0	NodeParam::doCheck(): 'MainNode-main-experiments-node-raw-intensity-gender-node:@dump-param-long-dev'
12/26/2025 17:19:32	DEBUG	7	0	NodeParam::doCheck(): 'MainNode-main-experiments-node-raw-intensity-gender-node:@dump-all'
12/26/2025 17:19:32	DEBUG	7	0	NodeParam::doCheck(): 'MainNode-main-experiments-node-raw-intensity-gender-node:@dump-all-long'
12/26/2025 17:19:32	DEBUG	7	0	NodeParam::doCheck(): 'MainNode-main-experiments-node-raw-intensity-gender-node:enable'
12/26/2025 17:19:32	DEBUG	7	0	NodeParam::doCheck(): 'MainNode-main-experiments-node-raw-intensity-gender-node:disable'
12/26/2025 17:19:32	DEBUG	7	0	NodeParam::doCheck(): 'MainNode-main-experiments-node-raw-intensity-gender-node:@serialize'
12/26/2025 17:19:32	DEBUG	7	0	NodeParam::doCheck(): 'MainNode-main-experiments-node-raw-intensity-gender-node:@serialize-pre'
12/26/2025 17:19:32	DEBUG	7	0	NodeParam::doCheck(): 'MainNode-main-experiments-node-raw-intensity-gender-node:@serialize-post'
12/26/2025 17:19:32	DEBUG	7	0	NodeParam::doCheck(): 'MainNode-main-experiments-node-raw-intensity-gender-node:@stop'
12/26/2025 17:19:32	DEBUG	7	0	NodeParam::doCheck(): 'MainNode-main-experiments-node-raw-intensity-gender-node:@stop-after'
12/26/2025 17:19:32	DEBUG	7	0	NodeParam::doCheck(): 'MainNode-main-experiments-node-raw-intensity-gender-node:igender-female-threshold'
12/26/2025 17:19:32	DEBUG	7	0	NodeParam::doCheck(): 'MainNode-main-experiments-node-raw-intensity-gender-node:igender-male-threshold'
12/26/2025 17:19:32	DEBUG	7	0	NodeParam::doCheck(): 'MainNode-main-experiments-node-normal-diploid-iterator-node:@dump-nodes'
12/26/2025 17:19:32	DEBUG	7	0	NodeParam::doCheck(): 'MainNode-main-experiments-node-normal-diploid-iterator-node:@dump-nodes-long'
12/26/2025 17:19:32	DEBUG	7	0	NodeParam::doCheck(): 'MainNode-main-experiments-node-normal-diploid-iterator-node:@dump-nodes-classes'
12/26/2025 17:19:32	DEBUG	7	0	NodeParam::doCheck(): 'MainNode-main-experiments-node-normal-diploid-iterator-node:@dump-data-flow'
12/26/2025 17:19:32	DEBUG	7	0	NodeParam::doCheck(): 'MainNode-main-experiments-node-normal-diploid-iterator-node:@dump-param'
12/26/2025 17:19:32	DEBUG	7	0	NodeParam::doCheck(): 'MainNode-main-experiments-node-normal-diploid-iterator-node:@dump-param-long'
12/26/2025 17:19:32	DEBUG	7	0	NodeParam::doCheck(): 'MainNode-main-experiments-node-normal-diploid-iterator-node:@dump-param-dev'
12/26/2025 17:19:32	DEBUG	7	0	NodeParam::doCheck(): 'MainNode-main-experiments-node-normal-diploid-iterator-node:@dump-param-long-dev'
12/26/2025 17:19:32	DEBUG	7	0	NodeParam::doCheck(): 'MainNode-main-experiments-node-normal-diploid-iterator-node:@dump-all'
12/26/2025 17:19:32	DEBUG	7	0	NodeParam::doCheck(): 'MainNode-main-experiments-node-normal-diploid-iterator-node:@dump-all-long'
12/26/2025 17:19:32	DEBUG	7	0	NodeParam::doCheck(): 'MainNode-main-experiments-node-normal-diploid-iterator-node:enable'
12/26/2025 17:19:32	DEBUG	7	0	NodeParam::doCheck(): 'MainNode-main-experiments-node-normal-diploid-iterator-node:disable'
12/26/2025 17:19:32	DEBUG	7	0	NodeParam::doCheck(): 'MainNode-main-experiments-node-normal-diploid-iterator-node:@serialize'
12/26/2025 17:19:32	DEBUG	7	0	NodeParam::doCheck(): 'MainNode-main-experiments-node-normal-diploid-iterator-node:@serialize-pre'
12/26/2025 17:19:32	DEBUG	7	0	NodeParam::doCheck(): 'MainNode-main-experiments-node-normal-diploid-iterator-node:@serialize-post'
12/26/2025 17:19:32	DEBUG	7	0	NodeParam::doCheck(): 'MainNode-main-experiments-node-normal-diploid-iterator-node:@stop'
12/26/2025 17:19:32	DEBUG	7	0	NodeParam::doCheck(): 'MainNode-main-experiments-node-normal-diploid-iterator-node:@stop-after'
12/26/2025 17:19:32	DEBUG	7	0	NodeParam::doCheck(): 'MainNode-main-experiments-node-normal-diploid-iterator-node-normal-diploid-switch-node:@dump-nodes'
12/26/2025 17:19:32	DEBUG	7	0	NodeParam::doCheck(): 'MainNode-main-experiments-node-normal-diploid-iterator-node-normal-diploid-switch-node:@dump-nodes-long'
12/26/2025 17:19:32	DEBUG	7	0	NodeParam::doCheck(): 'MainNode-main-experiments-node-normal-diploid-iterator-node-normal-diploid-switch-node:@dump-nodes-classes'
12/26/2025 17:19:32	DEBUG	7	0	NodeParam::doCheck(): 'MainNode-main-experiments-node-normal-diploid-iterator-node-normal-diploid-switch-node:@dump-data-flow'
12/26/2025 17:19:32	DEBUG	7	0	NodeParam::doCheck(): 'MainNode-main-experiments-node-normal-diploid-iterator-node-normal-diploid-switch-node:@dump-param'
12/26/2025 17:19:32	DEBUG	7	0	NodeParam::doCheck(): 'MainNode-main-experiments-node-normal-diploid-iterator-node-normal-diploid-switch-node:@dump-param-long'
12/26/2025 17:19:32	DEBUG	7	0	NodeParam::doCheck(): 'MainNode-main-experiments-node-normal-diploid-iterator-node-normal-diploid-switch-node:@dump-param-dev'
12/26/2025 17:19:32	DEBUG	7	0	NodeParam::doCheck(): 'MainNode-main-experiments-node-normal-diploid-iterator-node-normal-diploid-switch-node:@dump-param-long-dev'
12/26/2025 17:19:32	DEBUG	7	0	NodeParam::doCheck(): 'MainNode-main-experiments-node-normal-diploid-iterator-node-normal-diploid-switch-node:@dump-all'
12/26/2025 17:19:32	DEBUG	7	0	NodeParam::doCheck(): 'MainNode-main-experiments-node-normal-diploid-iterator-node-normal-diploid-switch-node:@dump-all-long'
12/26/2025 17:19:32	DEBUG	7	0	NodeParam::doCheck(): 'MainNode-main-experiments-node-normal-diploid-iterator-node-normal-diploid-switch-node:enable'
12/26/2025 17:19:32	DEBUG	7	0	NodeParam::doCheck(): 'MainNode-main-experiments-node-normal-diploid-iterator-node-normal-diploid-switch-node:disable'
12/26/2025 17:19:32	DEBUG	7	0	NodeParam::doCheck(): 'MainNode-main-experiments-node-normal-diploid-iterator-node-normal-diploid-switch-node:@serialize'
12/26/2025 17:19:32	DEBUG	7	0	NodeParam::doCheck(): 'MainNode-main-experiments-node-normal-diploid-iterator-node-normal-diploid-switch-node:@serialize-pre'
12/26/2025 17:19:32	DEBUG	7	0	NodeParam::doCheck(): 'MainNode-main-experiments-node-normal-diploid-iterator-node-normal-diploid-switch-node:@serialize-post'
12/26/2025 17:19:32	DEBUG	7	0	NodeParam::doCheck(): 'MainNode-main-experiments-node-normal-diploid-iterator-node-normal-diploid-switch-node:@stop'
12/26/2025 17:19:32	DEBUG	7	0	NodeParam::doCheck(): 'MainNode-main-experiments-node-normal-diploid-iterator-node-normal-diploid-switch-node:@stop-after'
12/26/2025 17:19:32	DEBUG	7	0	NodeParam::doCheck(): 'MainNode-main-experiments-node-normal-diploid-iterator-node-normal-diploid-switch-node-covariate-intensity-adjuster-node:@dump-nodes'
12/26/2025 17:19:32	DEBUG	7	0	NodeParam::doCheck(): 'MainNode-main-experiments-node-normal-diploid-iterator-node-normal-diploid-switch-node-covariate-intensity-adjuster-node:@dump-nodes-long'
12/26/2025 17:19:32	DEBUG	7	0	NodeParam::doCheck(): 'MainNode-main-experiments-node-normal-diploid-iterator-node-normal-diploid-switch-node-covariate-intensity-adjuster-node:@dump-nodes-classes'
12/26/2025 17:19:32	DEBUG	7	0	NodeParam::doCheck(): 'MainNode-main-experiments-node-normal-diploid-iterator-node-normal-diploid-switch-node-covariate-intensity-adjuster-node:@dump-data-flow'
12/26/2025 17:19:32	DEBUG	7	0	NodeParam::doCheck(): 'MainNode-main-experiments-node-normal-diploid-iterator-node-normal-diploid-switch-node-covariate-intensity-adjuster-node:@dump-param'
12/26/2025 17:19:32	DEBUG	7	0	NodeParam::doCheck(): 'MainNode-main-experiments-node-normal-diploid-iterator-node-normal-diploid-switch-node-covariate-intensity-adjuster-node:@dump-param-long'
12/26/2025 17:19:32	DEBUG	7	0	NodeParam::doCheck(): 'MainNode-main-experiments-node-normal-diploid-iterator-node-normal-diploid-switch-node-covariate-intensity-adjuster-node:@dump-param-dev'
12/26/2025 17:19:32	DEBUG	7	0	NodeParam::doCheck(): 'MainNode-main-experiments-node-normal-diploid-iterator-node-normal-diploid-switch-node-covariate-intensity-adjuster-node:@dump-param-long-dev'
12/26/2025 17:19:32	DEBUG	7	0	NodeParam::doCheck(): 'MainNode-main-experiments-node-normal-diploid-iterator-node-normal-diploid-switch-node-covariate-intensity-adjuster-node:@dump-all'
12/26/2025 17:19:32	DEBUG	7	0	NodeParam::doCheck(): 'MainNode-main-experiments-node-normal-diploid-iterator-node-normal-diploid-switch-node-covariate-intensity-adjuster-node:@dump-all-long'
12/26/2025 17:19:32	DEBUG	7	0	NodeParam::doCheck(): 'MainNode-main-experiments-node-normal-diploid-iterator-node-normal-diploid-switch-node-covariate-intensity-adjuster-node:enable'
12/26/2025 17:19:32	DEBUG	7	0	NodeParam::doCheck(): 'MainNode-main-experiments-node-normal-diploid-iterator-node-normal-diploid-switch-node-covariate-intensity-adjuster-node:disable'
12/26/2025 17:19:32	DEBUG	7	0	NodeParam::doCheck(): 'MainNode-main-experiments-node-normal-diploid-iterator-node-normal-diploid-switch-node-covariate-intensity-adjuster-node:@serialize'
12/26/2025 17:19:32	DEBUG	7	0	NodeParam::doCheck(): 'MainNode-main-experiments-node-normal-diploid-iterator-node-normal-diploid-switch-node-covariate-intensity-adjuster-node:@serialize-pre'
12/26/2025 17:19:32	DEBUG	7	0	NodeParam::doCheck(): 'MainNode-main-experiments-node-normal-diploid-iterator-node-normal-diploid-switch-node-covariate-intensity-adjuster-node:@serialize-post'
12/26/2025 17:19:32	DEBUG	7	0	NodeParam::doCheck(): 'MainNode-main-experiments-node-normal-diploid-iterator-node-normal-diploid-switch-node-covariate-intensity-adjuster-node:@stop'
12/26/2025 17:19:32	DEBUG	7	0	NodeParam::doCheck(): 'MainNode-main-experiments-node-normal-diploid-iterator-node-normal-diploid-switch-node-covariate-intensity-adjuster-node:@stop-after'
12/26/2025 17:19:32	DEBUG	7	0	NodeParam::doCheck(): 'MainNode-main-experiments-node-normal-diploid-iterator-node-normal-diploid-switch-node-covariate-intensity-adjuster-node:nddicov-min-nd-probe-count-per-bin'
12/26/2025 17:19:32	DEBUG	7	0	NodeParam::doCheck(): 'MainNode-main-experiments-node-normal-diploid-iterator-node-normal-diploid-switch-node-covariate-intensity-adjuster-node:nddicov-use-nd-signal-markers'
12/26/2025 17:19:32	DEBUG	7	0	NodeParam::doCheck(): 'MainNode-main-experiments-node-normal-diploid-iterator-node-normal-diploid-switch-node-normalization-node:@dump-nodes'
12/26/2025 17:19:32	DEBUG	7	0	NodeParam::doCheck(): 'MainNode-main-experiments-node-normal-diploid-iterator-node-normal-diploid-switch-node-normalization-node:@dump-nodes-long'
12/26/2025 17:19:32	DEBUG	7	0	NodeParam::doCheck(): 'MainNode-main-experiments-node-normal-diploid-iterator-node-normal-diploid-switch-node-normalization-node:@dump-nodes-classes'
12/26/2025 17:19:32	DEBUG	7	0	NodeParam::doCheck(): 'MainNode-main-experiments-node-normal-diploid-iterator-node-normal-diploid-switch-node-normalization-node:@dump-data-flow'
12/26/2025 17:19:32	DEBUG	7	0	NodeParam::doCheck(): 'MainNode-main-experiments-node-normal-diploid-iterator-node-normal-diploid-switch-node-normalization-node:@dump-param'
12/26/2025 17:19:32	DEBUG	7	0	NodeParam::doCheck(): 'MainNode-main-experiments-node-normal-diploid-iterator-node-normal-diploid-switch-node-normalization-node:@dump-param-long'
12/26/2025 17:19:32	DEBUG	7	0	NodeParam::doCheck(): 'MainNode-main-experiments-node-normal-diploid-iterator-node-normal-diploid-switch-node-normalization-node:@dump-param-dev'
12/26/2025 17:19:32	DEBUG	7	0	NodeParam::doCheck(): 'MainNode-main-experiments-node-normal-diploid-iterator-node-normal-diploid-switch-node-normalization-node:@dump-param-long-dev'
12/26/2025 17:19:32	DEBUG	7	0	NodeParam::doCheck(): 'MainNode-main-experiments-node-normal-diploid-iterator-node-normal-diploid-switch-node-normalization-node:@dump-all'
12/26/2025 17:19:32	DEBUG	7	0	NodeParam::doCheck(): 'MainNode-main-experiments-node-normal-diploid-iterator-node-normal-diploid-switch-node-normalization-node:@dump-all-long'
12/26/2025 17:19:32	DEBUG	7	0	NodeParam::doCheck(): 'MainNode-main-experiments-node-normal-diploid-iterator-node-normal-diploid-switch-node-normalization-node:enable'
12/26/2025 17:19:32	DEBUG	7	0	NodeParam::doCheck(): 'MainNode-main-experiments-node-normal-diploid-iterator-node-normal-diploid-switch-node-normalization-node:disable'
12/26/2025 17:19:32	DEBUG	7	0	NodeParam::doCheck(): 'MainNode-main-experiments-node-normal-diploid-iterator-node-normal-diploid-switch-node-normalization-node:@serialize'
12/26/2025 17:19:32	DEBUG	7	0	NodeParam::doCheck(): 'MainNode-main-experiments-node-normal-diploid-iterator-node-normal-diploid-switch-node-normalization-node:@serialize-pre'
12/26/2025 17:19:32	DEBUG	7	0	NodeParam::doCheck(): 'MainNode-main-experiments-node-normal-diploid-iterator-node-normal-diploid-switch-node-normalization-node:@serialize-post'
12/26/2025 17:19:32	DEBUG	7	0	NodeParam::doCheck(): 'MainNode-main-experiments-node-normal-diploid-iterator-node-normal-diploid-switch-node-normalization-node:@stop'
12/26/2025 17:19:32	DEBUG	7	0	NodeParam::doCheck(): 'MainNode-main-experiments-node-normal-diploid-iterator-node-normal-diploid-switch-node-normalization-node:@stop-after'
12/26/2025 17:19:32	DEBUG	7	0	NodeParam::doCheck(): 'MainNode-main-experiments-node-normal-diploid-iterator-node-normal-diploid-switch-node-normalization-node:dual-channel-normalization'
12/26/2025 17:19:32	DEBUG	7	0	NodeParam::doCheck(): 'MainNode-main-experiments-node-normal-diploid-iterator-node-normal-diploid-switch-node-summarization-node:@dump-nodes'
12/26/2025 17:19:32	DEBUG	7	0	NodeParam::doCheck(): 'MainNode-main-experiments-node-normal-diploid-iterator-node-normal-diploid-switch-node-summarization-node:@dump-nodes-long'
12/26/2025 17:19:32	DEBUG	7	0	NodeParam::doCheck(): 'MainNode-main-experiments-node-normal-diploid-iterator-node-normal-diploid-switch-node-summarization-node:@dump-nodes-classes'
12/26/2025 17:19:32	DEBUG	7	0	NodeParam::doCheck(): 'MainNode-main-experiments-node-normal-diploid-iterator-node-normal-diploid-switch-node-summarization-node:@dump-data-flow'
12/26/2025 17:19:32	DEBUG	7	0	NodeParam::doCheck(): 'MainNode-main-experiments-node-normal-diploid-iterator-node-normal-diploid-switch-node-summarization-node:@dump-param'
12/26/2025 17:19:32	DEBUG	7	0	NodeParam::doCheck(): 'MainNode-main-experiments-node-normal-diploid-iterator-node-normal-diploid-switch-node-summarization-node:@dump-param-long'
12/26/2025 17:19:32	DEBUG	7	0	NodeParam::doCheck(): 'MainNode-main-experiments-node-normal-diploid-iterator-node-normal-diploid-switch-node-summarization-node:@dump-param-dev'
12/26/2025 17:19:32	DEBUG	7	0	NodeParam::doCheck(): 'MainNode-main-experiments-node-normal-diploid-iterator-node-normal-diploid-switch-node-summarization-node:@dump-param-long-dev'
12/26/2025 17:19:32	DEBUG	7	0	NodeParam::doCheck(): 'MainNode-main-experiments-node-normal-diploid-iterator-node-normal-diploid-switch-node-summarization-node:@dump-all'
12/26/2025 17:19:32	DEBUG	7	0	NodeParam::doCheck(): 'MainNode-main-experiments-node-normal-diploid-iterator-node-normal-diploid-switch-node-summarization-node:@dump-all-long'
12/26/2025 17:19:32	DEBUG	7	0	NodeParam::doCheck(): 'MainNode-main-experiments-node-normal-diploid-iterator-node-normal-diploid-switch-node-summarization-node:enable'
12/26/2025 17:19:32	DEBUG	7	0	NodeParam::doCheck(): 'MainNode-main-experiments-node-normal-diploid-iterator-node-normal-diploid-switch-node-summarization-node:disable'
12/26/2025 17:19:32	DEBUG	7	0	NodeParam::doCheck(): 'MainNode-main-experiments-node-normal-diploid-iterator-node-normal-diploid-switch-node-summarization-node:@serialize'
12/26/2025 17:19:32	DEBUG	7	0	NodeParam::doCheck(): 'MainNode-main-experiments-node-normal-diploid-iterator-node-normal-diploid-switch-node-summarization-node:@serialize-pre'
12/26/2025 17:19:32	DEBUG	7	0	NodeParam::doCheck(): 'MainNode-main-experiments-node-normal-diploid-iterator-node-normal-diploid-switch-node-summarization-node:@serialize-post'
12/26/2025 17:19:32	DEBUG	7	0	NodeParam::doCheck(): 'MainNode-main-experiments-node-normal-diploid-iterator-node-normal-diploid-switch-node-summarization-node:@stop'
12/26/2025 17:19:32	DEBUG	7	0	NodeParam::doCheck(): 'MainNode-main-experiments-node-normal-diploid-iterator-node-normal-diploid-switch-node-summarization-node:@stop-after'
12/26/2025 17:19:32	DEBUG	7	0	NodeParam::doCheck(): 'MainNode-main-experiments-node-normal-diploid-iterator-node-normal-diploid-switch-node-allelic-difference-node:@dump-nodes'
12/26/2025 17:19:32	DEBUG	7	0	NodeParam::doCheck(): 'MainNode-main-experiments-node-normal-diploid-iterator-node-normal-diploid-switch-node-allelic-difference-node:@dump-nodes-long'
12/26/2025 17:19:32	DEBUG	7	0	NodeParam::doCheck(): 'MainNode-main-experiments-node-normal-diploid-iterator-node-normal-diploid-switch-node-allelic-difference-node:@dump-nodes-classes'
12/26/2025 17:19:32	DEBUG	7	0	NodeParam::doCheck(): 'MainNode-main-experiments-node-normal-diploid-iterator-node-normal-diploid-switch-node-allelic-difference-node:@dump-data-flow'
12/26/2025 17:19:32	DEBUG	7	0	NodeParam::doCheck(): 'MainNode-main-experiments-node-normal-diploid-iterator-node-normal-diploid-switch-node-allelic-difference-node:@dump-param'
12/26/2025 17:19:32	DEBUG	7	0	NodeParam::doCheck(): 'MainNode-main-experiments-node-normal-diploid-iterator-node-normal-diploid-switch-node-allelic-difference-node:@dump-param-long'
12/26/2025 17:19:32	DEBUG	7	0	NodeParam::doCheck(): 'MainNode-main-experiments-node-normal-diploid-iterator-node-normal-diploid-switch-node-allelic-difference-node:@dump-param-dev'
12/26/2025 17:19:32	DEBUG	7	0	NodeParam::doCheck(): 'MainNode-main-experiments-node-normal-diploid-iterator-node-normal-diploid-switch-node-allelic-difference-node:@dump-param-long-dev'
12/26/2025 17:19:32	DEBUG	7	0	NodeParam::doCheck(): 'MainNode-main-experiments-node-normal-diploid-iterator-node-normal-diploid-switch-node-allelic-difference-node:@dump-all'
12/26/2025 17:19:32	DEBUG	7	0	NodeParam::doCheck(): 'MainNode-main-experiments-node-normal-diploid-iterator-node-normal-diploid-switch-node-allelic-difference-node:@dump-all-long'
12/26/2025 17:19:32	DEBUG	7	0	NodeParam::doCheck(): 'MainNode-main-experiments-node-normal-diploid-iterator-node-normal-diploid-switch-node-allelic-difference-node:enable'
12/26/2025 17:19:32	DEBUG	7	0	NodeParam::doCheck(): 'MainNode-main-experiments-node-normal-diploid-iterator-node-normal-diploid-switch-node-allelic-difference-node:disable'
12/26/2025 17:19:32	DEBUG	7	0	NodeParam::doCheck(): 'MainNode-main-experiments-node-normal-diploid-iterator-node-normal-diploid-switch-node-allelic-difference-node:@serialize'
12/26/2025 17:19:32	DEBUG	7	0	NodeParam::doCheck(): 'MainNode-main-experiments-node-normal-diploid-iterator-node-normal-diploid-switch-node-allelic-difference-node:@serialize-pre'
12/26/2025 17:19:32	DEBUG	7	0	NodeParam::doCheck(): 'MainNode-main-experiments-node-normal-diploid-iterator-node-normal-diploid-switch-node-allelic-difference-node:@serialize-post'
12/26/2025 17:19:32	DEBUG	7	0	NodeParam::doCheck(): 'MainNode-main-experiments-node-normal-diploid-iterator-node-normal-diploid-switch-node-allelic-difference-node:@stop'
12/26/2025 17:19:32	DEBUG	7	0	NodeParam::doCheck(): 'MainNode-main-experiments-node-normal-diploid-iterator-node-normal-diploid-switch-node-allelic-difference-node:@stop-after'
12/26/2025 17:19:32	DEBUG	7	0	NodeParam::doCheck(): 'MainNode-main-experiments-node-normal-diploid-iterator-node-normal-diploid-switch-node-allelic-difference-node:ad-outlier-trim'
12/26/2025 17:19:32	DEBUG	7	0	NodeParam::doCheck(): 'MainNode-main-experiments-node-normal-diploid-iterator-node-normal-diploid-switch-node-log2-ratio-node:@dump-nodes'
12/26/2025 17:19:32	DEBUG	7	0	NodeParam::doCheck(): 'MainNode-main-experiments-node-normal-diploid-iterator-node-normal-diploid-switch-node-log2-ratio-node:@dump-nodes-long'
12/26/2025 17:19:32	DEBUG	7	0	NodeParam::doCheck(): 'MainNode-main-experiments-node-normal-diploid-iterator-node-normal-diploid-switch-node-log2-ratio-node:@dump-nodes-classes'
12/26/2025 17:19:32	DEBUG	7	0	NodeParam::doCheck(): 'MainNode-main-experiments-node-normal-diploid-iterator-node-normal-diploid-switch-node-log2-ratio-node:@dump-data-flow'
12/26/2025 17:19:32	DEBUG	7	0	NodeParam::doCheck(): 'MainNode-main-experiments-node-normal-diploid-iterator-node-normal-diploid-switch-node-log2-ratio-node:@dump-param'
12/26/2025 17:19:32	DEBUG	7	0	NodeParam::doCheck(): 'MainNode-main-experiments-node-normal-diploid-iterator-node-normal-diploid-switch-node-log2-ratio-node:@dump-param-long'
12/26/2025 17:19:32	DEBUG	7	0	NodeParam::doCheck(): 'MainNode-main-experiments-node-normal-diploid-iterator-node-normal-diploid-switch-node-log2-ratio-node:@dump-param-dev'
12/26/2025 17:19:32	DEBUG	7	0	NodeParam::doCheck(): 'MainNode-main-experiments-node-normal-diploid-iterator-node-normal-diploid-switch-node-log2-ratio-node:@dump-param-long-dev'
12/26/2025 17:19:32	DEBUG	7	0	NodeParam::doCheck(): 'MainNode-main-experiments-node-normal-diploid-iterator-node-normal-diploid-switch-node-log2-ratio-node:@dump-all'
12/26/2025 17:19:32	DEBUG	7	0	NodeParam::doCheck(): 'MainNode-main-experiments-node-normal-diploid-iterator-node-normal-diploid-switch-node-log2-ratio-node:@dump-all-long'
12/26/2025 17:19:32	DEBUG	7	0	NodeParam::doCheck(): 'MainNode-main-experiments-node-normal-diploid-iterator-node-normal-diploid-switch-node-log2-ratio-node:enable'
12/26/2025 17:19:32	DEBUG	7	0	NodeParam::doCheck(): 'MainNode-main-experiments-node-normal-diploid-iterator-node-normal-diploid-switch-node-log2-ratio-node:disable'
12/26/2025 17:19:32	DEBUG	7	0	NodeParam::doCheck(): 'MainNode-main-experiments-node-normal-diploid-iterator-node-normal-diploid-switch-node-log2-ratio-node:@serialize'
12/26/2025 17:19:32	DEBUG	7	0	NodeParam::doCheck(): 'MainNode-main-experiments-node-normal-diploid-iterator-node-normal-diploid-switch-node-log2-ratio-node:@serialize-pre'
12/26/2025 17:19:32	DEBUG	7	0	NodeParam::doCheck(): 'MainNode-main-experiments-node-normal-diploid-iterator-node-normal-diploid-switch-node-log2-ratio-node:@serialize-post'
12/26/2025 17:19:32	DEBUG	7	0	NodeParam::doCheck(): 'MainNode-main-experiments-node-normal-diploid-iterator-node-normal-diploid-switch-node-log2-ratio-node:@stop'
12/26/2025 17:19:32	DEBUG	7	0	NodeParam::doCheck(): 'MainNode-main-experiments-node-normal-diploid-iterator-node-normal-diploid-switch-node-log2-ratio-node:@stop-after'
12/26/2025 17:19:32	DEBUG	7	0	NodeParam::doCheck(): 'MainNode-main-experiments-node-normal-diploid-iterator-node-normal-diploid-detection-node:@dump-nodes'
12/26/2025 17:19:32	DEBUG	7	0	NodeParam::doCheck(): 'MainNode-main-experiments-node-normal-diploid-iterator-node-normal-diploid-detection-node:@dump-nodes-long'
12/26/2025 17:19:32	DEBUG	7	0	NodeParam::doCheck(): 'MainNode-main-experiments-node-normal-diploid-iterator-node-normal-diploid-detection-node:@dump-nodes-classes'
12/26/2025 17:19:32	DEBUG	7	0	NodeParam::doCheck(): 'MainNode-main-experiments-node-normal-diploid-iterator-node-normal-diploid-detection-node:@dump-data-flow'
12/26/2025 17:19:32	DEBUG	7	0	NodeParam::doCheck(): 'MainNode-main-experiments-node-normal-diploid-iterator-node-normal-diploid-detection-node:@dump-param'
12/26/2025 17:19:32	DEBUG	7	0	NodeParam::doCheck(): 'MainNode-main-experiments-node-normal-diploid-iterator-node-normal-diploid-detection-node:@dump-param-long'
12/26/2025 17:19:32	DEBUG	7	0	NodeParam::doCheck(): 'MainNode-main-experiments-node-normal-diploid-iterator-node-normal-diploid-detection-node:@dump-param-dev'
12/26/2025 17:19:32	DEBUG	7	0	NodeParam::doCheck(): 'MainNode-main-experiments-node-normal-diploid-iterator-node-normal-diploid-detection-node:@dump-param-long-dev'
12/26/2025 17:19:32	DEBUG	7	0	NodeParam::doCheck(): 'MainNode-main-experiments-node-normal-diploid-iterator-node-normal-diploid-detection-node:@dump-all'
12/26/2025 17:19:32	DEBUG	7	0	NodeParam::doCheck(): 'MainNode-main-experiments-node-normal-diploid-iterator-node-normal-diploid-detection-node:@dump-all-long'
12/26/2025 17:19:32	DEBUG	7	0	NodeParam::doCheck(): 'MainNode-main-experiments-node-normal-diploid-iterator-node-normal-diploid-detection-node:enable'
12/26/2025 17:19:32	DEBUG	7	0	NodeParam::doCheck(): 'MainNode-main-experiments-node-normal-diploid-iterator-node-normal-diploid-detection-node:disable'
12/26/2025 17:19:32	DEBUG	7	0	NodeParam::doCheck(): 'MainNode-main-experiments-node-normal-diploid-iterator-node-normal-diploid-detection-node:@serialize'
12/26/2025 17:19:32	DEBUG	7	0	NodeParam::doCheck(): 'MainNode-main-experiments-node-normal-diploid-iterator-node-normal-diploid-detection-node:@serialize-pre'
12/26/2025 17:19:32	DEBUG	7	0	NodeParam::doCheck(): 'MainNode-main-experiments-node-normal-diploid-iterator-node-normal-diploid-detection-node:@serialize-post'
12/26/2025 17:19:32	DEBUG	7	0	NodeParam::doCheck(): 'MainNode-main-experiments-node-normal-diploid-iterator-node-normal-diploid-detection-node:@stop'
12/26/2025 17:19:32	DEBUG	7	0	NodeParam::doCheck(): 'MainNode-main-experiments-node-normal-diploid-iterator-node-normal-diploid-detection-node:@stop-after'
12/26/2025 17:19:32	DEBUG	7	0	NodeParam::doCheck(): 'MainNode-main-experiments-node-normal-diploid-iterator-node-normal-diploid-detection-node:ndd-weights-type'
12/26/2025 17:19:32	DEBUG	7	0	NodeParam::doCheck(): 'MainNode-main-experiments-node-normal-diploid-iterator-node-normal-diploid-detection-node:ndd-point-count'
12/26/2025 17:19:32	DEBUG	7	0	NodeParam::doCheck(): 'MainNode-main-experiments-node-normal-diploid-iterator-node-normal-diploid-detection-node:ndd-bandwidth'
12/26/2025 17:19:32	DEBUG	7	0	NodeParam::doCheck(): 'MainNode-main-experiments-node-normal-diploid-iterator-node-normal-diploid-detection-node:ndd-cutoff'
12/26/2025 17:19:32	DEBUG	7	0	NodeParam::doCheck(): 'MainNode-main-experiments-node-normal-diploid-iterator-node-normal-diploid-detection-node:ndd-step'
12/26/2025 17:19:32	DEBUG	7	0	NodeParam::doCheck(): 'MainNode-main-experiments-node-normal-diploid-iterator-node-normal-diploid-detection-node:ndd-window'
12/26/2025 17:19:32	DEBUG	7	0	NodeParam::doCheck(): 'MainNode-main-experiments-node-normal-diploid-iterator-node-normal-diploid-detection-node:ndd-min-markers'
12/26/2025 17:19:32	DEBUG	7	0	NodeParam::doCheck(): 'MainNode-main-experiments-node-normal-diploid-iterator-node-normal-diploid-detection-node:ndd-log2-threshold'
12/26/2025 17:19:32	DEBUG	7	0	NodeParam::doCheck(): 'MainNode-main-experiments-node-normal-diploid-iterator-node-normal-diploid-detection-node:ndd-th1'
12/26/2025 17:19:32	DEBUG	7	0	NodeParam::doCheck(): 'MainNode-main-experiments-node-normal-diploid-iterator-node-normal-diploid-detection-node:ndd-th2'
12/26/2025 17:19:32	DEBUG	7	0	NodeParam::doCheck(): 'MainNode-main-experiments-node-normal-diploid-iterator-node-normal-diploid-detection-node:ndd-th3'
12/26/2025 17:19:32	DEBUG	7	0	NodeParam::doCheck(): 'MainNode-main-experiments-node-normal-diploid-iterator-node-normal-diploid-detection-node:ndd-th4'
12/26/2025 17:19:32	DEBUG	7	0	NodeParam::doCheck(): 'MainNode-main-experiments-node-normal-diploid-iterator-node-normal-diploid-detection-node:ndd-min-percent-nd'
12/26/2025 17:19:32	DEBUG	7	0	NodeParam::doCheck(): 'MainNode-main-experiments-node-normal-diploid-iterator-node-normal-diploid-detection-node:ndd-min-number-nd'
12/26/2025 17:19:32	DEBUG	7	0	NodeParam::doCheck(): 'MainNode-main-experiments-node-normal-diploid-iterator-node-normal-diploid-detection-node:ndd-med-l2r-low-percentile-ND'
12/26/2025 17:19:32	DEBUG	7	0	NodeParam::doCheck(): 'MainNode-main-experiments-node-normal-diploid-iterator-node-normal-diploid-detection-node:ndd-med-l2r-threshold-ND'
12/26/2025 17:19:32	DEBUG	7	0	NodeParam::doCheck(): 'MainNode-main-experiments-node-normal-diploid-iterator-node-normal-diploid-detection-node:ndd-iqr-factor-coarse'
12/26/2025 17:19:32	DEBUG	7	0	NodeParam::doCheck(): 'MainNode-main-experiments-node-normal-diploid-iterator-node-normal-diploid-detection-node:ndd-iqr-factor-fine'
12/26/2025 17:19:32	dset	3	0	Dset::File::open('/Library/Frameworks/R.framework/Versions/4.1/Resources/library/OncoScan.na33.r4/apt/res//OncoScan.FFPE.na33.r1.REF_MODEL',2,5)
12/26/2025 17:19:33	DEBUG	7	0	NodeParam::doCheck(): 'MainNode-main-experiments-node-signal-gender-node:@dump-nodes'
12/26/2025 17:19:33	DEBUG	7	0	NodeParam::doCheck(): 'MainNode-main-experiments-node-signal-gender-node:@dump-nodes-long'
12/26/2025 17:19:33	DEBUG	7	0	NodeParam::doCheck(): 'MainNode-main-experiments-node-signal-gender-node:@dump-nodes-classes'
12/26/2025 17:19:33	DEBUG	7	0	NodeParam::doCheck(): 'MainNode-main-experiments-node-signal-gender-node:@dump-data-flow'
12/26/2025 17:19:33	DEBUG	7	0	NodeParam::doCheck(): 'MainNode-main-experiments-node-signal-gender-node:@dump-param'
12/26/2025 17:19:33	DEBUG	7	0	NodeParam::doCheck(): 'MainNode-main-experiments-node-signal-gender-node:@dump-param-long'
12/26/2025 17:19:33	DEBUG	7	0	NodeParam::doCheck(): 'MainNode-main-experiments-node-signal-gender-node:@dump-param-dev'
12/26/2025 17:19:33	DEBUG	7	0	NodeParam::doCheck(): 'MainNode-main-experiments-node-signal-gender-node:@dump-param-long-dev'
12/26/2025 17:19:33	DEBUG	7	0	NodeParam::doCheck(): 'MainNode-main-experiments-node-signal-gender-node:@dump-all'
12/26/2025 17:19:33	DEBUG	7	0	NodeParam::doCheck(): 'MainNode-main-experiments-node-signal-gender-node:@dump-all-long'
12/26/2025 17:19:33	DEBUG	7	0	NodeParam::doCheck(): 'MainNode-main-experiments-node-signal-gender-node:enable'
12/26/2025 17:19:33	DEBUG	7	0	NodeParam::doCheck(): 'MainNode-main-experiments-node-signal-gender-node:disable'
12/26/2025 17:19:33	DEBUG	7	0	NodeParam::doCheck(): 'MainNode-main-experiments-node-signal-gender-node:@serialize'
12/26/2025 17:19:33	DEBUG	7	0	NodeParam::doCheck(): 'MainNode-main-experiments-node-signal-gender-node:@serialize-pre'
12/26/2025 17:19:33	DEBUG	7	0	NodeParam::doCheck(): 'MainNode-main-experiments-node-signal-gender-node:@serialize-post'
12/26/2025 17:19:33	DEBUG	7	0	NodeParam::doCheck(): 'MainNode-main-experiments-node-signal-gender-node:@stop'
12/26/2025 17:19:33	DEBUG	7	0	NodeParam::doCheck(): 'MainNode-main-experiments-node-signal-gender-node:@stop-after'
12/26/2025 17:19:33	DEBUG	7	0	NodeParam::doCheck(): 'MainNode-main-experiments-node-signal-gender-node:sig-gender-reference-chromosome'
12/26/2025 17:19:33	DEBUG	7	0	NodeParam::doCheck(): 'MainNode-main-experiments-node-signal-gender-node:sig-gender-xx-cutoff'
12/26/2025 17:19:33	DEBUG	7	0	NodeParam::doCheck(): 'MainNode-main-experiments-node-signal-gender-node:sig-gender-xx-cutoff-high'
12/26/2025 17:19:33	DEBUG	7	0	NodeParam::doCheck(): 'MainNode-main-experiments-node-signal-gender-node:sig-gender-y-cutoff'
12/26/2025 17:19:33	DEBUG	7	0	NodeParam::doCheck(): 'MainNode-main-experiments-node-log2-ratio-adjuster-image-node:@dump-nodes'
12/26/2025 17:19:33	DEBUG	7	0	NodeParam::doCheck(): 'MainNode-main-experiments-node-log2-ratio-adjuster-image-node:@dump-nodes-long'
12/26/2025 17:19:33	DEBUG	7	0	NodeParam::doCheck(): 'MainNode-main-experiments-node-log2-ratio-adjuster-image-node:@dump-nodes-classes'
12/26/2025 17:19:33	DEBUG	7	0	NodeParam::doCheck(): 'MainNode-main-experiments-node-log2-ratio-adjuster-image-node:@dump-data-flow'
12/26/2025 17:19:33	DEBUG	7	0	NodeParam::doCheck(): 'MainNode-main-experiments-node-log2-ratio-adjuster-image-node:@dump-param'
12/26/2025 17:19:33	DEBUG	7	0	NodeParam::doCheck(): 'MainNode-main-experiments-node-log2-ratio-adjuster-image-node:@dump-param-long'
12/26/2025 17:19:33	DEBUG	7	0	NodeParam::doCheck(): 'MainNode-main-experiments-node-log2-ratio-adjuster-image-node:@dump-param-dev'
12/26/2025 17:19:33	DEBUG	7	0	NodeParam::doCheck(): 'MainNode-main-experiments-node-log2-ratio-adjuster-image-node:@dump-param-long-dev'
12/26/2025 17:19:33	DEBUG	7	0	NodeParam::doCheck(): 'MainNode-main-experiments-node-log2-ratio-adjuster-image-node:@dump-all'
12/26/2025 17:19:33	DEBUG	7	0	NodeParam::doCheck(): 'MainNode-main-experiments-node-log2-ratio-adjuster-image-node:@dump-all-long'
12/26/2025 17:19:33	DEBUG	7	0	NodeParam::doCheck(): 'MainNode-main-experiments-node-log2-ratio-adjuster-image-node:enable'
12/26/2025 17:19:33	DEBUG	7	0	NodeParam::doCheck(): 'MainNode-main-experiments-node-log2-ratio-adjuster-image-node:disable'
12/26/2025 17:19:33	DEBUG	7	0	NodeParam::doCheck(): 'MainNode-main-experiments-node-log2-ratio-adjuster-image-node:@serialize'
12/26/2025 17:19:33	DEBUG	7	0	NodeParam::doCheck(): 'MainNode-main-experiments-node-log2-ratio-adjuster-image-node:@serialize-pre'
12/26/2025 17:19:33	DEBUG	7	0	NodeParam::doCheck(): 'MainNode-main-experiments-node-log2-ratio-adjuster-image-node:@serialize-post'
12/26/2025 17:19:33	DEBUG	7	0	NodeParam::doCheck(): 'MainNode-main-experiments-node-log2-ratio-adjuster-image-node:@stop'
12/26/2025 17:19:33	DEBUG	7	0	NodeParam::doCheck(): 'MainNode-main-experiments-node-log2-ratio-adjuster-image-node:@stop-after'
12/26/2025 17:19:33	DEBUG	7	0	NodeParam::doCheck(): 'MainNode-main-experiments-node-log2-ratio-adjuster-image-node:hpf-mini-block-rows'
12/26/2025 17:19:33	DEBUG	7	0	NodeParam::doCheck(): 'MainNode-main-experiments-node-log2-ratio-adjuster-image-node:hpf-mini-block-cols'
12/26/2025 17:19:33	DEBUG	7	0	NodeParam::doCheck(): 'MainNode-main-experiments-node-log2-ratio-adjuster-image-node:hpf-global-smooth-weight'
12/26/2025 17:19:33	DEBUG	7	0	NodeParam::doCheck(): 'MainNode-main-experiments-node-log2-ratio-adjuster-image-node:hpf-local-smooth-weight'
12/26/2025 17:19:33	DEBUG	7	0	NodeParam::doCheck(): 'MainNode-main-experiments-node-log2-ratio-adjuster-image-node:hpf-converged'
12/26/2025 17:19:33	DEBUG	7	0	NodeParam::doCheck(): 'MainNode-main-experiments-node-log2-ratio-adjuster-covariate-node:@dump-nodes'
12/26/2025 17:19:33	DEBUG	7	0	NodeParam::doCheck(): 'MainNode-main-experiments-node-log2-ratio-adjuster-covariate-node:@dump-nodes-long'
12/26/2025 17:19:33	DEBUG	7	0	NodeParam::doCheck(): 'MainNode-main-experiments-node-log2-ratio-adjuster-covariate-node:@dump-nodes-classes'
12/26/2025 17:19:33	DEBUG	7	0	NodeParam::doCheck(): 'MainNode-main-experiments-node-log2-ratio-adjuster-covariate-node:@dump-data-flow'
12/26/2025 17:19:33	DEBUG	7	0	NodeParam::doCheck(): 'MainNode-main-experiments-node-log2-ratio-adjuster-covariate-node:@dump-param'
12/26/2025 17:19:33	DEBUG	7	0	NodeParam::doCheck(): 'MainNode-main-experiments-node-log2-ratio-adjuster-covariate-node:@dump-param-long'
12/26/2025 17:19:33	DEBUG	7	0	NodeParam::doCheck(): 'MainNode-main-experiments-node-log2-ratio-adjuster-covariate-node:@dump-param-dev'
12/26/2025 17:19:33	DEBUG	7	0	NodeParam::doCheck(): 'MainNode-main-experiments-node-log2-ratio-adjuster-covariate-node:@dump-param-long-dev'
12/26/2025 17:19:33	DEBUG	7	0	NodeParam::doCheck(): 'MainNode-main-experiments-node-log2-ratio-adjuster-covariate-node:@dump-all'
12/26/2025 17:19:33	DEBUG	7	0	NodeParam::doCheck(): 'MainNode-main-experiments-node-log2-ratio-adjuster-covariate-node:@dump-all-long'
12/26/2025 17:19:33	DEBUG	7	0	NodeParam::doCheck(): 'MainNode-main-experiments-node-log2-ratio-adjuster-covariate-node:enable'
12/26/2025 17:19:33	DEBUG	7	0	NodeParam::doCheck(): 'MainNode-main-experiments-node-log2-ratio-adjuster-covariate-node:disable'
12/26/2025 17:19:33	DEBUG	7	0	NodeParam::doCheck(): 'MainNode-main-experiments-node-log2-ratio-adjuster-covariate-node:@serialize'
12/26/2025 17:19:33	DEBUG	7	0	NodeParam::doCheck(): 'MainNode-main-experiments-node-log2-ratio-adjuster-covariate-node:@serialize-pre'
12/26/2025 17:19:33	DEBUG	7	0	NodeParam::doCheck(): 'MainNode-main-experiments-node-log2-ratio-adjuster-covariate-node:@serialize-post'
12/26/2025 17:19:33	DEBUG	7	0	NodeParam::doCheck(): 'MainNode-main-experiments-node-log2-ratio-adjuster-covariate-node:@stop'
12/26/2025 17:19:33	DEBUG	7	0	NodeParam::doCheck(): 'MainNode-main-experiments-node-log2-ratio-adjuster-covariate-node:@stop-after'
12/26/2025 17:19:33	DEBUG	7	0	NodeParam::doCheck(): 'MainNode-main-experiments-node-log2-ratio-adjuster-covariate-node:nddlrcov-min-nd-marker-count-per-bin'
12/26/2025 17:19:33	DEBUG	7	0	NodeParam::doCheck(): 'MainNode-main-experiments-node-log2-ratio-adjuster-covariate-node:nddlrcov-use-nd-lr-markers'
12/26/2025 17:19:33	DEBUG	7	0	NodeParam::doCheck(): 'MainNode-main-experiments-node-log2-ratio-adjuster-wave-node:@dump-nodes'
12/26/2025 17:19:33	DEBUG	7	0	NodeParam::doCheck(): 'MainNode-main-experiments-node-log2-ratio-adjuster-wave-node:@dump-nodes-long'
12/26/2025 17:19:33	DEBUG	7	0	NodeParam::doCheck(): 'MainNode-main-experiments-node-log2-ratio-adjuster-wave-node:@dump-nodes-classes'
12/26/2025 17:19:33	DEBUG	7	0	NodeParam::doCheck(): 'MainNode-main-experiments-node-log2-ratio-adjuster-wave-node:@dump-data-flow'
12/26/2025 17:19:33	DEBUG	7	0	NodeParam::doCheck(): 'MainNode-main-experiments-node-log2-ratio-adjuster-wave-node:@dump-param'
12/26/2025 17:19:33	DEBUG	7	0	NodeParam::doCheck(): 'MainNode-main-experiments-node-log2-ratio-adjuster-wave-node:@dump-param-long'
12/26/2025 17:19:33	DEBUG	7	0	NodeParam::doCheck(): 'MainNode-main-experiments-node-log2-ratio-adjuster-wave-node:@dump-param-dev'
12/26/2025 17:19:33	DEBUG	7	0	NodeParam::doCheck(): 'MainNode-main-experiments-node-log2-ratio-adjuster-wave-node:@dump-param-long-dev'
12/26/2025 17:19:33	DEBUG	7	0	NodeParam::doCheck(): 'MainNode-main-experiments-node-log2-ratio-adjuster-wave-node:@dump-all'
12/26/2025 17:19:33	DEBUG	7	0	NodeParam::doCheck(): 'MainNode-main-experiments-node-log2-ratio-adjuster-wave-node:@dump-all-long'
12/26/2025 17:19:33	DEBUG	7	0	NodeParam::doCheck(): 'MainNode-main-experiments-node-log2-ratio-adjuster-wave-node:enable'
12/26/2025 17:19:33	DEBUG	7	0	NodeParam::doCheck(): 'MainNode-main-experiments-node-log2-ratio-adjuster-wave-node:disable'
12/26/2025 17:19:33	DEBUG	7	0	NodeParam::doCheck(): 'MainNode-main-experiments-node-log2-ratio-adjuster-wave-node:@serialize'
12/26/2025 17:19:33	DEBUG	7	0	NodeParam::doCheck(): 'MainNode-main-experiments-node-log2-ratio-adjuster-wave-node:@serialize-pre'
12/26/2025 17:19:33	DEBUG	7	0	NodeParam::doCheck(): 'MainNode-main-experiments-node-log2-ratio-adjuster-wave-node:@serialize-post'
12/26/2025 17:19:33	DEBUG	7	0	NodeParam::doCheck(): 'MainNode-main-experiments-node-log2-ratio-adjuster-wave-node:@stop'
12/26/2025 17:19:33	DEBUG	7	0	NodeParam::doCheck(): 'MainNode-main-experiments-node-log2-ratio-adjuster-wave-node:@stop-after'
12/26/2025 17:19:33	DEBUG	7	0	NodeParam::doCheck(): 'MainNode-main-experiments-node-log2-ratio-adjuster-wave-node:wave-bandwidth'
12/26/2025 17:19:33	DEBUG	7	0	NodeParam::doCheck(): 'MainNode-main-experiments-node-log2-ratio-adjuster-wave-node:wave-bin-count'
12/26/2025 17:19:33	DEBUG	7	0	NodeParam::doCheck(): 'MainNode-main-experiments-node-log2-ratio-adjuster-wave-node:wave-count'
12/26/2025 17:19:33	DEBUG	7	0	NodeParam::doCheck(): 'MainNode-main-experiments-node-log2-ratio-adjuster-wave-node:wave-smooth'
12/26/2025 17:19:33	DEBUG	7	0	NodeParam::doCheck(): 'MainNode-main-experiments-node-log2-ratio-adjuster-y-target-node:@dump-nodes'
12/26/2025 17:19:33	DEBUG	7	0	NodeParam::doCheck(): 'MainNode-main-experiments-node-log2-ratio-adjuster-y-target-node:@dump-nodes-long'
12/26/2025 17:19:33	DEBUG	7	0	NodeParam::doCheck(): 'MainNode-main-experiments-node-log2-ratio-adjuster-y-target-node:@dump-nodes-classes'
12/26/2025 17:19:33	DEBUG	7	0	NodeParam::doCheck(): 'MainNode-main-experiments-node-log2-ratio-adjuster-y-target-node:@dump-data-flow'
12/26/2025 17:19:33	DEBUG	7	0	NodeParam::doCheck(): 'MainNode-main-experiments-node-log2-ratio-adjuster-y-target-node:@dump-param'
12/26/2025 17:19:33	DEBUG	7	0	NodeParam::doCheck(): 'MainNode-main-experiments-node-log2-ratio-adjuster-y-target-node:@dump-param-long'
12/26/2025 17:19:33	DEBUG	7	0	NodeParam::doCheck(): 'MainNode-main-experiments-node-log2-ratio-adjuster-y-target-node:@dump-param-dev'
12/26/2025 17:19:33	DEBUG	7	0	NodeParam::doCheck(): 'MainNode-main-experiments-node-log2-ratio-adjuster-y-target-node:@dump-param-long-dev'
12/26/2025 17:19:33	DEBUG	7	0	NodeParam::doCheck(): 'MainNode-main-experiments-node-log2-ratio-adjuster-y-target-node:@dump-all'
12/26/2025 17:19:33	DEBUG	7	0	NodeParam::doCheck(): 'MainNode-main-experiments-node-log2-ratio-adjuster-y-target-node:@dump-all-long'
12/26/2025 17:19:33	DEBUG	7	0	NodeParam::doCheck(): 'MainNode-main-experiments-node-log2-ratio-adjuster-y-target-node:enable'
12/26/2025 17:19:33	DEBUG	7	0	NodeParam::doCheck(): 'MainNode-main-experiments-node-log2-ratio-adjuster-y-target-node:disable'
12/26/2025 17:19:33	DEBUG	7	0	NodeParam::doCheck(): 'MainNode-main-experiments-node-log2-ratio-adjuster-y-target-node:@serialize'
12/26/2025 17:19:33	DEBUG	7	0	NodeParam::doCheck(): 'MainNode-main-experiments-node-log2-ratio-adjuster-y-target-node:@serialize-pre'
12/26/2025 17:19:33	DEBUG	7	0	NodeParam::doCheck(): 'MainNode-main-experiments-node-log2-ratio-adjuster-y-target-node:@serialize-post'
12/26/2025 17:19:33	DEBUG	7	0	NodeParam::doCheck(): 'MainNode-main-experiments-node-log2-ratio-adjuster-y-target-node:@stop'
12/26/2025 17:19:33	DEBUG	7	0	NodeParam::doCheck(): 'MainNode-main-experiments-node-log2-ratio-adjuster-y-target-node:@stop-after'
12/26/2025 17:19:33	DEBUG	7	0	NodeParam::doCheck(): 'MainNode-main-experiments-node-log2-ratio-adjuster-y-target-node:median-autosome-median-normalization'
12/26/2025 17:19:33	DEBUG	7	0	NodeParam::doCheck(): 'MainNode-main-experiments-node-baf-node:@dump-nodes'
12/26/2025 17:19:33	DEBUG	7	0	NodeParam::doCheck(): 'MainNode-main-experiments-node-baf-node:@dump-nodes-long'
12/26/2025 17:19:33	DEBUG	7	0	NodeParam::doCheck(): 'MainNode-main-experiments-node-baf-node:@dump-nodes-classes'
12/26/2025 17:19:33	DEBUG	7	0	NodeParam::doCheck(): 'MainNode-main-experiments-node-baf-node:@dump-data-flow'
12/26/2025 17:19:33	DEBUG	7	0	NodeParam::doCheck(): 'MainNode-main-experiments-node-baf-node:@dump-param'
12/26/2025 17:19:33	DEBUG	7	0	NodeParam::doCheck(): 'MainNode-main-experiments-node-baf-node:@dump-param-long'
12/26/2025 17:19:33	DEBUG	7	0	NodeParam::doCheck(): 'MainNode-main-experiments-node-baf-node:@dump-param-dev'
12/26/2025 17:19:33	DEBUG	7	0	NodeParam::doCheck(): 'MainNode-main-experiments-node-baf-node:@dump-param-long-dev'
12/26/2025 17:19:33	DEBUG	7	0	NodeParam::doCheck(): 'MainNode-main-experiments-node-baf-node:@dump-all'
12/26/2025 17:19:33	DEBUG	7	0	NodeParam::doCheck(): 'MainNode-main-experiments-node-baf-node:@dump-all-long'
12/26/2025 17:19:33	DEBUG	7	0	NodeParam::doCheck(): 'MainNode-main-experiments-node-baf-node:enable'
12/26/2025 17:19:33	DEBUG	7	0	NodeParam::doCheck(): 'MainNode-main-experiments-node-baf-node:disable'
12/26/2025 17:19:33	DEBUG	7	0	NodeParam::doCheck(): 'MainNode-main-experiments-node-baf-node:@serialize'
12/26/2025 17:19:33	DEBUG	7	0	NodeParam::doCheck(): 'MainNode-main-experiments-node-baf-node:@serialize-pre'
12/26/2025 17:19:33	DEBUG	7	0	NodeParam::doCheck(): 'MainNode-main-experiments-node-baf-node:@serialize-post'
12/26/2025 17:19:33	DEBUG	7	0	NodeParam::doCheck(): 'MainNode-main-experiments-node-baf-node:@stop'
12/26/2025 17:19:33	DEBUG	7	0	NodeParam::doCheck(): 'MainNode-main-experiments-node-baf-node:@stop-after'
12/26/2025 17:19:33	DEBUG	7	0	NodeParam::doCheck(): 'MainNode-main-experiments-node-baf-node:baf-transform'
12/26/2025 17:19:33	DEBUG	7	0	NodeParam::doCheck(): 'MainNode-main-experiments-node-baf-node:baf-trim'
12/26/2025 17:19:33	DEBUG	7	0	NodeParam::doCheck(): 'MainNode-main-experiments-node-allele-peaks-baf-node:@dump-nodes'
12/26/2025 17:19:33	DEBUG	7	0	NodeParam::doCheck(): 'MainNode-main-experiments-node-allele-peaks-baf-node:@dump-nodes-long'
12/26/2025 17:19:33	DEBUG	7	0	NodeParam::doCheck(): 'MainNode-main-experiments-node-allele-peaks-baf-node:@dump-nodes-classes'
12/26/2025 17:19:33	DEBUG	7	0	NodeParam::doCheck(): 'MainNode-main-experiments-node-allele-peaks-baf-node:@dump-data-flow'
12/26/2025 17:19:33	DEBUG	7	0	NodeParam::doCheck(): 'MainNode-main-experiments-node-allele-peaks-baf-node:@dump-param'
12/26/2025 17:19:33	DEBUG	7	0	NodeParam::doCheck(): 'MainNode-main-experiments-node-allele-peaks-baf-node:@dump-param-long'
12/26/2025 17:19:33	DEBUG	7	0	NodeParam::doCheck(): 'MainNode-main-experiments-node-allele-peaks-baf-node:@dump-param-dev'
12/26/2025 17:19:33	DEBUG	7	0	NodeParam::doCheck(): 'MainNode-main-experiments-node-allele-peaks-baf-node:@dump-param-long-dev'
12/26/2025 17:19:33	DEBUG	7	0	NodeParam::doCheck(): 'MainNode-main-experiments-node-allele-peaks-baf-node:@dump-all'
12/26/2025 17:19:33	DEBUG	7	0	NodeParam::doCheck(): 'MainNode-main-experiments-node-allele-peaks-baf-node:@dump-all-long'
12/26/2025 17:19:33	DEBUG	7	0	NodeParam::doCheck(): 'MainNode-main-experiments-node-allele-peaks-baf-node:enable'
12/26/2025 17:19:33	DEBUG	7	0	NodeParam::doCheck(): 'MainNode-main-experiments-node-allele-peaks-baf-node:disable'
12/26/2025 17:19:33	DEBUG	7	0	NodeParam::doCheck(): 'MainNode-main-experiments-node-allele-peaks-baf-node:@serialize'
12/26/2025 17:19:33	DEBUG	7	0	NodeParam::doCheck(): 'MainNode-main-experiments-node-allele-peaks-baf-node:@serialize-pre'
12/26/2025 17:19:33	DEBUG	7	0	NodeParam::doCheck(): 'MainNode-main-experiments-node-allele-peaks-baf-node:@serialize-post'
12/26/2025 17:19:33	DEBUG	7	0	NodeParam::doCheck(): 'MainNode-main-experiments-node-allele-peaks-baf-node:@stop'
12/26/2025 17:19:33	DEBUG	7	0	NodeParam::doCheck(): 'MainNode-main-experiments-node-allele-peaks-baf-node:@stop-after'
12/26/2025 17:19:33	DEBUG	7	0	NodeParam::doCheck(): 'MainNode-main-experiments-node-allele-peaks-baf-node:ap-baf-step'
12/26/2025 17:19:33	DEBUG	7	0	NodeParam::doCheck(): 'MainNode-main-experiments-node-allele-peaks-baf-node:ap-baf-window'
12/26/2025 17:19:33	DEBUG	7	0	NodeParam::doCheck(): 'MainNode-main-experiments-node-allele-peaks-baf-node:ap-baf-point-count'
12/26/2025 17:19:33	DEBUG	7	0	NodeParam::doCheck(): 'MainNode-main-experiments-node-allele-peaks-baf-node:ap-baf-bandwidth'
12/26/2025 17:19:33	DEBUG	7	0	NodeParam::doCheck(): 'MainNode-main-experiments-node-allele-peaks-baf-node:ap-baf-cutoff'
12/26/2025 17:19:33	DEBUG	7	0	NodeParam::doCheck(): 'MainNode-main-experiments-node-allele-peaks-baf-node:ap-baf-threshold'
12/26/2025 17:19:33	DEBUG	7	0	NodeParam::doCheck(): 'MainNode-main-experiments-node-allele-peaks-baf-node:ap-baf-height-threshold'
12/26/2025 17:19:33	DEBUG	7	0	NodeParam::doCheck(): 'MainNode-main-experiments-node-allele-peaks-baf-node:ap-baf-height-threshold-bound'
12/26/2025 17:19:33	DEBUG	7	0	NodeParam::doCheck(): 'MainNode-main-experiments-node-allele-peaks-baf-node:ap-baf-symmetry'
12/26/2025 17:19:33	DEBUG	7	0	NodeParam::doCheck(): 'MainNode-main-experiments-node-snpqc-node:@dump-nodes'
12/26/2025 17:19:33	DEBUG	7	0	NodeParam::doCheck(): 'MainNode-main-experiments-node-snpqc-node:@dump-nodes-long'
12/26/2025 17:19:33	DEBUG	7	0	NodeParam::doCheck(): 'MainNode-main-experiments-node-snpqc-node:@dump-nodes-classes'
12/26/2025 17:19:33	DEBUG	7	0	NodeParam::doCheck(): 'MainNode-main-experiments-node-snpqc-node:@dump-data-flow'
12/26/2025 17:19:33	DEBUG	7	0	NodeParam::doCheck(): 'MainNode-main-experiments-node-snpqc-node:@dump-param'
12/26/2025 17:19:33	DEBUG	7	0	NodeParam::doCheck(): 'MainNode-main-experiments-node-snpqc-node:@dump-param-long'
12/26/2025 17:19:33	DEBUG	7	0	NodeParam::doCheck(): 'MainNode-main-experiments-node-snpqc-node:@dump-param-dev'
12/26/2025 17:19:33	DEBUG	7	0	NodeParam::doCheck(): 'MainNode-main-experiments-node-snpqc-node:@dump-param-long-dev'
12/26/2025 17:19:33	DEBUG	7	0	NodeParam::doCheck(): 'MainNode-main-experiments-node-snpqc-node:@dump-all'
12/26/2025 17:19:33	DEBUG	7	0	NodeParam::doCheck(): 'MainNode-main-experiments-node-snpqc-node:@dump-all-long'
12/26/2025 17:19:33	DEBUG	7	0	NodeParam::doCheck(): 'MainNode-main-experiments-node-snpqc-node:enable'
12/26/2025 17:19:33	DEBUG	7	0	NodeParam::doCheck(): 'MainNode-main-experiments-node-snpqc-node:disable'
12/26/2025 17:19:33	DEBUG	7	0	NodeParam::doCheck(): 'MainNode-main-experiments-node-snpqc-node:@serialize'
12/26/2025 17:19:33	DEBUG	7	0	NodeParam::doCheck(): 'MainNode-main-experiments-node-snpqc-node:@serialize-pre'
12/26/2025 17:19:33	DEBUG	7	0	NodeParam::doCheck(): 'MainNode-main-experiments-node-snpqc-node:@serialize-post'
12/26/2025 17:19:33	DEBUG	7	0	NodeParam::doCheck(): 'MainNode-main-experiments-node-snpqc-node:@stop'
12/26/2025 17:19:33	DEBUG	7	0	NodeParam::doCheck(): 'MainNode-main-experiments-node-snpqc-node:@stop-after'
12/26/2025 17:19:33	DEBUG	7	0	NodeParam::doCheck(): 'MainNode-main-experiments-node-tuscan-node:@dump-nodes'
12/26/2025 17:19:33	DEBUG	7	0	NodeParam::doCheck(): 'MainNode-main-experiments-node-tuscan-node:@dump-nodes-long'
12/26/2025 17:19:33	DEBUG	7	0	NodeParam::doCheck(): 'MainNode-main-experiments-node-tuscan-node:@dump-nodes-classes'
12/26/2025 17:19:33	DEBUG	7	0	NodeParam::doCheck(): 'MainNode-main-experiments-node-tuscan-node:@dump-data-flow'
12/26/2025 17:19:33	DEBUG	7	0	NodeParam::doCheck(): 'MainNode-main-experiments-node-tuscan-node:@dump-param'
12/26/2025 17:19:33	DEBUG	7	0	NodeParam::doCheck(): 'MainNode-main-experiments-node-tuscan-node:@dump-param-long'
12/26/2025 17:19:33	DEBUG	7	0	NodeParam::doCheck(): 'MainNode-main-experiments-node-tuscan-node:@dump-param-dev'
12/26/2025 17:19:33	DEBUG	7	0	NodeParam::doCheck(): 'MainNode-main-experiments-node-tuscan-node:@dump-param-long-dev'
12/26/2025 17:19:33	DEBUG	7	0	NodeParam::doCheck(): 'MainNode-main-experiments-node-tuscan-node:@dump-all'
12/26/2025 17:19:33	DEBUG	7	0	NodeParam::doCheck(): 'MainNode-main-experiments-node-tuscan-node:@dump-all-long'
12/26/2025 17:19:33	DEBUG	7	0	NodeParam::doCheck(): 'MainNode-main-experiments-node-tuscan-node:enable'
12/26/2025 17:19:33	DEBUG	7	0	NodeParam::doCheck(): 'MainNode-main-experiments-node-tuscan-node:disable'
12/26/2025 17:19:33	DEBUG	7	0	NodeParam::doCheck(): 'MainNode-main-experiments-node-tuscan-node:@serialize'
12/26/2025 17:19:33	DEBUG	7	0	NodeParam::doCheck(): 'MainNode-main-experiments-node-tuscan-node:@serialize-pre'
12/26/2025 17:19:33	DEBUG	7	0	NodeParam::doCheck(): 'MainNode-main-experiments-node-tuscan-node:@serialize-post'
12/26/2025 17:19:33	DEBUG	7	0	NodeParam::doCheck(): 'MainNode-main-experiments-node-tuscan-node:@stop'
12/26/2025 17:19:33	DEBUG	7	0	NodeParam::doCheck(): 'MainNode-main-experiments-node-tuscan-node:@stop-after'
12/26/2025 17:19:33	DEBUG	7	0	NodeParam::doCheck(): 'MainNode-main-experiments-node-tuscan-node:tuscan-m3-low-cost-band'
12/26/2025 17:19:33	DEBUG	7	0	NodeParam::doCheck(): 'MainNode-main-experiments-node-tuscan-node:tuscan-nd-snp-qc-threshold'
12/26/2025 17:19:33	DEBUG	7	0	NodeParam::doCheck(): 'MainNode-main-experiments-node-tuscan-node:tuscan-mapd-qc-threshold'
12/26/2025 17:19:33	DEBUG	7	0	NodeParam::doCheck(): 'MainNode-main-experiments-node-tuscan-node:@tuscan-trigger-qc-failure'
12/26/2025 17:19:33	DEBUG	7	0	NodeParam::doCheck(): 'MainNode-main-experiments-node-tuscan-node:total-custom-l2r-adjustment'
12/26/2025 17:19:33	DEBUG	7	0	NodeParam::doCheck(): 'MainNode-main-experiments-node-tuscan-node:new-custom-l2r-adjustment'
12/26/2025 17:19:33	DEBUG	7	0	NodeParam::doCheck(): 'MainNode-main-experiments-node-tuscan-node:tuscan-l2r-adjustment'
12/26/2025 17:19:33	DEBUG	7	0	NodeParam::doCheck(): 'MainNode-main-experiments-node-tuscan-node:custom-l2r-adjustment'
12/26/2025 17:19:33	DEBUG	7	0	NodeParam::doCheck(): 'MainNode-main-experiments-node-tuscan-node-tuscan-switch-node:@dump-nodes'
12/26/2025 17:19:33	DEBUG	7	0	NodeParam::doCheck(): 'MainNode-main-experiments-node-tuscan-node-tuscan-switch-node:@dump-nodes-long'
12/26/2025 17:19:33	DEBUG	7	0	NodeParam::doCheck(): 'MainNode-main-experiments-node-tuscan-node-tuscan-switch-node:@dump-nodes-classes'
12/26/2025 17:19:33	DEBUG	7	0	NodeParam::doCheck(): 'MainNode-main-experiments-node-tuscan-node-tuscan-switch-node:@dump-data-flow'
12/26/2025 17:19:33	DEBUG	7	0	NodeParam::doCheck(): 'MainNode-main-experiments-node-tuscan-node-tuscan-switch-node:@dump-param'
12/26/2025 17:19:33	DEBUG	7	0	NodeParam::doCheck(): 'MainNode-main-experiments-node-tuscan-node-tuscan-switch-node:@dump-param-long'
12/26/2025 17:19:33	DEBUG	7	0	NodeParam::doCheck(): 'MainNode-main-experiments-node-tuscan-node-tuscan-switch-node:@dump-param-dev'
12/26/2025 17:19:33	DEBUG	7	0	NodeParam::doCheck(): 'MainNode-main-experiments-node-tuscan-node-tuscan-switch-node:@dump-param-long-dev'
12/26/2025 17:19:33	DEBUG	7	0	NodeParam::doCheck(): 'MainNode-main-experiments-node-tuscan-node-tuscan-switch-node:@dump-all'
12/26/2025 17:19:33	DEBUG	7	0	NodeParam::doCheck(): 'MainNode-main-experiments-node-tuscan-node-tuscan-switch-node:@dump-all-long'
12/26/2025 17:19:33	DEBUG	7	0	NodeParam::doCheck(): 'MainNode-main-experiments-node-tuscan-node-tuscan-switch-node:enable'
12/26/2025 17:19:33	DEBUG	7	0	NodeParam::doCheck(): 'MainNode-main-experiments-node-tuscan-node-tuscan-switch-node:disable'
12/26/2025 17:19:33	DEBUG	7	0	NodeParam::doCheck(): 'MainNode-main-experiments-node-tuscan-node-tuscan-switch-node:@serialize'
12/26/2025 17:19:33	DEBUG	7	0	NodeParam::doCheck(): 'MainNode-main-experiments-node-tuscan-node-tuscan-switch-node:@serialize-pre'
12/26/2025 17:19:33	DEBUG	7	0	NodeParam::doCheck(): 'MainNode-main-experiments-node-tuscan-node-tuscan-switch-node:@serialize-post'
12/26/2025 17:19:33	DEBUG	7	0	NodeParam::doCheck(): 'MainNode-main-experiments-node-tuscan-node-tuscan-switch-node:@stop'
12/26/2025 17:19:33	DEBUG	7	0	NodeParam::doCheck(): 'MainNode-main-experiments-node-tuscan-node-tuscan-switch-node:@stop-after'
12/26/2025 17:19:33	DEBUG	7	0	NodeParam::doCheck(): 'MainNode-main-experiments-node-tuscan-node-tuscan-switch-node:tuscan-run-once'
12/26/2025 17:19:33	DEBUG	7	0	NodeParam::doCheck(): 'MainNode-main-experiments-node-tuscan-node-tuscan-switch-node-tuscan-homhet-flags-node:@dump-nodes'
12/26/2025 17:19:33	DEBUG	7	0	NodeParam::doCheck(): 'MainNode-main-experiments-node-tuscan-node-tuscan-switch-node-tuscan-homhet-flags-node:@dump-nodes-long'
12/26/2025 17:19:33	DEBUG	7	0	NodeParam::doCheck(): 'MainNode-main-experiments-node-tuscan-node-tuscan-switch-node-tuscan-homhet-flags-node:@dump-nodes-classes'
12/26/2025 17:19:33	DEBUG	7	0	NodeParam::doCheck(): 'MainNode-main-experiments-node-tuscan-node-tuscan-switch-node-tuscan-homhet-flags-node:@dump-data-flow'
12/26/2025 17:19:33	DEBUG	7	0	NodeParam::doCheck(): 'MainNode-main-experiments-node-tuscan-node-tuscan-switch-node-tuscan-homhet-flags-node:@dump-param'
12/26/2025 17:19:33	DEBUG	7	0	NodeParam::doCheck(): 'MainNode-main-experiments-node-tuscan-node-tuscan-switch-node-tuscan-homhet-flags-node:@dump-param-long'
12/26/2025 17:19:33	DEBUG	7	0	NodeParam::doCheck(): 'MainNode-main-experiments-node-tuscan-node-tuscan-switch-node-tuscan-homhet-flags-node:@dump-param-dev'
12/26/2025 17:19:33	DEBUG	7	0	NodeParam::doCheck(): 'MainNode-main-experiments-node-tuscan-node-tuscan-switch-node-tuscan-homhet-flags-node:@dump-param-long-dev'
12/26/2025 17:19:33	DEBUG	7	0	NodeParam::doCheck(): 'MainNode-main-experiments-node-tuscan-node-tuscan-switch-node-tuscan-homhet-flags-node:@dump-all'
12/26/2025 17:19:33	DEBUG	7	0	NodeParam::doCheck(): 'MainNode-main-experiments-node-tuscan-node-tuscan-switch-node-tuscan-homhet-flags-node:@dump-all-long'
12/26/2025 17:19:33	DEBUG	7	0	NodeParam::doCheck(): 'MainNode-main-experiments-node-tuscan-node-tuscan-switch-node-tuscan-homhet-flags-node:enable'
12/26/2025 17:19:33	DEBUG	7	0	NodeParam::doCheck(): 'MainNode-main-experiments-node-tuscan-node-tuscan-switch-node-tuscan-homhet-flags-node:disable'
12/26/2025 17:19:33	DEBUG	7	0	NodeParam::doCheck(): 'MainNode-main-experiments-node-tuscan-node-tuscan-switch-node-tuscan-homhet-flags-node:@serialize'
12/26/2025 17:19:33	DEBUG	7	0	NodeParam::doCheck(): 'MainNode-main-experiments-node-tuscan-node-tuscan-switch-node-tuscan-homhet-flags-node:@serialize-pre'
12/26/2025 17:19:33	DEBUG	7	0	NodeParam::doCheck(): 'MainNode-main-experiments-node-tuscan-node-tuscan-switch-node-tuscan-homhet-flags-node:@serialize-post'
12/26/2025 17:19:33	DEBUG	7	0	NodeParam::doCheck(): 'MainNode-main-experiments-node-tuscan-node-tuscan-switch-node-tuscan-homhet-flags-node:@stop'
12/26/2025 17:19:33	DEBUG	7	0	NodeParam::doCheck(): 'MainNode-main-experiments-node-tuscan-node-tuscan-switch-node-tuscan-homhet-flags-node:@stop-after'
12/26/2025 17:19:33	DEBUG	7	0	NodeParam::doCheck(): 'MainNode-main-experiments-node-tuscan-node-tuscan-switch-node-tuscan-homhet-flags-node:tuscan-m1-shift'
12/26/2025 17:19:33	DEBUG	7	0	NodeParam::doCheck(): 'MainNode-main-experiments-node-tuscan-node-tuscan-switch-node-tuscan-homhet-flags-node:tuscan-m1-trim'
12/26/2025 17:19:33	DEBUG	7	0	NodeParam::doCheck(): 'MainNode-main-experiments-node-tuscan-node-tuscan-switch-node-tuscan-homhet-flags-node:tuscan-m1-threshold'
12/26/2025 17:19:33	DEBUG	7	0	NodeParam::doCheck(): 'MainNode-main-experiments-node-tuscan-node-tuscan-switch-node-tuscan-homhet-flags-node:tuscan-m1-use-raw-baf'
12/26/2025 17:19:33	DEBUG	7	0	NodeParam::doCheck(): 'MainNode-main-experiments-node-tuscan-node-tuscan-switch-node-tuscan-segmenter-node:@dump-nodes'
12/26/2025 17:19:33	DEBUG	7	0	NodeParam::doCheck(): 'MainNode-main-experiments-node-tuscan-node-tuscan-switch-node-tuscan-segmenter-node:@dump-nodes-long'
12/26/2025 17:19:33	DEBUG	7	0	NodeParam::doCheck(): 'MainNode-main-experiments-node-tuscan-node-tuscan-switch-node-tuscan-segmenter-node:@dump-nodes-classes'
12/26/2025 17:19:33	DEBUG	7	0	NodeParam::doCheck(): 'MainNode-main-experiments-node-tuscan-node-tuscan-switch-node-tuscan-segmenter-node:@dump-data-flow'
12/26/2025 17:19:33	DEBUG	7	0	NodeParam::doCheck(): 'MainNode-main-experiments-node-tuscan-node-tuscan-switch-node-tuscan-segmenter-node:@dump-param'
12/26/2025 17:19:33	DEBUG	7	0	NodeParam::doCheck(): 'MainNode-main-experiments-node-tuscan-node-tuscan-switch-node-tuscan-segmenter-node:@dump-param-long'
12/26/2025 17:19:33	DEBUG	7	0	NodeParam::doCheck(): 'MainNode-main-experiments-node-tuscan-node-tuscan-switch-node-tuscan-segmenter-node:@dump-param-dev'
12/26/2025 17:19:33	DEBUG	7	0	NodeParam::doCheck(): 'MainNode-main-experiments-node-tuscan-node-tuscan-switch-node-tuscan-segmenter-node:@dump-param-long-dev'
12/26/2025 17:19:33	DEBUG	7	0	NodeParam::doCheck(): 'MainNode-main-experiments-node-tuscan-node-tuscan-switch-node-tuscan-segmenter-node:@dump-all'
12/26/2025 17:19:33	DEBUG	7	0	NodeParam::doCheck(): 'MainNode-main-experiments-node-tuscan-node-tuscan-switch-node-tuscan-segmenter-node:@dump-all-long'
12/26/2025 17:19:33	DEBUG	7	0	NodeParam::doCheck(): 'MainNode-main-experiments-node-tuscan-node-tuscan-switch-node-tuscan-segmenter-node:enable'
12/26/2025 17:19:33	DEBUG	7	0	NodeParam::doCheck(): 'MainNode-main-experiments-node-tuscan-node-tuscan-switch-node-tuscan-segmenter-node:disable'
12/26/2025 17:19:33	DEBUG	7	0	NodeParam::doCheck(): 'MainNode-main-experiments-node-tuscan-node-tuscan-switch-node-tuscan-segmenter-node:@serialize'
12/26/2025 17:19:33	DEBUG	7	0	NodeParam::doCheck(): 'MainNode-main-experiments-node-tuscan-node-tuscan-switch-node-tuscan-segmenter-node:@serialize-pre'
12/26/2025 17:19:33	DEBUG	7	0	NodeParam::doCheck(): 'MainNode-main-experiments-node-tuscan-node-tuscan-switch-node-tuscan-segmenter-node:@serialize-post'
12/26/2025 17:19:33	DEBUG	7	0	NodeParam::doCheck(): 'MainNode-main-experiments-node-tuscan-node-tuscan-switch-node-tuscan-segmenter-node:@stop'
12/26/2025 17:19:33	DEBUG	7	0	NodeParam::doCheck(): 'MainNode-main-experiments-node-tuscan-node-tuscan-switch-node-tuscan-segmenter-node:@stop-after'
12/26/2025 17:19:33	DEBUG	7	0	NodeParam::doCheck(): 'MainNode-main-experiments-node-tuscan-node-tuscan-switch-node-tuscan-segmenter-node:tuscan-m2-lr-cost'
12/26/2025 17:19:33	DEBUG	7	0	NodeParam::doCheck(): 'MainNode-main-experiments-node-tuscan-node-tuscan-switch-node-tuscan-segmenter-node:tuscan-m2-min-seg-size'
12/26/2025 17:19:33	DEBUG	7	0	NodeParam::doCheck(): 'MainNode-main-experiments-node-tuscan-node-tuscan-switch-node-tuscan-segmenter-node:tuscan-m2-min-alt-seg-size'
12/26/2025 17:19:33	DEBUG	7	0	NodeParam::doCheck(): 'MainNode-main-experiments-node-tuscan-node-tuscan-switch-node-tuscan-segmenter-node:tuscan-m2-min-fine-seg-size'
12/26/2025 17:19:33	DEBUG	7	0	NodeParam::doCheck(): 'MainNode-main-experiments-node-tuscan-node-tuscan-switch-node-tuscan-segmenter-node:tuscan-m2-exclude-chr'
12/26/2025 17:19:33	DEBUG	7	0	NodeParam::doCheck(): 'MainNode-main-experiments-node-tuscan-node-tuscan-switch-node-tuscan-segmenter-node:tuscan-consecutive-hom-count'
12/26/2025 17:19:33	DEBUG	7	0	NodeParam::doCheck(): 'MainNode-main-experiments-node-tuscan-node-tuscan-switch-node-tuscan-segmenter-node:tuscan-no-break-vicinity'
12/26/2025 17:19:33	DEBUG	7	0	NodeParam::doCheck(): 'MainNode-main-experiments-node-tuscan-node-tuscan-switch-node-tuscan-segmenter-node:lambda'
12/26/2025 17:19:33	DEBUG	7	0	NodeParam::doCheck(): 'MainNode-main-experiments-node-tuscan-node-tuscan-switch-node-tuscan-segmenter-node:tuscan-centromere-breakpoints'
12/26/2025 17:19:33	DEBUG	7	0	NodeParam::doCheck(): 'MainNode-main-experiments-node-tuscan-node-tuscan-switch-node-tuscan-segmenter-node:tuscan-centromere-min-seg-size'
12/26/2025 17:19:33	DEBUG	7	0	NodeParam::doCheck(): 'MainNode-main-experiments-node-tuscan-node-tuscan-switch-node-tuscan-total-cn-node:@dump-nodes'
12/26/2025 17:19:33	DEBUG	7	0	NodeParam::doCheck(): 'MainNode-main-experiments-node-tuscan-node-tuscan-switch-node-tuscan-total-cn-node:@dump-nodes-long'
12/26/2025 17:19:33	DEBUG	7	0	NodeParam::doCheck(): 'MainNode-main-experiments-node-tuscan-node-tuscan-switch-node-tuscan-total-cn-node:@dump-nodes-classes'
12/26/2025 17:19:33	DEBUG	7	0	NodeParam::doCheck(): 'MainNode-main-experiments-node-tuscan-node-tuscan-switch-node-tuscan-total-cn-node:@dump-data-flow'
12/26/2025 17:19:33	DEBUG	7	0	NodeParam::doCheck(): 'MainNode-main-experiments-node-tuscan-node-tuscan-switch-node-tuscan-total-cn-node:@dump-param'
12/26/2025 17:19:33	DEBUG	7	0	NodeParam::doCheck(): 'MainNode-main-experiments-node-tuscan-node-tuscan-switch-node-tuscan-total-cn-node:@dump-param-long'
12/26/2025 17:19:33	DEBUG	7	0	NodeParam::doCheck(): 'MainNode-main-experiments-node-tuscan-node-tuscan-switch-node-tuscan-total-cn-node:@dump-param-dev'
12/26/2025 17:19:33	DEBUG	7	0	NodeParam::doCheck(): 'MainNode-main-experiments-node-tuscan-node-tuscan-switch-node-tuscan-total-cn-node:@dump-param-long-dev'
12/26/2025 17:19:33	DEBUG	7	0	NodeParam::doCheck(): 'MainNode-main-experiments-node-tuscan-node-tuscan-switch-node-tuscan-total-cn-node:@dump-all'
12/26/2025 17:19:33	DEBUG	7	0	NodeParam::doCheck(): 'MainNode-main-experiments-node-tuscan-node-tuscan-switch-node-tuscan-total-cn-node:@dump-all-long'
12/26/2025 17:19:33	DEBUG	7	0	NodeParam::doCheck(): 'MainNode-main-experiments-node-tuscan-node-tuscan-switch-node-tuscan-total-cn-node:enable'
12/26/2025 17:19:33	DEBUG	7	0	NodeParam::doCheck(): 'MainNode-main-experiments-node-tuscan-node-tuscan-switch-node-tuscan-total-cn-node:disable'
12/26/2025 17:19:33	DEBUG	7	0	NodeParam::doCheck(): 'MainNode-main-experiments-node-tuscan-node-tuscan-switch-node-tuscan-total-cn-node:@serialize'
12/26/2025 17:19:33	DEBUG	7	0	NodeParam::doCheck(): 'MainNode-main-experiments-node-tuscan-node-tuscan-switch-node-tuscan-total-cn-node:@serialize-pre'
12/26/2025 17:19:33	DEBUG	7	0	NodeParam::doCheck(): 'MainNode-main-experiments-node-tuscan-node-tuscan-switch-node-tuscan-total-cn-node:@serialize-post'
12/26/2025 17:19:33	DEBUG	7	0	NodeParam::doCheck(): 'MainNode-main-experiments-node-tuscan-node-tuscan-switch-node-tuscan-total-cn-node:@stop'
12/26/2025 17:19:33	DEBUG	7	0	NodeParam::doCheck(): 'MainNode-main-experiments-node-tuscan-node-tuscan-switch-node-tuscan-total-cn-node:@stop-after'
12/26/2025 17:19:33	DEBUG	7	0	NodeParam::doCheck(): 'MainNode-main-experiments-node-tuscan-node-tuscan-switch-node-tuscan-total-cn-node:tuscan-m3-rho-min'
12/26/2025 17:19:33	DEBUG	7	0	NodeParam::doCheck(): 'MainNode-main-experiments-node-tuscan-node-tuscan-switch-node-tuscan-total-cn-node:tuscan-m3-rho-max'
12/26/2025 17:19:33	DEBUG	7	0	NodeParam::doCheck(): 'MainNode-main-experiments-node-tuscan-node-tuscan-switch-node-tuscan-total-cn-node:tuscan-m3-rho-N'
12/26/2025 17:19:33	DEBUG	7	0	NodeParam::doCheck(): 'MainNode-main-experiments-node-tuscan-node-tuscan-switch-node-tuscan-total-cn-node:tuscan-m3-psi-min'
12/26/2025 17:19:33	DEBUG	7	0	NodeParam::doCheck(): 'MainNode-main-experiments-node-tuscan-node-tuscan-switch-node-tuscan-total-cn-node:tuscan-m3-psi-max'
12/26/2025 17:19:33	DEBUG	7	0	NodeParam::doCheck(): 'MainNode-main-experiments-node-tuscan-node-tuscan-switch-node-tuscan-total-cn-node:tuscan-m3-psi-N'
12/26/2025 17:19:33	DEBUG	7	0	NodeParam::doCheck(): 'MainNode-main-experiments-node-tuscan-node-tuscan-switch-node-tuscan-total-cn-node:tuscan-m3-low-cost-weight'
12/26/2025 17:19:33	DEBUG	7	0	NodeParam::doCheck(): 'MainNode-main-experiments-node-tuscan-node-tuscan-switch-node-tuscan-total-cn-node:tuscan-m3-max-percent-hom'
12/26/2025 17:19:33	DEBUG	7	0	NodeParam::doCheck(): 'MainNode-main-experiments-node-tuscan-node-tuscan-switch-node-tuscan-total-cn-node:tuscan-m3-min-count-het'
12/26/2025 17:19:33	DEBUG	7	0	NodeParam::doCheck(): 'MainNode-main-experiments-node-tuscan-node-tuscan-switch-node-tuscan-total-cn-node:tuscan-m3-ploidy-factor'
12/26/2025 17:19:33	DEBUG	7	0	NodeParam::doCheck(): 'MainNode-main-experiments-node-tuscan-node-tuscan-switch-node-tuscan-total-cn-node:tuscan-m3-ploidy-sigma'
12/26/2025 17:19:33	DEBUG	7	0	NodeParam::doCheck(): 'MainNode-main-experiments-node-tuscan-node-tuscan-switch-node-tuscan-total-cn-node:alt-mode-bin-size'
12/26/2025 17:19:33	DEBUG	7	0	NodeParam::doCheck(): 'MainNode-main-experiments-node-tuscan-node-tuscan-switch-node-tuscan-total-cn-node:nGoF-bin-size'
12/26/2025 17:19:33	DEBUG	7	0	NodeParam::doCheck(): 'MainNode-main-experiments-node-tuscan-node-tuscan-switch-node-tuscan-total-cn-node:MedL2Rcutoff'
12/26/2025 17:19:33	DEBUG	7	0	NodeParam::doCheck(): 'MainNode-main-experiments-node-tuscan-node-tuscan-switch-node-tuscan-total-cn-node:MedBAFcutoff'
12/26/2025 17:19:33	DEBUG	7	0	NodeParam::doCheck(): 'MainNode-main-experiments-node-tuscan-node-tuscan-switch-node-tuscan-total-cn-node:min-nGoF-length'
12/26/2025 17:19:33	DEBUG	7	0	NodeParam::doCheck(): 'MainNode-main-experiments-node-tuscan-node-tuscan-switch-node-tuscan-total-cn-node:MedL2Rcutoff-no-cn2'
12/26/2025 17:19:33	DEBUG	7	0	NodeParam::doCheck(): 'MainNode-main-experiments-node-tuscan-node-tuscan-switch-node-tuscan-total-cn-node:MedBAFcutoff-no-cn2'
12/26/2025 17:19:33	DEBUG	7	0	NodeParam::doCheck(): 'MainNode-main-experiments-node-tuscan-node-tuscan-switch-node-tuscan-total-cn-node:min-nGoF-length-no-cn2'
12/26/2025 17:19:33	DEBUG	7	0	NodeParam::doCheck(): 'MainNode-main-experiments-node-tuscan-node-tuscan-switch-node-tuscan-total-cn-node:nGoF4cutoff'
12/26/2025 17:19:33	DEBUG	7	0	NodeParam::doCheck(): 'MainNode-main-experiments-node-tuscan-node-tuscan-switch-node-tuscan-total-cn-node:nGoF4cutoff-no-cn2'
12/26/2025 17:19:33	DEBUG	7	0	NodeParam::doCheck(): 'MainNode-main-experiments-node-tuscan-node-tuscan-switch-node-tuscan-total-cn-node:gamma'
12/26/2025 17:19:33	DEBUG	7	0	NodeParam::doCheck(): 'MainNode-main-experiments-node-tuscan-node-tuscan-switch-node-tuscan-total-cn-node:tuscan-round-ploidy'
12/26/2025 17:19:33	DEBUG	7	0	NodeParam::doCheck(): 'MainNode-main-experiments-node-tuscan-node-tuscan-switch-node-tuscan-total-cn-node:MinChrYthreshold'
12/26/2025 17:19:33	DEBUG	7	0	NodeParam::doCheck(): 'MainNode-main-experiments-node-tuscan-node-tuscan-switch-node-tuscan-total-cn-node:infMarkL2RMin'
12/26/2025 17:19:33	DEBUG	7	0	NodeParam::doCheck(): 'MainNode-main-experiments-node-tuscan-node-tuscan-switch-node-tuscan-total-cn-node:infMarkerThreshold'
12/26/2025 17:19:33	DEBUG	7	0	NodeParam::doCheck(): 'MainNode-main-experiments-node-tuscan-node-tuscan-switch-node-tuscan-total-cn-node:tuscan-infMarkTrimBand'
12/26/2025 17:19:33	DEBUG	7	0	NodeParam::doCheck(): 'MainNode-main-experiments-node-tuscan-node-tuscan-switch-node-tuscan-total-cn-node:tuscan-fp-exponent'
12/26/2025 17:19:33	DEBUG	7	0	NodeParam::doCheck(): 'MainNode-main-experiments-node-tuscan-node-tuscan-switch-node-tuscan-total-cn-node:tuscan-fp-min-med-l2r'
12/26/2025 17:19:33	DEBUG	7	0	NodeParam::doCheck(): 'MainNode-main-experiments-node-tuscan-node-tuscan-switch-node-tuscan-total-cn-node:tuscan-fp-max-med-l2r'
12/26/2025 17:19:33	DEBUG	7	0	NodeParam::doCheck(): 'MainNode-main-experiments-node-tuscan-node-tuscan-switch-node-tuscan-total-cn-node:tuscan-use-fp-exponent-in-normal-mode'
12/26/2025 17:19:33	DEBUG	7	0	NodeParam::doCheck(): 'MainNode-main-experiments-node-tuscan-node-tuscan-switch-node-tuscan-total-cn-node:tuscan-maxCN2Weight'
12/26/2025 17:19:33	DEBUG	7	0	NodeParam::doCheck(): 'MainNode-main-experiments-node-tuscan-node-tuscan-switch-node-tuscan-total-cn-node:tuscan-maxNonCN2Increase'
12/26/2025 17:19:33	DEBUG	7	0	NodeParam::doCheck(): 'MainNode-main-experiments-node-tuscan-node-tuscan-switch-node-tuscan-total-cn-node:tuscan-FN_l2r_floor'
12/26/2025 17:19:33	DEBUG	7	0	NodeParam::doCheck(): 'MainNode-main-experiments-node-tuscan-node-tuscan-switch-node-tuscan-total-cn-node:tuscan-FN_exp'
12/26/2025 17:19:33	DEBUG	7	0	NodeParam::doCheck(): 'MainNode-main-experiments-node-tuscan-node-tuscan-switch-node-tuscan-total-cn-node:tuscan-FN_low_l2r_threshold'
12/26/2025 17:19:33	DEBUG	7	0	NodeParam::doCheck(): 'MainNode-main-experiments-node-tuscan-node-tuscan-switch-node-tuscan-total-cn-node:tuscan-FN_low_BAF_threshold'
12/26/2025 17:19:33	DEBUG	7	0	NodeParam::doCheck(): 'MainNode-main-experiments-node-tuscan-node-tuscan-switch-node-tuscan-total-cn-node:tuscan-REL_l2r_weight'
12/26/2025 17:19:33	DEBUG	7	0	NodeParam::doCheck(): 'MainNode-main-experiments-node-tuscan-node-tuscan-switch-node-tuscan-total-cn-node:tuscan-REL_CN2_gauss_P'
12/26/2025 17:19:33	DEBUG	7	0	NodeParam::doCheck(): 'MainNode-main-experiments-node-tuscan-node-tuscan-switch-node-tuscan-total-cn-node:tuscan-REL_CN2_gauss_sigma'
12/26/2025 17:19:33	DEBUG	7	0	NodeParam::doCheck(): 'MainNode-main-experiments-node-tuscan-node-tuscan-switch-node-tuscan-total-cn-node:tuscan-REL_CN2_gauss_mu'
12/26/2025 17:19:33	DEBUG	7	0	NodeParam::doCheck(): 'MainNode-main-experiments-node-tuscan-node-tuscan-switch-node-tuscan-total-cn-node:tuscan-REL_CN4_gauss_P'
12/26/2025 17:19:33	DEBUG	7	0	NodeParam::doCheck(): 'MainNode-main-experiments-node-tuscan-node-tuscan-switch-node-tuscan-total-cn-node:tuscan-REL_CN4_gauss_sigma'
12/26/2025 17:19:33	DEBUG	7	0	NodeParam::doCheck(): 'MainNode-main-experiments-node-tuscan-node-tuscan-switch-node-tuscan-total-cn-node:tuscan-REL_CN4_gauss_mu'
12/26/2025 17:19:33	DEBUG	7	0	NodeParam::doCheck(): 'MainNode-main-experiments-node-tuscan-node-tuscan-switch-node-tuscan-total-cn-node:tuscan-REL_threshold'
12/26/2025 17:19:33	DEBUG	7	0	NodeParam::doCheck(): 'MainNode-main-experiments-node-tuscan-node-tuscan-switch-node-tuscan-total-cn-node:tuscan-m3-ploidy4-factor'
12/26/2025 17:19:33	DEBUG	7	0	NodeParam::doCheck(): 'MainNode-main-experiments-node-tuscan-node-tuscan-switch-node-tuscan-total-cn-node:tuscan-m3-ploidy4-sigma'
12/26/2025 17:19:33	DEBUG	7	0	NodeParam::doCheck(): 'MainNode-main-experiments-node-tuscan-node-tuscan-switch-node-tuscan-total-cn-node:tuscan-m3-ploidy4-mu'
12/26/2025 17:19:33	DEBUG	7	0	NodeParam::doCheck(): 'MainNode-main-experiments-node-tuscan-node-tuscan-switch-node-tuscan-total-cn-node:tuscan-lowPloidy1'
12/26/2025 17:19:33	DEBUG	7	0	NodeParam::doCheck(): 'MainNode-main-experiments-node-tuscan-node-tuscan-switch-node-tuscan-total-cn-node:tuscan-lowPloidy2'
12/26/2025 17:19:33	DEBUG	7	0	NodeParam::doCheck(): 'MainNode-main-experiments-node-tuscan-node-tuscan-switch-node-tuscan-total-cn-node:tuscan-lowPloidyTB'
12/26/2025 17:19:33	DEBUG	7	0	NodeParam::doCheck(): 'MainNode-main-experiments-node-tuscan-node-tuscan-switch-node-tuscan-total-cn-node:tuscan-lowPloidy_nGoF4'
12/26/2025 17:19:33	DEBUG	7	0	NodeParam::doCheck(): 'MainNode-main-experiments-node-tuscan-node-tuscan-switch-node-tuscan-total-cn-node:tuscan-hiPloidy1'
12/26/2025 17:19:33	DEBUG	7	0	NodeParam::doCheck(): 'MainNode-main-experiments-node-tuscan-node-tuscan-switch-node-tuscan-total-cn-node:tuscan-hiPloidy2'
12/26/2025 17:19:33	DEBUG	7	0	NodeParam::doCheck(): 'MainNode-main-experiments-node-tuscan-node-tuscan-switch-node-tuscan-total-cn-node:tuscan-hiPloidyTB'
12/26/2025 17:19:33	DEBUG	7	0	NodeParam::doCheck(): 'MainNode-main-experiments-node-tuscan-node-tuscan-switch-node-tuscan-total-cn-node:tuscan-hiPloidy_nGoF4'
12/26/2025 17:19:33	DEBUG	7	0	NodeParam::doCheck(): 'MainNode-main-experiments-node-tuscan-node-tuscan-switch-node-tuscan-total-cn-node:tuscan-REL_threshold1'
12/26/2025 17:19:33	DEBUG	7	0	NodeParam::doCheck(): 'MainNode-main-experiments-node-tuscan-node-tuscan-switch-node-tuscan-total-cn-node:tuscan-REL_threshold2_hi'
12/26/2025 17:19:33	DEBUG	7	0	NodeParam::doCheck(): 'MainNode-main-experiments-node-tuscan-node-tuscan-switch-node-tuscan-total-cn-node:tuscan-REL_threshold2_low'
12/26/2025 17:19:33	DEBUG	7	0	NodeParam::doCheck(): 'MainNode-main-experiments-node-tuscan-node-tuscan-switch-node-tuscan-total-cn-node:tuscan-REL_maxMinimumIndex'
12/26/2025 17:19:33	DEBUG	7	0	NodeParam::doCheck(): 'MainNode-main-experiments-node-tuscan-node-tuscan-switch-node-tuscan-total-cn-node:tuscan-REL_noSearchIfminWeight'
12/26/2025 17:19:33	DEBUG	7	0	NodeParam::doCheck(): 'MainNode-main-experiments-node-tuscan-node-tuscan-switch-node-tuscan-total-cn-node:tuscan-report-internal-ploidy'
12/26/2025 17:19:33	DEBUG	7	0	NodeParam::doCheck(): 'MainNode-main-experiments-node-tuscan-node-tuscan-switch-node-tuscan-total-cn-node:@tuscan-retain-pre-pushup-segments'
12/26/2025 17:19:33	DEBUG	7	0	NodeParam::doCheck(): 'MainNode-main-experiments-node-shrinkage-v2-node:@dump-nodes'
12/26/2025 17:19:33	DEBUG	7	0	NodeParam::doCheck(): 'MainNode-main-experiments-node-shrinkage-v2-node:@dump-nodes-long'
12/26/2025 17:19:33	DEBUG	7	0	NodeParam::doCheck(): 'MainNode-main-experiments-node-shrinkage-v2-node:@dump-nodes-classes'
12/26/2025 17:19:33	DEBUG	7	0	NodeParam::doCheck(): 'MainNode-main-experiments-node-shrinkage-v2-node:@dump-data-flow'
12/26/2025 17:19:33	DEBUG	7	0	NodeParam::doCheck(): 'MainNode-main-experiments-node-shrinkage-v2-node:@dump-param'
12/26/2025 17:19:33	DEBUG	7	0	NodeParam::doCheck(): 'MainNode-main-experiments-node-shrinkage-v2-node:@dump-param-long'
12/26/2025 17:19:33	DEBUG	7	0	NodeParam::doCheck(): 'MainNode-main-experiments-node-shrinkage-v2-node:@dump-param-dev'
12/26/2025 17:19:33	DEBUG	7	0	NodeParam::doCheck(): 'MainNode-main-experiments-node-shrinkage-v2-node:@dump-param-long-dev'
12/26/2025 17:19:33	DEBUG	7	0	NodeParam::doCheck(): 'MainNode-main-experiments-node-shrinkage-v2-node:@dump-all'
12/26/2025 17:19:33	DEBUG	7	0	NodeParam::doCheck(): 'MainNode-main-experiments-node-shrinkage-v2-node:@dump-all-long'
12/26/2025 17:19:33	DEBUG	7	0	NodeParam::doCheck(): 'MainNode-main-experiments-node-shrinkage-v2-node:enable'
12/26/2025 17:19:33	DEBUG	7	0	NodeParam::doCheck(): 'MainNode-main-experiments-node-shrinkage-v2-node:disable'
12/26/2025 17:19:33	DEBUG	7	0	NodeParam::doCheck(): 'MainNode-main-experiments-node-shrinkage-v2-node:@serialize'
12/26/2025 17:19:33	DEBUG	7	0	NodeParam::doCheck(): 'MainNode-main-experiments-node-shrinkage-v2-node:@serialize-pre'
12/26/2025 17:19:33	DEBUG	7	0	NodeParam::doCheck(): 'MainNode-main-experiments-node-shrinkage-v2-node:@serialize-post'
12/26/2025 17:19:33	DEBUG	7	0	NodeParam::doCheck(): 'MainNode-main-experiments-node-shrinkage-v2-node:@stop'
12/26/2025 17:19:33	DEBUG	7	0	NodeParam::doCheck(): 'MainNode-main-experiments-node-shrinkage-v2-node:@stop-after'
12/26/2025 17:19:33	DEBUG	7	0	NodeParam::doCheck(): 'MainNode-main-experiments-node-shrinkage-v2-node:shrink-lprec'
12/26/2025 17:19:33	DEBUG	7	0	NodeParam::doCheck(): 'MainNode-main-experiments-node-shrinkage-v2-node:outlier-shrink-lprec'
12/26/2025 17:19:33	DEBUG	7	0	NodeParam::doCheck(): 'MainNode-main-experiments-node-shrinkage-v2-node:shrink-converge'
12/26/2025 17:19:33	DEBUG	7	0	NodeParam::doCheck(): 'MainNode-main-experiments-node-shrinkage-v2-node:outlier-shrink-converge'
12/26/2025 17:19:33	DEBUG	7	0	NodeParam::doCheck(): 'MainNode-main-experiments-node-shrinkage-v2-node:shrink-downweight-maxiter'
12/26/2025 17:19:33	DEBUG	7	0	NodeParam::doCheck(): 'MainNode-main-experiments-node-shrinkage-v2-node:outlier-shrink-large-stdev'
12/26/2025 17:19:33	DEBUG	7	0	NodeParam::doCheck(): 'MainNode-main-experiments-node-cn-gender-node:@dump-nodes'
12/26/2025 17:19:33	DEBUG	7	0	NodeParam::doCheck(): 'MainNode-main-experiments-node-cn-gender-node:@dump-nodes-long'
12/26/2025 17:19:33	DEBUG	7	0	NodeParam::doCheck(): 'MainNode-main-experiments-node-cn-gender-node:@dump-nodes-classes'
12/26/2025 17:19:33	DEBUG	7	0	NodeParam::doCheck(): 'MainNode-main-experiments-node-cn-gender-node:@dump-data-flow'
12/26/2025 17:19:33	DEBUG	7	0	NodeParam::doCheck(): 'MainNode-main-experiments-node-cn-gender-node:@dump-param'
12/26/2025 17:19:33	DEBUG	7	0	NodeParam::doCheck(): 'MainNode-main-experiments-node-cn-gender-node:@dump-param-long'
12/26/2025 17:19:33	DEBUG	7	0	NodeParam::doCheck(): 'MainNode-main-experiments-node-cn-gender-node:@dump-param-dev'
12/26/2025 17:19:33	DEBUG	7	0	NodeParam::doCheck(): 'MainNode-main-experiments-node-cn-gender-node:@dump-param-long-dev'
12/26/2025 17:19:33	DEBUG	7	0	NodeParam::doCheck(): 'MainNode-main-experiments-node-cn-gender-node:@dump-all'
12/26/2025 17:19:33	DEBUG	7	0	NodeParam::doCheck(): 'MainNode-main-experiments-node-cn-gender-node:@dump-all-long'
12/26/2025 17:19:33	DEBUG	7	0	NodeParam::doCheck(): 'MainNode-main-experiments-node-cn-gender-node:enable'
12/26/2025 17:19:33	DEBUG	7	0	NodeParam::doCheck(): 'MainNode-main-experiments-node-cn-gender-node:disable'
12/26/2025 17:19:33	DEBUG	7	0	NodeParam::doCheck(): 'MainNode-main-experiments-node-cn-gender-node:@serialize'
12/26/2025 17:19:33	DEBUG	7	0	NodeParam::doCheck(): 'MainNode-main-experiments-node-cn-gender-node:@serialize-pre'
12/26/2025 17:19:33	DEBUG	7	0	NodeParam::doCheck(): 'MainNode-main-experiments-node-cn-gender-node:@serialize-post'
12/26/2025 17:19:33	DEBUG	7	0	NodeParam::doCheck(): 'MainNode-main-experiments-node-cn-gender-node:@stop'
12/26/2025 17:19:33	DEBUG	7	0	NodeParam::doCheck(): 'MainNode-main-experiments-node-cn-gender-node:@stop-after'
12/26/2025 17:19:33	DEBUG	7	0	NodeParam::doCheck(): 'MainNode-main-experiments-node-cn-gender-node:cn-gender-cutoff'
12/26/2025 17:19:33	DEBUG	7	0	NodeParam::doCheck(): 'MainNode-main-experiments-node-cn-gender-node:cn-state-threshold'
12/26/2025 17:19:33	DEBUG	7	0	NodeParam::doCheck(): 'MainNode-main-experiments-node-par-segments-node:@dump-nodes'
12/26/2025 17:19:33	DEBUG	7	0	NodeParam::doCheck(): 'MainNode-main-experiments-node-par-segments-node:@dump-nodes-long'
12/26/2025 17:19:33	DEBUG	7	0	NodeParam::doCheck(): 'MainNode-main-experiments-node-par-segments-node:@dump-nodes-classes'
12/26/2025 17:19:33	DEBUG	7	0	NodeParam::doCheck(): 'MainNode-main-experiments-node-par-segments-node:@dump-data-flow'
12/26/2025 17:19:33	DEBUG	7	0	NodeParam::doCheck(): 'MainNode-main-experiments-node-par-segments-node:@dump-param'
12/26/2025 17:19:33	DEBUG	7	0	NodeParam::doCheck(): 'MainNode-main-experiments-node-par-segments-node:@dump-param-long'
12/26/2025 17:19:33	DEBUG	7	0	NodeParam::doCheck(): 'MainNode-main-experiments-node-par-segments-node:@dump-param-dev'
12/26/2025 17:19:33	DEBUG	7	0	NodeParam::doCheck(): 'MainNode-main-experiments-node-par-segments-node:@dump-param-long-dev'
12/26/2025 17:19:33	DEBUG	7	0	NodeParam::doCheck(): 'MainNode-main-experiments-node-par-segments-node:@dump-all'
12/26/2025 17:19:33	DEBUG	7	0	NodeParam::doCheck(): 'MainNode-main-experiments-node-par-segments-node:@dump-all-long'
12/26/2025 17:19:33	DEBUG	7	0	NodeParam::doCheck(): 'MainNode-main-experiments-node-par-segments-node:enable'
12/26/2025 17:19:33	DEBUG	7	0	NodeParam::doCheck(): 'MainNode-main-experiments-node-par-segments-node:disable'
12/26/2025 17:19:33	DEBUG	7	0	NodeParam::doCheck(): 'MainNode-main-experiments-node-par-segments-node:@serialize'
12/26/2025 17:19:33	DEBUG	7	0	NodeParam::doCheck(): 'MainNode-main-experiments-node-par-segments-node:@serialize-pre'
12/26/2025 17:19:33	DEBUG	7	0	NodeParam::doCheck(): 'MainNode-main-experiments-node-par-segments-node:@serialize-post'
12/26/2025 17:19:33	DEBUG	7	0	NodeParam::doCheck(): 'MainNode-main-experiments-node-par-segments-node:@stop'
12/26/2025 17:19:33	DEBUG	7	0	NodeParam::doCheck(): 'MainNode-main-experiments-node-par-segments-node:@stop-after'
12/26/2025 17:19:33	DEBUG	7	0	NodeParam::doCheck(): 'MainNode-main-experiments-node-par-segments-node:@tuscan-no-par-breakpoints'
12/26/2025 17:19:33	DEBUG	7	0	NodeParam::doCheck(): 'MainNode-main-experiments-node-tuscan-binned-cn-node:@dump-nodes'
12/26/2025 17:19:33	DEBUG	7	0	NodeParam::doCheck(): 'MainNode-main-experiments-node-tuscan-binned-cn-node:@dump-nodes-long'
12/26/2025 17:19:33	DEBUG	7	0	NodeParam::doCheck(): 'MainNode-main-experiments-node-tuscan-binned-cn-node:@dump-nodes-classes'
12/26/2025 17:19:33	DEBUG	7	0	NodeParam::doCheck(): 'MainNode-main-experiments-node-tuscan-binned-cn-node:@dump-data-flow'
12/26/2025 17:19:33	DEBUG	7	0	NodeParam::doCheck(): 'MainNode-main-experiments-node-tuscan-binned-cn-node:@dump-param'
12/26/2025 17:19:33	DEBUG	7	0	NodeParam::doCheck(): 'MainNode-main-experiments-node-tuscan-binned-cn-node:@dump-param-long'
12/26/2025 17:19:33	DEBUG	7	0	NodeParam::doCheck(): 'MainNode-main-experiments-node-tuscan-binned-cn-node:@dump-param-dev'
12/26/2025 17:19:33	DEBUG	7	0	NodeParam::doCheck(): 'MainNode-main-experiments-node-tuscan-binned-cn-node:@dump-param-long-dev'
12/26/2025 17:19:33	DEBUG	7	0	NodeParam::doCheck(): 'MainNode-main-experiments-node-tuscan-binned-cn-node:@dump-all'
12/26/2025 17:19:33	DEBUG	7	0	NodeParam::doCheck(): 'MainNode-main-experiments-node-tuscan-binned-cn-node:@dump-all-long'
12/26/2025 17:19:33	DEBUG	7	0	NodeParam::doCheck(): 'MainNode-main-experiments-node-tuscan-binned-cn-node:enable'
12/26/2025 17:19:33	DEBUG	7	0	NodeParam::doCheck(): 'MainNode-main-experiments-node-tuscan-binned-cn-node:disable'
12/26/2025 17:19:33	DEBUG	7	0	NodeParam::doCheck(): 'MainNode-main-experiments-node-tuscan-binned-cn-node:@serialize'
12/26/2025 17:19:33	DEBUG	7	0	NodeParam::doCheck(): 'MainNode-main-experiments-node-tuscan-binned-cn-node:@serialize-pre'
12/26/2025 17:19:33	DEBUG	7	0	NodeParam::doCheck(): 'MainNode-main-experiments-node-tuscan-binned-cn-node:@serialize-post'
12/26/2025 17:19:33	DEBUG	7	0	NodeParam::doCheck(): 'MainNode-main-experiments-node-tuscan-binned-cn-node:@stop'
12/26/2025 17:19:33	DEBUG	7	0	NodeParam::doCheck(): 'MainNode-main-experiments-node-tuscan-binned-cn-node:@stop-after'
12/26/2025 17:19:33	DEBUG	7	0	NodeParam::doCheck(): 'MainNode-main-experiments-node-tuscan-binned-cn-node:tuscan-cn-bin'
12/26/2025 17:19:33	DEBUG	7	0	NodeParam::doCheck(): 'MainNode-main-experiments-node-tuscan-binned-cn-node:tuscan-cn-bin-values'
12/26/2025 17:19:33	DEBUG	7	0	NodeParam::doCheck(): 'MainNode-main-experiments-node-kernel-smooth-node:@dump-nodes'
12/26/2025 17:19:33	DEBUG	7	0	NodeParam::doCheck(): 'MainNode-main-experiments-node-kernel-smooth-node:@dump-nodes-long'
12/26/2025 17:19:33	DEBUG	7	0	NodeParam::doCheck(): 'MainNode-main-experiments-node-kernel-smooth-node:@dump-nodes-classes'
12/26/2025 17:19:33	DEBUG	7	0	NodeParam::doCheck(): 'MainNode-main-experiments-node-kernel-smooth-node:@dump-data-flow'
12/26/2025 17:19:33	DEBUG	7	0	NodeParam::doCheck(): 'MainNode-main-experiments-node-kernel-smooth-node:@dump-param'
12/26/2025 17:19:33	DEBUG	7	0	NodeParam::doCheck(): 'MainNode-main-experiments-node-kernel-smooth-node:@dump-param-long'
12/26/2025 17:19:33	DEBUG	7	0	NodeParam::doCheck(): 'MainNode-main-experiments-node-kernel-smooth-node:@dump-param-dev'
12/26/2025 17:19:33	DEBUG	7	0	NodeParam::doCheck(): 'MainNode-main-experiments-node-kernel-smooth-node:@dump-param-long-dev'
12/26/2025 17:19:33	DEBUG	7	0	NodeParam::doCheck(): 'MainNode-main-experiments-node-kernel-smooth-node:@dump-all'
12/26/2025 17:19:33	DEBUG	7	0	NodeParam::doCheck(): 'MainNode-main-experiments-node-kernel-smooth-node:@dump-all-long'
12/26/2025 17:19:33	DEBUG	7	0	NodeParam::doCheck(): 'MainNode-main-experiments-node-kernel-smooth-node:enable'
12/26/2025 17:19:33	DEBUG	7	0	NodeParam::doCheck(): 'MainNode-main-experiments-node-kernel-smooth-node:disable'
12/26/2025 17:19:33	DEBUG	7	0	NodeParam::doCheck(): 'MainNode-main-experiments-node-kernel-smooth-node:@serialize'
12/26/2025 17:19:33	DEBUG	7	0	NodeParam::doCheck(): 'MainNode-main-experiments-node-kernel-smooth-node:@serialize-pre'
12/26/2025 17:19:33	DEBUG	7	0	NodeParam::doCheck(): 'MainNode-main-experiments-node-kernel-smooth-node:@serialize-post'
12/26/2025 17:19:33	DEBUG	7	0	NodeParam::doCheck(): 'MainNode-main-experiments-node-kernel-smooth-node:@stop'
12/26/2025 17:19:33	DEBUG	7	0	NodeParam::doCheck(): 'MainNode-main-experiments-node-kernel-smooth-node:@stop-after'
12/26/2025 17:19:33	DEBUG	7	0	NodeParam::doCheck(): 'MainNode-main-experiments-node-kernel-smooth-node:kernel-sigma-span'
12/26/2025 17:19:33	DEBUG	7	0	NodeParam::doCheck(): 'MainNode-main-experiments-node-genotyping-node:@dump-nodes'
12/26/2025 17:19:33	DEBUG	7	0	NodeParam::doCheck(): 'MainNode-main-experiments-node-genotyping-node:@dump-nodes-long'
12/26/2025 17:19:33	DEBUG	7	0	NodeParam::doCheck(): 'MainNode-main-experiments-node-genotyping-node:@dump-nodes-classes'
12/26/2025 17:19:33	DEBUG	7	0	NodeParam::doCheck(): 'MainNode-main-experiments-node-genotyping-node:@dump-data-flow'
12/26/2025 17:19:33	DEBUG	7	0	NodeParam::doCheck(): 'MainNode-main-experiments-node-genotyping-node:@dump-param'
12/26/2025 17:19:33	DEBUG	7	0	NodeParam::doCheck(): 'MainNode-main-experiments-node-genotyping-node:@dump-param-long'
12/26/2025 17:19:33	DEBUG	7	0	NodeParam::doCheck(): 'MainNode-main-experiments-node-genotyping-node:@dump-param-dev'
12/26/2025 17:19:33	DEBUG	7	0	NodeParam::doCheck(): 'MainNode-main-experiments-node-genotyping-node:@dump-param-long-dev'
12/26/2025 17:19:33	DEBUG	7	0	NodeParam::doCheck(): 'MainNode-main-experiments-node-genotyping-node:@dump-all'
12/26/2025 17:19:33	DEBUG	7	0	NodeParam::doCheck(): 'MainNode-main-experiments-node-genotyping-node:@dump-all-long'
12/26/2025 17:19:33	DEBUG	7	0	NodeParam::doCheck(): 'MainNode-main-experiments-node-genotyping-node:enable'
12/26/2025 17:19:33	DEBUG	7	0	NodeParam::doCheck(): 'MainNode-main-experiments-node-genotyping-node:disable'
12/26/2025 17:19:33	DEBUG	7	0	NodeParam::doCheck(): 'MainNode-main-experiments-node-genotyping-node:@serialize'
12/26/2025 17:19:33	DEBUG	7	0	NodeParam::doCheck(): 'MainNode-main-experiments-node-genotyping-node:@serialize-pre'
12/26/2025 17:19:33	DEBUG	7	0	NodeParam::doCheck(): 'MainNode-main-experiments-node-genotyping-node:@serialize-post'
12/26/2025 17:19:33	DEBUG	7	0	NodeParam::doCheck(): 'MainNode-main-experiments-node-genotyping-node:@stop'
12/26/2025 17:19:33	DEBUG	7	0	NodeParam::doCheck(): 'MainNode-main-experiments-node-genotyping-node:@stop-after'
12/26/2025 17:19:33	DEBUG	7	0	NodeParam::doCheck(): 'MainNode-main-experiments-node-cel-pair-check-node:@dump-nodes'
12/26/2025 17:19:33	DEBUG	7	0	NodeParam::doCheck(): 'MainNode-main-experiments-node-cel-pair-check-node:@dump-nodes-long'
12/26/2025 17:19:33	DEBUG	7	0	NodeParam::doCheck(): 'MainNode-main-experiments-node-cel-pair-check-node:@dump-nodes-classes'
12/26/2025 17:19:33	DEBUG	7	0	NodeParam::doCheck(): 'MainNode-main-experiments-node-cel-pair-check-node:@dump-data-flow'
12/26/2025 17:19:33	DEBUG	7	0	NodeParam::doCheck(): 'MainNode-main-experiments-node-cel-pair-check-node:@dump-param'
12/26/2025 17:19:33	DEBUG	7	0	NodeParam::doCheck(): 'MainNode-main-experiments-node-cel-pair-check-node:@dump-param-long'
12/26/2025 17:19:33	DEBUG	7	0	NodeParam::doCheck(): 'MainNode-main-experiments-node-cel-pair-check-node:@dump-param-dev'
12/26/2025 17:19:33	DEBUG	7	0	NodeParam::doCheck(): 'MainNode-main-experiments-node-cel-pair-check-node:@dump-param-long-dev'
12/26/2025 17:19:33	DEBUG	7	0	NodeParam::doCheck(): 'MainNode-main-experiments-node-cel-pair-check-node:@dump-all'
12/26/2025 17:19:33	DEBUG	7	0	NodeParam::doCheck(): 'MainNode-main-experiments-node-cel-pair-check-node:@dump-all-long'
12/26/2025 17:19:33	DEBUG	7	0	NodeParam::doCheck(): 'MainNode-main-experiments-node-cel-pair-check-node:enable'
12/26/2025 17:19:33	DEBUG	7	0	NodeParam::doCheck(): 'MainNode-main-experiments-node-cel-pair-check-node:disable'
12/26/2025 17:19:33	DEBUG	7	0	NodeParam::doCheck(): 'MainNode-main-experiments-node-cel-pair-check-node:@serialize'
12/26/2025 17:19:33	DEBUG	7	0	NodeParam::doCheck(): 'MainNode-main-experiments-node-cel-pair-check-node:@serialize-pre'
12/26/2025 17:19:33	DEBUG	7	0	NodeParam::doCheck(): 'MainNode-main-experiments-node-cel-pair-check-node:@serialize-post'
12/26/2025 17:19:33	DEBUG	7	0	NodeParam::doCheck(): 'MainNode-main-experiments-node-cel-pair-check-node:@stop'
12/26/2025 17:19:33	DEBUG	7	0	NodeParam::doCheck(): 'MainNode-main-experiments-node-cel-pair-check-node:@stop-after'
12/26/2025 17:19:33	DEBUG	7	0	NodeParam::doCheck(): 'MainNode-main-experiments-node-cel-pair-check-node:sig-snp-min-call-rate'
12/26/2025 17:19:33	DEBUG	7	0	NodeParam::doCheck(): 'MainNode-main-experiments-node-cel-pair-check-node:sig-snp-min-compare-rate'
12/26/2025 17:19:33	DEBUG	7	0	NodeParam::doCheck(): 'MainNode-main-experiments-node-cel-pair-check-node:sig-snp-min-concordance'
12/26/2025 17:19:33	DEBUG	7	0	NodeParam::doCheck(): 'MainNode-main-experiments-node-cel-pair-check-node:sig-snp-min-strength-sketch-rank'
12/26/2025 17:19:33	DEBUG	7	0	NodeParam::doCheck(): 'MainNode-main-experiments-node-cel-pair-check-node:sig-snp-report-filename'
12/26/2025 17:19:33	DEBUG	7	0	NodeParam::doCheck(): 'MainNode-main-experiments-node-matched-normal-check-node:@dump-nodes'
12/26/2025 17:19:33	DEBUG	7	0	NodeParam::doCheck(): 'MainNode-main-experiments-node-matched-normal-check-node:@dump-nodes-long'
12/26/2025 17:19:33	DEBUG	7	0	NodeParam::doCheck(): 'MainNode-main-experiments-node-matched-normal-check-node:@dump-nodes-classes'
12/26/2025 17:19:33	DEBUG	7	0	NodeParam::doCheck(): 'MainNode-main-experiments-node-matched-normal-check-node:@dump-data-flow'
12/26/2025 17:19:33	DEBUG	7	0	NodeParam::doCheck(): 'MainNode-main-experiments-node-matched-normal-check-node:@dump-param'
12/26/2025 17:19:33	DEBUG	7	0	NodeParam::doCheck(): 'MainNode-main-experiments-node-matched-normal-check-node:@dump-param-long'
12/26/2025 17:19:33	DEBUG	7	0	NodeParam::doCheck(): 'MainNode-main-experiments-node-matched-normal-check-node:@dump-param-dev'
12/26/2025 17:19:33	DEBUG	7	0	NodeParam::doCheck(): 'MainNode-main-experiments-node-matched-normal-check-node:@dump-param-long-dev'
12/26/2025 17:19:33	DEBUG	7	0	NodeParam::doCheck(): 'MainNode-main-experiments-node-matched-normal-check-node:@dump-all'
12/26/2025 17:19:33	DEBUG	7	0	NodeParam::doCheck(): 'MainNode-main-experiments-node-matched-normal-check-node:@dump-all-long'
12/26/2025 17:19:33	DEBUG	7	0	NodeParam::doCheck(): 'MainNode-main-experiments-node-matched-normal-check-node:enable'
12/26/2025 17:19:33	DEBUG	7	0	NodeParam::doCheck(): 'MainNode-main-experiments-node-matched-normal-check-node:disable'
12/26/2025 17:19:33	DEBUG	7	0	NodeParam::doCheck(): 'MainNode-main-experiments-node-matched-normal-check-node:@serialize'
12/26/2025 17:19:33	DEBUG	7	0	NodeParam::doCheck(): 'MainNode-main-experiments-node-matched-normal-check-node:@serialize-pre'
12/26/2025 17:19:33	DEBUG	7	0	NodeParam::doCheck(): 'MainNode-main-experiments-node-matched-normal-check-node:@serialize-post'
12/26/2025 17:19:33	DEBUG	7	0	NodeParam::doCheck(): 'MainNode-main-experiments-node-matched-normal-check-node:@stop'
12/26/2025 17:19:33	DEBUG	7	0	NodeParam::doCheck(): 'MainNode-main-experiments-node-matched-normal-check-node:@stop-after'
12/26/2025 17:19:33	DEBUG	7	0	NodeParam::doCheck(): 'MainNode-main-experiments-node-remove-ap-modulation-node:@dump-nodes'
12/26/2025 17:19:33	DEBUG	7	0	NodeParam::doCheck(): 'MainNode-main-experiments-node-remove-ap-modulation-node:@dump-nodes-long'
12/26/2025 17:19:33	DEBUG	7	0	NodeParam::doCheck(): 'MainNode-main-experiments-node-remove-ap-modulation-node:@dump-nodes-classes'
12/26/2025 17:19:33	DEBUG	7	0	NodeParam::doCheck(): 'MainNode-main-experiments-node-remove-ap-modulation-node:@dump-data-flow'
12/26/2025 17:19:33	DEBUG	7	0	NodeParam::doCheck(): 'MainNode-main-experiments-node-remove-ap-modulation-node:@dump-param'
12/26/2025 17:19:33	DEBUG	7	0	NodeParam::doCheck(): 'MainNode-main-experiments-node-remove-ap-modulation-node:@dump-param-long'
12/26/2025 17:19:33	DEBUG	7	0	NodeParam::doCheck(): 'MainNode-main-experiments-node-remove-ap-modulation-node:@dump-param-dev'
12/26/2025 17:19:33	DEBUG	7	0	NodeParam::doCheck(): 'MainNode-main-experiments-node-remove-ap-modulation-node:@dump-param-long-dev'
12/26/2025 17:19:33	DEBUG	7	0	NodeParam::doCheck(): 'MainNode-main-experiments-node-remove-ap-modulation-node:@dump-all'
12/26/2025 17:19:33	DEBUG	7	0	NodeParam::doCheck(): 'MainNode-main-experiments-node-remove-ap-modulation-node:@dump-all-long'
12/26/2025 17:19:33	DEBUG	7	0	NodeParam::doCheck(): 'MainNode-main-experiments-node-remove-ap-modulation-node:enable'
12/26/2025 17:19:33	DEBUG	7	0	NodeParam::doCheck(): 'MainNode-main-experiments-node-remove-ap-modulation-node:disable'
12/26/2025 17:19:33	DEBUG	7	0	NodeParam::doCheck(): 'MainNode-main-experiments-node-remove-ap-modulation-node:@serialize'
12/26/2025 17:19:33	DEBUG	7	0	NodeParam::doCheck(): 'MainNode-main-experiments-node-remove-ap-modulation-node:@serialize-pre'
12/26/2025 17:19:33	DEBUG	7	0	NodeParam::doCheck(): 'MainNode-main-experiments-node-remove-ap-modulation-node:@serialize-post'
12/26/2025 17:19:33	DEBUG	7	0	NodeParam::doCheck(): 'MainNode-main-experiments-node-remove-ap-modulation-node:@stop'
12/26/2025 17:19:33	DEBUG	7	0	NodeParam::doCheck(): 'MainNode-main-experiments-node-remove-ap-modulation-node:@stop-after'
12/26/2025 17:19:33	DEBUG	7	0	NodeParam::doCheck(): 'MainNode-main-experiments-node-remove-ap-modulation-node:rm-ap-mod-step'
12/26/2025 17:19:33	DEBUG	7	0	NodeParam::doCheck(): 'MainNode-main-experiments-node-remove-ap-modulation-node:rm-ap-mod-window'
12/26/2025 17:19:33	DEBUG	7	0	NodeParam::doCheck(): 'MainNode-main-experiments-node-remove-ap-modulation-node:rm-ap-mod-point-count'
12/26/2025 17:19:33	DEBUG	7	0	NodeParam::doCheck(): 'MainNode-main-experiments-node-remove-ap-modulation-node:rm-ap-mod-bandwidth'
12/26/2025 17:19:33	DEBUG	7	0	NodeParam::doCheck(): 'MainNode-main-experiments-node-remove-ap-modulation-node:rm-ap-mod-cutoff'
12/26/2025 17:19:33	DEBUG	7	0	NodeParam::doCheck(): 'MainNode-main-experiments-node-remove-ap-modulation-node:rm-ap-mod-threshold'
12/26/2025 17:19:33	DEBUG	7	0	NodeParam::doCheck(): 'MainNode-main-experiments-node-remove-ap-modulation-node:rm-ap-mod-height-threshold'
12/26/2025 17:19:33	DEBUG	7	0	NodeParam::doCheck(): 'MainNode-main-experiments-node-remove-ap-modulation-node:rm-ap-mod-height-threshold-bound'
12/26/2025 17:19:33	DEBUG	7	0	NodeParam::doCheck(): 'MainNode-main-experiments-node-remove-ap-modulation-node:rm-ap-mod-symmetry'
12/26/2025 17:19:33	DEBUG	7	0	NodeParam::doCheck(): 'MainNode-main-experiments-node-remove-ap-modulation-node:rm-ap-mod-fld-weights'
12/26/2025 17:19:33	DEBUG	7	0	NodeParam::doCheck(): 'MainNode-main-experiments-node-allele-peaks-ad-node:@dump-nodes'
12/26/2025 17:19:33	DEBUG	7	0	NodeParam::doCheck(): 'MainNode-main-experiments-node-allele-peaks-ad-node:@dump-nodes-long'
12/26/2025 17:19:33	DEBUG	7	0	NodeParam::doCheck(): 'MainNode-main-experiments-node-allele-peaks-ad-node:@dump-nodes-classes'
12/26/2025 17:19:33	DEBUG	7	0	NodeParam::doCheck(): 'MainNode-main-experiments-node-allele-peaks-ad-node:@dump-data-flow'
12/26/2025 17:19:33	DEBUG	7	0	NodeParam::doCheck(): 'MainNode-main-experiments-node-allele-peaks-ad-node:@dump-param'
12/26/2025 17:19:33	DEBUG	7	0	NodeParam::doCheck(): 'MainNode-main-experiments-node-allele-peaks-ad-node:@dump-param-long'
12/26/2025 17:19:33	DEBUG	7	0	NodeParam::doCheck(): 'MainNode-main-experiments-node-allele-peaks-ad-node:@dump-param-dev'
12/26/2025 17:19:33	DEBUG	7	0	NodeParam::doCheck(): 'MainNode-main-experiments-node-allele-peaks-ad-node:@dump-param-long-dev'
12/26/2025 17:19:33	DEBUG	7	0	NodeParam::doCheck(): 'MainNode-main-experiments-node-allele-peaks-ad-node:@dump-all'
12/26/2025 17:19:33	DEBUG	7	0	NodeParam::doCheck(): 'MainNode-main-experiments-node-allele-peaks-ad-node:@dump-all-long'
12/26/2025 17:19:33	DEBUG	7	0	NodeParam::doCheck(): 'MainNode-main-experiments-node-allele-peaks-ad-node:enable'
12/26/2025 17:19:33	DEBUG	7	0	NodeParam::doCheck(): 'MainNode-main-experiments-node-allele-peaks-ad-node:disable'
12/26/2025 17:19:33	DEBUG	7	0	NodeParam::doCheck(): 'MainNode-main-experiments-node-allele-peaks-ad-node:@serialize'
12/26/2025 17:19:33	DEBUG	7	0	NodeParam::doCheck(): 'MainNode-main-experiments-node-allele-peaks-ad-node:@serialize-pre'
12/26/2025 17:19:33	DEBUG	7	0	NodeParam::doCheck(): 'MainNode-main-experiments-node-allele-peaks-ad-node:@serialize-post'
12/26/2025 17:19:33	DEBUG	7	0	NodeParam::doCheck(): 'MainNode-main-experiments-node-allele-peaks-ad-node:@stop'
12/26/2025 17:19:33	DEBUG	7	0	NodeParam::doCheck(): 'MainNode-main-experiments-node-allele-peaks-ad-node:@stop-after'
12/26/2025 17:19:33	DEBUG	7	0	NodeParam::doCheck(): 'MainNode-main-experiments-node-allele-peaks-ad-node:ap-ad-step'
12/26/2025 17:19:33	DEBUG	7	0	NodeParam::doCheck(): 'MainNode-main-experiments-node-allele-peaks-ad-node:ap-ad-window'
12/26/2025 17:19:33	DEBUG	7	0	NodeParam::doCheck(): 'MainNode-main-experiments-node-allele-peaks-ad-node:ap-ad-point-count'
12/26/2025 17:19:33	DEBUG	7	0	NodeParam::doCheck(): 'MainNode-main-experiments-node-allele-peaks-ad-node:ap-ad-bandwidth'
12/26/2025 17:19:33	DEBUG	7	0	NodeParam::doCheck(): 'MainNode-main-experiments-node-allele-peaks-ad-node:ap-ad-cutoff'
12/26/2025 17:19:33	DEBUG	7	0	NodeParam::doCheck(): 'MainNode-main-experiments-node-allele-peaks-ad-node:ap-ad-threshold'
12/26/2025 17:19:33	DEBUG	7	0	NodeParam::doCheck(): 'MainNode-main-experiments-node-allele-peaks-ad-node:ap-ad-height-threshold'
12/26/2025 17:19:33	DEBUG	7	0	NodeParam::doCheck(): 'MainNode-main-experiments-node-allele-peaks-ad-node:ap-ad-height-threshold-bound'
12/26/2025 17:19:33	DEBUG	7	0	NodeParam::doCheck(): 'MainNode-main-experiments-node-allele-peaks-ad-node:ap-ad-symmetry'
12/26/2025 17:19:33	DEBUG	7	0	NodeParam::doCheck(): 'MainNode-main-experiments-node-allele-peaks-ad-node:ap-ad-fld-weights'
12/26/2025 17:19:33	DEBUG	7	0	NodeParam::doCheck(): 'MainNode-main-experiments-node-loh-node:@dump-nodes'
12/26/2025 17:19:33	DEBUG	7	0	NodeParam::doCheck(): 'MainNode-main-experiments-node-loh-node:@dump-nodes-long'
12/26/2025 17:19:33	DEBUG	7	0	NodeParam::doCheck(): 'MainNode-main-experiments-node-loh-node:@dump-nodes-classes'
12/26/2025 17:19:33	DEBUG	7	0	NodeParam::doCheck(): 'MainNode-main-experiments-node-loh-node:@dump-data-flow'
12/26/2025 17:19:33	DEBUG	7	0	NodeParam::doCheck(): 'MainNode-main-experiments-node-loh-node:@dump-param'
12/26/2025 17:19:33	DEBUG	7	0	NodeParam::doCheck(): 'MainNode-main-experiments-node-loh-node:@dump-param-long'
12/26/2025 17:19:33	DEBUG	7	0	NodeParam::doCheck(): 'MainNode-main-experiments-node-loh-node:@dump-param-dev'
12/26/2025 17:19:33	DEBUG	7	0	NodeParam::doCheck(): 'MainNode-main-experiments-node-loh-node:@dump-param-long-dev'
12/26/2025 17:19:33	DEBUG	7	0	NodeParam::doCheck(): 'MainNode-main-experiments-node-loh-node:@dump-all'
12/26/2025 17:19:33	DEBUG	7	0	NodeParam::doCheck(): 'MainNode-main-experiments-node-loh-node:@dump-all-long'
12/26/2025 17:19:33	DEBUG	7	0	NodeParam::doCheck(): 'MainNode-main-experiments-node-loh-node:enable'
12/26/2025 17:19:33	DEBUG	7	0	NodeParam::doCheck(): 'MainNode-main-experiments-node-loh-node:disable'
12/26/2025 17:19:33	DEBUG	7	0	NodeParam::doCheck(): 'MainNode-main-experiments-node-loh-node:@serialize'
12/26/2025 17:19:33	DEBUG	7	0	NodeParam::doCheck(): 'MainNode-main-experiments-node-loh-node:@serialize-pre'
12/26/2025 17:19:33	DEBUG	7	0	NodeParam::doCheck(): 'MainNode-main-experiments-node-loh-node:@serialize-post'
12/26/2025 17:19:33	DEBUG	7	0	NodeParam::doCheck(): 'MainNode-main-experiments-node-loh-node:@stop'
12/26/2025 17:19:33	DEBUG	7	0	NodeParam::doCheck(): 'MainNode-main-experiments-node-loh-node:@stop-after'
12/26/2025 17:19:33	DEBUG	7	0	NodeParam::doCheck(): 'MainNode-main-experiments-node-loh-node:loh-error-rate'
12/26/2025 17:19:33	DEBUG	7	0	NodeParam::doCheck(): 'MainNode-main-experiments-node-loh-node:loh-beta'
12/26/2025 17:19:33	DEBUG	7	0	NodeParam::doCheck(): 'MainNode-main-experiments-node-loh-node:loh-alpha'
12/26/2025 17:19:33	DEBUG	7	0	NodeParam::doCheck(): 'MainNode-main-experiments-node-loh-node:loh-separation'
12/26/2025 17:19:33	DEBUG	7	0	NodeParam::doCheck(): 'MainNode-main-experiments-node-loh-node:loh-min-marker-count'
12/26/2025 17:19:33	DEBUG	7	0	NodeParam::doCheck(): 'MainNode-main-experiments-node-loh-node:loh-no-call-threshold'
12/26/2025 17:19:33	DEBUG	7	0	NodeParam::doCheck(): 'MainNode-main-experiments-node-loh-node:loh-min-genomic-span'
12/26/2025 17:19:33	DEBUG	7	0	NodeParam::doCheck(): 'MainNode-main-experiments-node-loh-node:loh-ss-thresh'
12/26/2025 17:19:33	DEBUG	7	0	NodeParam::doCheck(): 'MainNode-main-experiments-node-loh-node:loh-ss-begin-slope'
12/26/2025 17:19:33	DEBUG	7	0	NodeParam::doCheck(): 'MainNode-main-experiments-node-loh-node:loh-baf-upper-thresh'
12/26/2025 17:19:33	DEBUG	7	0	NodeParam::doCheck(): 'MainNode-main-experiments-node-loh-node:loh-baf-lower-thresh'
12/26/2025 17:19:33	DEBUG	7	0	NodeParam::doCheck(): 'MainNode-main-experiments-node-loh-node:loh-slope-thresh'
12/26/2025 17:19:33	DEBUG	7	0	NodeParam::doCheck(): 'MainNode-main-experiments-node-loh-node:loh-alpha-cn-calibrate'
12/26/2025 17:19:33	DEBUG	7	0	NodeParam::doCheck(): 'MainNode-main-experiments-node-loh-node:loh-alpha-X-cn-calibrate'
12/26/2025 17:19:33	DEBUG	7	0	NodeParam::doCheck(): 'MainNode-main-experiments-node-loh-node:loh-alpha-Y-cn-calibrate'
12/26/2025 17:19:33	DEBUG	7	0	NodeParam::doCheck(): 'MainNode-main-experiments-node-loh-node:loh-beta-cn-calibrate'
12/26/2025 17:19:33	DEBUG	7	0	NodeParam::doCheck(): 'MainNode-main-experiments-node-loh-node:loh-beta-X-cn-calibrate'
12/26/2025 17:19:33	DEBUG	7	0	NodeParam::doCheck(): 'MainNode-main-experiments-node-loh-node:loh-beta-Y-cn-calibrate'
12/26/2025 17:19:33	DEBUG	7	0	NodeParam::doCheck(): 'MainNode-main-experiments-node-loh-node:@retain-smooth-signal'
12/26/2025 17:19:33	DEBUG	7	0	NodeParam::doCheck(): 'MainNode-main-experiments-node-cn-neutral-loh-node:@dump-nodes'
12/26/2025 17:19:33	DEBUG	7	0	NodeParam::doCheck(): 'MainNode-main-experiments-node-cn-neutral-loh-node:@dump-nodes-long'
12/26/2025 17:19:33	DEBUG	7	0	NodeParam::doCheck(): 'MainNode-main-experiments-node-cn-neutral-loh-node:@dump-nodes-classes'
12/26/2025 17:19:33	DEBUG	7	0	NodeParam::doCheck(): 'MainNode-main-experiments-node-cn-neutral-loh-node:@dump-data-flow'
12/26/2025 17:19:33	DEBUG	7	0	NodeParam::doCheck(): 'MainNode-main-experiments-node-cn-neutral-loh-node:@dump-param'
12/26/2025 17:19:33	DEBUG	7	0	NodeParam::doCheck(): 'MainNode-main-experiments-node-cn-neutral-loh-node:@dump-param-long'
12/26/2025 17:19:33	DEBUG	7	0	NodeParam::doCheck(): 'MainNode-main-experiments-node-cn-neutral-loh-node:@dump-param-dev'
12/26/2025 17:19:33	DEBUG	7	0	NodeParam::doCheck(): 'MainNode-main-experiments-node-cn-neutral-loh-node:@dump-param-long-dev'
12/26/2025 17:19:33	DEBUG	7	0	NodeParam::doCheck(): 'MainNode-main-experiments-node-cn-neutral-loh-node:@dump-all'
12/26/2025 17:19:33	DEBUG	7	0	NodeParam::doCheck(): 'MainNode-main-experiments-node-cn-neutral-loh-node:@dump-all-long'
12/26/2025 17:19:33	DEBUG	7	0	NodeParam::doCheck(): 'MainNode-main-experiments-node-cn-neutral-loh-node:enable'
12/26/2025 17:19:33	DEBUG	7	0	NodeParam::doCheck(): 'MainNode-main-experiments-node-cn-neutral-loh-node:disable'
12/26/2025 17:19:33	DEBUG	7	0	NodeParam::doCheck(): 'MainNode-main-experiments-node-cn-neutral-loh-node:@serialize'
12/26/2025 17:19:33	DEBUG	7	0	NodeParam::doCheck(): 'MainNode-main-experiments-node-cn-neutral-loh-node:@serialize-pre'
12/26/2025 17:19:33	DEBUG	7	0	NodeParam::doCheck(): 'MainNode-main-experiments-node-cn-neutral-loh-node:@serialize-post'
12/26/2025 17:19:33	DEBUG	7	0	NodeParam::doCheck(): 'MainNode-main-experiments-node-cn-neutral-loh-node:@stop'
12/26/2025 17:19:33	DEBUG	7	0	NodeParam::doCheck(): 'MainNode-main-experiments-node-cn-neutral-loh-node:@stop-after'
12/26/2025 17:19:33	DEBUG	7	0	NodeParam::doCheck(): 'MainNode-main-experiments-node-chp-node:@dump-nodes'
12/26/2025 17:19:33	DEBUG	7	0	NodeParam::doCheck(): 'MainNode-main-experiments-node-chp-node:@dump-nodes-long'
12/26/2025 17:19:33	DEBUG	7	0	NodeParam::doCheck(): 'MainNode-main-experiments-node-chp-node:@dump-nodes-classes'
12/26/2025 17:19:33	DEBUG	7	0	NodeParam::doCheck(): 'MainNode-main-experiments-node-chp-node:@dump-data-flow'
12/26/2025 17:19:33	DEBUG	7	0	NodeParam::doCheck(): 'MainNode-main-experiments-node-chp-node:@dump-param'
12/26/2025 17:19:33	DEBUG	7	0	NodeParam::doCheck(): 'MainNode-main-experiments-node-chp-node:@dump-param-long'
12/26/2025 17:19:33	DEBUG	7	0	NodeParam::doCheck(): 'MainNode-main-experiments-node-chp-node:@dump-param-dev'
12/26/2025 17:19:33	DEBUG	7	0	NodeParam::doCheck(): 'MainNode-main-experiments-node-chp-node:@dump-param-long-dev'
12/26/2025 17:19:33	DEBUG	7	0	NodeParam::doCheck(): 'MainNode-main-experiments-node-chp-node:@dump-all'
12/26/2025 17:19:33	DEBUG	7	0	NodeParam::doCheck(): 'MainNode-main-experiments-node-chp-node:@dump-all-long'
12/26/2025 17:19:33	DEBUG	7	0	NodeParam::doCheck(): 'MainNode-main-experiments-node-chp-node:enable'
12/26/2025 17:19:33	DEBUG	7	0	NodeParam::doCheck(): 'MainNode-main-experiments-node-chp-node:disable'
12/26/2025 17:19:33	DEBUG	7	0	NodeParam::doCheck(): 'MainNode-main-experiments-node-chp-node:@serialize'
12/26/2025 17:19:33	DEBUG	7	0	NodeParam::doCheck(): 'MainNode-main-experiments-node-chp-node:@serialize-pre'
12/26/2025 17:19:33	DEBUG	7	0	NodeParam::doCheck(): 'MainNode-main-experiments-node-chp-node:@serialize-post'
12/26/2025 17:19:33	DEBUG	7	0	NodeParam::doCheck(): 'MainNode-main-experiments-node-chp-node:@stop'
12/26/2025 17:19:33	DEBUG	7	0	NodeParam::doCheck(): 'MainNode-main-experiments-node-chp-node:@stop-after'
12/26/2025 17:19:33	DEBUG	7	0	NodeParam::doCheck(): 'MainNode-main-experiments-node-chp-node:report-file'
12/26/2025 17:19:33	DEBUG	7	0	NodeParam::doCheck(): 'MainNode-main-experiments-node-chp-node:cychp-output'
12/26/2025 17:19:33	DEBUG	7	0	NodeParam::doCheck(): 'MainNode-main-experiments-node-chp-node:text-output'
12/26/2025 17:19:33	DEBUG	7	0	NodeParam::doCheck(): 'MainNode-main-experiments-node-chp-node:oschp-output'
12/26/2025 17:19:33	DEBUG	7	0	NodeParam::doCheck(): 'MainNode-main-experiments-node-chp-node:mangle-probeset-names'
12/26/2025 17:19:33	DEBUG	7	0	NodeParam::doCheck(): 'MainNode-main-experiments-node-chp-node:meta-data-info'
12/26/2025 17:19:33	DEBUG	7	0	NodeParam::doCheck(): PARAM_CHECK_WHEN_SET and param unset.
12/26/2025 17:19:33	DEBUG	7	0	NodeParam::doCheck(): 'MainNode-main-experiments-node-chp-node:waviness-block-size'
12/26/2025 17:19:33	DEBUG	7	0	NodeParam::doCheck(): 'MainNode-main-experiments-node-chp-node:waviness-genomic-span'
12/26/2025 17:19:33	DEBUG	7	0	NodeParam::doCheck(): 'MainNode-main-experiments-node-chp-node:alpha-cn-calibrate'
12/26/2025 17:19:33	DEBUG	7	0	NodeParam::doCheck(): 'MainNode-main-experiments-node-chp-node:alpha-X-cn-calibrate'
12/26/2025 17:19:33	DEBUG	7	0	NodeParam::doCheck(): 'MainNode-main-experiments-node-chp-node:alpha-Y-cn-calibrate'
12/26/2025 17:19:33	DEBUG	7	0	NodeParam::doCheck(): 'MainNode-main-experiments-node-chp-node:beta-cn-calibrate'
12/26/2025 17:19:33	DEBUG	7	0	NodeParam::doCheck(): 'MainNode-main-experiments-node-chp-node:beta-X-cn-calibrate'
12/26/2025 17:19:33	DEBUG	7	0	NodeParam::doCheck(): 'MainNode-main-experiments-node-chp-node:beta-Y-cn-calibrate'
12/26/2025 17:19:33	LOG,INFO,GUI	1	0	MainNode::doRunAll(...) start
12/26/2025 17:19:33	LOG,INFO,GUI	1	0	CopynumberOncoNodeEngine::doRunAll(...) start
12/26/2025 17:19:33	LOG,INFO,GUI	1	0	CopynumberOncoNodeLibraryFile::doRunAll(...) start
12/26/2025 17:19:33	bboard	4	0	    ExperimentVector     => 0x7fe013f4e040(1)
12/26/2025 17:19:33	dset	3	0	Dset::File::open('/Library/Frameworks/R.framework/Versions/4.1/Resources/library/OncoScan.na33.r4/apt/res//OncoScan.FFPE.na33.r1.REF_MODEL',2,5)
12/26/2025 17:19:33	bboard	4	0	    AntigenomicProbes    => 0x7fe0171651a0(1)
12/26/2025 17:19:33	bboard	4	0	    ExperimentVector     => 0x7fe013f4e040(1)
12/26/2025 17:19:33	bboard	4	0	    AntigenomicProbes    => 0x7fe0171651a0(1)
12/26/2025 17:19:33	bboard	4	0	    ExperimentVector     => 0x7fe013f4e040(1)
12/26/2025 17:19:33	bboard	4	0	    HybControls          => 0x7fe0171647e0(1)
12/26/2025 17:19:33	bboard	4	0	    AntigenomicProbes    => 0x7fe0171651a0(1)
12/26/2025 17:19:33	bboard	4	0	    CNSketch             => 0x7fe0171536c0(1)
12/26/2025 17:19:33	bboard	4	0	    ExperimentVector     => 0x7fe013f4e040(1)
12/26/2025 17:19:33	bboard	4	0	    HybControls          => 0x7fe0171647e0(1)
12/26/2025 17:19:33	bboard	4	0	    AntigenomicProbes    => 0x7fe0171651a0(1)
12/26/2025 17:19:33	bboard	4	0	    CNSketch             => 0x7fe0171536c0(1)
12/26/2025 17:19:33	bboard	4	0	    ExperimentVector     => 0x7fe013f4e040(1)
12/26/2025 17:19:33	bboard	4	0	    HybControls          => 0x7fe0171647e0(1)
12/26/2025 17:19:33	bboard	4	0	    SNPSketch            => 0x7fe017164ea0(1)
12/26/2025 17:19:33	bboard	4	0	    AntigenomicProbes    => 0x7fe0171651a0(1)
12/26/2025 17:19:33	bboard	4	0	    CNSketch             => 0x7fe0171536c0(1)
12/26/2025 17:19:33	bboard	4	0	    ExperimentVector     => 0x7fe013f4e040(1)
12/26/2025 17:19:33	bboard	4	0	    HybControls          => 0x7fe0171647e0(1)
12/26/2025 17:19:33	bboard	4	0	    ProbeSetVector       => 0x7fe017164a50(1)
12/26/2025 17:19:33	bboard	4	0	    SNPSketch            => 0x7fe017164ea0(1)
12/26/2025 17:19:33	bboard	4	0	    AntigenomicProbes    => 0x7fe0171651a0(1)
12/26/2025 17:19:33	bboard	4	0	    CNSketch             => 0x7fe0171536c0(1)
12/26/2025 17:19:33	bboard	4	0	    CovariateOptions     => 0x7fe0097d7c20(1)
12/26/2025 17:19:33	bboard	4	0	    ExperimentVector     => 0x7fe013f4e040(1)
12/26/2025 17:19:33	bboard	4	0	    HybControls          => 0x7fe0171647e0(1)
12/26/2025 17:19:33	bboard	4	0	    ProbeSetVector       => 0x7fe017164a50(1)
12/26/2025 17:19:33	bboard	4	0	    SNPSketch            => 0x7fe017164ea0(1)
12/26/2025 17:19:33	bboard	4	0	    AnnotationInformation => 0x7fe0097d9f70(1)
12/26/2025 17:19:33	bboard	4	0	    AntigenomicProbes    => 0x7fe0171651a0(1)
12/26/2025 17:19:33	bboard	4	0	    CNSketch             => 0x7fe0171536c0(1)
12/26/2025 17:19:33	bboard	4	0	    CovariateOptions     => 0x7fe0097d7c20(1)
12/26/2025 17:19:33	bboard	4	0	    ExperimentVector     => 0x7fe013f4e040(1)
12/26/2025 17:19:33	bboard	4	0	    HybControls          => 0x7fe0171647e0(1)
12/26/2025 17:19:33	bboard	4	0	    ProbeSetVector       => 0x7fe017164a50(1)
12/26/2025 17:19:33	bboard	4	0	    SNPSketch            => 0x7fe017164ea0(1)
12/26/2025 17:19:34	bboard	4	295	    AnnotationInformation => 0x7fe0097d9f70(1)
12/26/2025 17:19:34	bboard	4	295	    AntigenomicProbes    => 0x7fe0171651a0(1)
12/26/2025 17:19:34	bboard	4	295	    CNSketch             => 0x7fe0171536c0(1)
12/26/2025 17:19:34	bboard	4	295	    CovariateOptions     => 0x7fe0097d7c20(1)
12/26/2025 17:19:34	bboard	4	295	    ExperimentVector     => 0x7fe013f4e040(1)
12/26/2025 17:19:34	bboard	4	295	    HybControls          => 0x7fe0171647e0(1)
12/26/2025 17:19:34	bboard	4	295	    ProbeSetVector       => 0x7fe017164a50(1)
12/26/2025 17:19:34	bboard	4	295	    ProbeVector          => 0x7fe009812340(1)
12/26/2025 17:19:34	bboard	4	295	    SNPSketch            => 0x7fe017164ea0(1)
12/26/2025 17:19:34	bboard	4	295	    AnnotationInformation => 0x7fe0097d9f70(1)
12/26/2025 17:19:34	bboard	4	295	    AntigenomicProbes    => 0x7fe0171651a0(1)
12/26/2025 17:19:34	bboard	4	295	    CNSketch             => 0x7fe0171536c0(1)
12/26/2025 17:19:34	bboard	4	295	    CovariateOptions     => 0x7fe0097d7c20(1)
12/26/2025 17:19:34	bboard	4	295	    ExperimentVector     => 0x7fe013f4e040(1)
12/26/2025 17:19:34	bboard	4	295	    HybControls          => 0x7fe0171647e0(1)
12/26/2025 17:19:34	bboard	4	295	    ProbeSetVector       => 0x7fe017164a50(1)
12/26/2025 17:19:34	bboard	4	295	    ProbeVector          => 0x7fe009812340(1)
12/26/2025 17:19:34	bboard	4	295	    SNPSketch            => 0x7fe017164ea0(1)
12/26/2025 17:19:34	bboard	4	295	    XProbeIds            => 0x7fe0111bcb30(1)
12/26/2025 17:19:34	bboard	4	295	    AnnotationInformation => 0x7fe0097d9f70(1)
12/26/2025 17:19:34	bboard	4	295	    AntigenomicProbes    => 0x7fe0171651a0(1)
12/26/2025 17:19:34	bboard	4	295	    CNSketch             => 0x7fe0171536c0(1)
12/26/2025 17:19:34	bboard	4	295	    CovariateOptions     => 0x7fe0097d7c20(1)
12/26/2025 17:19:34	bboard	4	295	    ExperimentVector     => 0x7fe013f4e040(1)
12/26/2025 17:19:34	bboard	4	295	    HybControls          => 0x7fe0171647e0(1)
12/26/2025 17:19:34	bboard	4	295	    ProbeSetVector       => 0x7fe017164a50(1)
12/26/2025 17:19:34	bboard	4	295	    ProbeVector          => 0x7fe009812340(1)
12/26/2025 17:19:34	bboard	4	295	    SNPSketch            => 0x7fe017164ea0(1)
12/26/2025 17:19:34	bboard	4	295	    XProbeIds            => 0x7fe0111bcb30(1)
12/26/2025 17:19:34	bboard	4	295	    XProbeSetNames       => 0x7fe0097d8a30(1)
12/26/2025 17:19:34	dset	3	295	Dset::File::open('/Library/Frameworks/R.framework/Versions/4.1/Resources/library/OncoScan.na33.r4/apt/res//OncoScan.r1.chrXprobes',2,2)
12/26/2025 17:19:34	dset	1	295	Dset::IO_TsvFile::openFile('/Library/Frameworks/R.framework/Versions/4.1/Resources/library/OncoScan.na33.r4/apt/res//OncoScan.r1.chrXprobes',2)
12/26/2025 17:19:34	dset	4	295	Dset::IO_TsvFile::fstream_push(0x7ff7bbd83158)
12/26/2025 17:19:35	EVENT_WARN	1	429	Dset::IO_TsvFile::fstream_read_line - read failed - skipping
12/26/2025 17:19:35	dset	1	429	expected -1 lines, read 67266 lines!
12/26/2025 17:19:35	dset	4	429	Dset::IO_TsvFile::fstream_pop(0x7ff7bbd83158)
12/26/2025 17:19:35	bboard	4	429	    AnnotationInformation => 0x7fe0097d9f70(1)
12/26/2025 17:19:35	bboard	4	429	    AntigenomicProbes    => 0x7fe0171651a0(1)
12/26/2025 17:19:35	bboard	4	429	    CNSketch             => 0x7fe0171536c0(1)
12/26/2025 17:19:35	bboard	4	429	    CovariateOptions     => 0x7fe0097d7c20(1)
12/26/2025 17:19:35	bboard	4	429	    ExperimentVector     => 0x7fe013f4e040(1)
12/26/2025 17:19:35	bboard	4	429	    HybControls          => 0x7fe0171647e0(1)
12/26/2025 17:19:35	bboard	4	429	    ProbeSetVector       => 0x7fe017164a50(1)
12/26/2025 17:19:35	bboard	4	429	    ProbeVector          => 0x7fe009812340(1)
12/26/2025 17:19:35	bboard	4	429	    SNPSketch            => 0x7fe017164ea0(1)
12/26/2025 17:19:35	bboard	4	429	    XProbeIds            => 0x7fe0111bcb30(1)
12/26/2025 17:19:35	bboard	4	429	    XProbeSetNames       => 0x7fe0097d8a30(1)
12/26/2025 17:19:35	bboard	4	429	    YProbeIds            => 0x7fe009812400(1)
12/26/2025 17:19:35	bboard	4	429	    AnnotationInformation => 0x7fe0097d9f70(1)
12/26/2025 17:19:35	bboard	4	429	    AntigenomicProbes    => 0x7fe0171651a0(1)
12/26/2025 17:19:35	bboard	4	429	    CNSketch             => 0x7fe0171536c0(1)
12/26/2025 17:19:35	bboard	4	429	    CovariateOptions     => 0x7fe0097d7c20(1)
12/26/2025 17:19:35	bboard	4	429	    ExperimentVector     => 0x7fe013f4e040(1)
12/26/2025 17:19:35	bboard	4	429	    HybControls          => 0x7fe0171647e0(1)
12/26/2025 17:19:35	bboard	4	429	    ProbeSetVector       => 0x7fe017164a50(1)
12/26/2025 17:19:35	bboard	4	429	    ProbeVector          => 0x7fe009812340(1)
12/26/2025 17:19:35	bboard	4	429	    SNPSketch            => 0x7fe017164ea0(1)
12/26/2025 17:19:35	bboard	4	429	    XProbeIds            => 0x7fe0111bcb30(1)
12/26/2025 17:19:35	bboard	4	429	    XProbeSetNames       => 0x7fe0097d8a30(1)
12/26/2025 17:19:35	bboard	4	429	    YProbeIds            => 0x7fe009812400(1)
12/26/2025 17:19:35	bboard	4	429	    YProbeSetNames       => 0x7fe01100e720(1)
12/26/2025 17:19:35	dset	3	429	Dset::File::open('/Library/Frameworks/R.framework/Versions/4.1/Resources/library/OncoScan.na33.r4/apt/res//OncoScan.r1.chrYprobes',2,2)
12/26/2025 17:19:35	dset	1	429	Dset::IO_TsvFile::openFile('/Library/Frameworks/R.framework/Versions/4.1/Resources/library/OncoScan.na33.r4/apt/res//OncoScan.r1.chrYprobes',2)
12/26/2025 17:19:35	dset	4	429	Dset::IO_TsvFile::fstream_push(0x7ff7bbd83158)
12/26/2025 17:19:35	EVENT_WARN	1	429	Dset::IO_TsvFile::fstream_read_line - read failed - skipping
12/26/2025 17:19:35	dset	1	429	expected -1 lines, read 3684 lines!
12/26/2025 17:19:35	dset	4	429	Dset::IO_TsvFile::fstream_pop(0x7ff7bbd83158)
12/26/2025 17:19:35	dset	3	429	Dset::File::open('/Users/elizakishan/Documents/Analysis/LabData/ReprocessedLMS/10_CAD_9357_LMS_Rec5/10_CAD_9357_LMS_Rec5_pairs.txt',2,2)
12/26/2025 17:19:35	dset	1	429	Dset::IO_TsvFile::openFile('/Users/elizakishan/Documents/Analysis/LabData/ReprocessedLMS/10_CAD_9357_LMS_Rec5/10_CAD_9357_LMS_Rec5_pairs.txt',2)
12/26/2025 17:19:35	dset	4	429	Dset::IO_TsvFile::fstream_push(0x7ff7bbd82b58)
12/26/2025 17:19:35	EVENT_WARN	1	429	Dset::IO_TsvFile::fstream_read_line - read failed - skipping
12/26/2025 17:19:35	dset	1	429	expected -1 lines, read 1 lines!
12/26/2025 17:19:35	dset	4	429	Dset::IO_TsvFile::fstream_pop(0x7ff7bbd82b58)
12/26/2025 17:19:35	dset	3	429	Dset::File::open('/Users/elizakishan/Documents/Analysis/LabData/ReprocessedLMS/10_CAD_9357_LMS_Rec5/temp/combined-cels/a520780-00-982401-053118-4306645-94901.10_CAD_9357_LMS_Rec5.CEL',64,4)
12/26/2025 17:19:35	dset	3	429	Dset::File::open('/Users/elizakishan/Documents/Analysis/LabData/LMS_SNP_EPIC_array_data/SNP_array_data_LMS/CEL_files/a520780-00-982401-053118-4306645-94901.CEL',2,4)
12/26/2025 17:19:35	io-calvin	1	429	read_file("/Users/elizakishan/Documents/Analysis/LabData/LMS_SNP_EPIC_array_data/SNP_array_data_LMS/CEL_files/a520780-00-982401-053118-4306645-94901.CEL")
12/26/2025 17:19:35	dset	3	429	Dset::File::open('/Users/elizakishan/Documents/Analysis/LabData/LMS_SNP_EPIC_array_data/SNP_array_data_LMS/CEL_files/a520780-00-982412-053118-4306645-05348.CEL',2,4)
12/26/2025 17:19:35	io-calvin	1	429	read_file("/Users/elizakishan/Documents/Analysis/LabData/LMS_SNP_EPIC_array_data/SNP_array_data_LMS/CEL_files/a520780-00-982412-053118-4306645-05348.CEL")
12/26/2025 17:19:35	dset	3	429	Changing 'affymetrix-array-type' to 'DTYPE_STRING16'
12/26/2025 17:19:35	dset	3	429	Changing 'affymetrix-array-type' to 'DTYPE_STRING16'
12/26/2025 17:19:35	dset	3	429	Dset::File::open('/Library/Frameworks/R.framework/Versions/4.1/Resources/library/OncoScan.na33.r4/apt/res//OncoScan.FFPE.na33.r1.REF_MODEL',2,5)
12/26/2025 17:19:36	dset	3	429	Dset::File::open('/Library/Frameworks/R.framework/Versions/4.1/Resources/library/OncoScan.na33.r4/apt/res//OncoScan.FFPE.na33.r1.REF_MODEL',2,5)
12/26/2025 17:19:36	bboard	4	654	    AnnotationInformation => 0x7fe0097d9f70(1)
12/26/2025 17:19:36	bboard	4	654	    AntigenomicProbes    => 0x7fe0171651a0(1)
12/26/2025 17:19:36	bboard	4	654	    BafFldWeights        => 0x7fe0097d8a90(1)
12/26/2025 17:19:36	bboard	4	654	    CNSketch             => 0x7fe0171536c0(1)
12/26/2025 17:19:36	bboard	4	654	    CovariateOptions     => 0x7fe0097d7c20(1)
12/26/2025 17:19:36	bboard	4	654	    ExperimentVector     => 0x7fe013f4e040(1)
12/26/2025 17:19:36	bboard	4	654	    HybControls          => 0x7fe0171647e0(1)
12/26/2025 17:19:36	bboard	4	654	    ProbeSetVector       => 0x7fe017164a50(1)
12/26/2025 17:19:36	bboard	4	654	    ProbeVector          => 0x7fe009812340(1)
12/26/2025 17:19:36	bboard	4	654	    SNPSketch            => 0x7fe017164ea0(1)
12/26/2025 17:19:36	bboard	4	654	    XProbeIds            => 0x7fe0111bcb30(1)
12/26/2025 17:19:36	bboard	4	654	    XProbeSetNames       => 0x7fe0097d8a30(1)
12/26/2025 17:19:36	bboard	4	654	    YProbeIds            => 0x7fe009812400(1)
12/26/2025 17:19:36	bboard	4	654	    YProbeSetNames       => 0x7fe01100e720(1)
12/26/2025 17:19:36	bboard	4	654	    AnnotationInformation => 0x7fe0097d9f70(1)
12/26/2025 17:19:36	bboard	4	654	    AntigenomicProbes    => 0x7fe0171651a0(1)
12/26/2025 17:19:36	bboard	4	654	    BafFldWeights        => 0x7fe0097d8a90(1)
12/26/2025 17:19:36	bboard	4	654	    CNSketch             => 0x7fe0171536c0(1)
12/26/2025 17:19:36	bboard	4	654	    CovariateOptions     => 0x7fe0097d7c20(1)
12/26/2025 17:19:36	bboard	4	654	    ExperimentVector     => 0x7fe013f4e040(1)
12/26/2025 17:19:36	bboard	4	654	    HybControls          => 0x7fe0171647e0(1)
12/26/2025 17:19:36	bboard	4	654	    ProbeSetVector       => 0x7fe017164a50(1)
12/26/2025 17:19:36	bboard	4	654	    ProbeVector          => 0x7fe009812340(1)
12/26/2025 17:19:36	bboard	4	654	    ReferenceHeader      => 0x7fe013b5dd80(1)
12/26/2025 17:19:36	bboard	4	654	    SNPSketch            => 0x7fe017164ea0(1)
12/26/2025 17:19:36	bboard	4	654	    XProbeIds            => 0x7fe0111bcb30(1)
12/26/2025 17:19:36	bboard	4	654	    XProbeSetNames       => 0x7fe0097d8a30(1)
12/26/2025 17:19:36	bboard	4	654	    YProbeIds            => 0x7fe009812400(1)
12/26/2025 17:19:36	bboard	4	654	    YProbeSetNames       => 0x7fe01100e720(1)
12/26/2025 17:19:36	bb_memory,LOG	4	654	Memory before deleting XProbeSetNames: Curr mem=686481408 Max mem=686485504
12/26/2025 17:19:36	bb_memory,LOG	4	654	Memory after deleting XProbeSetNames: Curr mem=686481408 Max mem=686485504
12/26/2025 17:19:36	LOG,INFO,GUI	1	654	CopynumberOncoNodeLibraryFile::doRunAll(...) stop: Runtime: 3.46 seconds.
12/26/2025 17:19:36	LOG,INFO,GUI	1	654	CopynumberOncoNodeExperiments::doRunAll(...) start
12/26/2025 17:19:36	info,LOG	1	654	1
12/26/2025 17:19:36	LOG,INFO,GUI	1	654	CopynumberOncoNodeCelReader::doRunAll(...) start
12/26/2025 17:19:36	bboard	4	654	    AnnotationInformation => 0x7fe0097d9f70(1)
12/26/2025 17:19:36	bboard	4	654	    AntigenomicProbes    => 0x7fe0171651a0(1)
12/26/2025 17:19:36	bboard	4	654	    AntigenomicRatioDenominatorProbes => 0x7fe01773dcc0(1)
12/26/2025 17:19:36	bboard	4	654	    BafFldWeights        => 0x7fe0097d8a90(1)
12/26/2025 17:19:36	bboard	4	654	    CNSketch             => 0x7fe0171536c0(1)
12/26/2025 17:19:36	bboard	4	654	    CovariateOptions     => 0x7fe0097d7c20(1)
12/26/2025 17:19:36	bboard	4	654	    ExperimentVector     => 0x7fe013f4e040(1)
12/26/2025 17:19:36	bboard	4	654	    HybControls          => 0x7fe0171647e0(1)
12/26/2025 17:19:36	bboard	4	654	    ProbeSetVector       => 0x7fe017164a50(1)
12/26/2025 17:19:36	bboard	4	654	    ProbeVector          => 0x7fe009812340(1)
12/26/2025 17:19:36	bboard	4	654	    ReferenceHeader      => 0x7fe013b5dd80(1)
12/26/2025 17:19:36	bboard	4	654	    SNPSketch            => 0x7fe017164ea0(1)
12/26/2025 17:19:36	bboard	4	654	    XProbeIds            => 0x7fe0111bcb30(1)
12/26/2025 17:19:36	bboard	4	654	    YProbeIds            => 0x7fe009812400(1)
12/26/2025 17:19:36	bboard	4	654	    YProbeSetNames       => 0x7fe01100e720(1)
12/26/2025 17:19:36	dset	3	654	Dset::File::open('/Users/elizakishan/Documents/Analysis/LabData/ReprocessedLMS/10_CAD_9357_LMS_Rec5/temp/combined-cels/a520780-00-982401-053118-4306645-94901.10_CAD_9357_LMS_Rec5.CEL',2,4)
12/26/2025 17:19:36	io-calvin	1	654	read_file("/Users/elizakishan/Documents/Analysis/LabData/ReprocessedLMS/10_CAD_9357_LMS_Rec5/temp/combined-cels/a520780-00-982401-053118-4306645-94901.10_CAD_9357_LMS_Rec5.CEL")
12/26/2025 17:19:37	dset	3	441	Dset::File::open('/Library/Frameworks/R.framework/Versions/4.1/Resources/library/OncoScan.na33.r4/apt/res//OncoScan.r1.snplist.txt',2,2)
12/26/2025 17:19:37	dset	1	441	Dset::IO_TsvFile::openFile('/Library/Frameworks/R.framework/Versions/4.1/Resources/library/OncoScan.na33.r4/apt/res//OncoScan.r1.snplist.txt',2)
12/26/2025 17:19:37	dset	4	441	Dset::IO_TsvFile::fstream_push(0x7ff7bbd826c8)
12/26/2025 17:19:37	EVENT_WARN	1	441	Dset::IO_TsvFile::fstream_read_line - read failed - skipping
12/26/2025 17:19:37	dset	1	441	expected -1 lines, read 10000 lines!
12/26/2025 17:19:37	dset	4	441	Dset::IO_TsvFile::fstream_pop(0x7ff7bbd826c8)
12/26/2025 17:19:38	bb_memory,LOG	4	363	Memory before deleting AntigenomicProbes: Curr mem=380772352 Max mem=686485504
12/26/2025 17:19:38	bb_memory,LOG	4	363	Memory after deleting AntigenomicProbes: Curr mem=380641280 Max mem=686485504
12/26/2025 17:19:38	bb_memory,LOG	4	363	Memory before deleting HybControls: Curr mem=380641280 Max mem=686485504
12/26/2025 17:19:38	bb_memory,LOG	4	363	Memory after deleting HybControls: Curr mem=380641280 Max mem=686485504
12/26/2025 17:19:38	bb_memory,LOG	4	363	Memory before deleting AntigenomicRatioDenominatorProbes: Curr mem=380641280 Max mem=686485504
12/26/2025 17:19:38	bb_memory,LOG	4	363	Memory after deleting AntigenomicRatioDenominatorProbes: Curr mem=380641280 Max mem=686485504
12/26/2025 17:19:38	LOG,INFO,GUI	1	363	CopynumberOncoNodeCelReader::doRunAll(...) stop: Runtime: 1.45 seconds.
12/26/2025 17:19:38	LOG,INFO,GUI	1	363	CopynumberOncoNodeGenderRawIntensity::doRunAll(...) start
12/26/2025 17:19:38	LOG,INFO,GUI	1	363	a520780-00-982401-053118-4306645-94901.10_CAD_9357_LMS_Rec5.CEL gender female
12/26/2025 17:19:38	info,LOG	1	363	Gender call for sample a520780-00-982401-053118-4306645-94901.10_CAD_9357_LMS_Rec5.CEL: meanY=76.8624; meanX=724.6; ratio=0.106076
12/26/2025 17:19:38	bb_memory,LOG	4	363	Memory before deleting XProbeIds: Curr mem=380641280 Max mem=686485504
12/26/2025 17:19:38	bb_memory,LOG	4	363	Memory after deleting XProbeIds: Curr mem=380641280 Max mem=686485504
12/26/2025 17:19:38	bb_memory,LOG	4	363	Memory before deleting YProbeIds: Curr mem=380641280 Max mem=686485504
12/26/2025 17:19:38	bb_memory,LOG	4	363	Memory after deleting YProbeIds: Curr mem=380641280 Max mem=686485504
12/26/2025 17:19:38	LOG,INFO,GUI	1	363	CopynumberOncoNodeGenderRawIntensity::doRunAll(...) stop: Runtime: 0.07 seconds.
12/26/2025 17:19:38	LOG,INFO,GUI	1	363	CopynumberOncoNodeNormalDiploidIterator::doRunAll(...) start
12/26/2025 17:19:38	LOG,INFO,GUI	1	363	CopynumberOncoNodeNormalDiploidSwitch::doRunAll(...) start
12/26/2025 17:19:38	LOG,INFO,GUI	1	363	CopynumberOncoNodeCovariateIntensityAdjuster::doRunAll(...) start
12/26/2025 17:19:39	LOG,INFO,GUI	1	365	CopynumberOncoNodeCovariateIntensityAdjuster::doRunAll(...) stop: Runtime: 1.65 seconds.
12/26/2025 17:19:39	LOG,INFO,GUI	1	365	CopynumberOncoNodeNormalization::doRunAll(...) start
12/26/2025 17:19:39	info,LOG	1	362	CopynumberOncoNodeNormalization - SNPSketch-AT probes used in sketch = 617367
12/26/2025 17:19:39	info,LOG	1	363	CopynumberOncoNodeNormalization  - SNPSketch-AT probes normalized = 652833
12/26/2025 17:19:39	info,LOG	1	363	CopynumberOncoNodeNormalization - CNSketch-AT probes used in sketch = 0
12/26/2025 17:19:39	info,LOG	1	363	CopynumberOncoNodeNormalization  - CNSketch-AT probes normalized = 0
12/26/2025 17:19:39	info,LOG	1	363	CopynumberOncoNodeNormalization - SNPSketch-GC probes used in sketch = 617367
12/26/2025 17:19:40	info,LOG	1	363	CopynumberOncoNodeNormalization  - SNPSketch-GC probes normalized = 652833
12/26/2025 17:19:40	info,LOG	1	363	CopynumberOncoNodeNormalization - CNSketch-GC probes used in sketch = 0
12/26/2025 17:19:40	info,LOG	1	363	CopynumberOncoNodeNormalization  - CNSketch-GC probes normalized = 0
12/26/2025 17:19:40	LOG,INFO,GUI	1	363	CopynumberOncoNodeNormalization::doRunAll(...) stop: Runtime: 0.42 seconds.
12/26/2025 17:19:40	LOG,INFO,GUI	1	363	CopynumberOncoNodeSummarization::doRunAll(...) start
12/26/2025 17:19:42	LOG,INFO,GUI	1	353	CopynumberOncoNodeSummarization::doRunAll(...) stop: Runtime: 2.10 seconds.
12/26/2025 17:19:42	LOG,INFO,GUI	1	353	CopynumberOncoNodeAllelicDifference::doRunAll(...) start
12/26/2025 17:19:42	LOG,INFO,GUI	1	321	CopynumberOncoNodeAllelicDifference::doRunAll(...) stop: Runtime: 0.02 seconds.
12/26/2025 17:19:42	LOG,INFO,GUI	1	321	CopynumberOncoNodeLog2Ratio::doRunAll(...) start
12/26/2025 17:19:42	LOG,INFO,GUI	1	321	CopynumberOncoNodeLog2Ratio::doRunAll(...) stop: Runtime: 0.01 seconds.
12/26/2025 17:19:42	LOG,INFO,GUI	1	321	CopynumberOncoNodeNormalDiploidSwitch::doRunAll(...) stop: Runtime: 4.21 seconds.
12/26/2025 17:19:42	LOG,INFO,GUI	1	321	CopynumberOncoNodeNormalDiploidDetection::doRunAll(...) start
12/26/2025 17:19:45	info,LOG	1	392	medLog2RatioLowPercentileND = 0.015000
12/26/2025 17:19:45	info,LOG	1	392	v.size() = 1756
12/26/2025 17:19:45	info,LOG	1	392	LowM = -0.520616
12/26/2025 17:19:45	info,LOG	1	392	medLog2RatioLowPercentileND = 0.015000
12/26/2025 17:19:45	info,LOG	1	392	v.size() = 86
12/26/2025 17:19:45	info,LOG	1	392	normal diploid count = 3440 / 217611
12/26/2025 17:19:45	LOG,INFO,GUI	1	392	CopynumberOncoNodeNormalDiploidDetection::doRunAll(...) stop: Runtime: 3.20 seconds.
12/26/2025 17:19:45	LOG,INFO,GUI	1	392	CopynumberOncoNodeNormalDiploidSwitch::doRunAll(...) start
12/26/2025 17:19:45	LOG,INFO,GUI	1	392	CopynumberOncoNodeCovariateIntensityAdjuster::doRunAll(...) start
12/26/2025 17:19:47	LOG,INFO,GUI	1	425	CopynumberOncoNodeCovariateIntensityAdjuster::doRunAll(...) stop: Runtime: 1.64 seconds.
12/26/2025 17:19:47	LOG,INFO,GUI	1	425	CopynumberOncoNodeNormalization::doRunAll(...) start
12/26/2025 17:19:47	info,LOG	1	425	CopynumberOncoNodeNormalization - SNPSketch-AT probes used in sketch = 10320
12/26/2025 17:19:47	info,LOG	1	424	CopynumberOncoNodeNormalization  - SNPSketch-AT probes normalized = 652833
12/26/2025 17:19:47	info,LOG	1	419	CopynumberOncoNodeNormalization - CNSketch-AT probes used in sketch = 0
12/26/2025 17:19:47	info,LOG	1	419	CopynumberOncoNodeNormalization  - CNSketch-AT probes normalized = 0
12/26/2025 17:19:47	info,LOG	1	419	CopynumberOncoNodeNormalization - SNPSketch-GC probes used in sketch = 10320
12/26/2025 17:19:47	info,LOG	1	419	CopynumberOncoNodeNormalization  - SNPSketch-GC probes normalized = 652833
12/26/2025 17:19:47	info,LOG	1	419	CopynumberOncoNodeNormalization - CNSketch-GC probes used in sketch = 0
12/26/2025 17:19:47	info,LOG	1	419	CopynumberOncoNodeNormalization  - CNSketch-GC probes normalized = 0
12/26/2025 17:19:47	bb_memory,LOG	4	419	Memory before deleting CNSketch: Curr mem=439947264 Max mem=686485504
12/26/2025 17:19:47	bb_memory,LOG	4	419	Memory after deleting CNSketch: Curr mem=439947264 Max mem=686485504
12/26/2025 17:19:47	LOG,INFO,GUI	1	419	CopynumberOncoNodeNormalization::doRunAll(...) stop: Runtime: 0.29 seconds.
12/26/2025 17:19:47	LOG,INFO,GUI	1	419	CopynumberOncoNodeSummarization::doRunAll(...) start
12/26/2025 17:19:49	LOG,INFO,GUI	1	417	CopynumberOncoNodeSummarization::doRunAll(...) stop: Runtime: 2.04 seconds.
12/26/2025 17:19:49	LOG,INFO,GUI	1	417	CopynumberOncoNodeAllelicDifference::doRunAll(...) start
12/26/2025 17:19:49	LOG,INFO,GUI	1	381	CopynumberOncoNodeAllelicDifference::doRunAll(...) stop: Runtime: 0.03 seconds.
12/26/2025 17:19:49	LOG,INFO,GUI	1	381	CopynumberOncoNodeLog2Ratio::doRunAll(...) start
12/26/2025 17:19:49	LOG,INFO,GUI	1	381	CopynumberOncoNodeLog2Ratio::doRunAll(...) stop: Runtime: 0.01 seconds.
12/26/2025 17:19:49	LOG,INFO,GUI	1	381	CopynumberOncoNodeNormalDiploidSwitch::doRunAll(...) stop: Runtime: 4.01 seconds.
12/26/2025 17:19:49	LOG,INFO,GUI	1	381	CopynumberOncoNodeNormalDiploidDetection::doRunAll(...) start
12/26/2025 17:19:49	LOG,INFO,GUI	1	381	CopynumberOncoNodeNormalDiploidDetection::doRunAll(...) stop: Runtime: 0.00 seconds.
12/26/2025 17:19:49	dset	3	381	Dset::File::open('/Library/Frameworks/R.framework/Versions/4.1/Resources/library/OncoScan.na33.r4/apt/res//OncoScan.r1.snplist.txt',2,2)
12/26/2025 17:19:49	dset	1	381	Dset::IO_TsvFile::openFile('/Library/Frameworks/R.framework/Versions/4.1/Resources/library/OncoScan.na33.r4/apt/res//OncoScan.r1.snplist.txt',2)
12/26/2025 17:19:49	dset	4	381	Dset::IO_TsvFile::fstream_push(0x7ff7bbd83138)
12/26/2025 17:19:49	EVENT_WARN	1	381	Dset::IO_TsvFile::fstream_read_line - read failed - skipping
12/26/2025 17:19:49	dset	1	381	expected -1 lines, read 10000 lines!
12/26/2025 17:19:49	dset	4	381	Dset::IO_TsvFile::fstream_pop(0x7ff7bbd83138)
12/26/2025 17:19:50	LOG,INFO,GUI	1	381	CopynumberOncoNodeNormalDiploidIterator::doRunAll(...) stop: Runtime: 12.13 seconds.
12/26/2025 17:19:50	LOG,INFO,GUI	1	381	CopynumberOncoNodeXYSignalGender::doRunAll(...) start
12/26/2025 17:19:50	info,LOG	1	381	CopynumberOncoNodeXYSignalGender::doRun()\ta520780-00-982401-053118-4306645-94901.10_CAD_9357_LMS_Rec5.CEL\tXXRatio\t0.680647\tYRatio\t0.071630\tX
12/26/2025 17:19:50	LOG,INFO,GUI	1	381	CopynumberOncoNodeXYSignalGender::doRunAll(...) stop: Runtime: 0.03 seconds.
12/26/2025 17:19:50	LOG,INFO,GUI	1	381	CopynumberOncoNodeLog2RatioAdjusterImage::doRunAll(...) start
12/26/2025 17:19:50	LOG,INFO,GUI	1	381	CopynumberOncoNodeLog2RatioAdjusterImage::doRunAll(...) stop: Runtime: 0.02 seconds.
12/26/2025 17:19:50	LOG,INFO,GUI	1	381	CopynumberOncoNodeLog2RatioAdjusterCovariate::doRunAll(...) start
12/26/2025 17:19:50	LOG,INFO,GUI	1	381	CopynumberOncoNodeLog2RatioAdjusterCovariate::doRunAll(...) stop: Runtime: 0.09 seconds.
12/26/2025 17:19:50	LOG,INFO,GUI	1	381	CopynumberOncoNodeLog2RatioAdjusterWave::doRunAll(...) start
12/26/2025 17:19:50	dset	3	371	Dset::File::open('/Library/Frameworks/R.framework/Versions/4.1/Resources/library/OncoScan.na33.r4/apt/res//OncoScan.FFPE.na33.r1.REF_MODEL',2,5)
12/26/2025 17:19:51	info,LOG	1	545	The number of waves used for wave-correction is: 6
12/26/2025 17:19:52	LOG,INFO,GUI	1	545	CopynumberOncoNodeLog2RatioAdjusterWave::doRunAll(...) stop: Runtime: 2.32 seconds.
12/26/2025 17:19:52	LOG,INFO,GUI	1	545	CopynumberOncoNodeLog2RatioAdjusterYTarget::doRunAll(...) start
12/26/2025 17:19:53	LOG,INFO,GUI	1	421	CopynumberOncoNodeLog2RatioAdjusterYTarget::doRunAll(...) stop: Runtime: 0.74 seconds.
12/26/2025 17:19:53	LOG,INFO,GUI	1	421	CopynumberOncoNodeBAF::doRunAll(...) start
12/26/2025 17:19:53	LOG,INFO,GUI	1	421	CopynumberOncoNodeBAF::doRunAll(...) stop: Runtime: 0.01 seconds.
12/26/2025 17:19:53	LOG,INFO,GUI	1	421	CopynumberOncoNodeAllelePeaksBaf::doRunAll(...) start
12/26/2025 17:19:56	bb_memory,LOG	4	435	Memory before deleting BafFldWeights: Curr mem=456441856 Max mem=686485504
12/26/2025 17:19:56	bb_memory,LOG	4	435	Memory after deleting BafFldWeights: Curr mem=456441856 Max mem=686485504
12/26/2025 17:19:56	LOG,INFO,GUI	1	435	CopynumberOncoNodeAllelePeaksBaf::doRunAll(...) stop: Runtime: 2.75 seconds.
12/26/2025 17:19:56	LOG,INFO,GUI	1	435	CopynumberOncoNodeSNPQC::doRunAll(...) start
12/26/2025 17:19:56	dset	3	435	Dset::File::open('/Library/Frameworks/R.framework/Versions/4.1/Resources/library/OncoScan.na33.r4/apt/res//OncoScan.FFPE.na33.r1.REF_MODEL',2,5)
12/26/2025 17:19:56	dset	3	435	Dset::File::open('/Library/Frameworks/R.framework/Versions/4.1/Resources/library/OncoScan.na33.r4/apt/res//OncoScan.r1.snplist.txt',2,2)
12/26/2025 17:19:56	dset	1	435	Dset::IO_TsvFile::openFile('/Library/Frameworks/R.framework/Versions/4.1/Resources/library/OncoScan.na33.r4/apt/res//OncoScan.r1.snplist.txt',2)
12/26/2025 17:19:56	dset	4	435	Dset::IO_TsvFile::fstream_push(0x7ff7bbd82ec8)
12/26/2025 17:19:56	EVENT_WARN	1	435	Dset::IO_TsvFile::fstream_read_line - read failed - skipping
12/26/2025 17:19:56	dset	1	435	expected -1 lines, read 10000 lines!
12/26/2025 17:19:56	dset	4	435	Dset::IO_TsvFile::fstream_pop(0x7ff7bbd82ec8)
12/26/2025 17:19:56	LOG,INFO,GUI	1	435	CopynumberOncoNodeSNPQC::doRunAll(...) stop: Runtime: 0.76 seconds.
12/26/2025 17:19:56	LOG,INFO,GUI	1	435	CopynumberOncoNodeTUSCAN::doRunAll(...) start
12/26/2025 17:19:56	bboard	4	435	    AnnotationInformation => 0x7fe0097d9f70(1)
12/26/2025 17:19:56	bboard	4	435	    CovariateOptions     => 0x7fe0097d7c20(1)
12/26/2025 17:19:56	bboard	4	435	    ExperimentVector     => 0x7fe013f4e040(1)
12/26/2025 17:19:56	bboard	4	435	    ProbeSetVector       => 0x7fe017164a50(1)
12/26/2025 17:19:56	bboard	4	435	    ProbeVector          => 0x7fe009812340(1)
12/26/2025 17:19:56	bboard	4	435	    ReferenceHeader      => 0x7fe013b5dd80(1)
12/26/2025 17:19:56	bboard	4	435	    SNPSketch            => 0x7fe017164ea0(1)
12/26/2025 17:19:56	bboard	4	435	    TuScanAltModes       => 0x7fe014b1d6f0(1)
12/26/2025 17:19:56	bboard	4	435	    YProbeSetNames       => 0x7fe01100e720(1)
12/26/2025 17:19:56	LOG,INFO,GUI	1	435	CopynumberOncoNodeTUSCANSwitch::doRunAll(...) start
12/26/2025 17:19:56	LOG,INFO,GUI	1	435	CopynumberOncoNodeTUSCANHomHet::doRunAll(...) start
12/26/2025 17:19:57	bboard	4	570	    AnnotationInformation => 0x7fe0097d9f70(1)
12/26/2025 17:19:57	bboard	4	570	    CovariateOptions     => 0x7fe0097d7c20(1)
12/26/2025 17:19:57	bboard	4	570	    ExperimentVector     => 0x7fe013f4e040(1)
12/26/2025 17:19:57	bboard	4	570	    ProbeSetVector       => 0x7fe017164a50(1)
12/26/2025 17:19:57	bboard	4	570	    ProbeVector          => 0x7fe009812340(1)
12/26/2025 17:19:57	bboard	4	570	    ReferenceHeader      => 0x7fe013b5dd80(1)
12/26/2025 17:19:57	bboard	4	570	    SNPSketch            => 0x7fe017164ea0(1)
12/26/2025 17:19:57	bboard	4	570	    TuScanAltModes       => 0x7fe014b1d6f0(1)
12/26/2025 17:19:57	bboard	4	570	    ValidL2rIndices      => 0x7fe0177fd7f0(1)
12/26/2025 17:19:57	bboard	4	570	    YProbeSetNames       => 0x7fe01100e720(1)
12/26/2025 17:19:57	bboard	4	570	    AnnotationInformation => 0x7fe0097d9f70(1)
12/26/2025 17:19:57	bboard	4	570	    BAFvector            => 0x7fe0177fffe0(1)
12/26/2025 17:19:57	bboard	4	570	    CovariateOptions     => 0x7fe0097d7c20(1)
12/26/2025 17:19:57	bboard	4	570	    ExperimentVector     => 0x7fe013f4e040(1)
12/26/2025 17:19:57	bboard	4	570	    ProbeSetVector       => 0x7fe017164a50(1)
12/26/2025 17:19:57	bboard	4	570	    ProbeVector          => 0x7fe009812340(1)
12/26/2025 17:19:57	bboard	4	570	    ReferenceHeader      => 0x7fe013b5dd80(1)
12/26/2025 17:19:57	bboard	4	570	    SNPSketch            => 0x7fe017164ea0(1)
12/26/2025 17:19:57	bboard	4	570	    TuScanAltModes       => 0x7fe014b1d6f0(1)
12/26/2025 17:19:57	bboard	4	570	    ValidL2rIndices      => 0x7fe0177fd7f0(1)
12/26/2025 17:19:57	bboard	4	570	    YProbeSetNames       => 0x7fe01100e720(1)
12/26/2025 17:19:57	bboard	4	570	    AnnotationInformation => 0x7fe0097d9f70(1)
12/26/2025 17:19:57	bboard	4	570	    BAFvector            => 0x7fe0177fffe0(1)
12/26/2025 17:19:57	bboard	4	570	    BAFweights           => 0x7fe0177eb7a0(1)
12/26/2025 17:19:57	bboard	4	570	    CovariateOptions     => 0x7fe0097d7c20(1)
12/26/2025 17:19:57	bboard	4	570	    ExperimentVector     => 0x7fe013f4e040(1)
12/26/2025 17:19:57	bboard	4	570	    ProbeSetVector       => 0x7fe017164a50(1)
12/26/2025 17:19:57	bboard	4	570	    ProbeVector          => 0x7fe009812340(1)
12/26/2025 17:19:57	bboard	4	570	    ReferenceHeader      => 0x7fe013b5dd80(1)
12/26/2025 17:19:57	bboard	4	570	    SNPSketch            => 0x7fe017164ea0(1)
12/26/2025 17:19:57	bboard	4	570	    TuScanAltModes       => 0x7fe014b1d6f0(1)
12/26/2025 17:19:57	bboard	4	570	    ValidL2rIndices      => 0x7fe0177fd7f0(1)
12/26/2025 17:19:57	bboard	4	570	    YProbeSetNames       => 0x7fe01100e720(1)
12/26/2025 17:19:57	bboard	4	570	    AnnotationInformation => 0x7fe0097d9f70(1)
12/26/2025 17:19:57	bboard	4	570	    BAFvector            => 0x7fe0177fffe0(1)
12/26/2025 17:19:57	bboard	4	570	    BAFweights           => 0x7fe0177eb7a0(1)
12/26/2025 17:19:57	bboard	4	570	    CovariateOptions     => 0x7fe0097d7c20(1)
12/26/2025 17:19:57	bboard	4	570	    ExperimentVector     => 0x7fe013f4e040(1)
12/26/2025 17:19:57	bboard	4	570	    HomHetFlags          => 0x7fe017834ae0(1)
12/26/2025 17:19:57	bboard	4	570	    ProbeSetVector       => 0x7fe017164a50(1)
12/26/2025 17:19:57	bboard	4	570	    ProbeVector          => 0x7fe009812340(1)
12/26/2025 17:19:57	bboard	4	570	    ReferenceHeader      => 0x7fe013b5dd80(1)
12/26/2025 17:19:57	bboard	4	570	    SNPSketch            => 0x7fe017164ea0(1)
12/26/2025 17:19:57	bboard	4	570	    TuScanAltModes       => 0x7fe014b1d6f0(1)
12/26/2025 17:19:57	bboard	4	570	    ValidL2rIndices      => 0x7fe0177fd7f0(1)
12/26/2025 17:19:57	bboard	4	570	    YProbeSetNames       => 0x7fe01100e720(1)
12/26/2025 17:19:57	LOG,INFO,GUI	1	570	CopynumberOncoNodeTUSCANHomHet::doRunAll(...) stop: Runtime: 0.39 seconds.
12/26/2025 17:19:57	LOG,INFO,GUI	1	570	CopynumberOncoNodeTUSCANSegmenter::doRunAll(...) start
12/26/2025 17:19:57	bboard	4	570	    AnnotationInformation => 0x7fe0097d9f70(1)
12/26/2025 17:19:57	bboard	4	570	    BAFvector            => 0x7fe0177fffe0(1)
12/26/2025 17:19:57	bboard	4	570	    BAFweights           => 0x7fe0177eb7a0(1)
12/26/2025 17:19:57	bboard	4	570	    CovariateOptions     => 0x7fe0097d7c20(1)
12/26/2025 17:19:57	bboard	4	570	    ExperimentVector     => 0x7fe013f4e040(1)
12/26/2025 17:19:57	bboard	4	570	    HomHetFlags          => 0x7fe017834ae0(1)
12/26/2025 17:19:57	bboard	4	570	    ProbeSetVector       => 0x7fe017164a50(1)
12/26/2025 17:19:57	bboard	4	570	    ProbeVector          => 0x7fe009812340(1)
12/26/2025 17:19:57	bboard	4	570	    ReferenceHeader      => 0x7fe013b5dd80(1)
12/26/2025 17:19:57	bboard	4	570	    SNPSketch            => 0x7fe017164ea0(1)
12/26/2025 17:19:57	bboard	4	570	    TuScanAltModes       => 0x7fe014b1d6f0(1)
12/26/2025 17:19:57	bboard	4	570	    ValidL2rIndices      => 0x7fe0177fd7f0(1)
12/26/2025 17:19:57	bboard	4	570	    YProbeSetNames       => 0x7fe01100e720(1)
12/26/2025 17:19:57	bboard	4	570	    logrDataVector       => 0x7fe013f4d3a0(1)
12/26/2025 17:19:58	bboard	4	433	    AnnotationInformation => 0x7fe0097d9f70(1)
12/26/2025 17:19:58	bboard	4	433	    BAFvector            => 0x7fe0177fffe0(1)
12/26/2025 17:19:58	bboard	4	433	    BAFweights           => 0x7fe0177eb7a0(1)
12/26/2025 17:19:58	bboard	4	433	    CovariateOptions     => 0x7fe0097d7c20(1)
12/26/2025 17:19:58	bboard	4	433	    ExperimentVector     => 0x7fe013f4e040(1)
12/26/2025 17:19:58	bboard	4	433	    HomHetFlags          => 0x7fe017834ae0(1)
12/26/2025 17:19:58	bboard	4	433	    ProbeSetVector       => 0x7fe017164a50(1)
12/26/2025 17:19:58	bboard	4	433	    ProbeVector          => 0x7fe009812340(1)
12/26/2025 17:19:58	bboard	4	433	    ReferenceHeader      => 0x7fe013b5dd80(1)
12/26/2025 17:19:58	bboard	4	433	    SNPSketch            => 0x7fe017164ea0(1)
12/26/2025 17:19:58	bboard	4	433	    TuScanAltModes       => 0x7fe014b1d6f0(1)
12/26/2025 17:19:58	bboard	4	433	    TuScanSegments       => 0x7fe013fc80a0(1)
12/26/2025 17:19:58	bboard	4	433	    ValidL2rIndices      => 0x7fe0177fd7f0(1)
12/26/2025 17:19:58	bboard	4	433	    YProbeSetNames       => 0x7fe01100e720(1)
12/26/2025 17:19:58	bboard	4	433	    logrDataVector       => 0x7fe013f4d3a0(1)
12/26/2025 17:20:00	bboard	4	443	    AnnotationInformation => 0x7fe0097d9f70(1)
12/26/2025 17:20:00	bboard	4	443	    BAFvector            => 0x7fe0177fffe0(1)
12/26/2025 17:20:00	bboard	4	443	    BAFweights           => 0x7fe0177eb7a0(1)
12/26/2025 17:20:00	bboard	4	443	    CovariateOptions     => 0x7fe0097d7c20(1)
12/26/2025 17:20:00	bboard	4	443	    ExperimentVector     => 0x7fe013f4e040(1)
12/26/2025 17:20:00	bboard	4	443	    HomHetFlags          => 0x7fe017834ae0(1)
12/26/2025 17:20:00	bboard	4	443	    ProbeSetVector       => 0x7fe017164a50(1)
12/26/2025 17:20:00	bboard	4	443	    ProbeVector          => 0x7fe009812340(1)
12/26/2025 17:20:00	bboard	4	443	    ReferenceHeader      => 0x7fe013b5dd80(1)
12/26/2025 17:20:00	bboard	4	443	    SNPSketch            => 0x7fe017164ea0(1)
12/26/2025 17:20:00	bboard	4	443	    TuScanAltModes       => 0x7fe014b1d6f0(1)
12/26/2025 17:20:00	bboard	4	443	    TuScanSegments       => 0x7fe013fc80a0(1)
12/26/2025 17:20:00	bboard	4	443	    TuScanSegmentsFine   => 0x7fe0097d8a90(1)
12/26/2025 17:20:00	bboard	4	443	    ValidL2rIndices      => 0x7fe0177fd7f0(1)
12/26/2025 17:20:00	bboard	4	443	    YProbeSetNames       => 0x7fe01100e720(1)
12/26/2025 17:20:00	bboard	4	443	    logrDataVector       => 0x7fe013f4d3a0(1)
12/26/2025 17:20:00	bboard	4	443	    AnnotationInformation => 0x7fe0097d9f70(1)
12/26/2025 17:20:00	bboard	4	443	    BAFvector            => 0x7fe0177fffe0(1)
12/26/2025 17:20:00	bboard	4	443	    BAFweights           => 0x7fe0177eb7a0(1)
12/26/2025 17:20:00	bboard	4	443	    ChrFineSegBdry       => 0x7fdff55b3e00(1)
12/26/2025 17:20:00	bboard	4	443	    CovariateOptions     => 0x7fe0097d7c20(1)
12/26/2025 17:20:00	bboard	4	443	    ExperimentVector     => 0x7fe013f4e040(1)
12/26/2025 17:20:00	bboard	4	443	    HomHetFlags          => 0x7fe017834ae0(1)
12/26/2025 17:20:00	bboard	4	443	    ProbeSetVector       => 0x7fe017164a50(1)
12/26/2025 17:20:00	bboard	4	443	    ProbeVector          => 0x7fe009812340(1)
12/26/2025 17:20:00	bboard	4	443	    ReferenceHeader      => 0x7fe013b5dd80(1)
12/26/2025 17:20:00	bboard	4	443	    SNPSketch            => 0x7fe017164ea0(1)
12/26/2025 17:20:00	bboard	4	443	    TuScanAltModes       => 0x7fe014b1d6f0(1)
12/26/2025 17:20:00	bboard	4	443	    TuScanSegments       => 0x7fe013fc80a0(1)
12/26/2025 17:20:00	bboard	4	443	    TuScanSegmentsFine   => 0x7fe0097d8a90(1)
12/26/2025 17:20:00	bboard	4	443	    ValidL2rIndices      => 0x7fe0177fd7f0(1)
12/26/2025 17:20:00	bboard	4	443	    YProbeSetNames       => 0x7fe01100e720(1)
12/26/2025 17:20:00	bboard	4	443	    logrDataVector       => 0x7fe013f4d3a0(1)
12/26/2025 17:20:00	bboard	4	443	    AnnotationInformation => 0x7fe0097d9f70(1)
12/26/2025 17:20:00	bboard	4	443	    BAFvector            => 0x7fe0177fffe0(1)
12/26/2025 17:20:00	bboard	4	443	    BAFweights           => 0x7fe0177eb7a0(1)
12/26/2025 17:20:00	bboard	4	443	    ChrFineSegBdry       => 0x7fdff55b3e00(1)
12/26/2025 17:20:00	bboard	4	443	    CovariateOptions     => 0x7fe0097d7c20(1)
12/26/2025 17:20:00	bboard	4	443	    ExperimentVector     => 0x7fe013f4e040(1)
12/26/2025 17:20:00	bboard	4	443	    FirstFineSegXYchr    => 0x7fe013bfffe0(1)
12/26/2025 17:20:00	bboard	4	443	    HomHetFlags          => 0x7fe017834ae0(1)
12/26/2025 17:20:00	bboard	4	443	    ProbeSetVector       => 0x7fe017164a50(1)
12/26/2025 17:20:00	bboard	4	443	    ProbeVector          => 0x7fe009812340(1)
12/26/2025 17:20:00	bboard	4	443	    ReferenceHeader      => 0x7fe013b5dd80(1)
12/26/2025 17:20:00	bboard	4	443	    SNPSketch            => 0x7fe017164ea0(1)
12/26/2025 17:20:00	bboard	4	443	    TuScanAltModes       => 0x7fe014b1d6f0(1)
12/26/2025 17:20:00	bboard	4	443	    TuScanSegments       => 0x7fe013fc80a0(1)
12/26/2025 17:20:00	bboard	4	443	    TuScanSegmentsFine   => 0x7fe0097d8a90(1)
12/26/2025 17:20:00	bboard	4	443	    ValidL2rIndices      => 0x7fe0177fd7f0(1)
12/26/2025 17:20:00	bboard	4	443	    YProbeSetNames       => 0x7fe01100e720(1)
12/26/2025 17:20:00	bboard	4	443	    logrDataVector       => 0x7fe013f4d3a0(1)
12/26/2025 17:20:02	bboard	4	448	    AnnotationInformation => 0x7fe0097d9f70(1)
12/26/2025 17:20:02	bboard	4	448	    BAFvector            => 0x7fe0177fffe0(1)
12/26/2025 17:20:02	bboard	4	448	    BAFweights           => 0x7fe0177eb7a0(1)
12/26/2025 17:20:02	bboard	4	448	    ChrFineSegBdry       => 0x7fdff55b3e00(1)
12/26/2025 17:20:02	bboard	4	448	    CovariateOptions     => 0x7fe0097d7c20(1)
12/26/2025 17:20:02	bboard	4	448	    ExperimentVector     => 0x7fe013f4e040(1)
12/26/2025 17:20:02	bboard	4	448	    FirstFineSegXYchr    => 0x7fe013bfffe0(1)
12/26/2025 17:20:02	bboard	4	448	    HomHetFlags          => 0x7fe017834ae0(1)
12/26/2025 17:20:02	bboard	4	448	    ProbeSetVector       => 0x7fe017164a50(1)
12/26/2025 17:20:02	bboard	4	448	    ProbeVector          => 0x7fe009812340(1)
12/26/2025 17:20:02	bboard	4	448	    ReferenceHeader      => 0x7fe013b5dd80(1)
12/26/2025 17:20:02	bboard	4	448	    SNPSketch            => 0x7fe017164ea0(1)
12/26/2025 17:20:02	bboard	4	448	    TuScanAltModes       => 0x7fe014b1d6f0(1)
12/26/2025 17:20:02	bboard	4	448	    TuScanSegments       => 0x7fe013fc80a0(1)
12/26/2025 17:20:02	bboard	4	448	    TuScanSegmentsAltMode => 0x7fe014b158f0(1)
12/26/2025 17:20:02	bboard	4	448	    TuScanSegmentsFine   => 0x7fe0097d8a90(1)
12/26/2025 17:20:02	bboard	4	448	    ValidL2rIndices      => 0x7fe0177fd7f0(1)
12/26/2025 17:20:02	bboard	4	448	    YProbeSetNames       => 0x7fe01100e720(1)
12/26/2025 17:20:02	bboard	4	448	    logrDataVector       => 0x7fe013f4d3a0(1)
12/26/2025 17:20:02	bboard	4	448	    AnnotationInformation => 0x7fe0097d9f70(1)
12/26/2025 17:20:02	bboard	4	448	    BAFvector            => 0x7fe0177fffe0(1)
12/26/2025 17:20:02	bboard	4	448	    BAFweights           => 0x7fe0177eb7a0(1)
12/26/2025 17:20:02	bboard	4	448	    ChrAltModeSegBdry    => 0x7fe013b5d7b0(1)
12/26/2025 17:20:02	bboard	4	448	    ChrFineSegBdry       => 0x7fdff55b3e00(1)
12/26/2025 17:20:02	bboard	4	448	    CovariateOptions     => 0x7fe0097d7c20(1)
12/26/2025 17:20:02	bboard	4	448	    ExperimentVector     => 0x7fe013f4e040(1)
12/26/2025 17:20:02	bboard	4	448	    FirstFineSegXYchr    => 0x7fe013bfffe0(1)
12/26/2025 17:20:02	bboard	4	448	    HomHetFlags          => 0x7fe017834ae0(1)
12/26/2025 17:20:02	bboard	4	448	    ProbeSetVector       => 0x7fe017164a50(1)
12/26/2025 17:20:02	bboard	4	448	    ProbeVector          => 0x7fe009812340(1)
12/26/2025 17:20:02	bboard	4	448	    ReferenceHeader      => 0x7fe013b5dd80(1)
12/26/2025 17:20:02	bboard	4	448	    SNPSketch            => 0x7fe017164ea0(1)
12/26/2025 17:20:02	bboard	4	448	    TuScanAltModes       => 0x7fe014b1d6f0(1)
12/26/2025 17:20:02	bboard	4	448	    TuScanSegments       => 0x7fe013fc80a0(1)
12/26/2025 17:20:02	bboard	4	448	    TuScanSegmentsAltMode => 0x7fe014b158f0(1)
12/26/2025 17:20:02	bboard	4	448	    TuScanSegmentsFine   => 0x7fe0097d8a90(1)
12/26/2025 17:20:02	bboard	4	448	    ValidL2rIndices      => 0x7fe0177fd7f0(1)
12/26/2025 17:20:02	bboard	4	448	    YProbeSetNames       => 0x7fe01100e720(1)
12/26/2025 17:20:02	bboard	4	448	    logrDataVector       => 0x7fe013f4d3a0(1)
12/26/2025 17:20:02	bboard	4	448	    AnnotationInformation => 0x7fe0097d9f70(1)
12/26/2025 17:20:02	bboard	4	448	    BAFvector            => 0x7fe0177fffe0(1)
12/26/2025 17:20:02	bboard	4	448	    BAFweights           => 0x7fe0177eb7a0(1)
12/26/2025 17:20:02	bboard	4	448	    ChrAltModeSegBdry    => 0x7fe013b5d7b0(1)
12/26/2025 17:20:02	bboard	4	448	    ChrFineSegBdry       => 0x7fdff55b3e00(1)
12/26/2025 17:20:02	bboard	4	448	    CovariateOptions     => 0x7fe0097d7c20(1)
12/26/2025 17:20:02	bboard	4	448	    ExperimentVector     => 0x7fe013f4e040(1)
12/26/2025 17:20:02	bboard	4	448	    FirstAltModeSegXYchr => 0x7fe013b64ef0(1)
12/26/2025 17:20:02	bboard	4	448	    FirstFineSegXYchr    => 0x7fe013bfffe0(1)
12/26/2025 17:20:02	bboard	4	448	    HomHetFlags          => 0x7fe017834ae0(1)
12/26/2025 17:20:02	bboard	4	448	    ProbeSetVector       => 0x7fe017164a50(1)
12/26/2025 17:20:02	bboard	4	448	    ProbeVector          => 0x7fe009812340(1)
12/26/2025 17:20:02	bboard	4	448	    ReferenceHeader      => 0x7fe013b5dd80(1)
12/26/2025 17:20:02	bboard	4	448	    SNPSketch            => 0x7fe017164ea0(1)
12/26/2025 17:20:02	bboard	4	448	    TuScanAltModes       => 0x7fe014b1d6f0(1)
12/26/2025 17:20:02	bboard	4	448	    TuScanSegments       => 0x7fe013fc80a0(1)
12/26/2025 17:20:02	bboard	4	448	    TuScanSegmentsAltMode => 0x7fe014b158f0(1)
12/26/2025 17:20:02	bboard	4	448	    TuScanSegmentsFine   => 0x7fe0097d8a90(1)
12/26/2025 17:20:02	bboard	4	448	    ValidL2rIndices      => 0x7fe0177fd7f0(1)
12/26/2025 17:20:02	bboard	4	448	    YProbeSetNames       => 0x7fe01100e720(1)
12/26/2025 17:20:02	bboard	4	448	    logrDataVector       => 0x7fe013f4d3a0(1)
12/26/2025 17:20:02	LOG,INFO,GUI	1	448	CopynumberOncoNodeTUSCANSegmenter::doRunAll(...) stop: Runtime: 5.57 seconds.
12/26/2025 17:20:02	LOG,INFO,GUI	1	448	CopynumberOncoNodeTUSCANTotalCN::doRunAll(...) start
12/26/2025 17:20:02	bboard	4	448	    AnnotationInformation => 0x7fe0097d9f70(1)
12/26/2025 17:20:02	bboard	4	448	    BAFvector            => 0x7fe0177fffe0(1)
12/26/2025 17:20:02	bboard	4	448	    BAFweights           => 0x7fe0177eb7a0(1)
12/26/2025 17:20:02	bboard	4	448	    ChrAltModeSegBdry    => 0x7fe013b5d7b0(1)
12/26/2025 17:20:02	bboard	4	448	    ChrFineSegBdry       => 0x7fdff55b3e00(1)
12/26/2025 17:20:02	bboard	4	448	    CovariateOptions     => 0x7fe0097d7c20(1)
12/26/2025 17:20:02	bboard	4	448	    ExperimentVector     => 0x7fe013f4e040(1)
12/26/2025 17:20:02	bboard	4	448	    FirstAltModeSegXYchr => 0x7fe013b64ef0(1)
12/26/2025 17:20:02	bboard	4	448	    FirstFineSegXYchr    => 0x7fe013bfffe0(1)
12/26/2025 17:20:02	bboard	4	448	    HomHetFlags          => 0x7fe017834ae0(1)
12/26/2025 17:20:02	bboard	4	448	    ProbeSetVector       => 0x7fe017164a50(1)
12/26/2025 17:20:02	bboard	4	448	    ProbeVector          => 0x7fe009812340(1)
12/26/2025 17:20:02	bboard	4	448	    ReferenceHeader      => 0x7fe013b5dd80(1)
12/26/2025 17:20:02	bboard	4	448	    SNPSketch            => 0x7fe017164ea0(1)
12/26/2025 17:20:02	bboard	4	448	    Segments             => 0x7fe013fcd820(1)
12/26/2025 17:20:02	bboard	4	448	    TuScanAltModes       => 0x7fe014b1d6f0(1)
12/26/2025 17:20:02	bboard	4	448	    TuScanSegments       => 0x7fe013fc80a0(1)
12/26/2025 17:20:02	bboard	4	448	    TuScanSegmentsAltMode => 0x7fe014b158f0(1)
12/26/2025 17:20:02	bboard	4	448	    TuScanSegmentsFine   => 0x7fe0097d8a90(1)
12/26/2025 17:20:02	bboard	4	448	    ValidL2rIndices      => 0x7fe0177fd7f0(1)
12/26/2025 17:20:02	bboard	4	448	    YProbeSetNames       => 0x7fe01100e720(1)
12/26/2025 17:20:02	bboard	4	448	    logrDataVector       => 0x7fe013f4d3a0(1)
12/26/2025 17:20:02	bboard	4	448	    AnnotationInformation => 0x7fe0097d9f70(1)
12/26/2025 17:20:02	bboard	4	448	    BAFvector            => 0x7fe0177fffe0(1)
12/26/2025 17:20:02	bboard	4	448	    BAFweights           => 0x7fe0177eb7a0(1)
12/26/2025 17:20:02	bboard	4	448	    ChrAltModeSegBdry    => 0x7fe013b5d7b0(1)
12/26/2025 17:20:02	bboard	4	448	    ChrFineSegBdry       => 0x7fdff55b3e00(1)
12/26/2025 17:20:02	bboard	4	448	    CovariateOptions     => 0x7fe0097d7c20(1)
12/26/2025 17:20:02	bboard	4	448	    ExperimentVector     => 0x7fe013f4e040(1)
12/26/2025 17:20:02	bboard	4	448	    FirstAltModeSegXYchr => 0x7fe013b64ef0(1)
12/26/2025 17:20:02	bboard	4	448	    FirstFineSegXYchr    => 0x7fe013bfffe0(1)
12/26/2025 17:20:02	bboard	4	448	    HomHetFlags          => 0x7fe017834ae0(1)
12/26/2025 17:20:02	bboard	4	448	    ProbeSetVector       => 0x7fe017164a50(1)
12/26/2025 17:20:02	bboard	4	448	    ProbeVector          => 0x7fe009812340(1)
12/26/2025 17:20:02	bboard	4	448	    ReferenceHeader      => 0x7fe013b5dd80(1)
12/26/2025 17:20:02	bboard	4	448	    SNPSketch            => 0x7fe017164ea0(1)
12/26/2025 17:20:02	bboard	4	448	    Segments             => 0x7fe013fcd820(1)
12/26/2025 17:20:02	bboard	4	448	    TempMergedSegments   => 0x7fe013fcdab0(1)
12/26/2025 17:20:02	bboard	4	448	    TuScanAltModes       => 0x7fe014b1d6f0(1)
12/26/2025 17:20:02	bboard	4	448	    TuScanSegments       => 0x7fe013fc80a0(1)
12/26/2025 17:20:02	bboard	4	448	    TuScanSegmentsAltMode => 0x7fe014b158f0(1)
12/26/2025 17:20:02	bboard	4	448	    TuScanSegmentsFine   => 0x7fe0097d8a90(1)
12/26/2025 17:20:02	bboard	4	448	    ValidL2rIndices      => 0x7fe0177fd7f0(1)
12/26/2025 17:20:02	bboard	4	448	    YProbeSetNames       => 0x7fe01100e720(1)
12/26/2025 17:20:02	bboard	4	448	    logrDataVector       => 0x7fe013f4d3a0(1)
12/26/2025 17:20:02	bboard	4	448	    AnnotationInformation => 0x7fe0097d9f70(1)
12/26/2025 17:20:02	bboard	4	448	    BAFvector            => 0x7fe0177fffe0(1)
12/26/2025 17:20:02	bboard	4	448	    BAFweights           => 0x7fe0177eb7a0(1)
12/26/2025 17:20:02	bboard	4	448	    ChrAltModeSegBdry    => 0x7fe013b5d7b0(1)
12/26/2025 17:20:02	bboard	4	448	    ChrFineSegBdry       => 0x7fdff55b3e00(1)
12/26/2025 17:20:02	bboard	4	448	    CovariateOptions     => 0x7fe0097d7c20(1)
12/26/2025 17:20:02	bboard	4	448	    ExperimentVector     => 0x7fe013f4e040(1)
12/26/2025 17:20:02	bboard	4	448	    FirstAltModeSegXYchr => 0x7fe013b64ef0(1)
12/26/2025 17:20:02	bboard	4	448	    FirstFineSegXYchr    => 0x7fe013bfffe0(1)
12/26/2025 17:20:02	bboard	4	448	    HomHetFlags          => 0x7fe017834ae0(1)
12/26/2025 17:20:02	bboard	4	448	    ProbeSetVector       => 0x7fe017164a50(1)
12/26/2025 17:20:02	bboard	4	448	    ProbeVector          => 0x7fe009812340(1)
12/26/2025 17:20:02	bboard	4	448	    ReferenceHeader      => 0x7fe013b5dd80(1)
12/26/2025 17:20:02	bboard	4	448	    SNPSketch            => 0x7fe017164ea0(1)
12/26/2025 17:20:02	bboard	4	448	    Segments             => 0x7fe013fcd820(1)
12/26/2025 17:20:02	bboard	4	448	    SegmentsBeforePushup => 0x7fe013fcdb50(1)
12/26/2025 17:20:02	bboard	4	448	    TempMergedSegments   => 0x7fe013fcdab0(1)
12/26/2025 17:20:02	bboard	4	448	    TuScanAltModes       => 0x7fe014b1d6f0(1)
12/26/2025 17:20:02	bboard	4	448	    TuScanSegments       => 0x7fe013fc80a0(1)
12/26/2025 17:20:02	bboard	4	448	    TuScanSegmentsAltMode => 0x7fe014b158f0(1)
12/26/2025 17:20:02	bboard	4	448	    TuScanSegmentsFine   => 0x7fe0097d8a90(1)
12/26/2025 17:20:02	bboard	4	448	    ValidL2rIndices      => 0x7fe0177fd7f0(1)
12/26/2025 17:20:02	bboard	4	448	    YProbeSetNames       => 0x7fe01100e720(1)
12/26/2025 17:20:02	bboard	4	448	    logrDataVector       => 0x7fe013f4d3a0(1)
12/26/2025 17:20:02	bboard	4	448	    AnnotationInformation => 0x7fe0097d9f70(1)
12/26/2025 17:20:02	bboard	4	448	    BAFvector            => 0x7fe0177fffe0(1)
12/26/2025 17:20:02	bboard	4	448	    BAFweights           => 0x7fe0177eb7a0(1)
12/26/2025 17:20:02	bboard	4	448	    ChrAltModeSegBdry    => 0x7fe013b5d7b0(1)
12/26/2025 17:20:02	bboard	4	448	    ChrFineSegBdry       => 0x7fdff55b3e00(1)
12/26/2025 17:20:02	bboard	4	448	    CovariateOptions     => 0x7fe0097d7c20(1)
12/26/2025 17:20:02	bboard	4	448	    ExperimentVector     => 0x7fe013f4e040(1)
12/26/2025 17:20:02	bboard	4	448	    FirstAltModeSegXYchr => 0x7fe013b64ef0(1)
12/26/2025 17:20:02	bboard	4	448	    FirstFineSegXYchr    => 0x7fe013bfffe0(1)
12/26/2025 17:20:02	bboard	4	448	    HomHetFlags          => 0x7fe017834ae0(1)
12/26/2025 17:20:02	bboard	4	448	    MergedSegIndex       => 0x7fe013f4e160(1)
12/26/2025 17:20:02	bboard	4	448	    ProbeSetVector       => 0x7fe017164a50(1)
12/26/2025 17:20:02	bboard	4	448	    ProbeVector          => 0x7fe009812340(1)
12/26/2025 17:20:02	bboard	4	448	    ReferenceHeader      => 0x7fe013b5dd80(1)
12/26/2025 17:20:02	bboard	4	448	    SNPSketch            => 0x7fe017164ea0(1)
12/26/2025 17:20:02	bboard	4	448	    Segments             => 0x7fe013fcd820(1)
12/26/2025 17:20:02	bboard	4	448	    SegmentsBeforePushup => 0x7fe013fcdb50(1)
12/26/2025 17:20:02	bboard	4	448	    TempMergedSegments   => 0x7fe013fcdab0(1)
12/26/2025 17:20:02	bboard	4	448	    TuScanAltModes       => 0x7fe014b1d6f0(1)
12/26/2025 17:20:02	bboard	4	448	    TuScanSegments       => 0x7fe013fc80a0(1)
12/26/2025 17:20:02	bboard	4	448	    TuScanSegmentsAltMode => 0x7fe014b158f0(1)
12/26/2025 17:20:02	bboard	4	448	    TuScanSegmentsFine   => 0x7fe0097d8a90(1)
12/26/2025 17:20:02	bboard	4	448	    ValidL2rIndices      => 0x7fe0177fd7f0(1)
12/26/2025 17:20:02	bboard	4	448	    YProbeSetNames       => 0x7fe01100e720(1)
12/26/2025 17:20:02	bboard	4	448	    logrDataVector       => 0x7fe013f4d3a0(1)
12/26/2025 17:20:02	LOG,INFO,GUI	1	448	CopynumberOncoNodeTUSCANTotalCN::doRunAll(...) stop: Runtime: 0.04 seconds.
12/26/2025 17:20:02	LOG,INFO,GUI	1	448	CopynumberOncoNodeTUSCANSwitch::doRunAll(...) stop: Runtime: 6.00 seconds.
12/26/2025 17:20:02	LOG,INFO,GUI	1	448	CopynumberOncoNodeTUSCANSwitch::doRunAll(...) start
12/26/2025 17:20:02	LOG,INFO,GUI	1	448	CopynumberOncoNodeTUSCANSwitch::doRunAll(...) stop: Runtime: 0.00 seconds.
12/26/2025 17:20:02	DEV,LOG	1	448	Unable to erase Bboard object (not found): ExperimentNameFromPairedExperiment
12/26/2025 17:20:02	LOG,INFO,GUI	1	448	CopynumberOncoNodeTUSCAN::doRunAll(...) stop: Runtime: 6.00 seconds.
12/26/2025 17:20:02	LOG,INFO,GUI	1	448	CopynumberOncoNodeShrinkageV2::doRunAll(...) start
12/26/2025 17:20:02	info,PROGRESS	1	448	0.000000,0.000000,24.000000,CopynumberOncoNodeShrinkageV2::doRun(...)
12/26/2025 17:20:02	info,PROGRESS	1	448	0.000000,1.000000,24.000000,(4%) 
12/26/2025 17:20:02	info,PROGRESS	1	448	0.000000,2.000000,24.000000,(8%) 
12/26/2025 17:20:02	info,PROGRESS	1	448	0.000000,3.000000,24.000000,(12%) 
12/26/2025 17:20:03	info,PROGRESS	1	448	0.000000,4.000000,24.000000,(16%) 
12/26/2025 17:20:03	info,PROGRESS	1	448	0.000000,5.000000,24.000000,(20%) 
12/26/2025 17:20:03	info,PROGRESS	1	448	0.000000,6.000000,24.000000,(25%) 
12/26/2025 17:20:03	info,PROGRESS	1	448	0.000000,7.000000,24.000000,(29%) 
12/26/2025 17:20:03	info,PROGRESS	1	448	0.000000,8.000000,24.000000,(33%) 
12/26/2025 17:20:03	info,PROGRESS	1	448	0.000000,9.000000,24.000000,(37%) 
12/26/2025 17:20:03	info,PROGRESS	1	448	0.000000,10.000000,24.000000,(41%) 
12/26/2025 17:20:03	info,PROGRESS	1	448	0.000000,11.000000,24.000000,(45%) 
12/26/2025 17:20:03	info,PROGRESS	1	448	0.000000,12.000000,24.000000,(50%) 
12/26/2025 17:20:03	info,PROGRESS	1	448	0.000000,13.000000,24.000000,(54%) 
12/26/2025 17:20:03	info,PROGRESS	1	448	0.000000,14.000000,24.000000,(58%) 
12/26/2025 17:20:03	info,PROGRESS	1	448	0.000000,15.000000,24.000000,(62%) 
12/26/2025 17:20:03	info,PROGRESS	1	448	0.000000,16.000000,24.000000,(66%) 
12/26/2025 17:20:03	info,PROGRESS	1	448	0.000000,17.000000,24.000000,(70%) 
12/26/2025 17:20:03	info,PROGRESS	1	448	0.000000,18.000000,24.000000,(75%) 
12/26/2025 17:20:03	info,PROGRESS	1	448	0.000000,19.000000,24.000000,(79%) 
12/26/2025 17:20:03	info,PROGRESS	1	448	0.000000,20.000000,24.000000,(83%) 
12/26/2025 17:20:03	info,PROGRESS	1	448	0.000000,21.000000,24.000000,(87%) 
12/26/2025 17:20:03	info,PROGRESS	1	448	0.000000,22.000000,24.000000,(91%) 
12/26/2025 17:20:03	info,PROGRESS	1	448	0.000000,23.000000,24.000000,(95%) 
12/26/2025 17:20:03	info,PROGRESS	1	448	0.000000,24.000000,24.000000,(100%) 
12/26/2025 17:20:03	info,PROGRESS	1	448	0.000000,24.000000,24.000000,(100%) CopynumberOncoNodeShrinkageV2::doRun(...) stop
12/26/2025 17:20:03	LOG,INFO,GUI	1	448	CopynumberOncoNodeShrinkageV2::doRunAll(...) stop: Runtime: 0.62 seconds.
12/26/2025 17:20:03	LOG,INFO,GUI	1	448	CopynumberOncoNodeCNGender::doRunAll(...) start
12/26/2025 17:20:03	info,LOG	1	450	CopynumberOncoNodeCNGender::doRun()\ta520780-00-982401-053118-4306645-94901.10_CAD_9357_LMS_Rec5.CEL\tCNGenderRatio\t0.000000\tXX\tConfidence\t1.000000
12/26/2025 17:20:04	bb_memory,LOG	4	450	Memory before deleting YProbeSetNames: Curr mem=472436736 Max mem=686485504
12/26/2025 17:20:04	bb_memory,LOG	4	450	Memory after deleting YProbeSetNames: Curr mem=472346624 Max mem=686485504
12/26/2025 17:20:04	LOG,INFO,GUI	1	450	CopynumberOncoNodeCNGender::doRunAll(...) stop: Runtime: 0.74 seconds.
12/26/2025 17:20:04	LOG,INFO,GUI	1	450	CopynumberOncoNodeTUSCANBreakAtPAR::doRunAll(...) start
12/26/2025 17:20:04	bb_memory,LOG	4	450	Memory before deleting ValidL2rIndices: Curr mem=472346624 Max mem=686485504
12/26/2025 17:20:04	bb_memory,LOG	4	450	Memory after deleting ValidL2rIndices: Curr mem=472346624 Max mem=686485504
12/26/2025 17:20:04	bb_memory,LOG	4	450	Memory before deleting TuScanSegmentsFine: Curr mem=472346624 Max mem=686485504
12/26/2025 17:20:04	bb_memory,LOG	4	450	Memory after deleting TuScanSegmentsFine: Curr mem=472346624 Max mem=686485504
12/26/2025 17:20:04	bb_memory,LOG	4	450	Memory before deleting TempMergedSegments: Curr mem=472346624 Max mem=686485504
12/26/2025 17:20:04	bb_memory,LOG	4	450	Memory after deleting TempMergedSegments: Curr mem=472346624 Max mem=686485504
12/26/2025 17:20:04	bb_memory,LOG	4	450	Memory before deleting FirstFineSegXYchr: Curr mem=472346624 Max mem=686485504
12/26/2025 17:20:04	bb_memory,LOG	4	450	Memory after deleting FirstFineSegXYchr: Curr mem=472346624 Max mem=686485504
12/26/2025 17:20:04	bb_memory,LOG	4	450	Memory before deleting MergedSegIndex: Curr mem=472346624 Max mem=686485504
12/26/2025 17:20:04	bb_memory,LOG	4	450	Memory after deleting MergedSegIndex: Curr mem=472346624 Max mem=686485504
12/26/2025 17:20:04	LOG,INFO,GUI	1	450	CopynumberOncoNodeTUSCANBreakAtPAR::doRunAll(...) stop: Runtime: 0.00 seconds.
12/26/2025 17:20:04	LOG,INFO,GUI	1	450	CopynumberOncoNodeTUSCANBinnedCN::doRunAll(...) start
12/26/2025 17:20:04	LOG,INFO,GUI	1	450	CopynumberOncoNodeTUSCANBinnedCN::doRunAll(...) stop: Runtime: 0.00 seconds.
12/26/2025 17:20:04	LOG,INFO,GUI	1	450	CopynumberOncoNodeLog2RatioSmootherKernel::doRunAll(...) start
12/26/2025 17:20:05	LOG,INFO,GUI	1	503	CopynumberOncoNodeLog2RatioSmootherKernel::doRunAll(...) stop: Runtime: 0.87 seconds.
12/26/2025 17:20:05	LOG,INFO,GUI	1	503	CopynumberOncoNodeGenotyping::doRunAll(...) start
12/26/2025 17:20:05	dset	3	504	Dset::File::open('/Library/Frameworks/R.framework/Versions/4.1/Resources/library/OncoScan.na33.r4/apt/res//OncoScan.FFPE.na33.r1.REF_MODEL',2,5)
12/26/2025 17:20:06	LOG,INFO,GUI	1	648	CopynumberOncoNodeGenotyping::doRunAll(...) stop: Runtime: 1.37 seconds.
12/26/2025 17:20:06	LOG,INFO,GUI	1	648	CopynumberOncoNodeSignatureSnps::doRunAll(...) start
12/26/2025 17:20:06	bboard	4	648	    AnnotationInformation => 0x7fe0097d9f70(1)
12/26/2025 17:20:06	bboard	4	648	    BAFvector            => 0x7fe0177fffe0(1)
12/26/2025 17:20:06	bboard	4	648	    BAFweights           => 0x7fe0177eb7a0(1)
12/26/2025 17:20:06	bboard	4	648	    ChrAltModeSegBdry    => 0x7fe013b5d7b0(1)
12/26/2025 17:20:06	bboard	4	648	    ChrFineSegBdry       => 0x7fdff55b3e00(1)
12/26/2025 17:20:06	bboard	4	648	    CovariateOptions     => 0x7fe0097d7c20(1)
12/26/2025 17:20:06	bboard	4	648	    ExperimentVector     => 0x7fe013f4e040(1)
12/26/2025 17:20:06	bboard	4	648	    FirstAltModeSegXYchr => 0x7fe013b64ef0(1)
12/26/2025 17:20:06	bboard	4	648	    HomHetFlags          => 0x7fe017834ae0(1)
12/26/2025 17:20:06	bboard	4	648	    ProbeSetVector       => 0x7fe017164a50(1)
12/26/2025 17:20:06	bboard	4	648	    ProbeVector          => 0x7fe009812340(1)
12/26/2025 17:20:06	bboard	4	648	    ReferenceHeader      => 0x7fe013b5dd80(1)
12/26/2025 17:20:06	bboard	4	648	    SNPSketch            => 0x7fe017164ea0(1)
12/26/2025 17:20:06	bboard	4	648	    Segments             => 0x7fe013fcd820(1)
12/26/2025 17:20:06	bboard	4	648	    SegmentsBeforePushup => 0x7fe013fcdb50(1)
12/26/2025 17:20:06	bboard	4	648	    SigSnpReport         => 0x7fe013fbf170(1)
12/26/2025 17:20:06	bboard	4	648	    TuScanAltModes       => 0x7fe014b1d6f0(1)
12/26/2025 17:20:06	bboard	4	648	    TuScanSegments       => 0x7fe013fc80a0(1)
12/26/2025 17:20:06	bboard	4	648	    TuScanSegmentsAltMode => 0x7fe014b158f0(1)
12/26/2025 17:20:06	bboard	4	648	    logrDataVector       => 0x7fe013f4d3a0(1)
12/26/2025 17:20:06	dset	3	648	Dset::File::open('/Users/elizakishan/Documents/Analysis/LabData/ReprocessedLMS/10_CAD_9357_LMS_Rec5/temp/OncoScan.CelPairCheckReport.txt',64,6)
12/26/2025 17:20:06	dset	4	648	Dset::IO_TsvFile::fstream_push(0x7ff7bbd82aa8)
12/26/2025 17:20:06	dset	4	648	Dset::IO_TsvFile::fstream_pop(0x7ff7bbd82aa8)
12/26/2025 17:20:06	dset	1	648	Cursor(): 0x7fe013fd1ed0
12/26/2025 17:20:06	dset	4	648	Dset::IO_TsvFile::fstream_push(0x7fe013fd20c0)
12/26/2025 17:20:06	dset	4	648	Dset::IO_TsvFile::fstream_pop(0x7fe013fd20c0)
12/26/2025 17:20:06	bb_memory,LOG	4	648	Memory before deleting SNPSketch: Curr mem=679641088 Max mem=686485504
12/26/2025 17:20:06	bb_memory,LOG	4	648	Memory after deleting SNPSketch: Curr mem=679641088 Max mem=686485504
12/26/2025 17:20:06	LOG,INFO,GUI	1	648	CopynumberOncoNodeSignatureSnps::doRunAll(...) stop: Runtime: 0.00 seconds.
12/26/2025 17:20:06	LOG,INFO,GUI	1	648	CopynumberOncoNodeMatchedNormalCheck::doRunAll(...) start
12/26/2025 17:20:06	LOG,INFO,GUI	1	648	CopynumberOncoNodeMatchedNormalCheck::doRunAll(...) stop: Runtime: 0.00 seconds.
12/26/2025 17:20:06	LOG,INFO,GUI	1	648	CopynumberOncoNodeRemoveAPModulation::doRunAll(...) start
12/26/2025 17:20:07	DEV,LOG	1	648	Unable to erase Bboard object (not found): RmAPModFldWeights
12/26/2025 17:20:07	LOG,INFO,GUI	1	648	CopynumberOncoNodeRemoveAPModulation::doRunAll(...) stop: Runtime: 0.71 seconds.
12/26/2025 17:20:07	LOG,INFO,GUI	1	648	CopynumberOncoNodeAllelePeaksAD::doRunAll(...) start
12/26/2025 17:20:10	DEV,LOG	1	692	Unable to erase Bboard object (not found): ADFldWeights
12/26/2025 17:20:10	LOG,INFO,GUI	1	692	CopynumberOncoNodeAllelePeaksAD::doRunAll(...) stop: Runtime: 2.86 seconds.
12/26/2025 17:20:10	LOG,INFO,GUI	1	692	CopynumberOncoNodeBafLOH::doRunAll(...) start
12/26/2025 17:20:10	DEV,LOG	1	692	Unable to erase Bboard object (not found): SmoothSignalValues
12/26/2025 17:20:10	DEV,LOG	1	692	Unable to erase Bboard object (not found): SmoothSignalProbeSets
12/26/2025 17:20:10	LOG,INFO,GUI	1	692	CopynumberOncoNodeBafLOH::doRunAll(...) stop: Runtime: 0.82 seconds.
12/26/2025 17:20:10	LOG,INFO,GUI	1	692	CopynumberOncoNodeReporterCychp::doRunAll(...) start
12/26/2025 17:20:10	LOG,INFO,GUI	1	692	Preparing to write file: /Users/elizakishan/Documents/Analysis/LabData/ReprocessedLMS/10_CAD_9357_LMS_Rec5/temp/a520780-00-982401-053118-4306645-94901.10_CAD_9357_LMS_Rec5.oschp
12/26/2025 17:20:10	info,PROGRESS	1	692	0.000000,0.000000,7.000000,CopynumberOncoNodeReporterCychp::report(...)
12/26/2025 17:20:11	dset	3	525	Dset::File::open('/Users/elizakishan/Documents/Analysis/LabData/LMS_SNP_EPIC_array_data/SNP_array_data_LMS/CEL_files/a520780-00-982401-053118-4306645-94901.CEL',2,2)
12/26/2025 17:20:11	io-calvin	1	525	read_file("/Users/elizakishan/Documents/Analysis/LabData/LMS_SNP_EPIC_array_data/SNP_array_data_LMS/CEL_files/a520780-00-982401-053118-4306645-94901.CEL")
12/26/2025 17:20:11	dset	3	525	Dset::File::open('/Users/elizakishan/Documents/Analysis/LabData/LMS_SNP_EPIC_array_data/SNP_array_data_LMS/CEL_files/a520780-00-982412-053118-4306645-05348.CEL',2,2)
12/26/2025 17:20:11	io-calvin	1	525	read_file("/Users/elizakishan/Documents/Analysis/LabData/LMS_SNP_EPIC_array_data/SNP_array_data_LMS/CEL_files/a520780-00-982412-053118-4306645-05348.CEL")
12/26/2025 17:20:11	dset	3	525	Dset::File::open('/Users/elizakishan/Documents/Analysis/LabData/ReprocessedLMS/10_CAD_9357_LMS_Rec5/temp/QCReport.txt',64,2)
12/26/2025 17:20:11	dset	4	525	Dset::IO_TsvFile::fstream_push(0x7ff7bbd80758)
12/26/2025 17:20:11	dset	4	525	Dset::IO_TsvFile::fstream_pop(0x7ff7bbd80758)
12/26/2025 17:20:11	dset	4	525	Dset::IO_TsvFile::fstream_push(0x7ff7bbd806c8)
12/26/2025 17:20:11	dset	4	525	Dset::IO_TsvFile::fstream_pop(0x7ff7bbd806c8)
12/26/2025 17:20:12	info,PROGRESS	1	525	0.000000,1.000000,7.000000,(14%) 
12/26/2025 17:20:12	info,PROGRESS	1	525	0.000000,2.000000,7.000000,(28%) 
12/26/2025 17:20:12	info,PROGRESS	1	525	0.000000,3.000000,7.000000,(42%) 
12/26/2025 17:20:12	info,PROGRESS	1	525	0.000000,4.000000,7.000000,(57%) 
12/26/2025 17:20:12	info,PROGRESS	1	525	0.000000,5.000000,7.000000,(71%) 
12/26/2025 17:20:12	info,PROGRESS	1	525	0.000000,6.000000,7.000000,(85%) 
12/26/2025 17:20:12	info,PROGRESS	1	567	0.000000,7.000000,7.000000,(100%) 
12/26/2025 17:20:12	info,PROGRESS	1	567	0.000000,7.000000,7.000000,(100%) 
12/26/2025 17:20:12	LOG,INFO,GUI	1	567	Writing file: /Users/elizakishan/Documents/Analysis/LabData/ReprocessedLMS/10_CAD_9357_LMS_Rec5/temp/a520780-00-982401-053118-4306645-94901.10_CAD_9357_LMS_Rec5.oschp
12/26/2025 17:20:12	info,LOG	1	567	group Chromosomes
12/26/2025 17:20:12	info,LOG	1	567	group ProbeSets
12/26/2025 17:20:12	info,LOG	1	567	group AlgorithmData
12/26/2025 17:20:12	info,LOG	1	567	group Segments
12/26/2025 17:20:12	info,LOG	1	567	group Genotyping
12/26/2025 17:20:12	bb_memory,LOG	4	567	Memory before deleting AnnotationInformation: Curr mem=594726912 Max mem=726188032
12/26/2025 17:20:12	bb_memory,LOG	4	567	Memory after deleting AnnotationInformation: Curr mem=594726912 Max mem=726188032
12/26/2025 17:20:12	bb_memory,LOG	4	567	Memory before deleting ReferenceHeader: Curr mem=594726912 Max mem=726188032
12/26/2025 17:20:12	bb_memory,LOG	4	567	Memory after deleting ReferenceHeader: Curr mem=594726912 Max mem=726188032
12/26/2025 17:20:12	bb_memory,LOG	4	567	Memory before deleting Segments: Curr mem=594726912 Max mem=726188032
12/26/2025 17:20:12	bb_memory,LOG	4	567	Memory after deleting Segments: Curr mem=594726912 Max mem=726188032
12/26/2025 17:20:12	bb_memory,LOG	4	567	Memory before deleting SigSnpReport: Curr mem=594726912 Max mem=726188032
12/26/2025 17:20:12	bb_memory,LOG	4	567	Memory after deleting SigSnpReport: Curr mem=594726912 Max mem=726188032
12/26/2025 17:20:12	LOG,INFO,GUI	1	567	CopynumberOncoNodeReporterCychp::doRunAll(...) stop: Runtime: 1.89 seconds.
12/26/2025 17:20:12	LOG,INFO,GUI	1	567	CopynumberOncoNodeExperiments::doRunAll(...) stop: Runtime: 36.26 seconds.
12/26/2025 17:20:12	bb_memory,LOG	4	567	Memory before deleting CovariateOptions: Curr mem=594726912 Max mem=726188032
12/26/2025 17:20:12	bb_memory,LOG	4	567	Memory after deleting CovariateOptions: Curr mem=594726912 Max mem=726188032
12/26/2025 17:20:12	bb_memory,LOG	4	567	Memory before deleting ExperimentVector: Curr mem=594726912 Max mem=726188032
12/26/2025 17:20:12	bb_memory,LOG	4	567	Memory after deleting ExperimentVector: Curr mem=594726912 Max mem=726188032
12/26/2025 17:20:12	bb_memory,LOG	4	567	Memory before deleting ProbeSetVector: Curr mem=594726912 Max mem=726188032
12/26/2025 17:20:12	bb_memory,LOG	4	567	Memory after deleting ProbeSetVector: Curr mem=594726912 Max mem=726188032
12/26/2025 17:20:12	bb_memory,LOG	4	567	Memory before deleting ProbeVector: Curr mem=594726912 Max mem=726188032
12/26/2025 17:20:12	bb_memory,LOG	4	567	Memory after deleting ProbeVector: Curr mem=594726912 Max mem=726188032
12/26/2025 17:20:12	LOG,INFO,GUI	1	567	CopynumberOncoNodeEngine::doRunAll(...) stop: Runtime: 39.89 seconds.
12/26/2025 17:20:12	LOG,INFO,GUI	1	567	MainNode::doRunAll(...) stop: Runtime: 39.89 seconds.
12/26/2025 17:20:12	runtime,PROGRESS	1	567	0.000000,0.000000,0.000000,(0%) done. (rv=0)
12/26/2025 17:20:12	info,summary,LOG	1	567	
12/26/2025 17:20:12	info,summary,LOG	1	567	0 error(s) and 0 warning(s).
12/26/2025 17:20:12	info,summary,LOG	1	567	
12/26/2025 17:20:12	LOG	1	567	#### CopynumberOncoNodeAllelePeaksAD::doRunAll(...) TOTAL TIME : 2.86 seconds.
12/26/2025 17:20:12	LOG	1	567	#### CopynumberOncoNodeAllelePeaksBaf::doRunAll(...) TOTAL TIME : 2.75 seconds.
12/26/2025 17:20:12	LOG	1	567	#### CopynumberOncoNodeAllelicDifference::doRunAll(...) TOTAL TIME : 0.05 seconds.
12/26/2025 17:20:12	LOG	1	567	#### CopynumberOncoNodeBAF::doRunAll(...) TOTAL TIME : 0.01 seconds.
12/26/2025 17:20:12	LOG	1	567	#### CopynumberOncoNodeBafLOH::doRunAll(...) TOTAL TIME : 0.82 seconds.
12/26/2025 17:20:12	LOG	1	567	#### CopynumberOncoNodeCNGender::doRunAll(...) TOTAL TIME : 0.74 seconds.
12/26/2025 17:20:12	LOG	1	567	#### CopynumberOncoNodeCelReader::doRunAll(...) TOTAL TIME : 1.45 seconds.
12/26/2025 17:20:12	LOG	1	567	#### CopynumberOncoNodeCovariateIntensityAdjuster::doRunAll(...) TOTAL TIME : 3.30 seconds.
12/26/2025 17:20:12	LOG	1	567	#### CopynumberOncoNodeEngine::doRunAll(...) TOTAL TIME : 39.89 seconds.
12/26/2025 17:20:12	LOG	1	567	#### CopynumberOncoNodeExperiments::doRunAll(...) TOTAL TIME : 36.26 seconds.
12/26/2025 17:20:12	LOG	1	567	#### CopynumberOncoNodeGenderRawIntensity::doRunAll(...) TOTAL TIME : 0.07 seconds.
12/26/2025 17:20:12	LOG	1	567	#### CopynumberOncoNodeGenotyping::doRunAll(...) TOTAL TIME : 1.37 seconds.
12/26/2025 17:20:12	LOG	1	567	#### CopynumberOncoNodeLibraryFile::doRunAll(...) TOTAL TIME : 3.46 seconds.
12/26/2025 17:20:12	LOG	1	567	#### CopynumberOncoNodeLog2Ratio::doRunAll(...) TOTAL TIME : 0.01 seconds.
12/26/2025 17:20:12	LOG	1	567	#### CopynumberOncoNodeLog2RatioAdjusterCovariate::doRunAll(...) TOTAL TIME : 0.09 seconds.
12/26/2025 17:20:12	LOG	1	567	#### CopynumberOncoNodeLog2RatioAdjusterImage::doRunAll(...) TOTAL TIME : 0.02 seconds.
12/26/2025 17:20:12	LOG	1	567	#### CopynumberOncoNodeLog2RatioAdjusterWave::doRunAll(...) TOTAL TIME : 2.32 seconds.
12/26/2025 17:20:12	LOG	1	567	#### CopynumberOncoNodeLog2RatioAdjusterYTarget::doRunAll(...) TOTAL TIME : 0.74 seconds.
12/26/2025 17:20:12	LOG	1	567	#### CopynumberOncoNodeLog2RatioSmootherKernel::doRunAll(...) TOTAL TIME : 0.87 seconds.
12/26/2025 17:20:12	LOG	1	567	#### CopynumberOncoNodeMatchedNormalCheck::doRunAll(...) TOTAL TIME : 0.00 seconds.
12/26/2025 17:20:12	LOG	1	567	#### CopynumberOncoNodeNormalDiploidDetection::doRunAll(...) TOTAL TIME : 3.20 seconds.
12/26/2025 17:20:12	LOG	1	567	#### CopynumberOncoNodeNormalDiploidIterator::doRunAll(...) TOTAL TIME : 12.13 seconds.
12/26/2025 17:20:12	LOG	1	567	#### CopynumberOncoNodeNormalDiploidSwitch::doRunAll(...) TOTAL TIME : 8.22 seconds.
12/26/2025 17:20:12	LOG	1	567	#### CopynumberOncoNodeNormalization::doRunAll(...) TOTAL TIME : 0.71 seconds.
12/26/2025 17:20:12	LOG	1	567	#### CopynumberOncoNodeRemoveAPModulation::doRunAll(...) TOTAL TIME : 0.71 seconds.
12/26/2025 17:20:12	LOG	1	567	#### CopynumberOncoNodeReporterCychp::doRunAll(...) TOTAL TIME : 1.89 seconds.
12/26/2025 17:20:12	LOG	1	567	#### CopynumberOncoNodeSNPQC::doRunAll(...) TOTAL TIME : 0.76 seconds.
12/26/2025 17:20:12	LOG	1	567	#### CopynumberOncoNodeShrinkageV2::doRunAll(...) TOTAL TIME : 0.62 seconds.
12/26/2025 17:20:12	LOG	1	567	#### CopynumberOncoNodeSignatureSnps::doRunAll(...) TOTAL TIME : 0.00 seconds.
12/26/2025 17:20:12	LOG	1	567	#### CopynumberOncoNodeSummarization::doRunAll(...) TOTAL TIME : 4.14 seconds.
12/26/2025 17:20:12	LOG	1	567	#### CopynumberOncoNodeTUSCAN::doRunAll(...) TOTAL TIME : 6.00 seconds.
12/26/2025 17:20:12	LOG	1	567	#### CopynumberOncoNodeTUSCANBinnedCN::doRunAll(...) TOTAL TIME : 0.00 seconds.
12/26/2025 17:20:12	LOG	1	567	#### CopynumberOncoNodeTUSCANBreakAtPAR::doRunAll(...) TOTAL TIME : 0.00 seconds.
12/26/2025 17:20:12	LOG	1	567	#### CopynumberOncoNodeTUSCANHomHet::doRunAll(...) TOTAL TIME : 0.39 seconds.
12/26/2025 17:20:12	LOG	1	567	#### CopynumberOncoNodeTUSCANSegmenter::doRunAll(...) TOTAL TIME : 5.57 seconds.
12/26/2025 17:20:12	LOG	1	567	#### CopynumberOncoNodeTUSCANSwitch::doRunAll(...) TOTAL TIME : 6.00 seconds.
12/26/2025 17:20:12	LOG	1	567	#### CopynumberOncoNodeTUSCANTotalCN::doRunAll(...) TOTAL TIME : 0.04 seconds.
12/26/2025 17:20:12	LOG	1	567	#### CopynumberOncoNodeXYSignalGender::doRunAll(...) TOTAL TIME : 0.03 seconds.
12/26/2025 17:20:12	LOG	1	567	#### MainNode::doRunAll(...) TOTAL TIME : 39.89 seconds.
12/26/2025 17:20:12	info,LOG	1	567	
12/26/2025 17:20:12	LOG,INFO,GUI	1	567	Runtime: 0 hours 0 minutes and 40 seconds.
12/26/2025 17:20:12	info,LOG	1	567	
12/26/2025 17:20:12	LOG,INFO,GUI	1	567	Max memory usage: 692 MB
