"","value"
"chr1-0001",0.184621935486021
"chr1-0002",0.238225292459258
"chr1-0003",-0.0661632909371788
"chr1-0004",-0.0170273052277408
"chr1-0005",0.232615425637469
"chr1-0006",0.243400654416971
"chr1-0007",0.195254195666675
"chr1-0008",0.11825831884885
"chr1-0009",0.0751666552642502
"chr1-0010",0.249928885934642
"chr1-0011",0.265814773879283
"chr1-0012",0.174998906791384
"chr1-0013",-0.0578842192050509
"chr1-0014",-0.0419138261963166
"chr1-0015",0.175467601815616
"chr1-0016",0.048877672827678
"chr1-0017",-0.0489495076217413
"chr1-0018",0.123722217482742
"chr1-0019",-0.0163917726971346
"chr1-0020",-0.0256259864614571
"chr1-0021",-0.112983912832057
"chr1-0022",-0.337917435665249
"chr1-0023",-0.0121736897060148
"chr1-0024",-0.0152259325421851
"chr1-0025",0.058991906002588
"chr1-0026",0.0946359091179305
"chr1-0027",-0.0657468354140299
"chr1-0028",-0.047048720413093
"chr1-0029",0.087987522992879
"chr1-0030",-0.065073102425229
"chr1-0031",0.0706646973512236
"chr1-0032",0.0305341726895871
"chr1-0033",0.116575961641778
"chr1-0034",-0.128733565467009
"chr1-0035",-0.0733696766222532
"chr1-0036",-0.322740773267937
"chr1-0037",0.361660721077306
"chr1-0038",-0.0954606131582146
"chr1-0039",-0.124177755843907
"chr1-0040",-0.158574547711904
"chr1-0041",-0.213268959058944
"chr1-0042",-0.0647700626508147
"chr1-0043",-0.147259160765731
"chr1-0044",0.185368087969705
"chr1-0045",0.121978199227361
"chr1-0046",-0.0342185398872514
"chr1-0047",-0.0680681802111922
"chr1-0048",-0.0875474501480269
"chr1-0049",-0.0291130824065145
"chr1-0050",-0.0266159476471835
"chr1-0051",-0.114918815926895
"chr1-0052",-0.141863221938109
"chr1-0053",-0.0433642526918955
"chr1-0054",0.192319466985444
"chr1-0055",0.0270006275094228
"chr1-0056",-0.186906827291534
"chr1-0057",-0.417985508704127
"chr1-0058",-0.193441852357636
"chr1-0059",-0.259770278998869
"chr1-0060",-0.450027324766512
"chr1-0061",-0.229788155082645
"chr1-0062",-0.0525047613044225
"chr1-0063",0.0474339967470213
"chr1-0064",0.0938936300073805
"chr1-0065",0.0492953211435965
"chr1-0066",0.176839725154703
"chr1-0067",0.13258931210377
"chr1-0068",-0.033581216424068
"chr1-0069",0.112910140316843
"chr1-0070",-0.216402953197627
"chr1-0071",0.279781697505177
"chr1-0072",-0.173789879440772
"chr1-0073",0.256959805953338
"chr1-0074",0.0281809136046728
"chr1-0075",-0.000912787736267389
"chr1-0076",0.210403532621493
"chr1-0077",0.0139769695767013
"chr1-0078",0.0189972154517032
"chr1-0079",-0.0620039611093171
"chr1-0080",-0.269512726628144
"chr1-0081",-0.0994318843368727
"chr1-0082",0.0400002283115367
"chr1-0083",0.256257400416696
"chr1-0084",0.00840403408872642
"chr1-0085",-0.0656874360923498
"chr1-0086",0.0689625216364098
"chr1-0087",0.39269460703627
"chr1-0088",0.235101203267304
"chr1-0089",-0.096370552841718
"chr1-0090",-0.236189424069491
"chr1-0091",0.0165390906169187
"chr1-0092",0.0528498255144845
"chr1-0093",-0.137033024911098
"chr1-0094",-0.174993942881242
"chr1-0095",-0.0809128056171459
"chr1-0096",-0.0481986983859262
"chr1-0097",-0.344095011612328
"chr1-0098",-0.221759919679629
"chr1-0099",-0.130317602320847
"chr1-0100",-0.297440228258913
"chr1-0101",-0.253553127316186
"chr1-0102",-0.0936311264709409
"chr1-0103",-0.208343606062557
"chr1-0104",-0.255008542144342
"chr1-0105",0.0855521723142938
"chr1-0106",0.0581434319532764
"chr1-0107",-0.0104119801955967
"chr1-0108",0.102013848685398
"chr1-0109",-0.292162972543799
"chr1-0110",0.0040047887880733
"chr1-0111",-0.00761966680567966
"chr1-0112",-0.418282992377887
"chr1-0113",-0.474613514950488
"chr1-0114",0.0201985556384657
"chr1-0115",-0.142382094212058
"chr1-0116",-0.48581291611288
"chr1-0117",0.00929752608569172
"chr1-0118",-0.221805220005644
"chr1-0119",-0.54854953868976
"chr1-0120",-0.394239777092143
"chr1-0121",-0.218534202940921
"chr1-0122",-0.392354073954038
"chr1-0123",-0.494217282869016
"chr1-0124",-0.0771791152582354
"chr1-0125",-0.182620863765156
"chr1-0126",-0.348944771248185
"chr1-0127",-0.115817207755773
"chr1-0128",-0.184272031258907
"chr1-0129",0.0516597424299897
"chr1-0130",0.0136682218323119
"chr1-0131",0.0841513133711769
"chr1-0132",-0.0202372755893849
"chr1-0133",0.30372937300704
"chr1-0134",0.249600168390456
"chr1-0135",-0.146246221116649
"chr1-0136",-0.176262887660932
"chr1-0137",-0.121468878123543
"chr1-0138",-0.00418253721519261
"chr1-0139",0.0417390085388508
"chr1-0140",0.322828454461268
"chr1-0141",0.188507167782356
"chr1-0142",0.301787840546484
"chr1-0143",0.216045153333801
"chr1-0144",0.128791239572192
"chr1-0145",0.0922876129763968
"chr1-0146",-0.0203068040238962
"chr1-0147",-0.382623163843099
"chr1-0148",-0.595881874881789
"chr1-0149",0.227495008872322
"chr1-0150",-0.277558732654042
"chr1-0151",0.0329526169938611
"chr1-0152",0.0250968257206637
"chr1-0153",-0.403756560529417
"chr1-0154",-0.581547988050262
"chr1-0155",-0.250531531779183
"chr1-0156",-0.360842286675217
"chr1-0157",-0.366324983442946
"chr1-0158",-0.272595678000862
"chr1-0159",-0.6195586045758
"chr1-0160",-0.0502310367951831
"chr1-0161",-0.339876734378143
"chr1-0162",-0.0562475943233696
"chr1-0163",-0.284415516037926
"chr1-0164",-0.202049151496044
"chr1-0165",-0.150231387317377
"chr1-0166",-0.00544019643667732
"chr1-0167",0.103842685927469
"chr1-0168",-0.127509154217137
"chr1-0169",-0.180462010982296
"chr1-0170",-0.0202091117925463
"chr1-0171",-0.196557022428837
"chr1-0172",-0.0949102792201366
"chr1-0173",-0.418478469426639
"chr1-0174",-0.14926081269606
"chr1-0175",-0.223908622164482
"chr1-0176",-0.242237682341455
"chr1-0177",-0.0750196255823343
"chr1-0178",-0.258888291883533
"chr1-0179",-0.258465488936061
"chr1-0180",-0.253506497724269
"chr1-0181",0.0571567703875313
"chr1-0182",0.762524638740547
"chr1-0183",0.270323574310562
"chr1-0184",-0.129917880477509
"chr1-0185",-0.191775834975291
"chr1-0186",-0.281397886648596
"chr1-0187",0.129628888816852
"chr1-0188",-0.195793919460297
"chr1-0189",-0.215544590706372
"chr1-0190",0.1284485399305
"chr1-0191",0.0489120641825632
"chr1-0192",-0.0107002332203991
"chr1-0193",0.0117925730137317
"chr1-0194",-0.256791815614785
"chr1-0195",-0.297733702977382
"chr1-0196",-0.30225112898209
"chr1-0197",0.0544382808947992
"chr1-0198",-0.0242308678767155
"chr1-0199",-0.191352899933542
"chr1-0200",-0.238144480620863
"chr1-0201",-0.166699513120313
"chr1-0202",-0.0929971101726613
"chr1-0203",-0.134396742275887
"chr1-0204",0.0678844939404375
"chr1-0205",-0.189854816633491
"chr1-0206",-0.228135271785229
"chr1-0207",-0.137473488441613
"chr1-0208",-0.0841891520625564
"chr1-0209",-0.26918695071929
"chr1-0210",-0.18690437955238
"chr1-0211",-0.0578295136589362
"chr1-0212",-0.0433320686213956
"chr1-0213",-0.291405674486485
"chr1-0214",-0.044194430931041
"chr1-0215",-0.184833354713733
"chr1-0216",-0.430003855019626
"chr1-0217",-0.241221700991801
"chr1-0218",0.11543467226487
"chr1-0219",0.209068017725069
"chr1-0220",-0.002927926468686
"chr1-0221",-0.025545885418339
"chr1-0222",0.012256435504646
"chr1-0223",-0.311245010717785
"chr1-0224",-0.319379782754757
"chr1-0225",-0.288248194723027
"chr1-0226",-0.320708835009487
"chr1-0227",-0.276350516512568
"chr1-0228",-0.275221831949264
"chr1-0229",-0.195556450814055
"chr1-0230",-0.156005691933933
"chr1-0231",-0.19604813066458
"chr1-0232",-0.196492296588539
"chr1-0233",-0.0603345878285627
"chr1-0234",-0.0701600011573558
"chr1-0235",0.0872738117096113
"chr1-0236",-0.12192880144334
"chr1-0237",-0.249705017725867
"chr1-0238",-0.31759448921441
"chr1-0239",-0.0859765611938918
"chr1-0240",-0.148137302352203
"chr1-0241",-0.11783167011978
"chr1-0242",-0.235182237821495
"chr1-0243",0.0355624063318276
"chr1-0244",-0.0115691106400498
"chr1-0245",0.0438512259288467
"chr1-0246",-0.0212383184757557
"chr1-0247",-0.00413047977202883
"chr1-0248",-0.00694825687120382
"chr1-0249",-0.10610774075248
"chr1-0250",-0.0413016740955999
"chr1-0251",0.0323033519322115
"chr1-0252",-0.130945122141928
"chr1-0253",0.134797713091023
"chr1-0254",-0.0340953939439146
"chr1-0255",-0.0326995866859991
"chr1-0256",0.178960374954764
"chr1-0257",0.443567702115978
"chr1-0258",-0.0489315216590273
"chr1-0259",-0.0314539994027308
"chr1-0260",-0.112178415838869
"chr1-0261",-0.0405676397344632
"chr1-0262",0.313435872511913
"chr1-0263",-0.096371153191808
"chr1-0264",-0.124379216897062
"chr1-0265",-0.311963548231037
"chr1-0266",-0.566133544789922
"chr1-0267",-0.541339416914268
"chr1-0268",-0.473682664823821
"chr1-0269",-0.514055270616292
"chr1-0270",-0.21077190765979
"chr1-0271",-0.553004085911643
"chr1-0272",-0.474303637034284
"chr1-0273",-0.397453031350678
"chr1-0274",-0.305551650486958
"chr1-0275",-0.416179569659749
"chr1-0276",-0.200423000961379
"chr1-0277",-0.0472912848577217
"chr1-0278",0.188848314019921
"chr1-0279",-0.0554591154349448
"chr1-0280",-0.281506442962499
"chr1-0281",-0.417171206190848
"chr1-0282",-0.0905646154949799
"chr1-0283",-0.134568890922243
"chr1-0284",-0.168235523800563
"chr1-0285",-0.281479936455794
"chr1-0286",-0.0389053351354393
"chr1-0287",0.0190369061097486
"chr1-0288",-0.130169495728941
"chr1-0289",-0.199686760999595
"chr1-0290",-0.261044229768581
"chr1-0291",-0.172816850578599
"chr1-0292",-0.284919354865677
"chr1-0293",0.319015649904238
"chr1-0294",-0.0803528937373662
"chr1-0295",-0.0298555245534302
"chr1-0296",-0.140492018638306
"chr1-0297",0.0460535510082572
"chr1-0298",-0.429667193414506
"chr1-0299",-0.272831176016819
"chr1-0300",0.00444750484884355
"chr1-0301",-0.145443133787085
"chr1-0302",-0.209485531889551
"chr1-0303",-0.368688825627854
"chr1-0304",-0.486713007822024
"chr1-0305",-0.334624803369484
"chr1-0306",-0.200728547982922
"chr1-0307",-0.156013466968513
"chr1-0308",-0.0115562752689787
"chr1-0309",0.228970160334668
"chr1-0310",0.161844891407819
"chr1-0311",0.133173016846488
"chr1-0312",-0.165224966856321
"chr1-0313",-0.0370378845598471
"chr1-0314",0.588716769445981
"chr1-0315",-0.0594553510166289
"chr1-0316",0.168810391581268
"chr1-0317",0.155915181154105
"chr1-0318",0.112978069457842
"chr1-0319",-0.0217166695340333
"chr1-0320",-0.0329787763149595
"chr1-0321",-0.12567343422023
"chr1-0322",-0.164337972704336
"chr1-0323",-0.396664828165311
"chr1-0324",-0.549961405907118
"chr1-0325",-0.296457382794561
"chr1-0326",-0.613838944290797
"chr1-0327",-0.371980930697835
"chr1-0328",-0.499479499633388
"chr1-0329",-0.215078130597654
"chr1-0330",-0.0572761009966751
"chr1-0331",-0.322394304071096
"chr1-0332",-0.16154070130129
"chr1-0333",-0.155731794459196
"chr1-0334",-0.116505034435178
"chr1-0335",-0.326201803926669
"chr1-0336",-0.410285558459762
"chr1-0337",-0.507619055015352
"chr1-0338",-0.433666711778199
"chr1-0339",-0.270230099303093
"chr1-0340",-0.288900229655595
"chr1-0341",-0.058383367435556
"chr1-0342",-0.160237111599971
"chr1-0343",-0.156992274835071
"chr1-0344",0.0856721901253557
"chr1-0345",0.19610450527833
"chr1-0346",-0.318691688995322
"chr1-0347",-0.0525093350952817
"chr1-0348",0.0217522131708015
"chr1-0349",-0.102964910553211
"chr1-0350",-0.104071877285904
"chr1-0351",-0.0444015783942444
"chr1-0352",-0.246908123633929
"chr1-0353",-0.305949078354427
"chr1-0354",0.04765905987126
"chr1-0355",-0.105338884150326
"chr1-0356",-0.0448932281889482
"chr1-0357",-0.0571362462035322
"chr1-0358",-0.123814235810964
"chr1-0359",-0.134727296955692
"chr1-0360",-0.272077949604686
"chr1-0361",-0.184046587656069
"chr1-0362",0.0969961275478995
"chr1-0363",-0.49558962882125
"chr1-0364",0.245633857589394
"chr1-0365",-0.198603760079481
"chr1-0366",-0.329553452086357
"chr1-0367",-0.430286977997104
"chr1-0368",-0.137896657185162
"chr1-0369",-0.420488551603309
"chr1-0370",-0.458501055219376
"chr1-0371",-0.260311104886379
"chr1-0372",-0.373380994111211
"chr1-0373",-0.149387956525539
"chr1-0374",-0.320717019020058
"chr1-0375",-0.262376182776462
"chr1-0376",-0.0830120592221881
"chr1-0377",-0.45258927185345
"chr1-0378",-0.196898472243859
"chr1-0379",-0.156444321816737
"chr1-0380",-0.285373407248641
"chr1-0381",-0.107745237536167
"chr1-0382",-0.0661141778801763
"chr1-0383",-0.323792534970448
"chr1-0384",-0.253674514882674
"chr1-0385",-0.147708037217006
"chr1-0386",-0.254205417995447
"chr1-0387",-0.116103977778393
"chr1-0388",-0.0263565897919875
"chr1-0389",-0.188508728725358
"chr1-0390",-0.234045226573939
"chr1-0391",-0.301261819536655
"chr1-0392",0.0916257599977613
"chr1-0393",-0.244584588982511
"chr1-0394",-0.325145929517429
"chr1-0395",-0.0734284891329931
"chr1-0396",-0.322035135483403
"chr1-0397",-0.310235184661556
"chr1-0398",-0.0624030261779756
"chr1-0399",-0.223603742784944
"chr1-0400",0.293485884296225
"chr1-0401",-0.04210804346963
"chr1-0402",0.136726835619749
"chr1-0403",0.0040370165181495
"chr1-0404",-0.125618777664965
"chr1-0405",-0.264406202126824
"chr1-0406",-0.0352487227582521
"chr1-0407",0.113176587864656
"chr1-0408",0.0045284316513525
"chr1-0409",-0.487480188058617
"chr1-0410",-0.0899149397177026
"chr1-0411",0.0073659170696744
"chr1-0412",-0.210726063056764
"chr1-0413",-0.156085919258532
"chr1-0414",-0.355649519626484
"chr1-0415",-0.285659638450379
"chr1-0416",-0.330208934483819
"chr1-0417",0.0134825172246255
"chr1-0418",-0.344985261521774
"chr1-0419",0.28402088516648
"chr1-0420",0.0189661046783214
"chr1-0421",-0.205330298252656
"chr1-0422",-0.376663938145747
"chr1-0423",-0.42732761275346
"chr1-0424",-0.533800783121959
"chr1-0425",-0.483490069598446
"chr1-0426",-0.256781708524204
"chr1-0427",-0.538237430380832
"chr1-0428",-0.511447311823612
"chr1-0429",-0.185240536944691
"chr1-0430",-0.109894371322674
"chr1-0431",-0.345480686029544
"chr1-0432",0.0386408884110124
"chr1-0433",-0.214154494943482
"chr1-0434",-0.175079021417961
"chr1-0435",0.0980345087511351
"chr1-0436",0.018785011991587
"chr1-0437",1.08152482762041
"chr1-0438",-0.0385788212595337
"chr1-0439",-0.101433074674694
"chr1-0440",-0.0122662699218264
"chr1-0441",0.403995574105875
"chr1-0442",-0.144068172606331
"chr1-0443",0.0310060855120654
"chr1-0444",0.231426622135986
"chr1-0445",-0.241302522731062
"chr1-0446",-0.317239257587077
"chr1-0447",-0.288481848527455
"chr1-0448",-0.136731544211976
"chr1-0449",0.0982627416983397
"chr1-0450",0.0659776624429622
"chr1-0451",-0.0620086196138247
"chr1-0452",0.12437449073122
"chr1-0453",-0.193770649145646
"chr1-0454",0.154965556077881
"chr1-0455",0.307992678986666
"chr1-0456",0.0851289121121432
"chr1-0457",0.0391289075642388
"chr1-0458",-0.164057467440519
"chr1-0459",-0.271067554332407
"chr1-0460",-0.290789364963661
"chr1-0461",0.442264969472067
"chr1-0462",-0.261693805083309
"chr1-0463",-0.436762259859761
"chr1-0464",0.24484569753735
"chr1-0465",-0.218262805762018
"chr1-0466",-0.14059525993755
"chr1-0467",-0.296378650822212
"chr1-0468",-0.180345899762095
"chr1-0469",-0.135561752080684
"chr1-0470",-0.0177583706960953
"chr1-0471",-0.327585097989325
"chr1-0472",-0.0701886007049332
"chr1-0473",-0.259951208477517
"chr1-0474",-0.541530657838201
"chr1-0475",0.004391198851642
"chr1-0476",-0.177151396003563
"chr1-0477",-0.2819173791568
"chr1-0478",-0.089655802404032
"chr1-0479",-0.498483113432725
"chr1-0480",-0.680154286294169
"chr1-0481",-0.435765735183354
"chr1-0482",-0.534479618527981
"chr1-0483",-0.33277433876
"chr1-0484",-0.324682463643527
"chr1-0485",0.022131792970054
"chr1-0486",-0.193796649559332
"chr1-0487",-0.321910136538249
"chr1-0488",-0.315103606397777
"chr1-0489",-0.0656409243088677
"chr1-0490",-0.592027146722175
"chr1-0491",-0.208218015365773
"chr1-0492",-0.26822211349231
"chr1-0493",-0.459590297567465
"chr1-0494",-0.128618153414411
"chr1-0495",-0.1273362376906
"chr1-0496",-0.185987507042823
"chr1-0497",-0.177678219258058
"chr1-0498",-0.401533872886427
"chr1-0499",-0.402197895997275
"chr1-0500",-0.434508920983125
"chr1-0501",-0.112037475846616
"chr1-0502",-0.233651855465621
"chr1-0503",-0.943702808198508
"chr1-0504",-0.293847243764321
"chr1-0505",-0.189979202220093
"chr1-0506",0.0891310799853071
"chr1-0507",0.0274887703386472
"chr1-0508",-0.511208923912786
"chr1-0509",0.0806507276988216
"chr1-0510",-0.355232402431519
"chr1-0511",0.169261219494977
"chr1-0512",0.178486944253974
"chr1-0513",0.0506576704784522
"chr1-0514",0.034180971479723
"chr1-0515",0.0308373984736766
"chr1-0516",0.0843127867283193
"chr1-0517",0.39196139949177
"chr1-0518",-0.368306367367499
"chr1-0519",-0.184358320630392
"chr1-0520",0.43903853772765
"chr1-0521",0.293800267541659
"chr1-0522",0.00959082978174902
"chr1-0523",-0.286448844732788
"chr1-0524",-0.0877057129046046
"chr1-0525",0.12546825915616
"chr1-0526",-0.0999467207573655
"chr1-0527",-0.542567255817412
"chr1-0528",-0.381662522661431
"chr1-0529",-0.161076108158426
"chr1-0530",-0.511433314491523
"chr1-0531",-0.454067905404853
"chr1-0532",-0.0907037379172399
"chr1-0533",0.133728333290156
"chr1-0534",-0.045826132376604
"chr1-0535",-0.119269633209027
"chr1-0536",-0.111412250216986
"chr1-0537",-0.254018494686295
"chr1-0538",0.0776360384873685
"chr1-0539",0.295354420052136
"chr1-0540",-0.326145025812388
"chr1-0541",0.153679892717042
"chr1-0542",-0.226037199348576
"chr1-0543",0.25117809117489
"chr1-0544",0.0236239817407172
"chr1-0545",0.0193583874916841
"chr1-0546",-0.481022512700466
"chr1-0547",-0.181610353419712
"chr1-0548",-0.274382659740857
"chr1-0549",-0.0293141378065658
"chr1-0550",0.101203475676969
"chr1-0551",0.0666449257498631
"chr1-0552",0.0662735511828485
"chr1-0553",0.376368219158542
"chr1-0554",0.137863811684912
"chr1-0555",-0.276227269152739
"chr1-0556",-0.200107465945978
"chr1-0557",-0.407779098123649
"chr1-0558",-0.302210513905449
"chr1-0559",0.258814013442253
"chr1-0560",-0.257331690940508
"chr1-0561",-0.260392195842655
"chr1-0562",-0.305340487768226
"chr1-0563",0.266536539741615
"chr1-0564",0.250271181109072
"chr1-0565",0.460604537787777
"chr1-0566",0.00354249170076605
"chr1-0567",-0.376013940908724
"chr1-0568",-0.219280669055506
"chr1-0569",0.364377295586373
"chr1-0570",-0.069748689652549
"chr1-0571",0.285330294294151
"chr1-0572",0.146564458835209
"chr1-0573",-0.18964700375212
"chr1-0574",-0.333577721411037
"chr1-0575",-0.238048583876547
"chr1-0576",-0.207248746051199
"chr1-0577",-0.48707241331074
"chr1-0578",-0.108921460918943
"chr1-0579",-0.0491583669688262
"chr1-0580",-0.206794836620482
"chr1-0581",0.100921923491441
"chr1-0582",-0.136014814089989
"chr1-0583",-0.272610510151184
"chr1-0584",0.0906316354085273
"chr1-0585",-0.100946166505063
"chr1-0586",0.0821030859876283
"chr1-0587",-0.280625190060263
"chr1-0588",0.495329476979747
"chr1-0589",0.281095217222848
"chr1-0590",-0.00325635085116835
"chr1-0591",0.117024322902995
"chr1-0592",-0.256701798162355
"chr1-0593",-0.097808857861677
"chr1-0594",-0.0167131951583936
"chr1-0595",-0.0189143769722555
"chr1-0596",0.0648115277922388
"chr1-0597",0.417550587850379
"chr1-0598",-0.104312787002595
"chr1-0599",0.11251063845487
"chr1-0600",-0.253905088444857
"chr1-0601",0.302230871417632
"chr1-0602",-0.076432026226555
"chr1-0603",-0.0103127840564287
"chr1-0604",0.124212070347367
"chr1-0605",0.0526005884914793
"chr1-0606",0.227191750586715
"chr1-0607",-0.316307742550585
"chr1-0608",-0.157851890164629
"chr1-0609",-0.0359862529247136
"chr1-0610",-0.113685398966732
"chr1-0611",0.0585911808186847
"chr1-0612",-0.149221766885943
"chr1-0613",0.0016408858404076
"chr1-0614",-0.137572613845428
"chr1-0615",-0.189080034402343
"chr1-0616",-0.064508343613129
"chr1-0617",-0.359928555985067
"chr1-0618",-0.0604486588598461
"chr1-0619",-0.227432263245619
"chr1-0620",0.115121851429526
"chr1-0621",0.166393258838818
"chr1-0622",-0.165313539891088
"chr1-0623",0.224823960694943
"chr1-0624",0.00539073501970138
"chr1-0625",-0.0721586707889368
"chr1-0626",-0.216009922873624
"chr1-0627",-0.160184920252602
"chr1-0628",0.0277617956630119
"chr1-0629",0.0665475903800925
"chr1-0630",0.265707693233057
"chr1-0631",0.500506836806632
"chr1-0632",0.166874298689275
"chr1-0633",0.183395687896274
"chr1-0634",-0.171222763390644
"chr1-0635",-0.160265834734311
"chr1-0636",0.0422782887865127
"chr1-0637",-0.247230445802099
"chr1-0638",-0.0277880309335189
"chr1-0639",-0.303134054468688
"chr1-0640",-0.0831515096619304
"chr1-0641",0.0909385553564421
"chr1-0642",-0.243279681492393
"chr1-0643",-0.0556604271799699
"chr1-0644",0.130813152121718
"chr1-0645",-0.379193588159568
"chr1-0646",-0.0137089156060889
"chr1-0647",-0.116928505202927
"chr1-0648",-0.186334875057227
"chr1-0649",-0.314428646660453
"chr1-0650",-0.336788320174818
"chr1-0651",-0.0666834107206287
"chr1-0652",0.502418871320372
"chr1-0653",-0.15285266515966
"chr1-0654",-0.126309768990614
"chr1-0655",0.174407095220666
"chr1-0656",0.0701744614253805
"chr1-0657",0.00597607166536668
"chr1-0658",0.113467891055506
"chr1-0659",-0.18982354230412
"chr1-0660",0.243496802371459
"chr1-0661",-0.0755810061579687
"chr1-0662",-0.190759950833869
"chr1-0663",0.250005725488146
"chr1-0664",-0.230005154310094
"chr1-0665",-0.559017354231042
"chr1-0666",-0.225880048942162
"chr1-0667",-0.250495597602647
"chr1-0668",-0.315215543701753
"chr1-0669",-0.279643706735744
"chr1-0670",-0.0371197546907245
"chr1-0671",-0.206327386826882
"chr1-0672",-0.219951094080466
"chr1-0673",-0.161185194145713
"chr1-0674",-0.297184387650698
"chr1-0675",-0.087831888396951
"chr1-0676",-0.185440962487385
"chr1-0677",-0.103143519397804
"chr1-0678",-0.198325816150855
"chr1-0679",0.119501807148784
"chr1-0680",-0.384068904319497
"chr1-0681",-0.0858323329021042
"chr1-0682",0.0458938427252221
"chr1-0683",-0.0380001236032515
"chr1-0684",0.243813120232449
"chr1-0685",-0.470455013244332
"chr1-0686",0.223300217832253
"chr1-0687",-0.416446905140024
"chr1-0688",-0.0634275291205149
"chr1-0689",-0.0438067777689704
"chr1-0690",0.120714964895593
"chr1-0691",0.087655197782198
"chr1-0692",-0.403178765911162
"chr1-0693",0.00757021416234423
"chr1-0694",-0.439771500826684
"chr1-0695",0.0417304839696739
"chr1-0696",0.0328586882691394
"chr1-0697",-0.049098398013168
"chr1-0698",0.0863350431759253
"chr1-0699",-0.0358283357539094
"chr1-0700",-0.159781151088901
"chr1-0701",0.06834164063527
"chr1-0702",0.449204888278378
"chr1-0703",-0.210870869984671
"chr1-0704",-0.240073570499898
"chr1-0705",-0.0942884136144521
"chr1-0706",-0.175188201052572
"chr1-0707",-0.110977128530121
"chr1-0708",0.0926998276817248
"chr1-0709",-0.282142504234489
"chr1-0710",-0.16208960782965
"chr1-0711",0.129914351873482
"chr1-0712",-0.0633960014027794
"chr1-0713",-0.0784052152818088
"chr1-0714",0.231277607852854
"chr1-0715",-0.603623215004775
"chr1-0716",0.366611448475992
"chr1-0717",0.310337787257578
"chr1-0718",-0.293945229968842
"chr1-0719",-0.270270612184353
"chr1-0720",0.0560308535347023
"chr1-0721",-0.610750064803634
"chr1-0722",0.652035748086288
"chr1-0723",-0.309950337565178
"chr1-0724",-0.00768555854946447
"chr1-0725",-0.108069316992206
"chr1-0726",-0.146687098487648
"chr1-0727",-0.0628259097758822
"chr1-0728",0.0253238670711991
"chr1-0729",-0.0853399625336495
"chr1-0730",-0.19859154200975
"chr1-0731",-0.133433175548914
"chr1-0732",-0.277543527433058
"chr1-0733",-0.202257429556448
"chr1-0734",-0.560184975974694
"chr1-0735",-0.365861553787094
"chr1-0736",-0.27281861000122
"chr1-0737",-0.548431269711483
"chr1-0738",-0.323099591337803
"chr1-0739",-0.205084483502623
"chr1-0740",-0.457668855778636
"chr1-0741",-0.0506928361685873
"chr1-0742",-0.0808357477057767
"chr1-0743",-0.297583222437649
"chr1-0744",-0.344505679082291
"chr1-0745",-0.123396375995703
"chr1-0746",-0.537293224934239
"chr1-0747",-0.599989892305285
"chr1-0748",-0.221890392104205
"chr1-0749",-0.404804235748541
"chr1-0750",-0.576385916608734
"chr1-0751",-0.400662702556216
"chr1-0752",-0.13436432905971
"chr1-0753",-0.431624728171533
"chr1-0754",0.166112915210356
"chr1-0755",-0.150288015789025
"chr1-0756",-0.413182626647139
"chr1-0757",-0.2606924503585
"chr1-0758",-0.368425275477355
"chr1-0759",-0.0389599438117754
"chr1-0760",-0.0565111272440033
"chr1-0761",-0.18904196617629
"chr1-0762",-0.229239094072789
"chr1-0763",0.120971089779727
"chr1-0764",-0.151074397104447
"chr1-0765",-0.189228195059501
"chr1-0766",-0.278528541066243
"chr1-0767",-0.416688604353948
"chr1-0768",0.0830492659049682
"chr1-0769",0.102741362349364
"chr1-0770",0.0934406826016243
"chr1-0771",-0.26727557961701
"chr1-0772",-0.153428716173173
"chr1-0773",-0.477772996080656
"chr1-0774",0.0536117952235941
"chr1-0775",0.113618826154946
"chr1-0776",-0.179375849191783
"chr1-0777",-0.0428068898469405
"chr1-0778",0.0466965774671696
"chr1-0779",-0.174294398198926
"chr1-0780",-0.32072565282392
"chr1-0781",-0.300319945116035
"chr1-0782",-0.140034206385613
"chr1-0783",-0.43840183300474
"chr1-0784",-0.183171244159499
"chr1-0785",-0.400278902198407
"chr1-0786",-0.148772123702309
"chr1-0787",-0.0538049238868699
"chr1-0788",-0.0733333956887184
"chr1-0789",-0.501486771907072
"chr1-0790",-0.224734384055815
"chr1-0791",-0.28483641000218
"chr1-0792",-0.16527286968666
"chr1-0793",-0.175257353952472
"chr1-0794",-0.258180218997352
"chr1-0795",-0.457019859347167
"chr1-0796",-0.0259340926549772
"chr1-0797",-0.415980791765004
"chr1-0798",-0.302813732453764
"chr1-0799",-0.429695496879662
"chr1-0800",-0.142650526441276
"chr1-0801",-0.533850603896568
"chr1-0802",-0.219326195855039
"chr1-0803",-0.722861549477682
"chr1-0804",-0.234901519140532
"chr1-0805",-0.349544008185656
"chr1-0806",0.443530977203682
"chr1-0807",0.0195174144490337
"chr1-0808",0.00751769303455075
"chr1-0809",-0.298290951988444
"chr1-0810",-0.333320250449661
"chr1-0811",-0.213568168189419
"chr1-0812",-0.051639938968755
"chr1-0813",0.0823257582636849
"chr1-0814",-0.121160762439044
"chr1-0815",-0.232911327580274
"chr1-0816",0.00596903846385674
"chr1-0817",-0.040307404881168
"chr1-0818",0.347596074787406
"chr1-0819",0.115323102187003
"chr1-0820",0.0644185405380922
"chr1-0821",0.24695788581126
"chr1-0822",0.350607618648812
"chr1-0823",0.301768771056199
"chr1-0824",-0.105863150216976
"chr1-0825",0.0367524040154844
"chr1-0826",0.102395359527195
"chr1-0827",0.0610513672447388
"chr1-0828",0.213393324428497
"chr1-0829",-0.409047822558588
"chr1-0830",0.0433274561677237
"chr1-0831",-0.0703660886287888
"chr1-0832",-0.261505192033706
"chr1-0833",0.133406093872476
"chr1-0834",-0.178363616539417
"chr1-0835",-0.0763718030233645
"chr1-0836",-0.0264787635921877
"chr1-0837",0.0848405766475851
"chr1-0838",0.0246699915071714
"chr1-0839",-0.165794085643209
"chr1-0840",-0.330371810955785
"chr1-0841",0.137726548522811
"chr1-0842",0.284234867726299
"chr1-0843",0.201196295834149
"chr1-0844",0.359835615241828
"chr1-0845",-0.00514404707467286
"chr1-0846",0.101766602363808
"chr1-0847",-0.126945085744126
"chr1-0848",-0.0533321286610403
"chr1-0849",-0.160788150970533
"chr1-0850",0.0523221047761661
"chr1-0851",0.174167925638465
"chr1-0852",-0.623943289303518
"chr1-0853",-0.136075024434614
"chr1-0854",-0.0905655215892155
"chr1-0855",-0.0565042389694794
"chr1-0856",-0.117842633918919
"chr1-0857",0.126506289897665
"chr1-0858",-0.29587637766421
"chr1-0859",-0.0680791011932498
"chr1-0860",-0.0479162991157468
"chr1-0861",0.82396975040119
"chr1-0862",0.0738700048902781
"chr1-0863",-0.041781268405948
"chr1-0864",-0.0273814232811675
"chr1-0865",-0.0523688563595528
"chr1-0866",-0.210786965099824
"chr1-0867",-0.0207167772459016
"chr1-0868",0.083244433104959
"chr1-0869",-0.0998577614690233
"chr1-0870",0.0835943181096899
"chr1-0871",-0.184470078981241
"chr1-0872",-0.148655789277387
"chr1-0873",-0.271855278759141
"chr1-0874",0.100862358799453
"chr1-0875",-0.0746414446361059
"chr1-0876",0.167228825500745
"chr1-0877",0.0414786541835402
"chr1-0878",-0.249403745671743
"chr1-0879",0.112056421424959
"chr1-0880",-0.25581679193238
"chr1-0881",-0.387719670751167
"chr1-0882",-0.527143643252251
"chr1-0883",-0.491014819253892
"chr1-0884",-0.278100418326832
"chr1-0885",-0.512381044225133
"chr1-0886",-0.514385047812691
"chr1-0887",-0.349711733905822
"chr1-0888",-0.094565152713124
"chr1-0889",-0.15804862495201
"chr1-0890",-0.141698275830421
"chr1-0891",-0.14919949994971
"chr1-0892",-0.251643310448135
"chr1-0893",0.122869005170133
"chr1-0894",-0.138740453539279
"chr1-0895",-0.210884601325327
"chr1-0896",-0.0682837065884641
"chr1-0897",0.215445407667096
"chr1-0898",-0.1447292383749
"chr1-0899",-0.38521129222735
"chr1-0900",-0.256550362600585
"chr1-0901",-0.172078912972532
"chr1-0902",-0.103963406510718
"chr1-0903",-0.196103182780849
"chr1-0904",-0.222290643722664
"chr1-0905",0.120196614686905
"chr1-0906",-0.0402477334535067
"chr1-0907",-0.00526017967542375
"chr1-0908",-0.305559104603214
"chr1-0909",-0.00541889581267852
"chr1-0910",-0.00504394924807205
"chr1-0911",-0.141303034020144
"chr1-0912",-0.206585890634696
"chr1-0913",0.00364306813722498
"chr1-0914",-0.145137599328014
"chr1-0915",-0.343064700445272
"chr1-0916",-0.184152009101768
"chr1-0917",-0.299737422362925
"chr1-0918",0.107653042804433
"chr1-0919",-0.059234821512275
"chr1-0920",-0.0934885074962284
"chr1-0921",-0.211674408456055
"chr1-0922",-0.307165418433355
"chr1-0923",-0.318778447520928
"chr1-0924",-0.33350512171938
"chr1-0925",-0.620118919126584
"chr1-0926",0.309021411494098
"chr1-0927",-0.254189741584287
"chr1-0928",-0.115371960871081
"chr1-0929",-0.0709428837882494
"chr1-0930",-0.232450485321558
"chr1-0931",-0.729266604221139
"chr1-0932",-0.266656935828038
"chr1-0933",-0.294923674653215
"chr1-0934",-0.139285941245869
"chr1-0935",-0.381556303503055
"chr1-0936",-0.442011031073579
"chr1-0937",-0.443087919539303
"chr1-0938",-0.505553008398414
"chr1-0939",-0.146945420221881
"chr1-0940",-0.278587580815374
"chr1-0941",-0.417945758650685
"chr1-0942",-0.27343411957318
"chr1-0943",-0.100103653281534
"chr1-0944",-0.283817489718869
"chr1-0945",-0.203355417041924
"chr1-0946",-0.201047178965623
"chr1-0947",-0.489425461449409
"chr1-0948",-0.772074027822397
"chr1-0949",-0.441702746779214
"chr1-0950",-0.00165108188883308
"chr1-0951",-0.080557837849019
"chr1-0952",-0.047245214406673
"chr1-0953",-0.236464141264724
"chr1-0954",-0.123595171871638
"chr1-0955",0.0364463107278123
"chr1-0956",-0.100463204893355
"chr1-0957",0.0308254423466413
"chr1-0958",0.263300255535912
"chr1-0959",-0.205251080793106
"chr1-0960",-0.152954718455744
"chr1-0961",-0.295214371881187
"chr1-0962",-0.180745606331055
"chr1-0963",-0.559243162513327
"chr1-0964",-0.317479773820229
"chr1-0965",0.0952592031309863
"chr1-0966",-0.169960005115531
"chr1-0967",-0.278217697796908
"chr1-0968",-0.177079124644963
"chr1-0969",-0.377381336710369
"chr1-0970",-0.334022038883715
"chr1-0971",0.519207071697357
"chr1-0972",0.0497147596636478
"chr1-0973",-0.26332212931327
"chr1-0974",-0.041113072118894
"chr1-0975",0.189920083691723
"chr1-0976",-0.26994408241192
"chr1-0977",-0.304144943451973
"chr1-0978",-0.332802958248745
"chr1-0979",-0.147157210362446
"chr1-0980",-0.235985161795695
"chr1-0981",-0.682519646781601
"chr1-0982",-0.153408304216124
"chr1-0983",-0.139823106843849
"chr1-0984",-0.290488577647527
"chr1-0985",-0.0714034078916169
"chr1-0986",-0.335847295436588
"chr1-0987",-0.397235651052292
"chr1-0988",-0.489881432622949
"chr1-0989",-0.0678354061469029
"chr1-0990",0.111102769271091
"chr1-0991",-0.0314079333467096
"chr1-0992",-0.0740192424201851
"chr1-0993",0.128560387243594
"chr1-0994",0.0262198735851427
"chr1-0995",-0.244180026877886
"chr1-0996",-0.0601476303046272
"chr1-0997",-0.162500817871206
"chr1-0998",-0.0333373230300128
"chr1-0999",-0.278776844870125
"chr1-1000",-0.208466195018584
"chr1-1001",-0.232464257110601
"chr1-1002",-0.0127192661143377
"chr1-1003",-0.103961389050424
"chr1-1004",-0.127894229259485
"chr1-1005",-0.118586749247005
"chr1-1006",-0.398647811438141
"chr1-1007",-0.439022964455911
"chr1-1008",0.0225978928408155
"chr1-1009",-0.0593229315839883
"chr1-1010",-0.282014628897797
"chr1-1011",0.000222897457283197
"chr1-1012",-0.101169696297087
"chr1-1013",-0.268749763278026
"chr1-1014",-0.0816011111597485
"chr1-1015",0.0448719301024003
"chr1-1016",-0.340044658921092
"chr1-1017",-0.000549710755435109
"chr1-1018",0.260176777771802
"chr1-1019",0.0301497122108103
"chr1-1020",0.2819818724637
"chr1-1021",-0.215370672381597
"chr1-1022",-0.0983341822902601
"chr1-1023",0.163865557520359
"chr1-1024",0.296812741615232
"chr1-1025",-0.0618125459989639
"chr1-1026",-0.00846444072826332
"chr1-1027",-0.299214477688013
"chr1-1028",-0.0128400340007157
"chr1-1029",0.498364174951451
"chr1-1030",-0.122425879208107
"chr1-1031",-0.0555638442158295
"chr1-1032",-0.179651756596345
"chr1-1033",-0.1678789610968
"chr1-1034",-0.0114614264681801
"chr1-1035",-0.489454156666867
"chr1-1036",-0.285230820918298
"chr1-1037",0.0187480009448033
"chr1-1038",0.214210937128441
"chr1-1039",-0.11581079241751
"chr1-1040",-0.136417465230038
"chr1-1041",0.621384079725249
"chr1-1042",0.27702424570937
"chr1-1043",-0.0475329614556473
"chr1-1044",0.0854420533803617
"chr1-1045",-0.327210948818061
"chr1-1046",0.318315493352944
"chr1-1047",0.63080744740129
"chr1-1048",-0.355221237137661
"chr1-1049",-0.154231991027435
"chr1-1050",-0.0254851954485865
"chr1-1051",-0.511688503945048
"chr1-1052",-0.454037042757444
"chr1-1053",-0.460194572735224
"chr1-1054",-0.141721964713362
"chr1-1055",-0.0256320694960407
"chr1-1056",-0.380837583386301
"chr1-1057",-0.137723259883621
"chr1-1058",-0.18484108219869
"chr1-1059",-0.423068182387922
"chr1-1060",-0.513995182063582
"chr1-1061",-0.157139097895756
"chr1-1062",-0.162420894027626
"chr1-1063",0.0467211480898814
"chr1-1064",0.104400807708435
"chr1-1065",-0.0749733829735788
"chr1-1066",-0.31019699919901
"chr1-1067",-0.0602213837702149
"chr1-1068",-0.0241246782107408
"chr1-1069",-0.236824296069771
"chr1-1070",0.126019124274496
"chr1-1071",-0.106225348932305
"chr1-1072",0.233740578476393
"chr1-1073",-0.0382978183515329
"chr1-1074",-0.149047820807804
"chr1-1075",-0.349861234096351
"chr1-1076",-0.109545897026638
"chr1-1077",-0.188703369993445
"chr1-1078",-0.211680269726782
"chr1-1079",-0.436967504019378
"chr1-1080",-0.0841381254013174
"chr1-1081",0.153468605057335
"chr1-1082",-0.209099902492653
"chr1-1083",-0.0376815469267893
"chr1-1084",-0.284196834390484
"chr1-1085",-0.24806420707569
"chr1-1086",-0.093478672751781
"chr1-1087",-0.379480661067906
"chr1-1088",-0.441734384876456
"chr1-1089",-0.430531945700587
"chr1-1090",-0.49230437850957
"chr1-1091",-0.118785306080351
"chr1-1092",-0.570031252384509
"chr1-1093",-0.285179402089722
"chr1-1094",-0.189902231735634
"chr1-1095",-0.18191990465159
"chr1-1096",-0.217670270563465
"chr1-1097",0.544927292835597
"chr1-1098",-0.17115932125075
"chr1-1099",0.236282472342638
"chr1-1100",-0.145151493649403
"chr1-1101",-0.0804065790742354
"chr1-1102",-0.0374096917841229
"chr1-1103",0.0187575786475129
"chr1-1104",-0.25903319293791
"chr1-1105",-0.121229839948805
"chr1-1106",-0.120052643964076
"chr1-1107",-0.30482811350474
"chr1-1108",-0.283280904306004
"chr1-1109",-0.0156314623696087
"chr1-1110",-0.403920841334327
"chr1-1111",0.21020924827912
"chr1-1112",0.0186207434590811
"chr1-1113",-0.2726190221861
"chr1-1114",-0.0521057070500379
"chr1-1115",-0.279369304349345
"chr1-1116",-0.00109625241851446
"chr1-1117",0.134193202502703
"chr1-1118",-0.213328285307009
"chr1-1119",-0.0218236689458795
"chr1-1120",-0.293302827280178
"chr1-1121",-0.101945160392065
"chr1-1122",-0.328924145342962
"chr1-1123",-0.107847183813114
"chr1-1124",0.472611963987472
"chr1-1125",-0.119892953771228
"chr1-1126",0.458365760386815
"chr1-1127",0.198266650406773
"chr1-1128",0.00436781494525826
"chr1-1129",0.309320502112939
"chr1-1130",-0.0260407353242709
"chr1-1131",-0.0931490280437129
"chr1-1132",0.719715808127727
"chr1-1133",0.292739696987107
"chr1-1134",0.503240207378525
"chr1-1135",0.0965611884524142
"chr1-1136",-0.0424617889686421
"chr1-1137",0.379231717076651
"chr1-1138",-0.225418953411845
"chr1-1139",-0.206766895967264
"chr1-1140",-0.320978690097461
"chr1-1141",0.136523690620288
"chr1-1142",0.0140683901285478
"chr1-1143",0.0588163794534232
"chr1-1144",0.28421930912233
"chr1-1145",0.380823315940226
"chr1-1146",-0.0888748175535001
"chr1-1147",0.150713384623045
"chr1-1148",0.195662395945187
"chr1-1149",0.135469617919088
"chr1-1150",-0.205880076291696
"chr1-1151",0.0190502878053333
"chr1-1152",-0.0817132953033421
"chr1-1153",-0.277140435654118
"chr1-1154",-0.168588295832486
"chr1-1155",-0.295020304061376
"chr1-1156",-0.254313933826202
"chr1-1157",0.13751581496377
"chr1-1158",0.0633055180314555
"chr1-1159",0.0125029619567106
"chr1-1160",0.0514992491138483
"chr1-1161",0.0701532998637621
"chr1-1162",0.0588416704614551
"chr1-1163",0.392406391335008
"chr1-1164",0.0906789970657797
"chr1-1165",-0.256111066019299
"chr1-1166",0.17436052617352
"chr1-1167",0.339040128531795
"chr1-1168",-0.126626329308803
"chr1-1169",0.176867037589434
"chr1-1170",0.146928007402279
"chr1-1171",-0.215792740013541
"chr1-1172",-0.171802610005159
"chr1-1173",-0.0660645740164481
"chr1-1174",-0.200650713435785
"chr1-1175",-0.380161588571717
"chr1-1176",-0.25790263937344
"chr1-1177",-0.2146933851997
"chr1-1178",-0.289971014904498
"chr1-1179",-0.315239927246141
"chr1-1180",0.00988526986362571
"chr1-1181",-0.293747265237211
"chr1-1182",0.0318967589819006
"chr1-1183",-0.274615685773374
"chr1-1184",-0.138333633393119
"chr1-1185",0.224246731967145
"chr1-1186",-0.72616152491725
"chr1-1187",-0.28873012784315
"chr1-1188",-0.108757746607362
"chr1-1189",-0.253794610117602
"chr1-1190",-0.0387014607328842
"chr1-1191",-0.0968359823236515
"chr1-1192",-0.276533479986704
"chr1-1193",-0.45067848058749
"chr1-1194",-0.213694984720289
"chr1-1195",-0.142179437049246
"chr1-1196",-0.52351811685919
"chr1-1197",-0.243569010896783
"chr1-1198",-0.105959064316795
"chr1-1199",0.111826815991887
"chr1-1200",-0.209927172203573
"chr1-1201",-0.304334473416233
"chr1-1202",0.0413545040152362
"chr1-1203",-0.291313618167329
"chr1-1204",-0.156190353041655
"chr1-1205",-0.00545519874163296
"chr1-1206",-0.260490102421979
"chr1-1207",-0.552673979936669
"chr1-1208",-0.310422352684314
"chr1-1209",-0.174898551988187
"chr1-1210",-0.201371086427095
"chr1-1211",-0.33407414937052
"chr1-1212",-0.11868577648767
"chr1-1213",-0.305635248022397
"chr1-1214",-0.461482554714723
"chr1-1215",-0.174729655353362
"chr1-1216",-0.0739883975322723
"chr1-1217",-0.122065013758757
"chr1-1218",-0.0846219090216115
"chr1-1219",-0.264848683700111
"chr1-1220",-0.388286954388178
"chr1-1221",-0.183954854429949
"chr1-1222",-0.150205069872579
"chr1-1223",-0.270992516198027
"chr1-1224",-0.168964772937817
"chr1-1225",-0.196609654623859
"chr1-1226",-0.191150003181034
"chr1-1227",-0.429112874496576
"chr1-1228",-0.543048550382603
"chr1-1229",-0.314588039274098
"chr1-1230",-0.0421500507027289
"chr1-1231",-0.30572551743748
"chr1-1232",-0.245625192769855
"chr1-1233",-0.215021724826818
"chr1-1234",-0.00272118526971714
"chr1-1235",-0.120615654919219
"chr1-1236",-0.0483726188995459
"chr1-1237",-0.295235529371585
"chr1-1238",-0.672057553268131
"chr1-1239",-0.256897756278107
"chr1-1240",-0.57218657103553
"chr1-1241",-0.24411841974833
"chr1-1242",-0.202987636534756
"chr1-1243",-0.551325867707326
"chr1-1244",-0.387912881476437
"chr1-1245",-0.475846503136986
"chr1-1246",-0.287529855489227
"chr1-1247",-0.320761913908217
"chr1-1248",-0.161192603011691
"chr1-1249",-0.0335142860784091
"chr1-1250",-0.05306776542289
"chr1-1251",-0.214434166698046
"chr1-1252",-0.569936903574591
"chr1-1253",-0.456404938887485
"chr1-1254",-0.0254464702564374
"chr1-1255",0.0938041353261874
"chr1-1256",-0.209676493747663
"chr1-1257",-0.130680701175065
"chr1-1258",-0.230603413007506
"chr1-1259",-0.269907753808172
"chr1-1260",-0.529671497329968
"chr1-1261",0.120993098960645
"chr1-1262",-0.334595637277909
"chr1-1263",-0.258567419158998
"chr1-1264",-0.138398775767844
"chr1-1265",0.368152004918369
"chr1-1266",-0.415621909109069
"chr1-1267",-0.0719590616583477
"chr1-1268",-0.117327703462355
"chr1-1269",-0.078865195465948
"chr1-1270",0.0299827214029975
"chr1-1271",-0.215811818113836
"chr1-1272",-0.0531403719555728
"chr1-1273",-0.0177411290471212
"chr1-1274",-0.0887047851015411
"chr1-1275",0.064807802758283
"chr1-1276",-0.0850365145039798
"chr1-1277",-0.0450590584088807
"chr1-1278",-0.00174618685981076
"chr1-1279",-0.0553399149659572
"chr1-1280",0.102286095162101
"chr1-1281",0.0531239328995092
"chr1-1282",-0.125730118537111
"chr1-1283",0.0354286449030647
"chr1-1284",0.187979343509082
"chr1-1285",0.391628922711835
"chr1-1286",-0.225747184644919
"chr1-1287",-0.0341612631844778
"chr1-1288",-0.191578960310327
"chr1-1289",0.0379527459537677
"chr1-1290",0.150249715496419
"chr1-1291",-0.179644380102207
"chr1-1292",0.14720893445541
"chr1-1293",-0.0472747373164994
"chr1-1294",-0.207814289970588
"chr1-1295",0.0685877027049631
"chr1-1296",0.276919154615457
"chr1-1297",0.0355010886523534
"chr1-1298",0.0170402958295111
"chr1-1299",-0.346837841966553
"chr1-1300",-0.144066486936139
"chr1-1301",-0.30277978192028
"chr1-1302",-0.0760790756596855
"chr1-1303",0.449063865335733
"chr1-1304",0.551955935364962
"chr1-1305",-0.239425901126235
"chr1-1306",-0.237866496607644
"chr1-1307",-0.412031997805454
"chr1-1308",0.275856918765091
"chr1-1309",0.182765919557591
"chr1-1310",-0.163305539861029
"chr1-1311",0.187440490768396
"chr1-1312",-0.413510069531889
"chr1-1313",-0.188868852002791
"chr1-1314",-0.289389121321072
"chr1-1315",-0.183683601789539
"chr1-1316",-0.0688960731671203
"chr1-1317",0.0478469457323453
"chr1-1318",-0.306742425266956
"chr1-1319",0.111226567235324
"chr1-1320",-0.0993492494910216
"chr1-1321",-0.152912903426674
"chr1-1322",-0.134813672421928
"chr1-1323",-0.125628706162396
"chr1-1324",-0.254588561557965
"chr1-1325",-0.386398250689262
"chr1-1326",-0.556820001314615
"chr1-1327",0.173398390896422
"chr1-1328",-0.525121838249144
"chr1-1329",-0.363593484634306
"chr1-1330",-0.171408534860651
"chr1-1331",0.104508669064886
"chr1-1332",0.168325747898386
"chr1-1333",0.248415549611915
"chr1-1334",-0.225794270994026
"chr1-1335",0.0931196749446148
"chr1-1336",-0.0894790161426553
"chr1-1337",0.00508745411707692
"chr1-1338",-0.338868366102157
"chr1-1339",0.193048967246732
"chr1-1340",0.00864947215131914
"chr1-1341",0.140690270244468
"chr1-1342",0.278554686700488
"chr1-1343",-0.160131628028236
"chr1-1344",-0.183914832559597
"chr1-1345",-0.0620692682603097
"chr1-1346",0.0519717421717592
"chr1-1347",-0.0895044919518581
"chr1-1348",0.296835619989692
"chr1-1349",-0.1938626351036
"chr1-1350",-0.115223623179097
"chr1-1351",-0.0613503602339346
"chr1-1352",-0.324110782692168
"chr1-1353",0.0429704037222201
"chr1-1354",-0.0971022489300532
"chr1-1355",0.201230036961539
"chr1-1356",0.153683313848025
"chr1-1357",0.0134200173127374
"chr1-1358",-0.0386812111984379
"chr1-1359",-0.193923711765337
"chr1-1360",-0.158080739683912
"chr1-1361",0.12373886221618
"chr1-1362",-0.0800629440829054
"chr1-1363",-0.16138875086382
"chr1-1364",0.172075913592424
"chr1-1365",0.0225489673916691
"chr1-1366",-0.0470474672831423
"chr1-1367",-0.102752595975987
"chr1-1368",0.237676531270915
"chr1-1369",0.0723516271997894
"chr1-1370",-0.1507196627353
"chr1-1371",-0.303241949207406
"chr1-1372",-0.245842709491265
"chr1-1373",-0.433760951261758
"chr1-1374",-0.150074276559666
"chr1-1375",0.0842469515927751
"chr1-1376",-0.183951704857444
"chr1-1377",-0.0673814052815847
"chr1-1378",-0.139102164297186
"chr1-1379",-0.328144937866344
"chr1-1380",-0.170043924765368
"chr1-1381",0.0554111949039039
"chr1-1382",0.0200876545905906
"chr1-1383",-0.299552426015981
"chr1-1384",-0.0643453741984755
"chr1-1385",-0.00365777032398781
"chr1-1386",-0.253591116431134
"chr1-1387",-0.140266192590287
"chr1-1388",-0.077845007944895
"chr1-1389",-0.144618958578503
"chr1-1390",-0.327629573690871
"chr1-1391",-0.128228650119574
"chr1-1392",-0.101672332831816
"chr1-1393",0.0862465884549717
"chr1-1394",-0.13045119865743
"chr1-1395",-0.206413866665783
"chr1-1396",0.164712530387132
"chr1-1397",-0.34536787897767
"chr1-1398",-0.438248982193461
"chr1-1399",-0.016218975444537
"chr1-1400",-0.171357389802909
"chr1-1401",0.0703130030381943
"chr1-1402",-0.511285891023618
"chr1-1403",0.226015717908967
"chr1-1404",-0.0963760124487267
"chr1-1405",-0.228843623812456
"chr1-1406",0.022949839050451
"chr1-1407",0.0716060600307394
"chr1-1408",0.00686837199194604
"chr1-1409",-0.0847795094344456
"chr1-1410",-0.157461095503027
"chr1-1411",0.103388528321471
"chr1-1412",-0.341431066202783
"chr1-1413",0.0273897409923746
"chr1-1414",0.204076764233349
"chr1-1415",-0.101589028435717
"chr1-1416",-0.340823403247156
"chr1-1417",-0.110286963810724
"chr1-1418",-0.310964848731244
"chr1-1419",-0.204286813974291
"chr1-1420",-0.220900996223546
"chr1-1421",0.118832813342891
"chr1-1422",-0.06035374363872
"chr1-1423",0.462980238280739
"chr1-1424",-0.167154115737624
"chr1-1425",0.0119545699124808
"chr1-1426",-0.0823496435797186
"chr1-1427",-0.0322393970616096
"chr1-1428",-0.0481081236057703
"chr1-1429",-0.134281405189603
"chr1-1430",-0.0625117368434657
"chr1-1431",0.195348933504304
"chr1-1432",-0.0954140451116263
"chr1-1433",0.19292427561177
"chr1-1434",-0.063992373178056
"chr1-1435",0.0230707054865948
"chr1-1436",-0.190586505226106
"chr1-1437",0.242049904956947
"chr1-1438",-0.223783747038019
"chr1-1439",-0.197207352914672
"chr1-1440",0.299030726054225
"chr1-1441",0.358118459225573
"chr1-1442",0.232526633372444
"chr1-1443",-0.0719888265958873
"chr1-1444",0.00037440395789242
"chr1-1445",0.333910354143789
"chr1-1446",0.0950187360852031
"chr1-1447",0.219979291494151
"chr1-1448",-0.11635154515534
"chr1-1449",0.231216513330695
"chr1-1450",0.110408712490167
"chr1-1451",0.22253257141696
"chr1-1452",-0.211281590369949
"chr1-1453",-0.0264709669359204
"chr1-1454",0.0735336572107189
"chr1-1455",-0.304024412488999
"chr1-1456",-0.0394840853332214
"chr1-1457",0.156099537909255
"chr1-1458",0.0102735738055095
"chr1-1459",-0.0505452962040288
"chr1-1460",0.14086308348831
"chr1-1461",-0.144943873281586
"chr1-1462",0.0611613848908807
"chr1-1463",0.645416730606302
"chr1-1464",0.363871702564185
"chr1-1465",0.461697860262679
"chr1-1466",-0.140043536761995
"chr1-1467",0.0976728566210536
"chr1-1468",-0.399883834843568
"chr1-1469",-0.147952522784629
"chr1-1470",0.147027158344814
"chr1-1471",0.133625745601547
"chr1-1472",-0.190001239081431
"chr1-1473",-0.0854590089842554
"chr1-1474",0.103989314676007
"chr1-1475",-0.0735582227391448
"chr1-1476",0.157154714794053
"chr1-1477",-0.322739877473498
"chr1-1478",-0.122019083777561
"chr1-1479",0.0798566373681112
"chr1-1480",-0.171170972486075
"chr1-1481",0.0713220901518573
"chr1-1482",0.210660927597449
"chr1-1483",0.0812280962748273
"chr1-1484",0.273798619133885
"chr1-1485",-0.106750054469303
"chr1-1486",0.0603825775505794
"chr1-1487",0.163534998832702
"chr1-1488",0.247851528873976
"chr1-1489",0.0718811741534412
"chr1-1490",0.311036644588523
"chr1-1491",-0.032380348271222
"chr1-1492",0.167224901081703
"chr1-1493",0.162931803800332
"chr1-1494",-0.350247030824721
"chr1-1495",0.276072916961505
"chr1-1496",0.0744839731740947
"chr1-1497",-0.0277435397475489
"chr1-1498",0.246882007766419
"chr1-1499",0.121789953708338
"chr1-1500",-0.161756749290538
"chr1-1501",0.0280471731168126
"chr1-1502",0.0419582580434136
"chr1-1503",-0.251916023895033
"chr1-1504",0.273719474911555
"chr1-1505",-0.215418172564023
"chr1-1506",-0.230587006816556
"chr1-1507",-0.436446136561701
"chr1-1508",0.427795715895029
"chr1-1509",-0.413550832940799
"chr1-1510",-0.617371374069815
"chr1-1511",-0.302364451035816
"chr1-1512",0.0889270302767672
"chr1-1513",-0.351148331051784
"chr1-1514",-0.198704848712288
"chr1-1515",-0.303556023837842
"chr10-0001",0.507585217191642
"chr10-0002",0.0371446739273518
"chr10-0003",0.288886394813059
"chr10-0004",0.327501791961594
"chr10-0005",0.244424735153486
"chr10-0006",0.225757602986087
"chr10-0007",0.213584480336467
"chr10-0008",0.186257203228527
"chr10-0009",0.292961253535626
"chr10-0010",0.0138012240283317
"chr10-0011",0.298858415464609
"chr10-0012",0.243763169086419
"chr10-0013",-0.0880083968262748
"chr10-0014",0.13922347937844
"chr10-0015",-0.119626108184005
"chr10-0016",-0.00393425569913429
"chr10-0017",0.112407505229688
"chr10-0018",0.0284975520271155
"chr10-0019",0.351936138148844
"chr10-0020",-0.0438170386622547
"chr10-0021",-0.201352526351335
"chr10-0022",0.0598212410932685
"chr10-0023",0.444224660400785
"chr10-0024",0.116345958154264
"chr10-0025",-0.00536640406142885
"chr10-0026",-0.0824413454033497
"chr10-0027",-0.157312025233096
"chr10-0028",0.159621164990673
"chr10-0029",0.0857679794690829
"chr10-0030",0.251370133283883
"chr10-0031",0.112091255642462
"chr10-0032",0.0928239983488197
"chr10-0033",0.0775843880372415
"chr10-0034",-0.10172432940299
"chr10-0035",-0.0241162589062967
"chr10-0036",0.137140778978909
"chr10-0037",0.0601714497368306
"chr10-0038",0.413116639741937
"chr10-0039",0.0223870906534863
"chr10-0040",-0.329037076209754
"chr10-0041",0.269165519661704
"chr10-0042",0.124994305258427
"chr10-0043",0.15852392589851
"chr10-0044",-0.0371508605241475
"chr10-0045",-0.365786676790882
"chr10-0046",-0.044560706213101
"chr10-0047",-0.167476108922465
"chr10-0048",-0.1452292468729
"chr10-0049",0.0415899777255292
"chr10-0050",0.0462281684991473
"chr10-0051",-0.129706703141518
"chr10-0052",0.122461400321089
"chr10-0053",-0.0540175743512407
"chr10-0054",-0.0445117320925442
"chr10-0055",0.132648611211492
"chr10-0056",-0.153443254042357
"chr10-0057",-0.0385346626752638
"chr10-0058",-0.12278002767834
"chr10-0059",-0.231751780717397
"chr10-0060",0.0580526847133758
"chr10-0061",-0.100003700160872
"chr10-0062",0.248175206718299
"chr10-0063",0.0656018438379971
"chr10-0064",0.00366491967652296
"chr10-0065",-0.140430692076471
"chr10-0066",-0.141534780910201
"chr10-0067",-0.0727164559748548
"chr10-0068",0.0940108916433339
"chr10-0069",0.31297720270438
"chr10-0070",0.166988068756719
"chr10-0071",-0.00845794337720255
"chr10-0072",0.0901925524073115
"chr10-0073",0.0794549929590697
"chr10-0074",0.173133539146953
"chr10-0075",0.189385402212518
"chr10-0076",-0.188649323499889
"chr10-0077",-0.118703086433962
"chr10-0078",-0.00694777821008369
"chr10-0079",0.123001981964024
"chr10-0080",-0.191329015185978
"chr10-0081",0.0957694571288686
"chr10-0082",0.135904360779925
"chr10-0083",0.0593392264834457
"chr10-0084",0.25094957028981
"chr10-0085",-0.001318848202584
"chr10-0086",0.0706278599472942
"chr10-0087",0.0872574766972765
"chr10-0088",0.210815352781536
"chr10-0089",0.301013674973802
"chr10-0090",-0.12141263133583
"chr10-0091",0.139589173191372
"chr10-0092",-0.172482635833526
"chr10-0093",-0.020066405661316
"chr10-0094",-0.213095380682326
"chr10-0095",-0.115881552251888
"chr10-0096",0.137346857324513
"chr10-0097",0.297782313606405
"chr10-0098",0.101662829484122
"chr10-0099",0.035403753219621
"chr10-0100",0.123314313605737
"chr10-0101",-0.141401119134007
"chr10-0102",-0.394631544552848
"chr10-0103",-0.126086150807582
"chr10-0104",-0.0442504778099908
"chr10-0105",-0.438560760885114
"chr10-0106",-0.393640640883142
"chr10-0107",-0.255506968891064
"chr10-0108",-0.0326338466123454
"chr10-0109",-0.276172782723736
"chr10-0110",0.0281761450224358
"chr10-0111",-0.103314900882199
"chr10-0112",0.0214249901121993
"chr10-0113",0.0715771226102795
"chr10-0114",0.257848530957159
"chr10-0115",0.240232249341723
"chr10-0116",-0.156370917749166
"chr10-0117",0.141169377352225
"chr10-0118",-0.377482091087388
"chr10-0119",-0.0343281483702142
"chr10-0120",-0.162106695511477
"chr10-0121",-0.0642365960107496
"chr10-0122",0.272274182113517
"chr10-0123",-0.453129208667474
"chr10-0124",-0.204126723524718
"chr10-0125",-0.03001249539126
"chr10-0126",0.0716610554475386
"chr10-0127",-0.195843271532896
"chr10-0128",0.229052783567782
"chr10-0129",-0.188026827284162
"chr10-0130",-0.0430120964420225
"chr10-0131",0.187541236523388
"chr10-0132",-0.212311395047045
"chr10-0133",0.0925716055742541
"chr10-0134",0.0972784888694999
"chr10-0135",0.264785102142492
"chr10-0136",0.362118937459421
"chr10-0137",-0.0357092326362202
"chr10-0138",0.362478982014258
"chr10-0139",-0.0822230761971699
"chr10-0140",0.213153424691338
"chr10-0141",0.148283831820869
"chr10-0142",-0.19258331864376
"chr10-0143",0.737615206194917
"chr10-0144",-0.0997447926637026
"chr10-0145",-0.066133087467367
"chr10-0146",0.33107928849328
"chr10-0147",-0.0975395779199841
"chr10-0148",-0.0325220712399705
"chr10-0149",0.0650548170033295
"chr10-0150",-0.138300706216363
"chr10-0151",0.277816070942008
"chr10-0152",0.191460921118807
"chr10-0153",0.0991861808177678
"chr10-0154",-0.158925038887791
"chr10-0155",0.0545612401438985
"chr10-0156",0.0401268529321297
"chr10-0157",0.000337777801570495
"chr10-0158",-0.244677545583307
"chr10-0159",0.0468135622628389
"chr10-0160",-0.302533275107611
"chr10-0161",0.185526438428547
"chr10-0162",0.0626083310078797
"chr10-0163",-0.208230524788749
"chr10-0164",-0.0622443784533874
"chr10-0165",-0.0218950011072677
"chr10-0166",-0.0213147148652544
"chr10-0167",-0.0289325522975974
"chr10-0168",0.0291424784825815
"chr10-0169",0.21178312442385
"chr10-0170",-0.180524677514351
"chr10-0171",-0.11258915903725
"chr10-0172",-0.260123278265952
"chr10-0173",-0.104588302987242
"chr10-0174",-0.178681205166517
"chr10-0175",0.015952629859034
"chr10-0176",0.00204982398075023
"chr10-0177",0.204180238788833
"chr10-0178",-0.142095120183426
"chr10-0179",0.339975387169517
"chr10-0180",-0.154365656416836
"chr10-0181",0.23503705109703
"chr10-0182",0.147670801618937
"chr10-0183",-0.0314196227531383
"chr10-0184",-0.188914080131037
"chr10-0185",0.225761176599904
"chr10-0186",-0.0720928025352836
"chr10-0187",-0.0159723016856236
"chr10-0188",0.19402905085791
"chr10-0189",0.30845806254764
"chr10-0190",-0.198341345766516
"chr10-0191",-0.208568632430288
"chr10-0192",0.273434374551873
"chr10-0193",0.0168616331255964
"chr10-0194",0.0867089248917743
"chr10-0195",0.198184366952649
"chr10-0196",0.11811608098254
"chr10-0197",-0.249777926729163
"chr10-0198",-0.362568823647513
"chr10-0199",-0.16430052346998
"chr10-0200",-0.145106371800469
"chr10-0201",-0.251974100663058
"chr10-0202",-0.196363102485315
"chr10-0203",0.0100382634980126
"chr10-0204",-0.132806269410461
"chr10-0205",-0.0415955051939074
"chr10-0206",0.289784879927309
"chr10-0207",-0.0576358836920836
"chr10-0208",-0.316357698540938
"chr10-0209",-0.126086749747695
"chr10-0210",-0.34480037387219
"chr10-0211",-0.121671959371701
"chr10-0212",0.744965781427013
"chr10-0213",0.0806032308805565
"chr10-0214",-0.414702896663978
"chr10-0215",-0.161601111554758
"chr10-0216",-0.242055821797881
"chr10-0217",-0.354210974286383
"chr10-0218",0.032246555030856
"chr10-0219",-0.15763377028229
"chr10-0220",-0.0148970853417698
"chr10-0221",0.324791954511313
"chr10-0222",0.259838479145634
"chr10-0223",0.0922433045507498
"chr10-0224",-0.461236914850222
"chr10-0225",0.637634549444976
"chr10-0226",-0.0884539046990336
"chr10-0227",-0.12131808959881
"chr10-0228",-0.303347470278479
"chr10-0229",-0.0948312657479674
"chr10-0230",-0.114331453951422
"chr10-0231",-0.423955706467626
"chr10-0232",-0.0719803963867554
"chr10-0233",0.042772022961899
"chr10-0234",-0.00967019615819844
"chr10-0235",0.205319304546926
"chr10-0236",-0.0714710820809342
"chr10-0237",0.0456938093814242
"chr10-0238",0.013355178192866
"chr10-0239",-0.213652361287377
"chr10-0240",0.147196473415409
"chr10-0241",0.0938885638948548
"chr10-0242",-0.123978429917824
"chr10-0243",0.363425060945084
"chr10-0244",-0.130063962475865
"chr10-0245",-0.18744765987434
"chr10-0246",-0.0206331572443238
"chr10-0247",-0.0595676142335516
"chr10-0248",-0.22384856286323
"chr10-0249",-0.00583001307172861
"chr10-0250",0.286360756506138
"chr10-0251",-0.158431789532616
"chr10-0252",-0.0349780384062802
"chr10-0253",-0.055539566364815
"chr10-0254",-0.137179240590035
"chr10-0255",-0.24689440719843
"chr10-0256",-0.249248526964476
"chr10-0257",0.175742636436453
"chr10-0258",0.33953309798734
"chr10-0259",-0.0471067183994274
"chr10-0260",-0.653983151757132
"chr10-0261",-0.0815865663667504
"chr10-0262",-0.0788449493023826
"chr10-0263",0.0324816493596499
"chr10-0264",-0.435625959894713
"chr10-0265",-0.244234217035657
"chr10-0266",-0.0146772156929132
"chr10-0267",-0.23814045520872
"chr10-0268",0.218507693047433
"chr10-0269",0.185119829779662
"chr10-0270",-0.0126405888662205
"chr10-0271",0.00362239628471686
"chr10-0272",-0.107611763843073
"chr10-0273",-0.32381531134385
"chr10-0274",-0.473754469150044
"chr10-0275",0.209139951823774
"chr10-0276",-0.0342412135089385
"chr10-0277",-0.168629724585675
"chr10-0278",-0.153408652884949
"chr10-0279",-0.264918064806369
"chr10-0280",-0.249734488368627
"chr10-0281",-0.393115957761424
"chr10-0282",0.467403135342366
"chr10-0283",0.248032286511648
"chr10-0284",-0.276870375543955
"chr10-0285",-0.212989295637339
"chr10-0286",0.157010637805497
"chr10-0287",0.0219593421590847
"chr10-0288",0.293320102080272
"chr10-0289",0.491380630499121
"chr10-0290",-0.113628249566181
"chr10-0291",-0.261069542205131
"chr10-0292",-0.183991486355154
"chr10-0293",-0.767276292167083
"chr10-0294",0.0191940045617343
"chr10-0295",-0.27966823599701
"chr10-0296",-0.200839948636766
"chr10-0297",-0.250950831354543
"chr10-0298",-0.037217141723051
"chr10-0299",-0.362592920826349
"chr10-0300",-0.119612870860413
"chr10-0301",-0.308964561227939
"chr10-0302",0.0529868186418693
"chr10-0303",-0.382705706828868
"chr10-0304",-0.466280600969235
"chr10-0305",-0.416920020955915
"chr10-0306",-0.548415630170515
"chr10-0307",-0.455080769967214
"chr10-0308",-0.631585940380621
"chr10-0309",-0.406152788118321
"chr10-0310",-0.181754947015603
"chr10-0311",-0.171696357013841
"chr10-0312",-0.0701993668476135
"chr10-0313",-0.166481473326968
"chr10-0314",-0.384256553148966
"chr10-0315",-0.160982744760603
"chr10-0316",-0.0151749705954583
"chr10-0317",-0.0859306772136812
"chr10-0318",-0.221112922729461
"chr10-0319",-0.180824015572845
"chr10-0320",-0.216974157278919
"chr10-0321",0.180769957143515
"chr10-0322",-0.579130860787091
"chr10-0323",-0.0730804555352171
"chr10-0324",-0.0895082121799091
"chr10-0325",-0.0365385463587913
"chr10-0326",-0.322185690137856
"chr10-0327",-0.0713855368326321
"chr10-0328",-0.203428515521544
"chr10-0329",0.286181220725928
"chr10-0330",-0.394675768288016
"chr10-0331",-0.0478846458439488
"chr10-0332",0.194367891396654
"chr10-0333",0.331539533140218
"chr10-0334",0.834093178321958
"chr10-0335",0.425548171837725
"chr10-0336",-0.202963751747586
"chr10-0337",0.222505750323074
"chr10-0338",-0.16426080302365
"chr10-0339",0.0714232270443559
"chr10-0340",0.0855796060999539
"chr10-0341",-0.106652230511481
"chr10-0342",-0.0881380340160257
"chr10-0343",-0.36130503853211
"chr10-0344",0.05168170474494
"chr10-0345",-0.306410710940707
"chr10-0346",0.0859109343647533
"chr10-0347",0.106346907673135
"chr10-0348",-0.115329747802394
"chr10-0349",-0.394366604181623
"chr10-0350",-0.207642531124546
"chr10-0351",-0.190302547157705
"chr10-0352",0.0907174789701824
"chr10-0353",-0.611128526326503
"chr10-0354",-0.146201566670709
"chr10-0355",0.271177806735178
"chr10-0356",0.151928755967053
"chr10-0357",0.110203441515174
"chr10-0358",0.243569194058013
"chr10-0359",0.0448812898331313
"chr10-0360",-0.280416092643986
"chr10-0361",0.111727154095194
"chr10-0362",0.0416002672997616
"chr10-0363",-0.0347911078724559
"chr10-0364",0.0995139839252645
"chr10-0365",0.00939929776275835
"chr10-0366",-0.168597461710261
"chr10-0367",-0.165659214029386
"chr10-0368",-0.809982478654283
"chr10-0369",-0.273725217720077
"chr10-0370",-0.085752495062737
"chr10-0371",0.390052007102841
"chr10-0372",0.173187625186165
"chr10-0373",0.0200140439299039
"chr10-0374",-0.287253791659454
"chr10-0375",-0.460179396652186
"chr10-0376",-0.293824258406826
"chr10-0377",0.328754036839294
"chr10-0378",0.0575763810086553
"chr10-0379",0.927852500161492
"chr10-0380",-0.435324567206141
"chr10-0381",-0.324075294487429
"chr10-0382",0.38399116942006
"chr10-0383",-0.0513905500807797
"chr10-0384",0.772081011749836
"chr10-0385",0.129113778350769
"chr10-0386",0.271900667655355
"chr10-0387",0.355594648117897
"chr10-0388",-0.0411887964005197
"chr10-0389",0.221212628409775
"chr10-0390",0.69777941240768
"chr10-0391",0.224525411729056
"chr10-0392",-0.375951421324303
"chr10-0393",-0.130763486260217
"chr10-0394",-0.0352948610251615
"chr10-0395",-0.129960170426544
"chr10-0396",-0.246593889565751
"chr10-0397",-0.34665899948992
"chr10-0398",-0.416942587635512
"chr10-0399",-0.200820848023832
"chr10-0400",-0.156835473717236
"chr10-0401",-0.286196079634778
"chr10-0402",-0.159485974738596
"chr10-0403",-0.136646377378857
"chr10-0404",-0.0216937446366245
"chr10-0405",-0.154213270294532
"chr10-0406",-0.311977545073678
"chr10-0407",-0.0760822777065837
"chr10-0408",-0.0189034611555624
"chr10-0409",0.130511833087743
"chr10-0410",-0.327074794054865
"chr10-0411",-0.0476002950796012
"chr10-0412",-0.547096016691869
"chr10-0413",-0.568656616144365
"chr10-0414",-0.463185219515245
"chr10-0415",-0.271026263737347
"chr10-0416",-0.377043870874983
"chr10-0417",-0.379279654574354
"chr10-0418",-0.264529453861361
"chr10-0419",-0.287463083816585
"chr10-0420",0.0243931788057427
"chr10-0421",-0.0858846388216942
"chr10-0422",0.0261666936326586
"chr10-0423",-0.0688958071048049
"chr10-0424",-0.24590913535922
"chr10-0425",0.563599265011962
"chr10-0426",0.15942304494215
"chr10-0427",0.195748902922459
"chr10-0428",-0.168266052148327
"chr10-0429",0.256572964772967
"chr10-0430",0.0248942573134112
"chr10-0431",-0.187619136989025
"chr10-0432",0.0699352099968974
"chr10-0433",-0.199109481254027
"chr10-0434",0.263837738925052
"chr10-0435",0.111676085476014
"chr10-0436",-0.322101712174103
"chr10-0437",-0.100534287735887
"chr10-0438",-0.193004454506285
"chr10-0439",0.128758279028363
"chr10-0440",-0.0685301469893545
"chr10-0441",-0.0125832886442099
"chr10-0442",0.218055504626718
"chr10-0443",0.0990245153052437
"chr10-0444",-0.0984037738083415
"chr10-0445",-0.13484501341738
"chr10-0446",-0.152438174397077
"chr10-0447",-0.12084499434952
"chr10-0448",0.18806596769362
"chr10-0449",-0.0451390544003047
"chr10-0450",-0.0295192531452305
"chr10-0451",-0.283274304790855
"chr10-0452",-0.11174641410352
"chr10-0453",-0.0671776810764454
"chr10-0454",-0.479404842454826
"chr10-0455",0.0761447882025174
"chr10-0456",-0.00526542758724555
"chr10-0457",-0.2470421533501
"chr10-0458",-0.801633208453726
"chr10-0459",-0.696352022330771
"chr10-0460",-0.635578693844977
"chr10-0461",-0.616178316407951
"chr10-0462",-0.00811948400179095
"chr10-0463",-0.143808789088873
"chr10-0464",-0.339150895568765
"chr10-0465",-0.244965358681289
"chr10-0466",-0.147082679160218
"chr10-0467",-0.551102466083625
"chr10-0468",-0.57404322178436
"chr10-0469",-0.22466625060071
"chr10-0470",-0.418330489544191
"chr10-0471",-0.654526276725954
"chr10-0472",-0.312721539106583
"chr10-0473",-0.559657779516864
"chr10-0474",-0.360074357729778
"chr10-0475",-0.295107303071967
"chr10-0476",-0.3720803092685
"chr10-0477",-0.530268534519856
"chr10-0478",-0.31120930011522
"chr10-0479",-0.120011348108983
"chr10-0480",-0.232805781003272
"chr10-0481",-0.033139333994926
"chr10-0482",-0.0166546612636124
"chr10-0483",-0.0673884942657183
"chr10-0484",-0.212086371323508
"chr10-0485",-0.265900070770161
"chr10-0486",-0.363355769817271
"chr10-0487",0.125363238039463
"chr10-0488",-0.229599186225268
"chr10-0489",-0.169296252542333
"chr10-0490",-0.38303518900482
"chr10-0491",0.0218842858068824
"chr10-0492",-0.216975015741507
"chr10-0493",0.154297712217814
"chr10-0494",-0.0605135477445609
"chr10-0495",-0.232162730119579
"chr10-0496",-0.0722018108053078
"chr10-0497",-0.593624275362041
"chr10-0498",-0.087435739402826
"chr10-0499",-0.312971243792612
"chr10-0500",0.15418165637419
"chr10-0501",-0.137833246868695
"chr10-0502",-0.269232279034377
"chr10-0503",-0.677995748715883
"chr10-0504",-0.65384076140208
"chr10-0505",-0.544536201356866
"chr10-0506",-0.688492509109461
"chr10-0507",-0.0336615288508717
"chr10-0508",0.467775682571983
"chr10-0509",0.0756092497022619
"chr10-0510",-0.421099099053589
"chr10-0511",-0.0112245746054289
"chr10-0512",0.243390741849817
"chr10-0513",-0.229035093486431
"chr10-0514",0.212032187330817
"chr10-0515",0.157318570445667
"chr10-0516",-0.179588229491316
"chr10-0517",-0.0813438466201507
"chr10-0518",-0.176021331899324
"chr10-0519",-0.29991171503828
"chr10-0520",0.405216138454157
"chr10-0521",-0.307843547677169
"chr10-0522",-0.285089920032782
"chr10-0523",-0.429697236918914
"chr10-0524",-0.447042029054846
"chr10-0525",-0.219680795806751
"chr10-0526",0.0322765844029676
"chr10-0527",-0.0873913563690573
"chr10-0528",-0.251130759238881
"chr10-0529",-0.131355170030793
"chr10-0530",-0.137021532971703
"chr10-0531",0.00662105265266643
"chr10-0532",0.114081256109862
"chr10-0533",0.149713033546905
"chr10-0534",-0.426909406462683
"chr10-0535",0.0395985555215077
"chr10-0536",0.23038851057319
"chr10-0537",-0.0746154624881446
"chr10-0538",-0.232986719524858
"chr10-0539",-0.396154981864218
"chr10-0540",-0.0760243609843692
"chr10-0541",-0.141093490656596
"chr10-0542",-0.189106742983771
"chr10-0543",-0.175190651257825
"chr10-0544",0.0494463657897722
"chr10-0545",-0.74069573665831
"chr10-0546",-0.14303594344004
"chr10-0547",0.0986509019023791
"chr10-0548",0.0122430435930819
"chr10-0549",0.0975037475648095
"chr10-0550",0.181536554623151
"chr10-0551",0.0491694268681842
"chr10-0552",0.130617458591918
"chr10-0553",-0.121286190144975
"chr10-0554",0.295984713418785
"chr10-0555",-0.132910528255831
"chr10-0556",-0.278009315853701
"chr10-0557",0.00252162075784469
"chr10-0558",-0.136713236315639
"chr10-0559",-0.0406209777297026
"chr10-0560",0.0319356039373576
"chr10-0561",-0.0103381645666299
"chr10-0562",-0.000683317083045334
"chr10-0563",-0.31829499920085
"chr10-0564",-0.0594743272311349
"chr10-0565",-0.428934585964825
"chr10-0566",-0.126662913077985
"chr10-0567",-0.157513493929271
"chr10-0568",-0.0963544589541752
"chr10-0569",-0.122849556371916
"chr10-0570",-0.13945271339168
"chr10-0571",-0.0451904071674709
"chr10-0572",0.132323704610396
"chr10-0573",-0.434916664073049
"chr10-0574",-0.342244994359768
"chr10-0575",-0.141139339896822
"chr10-0576",-0.382053111601872
"chr10-0577",-0.33731121508972
"chr10-0578",-0.476091201582379
"chr10-0579",-0.367586680010926
"chr10-0580",-0.0957019232450025
"chr10-0581",-0.0570018506857419
"chr10-0582",-0.0893507109620864
"chr10-0583",-0.382293538880902
"chr10-0584",-0.204827695946761
"chr10-0585",-0.132065141302779
"chr10-0586",0.379725466011776
"chr10-0587",-0.0521634838903887
"chr10-0588",-0.321089718623069
"chr10-0589",-0.0811788916135904
"chr10-0590",-0.0157364497005505
"chr10-0591",0.0178878857917661
"chr10-0592",-0.259825889873628
"chr10-0593",-0.206232874475179
"chr10-0594",-0.236495279630122
"chr10-0595",-0.107998919884937
"chr10-0596",-0.342736983123548
"chr10-0597",-0.124356682115561
"chr10-0598",-0.1225691782534
"chr10-0599",-0.104607176908618
"chr10-0600",-0.532236454905199
"chr10-0601",-0.348763930101262
"chr10-0602",0.0233546210075509
"chr10-0603",0.167533394281545
"chr10-0604",-0.0204355126416821
"chr10-0605",-0.199739195369698
"chr10-0606",-0.175642254644408
"chr10-0607",-0.0886822791375567
"chr10-0608",0.104729206309497
"chr10-0609",-0.310867892132822
"chr10-0610",0.142955860612943
"chr10-0611",-0.105624042012415
"chr10-0612",0.00292651299328215
"chr10-0613",-0.0230063876526746
"chr10-0614",-0.198863985373389
"chr10-0615",0.22816522347625
"chr10-0616",-0.252240984488093
"chr10-0617",-0.135181825103704
"chr10-0618",0.020722068394993
"chr10-0619",-0.264976132430707
"chr10-0620",-0.33688622502897
"chr10-0621",-0.101405586520124
"chr10-0622",-0.0517055517552603
"chr10-0623",-0.0462242627019014
"chr10-0624",-0.0626505761768206
"chr10-0625",-0.45557677321865
"chr10-0626",-0.238564993381225
"chr10-0627",0.00266146286145177
"chr10-0628",-0.0862885427421986
"chr10-0629",0.113924828675218
"chr10-0630",-0.232642087516983
"chr10-0631",-0.14137485088295
"chr10-0632",-0.0309005523169633
"chr10-0633",-0.281344677748781
"chr10-0634",-0.210960243180586
"chr10-0635",-0.341682976623718
"chr10-0636",-0.120905708413865
"chr10-0637",-0.12191831296787
"chr10-0638",-0.238874685401335
"chr10-0639",0.129870086136234
"chr10-0640",-0.056411887507783
"chr10-0641",0.241594256740615
"chr10-0642",-0.142086631379008
"chr10-0643",0.213082820902725
"chr10-0644",-0.129453690741275
"chr10-0645",0.118822502770041
"chr10-0646",-0.19748725536524
"chr10-0647",-0.455889449706806
"chr10-0648",-0.357153881039074
"chr10-0649",0.0934154164975405
"chr10-0650",-0.141071149062783
"chr10-0651",0.219922702543674
"chr10-0652",-0.048300982380372
"chr10-0653",-0.246453485544722
"chr10-0654",-0.3402853651443
"chr10-0655",-0.0770369094352486
"chr10-0656",-0.0881633214821543
"chr10-0657",-0.275552319046029
"chr10-0658",-0.360635779585824
"chr10-0659",-0.0811473160912667
"chr10-0660",0.0645049067264461
"chr10-0661",-0.0852160039341944
"chr10-0662",0.0133131180247524
"chr10-0663",-0.112775981393081
"chr10-0664",-0.240033041236708
"chr10-0665",-0.182512495113968
"chr10-0666",-0.0969913101639042
"chr10-0667",0.137443899523792
"chr10-0668",-0.310758340853782
"chr10-0669",0.122876622554393
"chr10-0670",-0.193718021797863
"chr10-0671",-0.290884746503397
"chr10-0672",-0.307908009020191
"chr10-0673",-0.0437395868675518
"chr10-0674",-0.52270152271393
"chr10-0675",-0.222849411316823
"chr10-0676",-0.229057858613904
"chr10-0677",-0.304834606509357
"chr10-0678",-0.437573533490042
"chr10-0679",-0.315758752249538
"chr10-0680",-0.344249884134674
"chr10-0681",-0.461432929526128
"chr10-0682",-0.198187730915556
"chr10-0683",-0.289956288028522
"chr10-0684",-0.24252053088645
"chr10-0685",-0.106573507462752
"chr10-0686",-0.184093355674158
"chr10-0687",0.133730092250282
"chr10-0688",-0.341169001668917
"chr10-0689",-0.00411499954107891
"chr10-0690",-0.215084385208919
"chr10-0691",-0.348402895229379
"chr10-0692",-0.303132652260058
"chr10-0693",-0.132110937316986
"chr10-0694",-0.05752649638625
"chr10-0695",-0.149435399939569
"chr10-0696",0.000817115552345887
"chr10-0697",0.0551425063942748
"chr10-0698",-0.223432107683588
"chr10-0699",-0.297387592442977
"chr10-0700",-0.166535557793113
"chr10-0701",-0.0721258836237445
"chr10-0702",-0.304956936310234
"chr10-0703",0.0525524033318698
"chr10-0704",-0.0629697728752238
"chr10-0705",-0.0800776549452735
"chr10-0706",-0.0593984782350959
"chr10-0707",-0.216293005009552
"chr10-0708",-0.104768683354538
"chr10-0709",0.415849679131311
"chr10-0710",-0.189077975000296
"chr10-0711",-0.222129411850214
"chr10-0712",-0.174997694119501
"chr10-0713",-0.155435616348794
"chr10-0714",0.0230801653029755
"chr10-0715",-0.212735064037656
"chr10-0716",0.0787748209654232
"chr10-0717",-0.167196347789421
"chr10-0718",-0.0763459137729229
"chr10-0719",-0.235025881054903
"chr10-0720",0.115339338827526
"chr10-0721",0.0523649616007568
"chr10-0722",-0.227384157074411
"chr10-0723",0.155396637558073
"chr10-0724",-0.130734396415069
"chr10-0725",0.142039528489158
"chr10-0726",-0.334652162715794
"chr10-0727",-0.00700027281007798
"chr10-0728",-0.013328219310803
"chr10-0729",-0.0927721673324216
"chr10-0730",-0.184668635658674
"chr10-0731",-0.0185274776913074
"chr10-0732",0.0381831922321656
"chr10-0733",-0.196633471422885
"chr10-0734",0.23880192280967
"chr10-0735",0.15988581624248
"chr10-0736",-0.112774306934746
"chr10-0737",-0.0199490372210992
"chr10-0738",-0.351897015415529
"chr10-0739",-0.214316167996863
"chr10-0740",-0.379524516854393
"chr10-0741",-0.120587436661312
"chr10-0742",-0.687037071790978
"chr10-0743",-0.171888963928337
"chr10-0744",0.0229959757894536
"chr10-0745",-0.0495600691437249
"chr10-0746",-0.0480328424781342
"chr10-0747",-0.311902645140061
"chr10-0748",-0.30602235379907
"chr10-0749",-0.104317625158322
"chr10-0750",-0.0979234336384115
"chr10-0751",-0.0459377656159137
"chr10-0752",-0.587480487159653
"chr10-0753",-0.471650722871479
"chr10-0754",-0.0924672038201196
"chr10-0755",-0.163897362226094
"chr10-0756",-0.543981458701725
"chr10-0757",-0.234410910350337
"chr10-0758",0.199366030116379
"chr10-0759",-0.722537395202578
"chr10-0760",-0.4380143775559
"chr10-0761",-0.261785603798109
"chr10-0762",-0.416910328239228
"chr10-0763",-0.153604773803758
"chr10-0764",-0.0308968741841378
"chr10-0765",-0.156361426825056
"chr10-0766",-0.210512052307584
"chr10-0767",-0.449869195560126
"chr10-0768",-0.1519260505147
"chr10-0769",-0.0173717338943748
"chr10-0770",0.0310641975883326
"chr10-0771",-0.0522600581558361
"chr10-0772",-0.143190742430781
"chr10-0773",0.0465740752339941
"chr10-0774",0.241092494559662
"chr10-0775",-0.158932890070279
"chr10-0776",0.101992954580523
"chr10-0777",-0.203614539864949
"chr10-0778",-0.323161786957705
"chr10-0779",-0.113375724077358
"chr10-0780",-0.107463616261223
"chr10-0781",0.119402892964689
"chr10-0782",-0.0341015258098675
"chr10-0783",-0.296895673359263
"chr10-0784",-0.20333938851517
"chr10-0785",-0.312474776357373
"chr10-0786",-0.150274840408106
"chr10-0787",-0.262190514692882
"chr10-0788",-0.272620144297617
"chr10-0789",0.0260387786812058
"chr10-0790",-0.112069354439415
"chr10-0791",0.0281586776079353
"chr10-0792",0.232564874007423
"chr10-0793",-0.0257936174439001
"chr10-0794",0.16405291528803
"chr10-0795",-0.236725749694927
"chr10-0796",0.0516148697054467
"chr10-0797",-0.0680672203932779
"chr10-0798",-0.148349938228076
"chr10-0799",-0.108024876389829
"chr10-0800",-0.163830143671285
"chr10-0801",-0.192650553415195
"chr10-0802",-0.16831773712485
"chr10-0803",-0.0371732489484055
"chr10-0804",0.160236985682769
"chr10-0805",0.0268745921904539
"chr10-0806",0.190604402944375
"chr10-0807",0.116672922163671
"chr10-0808",0.157519913849297
"chr10-0809",-0.0981015055784787
"chr10-0810",0.370313293284911
"chr10-0811",0.491070678328281
"chr10-0812",0.109212406624861
"chr10-0813",0.157783360420423
"chr10-0814",0.09277898941037
"chr10-0815",-0.253986532625631
"chr10-0816",-0.158357494257152
"chr10-0817",-0.25672346035912
"chr10-0818",-0.0428811347324195
"chr10-0819",-0.455879769544666
"chr10-0820",-0.178927295835972
"chr10-0821",-0.313724282305517
"chr10-0822",0.109093758985514
"chr10-0823",0.0467044757736221
"chr10-0824",-0.0163665963782417
"chr10-0825",-0.0234852674516761
"chr10-0826",-0.129882096995833
"chr10-0827",-0.0598483239909492
"chr10-0828",0.0130081988217908
"chr10-0829",-0.053056887258689
"chr10-0830",-0.133195095350647
"chr10-0831",-0.112925357672405
"chr10-0832",0.250231999589438
"chr10-0833",0.0406516434361049
"chr10-0834",0.074811911408357
"chr10-0835",0.150393115389965
"chr10-0836",0.0039794133286183
"chr10-0837",0.137241811281703
"chr10-0838",0.0693552465126744
"chr10-0839",0.300206596747
"chr10-0840",0.221582013318475
"chr10-0841",0.212967688068903
"chr10-0842",0.178791039457346
"chr10-0843",0.107579163932861
"chr10-0844",0.143307338692147
"chr10-0845",0.175998516747067
"chr10-0846",0.0120698923089795
"chr10-0847",0.135383262926903
"chr10-0848",0.0868046292693298
"chr10-0849",-0.123116969186554
"chr11-0001",0.0834646229331119
"chr11-0002",-0.103085567733786
"chr11-0003",0.0452656729373433
"chr11-0004",0.115480268397403
"chr11-0005",0.0126298094210981
"chr11-0006",0.214593862420855
"chr11-0007",-0.0394965597812472
"chr11-0008",0.0298170553272837
"chr11-0009",0.0873719010983775
"chr11-0010",0.123073232857506
"chr11-0011",0.13279412000323
"chr11-0012",0.266837830676293
"chr11-0013",0.0477837699521693
"chr11-0014",0.103730361953364
"chr11-0015",-0.0720022986561005
"chr11-0016",0.121757646912399
"chr11-0017",-0.0402495355553975
"chr11-0018",0.00431988801337742
"chr11-0019",0.0660789330872635
"chr11-0020",0.0817015328039246
"chr11-0021",0.0736235122294008
"chr11-0022",0.0507294728687999
"chr11-0023",-0.223961472641937
"chr11-0024",-0.197204608075353
"chr11-0025",0.0319536486094148
"chr11-0026",-0.492548841242685
"chr11-0027",-0.037461294949485
"chr11-0028",0.0947199332076455
"chr11-0029",-0.123667602535408
"chr11-0030",-0.0609202045565615
"chr11-0031",0.0531912899523813
"chr11-0032",0.169018052475239
"chr11-0033",0.0261303176022243
"chr11-0034",0.182328685580396
"chr11-0035",0.371071098013553
"chr11-0036",-0.156925016960227
"chr11-0037",0.375218899881484
"chr11-0038",-0.157797023721924
"chr11-0039",0.0497054564061602
"chr11-0040",-0.292830115305163
"chr11-0041",-0.0340333400623701
"chr11-0042",-0.59468745950861
"chr11-0043",-0.246249337067216
"chr11-0044",-0.15797393050189
"chr11-0045",-0.0652983226427949
"chr11-0046",-0.208999219691562
"chr11-0047",0.605987704301256
"chr11-0048",-0.0462226979315623
"chr11-0049",-0.195667247350288
"chr11-0050",-0.376421632311927
"chr11-0051",-0.109842382025269
"chr11-0052",0.055338713379701
"chr11-0053",-0.210385806124012
"chr11-0054",0.106409339861787
"chr11-0055",-0.304439124216179
"chr11-0056",-0.0494911658964967
"chr11-0057",-0.446835204471449
"chr11-0058",-0.311897065218135
"chr11-0059",-0.313327253881979
"chr11-0060",-0.158362650943456
"chr11-0061",-0.331914622039691
"chr11-0062",0.0637758272892463
"chr11-0063",0.393495225123385
"chr11-0064",-0.026664416881025
"chr11-0065",-0.257856262604296
"chr11-0066",-0.531797394579025
"chr11-0067",-0.14679630278542
"chr11-0068",-0.147191054158623
"chr11-0069",-0.271021013220429
"chr11-0070",-0.188245525775608
"chr11-0071",-0.416202469021948
"chr11-0072",-0.18901960115399
"chr11-0073",-0.367392981120311
"chr11-0074",-0.356032790074473
"chr11-0075",-0.0176447916771456
"chr11-0076",-0.330626186483104
"chr11-0077",-0.259389960601256
"chr11-0078",0.0558878200167616
"chr11-0079",-0.201215042932414
"chr11-0080",-0.104188170984646
"chr11-0081",-0.256494226028488
"chr11-0082",0.190103863045544
"chr11-0083",0.0158586614088494
"chr11-0084",0.26321624753166
"chr11-0085",0.0107698657777886
"chr11-0086",-0.165905205984352
"chr11-0087",-0.162118692498844
"chr11-0088",0.237297874424389
"chr11-0089",0.248464030713712
"chr11-0090",-0.297889446786958
"chr11-0091",-0.126283287401619
"chr11-0092",-0.224636843665675
"chr11-0093",-0.568286447628817
"chr11-0094",-0.0167085715887103
"chr11-0095",-0.100742155788288
"chr11-0096",-0.22980728031901
"chr11-0097",-0.541599888963477
"chr11-0098",-0.31782039490381
"chr11-0099",-0.274501954954728
"chr11-0100",-0.47731311776283
"chr11-0101",-0.364217034451744
"chr11-0102",0.322539286320679
"chr11-0103",-0.164792741862647
"chr11-0104",-0.337459581362344
"chr11-0105",-0.500697314044097
"chr11-0106",-0.347066403761446
"chr11-0107",0.0334262695600231
"chr11-0108",-0.221989628469785
"chr11-0109",-0.478880344705268
"chr11-0110",-0.0698089501494047
"chr11-0111",-0.186422134572876
"chr11-0112",-0.113125829061915
"chr11-0113",-0.366314849943363
"chr11-0114",-0.0808420797155663
"chr11-0115",-0.374653592795881
"chr11-0116",-0.425229554386566
"chr11-0117",-0.272102097148901
"chr11-0118",-0.302160526471034
"chr11-0119",-0.381220565145422
"chr11-0120",-0.414113686276249
"chr11-0121",0.0256323931630532
"chr11-0122",-0.407769275246284
"chr11-0123",0.112762781785885
"chr11-0124",0.0422386744480091
"chr11-0125",0.145088592926724
"chr11-0126",-0.380918439871626
"chr11-0127",-0.129706046773463
"chr11-0128",-0.414527286720559
"chr11-0129",-0.398361466576751
"chr11-0130",-0.262337397640166
"chr11-0131",-0.40754614013227
"chr11-0132",-0.332078140816063
"chr11-0133",-0.44806145608817
"chr11-0134",-0.133363657785226
"chr11-0135",0.128429962238053
"chr11-0136",0.0732057854495643
"chr11-0137",-0.392247950233371
"chr11-0138",-0.333597387040756
"chr11-0139",-0.235821990687161
"chr11-0140",0.013533468268571
"chr11-0141",-0.0435394025037479
"chr11-0142",0.195009037556234
"chr11-0143",-0.390589979758193
"chr11-0144",-0.384084612992387
"chr11-0145",-0.329908684755949
"chr11-0146",-0.33197292533853
"chr11-0147",-0.289101467117127
"chr11-0148",-0.246334095005196
"chr11-0149",0.261224401675626
"chr11-0150",-0.155595883234895
"chr11-0151",-0.168060705997144
"chr11-0152",0.315551478589314
"chr11-0153",-0.312460693542086
"chr11-0154",-0.0292267258082121
"chr11-0155",-0.522985801464461
"chr11-0156",-0.471910302578274
"chr11-0157",-0.28590765477677
"chr11-0158",0.00631931843262822
"chr11-0159",-0.284089044929266
"chr11-0160",-0.674364361113171
"chr11-0161",-0.500773497063563
"chr11-0162",-0.306381460402702
"chr11-0163",-0.699608174810458
"chr11-0164",-0.224756531387478
"chr11-0165",-0.376119543186345
"chr11-0166",-0.162570712720138
"chr11-0167",0.0271517374269773
"chr11-0168",-0.146281795491251
"chr11-0169",-0.23515306625145
"chr11-0170",-0.0918237603719147
"chr11-0171",0.164178764940109
"chr11-0172",-0.233577623256445
"chr11-0173",-0.126149908303655
"chr11-0174",-0.326925053573189
"chr11-0175",-0.0191228515474312
"chr11-0176",0.339675425756012
"chr11-0177",0.503435942480143
"chr11-0178",-0.00152913082450978
"chr11-0179",-0.134199650907022
"chr11-0180",0.208753954601094
"chr11-0181",0.214212890559646
"chr11-0182",-0.0295473667698241
"chr11-0183",-0.260649156371423
"chr11-0184",-0.220156929136289
"chr11-0185",-0.42510961753514
"chr11-0186",-0.256641335005154
"chr11-0187",-0.190471601915999
"chr11-0188",-0.18851013421588
"chr11-0189",-0.309276894826104
"chr11-0190",-0.385066100367361
"chr11-0191",-0.313798719802503
"chr11-0192",0.208016853586699
"chr11-0193",-0.0649860193856175
"chr11-0194",-0.234202535691539
"chr11-0195",-0.552036043246849
"chr11-0196",0.00894132458013747
"chr11-0197",-0.111606642827351
"chr11-0198",-0.040358647770442
"chr11-0199",0.252267462017301
"chr11-0200",0.532872165079587
"chr11-0201",-0.332293823382278
"chr11-0202",0.00248044857665279
"chr11-0203",-0.183601781608442
"chr11-0204",-0.258098692605427
"chr11-0205",-0.433482788272092
"chr11-0206",-0.236118039403289
"chr11-0207",0.095267533568933
"chr11-0208",0.137075755232326
"chr11-0209",-0.0137810309800182
"chr11-0210",0.0472219439546028
"chr11-0211",0.0238576460598795
"chr11-0212",0.0659656194149986
"chr11-0213",-0.274598321123528
"chr11-0214",-0.178986077684492
"chr11-0215",-0.250052394148403
"chr11-0216",-0.418109470226338
"chr11-0217",-0.22639416266527
"chr11-0218",-0.246552061378381
"chr11-0219",-0.0656507255703332
"chr11-0220",-0.315859623336982
"chr11-0221",-0.263014303007788
"chr11-0222",0.0128154631101249
"chr11-0223",-0.223908447244511
"chr11-0224",-0.131758667525406
"chr11-0225",-0.429835191027108
"chr11-0226",-0.128976823832084
"chr11-0227",-0.415599831668817
"chr11-0228",-0.0548461388977524
"chr11-0229",-0.267689089253464
"chr11-0230",-0.52374414132317
"chr11-0231",-0.0996967273262122
"chr11-0232",-0.549591778031507
"chr11-0233",-0.145882537320251
"chr11-0234",-0.284653208326425
"chr11-0235",-0.147478587914182
"chr11-0236",0.0380950999699213
"chr11-0237",-0.412283896508945
"chr11-0238",-0.249529436961677
"chr11-0239",0.192901161937856
"chr11-0240",-0.111583701360027
"chr11-0241",-0.338210830403223
"chr11-0242",0.0144686394851856
"chr11-0243",0.313117085995079
"chr11-0244",-0.395959809756368
"chr11-0245",0.149561559100511
"chr11-0246",-0.0886718893825253
"chr11-0247",-0.290716625555876
"chr11-0248",0.0663750319385452
"chr11-0249",-0.198316237125015
"chr11-0250",-0.0483975235629361
"chr11-0251",-0.110585866663669
"chr11-0252",-0.473040641276257
"chr11-0253",-0.182804077885197
"chr11-0254",-0.392664204706718
"chr11-0255",-0.181057559485583
"chr11-0256",0.0279895356635588
"chr11-0257",-0.444345729442062
"chr11-0258",-0.254627652212787
"chr11-0259",-0.443654906263689
"chr11-0260",-0.762110752318391
"chr11-0261",-0.304114589586169
"chr11-0262",-0.485172696020597
"chr11-0263",-0.474773845578697
"chr11-0264",-0.377725466797699
"chr11-0265",-0.368088466600031
"chr11-0266",-0.641321500166063
"chr11-0267",-0.286356369047239
"chr11-0268",-0.396925298816676
"chr11-0269",-0.321973962050422
"chr11-0270",-0.228960701722807
"chr11-0271",0.000983933822830681
"chr11-0272",0.232981715126528
"chr11-0273",-0.197464482042883
"chr11-0274",-0.0729766455726565
"chr11-0275",-0.0296122698479278
"chr11-0276",-0.0935934025407645
"chr11-0277",0.00513685435946788
"chr11-0278",-0.0904010253132126
"chr11-0279",-0.0401431461629333
"chr11-0280",-0.227800634528297
"chr11-0281",-0.149294442558606
"chr11-0282",-0.113369834380258
"chr11-0283",0.164531374319436
"chr11-0284",-0.0916635341979124
"chr11-0285",-0.107705434400252
"chr11-0286",0.162280536754163
"chr11-0287",0.03616168424096
"chr11-0288",-0.118804671259882
"chr11-0289",0.0363377006538138
"chr11-0290",-0.0565559392757519
"chr11-0291",-0.352661567662414
"chr11-0292",0.190261273605704
"chr11-0293",0.222027529064841
"chr11-0294",0.483241344486446
"chr11-0295",0.175312623876958
"chr11-0296",0.0302110532490044
"chr11-0297",0.323717376651868
"chr11-0298",-0.0919171166055969
"chr11-0299",-0.836143024531174
"chr11-0300",-0.0823426870135197
"chr11-0301",0.205860282390899
"chr11-0302",0.487603761336779
"chr11-0303",0.262198688753891
"chr11-0304",0.266214007358957
"chr11-0305",0.333224203019534
"chr11-0306",-0.145309755481827
"chr11-0307",-0.483798848038381
"chr11-0308",-0.213090485926429
"chr11-0309",-0.269115173725551
"chr11-0310",-0.0726702745333128
"chr11-0311",-0.226483372691691
"chr11-0312",0.0801377622036923
"chr11-0313",-0.0477502897944829
"chr11-0314",-0.292906441104845
"chr11-0315",-0.528527775445948
"chr11-0316",-0.729261431068391
"chr11-0317",0.0988536237249535
"chr11-0318",-0.170365229985
"chr11-0319",-0.106638869603066
"chr11-0320",-0.182040373344217
"chr11-0321",-0.158180448789016
"chr11-0322",0.00336763981500814
"chr11-0323",-0.0523294830139966
"chr11-0324",-0.374471348918695
"chr11-0325",0.129634561326856
"chr11-0326",-0.233727549490845
"chr11-0327",0.242483243409642
"chr11-0328",-0.0305481047509837
"chr11-0329",-0.038517770261684
"chr11-0330",0.444362935149554
"chr11-0331",-0.495382850239773
"chr11-0332",-0.184344677997408
"chr11-0333",-0.408440385226343
"chr11-0334",0.137872565340686
"chr11-0335",0.12010836640598
"chr11-0336",0.0581782256718758
"chr11-0337",-0.286964076777204
"chr11-0338",-0.381443886948728
"chr11-0339",-0.322346301790709
"chr11-0340",-0.148711624667125
"chr11-0341",-0.12899460707467
"chr11-0342",0.0273413488690844
"chr11-0343",-0.0250696158722969
"chr11-0344",-0.291512558032065
"chr11-0345",-0.26864352794455
"chr11-0346",-0.234468767317033
"chr11-0347",-0.110223322480743
"chr11-0348",-0.17611297444371
"chr11-0349",-0.148987198316386
"chr11-0350",-0.428656662565312
"chr11-0351",0.0377658423739243
"chr11-0352",-0.430298182746053
"chr11-0353",-0.18602375914216
"chr11-0354",-0.2172574502146
"chr11-0355",-0.292047872344552
"chr11-0356",-0.211510913625677
"chr11-0357",-0.218398037613612
"chr11-0358",-0.273345815239292
"chr11-0359",-0.187321070927293
"chr11-0360",-0.286589921516455
"chr11-0361",-0.0667979230991869
"chr11-0362",0.0294843155942051
"chr11-0363",-0.262430843624518
"chr11-0364",0.1756548471552
"chr11-0365",0.18248873245638
"chr11-0366",-0.0484425757801697
"chr11-0367",0.010141492075507
"chr11-0368",0.0144811345949867
"chr11-0369",0.0196589461539042
"chr11-0370",-0.146813222408544
"chr11-0371",-0.0293914866097105
"chr11-0372",-0.159033434389602
"chr11-0373",-0.020397408963519
"chr11-0374",-0.202581223845826
"chr11-0375",-0.121912109041564
"chr11-0376",0.0498271374596392
"chr11-0377",-0.0372164162242914
"chr11-0378",-0.144168236156971
"chr11-0379",-0.0939310451023484
"chr11-0380",-0.143521767957239
"chr11-0381",-0.015005864471237
"chr11-0382",-0.250300535526293
"chr11-0383",-0.0258603147877518
"chr11-0384",-0.0208227851733478
"chr11-0385",0.0108177052339913
"chr11-0386",-0.138013361534722
"chr11-0387",-0.0364462633899112
"chr11-0388",-0.152615385866571
"chr11-0389",0.00299060529335663
"chr11-0390",-0.199186230541578
"chr11-0391",-0.105052927558412
"chr11-0392",-0.337419665046478
"chr11-0393",-0.0538417158955075
"chr11-0394",-0.018306234483778
"chr11-0395",0.172038256200788
"chr11-0396",0.080029090029001
"chr11-0397",-0.0367291953605558
"chr11-0398",-0.113792785278632
"chr11-0399",-0.0786785935561021
"chr11-0400",0.00874112271461794
"chr11-0401",-0.160680361447052
"chr11-0402",0.029084389132981
"chr11-0403",0.0126036369924694
"chr11-0404",-0.124423527664589
"chr11-0405",0.113282913471729
"chr11-0406",0.357180954999318
"chr11-0407",0.177271515326692
"chr11-0408",0.000576119859764895
"chr11-0409",0.0102517506169962
"chr11-0410",-0.00720140394658591
"chr11-0411",0.0647450750167296
"chr11-0412",0.249674090219119
"chr11-0413",0.210395618584985
"chr11-0414",0.0377883461744164
"chr11-0415",0.29874318117819
"chr11-0416",-0.0885492041340021
"chr11-0417",-0.0348510829131339
"chr11-0418",-0.0871638963055991
"chr11-0419",-0.179100578857873
"chr11-0420",-0.0948950721969148
"chr11-0421",-0.0653978422653808
"chr11-0422",-0.0332085765360816
"chr11-0423",-0.0168163167852478
"chr11-0424",0.0874458473285114
"chr11-0425",-0.170531887518478
"chr11-0426",-0.139725949662027
"chr11-0427",-0.209677028489665
"chr11-0428",-0.184358500156365
"chr11-0429",-0.0546443178567475
"chr11-0430",-0.0930237814621245
"chr11-0431",-0.0869588629550702
"chr11-0432",0.326184599859564
"chr11-0433",-0.0947248609794587
"chr11-0434",-0.225127803265288
"chr11-0435",-0.369960053258893
"chr11-0436",-0.0978808411912674
"chr11-0437",-0.211072690064324
"chr11-0438",0.0917551720988177
"chr11-0439",-0.118372312179364
"chr11-0440",-0.612545639891611
"chr11-0441",-0.0832976348674784
"chr11-0442",0.124311297832632
"chr11-0443",0.133236551524722
"chr11-0444",0.105319784639605
"chr11-0445",0.224775168264571
"chr11-0446",-0.357594032091102
"chr11-0447",-0.0929134296664036
"chr11-0448",-0.17285085767645
"chr11-0449",0.0163961047206191
"chr11-0450",-0.409908840016199
"chr11-0451",0.0237453443920291
"chr11-0452",-0.147777030626051
"chr11-0453",-0.268256628773321
"chr11-0454",-0.237232943738528
"chr11-0455",0.0440143050417408
"chr11-0456",-0.359330385322824
"chr11-0457",-0.165543496464371
"chr11-0458",-0.180577432476489
"chr11-0459",-0.324285140807973
"chr11-0460",0.132220762095666
"chr11-0461",-0.0171262416861946
"chr11-0462",0.167569411266316
"chr11-0463",-0.107496582925874
"chr11-0464",0.00629979206316772
"chr11-0465",-0.342124831841545
"chr11-0466",0.0133438591989773
"chr11-0467",-0.598894419685583
"chr11-0468",-0.288892746741906
"chr11-0469",-0.129209295125048
"chr11-0470",-0.230409637355021
"chr11-0471",-0.102540944099326
"chr11-0472",-0.200734922827989
"chr11-0473",-0.263428548303028
"chr11-0474",-0.262728436735453
"chr11-0475",-0.387181292807443
"chr11-0476",-0.299291737080646
"chr11-0477",-0.201528715967219
"chr11-0478",-0.379809255464508
"chr11-0479",-0.17480807764563
"chr11-0480",-0.248529346397454
"chr11-0481",-0.187926334391529
"chr11-0482",-0.313269309094015
"chr11-0483",-0.0516120856826001
"chr11-0484",-0.0888138033308607
"chr11-0485",-0.365820065037168
"chr11-0486",-0.0754090674144326
"chr11-0487",-0.247760391951735
"chr11-0488",0.128824096936344
"chr11-0489",-0.201756049665923
"chr11-0490",-0.210672570110796
"chr11-0491",-0.435881292844674
"chr11-0492",-0.445124759648135
"chr11-0493",-0.668004358760436
"chr11-0494",-0.703915716269258
"chr11-0495",-0.514546620503222
"chr11-0496",-0.717003693885713
"chr11-0497",-0.553588914001901
"chr11-0498",-0.0772380314114307
"chr11-0499",0.357040729292863
"chr11-0500",-0.576139727495292
"chr11-0501",-0.769011304044044
"chr11-0502",-0.789571452850837
"chr11-0503",-0.263235322968221
"chr11-0504",-0.826182633007523
"chr11-0505",-0.989203420005015
"chr11-0506",-0.803026062551009
"chr11-0507",-0.831129113314714
"chr11-0508",-0.59766456909721
"chr11-0509",-1.14455198164918
"chr11-0510",-1.04181757324318
"chr11-0511",-0.827220182939761
"chr11-0512",-1.14169778305369
"chr11-0513",-1.14929631996354
"chr11-0514",-0.761286451728957
"chr11-0515",-0.828653931629824
"chr11-0516",-0.828659702942099
"chr11-0517",-0.336145502309936
"chr11-0518",-0.709099173025911
"chr11-0519",-0.57675368833688
"chr11-0520",-0.859818807270071
"chr11-0521",-0.92929314940682
"chr11-0522",-0.930615246567855
"chr11-0523",-1.09253646080141
"chr11-0524",-0.708873893134116
"chr11-0525",-0.854618409849719
"chr11-0526",-0.645606879690646
"chr11-0527",-0.571817446873739
"chr11-0528",-0.757506577936138
"chr11-0529",-0.853664302589684
"chr11-0530",-0.863322956899538
"chr11-0531",-0.548715825737586
"chr11-0532",-0.545901722856977
"chr11-0533",-0.668144712466896
"chr11-0534",-0.203411235417947
"chr11-0535",-0.865584853618233
"chr11-0536",-0.783785885568493
"chr11-0537",-1.16689732178063
"chr11-0538",-0.642770577577871
"chr11-0539",-1.26706545458004
"chr11-0540",-1.13565627130391
"chr11-0541",-0.829997722612668
"chr11-0542",-0.937711604424849
"chr11-0543",-0.620931809146534
"chr11-0544",-0.326920047604895
"chr11-0545",-1.00442729742316
"chr11-0546",-1.11973968633165
"chr11-0547",-0.358679881684964
"chr11-0548",-0.527494772748442
"chr11-0549",-0.056874409225044
"chr11-0550",-0.609863956130995
"chr11-0551",-0.430734830015723
"chr11-0552",-0.270315735700843
"chr11-0553",-0.445984460702542
"chr11-0554",-1.05882805790085
"chr11-0555",0.25690378136772
"chr11-0556",-1.06902225869691
"chr11-0557",-1.03035817152441
"chr11-0558",-0.844079064083514
"chr11-0559",-0.968606661444813
"chr11-0560",-0.926784442913586
"chr11-0561",-0.692588102086238
"chr11-0562",-0.838240050044697
"chr11-0563",-0.980127986517699
"chr11-0564",-0.376113580415642
"chr11-0565",-0.608688115259443
"chr11-0566",-0.743707210195269
"chr11-0567",-1.28533890628241
"chr11-0568",-0.921379039875574
"chr11-0569",-0.914001535306926
"chr11-0570",-0.303295607815907
"chr11-0571",-0.781973106102801
"chr11-0572",-0.928935032967993
"chr11-0573",-1.14276536799181
"chr11-0574",-1.04339717285151
"chr11-0575",-0.538794554232225
"chr11-0576",-0.927785788739938
"chr11-0577",-1.08182143410676
"chr11-0578",-0.984380947001872
"chr11-0579",-0.341721999624614
"chr11-0580",-1.0339593128883
"chr11-0581",-0.533943166576344
"chr11-0582",-0.760890524899376
"chr11-0583",-0.639253429489973
"chr11-0584",-0.944603454819956
"chr11-0585",-0.418393027672681
"chr11-0586",-0.803665975808365
"chr11-0587",-0.588166710528889
"chr11-0588",-0.500070443714494
"chr11-0589",-0.964664313099208
"chr11-0590",-0.516872943809695
"chr11-0591",-0.794726324288328
"chr11-0592",-1.21555732727048
"chr11-0593",-0.443103682310632
"chr11-0594",-0.299852572541745
"chr11-0595",-0.747135327575696
"chr11-0596",-0.996208956978064
"chr11-0597",-0.448711909744803
"chr11-0598",-1.20532900436412
"chr11-0599",-1.05500501694544
"chr11-0600",-0.936493693057264
"chr11-0601",-0.851204150761189
"chr11-0602",-0.426268545986031
"chr11-0603",-0.673263081666301
"chr11-0604",-0.842660245696683
"chr11-0605",-0.787276781686201
"chr11-0606",-1.20707565463446
"chr11-0607",-1.12494873443506
"chr11-0608",-0.522298047470499
"chr11-0609",-0.701936629231253
"chr11-0610",-0.828214891416745
"chr11-0611",-0.599806000570977
"chr11-0612",-0.651577276333613
"chr11-0613",-0.453499422669362
"chr11-0614",-0.758602395853329
"chr11-0615",-0.880114626459935
"chr11-0616",-0.580707626505377
"chr11-0617",-0.742897062600968
"chr11-0618",-0.362720402706949
"chr11-0619",-0.523736008925645
"chr11-0620",-0.849063749159371
"chr11-0621",-1.01502617302559
"chr11-0622",-0.563391300653058
"chr11-0623",-0.473892957875713
"chr11-0624",-0.77752103281932
"chr11-0625",-0.179114600228182
"chr11-0626",-0.757619710033135
"chr11-0627",-0.347603779405987
"chr11-0628",-0.767076782272744
"chr11-0629",-1.02667047931081
"chr11-0630",-1.05200661919298
"chr11-0631",-0.720781338042982
"chr11-0632",-0.694906240220614
"chr11-0633",-0.921364746301186
"chr11-0634",-1.06950979217823
"chr11-0635",-0.864374431402494
"chr11-0636",-0.536535098351562
"chr11-0637",-0.409438586702979
"chr11-0638",-0.633518976406678
"chr11-0639",-0.892720128128803
"chr11-0640",-0.833310069570535
"chr11-0641",-0.505771071687824
"chr11-0642",-1.16732384094815
"chr11-0643",-1.12666429436803
"chr11-0644",-0.662822748002137
"chr11-0645",-0.581764915870199
"chr11-0646",-0.878070411203121
"chr11-0647",-0.742735517375107
"chr11-0648",-0.932365253917254
"chr11-0649",-0.916434387572669
"chr11-0650",-0.459644100222385
"chr11-0651",-0.627535612770489
"chr11-0652",-1.0833388173316
"chr11-0653",-1.1301215652393
"chr11-0654",-1.73301166348517
"chr11-0655",-0.69731499951262
"chr11-0656",-1.05036054701071
"chr11-0657",-1.23694621629968
"chr11-0658",-0.981978396101387
"chr11-0659",-0.648289592529755
"chr11-0660",-0.597188795441977
"chr11-0661",-0.985827701009302
"chr11-0662",-0.604436890992258
"chr11-0663",-0.782587313133532
"chr11-0664",-0.746656877458067
"chr11-0665",-0.709431751214493
"chr11-0666",-0.828371242123453
"chr11-0667",-0.589022150877962
"chr11-0668",-0.391890347078413
"chr11-0669",-1.00961407887211
"chr11-0670",-0.542336526708775
"chr11-0671",-0.678177736389832
"chr11-0672",-1.03482881640327
"chr11-0673",-0.695214592375495
"chr11-0674",-0.892480567041537
"chr11-0675",-0.78309296311385
"chr11-0676",-1.16630101860043
"chr11-0677",-1.01668201352721
"chr11-0678",-1.42343024740286
"chr11-0679",-0.712003682774268
"chr11-0680",-1.11453819242786
"chr11-0681",-0.529859935730892
"chr11-0682",-0.758041914526682
"chr11-0683",-1.04804330919349
"chr11-0684",-0.963461364104907
"chr11-0685",-0.672444386348988
"chr11-0686",-0.787474354517412
"chr11-0687",-0.585576723990735
"chr11-0688",-0.812785108488748
"chr11-0689",-0.495242878971063
"chr11-0690",-1.16673890096843
"chr11-0691",-0.581192014431239
"chr11-0692",-0.991120641304972
"chr11-0693",-0.954158857318333
"chr11-0694",-0.994083776603829
"chr11-0695",-0.811960489525387
"chr11-0696",-1.0243275696413
"chr11-0697",-0.598743177434547
"chr11-0698",-0.860754557048009
"chr11-0699",-0.934790675056452
"chr11-0700",-0.642310841788425
"chr11-0701",0.0297276404611845
"chr11-0702",0.00325395231904412
"chr11-0703",-0.265398348556629
"chr11-0704",-0.00540334421599175
"chr11-0705",-0.278037205273686
"chr11-0706",0.256178271476613
"chr11-0707",-0.129666679339742
"chr11-0708",-0.249520970908567
"chr11-0709",-0.385705764933883
"chr11-0710",-0.183116397100296
"chr11-0711",-0.410958099969199
"chr11-0712",-0.434743083605664
"chr11-0713",-0.720578977286168
"chr11-0714",-0.492866763448323
"chr11-0715",-0.116244106411088
"chr11-0716",-0.12252273222577
"chr11-0717",-0.0666672549076913
"chr11-0718",0.183756039589038
"chr11-0719",-0.0243021187119974
"chr11-0720",-0.224534793921028
"chr11-0721",-0.537344006943848
"chr11-0722",-0.471555503711048
"chr11-0723",-0.378280865187807
"chr11-0724",-0.0791375177384152
"chr11-0725",0.0570960305260641
"chr11-0726",-0.268757653513951
"chr11-0727",-0.340939623184781
"chr11-0728",-0.200753605717395
"chr11-0729",0.0229299466547631
"chr11-0730",-0.14184482878421
"chr11-0731",-0.372698820634789
"chr11-0732",0.0991785021114191
"chr11-0733",-0.107359637099139
"chr11-0734",-0.170724102079979
"chr11-0735",0.149657213513834
"chr11-0736",0.301267150590857
"chr11-0737",-0.30388746000309
"chr11-0738",-0.245163752752631
"chr11-0739",0.027519459546795
"chr11-0740",-0.0701206018425987
"chr11-0741",-0.504473412267817
"chr11-0742",0.0355912261197032
"chr11-0743",-0.31012672986069
"chr11-0744",-0.435365449187419
"chr11-0745",-0.309143314894117
"chr11-0746",-0.16102538819788
"chr11-0747",-0.223296239845452
"chr11-0748",-0.039671111883953
"chr11-0749",0.134680629238358
"chr11-0750",-0.482086101340477
"chr11-0751",-0.0764663496511996
"chr11-0752",0.541419922061371
"chr11-0753",-0.130634196954408
"chr11-0754",-0.682642920104681
"chr11-0755",-0.668328954238099
"chr11-0756",-0.129962741633487
"chr11-0757",-0.0100550049305994
"chr11-0758",-0.24051304746453
"chr11-0759",-0.201810582969407
"chr11-0760",-0.458055621309082
"chr11-0761",-0.109436808224209
"chr11-0762",-0.0402681199953146
"chr11-0763",-0.104877197994439
"chr11-0764",-0.0643647601807484
"chr11-0765",0.0142193921932916
"chr11-0766",0.0427278308570758
"chr11-0767",-0.50630197312476
"chr11-0768",0.0337697190367746
"chr11-0769",-0.264842166327725
"chr11-0770",-0.188145871708604
"chr11-0771",-0.279125635091489
"chr11-0772",-0.128474894660173
"chr11-0773",-0.138804747782061
"chr11-0774",-0.215199377426116
"chr11-0775",-0.418649679481891
"chr11-0776",-0.447180808218526
"chr11-0777",-0.361799618652383
"chr11-0778",-0.199157653557445
"chr11-0779",-0.229799465850371
"chr11-0780",-0.118871522324025
"chr11-0781",-0.304686446624678
"chr11-0782",-0.134315303018018
"chr11-0783",-0.309243209012662
"chr11-0784",-0.140676591964921
"chr11-0785",-0.186018605443532
"chr11-0786",-0.231968786447853
"chr11-0787",-0.245767943876838
"chr11-0788",0.606685626458697
"chr11-0789",0.0883436097203505
"chr11-0790",-0.153096402335106
"chr11-0791",-0.102408755173335
"chr11-0792",-0.279552621428555
"chr11-0793",-0.0335262395607562
"chr11-0794",0.0216568890646458
"chr11-0795",-0.0847014526745665
"chr11-0796",0.038726040302617
"chr11-0797",0.137952614141967
"chr11-0798",0.347458270420742
"chr11-0799",0.127974350613546
"chr11-0800",0.333334868037629
"chr11-0801",-0.0834825312042619
"chr11-0802",-0.406186400581342
"chr11-0803",-0.309613675055523
"chr11-0804",-0.282591665722525
"chr11-0805",-0.197795151910505
"chr11-0806",-0.377287260087829
"chr11-0807",-0.494007884203158
"chr11-0808",-0.151835851281891
"chr11-0809",0.187050303082126
"chr11-0810",-0.170091096781883
"chr11-0811",-0.000813611405102095
"chr11-0812",-0.191423082066293
"chr11-0813",-0.0142054270680424
"chr11-0814",-0.333574923518914
"chr11-0815",-0.143978308267258
"chr11-0816",-0.388659377446978
"chr11-0817",-0.184966022193575
"chr11-0818",-0.105356765429487
"chr11-0819",-0.13059830731916
"chr11-0820",-0.273710455191405
"chr11-0821",-0.146071412004625
"chr11-0822",0.00159303180317059
"chr11-0823",-0.0430321846830065
"chr11-0824",0.263301336678629
"chr11-0825",-0.204726336126734
"chr11-0826",0.0403319685385424
"chr11-0827",-0.376156476877833
"chr11-0828",-0.295810748422885
"chr11-0829",-0.389969476309632
"chr11-0830",-0.147412707414523
"chr11-0831",-0.0692641775730741
"chr12-0001",0.13550761642767
"chr12-0002",-0.171565472520004
"chr12-0003",-0.220720052297141
"chr12-0004",-0.0164958123559383
"chr12-0005",-0.103471382594894
"chr12-0006",-0.00751771887027255
"chr12-0007",-0.0622221404821795
"chr12-0008",-0.112697563257156
"chr12-0009",0.0651770862447826
"chr12-0010",0.240749672568567
"chr12-0011",0.383816370123914
"chr12-0012",-0.224537963741664
"chr12-0013",0.0830577166635829
"chr12-0014",0.114967646912018
"chr12-0015",-0.178169130735769
"chr12-0016",-0.154951669682461
"chr12-0017",-0.144262329204102
"chr12-0018",-0.0553931742242556
"chr12-0019",-0.19163058078481
"chr12-0020",-0.43130914331442
"chr12-0021",-0.581170436003695
"chr12-0022",-0.210764289299928
"chr12-0023",0.0105124283559657
"chr12-0024",0.164236350600183
"chr12-0025",0.0370576505501266
"chr12-0026",-0.195793325472408
"chr12-0027",-0.0764637723885832
"chr12-0028",-0.165817587077176
"chr12-0029",0.179115172021443
"chr12-0030",0.117440727146327
"chr12-0031",-0.336564655796797
"chr12-0032",-0.151842230345126
"chr12-0033",-0.296187252499614
"chr12-0034",-0.440295022727968
"chr12-0035",-0.0716592049436523
"chr12-0036",0.227760609403481
"chr12-0037",-0.241790482424618
"chr12-0038",-0.168013780739261
"chr12-0039",-0.460256101217256
"chr12-0040",-0.0657361022289736
"chr12-0041",-0.0956230466781168
"chr12-0042",0.059920368790029
"chr12-0043",-0.166657135806328
"chr12-0044",-0.054114092491989
"chr12-0045",-0.250780933017228
"chr12-0046",-0.403908965173258
"chr12-0047",-0.351949810084501
"chr12-0048",-0.434896174507075
"chr12-0049",-0.307448072884674
"chr12-0050",-0.258007205401661
"chr12-0051",0.0346942245558955
"chr12-0052",-0.345699921271925
"chr12-0053",-0.308800738207594
"chr12-0054",-0.546433795080282
"chr12-0055",-0.0348750027400225
"chr12-0056",-0.134656033769303
"chr12-0057",-0.228633058301837
"chr12-0058",-0.0798109903756923
"chr12-0059",-0.297962098040712
"chr12-0060",-0.0865348496305862
"chr12-0061",-0.0901443924824755
"chr12-0062",-0.0675505026660956
"chr12-0063",-0.179961673168862
"chr12-0064",-0.168629246762185
"chr12-0065",-0.159831828407792
"chr12-0066",0.0338345648114225
"chr12-0067",-0.231604924072187
"chr12-0068",0.108702391316899
"chr12-0069",0.0370127909081167
"chr12-0070",0.503388738146471
"chr12-0071",0.201054407296512
"chr12-0072",0.678199771901145
"chr12-0073",-0.32168375496133
"chr12-0074",0.164357835491575
"chr12-0075",0.21399949761462
"chr12-0076",0.22487450217902
"chr12-0077",0.282211769142229
"chr12-0078",0.247530053834874
"chr12-0079",-0.0112785515943537
"chr12-0080",0.0446450207350035
"chr12-0081",-0.0924570616359034
"chr12-0082",0.111687531702838
"chr12-0083",0.0033762453400805
"chr12-0084",-0.00836928941080466
"chr12-0085",-0.0648637207892993
"chr12-0086",-0.23961842181823
"chr12-0087",0.0756310987974676
"chr12-0088",-0.0226083845781913
"chr12-0089",0.421977107923302
"chr12-0090",0.191126059934451
"chr12-0091",0.159646017007401
"chr12-0092",-0.0738123214996444
"chr12-0093",-0.178043987721901
"chr12-0094",0.848691798857644
"chr12-0095",0.185882924942978
"chr12-0096",0.560534330521124
"chr12-0097",0.103235811673027
"chr12-0098",0.0912350104863076
"chr12-0099",0.15850566106283
"chr12-0100",-0.0804865329949914
"chr12-0101",-0.0813031427090488
"chr12-0102",-0.0523376421875459
"chr12-0103",-0.315721760647061
"chr12-0104",-0.289510814214026
"chr12-0105",-0.134753127446014
"chr12-0106",-0.163673202567387
"chr12-0107",-0.227617745872577
"chr12-0108",0.0161109284966993
"chr12-0109",-0.00559869306721038
"chr12-0110",-0.0314512138059499
"chr12-0111",-0.0303489821507862
"chr12-0112",-0.0428456723861375
"chr12-0113",0.165700385488028
"chr12-0114",-0.0788023991280902
"chr12-0115",-0.0970365736518228
"chr12-0116",-0.0236401206862768
"chr12-0117",-0.12025133439513
"chr12-0118",-0.325750318626347
"chr12-0119",-0.466996540623729
"chr12-0120",-0.106799265917001
"chr12-0121",-0.313174434748695
"chr12-0122",0.0755053858518447
"chr12-0123",-0.195244759425858
"chr12-0124",0.336944069363461
"chr12-0125",-0.0538908104437508
"chr12-0126",-0.0622441495063416
"chr12-0127",-0.173202704936112
"chr12-0128",-0.282961250080192
"chr12-0129",-0.123252329163603
"chr12-0130",-0.260920782553388
"chr12-0131",-0.0880838831450197
"chr12-0132",-0.0861880294431155
"chr12-0133",0.157139692175008
"chr12-0134",-0.239492757788963
"chr12-0135",-0.0214129134477298
"chr12-0136",-0.00438447534527261
"chr12-0137",0.634835228295765
"chr12-0138",0.0151411758875792
"chr12-0139",0.167164910536427
"chr12-0140",0.0686016829772753
"chr12-0141",-0.251507225752362
"chr12-0142",-0.496035160712118
"chr12-0143",-1.0523763538784
"chr12-0144",-0.465108058084425
"chr12-0145",0.768961204655966
"chr12-0146",0.600987726225209
"chr12-0147",0.15823831171748
"chr12-0148",-0.140749533997014
"chr12-0149",0.49634683299731
"chr12-0150",0.258882378023141
"chr12-0151",0.214966080285619
"chr12-0152",0.834005407475004
"chr12-0153",0.466813173087598
"chr12-0154",0.221688808625164
"chr12-0155",0.0716177946474165
"chr12-0156",-0.459311919295727
"chr12-0157",-0.0539215942402393
"chr12-0158",0.175874024842015
"chr12-0159",-0.174110728998421
"chr12-0160",-0.0571771901159516
"chr12-0161",-0.473685890156427
"chr12-0162",0.0723138763843604
"chr12-0163",-0.0775112499698061
"chr12-0164",-0.268428265300864
"chr12-0165",-0.0983583528087477
"chr12-0166",0.139878349525014
"chr12-0167",0.274785905911256
"chr12-0168",0.277874998346314
"chr12-0169",-0.0140417607400782
"chr12-0170",0.1071721117399
"chr12-0171",-0.181203446149334
"chr12-0172",-0.182659549071239
"chr12-0173",0.0814205644446912
"chr12-0174",-0.0538016067437689
"chr12-0175",-0.107704230713337
"chr12-0176",-0.127957635940197
"chr12-0177",0.00562399819410292
"chr12-0178",0.0187846398950897
"chr12-0179",0.242843291544074
"chr12-0180",0.000675407276971364
"chr12-0181",-0.0330403806073445
"chr12-0182",-0.320513711592669
"chr12-0183",-0.341106896722126
"chr12-0184",-0.0282218275373187
"chr12-0185",0.19008379582161
"chr12-0186",-0.123314161478257
"chr12-0187",-0.0625732599921277
"chr12-0188",0.145542284336739
"chr12-0189",0.0688995759503233
"chr12-0190",-0.0833980278891278
"chr12-0191",-0.240541942019984
"chr12-0192",-0.380011069179112
"chr12-0193",-0.154509710850769
"chr12-0194",0.0245867476530034
"chr12-0195",0.298118834052704
"chr12-0196",-0.0374556125897455
"chr12-0197",-0.0406910783347142
"chr12-0198",-0.193691682312755
"chr12-0199",0.0440789936729481
"chr12-0200",1.55482351959364
"chr12-0201",0.249210561684991
"chr12-0202",-0.433429415793873
"chr12-0203",-0.0187718289697609
"chr12-0204",0.0318293388145275
"chr12-0205",-0.06002577393174
"chr12-0206",0.159205872941845
"chr12-0207",-0.0982685790168713
"chr12-0208",-0.0171490202442324
"chr12-0209",-0.0211052659477603
"chr12-0210",0.052682403393509
"chr12-0211",-0.0172119772721081
"chr12-0212",-0.208148114580397
"chr12-0213",-0.20751167616376
"chr12-0214",0.0847075946535014
"chr12-0215",0.0940505772730759
"chr12-0216",0.0927990054575059
"chr12-0217",0.346922191644099
"chr12-0218",-0.107655221269237
"chr12-0219",0.126684036461672
"chr12-0220",-0.253188465494877
"chr12-0221",0.0917468774318235
"chr12-0222",-0.095429459066519
"chr12-0223",-0.178709352495402
"chr12-0224",0.0849610456791529
"chr12-0225",0.10337880339939
"chr12-0226",0.0587698517624459
"chr12-0227",0.477200449391492
"chr12-0228",-0.166361691507018
"chr12-0229",0.124342973158511
"chr12-0230",0.102179136686493
"chr12-0231",0.472736596212874
"chr12-0232",0.0798336693510434
"chr12-0233",-0.272028032021512
"chr12-0234",0.382011025097417
"chr12-0235",0.643951647819163
"chr12-0236",0.295387293955124
"chr12-0237",0.334582908077651
"chr12-0238",0.109669291708864
"chr12-0239",0.391902966767304
"chr12-0240",0.169595116101067
"chr12-0241",0.089977991956629
"chr12-0242",-0.141252184651041
"chr12-0243",0.0421578971905693
"chr12-0244",0.150638053618042
"chr12-0245",0.0776771001446158
"chr12-0246",0.0938321961524162
"chr12-0247",-0.515581192064594
"chr12-0248",0.0892153606067167
"chr12-0249",-0.25902447472543
"chr12-0250",0.145528245064744
"chr12-0251",-0.119474941530434
"chr12-0252",0.0548625530014867
"chr12-0253",0.0592687320429772
"chr12-0254",0.089197914624684
"chr12-0255",0.298211253067184
"chr12-0256",-0.0247680254475708
"chr12-0257",-0.0642102299225172
"chr12-0258",-0.231732585761639
"chr12-0259",0.0556764489592898
"chr12-0260",0.0904465341185201
"chr12-0261",-0.302559791567058
"chr12-0262",-0.0420609827619273
"chr12-0263",-0.196112360742708
"chr12-0264",0.071937158066263
"chr12-0265",0.180783203766362
"chr12-0266",-0.24691871843819
"chr12-0267",-0.0400432912724971
"chr12-0268",-0.04094053175943
"chr12-0269",0.235156438074865
"chr12-0270",-0.215731824880535
"chr12-0271",0.0745479603363029
"chr12-0272",0.107301731585074
"chr12-0273",-0.141977295717116
"chr12-0274",-0.774461099547339
"chr12-0275",-0.53755614396372
"chr12-0276",-0.660539854304175
"chr12-0277",-0.137303234552025
"chr12-0278",-0.355659996486286
"chr12-0279",-0.341454127825896
"chr12-0280",-0.366991954003942
"chr12-0281",-0.332990641492744
"chr12-0282",-0.328940320984542
"chr12-0283",-0.148024924337475
"chr12-0284",-0.118257835759398
"chr12-0285",-0.146020279851926
"chr12-0286",-0.420944097200626
"chr12-0287",-0.287726680938646
"chr12-0288",0.00794882719370527
"chr12-0289",-0.190064973773713
"chr12-0290",-0.155907829800926
"chr12-0291",-0.0996411012314151
"chr12-0292",0.00876830376211688
"chr12-0293",-0.135453682651814
"chr12-0294",0.128922610248804
"chr12-0295",-0.0817271276330271
"chr12-0296",0.388461215201076
"chr12-0297",-0.185414969414028
"chr12-0298",-0.119906289780397
"chr12-0299",-0.0259528514913013
"chr12-0300",-0.390994765049685
"chr12-0301",-0.218166672526644
"chr12-0302",-0.0410544112272196
"chr12-0303",-0.15797905417389
"chr12-0304",0.263815999487959
"chr12-0305",0.105270330587969
"chr12-0306",0.031570580501404
"chr12-0307",0.453841076700062
"chr12-0308",0.159964013691692
"chr12-0309",0.241215211022618
"chr12-0310",-0.303140275495958
"chr12-0311",-0.0271004658906781
"chr12-0312",0.0297846148131905
"chr12-0313",0.109900258753234
"chr12-0314",-0.251942225683182
"chr12-0315",-0.151200864403835
"chr12-0316",-0.382434163275341
"chr12-0317",0.000565337296474186
"chr12-0318",-0.0226101485145708
"chr12-0319",-0.127247105649629
"chr12-0320",-0.290168968135504
"chr12-0321",-0.154220192900168
"chr12-0322",-0.172255951627304
"chr12-0323",-0.230864616443686
"chr12-0324",-0.294454675376911
"chr12-0325",-0.217449206759211
"chr12-0326",-0.356941778598982
"chr12-0327",-0.328864211329755
"chr12-0328",-0.123978651641868
"chr12-0329",-0.0537846512837134
"chr12-0330",-0.0267507175387457
"chr12-0331",-0.124286483230709
"chr12-0332",-0.204959314227263
"chr12-0333",-0.0702559875716934
"chr12-0334",0.043953758067133
"chr12-0335",-0.0728546837643087
"chr12-0336",-0.242290599375335
"chr12-0337",0.102137794453047
"chr12-0338",0.0903026353684837
"chr12-0339",-0.278580323166437
"chr12-0340",-0.13869616443148
"chr12-0341",-0.0932832229303577
"chr12-0342",-0.202369871083445
"chr12-0343",-0.12429902817595
"chr12-0344",-0.354952500219057
"chr12-0345",-0.239116457346602
"chr12-0346",0.0935644582256309
"chr12-0347",-0.0438310326074686
"chr12-0348",-0.330013877705979
"chr12-0349",-0.146967182558445
"chr12-0350",-0.0690976344304545
"chr12-0351",-0.305110475643884
"chr12-0352",-0.355618108987703
"chr12-0353",-0.157801966538183
"chr12-0354",-0.140570732513375
"chr12-0355",-0.34474147204957
"chr12-0356",-0.218851675568053
"chr12-0357",-0.0247790541664568
"chr12-0358",-0.145503825206884
"chr12-0359",0.176664286543948
"chr12-0360",-0.318251283383114
"chr12-0361",-0.460824330607808
"chr12-0362",0.0431274192912346
"chr12-0363",-0.0757995336437508
"chr12-0364",0.671439732843719
"chr12-0365",0.0212017025373227
"chr12-0366",-0.209082635824536
"chr12-0367",0.0721095448371773
"chr12-0368",-0.176718969034883
"chr12-0369",-0.372393636826167
"chr12-0370",-0.182929066324799
"chr12-0371",-0.183832112323992
"chr12-0372",-0.252470967036344
"chr12-0373",-0.200028876482
"chr12-0374",0.0322049431613556
"chr12-0375",0.210513383432974
"chr12-0376",0.125774437500314
"chr12-0377",0.218747506583156
"chr12-0378",-0.105582698817465
"chr12-0379",-0.113029172961581
"chr12-0380",0.0688024276287753
"chr12-0381",-0.07511422095634
"chr12-0382",-0.0619075011964445
"chr12-0383",0.0339605490326144
"chr12-0384",0.163194372965182
"chr12-0385",-0.0358638850049648
"chr12-0386",-0.111332223833566
"chr12-0387",-0.393862285421228
"chr12-0388",-0.090308442772442
"chr12-0389",0.145263444501419
"chr12-0390",0.0618601474804883
"chr12-0391",-0.0447816008606503
"chr12-0392",0.427406747607895
"chr12-0393",0.187802255539754
"chr12-0394",0.0548608421715526
"chr12-0395",0.205039989176971
"chr12-0396",0.0163362167852343
"chr12-0397",0.0247683555698797
"chr12-0398",0.0982184253434644
"chr12-0399",0.119183272090048
"chr12-0400",-0.00461734348930011
"chr12-0401",-0.295507515386246
"chr12-0402",-0.126225123271234
"chr12-0403",0.406090683424857
"chr12-0404",-0.176925066556101
"chr12-0405",0.0581492618205699
"chr12-0406",-0.0292233386104162
"chr12-0407",0.0864615916982793
"chr12-0408",-0.18858394822015
"chr12-0409",-0.410068773252393
"chr12-0410",0.234955880905458
"chr12-0411",0.263869289041545
"chr12-0412",0.159946771867034
"chr12-0413",-0.549165221306014
"chr12-0414",-0.372731083257446
"chr12-0415",-0.263049781482002
"chr12-0416",-0.236472036148274
"chr12-0417",-0.267754175587646
"chr12-0418",-0.150194753276954
"chr12-0419",0.0461538323806598
"chr12-0420",-0.212978309548534
"chr12-0421",-0.0375508959133632
"chr12-0422",-0.0401567179874385
"chr12-0423",0.00652708022032994
"chr12-0424",-0.0292584084318968
"chr12-0425",-0.186299569937248
"chr12-0426",-0.247099038398183
"chr12-0427",-0.0360489413859477
"chr12-0428",0.14289010236424
"chr12-0429",-0.351555251242865
"chr12-0430",0.164214696458915
"chr12-0431",-0.151006892152072
"chr12-0432",-0.0808285250018806
"chr12-0433",-0.0904060389469533
"chr12-0434",-0.126806829487619
"chr12-0435",-0.116741498098665
"chr12-0436",0.22445102645935
"chr12-0437",0.162889491258841
"chr12-0438",-0.407813640300542
"chr12-0439",0.174959899485709
"chr12-0440",-0.0541471295958647
"chr12-0441",-0.0879145132138151
"chr12-0442",-0.201393599383682
"chr12-0443",-0.0211033496214321
"chr12-0444",-0.22823458808833
"chr12-0445",0.317126519652021
"chr12-0446",-0.121822214553691
"chr12-0447",0.318654888628562
"chr12-0448",-0.0573176339577719
"chr12-0449",0.306895894245277
"chr12-0450",0.272827294133344
"chr12-0451",0.276854594418576
"chr12-0452",0.0477731545666685
"chr12-0453",-0.204265734864132
"chr12-0454",-0.512121837557932
"chr12-0455",-0.256962133411767
"chr12-0456",-0.263021387436541
"chr12-0457",-0.387188733230209
"chr12-0458",-0.233572928092611
"chr12-0459",-0.0241844362158155
"chr12-0460",-0.201547490527215
"chr12-0461",-0.347936560234756
"chr12-0462",0.130812078985878
"chr12-0463",0.159593642474177
"chr12-0464",0.165331685629451
"chr12-0465",0.116472753443694
"chr12-0466",-0.506555769608848
"chr12-0467",0.0733928833192264
"chr12-0468",-0.451386959006647
"chr12-0469",-0.659004861623282
"chr12-0470",-0.132597675314844
"chr12-0471",0.190106888868884
"chr12-0472",-0.0784320482953483
"chr12-0473",-0.345177686099841
"chr12-0474",0.109101705699392
"chr12-0475",0.0234659438726124
"chr12-0476",0.140217257227511
"chr12-0477",-0.453960132722279
"chr12-0478",-0.363814756174808
"chr12-0479",-0.168001921904011
"chr12-0480",0.0955868025208464
"chr12-0481",-0.498234226252909
"chr12-0482",-0.149973789862618
"chr12-0483",0.132681991900181
"chr12-0484",0.906895513250236
"chr12-0485",0.029572139522755
"chr12-0486",-0.30142249224205
"chr12-0487",-0.124709390292323
"chr12-0488",0.0582267452455747
"chr12-0489",-0.00735454463147434
"chr12-0490",0.133182435506338
"chr12-0491",0.0991223310292609
"chr12-0492",0.120991713162083
"chr12-0493",-0.281228022997678
"chr12-0494",0.360995151955851
"chr12-0495",0.0268999086202943
"chr12-0496",-0.0764496315156343
"chr12-0497",0.218334537912718
"chr12-0498",-0.122866618399854
"chr12-0499",-0.0565615831235125
"chr12-0500",-0.290434245031806
"chr12-0501",-0.0334077461998813
"chr12-0502",-0.0789291393887765
"chr12-0503",-0.309444704291798
"chr12-0504",-0.406007396416553
"chr12-0505",-0.0579526047299916
"chr12-0506",-0.251249004563136
"chr12-0507",-0.385670651226051
"chr12-0508",0.0573434264259865
"chr12-0509",0.101516638793429
"chr12-0510",0.125041952358211
"chr12-0511",0.701966182657114
"chr12-0512",0.127050202123749
"chr12-0513",-0.250237058526797
"chr12-0514",-0.3640632012859
"chr12-0515",0.039165691520763
"chr12-0516",0.0897089484527308
"chr12-0517",-0.10779029257938
"chr12-0518",-0.113437193099756
"chr12-0519",0.0970577883995968
"chr12-0520",-0.0789278971514928
"chr12-0521",-0.393173833351353
"chr12-0522",-0.12712313071369
"chr12-0523",0.180184359713766
"chr12-0524",-0.101965568349876
"chr12-0525",-0.0492746670025994
"chr12-0526",-0.197146295457351
"chr12-0527",-0.121037064107401
"chr12-0528",-0.286270473527513
"chr12-0529",-0.444961886193803
"chr12-0530",-0.0625536390959622
"chr12-0531",-0.202989461005971
"chr12-0532",0.312574504703428
"chr12-0533",-0.220875979612321
"chr12-0534",-0.233994605621149
"chr12-0535",-0.321572629358018
"chr12-0536",-0.00405362565480912
"chr12-0537",0.153003703749274
"chr12-0538",0.0683557546828727
"chr12-0539",0.205306421204645
"chr12-0540",-0.0845088558310488
"chr12-0541",0.113452101658963
"chr12-0542",0.408685489127586
"chr12-0543",-0.188331279747395
"chr12-0544",0.0300592891900071
"chr12-0545",-0.375084000008172
"chr12-0546",0.0930131468571738
"chr12-0547",-0.0152661791289452
"chr12-0548",-0.210200394378064
"chr12-0549",0.0753524089024975
"chr12-0550",0.055039068100164
"chr12-0551",-0.0434708412968864
"chr12-0552",-0.0785104269424358
"chr12-0553",-0.369383261859652
"chr12-0554",0.0348429202980839
"chr12-0555",-0.0637362941659659
"chr12-0556",-0.363330540773135
"chr12-0557",-0.308262580911177
"chr12-0558",0.275122706464399
"chr12-0559",-0.0471001681919387
"chr12-0560",-0.152889186256188
"chr12-0561",-0.214664658224525
"chr12-0562",-0.0138478989358145
"chr12-0563",-0.0526741910211285
"chr12-0564",0.124497300408053
"chr12-0565",0.237872076866486
"chr12-0566",0.0570443230427299
"chr12-0567",-0.140252229774282
"chr12-0568",-0.143111884112125
"chr12-0569",-0.0422632071414251
"chr12-0570",-0.0301912410392149
"chr12-0571",-0.397157699623737
"chr12-0572",-0.233249814449765
"chr12-0573",-0.117283724160853
"chr12-0574",0.00747731776482933
"chr12-0575",0.0220960749095151
"chr12-0576",0.199316681557206
"chr12-0577",0.0628188210466433
"chr12-0578",-0.315934159831675
"chr12-0579",0.0104280685343526
"chr12-0580",-0.137467068380718
"chr12-0581",-0.0376076346385931
"chr12-0582",-0.263179414758623
"chr12-0583",0.0553083497753485
"chr12-0584",-0.315002964115927
"chr12-0585",0.0658561317724317
"chr12-0586",-0.37025774970676
"chr12-0587",-0.270925553581983
"chr12-0588",-0.321478346865087
"chr12-0589",-0.261288268073563
"chr12-0590",-0.186915253854165
"chr12-0591",0.0384907422936823
"chr12-0592",-0.119112684553358
"chr12-0593",-0.191059922724161
"chr12-0594",-0.179227115697738
"chr12-0595",-0.366709745597168
"chr12-0596",-0.195858777625623
"chr12-0597",-0.133080936257953
"chr12-0598",0.00820783085237628
"chr12-0599",-0.0445387595613454
"chr12-0600",-0.138258455073344
"chr12-0601",-0.226946441650548
"chr12-0602",-0.164876026194954
"chr12-0603",-0.209026267298663
"chr12-0604",-0.31147538997011
"chr12-0605",-0.130836228155694
"chr12-0606",-0.105532803063826
"chr12-0607",-0.237099923020998
"chr12-0608",-0.10016781061746
"chr12-0609",0.0164023953225738
"chr12-0610",-0.471215003457825
"chr12-0611",-0.0189292482368793
"chr12-0612",-0.208855391353043
"chr12-0613",-0.394626452980974
"chr12-0614",-0.556433212261618
"chr12-0615",-0.185973618184901
"chr12-0616",-0.296259696065967
"chr12-0617",-0.0656328207361321
"chr12-0618",-0.249502339230413
"chr12-0619",-0.634149599687707
"chr12-0620",-0.323659052168424
"chr12-0621",-0.417250606113924
"chr12-0622",-0.331131654593633
"chr12-0623",-0.322126111251807
"chr12-0624",-0.209175925312137
"chr12-0625",-0.18161371257373
"chr12-0626",-0.0412233548748756
"chr12-0627",-0.165539557344328
"chr12-0628",-0.0406698913770671
"chr12-0629",-0.0545536236310569
"chr12-0630",0.139227862512999
"chr12-0631",-0.339974987067171
"chr12-0632",-0.317493065901567
"chr12-0633",-0.323446671004295
"chr12-0634",-0.080835930064375
"chr12-0635",-0.242734840779469
"chr12-0636",-0.127545123311677
"chr12-0637",-0.124334900338234
"chr12-0638",-0.028468196996254
"chr12-0639",-0.152506186696812
"chr12-0640",-0.00248008046422007
"chr12-0641",-0.0297450226390924
"chr12-0642",-0.301051491741037
"chr12-0643",-0.0242851066063528
"chr12-0644",0.20400887484496
"chr12-0645",-0.0272364654505952
"chr12-0646",-0.211138203499469
"chr12-0647",-0.0699700149913759
"chr12-0648",-0.257127219035151
"chr12-0649",-0.0160577250147599
"chr12-0650",-0.109467819761756
"chr12-0651",0.202825275264241
"chr12-0652",-0.00363808130726537
"chr12-0653",-0.23828262902946
"chr12-0654",-0.0148859481337224
"chr12-0655",-0.0793757292425099
"chr12-0656",-0.13761350208369
"chr12-0657",-0.0184249201006354
"chr12-0658",0.117716334367813
"chr12-0659",0.0681113916448496
"chr12-0660",0.11027910294324
"chr12-0661",-0.092824557704512
"chr12-0662",0.140011400747061
"chr12-0663",-0.528971054483392
"chr12-0664",-0.321639645138677
"chr12-0665",-0.00467168026043784
"chr12-0666",-0.189814232220293
"chr12-0667",0.0650645903203092
"chr12-0668",-0.136916374586515
"chr12-0669",-0.14254304803847
"chr12-0670",-0.526908331960975
"chr12-0671",-0.494430443613355
"chr12-0672",-0.226637412312774
"chr12-0673",-0.1260796194254
"chr12-0674",-0.253824402781187
"chr12-0675",-0.20795596050327
"chr12-0676",-0.0891855909054397
"chr12-0677",0.267138782498847
"chr12-0678",-0.0167686252425323
"chr12-0679",-0.389295307077931
"chr12-0680",-0.169635501135216
"chr12-0681",-0.287320402825997
"chr12-0682",0.0511364255081166
"chr12-0683",-0.130310575506594
"chr12-0684",0.381928597597291
"chr12-0685",-0.222763232455953
"chr12-0686",-0.275971735603813
"chr12-0687",-0.272499553163736
"chr12-0688",-0.106117824473459
"chr12-0689",-0.156137170300603
"chr12-0690",-0.0131506431978757
"chr12-0691",0.0123022326286955
"chr12-0692",-0.0414159211882115
"chr12-0693",0.00859042907555074
"chr12-0694",-0.00813131232538955
"chr12-0695",-0.0388965715170093
"chr12-0696",-0.239787203664899
"chr12-0697",-0.115535855879767
"chr12-0698",-0.383037804400929
"chr12-0699",-0.374363901873185
"chr12-0700",0.134571838772782
"chr12-0701",0.0509306635376221
"chr12-0702",0.162712944852755
"chr12-0703",0.251333596371041
"chr12-0704",0.121355665212218
"chr12-0705",-0.361207544159342
"chr12-0706",-0.573342709499706
"chr12-0707",-0.287344003750763
"chr12-0708",-0.160813146983676
"chr12-0709",0.00262977112229224
"chr12-0710",-0.191979213855794
"chr12-0711",-0.0477224870269248
"chr12-0712",0.110344344519719
"chr12-0713",0.110592868931195
"chr12-0714",0.0840139405789828
"chr12-0715",0.143731894420611
"chr12-0716",-0.135731793191481
"chr12-0717",-0.00115200326839787
"chr12-0718",0.00196361014317459
"chr12-0719",-0.0892103832719952
"chr12-0720",0.0333904789222499
"chr12-0721",-0.0988614869631168
"chr12-0722",-0.362185054600379
"chr12-0723",0.131498521175834
"chr12-0724",-0.231980070465608
"chr12-0725",-0.265775522855896
"chr12-0726",-0.273748220462094
"chr12-0727",0.257392646115829
"chr12-0728",0.00576322038800621
"chr12-0729",0.174154460161066
"chr12-0730",0.14078246555228
"chr12-0731",0.235392486095132
"chr12-0732",-0.302150134981573
"chr12-0733",0.0911473114857304
"chr12-0734",0.24224435863619
"chr12-0735",0.0838586919712163
"chr12-0736",-0.0134020568750193
"chr12-0737",0.159315878737506
"chr12-0738",0.110836158867055
"chr12-0739",0.382261172473798
"chr12-0740",-0.0979727775807088
"chr12-0741",0.538057242856163
"chr12-0742",0.169640024780763
"chr12-0743",0.0172968082180683
"chr12-0744",-0.184962933154448
"chr12-0745",-0.280225765326103
"chr12-0746",-0.165622308796483
"chr12-0747",-0.113677582113112
"chr12-0748",0.0875984883897139
"chr12-0749",0.137713192917812
"chr12-0750",0.0663331649429538
"chr12-0751",0.100662258439975
"chr12-0752",0.190139876933635
"chr12-0753",0.0309377369912254
"chr12-0754",0.0125835923945153
"chr12-0755",-0.197947856716472
"chr12-0756",0.0240416213534734
"chr12-0757",-0.114516841535264
"chr12-0758",0.154058194970214
"chr12-0759",0.0327396484466734
"chr12-0760",-0.258456962904482
"chr12-0761",-0.210650339067304
"chr12-0762",-0.0575099554571736
"chr12-0763",0.0558229538015937
"chr12-0764",-0.0155775487094355
"chr12-0765",0.156404841128665
"chr12-0766",-0.0690463418100984
"chr12-0767",-0.376005012853008
"chr12-0768",-0.280664698357572
"chr12-0769",0.0288443384257197
"chr12-0770",-0.25284530698247
"chr12-0771",-0.0473881394111105
"chr12-0772",-0.145706440575274
"chr12-0773",-0.35285283774698
"chr12-0774",0.0373413144817883
"chr12-0775",-0.211495924796804
"chr12-0776",-0.334622022005761
"chr12-0777",-0.0494280133649637
"chr12-0778",0.287133811720442
"chr12-0779",-0.611440331739236
"chr12-0780",0.0568986463462618
"chr12-0781",-0.171895093279451
"chr12-0782",-0.151909910640687
"chr12-0783",-0.0897002895383398
"chr12-0784",0.188127642768267
"chr12-0785",0.0375712397724834
"chr12-0786",0.132011968883127
"chr12-0787",-0.305119624178186
"chr12-0788",0.0978731463649842
"chr12-0789",-0.0668062503324962
"chr12-0790",-0.137462560948897
"chr12-0791",-0.254864201586372
"chr12-0792",-0.178169551210158
"chr12-0793",0.112639451253766
"chr12-0794",-0.0843934936614509
"chr12-0795",-0.0408431077509185
"chr12-0796",-0.122859445158077
"chr12-0797",0.107125839501899
"chr12-0798",-0.225481231357714
"chr12-0799",0.150220974743425
"chr12-0800",-0.0137973478225103
"chr12-0801",0.187005748617956
"chr12-0802",-0.170149602403868
"chr12-0803",0.0208993167721553
"chr12-0804",-0.148018420591445
"chr12-0805",-0.125049898296798
"chr12-0806",-0.242735190178385
"chr12-0807",-0.0477170600835018
"chr12-0808",0.137475018164695
"chr12-0809",0.211150159200687
"chr12-0810",0.121088773498604
"chr12-0811",0.290290705149312
"chr12-0812",0.105936849010054
"chr12-0813",0.191909193416648
"chr12-0814",0.181361018124257
"chr12-0815",0.0563260881714766
"chr12-0816",0.232613371611568
"chr12-0817",0.246495005703366
"chr12-0818",0.169694376298938
"chr12-0819",0.432293282593352
"chr12-0820",0.194554766892107
"chr12-0821",0.162056699850019
"chr12-0822",-0.169522423966466
"chr12-0823",-0.0206460214834741
"chr13-0001",0.0695576412049321
"chr13-0002",-0.277440501654873
"chr13-0003",0.00368699681501531
"chr13-0004",-0.1458478445376
"chr13-0005",0.305524999976095
"chr13-0006",0.122787036774065
"chr13-0007",0.214391503417446
"chr13-0008",0.331182147844423
"chr13-0009",-0.0197171909676775
"chr13-0010",0.331897236025968
"chr13-0011",-0.13122719785382
"chr13-0012",0.119632316533218
"chr13-0013",0.248869010166175
"chr13-0014",-0.0219817910476027
"chr13-0015",-0.0694454458023631
"chr13-0016",0.0786889349024209
"chr13-0017",0.394942178993956
"chr13-0018",0.0755548876960656
"chr13-0019",0.0806563403433091
"chr13-0020",0.0949663235243621
"chr13-0021",0.204996107795346
"chr13-0022",0.329677875946658
"chr13-0023",-0.0568494782283468
"chr13-0024",0.0812474204874054
"chr13-0025",0.0641210453539105
"chr13-0026",-0.0956255411611842
"chr13-0027",-0.325881678609268
"chr13-0028",-0.1367916027889
"chr13-0029",0.78485628853642
"chr13-0030",0.0473551497710964
"chr13-0031",0.234171462076198
"chr13-0032",-0.222056882398794
"chr13-0033",-0.0579779023331497
"chr13-0034",-0.39025822372255
"chr13-0035",-0.0162777701571739
"chr13-0036",-0.277003632167745
"chr13-0037",-0.162319894722074
"chr13-0038",0.158056211996968
"chr13-0039",-0.525934743555511
"chr13-0040",-0.317292129720162
"chr13-0041",-0.0817257619412756
"chr13-0042",0.101898936504737
"chr13-0043",0.0447547432648041
"chr13-0044",-0.151242217659944
"chr13-0045",-0.329255447400279
"chr13-0046",0.163184580748706
"chr13-0047",-0.00584362612956323
"chr13-0048",0.313592887614538
"chr13-0049",0.021273358458607
"chr13-0050",-0.0757303457180984
"chr13-0051",-0.0304063113851382
"chr13-0052",-0.0892533741351982
"chr13-0053",-0.188657098548793
"chr13-0054",-0.205538971689502
"chr13-0055",-0.0317066446709708
"chr13-0056",-0.0284125395859002
"chr13-0057",-0.199391334977933
"chr13-0058",-0.251258983064559
"chr13-0059",0.143140646860954
"chr13-0060",0.193242491325972
"chr13-0061",-0.127154226055642
"chr13-0062",-0.175707106840862
"chr13-0063",-0.076398974631265
"chr13-0064",-0.0675781914216002
"chr13-0065",-0.281585712530659
"chr13-0066",-0.0171417334289271
"chr13-0067",0.0603742737961051
"chr13-0068",-0.27176273053833
"chr13-0069",0.148172221079865
"chr13-0070",0.0378236472466498
"chr13-0071",0.0776389280599752
"chr13-0072",0.112003131588015
"chr13-0073",-0.268428931538954
"chr13-0074",0.0627559286432001
"chr13-0075",-0.0727734301060482
"chr13-0076",0.0116064752542404
"chr13-0077",-0.104641827600639
"chr13-0078",0.0961751727609644
"chr13-0079",-0.367489626710843
"chr13-0080",-0.290235460242783
"chr13-0081",0.210862425975472
"chr13-0082",-0.239398332446154
"chr13-0083",0.0616337081370865
"chr13-0084",-0.332157739933022
"chr13-0085",-0.298183681077182
"chr13-0086",-0.340504055966444
"chr13-0087",0.0518613894932612
"chr13-0088",-0.287437866709954
"chr13-0089",-0.126145634037366
"chr13-0090",-0.105047403467569
"chr13-0091",-0.12091065190983
"chr13-0092",0.248443118701548
"chr13-0093",-0.0949471311663487
"chr13-0094",0.206602891168971
"chr13-0095",-0.110650317092895
"chr13-0096",-0.108635760074187
"chr13-0097",-0.133527155501951
"chr13-0098",-0.098654559108502
"chr13-0099",0.155003154028383
"chr13-0100",-0.0899452451903873
"chr13-0101",-0.0741849402452865
"chr13-0102",0.0223248833579651
"chr13-0103",-0.266011380661124
"chr13-0104",0.0232630794643397
"chr13-0105",-0.0457349253142644
"chr13-0106",-0.0701129120740346
"chr13-0107",0.187822668560726
"chr13-0108",0.156510504257769
"chr13-0109",-0.244831941297697
"chr13-0110",0.0247180762759945
"chr13-0111",0.299311475511793
"chr13-0112",0.137855005240183
"chr13-0113",0.0620423538380356
"chr13-0114",-0.176309311528584
"chr13-0115",-0.318724648925418
"chr13-0116",-0.356882237339965
"chr13-0117",-0.044474731314929
"chr13-0118",-0.274388948401498
"chr13-0119",0.0837193144311247
"chr13-0120",-0.0150798213925352
"chr13-0121",0.104620502526737
"chr13-0122",-0.0245905247809118
"chr13-0123",-0.466652149736616
"chr13-0124",-0.359069900665696
"chr13-0125",0.0359553577967674
"chr13-0126",-0.169687363840945
"chr13-0127",-0.158279653951918
"chr13-0128",-0.166517001655692
"chr13-0129",-0.236397790369201
"chr13-0130",-0.198064848420367
"chr13-0131",-0.357944036599116
"chr13-0132",-0.0840506496002165
"chr13-0133",0.0503881460297018
"chr13-0134",0.17656531034033
"chr13-0135",0.261043328414188
"chr13-0136",0.0594196146733035
"chr13-0137",0.15923661850812
"chr13-0138",-0.417089058483046
"chr13-0139",0.0157200452132325
"chr13-0140",0.224235925560032
"chr13-0141",-0.195373449892694
"chr13-0142",-0.203713935890359
"chr13-0143",-0.0531658849926641
"chr13-0144",-0.0749468099609865
"chr13-0145",0.150149293897435
"chr13-0146",-0.157745950692208
"chr13-0147",-0.0960527659837192
"chr13-0148",-0.117139489150292
"chr13-0149",-0.418022961518821
"chr13-0150",-0.435326728308685
"chr13-0151",-0.248420746948015
"chr13-0152",0.475306064320717
"chr13-0153",-0.108731247116629
"chr13-0154",-0.0840765420779124
"chr13-0155",-0.0777778618666505
"chr13-0156",-0.0544605054494698
"chr13-0157",-0.129399249709201
"chr13-0158",0.283819180356498
"chr13-0159",-0.632858751101437
"chr13-0160",-0.151586456539281
"chr13-0161",-0.132550126345748
"chr13-0162",-0.016481401632088
"chr13-0163",0.0752089700066617
"chr13-0164",-0.134343596069704
"chr13-0165",-0.305537833161601
"chr13-0166",-0.146259463449085
"chr13-0167",-0.00419296645698277
"chr13-0168",0.149672206818584
"chr13-0169",-0.0396839371332739
"chr13-0170",-0.286463740867121
"chr13-0171",-0.328786106178935
"chr13-0172",0.0374943858151352
"chr13-0173",0.241217134954215
"chr13-0174",-0.718899901513078
"chr13-0175",0.189231815347153
"chr13-0176",-0.466690601354618
"chr13-0177",-0.105061277283199
"chr13-0178",-0.0264474660644647
"chr13-0179",-0.511320569322678
"chr13-0180",-0.113604162745716
"chr13-0181",-0.292156882817927
"chr13-0182",0.111588667667707
"chr13-0183",-0.158011433191352
"chr13-0184",-0.177306283472856
"chr13-0185",-0.197597167143608
"chr13-0186",-0.4634404135058
"chr13-0187",-0.0289631768535606
"chr13-0188",-0.40322514760805
"chr13-0189",0.124648476399039
"chr13-0190",0.119406809420495
"chr13-0191",-0.17174621362932
"chr13-0192",-0.456286938392151
"chr13-0193",-0.187966393800703
"chr13-0194",0.276915091939698
"chr13-0195",-0.127534821582288
"chr13-0196",-0.00604914141615685
"chr13-0197",0.0606388158761288
"chr13-0198",-0.178104098763804
"chr13-0199",-0.0586914207470361
"chr13-0200",0.0416422507743775
"chr13-0201",-0.142322582206609
"chr13-0202",-0.100489350341545
"chr13-0203",0.126925112107464
"chr13-0204",0.0914305906980341
"chr13-0205",-0.365851799043318
"chr13-0206",-0.109476503541814
"chr13-0207",-0.377021428191936
"chr13-0208",0.0879850257760119
"chr13-0209",0.0464620057128153
"chr13-0210",-0.280066885562477
"chr13-0211",0.0535899786088382
"chr13-0212",-0.122189838750057
"chr13-0213",-0.327279870703408
"chr13-0214",-0.333279485961159
"chr13-0215",-0.179450043283585
"chr13-0216",0.349232335014111
"chr13-0217",-0.198845131481398
"chr13-0218",-0.301322026348803
"chr13-0219",-0.243519335132955
"chr13-0220",-0.0804727998316852
"chr13-0221",-0.0840315116056845
"chr13-0222",-0.00864822627469793
"chr13-0223",-0.0776619815424308
"chr13-0224",-0.0640820112951681
"chr13-0225",0.00672795734267088
"chr13-0226",-0.418804963676233
"chr13-0227",0.112568566544482
"chr13-0228",0.227025540119385
"chr13-0229",0.0703759187326357
"chr13-0230",0.210782295323777
"chr13-0231",0.237361890608258
"chr13-0232",0.453957913199041
"chr13-0233",-0.189995419258307
"chr13-0234",-0.155194036653863
"chr13-0235",-0.293353485062103
"chr13-0236",-0.244106428403218
"chr13-0237",0.0513458361110302
"chr13-0238",0.307883368389265
"chr13-0239",0.281124854071339
"chr13-0240",0.111990112242227
"chr13-0241",-0.0209735322141149
"chr13-0242",-0.142928229400432
"chr13-0243",0.270338610458982
"chr13-0244",0.124719747882662
"chr13-0245",-0.0257424530864849
"chr13-0246",0.421557282687431
"chr13-0247",0.0394630819407241
"chr13-0248",0.490296150505419
"chr13-0249",-0.198484210093247
"chr13-0250",0.253553954827353
"chr13-0251",0.296344807279597
"chr13-0252",-0.156594158724997
"chr13-0253",-0.0278290715212577
"chr13-0254",0.53553828801745
"chr13-0255",0.013004010531982
"chr13-0256",-0.28162220406337
"chr13-0257",-0.255537115997459
"chr13-0258",0.491945939372293
"chr13-0259",0.145291852576237
"chr13-0260",-0.0229200515796096
"chr13-0261",-0.0936585353760072
"chr13-0262",-0.440108177515505
"chr13-0263",0.0959981616866719
"chr13-0264",0.0774746603194503
"chr13-0265",0.0946691108148076
"chr13-0266",-0.136969714184945
"chr13-0267",-0.0399669675173438
"chr13-0268",-0.0934826352979943
"chr13-0269",-0.0794468316734213
"chr13-0270",-0.384285722631017
"chr13-0271",0.0917891351446211
"chr13-0272",-0.164791722397128
"chr13-0273",-0.14445925835636
"chr13-0274",-0.0336596804161274
"chr13-0275",-0.225661059022786
"chr13-0276",-0.302781213384748
"chr13-0277",0.148469201157108
"chr13-0278",-0.185728107412769
"chr13-0279",-0.199018786588459
"chr13-0280",0.161322624001404
"chr13-0281",-0.0406081080938993
"chr13-0282",-0.427829930303916
"chr13-0283",-0.610304464923783
"chr13-0284",0.0639929876171687
"chr13-0285",-0.0126075664137235
"chr13-0286",0.442384936025302
"chr13-0287",-0.220866042397146
"chr13-0288",-0.44768349013115
"chr13-0289",-0.208173393722958
"chr13-0290",-0.230115122518877
"chr13-0291",0.0849180474438182
"chr13-0292",-0.0172109736599051
"chr13-0293",0.184632462085447
"chr13-0294",0.37186032045904
"chr13-0295",0.521547513626836
"chr13-0296",-0.0849675883102404
"chr13-0297",0.15480083130977
"chr13-0298",-0.0174132688410092
"chr13-0299",-0.118665829063374
"chr13-0300",0.459350809271981
"chr13-0301",0.283691866193741
"chr13-0302",0.241441715694997
"chr13-0303",-0.114455567064899
"chr13-0304",-0.215198386154367
"chr13-0305",0.173641466453559
"chr13-0306",-0.0792071373095592
"chr13-0307",-0.0379311293611003
"chr13-0308",0.356906614289809
"chr13-0309",-0.165911879485388
"chr13-0310",0.0433331010595143
"chr13-0311",-0.182763723870877
"chr13-0312",-0.327045510715007
"chr13-0313",0.0476819849694992
"chr13-0314",0.0783470438712341
"chr13-0315",0.0665317568622338
"chr13-0316",0.256409373704232
"chr13-0317",0.335747201413504
"chr13-0318",-0.129607294729526
"chr13-0319",0.27040802148029
"chr13-0320",0.140227761919881
"chr13-0321",-0.120355800255809
"chr13-0322",0.318928513449533
"chr13-0323",-0.15524377323083
"chr13-0324",-0.0706786583289336
"chr13-0325",-0.360015018342536
"chr13-0326",-0.229580928702873
"chr13-0327",0.0239812902887797
"chr13-0328",-0.291402216510343
"chr13-0329",-0.24877428740478
"chr13-0330",-0.0235654081553549
"chr13-0331",0.484866526243043
"chr13-0332",-0.0914564079842527
"chr13-0333",-0.025085119974483
"chr13-0334",0.0034140925385624
"chr13-0335",-0.117442500425654
"chr13-0336",-0.228451983315812
"chr13-0337",-0.23292218714763
"chr13-0338",-0.434394778080992
"chr13-0339",-0.231451588764851
"chr13-0340",-0.0442396509463885
"chr13-0341",0.0434012749365017
"chr13-0342",0.0269526794533597
"chr13-0343",-0.0699573749549289
"chr13-0344",-0.135033349792181
"chr13-0345",0.131614043669954
"chr13-0346",0.122266109539819
"chr13-0347",0.0871842845560345
"chr13-0348",-0.116610398645269
"chr13-0349",0.292735949605601
"chr13-0350",-0.0450408720755629
"chr13-0351",-0.0440695049233709
"chr13-0352",-0.022950127398642
"chr13-0353",-0.254669954013006
"chr13-0354",-0.120365559397484
"chr13-0355",-0.33653318115279
"chr13-0356",-0.0331940589338337
"chr13-0357",0.0132514449155481
"chr13-0358",0.0272015528410095
"chr13-0359",-0.300464060022054
"chr13-0360",0.0229995996367998
"chr13-0361",0.101040877711063
"chr13-0362",0.0134070750459955
"chr13-0363",0.121433041069266
"chr13-0364",-0.233469627957878
"chr13-0365",-0.0609221941674422
"chr13-0366",-0.517921056670176
"chr13-0367",-0.375657564308033
"chr13-0368",-0.381660336292571
"chr13-0369",-0.15890091843645
"chr13-0370",0.0711459704052965
"chr13-0371",-0.224295761858109
"chr13-0372",0.0202239053228448
"chr13-0373",-0.0186107954040666
"chr13-0374",-0.134278294221601
"chr13-0375",-0.00115677656161161
"chr13-0376",-0.138078011293359
"chr13-0377",0.501836413866761
"chr13-0378",-0.0989794610720672
"chr13-0379",-0.0640096075127884
"chr13-0380",-0.135476835007868
"chr13-0381",0.0250347660805521
"chr13-0382",-0.184770135038739
"chr13-0383",-0.0420585094121936
"chr13-0384",-0.2358877824577
"chr13-0385",0.168890244124482
"chr13-0386",-0.257532076877014
"chr13-0387",-0.598155674791511
"chr13-0388",0.0295888455362513
"chr13-0389",-0.0207826728926763
"chr13-0390",0.0917779719338351
"chr13-0391",0.157168508324626
"chr13-0392",-0.136657053189629
"chr13-0393",-0.340676213006009
"chr13-0394",0.0543759655858422
"chr13-0395",-0.152169749764938
"chr13-0396",0.193295185670897
"chr13-0397",-0.174575427990654
"chr13-0398",0.154526145381983
"chr13-0399",0.0113839147913226
"chr13-0400",0.184186662419695
"chr13-0401",-0.0841300956739887
"chr13-0402",0.157784744391091
"chr13-0403",0.0536943257422382
"chr13-0404",-0.26237625497939
"chr13-0405",0.0117451333602286
"chr13-0406",0.140929374682118
"chr13-0407",-0.23734997508647
"chr13-0408",-0.0456003720320862
"chr13-0409",-0.0745354086766604
"chr13-0410",-0.0829484464119029
"chr13-0411",0.0104439764202753
"chr13-0412",-0.133013478428103
"chr13-0413",0.195998234615843
"chr13-0414",0.220853827536016
"chr13-0415",0.124301223035771
"chr13-0416",0.260348159634011
"chr13-0417",0.284958952770494
"chr13-0418",0.0214948929406651
"chr13-0419",0.155215833176869
"chr13-0420",0.214444065338006
"chr13-0421",0.0213502255899849
"chr13-0422",0.265069995526278
"chr13-0423",0.1911783383309
"chr13-0424",0.451879672804893
"chr13-0425",0.219239555074072
"chr13-0426",0.126159044052961
"chr13-0427",0.337438613291337
"chr13-0428",0.064371451379488
"chr13-0429",0.0224330750265365
"chr13-0430",0.188375337926564
"chr14-0001",0.381675525669839
"chr14-0002",0.32799568821476
"chr14-0003",0.409927098820913
"chr14-0004",-0.161958822980113
"chr14-0005",0.10762674693382
"chr14-0006",-0.203325101673712
"chr14-0007",-0.199348554780104
"chr14-0008",-0.350878673279344
"chr14-0009",-0.335453363670617
"chr14-0010",-0.353559652580953
"chr14-0011",-0.337534966059159
"chr14-0012",-0.340790499821992
"chr14-0013",-0.374138318854793
"chr14-0014",-0.0464081621482334
"chr14-0015",0.0711960880655184
"chr14-0016",-0.29122448125847
"chr14-0017",0.044106790000852
"chr14-0018",-0.435858136422351
"chr14-0019",-0.0243482916131052
"chr14-0020",-0.205272901931887
"chr14-0021",-0.0740524057069801
"chr14-0022",-0.259421316852575
"chr14-0023",-0.186144173220689
"chr14-0024",0.0264688029830003
"chr14-0025",-0.332496154201504
"chr14-0026",-0.576734619819444
"chr14-0027",-0.360433895856884
"chr14-0028",-0.416164006189529
"chr14-0029",-0.223405401630475
"chr14-0030",-0.283288917760271
"chr14-0031",-0.199945280710852
"chr14-0032",-0.00802809649577732
"chr14-0033",-0.0913369673059584
"chr14-0034",-0.0275630826108362
"chr14-0035",-0.132877619446114
"chr14-0036",-0.0411057736764139
"chr14-0037",-0.218346102864872
"chr14-0038",-0.0909143437701985
"chr14-0039",-0.20354712845593
"chr14-0040",-0.280146095547975
"chr14-0041",-0.295446237059521
"chr14-0042",-0.166816840510369
"chr14-0043",-0.244370888203704
"chr14-0044",-0.445395800041954
"chr14-0045",-0.559995796243666
"chr14-0046",-0.263711749293083
"chr14-0047",-0.0164429857102089
"chr14-0048",-0.477202086471097
"chr14-0049",-0.245082714220444
"chr14-0050",-0.150929060236359
"chr14-0051",-0.0839006138846626
"chr14-0052",0.0913998433110007
"chr14-0053",0.16826532864959
"chr14-0054",-0.0344490682237841
"chr14-0055",0.326682307116883
"chr14-0056",0.401139709311674
"chr14-0057",0.429682659540801
"chr14-0058",0.0182825326508929
"chr14-0059",-0.0136842265164273
"chr14-0060",-0.19281303786365
"chr14-0061",-0.0110136705404368
"chr14-0062",-0.345352208818139
"chr14-0063",0.130327531925604
"chr14-0064",-0.136189544604257
"chr14-0065",0.780633890701545
"chr14-0066",0.0952244993267739
"chr14-0067",0.000616161277421875
"chr14-0068",-0.0746343266527773
"chr14-0069",-0.129093308429872
"chr14-0070",-0.227012761163798
"chr14-0071",-0.0922071129726083
"chr14-0072",-0.0836344646358396
"chr14-0073",-0.0565309314917246
"chr14-0074",0.326903304477372
"chr14-0075",0.0123245738073355
"chr14-0076",0.0294220281395139
"chr14-0077",-0.313970773158916
"chr14-0078",-0.440735487515373
"chr14-0079",-0.569254355538237
"chr14-0080",-0.160049485186774
"chr14-0081",0.340926721657699
"chr14-0082",0.365977407668779
"chr14-0083",0.000866942325768052
"chr14-0084",0.625271305832558
"chr14-0085",-0.187366559873539
"chr14-0086",-0.0162723363520019
"chr14-0087",0.0109767431514373
"chr14-0088",-0.0357657990775259
"chr14-0089",-0.121016638853196
"chr14-0090",-0.33746786003696
"chr14-0091",-0.0575878941222426
"chr14-0092",-0.0389513565299419
"chr14-0093",-0.654110452033566
"chr14-0094",-0.244590637975568
"chr14-0095",-0.119825492283073
"chr14-0096",-0.162219746825326
"chr14-0097",-0.315016545678847
"chr14-0098",-0.106521920504472
"chr14-0099",0.0338770214938692
"chr14-0100",0.242816847293276
"chr14-0101",0.0750367104281195
"chr14-0102",-0.34968051403477
"chr14-0103",0.466083126518683
"chr14-0104",-0.216124825618152
"chr14-0105",0.0142327821686574
"chr14-0106",0.132157812632742
"chr14-0107",-0.148851381753931
"chr14-0108",-0.15572474704704
"chr14-0109",-0.236740920480099
"chr14-0110",-0.0991033215769145
"chr14-0111",0.366534138599064
"chr14-0112",-0.042474337958136
"chr14-0113",0.16510685212441
"chr14-0114",-0.294185901178526
"chr14-0115",-0.122377954221163
"chr14-0116",0.0685576663243915
"chr14-0117",-0.177282711744841
"chr14-0118",0.474342440711632
"chr14-0119",-0.0579676571156066
"chr14-0120",0.116821558974622
"chr14-0121",-0.119174007437416
"chr14-0122",0.698030939346316
"chr14-0123",0.409544138413608
"chr14-0124",0.0181673460655198
"chr14-0125",0.319108564032385
"chr14-0126",-0.187291304609642
"chr14-0127",0.01368247865345
"chr14-0128",0.0894206706237045
"chr14-0129",-0.307320401816733
"chr14-0130",0.113227495253404
"chr14-0131",-0.196148098063789
"chr14-0132",0.146407000248757
"chr14-0133",0.0434989236555827
"chr14-0134",-0.194558231162309
"chr14-0135",0.178253173655092
"chr14-0136",-0.219511225143916
"chr14-0137",0.0126704603163062
"chr14-0138",0.0988768402381038
"chr14-0139",-0.151530382928409
"chr14-0140",-0.157761706137042
"chr14-0141",-0.241766740878472
"chr14-0142",-0.0971466903353279
"chr14-0143",-0.0877834171867388
"chr14-0144",-0.0123903239262112
"chr14-0145",0.0726013607616538
"chr14-0146",-0.124395320926868
"chr14-0147",0.314006464933805
"chr14-0148",-0.306988731254089
"chr14-0149",-0.247337209715931
"chr14-0150",-0.268916008001724
"chr14-0151",-0.0398751105483184
"chr14-0152",-0.234523224132069
"chr14-0153",-0.0502483948753743
"chr14-0154",0.157658045696637
"chr14-0155",0.0180728991649522
"chr14-0156",0.449073938630446
"chr14-0157",-0.191656195735356
"chr14-0158",-0.0903278168316175
"chr14-0159",-0.313017368338891
"chr14-0160",0.10452912375666
"chr14-0161",0.039468008417435
"chr14-0162",-0.266473200696246
"chr14-0163",-0.157609834181547
"chr14-0164",0.0447181209409346
"chr14-0165",-0.174731140544132
"chr14-0166",-0.149411644283071
"chr14-0167",-0.116128469646839
"chr14-0168",-0.360481221652786
"chr14-0169",0.0673798170244029
"chr14-0170",0.0702628682328505
"chr14-0171",-0.273328457276684
"chr14-0172",0.0667207699176083
"chr14-0173",0.130295886666201
"chr14-0174",-0.0498530965660346
"chr14-0175",-0.292261426243665
"chr14-0176",0.289037653773757
"chr14-0177",-0.445958886902324
"chr14-0178",-0.180913473333689
"chr14-0179",-0.116715432526856
"chr14-0180",-0.621036760999855
"chr14-0181",-0.297466046502626
"chr14-0182",-0.179161973915069
"chr14-0183",-0.0188739192526381
"chr14-0184",-0.255082603911882
"chr14-0185",0.00385232810055878
"chr14-0186",-0.148020194893122
"chr14-0187",-0.431791871638576
"chr14-0188",-0.0821483148641239
"chr14-0189",-0.339491456535633
"chr14-0190",0.0852663443655704
"chr14-0191",-0.0319993467329597
"chr14-0192",-0.0727869534654831
"chr14-0193",-0.0508591544231473
"chr14-0194",-0.250472562329543
"chr14-0195",0.0223188697829187
"chr14-0196",-0.372306869698764
"chr14-0197",-0.46402920191939
"chr14-0198",-0.352780366254847
"chr14-0199",-0.286217561997024
"chr14-0200",0.241218358309739
"chr14-0201",-0.0707060800172456
"chr14-0202",0.134706502863763
"chr14-0203",-0.0881582083351799
"chr14-0204",-0.286359956727997
"chr14-0205",0.0127805367760495
"chr14-0206",-0.211869713374363
"chr14-0207",-0.0543261797172482
"chr14-0208",-0.186316712945376
"chr14-0209",-0.134988229533198
"chr14-0210",0.209427176827471
"chr14-0211",-0.0703993209764236
"chr14-0212",-0.40917652995663
"chr14-0213",0.157165016164616
"chr14-0214",-0.176458508187361
"chr14-0215",-0.185051641636206
"chr14-0216",-0.205092365498669
"chr14-0217",-0.0542583181901361
"chr14-0218",0.179754340181343
"chr14-0219",0.109195579344664
"chr14-0220",0.0629487854833961
"chr14-0221",-0.0948293183660861
"chr14-0222",-0.136808155293098
"chr14-0223",-0.151446717325956
"chr14-0224",-0.307192570949364
"chr14-0225",-0.171301724097539
"chr14-0226",-0.0675921446813658
"chr14-0227",-0.194312895439561
"chr14-0228",-0.10547944649007
"chr14-0229",-0.166555761013141
"chr14-0230",0.298199192654535
"chr14-0231",0.292670931364173
"chr14-0232",0.0578436674046279
"chr14-0233",0.0313703311207493
"chr14-0234",-0.0794139358406593
"chr14-0235",0.119880408837199
"chr14-0236",-0.191271224692316
"chr14-0237",-0.246617027773356
"chr14-0238",0.0189924432151306
"chr14-0239",-0.117137772798025
"chr14-0240",-0.157291510927823
"chr14-0241",-0.294447746226463
"chr14-0242",-0.224164203845461
"chr14-0243",-0.223640615524056
"chr14-0244",-0.442525300338168
"chr14-0245",-0.103976172231534
"chr14-0246",-0.210105029154549
"chr14-0247",0.154321788568046
"chr14-0248",0.337244574425034
"chr14-0249",-0.324842723820561
"chr14-0250",0.423990481693725
"chr14-0251",-0.30925462442085
"chr14-0252",0.23905471109256
"chr14-0253",0.0193122329852407
"chr14-0254",0.0600256058995953
"chr14-0255",-0.138524437426651
"chr14-0256",-0.042330584151047
"chr14-0257",-0.239837177313139
"chr14-0258",-0.092865763729921
"chr14-0259",-0.261713631967474
"chr14-0260",0.0237097980715569
"chr14-0261",-0.342988803562842
"chr14-0262",-0.476802644392575
"chr14-0263",-0.49344650865522
"chr14-0264",-0.285075052539649
"chr14-0265",-0.452188176599229
"chr14-0266",-0.22294428161955
"chr14-0267",-0.17349798253467
"chr14-0268",-0.178716345143225
"chr14-0269",-0.365929721453057
"chr14-0270",-0.258152571990754
"chr14-0271",-0.00246270725083433
"chr14-0272",-0.0998890037739594
"chr14-0273",-0.5576876094793
"chr14-0274",0.0614426768751922
"chr14-0275",0.00709047714138312
"chr14-0276",-0.315724078093604
"chr14-0277",-0.0896485258733032
"chr14-0278",-0.11550778084057
"chr14-0279",-0.201286022830268
"chr14-0280",-0.367029404588374
"chr14-0281",-0.687240188721745
"chr14-0282",0.03606696133583
"chr14-0283",-0.210626226544196
"chr14-0284",-0.103727225197857
"chr14-0285",-0.310897566854165
"chr14-0286",-0.0930103044560015
"chr14-0287",-0.0882627157303247
"chr14-0288",0.0630709581866405
"chr14-0289",-0.504497361909208
"chr14-0290",-0.195395146412249
"chr14-0291",-0.19363632800857
"chr14-0292",0.0712888110294262
"chr14-0293",0.00359503233567039
"chr14-0294",-0.110479623802537
"chr14-0295",-0.23140028518084
"chr14-0296",-0.0887566458220884
"chr14-0297",-0.292121695764524
"chr14-0298",-0.346886084997065
"chr14-0299",-0.17340867828398
"chr14-0300",-0.29997860042967
"chr14-0301",-0.265237463665492
"chr14-0302",0.163468335604565
"chr14-0303",-0.128912999443441
"chr14-0304",0.0699042077424227
"chr14-0305",0.147431718706203
"chr14-0306",0.036220568983144
"chr14-0307",-0.444066359416051
"chr14-0308",-0.0241195926740953
"chr14-0309",-0.197589087964268
"chr14-0310",-0.0989090527452132
"chr14-0311",0.0166289587191642
"chr14-0312",-0.059447847188951
"chr14-0313",-0.122705199756595
"chr14-0314",-0.0259893002756727
"chr14-0315",-0.341297400300639
"chr14-0316",0.0300153498262466
"chr14-0317",-0.150283223940746
"chr14-0318",-0.0382045784792204
"chr14-0319",-0.107409830723812
"chr14-0320",-0.261192702486158
"chr14-0321",-0.31805893759147
"chr14-0322",-0.272595788794694
"chr14-0323",-0.18187747235527
"chr14-0324",-0.3278934729187
"chr14-0325",-0.245409733739248
"chr14-0326",-0.132764432452142
"chr14-0327",-0.111565426747334
"chr14-0328",-0.0166634207216529
"chr14-0329",-0.0313996020720203
"chr14-0330",-0.485916169753409
"chr14-0331",-0.160581657681021
"chr14-0332",-0.165525065045071
"chr14-0333",-0.588391802257856
"chr14-0334",-0.27654245220795
"chr14-0335",-0.400188256109069
"chr14-0336",-0.470449667365606
"chr14-0337",-0.22092525948638
"chr14-0338",-0.0497247472543925
"chr14-0339",-0.133504569909878
"chr14-0340",-0.0320773936594539
"chr14-0341",-0.282412306620572
"chr14-0342",-0.206735382376514
"chr14-0343",-0.205297622451404
"chr14-0344",-0.131180608280899
"chr14-0345",0.317844678813634
"chr14-0346",-0.25961952582762
"chr14-0347",-0.543293187276041
"chr14-0348",-0.349762481465754
"chr14-0349",-0.167497472169756
"chr14-0350",-0.476387490234484
"chr14-0351",-0.111239069325922
"chr14-0352",-0.48311866470659
"chr14-0353",-0.308007675431796
"chr14-0354",-0.116636414659802
"chr14-0355",-0.0896509152324171
"chr14-0356",0.425872850297009
"chr14-0357",0.578872704474877
"chr14-0358",-0.149797509122707
"chr14-0359",0.0584447564735253
"chr14-0360",-0.273102575959113
"chr14-0361",-0.0914512808602148
"chr14-0362",-0.344205840922093
"chr14-0363",-0.0687580534669833
"chr14-0364",-0.213033883257417
"chr14-0365",0.139571110682933
"chr14-0366",0.289868586843029
"chr14-0367",-0.112212825872102
"chr14-0368",0.163810580563448
"chr14-0369",0.191505718243722
"chr14-0370",0.00235717059851018
"chr14-0371",-0.127652564738657
"chr14-0372",0.34980099961425
"chr14-0373",0.335469502717712
"chr14-0374",0.233033942146331
"chr14-0375",-0.373324276915943
"chr14-0376",-0.0784867838411746
"chr14-0377",-0.566912315779552
"chr14-0378",-0.0538379754372558
"chr14-0379",-0.235744505608873
"chr14-0380",0.18468008075064
"chr14-0381",-0.102208262801936
"chr14-0382",-0.106303106644382
"chr14-0383",-0.0617288033588244
"chr14-0384",-0.327108298025532
"chr14-0385",-0.0914916261689346
"chr14-0386",-0.0787266944721079
"chr14-0387",-0.232361272300487
"chr14-0388",0.175949343891681
"chr14-0389",0.0835295285987299
"chr14-0390",0.184275336105442
"chr14-0391",0.14042259730206
"chr14-0392",-0.0420298927778593
"chr14-0393",-0.244170895500248
"chr14-0394",-0.284177206361361
"chr14-0395",-0.0430427015859928
"chr14-0396",-0.326588125576677
"chr14-0397",-0.181048352079064
"chr14-0398",-0.220916633752372
"chr14-0399",-0.149342447851204
"chr14-0400",-0.000173929093471669
"chr14-0401",0.0932837318362527
"chr14-0402",-0.320615886307664
"chr14-0403",0.0441002143495579
"chr14-0404",0.043775669741399
"chr14-0405",0.0968241972965116
"chr14-0406",-0.099425656619119
"chr14-0407",0.096712041487739
"chr14-0408",-0.146244148445152
"chr14-0409",-0.147814210408434
"chr14-0410",0.71921142545877
"chr14-0411",0.157107788391168
"chr14-0412",-0.11746726640935
"chr14-0413",-0.241168296665587
"chr14-0414",-0.302193718444245
"chr14-0415",-0.334472862211245
"chr14-0416",-0.0279311756332152
"chr14-0417",-0.0905470878884999
"chr14-0418",-0.318685702632235
"chr14-0419",-0.0817614097657457
"chr14-0420",-0.319028076426444
"chr14-0421",-0.0136777157133141
"chr14-0422",0.336590460125402
"chr14-0423",-0.00258202241051915
"chr14-0424",-0.116609765510869
"chr14-0425",-0.38654177344569
"chr14-0426",-0.287106856015511
"chr14-0427",-0.45211277619347
"chr14-0428",-0.26966693170636
"chr14-0429",-0.127984413100215
"chr14-0430",-0.469494194317433
"chr14-0431",-0.527419045963204
"chr14-0432",-0.380525995425282
"chr14-0433",-0.591191339022622
"chr14-0434",-0.252958847684922
"chr14-0435",0.00194645152801956
"chr14-0436",-0.127017355300627
"chr14-0437",-0.384219378183895
"chr14-0438",-0.045392320290325
"chr14-0439",-0.104925143625385
"chr14-0440",-0.0842888334782004
"chr14-0441",-0.275939823930829
"chr14-0442",-0.213521408450881
"chr14-0443",-0.332871549763813
"chr14-0444",-0.259751527526099
"chr14-0445",-0.228197595734681
"chr14-0446",-0.412183245390747
"chr14-0447",-0.381679865140608
"chr14-0448",-0.393836108070302
"chr14-0449",-0.116763481232147
"chr14-0450",-0.116888536479528
"chr14-0451",-0.178768094236925
"chr14-0452",0.129325064983571
"chr14-0453",0.00884752743150115
"chr14-0454",-0.0675893109889416
"chr14-0455",-0.144562698587483
"chr14-0456",-0.124442417354187
"chr14-0457",-0.420511067023907
"chr14-0458",-0.372166031930362
"chr14-0459",-0.00196053344265062
"chr14-0460",-0.38196321152128
"chr14-0461",-0.212855448498573
"chr14-0462",-0.457940541591257
"chr14-0463",-0.519314800005102
"chr14-0464",-0.234308498497144
"chr14-0465",-0.323373068466621
"chr14-0466",-0.210971131446287
"chr14-0467",0.145560266672493
"chr14-0468",0.0718929156533819
"chr14-0469",-0.0309843026979107
"chr14-0470",0.0222867482690894
"chr14-0471",-0.199361510328807
"chr14-0472",0.107811394680583
"chr14-0473",-0.0471507433424165
"chr14-0474",-0.24682763911848
"chr14-0475",-0.0605843272050272
"chr14-0476",-0.180520053879879
"chr14-0477",-0.0453551206328212
"chr14-0478",0.00415101514606669
"chr14-0479",-0.0521773909403385
"chr14-0480",-0.483843414217813
"chr14-0481",-0.134773756793648
"chr14-0482",-0.13807199756031
"chr14-0483",-0.0598162659300259
"chr14-0484",0.0255058182690509
"chr14-0485",-0.25990852241521
"chr14-0486",-0.0465850968745596
"chr14-0487",-0.267252053419324
"chr14-0488",-0.140004483738275
"chr14-0489",-0.0930284020339922
"chr14-0490",0.188820948032779
"chr14-0491",-0.156064711432947
"chr14-0492",0.0715006267199617
"chr14-0493",-0.109904091103884
"chr14-0494",0.0995946536187878
"chr14-0495",-0.0310494485319046
"chr14-0496",0.141523536180556
"chr14-0497",-0.145354913023195
"chr14-0498",0.225257922907525
"chr14-0499",-0.0256189066493892
"chr14-0500",0.122599281331772
"chr14-0501",-0.0471661272266492
"chr14-0502",0.142380294832808
"chr14-0503",-0.0409058216770042
"chr14-0504",-0.0317428765197709
"chr14-0505",0.206053582433242
"chr14-0506",0.108630254094022
"chr14-0507",0.168316617202453
"chr14-0508",0.0233089576893997
"chr14-0509",-0.018770574771755
"chr14-0510",0.915754006220371
"chr14-0511",-0.0767206749592929
"chr14-0512",0.0610455588766664
"chr14-0513",-0.0407258897600911
"chr14-0514",-0.0606179854173312
"chr14-0515",-0.0270835842271845
"chr14-0516",0.0136028716552858
"chr14-0517",0.041277004868543
"chr14-0518",-0.0342496416236775
"chr14-0519",-0.192470722187345
"chr14-0520",-0.171551609143023
"chr14-0521",-0.0967072824180506
"chr14-0522",-0.0626685086733612
"chr14-0523",0.00599330030343128
"chr14-0524",0.175288197680339
"chr14-0525",0.0205618843258411
"chr14-0526",0.0115654716738682
"chr14-0527",0.145586303916886
"chr14-0528",0.117098505525043
"chr14-0529",0.0416743879911088
"chr14-0530",0.0871844895555343
"chr14-0531",0.127496244061549
"chr14-0532",0.236645585033878
"chr14-0533",0.0569724851216698
"chr14-0534",-0.0765217317696205
"chr14-0535",-0.205271438516642
"chr14-0536",-0.165499738797555
"chr14-0537",0.179626035213183
"chr14-0538",-0.00777438364118063
"chr14-0539",0.0785042087961894
"chr14-0540",-0.292519805371951
"chr14-0541",-0.0712233081572401
"chr14-0542",-0.224072923822517
"chr15-0001",0.23641342866516
"chr15-0002",-0.0751063161305866
"chr15-0003",-0.0766791230403344
"chr15-0004",-0.580025323651919
"chr15-0005",-0.931469797167236
"chr15-0006",-0.424962143842936
"chr15-0007",0.426478155954149
"chr15-0008",0.297285378014157
"chr15-0009",0.247300520185872
"chr15-0010",0.17703307092807
"chr15-0011",-0.0213812026793571
"chr15-0012",0.118067643258467
"chr15-0013",-0.145217187238402
"chr15-0014",-0.0872535185789527
"chr15-0015",0.0395387888239719
"chr15-0016",0.162226884304819
"chr15-0017",0.00182966291214483
"chr15-0018",0.12761601100513
"chr15-0019",0.178372142286563
"chr15-0020",0.110015247845258
"chr15-0021",-0.339642188497223
"chr15-0022",-0.385385174491026
"chr15-0023",-0.422218859732885
"chr15-0024",-0.022128081843154
"chr15-0025",-0.229404401297625
"chr15-0026",-0.147357235843218
"chr15-0027",-0.0721135708459829
"chr15-0028",0.0663980847598074
"chr15-0029",-0.0983235793976005
"chr15-0030",0.252661777287049
"chr15-0031",-0.76262114359457
"chr15-0032",-0.128838479117268
"chr15-0033",-0.202775716596876
"chr15-0034",0.212692371837687
"chr15-0035",-0.132508173780432
"chr15-0036",-0.188819462805658
"chr15-0037",-0.141240511639642
"chr15-0038",-0.00562562085498462
"chr15-0039",-0.082041798300073
"chr15-0040",0.187846688931762
"chr15-0041",0.0686629746538193
"chr15-0042",0.0097842249157812
"chr15-0043",0.289818945748923
"chr15-0044",0.6429354427402
"chr15-0045",0.245995278282422
"chr15-0046",0.261495663683605
"chr15-0047",0.00989748791661006
"chr15-0048",-0.293737021197892
"chr15-0049",-0.0428894764250522
"chr15-0050",-0.111298717651025
"chr15-0051",-0.272990005912968
"chr15-0052",0.0126679208197252
"chr15-0053",-0.0647069495592121
"chr15-0054",-0.132688631970348
"chr15-0055",0.210043395730891
"chr15-0056",0.222306206650797
"chr15-0057",-0.169347263664654
"chr15-0058",0.291348124783494
"chr15-0059",0.0236862378052452
"chr15-0060",-0.169756155984174
"chr15-0061",-0.269106587383615
"chr15-0062",-0.160764831296286
"chr15-0063",-0.113524766091645
"chr15-0064",-0.332090012261236
"chr15-0065",-0.00916840186486502
"chr15-0066",-0.462025487231592
"chr15-0067",0.145197458046397
"chr15-0068",0.0409949696400478
"chr15-0069",-0.124782739231062
"chr15-0070",0.0824648484453714
"chr15-0071",0.180313000699056
"chr15-0072",-0.0587449045447481
"chr15-0073",-0.105408091824167
"chr15-0074",-0.289569654590822
"chr15-0075",-0.0909031853616914
"chr15-0076",-0.34164027092713
"chr15-0077",0.042509825431594
"chr15-0078",0.00788869253488707
"chr15-0079",0.0696163181397098
"chr15-0080",-0.172292581837483
"chr15-0081",-0.0817073104240545
"chr15-0082",0.00730374432504607
"chr15-0083",-0.161471968906035
"chr15-0084",0.230225431644294
"chr15-0085",-0.15203518703988
"chr15-0086",0.227201768968496
"chr15-0087",0.438184051919971
"chr15-0088",0.105637517483012
"chr15-0089",0.408166674913319
"chr15-0090",-0.0243211981935153
"chr15-0091",0.0784113681142142
"chr15-0092",0.218022303413544
"chr15-0093",-0.22490970839064
"chr15-0094",0.406743798534004
"chr15-0095",0.489548840621913
"chr15-0096",0.0735108065494293
"chr15-0097",0.0064881293206436
"chr15-0098",0.0555419674566115
"chr15-0099",0.0520382691854508
"chr15-0100",-0.3896408968364
"chr15-0101",-0.199859313262043
"chr15-0102",0.0725961019648016
"chr15-0103",-0.312609018948454
"chr15-0104",-0.48296869372683
"chr15-0105",-0.126384138984991
"chr15-0106",-0.402127912194255
"chr15-0107",-0.237212089817312
"chr15-0108",-0.156491837920043
"chr15-0109",-0.214686963467887
"chr15-0110",-0.250175719314043
"chr15-0111",-0.439310580850178
"chr15-0112",-0.387546657214894
"chr15-0113",-0.245174797747548
"chr15-0114",0.157018480944202
"chr15-0115",-0.479914493111544
"chr15-0116",-0.2347397576663
"chr15-0117",-0.185967838806703
"chr15-0118",-0.225326287335943
"chr15-0119",-0.262087587728801
"chr15-0120",-0.198567838452238
"chr15-0121",-0.175191560761372
"chr15-0122",0.0953448679140365
"chr15-0123",-0.16977652406686
"chr15-0124",0.0837316697558102
"chr15-0125",0.0192780289146216
"chr15-0126",-0.120036360084163
"chr15-0127",-0.117880393506663
"chr15-0128",-0.129842755603754
"chr15-0129",-0.0266447734277549
"chr15-0130",0.00087709972566738
"chr15-0131",-0.216283158317319
"chr15-0132",-0.500630692038986
"chr15-0133",-0.224961503473811
"chr15-0134",-0.238416660225351
"chr15-0135",-0.370207765993203
"chr15-0136",-0.190123012274245
"chr15-0137",-0.436019128383745
"chr15-0138",0.0410814671344229
"chr15-0139",-0.270811868138051
"chr15-0140",-0.0380768624425531
"chr15-0141",-0.0415366343765051
"chr15-0142",0.199381228389778
"chr15-0143",-0.0626025272207823
"chr15-0144",-0.304108903949536
"chr15-0145",-0.0597971818692893
"chr15-0146",-0.204338604257614
"chr15-0147",-0.24185804219115
"chr15-0148",0.301445977383785
"chr15-0149",-0.0762606425016475
"chr15-0150",0.12898314769291
"chr15-0151",-0.154827441332234
"chr15-0152",-0.25420328792593
"chr15-0153",0.644185517811288
"chr15-0154",-0.172245678511749
"chr15-0155",-0.0719829554029115
"chr15-0156",-0.169975084365344
"chr15-0157",-0.277772031503817
"chr15-0158",-0.257264809109447
"chr15-0159",0.490585422132554
"chr15-0160",-0.0833246274390425
"chr15-0161",-0.275005983741415
"chr15-0162",-0.20169987187108
"chr15-0163",-0.223827100983038
"chr15-0164",-0.0277747701980458
"chr15-0165",-0.149655439852552
"chr15-0166",-0.0901192268593624
"chr15-0167",-0.259318736340831
"chr15-0168",-0.164269736946711
"chr15-0169",-0.0476120408849898
"chr15-0170",-0.290041336638122
"chr15-0171",-0.737130469151212
"chr15-0172",-0.137212775717763
"chr15-0173",-0.503363223038848
"chr15-0174",-0.0660535076333268
"chr15-0175",-0.308961258345382
"chr15-0176",-0.264595293509739
"chr15-0177",-0.0182346947551172
"chr15-0178",-0.049491320875534
"chr15-0179",-0.192657927723945
"chr15-0180",-0.207029669537854
"chr15-0181",-0.209844266308153
"chr15-0182",-0.370510600861252
"chr15-0183",-0.406678856741326
"chr15-0184",-0.0336349349525415
"chr15-0185",-0.0124961694599401
"chr15-0186",-0.268531268767851
"chr15-0187",0.032646892262779
"chr15-0188",-0.141312302901397
"chr15-0189",-0.137668813072216
"chr15-0190",-0.0210561800202995
"chr15-0191",-0.112568271628378
"chr15-0192",0.208294237913195
"chr15-0193",0.537130418451974
"chr15-0194",-0.140789663733354
"chr15-0195",-0.149079877886049
"chr15-0196",-0.0390439275937113
"chr15-0197",-0.651901547496133
"chr15-0198",-0.151314252115611
"chr15-0199",-0.384020726592465
"chr15-0200",0.0324898952915962
"chr15-0201",-0.0591730808168971
"chr15-0202",-0.228368118116703
"chr15-0203",-0.0462208425865576
"chr15-0204",0.0258878336712752
"chr15-0205",-0.0421234817834185
"chr15-0206",-0.0451723433260329
"chr15-0207",0.181202738701181
"chr15-0208",-0.258402887506138
"chr15-0209",0.174730939237971
"chr15-0210",0.108157331686537
"chr15-0211",0.0253044955160181
"chr15-0212",-0.151698734549795
"chr15-0213",-0.127300897595553
"chr15-0214",-0.0251870259507479
"chr15-0215",0.652903329088393
"chr15-0216",-0.100670142962565
"chr15-0217",0.00995035191729572
"chr15-0218",-0.276636183282766
"chr15-0219",-0.100428736092678
"chr15-0220",0.178384197086255
"chr15-0221",0.0253076657339617
"chr15-0222",0.188178575256186
"chr15-0223",-0.0246037413659819
"chr15-0224",-0.00470875373812646
"chr15-0225",-0.218523821561476
"chr15-0226",-0.0156713340431642
"chr15-0227",-0.181837489115548
"chr15-0228",-0.263223825339534
"chr15-0229",0.0068060508460844
"chr15-0230",-0.10593223171924
"chr15-0231",-0.0511602685654261
"chr15-0232",-0.147742749380352
"chr15-0233",0.107881075182162
"chr15-0234",0.120877639652983
"chr15-0235",0.158214244338742
"chr15-0236",-0.592126140641853
"chr15-0237",-0.267998377492499
"chr15-0238",-0.296472042864613
"chr15-0239",-0.059017824859198
"chr15-0240",-0.252407634291734
"chr15-0241",-0.0248089154881266
"chr15-0242",-0.0143919525952889
"chr15-0243",-0.16264037834426
"chr15-0244",-0.0752745065964907
"chr15-0245",0.343194498215693
"chr15-0246",-0.0634798085364886
"chr15-0247",-0.133192616738227
"chr15-0248",-0.125063960544424
"chr15-0249",-0.0629602391009414
"chr15-0250",-0.0410338066488842
"chr15-0251",-0.0264562101607546
"chr15-0252",-0.0968901251610849
"chr15-0253",-0.14259908889803
"chr15-0254",-0.114381835574882
"chr15-0255",-0.0203058305952119
"chr15-0256",0.0473074274599878
"chr15-0257",0.154968528472695
"chr15-0258",-0.131575727907493
"chr15-0259",-0.0356654344809735
"chr15-0260",-0.0959520899098417
"chr15-0261",0.120699359244112
"chr15-0262",0.0360235281785153
"chr15-0263",-0.0249237897634172
"chr15-0264",-0.00765395794371601
"chr15-0265",-0.106821236160545
"chr15-0266",-0.0349693314786726
"chr15-0267",0.067647256463601
"chr15-0268",-0.13154921105121
"chr15-0269",-0.140789657544107
"chr15-0270",-0.0373698921639287
"chr15-0271",-0.190077135797483
"chr15-0272",-0.277788163806476
"chr15-0273",-0.139238687877974
"chr15-0274",-0.256752703882554
"chr15-0275",-0.120258070388062
"chr15-0276",0.127727069198747
"chr15-0277",-0.366268707668176
"chr15-0278",-0.281038774655209
"chr15-0279",-0.154232705145912
"chr15-0280",-0.268072114213383
"chr15-0281",-0.109140911753886
"chr15-0282",-0.0813095082404586
"chr15-0283",-0.39571378631118
"chr15-0284",-0.167122624459387
"chr15-0285",0.0219216718822681
"chr15-0286",0.201411776825479
"chr15-0287",-0.221798301436591
"chr15-0288",0.031283172167535
"chr15-0289",-0.223094475006074
"chr15-0290",-0.129714803821554
"chr15-0291",-0.164234807956736
"chr15-0292",-0.163451697520885
"chr15-0293",-0.150029715128593
"chr15-0294",0.00422901335655302
"chr15-0295",-0.271088762452503
"chr15-0296",0.023401935184495
"chr15-0297",-0.18991446214465
"chr15-0298",-0.0443821380345702
"chr15-0299",-0.139453264062855
"chr15-0300",-0.557620581835054
"chr15-0301",-0.36777633374494
"chr15-0302",-0.518651183485168
"chr15-0303",-0.0547308555684706
"chr15-0304",0.221310562852034
"chr15-0305",-0.253869835067759
"chr15-0306",-0.345429380706688
"chr15-0307",-0.264947166811779
"chr15-0308",-0.172171934830829
"chr15-0309",-0.145576410615193
"chr15-0310",-0.407701274272047
"chr15-0311",-0.143168037876015
"chr15-0312",-0.285226339235347
"chr15-0313",-0.335862297665239
"chr15-0314",-0.183964541924218
"chr15-0315",-0.206278478003832
"chr15-0316",0.0303895491283699
"chr15-0317",-0.217812544328168
"chr15-0318",-0.212828290944195
"chr15-0319",-0.233747945904119
"chr15-0320",-0.197428132975057
"chr15-0321",-0.34535415454972
"chr15-0322",-0.291170375016333
"chr15-0323",-0.491870063131289
"chr15-0324",-0.164185401569772
"chr15-0325",-0.181299110065515
"chr15-0326",-0.0414904151581481
"chr15-0327",-0.387546149779875
"chr15-0328",-0.306183248734875
"chr15-0329",-0.193559986012799
"chr15-0330",-0.245976877910018
"chr15-0331",-0.155367077426938
"chr15-0332",-0.332877919358751
"chr15-0333",-0.523231012500904
"chr15-0334",-0.4637729448018
"chr15-0335",-0.401660102715464
"chr15-0336",-0.399262444919457
"chr15-0337",-0.0990927433464351
"chr15-0338",-0.234679780049865
"chr15-0339",-0.203808111439017
"chr15-0340",-0.204223138038841
"chr15-0341",-0.426942271059385
"chr15-0342",-0.074267288121126
"chr15-0343",-0.550139261199346
"chr15-0344",0.00703342153548616
"chr15-0345",-0.200374128663709
"chr15-0346",-0.0707305470145927
"chr15-0347",0.0921437088455373
"chr15-0348",-0.369726481193023
"chr15-0349",-0.191720103302638
"chr15-0350",-0.334169366685882
"chr15-0351",-0.190957510785191
"chr15-0352",-0.165399037716042
"chr15-0353",0.310842882579098
"chr15-0354",-0.222047114803997
"chr15-0355",-0.0158459042685227
"chr15-0356",-0.0849721071368454
"chr15-0357",-0.0645666881537645
"chr15-0358",-0.229943413990607
"chr15-0359",-0.37887347863494
"chr15-0360",-0.183634796267908
"chr15-0361",-0.192912795845433
"chr15-0362",0.013867921570523
"chr15-0363",-0.559191519398298
"chr15-0364",-0.31067570429278
"chr15-0365",-0.44280202269146
"chr15-0366",-0.140307461637559
"chr15-0367",-0.0056715315502463
"chr15-0368",0.0671655892208623
"chr15-0369",-0.301217251721659
"chr15-0370",-0.224899979454545
"chr15-0371",-0.295809903124047
"chr15-0372",-0.132403712142664
"chr15-0373",-0.421638436693214
"chr15-0374",-0.178584213375968
"chr15-0375",-0.268302546034249
"chr15-0376",-0.0913350405857383
"chr15-0377",-0.166503157148637
"chr15-0378",-0.163355587909827
"chr15-0379",-0.276054908686109
"chr15-0380",-0.136574789580022
"chr15-0381",-0.234410906492137
"chr15-0382",0.121093656738023
"chr15-0383",-0.121822073641299
"chr15-0384",-0.211242413598127
"chr15-0385",-0.0333925937482756
"chr15-0386",0.219053969431163
"chr15-0387",0.242048252810098
"chr15-0388",-0.201701396343637
"chr15-0389",-0.0775799289085049
"chr15-0390",0.113380056237645
"chr15-0391",0.464471502321313
"chr15-0392",-0.0383949077308441
"chr15-0393",-0.0787932223007654
"chr15-0394",-0.226052399616578
"chr15-0395",0.141551673098413
"chr15-0396",-0.0185660656268694
"chr15-0397",-0.154773407228621
"chr15-0398",-0.444045426853212
"chr15-0399",-0.59820619348531
"chr15-0400",-0.245679085263672
"chr15-0401",0.0473153699036141
"chr15-0402",-0.182340520080839
"chr15-0403",-0.00760005368755845
"chr15-0404",-0.00407784122394879
"chr15-0405",-0.185958692655037
"chr15-0406",0.105930057211388
"chr15-0407",-0.107074674852231
"chr15-0408",-0.125010940343164
"chr15-0409",0.00803613950291137
"chr15-0410",0.256970942813138
"chr15-0411",-0.245168474207667
"chr15-0412",-0.165841355950547
"chr15-0413",-0.78547678480627
"chr15-0414",-0.0596768399421995
"chr15-0415",-0.331902385751271
"chr15-0416",-0.0678052528253888
"chr15-0417",0.00164143202448594
"chr15-0418",-0.208595171607053
"chr15-0419",0.126134904090862
"chr15-0420",0.287196852806088
"chr15-0421",-0.0530914088828691
"chr15-0422",-0.512372382754516
"chr15-0423",-0.400910613597125
"chr15-0424",-0.240207857028365
"chr15-0425",-0.231761840104446
"chr15-0426",-0.27542428770671
"chr15-0427",-0.290310128574587
"chr15-0428",-0.289628116317484
"chr15-0429",-0.218542953262474
"chr15-0430",0.0352739790937732
"chr15-0431",-0.347041341285286
"chr15-0432",-0.375316206265106
"chr15-0433",-0.331810881550896
"chr15-0434",-0.07549065862466
"chr15-0435",-0.178082152436002
"chr15-0436",-0.0794542786663381
"chr15-0437",-0.0498172077063639
"chr15-0438",-0.0246899225446352
"chr15-0439",-0.384154879503034
"chr15-0440",-0.0456673318976179
"chr15-0441",-0.0908728613303108
"chr15-0442",-0.238132528637347
"chr15-0443",-0.246500678674507
"chr15-0444",-0.195404134655157
"chr15-0445",0.0642522955384543
"chr15-0446",0.383823154666153
"chr15-0447",-0.199372529487473
"chr15-0448",-0.459776462055322
"chr15-0449",-0.271019029737365
"chr15-0450",0.0311325834303537
"chr15-0451",0.0336419548650638
"chr15-0452",-0.190420567482282
"chr15-0453",-0.173749120405085
"chr15-0454",-0.270182840609106
"chr15-0455",-0.01958731742709
"chr15-0456",-0.0678915525332266
"chr15-0457",-0.286481888095226
"chr15-0458",-0.111405804489723
"chr15-0459",-0.162239165389487
"chr15-0460",0.020404686523534
"chr15-0461",-0.239324380613311
"chr15-0462",-0.273411817119555
"chr15-0463",-0.18392165367708
"chr15-0464",-0.0973683368165366
"chr15-0465",-0.391281355083904
"chr15-0466",-0.287725208964707
"chr15-0467",-0.17470141718742
"chr15-0468",-0.41666031556554
"chr15-0469",-0.152924153720943
"chr15-0470",-0.141061646009131
"chr15-0471",-0.376861743757947
"chr15-0472",-0.0549656940493918
"chr15-0473",-0.0621510234981961
"chr15-0474",-0.176251230417355
"chr15-0475",-0.317532160649772
"chr15-0476",0.1596196315323
"chr15-0477",-0.399500307594734
"chr15-0478",-0.110918651512581
"chr15-0479",-0.0514066074553709
"chr15-0480",-0.216255077739144
"chr15-0481",-0.350480247646895
"chr15-0482",-0.13608001795519
"chr15-0483",-0.14358553106496
"chr15-0484",-0.0592197608108136
"chr15-0485",-0.158427605966529
"chr15-0486",-0.186760272849527
"chr15-0487",0.0460875397774464
"chr15-0488",-0.203659986379476
"chr15-0489",-0.0367119736375706
"chr15-0490",-0.18928564037878
"chr15-0491",0.0740452298976751
"chr15-0492",0.024931741405781
"chr15-0493",0.0641428222724589
"chr15-0494",-0.159747368505975
"chr15-0495",0.0985871646144155
"chr15-0496",-0.0263580397920389
"chr15-0497",-0.38523033577648
"chr15-0498",-0.131463833060207
"chr15-0499",-0.262778562244364
"chr15-0500",-0.398650239863921
"chr15-0501",-0.335259644136528
"chr15-0502",-0.231417155306831
"chr15-0503",-0.302351204039979
"chr15-0504",-0.230357013046413
"chr15-0505",-0.206780049799795
"chr15-0506",-0.161473992450267
"chr15-0507",-0.173155194122812
"chr15-0508",-0.0486215872882256
"chr15-0509",0.261306693124179
"chr15-0510",-0.0184660608397255
"chr15-0511",0.141972173474968
"chr15-0512",-0.0547134351187394
"chr15-0513",-0.0242794100674788
"chr15-0514",-0.187596448881073
"chr15-0515",-0.27785133110216
"chr15-0516",-0.146948638056352
"chr15-0517",-0.434806534613667
"chr15-0518",-0.0760941260729805
"chr15-0519",-0.495471884520714
"chr15-0520",-0.208138437248158
"chr15-0521",-0.148605949391672
"chr15-0522",-0.132646711865404
"chr15-0523",-0.43086916820083
"chr15-0524",0.322060149529116
"chr15-0525",-0.456272542254861
"chr15-0526",-0.0400890050654765
"chr15-0527",0.0864958661168936
"chr15-0528",-0.124576196612494
"chr15-0529",-0.206895551466885
"chr15-0530",0.0803167649521841
"chr15-0531",0.12885121646079
"chr15-0532",-0.061082161944949
"chr15-0533",-0.32221328606798
"chr15-0534",0.316098716848942
"chr15-0535",-0.11075250618173
"chr15-0536",-0.18096245521315
"chr15-0537",0.0891250005241977
"chr15-0538",0.21946292553105
"chr15-0539",-0.0953532456180871
"chr15-0540",-0.145345664083304
"chr15-0541",-0.0697516682230227
"chr15-0542",-0.0685612742540031
"chr15-0543",-0.154281431832733
"chr15-0544",0.17809921337408
"chr15-0545",0.0108181247989473
"chr15-0546",0.255073757475229
"chr15-0547",0.112707560755583
"chr15-0548",-0.0329343872171008
"chr15-0549",0.048022910166667
"chr15-0550",-0.158059570141186
"chr15-0551",-0.030571275148281
"chr15-0552",-0.0655831544745594
"chr15-0553",-0.0174626385539555
"chr15-0554",-0.276628489814397
"chr15-0555",-0.119982572440365
"chr15-0556",-0.01259873214548
"chr15-0557",-0.131413808030095
"chr15-0558",0.631772067156827
"chr15-0559",0.170469147423432
"chr15-0560",-0.194959671861624
"chr15-0561",0.156731764048325
"chr15-0562",-0.105199224815839
"chr15-0563",0.023006684232835
"chr15-0564",0.0183520475606673
"chr15-0565",-0.227510267705168
"chr15-0566",-0.316919202933619
"chr15-0567",-0.258054702226755
"chr15-0568",-0.0819645631439694
"chr15-0569",0.00650771636664614
"chr15-0570",0.0547482662229546
"chr16-0001",-0.0786725967007983
"chr16-0002",-0.0104014219881712
"chr16-0003",0.164184053144682
"chr16-0004",0.182555765862187
"chr16-0005",0.205329803884773
"chr16-0006",0.117006241348619
"chr16-0007",0.0529722569719565
"chr16-0008",0.0251433604894765
"chr16-0009",0.158800526554267
"chr16-0010",0.226134989065899
"chr16-0011",0.119579133456534
"chr16-0012",0.106970115923662
"chr16-0013",0.0644834396805556
"chr16-0014",0.0957828530774498
"chr16-0015",0.201998549455534
"chr16-0016",0.232540400918033
"chr16-0017",0.131673979886185
"chr16-0018",0.130984045170618
"chr16-0019",0.1572311154301
"chr16-0020",-0.0765483536369848
"chr16-0021",0.148505370451028
"chr16-0022",0.147681451430178
"chr16-0023",-0.0433397723666625
"chr16-0024",0.437603079684716
"chr16-0025",-0.0503310886149825
"chr16-0026",-0.0813294422600826
"chr16-0027",0.0763008035201106
"chr16-0028",0.183267094339678
"chr16-0029",-0.0615630378374301
"chr16-0030",-0.0640484133786663
"chr16-0031",-0.0779022506838525
"chr16-0032",-0.0491842052397678
"chr16-0033",-0.202416549187848
"chr16-0034",-0.173694799948245
"chr16-0035",-0.00823352229495249
"chr16-0036",0.0892524168708134
"chr16-0037",0.00839800205867734
"chr16-0038",0.177447765256263
"chr16-0039",0.112654127841018
"chr16-0040",0.256155833047963
"chr16-0041",0.22340638959343
"chr16-0042",0.100139775342698
"chr16-0043",-0.00670024770339022
"chr16-0044",-0.0402259499880026
"chr16-0045",-0.00684648579320435
"chr16-0046",-0.129808625175987
"chr16-0047",0.0448714682570897
"chr16-0048",0.0689072567348466
"chr16-0049",0.0693502371762234
"chr16-0050",-0.21091750778598
"chr16-0051",-0.101473046285681
"chr16-0052",-0.374295112979601
"chr16-0053",-0.146948624327114
"chr16-0054",-0.0209878356969077
"chr16-0055",0.161698711949658
"chr16-0056",-0.0780552817671269
"chr16-0057",0.117427759765814
"chr16-0058",-0.193348877538073
"chr16-0059",-0.394982595203632
"chr16-0060",-0.166106680112925
"chr16-0061",-0.247217897577907
"chr16-0062",-0.120037454496892
"chr16-0063",0.0480631057240793
"chr16-0064",-0.04351333777957
"chr16-0065",0.0482383336703334
"chr16-0066",0.149657869362091
"chr16-0067",-0.279294673184989
"chr16-0068",-0.0851963783336022
"chr16-0069",-0.287860854564922
"chr16-0070",-0.140506608337425
"chr16-0071",-0.134473892967936
"chr16-0072",0.155662910745019
"chr16-0073",-0.0213031226599696
"chr16-0074",-0.0424844304526153
"chr16-0075",0.00839798049599098
"chr16-0076",-0.332423462181437
"chr16-0077",-0.360798414287081
"chr16-0078",-0.26163149103199
"chr16-0079",0.0601356743885284
"chr16-0080",-0.142530599906692
"chr16-0081",-0.217058274759804
"chr16-0082",0.156758784559446
"chr16-0083",-0.0910933045781591
"chr16-0084",-0.240678066476655
"chr16-0085",0.100217992812588
"chr16-0086",-0.0767893864046544
"chr16-0087",-0.110646825228695
"chr16-0088",0.158201047157361
"chr16-0089",-0.169112349685735
"chr16-0090",-0.139524903914558
"chr16-0091",-0.238258743732917
"chr16-0092",-0.258440630398982
"chr16-0093",-0.211231535780361
"chr16-0094",0.0889955636180634
"chr16-0095",0.0635856754591944
"chr16-0096",-0.175637238834746
"chr16-0097",-0.204961556792565
"chr16-0098",-0.469057671615384
"chr16-0099",-0.527573806178603
"chr16-0100",0.0316054135071183
"chr16-0101",0.0120074048219994
"chr16-0102",-0.350695965460443
"chr16-0103",-0.0462841393609666
"chr16-0104",-0.0385835804680782
"chr16-0105",-0.0399578177069767
"chr16-0106",0.0644798406000921
"chr16-0107",0.100462341468332
"chr16-0108",0.0729044154844056
"chr16-0109",-0.102949454044829
"chr16-0110",-0.283026858935489
"chr16-0111",0.187398084289851
"chr16-0112",0.0119421041042464
"chr16-0113",0.0917063115190948
"chr16-0114",0.134775858359306
"chr16-0115",0.162385652984352
"chr16-0116",-0.150141019515008
"chr16-0117",-0.181698837965276
"chr16-0118",0.0896275298537517
"chr16-0119",0.130493373067044
"chr16-0120",-0.0330775053038258
"chr16-0121",0.0632272615705442
"chr16-0122",-0.115964124264369
"chr16-0123",-0.257575129281368
"chr16-0124",-0.251252964591998
"chr16-0125",-0.172876941263205
"chr16-0126",-0.708089889420841
"chr16-0127",-0.0936342499335567
"chr16-0128",-0.0325465061766809
"chr16-0129",0.284503508668336
"chr16-0130",-0.10457143833169
"chr16-0131",-0.0389111094650956
"chr16-0132",0.209999966184903
"chr16-0133",-0.0845409896962749
"chr16-0134",-0.383273286492602
"chr16-0135",-0.383265431901907
"chr16-0136",0.165206194436518
"chr16-0137",-0.130601269903763
"chr16-0138",-0.115486499134825
"chr16-0139",-0.155948100590023
"chr16-0140",-0.362774605199224
"chr16-0141",-0.370611545177704
"chr16-0142",-0.179950769740056
"chr16-0143",-0.0964529557717726
"chr16-0144",-0.256604333616014
"chr16-0145",-0.0976477624733895
"chr16-0146",0.0677721608309671
"chr16-0147",-0.123489354218755
"chr16-0148",-0.283819504560051
"chr16-0149",0.154180840062112
"chr16-0150",0.158379664487334
"chr16-0151",0.197105263835346
"chr16-0152",-0.0757036192638709
"chr16-0153",-0.57543889666778
"chr16-0154",-0.100042623308432
"chr16-0155",-0.0451735793248566
"chr16-0156",-0.0814712356020306
"chr16-0157",0.0650515534901167
"chr16-0158",-0.111104805879565
"chr16-0159",-0.239638913866534
"chr16-0160",-0.307826166077054
"chr16-0161",-0.336708297572822
"chr16-0162",-0.13614232677293
"chr16-0163",-0.279662754689929
"chr16-0164",-0.24230194083011
"chr16-0165",-0.265124265909145
"chr16-0166",0.0383460017212707
"chr16-0167",-0.141215138570231
"chr16-0168",0.040022629845094
"chr16-0169",-0.19025267476509
"chr16-0170",-0.459783283709924
"chr16-0171",-0.565305436224982
"chr16-0172",-0.219001560053136
"chr16-0173",-0.128648994924542
"chr16-0174",-0.214423782167226
"chr16-0175",0.0723579941145473
"chr16-0176",0.0438726985464427
"chr16-0177",-0.00152969270202403
"chr16-0178",0.0553547546001765
"chr16-0179",-0.422627928615331
"chr16-0180",-0.159580852956311
"chr16-0181",-0.198725245239631
"chr16-0182",-0.286556713923606
"chr16-0183",-0.476088633431946
"chr16-0184",-0.215226413520943
"chr16-0185",-0.547606666576377
"chr16-0186",-0.10584507842291
"chr16-0187",-0.0462716239584508
"chr16-0188",-0.163332526584426
"chr16-0189",-0.240654978122648
"chr16-0190",-0.211380213832203
"chr16-0191",0.00998510023813554
"chr16-0192",-0.392847984337993
"chr16-0193",-0.0185789303066753
"chr16-0194",-0.194183822049139
"chr16-0195",-0.305904405861492
"chr16-0196",-0.118951125558348
"chr16-0197",0.124451221587607
"chr16-0198",-0.018834181452372
"chr16-0199",0.185282714253719
"chr16-0200",0.13546333669639
"chr16-0201",-0.0686935350490308
"chr16-0202",0.0142701805389676
"chr16-0203",0.195692571200048
"chr16-0204",0.126925201851888
"chr16-0205",0.291610920613771
"chr16-0206",0.254078314425086
"chr16-0207",0.100413669342966
"chr16-0208",-0.0941095329945405
"chr16-0209",0.115805178708182
"chr16-0210",0.00127377160961534
"chr16-0211",-0.0617648948768507
"chr16-0212",-0.110594966933806
"chr16-0213",-0.11761111006053
"chr16-0214",-0.175700875271572
"chr16-0215",-0.0374089631732088
"chr16-0216",-0.126801592153531
"chr16-0217",-0.0489484473250359
"chr16-0218",-0.157895277905966
"chr16-0219",-0.0380548326289251
"chr16-0220",-0.0800705707472594
"chr16-0221",0.142037876207543
"chr16-0222",-0.131673652667448
"chr16-0223",0.0261376494652687
"chr16-0224",-0.0489651786600055
"chr16-0225",0.103654087719678
"chr16-0226",-0.175677287906032
"chr16-0227",0.0777600518535365
"chr16-0228",-0.00615462127789341
"chr16-0229",0.0152406417172921
"chr16-0230",0.0350032971163882
"chr16-0231",0.28490957636768
"chr16-0232",-0.456663517116022
"chr16-0233",0.130071709457685
"chr16-0234",0.237236519801716
"chr16-0235",0.0860096705487391
"chr16-0236",0.228483195526114
"chr16-0237",-0.347842203446444
"chr16-0238",-0.702056134617481
"chr16-0239",-0.0204202365690158
"chr16-0240",0.266016146515518
"chr16-0241",0.440453198417326
"chr16-0242",-0.122034577115412
"chr16-0243",-0.0917286830577777
"chr16-0244",0.144646257602374
"chr16-0245",0.124510834881368
"chr16-0246",-0.0425560339596519
"chr16-0247",0.0974335375144093
"chr16-0248",-0.215601095094446
"chr16-0249",0.0903729122928641
"chr16-0250",-0.491204062559488
"chr16-0251",-0.475397330272886
"chr16-0252",-0.193510156729862
"chr16-0253",-0.0179996874567617
"chr16-0254",-0.0338874001505987
"chr16-0255",-0.161827304881411
"chr16-0256",-0.411215834005281
"chr16-0257",-0.00763422741700643
"chr16-0258",-0.483500401996991
"chr16-0259",0.222183416715965
"chr16-0260",-0.41927330723633
"chr16-0261",-0.102974207662914
"chr16-0262",-0.306839691301634
"chr16-0263",-0.136152678419334
"chr16-0264",-0.0344821163995133
"chr16-0265",-0.0873602775632351
"chr16-0266",-0.0196630616274006
"chr16-0267",0.487284087819309
"chr16-0268",0.0123374826907471
"chr16-0269",-0.20327187203755
"chr16-0270",-0.656028808686682
"chr16-0271",-0.0770991091271939
"chr16-0272",-0.286450601675791
"chr16-0273",0.0146196265233184
"chr16-0274",-0.175199675817664
"chr16-0275",-0.346932732998603
"chr16-0276",0.0481948593004237
"chr16-0277",-0.332881667840891
"chr16-0278",-0.360910873087837
"chr16-0279",-0.0792481886289202
"chr16-0280",-0.50094496984704
"chr16-0281",-0.303236107959131
"chr16-0282",-0.0992824071153575
"chr16-0283",-0.121179896724083
"chr16-0284",-0.0032168633314773
"chr16-0285",0.281188186170318
"chr16-0286",0.207080257634463
"chr16-0287",0.0178658997592703
"chr16-0288",-0.141962460471891
"chr16-0289",-0.260992547499605
"chr16-0290",-0.0798283610541607
"chr16-0291",-0.180841535239091
"chr16-0292",0.0181340397728713
"chr16-0293",0.0932711513119366
"chr16-0294",-0.54328721121793
"chr16-0295",-0.0394641594719767
"chr16-0296",-0.345650613988099
"chr16-0297",0.0443897435065931
"chr16-0298",-0.127470943454514
"chr16-0299",-0.0594458614965214
"chr16-0300",-0.110880013533529
"chr16-0301",-0.0943327545511287
"chr16-0302",-0.427167889724154
"chr16-0303",-0.205244529937532
"chr16-0304",-0.402236435259619
"chr16-0305",-0.123032630917634
"chr16-0306",-0.0796178987904663
"chr16-0307",-0.423710616013629
"chr16-0308",0.0102454459204354
"chr16-0309",0.0535786395876274
"chr16-0310",-0.259497993505571
"chr16-0311",0.00246000679400225
"chr16-0312",-0.114703150808147
"chr16-0313",-0.0526369691606393
"chr16-0314",-0.0538029446780897
"chr16-0315",-0.132211576153889
"chr16-0316",0.0197841553490714
"chr16-0317",-0.0872447517694795
"chr16-0318",-0.3066931363192
"chr16-0319",-0.283498877848861
"chr16-0320",-0.0296699070492509
"chr16-0321",-0.0927069487124886
"chr16-0322",0.0831758587208605
"chr16-0323",-0.21940019712925
"chr16-0324",-0.0172686769693203
"chr16-0325",-0.125798449583732
"chr16-0326",-0.25087693295404
"chr16-0327",-0.167465265472024
"chr16-0328",-0.17536414004609
"chr16-0329",-0.186252060938427
"chr16-0330",0.123697537501194
"chr16-0331",-0.252187131794052
"chr16-0332",0.0912815380629993
"chr16-0333",-0.0355426830979305
"chr16-0334",0.499486871211354
"chr16-0335",0.264333627194271
"chr16-0336",-0.28344444576558
"chr16-0337",0.0435788278343614
"chr16-0338",-0.00384550281026243
"chr16-0339",-0.20780173480795
"chr16-0340",-0.144890042948289
"chr16-0341",-0.258634684265681
"chr16-0342",-0.378095418684933
"chr16-0343",-0.713788031921089
"chr16-0344",-0.356234469238787
"chr16-0345",-0.0504527813506362
"chr16-0346",-0.289309359705896
"chr16-0347",-0.352908286715067
"chr16-0348",0.146640680152958
"chr16-0349",-0.15891231799518
"chr16-0350",-0.0348760802720397
"chr16-0351",-0.136113519211307
"chr16-0352",-0.239209790540845
"chr16-0353",-0.0797142644575578
"chr16-0354",-0.0926703952197568
"chr16-0355",-0.21808327723227
"chr16-0356",-0.23873637587097
"chr16-0357",-0.0934813713294484
"chr16-0358",-0.110210059137526
"chr16-0359",0.144304485160358
"chr16-0360",-0.385396607906938
"chr16-0361",-0.128301094717581
"chr16-0362",-0.162415818743002
"chr16-0363",-0.147213412763982
"chr16-0364",-0.0396144630522524
"chr16-0365",0.0841277372619911
"chr16-0366",-0.342998016251262
"chr16-0367",0.0556762993103309
"chr16-0368",-0.0784302604640837
"chr16-0369",-0.0384596442287594
"chr16-0370",-0.114912273094501
"chr16-0371",0.279480402924199
"chr16-0372",-0.268772866913129
"chr16-0373",-0.125939203915236
"chr16-0374",0.127841814872737
"chr16-0375",0.163208244491978
"chr16-0376",0.0639344820621099
"chr16-0377",0.117422309573594
"chr16-0378",0.0369115958635932
"chr16-0379",-0.0285740992799766
"chr16-0380",-0.0114422869738381
"chr16-0381",-0.0125422385253377
"chr16-0382",-0.0494269025037124
"chr16-0383",-0.0277782731035178
"chr16-0384",-0.0575726802239759
"chr16-0385",-0.073115694187757
"chr16-0386",-0.0558623539712597
"chr16-0387",-0.268295562722533
"chr16-0388",-0.458333466304859
"chr16-0389",-0.315976381840869
"chr16-0390",-0.00722612844477662
"chr16-0391",-0.480797635165713
"chr16-0392",-0.12670423448687
"chr16-0393",-0.284380007059169
"chr16-0394",0.148377061557094
"chr16-0395",0.00362923547605052
"chr16-0396",0.0304320993200204
"chr16-0397",0.105512427334693
"chr16-0398",-0.14348952539631
"chr16-0399",-0.171840788337182
"chr16-0400",-0.0691154215781822
"chr16-0401",0.766104883918525
"chr16-0402",-0.164045426782143
"chr16-0403",0.0837921332067522
"chr16-0404",-0.0637074096401036
"chr16-0405",0.0790613793895805
"chr16-0406",0.141651633444305
"chr16-0407",-0.247945476823179
"chr16-0408",-0.0931871815059423
"chr16-0409",-0.416258874805148
"chr16-0410",0.0371998742476012
"chr16-0411",0.0133834772442262
"chr16-0412",-0.0596678349773248
"chr16-0413",0.105293853567075
"chr16-0414",-0.0571303356137115
"chr16-0415",-0.0700335383434968
"chr16-0416",0.0927458303555007
"chr16-0417",0.0909397998993128
"chr16-0418",-0.186819560954028
"chr16-0419",-0.0101921806510643
"chr16-0420",-0.243025053999907
"chr16-0421",-0.331487451159793
"chr16-0422",-0.077786938661288
"chr16-0423",-0.0128441572625502
"chr16-0424",-0.0809380581921293
"chr16-0425",-0.556081826735686
"chr16-0426",0.265512420524209
"chr16-0427",0.0468971486494976
"chr16-0428",-0.257531182215117
"chr16-0429",0.236563046007094
"chr16-0430",-0.166074182265546
"chr16-0431",-0.144943090327423
"chr16-0432",-0.631402549359479
"chr16-0433",-0.250988411568169
"chr16-0434",-0.0678110370012715
"chr16-0435",0.119883851722233
"chr16-0436",0.00237942875004712
"chr16-0437",0.260205861909231
"chr16-0438",0.0884122869779869
"chr16-0439",-0.0174708821825367
"chr16-0440",0.00803384732018764
"chr16-0441",0.241855753475246
"chr16-0442",-0.276557927404458
"chr16-0443",-0.0605487172986769
"chr16-0444",-0.0607131844356289
"chr16-0445",-0.185263143012078
"chr16-0446",-0.400741773053752
"chr16-0447",-0.37623305046699
"chr16-0448",-0.262782949357942
"chr16-0449",-0.121765701301119
"chr16-0450",-0.185801321364504
"chr16-0451",-0.149324974482617
"chr16-0452",-0.168309502812637
"chr16-0453",-0.233051611084114
"chr16-0454",-0.0566396587330599
"chr16-0455",-0.0940651207121641
"chr16-0456",0.00923060100584295
"chr16-0457",-0.305811526911237
"chr16-0458",-0.0597712294463087
"chr16-0459",-0.0990459106646582
"chr16-0460",-0.129193585837657
"chr16-0461",0.039636569355829
"chr16-0462",-0.151583836869823
"chr16-0463",-0.188332879139383
"chr16-0464",0.0761450426557181
"chr16-0465",-0.584562196447252
"chr16-0466",-0.256674113165988
"chr16-0467",-0.451945271117084
"chr16-0468",0.139718299258757
"chr16-0469",-0.210314772430117
"chr16-0470",-0.189474527152364
"chr16-0471",-0.384156975854949
"chr16-0472",-0.10478223183262
"chr16-0473",-0.154830467034983
"chr16-0474",0.112603912016017
"chr16-0475",-0.048880062187347
"chr16-0476",-0.236771531994963
"chr16-0477",-0.0234222158799199
"chr16-0478",-0.110147135265285
"chr16-0479",0.0693684599868241
"chr16-0480",0.0240624800964236
"chr16-0481",0.077745811054391
"chr16-0482",-0.0755273009086644
"chr16-0483",0.0479114324805708
"chr16-0484",-0.0645758699929246
"chr16-0485",-0.0961258810950801
"chr16-0486",0.00357811265294332
"chr16-0487",-0.067047179068235
"chr16-0488",0.0616573275412817
"chr16-0489",-0.0414452544079045
"chr16-0490",0.0930581208214115
"chr16-0491",-0.0310838102473661
"chr16-0492",-0.0823899804324152
"chr16-0493",-0.161097899957481
"chr16-0494",-0.281477655641756
"chr16-0495",-0.0974646570579862
"chr16-0496",-0.181016063297826
"chr16-0497",0.113823132634083
"chr16-0498",-0.259164619398262
"chr16-0499",-0.0951203194261241
"chr16-0500",-0.155692987890781
"chr16-0501",-0.0446952682802972
"chr16-0502",-0.0709707657553823
"chr16-0503",-0.205289081540837
"chr16-0504",-0.0653142639655175
"chr16-0505",-0.166447986489148
"chr16-0506",0.0929354584321227
"chr16-0507",0.115509351475782
"chr16-0508",0.162629134827463
"chr16-0509",-0.163889866740115
"chr16-0510",0.0867859449116636
"chr16-0511",0.217608850430284
"chr16-0512",0.226364759710921
"chr16-0513",0.148053306064602
"chr16-0514",0.346526510360544
"chr16-0515",0.156995030978877
"chr16-0516",0.25230726857992
"chr16-0517",0.0443321347311098
"chr16-0518",0.152555575351409
"chr16-0519",0.0457262553600022
"chr16-0520",0.128810177453315
"chr16-0521",0.22271170306345
"chr16-0522",0.101039788348782
"chr16-0523",0.123602317186092
"chr16-0524",-0.00352200103960259
"chr16-0525",0.12849637760464
"chr16-0526",0.321471890819347
"chr16-0527",0.197976774571827
"chr16-0528",0.122311071082615
"chr16-0529",0.178428865013217
"chr16-0530",0.0952515470775376
"chr16-0531",0.167342606034193
"chr16-0532",0.293829471275613
"chr16-0533",0.0171292477391261
"chr16-0534",-0.0439553712652589
"chr17-0001",0.141330355491616
"chr17-0002",0.0506736531941652
"chr17-0003",0.151497155796619
"chr17-0004",0.202414473685031
"chr17-0005",0.0853192816255912
"chr17-0006",0.292483672230289
"chr17-0007",0.0464278799169072
"chr17-0008",0.323659690459209
"chr17-0009",0.111127075144959
"chr17-0010",0.180911692844427
"chr17-0011",0.00240244902253045
"chr17-0012",0.250882322209289
"chr17-0013",0.150635283999383
"chr17-0014",0.195903859925462
"chr17-0015",0.163364087458589
"chr17-0016",-0.0107463649614588
"chr17-0017",-0.00827438137233417
"chr17-0018",0.0225521533709832
"chr17-0019",0.120746276608764
"chr17-0020",-0.171112144830807
"chr17-0021",0.0616357948324574
"chr17-0022",-0.185117787257527
"chr17-0023",0.133238666968428
"chr17-0024",0.0770856867976961
"chr17-0025",0.113134173186465
"chr17-0026",0.459351079700323
"chr17-0027",-0.0098456947815627
"chr17-0028",-0.0277854122914737
"chr17-0029",0.0632802967953088
"chr17-0030",-0.00628556150737693
"chr17-0031",0.0838932211056518
"chr17-0032",0.0797693719339892
"chr17-0033",0.173885817675466
"chr17-0034",0.00674652139853691
"chr17-0035",-0.034827172983639
"chr17-0036",0.185732571107236
"chr17-0037",0.0239642158022064
"chr17-0038",0.0806940335260049
"chr17-0039",0.140991558039948
"chr17-0040",0.030972087251695
"chr17-0041",-0.114670631729018
"chr17-0042",0.0888308268503233
"chr17-0043",-0.137582185237606
"chr17-0044",-0.13014461179092
"chr17-0045",-0.0108165983065536
"chr17-0046",0.125561664649275
"chr17-0047",0.0277925174128593
"chr17-0048",-0.112858274450981
"chr17-0049",0.183250081747647
"chr17-0050",-0.0150509725672682
"chr17-0051",0.136368096563164
"chr17-0052",-0.161637834605098
"chr17-0053",-0.0782366708410617
"chr17-0054",-0.354387603708496
"chr17-0055",-0.440878757363979
"chr17-0056",-0.221349838755851
"chr17-0057",-0.425817246033204
"chr17-0058",-0.662802528797307
"chr17-0059",0.0329650841382625
"chr17-0060",-0.296401827855685
"chr17-0061",-0.142465030853423
"chr17-0062",-0.0496855994322911
"chr17-0063",-0.386298842378621
"chr17-0064",0.136296684443956
"chr17-0065",-0.0765804036901504
"chr17-0066",0.168946077823706
"chr17-0067",-0.185693992692858
"chr17-0068",-0.132795434433947
"chr17-0069",0.111804634160138
"chr17-0070",-0.0750459074075869
"chr17-0071",-0.16790059558886
"chr17-0072",0.144778384446036
"chr17-0073",-0.180338000783387
"chr17-0074",-0.0969807353644895
"chr17-0075",-0.198309440892529
"chr17-0076",-0.187960131961641
"chr17-0077",-0.157760348735593
"chr17-0078",-0.225602029270225
"chr17-0079",-0.00774399324343869
"chr17-0080",0.371643715195953
"chr17-0081",-0.532015847698922
"chr17-0082",-0.276535640570167
"chr17-0083",0.045555761307554
"chr17-0084",0.0341996098728866
"chr17-0085",0.125260971977803
"chr17-0086",-0.0515297356030599
"chr17-0087",0.00588195853151332
"chr17-0088",-0.023156979421418
"chr17-0089",0.258128408098568
"chr17-0090",-0.129981907396009
"chr17-0091",0.0566020431447724
"chr17-0092",-0.116575600663306
"chr17-0093",-0.212814122073366
"chr17-0094",-0.259636216605083
"chr17-0095",0.0128491485159888
"chr17-0096",-0.154264027570537
"chr17-0097",0.0421569350283073
"chr17-0098",0.347996680201535
"chr17-0099",-0.0894263835477882
"chr17-0100",-0.178289002530461
"chr17-0101",-0.448988278587207
"chr17-0102",-0.26483925589671
"chr17-0103",-0.120606477237206
"chr17-0104",-0.39582788768911
"chr17-0105",0.18318282386156
"chr17-0106",0.0535573663522278
"chr17-0107",-0.272341426041994
"chr17-0108",-0.232671501520779
"chr17-0109",-0.0674205906523134
"chr17-0110",0.00247733165990921
"chr17-0111",-0.233739452671195
"chr17-0112",-0.43512819973299
"chr17-0113",0.0135748062824075
"chr17-0114",-0.124519727665426
"chr17-0115",-0.244216466193592
"chr17-0116",-0.311706686741556
"chr17-0117",-0.100217480572413
"chr17-0118",-0.142352123358701
"chr17-0119",-0.210093994934949
"chr17-0120",-0.158712219346651
"chr17-0121",-0.378091244475473
"chr17-0122",-0.145841369548425
"chr17-0123",-0.272702031702175
"chr17-0124",0.0532185431388309
"chr17-0125",-0.358300437120836
"chr17-0126",-0.030229436014402
"chr17-0127",-0.37344002241568
"chr17-0128",0.06182871378955
"chr17-0129",0.295789869586102
"chr17-0130",-0.019367307877673
"chr17-0131",0.300344605679736
"chr17-0132",-0.290055478196446
"chr17-0133",-0.0356717596618656
"chr17-0134",0.0713325958172266
"chr17-0135",0.0696161386207032
"chr17-0136",-0.248881729735567
"chr17-0137",-0.18903853337919
"chr17-0138",-0.14010519247177
"chr17-0139",0.086759443413862
"chr17-0140",-0.17231991360948
"chr17-0141",-0.358974494238805
"chr17-0142",0.0840638140196864
"chr17-0143",-0.30550067050003
"chr17-0144",-0.229378620052662
"chr17-0145",-0.236818052430685
"chr17-0146",-0.390491686418381
"chr17-0147",-0.0700772866273779
"chr17-0148",-0.212218906979408
"chr17-0149",-0.0655415329422795
"chr17-0150",-0.0348612891714552
"chr17-0151",0.299953697950252
"chr17-0152",0.0438422523198924
"chr17-0153",0.124034908185268
"chr17-0154",-0.104155864971162
"chr17-0155",-0.0672082857340733
"chr17-0156",0.197411441662821
"chr17-0157",-0.0586561048620365
"chr17-0158",-0.301094561233574
"chr17-0159",-0.0813431724927753
"chr17-0160",-0.158201885110521
"chr17-0161",-0.0289804065206408
"chr17-0162",-0.0539953720654072
"chr17-0163",0.0760437938773078
"chr17-0164",-0.0906972087800932
"chr17-0165",-0.0512899630754313
"chr17-0166",-0.0013048957884508
"chr17-0167",-0.309036296737234
"chr17-0168",0.0976083287159395
"chr17-0169",-0.0803409055537111
"chr17-0170",0.132336375332441
"chr17-0171",0.289809493841038
"chr17-0172",0.0709272171317875
"chr17-0173",-0.195851825261499
"chr17-0174",-0.157163226745133
"chr17-0175",-0.427684486556369
"chr17-0176",-0.35753968092127
"chr17-0177",-0.191832236442705
"chr17-0178",0.129707225605405
"chr17-0179",0.172413336934461
"chr17-0180",0.124843973075413
"chr17-0181",0.176800976093627
"chr17-0182",0.118346058062885
"chr17-0183",-0.0903272649930013
"chr17-0184",-0.159311148701235
"chr17-0185",0.141754531885701
"chr17-0186",-0.222472147798591
"chr17-0187",-0.415715713405483
"chr17-0188",-0.25989049247366
"chr17-0189",-0.210246369763939
"chr17-0190",-0.210009719489624
"chr17-0191",-0.2366050786753
"chr17-0192",0.119543629256965
"chr17-0193",0.228779802298822
"chr17-0194",-0.195079969894853
"chr17-0195",-0.314100937739968
"chr17-0196",-0.299729728862121
"chr17-0197",-0.0909256379478932
"chr17-0198",-0.132893931540732
"chr17-0199",-0.030462272363573
"chr17-0200",-0.140131911948193
"chr17-0201",-0.301949130122562
"chr17-0202",-0.157304661609263
"chr17-0203",0.22172582778285
"chr17-0204",0.000803466110219461
"chr17-0205",0.0340306729611637
"chr17-0206",0.195811129519242
"chr17-0207",0.1088259153406
"chr17-0208",-0.0982230409327578
"chr17-0209",0.162141057337236
"chr17-0210",-0.0659945180795072
"chr17-0211",-0.0965691174681994
"chr17-0212",-0.0610297924275484
"chr17-0213",-0.0629123141958476
"chr17-0214",0.282346252681209
"chr17-0215",0.300664673497116
"chr17-0216",0.254818575953236
"chr17-0217",-0.172369439373876
"chr17-0218",0.135312822002663
"chr17-0219",0.0774841397873103
"chr17-0220",0.298693674703253
"chr17-0221",-0.256722832396318
"chr17-0222",-0.12018662385884
"chr17-0223",-0.107626118348047
"chr17-0224",-0.145023880778352
"chr17-0225",0.237834621312476
"chr17-0226",0.106781372818658
"chr17-0227",-0.122339471410695
"chr17-0228",-0.0844093407406336
"chr17-0229",0.137820921758568
"chr17-0230",-0.0708927745840209
"chr17-0231",-0.207304365703022
"chr17-0232",-0.0442346677403076
"chr17-0233",0.0201648789075699
"chr17-0234",-0.422939090211904
"chr17-0235",-0.638602588432486
"chr17-0236",-0.120862901912903
"chr17-0237",-0.597598166822461
"chr17-0238",-0.666753918427831
"chr17-0239",-0.525299132821467
"chr17-0240",-0.307319354096733
"chr17-0241",-0.413523322629126
"chr17-0242",-0.731127882439633
"chr17-0243",-0.361772701184367
"chr17-0244",-0.40504667568342
"chr17-0245",-0.176712590986503
"chr17-0246",-0.0725816447680938
"chr17-0247",-0.389217392724842
"chr17-0248",-0.0689249162514828
"chr17-0249",-0.0407776685066663
"chr17-0250",0.0235258307604558
"chr17-0251",-0.194581472713614
"chr17-0252",-0.155120708661591
"chr17-0253",-0.359102996844409
"chr17-0254",-0.361612816467546
"chr17-0255",-0.249659508926685
"chr17-0256",-0.0721012757258283
"chr17-0257",-0.30023499460213
"chr17-0258",-0.186540943526891
"chr17-0259",-0.188638066795801
"chr17-0260",-0.307409743422128
"chr17-0261",-0.217806117995938
"chr17-0262",-0.329237895277793
"chr17-0263",-0.136830504336831
"chr17-0264",0.24250034604586
"chr17-0265",-0.0799815985811018
"chr17-0266",-0.0177799665889609
"chr17-0267",0.223552514875313
"chr17-0268",-0.018081107780579
"chr17-0269",0.0383100800750812
"chr17-0270",-0.053713339498783
"chr17-0271",0.0458520503707616
"chr17-0272",-0.126962634548951
"chr17-0273",-0.0110566480318445
"chr17-0274",0.221294523410746
"chr17-0275",-0.00228673062866661
"chr17-0276",-0.15650303121141
"chr17-0277",-0.034635003523881
"chr17-0278",0.154992875651139
"chr17-0279",-0.29286250442782
"chr17-0280",-0.132366591173962
"chr17-0281",-0.0882988415571133
"chr17-0282",0.236614384039924
"chr17-0283",-0.0763614006408335
"chr17-0284",-0.117349005514274
"chr17-0285",-0.156998494421568
"chr17-0286",-0.016798361857304
"chr17-0287",-0.0760322433932284
"chr17-0288",-0.286905892258888
"chr17-0289",-0.196218724942563
"chr17-0290",-0.322154083523056
"chr17-0291",-0.20598339355477
"chr17-0292",-0.163702630274757
"chr17-0293",-0.384454056269917
"chr17-0294",-0.10351113321027
"chr17-0295",0.10302392309038
"chr17-0296",0.425227808776976
"chr17-0297",0.0291269600725907
"chr17-0298",-0.112778305390295
"chr17-0299",0.20209055705919
"chr17-0300",-0.162304043080454
"chr17-0301",-0.238460747330628
"chr17-0302",-0.346723599896331
"chr17-0303",-0.196619178498022
"chr17-0304",-0.183163669424054
"chr17-0305",-0.185850583936248
"chr17-0306",0.144265696319148
"chr17-0307",-0.296424109456393
"chr17-0308",-0.297267549841962
"chr17-0309",-0.0351735750635604
"chr17-0310",0.0228827690306881
"chr17-0311",-0.105366521998794
"chr17-0312",0.162750014098365
"chr17-0313",-0.335010197236566
"chr17-0314",0.0544938401372857
"chr17-0315",-0.159963809589399
"chr17-0316",-0.313292428848832
"chr17-0317",-0.0446944987199695
"chr17-0318",-0.0677341203134335
"chr17-0319",-0.0768363872438055
"chr17-0320",-0.309123104705537
"chr17-0321",0.018530093573723
"chr17-0322",-0.0794863471875467
"chr17-0323",-0.150076617119666
"chr17-0324",-0.0844798014219468
"chr17-0325",-0.139582035592399
"chr17-0326",-0.20926310735211
"chr17-0327",-0.236434106196345
"chr17-0328",0.0036461487593429
"chr17-0329",-0.0528229122427685
"chr17-0330",-0.0531155697790884
"chr17-0331",-0.100446651463644
"chr17-0332",-0.00820394538240924
"chr17-0333",-0.000437551060891661
"chr17-0334",-0.125710387181377
"chr17-0335",0.0840163485818464
"chr17-0336",-0.0138256171352909
"chr17-0337",-0.163592658801625
"chr17-0338",-0.102753863450415
"chr17-0339",-0.292897992394485
"chr17-0340",-0.0986722277706472
"chr17-0341",-0.103098091866343
"chr17-0342",0.224438791252287
"chr17-0343",0.0372170623923662
"chr17-0344",-0.265864095248128
"chr17-0345",-0.243018007824034
"chr17-0346",-0.00602898979357186
"chr17-0347",-0.138142695054881
"chr17-0348",0.21683569256205
"chr17-0349",-0.288465014347282
"chr17-0350",0.0775221284319562
"chr17-0351",-0.0774014088686971
"chr17-0352",-0.338516612034403
"chr17-0353",0.156821513738013
"chr17-0354",-0.308724055853321
"chr17-0355",0.167876255450892
"chr17-0356",0.026933769996991
"chr17-0357",-0.122171725408616
"chr17-0358",-0.372808850336123
"chr17-0359",-0.0855918113608228
"chr17-0360",-0.352731859631016
"chr17-0361",-0.317281805565401
"chr17-0362",0.116281158997437
"chr17-0363",0.211618951006393
"chr17-0364",-0.096853889941908
"chr17-0365",0.17889103917662
"chr17-0366",-0.0812812521516398
"chr17-0367",-0.379129559021187
"chr17-0368",-0.176438243286239
"chr17-0369",0.148887647763197
"chr17-0370",0.0135487097756047
"chr17-0371",-0.152373167030307
"chr17-0372",-0.189141839817485
"chr17-0373",-0.161942184269705
"chr17-0374",-0.351015781831484
"chr17-0375",-0.196623630965176
"chr17-0376",0.130404044192091
"chr17-0377",-0.423367925501171
"chr17-0378",-0.282509992387824
"chr17-0379",-0.146612209948644
"chr17-0380",-0.0890043915507367
"chr17-0381",-0.10964101462113
"chr17-0382",-0.183213494876333
"chr17-0383",-0.195592591007017
"chr17-0384",-0.158839669622355
"chr17-0385",-0.121605272511252
"chr17-0386",-0.260796617897587
"chr17-0387",0.0698465090437552
"chr17-0388",-0.0829406708016874
"chr17-0389",-0.275293811833758
"chr17-0390",0.970592229954168
"chr17-0391",-0.0512613590992734
"chr17-0392",-0.0458805422408293
"chr17-0393",-0.592994052731307
"chr17-0394",-0.393624240748838
"chr17-0395",-0.513826434741942
"chr17-0396",0.040809969138025
"chr17-0397",0.260700303039208
"chr17-0398",-0.0588613100685831
"chr17-0399",-0.0864028760677291
"chr17-0400",-0.129343250712182
"chr17-0401",-0.0457381130692205
"chr17-0402",-0.452295647897026
"chr17-0403",-0.237051765607046
"chr17-0404",-0.19317871066394
"chr17-0405",-0.270248992842457
"chr17-0406",-0.0147535908158474
"chr17-0407",-0.173496640090542
"chr17-0408",-0.233211395870481
"chr17-0409",-0.319376922503026
"chr17-0410",-0.0533233200345399
"chr17-0411",-0.0430043301610212
"chr17-0412",-0.317692205737947
"chr17-0413",-0.254592336060185
"chr17-0414",0.0675409321750954
"chr17-0415",0.172477205683146
"chr17-0416",-0.233329484260812
"chr17-0417",-0.260577183497615
"chr17-0418",-0.435147791007879
"chr17-0419",-0.397396526724999
"chr17-0420",-0.286091428414893
"chr17-0421",-0.321147267116286
"chr17-0422",-0.400061193826109
"chr17-0423",-0.0570737329160066
"chr17-0424",-0.192522098086191
"chr17-0425",-0.156028859092941
"chr17-0426",0.392370117338593
"chr17-0427",-0.369519102049311
"chr17-0428",0.177149733458414
"chr17-0429",0.0256170671681882
"chr17-0430",-0.237839738627003
"chr17-0431",0.056755590661061
"chr17-0432",-0.00192633589829279
"chr17-0433",-0.164068723737056
"chr17-0434",-0.291632017927777
"chr17-0435",-0.325165148232589
"chr17-0436",0.273237309531655
"chr17-0437",-0.294964094146363
"chr17-0438",-0.109145205384603
"chr17-0439",-0.00874876689329657
"chr17-0440",0.0424756258371428
"chr17-0441",-0.160682272520497
"chr17-0442",0.282515630382206
"chr17-0443",0.13791302280301
"chr17-0444",-0.0793868305730191
"chr17-0445",-0.208965411743384
"chr17-0446",0.349374769102953
"chr17-0447",0.231392539732618
"chr17-0448",0.226489741877351
"chr17-0449",-0.184646321203831
"chr17-0450",-0.0487409885771771
"chr17-0451",-0.00222553078897283
"chr17-0452",0.350513838750947
"chr17-0453",-0.0842976253015054
"chr17-0454",0.432135040488823
"chr17-0455",0.094343780980351
"chr17-0456",0.346683863028705
"chr17-0457",-0.13931542175272
"chr17-0458",0.0350846294053879
"chr17-0459",-0.133539092438016
"chr17-0460",0.150188707381915
"chr17-0461",-0.390939594274907
"chr17-0462",-0.125359411138245
"chr17-0463",-0.0952970604518075
"chr17-0464",-0.152591597430968
"chr17-0465",-0.245910490740631
"chr17-0466",-0.0972608648443387
"chr17-0467",-0.148925331692829
"chr17-0468",0.00455950114295269
"chr17-0469",-0.118499593559585
"chr17-0470",-0.269279518281735
"chr17-0471",-0.320875649665194
"chr17-0472",-0.101005424401362
"chr17-0473",-0.0116041070925286
"chr17-0474",-0.368549429127592
"chr17-0475",0.503868625270214
"chr17-0476",0.0291337658332931
"chr17-0477",0.105836854290879
"chr17-0478",0.0487760629028886
"chr17-0479",-0.070314421013719
"chr17-0480",0.0524029632013919
"chr17-0481",-0.496105158872307
"chr17-0482",0.145467051805501
"chr17-0483",0.0672774688653724
"chr17-0484",0.441105053841927
"chr17-0485",0.168324225472725
"chr17-0486",0.122688819543467
"chr17-0487",-0.0710308100833443
"chr17-0488",-0.100860100241855
"chr17-0489",-0.130651292022061
"chr17-0490",-0.388503608077916
"chr17-0491",-0.442015642925465
"chr17-0492",0.0798475196017787
"chr17-0493",-0.021530214350446
"chr17-0494",-0.0787711260739944
"chr17-0495",0.125605562762876
"chr17-0496",-0.362896990361141
"chr17-0497",0.221051433853364
"chr17-0498",0.425436913174912
"chr17-0499",0.272492846105051
"chr17-0500",-0.245908412240164
"chr17-0501",0.242316903726591
"chr17-0502",0.210262949360196
"chr17-0503",0.147446561830913
"chr17-0504",-0.353988118593989
"chr17-0505",-0.159235567788551
"chr17-0506",-0.0561474098121059
"chr17-0507",-0.197128608750412
"chr17-0508",-0.112652636940106
"chr17-0509",-0.0803825638804659
"chr17-0510",0.420081437583937
"chr17-0511",0.294472789041215
"chr17-0512",-0.0403062921560308
"chr17-0513",0.0534332407759895
"chr17-0514",-0.127312631906688
"chr17-0515",-0.316588892545131
"chr17-0516",0.0334844827013483
"chr17-0517",0.0659695984334379
"chr17-0518",-0.251400436631329
"chr17-0519",-0.0582552536194361
"chr17-0520",-0.291893992297584
"chr17-0521",-0.246550520133717
"chr17-0522",-0.10988145663429
"chr17-0523",-0.440328378877224
"chr17-0524",-0.417306218373983
"chr17-0525",-0.248045738240723
"chr17-0526",-0.298331320328237
"chr17-0527",-0.227143893045348
"chr17-0528",-0.363329166967205
"chr17-0529",0.198707481535902
"chr17-0530",-0.0594238069824869
"chr17-0531",-0.15390527520098
"chr17-0532",-0.302478827641888
"chr17-0533",-0.267264345701661
"chr17-0534",0.0421960445158537
"chr17-0535",-0.42642282116961
"chr17-0536",-0.265374891465981
"chr17-0537",-0.427146782018733
"chr17-0538",-0.506342522945106
"chr17-0539",-0.143099019199686
"chr17-0540",-0.616148951176578
"chr17-0541",-0.274857942665329
"chr17-0542",-0.215260849567849
"chr17-0543",-0.0413729296726993
"chr17-0544",-0.147377818307941
"chr17-0545",-0.250449398433422
"chr17-0546",-0.529682085317125
"chr17-0547",-0.0955054390316673
"chr17-0548",-0.110632402011928
"chr17-0549",-0.232882372703289
"chr17-0550",-0.11338599366001
"chr17-0551",-0.0356570572824084
"chr17-0552",-0.13018296732262
"chr17-0553",0.0678208111075288
"chr17-0554",-0.0891957717966291
"chr17-0555",-0.0371917263466093
"chr17-0556",-0.124972267153929
"chr17-0557",-0.0411055098914042
"chr17-0558",-0.0977562651173711
"chr17-0559",-0.0232781906688678
"chr17-0560",0.0934694143605188
"chr17-0561",-0.207300295524007
"chr17-0562",0.0165145861636278
"chr17-0563",0.0520297971583719
"chr17-0564",0.060527801689592
"chr17-0565",-0.0269374153313323
"chr17-0566",-0.245846627901855
"chr17-0567",-0.111438957013192
"chr17-0568",-0.0367726113431969
"chr17-0569",0.00843361783273837
"chr17-0570",-0.344230424566111
"chr17-0571",0.0594695595572142
"chr17-0572",0.165786183531256
"chr17-0573",-0.217796469491766
"chr17-0574",-0.166242787326736
"chr17-0575",-0.0586753901027807
"chr17-0576",-0.106969838625716
"chr17-0577",-0.309707399940863
"chr17-0578",-0.287960791962169
"chr17-0579",-0.144673841620684
"chr17-0580",-0.0142309739562062
"chr17-0581",-0.02491190552647
"chr17-0582",-0.165909032034538
"chr17-0583",-0.0301679399142038
"chr17-0584",0.178282347021835
"chr17-0585",0.13557982114464
"chr17-0586",-0.248890039811878
"chr17-0587",0.117972325392434
"chr17-0588",-0.0146410772955625
"chr17-0589",-0.0751122782240082
"chr17-0590",0.0068425225187772
"chr17-0591",-0.0872861732142539
"chr17-0592",-0.195991215452793
"chr17-0593",-0.15719673868601
"chr17-0594",-0.160529707955009
"chr17-0595",0.0911163795897255
"chr17-0596",-0.17961843089079
"chr17-0597",0.118340429365723
"chr17-0598",-0.0932025821585406
"chr17-0599",0.189062435685401
"chr17-0600",0.171217427310109
"chr17-0601",0.0632803921656576
"chr17-0602",0.068489374515125
"chr17-0603",0.208303865432656
"chr17-0604",-0.133636107213699
"chr17-0605",0.0353610557999325
"chr17-0606",0.295834314623186
"chr17-0607",0.151941710016383
"chr17-0608",0.29526167123865
"chr17-0609",0.13179789834776
"chr17-0610",0.0850925915900702
"chr17-0611",0.123577423192718
"chr17-0612",0.19176843279417
"chr17-0613",0.11441866712318
"chr17-0614",0.279013113402545
"chr17-0615",0.0777721671733727
"chr17-0616",0.072348239108045
"chr17-0617",0.106422374647245
"chr17-0618",0.129052124899724
"chr17-0619",0.106312654090483
"chr17-0620",0.161088625457795
"chr17-0621",0.171113942663156
"chr17-0622",0.00817855048278389
"chr17-0623",0.0587905399707888
"chr17-0624",0.203617247880957
"chr17-0625",0.298124437700201
"chr17-0626",0.179997594994326
"chr17-0627",0.141329331551409
"chr17-0628",0.374054174797087
"chr17-0629",0.377039193014089
"chr17-0630",0.244945851968729
"chr18-0001",0.212382927011982
"chr18-0002",0.193981657624907
"chr18-0003",-0.405294982603843
"chr18-0004",-0.583047331881052
"chr18-0005",0.0454922682025767
"chr18-0006",-0.0903271965150924
"chr18-0007",0.307506175259727
"chr18-0008",-0.10635573447119
"chr18-0009",-0.062038913763567
"chr18-0010",-0.182191108979056
"chr18-0011",-0.0444266712846306
"chr18-0012",0.28636259420084
"chr18-0013",-0.194143769540494
"chr18-0014",-0.0674176362253113
"chr18-0015",0.145462625672682
"chr18-0016",-0.123146457799477
"chr18-0017",-0.440334560664974
"chr18-0018",-0.132567666794581
"chr18-0019",0.0527350257318802
"chr18-0020",-0.136370375068753
"chr18-0021",-0.0130775190008838
"chr18-0022",0.325795885438441
"chr18-0023",-0.129069856218912
"chr18-0024",0.0186145841495426
"chr18-0025",-0.1186479827177
"chr18-0026",0.111191180083933
"chr18-0027",-0.248831016680122
"chr18-0028",-0.252188135963193
"chr18-0029",0.0750041612559798
"chr18-0030",0.0161935791285271
"chr18-0031",-0.0562729806624262
"chr18-0032",0.0463241666233054
"chr18-0033",-0.328993121620793
"chr18-0034",0.188116343773226
"chr18-0035",-0.0664510012557273
"chr18-0036",0.00107290673406736
"chr18-0037",-0.222790360192083
"chr18-0038",0.155732182252742
"chr18-0039",-0.0100696014269581
"chr18-0040",-0.282816483943582
"chr18-0041",-0.225194786466002
"chr18-0042",-0.307265160530999
"chr18-0043",-0.15045719116158
"chr18-0044",0.41366056279913
"chr18-0045",-0.146294561264843
"chr18-0046",-0.157123368874487
"chr18-0047",0.324491134915321
"chr18-0048",0.116977582738559
"chr18-0049",-0.113334670188043
"chr18-0050",-0.0925804093067696
"chr18-0051",0.0811701833333825
"chr18-0052",-0.0271387149363875
"chr18-0053",-0.287765382489659
"chr18-0054",-0.0321777995478651
"chr18-0055",-0.372743749557692
"chr18-0056",-0.111077383463036
"chr18-0057",-0.4531396263189
"chr18-0058",-0.266092730970332
"chr18-0059",-0.335394975682011
"chr18-0060",-0.19826449179202
"chr18-0061",0.0788036633597841
"chr18-0062",-0.00460567487584318
"chr18-0063",0.0962234233695686
"chr18-0064",-0.0629668043928729
"chr18-0065",0.000861666914600713
"chr18-0066",0.246177759495914
"chr18-0067",0.319371606041886
"chr18-0068",0.112689869851903
"chr18-0069",0.186723584705383
"chr18-0070",0.0139797545890292
"chr18-0071",0.141010440305705
"chr18-0072",-0.240440539865437
"chr18-0073",0.103234023546058
"chr18-0074",0.0969274461561644
"chr18-0075",-0.332741950485056
"chr18-0076",-0.114564708259432
"chr18-0077",-0.0707949128118171
"chr18-0078",-0.017550516901812
"chr18-0079",-0.216775457211626
"chr18-0080",-0.155570624776117
"chr18-0081",0.100758963422111
"chr18-0082",0.167343738344616
"chr18-0083",-0.192560825205303
"chr18-0084",0.2443947821879
"chr18-0085",-0.0717225922071375
"chr18-0086",-0.0975306545451508
"chr18-0087",0.107169048113263
"chr18-0088",0.178046932051721
"chr18-0089",-0.240850382815175
"chr18-0090",0.414400953944159
"chr18-0091",-0.180730012069135
"chr18-0092",0.167955165175489
"chr18-0093",0.10893004425682
"chr18-0094",-0.254506406615826
"chr18-0095",0.0375147126553301
"chr18-0096",-0.376152130938457
"chr18-0097",-0.100232164712944
"chr18-0098",-0.158594455211428
"chr18-0099",-0.116989936938592
"chr18-0100",-0.260051306972254
"chr18-0101",-0.00785733479714378
"chr18-0102",0.0653273097075434
"chr18-0103",-0.0419166978568627
"chr18-0104",-0.0506815037611884
"chr18-0105",-0.27678805933209
"chr18-0106",-0.0898435190751688
"chr18-0107",-0.171152669709206
"chr18-0108",0.412283654789886
"chr18-0109",0.216177994596058
"chr18-0110",-0.133980504858663
"chr18-0111",-0.471122621601323
"chr18-0112",-0.399830310902572
"chr18-0113",0.448573060536762
"chr18-0114",-0.490553385172193
"chr18-0115",-0.11510978607041
"chr18-0116",0.75035137370607
"chr18-0117",0.101460390234317
"chr18-0118",-0.316878338544599
"chr18-0119",0.0418603048458874
"chr18-0120",-0.197848705831146
"chr18-0121",-0.158464566152396
"chr18-0122",-0.292529700989895
"chr18-0123",0.0199954028194074
"chr18-0124",0.212045457573171
"chr18-0125",-0.139409041585486
"chr18-0126",-0.124603551018585
"chr18-0127",-0.132499694148925
"chr18-0128",0.0527916183561486
"chr18-0129",0.113711477214341
"chr18-0130",-0.226639114900983
"chr18-0131",-0.122407202644994
"chr18-0132",0.0996830877518229
"chr18-0133",-0.18498658677253
"chr18-0134",0.0246908797598323
"chr18-0135",0.0242439863843308
"chr18-0136",-0.0608505499163841
"chr18-0137",-0.139905414285109
"chr18-0138",0.00139737253355811
"chr18-0139",-0.109841574644876
"chr18-0140",0.0558835225773064
"chr18-0141",-0.0809798731924149
"chr18-0142",-0.211644428607997
"chr18-0143",0.198211658938184
"chr18-0144",-0.124387807468227
"chr18-0145",-0.186375267424945
"chr18-0146",-0.0079728651370689
"chr18-0147",-0.0821721080095297
"chr18-0148",-0.356516250806409
"chr18-0149",-0.373369027221432
"chr18-0150",0.133842618671255
"chr18-0151",-0.153346609534144
"chr18-0152",0.167420710968159
"chr18-0153",-0.225011049251607
"chr18-0154",-0.451828337676737
"chr18-0155",-0.422707776493534
"chr18-0156",-0.0659995346705034
"chr18-0157",-0.267279958971773
"chr18-0158",-0.29148484855521
"chr18-0159",-0.4845109671559
"chr18-0160",-0.342834696823169
"chr18-0161",-0.349562648254286
"chr18-0162",-0.0862549698468386
"chr18-0163",0.0602662449021897
"chr18-0164",-0.133220922351604
"chr18-0165",0.0737399715941246
"chr18-0166",0.485208070683365
"chr18-0167",-0.172583967466842
"chr18-0168",-0.0834752078686104
"chr18-0169",-0.373679227929976
"chr18-0170",0.399624090407992
"chr18-0171",-0.391319335010558
"chr18-0172",-0.161521179709029
"chr18-0173",-0.382773244921745
"chr18-0174",-0.438309315112919
"chr18-0175",-0.281270704441343
"chr18-0176",-0.251752661005062
"chr18-0177",-0.00445024789739932
"chr18-0178",-0.22839146975056
"chr18-0179",-0.158133499768839
"chr18-0180",-0.292045530926592
"chr18-0181",-0.540425967741473
"chr18-0182",-0.449544536140398
"chr18-0183",-0.0437731229294375
"chr18-0184",-0.140867626249206
"chr18-0185",-0.207132891378699
"chr18-0186",0.376727802284013
"chr18-0187",-0.12626440244162
"chr18-0188",-0.241407234587587
"chr18-0189",-0.349939184207476
"chr18-0190",-0.256856534597003
"chr18-0191",-0.32547687995432
"chr18-0192",-0.430679299233427
"chr18-0193",-0.671994812355169
"chr18-0194",-0.316562458317434
"chr18-0195",-0.166220175846945
"chr18-0196",-0.484118489839262
"chr18-0197",-0.268247321699521
"chr18-0198",-0.158126187276409
"chr18-0199",0.0476780836972155
"chr18-0200",-0.118230257583743
"chr18-0201",-0.0180696561624829
"chr18-0202",-0.263983015944902
"chr18-0203",-0.196044288168845
"chr18-0204",-0.156491158138402
"chr18-0205",-0.425445054547553
"chr18-0206",-0.520158945454853
"chr18-0207",0.107338533831838
"chr18-0208",-0.193976070390759
"chr18-0209",-0.170471986878697
"chr18-0210",-0.436614822194489
"chr18-0211",-0.382561333130344
"chr18-0212",-0.149595849116541
"chr18-0213",0.457541423327834
"chr18-0214",0.196212807236375
"chr18-0215",-0.0416718967531445
"chr18-0216",-0.315312191546878
"chr18-0217",-0.152483881057765
"chr18-0218",-0.0553623761629206
"chr18-0219",-0.25679603786502
"chr18-0220",0.121300342256599
"chr18-0221",-0.0540108573921582
"chr18-0222",-0.0962787229567772
"chr18-0223",-0.0936224884693857
"chr18-0224",-0.102002687694135
"chr18-0225",0.0992637854427986
"chr18-0226",0.241039695812594
"chr18-0227",0.00170058273848166
"chr18-0228",-0.263153576830298
"chr18-0229",-0.0717656045711107
"chr18-0230",-0.146479229578526
"chr18-0231",0.0550501817038377
"chr18-0232",-0.429257864051421
"chr18-0233",0.024618353861996
"chr18-0234",0.0524233873287727
"chr18-0235",-0.202996204780739
"chr18-0236",-0.479670501418336
"chr18-0237",0.149308558589969
"chr18-0238",0.0500150746599803
"chr18-0239",-0.116948974614015
"chr18-0240",-0.493163890289007
"chr18-0241",-0.0642320266594068
"chr18-0242",0.0172924318386362
"chr18-0243",-0.0687487172703969
"chr18-0244",-0.210813036319183
"chr18-0245",-0.363822316777016
"chr18-0246",-0.176203843398772
"chr18-0247",-0.206214880021292
"chr18-0248",-0.234044891447288
"chr18-0249",0.146629672517462
"chr18-0250",0.0174859041167165
"chr18-0251",-0.382945790407012
"chr18-0252",-0.197457500594983
"chr18-0253",-0.0442797180503068
"chr18-0254",-0.254174810056893
"chr18-0255",-0.413657757876181
"chr18-0256",-0.220787818992101
"chr18-0257",0.129485807735305
"chr18-0258",-0.193607246363305
"chr18-0259",0.440164956774455
"chr18-0260",0.0618557157575977
"chr18-0261",0.136136882943769
"chr18-0262",-0.170272302605148
"chr18-0263",0.0139074277519665
"chr18-0264",-0.327017085332717
"chr18-0265",-0.219056009190194
"chr18-0266",0.10269055898649
"chr18-0267",-0.106887440015987
"chr18-0268",-0.52455215589258
"chr18-0269",0.056137527711827
"chr18-0270",-0.189249880739967
"chr18-0271",-0.0614852959695219
"chr18-0272",-0.0987404484512164
"chr18-0273",-0.145892264125532
"chr18-0274",-0.13512763793847
"chr18-0275",-0.182838625976366
"chr18-0276",-0.102023139154305
"chr18-0277",-0.0189869000389812
"chr18-0278",-0.0618499949548412
"chr18-0279",-0.209675981652863
"chr18-0280",-0.264260250152927
"chr18-0281",0.0542818204742273
"chr18-0282",-0.14660607966053
"chr18-0283",-0.0444204597407194
"chr18-0284",-0.123289931836283
"chr18-0285",0.245655359723126
"chr18-0286",0.260956638904754
"chr18-0287",0.32569901553036
"chr18-0288",0.347253945768175
"chr18-0289",-0.16686635138739
"chr18-0290",0.0404675575462225
"chr18-0291",-0.0338674135636684
"chr18-0292",-0.127877249512973
"chr18-0293",0.0312309550070608
"chr18-0294",0.317050558852163
"chr18-0295",-0.496021120746514
"chr18-0296",0.237840377559371
"chr18-0297",-0.160490720142209
"chr18-0298",-0.320195100554319
"chr18-0299",0.0973084155325009
"chr18-0300",-0.166001413349051
"chr18-0301",-0.0448007762876135
"chr18-0302",-0.0610870913588224
"chr18-0303",-0.264028928993543
"chr18-0304",-0.48669552383847
"chr18-0305",-0.078289029348234
"chr18-0306",0.418463614438756
"chr18-0307",-0.556731886344108
"chr18-0308",-0.362771169535656
"chr18-0309",0.30512013697029
"chr18-0310",0.121258825918184
"chr18-0311",0.171537630335048
"chr18-0312",-0.0629355097061931
"chr18-0313",0.165861035590551
"chr18-0314",-0.164415633077951
"chr18-0315",0.172375132274843
"chr18-0316",0.399982517912569
"chr18-0317",-0.0962288929284915
"chr18-0318",-0.0663905621739179
"chr18-0319",-0.312342976266731
"chr18-0320",0.165753672092692
"chr18-0321",0.0670557597319895
"chr18-0322",0.147260251939396
"chr18-0323",-0.148902794453937
"chr18-0324",0.173857279026101
"chr18-0325",-0.282957429341569
"chr18-0326",0.144128832740123
"chr18-0327",0.427734979452078
"chr18-0328",0.190831755510243
"chr18-0329",0.20415825211603
"chr18-0330",-0.0220597688541221
"chr18-0331",-0.142620081101721
"chr18-0332",-0.02099684127346
"chr18-0333",-0.139612819514806
"chr18-0334",0.336852321563444
"chr18-0335",0.16593264686373
"chr18-0336",-0.0845224957587859
"chr18-0337",0.0220844319067264
"chr18-0338",0.442022799158924
"chr18-0339",0.369413848035519
"chr18-0340",0.0642137839610882
"chr18-0341",0.268965628050497
"chr18-0342",0.250408281540956
"chr18-0343",0.0177462460634099
"chr18-0344",0.0897505670622816
"chr18-0345",-0.0683493386681403
"chr18-0346",-0.203959335077611
"chr19-0001",0.0951249953919842
"chr19-0002",0.148327201175632
"chr19-0003",0.191466119979268
"chr19-0004",0.230848108568233
"chr19-0005",0.238501700820216
"chr19-0006",0.111358868680388
"chr19-0007",0.210804436685057
"chr19-0008",0.134769889977035
"chr19-0009",0.0989886569365931
"chr19-0010",0.222989618064946
"chr19-0011",0.0544828801128694
"chr19-0012",0.155042926409193
"chr19-0013",0.104136624914278
"chr19-0014",0.17284638285037
"chr19-0015",0.200165999275727
"chr19-0016",-0.0809980370492729
"chr19-0017",0.239994645058349
"chr19-0018",0.458178088044993
"chr19-0019",0.0155673427270184
"chr19-0020",0.230456646258357
"chr19-0021",0.304503092343029
"chr19-0022",0.284031528066055
"chr19-0023",0.0456931255622978
"chr19-0024",0.284946412078834
"chr19-0025",0.189880962202186
"chr19-0026",-0.0106740135424474
"chr19-0027",0.319635142564671
"chr19-0028",0.0252254221284797
"chr19-0029",-0.0518063315770737
"chr19-0030",0.300248340976037
"chr19-0031",0.0523645565750066
"chr19-0032",-0.0374823066857317
"chr19-0033",0.199235154949457
"chr19-0034",-0.055213478394996
"chr19-0035",0.117829283311536
"chr19-0036",0.0351489223183182
"chr19-0037",0.123862420831924
"chr19-0038",0.266930789399464
"chr19-0039",0.292218970949138
"chr19-0040",0.104029849403247
"chr19-0041",0.0550666726797074
"chr19-0042",0.0214462262645075
"chr19-0043",0.134920859195133
"chr19-0044",0.110533095814015
"chr19-0045",0.0764068237897084
"chr19-0046",-0.108093507591189
"chr19-0047",0.18555693606878
"chr19-0048",0.145559046089135
"chr19-0049",0.132921971573272
"chr19-0050",0.268221143179054
"chr19-0051",0.436985834182911
"chr19-0052",0.0758076079779914
"chr19-0053",0.0115245860861114
"chr19-0054",0.214822730755999
"chr19-0055",-0.10404382834956
"chr19-0056",0.182673774769965
"chr19-0057",0.0826977162902705
"chr19-0058",-0.0399514630908912
"chr19-0059",0.0804107545099848
"chr19-0060",0.0337415727159253
"chr19-0061",0.229950385691211
"chr19-0062",0.180313776615399
"chr19-0063",0.0683938236882845
"chr19-0064",-0.0896460423398442
"chr19-0065",0.171677493210077
"chr19-0066",0.0869927387412669
"chr19-0067",-0.360335257531357
"chr19-0068",0.147854714281086
"chr19-0069",0.153683603919425
"chr19-0070",0.138969137175865
"chr19-0071",-0.0886849962639193
"chr19-0072",0.142834546025079
"chr19-0073",0.0982140873491053
"chr19-0074",-0.0899878338026056
"chr19-0075",-0.426089311958685
"chr19-0076",-0.0266184226072584
"chr19-0077",-0.0246678066582616
"chr19-0078",-0.0481802013390249
"chr19-0079",0.0760461164274893
"chr19-0080",-0.137769289704498
"chr19-0081",-0.104797827710839
"chr19-0082",0.311549441962198
"chr19-0083",0.128392689896504
"chr19-0084",-0.0391454661562068
"chr19-0085",0.125504080046357
"chr19-0086",0.316173462738333
"chr19-0087",0.142299573097916
"chr19-0088",0.254727185199856
"chr19-0089",-0.301099102676574
"chr19-0090",0.077424383981497
"chr19-0091",0.162648335417838
"chr19-0092",0.154844286095561
"chr19-0093",-0.156284402841671
"chr19-0094",-0.0509742222219978
"chr19-0095",-0.169047535900253
"chr19-0096",0.149806519625415
"chr19-0097",-0.164913488626544
"chr19-0098",0.250720483243437
"chr19-0099",-0.174985855062076
"chr19-0100",0.11729536037013
"chr19-0101",-0.0323688159162362
"chr19-0102",-0.0634842963972008
"chr19-0103",0.0258421939598002
"chr19-0104",-0.0178378136664111
"chr19-0105",0.169956642308973
"chr19-0106",0.070206127216484
"chr19-0107",0.0656586184298729
"chr19-0108",-0.367888001025276
"chr19-0109",-0.0432119973735444
"chr19-0110",0.0416141087643545
"chr19-0111",-0.0643571653818527
"chr19-0112",-0.0125090491375099
"chr19-0113",-0.150769038672402
"chr19-0114",-0.0962127780172496
"chr19-0115",-0.115781422207835
"chr19-0116",-0.0804786862012026
"chr19-0117",-0.0360308095549396
"chr19-0118",-0.12981908208693
"chr19-0119",-0.0150612200026225
"chr19-0120",0.102975301338031
"chr19-0121",-0.0364485644211273
"chr19-0122",-0.118790185096554
"chr19-0123",-0.0979727201868647
"chr19-0124",-0.0788487899012995
"chr19-0125",-0.0118429531399944
"chr19-0126",-0.0603085776411197
"chr19-0127",-0.0811503457472354
"chr19-0128",0.345871684852753
"chr19-0129",0.0191523503770651
"chr19-0130",0.0439710884603994
"chr19-0131",0.0291376264616972
"chr19-0132",-0.186638921721881
"chr19-0133",-0.0314062967012344
"chr19-0134",-0.0125408398517772
"chr19-0135",0.0166007454040329
"chr19-0136",-0.0267287768861318
"chr19-0137",-0.130601970180337
"chr19-0138",-0.244980076881962
"chr19-0139",-0.311516621684873
"chr19-0140",-0.170711115497065
"chr19-0141",-0.0244334784815716
"chr19-0142",-0.169468562256808
"chr19-0143",0.137832435472194
"chr19-0144",0.0303069883639515
"chr19-0145",0.269441778929505
"chr19-0146",-0.0975017281665049
"chr19-0147",-0.408304794577774
"chr19-0148",-0.395763997077831
"chr19-0149",0.0617935414660358
"chr19-0150",-0.107620771695417
"chr19-0151",0.144334676674968
"chr19-0152",-0.0477310403048527
"chr19-0153",-0.0664923372413267
"chr19-0154",-0.0668299064989861
"chr19-0155",0.209477458227423
"chr19-0156",-0.0806991264378681
"chr19-0157",0.0445278306120677
"chr19-0158",-0.291073356804427
"chr19-0159",-0.209879904665109
"chr19-0160",0.215891801451397
"chr19-0161",-0.139615326943566
"chr19-0162",-0.197166778586854
"chr19-0163",0.320438214678967
"chr19-0164",-0.00597933199145694
"chr19-0165",-0.0277892248732267
"chr19-0166",0.109135320603173
"chr19-0167",0.0679685740824823
"chr19-0168",-0.285267125359502
"chr19-0169",0.0170238060495707
"chr19-0170",-0.0885358947819689
"chr19-0171",0.0283745337864922
"chr19-0172",0.117044547825402
"chr19-0173",-0.0606974572038196
"chr19-0174",-0.0877948872930418
"chr19-0175",-0.0202480633239627
"chr19-0176",-0.153411876865922
"chr19-0177",-0.111458025898412
"chr19-0178",-0.0557822939389019
"chr19-0179",0.193215182545008
"chr19-0180",-0.0638709707633842
"chr19-0181",-0.106986831280212
"chr19-0182",-0.0736654763728491
"chr19-0183",0.157630369746585
"chr19-0184",-0.113168834954593
"chr19-0185",-0.0607936712901056
"chr19-0186",-0.305302993723162
"chr19-0187",0.0345981553539431
"chr19-0188",-0.00126643837101263
"chr19-0189",-0.170735785411755
"chr19-0190",0.431557029816281
"chr19-0191",-0.205978220242262
"chr19-0192",0.30825412455152
"chr19-0193",0.288473820340314
"chr19-0194",0.493628446767222
"chr19-0195",0.195783455073402
"chr19-0196",0.22010548544095
"chr19-0197",0.161631561908971
"chr19-0198",0.0876371038745966
"chr19-0199",0.354121818051794
"chr19-0200",0.106627549642158
"chr19-0201",0.0907126780562639
"chr19-0202",0.428273351431153
"chr19-0203",-0.0144533635530739
"chr19-0204",0.246923004975496
"chr19-0205",0.294936198574205
"chr19-0206",0.204234624089083
"chr19-0207",0.237394969508735
"chr19-0208",0.101463205778102
"chr19-0209",0.383170349824892
"chr19-0210",0.262223857499132
"chr19-0211",-0.0305865867946628
"chr19-0212",0.214009903285714
"chr19-0213",-0.275904684330251
"chr19-0214",0.0796996891570109
"chr19-0215",-0.4044548718564
"chr19-0216",-0.437513488080568
"chr19-0217",-0.615860276409004
"chr19-0218",-0.366826724552974
"chr19-0219",-0.0281382881987082
"chr19-0220",-0.402769481090205
"chr19-0221",0.136706677039345
"chr19-0222",0.177134774991269
"chr19-0223",-0.184792885129765
"chr19-0224",0.076021316319487
"chr19-0225",-0.146965342704864
"chr19-0226",-0.150788867315609
"chr19-0227",-0.142805251486825
"chr19-0228",-0.229854178536067
"chr19-0229",-0.0549419261224058
"chr19-0230",-0.0783058330937502
"chr19-0231",-0.415852568585167
"chr19-0232",-0.342306546595561
"chr19-0233",0.118584572068028
"chr19-0234",0.0774300493765307
"chr19-0235",-0.0105267107920653
"chr19-0236",0.179090687280034
"chr19-0237",-0.0256170545951279
"chr19-0238",0.274877883304475
"chr19-0239",0.132056693172365
"chr19-0240",-0.163435723724705
"chr19-0241",0.015786516646165
"chr19-0242",0.1650464701267
"chr19-0243",-0.254115631597503
"chr19-0244",-0.12123251554578
"chr19-0245",0.0296317108207266
"chr19-0246",-0.17961978078419
"chr19-0247",-0.431934955541495
"chr19-0248",-0.280746750045072
"chr19-0249",0.105349736419589
"chr19-0250",0.179234893654036
"chr19-0251",-0.314344513899636
"chr19-0252",0.0738277208784108
"chr19-0253",-0.126374598532601
"chr19-0254",0.109964210493397
"chr19-0255",-0.228116902036598
"chr19-0256",-0.264248554269205
"chr19-0257",-0.296347964729779
"chr19-0258",-0.0278979065305622
"chr19-0259",-0.213845758940649
"chr19-0260",0.0754860214824389
"chr19-0261",-0.115597918295746
"chr19-0262",-0.10506102425231
"chr19-0263",-0.0211879654389814
"chr19-0264",-0.0734801310004817
"chr19-0265",-0.138931628920356
"chr19-0266",-0.0449557771035097
"chr19-0267",-0.0944870962548103
"chr19-0268",-0.118821536502095
"chr19-0269",0.0791581177678186
"chr19-0270",-0.105303159258937
"chr19-0271",-0.141196366169095
"chr19-0272",-0.0287284153282443
"chr19-0273",0.0337290837606472
"chr19-0274",-0.342935757306988
"chr19-0275",0.00582135680038571
"chr19-0276",0.0881234053506965
"chr19-0277",0.0609355518675988
"chr19-0278",-0.251245353607484
"chr19-0279",0.0761435298247355
"chr19-0280",0.243233772718854
"chr19-0281",0.224661494203823
"chr19-0282",-0.0681636998159109
"chr19-0283",-0.121327910091236
"chr19-0284",-0.147707465548476
"chr19-0285",0.132613338984654
"chr19-0286",0.108896268987867
"chr19-0287",-0.161764881282205
"chr19-0288",0.0780955672446809
"chr19-0289",0.0213620454308285
"chr19-0290",0.1418224128896
"chr19-0291",0.13542806272757
"chr19-0292",0.0707883966624892
"chr19-0293",0.105083678232849
"chr19-0294",0.162997496954357
"chr19-0295",0.063737615622113
"chr19-0296",0.147279536979623
"chr19-0297",-0.105046427009046
"chr19-0298",-0.00241911320024151
"chr19-0299",0.0144999853688071
"chr19-0300",0.0967439343714658
"chr19-0301",0.00732822009807182
"chr19-0302",-0.00311236618542254
"chr19-0303",-0.145141165552669
"chr19-0304",-0.211644720124738
"chr19-0305",-0.518197279911905
"chr19-0306",-0.151606928508424
"chr19-0307",-0.0540711791371661
"chr19-0308",-0.118450443723278
"chr19-0309",-0.0948172613643983
"chr19-0310",-0.0631252977685557
"chr19-0311",-0.0309360940449508
"chr19-0312",0.22491288135225
"chr19-0313",-0.127262463489526
"chr19-0314",0.118969235186464
"chr19-0315",0.163745350423706
"chr19-0316",-0.193977686268517
"chr19-0317",0.11780920685094
"chr19-0318",-0.306903969182078
"chr19-0319",-0.160207113889964
"chr19-0320",0.210528609588632
"chr19-0321",-0.124785552692098
"chr19-0322",-0.0923491220757699
"chr19-0323",-0.071735249413608
"chr19-0324",-0.143103860345186
"chr19-0325",-0.499022248533986
"chr19-0326",-0.645321693167905
"chr19-0327",0.0399120059663275
"chr19-0328",-0.104013505819809
"chr19-0329",0.0236871228585587
"chr19-0330",-0.228629227723805
"chr19-0331",-0.159696836497436
"chr19-0332",-0.0761601131111471
"chr19-0333",-0.136116110170331
"chr19-0334",-0.141206988721766
"chr19-0335",-0.048227353075026
"chr19-0336",-0.120817653088706
"chr19-0337",0.267452855411613
"chr19-0338",-0.217169694320433
"chr19-0339",0.144584229749016
"chr19-0340",0.0493972077359787
"chr19-0341",0.00547200156630197
"chr19-0342",-0.0852034861988473
"chr19-0343",-0.0644567094129628
"chr19-0344",-0.167260860357105
"chr19-0345",-0.487606863232928
"chr19-0346",-0.297239350832775
"chr19-0347",0.559509451774587
"chr19-0348",-0.00128990100547774
"chr19-0349",-0.0754030099323926
"chr19-0350",0.0173176734984411
"chr19-0351",-0.0636846796101869
"chr19-0352",0.150647459460732
"chr19-0353",-0.0141300907576227
"chr19-0354",-0.0684505124682615
"chr19-0355",0.12837984533644
"chr19-0356",-0.209602323923801
"chr19-0357",0.198592327879147
"chr19-0358",0.031657294914213
"chr19-0359",-0.119562050995502
"chr19-0360",-0.0636365940846938
"chr19-0361",-0.149863786776791
"chr19-0362",0.227652540215652
"chr19-0363",0.0437019259621039
"chr19-0364",-0.0689509791556332
"chr19-0365",0.149354118461158
"chr19-0366",-0.221407906235741
"chr19-0367",-0.220339647926583
"chr19-0368",0.0538311245997469
"chr19-0369",0.0087311181499494
"chr19-0370",-0.0724644286011991
"chr19-0371",0.00132902286807707
"chr19-0372",-0.0456559212164187
"chr19-0373",0.080046775505716
"chr19-0374",-0.22063691663194
"chr19-0375",0.0212602340147121
"chr19-0376",0.113787664744319
"chr19-0377",-0.0519638106016689
"chr19-0378",0.261074686034288
"chr19-0379",0.283139618698502
"chr19-0380",0.0825848225323119
"chr19-0381",0.302246218743547
"chr19-0382",0.20816183329236
"chr19-0383",0.155022517689002
"chr19-0384",0.391260822875013
"chr19-0385",-0.0936630381169869
"chr19-0386",0.167549803466678
"chr19-0387",0.293023136929169
"chr19-0388",0.021224299459152
"chr19-0389",0.0936908218991516
"chr19-0390",0.136538918654468
"chr19-0391",-0.0158841406581088
"chr19-0392",0.0182354587631902
"chr19-0393",0.106151605145303
"chr19-0394",-0.03033576828388
"chr19-0395",-0.0374858292144952
"chr19-0396",0.13148931707347
"chr19-0397",0.261255416177101
"chr19-0398",0.309851278478044
"chr19-0399",0.0630706167138743
"chr19-0400",0.174237243551656
"chr19-0401",0.024785731577991
"chr19-0402",0.164594454304238
"chr19-0403",-0.153162595242763
"chr19-0404",0.00437528153767861
"chr19-0405",-0.303651854039461
"chr19-0406",-0.147302474556544
"chr19-0407",-0.00278531243499509
"chr19-0408",-0.0802306115128822
"chr19-0409",0.0446857175436352
"chr19-0410",0.126771916973638
"chr19-0411",0.0710530118611819
"chr19-0412",-0.0332794489191169
"chr19-0413",-0.1930217270457
"chr19-0414",-0.0267459248703831
"chr19-0415",0.0365394748445854
"chr19-0416",-0.308871986387372
"chr19-0417",-0.197096415994677
"chr19-0418",-0.099162611929926
"chr19-0419",-0.243029039099031
"chr19-0420",-0.461799406048985
"chr19-0421",0.0261991344044852
"chr19-0422",-0.276119708432803
"chr19-0423",-0.368703245111139
"chr19-0424",-0.12615144876499
"chr19-0425",-0.0739904209470641
"chr19-0426",0.16515364812825
"chr19-0427",-0.0159096433644856
"chr19-0428",0.104180297187096
"chr19-0429",0.216215853840967
"chr19-0430",0.16614350003827
"chr19-0431",0.253635595086248
"chr19-0432",0.266152559361075
"chr19-0433",0.0826293173790946
"chr19-0434",0.248774114130695
"chr19-0435",0.233880626227355
"chr19-0436",-0.0423725384101611
"chr19-0437",0.13534797968501
"chr19-0438",0.0831157981275367
"chr19-0439",0.0395243801242046
"chr19-0440",-0.0530642607178678
"chr19-0441",0.251134808676204
"chr19-0442",0.353539747673147
"chr19-0443",-0.00626026121175809
"chr19-0444",0.00381855765482019
"chr19-0445",0.250644672123378
"chr19-0446",-0.0465184766478943
"chr19-0447",-0.237198547358314
"chr19-0448",0.0642082588335155
"chr19-0449",0.0160466494799968
"chr19-0450",-0.284332529365364
"chr19-0451",-0.249426040483313
"chr19-0452",0.300171962973172
"chr19-0453",0.0941492115686295
"chr19-0454",0.203538392240413
"chr19-0455",0.0122172133528521
"chr19-0456",-0.183666927540252
"chr19-0457",0.0585603104649141
"chr19-0458",-0.0835240828109407
"chr19-0459",-0.0793186765420636
"chr19-0460",0.242617976815491
"chr19-0461",0.00479806402598129
"chr19-0462",-0.245343433819489
"chr19-0463",-0.0722471058327799
"chr19-0464",-0.00357824786163155
"chr19-0465",0.216462557984093
"chr19-0466",0.26065243950267
"chr19-0467",0.181559316585884
"chr19-0468",-0.260037122230573
"chr19-0469",-0.111990837313874
"chr19-0470",-0.412256070530836
"chr19-0471",-0.0133731746276458
"chr19-0472",0.0577888435011634
"chr19-0473",0.0641862961871183
"chr19-0474",-0.0606595447992121
"chr19-0475",0.0122647567320748
"chr19-0476",-0.257404764286297
"chr19-0477",-0.256466532102482
"chr19-0478",-0.178621148554446
"chr19-0479",-0.253143803283853
"chr19-0480",-0.0452707237236637
"chr19-0481",0.0033497481805881
"chr19-0482",-0.0239801431062103
"chr19-0483",0.075610217247843
"chr19-0484",0.0449925806246694
"chr19-0485",-0.154055970416292
"chr19-0486",-0.144709614832367
"chr19-0487",-0.0682383078865982
"chr19-0488",-0.209972350791074
"chr2-0001",-0.403094194587202
"chr2-0002",-0.0196414638243139
"chr2-0003",0.0301910742566672
"chr2-0004",0.128709733902435
"chr2-0005",0.127332267627195
"chr2-0006",0.283194162694455
"chr2-0007",-0.114705147574886
"chr2-0008",-0.0359334708564296
"chr2-0009",-0.0153695708326888
"chr2-0010",-0.0330379049513236
"chr2-0011",0.396289500547377
"chr2-0012",0.182665112175495
"chr2-0013",0.183023318493529
"chr2-0014",-0.0652949532665298
"chr2-0015",0.0376836122390785
"chr2-0016",0.0760182866613159
"chr2-0017",0.207837250159692
"chr2-0018",0.00531872732142668
"chr2-0019",0.0328808284125715
"chr2-0020",0.124950758371351
"chr2-0021",-0.0725263138184168
"chr2-0022",0.400496630501862
"chr2-0023",-0.428161541098175
"chr2-0024",-0.0852196381969617
"chr2-0025",-0.144771217751458
"chr2-0026",-0.0592748995565232
"chr2-0027",0.0345615189647942
"chr2-0028",-0.0856170368579345
"chr2-0029",-0.0955503456955895
"chr2-0030",0.236757470993883
"chr2-0031",0.0982296737970648
"chr2-0032",0.123462383881959
"chr2-0033",0.0662314938696376
"chr2-0034",0.104789650879397
"chr2-0035",0.00127660030105329
"chr2-0036",-0.468720251175698
"chr2-0037",-0.300787644989694
"chr2-0038",0.0595624847437837
"chr2-0039",0.211361398824292
"chr2-0040",0.107784196412314
"chr2-0041",-0.208965410672891
"chr2-0042",-0.196780092264294
"chr2-0043",-0.143006299524929
"chr2-0044",0.00762371653460735
"chr2-0045",-0.350160646369225
"chr2-0046",-0.33811674921181
"chr2-0047",-0.164646151542562
"chr2-0048",-0.135101194350244
"chr2-0049",0.126508123240669
"chr2-0050",-0.364400314416175
"chr2-0051",-0.0203882868828234
"chr2-0052",-0.311036984891129
"chr2-0053",0.114399847369823
"chr2-0054",-0.104403097186294
"chr2-0055",-0.262767082832197
"chr2-0056",-0.0301766795407297
"chr2-0057",-0.0523394983124667
"chr2-0058",-0.323758087448601
"chr2-0059",-0.0867666750828177
"chr2-0060",-0.167668592598553
"chr2-0061",-0.127378397014644
"chr2-0062",0.233503189230676
"chr2-0063",0.371902885276857
"chr2-0064",-0.199224825615532
"chr2-0065",-0.125896544160109
"chr2-0066",-0.335489495323682
"chr2-0067",-0.193525798082539
"chr2-0068",-0.0518386212216204
"chr2-0069",0.275958880704858
"chr2-0070",-0.100339627445162
"chr2-0071",-0.0135375855652061
"chr2-0072",-0.15834906237462
"chr2-0073",-0.041056610334676
"chr2-0074",0.0791295291511162
"chr2-0075",-0.00978132169701798
"chr2-0076",-0.0458617637147173
"chr2-0077",-0.119340623494842
"chr2-0078",0.0965084560930707
"chr2-0079",0.00219218740226354
"chr2-0080",0.0200122368342342
"chr2-0081",0.0778824414833461
"chr2-0082",-0.170182925546249
"chr2-0083",-0.151284637127393
"chr2-0084",0.142897822822361
"chr2-0085",-0.103959946051074
"chr2-0086",0.395606302340423
"chr2-0087",-0.329563756144463
"chr2-0088",0.0429656044605908
"chr2-0089",-0.0862765495117516
"chr2-0090",-0.0569840775922014
"chr2-0091",0.0258693235813218
"chr2-0092",-0.300100343613643
"chr2-0093",-0.257359097478464
"chr2-0094",-0.212677547669833
"chr2-0095",-0.0514328929134184
"chr2-0096",0.024769354668219
"chr2-0097",-0.4203702831558
"chr2-0098",-0.119724276426899
"chr2-0099",-0.160923109304436
"chr2-0100",-0.127545540361275
"chr2-0101",0.0512330917061748
"chr2-0102",-0.249140096236545
"chr2-0103",-0.580402996329758
"chr2-0104",-0.515390093541455
"chr2-0105",-0.0567367392789414
"chr2-0106",-0.222624143370498
"chr2-0107",-0.189821491357182
"chr2-0108",-0.466147186845191
"chr2-0109",-0.226413925369406
"chr2-0110",-0.0898260497134599
"chr2-0111",-0.346792229464163
"chr2-0112",-0.380561850314835
"chr2-0113",-0.461302785004501
"chr2-0114",-0.325457899398972
"chr2-0115",-0.164595019096007
"chr2-0116",0.0871911590422006
"chr2-0117",-0.0773292114944625
"chr2-0118",0.173994626506778
"chr2-0119",-0.044688147603836
"chr2-0120",-0.200910071550606
"chr2-0121",-0.233454645202487
"chr2-0122",-0.425252587473363
"chr2-0123",-0.299571973062067
"chr2-0124",-0.455574237424836
"chr2-0125",-0.0603272033840453
"chr2-0126",-0.350210181759891
"chr2-0127",-0.0716566392117735
"chr2-0128",-0.19834736163585
"chr2-0129",-0.25099993106767
"chr2-0130",-0.152234059781475
"chr2-0131",-0.214174832279712
"chr2-0132",-0.239582347299618
"chr2-0133",-0.397322319678796
"chr2-0134",0.0383896052576406
"chr2-0135",-0.0461568615993857
"chr2-0136",-0.392888439348424
"chr2-0137",-0.112587717243432
"chr2-0138",-0.219044253270051
"chr2-0139",-0.0659352215868198
"chr2-0140",-0.20340189125165
"chr2-0141",-0.349957278058084
"chr2-0142",-0.145257200714924
"chr2-0143",-0.408105887513913
"chr2-0144",-0.135340585048075
"chr2-0145",-0.32838841199126
"chr2-0146",-0.145700001263268
"chr2-0147",0.0471080860885092
"chr2-0148",0.000819659660209956
"chr2-0149",0.0708049397324472
"chr2-0150",-0.187810613402212
"chr2-0151",0.135498060045227
"chr2-0152",-0.114312621561034
"chr2-0153",-0.0530052644560365
"chr2-0154",-0.0170447478137606
"chr2-0155",0.75097554208636
"chr2-0156",-0.13513284884022
"chr2-0157",0.0363785892162067
"chr2-0158",0.129760928080849
"chr2-0159",-0.136747664361571
"chr2-0160",0.0263270509574018
"chr2-0161",-0.112493100165936
"chr2-0162",-0.12848032624555
"chr2-0163",-0.197508483057529
"chr2-0164",0.249061285597259
"chr2-0165",-0.0316249132768052
"chr2-0166",-0.17455486464997
"chr2-0167",0.104216555490384
"chr2-0168",0.0683336450619786
"chr2-0169",-0.191220037698298
"chr2-0170",-0.0353190070106598
"chr2-0171",-0.0155143964836521
"chr2-0172",-0.0822357506271878
"chr2-0173",-0.00469142850831777
"chr2-0174",-0.185296248948409
"chr2-0175",-0.103803364477754
"chr2-0176",-0.256634971191663
"chr2-0177",-0.207102192265277
"chr2-0178",-0.0446783508253431
"chr2-0179",-0.182451262780858
"chr2-0180",-0.069144101174206
"chr2-0181",-0.255575445194217
"chr2-0182",-0.0262563603548023
"chr2-0183",0.0157024076856486
"chr2-0184",-0.189847285776979
"chr2-0185",-0.120563417726553
"chr2-0186",-0.368808164369211
"chr2-0187",-0.145839229486442
"chr2-0188",-0.136754578926133
"chr2-0189",-0.117049533567405
"chr2-0190",-0.585240222689719
"chr2-0191",-0.334383230345807
"chr2-0192",-0.547308299554548
"chr2-0193",0.0493210112389533
"chr2-0194",0.189325906864257
"chr2-0195",0.0542389877648014
"chr2-0196",-0.38248651651859
"chr2-0197",-0.346921706056643
"chr2-0198",-0.342253619062311
"chr2-0199",-0.32215136936513
"chr2-0200",-0.450092013654572
"chr2-0201",-0.536790583291761
"chr2-0202",-0.298772003615361
"chr2-0203",-0.0906544965122067
"chr2-0204",-0.309001161668289
"chr2-0205",-0.289756800722906
"chr2-0206",-0.393518636599313
"chr2-0207",-0.316772318557595
"chr2-0208",-0.357604442622171
"chr2-0209",-0.314979950842451
"chr2-0210",-0.230872785468913
"chr2-0211",0.0282207204697295
"chr2-0212",0.30473426418016
"chr2-0213",-0.447415037212554
"chr2-0214",0.145769222480482
"chr2-0215",0.138730398179208
"chr2-0216",0.194094802040333
"chr2-0217",-0.206544344844974
"chr2-0218",-0.0412351196299984
"chr2-0219",-0.143805907091811
"chr2-0220",-0.000438900386599817
"chr2-0221",-0.23887783860419
"chr2-0222",-0.0354635107821764
"chr2-0223",0.48050107958601
"chr2-0224",-0.291410966814936
"chr2-0225",-0.0932464499366475
"chr2-0226",0.115166387691992
"chr2-0227",0.318355863346303
"chr2-0228",-0.131090278417577
"chr2-0229",-0.187325173232664
"chr2-0230",-0.0367604878207592
"chr2-0231",0.0696820643477197
"chr2-0232",-0.0987533790841959
"chr2-0233",0.429107735012185
"chr2-0234",-0.245004210843144
"chr2-0235",-0.0980740967098161
"chr2-0236",-0.0789692987003061
"chr2-0237",-0.156671970158446
"chr2-0238",-0.183924167121114
"chr2-0239",-0.329752374192929
"chr2-0240",-0.316249632234846
"chr2-0241",-0.272866348878389
"chr2-0242",0.12986496074615
"chr2-0243",-0.261299486777356
"chr2-0244",-0.372598556806539
"chr2-0245",-0.228787207004061
"chr2-0246",0.123361810338378
"chr2-0247",-0.131706878566179
"chr2-0248",0.124638946307541
"chr2-0249",0.18979152001282
"chr2-0250",-0.113163166101756
"chr2-0251",-0.0657129559373748
"chr2-0252",0.170269321268198
"chr2-0253",-0.070303804159172
"chr2-0254",0.130699366380745
"chr2-0255",-0.0716135581944354
"chr2-0256",-0.23921671368044
"chr2-0257",-0.0457212613658808
"chr2-0258",-0.312492143779327
"chr2-0259",-0.275681792694275
"chr2-0260",-0.217130967084747
"chr2-0261",-0.303466467616396
"chr2-0262",-0.265266329099937
"chr2-0263",0.297725174973435
"chr2-0264",0.0609002144098575
"chr2-0265",-0.281380939919307
"chr2-0266",-0.393580255260466
"chr2-0267",-0.204223913931933
"chr2-0268",-0.366017470442502
"chr2-0269",-0.0156396329561833
"chr2-0270",-0.209782725400605
"chr2-0271",0.282395541078442
"chr2-0272",-0.0827819324981769
"chr2-0273",-0.2000821936348
"chr2-0274",-0.404828957751483
"chr2-0275",-0.291156088728404
"chr2-0276",-0.209338402835824
"chr2-0277",-0.165516015213529
"chr2-0278",-0.224159329007937
"chr2-0279",-0.380978765930552
"chr2-0280",0.233251743134277
"chr2-0281",0.249361103193621
"chr2-0282",-0.109659817383269
"chr2-0283",-0.013361314940462
"chr2-0284",0.112404333128882
"chr2-0285",-0.0526677443149234
"chr2-0286",-0.521679500785322
"chr2-0287",-0.0465074074940628
"chr2-0288",-0.184956300835487
"chr2-0289",-0.228447758122886
"chr2-0290",0.0508883184358587
"chr2-0291",0.0588101265780229
"chr2-0292",-0.215662198745102
"chr2-0293",0.0396058536449322
"chr2-0294",0.136940868962851
"chr2-0295",0.242902646567453
"chr2-0296",-0.284679218884624
"chr2-0297",0.0876606546631463
"chr2-0298",-0.234326347936046
"chr2-0299",-0.0441569984330835
"chr2-0300",-0.208566524068666
"chr2-0301",-0.542829252826061
"chr2-0302",-0.134194291050492
"chr2-0303",-0.589610479283075
"chr2-0304",-0.1148937081599
"chr2-0305",-0.298444121057288
"chr2-0306",-0.308778315708334
"chr2-0307",-0.179055486114287
"chr2-0308",-0.183382070630436
"chr2-0309",0.144562439943265
"chr2-0310",-0.291351452122818
"chr2-0311",-0.258291804638939
"chr2-0312",-0.526541956181958
"chr2-0313",-0.119295116312061
"chr2-0314",-0.149310314228217
"chr2-0315",0.042297658259255
"chr2-0316",-0.0815770124876478
"chr2-0317",-0.292833324069271
"chr2-0318",-0.0823288288743313
"chr2-0319",0.00450970404662089
"chr2-0320",0.741260271424701
"chr2-0321",0.00440537921554963
"chr2-0322",0.0842182190134988
"chr2-0323",-0.365281885904014
"chr2-0324",0.0129305182551875
"chr2-0325",0.339086436815043
"chr2-0326",-0.0168519829181661
"chr2-0327",-0.239044816852724
"chr2-0328",-0.0882352844521084
"chr2-0329",0.0263663451559219
"chr2-0330",-0.00228291167054254
"chr2-0331",0.069657478623496
"chr2-0332",0.1761077103676
"chr2-0333",0.350025945871227
"chr2-0334",-0.0822825377016348
"chr2-0335",0.301534192636661
"chr2-0336",-0.0645308499102024
"chr2-0337",0.383411921053908
"chr2-0338",-0.0233635245130234
"chr2-0339",0.0699154898981665
"chr2-0340",0.542113392143392
"chr2-0341",-0.188408915810478
"chr2-0342",-0.0954667149310484
"chr2-0343",-0.185046169479532
"chr2-0344",0.21545757404823
"chr2-0345",-0.180286537751971
"chr2-0346",-0.0773045639100283
"chr2-0347",-0.0466046821179392
"chr2-0348",0.0966053669490189
"chr2-0349",-0.400529075213358
"chr2-0350",-0.205984596101765
"chr2-0351",3.07974249853378
"chr2-0352",0.0180018421153072
"chr2-0353",-0.108570335831725
"chr2-0354",-0.183496220941246
"chr2-0355",0.0854818559365594
"chr2-0356",-0.177618725757614
"chr2-0357",-0.339750538330875
"chr2-0358",0.112838280899986
"chr2-0359",-0.205260655446338
"chr2-0360",-0.205049828857158
"chr2-0361",0.217700730360089
"chr2-0362",0.0248477795060114
"chr2-0363",0.00447419308306494
"chr2-0364",0.218330065531646
"chr2-0365",-0.100716198991624
"chr2-0366",-0.322917944675732
"chr2-0367",-0.0379448955031512
"chr2-0368",0.0646121926287974
"chr2-0369",0.0608065151914109
"chr2-0370",0.00408257001409756
"chr2-0371",0.256424077462253
"chr2-0372",-0.525490125698771
"chr2-0373",0.0544744894462898
"chr2-0374",0.0104043678184159
"chr2-0375",0.176527731020889
"chr2-0376",0.0145444538421946
"chr2-0377",-0.00112888755300945
"chr2-0378",0.242675022145992
"chr2-0379",-0.303992529051516
"chr2-0380",-0.234488495129224
"chr2-0381",0.0910890163430326
"chr2-0382",-0.427699268537075
"chr2-0383",-0.42856628035042
"chr2-0384",-0.130287410834623
"chr2-0385",-0.0984283920835358
"chr2-0386",0.245549388575014
"chr2-0387",0.297549370288705
"chr2-0388",-0.535587437586718
"chr2-0389",0.397081390958309
"chr2-0390",0.0215203728897124
"chr2-0391",0.206215955482035
"chr2-0392",-0.0744303850418876
"chr2-0393",-0.41581287586503
"chr2-0394",-0.424464126291971
"chr2-0395",-0.61567909601582
"chr2-0396",0.0489948335574488
"chr2-0397",-0.184768022891154
"chr2-0398",-0.304990340184012
"chr2-0399",-0.427139949855996
"chr2-0400",-0.280988905187001
"chr2-0401",-0.0919023654562725
"chr2-0402",0.061720087983487
"chr2-0403",-0.187411740749677
"chr2-0404",-0.109281551857478
"chr2-0405",-0.133580831002875
"chr2-0406",0.0950885489409649
"chr2-0407",-0.363289650770236
"chr2-0408",0.0507431268792236
"chr2-0409",-0.106891454742149
"chr2-0410",-0.0913145277535767
"chr2-0411",-0.183382183855185
"chr2-0412",-0.0600826024899751
"chr2-0413",-0.133996872568037
"chr2-0414",-0.0152579139443785
"chr2-0415",-0.153524758924331
"chr2-0416",0.214022061642472
"chr2-0417",-0.0196003924209625
"chr2-0418",-0.0373287785776423
"chr2-0419",-0.0591310573826248
"chr2-0420",-0.185726477032983
"chr2-0421",-0.122259045300635
"chr2-0422",-0.354528852509831
"chr2-0423",-0.158214743867047
"chr2-0424",-0.178464107110726
"chr2-0425",-0.343805855635777
"chr2-0426",-0.19554395500813
"chr2-0427",-0.300199572139442
"chr2-0428",-0.14909865830171
"chr2-0429",-0.0338906686322732
"chr2-0430",-0.247597260165319
"chr2-0431",-0.200991904220724
"chr2-0432",-0.296458562071526
"chr2-0433",-0.0146407720294281
"chr2-0434",-0.212378077647816
"chr2-0435",-0.256647343600636
"chr2-0436",0.156736272859956
"chr2-0437",-0.00756853465044447
"chr2-0438",-0.165587071269006
"chr2-0439",-0.517341228661593
"chr2-0440",-0.128222146484093
"chr2-0441",-0.268386457089949
"chr2-0442",-0.255664090149915
"chr2-0443",-0.0358741593091156
"chr2-0444",-0.19426897881436
"chr2-0445",-0.248981079503101
"chr2-0446",-0.315112266492674
"chr2-0447",-0.0225738969800434
"chr2-0448",-0.110167460308178
"chr2-0449",-0.109486868329501
"chr2-0450",-0.13826487688877
"chr2-0451",-0.260012460557433
"chr2-0452",-0.656340124218615
"chr2-0453",-0.152699246880918
"chr2-0454",0.0626590595143788
"chr2-0455",0.104817069082761
"chr2-0456",-0.209758955131941
"chr2-0457",-0.201095035043642
"chr2-0458",-0.208154801361321
"chr2-0459",-0.168271577913835
"chr2-0460",-0.168091675252584
"chr2-0461",-0.177404252635571
"chr2-0462",-0.398697830475125
"chr2-0463",-0.190829469430761
"chr2-0464",-0.344491495386941
"chr2-0465",-0.130503949739748
"chr2-0466",-0.179789726047851
"chr2-0467",-0.0114483637155411
"chr2-0468",-0.263342396549661
"chr2-0469",-0.0321014338788933
"chr2-0470",-0.221276807570527
"chr2-0471",-0.224074682701211
"chr2-0472",-0.160091205030298
"chr2-0473",-0.0126932342138302
"chr2-0474",-0.348248618377165
"chr2-0475",-0.120106125380481
"chr2-0476",-0.340299185503685
"chr2-0477",-0.270040960255872
"chr2-0478",-0.299998845504434
"chr2-0479",-0.373762512223013
"chr2-0480",-0.334409586663886
"chr2-0481",-0.0744768343510991
"chr2-0482",0.205040781893785
"chr2-0483",0.888997568109486
"chr2-0484",0.0850872876307494
"chr2-0485",-0.30191209822202
"chr2-0486",-0.153647161957468
"chr2-0487",0.240025889291236
"chr2-0488",-0.0758261138082973
"chr2-0489",0.347049251592596
"chr2-0490",-0.0280638716177868
"chr2-0491",0.259648322662831
"chr2-0492",0.353437583534089
"chr2-0493",0.702024029678468
"chr2-0494",0.582458947832491
"chr2-0495",0.163046004484271
"chr2-0496",-0.135590101962262
"chr2-0497",-0.587132304786204
"chr2-0498",-0.203298735601938
"chr2-0499",0.0810685202131888
"chr2-0500",-0.21380172162114
"chr2-0501",-0.0460964089947533
"chr2-0502",-0.328169942748657
"chr2-0503",-0.0483966361519425
"chr2-0504",-0.18786350085434
"chr2-0505",-0.0873114546673888
"chr2-0506",-0.0771518599622774
"chr2-0507",-0.328789511592895
"chr2-0508",-0.295737017522134
"chr2-0509",-0.31357797910697
"chr2-0510",-0.125727150833602
"chr2-0511",-0.0512646190632063
"chr2-0512",-0.328981596383168
"chr2-0513",-0.223079031234248
"chr2-0514",-0.0956929569750187
"chr2-0515",-0.119272872109834
"chr2-0516",-0.0745727267182665
"chr2-0517",0.046505007948086
"chr2-0518",0.2638507433126
"chr2-0519",0.0083112045266353
"chr2-0520",-0.00137780199379943
"chr2-0521",0.085940480435409
"chr2-0522",-0.371610330854906
"chr2-0523",-0.108329493465839
"chr2-0524",0.234399066982141
"chr2-0525",0.246288045780133
"chr2-0526",-0.516538440078391
"chr2-0527",-0.052622685305459
"chr2-0528",-0.170644742840152
"chr2-0529",-0.102335322850861
"chr2-0530",-0.102852962194418
"chr2-0531",-0.208550615070967
"chr2-0532",-0.0245419371972419
"chr2-0533",-0.0263616400064505
"chr2-0534",0.181138932617893
"chr2-0535",0.626713025554284
"chr2-0536",0.130550021473148
"chr2-0537",0.000138987767689381
"chr2-0538",-0.124934560718938
"chr2-0539",-0.236036018566516
"chr2-0540",-0.123165720187971
"chr2-0541",-0.270044453168753
"chr2-0542",-0.15601332668601
"chr2-0543",-0.215497476780311
"chr2-0544",-0.0632758025821375
"chr2-0545",-0.187798792883108
"chr2-0546",-0.207994569842405
"chr2-0547",-0.115436407975087
"chr2-0548",0.00166089186417298
"chr2-0549",-0.249836276579513
"chr2-0550",-0.0474488104115587
"chr2-0551",0.0976837646605968
"chr2-0552",-0.15334981281255
"chr2-0553",-0.0263829245567436
"chr2-0554",0.0668551841932703
"chr2-0555",-0.0597582932287643
"chr2-0556",-0.118774299632613
"chr2-0557",0.136686010052546
"chr2-0558",0.105815624593023
"chr2-0559",0.00400731667697993
"chr2-0560",-0.431272146518243
"chr2-0561",-0.205063584538396
"chr2-0562",-0.187206569451202
"chr2-0563",0.138062827289906
"chr2-0564",-0.0176124445860322
"chr2-0565",-0.18828381297158
"chr2-0566",-0.251007094827877
"chr2-0567",-0.283880005666645
"chr2-0568",0.0732669965026004
"chr2-0569",-0.125925146646176
"chr2-0570",-0.0863006182215717
"chr2-0571",0.322265992060514
"chr2-0572",0.106340888292562
"chr2-0573",-0.267855707240115
"chr2-0574",-0.437973926224074
"chr2-0575",0.198117193445475
"chr2-0576",-0.255314357550534
"chr2-0577",-0.320204644554057
"chr2-0578",-0.138524558282524
"chr2-0579",0.176216929043138
"chr2-0580",-0.021642709007113
"chr2-0581",-0.356101842969703
"chr2-0582",-0.359916744332854
"chr2-0583",-0.0267731650728993
"chr2-0584",-0.0565396269894786
"chr2-0585",0.077506737088852
"chr2-0586",0.119359249289324
"chr2-0587",-0.0631225206724553
"chr2-0588",-0.177617159196438
"chr2-0589",-0.19629778745073
"chr2-0590",0.0499966137479218
"chr2-0591",0.0420822073251493
"chr2-0592",0.0126986428892678
"chr2-0593",-0.53204084543325
"chr2-0594",-0.347991911820487
"chr2-0595",-0.263578799659465
"chr2-0596",-0.309488753634091
"chr2-0597",0.105202018450116
"chr2-0598",0.0323319381078071
"chr2-0599",-0.365851438007035
"chr2-0600",-0.141567495449937
"chr2-0601",-0.344326918394896
"chr2-0602",-0.105877378555929
"chr2-0603",0.379795669242782
"chr2-0604",0.238495250107525
"chr2-0605",-0.286037147371224
"chr2-0606",-0.0423310410032205
"chr2-0607",-0.179091518780896
"chr2-0608",-0.00117055358656011
"chr2-0609",0.134705775197616
"chr2-0610",-0.22277543695109
"chr2-0611",-0.457276468961262
"chr2-0612",-0.345217350255101
"chr2-0613",-0.0990272406585982
"chr2-0614",-0.0992270085849281
"chr2-0615",0.323362009825489
"chr2-0616",-0.138280596484302
"chr2-0617",-0.125444955119997
"chr2-0618",-0.094282543006671
"chr2-0619",-0.131113007162261
"chr2-0620",0.000491702716634719
"chr2-0621",0.5470640295035
"chr2-0622",-0.141721335760524
"chr2-0623",0.014954516185708
"chr2-0624",0.0394488816328226
"chr2-0625",0.208258169325687
"chr2-0626",-0.144682385752656
"chr2-0627",-0.0469130152980836
"chr2-0628",-0.20145729303334
"chr2-0629",0.111932219457029
"chr2-0630",-0.1141586496983
"chr2-0631",-0.0749301732622896
"chr2-0632",0.259510963999012
"chr2-0633",-0.255079412851205
"chr2-0634",-0.104428161727488
"chr2-0635",-0.0155611684328452
"chr2-0636",-0.374969644528131
"chr2-0637",-0.263534026854998
"chr2-0638",-0.27584613385508
"chr2-0639",-0.00915072524295356
"chr2-0640",0.00738543763841821
"chr2-0641",-0.348053272295449
"chr2-0642",-0.166000942404988
"chr2-0643",0.0859890939617417
"chr2-0644",-0.0937685367852074
"chr2-0645",-0.155208588677675
"chr2-0646",-0.446596881111697
"chr2-0647",0.155918621437652
"chr2-0648",-0.0778775474262711
"chr2-0649",-0.191120439365103
"chr2-0650",-0.320041710847988
"chr2-0651",-0.140181419447505
"chr2-0652",0.115386690057184
"chr2-0653",-0.0795773438599187
"chr2-0654",0.289512662941505
"chr2-0655",0.119861598482916
"chr2-0656",-0.0661659204054056
"chr2-0657",-0.1334852356634
"chr2-0658",-0.242235428589665
"chr2-0659",-0.387264947495987
"chr2-0660",-0.669987684745269
"chr2-0661",-0.440271188601912
"chr2-0662",-0.276830156828487
"chr2-0663",-0.103262089968326
"chr2-0664",0.188416097399942
"chr2-0665",0.107189292307735
"chr2-0666",-0.0993926220984218
"chr2-0667",-0.0599923896829815
"chr2-0668",0.4065812213163
"chr2-0669",0.0256742666418666
"chr2-0670",0.0666532599788948
"chr2-0671",0.0954296489400767
"chr2-0672",0.0367505531530212
"chr2-0673",0.345286105637804
"chr2-0674",-0.404586310089312
"chr2-0675",-0.155395242850824
"chr2-0676",-0.337130857657181
"chr2-0677",-8.18370127656449e-05
"chr2-0678",0.268454105539167
"chr2-0679",-0.508987343818737
"chr2-0680",-0.486117093475259
"chr2-0681",-0.412828870996214
"chr2-0682",-0.0529522258784892
"chr2-0683",-0.385651878361296
"chr2-0684",-0.612399770198598
"chr2-0685",-0.248958794292058
"chr2-0686",-0.0871745814742785
"chr2-0687",-0.115655339319263
"chr2-0688",0.100210451330111
"chr2-0689",-0.400803894380862
"chr2-0690",-0.320618493910378
"chr2-0691",0.809203546822941
"chr2-0692",0.0461662823484289
"chr2-0693",-0.0175990162677772
"chr2-0694",-0.109643872467435
"chr2-0695",-0.118547549766734
"chr2-0696",-0.236970121197304
"chr2-0697",-0.267110183099614
"chr2-0698",-0.156810284695487
"chr2-0699",-0.0905683338230143
"chr2-0700",-0.199237033946072
"chr2-0701",0.258743614151721
"chr2-0702",-0.133903335539657
"chr2-0703",-0.536367653880817
"chr2-0704",-0.0630877501598921
"chr2-0705",-0.138175675923289
"chr2-0706",-0.221064857592869
"chr2-0707",0.254891983893742
"chr2-0708",-0.0569785338005785
"chr2-0709",-0.0925544931913614
"chr2-0710",-0.586003893656619
"chr2-0711",0.12852325560934
"chr2-0712",0.0296702313536494
"chr2-0713",0.0538391896339754
"chr2-0714",-0.0800775577498682
"chr2-0715",-0.322389417037473
"chr2-0716",-0.214993893932961
"chr2-0717",-0.243510792209215
"chr2-0718",-0.256605251326662
"chr2-0719",0.0415947807923034
"chr2-0720",-0.174554945353919
"chr2-0721",0.257954010268926
"chr2-0722",0.204473666381236
"chr2-0723",0.0596142761309866
"chr2-0724",-0.342384591564611
"chr2-0725",-0.19853351151175
"chr2-0726",0.321660891152857
"chr2-0727",0.0190729569766365
"chr2-0728",-0.0171471304413774
"chr2-0729",0.0184293878875753
"chr2-0730",-0.166449623490628
"chr2-0731",-0.176982746077011
"chr2-0732",-0.267733205738784
"chr2-0733",-0.562835831186232
"chr2-0734",0.110307425910705
"chr2-0735",-0.625457223008654
"chr2-0736",-0.115888566642229
"chr2-0737",-0.339283148769641
"chr2-0738",-0.0768453941015223
"chr2-0739",0.0189607275859599
"chr2-0740",0.248419051673555
"chr2-0741",0.10072838125973
"chr2-0742",0.326139728750847
"chr2-0743",-0.0504222251139363
"chr2-0744",0.13645773569719
"chr2-0745",-0.336478564801645
"chr2-0746",-0.308756884825679
"chr2-0747",0.272629282448495
"chr2-0748",-0.0658517774722216
"chr2-0749",0.00393085266391134
"chr2-0750",0.134341313892687
"chr2-0751",0.221667595734626
"chr2-0752",0.16359804186124
"chr2-0753",0.370078207852863
"chr2-0754",-0.0012500964653905
"chr2-0755",0.142018058116143
"chr2-0756",0.466420836793113
"chr2-0757",0.441169765129819
"chr2-0758",0.097993943387311
"chr2-0759",-0.170331986133162
"chr2-0760",-0.0102990812211189
"chr2-0761",-0.161316554817272
"chr2-0762",-0.212848961951654
"chr2-0763",-0.174894890418714
"chr2-0764",0.144962282890228
"chr2-0765",-0.583424383028876
"chr2-0766",-0.301385973295263
"chr2-0767",-0.168681450030983
"chr2-0768",0.0319731552964608
"chr2-0769",-0.116560898895735
"chr2-0770",-0.109886914804005
"chr2-0771",-0.149130508650602
"chr2-0772",-0.198126974943345
"chr2-0773",0.0342511643445946
"chr2-0774",-0.219093997385779
"chr2-0775",-0.290765950859035
"chr2-0776",0.524406563380439
"chr2-0777",-0.00178743970477677
"chr2-0778",0.206361901018841
"chr2-0779",-0.219862136475359
"chr2-0780",0.0993142584305894
"chr2-0781",-0.599797686210759
"chr2-0782",-0.0804270175076692
"chr2-0783",-0.277844643228887
"chr2-0784",-0.120858870541976
"chr2-0785",-0.0220315042922441
"chr2-0786",-0.0446659347138769
"chr2-0787",-0.482020001424605
"chr2-0788",-0.472876143207731
"chr2-0789",-0.0952495890592207
"chr2-0790",-0.183697636695449
"chr2-0791",0.191429151907268
"chr2-0792",-0.127730632613363
"chr2-0793",0.474646834377318
"chr2-0794",0.131305674978906
"chr2-0795",-0.00633208588340559
"chr2-0796",0.242376464933328
"chr2-0797",0.149753448145595
"chr2-0798",0.25888837590053
"chr2-0799",0.0721177657837172
"chr2-0800",-0.215420427593154
"chr2-0801",-0.0127833488542997
"chr2-0802",1.20156321294984
"chr2-0803",-0.234447002987334
"chr2-0804",0.131605078524079
"chr2-0805",0.165850691719659
"chr2-0806",0.246653446659711
"chr2-0807",0.191616926095664
"chr2-0808",0.470568854488621
"chr2-0809",0.392277006729344
"chr2-0810",-0.197149593918283
"chr2-0811",-0.129002794609034
"chr2-0812",-0.0328658924581856
"chr2-0813",0.0307267834590947
"chr2-0814",-0.0219333828184306
"chr2-0815",0.0807705909580204
"chr2-0816",-0.411673792134087
"chr2-0817",0.591563536340326
"chr2-0818",-0.150876862373667
"chr2-0819",0.484573332595122
"chr2-0820",0.0742941198206925
"chr2-0821",-0.317409498324196
"chr2-0822",-0.296831156535266
"chr2-0823",0.171837499757936
"chr2-0824",0.0528947567737743
"chr2-0825",-0.137876959355451
"chr2-0826",-0.276853871863284
"chr2-0827",-0.0604719412892981
"chr2-0828",-0.184766633723896
"chr2-0829",-0.520921119054038
"chr2-0830",-0.0690472938920003
"chr2-0831",-0.0963222586884707
"chr2-0832",0.0991879656393916
"chr2-0833",-0.245826715414793
"chr2-0834",-0.240984896139377
"chr2-0835",0.186876542537426
"chr2-0836",0.233214176327272
"chr2-0837",0.0445151294379898
"chr2-0838",-0.227169007076799
"chr2-0839",0.0214574267620512
"chr2-0840",-0.443202562326352
"chr2-0841",-0.259946193679994
"chr2-0842",-0.283726052099921
"chr2-0843",-0.185527010905339
"chr2-0844",0.0514402983697804
"chr2-0845",0.0331875009122306
"chr2-0846",0.0868911108654572
"chr2-0847",-0.270204336194028
"chr2-0848",-0.0467199026263108
"chr2-0849",-0.017792739730235
"chr2-0850",0.123276868598829
"chr2-0851",-0.0282212836923463
"chr2-0852",0.243409970628749
"chr2-0853",0.0451621185905319
"chr2-0854",0.0941046323301716
"chr2-0855",0.0567184441749202
"chr2-0856",-0.111923325188201
"chr2-0857",0.0544897162901714
"chr2-0858",-0.407210004814735
"chr2-0859",-0.0891577740980075
"chr2-0860",0.0616727937285184
"chr2-0861",-0.110386864713788
"chr2-0862",-0.278821838420751
"chr2-0863",-0.255687992433639
"chr2-0864",0.00638842675869163
"chr2-0865",-0.0575410900106006
"chr2-0866",-0.167290555320609
"chr2-0867",-0.349307422103251
"chr2-0868",0.260435477746848
"chr2-0869",-0.198379301757297
"chr2-0870",0.0175323291609656
"chr2-0871",-0.237874549778927
"chr2-0872",-0.147858024778449
"chr2-0873",0.0882090117050829
"chr2-0874",0.736712745915884
"chr2-0875",0.13616695307826
"chr2-0876",-0.00110481184348989
"chr2-0877",-0.498239464838041
"chr2-0878",-0.385624777514841
"chr2-0879",0.153921339126629
"chr2-0880",0.333122651282025
"chr2-0881",0.102932587821317
"chr2-0882",-0.302732896752803
"chr2-0883",0.0156335510108908
"chr2-0884",0.402712672527703
"chr2-0885",0.343598655387472
"chr2-0886",0.272510672109676
"chr2-0887",-0.10970825750847
"chr2-0888",-0.0835268637870666
"chr2-0889",0.197758287296889
"chr2-0890",0.224959266465723
"chr2-0891",-0.270809007702808
"chr2-0892",0.179292834607234
"chr2-0893",-0.221183241874379
"chr2-0894",0.251721362468522
"chr2-0895",0.0440119068953617
"chr2-0896",-0.0120857268506586
"chr2-0897",-0.334383486264572
"chr2-0898",0.489255141422661
"chr2-0899",-0.129648631447411
"chr2-0900",-0.0622881691042155
"chr2-0901",0.165654254663681
"chr2-0902",0.167914838233792
"chr2-0903",0.286159174661069
"chr2-0904",0.349650250472591
"chr2-0905",0.012435367416265
"chr2-0906",-0.442244221412726
"chr2-0907",-0.00489855161406195
"chr2-0908",0.046085245036325
"chr2-0909",0.227382879440377
"chr2-0910",-0.184805618483679
"chr2-0911",0.0790182121849
"chr2-0912",-0.139437941808706
"chr2-0913",0.310252723638024
"chr2-0914",-0.16594126265102
"chr2-0915",0.0775970705863417
"chr2-0916",-0.125425320164167
"chr2-0917",-0.536114000356366
"chr2-0918",-0.238977232167523
"chr2-0919",-0.167411458368165
"chr2-0920",-0.00327376363485342
"chr2-0921",-0.299319436795147
"chr2-0922",0.050414707348507
"chr2-0923",-0.197225175931854
"chr2-0924",0.021306309736017
"chr2-0925",-0.0241853823345896
"chr2-0926",0.0687799121218566
"chr2-0927",0.238504231398143
"chr2-0928",0.0790193324015243
"chr2-0929",-0.337703329934738
"chr2-0930",-0.188982220716429
"chr2-0931",-0.175181302969171
"chr2-0932",-0.18032536024505
"chr2-0933",0.0226134174186433
"chr2-0934",0.127417829366541
"chr2-0935",-0.164198820060981
"chr2-0936",0.277089136547292
"chr2-0937",-0.00358449252247883
"chr2-0938",-0.225353121972866
"chr2-0939",-0.315791448072515
"chr2-0940",0.294637346002153
"chr2-0941",0.167442270568961
"chr2-0942",-0.0191714637058235
"chr2-0943",0.0116332184662983
"chr2-0944",0.19115007533233
"chr2-0945",-0.37356436778351
"chr2-0946",-0.252460649887343
"chr2-0947",-0.239658466611334
"chr2-0948",-0.0548630995552652
"chr2-0949",-0.571435385784745
"chr2-0950",-0.139545207285745
"chr2-0951",-0.0968735661475136
"chr2-0952",-0.214077052778484
"chr2-0953",-0.107493192544502
"chr2-0954",-0.15928144517966
"chr2-0955",0.0599152638333359
"chr2-0956",0.0793325897667564
"chr2-0957",-0.393838241193791
"chr2-0958",-0.317035447878939
"chr2-0959",-0.0153478940924372
"chr2-0960",-0.112716256095149
"chr2-0961",-0.0389208761086726
"chr2-0962",0.08114053579104
"chr2-0963",-0.148286435236552
"chr2-0964",0.125568097836658
"chr2-0965",-0.317768450822226
"chr2-0966",-0.229087005936877
"chr2-0967",0.24236062601722
"chr2-0968",0.110613572736067
"chr2-0969",-0.0693115147989441
"chr2-0970",-0.0687877285463056
"chr2-0971",0.000258783055999056
"chr2-0972",0.108802219718684
"chr2-0973",0.0268580730920165
"chr2-0974",-0.0523679577446176
"chr2-0975",-0.310588607398203
"chr2-0976",-0.201679228324707
"chr2-0977",0.0949501501663815
"chr2-0978",-0.411091468373728
"chr2-0979",0.288493183761041
"chr2-0980",0.150064191682683
"chr2-0981",0.103883348991831
"chr2-0982",-0.577487482631784
"chr2-0983",-0.357932764069136
"chr2-0984",0.0202945264235241
"chr2-0985",-0.197470562660015
"chr2-0986",0.296942387033614
"chr2-0987",-0.0309140946469302
"chr2-0988",0.0888938905303695
"chr2-0989",0.17266740395126
"chr2-0990",0.157707768116316
"chr2-0991",-0.238902973187239
"chr2-0992",-0.0476817461562852
"chr2-0993",-0.0362550591351971
"chr2-0994",0.024886855499125
"chr2-0995",0.0219860171029553
"chr2-0996",-0.154846230601702
"chr2-0997",-0.14159470826397
"chr2-0998",0.228647365275016
"chr2-0999",-0.0702806151187623
"chr2-1000",-0.110722444603232
"chr2-1001",0.0240709216009079
"chr2-1002",0.0502625561890223
"chr2-1003",-0.16085087423663
"chr2-1004",-0.271031987216105
"chr2-1005",-0.322704027026612
"chr2-1006",0.0896873345812914
"chr2-1007",-0.111089003235741
"chr2-1008",-0.0323305402906206
"chr2-1009",0.29307455608411
"chr2-1010",0.0890539268013535
"chr2-1011",-0.0588855221606818
"chr2-1012",0.203790779748596
"chr2-1013",-0.242930983988863
"chr2-1014",-0.0410658694835404
"chr2-1015",-0.0980358970812333
"chr2-1016",0.0242280559986001
"chr2-1017",-0.106359199376537
"chr2-1018",0.0379440235527253
"chr2-1019",-0.0788264405605601
"chr2-1020",-0.485880951745775
"chr2-1021",0.381457787115296
"chr2-1022",0.119968080623579
"chr2-1023",0.0573546686819133
"chr2-1024",-0.512809791626229
"chr2-1025",0.0784443754078528
"chr2-1026",-0.219985126968909
"chr2-1027",0.0527938005213157
"chr2-1028",-0.395358199639847
"chr2-1029",-0.180748241537324
"chr2-1030",-0.164955769118973
"chr2-1031",-0.13143965153701
"chr2-1032",0.491881179727864
"chr2-1033",0.0474564367484814
"chr2-1034",-0.288995428029334
"chr2-1035",-0.130277380922563
"chr2-1036",-0.182775575040851
"chr2-1037",-0.42826278401741
"chr2-1038",-0.273638135849204
"chr2-1039",-0.290683085812944
"chr2-1040",0.338321997392174
"chr2-1041",-0.217993613412508
"chr2-1042",-0.368636197213061
"chr2-1043",-0.080448110104887
"chr2-1044",-0.136463519817707
"chr2-1045",-0.254363199045787
"chr2-1046",0.00434645392465117
"chr2-1047",-0.228224432160299
"chr2-1048",-0.0980865435393126
"chr2-1049",0.038165015372451
"chr2-1050",0.541211351034789
"chr2-1051",0.41450030175812
"chr2-1052",0.0232767020479413
"chr2-1053",-0.136209944273689
"chr2-1054",0.301187206260256
"chr2-1055",-0.148147098006277
"chr2-1056",-0.307921208967149
"chr2-1057",-0.0854325311941945
"chr2-1058",0.118936163426572
"chr2-1059",0.216875478570058
"chr2-1060",0.220218622716863
"chr2-1061",0.207542960847628
"chr2-1062",0.0162574917750141
"chr2-1063",0.20092014522557
"chr2-1064",0.100677841515056
"chr2-1065",-0.0984488428420348
"chr2-1066",-0.124469715063409
"chr2-1067",-0.256222358196392
"chr2-1068",0.594224452473645
"chr2-1069",0.517745376037301
"chr2-1070",-0.184000565940946
"chr2-1071",0.860024935251835
"chr2-1072",-0.107497490216419
"chr2-1073",0.0821678835928373
"chr2-1074",0.160454822111355
"chr2-1075",-0.0793188850760397
"chr2-1076",-0.121321734964284
"chr2-1077",-0.319269710697196
"chr2-1078",-0.0732484266585878
"chr2-1079",-0.00435695981956286
"chr2-1080",-0.217830396151207
"chr2-1081",0.0629583733441858
"chr2-1082",-0.391744138665246
"chr2-1083",-0.117418110345107
"chr2-1084",-0.0225078049052667
"chr2-1085",0.32827354880638
"chr2-1086",0.144927249161867
"chr2-1087",0.136450823892854
"chr2-1088",-0.144483796015268
"chr2-1089",0.0311521133417287
"chr2-1090",-0.0220472578347737
"chr2-1091",-0.0493151137578151
"chr2-1092",-0.122940816084474
"chr2-1093",-0.239339090521291
"chr2-1094",-0.0571956720495999
"chr2-1095",-0.0614091324781229
"chr2-1096",0.118482550686548
"chr2-1097",0.0334396997334094
"chr2-1098",0.518793388110684
"chr2-1099",0.117556912371773
"chr2-1100",-0.0242210720847213
"chr2-1101",0.111229841703856
"chr2-1102",0.29205954485094
"chr2-1103",0.485148660101495
"chr2-1104",0.0729586331342353
"chr2-1105",0.148314797216452
"chr2-1106",0.0848153126135588
"chr2-1107",-0.303567774103945
"chr2-1108",-0.0214407829183097
"chr2-1109",-0.329607420837117
"chr2-1110",-0.0504499933715483
"chr2-1111",0.149025468171669
"chr2-1112",0.0201031187408495
"chr2-1113",-0.0344655080427839
"chr2-1114",-0.339041536188693
"chr2-1115",-0.31600732619353
"chr2-1116",-0.0845651053528549
"chr2-1117",0.156333455675245
"chr2-1118",0.463325740224542
"chr2-1119",-0.434222064432721
"chr2-1120",0.0843242639089669
"chr2-1121",0.0535310455457226
"chr2-1122",-0.359861497701206
"chr2-1123",-0.415643839277243
"chr2-1124",-0.454218330535591
"chr2-1125",-0.198985097643298
"chr2-1126",-0.468512239791517
"chr2-1127",-0.268552103553717
"chr2-1128",-0.353504868739969
"chr2-1129",-0.257984610092927
"chr2-1130",-0.0964342094189636
"chr2-1131",0.119586715158431
"chr2-1132",0.122961041196235
"chr2-1133",0.127690032453728
"chr2-1134",-0.195517168588436
"chr2-1135",0.564200946612028
"chr2-1136",-0.266121138510296
"chr2-1137",0.0925796010435018
"chr2-1138",-0.0660004827662105
"chr2-1139",0.214333815197061
"chr2-1140",0.175195479053273
"chr2-1141",0.19541318662844
"chr2-1142",0.305610795889356
"chr2-1143",-0.0275969261668619
"chr2-1144",0.135065360299806
"chr2-1145",0.333554043887079
"chr2-1146",0.064710979448195
"chr2-1147",0.139277483591281
"chr2-1148",-0.109068136998046
"chr2-1149",0.0361754314530824
"chr2-1150",0.329817111632904
"chr2-1151",0.132350635060945
"chr2-1152",0.344102168781032
"chr2-1153",-0.0488004500345304
"chr2-1154",0.156577616530679
"chr2-1155",0.0315216939626245
"chr2-1156",-0.246977232377105
"chr2-1157",-0.0885100805276443
"chr2-1158",0.088232165918196
"chr2-1159",0.250767445069228
"chr2-1160",0.244089248454759
"chr2-1161",0.0743901802793338
"chr2-1162",0.0131073804934381
"chr2-1163",-0.33121788928907
"chr2-1164",-0.305576718931774
"chr2-1165",-0.00752301285706266
"chr2-1166",-0.0171537286438596
"chr2-1167",0.0751927045406542
"chr2-1168",-0.422711891712121
"chr2-1169",-0.226708388963825
"chr2-1170",-0.268208133593041
"chr2-1171",-0.538711220323629
"chr2-1172",0.074467788341634
"chr2-1173",-0.406931426974305
"chr2-1174",-0.331986367351329
"chr2-1175",-0.113906600157402
"chr2-1176",0.0447874409351447
"chr2-1177",-0.426096741148511
"chr2-1178",-0.302860165973701
"chr2-1179",-0.523210580069647
"chr2-1180",-0.631429666989235
"chr2-1181",-0.188845668758857
"chr2-1182",-0.32477413131204
"chr2-1183",-0.319985051490987
"chr2-1184",-0.232577007138416
"chr2-1185",-0.551160256008019
"chr2-1186",-0.0723067077071826
"chr2-1187",0.0153103642741734
"chr2-1188",0.0844813862836545
"chr2-1189",-0.0192021998267802
"chr2-1190",-0.245444824241407
"chr2-1191",-0.0404335163309657
"chr2-1192",-0.127040474275858
"chr2-1193",-0.269457104462086
"chr2-1194",-0.243090730771093
"chr2-1195",-0.127718126505453
"chr2-1196",-0.19368361123913
"chr2-1197",-0.0421979468232498
"chr2-1198",-0.273066524549115
"chr2-1199",0.0233132415389756
"chr2-1200",-0.0375539139989206
"chr2-1201",-0.436377673760363
"chr2-1202",-0.38231060459838
"chr2-1203",-0.39036854311213
"chr2-1204",-0.076560240827442
"chr2-1205",-0.145256438478917
"chr2-1206",0.0919626965445301
"chr2-1207",-0.313777320175157
"chr2-1208",-0.446260636847459
"chr2-1209",-0.0527643472268211
"chr2-1210",-0.110663904879455
"chr2-1211",-0.0762554233189525
"chr2-1212",-0.166081052739066
"chr2-1213",0.0632074682101827
"chr2-1214",0.126237346914429
"chr2-1215",0.254739655312939
"chr2-1216",-0.188248613796229
"chr2-1217",-0.133708539171787
"chr2-1218",0.10954919433888
"chr2-1219",0.175694920689022
"chr2-1220",-0.0539038078129416
"chr2-1221",-0.198659424887137
"chr2-1222",0.142213138486301
"chr2-1223",-0.144218544628503
"chr2-1224",-0.215832044289821
"chr2-1225",-0.192216105397114
"chr2-1226",-0.0712745812655973
"chr2-1227",0.0898547990835773
"chr2-1228",-0.205831108403862
"chr2-1229",-0.0873819505102808
"chr2-1230",-0.201155747972412
"chr2-1231",-0.109776719717965
"chr2-1232",0.0534774590467489
"chr2-1233",0.114106972209375
"chr2-1234",0.0871937358581958
"chr2-1235",0.194442952273924
"chr2-1236",-0.0679990809851071
"chr2-1237",0.41698609268029
"chr2-1238",0.0380957810543451
"chr2-1239",0.207673522476032
"chr2-1240",-0.132028231712755
"chr2-1241",-0.291501656947329
"chr2-1242",-0.149918207204009
"chr2-1243",-0.292253894041263
"chr2-1244",-0.174491335976769
"chr2-1245",-0.156784537874753
"chr2-1246",0.659887084976512
"chr2-1247",-0.0216255696326587
"chr2-1248",-0.0194836618942737
"chr2-1249",-0.510768750290555
"chr2-1250",-0.377019884577866
"chr2-1251",-0.03355137895036
"chr2-1252",-0.0646396274586874
"chr2-1253",-0.385696507385893
"chr2-1254",-0.429817842971087
"chr2-1255",-0.0483083904936799
"chr2-1256",0.103801002849794
"chr2-1257",-0.143598136264001
"chr2-1258",-0.0843633979433415
"chr2-1259",0.0790111266228413
"chr2-1260",0.124274615377417
"chr2-1261",-0.203322856079982
"chr2-1262",-0.0151326251500048
"chr2-1263",-0.0651130248353326
"chr2-1264",-0.206051580562534
"chr2-1265",-0.247628533146107
"chr2-1266",-0.119061092705382
"chr2-1267",-0.0256000180256249
"chr2-1268",-0.0450130250646403
"chr2-1269",-0.124199222080564
"chr2-1270",0.115854751736479
"chr2-1271",0.00498260454723551
"chr2-1272",0.080370688216569
"chr2-1273",-0.00440885697146318
"chr2-1274",-0.239173548335306
"chr2-1275",-0.146830946326559
"chr2-1276",0.0134704873291282
"chr2-1277",-0.133718508598898
"chr2-1278",0.214096569799379
"chr2-1279",-0.257580273832801
"chr2-1280",-0.262034308387449
"chr2-1281",-0.194340456498276
"chr2-1282",-0.0804417045865687
"chr2-1283",-0.0458519566249085
"chr2-1284",-0.235547703695078
"chr2-1285",-0.243494866732119
"chr2-1286",-0.0779043973732577
"chr2-1287",-0.487859710996011
"chr2-1288",-0.330723921893264
"chr2-1289",0.0752214876164529
"chr2-1290",0.0972446428422549
"chr2-1291",-0.180658035750431
"chr2-1292",-0.0217879220115112
"chr2-1293",-0.0946647504376757
"chr2-1294",0.162507039932728
"chr2-1295",0.131972109078121
"chr2-1296",0.0333472116149055
"chr2-1297",0.336216354332971
"chr2-1298",0.235306434010712
"chr2-1299",0.139076930030926
"chr2-1300",0.091510400972086
"chr2-1301",-0.318980692403467
"chr2-1302",-0.13773706408647
"chr2-1303",-0.132153816428797
"chr2-1304",0.0208611519427842
"chr2-1305",-0.275166288605802
"chr2-1306",-0.407660378521747
"chr2-1307",-0.0516083322545696
"chr2-1308",-0.139480558870795
"chr2-1309",-0.188829209775266
"chr2-1310",0.104807582222858
"chr2-1311",-0.135360165899672
"chr2-1312",-0.170393488012006
"chr2-1313",-0.216156994228829
"chr2-1314",0.112297369417025
"chr2-1315",-0.178557338813957
"chr2-1316",-0.0626964325086079
"chr2-1317",-0.0694905513483965
"chr2-1318",0.145534768968404
"chr2-1319",0.0901380899675374
"chr2-1320",-0.0149141980061765
"chr2-1321",0.0394389648271637
"chr2-1322",-0.360857036155891
"chr2-1323",-0.165301412625036
"chr2-1324",-0.0808298689317573
"chr2-1325",0.248142065600886
"chr2-1326",-0.012479989376187
"chr2-1327",0.34269764806382
"chr2-1328",0.336283187894137
"chr2-1329",0.0420642816498215
"chr2-1330",0.0886070426025076
"chr2-1331",-0.101163340524318
"chr2-1332",-0.128154983435655
"chr2-1333",0.092390834088416
"chr2-1334",-0.303312437647322
"chr2-1335",0.197127828616439
"chr2-1336",0.100636121998918
"chr2-1337",-0.184996730792679
"chr2-1338",-0.124058244104926
"chr2-1339",-0.183629217769743
"chr2-1340",-0.0413563548333854
"chr2-1341",0.0103025654698803
"chr2-1342",0.011568359809033
"chr2-1343",0.0391974372214846
"chr2-1344",0.279363653391453
"chr2-1345",-0.0907419158255279
"chr2-1346",-0.0409113401065091
"chr2-1347",0.0283353168056885
"chr2-1348",0.0615214052299115
"chr2-1349",0.0620763751775945
"chr2-1350",-0.150617297986949
"chr2-1351",-0.150079761794547
"chr2-1352",0.0177201395535329
"chr2-1353",0.297104160531145
"chr2-1354",0.245805843052462
"chr2-1355",0.156599214805805
"chr2-1356",-0.202204525654014
"chr2-1357",-0.33965525220742
"chr20-0001",-0.330302573976152
"chr20-0002",0.153409766431181
"chr20-0003",0.0937978162439666
"chr20-0004",-0.0589601018539573
"chr20-0005",-0.328957640532187
"chr20-0006",-0.244843006843269
"chr20-0007",-0.0131287641607697
"chr20-0008",0.0925028732719223
"chr20-0009",-0.26768971785889
"chr20-0010",-0.234642405921645
"chr20-0011",-0.125175601882446
"chr20-0012",-0.0421208441326581
"chr20-0013",-0.232253263365896
"chr20-0014",-0.416960125024298
"chr20-0015",-0.461111949222258
"chr20-0016",-0.60547060740945
"chr20-0017",-0.392567792089935
"chr20-0018",-0.333232918037574
"chr20-0019",-0.319879744589734
"chr20-0020",-0.326821939404099
"chr20-0021",-0.295258323751702
"chr20-0022",-0.594760158195166
"chr20-0023",-0.138560529036866
"chr20-0024",-0.315611876821451
"chr20-0025",-0.127518951268348
"chr20-0026",-0.189854307438165
"chr20-0027",-0.222381963217994
"chr20-0028",0.13509220609138
"chr20-0029",0.11976792835427
"chr20-0030",0.0755037321146695
"chr20-0031",-0.0918554539783608
"chr20-0032",-0.0702531527119191
"chr20-0033",-0.0683638462747456
"chr20-0034",0.0547517834878332
"chr20-0035",-0.171642497087055
"chr20-0036",-0.106495725584618
"chr20-0037",-0.176597387808104
"chr20-0038",-0.112960362800014
"chr20-0039",-0.115089714825851
"chr20-0040",-0.551603431188773
"chr20-0041",-0.0784871776994597
"chr20-0042",0.242116104782235
"chr20-0043",0.0534352442806472
"chr20-0044",-0.0879611014429199
"chr20-0045",-0.403756182525666
"chr20-0046",-0.472660195875072
"chr20-0047",-0.0272552389185385
"chr20-0048",0.145345240414404
"chr20-0049",0.165503589108263
"chr20-0050",-0.395505502247339
"chr20-0051",-0.260731359265974
"chr20-0052",0.00777166950107469
"chr20-0053",-0.238328272720653
"chr20-0054",-0.439319064890214
"chr20-0055",-0.215637071852319
"chr20-0056",-0.124430420019764
"chr20-0057",-0.123324112522076
"chr20-0058",-0.212321291444465
"chr20-0059",-0.0988227769224293
"chr20-0060",-0.0532105227875771
"chr20-0061",0.0693953150722828
"chr20-0062",-0.211207758033118
"chr20-0063",-0.0375678547644061
"chr20-0064",-0.309028826367159
"chr20-0065",-0.347239833415246
"chr20-0066",-0.291815856626238
"chr20-0067",-0.299258992448966
"chr20-0068",-0.115713115957378
"chr20-0069",-0.238204192807026
"chr20-0070",-0.188769608853643
"chr20-0071",0.105998222815909
"chr20-0072",-0.270702420000951
"chr20-0073",-0.38459028637288
"chr20-0074",-0.349906783731502
"chr20-0075",-0.127866330553953
"chr20-0076",-0.131973961715085
"chr20-0077",0.0343935489970525
"chr20-0078",-0.249362849877825
"chr20-0079",-0.396158411807122
"chr20-0080",-0.343789961196602
"chr20-0081",-0.038279279314011
"chr20-0082",-0.274200907153276
"chr20-0083",-0.0894970232273967
"chr20-0084",-0.164062616962756
"chr20-0085",0.0174417486450035
"chr20-0086",-0.14017077219318
"chr20-0087",-0.204859675954151
"chr20-0088",-0.19866790035828
"chr20-0089",-0.337600262284925
"chr20-0090",-0.0608314646085419
"chr20-0091",-0.0290946465337128
"chr20-0092",-0.233510559889671
"chr20-0093",-0.166692558163986
"chr20-0094",-0.351442355751817
"chr20-0095",-0.259647204286814
"chr20-0096",-0.242406005683112
"chr20-0097",-0.292598927023047
"chr20-0098",-0.540707489873814
"chr20-0099",-0.222872280479515
"chr20-0100",-0.347964731288689
"chr20-0101",-0.101208268742168
"chr20-0102",-0.152804944149637
"chr20-0103",-0.160038104468216
"chr20-0104",-0.198427644691427
"chr20-0105",-0.353703354152607
"chr20-0106",-0.177725467807852
"chr20-0107",-0.562691503450254
"chr20-0108",-0.292887072316292
"chr20-0109",-0.496566139773673
"chr20-0110",-0.56484662922456
"chr20-0111",-0.00343018369368262
"chr20-0112",-0.280519104454096
"chr20-0113",-0.203069217668709
"chr20-0114",-0.213629535279499
"chr20-0115",-0.0915124811337435
"chr20-0116",-0.443260343570239
"chr20-0117",0.0399828025370992
"chr20-0118",-0.00780408597286228
"chr20-0119",-0.414498204188642
"chr20-0120",-0.587899805537512
"chr20-0121",-0.065372580882158
"chr20-0122",0.153509553910456
"chr20-0123",-0.181482132777245
"chr20-0124",-0.0391602510761149
"chr20-0125",-0.310244779997832
"chr20-0126",-0.255341594128223
"chr20-0127",-0.399160563434295
"chr20-0128",-0.281808532703668
"chr20-0129",-0.232265106972768
"chr20-0130",-0.203513017807741
"chr20-0131",-0.225806548524333
"chr20-0132",-0.447235160434884
"chr20-0133",-0.290935747937259
"chr20-0134",-0.0443367560539009
"chr20-0135",-0.117112618835567
"chr20-0136",-0.289376014570821
"chr20-0137",-0.0118299521637263
"chr20-0138",-0.121432702331424
"chr20-0139",-0.519543807665271
"chr20-0140",-0.316006358050106
"chr20-0141",-0.145438407421365
"chr20-0142",-0.185211444999875
"chr20-0143",0.0414076850592878
"chr20-0144",-0.168259787226274
"chr20-0145",-0.0371781208961975
"chr20-0146",-0.0666871281604853
"chr20-0147",-0.272074535531471
"chr20-0148",-0.0178609790899755
"chr20-0149",-0.0733701080143359
"chr20-0150",-0.169117532106644
"chr20-0151",0.198844966364487
"chr20-0152",-0.364536136852314
"chr20-0153",-0.341338933249101
"chr20-0154",-0.149326810184824
"chr20-0155",0.122235259338892
"chr20-0156",-0.223648941527347
"chr20-0157",-0.0992202686300299
"chr20-0158",-0.264144437303741
"chr20-0159",-0.252331549525583
"chr20-0160",-0.161084636330353
"chr20-0161",-0.0145861282156448
"chr20-0162",-0.287306543165516
"chr20-0163",-0.110809379938938
"chr20-0164",-0.175466265565601
"chr20-0165",-0.473197219301947
"chr20-0166",0.0151852500193395
"chr20-0167",-0.155845757574277
"chr20-0168",-0.253864929452154
"chr20-0169",-0.469660333210534
"chr20-0170",-0.472024630381361
"chr20-0171",-0.49641225396674
"chr20-0172",-0.38019613509031
"chr20-0173",-0.173228972560001
"chr20-0174",0.339399463381541
"chr20-0175",0.017245554335314
"chr20-0176",-0.124929802961312
"chr20-0177",0.0159062928519411
"chr20-0178",-0.318861391763291
"chr20-0179",-0.402302131851258
"chr20-0180",-0.00554806062098498
"chr20-0181",0.067129257177917
"chr20-0182",-0.200952301626189
"chr20-0183",0.180968132866489
"chr20-0184",-0.290013538248858
"chr20-0185",0.213447806552985
"chr20-0186",-0.125346125913541
"chr20-0187",-0.0654217665089342
"chr20-0188",-0.30473375646512
"chr20-0189",-0.086145108672331
"chr20-0190",-0.154735114291734
"chr20-0191",-0.148851492643287
"chr20-0192",-0.425821394535323
"chr20-0193",0.00769636645595591
"chr20-0194",-0.0443316462627942
"chr20-0195",-0.179852988248705
"chr20-0196",-0.137348012458932
"chr20-0197",0.084050497580517
"chr20-0198",-0.171634684530082
"chr20-0199",-0.192681243431126
"chr20-0200",-0.289210494685252
"chr20-0201",-0.286637843278765
"chr20-0202",-0.289914763853631
"chr20-0203",-0.0344472330829036
"chr20-0204",-0.0451427238693878
"chr20-0205",-0.348558255261129
"chr20-0206",-0.332801107458273
"chr20-0207",-0.0121953449252444
"chr20-0208",-0.138604314266638
"chr20-0209",-0.0313805710309674
"chr20-0210",-0.0194579874312448
"chr20-0211",-0.326884827986824
"chr20-0212",-0.262483352875331
"chr20-0213",-0.100035764140376
"chr20-0214",-0.0617609209430804
"chr20-0215",-0.532457207890517
"chr20-0216",-0.0964106540786053
"chr20-0217",-0.327028045697265
"chr20-0218",-0.271317619960194
"chr20-0219",-0.014906276926286
"chr20-0220",-0.446021190480353
"chr20-0221",-0.360753824496349
"chr20-0222",-0.411992359981976
"chr20-0223",-0.226560021123994
"chr20-0224",-0.477910717605738
"chr20-0225",-0.387923070232852
"chr20-0226",-0.160052123174673
"chr20-0227",-0.25180966424697
"chr20-0228",-0.156570502065645
"chr20-0229",-0.248417059080638
"chr20-0230",-0.374267284394701
"chr20-0231",-0.366796536358703
"chr20-0232",-0.611250622941883
"chr20-0233",-0.370596741009795
"chr20-0234",-0.485051800348392
"chr20-0235",-0.116259156037937
"chr20-0236",-0.0849610582937795
"chr20-0237",0.190629376192929
"chr20-0238",-0.168664961360691
"chr20-0239",-0.0398726353941549
"chr20-0240",-0.334524990328504
"chr20-0241",-0.173782009549968
"chr20-0242",-0.0897709986202485
"chr20-0243",-0.571573460427631
"chr20-0244",-0.22741321121817
"chr20-0245",-0.149275211756974
"chr20-0246",-0.236245011277342
"chr20-0247",-0.0335461425974344
"chr20-0248",-0.294358107868829
"chr20-0249",-0.0920125157097695
"chr20-0250",-0.423295907762653
"chr20-0251",-0.25550154045616
"chr20-0252",-0.384310797167815
"chr20-0253",-0.0582184516854686
"chr20-0254",-0.216725500676131
"chr20-0255",-0.17178329662435
"chr20-0256",-0.324772091800876
"chr20-0257",-0.319807726549168
"chr20-0258",-0.0418934706360297
"chr20-0259",-0.229073316534101
"chr20-0260",-0.124595688926595
"chr20-0261",-0.172661247211235
"chr20-0262",0.0252294191414293
"chr20-0263",-0.0350458194658329
"chr20-0264",-0.151233548090255
"chr20-0265",-0.555731758970665
"chr20-0266",-0.349329296416806
"chr20-0267",-0.159526155540106
"chr20-0268",-0.202625228839507
"chr20-0269",-0.207565190533671
"chr20-0270",-0.350691966556836
"chr20-0271",-0.190196219214208
"chr20-0272",-0.260424546136172
"chr20-0273",-0.203939971007999
"chr20-0274",-0.3882239363653
"chr20-0275",-0.32661393100122
"chr20-0276",-0.326605848067877
"chr20-0277",-0.251610502389019
"chr20-0278",-0.130772558222633
"chr20-0279",-0.257715141944323
"chr20-0280",-0.195885903140566
"chr20-0281",-0.00141168451735466
"chr20-0282",-0.0865166769193164
"chr20-0283",0.0139683455998321
"chr20-0284",0.205611360991222
"chr20-0285",-0.0164088494188047
"chr20-0286",-0.143144164433245
"chr20-0287",-0.104509894559008
"chr20-0288",-0.2144185167886
"chr20-0289",-0.448021147616868
"chr20-0290",-0.290868149783651
"chr20-0291",-0.300439573213723
"chr20-0292",-0.189497086745541
"chr20-0293",-0.129991898913227
"chr20-0294",-0.0939721737826523
"chr20-0295",-0.0832949789824964
"chr20-0296",-0.455197467201263
"chr20-0297",-0.220293398723723
"chr20-0298",0.0325374233331371
"chr20-0299",-0.0529687406148616
"chr20-0300",0.199487454502537
"chr20-0301",0.0160726754627047
"chr20-0302",-0.208231329961504
"chr20-0303",-0.379974174516059
"chr20-0304",-0.344562673420251
"chr20-0305",-0.157139113473738
"chr20-0306",-0.0756857964126085
"chr20-0307",-0.133878645129512
"chr20-0308",-0.00759127044261779
"chr20-0309",0.0254417664983937
"chr20-0310",-0.113503051584892
"chr20-0311",-0.359182347047464
"chr20-0312",-0.145396059456269
"chr20-0313",-0.0681434364103603
"chr20-0314",-0.118039937111236
"chr20-0315",-0.191914256744048
"chr20-0316",-0.252657988913035
"chr20-0317",-0.0365575182013971
"chr20-0318",-0.183216389922174
"chr20-0319",-0.176516610380789
"chr20-0320",-0.744207065671029
"chr20-0321",-0.449228947938118
"chr20-0322",-0.162692859996911
"chr20-0323",-0.100431620259936
"chr20-0324",0.178642127290404
"chr20-0325",0.0935073695442531
"chr20-0326",0.206067205325919
"chr20-0327",-0.282625133577587
"chr20-0328",0.409248229076952
"chr20-0329",0.104388144642714
"chr20-0330",-0.804306445445328
"chr20-0331",-0.733112032365955
"chr20-0332",0.0378857684943846
"chr20-0333",-0.0448461350753561
"chr20-0334",0.157978351348229
"chr20-0335",-0.128287901924304
"chr20-0336",0.239780720811043
"chr20-0337",0.411053820428833
"chr20-0338",-0.0152051929411255
"chr20-0339",0.00900049663565435
"chr20-0340",-0.25883893171919
"chr20-0341",-0.0305955234825816
"chr20-0342",-0.101916137530965
"chr20-0343",-0.277718750101599
"chr20-0344",-0.126425085320905
"chr20-0345",-0.146876571684665
"chr20-0346",-0.111912285463427
"chr20-0347",-0.49565504973009
"chr20-0348",-0.160606264280384
"chr20-0349",0.116411971490289
"chr20-0350",0.104779692683908
"chr20-0351",-0.117979964381804
"chr20-0352",-0.198046622008857
"chr20-0353",-0.372232339134825
"chr20-0354",-0.285423811654828
"chr20-0355",-0.376063824404388
"chr20-0356",-0.307291442113009
"chr20-0357",-0.151491419767129
"chr20-0358",0.0126874665472395
"chr20-0359",-0.191334210423349
"chr20-0360",-0.539098861290058
"chr20-0361",-0.0849585346172676
"chr20-0362",-0.327104545465605
"chr20-0363",-0.313255999347798
"chr20-0364",-0.526023883355347
"chr20-0365",-0.39828283955678
"chr20-0366",-0.172615775088438
"chr20-0367",-0.307600945198584
"chr20-0368",-0.0798132165311281
"chr20-0369",0.0636738430573709
"chr20-0370",-0.263474274647008
"chr20-0371",-0.0630320167643622
"chr20-0372",-0.0926988638412178
"chr20-0373",0.15907756668161
"chr20-0374",0.138173506140779
"chr20-0375",-0.103643689082541
"chr20-0376",-0.39508363906281
"chr20-0377",-0.328056239920235
"chr20-0378",-0.490417546730284
"chr20-0379",-0.472500931688682
"chr20-0380",-0.147008508741431
"chr20-0381",-0.291478067317574
"chr20-0382",-0.358156356658318
"chr20-0383",-0.00193811110655161
"chr20-0384",-0.10079669194954
"chr20-0385",-0.292624309574984
"chr20-0386",-0.426939021091559
"chr20-0387",-0.191802379888262
"chr20-0388",-0.195951945032734
"chr20-0389",-0.320677364035581
"chr20-0390",-0.540782784020547
"chr20-0391",-0.0412813759746555
"chr20-0392",-0.197832562373557
"chr20-0393",-0.487315860356771
"chr20-0394",-0.096018545588853
"chr20-0395",-0.302450937006766
"chr20-0396",-0.134096468396561
"chr20-0397",0.0603750152401737
"chr20-0398",0.284741899964755
"chr20-0399",0.135190073608301
"chr20-0400",0.0547346299544896
"chr20-0401",0.0479961167060658
"chr20-0402",0.0894013968558778
"chr20-0403",0.0807695496954095
"chr20-0404",-0.305170473101637
"chr20-0405",-0.00557194090292194
"chr20-0406",-0.121733480728709
"chr20-0407",0.0582357836248858
"chr20-0408",0.0508918866467963
"chr20-0409",-0.192033625559803
"chr20-0410",-0.0196150360073343
"chr20-0411",-0.0290010567981057
"chr20-0412",-0.025833858031355
"chr20-0413",0.00511887104495815
"chr20-0414",-0.0222711179809619
"chr20-0415",0.023378435453604
"chr20-0416",0.0870783421039663
"chr20-0417",0.101345360168934
"chr20-0418",0.145290444786047
"chr20-0419",-0.0198700322011895
"chr20-0420",-0.34625122414548
"chr20-0421",-0.0607818462160157
"chr21-0001",0.100402140748786
"chr21-0002",0.132827870441821
"chr21-0003",0.0110687777963495
"chr21-0004",0.228206541523009
"chr21-0005",0.144528344319699
"chr21-0006",0.122585996366182
"chr21-0007",0.258310229555311
"chr21-0008",-0.131288502088671
"chr21-0009",0.0192521674360711
"chr21-0010",0.363775388970753
"chr21-0011",0.150267911465132
"chr21-0012",0.461124516479059
"chr21-0013",0.428029130648073
"chr21-0014",0.276261621294789
"chr21-0015",-0.26497210560866
"chr21-0016",0.23127600950111
"chr21-0017",-0.0134953702052122
"chr21-0018",-0.0426713335235214
"chr21-0019",-0.0476049651027578
"chr21-0020",-0.278622455303863
"chr21-0021",-0.134568057903663
"chr21-0022",-0.0258822601753661
"chr21-0023",0.705229656006799
"chr21-0024",0.158632335746548
"chr21-0025",-0.14863004113563
"chr21-0026",-0.0308174551056669
"chr21-0027",-0.262646671642609
"chr21-0028",-0.136419431705931
"chr21-0029",0.0832244785990901
"chr21-0030",-0.172452346407102
"chr21-0031",-0.00639232451159785
"chr21-0032",0.195668356593536
"chr21-0033",0.616910995135344
"chr21-0034",0.407688038080289
"chr21-0035",-0.0821617147469068
"chr21-0036",0.449400908574591
"chr21-0037",0.11903333123199
"chr21-0038",0.226507220203181
"chr21-0039",-0.119679286277028
"chr21-0040",-0.186447217962484
"chr21-0041",-0.0516646877803552
"chr21-0042",0.0847827294874326
"chr21-0043",-0.343633081145656
"chr21-0044",0.30599127525671
"chr21-0045",0.236906193517091
"chr21-0046",0.134930200010172
"chr21-0047",0.0963978046988572
"chr21-0048",0.267965861322105
"chr21-0049",-0.0705188667920144
"chr21-0050",-0.260549337374614
"chr21-0051",0.4206349216894
"chr21-0052",-0.136936773592153
"chr21-0053",-0.144947186486652
"chr21-0054",0.0460044891213317
"chr21-0055",-0.126027258552102
"chr21-0056",-0.257687341256318
"chr21-0057",0.124585774178929
"chr21-0058",-0.39455393532465
"chr21-0059",-0.300819344604734
"chr21-0060",0.0673381885689296
"chr21-0061",-0.0907032979812631
"chr21-0062",0.446497189734757
"chr21-0063",0.532326109312784
"chr21-0064",-0.403663773964486
"chr21-0065",0.00157525623202301
"chr21-0066",0.337486439766496
"chr21-0067",-0.0469917605426036
"chr21-0068",0.0110534209722406
"chr21-0069",0.0293402552405886
"chr21-0070",0.0119622572914193
"chr21-0071",-0.101763307656551
"chr21-0072",-0.17473831484946
"chr21-0073",-0.0538570931323788
"chr21-0074",-0.142923101313482
"chr21-0075",-0.0963538284833899
"chr21-0076",-0.120436015257296
"chr21-0077",-0.0289253884927227
"chr21-0078",-0.136184937450835
"chr21-0079",0.0616045342680572
"chr21-0080",-0.427884695465341
"chr21-0081",0.11317570774121
"chr21-0082",-0.269966288059263
"chr21-0083",-0.266322198430117
"chr21-0084",-0.210413670884514
"chr21-0085",-0.108958169673844
"chr21-0086",0.00650335443625379
"chr21-0087",0.0797979973527644
"chr21-0088",0.250304513390371
"chr21-0089",0.639624563485562
"chr21-0090",-0.284703072939516
"chr21-0091",-0.348547809608629
"chr21-0092",-0.0479783848115777
"chr21-0093",-0.0348114073017473
"chr21-0094",-0.283030503634241
"chr21-0095",-0.139824619425604
"chr21-0096",0.10884570649257
"chr21-0097",0.154926357088148
"chr21-0098",-0.204830460808898
"chr21-0099",-0.115746434178452
"chr21-0100",-0.193909568177338
"chr21-0101",-0.107396920169059
"chr21-0102",-0.279425570487075
"chr21-0103",-0.331002427595832
"chr21-0104",-0.306964350663472
"chr21-0105",-0.13977153471729
"chr21-0106",0.123222470049153
"chr21-0107",-0.0641342804765559
"chr21-0108",-0.104119247660185
"chr21-0109",0.44522820817206
"chr21-0110",-0.093978752198717
"chr21-0111",0.0760419085398647
"chr21-0112",0.0321632253378675
"chr21-0113",-0.166153265457185
"chr21-0114",-0.0375803862150441
"chr21-0115",0.00637949234292588
"chr21-0116",0.332564604000905
"chr21-0117",-0.346347410389384
"chr21-0118",-0.0605894428622856
"chr21-0119",-0.249990020774965
"chr21-0120",-0.113545027824386
"chr21-0121",-0.543368009956119
"chr21-0122",-0.507576952631777
"chr21-0123",-0.491137385841699
"chr21-0124",0.0170240753526824
"chr21-0125",0.301060877747979
"chr21-0126",-0.172775626824921
"chr21-0127",-0.023783876602477
"chr21-0128",-0.0260729080706227
"chr21-0129",0.225940215732769
"chr21-0130",-0.173731619825145
"chr21-0131",-0.191685991003643
"chr21-0132",-0.306981607572802
"chr21-0133",-0.232301401636677
"chr21-0134",-0.318496289352534
"chr21-0135",0.0593394784612558
"chr21-0136",0.00473286445234068
"chr21-0137",-0.299137042309248
"chr21-0138",-0.130718573499615
"chr21-0139",-0.0600608334253983
"chr21-0140",0.0161083629594809
"chr21-0141",0.109232003713571
"chr21-0142",-0.0485365537093646
"chr21-0143",-0.191320459335302
"chr21-0144",-0.277812760488582
"chr21-0145",-0.02065504282251
"chr21-0146",-0.229576813945884
"chr21-0147",-0.261656682531315
"chr21-0148",-0.0298403308698046
"chr21-0149",-0.0894460206493322
"chr21-0150",0.0429705533336959
"chr21-0151",0.234399953317686
"chr21-0152",-0.179970980402183
"chr21-0153",-0.185150705732786
"chr21-0154",-0.334145618579975
"chr21-0155",-0.275349192804847
"chr21-0156",-0.355516212477118
"chr21-0157",-0.263110347269895
"chr21-0158",-0.195161175013655
"chr21-0159",0.0426517383191841
"chr21-0160",-0.0241751674497186
"chr21-0161",-0.0177378670714472
"chr21-0162",0.256548740293341
"chr21-0163",0.0673992429875698
"chr21-0164",0.0892050580719214
"chr21-0165",-0.00303693385702237
"chr21-0166",-0.0885721953810411
"chr21-0167",0.206455787939655
"chr21-0168",-0.061330232137291
"chr21-0169",0.178945163867818
"chr21-0170",0.196639380093982
"chr21-0171",0.183840396555515
"chr21-0172",0.0577580600560393
"chr21-0173",0.0400323273569012
"chr21-0174",-0.0712599416868826
"chr21-0175",-0.0230935421145751
"chr21-0176",-0.112854218013214
"chr21-0177",-0.0498412153452443
"chr21-0178",-0.22131770462038
"chr21-0179",0.0798832844042832
"chr21-0180",0.0661758784175668
"chr21-0181",0.04931572565895
"chr21-0182",0.153958350267511
"chr21-0183",0.120395850676533
"chr21-0184",0.0353002760136733
"chr21-0185",0.169425491345687
"chr21-0186",0.0708605040232787
"chr21-0187",0.0251768281707097
"chr21-0188",-0.0826299021745072
"chr21-0189",-0.0157512053304594
"chr21-0190",-0.0898355412830965
"chr21-0191",0.106388278720367
"chr21-0192",0.222589854341351
"chr21-0193",0.0832638393390319
"chr21-0194",0.161672228657378
"chr21-0195",0.36600008654768
"chr21-0196",-0.0967547626493001
"chr21-0197",0.0294433135136311
"chr22-0001",0.17444326999057
"chr22-0002",-0.0179776249833203
"chr22-0003",0.38352017912522
"chr22-0004",0.151434881900948
"chr22-0005",-0.170689352634547
"chr22-0006",0.290017809274839
"chr22-0007",-0.0581776659317701
"chr22-0008",-0.166643633122785
"chr22-0009",0.0352669094409458
"chr22-0010",0.232807988092352
"chr22-0011",-0.177867732590698
"chr22-0012",-0.151596279908291
"chr22-0013",-0.106144510507269
"chr22-0014",-0.112183310380631
"chr22-0015",0.0117888199289858
"chr22-0016",-0.274742733488327
"chr22-0017",0.0369414361143819
"chr22-0018",-0.172520207936258
"chr22-0019",-0.0655036228834706
"chr22-0020",0.0441316865706769
"chr22-0021",-0.127566586281563
"chr22-0022",-0.125584173992723
"chr22-0023",-0.239784824241375
"chr22-0024",-0.367499967039006
"chr22-0025",0.0526687690472932
"chr22-0026",-0.324107641901403
"chr22-0027",0.00468012009065949
"chr22-0028",-0.0125412757366919
"chr22-0029",-0.00785658256716408
"chr22-0030",0.0313746333792754
"chr22-0031",-0.130084528621893
"chr22-0032",-0.158868731572964
"chr22-0033",-0.00649182192572329
"chr22-0034",0.0952484172137537
"chr22-0035",-0.216246626501958
"chr22-0036",0.138412803589363
"chr22-0037",-0.0378169292255406
"chr22-0038",0.0358068301790499
"chr22-0039",-0.114253844675174
"chr22-0040",-0.25939397909235
"chr22-0041",-0.00962889775120774
"chr22-0042",0.0851601908322233
"chr22-0043",0.203261805821978
"chr22-0044",-0.110064052370439
"chr22-0045",-0.149575224929816
"chr22-0046",0.14398190904322
"chr22-0047",-0.00421255173988753
"chr22-0048",-0.0728323159150726
"chr22-0049",-0.264728805438231
"chr22-0050",0.0287657398774443
"chr22-0051",-0.20032931285603
"chr22-0052",-0.458702390275277
"chr22-0053",-0.155860099175553
"chr22-0054",-0.224073845251121
"chr22-0055",-0.595595578651296
"chr22-0056",-0.56393353033308
"chr22-0057",-0.371040765958756
"chr22-0058",-0.14927227515383
"chr22-0059",-0.307633987114604
"chr22-0060",-0.173933003280152
"chr22-0061",-0.0700025419441463
"chr22-0062",0.0115498723380764
"chr22-0063",-0.121986761825486
"chr22-0064",-0.279062912465413
"chr22-0065",-0.0728178555862212
"chr22-0066",-0.241747224660415
"chr22-0067",0.200003976599057
"chr22-0068",-0.159012975765415
"chr22-0069",-0.239327880664085
"chr22-0070",0.18220032517999
"chr22-0071",-0.302762072566092
"chr22-0072",-0.0313900648680245
"chr22-0073",-0.194122405117809
"chr22-0074",-0.0935973955293736
"chr22-0075",0.458281383124938
"chr22-0076",-0.344308590255002
"chr22-0077",-0.317232182618542
"chr22-0078",-0.151379445936618
"chr22-0079",-0.181023799190501
"chr22-0080",-0.00111064228979521
"chr22-0081",-0.0635693196352186
"chr22-0082",-0.133930633779627
"chr22-0083",-0.00291751972908567
"chr22-0084",0.147455354748212
"chr22-0085",-0.264121882017934
"chr22-0086",-0.431081755097748
"chr22-0087",-0.580946498271674
"chr22-0088",-0.35742401782767
"chr22-0089",-0.104600376240672
"chr22-0090",0.00849136296820922
"chr22-0091",-0.283649251250635
"chr22-0092",-0.382278872452696
"chr22-0093",-0.0385175622833335
"chr22-0094",-0.329899213847796
"chr22-0095",-0.621539373125042
"chr22-0096",-0.596529567262462
"chr22-0097",-0.267186319471804
"chr22-0098",-0.526891493505036
"chr22-0099",-0.280913287499002
"chr22-0100",-0.268803214630292
"chr22-0101",-0.188831579658838
"chr22-0102",-0.214050566271652
"chr22-0103",-0.416160345870858
"chr22-0104",0.162947233849767
"chr22-0105",-0.24309051064433
"chr22-0106",-0.0678547438909251
"chr22-0107",-0.381469193939565
"chr22-0108",-0.100481905314065
"chr22-0109",-0.0364548043903469
"chr22-0110",-0.274637734813583
"chr22-0111",-0.0511640502569417
"chr22-0112",0.0108779130258301
"chr22-0113",0.0302611378947248
"chr22-0114",-0.343335778229777
"chr22-0115",-0.210331743857375
"chr22-0116",0.0280687406742647
"chr22-0117",0.127051104857678
"chr22-0118",0.222580141357982
"chr22-0119",0.0119130713520809
"chr22-0120",-0.25410131437572
"chr22-0121",-0.318115106501652
"chr22-0122",-0.154028525020895
"chr22-0123",-0.283008640610075
"chr22-0124",-0.262261885823449
"chr22-0125",-0.0254695683597476
"chr22-0126",0.0828590906685874
"chr22-0127",-0.475467597925452
"chr22-0128",-0.367008742591141
"chr22-0129",-0.166075494620731
"chr22-0130",-0.303790233433082
"chr22-0131",-0.0201521540421678
"chr22-0132",-0.0746988570886063
"chr22-0133",-0.211537379384486
"chr22-0134",0.192574490938351
"chr22-0135",-0.301437400182
"chr22-0136",-0.0755410782037239
"chr22-0137",-0.209933231006928
"chr22-0138",-0.286977691298025
"chr22-0139",0.101290553636922
"chr22-0140",-0.308092889284725
"chr22-0141",-0.267436314688854
"chr22-0142",-0.0276426309614761
"chr22-0143",-0.372081536086774
"chr22-0144",-0.298488055975039
"chr22-0145",-0.468415620603044
"chr22-0146",-0.395947784729623
"chr22-0147",-0.168479308541496
"chr22-0148",-0.284593439355575
"chr22-0149",-0.0571886065536122
"chr22-0150",-0.193683104544976
"chr22-0151",-0.171400316843265
"chr22-0152",-0.34293527397543
"chr22-0153",-0.537498481615068
"chr22-0154",-0.429787733797614
"chr22-0155",-0.25040374161623
"chr22-0156",-0.152408950078483
"chr22-0157",-0.0650099782872513
"chr22-0158",-0.121486063080915
"chr22-0159",-0.272897938666022
"chr22-0160",-0.121101052135314
"chr22-0161",0.156812442361697
"chr22-0162",-0.384898641505276
"chr22-0163",-0.289361526253654
"chr22-0164",-0.243828126652565
"chr22-0165",-0.248751596009484
"chr22-0166",-0.239213340877433
"chr22-0167",0.225701514391997
"chr22-0168",-0.135903509531145
"chr22-0169",-0.360092097353254
"chr22-0170",-0.226258738236035
"chr22-0171",-0.287879298625423
"chr22-0172",-0.234032061207326
"chr22-0173",-0.32122632368418
"chr22-0174",-0.192964664815572
"chr22-0175",-0.0318520869620328
"chr22-0176",-0.162888369842992
"chr22-0177",-0.0542323144755277
"chr22-0178",-0.242786031597645
"chr22-0179",-0.0797463721930911
"chr22-0180",0.0281684777579522
"chr22-0181",-0.23703083672879
"chr22-0182",-0.0214638727057294
"chr22-0183",0.017682317926576
"chr22-0184",-0.108713172411458
"chr22-0185",0.0132897092463287
"chr22-0186",0.0251095595913007
"chr22-0187",-0.0890245982202194
"chr22-0188",-0.154974042723793
"chr22-0189",-0.0903596807889784
"chr22-0190",-0.13096478389212
"chr22-0191",-0.103072075827625
"chr22-0192",0.163317624980955
"chr22-0193",-0.0232704213512482
"chr22-0194",-0.0941087367789215
"chr22-0195",-0.273444743005488
"chr22-0196",-0.158161282898541
"chr22-0197",-0.166781690439075
"chr22-0198",-0.18969177519678
"chr22-0199",-0.273621256222642
"chr22-0200",-0.19634625057571
"chr22-0201",-0.105928226053308
"chr22-0202",-0.182761717399771
"chr22-0203",-0.123008467131051
"chr22-0204",0.0227691889283985
"chr22-0205",0.0897279509683361
"chr22-0206",0.0835389860990354
"chr22-0207",0.907647306230705
"chr22-0208",-0.21686539774588
"chr22-0209",-0.0295827394651055
"chr22-0210",0.186981654414126
"chr22-0211",0.173997490408441
"chr22-0212",0.305206579613705
"chr22-0213",-0.048299620332448
"chr22-0214",-0.139628526906821
"chr22-0215",-0.30900348676001
"chr22-0216",-0.211554884689404
"chr22-0217",-0.0535230680549322
"chr22-0218",-0.328322393189198
"chr22-0219",-0.17333078648345
"chr22-0220",-0.0314917646093988
"chr22-0221",-0.18219786320176
"chr22-0222",0.100925329574143
"chr22-0223",-0.159219913908967
"chr22-0224",-0.33605204694368
"chr22-0225",-0.306772838038257
"chr22-0226",-0.0797404336487538
"chr22-0227",-0.113778023772076
"chr22-0228",0.0930796241700048
"chr22-0229",0.231353307058825
"chr22-0230",-0.159680318549235
"chr22-0231",-0.232082173903086
"chr22-0232",-0.08866501820289
"chr22-0233",-0.0634525853452394
"chr22-0234",-0.35121880870526
"chr22-0235",-0.0192968654803521
"chr22-0236",-0.301332259994911
"chr22-0237",-0.245972878856623
"chr22-0238",-0.0542454857709607
"chr22-0239",-0.319196193205051
"chr22-0240",-0.280775356177837
"chr22-0241",-0.30782114412869
"chr22-0242",-0.365641451891155
"chr22-0243",-0.0244359991411474
"chr22-0244",-0.174609677232623
"chr22-0245",-0.115466895986035
"chr22-0246",-0.0389750875955975
"chr22-0247",-0.132814140253534
"chr22-0248",-0.15004759516965
"chr22-0249",-0.0183231090783297
"chr22-0250",0.185466810515776
"chr22-0251",0.0244766833326173
"chr22-0252",-0.0416422101429328
"chr22-0253",-0.0214427451120532
"chr22-0254",0.00154239204478795
"chr22-0255",-0.0741398996336787
"chr22-0256",-0.26456841453568
"chr22-0257",-0.0389643608195264
"chr22-0258",-0.152622263508856
"chr22-0259",-0.326324122792078
"chr22-0260",0.0659182326696068
"chr22-0261",0.0343710238753662
"chr22-0262",0.0807622482781176
"chr22-0263",0.205207311051718
"chr22-0264",0.126758357341388
"chr22-0265",0.226786519769086
"chr22-0266",-0.101280150086489
"chr22-0267",0.232914943395882
"chr22-0268",0.0716259739301704
"chr22-0269",0.0558115958417645
"chr22-0270",0.150281893062738
"chr22-0271",-0.1284434310314
"chr22-0272",-0.197127534587637
"chr22-0273",-0.369845408979423
"chr22-0274",-0.183967479946084
"chr22-0275",-0.0699168729083422
"chr22-0276",-0.154824787079393
"chr22-0277",-0.586968959429703
"chr22-0278",-0.26635259398623
"chr22-0279",-0.0613235634484654
"chr22-0280",0.0499757234493549
"chr22-0281",-0.114237949356093
"chr22-0282",-0.0143269496241919
"chr22-0283",-0.0945326374241177
"chr22-0284",-0.399700964390737
"chr22-0285",0.080285856191942
"chr22-0286",-0.0429033883448434
"chr22-0287",-0.214548858889902
"chr22-0288",-0.28632928987898
"chr22-0289",-0.206234174176516
"chr22-0290",-0.0555770718021651
"chr22-0291",-0.0988275468040789
"chr22-0292",-0.136483467406183
"chr22-0293",0.0763519882222315
"chr22-0294",0.26597887046015
"chr22-0295",0.0246380036056284
"chr22-0296",0.158645847363219
"chr22-0297",-0.0157509534385699
"chr22-0298",0.126505998444725
"chr22-0299",-0.0163020184750667
"chr22-0300",0.148870120129678
"chr22-0301",-0.0327526034503706
"chr22-0302",-0.141539294303426
"chr22-0303",0.12299465670533
"chr3-0001",-0.11992592615524
"chr3-0002",0.812080278731203
"chr3-0003",0.000697305819593629
"chr3-0004",0.00420649065055005
"chr3-0005",-0.177931229790856
"chr3-0006",0.314722937553814
"chr3-0007",0.310518212674773
"chr3-0008",-0.0559650868648877
"chr3-0009",-0.0351729887292218
"chr3-0010",-0.101133836985467
"chr3-0011",-0.100142304876528
"chr3-0012",-0.42065105617731
"chr3-0013",-0.0887267820459133
"chr3-0014",-0.347459209517463
"chr3-0015",-0.0524649388131257
"chr3-0016",0.00105180350109685
"chr3-0017",-0.0595057881116567
"chr3-0018",-0.0433514643198941
"chr3-0019",-0.379196743280786
"chr3-0020",0.0872873184933088
"chr3-0021",0.218841608979044
"chr3-0022",-0.165240979694802
"chr3-0023",-0.359236894510152
"chr3-0024",-0.365940657918369
"chr3-0025",-0.294829778296244
"chr3-0026",-0.155960576910689
"chr3-0027",-0.297384022959068
"chr3-0028",-0.291950386099579
"chr3-0029",-0.465903423022765
"chr3-0030",-0.268476767047031
"chr3-0031",-0.377816210669986
"chr3-0032",-0.139012731900878
"chr3-0033",0.22928571620782
"chr3-0034",-0.182768936164011
"chr3-0035",-0.134915578468228
"chr3-0036",-0.237639091819745
"chr3-0037",-0.0616003467154652
"chr3-0038",-0.000408886746055275
"chr3-0039",-0.0829490805820683
"chr3-0040",0.270763031209058
"chr3-0041",-0.121158945191084
"chr3-0042",-0.0750130440430352
"chr3-0043",-0.491640839860681
"chr3-0044",-0.447973268486419
"chr3-0045",-0.51007849115253
"chr3-0046",-0.147933603067367
"chr3-0047",-0.475956786647421
"chr3-0048",-0.660145107697975
"chr3-0049",-0.204147541717672
"chr3-0050",-0.204531809165132
"chr3-0051",-0.102788168628327
"chr3-0052",0.276004393245874
"chr3-0053",-0.0188743268630718
"chr3-0054",0.267486125018765
"chr3-0055",0.0617312827547711
"chr3-0056",-0.270996132434369
"chr3-0057",-0.630576592329828
"chr3-0058",0.182024972853919
"chr3-0059",-0.169166361945584
"chr3-0060",-0.170580644773015
"chr3-0061",-0.109166789448445
"chr3-0062",-0.191419309058943
"chr3-0063",-0.178915515492377
"chr3-0064",-0.0111298812800691
"chr3-0065",-0.298392923211234
"chr3-0066",-0.333260664536713
"chr3-0067",-0.425589490358696
"chr3-0068",-0.238748857578806
"chr3-0069",-0.529627642419814
"chr3-0070",-0.307500212789865
"chr3-0071",-0.00399878411623033
"chr3-0072",-0.226236878058446
"chr3-0073",-0.307357420979094
"chr3-0074",-0.387913978543757
"chr3-0075",0.331475117749614
"chr3-0076",-0.252149617283955
"chr3-0077",-0.383064620349096
"chr3-0078",-0.454071198916095
"chr3-0079",-0.19353196488548
"chr3-0080",-0.26265652322085
"chr3-0081",-0.0780121088986382
"chr3-0082",-0.284827019378093
"chr3-0083",-0.187686087373338
"chr3-0084",-0.162733991791203
"chr3-0085",-0.222589538559828
"chr3-0086",-0.25716429678289
"chr3-0087",-0.0742247131497856
"chr3-0088",-0.463839014595137
"chr3-0089",-0.782213776117175
"chr3-0090",0.388891908336494
"chr3-0091",0.111855092128875
"chr3-0092",-0.142144198166904
"chr3-0093",-0.158760397318796
"chr3-0094",-0.390356364088873
"chr3-0095",-0.10646261254411
"chr3-0096",-0.220915955812686
"chr3-0097",0.107375530589799
"chr3-0098",-0.316862872531475
"chr3-0099",-0.165984153441496
"chr3-0100",-0.0699684404236028
"chr3-0101",-0.16897481798487
"chr3-0102",0.416543118836565
"chr3-0103",0.363389360570405
"chr3-0104",-0.280504181507982
"chr3-0105",-0.117937959882461
"chr3-0106",0.112153176986069
"chr3-0107",0.00206320005659316
"chr3-0108",0.00770983722665268
"chr3-0109",0.331181948228317
"chr3-0110",-0.00138461338290502
"chr3-0111",0.0457060232618943
"chr3-0112",0.339060475180026
"chr3-0113",-0.134632405896974
"chr3-0114",0.254286926046528
"chr3-0115",0.0370387387303024
"chr3-0116",-0.478813849140491
"chr3-0117",-0.000159359824520757
"chr3-0118",-0.0270156484186579
"chr3-0119",-0.0256481874580023
"chr3-0120",0.0791898678684635
"chr3-0121",-0.175378531057322
"chr3-0122",-0.290775129981247
"chr3-0123",0.0679300669115
"chr3-0124",0.0481237483815609
"chr3-0125",-0.419886601238992
"chr3-0126",-0.120568235884489
"chr3-0127",-0.101647341100193
"chr3-0128",-0.321161973975192
"chr3-0129",0.147231595037853
"chr3-0130",-0.0636828491243127
"chr3-0131",0.0573565752212365
"chr3-0132",0.172316559663616
"chr3-0133",0.109722834905267
"chr3-0134",0.141678295609252
"chr3-0135",-0.00437974265452419
"chr3-0136",0.0156619372538258
"chr3-0137",-0.0109459301739676
"chr3-0138",-0.0590437165589102
"chr3-0139",0.0665430341967105
"chr3-0140",-0.0626264393835893
"chr3-0141",-0.105248242142568
"chr3-0142",0.00938136911942399
"chr3-0143",-0.0650458555010121
"chr3-0144",0.237553870049273
"chr3-0145",-0.0144884403136511
"chr3-0146",0.0118971069674882
"chr3-0147",-0.204811064815435
"chr3-0148",-0.185537179024402
"chr3-0149",-0.186161457978524
"chr3-0150",-0.049790872411336
"chr3-0151",-0.165365771416092
"chr3-0152",-0.0956574983219485
"chr3-0153",0.0318994270517115
"chr3-0154",-0.0664129452700429
"chr3-0155",-0.181648928172861
"chr3-0156",-0.0522378166227022
"chr3-0157",-0.219212171918488
"chr3-0158",0.00487771383205691
"chr3-0159",-0.0712317241922236
"chr3-0160",-0.192203103020805
"chr3-0161",0.165994730149937
"chr3-0162",0.211556173937454
"chr3-0163",0.0924448722305728
"chr3-0164",-0.0735157497449136
"chr3-0165",-0.06279100721449
"chr3-0166",0.130873298015016
"chr3-0167",-0.152555668080911
"chr3-0168",-0.0754638692031847
"chr3-0169",-0.064847964576995
"chr3-0170",0.0668922116604529
"chr3-0171",-0.279584050286655
"chr3-0172",-0.205102571939635
"chr3-0173",0.153021916738287
"chr3-0174",-0.222956083033039
"chr3-0175",-0.389820999666682
"chr3-0176",-0.119441472210714
"chr3-0177",-0.0387697561645144
"chr3-0178",-0.0232887238436934
"chr3-0179",-0.184828594939004
"chr3-0180",-0.211019583730567
"chr3-0181",-0.173299716740308
"chr3-0182",-0.306587320734557
"chr3-0183",-0.340928954414
"chr3-0184",-0.301792327226666
"chr3-0185",-0.19920809286254
"chr3-0186",-0.29720135691283
"chr3-0187",-0.0573590181857879
"chr3-0188",-0.341958655518489
"chr3-0189",-0.225026092676407
"chr3-0190",-0.240292309651
"chr3-0191",-0.398146448618633
"chr3-0192",-0.254332216362397
"chr3-0193",-0.245752112847222
"chr3-0194",-0.526617701896917
"chr3-0195",-0.342875429313376
"chr3-0196",-0.527075400263392
"chr3-0197",-0.18689286284147
"chr3-0198",-0.445403642449281
"chr3-0199",-0.253116654740012
"chr3-0200",-0.140734823130404
"chr3-0201",-0.000538985668541225
"chr3-0202",-0.255813872519817
"chr3-0203",-0.585074865857425
"chr3-0204",-0.0609796209359615
"chr3-0205",-0.0497349709171703
"chr3-0206",-0.185958519296504
"chr3-0207",-0.149474141650863
"chr3-0208",-0.448054395295541
"chr3-0209",-0.509887375423749
"chr3-0210",0.304135515853938
"chr3-0211",-0.145477211373214
"chr3-0212",-0.313688648446745
"chr3-0213",0.163318396566065
"chr3-0214",-0.0846756314869986
"chr3-0215",-0.277964314047426
"chr3-0216",-0.000998196061847164
"chr3-0217",0.0364722616377845
"chr3-0218",-0.635865852962826
"chr3-0219",-0.318323425862828
"chr3-0220",-0.102839667793841
"chr3-0221",-0.221120830759635
"chr3-0222",-0.108527910638582
"chr3-0223",-0.262333776354382
"chr3-0224",-0.391645248938963
"chr3-0225",-0.409070574714616
"chr3-0226",-0.273437489625216
"chr3-0227",-0.0954785779529512
"chr3-0228",0.219726147061074
"chr3-0229",0.0361538966429411
"chr3-0230",-0.314054368258008
"chr3-0231",-0.342388597437486
"chr3-0232",-0.200814452161868
"chr3-0233",0.0774001359036806
"chr3-0234",-0.012532231981777
"chr3-0235",-0.0280401358918792
"chr3-0236",0.128568581869502
"chr3-0237",-0.137339990089941
"chr3-0238",-0.153840172725708
"chr3-0239",-0.269803128025571
"chr3-0240",-0.344639721912642
"chr3-0241",-0.266551133266423
"chr3-0242",-0.114760774336088
"chr3-0243",-0.200132891627537
"chr3-0244",-0.116004186288168
"chr3-0245",0.161704659844319
"chr3-0246",-0.3299809963777
"chr3-0247",-0.275581453043114
"chr3-0248",-0.228979407614174
"chr3-0249",-0.301661569103684
"chr3-0250",-0.566485177345086
"chr3-0251",-0.188553611834221
"chr3-0252",-0.328316996406952
"chr3-0253",-0.465306762406132
"chr3-0254",-0.362103840594077
"chr3-0255",-0.230631820764785
"chr3-0256",-0.27812620745829
"chr3-0257",0.0616254900962657
"chr3-0258",-0.152339602338219
"chr3-0259",-0.0866288936788458
"chr3-0260",-0.0758671943468877
"chr3-0261",-0.100969121806872
"chr3-0262",0.26555357174732
"chr3-0263",-0.352480062807515
"chr3-0264",-0.146074211714212
"chr3-0265",0.0515474106205479
"chr3-0266",-0.0433723829991485
"chr3-0267",0.080573839393242
"chr3-0268",-0.171131781527736
"chr3-0269",-0.0927457169882787
"chr3-0270",-0.12089293071625
"chr3-0271",-0.212542656477256
"chr3-0272",0.0613020748787556
"chr3-0273",-0.275564861741889
"chr3-0274",-0.0675197641991549
"chr3-0275",-0.282597091813864
"chr3-0276",0.0311683186934624
"chr3-0277",-0.172479856166613
"chr3-0278",-0.0666605068286657
"chr3-0279",-0.291472649790456
"chr3-0280",-0.232484013392627
"chr3-0281",-0.250726099788282
"chr3-0282",-0.368116159439694
"chr3-0283",-0.0114024726453208
"chr3-0284",-0.178788503324311
"chr3-0285",-0.0966750973572738
"chr3-0286",-0.106293614975698
"chr3-0287",-0.135104162942833
"chr3-0288",-0.3931210867049
"chr3-0289",0.114049215471181
"chr3-0290",-0.283287287870633
"chr3-0291",-0.21793737497574
"chr3-0292",-0.264655447758844
"chr3-0293",-0.154132765262247
"chr3-0294",-0.37410288282198
"chr3-0295",-0.348352582265911
"chr3-0296",-0.401217174841625
"chr3-0297",0.0884941556238503
"chr3-0298",0.396945488192081
"chr3-0299",-0.171331424895906
"chr3-0300",-0.0565839127180693
"chr3-0301",-0.355277590975019
"chr3-0302",-0.131537702028589
"chr3-0303",-0.324397099217236
"chr3-0304",-0.409968395990549
"chr3-0305",-0.0625455835010614
"chr3-0306",-0.162577921140926
"chr3-0307",-0.0808810049856959
"chr3-0308",-0.0908690152572932
"chr3-0309",0.0240441675725858
"chr3-0310",-0.247048157731651
"chr3-0311",-0.13587235517028
"chr3-0312",0.102223391762731
"chr3-0313",-0.274064665066262
"chr3-0314",-0.261001190171315
"chr3-0315",0.0368230226485828
"chr3-0316",-0.215105759718357
"chr3-0317",-0.261645337202581
"chr3-0318",-0.133116197954764
"chr3-0319",-0.091560132470991
"chr3-0320",-0.235200629404105
"chr3-0321",-0.297529801300738
"chr3-0322",-0.200651381653879
"chr3-0323",-0.0887680579236138
"chr3-0324",-0.191078394755326
"chr3-0325",-0.219199510486303
"chr3-0326",-0.129502411537362
"chr3-0327",-0.397629110620949
"chr3-0328",-0.35467211227941
"chr3-0329",-0.383614694207074
"chr3-0330",-0.151685977342078
"chr3-0331",-0.0408013359298657
"chr3-0332",0.0724415095745944
"chr3-0333",-0.166788337310038
"chr3-0334",-0.181571774670485
"chr3-0335",-0.396063777063192
"chr3-0336",-0.386662483423315
"chr3-0337",-0.407017268231702
"chr3-0338",0.308585292478246
"chr3-0339",0.0961364575506401
"chr3-0340",0.247426177833209
"chr3-0341",-0.131440141029093
"chr3-0342",-0.183583314628326
"chr3-0343",-0.0755458622833517
"chr3-0344",-0.326137206196212
"chr3-0345",-0.553007730123591
"chr3-0346",-0.171363941320346
"chr3-0347",-0.137213218105233
"chr3-0348",-0.39135011261601
"chr3-0349",-0.43016143785316
"chr3-0350",-0.175648028199653
"chr3-0351",-0.262862768640462
"chr3-0352",-0.257095573790138
"chr3-0353",0.0482387533764912
"chr3-0354",0.210702323425052
"chr3-0355",-0.290163700577108
"chr3-0356",0.266604883757496
"chr3-0357",0.180005390908458
"chr3-0358",0.150368877704469
"chr3-0359",0.0562795344539116
"chr3-0360",-0.0742106333150251
"chr3-0361",0.141819821031719
"chr3-0362",-0.159203205698305
"chr3-0363",-0.231237346927107
"chr3-0364",0.0881470158380904
"chr3-0365",-0.539308403075372
"chr3-0366",0.0738892097004257
"chr3-0367",0.0148246581377762
"chr3-0368",0.0801500233467903
"chr3-0369",-0.236419915115805
"chr3-0370",0.178195861984639
"chr3-0371",0.126287072542569
"chr3-0372",-0.0151752607591991
"chr3-0373",-0.411403479145564
"chr3-0374",-0.347181638323278
"chr3-0375",-0.401683707521637
"chr3-0376",0.123257332572049
"chr3-0377",-0.469726908613768
"chr3-0378",-0.193445673021485
"chr3-0379",0.539936682603006
"chr3-0380",0.027352924725813
"chr3-0381",-0.0751918211602635
"chr3-0382",0.57128885726251
"chr3-0383",-0.219979086972962
"chr3-0384",-0.248983364977005
"chr3-0385",-0.149634970953007
"chr3-0386",-0.275442047314408
"chr3-0387",0.0113719928469753
"chr3-0388",-0.283075080376885
"chr3-0389",-0.0318807648163076
"chr3-0390",-0.25837972562763
"chr3-0391",-0.0296687001572077
"chr3-0392",-0.0820312769073067
"chr3-0393",-0.0224868121337849
"chr3-0394",0.0608896618646595
"chr3-0395",-0.295945942430861
"chr3-0396",0.07940130392836
"chr3-0397",0.201396705634663
"chr3-0398",-0.160956519375949
"chr3-0399",0.115590537639963
"chr3-0400",-0.672839329967694
"chr3-0401",-0.155585014986264
"chr3-0402",0.210991856778005
"chr3-0403",0.0266796304795269
"chr3-0404",0.122238339540836
"chr3-0405",0.00142450520978387
"chr3-0406",0.42831477700789
"chr3-0407",0.000906300497213211
"chr3-0408",0.103365558416381
"chr3-0409",0.0899510311103115
"chr3-0410",0.17987096034429
"chr3-0411",-0.250921356802829
"chr3-0412",0.0235374838509287
"chr3-0413",-0.512619089133946
"chr3-0414",-0.248633953936008
"chr3-0415",-0.495037134130785
"chr3-0416",-0.599429079406422
"chr3-0417",-0.359278073668287
"chr3-0418",-0.297055760460655
"chr3-0419",-0.307078511280729
"chr3-0420",-0.270076405407454
"chr3-0421",0.280542927036479
"chr3-0422",-0.504900301121318
"chr3-0423",0.00199978319183053
"chr3-0424",0.406303007476322
"chr3-0425",0.00356400666296267
"chr3-0426",-0.328718294899199
"chr3-0427",-0.152193756640449
"chr3-0428",-0.159282938546495
"chr3-0429",-0.156433734153107
"chr3-0430",-0.00468363604067369
"chr3-0431",0.152383239087186
"chr3-0432",0.227418216912921
"chr3-0433",0.0511201472099021
"chr3-0434",0.327735328540117
"chr3-0435",0.382912721366392
"chr3-0436",0.184487456716382
"chr3-0437",0.252743804247317
"chr3-0438",0.0764299676765579
"chr3-0439",0.0716136490610902
"chr3-0440",-0.0433476602754139
"chr3-0441",-0.0754529037299995
"chr3-0442",0.541678620437884
"chr3-0443",0.28591525111568
"chr3-0444",0.149065805397741
"chr3-0445",1.26446767601665
"chr3-0446",-0.0476279718312363
"chr3-0447",-0.121332608620567
"chr3-0448",0.252255931183846
"chr3-0449",0.337319018501376
"chr3-0450",-0.194792481113246
"chr3-0451",0.694863455618535
"chr3-0452",0.451735013637601
"chr3-0453",-0.217395652490872
"chr3-0454",-0.202441258295401
"chr3-0455",-0.0457107694091253
"chr3-0456",0.180453339942098
"chr3-0457",0.119995159292659
"chr3-0458",-0.184044822523119
"chr3-0459",-0.152506059719027
"chr3-0460",0.164754129923964
"chr3-0461",0.222369515393629
"chr3-0462",0.0405491160175404
"chr3-0463",-0.160500428115143
"chr3-0464",0.127169353786294
"chr3-0465",0.130046877313747
"chr3-0466",-0.0774897424736359
"chr3-0467",-0.213848478919552
"chr3-0468",-0.209644291924707
"chr3-0469",0.162008375866157
"chr3-0470",-0.187137105451607
"chr3-0471",-0.29732185008054
"chr3-0472",-0.144906624145393
"chr3-0473",-0.114157404322192
"chr3-0474",0.17756043006741
"chr3-0475",-0.00140272095366086
"chr3-0476",-0.212801312713695
"chr3-0477",-0.296010230550291
"chr3-0478",-0.0980591444692257
"chr3-0479",0.0646589909946658
"chr3-0480",-0.203443730138292
"chr3-0481",-0.0762678095352685
"chr3-0482",-0.0232296940368344
"chr3-0483",-0.200805360127536
"chr3-0484",-0.158235552500394
"chr3-0485",-0.144931164569674
"chr3-0486",0.111677454959382
"chr3-0487",0.384007197959226
"chr3-0488",-0.260640084863414
"chr3-0489",-0.026433153335229
"chr3-0490",0.15952776773257
"chr3-0491",0.177015473711491
"chr3-0492",-0.197258957510294
"chr3-0493",0.134933104468602
"chr3-0494",0.528831445300367
"chr3-0495",0.266806126847151
"chr3-0496",0.240807196370801
"chr3-0497",0.626122104676462
"chr3-0498",0.0329900771403682
"chr3-0499",0.0881695236895661
"chr3-0500",0.00119608564804102
"chr3-0501",0.0435958558484431
"chr3-0502",0.460785600531699
"chr3-0503",-0.152972476600539
"chr3-0504",0.00303652261830844
"chr3-0505",0.320959744354631
"chr3-0506",-0.0570015689954218
"chr3-0507",0.350414351618468
"chr3-0508",-0.148522603754332
"chr3-0509",-0.0669866740852678
"chr3-0510",-0.35375709414118
"chr3-0511",-0.198266935525058
"chr3-0512",-0.244470841676199
"chr3-0513",0.0661514175798729
"chr3-0514",-0.23705413470448
"chr3-0515",0.773070549889267
"chr3-0516",-0.469742778807216
"chr3-0517",-0.0820562505911533
"chr3-0518",0.0801386785361126
"chr3-0519",0.195100196350536
"chr3-0520",0.400740061197283
"chr3-0521",0.112968663803638
"chr3-0522",-0.154366215448161
"chr3-0523",-0.351362803221957
"chr3-0524",-0.263985217095837
"chr3-0525",-0.455043652573048
"chr3-0526",-0.339021493267963
"chr3-0527",-0.380252068406308
"chr3-0528",-0.214199923780364
"chr3-0529",-0.264392919064219
"chr3-0530",-0.128250395093503
"chr3-0531",-0.200433440978922
"chr3-0532",-0.0756330859771121
"chr3-0533",-0.0380563278506911
"chr3-0534",-0.147937472191402
"chr3-0535",-0.40696165370179
"chr3-0536",-0.146251516050376
"chr3-0537",-0.284384739887938
"chr3-0538",-0.424924158486986
"chr3-0539",-0.242123265849502
"chr3-0540",0.186408161992137
"chr3-0541",-0.0287387319258651
"chr3-0542",0.00647931566452877
"chr3-0543",-0.0381752059598044
"chr3-0544",0.217098377371598
"chr3-0545",-0.28356999432387
"chr3-0546",0.0165490143193128
"chr3-0547",0.225360613616974
"chr3-0548",-0.0370016436730793
"chr3-0549",0.172082964672738
"chr3-0550",0.12323760130551
"chr3-0551",0.291327424999095
"chr3-0552",0.391235410889447
"chr3-0553",0.272995206863338
"chr3-0554",-0.304564089439376
"chr3-0555",-0.0296784660011854
"chr3-0556",-0.0145115972852395
"chr3-0557",-0.136408708508862
"chr3-0558",-0.0315042606181032
"chr3-0559",-0.0341571947539848
"chr3-0560",-0.119499881444244
"chr3-0561",-0.245852310521737
"chr3-0562",0.152241757300656
"chr3-0563",-0.467696403029046
"chr3-0564",0.177207171856391
"chr3-0565",-0.118801469099392
"chr3-0566",-0.0656178976331655
"chr3-0567",-0.00896727515297828
"chr3-0568",-0.106320158481991
"chr3-0569",-0.0932033889987101
"chr3-0570",-0.195014878430697
"chr3-0571",-0.0905970882223389
"chr3-0572",-0.137483962172617
"chr3-0573",-0.180704386031174
"chr3-0574",-0.202188897993275
"chr3-0575",-0.53992593390205
"chr3-0576",0.0244128595192446
"chr3-0577",0.0746616321120325
"chr3-0578",-0.422733678717727
"chr3-0579",-0.411014473214655
"chr3-0580",-0.301777439240697
"chr3-0581",0.30015445779729
"chr3-0582",0.0895391667891485
"chr3-0583",-0.169245127310568
"chr3-0584",-0.148931795515997
"chr3-0585",-0.158533154124171
"chr3-0586",-0.0337983759351379
"chr3-0587",-0.294961770406722
"chr3-0588",-0.258048379931351
"chr3-0589",-0.123762408262399
"chr3-0590",0.0287565167586057
"chr3-0591",-0.33346088018144
"chr3-0592",-0.00641732725767683
"chr3-0593",0.0353018062059352
"chr3-0594",0.0028655154105687
"chr3-0595",-0.261141230112986
"chr3-0596",-0.383640684338339
"chr3-0597",-0.133523614037363
"chr3-0598",-0.117012365165307
"chr3-0599",-0.170618039063743
"chr3-0600",-0.35465681662111
"chr3-0601",-0.142677426539984
"chr3-0602",-0.482610841567085
"chr3-0603",-0.407477189057772
"chr3-0604",-0.501432680044896
"chr3-0605",-0.00349928209746173
"chr3-0606",-0.388395456177153
"chr3-0607",-0.323627922296227
"chr3-0608",-0.164596777785824
"chr3-0609",0.085591847476247
"chr3-0610",0.000706148996397524
"chr3-0611",-0.123346015753647
"chr3-0612",0.0394554750272705
"chr3-0613",-0.228708317088484
"chr3-0614",-0.263790102529798
"chr3-0615",-0.224081617216479
"chr3-0616",0.470217180339437
"chr3-0617",-0.015671075749359
"chr3-0618",0.334775532647158
"chr3-0619",-0.248178415668175
"chr3-0620",0.333093002101512
"chr3-0621",0.0482319321275842
"chr3-0622",-0.0530438974957268
"chr3-0623",-0.326292512923719
"chr3-0624",-0.196032527070644
"chr3-0625",-0.0906981715760658
"chr3-0626",-0.15673323250923
"chr3-0627",-0.132504934234616
"chr3-0628",-0.439213989683516
"chr3-0629",-0.24589445107924
"chr3-0630",-0.00833732612565649
"chr3-0631",-0.0684150771763638
"chr3-0632",-0.103551193883536
"chr3-0633",-0.189326524073731
"chr3-0634",-0.216207690860718
"chr3-0635",-0.387850611823653
"chr3-0636",-0.0818354101883669
"chr3-0637",-0.145508457243748
"chr3-0638",-0.115038870012729
"chr3-0639",-0.181630399451219
"chr3-0640",0.0373868033670708
"chr3-0641",-0.0814283553720227
"chr3-0642",-0.00607366565750064
"chr3-0643",-0.265224690248932
"chr3-0644",-0.315828019734351
"chr3-0645",-0.18409648234233
"chr3-0646",-0.0577817883337503
"chr3-0647",0.0145695505099339
"chr3-0648",-0.262527951073051
"chr3-0649",-0.0878928679807533
"chr3-0650",-0.114702553554052
"chr3-0651",-0.147843296695693
"chr3-0652",-0.180420956612001
"chr3-0653",-0.133402340280257
"chr3-0654",-0.146020589337782
"chr3-0655",-0.294766997134436
"chr3-0656",-0.173373543044416
"chr3-0657",-0.0170113243115308
"chr3-0658",0.32886167409208
"chr3-0659",0.406651215672991
"chr3-0660",0.483719436174885
"chr3-0661",-0.027047871564178
"chr3-0662",-0.251895647194312
"chr3-0663",0.219803106267559
"chr3-0664",0.0832537152078031
"chr3-0665",-0.342459439343769
"chr3-0666",-0.0656785170308385
"chr3-0667",-0.096198758859692
"chr3-0668",0.16915534925782
"chr3-0669",-0.397015466906076
"chr3-0670",-0.190099430234218
"chr3-0671",0.123900743528897
"chr3-0672",0.250542369972671
"chr3-0673",-0.386907028500047
"chr3-0674",0.0539006597539934
"chr3-0675",-0.116734800119388
"chr3-0676",-0.293387694741052
"chr3-0677",-0.28709263144197
"chr3-0678",0.186285628402752
"chr3-0679",0.0289614240353968
"chr3-0680",-0.199066212012801
"chr3-0681",-0.322226372919577
"chr3-0682",-0.347319056182927
"chr3-0683",-0.351698255013167
"chr3-0684",0.156378801631409
"chr3-0685",-0.275618036561284
"chr3-0686",-0.19007249185567
"chr3-0687",-0.44713024092549
"chr3-0688",-0.427478300714902
"chr3-0689",-0.162965934563394
"chr3-0690",-0.0380733331150873
"chr3-0691",-0.088663352306199
"chr3-0692",0.163162953675998
"chr3-0693",-0.317032601701033
"chr3-0694",0.400671239150568
"chr3-0695",0.325642491500187
"chr3-0696",-0.051603661290801
"chr3-0697",0.0425252423521994
"chr3-0698",-0.273133792174331
"chr3-0699",0.0258334976143669
"chr3-0700",-0.105096481430557
"chr3-0701",-0.0688472237243405
"chr3-0702",-0.32153355429598
"chr3-0703",-0.267608555591206
"chr3-0704",-0.36479192345269
"chr3-0705",-0.209626364807345
"chr3-0706",-0.440734671914312
"chr3-0707",-0.586061478618508
"chr3-0708",0.152782697722569
"chr3-0709",0.646585768043835
"chr3-0710",-0.315852464655137
"chr3-0711",0.335993302012651
"chr3-0712",0.319870161096875
"chr3-0713",-0.401676271089193
"chr3-0714",-0.365604573872982
"chr3-0715",-0.100913644900361
"chr3-0716",-0.404461714482058
"chr3-0717",-0.434652192649049
"chr3-0718",-0.355126782553602
"chr3-0719",-0.464752164893938
"chr3-0720",0.00981031357259066
"chr3-0721",-0.300956763884414
"chr3-0722",-0.320431404393763
"chr3-0723",-0.099681870615626
"chr3-0724",-0.0789398408519238
"chr3-0725",0.208384367396818
"chr3-0726",0.169268069521754
"chr3-0727",-0.0493861869435927
"chr3-0728",-0.00885445278280267
"chr3-0729",0.498274611819261
"chr3-0730",0.126276858804314
"chr3-0731",0.12773521945169
"chr3-0732",0.146983701085863
"chr3-0733",-0.154069183703091
"chr3-0734",0.176566409715448
"chr3-0735",-0.207595993466472
"chr3-0736",0.146000191515781
"chr3-0737",0.284874578913163
"chr3-0738",-0.356207042836937
"chr3-0739",0.00505774989097133
"chr3-0740",-0.369395910310097
"chr3-0741",0.170198318514347
"chr3-0742",-0.112530682531817
"chr3-0743",-0.0838026417816232
"chr3-0744",0.0173626695896309
"chr3-0745",-0.0800403187550862
"chr3-0746",-0.558010887661387
"chr3-0747",0.205171747745562
"chr3-0748",0.51062234911872
"chr3-0749",-0.133797298013989
"chr3-0750",0.429619983088262
"chr3-0751",0.337841876826912
"chr3-0752",0.079223182819915
"chr3-0753",0.235344847628974
"chr3-0754",0.429399580674212
"chr3-0755",0.451492478875843
"chr3-0756",-0.0147380480270404
"chr3-0757",0.00802898676838554
"chr3-0758",0.692118234069981
"chr3-0759",0.0415916562004747
"chr3-0760",0.0529467482850031
"chr3-0761",-0.192810382574497
"chr3-0762",0.128130119346501
"chr3-0763",-0.17139241850484
"chr3-0764",0.0623240109168669
"chr3-0765",0.0583978973541462
"chr3-0766",-0.133600691179424
"chr3-0767",-0.0422705680960015
"chr3-0768",0.0916998056116515
"chr3-0769",0.0555245795131502
"chr3-0770",-0.289164927686238
"chr3-0771",-0.211887261027204
"chr3-0772",-0.118898346954533
"chr3-0773",0.0798476397507231
"chr3-0774",0.107262089750028
"chr3-0775",-0.0402527508023801
"chr3-0776",-0.0543521550013645
"chr3-0777",0.177674574776548
"chr3-0778",0.0193185475543814
"chr3-0779",0.0764402848928939
"chr3-0780",0.234002793805709
"chr3-0781",0.207997035548946
"chr3-0782",0.319700545082668
"chr3-0783",-0.132287037559692
"chr3-0784",-0.209321120058017
"chr3-0785",-0.216705625411927
"chr3-0786",0.276890995764051
"chr3-0787",0.256090189719123
"chr3-0788",-0.0376993117900873
"chr3-0789",-0.00476988497137432
"chr3-0790",0.149092865033727
"chr3-0791",0.530244725712768
"chr3-0792",-0.233800528245648
"chr3-0793",0.196054177684601
"chr3-0794",0.240988141265806
"chr3-0795",0.126069174592547
"chr3-0796",-0.160744275994115
"chr3-0797",0.100934684150117
"chr3-0798",-0.186454679304628
"chr3-0799",0.453781825623074
"chr3-0800",-0.191300613330109
"chr3-0801",0.215420884777861
"chr3-0802",-0.171543381212809
"chr3-0803",-0.493687815300608
"chr3-0804",-0.27358479241468
"chr3-0805",-0.400099802701095
"chr3-0806",-0.201752070020004
"chr3-0807",-0.214435787966269
"chr3-0808",-0.127676476405371
"chr3-0809",0.0102171852705214
"chr3-0810",-0.327960897206686
"chr3-0811",-0.423905404095746
"chr3-0812",-0.092376829701095
"chr3-0813",-0.127041441807988
"chr3-0814",-0.270710321170126
"chr3-0815",-0.0719804150821759
"chr3-0816",0.230115721866822
"chr3-0817",0.10631715316627
"chr3-0818",0.291009170255653
"chr3-0819",0.0294570482433204
"chr3-0820",-0.221858246657794
"chr3-0821",-0.451972902397066
"chr3-0822",-0.157248182016502
"chr3-0823",-0.234932165649898
"chr3-0824",-0.00916036770561111
"chr3-0825",-0.271742341200688
"chr3-0826",0.138962386532543
"chr3-0827",0.00689894905955637
"chr3-0828",0.0955551479958986
"chr3-0829",0.11981192519519
"chr3-0830",-0.0917055547040401
"chr3-0831",0.0813930198945746
"chr3-0832",-0.276418551761578
"chr3-0833",0.204235167644125
"chr3-0834",0.0290383006475507
"chr3-0835",-0.111181905152007
"chr3-0836",-0.422450944656336
"chr3-0837",-0.0379890029643412
"chr3-0838",0.349490124086221
"chr3-0839",0.25376303853805
"chr3-0840",0.303061477201072
"chr3-0841",0.32340991563333
"chr3-0842",0.029432537756917
"chr3-0843",0.21103939912772
"chr3-0844",0.610984247328818
"chr3-0845",-0.0255399660440076
"chr3-0846",-0.273108931410103
"chr3-0847",0.165585068507122
"chr3-0848",-0.254812486450068
"chr3-0849",-0.157364633657607
"chr3-0850",0.363085229480712
"chr3-0851",0.134673304409507
"chr3-0852",0.270059012458861
"chr3-0853",-0.0660123867537485
"chr3-0854",-0.0283425355331833
"chr3-0855",0.0527466295707227
"chr3-0856",0.173528674198105
"chr3-0857",-0.288738969374945
"chr3-0858",0.282526501290497
"chr3-0859",0.312660414542198
"chr3-0860",-0.154138068178982
"chr3-0861",0.103326970464177
"chr3-0862",0.163832509136721
"chr3-0863",-0.495775693020399
"chr3-0864",-0.362692494588507
"chr3-0865",-0.0205211703187803
"chr3-0866",0.0789145410239457
"chr3-0867",0.068603837014252
"chr3-0868",-0.0219068192269789
"chr3-0869",-0.269137803395776
"chr3-0870",-0.0730939966196981
"chr3-0871",-0.0812429242804442
"chr3-0872",-0.288751170596243
"chr3-0873",0.0298707383702336
"chr3-0874",-0.0288362103319681
"chr3-0875",0.262911967758902
"chr3-0876",-0.0435385610748998
"chr3-0877",0.2256851023256
"chr3-0878",-0.141079481861289
"chr3-0879",0.115095985546494
"chr3-0880",-0.204967858987236
"chr3-0881",0.0716731002545183
"chr3-0882",-0.0938417513375238
"chr3-0883",0.0337909795974533
"chr3-0884",0.663572484411891
"chr3-0885",-0.0987654415831286
"chr3-0886",-0.261636176033627
"chr3-0887",0.152156742589988
"chr3-0888",-0.0634151665018606
"chr3-0889",0.0483145938808801
"chr3-0890",0.158720097484598
"chr3-0891",0.0773100153736047
"chr3-0892",-0.0703003440896024
"chr3-0893",0.372716258650531
"chr3-0894",0.0176762642988214
"chr3-0895",0.0358771159938469
"chr3-0896",-0.309105504487708
"chr3-0897",-0.325156681271174
"chr3-0898",0.122021795171965
"chr3-0899",-0.214320360013884
"chr3-0900",-0.125758773981922
"chr3-0901",0.110496611061256
"chr3-0902",0.0425264224166879
"chr3-0903",-0.27824033842568
"chr3-0904",0.173709819603538
"chr3-0905",0.182117917703794
"chr3-0906",-0.0279676593801617
"chr3-0907",0.0392572432254147
"chr3-0908",0.102004653777742
"chr3-0909",-0.0600622922505739
"chr3-0910",0.431955588625917
"chr3-0911",-0.125386950764457
"chr3-0912",0.345290239232296
"chr3-0913",-0.246396808994801
"chr3-0914",0.584036392845794
"chr3-0915",0.061967838620143
"chr3-0916",0.120879759636444
"chr3-0917",-0.0905599746842093
"chr3-0918",0.0255602693535569
"chr3-0919",0.0741123613117465
"chr3-0920",-0.199494383382636
"chr3-0921",-0.150518078219023
"chr3-0922",-0.292234732443829
"chr3-0923",0.364072500129936
"chr3-0924",0.125963176918213
"chr3-0925",0.144981307431747
"chr3-0926",0.126406015515628
"chr3-0927",-0.169512209291849
"chr3-0928",-0.0444327940955952
"chr3-0929",0.0368713771582197
"chr3-0930",-0.358623090677731
"chr3-0931",0.0869918799525765
"chr3-0932",-0.292163206286494
"chr3-0933",0.178559287074461
"chr3-0934",-0.0147627639351131
"chr3-0935",-0.234797382444336
"chr3-0936",-0.140040974922637
"chr3-0937",-0.127416027848398
"chr3-0938",0.102677793462974
"chr3-0939",-0.162353798916936
"chr3-0940",-0.0521709395743417
"chr3-0941",-0.178075797285849
"chr3-0942",0.260413120263225
"chr3-0943",-0.137952884561691
"chr3-0944",0.18799064126307
"chr3-0945",0.225578720302374
"chr3-0946",-0.0190159859886404
"chr3-0947",0.103932125263234
"chr3-0948",-0.104161294357596
"chr3-0949",-0.016506607469845
"chr3-0950",-0.138630483832186
"chr3-0951",0.0637165804441006
"chr3-0952",0.0257138575888665
"chr3-0953",-0.297006843723648
"chr3-0954",-0.374671607457767
"chr3-0955",-0.293098985014702
"chr3-0956",-0.0137818699539982
"chr3-0957",-0.218744137280353
"chr3-0958",-0.38859087087358
"chr3-0959",-0.183738172054862
"chr3-0960",-0.223597558455899
"chr3-0961",-0.212125038200207
"chr3-0962",-0.237777467351591
"chr3-0963",0.000391917008710765
"chr3-0964",-0.341655520843699
"chr3-0965",-0.382488687770757
"chr3-0966",-0.425098828512248
"chr3-0967",-0.0447952611251999
"chr3-0968",-0.298521955651341
"chr3-0969",-0.357436589650415
"chr3-0970",-0.359406968299896
"chr3-0971",-0.14464033958488
"chr3-0972",-0.118431092849988
"chr3-0973",-0.12376579112592
"chr3-0974",-0.346838516528776
"chr3-0975",0.135147765472474
"chr3-0976",-0.0620791598719198
"chr3-0977",0.148969060764909
"chr3-0978",-0.440960572908776
"chr3-0979",-0.446223283528789
"chr3-0980",-0.0134490245421068
"chr3-0981",-0.304448175039744
"chr3-0982",0.183937945369292
"chr3-0983",0.00304481930633026
"chr3-0984",0.232559176440008
"chr3-0985",-0.156286667739522
"chr3-0986",-0.0172812380901127
"chr3-0987",-0.288168153015366
"chr3-0988",-0.0964145444520442
"chr3-0989",-0.0681776216218654
"chr3-0990",0.116577607080453
"chr3-0991",0.325890182765008
"chr3-0992",0.840199840863491
"chr3-0993",-0.000950048977568845
"chr3-0994",-0.0603010644928248
"chr3-0995",0.346974499445716
"chr3-0996",0.0433374507851533
"chr3-0997",-0.120976026738226
"chr3-0998",-0.160711320767988
"chr3-0999",0.126432771538757
"chr3-1000",0.0203767214570943
"chr3-1001",-0.163932593662125
"chr3-1002",-0.101904071929676
"chr3-1003",-0.35722995689207
"chr3-1004",-0.298863865395924
"chr3-1005",0.379523278877558
"chr3-1006",-0.145360934275238
"chr3-1007",-0.343991740469122
"chr3-1008",-0.276948316961151
"chr3-1009",-0.234702984172669
"chr3-1010",0.170090667387263
"chr3-1011",-0.162132309373375
"chr3-1012",-0.0927077483199732
"chr3-1013",0.295663524469053
"chr3-1014",0.00914076797828105
"chr3-1015",0.0640616190216033
"chr3-1016",-0.36284787562484
"chr3-1017",-0.114155258275916
"chr3-1018",-0.169033448588682
"chr3-1019",0.193212258296821
"chr3-1020",0.146430212385658
"chr3-1021",-0.13858176664401
"chr3-1022",0.208693382777017
"chr3-1023",-0.106779466431144
"chr3-1024",0.244396706475981
"chr3-1025",0.206865151067552
"chr3-1026",0.147463645359917
"chr3-1027",0.274974432192432
"chr3-1028",0.143135925168192
"chr3-1029",-0.065151411114842
"chr3-1030",0.0595443357722401
"chr3-1031",0.266036873093749
"chr3-1032",0.128220906271584
"chr3-1033",0.103852338388833
"chr3-1034",-0.217146766085499
"chr3-1035",0.0483292270168454
"chr3-1036",0.035701925535264
"chr3-1037",-0.00972845848532438
"chr3-1038",0.0404875009858335
"chr3-1039",0.391135609086752
"chr3-1040",-0.14973915021002
"chr3-1041",-0.127789650704008
"chr3-1042",0.0573950848142508
"chr3-1043",-0.0505516400832675
"chr3-1044",0.228273299130042
"chr3-1045",-0.0763591394303207
"chr3-1046",0.102924152955226
"chr3-1047",0.104536650648604
"chr3-1048",0.23227515845718
"chr3-1049",0.192454583758573
"chr4-0001",0.222195710654606
"chr4-0002",-0.0247359267198154
"chr4-0003",0.00540340457754313
"chr4-0004",-0.214153340048109
"chr4-0005",0.0510460855817593
"chr4-0006",0.0680425149041991
"chr4-0007",-0.0585826902681738
"chr4-0008",0.406560239367756
"chr4-0009",0.234175196631497
"chr4-0010",0.230915195895105
"chr4-0011",0.0444318586880652
"chr4-0012",0.189118778748044
"chr4-0013",0.250283091212609
"chr4-0014",0.234918159312958
"chr4-0015",-0.0309939083950819
"chr4-0016",0.153510549321173
"chr4-0017",0.285128796493916
"chr4-0018",0.0921293007176819
"chr4-0019",0.165989397351637
"chr4-0020",0.227341744784772
"chr4-0021",0.122227807424232
"chr4-0022",-0.310401205816869
"chr4-0023",-0.246869908980255
"chr4-0024",-0.360949061255177
"chr4-0025",-0.376774273815122
"chr4-0026",0.0961814932029029
"chr4-0027",-0.0696167791742081
"chr4-0028",-0.080269688466302
"chr4-0029",-0.0762180237481273
"chr4-0030",0.100272268015825
"chr4-0031",0.00850019525153446
"chr4-0032",-0.0350078533176906
"chr4-0033",0.180515678262393
"chr4-0034",0.262230052846647
"chr4-0035",0.10500275714594
"chr4-0036",0.213073453846641
"chr4-0037",0.198736483249765
"chr4-0038",0.0745257316634479
"chr4-0039",0.0364931799851222
"chr4-0040",0.275413188133109
"chr4-0041",-0.277892615934565
"chr4-0042",-0.099029215060302
"chr4-0043",-0.541553855513871
"chr4-0044",-0.845189795734164
"chr4-0045",-0.0387144395120221
"chr4-0046",0.149920867074963
"chr4-0047",-0.0561773073511327
"chr4-0048",-0.485857284657456
"chr4-0049",-0.442908657283182
"chr4-0050",-0.130146583371885
"chr4-0051",-0.673763747471763
"chr4-0052",-0.867623419838288
"chr4-0053",-0.95472465653689
"chr4-0054",-0.512596974708623
"chr4-0055",-0.625027472928808
"chr4-0056",-0.668876680626221
"chr4-0057",-0.745119577801666
"chr4-0058",-1.12470715756241
"chr4-0059",-0.814346509087879
"chr4-0060",-0.444951839463041
"chr4-0061",-0.660016695754615
"chr4-0062",-0.0574281628983072
"chr4-0063",-0.0251652697106479
"chr4-0064",0.0260422785385238
"chr4-0065",-0.270191809915466
"chr4-0066",-0.249277697993672
"chr4-0067",-0.126581075130945
"chr4-0068",-0.0528817318976606
"chr4-0069",-0.165091777009836
"chr4-0070",0.0636960464907187
"chr4-0071",0.126013471139131
"chr4-0072",0.0421947185794279
"chr4-0073",-0.0137297264257994
"chr4-0074",-0.0440446930646874
"chr4-0075",-0.037210697867598
"chr4-0076",0.0526015139030961
"chr4-0077",0.0184675944544282
"chr4-0078",-0.0629997217804981
"chr4-0079",-0.224170692619555
"chr4-0080",-0.070188283208787
"chr4-0081",0.165505420474326
"chr4-0082",0.192371676628734
"chr4-0083",0.30952994938081
"chr4-0084",-0.0139242101579755
"chr4-0085",-0.269584850662357
"chr4-0086",-0.483623478923765
"chr4-0087",-0.674975880942938
"chr4-0088",0.0417244185014287
"chr4-0089",-0.15088516850649
"chr4-0090",-0.257700155329544
"chr4-0091",-0.181699813560735
"chr4-0092",-0.127008628782143
"chr4-0093",-0.0796750930297035
"chr4-0094",-0.207755002227575
"chr4-0095",0.115311455309607
"chr4-0096",-0.371294980256576
"chr4-0097",-0.0184058385660143
"chr4-0098",0.0859195993989533
"chr4-0099",-0.148417667204116
"chr4-0100",-0.453676320519499
"chr4-0101",-0.448029688255012
"chr4-0102",-0.25433723403851
"chr4-0103",-0.584180107055763
"chr4-0104",-0.0545811319503137
"chr4-0105",-0.278908213491673
"chr4-0106",-0.244173470778432
"chr4-0107",-0.167521685016112
"chr4-0108",0.039866743691669
"chr4-0109",-0.277372228204578
"chr4-0110",-0.281478642233868
"chr4-0111",-0.0484330647380381
"chr4-0112",0.183587090810571
"chr4-0113",0.0674921229171622
"chr4-0114",-0.413037264211823
"chr4-0115",-0.294900229579933
"chr4-0116",-0.193402563278571
"chr4-0117",-0.0280972477497162
"chr4-0118",-0.0198464793884622
"chr4-0119",0.103763166723139
"chr4-0120",-0.260951870023758
"chr4-0121",-0.295355816728704
"chr4-0122",-0.30384692891978
"chr4-0123",0.184679569350809
"chr4-0124",-0.130445724010391
"chr4-0125",-0.213282580299812
"chr4-0126",0.337471966382698
"chr4-0127",0.0361469758687277
"chr4-0128",0.110577104891397
"chr4-0129",0.0605879927604345
"chr4-0130",0.152358848285477
"chr4-0131",0.790045359982519
"chr4-0132",0.0753703236881937
"chr4-0133",-0.184886093891475
"chr4-0134",0.0941197074449269
"chr4-0135",-0.0406972844414648
"chr4-0136",-0.225864140165544
"chr4-0137",-0.0630913737884118
"chr4-0138",0.00419029301189342
"chr4-0139",-0.260547563353483
"chr4-0140",-0.0648269079979327
"chr4-0141",-0.498028625678888
"chr4-0142",-0.0611440675516621
"chr4-0143",0.124204477286292
"chr4-0144",-0.142970307976357
"chr4-0145",-0.22395698534386
"chr4-0146",0.049278418425964
"chr4-0147",-0.363027862728986
"chr4-0148",-0.20871293048433
"chr4-0149",-0.151172320117347
"chr4-0150",-0.367492183798686
"chr4-0151",-0.0131589874435327
"chr4-0152",-0.151788952429129
"chr4-0153",0.00311074532670805
"chr4-0154",-0.345111538539868
"chr4-0155",-0.185127210333964
"chr4-0156",-0.00533745062513722
"chr4-0157",-0.311921565342745
"chr4-0158",0.11103488855903
"chr4-0159",0.397962470437356
"chr4-0160",0.0681260672228678
"chr4-0161",0.0636473269940551
"chr4-0162",0.519114946447757
"chr4-0163",0.0455153805781978
"chr4-0164",-0.0940557080595194
"chr4-0165",-0.154163711234299
"chr4-0166",-0.0201131762146273
"chr4-0167",0.128592980480908
"chr4-0168",-0.281907237845138
"chr4-0169",-0.0221494001365738
"chr4-0170",0.0897488026457359
"chr4-0171",-0.0854566802764995
"chr4-0172",0.0922823244312825
"chr4-0173",-0.345305204250129
"chr4-0174",-0.00897537997021181
"chr4-0175",-0.496143820104044
"chr4-0176",-0.0575225953882604
"chr4-0177",-0.255248022781528
"chr4-0178",0.0262571763823933
"chr4-0179",-0.197253278918823
"chr4-0180",-0.068617910959425
"chr4-0181",0.114501131783358
"chr4-0182",0.0287210745400424
"chr4-0183",-0.0915533957690219
"chr4-0184",0.162068251222366
"chr4-0185",0.0710408691176308
"chr4-0186",0.343670697760658
"chr4-0187",-0.0241973408640538
"chr4-0188",0.0431501579570985
"chr4-0189",0.00166005087935678
"chr4-0190",0.0722999923642171
"chr4-0191",0.306589118077467
"chr4-0192",0.279119690829004
"chr4-0193",0.406170378966461
"chr4-0194",-0.0155737924474506
"chr4-0195",0.0849874986160586
"chr4-0196",-0.266464400494084
"chr4-0197",0.589576731450864
"chr4-0198",0.00247211722649139
"chr4-0199",-0.100080588427811
"chr4-0200",0.590765721594706
"chr4-0201",0.0889542006777053
"chr4-0202",-0.184957187870548
"chr4-0203",0.47827063245723
"chr4-0204",0.126592688016454
"chr4-0205",-0.060102803924144
"chr4-0206",-0.104906634048128
"chr4-0207",-0.562897365286491
"chr4-0208",-0.162411533078267
"chr4-0209",0.0581504303929845
"chr4-0210",-0.0724123203095482
"chr4-0211",-0.0827738330272312
"chr4-0212",-0.25357258394044
"chr4-0213",-0.00624658428877493
"chr4-0214",0.278685234967561
"chr4-0215",0.023737754250349
"chr4-0216",-0.0222715594222333
"chr4-0217",-0.102277864629963
"chr4-0218",-0.449659276154014
"chr4-0219",-0.0288444134932341
"chr4-0220",0.0700178234696073
"chr4-0221",0.478059637232978
"chr4-0222",0.0904435680082312
"chr4-0223",0.0552403764253835
"chr4-0224",0.0768759624007627
"chr4-0225",-0.412669965270352
"chr4-0226",0.143399648069718
"chr4-0227",-0.562196251710098
"chr4-0228",-0.0439154005937461
"chr4-0229",-0.165122440808943
"chr4-0230",-0.0177663137476001
"chr4-0231",-0.0383962849055505
"chr4-0232",0.256079673127766
"chr4-0233",0.029020853411827
"chr4-0234",-0.184330988241372
"chr4-0235",0.0766214899221594
"chr4-0236",-0.0286486567366919
"chr4-0237",-0.0920315235630726
"chr4-0238",-0.000944706768602999
"chr4-0239",0.297869165270141
"chr4-0240",0.456216985869558
"chr4-0241",-0.105951471578205
"chr4-0242",0.012638363279129
"chr4-0243",-0.168409681287357
"chr4-0244",0.159024495091651
"chr4-0245",-0.295532718542675
"chr4-0246",-0.147794338613289
"chr4-0247",0.126812762317593
"chr4-0248",0.163202933385819
"chr4-0249",-0.125754459729048
"chr4-0250",0.242774288110695
"chr4-0251",-0.0800607936033485
"chr4-0252",-0.245109586773636
"chr4-0253",0.192088150107677
"chr4-0254",0.0830229327542285
"chr4-0255",-0.381105231569386
"chr4-0256",-0.569320378839392
"chr4-0257",-0.17773427646729
"chr4-0258",-0.261916134065617
"chr4-0259",-0.189336376678372
"chr4-0260",0.0821849741298246
"chr4-0261",0.296243221459344
"chr4-0262",0.217170427212903
"chr4-0263",0.0660959709189134
"chr4-0264",-0.159349944106065
"chr4-0265",-0.164381503685998
"chr4-0266",-0.0795803918886826
"chr4-0267",0.0104901388489836
"chr4-0268",-0.091586334595302
"chr4-0269",0.105745633463722
"chr4-0270",-0.0731691381051258
"chr4-0271",-0.197504946018876
"chr4-0272",-0.0877650502358266
"chr4-0273",0.00232501142172421
"chr4-0274",-0.27277990881566
"chr4-0275",-0.185845019716635
"chr4-0276",-0.453553358756839
"chr4-0277",0.259708276800453
"chr4-0278",0.599172067344882
"chr4-0279",-0.152667956074162
"chr4-0280",-0.0869263873585138
"chr4-0281",0.13100343765911
"chr4-0282",0.562187747757034
"chr4-0283",0.276067218368382
"chr4-0284",0.0397931408485363
"chr4-0285",-0.124700700360326
"chr4-0286",-0.0121464376171488
"chr4-0287",0.267046992718877
"chr4-0288",0.486343408141932
"chr4-0289",0.0352513855009647
"chr4-0290",0.969327079324896
"chr4-0291",-0.1099554022843
"chr4-0292",-0.0181438026057
"chr4-0293",0.0494916603557158
"chr4-0294",1.01111087444208
"chr4-0295",0.459013081226473
"chr4-0296",0.618268419728191
"chr4-0297",0.284915210816378
"chr4-0298",0.105121868249132
"chr4-0299",0.376351853737601
"chr4-0300",0.233561505287338
"chr4-0301",-0.14276128081014
"chr4-0302",-0.224956958803023
"chr4-0303",-0.0103187083702266
"chr4-0304",0.196295773442266
"chr4-0305",-0.18568858665376
"chr4-0306",-0.113065635336505
"chr4-0307",-0.114113058430948
"chr4-0308",-0.165060434441533
"chr4-0309",0.396264661337742
"chr4-0310",0.0327527583551885
"chr4-0311",0.54939771623389
"chr4-0312",0.230875673590801
"chr4-0313",-0.0823311628760914
"chr4-0314",-0.211426220566929
"chr4-0315",-0.0945335072320558
"chr4-0316",-0.265966686007046
"chr4-0317",-0.328685743196068
"chr4-0318",0.311879518555726
"chr4-0319",0.170502449959611
"chr4-0320",-0.0414174328845796
"chr4-0321",-0.417793041094623
"chr4-0322",0.0123850555370623
"chr4-0323",-0.201117333403505
"chr4-0324",0.0397408369581362
"chr4-0325",0.129276512948408
"chr4-0326",-0.0426797652679545
"chr4-0327",0.337761771833471
"chr4-0328",0.13053291641886
"chr4-0329",-0.146503494648065
"chr4-0330",-0.0475056221070322
"chr4-0331",-0.202652306292994
"chr4-0332",-0.318085921637657
"chr4-0333",0.251103139382092
"chr4-0334",-0.151285077271735
"chr4-0335",0.0480155316248511
"chr4-0336",-0.0809008640458839
"chr4-0337",0.00910424426446349
"chr4-0338",0.244527514789693
"chr4-0339",0.26871074860742
"chr4-0340",-0.270874039202076
"chr4-0341",-0.312805955034555
"chr4-0342",-0.0398330852590352
"chr4-0343",-0.225255642956045
"chr4-0344",-0.254007551423276
"chr4-0345",-0.27070891482631
"chr4-0346",-0.359088420658921
"chr4-0347",-0.273650340482834
"chr4-0348",-0.017857611639013
"chr4-0349",0.0941680600226613
"chr4-0350",0.202085040918907
"chr4-0351",0.356914432891353
"chr4-0352",-0.17596861411958
"chr4-0353",-0.174985344360866
"chr4-0354",0.167569632725137
"chr4-0355",0.131770504577682
"chr4-0356",0.158968940908556
"chr4-0357",0.0493706800543008
"chr4-0358",-0.151753103546356
"chr4-0359",-0.129110220830263
"chr4-0360",-0.0979982573020884
"chr4-0361",-0.357937856022777
"chr4-0362",-0.322633094801925
"chr4-0363",0.141966667032866
"chr4-0364",-0.125544036668184
"chr4-0365",0.0369590642594454
"chr4-0366",-0.118827291147805
"chr4-0367",0.25946648255376
"chr4-0368",0.0336884394527427
"chr4-0369",-0.18689248294037
"chr4-0370",-0.244488088910579
"chr4-0371",-0.163526113631111
"chr4-0372",-0.171769777795686
"chr4-0373",-0.221190142165952
"chr4-0374",-0.149663889354697
"chr4-0375",-0.163368731792076
"chr4-0376",0.0714272579416989
"chr4-0377",0.225237713804275
"chr4-0378",-0.327028073130397
"chr4-0379",0.107088457755456
"chr4-0380",0.225276770209978
"chr4-0381",-0.290461900853709
"chr4-0382",0.194380303745326
"chr4-0383",-0.546268792987645
"chr4-0384",-0.110178027834994
"chr4-0385",0.190651889763053
"chr4-0386",-0.28900026504749
"chr4-0387",-0.0893846928426552
"chr4-0388",-0.146638305677658
"chr4-0389",-0.132742226943864
"chr4-0390",0.399972297200617
"chr4-0391",0.152630771859571
"chr4-0392",-0.262172507646361
"chr4-0393",0.0401466703856216
"chr4-0394",1.55805134105096
"chr4-0395",0.0209426940234029
"chr4-0396",-0.163611304203068
"chr4-0397",0.124371862562194
"chr4-0398",-0.127687789821887
"chr4-0399",-0.0602175572698326
"chr4-0400",-0.0293132017170307
"chr4-0401",0.00830406322315571
"chr4-0402",-0.122821570892934
"chr4-0403",-0.00634319772096666
"chr4-0404",0.0817248612429754
"chr4-0405",0.248056387872084
"chr4-0406",-0.228978403052481
"chr4-0407",-0.0803062594513318
"chr4-0408",0.105859309994859
"chr4-0409",0.410876661422983
"chr4-0410",-0.0922540134618529
"chr4-0411",-0.178400301542298
"chr4-0412",0.101330915446672
"chr4-0413",-0.166935250528112
"chr4-0414",0.253313231710934
"chr4-0415",-0.0331950988032069
"chr4-0416",0.332657148152541
"chr4-0417",-0.177646205803051
"chr4-0418",0.000195887012451098
"chr4-0419",0.104257190832902
"chr4-0420",0.0293174536096752
"chr4-0421",0.0470456306765575
"chr4-0422",-0.257286496492988
"chr4-0423",0.22818051882422
"chr4-0424",-0.0561957040156445
"chr4-0425",-0.320454280268933
"chr4-0426",0.283148123580625
"chr4-0427",0.370652832673721
"chr4-0428",0.0750681546292139
"chr4-0429",-0.21603168010036
"chr4-0430",-0.081995062890762
"chr4-0431",-0.0855919249152715
"chr4-0432",-0.140567671952922
"chr4-0433",-0.188160759704834
"chr4-0434",-0.0130038486596928
"chr4-0435",-0.0569612873731028
"chr4-0436",-0.180533211306832
"chr4-0437",0.0685162646935684
"chr4-0438",0.0421969461343774
"chr4-0439",-0.178420698847819
"chr4-0440",-0.1293877962174
"chr4-0441",-0.343218003409338
"chr4-0442",0.0210796706369685
"chr4-0443",-0.347536257960492
"chr4-0444",0.186429292097965
"chr4-0445",-0.315741118124944
"chr4-0446",0.114191104959794
"chr4-0447",0.0522995869875341
"chr4-0448",-0.321924411122237
"chr4-0449",-0.0151708923017303
"chr4-0450",-0.223350735571506
"chr4-0451",-0.118420037666979
"chr4-0452",-0.0974926053834254
"chr4-0453",-0.20684150767312
"chr4-0454",-0.0304669447375557
"chr4-0455",-0.00439800863523613
"chr4-0456",0.285123951420539
"chr4-0457",-0.394407032002894
"chr4-0458",-0.0782846097208908
"chr4-0459",-0.0431482180924568
"chr4-0460",0.275791691736834
"chr4-0461",-0.141342574462129
"chr4-0462",-0.193149098716785
"chr4-0463",0.0420847505748616
"chr4-0464",-0.224947136224457
"chr4-0465",0.032863820075259
"chr4-0466",0.130278964108838
"chr4-0467",-0.230278915182523
"chr4-0468",0.0619439014178113
"chr4-0469",-0.12624498218071
"chr4-0470",-0.00252998098396765
"chr4-0471",-0.121441188020818
"chr4-0472",0.255345440058979
"chr4-0473",-0.115860534547449
"chr4-0474",-0.337952847257409
"chr4-0475",0.107594391806538
"chr4-0476",-0.270819172306972
"chr4-0477",-0.0771783383231224
"chr4-0478",0.126774977769949
"chr4-0479",0.159426407677157
"chr4-0480",0.634413208051057
"chr4-0481",-0.204665411290986
"chr4-0482",-0.237906100327846
"chr4-0483",-0.264231078075808
"chr4-0484",-0.181813766956901
"chr4-0485",0.0230293345801115
"chr4-0486",0.113452195976566
"chr4-0487",0.357469353910937
"chr4-0488",-0.106494318284601
"chr4-0489",0.0452548191214721
"chr4-0490",-0.0905610128469393
"chr4-0491",-0.114138791578592
"chr4-0492",0.414376147759451
"chr4-0493",0.241041427894646
"chr4-0494",0.166290601557259
"chr4-0495",0.456869315457762
"chr4-0496",0.0110399071203762
"chr4-0497",-0.0758836006146989
"chr4-0498",0.0450979425002372
"chr4-0499",0.126375125599047
"chr4-0500",-0.00561433367084698
"chr4-0501",0.0703453296464245
"chr4-0502",-0.14532779830876
"chr4-0503",-0.00972511234348997
"chr4-0504",0.0259270034858942
"chr4-0505",0.0477358620627794
"chr4-0506",0.107105725091488
"chr4-0507",0.516328765396648
"chr4-0508",0.128723381920982
"chr4-0509",0.0205693471467213
"chr4-0510",-0.102627026095003
"chr4-0511",-0.126790724335411
"chr4-0512",0.0908637021694222
"chr4-0513",-0.0630427864421429
"chr4-0514",-0.0368690496611722
"chr4-0515",-0.0849317148267694
"chr4-0516",-0.0109721707735347
"chr4-0517",0.358823647225077
"chr4-0518",0.0915651458529922
"chr4-0519",0.0696248590261013
"chr4-0520",0.0551888762237579
"chr4-0521",0.214196351698956
"chr4-0522",0.0096709120645309
"chr4-0523",0.0519553902362909
"chr4-0524",-0.124179713562876
"chr4-0525",-0.00955560298139611
"chr4-0526",-0.0561599203453386
"chr4-0527",-0.295395350121181
"chr4-0528",-0.0309668422338235
"chr4-0529",-0.2320240388999
"chr4-0530",0.191656036739638
"chr4-0531",-0.356834340007584
"chr4-0532",0.48319708736431
"chr4-0533",0.0265705375833951
"chr4-0534",-0.271851600742711
"chr4-0535",-0.171403331334982
"chr4-0536",-0.126050434924349
"chr4-0537",0.108896589522364
"chr4-0538",0.285446265767323
"chr4-0539",0.10951532825246
"chr4-0540",0.0787991120991635
"chr4-0541",0.380752734010202
"chr4-0542",-0.167382472273412
"chr4-0543",-0.172476410158777
"chr4-0544",-0.129117169208105
"chr4-0545",0.0764305718371225
"chr4-0546",0.289592715830442
"chr4-0547",-0.369876467622325
"chr4-0548",0.438092575263678
"chr4-0549",-0.00712376160969933
"chr4-0550",-0.103796054432224
"chr4-0551",0.354634356440792
"chr4-0552",-0.13435229036883
"chr4-0553",-0.526772279329739
"chr4-0554",-0.318454204470787
"chr4-0555",0.336513320754154
"chr4-0556",-0.00810041563711308
"chr4-0557",0.074082316036826
"chr4-0558",0.264559395984266
"chr4-0559",0.0722990661935831
"chr4-0560",0.502288840079848
"chr4-0561",0.500259053413368
"chr4-0562",0.00684611898697993
"chr4-0563",-0.287242182405548
"chr4-0564",0.139078078540435
"chr4-0565",0.238842848154092
"chr4-0566",0.166771969792776
"chr4-0567",0.223051705937925
"chr4-0568",0.245519942396702
"chr4-0569",-0.349829165900912
"chr4-0570",0.209184575129395
"chr4-0571",-0.167780260624449
"chr4-0572",-0.262162959811722
"chr4-0573",-0.0648675113151559
"chr4-0574",-0.0193981790023162
"chr4-0575",-0.301451253270563
"chr4-0576",0.0604605072790057
"chr4-0577",-0.227659700708439
"chr4-0578",0.136994977073073
"chr4-0579",0.402369741530734
"chr4-0580",0.0199892998268364
"chr4-0581",0.121712846455846
"chr4-0582",-0.199705648225253
"chr4-0583",-0.190014521627393
"chr4-0584",-0.127610491063209
"chr4-0585",-0.313620370232324
"chr4-0586",-0.284387448184867
"chr4-0587",-0.359992608013228
"chr4-0588",0.0337093278466269
"chr4-0589",0.0254066365286289
"chr4-0590",-0.679468010722884
"chr4-0591",-0.253102930489444
"chr4-0592",-0.230331471415076
"chr4-0593",-0.137104035942176
"chr4-0594",0.264034179852985
"chr4-0595",0.120764659159837
"chr4-0596",-0.0653407651194282
"chr4-0597",-0.340352504663938
"chr4-0598",0.0854131306346121
"chr4-0599",-0.13011961185447
"chr4-0600",-0.178135052956621
"chr4-0601",0.150224447849102
"chr4-0602",-0.0428717671454971
"chr4-0603",-0.228343915770415
"chr4-0604",0.105634380560735
"chr4-0605",-0.201344792284127
"chr4-0606",0.0149551677677173
"chr4-0607",-0.0195941775148997
"chr4-0608",-0.281537277987062
"chr4-0609",-0.1151719391684
"chr4-0610",-0.00116241541220927
"chr4-0611",-1.0661057098506
"chr4-0612",0.0321929003419815
"chr4-0613",-0.134331263959126
"chr4-0614",-0.120843518991492
"chr4-0615",0.130323837165834
"chr4-0616",0.0592858497704379
"chr4-0617",0.258178993960879
"chr4-0618",0.182306037878406
"chr4-0619",-0.22778790449963
"chr4-0620",0.0137966392966369
"chr4-0621",-0.26272734607256
"chr4-0622",-0.146197880397342
"chr4-0623",-0.378638634007829
"chr4-0624",0.0621687523229051
"chr4-0625",-0.164955861393013
"chr4-0626",-0.291221716466489
"chr4-0627",0.110496921824971
"chr4-0628",0.084022136523635
"chr4-0629",0.321716970520941
"chr4-0630",-0.184167885208866
"chr4-0631",-0.209149480490518
"chr4-0632",-0.14976926465062
"chr4-0633",0.301896372628957
"chr4-0634",-0.0357552135913008
"chr4-0635",-0.180329254420741
"chr4-0636",0.263862223865518
"chr4-0637",0.355381591795676
"chr4-0638",0.403460415320686
"chr4-0639",0.298670107820887
"chr4-0640",0.0090413402076074
"chr4-0641",0.133629779034399
"chr4-0642",0.0785878921428059
"chr4-0643",-0.234740422640251
"chr4-0644",-0.123891783143829
"chr4-0645",-0.200266542477116
"chr4-0646",-0.15680108423362
"chr4-0647",-0.030604586035842
"chr4-0648",-0.443785640665248
"chr4-0649",0.477228130658389
"chr4-0650",-0.141025388780307
"chr4-0651",-0.401771423068716
"chr4-0652",0.26416570680052
"chr4-0653",-0.127473636095152
"chr4-0654",-0.187442118493293
"chr4-0655",-0.33238845554726
"chr4-0656",-0.0687734879374359
"chr4-0657",0.0972956660524232
"chr4-0658",0.155841534457667
"chr4-0659",-0.0706655902470286
"chr4-0660",-0.083756244111975
"chr4-0661",0.351307652055603
"chr4-0662",0.0509159030382738
"chr4-0663",-0.0604703492145421
"chr4-0664",0.0256196448530765
"chr4-0665",-0.259561581413425
"chr4-0666",0.143279707467772
"chr4-0667",0.0331773195199116
"chr4-0668",-0.27976214827192
"chr4-0669",-0.339049812523652
"chr4-0670",-0.15035392509876
"chr4-0671",-0.0472981496627194
"chr4-0672",-0.0625456575196766
"chr4-0673",-0.147879976527481
"chr4-0674",-0.147173926619137
"chr4-0675",-0.23591913359978
"chr4-0676",-0.21077003876732
"chr4-0677",0.0063644866035589
"chr4-0678",-0.123994545511102
"chr4-0679",0.317356940517925
"chr4-0680",-0.117402880966328
"chr4-0681",-0.163670256970756
"chr4-0682",0.250001748728801
"chr4-0683",0.100028707226802
"chr4-0684",-0.0662359883850614
"chr4-0685",-0.154231875355979
"chr4-0686",0.104228704056689
"chr4-0687",0.0909896165799109
"chr4-0688",0.43746817656861
"chr4-0689",0.265233272418189
"chr4-0690",0.0403011251770816
"chr4-0691",-0.0118625917446005
"chr4-0692",0.131792307299989
"chr4-0693",-0.052549859952801
"chr4-0694",0.0121319631548901
"chr4-0695",0.00157616656889984
"chr4-0696",-0.160412815857259
"chr4-0697",0.251355310540756
"chr4-0698",0.0830200396991884
"chr4-0699",0.433080954417728
"chr4-0700",-0.172632144154707
"chr4-0701",0.577296095106834
"chr4-0702",0.0211662476961499
"chr4-0703",-0.0719397695310097
"chr4-0704",0.0388170804743146
"chr4-0705",0.0259813932015782
"chr4-0706",-0.265689188965337
"chr4-0707",-0.37224872503923
"chr4-0708",0.23466261382421
"chr4-0709",0.055158583561288
"chr4-0710",0.0643413767143453
"chr4-0711",0.104519605114235
"chr4-0712",-0.347632643392447
"chr4-0713",-0.233153988409364
"chr4-0714",-0.23757953867
"chr4-0715",-0.334080228773585
"chr4-0716",-0.147797635090917
"chr4-0717",-0.210868519906956
"chr4-0718",0.104198498483837
"chr4-0719",0.0235109747600257
"chr4-0720",-0.115962505119062
"chr4-0721",0.160985639074767
"chr4-0722",-0.238672235281343
"chr4-0723",-0.0924489116089663
"chr4-0724",-0.532050963055917
"chr4-0725",-0.0351492571824729
"chr4-0726",0.207031436093649
"chr4-0727",0.197681766824803
"chr4-0728",-0.24634922450906
"chr4-0729",0.125891596064539
"chr4-0730",0.0781374957078466
"chr4-0731",-0.273647649576033
"chr4-0732",-0.0276963202563343
"chr4-0733",-0.187286828400426
"chr4-0734",0.454652378862901
"chr4-0735",-0.395143791472861
"chr4-0736",0.334561844519226
"chr4-0737",-0.0974180868738575
"chr4-0738",-0.251988937106414
"chr4-0739",0.280502675361686
"chr4-0740",0.708965312158015
"chr4-0741",0.17275910549607
"chr4-0742",0.206451353050175
"chr4-0743",-0.079993108488328
"chr4-0744",0.112748111846327
"chr4-0745",0.00468357418513991
"chr4-0746",0.0038664900560257
"chr4-0747",-0.0959131030204691
"chr4-0748",0.271774363551237
"chr4-0749",0.0471078904658438
"chr4-0750",0.00812947555879466
"chr4-0751",0.196426951813561
"chr4-0752",0.123936813074487
"chr4-0753",-0.226075107755832
"chr4-0754",0.178624610347865
"chr4-0755",-0.295857954531435
"chr4-0756",-0.19850436786694
"chr4-0757",0.125893741391479
"chr4-0758",-0.0319157779862792
"chr4-0759",-0.00735414262880919
"chr4-0760",0.0510453964817905
"chr4-0761",0.0620450912679675
"chr4-0762",0.125479658844129
"chr4-0763",-0.212687115182089
"chr4-0764",0.0784081531423503
"chr4-0765",0.0533587915955905
"chr4-0766",-0.117850643806527
"chr4-0767",-0.0593866365055168
"chr4-0768",0.250081595906175
"chr4-0769",-0.110777145383638
"chr4-0770",-0.082606867926906
"chr4-0771",0.137833091189035
"chr4-0772",-0.274063298130295
"chr4-0773",0.305431363937452
"chr4-0774",-0.277786063481804
"chr4-0775",0.25444363441206
"chr4-0776",-0.141364591282074
"chr4-0777",-0.0579270337337435
"chr4-0778",-0.190716004840982
"chr4-0779",-0.00500519330032043
"chr4-0780",-0.217257384504124
"chr4-0781",-0.101914055500259
"chr4-0782",-0.276797056903901
"chr4-0783",-0.0779538996131342
"chr4-0784",0.0594921396999028
"chr4-0785",0.184965243292858
"chr4-0786",0.135008054756473
"chr4-0787",-0.00788776103023537
"chr4-0788",-0.0198877253989071
"chr4-0789",0.103889232013989
"chr4-0790",0.0321925110279314
"chr4-0791",0.146296519798827
"chr4-0792",-0.231538347654645
"chr4-0793",-0.244594273732442
"chr4-0794",-0.0695397528367219
"chr4-0795",0.000962039733323964
"chr4-0796",0.281262575184096
"chr4-0797",-0.0814707625588348
"chr4-0798",0.0743171296845506
"chr4-0799",0.0505475601840704
"chr4-0800",0.474529334876839
"chr4-0801",0.207244820828628
"chr4-0802",0.280686438779369
"chr4-0803",0.111599927608948
"chr4-0804",-0.163112909437899
"chr4-0805",0.351960624791152
"chr4-0806",-0.0484095228675685
"chr4-0807",0.33231305367153
"chr4-0808",0.208857681681352
"chr4-0809",0.349676048618551
"chr4-0810",0.788328963904498
"chr4-0811",0.603489160799288
"chr4-0812",0.161668846988662
"chr4-0813",-0.0387849028727542
"chr4-0814",0.260383640012374
"chr4-0815",-0.117188206529826
"chr4-0816",-0.241603470076854
"chr4-0817",0.0905266066198763
"chr4-0818",0.242680871731774
"chr4-0819",-0.0316299994859173
"chr5-0001",0.103739092088402
"chr5-0002",0.112207951632138
"chr5-0003",0.401785608229823
"chr5-0004",0.189407008559224
"chr5-0005",0.150884142648984
"chr5-0006",0.0685540447743788
"chr5-0007",0.329819147295701
"chr5-0008",0.0375219611606237
"chr5-0009",0.172454807475279
"chr5-0010",0.0328225802049025
"chr5-0011",0.285607599896066
"chr5-0012",0.0840115013827198
"chr5-0013",0.155454771767701
"chr5-0014",-0.0124726153448104
"chr5-0015",0.243383604575946
"chr5-0016",0.0876137372323705
"chr5-0017",0.0473832799581799
"chr5-0018",0.133539570969576
"chr5-0019",0.109709436968585
"chr5-0020",0.247854479075843
"chr5-0021",-0.046349938563473
"chr5-0022",0.0685371632371626
"chr5-0023",0.175542435404209
"chr5-0024",-0.0168407815625926
"chr5-0025",0.185595548487532
"chr5-0026",-0.16386390854251
"chr5-0027",-0.12796744328824
"chr5-0028",0.00776959116388915
"chr5-0029",-0.286463905759426
"chr5-0030",-0.109129444697613
"chr5-0031",0.182685330547642
"chr5-0032",-0.178145576491326
"chr5-0033",-0.102567908819324
"chr5-0034",-0.0429113002965384
"chr5-0035",0.260320177026971
"chr5-0036",0.0855984453191095
"chr5-0037",0.256364017771451
"chr5-0038",-0.0777041051747463
"chr5-0039",-0.543523348730894
"chr5-0040",0.141014861410682
"chr5-0041",-0.0776011081808597
"chr5-0042",-0.481919600838261
"chr5-0043",-0.126297151861893
"chr5-0044",0.0713162229600795
"chr5-0045",-0.348615637996
"chr5-0046",-0.156487936935703
"chr5-0047",-0.385143320422178
"chr5-0048",-0.50638128488998
"chr5-0049",-0.255037792155569
"chr5-0050",-0.138202442630124
"chr5-0051",0.14503534089188
"chr5-0052",-0.0287923737786287
"chr5-0053",-0.117350321906825
"chr5-0054",0.0970212896634977
"chr5-0055",-0.136989388320078
"chr5-0056",-0.0204217904600827
"chr5-0057",-0.267700642361931
"chr5-0058",-0.304973729455145
"chr5-0059",0.0638322066374428
"chr5-0060",-0.30537355338697
"chr5-0061",0.188971747647836
"chr5-0062",-0.180158484028402
"chr5-0063",-0.269731265903783
"chr5-0064",-0.376682698919446
"chr5-0065",-0.436198256179416
"chr5-0066",-0.328264392030969
"chr5-0067",-0.212339740600944
"chr5-0068",-0.0465500018687322
"chr5-0069",-0.0478880288113267
"chr5-0070",-0.255581330127995
"chr5-0071",-0.15251172139653
"chr5-0072",-0.0556850470094578
"chr5-0073",-0.195715518023519
"chr5-0074",0.12543801546479
"chr5-0075",-0.307631141517415
"chr5-0076",0.038364002886016
"chr5-0077",0.155506467392397
"chr5-0078",0.223748031601331
"chr5-0079",-0.16554954164465
"chr5-0080",-0.246999784973768
"chr5-0081",-0.0190704301379245
"chr5-0082",-0.140131818688376
"chr5-0083",-0.129676120442503
"chr5-0084",0.0373639013977581
"chr5-0085",0.0254567656914846
"chr5-0086",0.212221159799677
"chr5-0087",0.0282376201540348
"chr5-0088",-0.0194064691602338
"chr5-0089",-0.0212163266834501
"chr5-0090",0.625796723198263
"chr5-0091",-0.299856222472796
"chr5-0092",-0.102426011111722
"chr5-0093",-0.190917491118298
"chr5-0094",-0.130795214120723
"chr5-0095",-0.0880438551381944
"chr5-0096",-0.508496018560582
"chr5-0097",0.112244113670441
"chr5-0098",-0.106594688503802
"chr5-0099",0.0804037562787949
"chr5-0100",-0.0288553705987573
"chr5-0101",-0.0735387037126059
"chr5-0102",0.159487690448365
"chr5-0103",-0.0468376215483444
"chr5-0104",0.0030283327798931
"chr5-0105",0.250042199868192
"chr5-0106",-0.150953542907397
"chr5-0107",0.20774618584434
"chr5-0108",0.0289756560942221
"chr5-0109",0.00790548376528526
"chr5-0110",0.280991135250393
"chr5-0111",-0.232452588998917
"chr5-0112",0.619606666020065
"chr5-0113",0.0694292887237899
"chr5-0114",0.252717144993366
"chr5-0115",-0.493311468344096
"chr5-0116",0.328138320475472
"chr5-0117",-0.0195600037571814
"chr5-0118",0.336048348629327
"chr5-0119",0.240009822381486
"chr5-0120",0.618046727228608
"chr5-0121",0.236648700690515
"chr5-0122",0.18192548357723
"chr5-0123",0.0534377376177023
"chr5-0124",0.0791375531931244
"chr5-0125",0.332446639001134
"chr5-0126",0.364906405317582
"chr5-0127",0.274188003690718
"chr5-0128",0.336647614104612
"chr5-0129",0.135556467578431
"chr5-0130",-0.0426803941299519
"chr5-0131",-0.144635177336117
"chr5-0132",-0.109971838204319
"chr5-0133",0.210604400353668
"chr5-0134",0.0842333482768097
"chr5-0135",-0.223481657952001
"chr5-0136",-0.11952192689981
"chr5-0137",-0.161661729895601
"chr5-0138",-0.136844264694922
"chr5-0139",0.0254280381351836
"chr5-0140",0.115115100783385
"chr5-0141",-0.0709376516396144
"chr5-0142",-0.2160705796144
"chr5-0143",-0.0634665034330525
"chr5-0144",0.0629764489670947
"chr5-0145",-0.42818789989335
"chr5-0146",-0.0639956230925054
"chr5-0147",0.194143721468639
"chr5-0148",0.0721248397844389
"chr5-0149",-0.246730667359281
"chr5-0150",-0.142597932653697
"chr5-0151",-0.279512131500431
"chr5-0152",-0.198794588828348
"chr5-0153",-0.265167897402287
"chr5-0154",-0.558500882578521
"chr5-0155",-0.275459434660313
"chr5-0156",-0.246970153366983
"chr5-0157",-0.106283924192949
"chr5-0158",0.109137169029626
"chr5-0159",0.107034576261374
"chr5-0160",-0.255714092081952
"chr5-0161",-0.45507614678351
"chr5-0162",-0.0758311350447319
"chr5-0163",0.237779389902655
"chr5-0164",0.0422703616613692
"chr5-0165",-0.423689062341776
"chr5-0166",-0.535556763980989
"chr5-0167",-0.169742219046136
"chr5-0168",-0.149494455459031
"chr5-0169",-0.308144984106877
"chr5-0170",-0.0148304477015673
"chr5-0171",-0.336557842060652
"chr5-0172",0.222314960684105
"chr5-0173",0.333658018764132
"chr5-0174",-0.0233354012117727
"chr5-0175",0.245419984199532
"chr5-0176",-0.0637404715954492
"chr5-0177",-0.164923132217437
"chr5-0178",-0.356481656257459
"chr5-0179",-0.509814985328519
"chr5-0180",-0.285059342326964
"chr5-0181",-0.0640984135391775
"chr5-0182",0.0128693766921347
"chr5-0183",-0.416491887688032
"chr5-0184",-0.386316434969366
"chr5-0185",0.0695176675866648
"chr5-0186",-0.180559021982848
"chr5-0187",-0.0249833370180571
"chr5-0188",-0.111325712745234
"chr5-0189",0.137946504964789
"chr5-0190",-0.406429901303129
"chr5-0191",-0.140177961516419
"chr5-0192",-0.137795302978825
"chr5-0193",-0.130673488006747
"chr5-0194",-0.00691457543273448
"chr5-0195",-0.0256497256961475
"chr5-0196",-0.0370196577555563
"chr5-0197",-0.276226828769701
"chr5-0198",0.378352061335692
"chr5-0199",0.237202069449438
"chr5-0200",0.0281996511619743
"chr5-0201",-0.266255712214932
"chr5-0202",-0.360118004620305
"chr5-0203",-0.280008088180694
"chr5-0204",-0.201984017158299
"chr5-0205",0.00936597444695614
"chr5-0206",0.123308019783312
"chr5-0207",0.23418049844711
"chr5-0208",0.147629373533285
"chr5-0209",0.319917236639196
"chr5-0210",0.0362233620015311
"chr5-0211",-0.0109197236380476
"chr5-0212",-0.0733460375429817
"chr5-0213",-0.175537028798716
"chr5-0214",-0.134529924779374
"chr5-0215",0.125989531800969
"chr5-0216",-0.0296582292205321
"chr5-0217",-0.218832460975616
"chr5-0218",-0.215474786646208
"chr5-0219",-0.132557353359047
"chr5-0220",0.210648475871625
"chr5-0221",0.173747277188255
"chr5-0222",-0.183205766716703
"chr5-0223",-0.178548044205285
"chr5-0224",-0.0785380174339912
"chr5-0225",-0.494540077329073
"chr5-0226",0.0903280554114707
"chr5-0227",0.0358549371463403
"chr5-0228",-0.326284197905436
"chr5-0229",-0.311493430784006
"chr5-0230",-0.536215325913926
"chr5-0231",-0.220668178771392
"chr5-0232",-0.0579131966880089
"chr5-0233",0.174507673365774
"chr5-0234",0.0491182375252725
"chr5-0235",-0.189026970145218
"chr5-0236",-0.0679840414477766
"chr5-0237",-0.234590982246135
"chr5-0238",-0.216020994531721
"chr5-0239",-0.0899113862815886
"chr5-0240",-0.194508833430449
"chr5-0241",-0.0602767290654336
"chr5-0242",0.219756443934182
"chr5-0243",0.149104456647813
"chr5-0244",0.320353227374635
"chr5-0245",1.05591726631369
"chr5-0246",-0.143191372791005
"chr5-0247",0.396960090780023
"chr5-0248",0.470950914890893
"chr5-0249",0.354435060559891
"chr5-0250",-0.0475067693165496
"chr5-0251",0.201000355728547
"chr5-0252",-0.0482845507467242
"chr5-0253",-0.391778030493705
"chr5-0254",-0.463723977199929
"chr5-0255",-0.292454994784865
"chr5-0256",-0.492436818349964
"chr5-0257",-0.283800665615066
"chr5-0258",0.179938463517798
"chr5-0259",0.0585370224870161
"chr5-0260",0.0574577475274339
"chr5-0261",-0.295057730879914
"chr5-0262",-0.270281147675815
"chr5-0263",-0.316387025793938
"chr5-0264",-0.2638470870703
"chr5-0265",-0.307050200229753
"chr5-0266",-0.155752535223424
"chr5-0267",-0.357894847003389
"chr5-0268",-0.233018357566737
"chr5-0269",-0.00572871316812104
"chr5-0270",-0.0987730261645478
"chr5-0271",0.586596249039123
"chr5-0272",-0.378430217365978
"chr5-0273",0.219644379379319
"chr5-0274",-0.239752735022964
"chr5-0275",-0.157936047564265
"chr5-0276",-0.213206243317644
"chr5-0277",-0.340622449849866
"chr5-0278",-0.280019860293731
"chr5-0279",0.186127659860198
"chr5-0280",0.0442102147748409
"chr5-0281",-0.254027100872647
"chr5-0282",-0.206460026952583
"chr5-0283",0.04440673225586
"chr5-0284",0.0587571856287088
"chr5-0285",0.189786672454466
"chr5-0286",-0.195836033661707
"chr5-0287",-0.254823780289234
"chr5-0288",-0.0914102724163176
"chr5-0289",-0.0992114514956595
"chr5-0290",0.144228869023393
"chr5-0291",-0.149829395330493
"chr5-0292",-0.227219603813597
"chr5-0293",-0.137668375986974
"chr5-0294",-0.10903563626355
"chr5-0295",-0.0344241017107571
"chr5-0296",-0.442797246411264
"chr5-0297",-0.660510307942666
"chr5-0298",0.280726915792717
"chr5-0299",-0.128870840060957
"chr5-0300",0.549800631197744
"chr5-0301",0.0855322886953512
"chr5-0302",-0.16628880277832
"chr5-0303",0.188728590211208
"chr5-0304",0.0821874485360051
"chr5-0305",-0.266660215933143
"chr5-0306",-0.162852023853654
"chr5-0307",-0.359243302921965
"chr5-0308",-0.522894640869011
"chr5-0309",-0.113850355211002
"chr5-0310",-0.244036699363618
"chr5-0311",0.238205683052021
"chr5-0312",-0.090024739411747
"chr5-0313",0.283324531473545
"chr5-0314",-0.223704695128888
"chr5-0315",-0.506051004285279
"chr5-0316",-0.339398003326265
"chr5-0317",0.122182842600775
"chr5-0318",0.022426251824451
"chr5-0319",0.0311104577856796
"chr5-0320",0.0733548777046139
"chr5-0321",0.0563089402062938
"chr5-0322",0.096622589668014
"chr5-0323",0.39531917956449
"chr5-0324",0.271182889073812
"chr5-0325",-0.0584199871356646
"chr5-0326",-0.15566740300338
"chr5-0327",-0.581998634094466
"chr5-0328",-0.147078724861538
"chr5-0329",-0.273009149177046
"chr5-0330",-0.0963403105330438
"chr5-0331",-0.182200888444704
"chr5-0332",-0.0199537817715263
"chr5-0333",0.0327121423864406
"chr5-0334",-0.115582747658179
"chr5-0335",0.067694543277846
"chr5-0336",-0.216973117616276
"chr5-0337",-0.159660028741985
"chr5-0338",-0.225816952256057
"chr5-0339",-0.171583453384082
"chr5-0340",-0.168237264138474
"chr5-0341",-0.00453521530505355
"chr5-0342",-0.309128085469104
"chr5-0343",0.0316137884595231
"chr5-0344",-0.180664893905241
"chr5-0345",-0.515672015501237
"chr5-0346",-0.272430651521406
"chr5-0347",-0.180084656673378
"chr5-0348",-0.124921880586755
"chr5-0349",-0.037474156269966
"chr5-0350",-0.044470928258047
"chr5-0351",-0.0330092775751429
"chr5-0352",0.151167747468706
"chr5-0353",-0.181067766657863
"chr5-0354",-0.369546598150944
"chr5-0355",-0.389075324471978
"chr5-0356",-0.487354130060049
"chr5-0357",-0.223988784181429
"chr5-0358",-0.0676259150305704
"chr5-0359",-0.0856248600088415
"chr5-0360",0.0672453560765221
"chr5-0361",0.044210365036463
"chr5-0362",0.160945896907864
"chr5-0363",0.0385535357107718
"chr5-0364",-0.123110170076484
"chr5-0365",-0.308901617021039
"chr5-0366",-0.0786601913926788
"chr5-0367",-0.167710202346513
"chr5-0368",0.0332331836017476
"chr5-0369",-0.220333333771416
"chr5-0370",-0.231480454489895
"chr5-0371",-0.127718992172232
"chr5-0372",0.502311798485307
"chr5-0373",-0.0760645430401276
"chr5-0374",-0.148183886118374
"chr5-0375",-0.149599530313283
"chr5-0376",-0.0356956682752003
"chr5-0377",-0.122999050128978
"chr5-0378",-0.234386529592496
"chr5-0379",0.0856034041786451
"chr5-0380",-0.152424608824522
"chr5-0381",0.285671641105996
"chr5-0382",0.0430641872290273
"chr5-0383",-0.24550233434402
"chr5-0384",-0.0422915848214024
"chr5-0385",0.176934829040035
"chr5-0386",-0.348060053172048
"chr5-0387",-0.143594572143635
"chr5-0388",-0.0247947245179487
"chr5-0389",0.0666727017629231
"chr5-0390",0.312976106247613
"chr5-0391",0.0391973799374368
"chr5-0392",0.077585772967853
"chr5-0393",0.0445226504997512
"chr5-0394",-0.0591939327028463
"chr5-0395",0.262217560200891
"chr5-0396",-0.119994004830504
"chr5-0397",-0.200868002066322
"chr5-0398",0.878936696921094
"chr5-0399",-0.0747079673014285
"chr5-0400",-0.10276453486287
"chr5-0401",0.358672963796238
"chr5-0402",-0.237098927523726
"chr5-0403",-0.0963687959025689
"chr5-0404",0.0969279434672524
"chr5-0405",-0.21716816122534
"chr5-0406",0.00361236353460744
"chr5-0407",-0.087306087192223
"chr5-0408",-0.0313985603472586
"chr5-0409",0.0658188581845869
"chr5-0410",-0.299714975123359
"chr5-0411",0.0134628141515695
"chr5-0412",0.353932679403006
"chr5-0413",0.402960695847662
"chr5-0414",-0.235070715207191
"chr5-0415",0.0461713573344138
"chr5-0416",-0.164046625220777
"chr5-0417",0.0886579590421005
"chr5-0418",-0.0752810264697581
"chr5-0419",0.320489022036693
"chr5-0420",-0.0646219105282296
"chr5-0421",0.218390312859982
"chr5-0422",0.0115159745458004
"chr5-0423",0.70542909499741
"chr5-0424",0.202853210858483
"chr5-0425",-0.0221322674663822
"chr5-0426",0.0541009420082145
"chr5-0427",-0.0320427176211227
"chr5-0428",0.198328463808506
"chr5-0429",-0.414688063728448
"chr5-0430",-0.23666058120254
"chr5-0431",-0.188975169083035
"chr5-0432",-0.0430182118275801
"chr5-0433",-0.134509228766653
"chr5-0434",0.194976182844646
"chr5-0435",0.211334092888817
"chr5-0436",0.0200893245530573
"chr5-0437",-0.241548607821451
"chr5-0438",0.135501629093361
"chr5-0439",-0.107382915793565
"chr5-0440",0.201956629151043
"chr5-0441",-0.0212831514870108
"chr5-0442",-0.365234613739499
"chr5-0443",0.168522763031275
"chr5-0444",0.851139004280118
"chr5-0445",-0.113149461489426
"chr5-0446",-0.14265041038235
"chr5-0447",-0.109391309100405
"chr5-0448",-0.0980353150287617
"chr5-0449",-0.27634407398453
"chr5-0450",-0.116677787545121
"chr5-0451",-0.123105533548016
"chr5-0452",-0.108416293920088
"chr5-0453",-0.432280872893726
"chr5-0454",-0.415779806148224
"chr5-0455",-0.0907269610892391
"chr5-0456",-0.0785831071022773
"chr5-0457",0.0794865669175741
"chr5-0458",-0.340711375783925
"chr5-0459",-0.350775359143921
"chr5-0460",0.0206361881040938
"chr5-0461",-0.36347549185966
"chr5-0462",0.0185756864477217
"chr5-0463",-0.104700810950126
"chr5-0464",0.316927073014397
"chr5-0465",-0.0281033681301199
"chr5-0466",0.146939259484359
"chr5-0467",0.400133005591524
"chr5-0468",-0.0788110201849077
"chr5-0469",0.00278072776108285
"chr5-0470",0.786303392010186
"chr5-0471",-0.0851921755688765
"chr5-0472",0.145740799047197
"chr5-0473",-0.333152962012674
"chr5-0474",0.0265764788016802
"chr5-0475",-0.233934217924053
"chr5-0476",0.114509604742565
"chr5-0477",0.0487154257529425
"chr5-0478",0.0881916904102193
"chr5-0479",-0.028837348941317
"chr5-0480",0.252668363060133
"chr5-0481",-0.0452202656104599
"chr5-0482",-0.217233526062652
"chr5-0483",-0.0458274802092651
"chr5-0484",-0.307620106622737
"chr5-0485",-0.247356923468622
"chr5-0486",0.401339816594707
"chr5-0487",-0.172339173229203
"chr5-0488",0.070945433768449
"chr5-0489",-0.227869301572462
"chr5-0490",0.27632885952215
"chr5-0491",0.0668841797854097
"chr5-0492",-0.111130313800601
"chr5-0493",-0.0129820932580139
"chr5-0494",0.0894020163114882
"chr5-0495",-0.239540497109837
"chr5-0496",-0.208699371883127
"chr5-0497",-0.105347952648814
"chr5-0498",-0.322171171142585
"chr5-0499",0.121918871532544
"chr5-0500",-0.288514122097583
"chr5-0501",-0.509280698034903
"chr5-0502",-0.0402033885105367
"chr5-0503",-0.105060336660805
"chr5-0504",-0.15681796868551
"chr5-0505",0.292636442164031
"chr5-0506",-0.337655962467008
"chr5-0507",-0.319371904904726
"chr5-0508",-0.330650908600998
"chr5-0509",-0.171528475149097
"chr5-0510",-0.270029360176366
"chr5-0511",0.0085112442068276
"chr5-0512",0.0756002015889951
"chr5-0513",-0.146381469090222
"chr5-0514",-0.205472275590723
"chr5-0515",-0.260816318964489
"chr5-0516",0.219721419443995
"chr5-0517",-0.191465018699518
"chr5-0518",-0.277461894189972
"chr5-0519",0.313885007954923
"chr5-0520",-0.179694338047515
"chr5-0521",-0.107419646440042
"chr5-0522",-0.139364244316141
"chr5-0523",-0.0720291358393994
"chr5-0524",-0.0196277072529378
"chr5-0525",-0.0198539500147998
"chr5-0526",-0.234438922835684
"chr5-0527",-0.12968842124615
"chr5-0528",-0.144386646915592
"chr5-0529",-0.216435761648279
"chr5-0530",0.204257715053392
"chr5-0531",0.074796578400916
"chr5-0532",-0.245679021200702
"chr5-0533",-0.0748469507394834
"chr5-0534",-0.0164736904955654
"chr5-0535",-0.0688464612205031
"chr5-0536",0.153760006114369
"chr5-0537",-0.122054537518385
"chr5-0538",0.181824937078652
"chr5-0539",0.202646091517012
"chr5-0540",0.140216591171688
"chr5-0541",0.0459859797363503
"chr5-0542",-0.0726089639956508
"chr5-0543",-0.0562298913618995
"chr5-0544",-0.00910952444208809
"chr5-0545",-0.179905604335156
"chr5-0546",0.00937352707170894
"chr5-0547",-0.01039989599152
"chr5-0548",-0.435119489974458
"chr5-0549",0.14449447671127
"chr5-0550",0.0774249455152532
"chr5-0551",0.210597472906725
"chr5-0552",-0.280413745689133
"chr5-0553",-0.29659116640606
"chr5-0554",-0.477018966545649
"chr5-0555",-0.0529193444999153
"chr5-0556",0.223152350950884
"chr5-0557",0.0801173966099593
"chr5-0558",0.443508346469761
"chr5-0559",-0.227022821288124
"chr5-0560",-0.290165753844196
"chr5-0561",0.188855935544069
"chr5-0562",-0.194003106897157
"chr5-0563",-0.141630545398279
"chr5-0564",-0.526759871642118
"chr5-0565",-0.189006600682441
"chr5-0566",-0.025501059715383
"chr5-0567",0.0758245539276804
"chr5-0568",0.167301775706878
"chr5-0569",0.129896564125123
"chr5-0570",-0.0211621574974298
"chr5-0571",-0.276502006446848
"chr5-0572",0.236164163537284
"chr5-0573",-0.213704288067057
"chr5-0574",-0.261379948076765
"chr5-0575",-0.11326444628378
"chr5-0576",-0.356677651647312
"chr5-0577",-0.196357276862952
"chr5-0578",0.579831064292517
"chr5-0579",-0.0792405428740452
"chr5-0580",0.175343696106127
"chr5-0581",0.511550409094558
"chr5-0582",0.0734661834586956
"chr5-0583",-0.0569776066503287
"chr5-0584",-0.0186413729680779
"chr5-0585",-0.176536867614142
"chr5-0586",0.124138170417854
"chr5-0587",0.447747210200434
"chr5-0588",0.234639648475341
"chr5-0589",-0.0395144330476155
"chr5-0590",-0.542755479558155
"chr5-0591",-0.196572597968069
"chr5-0592",-0.347876828361187
"chr5-0593",-0.439748871019589
"chr5-0594",-0.292110953282706
"chr5-0595",-0.326634823741064
"chr5-0596",-0.21909733648372
"chr5-0597",-0.370006197763699
"chr5-0598",-0.269703938120824
"chr5-0599",-0.100698209813192
"chr5-0600",-0.304536219239279
"chr5-0601",0.00800372115455244
"chr5-0602",0.0174686103830009
"chr5-0603",-0.131799252167498
"chr5-0604",0.066259033323077
"chr5-0605",-0.275031251717794
"chr5-0606",-0.288000698529019
"chr5-0607",-0.484336210233594
"chr5-0608",-0.137239240130776
"chr5-0609",-0.360542025904722
"chr5-0610",-0.364612899472205
"chr5-0611",-0.0795829826762371
"chr5-0612",-0.441360467963686
"chr5-0613",-0.306207571246395
"chr5-0614",0.345992832240893
"chr5-0615",-0.260465047989729
"chr5-0616",-0.027441853998591
"chr5-0617",0.136275465746629
"chr5-0618",0.17467367367409
"chr5-0619",-0.200725032038727
"chr5-0620",0.00980787242972663
"chr5-0621",0.121667265260118
"chr5-0622",-0.456608868692817
"chr5-0623",-0.483027363648055
"chr5-0624",-0.336149971706497
"chr5-0625",-0.297661263470244
"chr5-0626",-0.159189294201836
"chr5-0627",-0.229521359592002
"chr5-0628",-0.364183698149517
"chr5-0629",0.0599916015164546
"chr5-0630",-0.374416549403597
"chr5-0631",-0.240518817516174
"chr5-0632",-0.427037078067109
"chr5-0633",-0.248342342570683
"chr5-0634",-0.463298608064029
"chr5-0635",-0.277640435891042
"chr5-0636",-0.684928672196357
"chr5-0637",-0.0894712277638507
"chr5-0638",-0.249072942177623
"chr5-0639",-0.257788007555868
"chr5-0640",-0.349039361606053
"chr5-0641",-0.191599978354864
"chr5-0642",-0.0724396660102228
"chr5-0643",-0.0831109504021732
"chr5-0644",0.0501256244394514
"chr5-0645",-0.29449226208906
"chr5-0646",0.156496884898546
"chr5-0647",-0.114016255305167
"chr5-0648",-0.113556209759268
"chr5-0649",-0.118743260086377
"chr5-0650",-0.115413413693623
"chr5-0651",0.0166629485417648
"chr5-0652",-0.330028292765144
"chr5-0653",-0.126844856083072
"chr5-0654",0.093342220138498
"chr5-0655",-0.149695165929299
"chr5-0656",-0.0169581724168338
"chr5-0657",-0.228274690366906
"chr5-0658",-0.640330298376638
"chr5-0659",-0.36717719740778
"chr5-0660",-0.145248689115014
"chr5-0661",0.115968686852405
"chr5-0662",-0.259329045072975
"chr5-0663",-0.14268538324784
"chr5-0664",-0.187613119505024
"chr5-0665",-0.296204155929892
"chr5-0666",0.23213064881812
"chr5-0667",0.390474148603176
"chr5-0668",-0.287433137768264
"chr5-0669",-0.285828043137647
"chr5-0670",-0.164498936512977
"chr5-0671",-0.0394861936157806
"chr5-0672",-0.0821156361719761
"chr5-0673",0.0197513755009376
"chr5-0674",0.146740843477085
"chr5-0675",-0.190279407983889
"chr5-0676",-0.589579153566414
"chr5-0677",-0.24135460203607
"chr5-0678",-0.164009996055525
"chr5-0679",-0.311346287634105
"chr5-0680",0.0204854424687807
"chr5-0681",-0.201775896795843
"chr5-0682",-0.0277300724518544
"chr5-0683",-0.148105554748044
"chr5-0684",-0.246756635747778
"chr5-0685",-0.256668483753376
"chr5-0686",-0.31612278189323
"chr5-0687",-0.0188555371455178
"chr5-0688",-0.0973942252801354
"chr5-0689",0.248036593049761
"chr5-0690",-0.427365279275511
"chr5-0691",-0.0276050659931188
"chr5-0692",-0.0986518465107237
"chr5-0693",-0.136272909751954
"chr5-0694",-0.389558009388271
"chr5-0695",-0.190937927807151
"chr5-0696",-0.424939359198084
"chr5-0697",-0.0734172546851461
"chr5-0698",-0.150931147291334
"chr5-0699",0.0103725025481086
"chr5-0700",-0.243918313191782
"chr5-0701",-0.266062557830754
"chr5-0702",-0.195368584982765
"chr5-0703",-0.394158220887869
"chr5-0704",-0.0825236665115426
"chr5-0705",0.387322680452021
"chr5-0706",0.0846130253759746
"chr5-0707",-0.265083218895771
"chr5-0708",-0.206776863250393
"chr5-0709",-0.186014443533083
"chr5-0710",-0.152397991900668
"chr5-0711",0.00385138261331814
"chr5-0712",-0.26493697055463
"chr5-0713",0.101642605961847
"chr5-0714",-0.0991883399855505
"chr5-0715",0.481136055084641
"chr5-0716",-0.328246888692789
"chr5-0717",-0.169708128506899
"chr5-0718",-0.183734267209885
"chr5-0719",-0.157471258120792
"chr5-0720",0.184867792889616
"chr5-0721",-0.432374927093258
"chr5-0722",-0.351268156214734
"chr5-0723",-0.0592587639117108
"chr5-0724",-0.126754265710238
"chr5-0725",-0.143945873898595
"chr5-0726",-0.257954151166765
"chr5-0727",-0.19975110183322
"chr5-0728",-0.318912371855515
"chr5-0729",-0.0838432690868203
"chr5-0730",-0.334751172685684
"chr5-0731",-0.415535333088675
"chr5-0732",-0.205407306544154
"chr5-0733",-0.10324515527849
"chr5-0734",-0.25668588342033
"chr5-0735",-0.105603025912566
"chr5-0736",-0.288778719465812
"chr5-0737",-0.364892225160494
"chr5-0738",-0.226385650571664
"chr5-0739",-0.419405836716763
"chr5-0740",-0.0146751019237477
"chr5-0741",-0.0731762604168192
"chr5-0742",-0.240972679980098
"chr5-0743",-0.234614670919182
"chr5-0744",-0.394684183765858
"chr5-0745",-0.189440578518466
"chr5-0746",-0.160581230178349
"chr5-0747",-0.144308452279366
"chr5-0748",-0.318845305979434
"chr5-0749",-0.0874502836662166
"chr5-0750",-0.236531681518396
"chr5-0751",0.0698069519137907
"chr5-0752",-0.280091786582007
"chr5-0753",-0.236613224805498
"chr5-0754",-0.124955577875234
"chr5-0755",-0.56517802653228
"chr5-0756",-0.451328866920546
"chr5-0757",-0.111970113905434
"chr5-0758",-0.459938705787546
"chr5-0759",-0.148745925616307
"chr5-0760",-0.204382497135048
"chr5-0761",0.0888628433953394
"chr5-0762",-0.125692173702471
"chr5-0763",-0.0913150763579402
"chr5-0764",-0.0293129042337036
"chr5-0765",-0.140082448276895
"chr5-0766",-0.182295367654764
"chr5-0767",-0.0485158887319131
"chr5-0768",-0.481416585165787
"chr5-0769",-0.125754180115696
"chr5-0770",0.24314657050092
"chr5-0771",-0.0363682740533501
"chr5-0772",-0.230015228064359
"chr5-0773",-0.249459825946247
"chr5-0774",-0.298337795787143
"chr5-0775",-0.0897802919403732
"chr5-0776",-0.0819609959413619
"chr5-0777",0.40437638795224
"chr5-0778",0.139054550959024
"chr5-0779",0.050531627744935
"chr5-0780",-0.203133932883853
"chr5-0781",-0.279276257950183
"chr5-0782",-0.402173329801398
"chr5-0783",-0.0797423343039095
"chr5-0784",-0.212638440962537
"chr5-0785",-0.177295276383701
"chr5-0786",0.372623449088144
"chr5-0787",0.0702422577404134
"chr5-0788",0.0522481738855803
"chr5-0789",0.019740134074727
"chr5-0790",-0.212784270444521
"chr5-0791",-0.217164977240664
"chr5-0792",-0.230445998233621
"chr5-0793",0.364110546765708
"chr5-0794",-0.0901903795616091
"chr5-0795",-0.146559737818754
"chr5-0796",0.136954702652127
"chr5-0797",0.049272739080941
"chr5-0798",-0.130980424759078
"chr5-0799",-0.0861570261421025
"chr5-0800",0.0288656242019038
"chr5-0801",0.371563884225132
"chr5-0802",-0.343782332091708
"chr5-0803",-0.168084297604565
"chr5-0804",-0.0584300893174176
"chr5-0805",-0.46067401202166
"chr5-0806",0.00174376154560283
"chr5-0807",-0.273167858250775
"chr5-0808",0.351521121007629
"chr5-0809",0.33305449709164
"chr5-0810",0.0109686597041485
"chr5-0811",0.233713514259998
"chr5-0812",0.117739278313389
"chr5-0813",0.21039954433775
"chr5-0814",-0.495428292299873
"chr5-0815",0.15351360704264
"chr5-0816",-0.0947760122613423
"chr5-0817",-0.394779641993618
"chr5-0818",-0.406805842925924
"chr5-0819",-0.0974747449240624
"chr5-0820",-0.356721219080216
"chr5-0821",-0.319052910622368
"chr5-0822",0.0772612336294182
"chr5-0823",-0.280786482293792
"chr5-0824",-0.199618380916587
"chr5-0825",-0.114890713732119
"chr5-0826",-0.604873402732014
"chr5-0827",-0.344121686960498
"chr5-0828",0.0406823660520985
"chr5-0829",-0.0371489934057545
"chr5-0830",-0.224860192734039
"chr5-0831",-0.355624452320195
"chr5-0832",-0.451371666285123
"chr5-0833",-0.188215026671755
"chr5-0834",-0.106735450408536
"chr5-0835",-0.314646676151071
"chr5-0836",-0.691582656067323
"chr5-0837",-0.240007771517732
"chr5-0838",-0.439971192152597
"chr5-0839",-0.330112840453331
"chr5-0840",0.0439882612269334
"chr5-0841",-0.140178386547435
"chr5-0842",-0.270360811565796
"chr5-0843",-0.26177055833374
"chr5-0844",0.167294721343802
"chr5-0845",-0.289275611965269
"chr5-0846",-0.271024653722864
"chr5-0847",0.0188479799115669
"chr5-0848",-0.0508054878998671
"chr5-0849",0.300031220667875
"chr5-0850",-0.03609448969082
"chr5-0851",-0.132299349522069
"chr5-0852",-0.322657041891564
"chr5-0853",-0.038977305218501
"chr5-0854",-0.138437249575391
"chr5-0855",-0.370434596871146
"chr5-0856",-0.371710141450334
"chr5-0857",0.11145644988287
"chr5-0858",0.0364938428636565
"chr5-0859",0.247951401234006
"chr5-0860",-0.105496890992878
"chr5-0861",-0.427696994357178
"chr5-0862",-0.328375148446401
"chr5-0863",-0.341673455595058
"chr5-0864",-0.266756325785656
"chr5-0865",-0.103449450620248
"chr5-0866",0.233266212532001
"chr5-0867",-0.35895086245524
"chr5-0868",-0.254780275884013
"chr5-0869",-0.430139949744808
"chr5-0870",-0.281229686166726
"chr5-0871",-0.31407735723367
"chr5-0872",-0.298579570798524
"chr5-0873",-0.103291489086056
"chr5-0874",-0.377770064862551
"chr5-0875",-0.356849904623215
"chr5-0876",-0.0490805032436526
"chr5-0877",-0.170463100755961
"chr5-0878",-0.181171238058286
"chr5-0879",-0.284846744139295
"chr5-0880",-0.378598989299922
"chr5-0881",0.126621586143648
"chr5-0882",0.0447021480990395
"chr5-0883",-0.233375433033957
"chr5-0884",0.0472044559523068
"chr5-0885",-0.103804546984178
"chr5-0886",-0.168553474372387
"chr5-0887",-0.0499604234295692
"chr5-0888",-0.0186258032997916
"chr5-0889",-0.327064524521936
"chr5-0890",-0.104137623810288
"chr5-0891",0.275762912654077
"chr5-0892",0.354040279653592
"chr5-0893",-0.133125776754731
"chr5-0894",-0.114764031248821
"chr5-0895",-0.111197682500498
"chr5-0896",0.184195086996629
"chr5-0897",0.0871828539262444
"chr5-0898",0.0693558754362793
"chr5-0899",0.0968542301830237
"chr5-0900",-0.0565516863326664
"chr5-0901",-0.122124381411262
"chr5-0902",-0.151681566498459
"chr5-0903",0.0381911856398645
"chr5-0904",-0.19956123949231
"chr5-0905",0.0391327524057977
"chr5-0906",0.0379389756314512
"chr5-0907",0.131431263110509
"chr5-0908",-1.88465663570283e-05
"chr5-0909",0.058310786705818
"chr5-0910",-0.0233019152158691
"chr5-0911",-0.0515312263062185
"chr5-0912",0.0246086373071176
"chr5-0913",0.251337415380367
"chr5-0914",-0.137921773667931
"chr5-0915",-0.102385135282612
"chr5-0916",0.0213215395899792
"chr5-0917",0.257324186115951
"chr5-0918",0.19849131638794
"chr5-0919",-0.10046720086875
"chr5-0920",0.148594209712952
"chr5-0921",-0.0378548699170648
"chr5-0922",0.360702797034708
"chr5-0923",0.0822734506406771
"chr5-0924",0.14160484324458
"chr5-0925",0.0948118152022203
"chr5-0926",-0.0626238533218472
"chr5-0927",-0.189347676824961
"chr5-0928",-0.0683823753929029
"chr5-0929",-0.137444980319599
"chr5-0930",0.0224136615935121
"chr6-0001",-0.352617662879495
"chr6-0002",-0.267328454362214
"chr6-0003",0.119836924584949
"chr6-0004",0.299006306273921
"chr6-0005",0.241251272620238
"chr6-0006",0.276681205790234
"chr6-0007",-0.0459348199891075
"chr6-0008",-0.114539956976606
"chr6-0009",0.190250418332452
"chr6-0010",-0.561470465093956
"chr6-0011",-0.391224224929672
"chr6-0012",-0.208990275932386
"chr6-0013",-0.0887900981267115
"chr6-0014",0.113585616379094
"chr6-0015",-0.0091211025032022
"chr6-0016",-0.185739270760344
"chr6-0017",-0.132121657771508
"chr6-0018",-0.264121340433726
"chr6-0019",0.0325520501422742
"chr6-0020",-0.125030345402613
"chr6-0021",-0.146636027714595
"chr6-0022",0.511747308227992
"chr6-0023",-0.138162420808593
"chr6-0024",0.132230012428643
"chr6-0025",0.0296631483554748
"chr6-0026",0.00403370824787595
"chr6-0027",0.00781783748770168
"chr6-0028",0.0306916620919428
"chr6-0029",-0.0172134116752243
"chr6-0030",0.0314452896647319
"chr6-0031",-0.313751615152396
"chr6-0032",-0.00147092410445826
"chr6-0033",0.0429755761425089
"chr6-0034",-0.356176233100573
"chr6-0035",-0.100318206701364
"chr6-0036",-0.0999400746019174
"chr6-0037",-0.129495829687057
"chr6-0038",0.251485056788648
"chr6-0039",-0.240002954797658
"chr6-0040",0.115437656570038
"chr6-0041",-0.338511960558362
"chr6-0042",-0.0300635387415235
"chr6-0043",-0.404935608637441
"chr6-0044",-0.069197344663961
"chr6-0045",0.263690584366301
"chr6-0046",-0.00806775681001661
"chr6-0047",-0.186216890232416
"chr6-0048",-0.0497347599295462
"chr6-0049",-0.0380339307891481
"chr6-0050",-0.0750868969061588
"chr6-0051",-0.0375202028512841
"chr6-0052",-0.285344000436934
"chr6-0053",-0.275295076436238
"chr6-0054",-0.233038200500845
"chr6-0055",-0.00222858887966845
"chr6-0056",-0.0772285399960476
"chr6-0057",-0.127876729884053
"chr6-0058",-0.279424789008918
"chr6-0059",-0.142870123245605
"chr6-0060",-0.064957950400526
"chr6-0061",0.0629639419380884
"chr6-0062",-0.127336752386234
"chr6-0063",0.147798963215369
"chr6-0064",-0.110093845907085
"chr6-0065",-0.0466209818154467
"chr6-0066",0.0807219286640551
"chr6-0067",-0.487669897080134
"chr6-0068",-0.0799104374786669
"chr6-0069",-0.257904937885219
"chr6-0070",-0.263159524952062
"chr6-0071",-0.295769350389449
"chr6-0072",-0.172085158725275
"chr6-0073",-0.147858711417816
"chr6-0074",-0.146328324681354
"chr6-0075",-0.0274624240191934
"chr6-0076",0.00307960039880955
"chr6-0077",-0.287675704343834
"chr6-0078",0.381988793251693
"chr6-0079",0.0501442808822572
"chr6-0080",0.28655703237023
"chr6-0081",0.0613245201272518
"chr6-0082",-0.0824030693084089
"chr6-0083",-0.287710135152535
"chr6-0084",-0.318239462507727
"chr6-0085",0.0480907324109923
"chr6-0086",0.234060066410218
"chr6-0087",-0.236200153067161
"chr6-0088",-0.341455617747621
"chr6-0089",-0.452647918399067
"chr6-0090",0.183297484646279
"chr6-0091",0.0928436631277462
"chr6-0092",-0.384872309434595
"chr6-0093",-0.0314702569845961
"chr6-0094",-0.607586711251819
"chr6-0095",-0.249566599108648
"chr6-0096",-0.0498005531463362
"chr6-0097",-0.269590614955329
"chr6-0098",-0.218609941452701
"chr6-0099",0.0498685679666646
"chr6-0100",-0.188545079263188
"chr6-0101",-0.111989882282791
"chr6-0102",-0.142150876377443
"chr6-0103",0.148111700030199
"chr6-0104",0.0723378229832121
"chr6-0105",-0.147439008565038
"chr6-0106",-0.234398558085457
"chr6-0107",-0.196839913274297
"chr6-0108",0.0742099064510218
"chr6-0109",-0.178800645558072
"chr6-0110",-0.440909915868652
"chr6-0111",-0.348793758758275
"chr6-0112",-0.42355528647153
"chr6-0113",-0.299626274972644
"chr6-0114",-0.14662132128236
"chr6-0115",-0.0315153662465922
"chr6-0116",-0.158802752091871
"chr6-0117",-0.0256520855830487
"chr6-0118",0.0424192912037181
"chr6-0119",0.102954625298872
"chr6-0120",0.280742403603727
"chr6-0121",0.302559316710532
"chr6-0122",-0.132710858220892
"chr6-0123",-0.0419435983625127
"chr6-0124",-0.0229598233274331
"chr6-0125",0.238295134675089
"chr6-0126",0.26967603016408
"chr6-0127",-0.192409738720639
"chr6-0128",-0.399543553668278
"chr6-0129",-0.203914843515965
"chr6-0130",0.103328499974241
"chr6-0131",-0.212192501449245
"chr6-0132",-0.161792485201205
"chr6-0133",-0.134919429807416
"chr6-0134",-0.153385275134356
"chr6-0135",-0.05744944908023
"chr6-0136",0.129019236328872
"chr6-0137",-0.0478656963951327
"chr6-0138",-0.0641631266977822
"chr6-0139",-0.0964891601507697
"chr6-0140",0.0472139585038608
"chr6-0141",0.0383176010539207
"chr6-0142",-0.195651222831756
"chr6-0143",-0.165513487089987
"chr6-0144",0.179591413831164
"chr6-0145",0.148841321315547
"chr6-0146",-0.212575052146057
"chr6-0147",0.0993118530732963
"chr6-0148",-0.150150879663896
"chr6-0149",0.0621431005343465
"chr6-0150",-0.121726495305586
"chr6-0151",-0.0628829497875478
"chr6-0152",0.027103570633526
"chr6-0153",-0.0787097838214769
"chr6-0154",-0.0147499701007091
"chr6-0155",-0.265756311921659
"chr6-0156",-0.250153086714267
"chr6-0157",-0.0496946307305277
"chr6-0158",0.201927827308996
"chr6-0159",0.192290161531381
"chr6-0160",-0.00282299230451314
"chr6-0161",0.297840659381492
"chr6-0162",0.183870280951068
"chr6-0163",-0.151795366771769
"chr6-0164",0.10524427948213
"chr6-0165",-0.18853048178645
"chr6-0166",-0.451711787160931
"chr6-0167",0.534342828727404
"chr6-0168",0.139891455419931
"chr6-0169",-0.454168062714264
"chr6-0170",-0.0210160915750046
"chr6-0171",-0.04602489875043
"chr6-0172",0.231778786327074
"chr6-0173",-0.0121125172047242
"chr6-0174",0.15474428565286
"chr6-0175",0.357404571936311
"chr6-0176",0.158548536861308
"chr6-0177",0.43550686401927
"chr6-0178",-0.387411853052552
"chr6-0179",-0.371506593782175
"chr6-0180",0.499618731759659
"chr6-0181",-0.0490719728940982
"chr6-0182",-0.170661392809022
"chr6-0183",-0.0802491380627802
"chr6-0184",-0.0338812349342243
"chr6-0185",0.0891332735372925
"chr6-0186",-0.0968997993003679
"chr6-0187",-0.150235033247886
"chr6-0188",-0.0770504759993618
"chr6-0189",-0.145910717996034
"chr6-0190",0.204829764353265
"chr6-0191",-0.374394820458803
"chr6-0192",0.3131125688802
"chr6-0193",-0.0630682896542781
"chr6-0194",-0.175498471993531
"chr6-0195",-0.187997470671913
"chr6-0196",-0.36174130986617
"chr6-0197",0.0556746762237514
"chr6-0198",0.132923316709571
"chr6-0199",0.100129445797929
"chr6-0200",-0.172136649711471
"chr6-0201",-0.271562150863808
"chr6-0202",-0.083669247198407
"chr6-0203",-0.233864195380275
"chr6-0204",-0.205317679821888
"chr6-0205",-0.299252147655585
"chr6-0206",-0.182467533673158
"chr6-0207",-0.101219179045652
"chr6-0208",0.172452276574809
"chr6-0209",-0.0595876159803277
"chr6-0210",-0.0466193001050182
"chr6-0211",-0.0227634157427956
"chr6-0212",-0.437818765918851
"chr6-0213",-0.279671453965611
"chr6-0214",-0.123817432409421
"chr6-0215",0.0967914885581718
"chr6-0216",-0.136382314007578
"chr6-0217",0.110111170150865
"chr6-0218",-0.0706633844457367
"chr6-0219",-0.0952345357639002
"chr6-0220",-0.0810660352482462
"chr6-0221",-0.109396849196484
"chr6-0222",0.120858684046723
"chr6-0223",-0.0835543076478368
"chr6-0224",-0.147561199957834
"chr6-0225",-0.0996478682040527
"chr6-0226",-0.0749010674118998
"chr6-0227",-0.132079549405776
"chr6-0228",-0.129412241008616
"chr6-0229",0.067544281717877
"chr6-0230",-0.022888698074438
"chr6-0231",-0.0565976060096319
"chr6-0232",0.125035551757796
"chr6-0233",-0.154852655708865
"chr6-0234",-0.0157996880485496
"chr6-0235",-0.0784039508652592
"chr6-0236",0.0504313079037877
"chr6-0237",0.0208398568823948
"chr6-0238",-0.147370508920975
"chr6-0239",0.179166872068157
"chr6-0240",-0.0737561553393795
"chr6-0241",-0.159069537401386
"chr6-0242",0.090009288476258
"chr6-0243",-0.435523657944858
"chr6-0244",0.347812090990394
"chr6-0245",0.39158132460864
"chr6-0246",0.0369172920122819
"chr6-0247",-0.109121948942335
"chr6-0248",-0.355842731257794
"chr6-0249",-0.225657216430297
"chr6-0250",-0.164399098422204
"chr6-0251",-0.224303678139865
"chr6-0252",-0.070798208901762
"chr6-0253",-0.0735352163988152
"chr6-0254",-0.119169738863071
"chr6-0255",-0.0237952620467472
"chr6-0256",-0.174269203041955
"chr6-0257",-0.426140665825151
"chr6-0258",-0.176330831581022
"chr6-0259",0.0107392076414339
"chr6-0260",-0.237260732550329
"chr6-0261",0.0247317982174921
"chr6-0262",0.195069137184958
"chr6-0263",8.44817439246435e-05
"chr6-0264",-0.156526633429422
"chr6-0265",0.00441939003942195
"chr6-0266",0.170706564465181
"chr6-0267",-0.193756190839626
"chr6-0268",-0.0826874923688084
"chr6-0269",0.191093065221109
"chr6-0270",-0.364695695608243
"chr6-0271",-0.361385561343702
"chr6-0272",-0.806861939176803
"chr6-0273",-0.636994375018495
"chr6-0274",-0.254570264077748
"chr6-0275",-0.917747178185861
"chr6-0276",-0.770290505312706
"chr6-0277",-0.693101243646069
"chr6-0278",-0.658064572183438
"chr6-0279",-0.680039176541045
"chr6-0280",-0.556800632314656
"chr6-0281",-0.51195042446485
"chr6-0282",-0.0818598548222159
"chr6-0283",0.000862105425616289
"chr6-0284",-0.0297397143833168
"chr6-0285",-0.348369241622793
"chr6-0286",-0.598918089333307
"chr6-0287",-0.822972036542309
"chr6-0288",-0.61344824785113
"chr6-0289",-0.180902508034456
"chr6-0290",-0.106001191267026
"chr6-0291",0.090447508011712
"chr6-0292",-0.0315794664898137
"chr6-0293",-0.271248280270165
"chr6-0294",-0.0969530534947057
"chr6-0295",-0.331637652173802
"chr6-0296",-0.151664332509057
"chr6-0297",0.383526436858169
"chr6-0298",-0.0502662364514991
"chr6-0299",-0.109790444592021
"chr6-0300",0.20122494133638
"chr6-0301",-0.0283602955882135
"chr6-0302",0.086150803644053
"chr6-0303",0.318150553463273
"chr6-0304",-0.397543942281958
"chr6-0305",-0.516589092033116
"chr6-0306",-0.120982570175112
"chr6-0307",-0.396708228476697
"chr6-0308",-0.477804607358451
"chr6-0309",-0.245604318837756
"chr6-0310",-0.0628327754870921
"chr6-0311",-0.258863861702385
"chr6-0312",-0.230125653308861
"chr6-0313",-0.206669074928035
"chr6-0314",-0.422866648536937
"chr6-0315",-0.488147316311023
"chr6-0316",-0.43839041725244
"chr6-0317",-0.312612957097965
"chr6-0318",-0.210996626249741
"chr6-0319",-0.225633704602967
"chr6-0320",0.157564965571319
"chr6-0321",-0.157353014774142
"chr6-0322",-0.219911731255451
"chr6-0323",-0.0679798529889768
"chr6-0324",-0.196126443224953
"chr6-0325",0.411888591201211
"chr6-0326",-0.263225505664839
"chr6-0327",0.145197657061626
"chr6-0328",-0.026291416074964
"chr6-0329",0.121231258818915
"chr6-0330",-0.0466613318698787
"chr6-0331",0.218773848605039
"chr6-0332",-0.3356579227886
"chr6-0333",0.199106114138742
"chr6-0334",-0.357702152591859
"chr6-0335",-0.0802270628387386
"chr6-0336",-0.152615491753155
"chr6-0337",-0.0911597980420241
"chr6-0338",-0.128048517549865
"chr6-0339",-0.329984679027607
"chr6-0340",-0.0597604558497303
"chr6-0341",-0.045067157983169
"chr6-0342",-0.256801934290409
"chr6-0343",0.0251350917813671
"chr6-0344",-0.27045271592725
"chr6-0345",-0.332261820542331
"chr6-0346",-0.480040315205447
"chr6-0347",-0.172762522973238
"chr6-0348",-0.0543354368559699
"chr6-0349",-0.334964569509804
"chr6-0350",-0.476265098546464
"chr6-0351",-0.30966074900534
"chr6-0352",-0.300996301641546
"chr6-0353",0.448320579077401
"chr6-0354",0.0129630546370715
"chr6-0355",-0.101220382796432
"chr6-0356",-0.477089825685034
"chr6-0357",-0.0172454615714471
"chr6-0358",-0.466258277100333
"chr6-0359",-0.5394258512162
"chr6-0360",-0.171841479741542
"chr6-0361",-0.262806099447674
"chr6-0362",-0.395405249825628
"chr6-0363",-0.232816830179705
"chr6-0364",0.345550298004408
"chr6-0365",-0.0372916246112114
"chr6-0366",-0.471207340409097
"chr6-0367",-0.502549383938202
"chr6-0368",-0.492272171978156
"chr6-0369",-0.261358069655681
"chr6-0370",-0.231613488722126
"chr6-0371",-0.157704683801445
"chr6-0372",0.0516561225146697
"chr6-0373",-0.298881991211586
"chr6-0374",-0.281069625590326
"chr6-0375",0.103926150707954
"chr6-0376",0.583625557962177
"chr6-0377",0.0859451608773121
"chr6-0378",0.114536319204756
"chr6-0379",0.00821568478983445
"chr6-0380",1.34757941469881
"chr6-0381",0.522950620475802
"chr6-0382",0.121948502752744
"chr6-0383",-0.329988187237827
"chr6-0384",-0.113746060945495
"chr6-0385",-0.481666765018454
"chr6-0386",-0.216967141276024
"chr6-0387",-0.294708252987036
"chr6-0388",-0.0576818638553198
"chr6-0389",-0.316357463039304
"chr6-0390",-0.0271971248750719
"chr6-0391",-0.289873436726976
"chr6-0392",-0.0254707719509401
"chr6-0393",0.0888175691056591
"chr6-0394",0.107129087366225
"chr6-0395",-0.130766933470689
"chr6-0396",-0.152902871201474
"chr6-0397",-0.196935586084862
"chr6-0398",0.11499812228505
"chr6-0399",-0.0174823507908071
"chr6-0400",-0.357679929239052
"chr6-0401",-0.0797149480125012
"chr6-0402",-0.156198522430263
"chr6-0403",-0.0666945268610576
"chr6-0404",-0.147255620241371
"chr6-0405",0.114157307643789
"chr6-0406",0.197928063848163
"chr6-0407",-0.179537767512702
"chr6-0408",0.110775410002006
"chr6-0409",0.414587739533479
"chr6-0410",0.502597277471737
"chr6-0411",0.521867295845781
"chr6-0412",0.102861888739373
"chr6-0413",-0.215592281569456
"chr6-0414",0.266316791049381
"chr6-0415",-0.546695935344408
"chr6-0416",-0.0609080090754932
"chr6-0417",-0.0769760493330791
"chr6-0418",-0.0518327941500372
"chr6-0419",-0.21721844718544
"chr6-0420",0.184554200131794
"chr6-0421",0.120015583870161
"chr6-0422",-0.0200954335799445
"chr6-0423",0.0673952483148909
"chr6-0424",-0.167264491614867
"chr6-0425",0.320641580198873
"chr6-0426",0.227408732172468
"chr6-0427",0.284422395993567
"chr6-0428",0.223000365610783
"chr6-0429",-0.11467666777939
"chr6-0430",0.060211934529229
"chr6-0431",0.0610787535918837
"chr6-0432",0.551384331412785
"chr6-0433",0.170028306494694
"chr6-0434",0.323427730199424
"chr6-0435",-0.0981230243191671
"chr6-0436",0.155054349147315
"chr6-0437",-0.0963047391679957
"chr6-0438",-0.00279801469209182
"chr6-0439",-0.0146409585110353
"chr6-0440",-0.159627121294601
"chr6-0441",0.245139002696658
"chr6-0442",-0.009491955751184
"chr6-0443",-0.0646727333211304
"chr6-0444",0.0317890738367412
"chr6-0445",0.184739125831789
"chr6-0446",0.0580618656972837
"chr6-0447",-0.113392934916679
"chr6-0448",0.214736543929104
"chr6-0449",0.117099826998052
"chr6-0450",0.629996973988917
"chr6-0451",0.309529632539984
"chr6-0452",-0.198933264308815
"chr6-0453",-0.16000654497556
"chr6-0454",-0.219947477898861
"chr6-0455",0.182608756115729
"chr6-0456",0.292682081924265
"chr6-0457",0.339245158421048
"chr6-0458",0.0720592594864011
"chr6-0459",-0.130572813099358
"chr6-0460",0.378862881788486
"chr6-0461",0.0164919930871567
"chr6-0462",-0.0923322095363303
"chr6-0463",-0.16891919364656
"chr6-0464",-0.127995959722094
"chr6-0465",-0.194653081363098
"chr6-0466",-0.0491020921400492
"chr6-0467",0.461223342271828
"chr6-0468",0.373267835372712
"chr6-0469",-0.39019808585688
"chr6-0470",-0.100409553024579
"chr6-0471",-0.36641853899652
"chr6-0472",-0.162641333539304
"chr6-0473",-0.100379542810955
"chr6-0474",-0.091591878954191
"chr6-0475",-0.0145197924890931
"chr6-0476",-0.0412708245031591
"chr6-0477",-0.442953791598499
"chr6-0478",-0.109209705275929
"chr6-0479",-0.481185741870488
"chr6-0480",-0.0793420206782354
"chr6-0481",-0.325367355603217
"chr6-0482",0.109822810771466
"chr6-0483",-0.332948514229235
"chr6-0484",-0.0924342143725164
"chr6-0485",-0.51697759232856
"chr6-0486",-0.0452553419584791
"chr6-0487",0.142878185418283
"chr6-0488",-0.291237354512803
"chr6-0489",0.0249688899159242
"chr6-0490",0.0131967019975807
"chr6-0491",0.0322771567226651
"chr6-0492",-0.0593884159755887
"chr6-0493",0.0113510875204308
"chr6-0494",-0.142703325230969
"chr6-0495",0.184639245774342
"chr6-0496",0.0461490843816946
"chr6-0497",-0.306895704577278
"chr6-0498",-0.0670909531888926
"chr6-0499",0.199413454999476
"chr6-0500",0.189648623441875
"chr6-0501",-0.0522121446892341
"chr6-0502",0.181183975630375
"chr6-0503",-0.0518494143679433
"chr6-0504",0.321116851626336
"chr6-0505",0.162327810001534
"chr6-0506",0.0184469696741621
"chr6-0507",-0.154159201231148
"chr6-0508",-0.19758311577436
"chr6-0509",-0.121652825297109
"chr6-0510",0.305991432708547
"chr6-0511",-0.412437796745116
"chr6-0512",-0.0394003772764401
"chr6-0513",0.0357098112448126
"chr6-0514",0.0779350649858657
"chr6-0515",-0.151489873658829
"chr6-0516",-0.0250104340857772
"chr6-0517",-0.344940777443193
"chr6-0518",0.000779598740132376
"chr6-0519",-0.100971954646277
"chr6-0520",0.010837405298672
"chr6-0521",0.24210052098646
"chr6-0522",-0.150878122140495
"chr6-0523",-0.270687386731449
"chr6-0524",-0.00560749276545437
"chr6-0525",-0.0806275591843295
"chr6-0526",-0.13503636407123
"chr6-0527",0.216857697405401
"chr6-0528",0.260868766222227
"chr6-0529",-0.325807246960285
"chr6-0530",0.133214576694507
"chr6-0531",0.0232203101948947
"chr6-0532",-0.309941267891443
"chr6-0533",-0.208500267361492
"chr6-0534",-0.296981348326335
"chr6-0535",0.221653872229531
"chr6-0536",-0.0420473973510384
"chr6-0537",-0.197288973325472
"chr6-0538",-0.214505695718487
"chr6-0539",-0.174093256280064
"chr6-0540",-0.44884377592135
"chr6-0541",0.0943484079071619
"chr6-0542",-0.251797096601142
"chr6-0543",0.190500236773817
"chr6-0544",-0.174314686670098
"chr6-0545",0.0515096082452686
"chr6-0546",-0.189533784553759
"chr6-0547",0.0853565322397932
"chr6-0548",-0.191777974878127
"chr6-0549",0.0899790249406177
"chr6-0550",-0.702555834342829
"chr6-0551",-0.133070314852287
"chr6-0552",-0.0276649349642837
"chr6-0553",-0.0965014165488514
"chr6-0554",0.155335152281598
"chr6-0555",0.378940202180931
"chr6-0556",0.0913543485453122
"chr6-0557",-0.156004724902059
"chr6-0558",-0.110701908614458
"chr6-0559",0.458388379698758
"chr6-0560",-0.3706020403224
"chr6-0561",-0.202935955255104
"chr6-0562",0.214490583450742
"chr6-0563",0.248896872645536
"chr6-0564",-0.18696169152248
"chr6-0565",-0.182484248285983
"chr6-0566",0.0661606542360495
"chr6-0567",0.0779673914232943
"chr6-0568",-0.445876108159748
"chr6-0569",0.246928001277574
"chr6-0570",0.277453629218446
"chr6-0571",-0.279521736840363
"chr6-0572",0.167140709208381
"chr6-0573",-0.425481060717095
"chr6-0574",-0.166870809707847
"chr6-0575",0.130169675536118
"chr6-0576",0.0925944746587033
"chr6-0577",0.134774834218098
"chr6-0578",0.0470415069908459
"chr6-0579",0.091404065880764
"chr6-0580",0.0383188404208321
"chr6-0581",-0.0365489373760641
"chr6-0582",-0.150189640960737
"chr6-0583",0.290128648505466
"chr6-0584",0.0325846450352085
"chr6-0585",-0.104038349105876
"chr6-0586",-0.608169441447891
"chr6-0587",-0.125452457246727
"chr6-0588",-0.175997072811595
"chr6-0589",-0.0855944932185176
"chr6-0590",-0.323219071146327
"chr6-0591",-0.252307166883928
"chr6-0592",-0.360121411317869
"chr6-0593",-0.0759673949893191
"chr6-0594",-0.301174462624275
"chr6-0595",0.214517072244559
"chr6-0596",0.0319558387333663
"chr6-0597",0.143693122165541
"chr6-0598",0.0729248891765243
"chr6-0599",0.0104048181715393
"chr6-0600",0.267944141715971
"chr6-0601",-0.173248625230802
"chr6-0602",-0.56352725066326
"chr6-0603",-0.0286306575383312
"chr6-0604",0.0121875084731434
"chr6-0605",-0.455956306779793
"chr6-0606",-0.39358086862245
"chr6-0607",0.0415764807502567
"chr6-0608",0.0186559554199535
"chr6-0609",0.144032021978048
"chr6-0610",-0.0529173077718038
"chr6-0611",0.259116758106955
"chr6-0612",-0.229232596857066
"chr6-0613",-0.616590248639559
"chr6-0614",-0.0720599202047411
"chr6-0615",0.268229053355419
"chr6-0616",-0.0444377186733214
"chr6-0617",0.037881690939234
"chr6-0618",0.0838968586364409
"chr6-0619",0.0280276579346569
"chr6-0620",-0.165175457821906
"chr6-0621",0.00676513475616193
"chr6-0622",-0.229102644226704
"chr6-0623",-0.155031013045696
"chr6-0624",-0.191827463424986
"chr6-0625",0.00284527189919435
"chr6-0626",-0.00880778780852898
"chr6-0627",0.0757897859849376
"chr6-0628",-0.0718226720942515
"chr6-0629",0.000790764760031923
"chr6-0630",0.135433558636008
"chr6-0631",-0.344048125391927
"chr6-0632",-0.132090290022885
"chr6-0633",-0.041043059880229
"chr6-0634",-0.146817252352942
"chr6-0635",0.0826422265459297
"chr6-0636",0.175113404701934
"chr6-0637",0.169210557768319
"chr6-0638",-0.060165145487677
"chr6-0639",-0.357581505940337
"chr6-0640",0.0352661034512391
"chr6-0641",0.196192638856564
"chr6-0642",0.106549516350828
"chr6-0643",0.0300514881694344
"chr6-0644",0.178462704173746
"chr6-0645",0.207755256038374
"chr6-0646",0.0541830084307215
"chr6-0647",-0.114022601624117
"chr6-0648",0.0624717152876693
"chr6-0649",0.579837226051541
"chr6-0650",0.271454066980203
"chr6-0651",-0.0676190473816074
"chr6-0652",-0.148693250148065
"chr6-0653",-0.136791764355398
"chr6-0654",0.323742667731848
"chr6-0655",-0.226054182085358
"chr6-0656",0.0472545634699198
"chr6-0657",0.152906810039329
"chr6-0658",-0.0796319974053842
"chr6-0659",-0.209742345559209
"chr6-0660",-0.0265066747500619
"chr6-0661",-0.355974413034673
"chr6-0662",0.286003488034956
"chr6-0663",-0.121003893681596
"chr6-0664",0.520530560937582
"chr6-0665",0.0366621192009272
"chr6-0666",0.338671020370953
"chr6-0667",-0.0611037260514434
"chr6-0668",-0.312158177057288
"chr6-0669",0.406476272879627
"chr6-0670",0.145134042825236
"chr6-0671",-0.0176049333005416
"chr6-0672",-0.245565456191461
"chr6-0673",0.0594029173464345
"chr6-0674",-0.114486025294616
"chr6-0675",-0.380282759035807
"chr6-0676",-0.355098728626027
"chr6-0677",0.0290105758495335
"chr6-0678",-0.243715848126093
"chr6-0679",0.0662901906131189
"chr6-0680",0.230883836985036
"chr6-0681",-0.126840003777927
"chr6-0682",0.00157463714383248
"chr6-0683",-0.221174021107439
"chr6-0684",0.0272141542512778
"chr6-0685",0.265369020609399
"chr6-0686",-0.0825398307973986
"chr6-0687",0.144328515649452
"chr6-0688",0.0813537648145055
"chr6-0689",0.806330351961807
"chr6-0690",-0.0667427477918215
"chr6-0691",0.15133183845528
"chr6-0692",0.0890591638954454
"chr6-0693",-0.234378369529088
"chr6-0694",0.0249431239202125
"chr6-0695",-0.118148184162897
"chr6-0696",0.100301227580237
"chr6-0697",0.0112801585200804
"chr6-0698",-0.497621209732556
"chr6-0699",-0.172393374611627
"chr6-0700",-0.204868611998679
"chr6-0701",-0.22772580649394
"chr6-0702",0.322689222220519
"chr6-0703",0.0218591009414165
"chr6-0704",0.0253335594567774
"chr6-0705",0.0696476674453989
"chr6-0706",-0.0310460634168516
"chr6-0707",0.273185146315669
"chr6-0708",0.198374324815056
"chr6-0709",-0.221033729739038
"chr6-0710",-0.328343771763635
"chr6-0711",0.0647276514891034
"chr6-0712",-0.0912427119016629
"chr6-0713",-0.126432967467639
"chr6-0714",0.0991856141225747
"chr6-0715",0.132558502804542
"chr6-0716",-0.359073556071135
"chr6-0717",0.0257627745299443
"chr6-0718",0.0565956950013028
"chr6-0719",0.128710008195401
"chr6-0720",-0.421187605442188
"chr6-0721",-0.101783375971458
"chr6-0722",0.146038690982545
"chr6-0723",0.0458449702256244
"chr6-0724",-0.142056470855537
"chr6-0725",-0.0195563162384926
"chr6-0726",0.151941876272519
"chr6-0727",0.142156084467023
"chr6-0728",-0.0752387199568417
"chr6-0729",0.122807277527907
"chr6-0730",-0.140144389352314
"chr6-0731",-0.0376665444122214
"chr6-0732",-0.222404532082209
"chr6-0733",-0.255830183468021
"chr6-0734",-0.311163437895868
"chr6-0735",-0.504071397874981
"chr6-0736",-0.0283280676347226
"chr6-0737",0.0829731378628688
"chr6-0738",-0.196662977444548
"chr6-0739",0.115315010824252
"chr6-0740",-0.0804318322683518
"chr6-0741",-0.0222004850882304
"chr6-0742",-0.310481172797204
"chr6-0743",0.169101341210219
"chr6-0744",-0.0210166858023619
"chr6-0745",-0.366417632699652
"chr6-0746",0.192391201223412
"chr6-0747",-0.0766103508667339
"chr6-0748",-0.254674781538323
"chr6-0749",0.0563901992410836
"chr6-0750",0.0892667508428289
"chr6-0751",-0.0399487548190799
"chr6-0752",0.299028970423727
"chr6-0753",0.118346555599175
"chr6-0754",0.447913858875599
"chr6-0755",-0.0808952206731558
"chr6-0756",-0.0554802364685691
"chr6-0757",0.155660874961521
"chr6-0758",0.127201499771463
"chr6-0759",0.0818959098676625
"chr6-0760",0.0300213740507418
"chr6-0761",-0.207125168708671
"chr6-0762",-0.328492766256135
"chr6-0763",-0.0571685464603972
"chr6-0764",-0.258692165178305
"chr6-0765",-0.134724639014646
"chr6-0766",-0.0188208266421156
"chr6-0767",-0.0267170563762047
"chr6-0768",-0.0956462647343472
"chr6-0769",0.237093551010069
"chr6-0770",0.000562038386217277
"chr6-0771",-0.109885451620537
"chr6-0772",0.322671973346449
"chr6-0773",-0.211015417807334
"chr6-0774",-0.108006230820324
"chr6-0775",0.0855201927266837
"chr6-0776",-0.10130935713563
"chr6-0777",0.0912668533943201
"chr6-0778",-0.219574728527691
"chr6-0779",-0.269721684020609
"chr6-0780",0.057916435345317
"chr6-0781",0.0426693119953275
"chr6-0782",-0.177113861461631
"chr6-0783",0.205423217207603
"chr6-0784",0.185856895007282
"chr6-0785",-0.325630367583825
"chr6-0786",-0.0733135370780594
"chr6-0787",0.0146055305333654
"chr6-0788",-0.130045959661427
"chr6-0789",-0.0637077610322649
"chr6-0790",0.0848678807962258
"chr6-0791",-0.151409683451374
"chr6-0792",0.00542810249418683
"chr6-0793",0.0849764053437539
"chr6-0794",0.0742457965363584
"chr6-0795",-0.0968674249766632
"chr6-0796",-0.198995181549577
"chr6-0797",-0.124635030516128
"chr6-0798",-0.183133486500878
"chr6-0799",0.306171818365896
"chr6-0800",-0.0390202620275375
"chr6-0801",-0.0237323584670658
"chr6-0802",0.171451489703374
"chr6-0803",0.110399684687948
"chr6-0804",0.03171935554444
"chr6-0805",0.052945321197683
"chr6-0806",-0.204027452431885
"chr6-0807",-0.0860156173804677
"chr6-0808",-0.407527517601437
"chr6-0809",-0.346783646757534
"chr6-0810",-0.0944440581523896
"chr6-0811",-0.00611521423188906
"chr6-0812",0.129633062240411
"chr6-0813",-0.11563546306842
"chr6-0814",-0.0117041619365271
"chr6-0815",0.0242082870371058
"chr6-0816",0.0575430921493234
"chr6-0817",-0.232131086107269
"chr6-0818",0.524318592371729
"chr6-0819",-0.379592591012084
"chr6-0820",0.0997297449799555
"chr6-0821",0.386088892550564
"chr6-0822",0.0630274525104885
"chr6-0823",-0.0507959462507198
"chr6-0824",0.0466674102998028
"chr6-0825",0.407994684654153
"chr6-0826",0.0378888899562122
"chr6-0827",-0.33545435654026
"chr6-0828",-0.304159049051004
"chr6-0829",-0.225728996601737
"chr6-0830",-0.121277957797472
"chr6-0831",0.198069254179846
"chr6-0832",0.277559933178368
"chr6-0833",0.185562452991374
"chr6-0834",0.247100262411996
"chr6-0835",0.138508171927897
"chr6-0836",0.601811123568021
"chr6-0837",-0.0142362522561525
"chr6-0838",-0.0905638770696792
"chr6-0839",0.0710517504394552
"chr6-0840",0.188037691247439
"chr6-0841",-0.392118472627355
"chr6-0842",0.0142403389331983
"chr6-0843",-0.0507759892370969
"chr6-0844",0.0474368874770555
"chr6-0845",-0.184938655013495
"chr6-0846",-0.0493630336766428
"chr6-0847",0.0702663670013646
"chr6-0848",0.0127654720906043
"chr6-0849",0.147379839942033
"chr6-0850",0.302650593048912
"chr6-0851",0.0175764374284319
"chr6-0852",-0.00239217778376081
"chr6-0853",-0.0514335326519512
"chr6-0854",-0.118928442942241
"chr6-0855",-0.0319237325775511
"chr6-0856",0.107772150551023
"chr6-0857",-0.0419522160416567
"chr6-0858",0.000469093380349247
"chr6-0859",0.0248614819681699
"chr6-0860",-0.188779154788181
"chr6-0861",0.335409502908849
"chr6-0862",-0.199393357925835
"chr6-0863",0.0952571280856609
"chr6-0864",0.165289023689605
"chr6-0865",-0.0758233281177897
"chr6-0866",0.146460756170046
"chr6-0867",-0.0454300359379482
"chr6-0868",0.218796129111551
"chr6-0869",-0.0768257648746223
"chr6-0870",-0.179110802919347
"chr6-0871",-0.230548448370451
"chr6-0872",-0.0873782863268212
"chr6-0873",0.174757879674073
"chr6-0874",-0.198024952163177
"chr6-0875",0.114650090593375
"chr6-0876",-0.258088895555012
"chr6-0877",0.32383858787226
"chr6-0878",-0.00111659367481661
"chr6-0879",-0.220887965523559
"chr6-0880",0.0749567383838392
"chr6-0881",-0.39136165923463
"chr6-0882",-0.151194293670619
"chr6-0883",0.150340856527743
"chr6-0884",0.0569085213596236
"chr6-0885",0.353276015839226
"chr6-0886",0.24442336296551
"chr6-0887",-0.20190604342493
"chr6-0888",-0.0114339342832529
"chr6-0889",0.341114204672549
"chr6-0890",-0.097295247570142
"chr6-0891",0.119174991189132
"chr6-0892",0.00393866985721109
"chr6-0893",0.0483763578674067
"chr6-0894",0.19170761940201
"chr6-0895",0.0236454092023289
"chr6-0896",-0.0748121272367195
"chr6-0897",-0.0421050208881189
"chr6-0898",0.167795710434893
"chr6-0899",0.172774948790175
"chr6-0900",-0.25398130542024
"chr6-0901",-0.023248038021007
"chr6-0902",0.268187899975745
"chr6-0903",0.0404016555321185
"chr6-0904",-0.0333519038997526
"chr6-0905",0.0138356215149145
"chr6-0906",-0.2589620356647
"chr6-0907",0.0631390307713021
"chr6-0908",0.151403498662069
"chr6-0909",0.173245028586833
"chr6-0910",-0.0997426560787537
"chr6-0911",-0.0162556747366666
"chr6-0912",-0.287603104661687
"chr6-0913",-0.19006470994712
"chr6-0914",0.226312615624291
"chr6-0915",-0.0614825418962964
"chr6-0916",0.135320460817309
"chr6-0917",-0.00517082832542994
"chr6-0918",-0.0714550931347538
"chr6-0919",0.0293227823575072
"chr6-0920",0.0641686688773008
"chr6-0921",-0.0795896525895868
"chr6-0922",-0.212036302916353
"chr6-0923",-0.209273214816154
"chr6-0924",-0.0764186083635277
"chr6-0925",0.12094885376552
"chr6-0926",0.119735835727146
"chr6-0927",0.166094428126165
"chr6-0928",0.147988966182282
"chr6-0929",0.0358787680711157
"chr6-0930",0.307023519055551
"chr6-0931",0.159411824327806
"chr6-0932",0.0673213609183346
"chr6-0933",0.125116224892261
"chr6-0934",0.0440235965267195
"chr6-0935",0.132403860714005
"chr6-0936",0.276252853267774
"chr6-0937",0.15791075469987
"chr6-0938",0.104505652515012
"chr6-0939",0.204787284781789
"chr6-0940",0.116241030833888
"chr6-0941",0.251135174067595
"chr6-0942",0.285986757457773
"chr6-0943",0.132542005324824
"chr6-0944",-0.242587554425098
"chr6-0945",-0.0900035980885926
"chr6-0946",0.245005850923333
"chr6-0947",0.235364373934068
"chr6-0948",-0.0909987258824941
"chr6-0949",-0.223775956538799
"chr6-0950",0.0321491635149309
"chr6-0951",0.153514330361818
"chr6-0952",0.148252685586018
"chr6-0953",0.0613414378157138
"chr6-0954",-0.146010360674293
"chr6-0955",-0.112637551928362
"chr7-0001",-0.0945067589298183
"chr7-0002",-0.0615928575233099
"chr7-0003",0.342455886669717
"chr7-0004",0.339515056938152
"chr7-0005",0.243901194011317
"chr7-0006",0.281377053966526
"chr7-0007",0.262066933604887
"chr7-0008",0.303133638844832
"chr7-0009",0.21699825158486
"chr7-0010",0.233697356032553
"chr7-0011",0.197819579012688
"chr7-0012",-0.0378367997217833
"chr7-0013",0.00298563823634527
"chr7-0014",0.145537443643343
"chr7-0015",0.186491803276636
"chr7-0016",-0.041801392621342
"chr7-0017",0.162209958143022
"chr7-0018",0.208842513288633
"chr7-0019",0.276103256215386
"chr7-0020",0.239618540087744
"chr7-0021",0.260368948102404
"chr7-0022",0.240186667769911
"chr7-0023",0.0710454648934322
"chr7-0024",-0.0421677062056427
"chr7-0025",0.260637816016314
"chr7-0026",0.144230774199578
"chr7-0027",0.23444416711664
"chr7-0028",0.0632642056147125
"chr7-0029",0.183595076110896
"chr7-0030",-0.074001269316916
"chr7-0031",-0.19673736085591
"chr7-0032",-0.277263643353744
"chr7-0033",0.0650665109993969
"chr7-0034",0.0208342030703441
"chr7-0035",0.0931756791928369
"chr7-0036",0.189104741247966
"chr7-0037",0.18599313136097
"chr7-0038",0.106868583257385
"chr7-0039",0.0333531853650821
"chr7-0040",-0.0365888814090849
"chr7-0041",0.199974508173921
"chr7-0042",0.268478964143511
"chr7-0043",0.257021125505312
"chr7-0044",0.13332138387456
"chr7-0045",0.0495420614762584
"chr7-0046",0.0326542966239849
"chr7-0047",0.344977408496367
"chr7-0048",0.269160383628668
"chr7-0049",0.0104619964354694
"chr7-0050",0.0319046548641195
"chr7-0051",-0.0114582766396147
"chr7-0052",-0.0681117113023989
"chr7-0053",-0.0447369826456779
"chr7-0054",0.624167452693331
"chr7-0055",0.29101126116035
"chr7-0056",0.337767797051432
"chr7-0057",-0.0102841616416643
"chr7-0058",0.025510214910329
"chr7-0059",0.143213223686603
"chr7-0060",-0.0193782721474447
"chr7-0061",0.152411261390989
"chr7-0062",0.13232227773016
"chr7-0063",0.172593682621893
"chr7-0064",0.165000402197465
"chr7-0065",0.0630189120824947
"chr7-0066",-0.15943975511525
"chr7-0067",-0.208632163120727
"chr7-0068",-0.0689204100649223
"chr7-0069",-0.258055770907127
"chr7-0070",0.152319703323798
"chr7-0071",-0.10102654147229
"chr7-0072",-0.205955971468146
"chr7-0073",0.149431765242582
"chr7-0074",-0.11054789682158
"chr7-0075",0.347752822005822
"chr7-0076",-0.104445977208492
"chr7-0077",0.284768692000227
"chr7-0078",0.121135561439688
"chr7-0079",-0.0913731553548685
"chr7-0080",-0.230862780567554
"chr7-0081",0.016534555002904
"chr7-0082",0.0981612679477885
"chr7-0083",-0.00850357421968393
"chr7-0084",0.123550139630139
"chr7-0085",0.219263647655753
"chr7-0086",-0.107870355862825
"chr7-0087",0.288767923651587
"chr7-0088",-0.313821778559135
"chr7-0089",0.469870762383224
"chr7-0090",0.306792555457714
"chr7-0091",0.298543037289141
"chr7-0092",0.609716020104123
"chr7-0093",-0.221815141562908
"chr7-0094",0.449325361050329
"chr7-0095",-0.260762651283428
"chr7-0096",0.0861964062423166
"chr7-0097",0.476235359420477
"chr7-0098",-0.0679345666269988
"chr7-0099",-0.0364640410662276
"chr7-0100",-0.186191565336961
"chr7-0101",-0.186576685210172
"chr7-0102",0.209948467035033
"chr7-0103",-0.195450781609633
"chr7-0104",0.122383273314977
"chr7-0105",0.23194490865111
"chr7-0106",0.186877461546071
"chr7-0107",-0.0926040047867141
"chr7-0108",0.179251639880244
"chr7-0109",0.159204857850612
"chr7-0110",-0.220531971375114
"chr7-0111",0.057722732868707
"chr7-0112",0.235421076568621
"chr7-0113",-0.123538316928131
"chr7-0114",0.250349207003214
"chr7-0115",-0.0273708778212524
"chr7-0116",-0.0525927263508493
"chr7-0117",0.14574910994572
"chr7-0118",0.219954057515704
"chr7-0119",0.132360256815441
"chr7-0120",0.0216959161909508
"chr7-0121",0.470117474172177
"chr7-0122",-0.252145206887271
"chr7-0123",0.057289736629615
"chr7-0124",-0.0674121332653858
"chr7-0125",0.0450314955590241
"chr7-0126",-0.227189477142847
"chr7-0127",-0.428438772221798
"chr7-0128",-0.0463818512974668
"chr7-0129",-0.134263835293776
"chr7-0130",-0.269348102786828
"chr7-0131",-0.0829374679178697
"chr7-0132",0.120124275651177
"chr7-0133",0.210039617798688
"chr7-0134",-0.247369433992715
"chr7-0135",0.0645125208473917
"chr7-0136",0.275397412603935
"chr7-0137",-0.00109275639492283
"chr7-0138",0.154693991179136
"chr7-0139",0.456756979731613
"chr7-0140",-0.207947795360734
"chr7-0141",-0.446389148504044
"chr7-0142",-0.435418780898288
"chr7-0143",-0.0274412301874957
"chr7-0144",-0.290912270847483
"chr7-0145",-0.142424975294757
"chr7-0146",-0.0366973790281307
"chr7-0147",0.236015469403099
"chr7-0148",-0.297015419111404
"chr7-0149",-0.247865706619237
"chr7-0150",0.148716451300654
"chr7-0151",-0.152516728376553
"chr7-0152",-0.3173417160111
"chr7-0153",-0.262729827525705
"chr7-0154",0.0070753162963927
"chr7-0155",0.174487465497969
"chr7-0156",-0.320518351581526
"chr7-0157",0.0166564818838845
"chr7-0158",-0.0523079847243455
"chr7-0159",0.00757738606020418
"chr7-0160",0.0766154626399247
"chr7-0161",0.172126902700174
"chr7-0162",0.0634306698933206
"chr7-0163",0.17446574364929
"chr7-0164",-0.426327679383355
"chr7-0165",0.0296861861885024
"chr7-0166",-0.0975782467052665
"chr7-0167",-0.0507722268124778
"chr7-0168",-0.0453299947391456
"chr7-0169",-0.272018419243194
"chr7-0170",-0.081815145250988
"chr7-0171",0.119825899796378
"chr7-0172",-0.283678468678431
"chr7-0173",-0.336604545777246
"chr7-0174",-0.443021481287795
"chr7-0175",-0.190280119768633
"chr7-0176",-0.198926868689218
"chr7-0177",-0.248122520668516
"chr7-0178",-0.0765547027740457
"chr7-0179",0.100352804095667
"chr7-0180",-0.205105773299634
"chr7-0181",0.115506072542957
"chr7-0182",-0.182079022015457
"chr7-0183",-0.142493824396411
"chr7-0184",-0.368234445675292
"chr7-0185",0.0502033655690927
"chr7-0186",-0.140854544130049
"chr7-0187",-0.313435613732679
"chr7-0188",-0.23264739193006
"chr7-0189",-0.378449840382139
"chr7-0190",-0.453067972303559
"chr7-0191",-0.420282686179866
"chr7-0192",-0.614950641698308
"chr7-0193",-0.409847941150279
"chr7-0194",0.32984896926392
"chr7-0195",-0.484575555975154
"chr7-0196",-0.271404192496745
"chr7-0197",-0.207116322146361
"chr7-0198",0.00610824439099985
"chr7-0199",-0.224488395696475
"chr7-0200",-0.189769623509201
"chr7-0201",-0.231758729172871
"chr7-0202",0.283490252775738
"chr7-0203",-0.059973786333166
"chr7-0204",0.244470235413971
"chr7-0205",0.323137576136101
"chr7-0206",-0.0846643468050392
"chr7-0207",0.21692500699654
"chr7-0208",-0.245247803140273
"chr7-0209",-0.226593243232494
"chr7-0210",-0.634868114675548
"chr7-0211",-0.109417399363518
"chr7-0212",-0.221973349621738
"chr7-0213",-0.127975969294922
"chr7-0214",-0.254547789358161
"chr7-0215",-0.400676089909994
"chr7-0216",-0.764142918564386
"chr7-0217",-0.281386592184389
"chr7-0218",-0.0353872236650896
"chr7-0219",-0.213342179109887
"chr7-0220",-0.25894989852684
"chr7-0221",-0.0024307340394746
"chr7-0222",0.164003258803346
"chr7-0223",-0.354594292819251
"chr7-0224",0.171272918638396
"chr7-0225",-0.297957353242686
"chr7-0226",-0.0988323365576648
"chr7-0227",-0.0587444991810599
"chr7-0228",-0.0804504241193108
"chr7-0229",-0.0690864394386683
"chr7-0230",-0.00541032047844621
"chr7-0231",-0.43134173642214
"chr7-0232",-0.179528109831718
"chr7-0233",-0.241424853824713
"chr7-0234",-0.323053929104572
"chr7-0235",-0.205285469932106
"chr7-0236",-0.0287232914711721
"chr7-0237",-0.0297476776162832
"chr7-0238",-0.140830929059509
"chr7-0239",-0.0671255582961678
"chr7-0240",0.080822054664413
"chr7-0241",-0.0384928401082676
"chr7-0242",-0.134229919203786
"chr7-0243",-0.170985744704232
"chr7-0244",0.157951215066705
"chr7-0245",0.258994047428488
"chr7-0246",0.00258847259703835
"chr7-0247",-0.553123896793521
"chr7-0248",-0.213179459098272
"chr7-0249",-0.0415876288507254
"chr7-0250",-0.0145829850492456
"chr7-0251",-0.00856079418475124
"chr7-0252",0.0197195098106025
"chr7-0253",-0.136708364370719
"chr7-0254",-0.0838866320577266
"chr7-0255",-0.421070259470752
"chr7-0256",0.00837527955388359
"chr7-0257",-0.387871160745059
"chr7-0258",-0.194415024244357
"chr7-0259",-0.200366657754457
"chr7-0260",-0.363236272198554
"chr7-0261",-0.0353900893809582
"chr7-0262",-0.0336817557766334
"chr7-0263",0.134220244063876
"chr7-0264",-0.17520412766125
"chr7-0265",-0.00478408952848415
"chr7-0266",-0.190227270639531
"chr7-0267",-0.0739537216414972
"chr7-0268",-0.00752291488212017
"chr7-0269",0.21672815975681
"chr7-0270",-0.210146810624662
"chr7-0271",-0.0138879746727883
"chr7-0272",-0.142249782320885
"chr7-0273",-0.0120907648958601
"chr7-0274",-0.0225811577322531
"chr7-0275",-0.140990145400007
"chr7-0276",-0.175105138749676
"chr7-0277",0.0445675203045496
"chr7-0278",-0.249301098156105
"chr7-0279",-0.0512421138227882
"chr7-0280",-0.347067356747107
"chr7-0281",-0.0501454448368101
"chr7-0282",-0.261684759403238
"chr7-0283",0.229168227836487
"chr7-0284",-0.198542641796985
"chr7-0285",0.0456186213844158
"chr7-0286",-0.235616964794766
"chr7-0287",-0.501013935063181
"chr7-0288",-0.312749120398942
"chr7-0289",-0.235975063217263
"chr7-0290",-0.111465208576928
"chr7-0291",-0.0953922432650071
"chr7-0292",-0.262721091872844
"chr7-0293",-0.0530175456204801
"chr7-0294",-0.0568753996521354
"chr7-0295",-0.136186739740112
"chr7-0296",-0.219314864470614
"chr7-0297",-0.346363131229255
"chr7-0298",-0.156091162773955
"chr7-0299",0.00844994407411006
"chr7-0300",-0.0821500664266256
"chr7-0301",-0.122501945136432
"chr7-0302",-0.281633963831968
"chr7-0303",-0.395482336028571
"chr7-0304",-0.173262348658393
"chr7-0305",0.205905173270786
"chr7-0306",-0.414835596125157
"chr7-0307",0.121020843080711
"chr7-0308",-0.189640789169176
"chr7-0309",-0.230106472396676
"chr7-0310",0.0184874473910668
"chr7-0311",0.119838671772155
"chr7-0312",-0.528236987167388
"chr7-0313",-0.0527749608048996
"chr7-0314",-0.325679310925674
"chr7-0315",-0.165534320995421
"chr7-0316",-0.471376984315632
"chr7-0317",-0.113603903450264
"chr7-0318",-0.200290934782824
"chr7-0319",-0.0700840730391045
"chr7-0320",-0.277687192787965
"chr7-0321",0.175726014372866
"chr7-0322",-0.0977631915332564
"chr7-0323",-0.031588085501925
"chr7-0324",-0.204757559331687
"chr7-0325",0.238038294622896
"chr7-0326",-0.174774629912448
"chr7-0327",-0.342077006190675
"chr7-0328",0.00665423811869423
"chr7-0329",-0.153067193322509
"chr7-0330",0.0137764443502111
"chr7-0331",0.0531209215561284
"chr7-0332",-0.101193267972195
"chr7-0333",-0.41425613719401
"chr7-0334",-0.313285597953214
"chr7-0335",0.151062523496174
"chr7-0336",0.136480589438762
"chr7-0337",-0.129486404642295
"chr7-0338",0.530333091147052
"chr7-0339",0.138029026191353
"chr7-0340",-0.0149756635997517
"chr7-0341",0.199064053286122
"chr7-0342",0.0959447903649815
"chr7-0343",0.423678845032021
"chr7-0344",0.422757698180428
"chr7-0345",0.46747011387974
"chr7-0346",-0.0613764929269512
"chr7-0347",-0.37899263566913
"chr7-0348",0.1982463810958
"chr7-0349",0.321975339251301
"chr7-0350",0.117981188173285
"chr7-0351",0.510160935589069
"chr7-0352",0.112796085201972
"chr7-0353",0.376066860659636
"chr7-0354",-0.193191378574773
"chr7-0355",-0.323664577645986
"chr7-0356",-0.0777307656112638
"chr7-0357",-0.15881845793701
"chr7-0358",0.0455249519683414
"chr7-0359",0.261585122218354
"chr7-0360",0.522776547768169
"chr7-0361",-0.028802641951666
"chr7-0362",0.275262442265714
"chr7-0363",-0.0628047488746119
"chr7-0364",0.298530066350941
"chr7-0365",-0.0610941522145705
"chr7-0366",0.292856030929323
"chr7-0367",0.108675338783924
"chr7-0368",0.0578620612804735
"chr7-0369",0.0619030067378392
"chr7-0370",0.0277845848544773
"chr7-0371",0.508306557401877
"chr7-0372",-0.0320503573865797
"chr7-0373",0.230374916379937
"chr7-0374",0.175862777422683
"chr7-0375",0.351109850654746
"chr7-0376",-0.043363998047738
"chr7-0377",0.218988198723525
"chr7-0378",-0.114617967536988
"chr7-0379",0.245005667453253
"chr7-0380",0.333980350595145
"chr7-0381",0.18040464047568
"chr7-0382",-0.0747270761945596
"chr7-0383",0.192854333243653
"chr7-0384",0.0434477598250722
"chr7-0385",-0.034907945183652
"chr7-0386",-0.199963427481199
"chr7-0387",-0.0693471221686849
"chr7-0388",0.0429950192040945
"chr7-0389",-0.25135548261482
"chr7-0390",-0.268397349486452
"chr7-0391",0.17669267697327
"chr7-0392",0.0930368824611595
"chr7-0393",-0.0270042392196877
"chr7-0394",0.0575111398951069
"chr7-0395",0.0031745648813263
"chr7-0396",-0.106980462998369
"chr7-0397",-0.154613919023964
"chr7-0398",0.108791874050624
"chr7-0399",0.205430140181466
"chr7-0400",0.0696758783806337
"chr7-0401",0.0613508068144486
"chr7-0402",0.349502886725091
"chr7-0403",0.0565341920163783
"chr7-0404",-0.0299425216410668
"chr7-0405",0.019398299876118
"chr7-0406",0.0966252406032052
"chr7-0407",0.0309063940063575
"chr7-0408",-0.262577611983944
"chr7-0409",0.0543165820393567
"chr7-0410",0.105804224928627
"chr7-0411",0.13012890975189
"chr7-0412",-0.0297415418813976
"chr7-0413",-0.0616350023924085
"chr7-0414",0.406820245354157
"chr7-0415",0.36584098516689
"chr7-0416",0.236015198327574
"chr7-0417",0.0847298967409548
"chr7-0418",0.0962497631820988
"chr7-0419",0.237460318325447
"chr7-0420",-0.160267171183186
"chr7-0421",-0.0557158783921714
"chr7-0422",0.0293788974333356
"chr7-0423",-0.192867453299174
"chr7-0424",0.145838369692048
"chr7-0425",0.0317565960897303
"chr7-0426",-0.0405177842967359
"chr7-0427",0.166478847829741
"chr7-0428",-0.258893267288786
"chr7-0429",-0.115261992871836
"chr7-0430",0.134889220001705
"chr7-0431",-0.592897857844522
"chr7-0432",-0.280083112163584
"chr7-0433",-0.0689066552777819
"chr7-0434",0.0129032281013466
"chr7-0435",0.103981140796785
"chr7-0436",0.220928994215069
"chr7-0437",-0.192947165754966
"chr7-0438",0.221585867713319
"chr7-0439",0.0269356222850344
"chr7-0440",0.0408070798723688
"chr7-0441",0.0254624122945652
"chr7-0442",0.143132622288602
"chr7-0443",0.370104546077122
"chr7-0444",0.0969861219224233
"chr7-0445",0.238610470368969
"chr7-0446",-0.0576827841702798
"chr7-0447",0.0737774027055085
"chr7-0448",-0.201853384905486
"chr7-0449",0.153438229845085
"chr7-0450",0.0098811761001923
"chr7-0451",0.449113048192953
"chr7-0452",-0.0377021173074758
"chr7-0453",0.50934414541247
"chr7-0454",0.0908552303262361
"chr7-0455",-0.100623757810743
"chr7-0456",-0.197816193483214
"chr7-0457",-0.0134581877951344
"chr7-0458",0.313608026519214
"chr7-0459",0.316274024215291
"chr7-0460",-0.25135223325365
"chr7-0461",0.497045501672482
"chr7-0462",-0.00229847536385122
"chr7-0463",0.194104602741542
"chr7-0464",0.119214209498775
"chr7-0465",0.450133372618117
"chr7-0466",-0.213119086153044
"chr7-0467",-0.330925719413232
"chr7-0468",-0.106211587879358
"chr7-0469",-0.154180574327236
"chr7-0470",-0.340856677276147
"chr7-0471",0.0474265683093539
"chr7-0472",-0.286862204707021
"chr7-0473",0.0734251651294356
"chr7-0474",0.0623433577305173
"chr7-0475",0.111570176037344
"chr7-0476",0.136799950317633
"chr7-0477",0.207945766596253
"chr7-0478",0.00622923254060153
"chr7-0479",-0.128556050982829
"chr7-0480",-0.0465323316656644
"chr7-0481",0.124754553185063
"chr7-0482",0.0943643458658832
"chr7-0483",0.219414184479937
"chr7-0484",-0.0169334014057604
"chr7-0485",0.262286761332314
"chr7-0486",-0.438162528778868
"chr7-0487",0.391966470847387
"chr7-0488",-0.241762940500039
"chr7-0489",0.061859350946943
"chr7-0490",0.423119943620865
"chr7-0491",-0.149608882539958
"chr7-0492",0.0595634295181891
"chr7-0493",0.023486708438643
"chr7-0494",-0.361209299557331
"chr7-0495",0.187071156514486
"chr7-0496",-0.0731508068732884
"chr7-0497",-0.056493626851379
"chr7-0498",-0.359892976920694
"chr7-0499",0.362800971839554
"chr7-0500",-0.0563918656627174
"chr7-0501",-0.171632193615824
"chr7-0502",0.0317916121904942
"chr7-0503",-0.198260978478722
"chr7-0504",-0.13022646470953
"chr7-0505",0.101947751277559
"chr7-0506",0.0682940819371163
"chr7-0507",0.0928495712256808
"chr7-0508",0.130578780424286
"chr7-0509",-0.244222761355719
"chr7-0510",0.224488503692166
"chr7-0511",-0.031078682766642
"chr7-0512",-0.275494865498346
"chr7-0513",-0.159977749006455
"chr7-0514",0.104758189042541
"chr7-0515",0.221688998112708
"chr7-0516",-0.0654500844659564
"chr7-0517",-0.0135360781085657
"chr7-0518",0.00982970608029179
"chr7-0519",0.159399545308371
"chr7-0520",-0.0909246315051785
"chr7-0521",0.262850871487467
"chr7-0522",0.305667653806516
"chr7-0523",0.166894916417147
"chr7-0524",0.19378735461257
"chr7-0525",0.151828719215667
"chr7-0526",-0.106248799509279
"chr7-0527",0.0307803957295161
"chr7-0528",0.582796325362706
"chr7-0529",0.402899990645144
"chr7-0530",0.0292783023413198
"chr7-0531",-0.244343340966712
"chr7-0532",0.116624783367184
"chr7-0533",0.111120964848111
"chr7-0534",0.0128996260974554
"chr7-0535",-0.319589350182606
"chr7-0536",-0.380954628676191
"chr7-0537",0.076296154251453
"chr7-0538",-0.064876896789993
"chr7-0539",-0.0987005247904361
"chr7-0540",-0.114417734780273
"chr7-0541",0.14360028543618
"chr7-0542",0.168079876780971
"chr7-0543",0.0318315922420017
"chr7-0544",-0.0638608347324284
"chr7-0545",0.18526899811962
"chr7-0546",-0.0403862223618783
"chr7-0547",0.1726442379508
"chr7-0548",-0.198818001283044
"chr7-0549",0.00385910531517382
"chr7-0550",-0.0263921349668125
"chr7-0551",0.0139645117188202
"chr7-0552",0.00869480394864796
"chr7-0553",-0.00934027523370927
"chr7-0554",-0.231381798550063
"chr7-0555",-0.163925265343486
"chr7-0556",-0.0206985502771435
"chr7-0557",0.113501504663962
"chr7-0558",0.107227444086645
"chr7-0559",0.0266315670783032
"chr7-0560",0.245302789294332
"chr7-0561",0.200526347830287
"chr7-0562",0.0403134970180231
"chr7-0563",0.184224801548208
"chr7-0564",-0.471439572685776
"chr7-0565",-0.0623290444936184
"chr7-0566",-0.332113166066855
"chr7-0567",0.0698160145658289
"chr7-0568",0.144179623340429
"chr7-0569",-0.129737661845507
"chr7-0570",0.206967714682327
"chr7-0571",0.216995667621064
"chr7-0572",-0.164632017077421
"chr7-0573",-0.309778454895956
"chr7-0574",-0.384140864636692
"chr7-0575",-0.116935281814577
"chr7-0576",0.152335219626506
"chr7-0577",0.10884139941867
"chr7-0578",0.45662258855124
"chr7-0579",0.402567061562623
"chr7-0580",0.281276711144365
"chr7-0581",-0.235751166203998
"chr7-0582",-0.301529235788135
"chr7-0583",-0.35398345190506
"chr7-0584",-0.182154656345153
"chr7-0585",-0.391837645843341
"chr7-0586",-0.326213715362755
"chr7-0587",-0.226937450514977
"chr7-0588",-0.303248812909715
"chr7-0589",0.0374055439319858
"chr7-0590",0.224020593380715
"chr7-0591",0.234455134049239
"chr7-0592",-0.0219782530469062
"chr7-0593",0.128800127957472
"chr7-0594",-0.225828930332779
"chr7-0595",0.0590013164306477
"chr7-0596",0.255154589276535
"chr7-0597",-0.0569919638658036
"chr7-0598",-0.428119841598393
"chr7-0599",-0.0120562520588233
"chr7-0600",-0.127831245884288
"chr7-0601",-0.236910039905889
"chr7-0602",-0.301759150377519
"chr7-0603",-0.149246995500956
"chr7-0604",-0.259210427181742
"chr7-0605",0.464960439474822
"chr7-0606",-0.159975971486735
"chr7-0607",0.365019013986222
"chr7-0608",0.323854457656618
"chr7-0609",-0.250382607443319
"chr7-0610",-0.025983639348131
"chr7-0611",-0.122481651479081
"chr7-0612",-0.389671884754905
"chr7-0613",-0.220634502352008
"chr7-0614",-0.203393030692504
"chr7-0615",-0.206245626215871
"chr7-0616",-0.456918360921435
"chr7-0617",0.797469077916482
"chr7-0618",-0.124498701645312
"chr7-0619",0.00431436030348722
"chr7-0620",0.161264795247038
"chr7-0621",0.107568644365764
"chr7-0622",-0.191357162971259
"chr7-0623",0.327020340668158
"chr7-0624",0.156279025551226
"chr7-0625",0.188219337885169
"chr7-0626",-0.195742700471578
"chr7-0627",0.623155271443012
"chr7-0628",-0.179663772377576
"chr7-0629",-0.183922288239741
"chr7-0630",0.0296490554089129
"chr7-0631",-0.16336014045315
"chr7-0632",0.130370003270954
"chr7-0633",-0.0199030986630541
"chr7-0634",-0.0700686726976845
"chr7-0635",-0.197593222415389
"chr7-0636",-0.298595751012786
"chr7-0637",-0.114570300262118
"chr7-0638",0.403645958109994
"chr7-0639",-0.16601004522404
"chr7-0640",-0.384591897868903
"chr7-0641",-0.201716696360268
"chr7-0642",0.0864247091781614
"chr7-0643",-0.0351551572797664
"chr7-0644",0.219266282696295
"chr7-0645",0.206961207312711
"chr7-0646",-0.113395102598409
"chr7-0647",0.0528486746494575
"chr7-0648",0.0940337250612627
"chr7-0649",-0.15339669377343
"chr7-0650",0.0796438812780117
"chr7-0651",-0.0514619298688746
"chr7-0652",0.249386390897542
"chr7-0653",0.122757758838315
"chr7-0654",-0.342874952350784
"chr7-0655",-0.0028201552212491
"chr7-0656",-0.0532853045523061
"chr7-0657",0.111079070351344
"chr7-0658",-0.467921402958211
"chr7-0659",0.317995305258647
"chr7-0660",0.123002816892172
"chr7-0661",-0.117743173828483
"chr7-0662",0.139930866955542
"chr7-0663",0.0684643001953044
"chr7-0664",-0.081042607274128
"chr7-0665",-0.0122922759512948
"chr7-0666",0.126443919152587
"chr7-0667",0.0619109472737643
"chr7-0668",-0.356324535994158
"chr7-0669",-0.0258314493989075
"chr7-0670",-0.11622496959689
"chr7-0671",-0.249599362139148
"chr7-0672",0.0781605757609497
"chr7-0673",-0.326409406228615
"chr7-0674",-0.406525067293323
"chr7-0675",-0.191943304083547
"chr7-0676",-0.354161610248423
"chr7-0677",-0.0718199974712664
"chr7-0678",-0.0696931379389631
"chr7-0679",-0.159430590455462
"chr7-0680",0.311066377992369
"chr7-0681",-0.0810416959481793
"chr7-0682",-0.0950650739422404
"chr7-0683",0.0084867562547812
"chr7-0684",-0.0811349845385956
"chr7-0685",-0.0915475227722452
"chr7-0686",-0.124304916773254
"chr7-0687",-0.462933579855199
"chr7-0688",-0.0863588785600097
"chr7-0689",0.127903774444407
"chr7-0690",0.363772920173615
"chr7-0691",-0.113426982907473
"chr7-0692",0.0127127582452575
"chr7-0693",0.0126420937575169
"chr7-0694",-0.138894424435025
"chr7-0695",0.134786632757017
"chr7-0696",0.0234304177799433
"chr7-0697",-0.0481412601011748
"chr7-0698",0.0688437616780864
"chr7-0699",-0.224084257702848
"chr7-0700",0.115266885552619
"chr7-0701",-0.177956649585734
"chr7-0702",0.204052881386876
"chr7-0703",0.201362388566805
"chr7-0704",0.111316461552856
"chr7-0705",-0.0720841882829914
"chr7-0706",-0.180671377939256
"chr7-0707",-0.206260521468416
"chr7-0708",-0.234754937386064
"chr7-0709",-0.297202816349313
"chr7-0710",-0.497508915509563
"chr7-0711",-0.268550816180382
"chr7-0712",-0.117064169821416
"chr7-0713",-0.311351513254311
"chr7-0714",-0.520799005579466
"chr7-0715",0.330802309233851
"chr7-0716",-0.305093993768886
"chr7-0717",-0.0328808841874444
"chr7-0718",0.228744676215883
"chr7-0719",0.22040735280154
"chr7-0720",-0.276693888388991
"chr7-0721",-0.373824502337732
"chr7-0722",-0.252886456424755
"chr7-0723",-0.00539812080595277
"chr7-0724",-0.331512124077467
"chr7-0725",-0.311106149291963
"chr7-0726",-0.210223955866276
"chr7-0727",-0.0570286952448716
"chr7-0728",-0.231602691877812
"chr7-0729",-0.266512085851557
"chr7-0730",0.412452428224144
"chr7-0731",-0.47784987866654
"chr7-0732",-0.048871082543344
"chr7-0733",-0.338071986185528
"chr7-0734",0.322034133062108
"chr7-0735",-0.353223024126918
"chr7-0736",-0.155114579958077
"chr7-0737",0.120979404194613
"chr7-0738",0.0108602317405616
"chr7-0739",0.283475099237747
"chr7-0740",-0.0162751621706557
"chr7-0741",-0.339925440839315
"chr7-0742",-0.325546502913267
"chr7-0743",-0.0381782158831555
"chr7-0744",-0.00537579870952348
"chr7-0745",-0.0416410095991317
"chr7-0746",0.567150415630821
"chr7-0747",-0.120170425948258
"chr7-0748",0.337711560968528
"chr7-0749",-0.119663908643182
"chr7-0750",0.0304046158425371
"chr7-0751",0.402754960724843
"chr7-0752",-0.0369672486446127
"chr7-0753",0.0659926462397668
"chr7-0754",-0.129697943414919
"chr7-0755",0.330808776582325
"chr7-0756",-0.0407302887897951
"chr7-0757",0.0122196011375752
"chr7-0758",0.0204532629396064
"chr7-0759",-0.0341289176153775
"chr7-0760",-0.0126972133216517
"chr7-0761",-0.421290923350395
"chr7-0762",0.00323453527036403
"chr7-0763",-0.0981706319483648
"chr7-0764",-0.00645630732569493
"chr7-0765",0.0168243537542613
"chr7-0766",0.167408357885662
"chr7-0767",0.125400617154107
"chr7-0768",0.118012242597605
"chr7-0769",-0.173087841543725
"chr7-0770",0.742648355714724
"chr7-0771",0.112381982479105
"chr7-0772",-0.223613537382329
"chr7-0773",-0.531947028087772
"chr7-0774",0.122652952548393
"chr7-0775",0.103466315506444
"chr7-0776",-0.160501600808638
"chr7-0777",-0.298227115706022
"chr7-0778",-0.365344685416292
"chr7-0779",-0.0745425818246391
"chr7-0780",-0.361459102899599
"chr7-0781",-0.0106455786236326
"chr7-0782",-0.295993936071365
"chr7-0783",-0.26939302255925
"chr7-0784",-0.315429264543021
"chr7-0785",-0.22056982928425
"chr7-0786",-0.221014964429773
"chr7-0787",-0.22771598684936
"chr7-0788",-0.119710009187357
"chr7-0789",-0.0803612143138106
"chr7-0790",-0.287949671552682
"chr7-0791",-0.24932421493223
"chr7-0792",-0.31533680913734
"chr7-0793",0.17968605320539
"chr7-0794",0.0539360584698161
"chr7-0795",-0.149453765744453
"chr7-0796",0.287043913373012
"chr7-0797",0.443152107759388
"chr7-0798",0.156523683990534
"chr7-0799",-0.296835741670539
"chr7-0800",0.0788415103125668
"chr7-0801",0.120364874089207
"chr7-0802",0.00626407145273164
"chr7-0803",-0.43680034758866
"chr7-0804",0.258426768336306
"chr7-0805",0.165964848730751
"chr7-0806",0.305171667784148
"chr7-0807",-0.0275602874656974
"chr7-0808",0.284320283582579
"chr7-0809",0.0951782637817818
"chr7-0810",-0.0227586153373747
"chr7-0811",0.139444380075396
"chr7-0812",0.0723197386737377
"chr7-0813",-0.135251766448774
"chr7-0814",-0.25695643277661
"chr7-0815",0.10226384273464
"chr7-0816",0.379579108972582
"chr7-0817",-0.176530980443077
"chr7-0818",-0.0722692203491489
"chr7-0819",-0.286278253358187
"chr7-0820",0.0253622712440104
"chr7-0821",-0.0572641527985412
"chr7-0822",-0.155552421151147
"chr7-0823",-0.172680161937511
"chr7-0824",-0.0991400549442076
"chr7-0825",0.0508355224709314
"chr7-0826",-0.0585436856531853
"chr7-0827",0.0774883811472052
"chr7-0828",-0.140868220633596
"chr7-0829",-0.131223022487251
"chr7-0830",0.0164368437920792
"chr7-0831",-0.0195580893900468
"chr7-0832",-0.0268700370140123
"chr7-0833",-0.141657777565072
"chr7-0834",0.331776863510448
"chr7-0835",0.490873566759105
"chr7-0836",0.0625274070565735
"chr7-0837",0.234256352343142
"chr7-0838",0.2234894940824
"chr7-0839",0.23105619299988
"chr7-0840",0.14880370996477
"chr7-0841",-0.0736444847953632
"chr7-0842",-0.202619061577946
"chr7-0843",0.109222125936814
"chr7-0844",-0.183555497096326
"chr7-0845",0.165614622225529
"chr7-0846",-0.0312978787157287
"chr7-0847",0.230305215129646
"chr7-0848",0.137946879820558
"chr7-0849",-0.0656739831891608
"chr7-0850",0.0823488163743281
"chr7-0851",-0.424556906624231
"chr7-0852",-0.200606370241193
"chr7-0853",-0.0668107819939329
"chr7-0854",0.0546864341636877
"chr7-0855",-0.0188102604988729
"chr7-0856",-0.0839691100851011
"chr7-0857",0.0160687732372685
"chr7-0858",0.436043373349586
"chr7-0859",0.0180462930111786
"chr7-0860",-0.266374093705993
"chr7-0861",0.0226586380229038
"chr7-0862",0.12864329400752
"chr7-0863",0.154675703510704
"chr7-0864",-0.0591863181513822
"chr7-0865",0.163398516298849
"chr7-0866",0.034801796745917
"chr7-0867",0.015821364883749
"chr7-0868",0.158101028148519
"chr7-0869",0.242251505720166
"chr7-0870",0.0416652731512354
"chr7-0871",-0.0755811977718489
"chr7-0872",0.249529806695919
"chr7-0873",0.188008143165551
"chr7-0874",0.254381135636625
"chr7-0875",0.100068839294548
"chr7-0876",0.132894550142382
"chr7-0877",0.0487748356224894
"chr7-0878",0.0620862890943479
"chr7-0879",-0.00531558941970128
"chr7-0880",-0.0881216324891266
"chr7-0881",0.0751569891458014
"chr7-0882",0.067733804332453
"chr7-0883",0.127105521450428
"chr7-0884",0.167029411468244
"chr7-0885",0.0568450673354097
"chr7-0886",0.687764200333613
"chr7-0887",-0.0921411903118927
"chr7-0888",0.264432132794154
"chr7-0889",0.299194481225237
"chr7-0890",0.144729231372145
"chr7-0891",0.0609693504688963
"chr8-0001",0.17767407747917
"chr8-0002",0.134647340671457
"chr8-0003",-0.414990154598877
"chr8-0004",-0.0725494147131201
"chr8-0005",0.176743687585673
"chr8-0006",0.150379655515156
"chr8-0007",0.290040418454812
"chr8-0008",0.285626290847464
"chr8-0009",0.10099249002602
"chr8-0010",0.119677902094143
"chr8-0011",0.259194306004719
"chr8-0012",0.0994045147676897
"chr8-0013",0.144284320632451
"chr8-0014",0.184162161992503
"chr8-0015",0.185180617240685
"chr8-0016",0.160754949602015
"chr8-0017",0.347538148040712
"chr8-0018",0.214823934202735
"chr8-0019",0.0391601972885315
"chr8-0020",0.0622259115063671
"chr8-0021",-0.0276356286695903
"chr8-0022",0.00405159855796506
"chr8-0023",-0.201158380359225
"chr8-0024",0.133184951123499
"chr8-0025",0.0605555625615807
"chr8-0026",0.0310197321993312
"chr8-0027",0.114414464123815
"chr8-0028",-0.0466593345775969
"chr8-0029",-0.184503432833172
"chr8-0030",-0.0190508889677124
"chr8-0031",-0.0929729393850205
"chr8-0032",0.254849577888563
"chr8-0033",0.370831731424931
"chr8-0034",-0.0479992136778392
"chr8-0035",-0.207181065359378
"chr8-0036",-0.642824454968824
"chr8-0037",0.0562398212105761
"chr8-0038",0.376867553272257
"chr8-0039",-0.0784771739277092
"chr8-0040",0.295617495640637
"chr8-0041",0.341067235512689
"chr8-0042",-0.0208112501922752
"chr8-0043",0.409296880103776
"chr8-0044",-0.0982023607300784
"chr8-0045",-0.092469388651266
"chr8-0046",-0.354061449474484
"chr8-0047",-0.243066584403057
"chr8-0048",-0.245964857332407
"chr8-0049",0.00115275704578057
"chr8-0050",0.114811802906588
"chr8-0051",0.159135518338116
"chr8-0052",-0.0258910667019347
"chr8-0053",-0.160962084513166
"chr8-0054",-0.503417633043509
"chr8-0055",-0.422171366419952
"chr8-0056",-0.343176059912415
"chr8-0057",0.00843199992356939
"chr8-0058",0.111049817018651
"chr8-0059",0.118100426003448
"chr8-0060",0.00240373106993123
"chr8-0061",0.235842651234016
"chr8-0062",-0.104578866682407
"chr8-0063",-0.0160735686252955
"chr8-0064",-0.279963712668251
"chr8-0065",-0.178829732738053
"chr8-0066",-0.0406687533028747
"chr8-0067",-0.182188211210695
"chr8-0068",-0.511117320993829
"chr8-0069",-0.0950283455316512
"chr8-0070",0.0274051923586269
"chr8-0071",-0.0806187769463544
"chr8-0072",-0.0491660175828066
"chr8-0073",-0.32900405095479
"chr8-0074",-0.207155285854307
"chr8-0075",-0.0150224209345915
"chr8-0076",0.0468141086471917
"chr8-0077",-0.16337670352975
"chr8-0078",0.0361780480280587
"chr8-0079",0.416524781473234
"chr8-0080",0.237240627349704
"chr8-0081",0.265182377335236
"chr8-0082",0.0411691499214229
"chr8-0083",0.0322601778707234
"chr8-0084",0.353726252994111
"chr8-0085",-0.0802902096426379
"chr8-0086",0.0946459642321106
"chr8-0087",0.0242625220549689
"chr8-0088",-0.298592611659253
"chr8-0089",0.0184128310247605
"chr8-0090",0.179361541369569
"chr8-0091",-0.160218065478222
"chr8-0092",0.117510544840878
"chr8-0093",-0.352998479530177
"chr8-0094",-0.103245275924508
"chr8-0095",-0.206730674514046
"chr8-0096",-0.0831429714685502
"chr8-0097",0.208933634866605
"chr8-0098",-0.232576217626623
"chr8-0099",0.0023220352565864
"chr8-0100",0.14582907512537
"chr8-0101",0.0989556560892561
"chr8-0102",0.121418463327966
"chr8-0103",0.0799116293523198
"chr8-0104",-0.145248029708725
"chr8-0105",-0.148206554057548
"chr8-0106",-0.352185256179144
"chr8-0107",-0.154761040694805
"chr8-0108",0.267614780674413
"chr8-0109",-0.389122891743223
"chr8-0110",-0.0742728930736613
"chr8-0111",0.175105361048556
"chr8-0112",-0.264007971105458
"chr8-0113",0.012617392486423
"chr8-0114",-0.269570425322835
"chr8-0115",-0.366217729970527
"chr8-0116",0.0357917863878894
"chr8-0117",-0.285719130616975
"chr8-0118",-0.14522114264738
"chr8-0119",0.138258970346668
"chr8-0120",-0.260119448931226
"chr8-0121",-0.338230253301242
"chr8-0122",-0.167663565035456
"chr8-0123",-0.279857904556266
"chr8-0124",-0.454722456306004
"chr8-0125",-0.427472590278337
"chr8-0126",-0.0691364431877078
"chr8-0127",-0.0131583001943949
"chr8-0128",-0.12341291065265
"chr8-0129",-0.135822679623094
"chr8-0130",0.0151003653227692
"chr8-0131",-0.0578586685543373
"chr8-0132",0.263625773087248
"chr8-0133",-0.127706621600035
"chr8-0134",-0.138007256286565
"chr8-0135",-0.0546238301966087
"chr8-0136",-0.476382180277011
"chr8-0137",-0.416854438422534
"chr8-0138",-0.0896593206115035
"chr8-0139",-0.120967283740388
"chr8-0140",0.037481275348045
"chr8-0141",-0.118592600933894
"chr8-0142",-0.209796372596533
"chr8-0143",-0.184396087672317
"chr8-0144",-0.240417028828825
"chr8-0145",-0.10161595040177
"chr8-0146",-0.0772245256010238
"chr8-0147",-0.0492602483664431
"chr8-0148",-0.0176968835142172
"chr8-0149",-0.064959144081026
"chr8-0150",-0.463573920523342
"chr8-0151",0.00648106977767483
"chr8-0152",-0.0503656962508643
"chr8-0153",0.0322450645060568
"chr8-0154",-0.184784055380514
"chr8-0155",0.00228214868855216
"chr8-0156",-0.178319941942576
"chr8-0157",-0.178264834858783
"chr8-0158",-0.114402689933552
"chr8-0159",-0.0740037796764684
"chr8-0160",0.281117742148221
"chr8-0161",0.237008080658093
"chr8-0162",-0.0660017639482632
"chr8-0163",-0.0259372889234043
"chr8-0164",-0.101528692821564
"chr8-0165",-0.0584975014911558
"chr8-0166",0.187635075704678
"chr8-0167",-0.213653736936336
"chr8-0168",-0.1993623341614
"chr8-0169",-0.20755472501134
"chr8-0170",-0.229954379280713
"chr8-0171",-0.338668491906455
"chr8-0172",0.100509611514645
"chr8-0173",-0.304100092112582
"chr8-0174",-0.332148256265489
"chr8-0175",-0.259082862758711
"chr8-0176",-0.133938943419452
"chr8-0177",-0.174098335673648
"chr8-0178",0.163866053070144
"chr8-0179",-0.118548898974448
"chr8-0180",-0.0306336537757424
"chr8-0181",0.065437150075449
"chr8-0182",-0.167292485229673
"chr8-0183",0.0272199022612847
"chr8-0184",0.133472112494156
"chr8-0185",-0.299447683931741
"chr8-0186",-0.0784475380051791
"chr8-0187",0.0218128420071112
"chr8-0188",-0.407515557750109
"chr8-0189",-0.281274006449596
"chr8-0190",-0.273719160592566
"chr8-0191",-0.245203224369341
"chr8-0192",-0.166011153255489
"chr8-0193",0.113078137470218
"chr8-0194",0.000512536422794834
"chr8-0195",0.112876326796932
"chr8-0196",0.138550689432007
"chr8-0197",-0.254964505954766
"chr8-0198",0.0318811200219934
"chr8-0199",-0.0193415296142275
"chr8-0200",0.112205472949314
"chr8-0201",-0.0363418911258443
"chr8-0202",0.231475369825113
"chr8-0203",-0.0521901173234748
"chr8-0204",0.17892710731137
"chr8-0205",-0.0742759519547217
"chr8-0206",0.0967915095942759
"chr8-0207",-0.451570863829397
"chr8-0208",-0.0974380030169903
"chr8-0209",-0.126446185804986
"chr8-0210",0.0245412684281471
"chr8-0211",-0.10029503155474
"chr8-0212",-0.332633203874106
"chr8-0213",-0.0880521376223399
"chr8-0214",-0.18132408874586
"chr8-0215",0.0568245170608969
"chr8-0216",-0.336349609696092
"chr8-0217",-0.0295710160638008
"chr8-0218",-0.359359781887655
"chr8-0219",-0.327077672286099
"chr8-0220",-0.315456724395517
"chr8-0221",-0.0943665478353496
"chr8-0222",-0.199140317964874
"chr8-0223",-0.0945987604323082
"chr8-0224",-0.106439046088798
"chr8-0225",0.062961740439676
"chr8-0226",-0.327482460643106
"chr8-0227",-0.123570756604485
"chr8-0228",-0.104214562960474
"chr8-0229",0.36412919309485
"chr8-0230",-0.211094500200779
"chr8-0231",-0.205261920513686
"chr8-0232",-0.271891919547834
"chr8-0233",-0.189128008731192
"chr8-0234",-0.0496672740104528
"chr8-0235",-0.139787047795475
"chr8-0236",-0.190516803333857
"chr8-0237",0.0967513841909978
"chr8-0238",0.503934057460978
"chr8-0239",0.0570650409509814
"chr8-0240",0.308728808178977
"chr8-0241",-0.296653871684889
"chr8-0242",-0.162136331631622
"chr8-0243",-0.340253292889977
"chr8-0244",-0.22799265391746
"chr8-0245",-0.218592420652967
"chr8-0246",-0.0419466382719856
"chr8-0247",-0.165799327809212
"chr8-0248",0.0806463289058841
"chr8-0249",-0.071833885979041
"chr8-0250",0.0138625333754038
"chr8-0251",-0.0318504554312381
"chr8-0252",0.125825286580685
"chr8-0253",0.144075346899334
"chr8-0254",0.0896780145358898
"chr8-0255",-0.175219021250953
"chr8-0256",-0.20695778338887
"chr8-0257",0.236686107754848
"chr8-0258",0.169087081921165
"chr8-0259",0.0329522034805112
"chr8-0260",-0.120740059289359
"chr8-0261",0.235139389341996
"chr8-0262",0.060090297429241
"chr8-0263",0.0676091115237467
"chr8-0264",0.0266213794885105
"chr8-0265",0.598293153954936
"chr8-0266",0.535261145189415
"chr8-0267",0.65918293884639
"chr8-0268",0.46131051873348
"chr8-0269",-0.31664081236935
"chr8-0270",0.0668896577428225
"chr8-0271",0.0455829685185977
"chr8-0272",0.203155124415507
"chr8-0273",-0.287451421067373
"chr8-0274",0.00811331900999155
"chr8-0275",0.346578621905327
"chr8-0276",0.0463174231756337
"chr8-0277",0.187285027122321
"chr8-0278",-0.133343246223877
"chr8-0279",-0.0902996831273063
"chr8-0280",-0.268370099420493
"chr8-0281",-0.20513747860395
"chr8-0282",-0.318375953601584
"chr8-0283",-0.451181921071855
"chr8-0284",-0.119176407013427
"chr8-0285",-0.164639009837205
"chr8-0286",0.164609517117681
"chr8-0287",-0.104034460218005
"chr8-0288",0.0819665374840582
"chr8-0289",-0.0953233357965671
"chr8-0290",-0.339680158982343
"chr8-0291",0.267607350599056
"chr8-0292",-0.0773383452782443
"chr8-0293",0.0600770022318516
"chr8-0294",0.000471331431736574
"chr8-0295",0.0689047806623127
"chr8-0296",0.116140276779094
"chr8-0297",0.141661634394697
"chr8-0298",-0.309645035905012
"chr8-0299",-0.172483960435938
"chr8-0300",-0.244833605142666
"chr8-0301",-0.196914811147347
"chr8-0302",0.201176022226522
"chr8-0303",-0.00705246542312705
"chr8-0304",-0.0841451993661576
"chr8-0305",0.462510505049208
"chr8-0306",0.160223285356478
"chr8-0307",-0.292766583424738
"chr8-0308",0.109047612370838
"chr8-0309",-0.0665220285344957
"chr8-0310",-0.414060506316377
"chr8-0311",-0.209740926976106
"chr8-0312",-0.154189719116149
"chr8-0313",0.0401363882507293
"chr8-0314",0.0416620517496686
"chr8-0315",0.0804722030244307
"chr8-0316",-0.262658293312537
"chr8-0317",-0.00986219536797504
"chr8-0318",0.370915334626123
"chr8-0319",-0.171205060690727
"chr8-0320",-0.195075962411146
"chr8-0321",-0.0997334807874216
"chr8-0322",0.150782921961039
"chr8-0323",-0.230508005145238
"chr8-0324",0.278617355669615
"chr8-0325",0.0779822553025102
"chr8-0326",-0.142591679430802
"chr8-0327",-0.21143878731196
"chr8-0328",0.067552958943566
"chr8-0329",-0.0641753534658959
"chr8-0330",0.105003301163026
"chr8-0331",0.0928888523069313
"chr8-0332",-0.00168100078962094
"chr8-0333",0.270128022833289
"chr8-0334",-0.0525650047251307
"chr8-0335",-0.0825707717422805
"chr8-0336",0.0714070683893709
"chr8-0337",0.389051568299424
"chr8-0338",0.0493302252750761
"chr8-0339",-0.0479472682180703
"chr8-0340",-0.0788311623952556
"chr8-0341",0.244984685993937
"chr8-0342",0.106078462016417
"chr8-0343",-0.0512550436785834
"chr8-0344",0.081178071358969
"chr8-0345",-0.0831001302272832
"chr8-0346",-0.193479706906287
"chr8-0347",-0.356684119188808
"chr8-0348",0.215684768093916
"chr8-0349",-0.084980140813004
"chr8-0350",0.199975618026229
"chr8-0351",-0.169918287041322
"chr8-0352",-0.0366697517038678
"chr8-0353",-0.241045923766873
"chr8-0354",-0.150317978434345
"chr8-0355",0.216241299253926
"chr8-0356",-0.123109873063428
"chr8-0357",-0.0384060190071251
"chr8-0358",-0.186459190555713
"chr8-0359",-0.381234064270607
"chr8-0360",-0.0374963727966846
"chr8-0361",-0.0294090873644868
"chr8-0362",-0.307425512692608
"chr8-0363",-0.0424912333519075
"chr8-0364",0.104286989949867
"chr8-0365",-0.551524382358042
"chr8-0366",-0.3111270955793
"chr8-0367",-0.300872431452081
"chr8-0368",-0.362169916668077
"chr8-0369",-0.104805704038169
"chr8-0370",0.0577433744912356
"chr8-0371",-0.271039855550093
"chr8-0372",0.648701080957791
"chr8-0373",0.0591911725216225
"chr8-0374",-0.294489738468753
"chr8-0375",0.360828874373833
"chr8-0376",-0.0905927707643883
"chr8-0377",-0.0502802519628083
"chr8-0378",0.0355977885053223
"chr8-0379",-0.378274353029449
"chr8-0380",0.00744352993826499
"chr8-0381",0.256343137967626
"chr8-0382",0.196405462178415
"chr8-0383",0.191658833464235
"chr8-0384",-0.1543122846155
"chr8-0385",0.201959273041355
"chr8-0386",-0.159495771093974
"chr8-0387",0.0761856503904859
"chr8-0388",0.0855809612135107
"chr8-0389",0.519570030859281
"chr8-0390",0.578543272664363
"chr8-0391",0.142707251094998
"chr8-0392",0.051738069740153
"chr8-0393",0.715627368933028
"chr8-0394",-0.0699586504112144
"chr8-0395",-0.160156079644611
"chr8-0396",-0.00225131802612159
"chr8-0397",-0.168218307812936
"chr8-0398",0.164355556367518
"chr8-0399",0.116228866024941
"chr8-0400",0.0779918824834363
"chr8-0401",-0.451177773319344
"chr8-0402",0.106298024476055
"chr8-0403",-0.27118166195557
"chr8-0404",-0.127598516252022
"chr8-0405",0.00270948750856607
"chr8-0406",0.0350791086292147
"chr8-0407",-0.263239097638086
"chr8-0408",-0.157416432239854
"chr8-0409",-0.253735358367658
"chr8-0410",0.0516034126054229
"chr8-0411",-0.186212444566611
"chr8-0412",-0.00998938257346305
"chr8-0413",0.0326150452116918
"chr8-0414",-0.0769418457709964
"chr8-0415",0.0753240900918245
"chr8-0416",-0.00696098880933213
"chr8-0417",-0.0473142666379737
"chr8-0418",0.176218904206484
"chr8-0419",-0.0902956311496848
"chr8-0420",0.217679155453106
"chr8-0421",0.364953114583239
"chr8-0422",-0.218557133421394
"chr8-0423",-0.300020965431953
"chr8-0424",-0.567795297908266
"chr8-0425",0.0166485093419297
"chr8-0426",-0.130306074330608
"chr8-0427",0.0036698327044293
"chr8-0428",-0.0446036927611413
"chr8-0429",-0.0356382939848118
"chr8-0430",0.32135955966707
"chr8-0431",0.190055311725584
"chr8-0432",0.0621880335324311
"chr8-0433",-0.119039579597789
"chr8-0434",0.164725454727458
"chr8-0435",-0.0487507445478179
"chr8-0436",-0.468255901518422
"chr8-0437",-0.155820477595557
"chr8-0438",0.00507110624089287
"chr8-0439",0.30285457159973
"chr8-0440",0.00354279128155341
"chr8-0441",0.119146807182756
"chr8-0442",0.385189342254034
"chr8-0443",0.362911496410608
"chr8-0444",0.101161795852903
"chr8-0445",0.589026578375138
"chr8-0446",-0.0986399992360871
"chr8-0447",-0.198351776899744
"chr8-0448",-0.203335451297691
"chr8-0449",-0.135854814135041
"chr8-0450",-0.201213114009305
"chr8-0451",0.197432462727023
"chr8-0452",0.103036878728186
"chr8-0453",-0.0203239539575843
"chr8-0454",-0.258169395957963
"chr8-0455",0.3335452558573
"chr8-0456",0.502558028821153
"chr8-0457",-0.24457679882468
"chr8-0458",0.0655804973986774
"chr8-0459",0.312160611834003
"chr8-0460",-0.208497854698164
"chr8-0461",-0.122092590741645
"chr8-0462",0.286079455856857
"chr8-0463",-0.172635515508405
"chr8-0464",-0.0910425468326598
"chr8-0465",-0.124731770953584
"chr8-0466",-0.15761650276008
"chr8-0467",0.170172968128397
"chr8-0468",0.184139494854391
"chr8-0469",0.00670374918304021
"chr8-0470",0.0123353568479914
"chr8-0471",0.263417144387058
"chr8-0472",0.0816097348755953
"chr8-0473",-0.134781904345904
"chr8-0474",0.0319420683872474
"chr8-0475",0.0413732403182797
"chr8-0476",-0.0705536580976933
"chr8-0477",-0.0534929749376599
"chr8-0478",-0.395134877498847
"chr8-0479",-0.219605478690313
"chr8-0480",-0.0216226349549523
"chr8-0481",0.137223740004071
"chr8-0482",-0.117711073675295
"chr8-0483",0.523444731847963
"chr8-0484",-0.0700640911562992
"chr8-0485",-0.0639341393683966
"chr8-0486",0.0910397030314567
"chr8-0487",-0.291936314335314
"chr8-0488",-0.333371012920566
"chr8-0489",-0.306549763511912
"chr8-0490",-0.464396815805729
"chr8-0491",0.156810197945452
"chr8-0492",-0.20131749844141
"chr8-0493",-0.202163157067075
"chr8-0494",0.187042704521073
"chr8-0495",-0.0904128304540961
"chr8-0496",-0.170885385346231
"chr8-0497",0.0534787640116274
"chr8-0498",-0.143511288607917
"chr8-0499",-0.230571723140116
"chr8-0500",-0.347865721140415
"chr8-0501",0.173008515611028
"chr8-0502",0.374000929817776
"chr8-0503",-0.0807061840467751
"chr8-0504",0.00640731817515947
"chr8-0505",0.0917066950702247
"chr8-0506",0.154934491081097
"chr8-0507",-0.107705741003538
"chr8-0508",-0.53796888757754
"chr8-0509",-0.0803163005718545
"chr8-0510",0.425718146972319
"chr8-0511",-0.0428680297832529
"chr8-0512",0.0460781730095135
"chr8-0513",-0.0382748775915562
"chr8-0514",0.356143665182046
"chr8-0515",-0.173247425588554
"chr8-0516",0.0432199541347139
"chr8-0517",0.122526005612457
"chr8-0518",-0.154789400607225
"chr8-0519",-0.530717291956465
"chr8-0520",-0.202643329561656
"chr8-0521",0.0274666128475184
"chr8-0522",0.179390549118345
"chr8-0523",-0.309395265481654
"chr8-0524",-0.20319122090073
"chr8-0525",-0.278796524715395
"chr8-0526",-0.291549673451348
"chr8-0527",0.0699265177499957
"chr8-0528",-0.324377885509883
"chr8-0529",0.150189368699703
"chr8-0530",0.0299670054094023
"chr8-0531",-0.201648101626491
"chr8-0532",-0.0532035670950098
"chr8-0533",-0.67102704308769
"chr8-0534",-0.175660390151326
"chr8-0535",0.233463417586935
"chr8-0536",0.494498766953236
"chr8-0537",0.233264259638687
"chr8-0538",-0.158655079845979
"chr8-0539",0.00291643032513205
"chr8-0540",-0.566728476314119
"chr8-0541",0.00590110817593617
"chr8-0542",-0.244794717814145
"chr8-0543",-0.434366395073504
"chr8-0544",-0.155434888411472
"chr8-0545",-0.251697747702079
"chr8-0546",0.084479074387677
"chr8-0547",-0.07499119070177
"chr8-0548",0.118547818336111
"chr8-0549",-0.0846073540854338
"chr8-0550",-0.317297833804605
"chr8-0551",-0.00734064870854765
"chr8-0552",-0.52052030543185
"chr8-0553",-0.173332653910463
"chr8-0554",0.0276873030823855
"chr8-0555",0.0349027084356723
"chr8-0556",0.0594227055391992
"chr8-0557",-0.310274622225591
"chr8-0558",0.0923780591429504
"chr8-0559",0.157230472142609
"chr8-0560",-0.12366069338225
"chr8-0561",0.498737618915653
"chr8-0562",-0.167455954413017
"chr8-0563",0.0189702479444615
"chr8-0564",0.199539311712195
"chr8-0565",0.0395451602832402
"chr8-0566",-0.120410648701208
"chr8-0567",-0.0617561808462384
"chr8-0568",-0.136878821594533
"chr8-0569",-0.222864242339514
"chr8-0570",0.0272102795524793
"chr8-0571",-0.59220901287331
"chr8-0572",-0.0260602619852717
"chr8-0573",-0.268743351851658
"chr8-0574",-0.105027037363841
"chr8-0575",0.0939705058455541
"chr8-0576",0.553964662809271
"chr8-0577",0.426965624719385
"chr8-0578",0.591044459793326
"chr8-0579",-0.159483137246768
"chr8-0580",0.555968784805412
"chr8-0581",0.0635979919552023
"chr8-0582",0.00505205995704814
"chr8-0583",0.0263566430719283
"chr8-0584",-0.228021916732827
"chr8-0585",-0.0268307195818468
"chr8-0586",0.16663383883062
"chr8-0587",-0.315618189778279
"chr8-0588",0.18453947888855
"chr8-0589",-0.0820807642060477
"chr8-0590",0.0447625189116021
"chr8-0591",-0.296450484880826
"chr8-0592",-0.22431241737039
"chr8-0593",-0.197234824063879
"chr8-0594",-0.282125244942198
"chr8-0595",0.122276238198145
"chr8-0596",-0.0653791246669408
"chr8-0597",-0.570310592301409
"chr8-0598",-0.485374135951181
"chr8-0599",-0.19488198791703
"chr8-0600",-0.278673220004293
"chr8-0601",-0.109562866484089
"chr8-0602",-0.193179624863184
"chr8-0603",-0.0436833834929465
"chr8-0604",-0.115834286479363
"chr8-0605",-0.212841381477169
"chr8-0606",0.296011051153099
"chr8-0607",-0.105916885290695
"chr8-0608",-0.154823568153088
"chr8-0609",-0.189689512703352
"chr8-0610",0.0143234885118735
"chr8-0611",-0.287050976772736
"chr8-0612",-0.390791163939184
"chr8-0613",0.0512314121278568
"chr8-0614",-0.0975887772546278
"chr8-0615",-0.096278839078636
"chr8-0616",0.184835566850917
"chr8-0617",0.0784635343500568
"chr8-0618",0.213607014319227
"chr8-0619",0.0987204726853333
"chr8-0620",0.146960560055731
"chr8-0621",-0.45147499565946
"chr8-0622",-0.381655149257231
"chr8-0623",-0.149579909583508
"chr8-0624",-0.193903633687492
"chr8-0625",0.0232236853004996
"chr8-0626",-0.0961935590971226
"chr8-0627",-0.121833883807964
"chr8-0628",0.289306801064157
"chr8-0629",0.283219007252297
"chr8-0630",0.0143282050820705
"chr8-0631",-0.259624558615898
"chr8-0632",-0.348384395382578
"chr8-0633",-0.197768914097319
"chr8-0634",-0.210301541715571
"chr8-0635",-0.384671349739728
"chr8-0636",-0.307333802412335
"chr8-0637",-0.639264036904461
"chr8-0638",-0.110681112269931
"chr8-0639",-0.27741553858839
"chr8-0640",-0.224015675619792
"chr8-0641",-0.136620781576095
"chr8-0642",-0.0456302956599933
"chr8-0643",-0.52064445723486
"chr8-0644",-0.404136575164624
"chr8-0645",-0.085404254500372
"chr8-0646",0.00553288342220806
"chr8-0647",0.0105976718535178
"chr8-0648",-0.151552166429057
"chr8-0649",-0.240403436576462
"chr8-0650",-0.735045967421891
"chr8-0651",-0.269968241230181
"chr8-0652",-0.285148310752839
"chr8-0653",-0.28951558936565
"chr8-0654",-0.396484263026814
"chr8-0655",-0.0131074427100205
"chr8-0656",-0.242328695967451
"chr8-0657",0.082446976924791
"chr8-0658",-0.218347200891556
"chr8-0659",-0.126465519663186
"chr8-0660",-0.407968901868246
"chr8-0661",-0.0367569243658338
"chr8-0662",-0.630229195292074
"chr8-0663",-0.427628765831502
"chr8-0664",-0.250696867064179
"chr8-0665",-0.206851766298794
"chr8-0666",-0.1232117634905
"chr8-0667",-0.0355957634726935
"chr8-0668",-0.175917227936407
"chr8-0669",-0.39024343281435
"chr8-0670",-0.34361628508763
"chr8-0671",-0.257700103496667
"chr8-0672",-0.369459077454202
"chr8-0673",-0.291717854159715
"chr8-0674",-0.133877030389781
"chr8-0675",-0.24523463445277
"chr8-0676",-0.657448891620402
"chr8-0677",-0.226228426355959
"chr8-0678",-0.198691357419343
"chr8-0679",-0.467615862378698
"chr8-0680",-0.249625075754149
"chr8-0681",-0.0574077123005323
"chr8-0682",0.100187118396724
"chr8-0683",0.0706182630394248
"chr8-0684",0.250786595162606
"chr8-0685",0.0371085799832973
"chr8-0686",-0.253651856354405
"chr8-0687",-0.213630555394019
"chr8-0688",-0.288175223173126
"chr8-0689",-0.252193263145654
"chr8-0690",-0.17251550973378
"chr8-0691",-0.0589373297937962
"chr8-0692",-0.549567763036047
"chr8-0693",-0.514104037907433
"chr8-0694",-0.4167314555697
"chr8-0695",-0.0482286120358819
"chr8-0696",-0.256617613526334
"chr8-0697",-0.134362270449956
"chr8-0698",-0.470240350237761
"chr8-0699",-0.244252646540933
"chr8-0700",-0.430444476220082
"chr8-0701",-0.223343033303214
"chr8-0702",-0.555344956157781
"chr8-0703",-0.314950091891223
"chr8-0704",-0.301575692929246
"chr8-0705",-0.24336563158732
"chr8-0706",-0.491350958886942
"chr8-0707",-0.347993046605087
"chr8-0708",-0.122870984685506
"chr8-0709",-0.161761828382445
"chr8-0710",-0.238984372181775
"chr8-0711",-0.0885603766169111
"chr8-0712",-0.296828073263702
"chr8-0713",-0.192172011729068
"chr8-0714",-0.0798808002788947
"chr8-0715",-0.424708909605633
"chr8-0716",-0.0762154295161924
"chr8-0717",-0.352914085641197
"chr8-0718",-0.418281818360901
"chr8-0719",-0.428464713510569
"chr8-0720",-0.425195087686012
"chr8-0721",-0.224200638966183
"chr8-0722",-0.306544233131366
"chr8-0723",-0.481268178336022
"chr8-0724",-0.372899275607153
"chr8-0725",-0.0185981444450166
"chr8-0726",-0.163692103471605
"chr8-0727",0.126898354339525
"chr8-0728",0.0588486710975781
"chr8-0729",0.054812237703897
"chr8-0730",0.161510039114609
"chr8-0731",0.0131847181479779
"chr8-0732",-0.029452250585588
"chr8-0733",0.20731540858879
"chr8-0734",-0.125428724186073
"chr8-0735",0.0116157214481475
"chr8-0736",0.211733272639325
"chr8-0737",0.209919864898478
"chr8-0738",-0.00512123890965067
"chr8-0739",0.0605324398895465
"chr8-0740",0.277784147031258
"chr8-0741",-0.164830473045918
"chr8-0742",-0.160739701217576
"chr8-0743",-0.26093223279108
"chr8-0744",-0.339319667143546
"chr8-0745",-0.454764847923289
"chr8-0746",-0.0282767593375254
"chr8-0747",-0.178340337034389
"chr8-0748",-0.507530068494353
"chr8-0749",-0.17131527271636
"chr8-0750",-0.0527761243166819
"chr8-0751",0.172630261467452
"chr8-0752",-0.147915846461985
"chr8-0753",-0.00142318272817764
"chr8-0754",-0.0562784140520655
"chr8-0755",-0.0255243152528572
"chr8-0756",-0.102474351124334
"chr8-0757",-0.170783452722054
"chr8-0758",-0.0424726399166476
"chr8-0759",-0.0197746495071262
"chr8-0760",0.0225786626827248
"chr8-0761",0.169133390013919
"chr8-0762",0.146028677448426
"chr8-0763",0.00637164335081087
"chr8-0764",0.0438244521471622
"chr8-0765",0.139524806687131
"chr8-0766",0.17006343130301
"chr8-0767",0.0163015286349042
"chr8-0768",-0.0166774719633006
"chr8-0769",-0.0221768376781765
"chr8-0770",0.0130489871765104
"chr8-0771",0.113004956827304
"chr8-0772",0.0712884040956644
"chr8-0773",0.0791546084581755
"chr8-0774",0.237469857245219
"chr8-0775",-0.0670724521653822
"chr8-0776",-0.101901714675497
"chr8-0777",-0.0835926537923913
"chr8-0778",-0.00761057357179791
"chr9-0001",0.203572274891344
"chr9-0002",-0.540924523880438
"chr9-0003",-0.575537114943622
"chr9-0004",0.0638043567211014
"chr9-0005",-0.25197947696722
"chr9-0006",-0.013186730523291
"chr9-0007",0.0490808405612907
"chr9-0008",-0.0331470360457276
"chr9-0009",-0.410187649589937
"chr9-0010",0.0497610826452544
"chr9-0011",0.322704166072609
"chr9-0012",-0.0994867091000932
"chr9-0013",-0.0419490633434687
"chr9-0014",-0.0281531014754212
"chr9-0015",0.128764341233837
"chr9-0016",-0.278327581330174
"chr9-0017",0.0358722454489767
"chr9-0018",-0.229488345637603
"chr9-0019",-0.126017850917797
"chr9-0020",-0.24924897388137
"chr9-0021",0.00645422626641376
"chr9-0022",-0.0428831820698536
"chr9-0023",0.283278447856962
"chr9-0024",0.0969286754197451
"chr9-0025",0.232486519259951
"chr9-0026",0.159268792390101
"chr9-0027",0.122241192707056
"chr9-0028",-0.199205130394444
"chr9-0029",0.145648942460178
"chr9-0030",0.000416230116473492
"chr9-0031",-0.348378268373943
"chr9-0032",-0.111312654984562
"chr9-0033",-0.0298145315305527
"chr9-0034",0.15391323293982
"chr9-0035",-0.00626218377387712
"chr9-0036",-0.000305259657872607
"chr9-0037",0.00770870810839414
"chr9-0038",-0.00962990280994659
"chr9-0039",-0.288181152128341
"chr9-0040",0.828289007351553
"chr9-0041",0.0585334543217482
"chr9-0042",0.0694819011978478
"chr9-0043",-0.101100734168868
"chr9-0044",-0.130226988778954
"chr9-0045",-0.0662671588677695
"chr9-0046",0.0324929240347426
"chr9-0047",-0.0207090183649724
"chr9-0048",-0.231895261328721
"chr9-0049",0.212374963043439
"chr9-0050",-0.449971570350051
"chr9-0051",0.186583989810931
"chr9-0052",0.0352842617127583
"chr9-0053",0.29804130190675
"chr9-0054",0.321685462239526
"chr9-0055",-0.0769918313772299
"chr9-0056",-0.0111208724129235
"chr9-0057",-0.438900287111256
"chr9-0058",-0.427969975528879
"chr9-0059",-0.206204039752348
"chr9-0060",-0.259283305497635
"chr9-0061",0.156994488440058
"chr9-0062",-0.238074874078231
"chr9-0063",-0.207634752417385
"chr9-0064",-0.066039322653065
"chr9-0065",-0.042329469418364
"chr9-0066",-0.06848080171492
"chr9-0067",-0.380311199306345
"chr9-0068",-0.331551469938896
"chr9-0069",-0.136714582796608
"chr9-0070",-0.293682995761496
"chr9-0071",-0.131045392056576
"chr9-0072",-0.15112363404118
"chr9-0073",-0.115715088221986
"chr9-0074",0.0672209403727651
"chr9-0075",0.164004385597285
"chr9-0076",-0.351919721453232
"chr9-0077",-0.0960434228755531
"chr9-0078",-0.199853802760732
"chr9-0079",-0.108149442313114
"chr9-0080",-0.293279197341966
"chr9-0081",-0.0791811513626345
"chr9-0082",-0.0711445862649207
"chr9-0083",-0.289945873508246
"chr9-0084",0.00250372337810365
"chr9-0085",0.0950441568309955
"chr9-0086",0.124027776201033
"chr9-0087",-0.502701854757414
"chr9-0088",-0.0827527635867792
"chr9-0089",0.0824937724625072
"chr9-0090",0.106551288341202
"chr9-0091",0.288682993442474
"chr9-0092",-0.221972510199334
"chr9-0093",-0.144643716425068
"chr9-0094",0.282715347157944
"chr9-0095",-0.330219631523807
"chr9-0096",-0.249130074194983
"chr9-0097",-0.254569339295996
"chr9-0098",0.153621749880643
"chr9-0099",-0.0128649408759853
"chr9-0100",0.171405854403613
"chr9-0101",-0.42333964945304
"chr9-0102",-0.24301803812849
"chr9-0103",-0.147858445122756
"chr9-0104",0.362374685056267
"chr9-0105",-0.326365381380734
"chr9-0106",0.0837310031576509
"chr9-0107",0.0238890186042624
"chr9-0108",-0.230394692466138
"chr9-0109",-0.196479623491151
"chr9-0110",-0.241448707751762
"chr9-0111",-0.468332419053941
"chr9-0112",-0.298965776909738
"chr9-0113",-0.0843078889431154
"chr9-0114",-0.380822139905638
"chr9-0115",-0.302309691271138
"chr9-0116",-0.116914296381484
"chr9-0117",-0.292364145976044
"chr9-0118",-0.440412570648786
"chr9-0119",-0.31611755881713
"chr9-0120",-0.173140125849635
"chr9-0121",-0.0298070438680075
"chr9-0122",0.181034527671741
"chr9-0123",0.0854676437610968
"chr9-0124",-0.0548899102922631
"chr9-0125",-0.57376664746054
"chr9-0126",-0.578616707230213
"chr9-0127",-0.0366126058794753
"chr9-0128",0.0904866521959982
"chr9-0129",-0.0224578910863756
"chr9-0130",-0.160402314777
"chr9-0131",-0.226997547729871
"chr9-0132",-0.435864445048575
"chr9-0133",-0.103552356010437
"chr9-0134",0.0382375130133033
"chr9-0135",-0.354359566173967
"chr9-0136",-0.292918450503049
"chr9-0137",0.0135315406615818
"chr9-0138",-0.190128846146908
"chr9-0139",-0.0699372994064773
"chr9-0140",-0.0545513507821823
"chr9-0141",-0.0761819396332132
"chr9-0142",0.193334503637272
"chr9-0143",0.0603039701924893
"chr9-0144",-0.126119778440666
"chr9-0145",0.471689131371456
"chr9-0146",0.239664894664388
"chr9-0147",0.0332570514957912
"chr9-0148",0.0593011425952615
"chr9-0149",-0.275050045432827
"chr9-0150",-0.266117956130529
"chr9-0151",-0.0375526182592659
"chr9-0152",0.150174601079752
"chr9-0153",0.168663233524269
"chr9-0154",0.209863504913852
"chr9-0155",-0.392258622918914
"chr9-0156",-0.335157066112134
"chr9-0157",-0.280170682053638
"chr9-0158",-0.421050917203533
"chr9-0159",0.158952338512592
"chr9-0160",0.127621367291374
"chr9-0161",-0.299929173535151
"chr9-0162",-0.198202519799942
"chr9-0163",-0.181007548265528
"chr9-0164",-0.213552219529498
"chr9-0165",-0.300510185981296
"chr9-0166",-0.243251823479385
"chr9-0167",0.0608042459784724
"chr9-0168",-0.323028042726763
"chr9-0169",-0.441171589050517
"chr9-0170",-0.148272987091527
"chr9-0171",0.101177063174619
"chr9-0172",0.053772696863786
"chr9-0173",-0.0347254102649222
"chr9-0174",0.0680685833624052
"chr9-0175",0.15384255037977
"chr9-0176",-0.562962389328299
"chr9-0177",-0.0945249464052163
"chr9-0178",0.0687586790240904
"chr9-0179",-0.0969120939029239
"chr9-0180",-0.213786522310049
"chr9-0181",-0.107424401536508
"chr9-0182",-0.295879732177058
"chr9-0183",0.431992340077568
"chr9-0184",-0.00321150720285431
"chr9-0185",-0.146366570100889
"chr9-0186",-0.097295519291093
"chr9-0187",-0.184630267209578
"chr9-0188",0.0865664527215121
"chr9-0189",0.0546413719523819
"chr9-0190",-0.206982131001735
"chr9-0191",-0.129966435596402
"chr9-0192",-0.417589073616699
"chr9-0193",-0.0549688653019401
"chr9-0194",-0.204963350900928
"chr9-0195",-0.161337901682217
"chr9-0196",-0.105851280133338
"chr9-0197",-0.230434874729914
"chr9-0198",-0.0732297466826688
"chr9-0199",-0.140391331629076
"chr9-0200",0.356553391461348
"chr9-0201",0.08768047145084
"chr9-0202",-0.363079840171583
"chr9-0203",0.0903393936369631
"chr9-0204",-0.408268058324987
"chr9-0205",0.0459285422691436
"chr9-0206",0.00577230844535248
"chr9-0207",0.161612285951583
"chr9-0208",-0.359056439832753
"chr9-0209",-0.348570283877029
"chr9-0210",-0.00495551085923257
"chr9-0211",0.183922780472462
"chr9-0212",-0.0874160369831353
"chr9-0213",-0.095982551475244
"chr9-0214",0.246495451174967
"chr9-0215",-0.31322253164733
"chr9-0216",-0.448498504386535
"chr9-0217",0.0929254453061991
"chr9-0218",-0.220021712292131
"chr9-0219",0.0728481844326698
"chr9-0220",-0.17345150474673
"chr9-0221",-0.261311839233973
"chr9-0222",-0.115853857403477
"chr9-0223",-0.246135596172214
"chr9-0224",-0.132326878785274
"chr9-0225",0.0513322232559138
"chr9-0226",0.126728770266185
"chr9-0227",-0.13552439227923
"chr9-0228",0.0126681547809496
"chr9-0229",-0.0804145246500182
"chr9-0230",-0.101631799652374
"chr9-0231",-0.153257855438744
"chr9-0232",-0.205818576658442
"chr9-0233",-0.439509221957308
"chr9-0234",-0.364874122397638
"chr9-0235",-0.343921313941966
"chr9-0236",-0.47310086801789
"chr9-0237",-0.460612371265609
"chr9-0238",0.172238239235745
"chr9-0239",-0.0982540490456816
"chr9-0240",-0.498233480336432
"chr9-0241",0.109850565099259
"chr9-0242",-0.0932399593146109
"chr9-0243",-0.224785414512552
"chr9-0244",0.0798684688895786
"chr9-0245",-0.180851593820791
"chr9-0246",0.0978119483440282
"chr9-0247",-0.0572110164844861
"chr9-0248",-0.1102557679196
"chr9-0249",0.0126535331391243
"chr9-0250",0.350163051382065
"chr9-0251",-0.224255923852734
"chr9-0252",-0.387883771393326
"chr9-0253",0.06544332374049
"chr9-0254",-0.267019995510109
"chr9-0255",-0.280744764477766
"chr9-0256",-0.215842412951328
"chr9-0257",-0.160318875632168
"chr9-0258",-0.00419363090785448
"chr9-0259",-0.0608196304856022
"chr9-0260",-0.120512003288865
"chr9-0261",0.0187790265249619
"chr9-0262",-0.232984294815095
"chr9-0263",-0.104067210131418
"chr9-0264",-0.303161411178618
"chr9-0265",-0.0211806721239423
"chr9-0266",0.484897600415323
"chr9-0267",0.0429947369156232
"chr9-0268",-0.321578313088984
"chr9-0269",-0.1094535374209
"chr9-0270",-0.0487156693306588
"chr9-0271",-0.234591601030065
"chr9-0272",-0.341477705418265
"chr9-0273",-0.470662131241705
"chr9-0274",0.301506969863202
"chr9-0275",-0.04634856136026
"chr9-0276",0.0411719702385891
"chr9-0277",-0.103591328949588
"chr9-0278",0.0697999674232953
"chr9-0279",-0.0407916351853104
"chr9-0280",-0.200342803727578
"chr9-0281",-0.139541471404084
"chr9-0282",-0.0702143501382357
"chr9-0283",0.167819509249625
"chr9-0284",-0.0785871813813222
"chr9-0285",0.0168019651161818
"chr9-0286",-0.0704097271114308
"chr9-0287",-0.0629119549203955
"chr9-0288",0.0647689759408664
"chr9-0289",0.101020120574855
"chr9-0290",0.036765966942338
"chr9-0291",0.0150371816519388
"chr9-0292",-0.194199056667283
"chr9-0293",-0.159300888854907
"chr9-0294",0.0184136883858948
"chr9-0295",-0.222383298683514
"chr9-0296",-0.31882083572589
"chr9-0297",-0.421453072432147
"chr9-0298",0.00896534272938288
"chr9-0299",-0.0868961182883654
"chr9-0300",-0.0887658613718267
"chr9-0301",-0.299703191997083
"chr9-0302",-0.505860093298893
"chr9-0303",-0.560697836215731
"chr9-0304",-0.0388989323593595
"chr9-0305",-0.217601983007779
"chr9-0306",-0.359804868829032
"chr9-0307",-0.47301191926628
"chr9-0308",-0.38855162650198
"chr9-0309",-0.543734115103619
"chr9-0310",-0.274782549603394
"chr9-0311",-0.189521771570952
"chr9-0312",-0.0427763666277296
"chr9-0313",-0.0491507624392563
"chr9-0314",-0.593053669550254
"chr9-0315",-0.0297199891334041
"chr9-0316",-0.0405583334393476
"chr9-0317",-0.0293159545596207
"chr9-0318",-0.0438932725685256
"chr9-0319",-0.243163895988088
"chr9-0320",-0.47777418686871
"chr9-0321",-0.407559654938182
"chr9-0322",-0.0719135306027425
"chr9-0323",-0.195067439886738
"chr9-0324",0.414347712145726
"chr9-0325",-0.710677979806211
"chr9-0326",0.613771449834002
"chr9-0327",0.0916257241310626
"chr9-0328",-0.300892833994389
"chr9-0329",-0.0324284685931274
"chr9-0330",-0.0511474625935563
"chr9-0331",0.136038344903901
"chr9-0332",0.258494321439144
"chr9-0333",-0.284583292205588
"chr9-0334",-0.670891221546005
"chr9-0335",-0.343121572161257
"chr9-0336",0.0635031371567666
"chr9-0337",-0.190369050464882
"chr9-0338",-0.0754977250097748
"chr9-0339",0.020700625200216
"chr9-0340",-0.203828608145138
"chr9-0341",-0.430081796198314
"chr9-0342",-0.46139824584527
"chr9-0343",-0.00102753723949957
"chr9-0344",-0.234110359552292
"chr9-0345",-0.296026091227345
"chr9-0346",-0.251746668602083
"chr9-0347",-0.259024712243326
"chr9-0348",-0.375302389767658
"chr9-0349",-0.285589971714808
"chr9-0350",-0.222846104800929
"chr9-0351",0.186572264059822
"chr9-0352",-0.282395863422856
"chr9-0353",-0.274945901196125
"chr9-0354",-0.050220181456926
"chr9-0355",-0.113602170579594
"chr9-0356",-0.0666537434960959
"chr9-0357",0.12489245995635
"chr9-0358",-0.130419123334023
"chr9-0359",0.0205406874742375
"chr9-0360",-0.211714367178164
"chr9-0361",0.0194153397903263
"chr9-0362",-0.168796183601756
"chr9-0363",-0.0244201151358224
"chr9-0364",-0.130378339973939
"chr9-0365",0.0228561441118577
"chr9-0366",-0.0606789018882225
"chr9-0367",-0.234324570797704
"chr9-0368",0.184680088192504
"chr9-0369",-0.177303388619847
"chr9-0370",-0.277378287641338
"chr9-0371",-0.213379028963341
"chr9-0372",-0.109488787077985
"chr9-0373",-0.413108781377413
"chr9-0374",-0.189349772483992
"chr9-0375",-0.548354852557925
"chr9-0376",-0.0671077649331318
"chr9-0377",-0.377993788795698
"chr9-0378",-0.374348776595734
"chr9-0379",-0.270434983393687
"chr9-0380",-0.572372477087969
"chr9-0381",-0.27059183789368
"chr9-0382",0.0869932110783339
"chr9-0383",-0.0101782015269883
"chr9-0384",-0.344003849367576
"chr9-0385",-0.0543152054419252
"chr9-0386",-0.390122865009728
"chr9-0387",-0.310613363166843
"chr9-0388",-0.449937783296806
"chr9-0389",-0.0685256415099217
"chr9-0390",-0.362538587000617
"chr9-0391",-0.269348485438077
"chr9-0392",-0.28259108952744
"chr9-0393",-0.155934039121571
"chr9-0394",-0.0714946918809327
"chr9-0395",-0.425227109886649
"chr9-0396",-0.204225398098654
"chr9-0397",-0.522935048991704
"chr9-0398",-0.348459378675287
"chr9-0399",-0.0742985289582253
"chr9-0400",-0.113571229942
"chr9-0401",-0.136186964044106
"chr9-0402",-0.249212749777234
"chr9-0403",-0.113836064175779
"chr9-0404",-0.047232570955201
"chr9-0405",-0.205811369908268
"chr9-0406",-0.34586591668675
"chr9-0407",-0.187212216524182
"chr9-0408",-0.272591915534086
"chr9-0409",-0.379848287158006
"chr9-0410",-0.163032739083379
"chr9-0411",-0.329052163363502
"chr9-0412",-0.223949874731931
"chr9-0413",-0.157783364414192
"chr9-0414",-0.220676939495578
"chr9-0415",-0.0718601247239359
"chr9-0416",-0.252985650912904
"chr9-0417",-0.269550711332346
"chr9-0418",-0.191362841576895
"chr9-0419",0.211313143324662
"chr9-0420",-0.049889731101583
"chr9-0421",-0.274454314303711
"chr9-0422",-0.27597904493876
"chr9-0423",-0.0208511418381968
"chr9-0424",-0.210053847464017
"chr9-0425",-0.231932297899056
"chr9-0426",-0.0526363373857934
"chr9-0427",0.0772654270852469
"chr9-0428",-0.155446236213111
"chr9-0429",0.00742841617348096
"chr9-0430",-0.222564398537906
"chr9-0431",-0.183830491557109
"chr9-0432",-0.173059500117268
"chr9-0433",-0.312312553182903
"chr9-0434",-0.365212780186232
"chr9-0435",0.0862110305117076
"chr9-0436",-0.163313589059556
"chr9-0437",-0.0801545555782643
"chr9-0438",-0.0635055008582687
"chr9-0439",-0.0309683174364866
"chr9-0440",-0.182969007039543
"chr9-0441",0.0232889810329843
"chr9-0442",-0.293034349198232
"chr9-0443",0.499156009951533
"chr9-0444",-0.0811197367486727
"chr9-0445",0.266060213749018
"chr9-0446",-0.0811811957401327
"chr9-0447",-0.196926406714736
"chr9-0448",-0.18621574959568
"chr9-0449",-0.218907956432924
"chr9-0450",-0.15572040782182
"chr9-0451",-0.261385567811681
"chr9-0452",-0.0271357556371131
"chr9-0453",-0.28582016842112
"chr9-0454",-0.0997630594284828
"chr9-0455",-0.0851407969613771
"chr9-0456",-0.364361040725453
"chr9-0457",-0.465759821545609
"chr9-0458",-0.469967580084455
"chr9-0459",-0.310251592837763
"chr9-0460",-0.254293478024636
"chr9-0461",-0.0380562613637684
"chr9-0462",-0.0223033477720213
"chr9-0463",-0.172036253312178
"chr9-0464",-0.302778581785351
"chr9-0465",-0.174906989871611
"chr9-0466",-0.230870069459286
"chr9-0467",-0.125372518582885
"chr9-0468",0.028138045598029
"chr9-0469",-0.274788391153454
"chr9-0470",0.0234950975208194
"chr9-0471",0.0655349981917806
"chr9-0472",-0.0438294442987726
"chr9-0473",-0.0521164150480084
"chr9-0474",-0.103861144811568
"chr9-0475",-0.0189833137711902
"chr9-0476",-0.112819538298928
"chr9-0477",-0.0444453457144044
"chr9-0478",-0.0722432321247356
"chr9-0479",-0.186568635625244
"chr9-0480",-0.0992168037907906
"chr9-0481",-0.0548586335989287
"chr9-0482",0.00114795085571686
"chr9-0483",-0.223891636605072
"chr9-0484",0.0534238044362449
"chr9-0485",-0.09875822672495
"chr9-0486",-0.167150007037522
"chr9-0487",-0.178213939016758
"chr9-0488",-0.147570088152998
"chr9-0489",-0.241702390199762
"chr9-0490",-0.381600143240819
"chr9-0491",-0.266079541700841
"chr9-0492",-0.0766462045859548
"chr9-0493",-0.11609841268526
"chr9-0494",-0.018953669770877
"chr9-0495",-0.235338632699082
"chr9-0496",-0.0905843153042502
"chr9-0497",-0.124352316397222
"chr9-0498",-0.109316883122074
"chr9-0499",0.107599045565564
"chr9-0500",0.0213089409138657
"chr9-0501",0.0572751493058107
"chr9-0502",-0.0376389083251937
"chr9-0503",-0.143823966844919
"chr9-0504",-0.0229608422389199
"chr9-0505",-0.137723799487285
"chr9-0506",-0.218002618045654
"chr9-0507",0.025103036958537
"chr9-0508",0.411125335792037
"chr9-0509",-0.0547301439111897
"chr9-0510",-0.322648945271829
"chr9-0511",-0.134084817033422
"chr9-0512",-0.199515345669691
"chr9-0513",-0.339091284646384
"chr9-0514",-0.196728945945998
"chr9-0515",-0.0390283112821677
"chr9-0516",-0.139631100038142
"chr9-0517",-0.010560933979047
"chr9-0518",-0.167415135626181
"chr9-0519",-0.247673246616154
"chr9-0520",-0.203733257939698
"chr9-0521",-0.100913814552227
"chr9-0522",0.0100738027819382
"chr9-0523",0.0612016948461069
"chr9-0524",0.00350930188760099
"chr9-0525",0.204546293960839
"chr9-0526",0.0466607121833186
"chr9-0527",-0.31042923732643
"chr9-0528",-0.285281027791411
"chr9-0529",-0.166758130228197
"chr9-0530",0.103086395643322
"chr9-0531",-0.455251471838949
"chr9-0532",-0.00794612199628644
"chr9-0533",0.0290670855374373
"chr9-0534",-0.33018763560487
"chr9-0535",-0.284667245838578
"chr9-0536",-0.255462671253163
"chr9-0537",-0.228547946067077
"chr9-0538",-0.185871347101366
"chr9-0539",0.0621302787212042
"chr9-0540",-0.205941400598995
"chr9-0541",-0.116200084054509
"chr9-0542",-0.0623386661619758
"chr9-0543",0.137997677315378
"chr9-0544",-0.066832437991547
"chr9-0545",0.0895244541906973
"chr9-0546",-0.181805339722492
"chr9-0547",-0.132600095121465
"chr9-0548",0.0216207082675629
"chr9-0549",0.119039974035526
"chr9-0550",0.172741462518155
"chr9-0551",0.0203739364145171
"chr9-0552",-0.0949136017767419
"chr9-0553",-0.0080813381742047
"chr9-0554",-0.0450566464625262
"chr9-0555",0.14760569591316
"chr9-0556",0.0510296550083611
"chr9-0557",-0.0444096787399108
"chr9-0558",0.345036921221548
"chr9-0559",-0.0541643184325566
"chr9-0560",0.154075877897012
"chr9-0561",-0.152643910406331
"chr9-0562",0.241106804642943
"chr9-0563",0.22084741632734
"chr9-0564",0.0568826531613681
"chr9-0565",-0.203415421566317
"chr9-0566",0.206294245414531
"chrX-0001",0.640794697303167
"chrX-0002",0.534809706968121
"chrX-0003",0.802858201728488
"chrX-0004",0.617602871757898
"chrX-0005",0.847517186435263
"chrX-0006",0.88607003343449
"chrX-0007",0.855614098965721
"chrX-0008",1.58360020028936
"chrX-0009",0.537912894303957
"chrX-0010",0.760549064233092
"chrX-0011",0.374181831874819
"chrX-0012",1.8147492804695
"chrX-0013",0.633315819460577
"chrX-0014",0.678351398160397
"chrX-0015",0.864531353008257
"chrX-0016",0.838770527392048
"chrX-0017",0.501014620147035
"chrX-0018",0.862850837826408
"chrX-0019",0.55755894496791
"chrX-0020",0.756106823775326
"chrX-0021",0.844468328746996
"chrX-0022",0.756057015606369
"chrX-0023",0.964152868862501
"chrX-0024",1.21625509977569
"chrX-0025",2.26653793345148
"chrX-0026",0.945725234508913
"chrX-0027",0.492315979045596
"chrX-0028",0.669133408746303
"chrX-0029",0.464873036327519
"chrX-0030",0.632888294959442
"chrX-0031",0.734946335453743
"chrX-0032",1.00173702683182
"chrX-0033",0.781450292285766
"chrX-0034",0.682926560745722
"chrX-0035",0.460392227458702
"chrX-0036",0.587217587793156
"chrX-0037",0.52166130181936
"chrX-0038",0.702465039713189
"chrX-0039",0.256626301982601
"chrX-0040",0.943858412800153
"chrX-0041",0.981987004224979
"chrX-0042",1.23356526328274
"chrX-0043",0.364854780767389
"chrX-0044",0.781165660458711
"chrX-0045",1.00105059215989
"chrX-0046",1.46116778478138
"chrX-0047",0.747692322830317
"chrX-0048",0.890246406317161
"chrX-0049",0.536902430791682
"chrX-0050",0.92070140715771
"chrX-0051",0.942692090901326
"chrX-0052",0.375305316209391
"chrX-0053",0.310835793257686
"chrX-0054",1.0383773870766
"chrX-0055",0.422394970655005
"chrX-0056",0.900857829557509
"chrX-0057",1.09740304459301
"chrX-0058",0.580858974164006
"chrX-0059",1.13647694418237
"chrX-0060",0.495905001440318
"chrX-0061",0.823196763818063
"chrX-0062",0.538860934213253
"chrX-0063",0.414614463408856
"chrX-0064",0.64661991207154
"chrX-0065",1.4016810394643
"chrX-0066",0.730505140457723
"chrX-0067",0.869370166024019
"chrX-0068",1.127764206355
"chrX-0069",0.527445325985342
"chrX-0070",0.89769422931371
"chrX-0071",1.25906446529483
"chrX-0072",0.664794643339723
"chrX-0073",1.15064381870986
"chrX-0074",0.826862834197897
"chrX-0075",0.603027320070499
"chrX-0076",1.32313321948437
"chrX-0077",0.948135012187489
"chrX-0078",1.07278927895854
"chrX-0079",1.16229788954861
"chrX-0080",1.00029513621185
"chrX-0081",0.890997840771396
"chrX-0082",1.04500718464884
"chrX-0083",1.30515805096599
"chrX-0084",0.791807236356212
"chrX-0085",1.10400504433479
"chrX-0086",0.819672202364256
"chrX-0087",0.820996638457691
"chrX-0088",1.10955512524488
"chrX-0089",1.4611951845332
"chrX-0090",0.950909417582317
"chrX-0091",0.615270754202783
"chrX-0092",1.09039810359821
"chrX-0093",0.998944061773983
"chrX-0094",1.07970610587059
"chrX-0095",1.9146129566112
"chrX-0096",0.684403421298411
"chrX-0097",1.0735185486995
"chrX-0098",0.851401545266611
"chrX-0099",0.808976235981047
"chrX-0100",0.878209392157807
"chrX-0101",1.7191997602513
"chrX-0102",1.56253391305934
"chrX-0103",1.73721660651926
"chrX-0104",1.30560064159634
"chrX-0105",0.922694893351273
"chrX-0106",1.46139538312511
"chrX-0107",1.54775344827398
"chrX-0108",1.06039951824962
"chrX-0109",0.800560768868689
"chrX-0110",0.643684804879523
"chrX-0111",1.1406229439449
"chrX-0112",1.08155634798301
"chrX-0113",1.07643652998387
"chrX-0114",0.873473406829721
"chrX-0115",0.426277330040505
"chrX-0116",0.909725664952872
"chrX-0117",0.81061884143744
"chrX-0118",0.90975356319401
"chrX-0119",0.215981576345523
"chrX-0120",0.647531559295847
"chrX-0121",0.271285777242511
"chrX-0122",0.421513178281847
"chrX-0123",0.509039742710667
"chrX-0124",0.461936743246268
"chrX-0125",0.635913738058152
"chrX-0126",0.447125069033593
"chrX-0127",0.283819696828276
"chrX-0128",0.568043648995342
"chrX-0129",0.737648130684793
"chrX-0130",0.610388911829467
"chrX-0131",1.03486757100284
"chrX-0132",1.18906594926669
"chrX-0133",1.06282741888955
"chrX-0134",0.616264014049477
"chrX-0135",1.21006796694041
"chrX-0136",0.757954288759952
"chrX-0137",0.973132927115612
"chrX-0138",0.772497804733007
"chrX-0139",0.526332361216672
"chrX-0140",0.742963017409546
"chrX-0141",0.89576299360504
"chrX-0142",1.02050127565357
"chrX-0143",0.803492673432712
"chrX-0144",1.35288196192624
"chrX-0145",0.724503629198799
"chrX-0146",0.628656956842079
"chrX-0147",1.02346033318229
"chrX-0148",0.790420002482055
"chrX-0149",0.875687555544102
"chrX-0150",0.662298514191499
"chrX-0151",0.851796401829196
"chrX-0152",1.2593365867404
"chrX-0153",1.75655015057206
"chrX-0154",1.12852518233914
"chrX-0155",0.644126657788045
"chrX-0156",0.642233580467575
"chrX-0157",0.990925409562772
"chrX-0158",0.547509291177815
"chrX-0159",0.449140772676487
"chrX-0160",0.681233151395761
"chrX-0161",0.293024757251043
"chrX-0162",0.820095860904817
"chrX-0163",0.811114087968512
"chrX-0164",0.694846321577278
"chrX-0165",0.57585891066878
"chrX-0166",0.756835717954406
"chrX-0167",0.516992770812468
"chrX-0168",0.62425214429612
"chrX-0169",0.695345933732194
"chrX-0170",0.82251828696943
"chrX-0171",0.661877752289043
"chrX-0172",0.786326567712502
"chrX-0173",0.707542613768092
"chrX-0174",0.71012564761947
"chrX-0175",0.798641370192174
"chrX-0176",0.878200977499942
"chrX-0177",0.464889772996529
"chrX-0178",0.6198494828589
"chrX-0179",0.670092558254516
"chrX-0180",1.54877201475943
"chrX-0181",0.359993704481062
"chrX-0182",0.750575636237422
"chrX-0183",0.61641466450217
"chrX-0184",0.720547358252445
"chrX-0185",0.363664657742007
"chrX-0186",0.577453155088721
"chrX-0187",0.263324699147728
"chrX-0188",0.165835764001901
"chrX-0189",0.322831749499036
"chrX-0190",0.627124901242877
"chrX-0191",0.856878434038183
"chrX-0192",1.14000588845127
"chrX-0193",1.07512960686155
"chrX-0194",1.11808780546259
"chrX-0195",0.972249142162452
"chrX-0196",0.240296897454376
"chrX-0197",0.886296628373182
"chrX-0198",0.381360420903029
"chrX-0199",0.832994033871023
"chrX-0200",1.32275516992938
"chrX-0201",0.927759508875531
"chrX-0202",0.468992334403002
"chrX-0203",0.721374770999624
"chrX-0204",1.00295376742783
"chrX-0205",1.09259181826453
"chrX-0206",0.594578589972804
"chrX-0207",0.88823733650833
"chrX-0208",0.942886517259479
"chrX-0209",0.860595629223212
"chrX-0210",0.752081120433192
"chrX-0211",0.698631532400816
"chrX-0212",0.762998562183713
"chrX-0213",0.828604027555263
"chrX-0214",0.613939651352318
"chrX-0215",0.674916450655638
"chrX-0216",0.696905441517632
"chrX-0217",0.998998445660796
"chrX-0218",0.831538877160906
"chrX-0219",0.442994748731152
"chrX-0220",0.255207498982388
"chrX-0221",0.274099601260474
"chrX-0222",0.113447507830557
"chrX-0223",0.725283939310157
"chrX-0224",0.308192629134274
"chrX-0225",0.312495266149114
"chrX-0226",0.736645488029734
"chrX-0227",1.09920294677544
"chrX-0228",0.874880884787684
"chrX-0229",0.495570970577375
"chrX-0230",0.652463933042544
"chrX-0231",0.629828039315721
"chrX-0232",0.98624890595714
"chrX-0233",0.733920707283884
"chrX-0234",0.374512877813664
"chrX-0235",0.966148519354907
"chrX-0236",0.639718131549987
"chrX-0237",1.03595549678301
"chrX-0238",1.19633671247359
"chrX-0239",0.47465117167752
"chrX-0240",0.697091556742233
"chrX-0241",0.312503145879471
"chrX-0242",0.522653083686747
"chrX-0243",0.571806054881029
"chrX-0244",0.533350050619842
"chrX-0245",1.13293887770032
"chrX-0246",0.942519930397265
"chrX-0247",0.614271871861234
"chrX-0248",0.944918711668639
"chrX-0249",1.23249274199646
"chrX-0250",1.18279421641633
"chrX-0251",0.735386928692971
"chrX-0252",1.51561222173094
"chrX-0253",1.12913508487192
"chrX-0254",0.324000245395848
"chrX-0255",0.784256381257419
"chrX-0256",0.702874307429428
"chrX-0257",0.76376286804223
"chrX-0258",2.27736729359271
"chrX-0259",0.892089057484468
"chrX-0260",0.726857416498163
"chrX-0261",0.811658032007177
"chrX-0262",0.830044412229018
"chrX-0263",0.606538441208574
"chrX-0264",1.28677562306079
"chrX-0265",0.62130856194278
"chrX-0266",0.884007182307694
"chrX-0267",0.719329500206047
"chrX-0268",0.855907707847138
"chrX-0269",0.99560750585253
"chrX-0270",0.806968348347829
"chrX-0271",0.362990890692552
"chrX-0272",0.552949216546593
"chrX-0273",1.08495621983723
"chrX-0274",0.957580804360223
"chrX-0275",0.306846045884445
"chrX-0276",0.996692578076676
"chrX-0277",0.920629334434965
"chrX-0278",0.824278939883773
"chrX-0279",0.730767599614408
"chrX-0280",0.771509947778208
"chrX-0281",0.524111292294111
"chrX-0282",0.905419030145309
"chrX-0283",1.19290068603397
"chrX-0284",0.604058484440925
"chrX-0285",0.934780976110544
"chrX-0286",0.862035876124102
"chrX-0287",0.585982648053391
"chrX-0288",1.04141818382037
"chrX-0289",0.448228312144401
"chrX-0290",0.913235422400123
"chrX-0291",0.860313658183071
"chrX-0292",0.995135260199593
"chrX-0293",1.01502296188784
"chrX-0294",1.19652739510539
"chrX-0295",0.852085843423089
"chrX-0296",0.357513966756122
"chrX-0297",0.840207512165889
"chrX-0298",0.600472667584139
"chrX-0299",0.53418531623695
"chrX-0300",0.666669627689948
"chrX-0301",0.978123120043591
"chrX-0302",1.56784104133323
"chrX-0303",0.696862760694606
"chrX-0304",0.923459077908192
"chrX-0305",0.985398863804092
"chrX-0306",0.39717760263774
"chrX-0307",0.567233607428373
"chrX-0308",0.776275229375515
"chrX-0309",0.697879581373985
"chrX-0310",0.636425087089558
"chrX-0311",0.647282779236091
"chrX-0312",0.639404305564184
"chrX-0313",0.249798680888809
"chrX-0314",0.583792858616808
"chrX-0315",1.75200400656262
"chrX-0316",0.701323468829583
"chrX-0317",0.511335137890845
"chrX-0318",1.07130398179465
"chrX-0319",0.674719280381572
"chrX-0320",0.587184947488859
"chrX-0321",1.02573311853454
"chrX-0322",0.875864383669428
"chrX-0323",0.204065681236292
"chrX-0324",0.509101967293892
"chrX-0325",0.894063743366112
"chrX-0326",0.981836441121493
"chrX-0327",0.874251937479424
"chrX-0328",0.958184024168958
"chrX-0329",0.877717070691779
"chrX-0330",1.04620269926938
"chrX-0331",1.33748508894742
"chrX-0332",1.61847673305779
"chrX-0333",0.858322482930606
"chrX-0334",1.47434766411687
"chrX-0335",0.83579541092017
"chrX-0336",0.934714192091681
"chrX-0337",1.74593793863946
"chrX-0338",0.438013404749672
"chrX-0339",0.987357326011193
"chrX-0340",0.952659957811707
"chrX-0341",0.80527983043522
"chrX-0342",0.893685762774353
"chrX-0343",0.91279376278282
"chrX-0344",0.541281924837082
"chrX-0345",0.895871069557899
"chrX-0346",0.621744230616982
"chrX-0347",1.24646828176698
"chrX-0348",0.932010562747157
"chrX-0349",0.974165465033468
"chrX-0350",1.12923208525855
"chrX-0351",1.03387447023334
"chrX-0352",0.765903744879327
"chrX-0353",1.1808281250013
"chrX-0354",0.988181534369698
"chrX-0355",1.38351147147564
"chrX-0356",0.932217259222023
"chrX-0357",1.44149415141852
"chrX-0358",1.29109353100307
"chrX-0359",1.46325852776796
"chrX-0360",0.893369551023124
"chrX-0361",1.11972587815487
"chrX-0362",0.696989302368395
"chrX-0363",0.903050862012651
"chrX-0364",0.48961430248085
"chrX-0365",0.986208428574674
"chrX-0366",0.640053114904351
"chrX-0367",0.393198677054505
"chrX-0368",0.532915839053292
"chrX-0369",0.89606890900454
"chrX-0370",0.742885011232584
"chrX-0371",0.740686208321829
"chrX-0372",1.39772288726845
"chrX-0373",0.647968166435071
"chrX-0374",0.963402575608465
"chrX-0375",0.62261507577242
"chrX-0376",0.461974478399011
"chrX-0377",0.839355768984807
"chrX-0378",0.679754904167719
"chrX-0379",0.827601648966058
"chrX-0380",0.996556387418661
"chrX-0381",1.12893094600772
"chrX-0382",0.954484136332558
"chrX-0383",0.587620087130182
"chrX-0384",0.632061541507585
"chrX-0385",0.968161087378147
"chrX-0386",1.51908715888983
"chrX-0387",0.92823058464112
"chrX-0388",0.872323200828824
"chrX-0389",0.308914990181042
"chrX-0390",0.923306648730654
"chrX-0391",1.06331676161385
"chrX-0392",0.988394958783488
"chrX-0393",0.869265275079398
"chrX-0394",0.209971034506806
"chrX-0395",0.667800754330518
"chrX-0396",0.633105288399892
"chrX-0397",0.860975310524282
"chrX-0398",0.399794186759432
"chrX-0399",1.20553589324899
"chrX-0400",0.733915573121437
"chrX-0401",0.784091240936787
"chrX-0402",1.03791477143028
"chrX-0403",0.558302937534398
"chrX-0404",1.57599805896177
"chrX-0405",0.843932305039678
"chrX-0406",1.35872990531488
"chrX-0407",0.493980671598473
"chrX-0408",0.846040039288774
"chrX-0409",1.16950360894958
"chrX-0410",0.86867135991312
"chrX-0411",0.972993205014521
"chrX-0412",1.24757864187186
"chrX-0413",0.973651253507045
"chrX-0414",0.894654386390376
"chrX-0415",1.01636813511007
"chrX-0416",0.309308365471958
"chrX-0417",0.98616748373278
"chrX-0418",0.842423671879754
"chrX-0419",0.891678624038293
"chrX-0420",0.880419774470033
"chrX-0421",1.61178107847055
"chrX-0422",0.90865862839267
"chrX-0423",0.996874322504083
"chrX-0424",0.345651498353101
"chrX-0425",1.13125566869059
"chrX-0426",0.557840463395369
"chrX-0427",0.598218422047908
"chrX-0428",0.692847171470491
"chrX-0429",0.595207125386842
"chrX-0430",0.229103658854096
"chrX-0431",0.787197689512066
"chrX-0432",0.419925300824506
"chrX-0433",0.901513348627771
"chrX-0434",0.325305536565033
"chrX-0435",0.523889006690391
"chrX-0436",0.546069798901845
"chrX-0437",0.847700735622289
"chrX-0438",0.598721925253414
"chrX-0439",0.973554875372978
"chrX-0440",0.0436984810309691
"chrX-0441",0.360882547963196
"chrX-0442",0.550542214944778
"chrX-0443",0.717433950914571
"chrX-0444",0.508567100162703
"chrX-0445",0.603953372955161
"chrX-0446",0.401054023996693
"chrX-0447",0.633861401674292
"chrX-0448",0.417136589461243
"chrX-0449",0.3462100336633
"chrX-0450",0.540514981976161
"chrX-0451",0.583928908206118
"chrX-0452",0.44789573378825
"chrX-0453",0.532191293581992
"chrX-0454",0.602558813290422
"chrX-0455",0.47104845108478
"chrX-0456",1.01374263415282
"chrX-0457",0.675506887532741
"chrX-0458",0.660445076112894
"chrX-0459",0.528818005244672
"chrX-0460",0.479680228156225
"chrX-0461",0.591962258204603
"chrX-0462",0.590850068314681
"chrX-0463",0.893579189397343
"chrY-0001",-2.40071119655647
"chrY-0002",-0.658314013886793
"chrY-0003",-4.04420939221423
"chrY-0004",-3.27446258615272
"chrY-0005",-2.74159586957972
"chrY-0006",-4.40236575412058
"chrY-0007",-2.89155371765294
"chrY-0008",-0.00871738423737965
"chrY-0009",-1.62656469216251
"chrY-0010",-3.04687169302202
"chrY-0011",-2.43313785175621
"chrY-0012",-3.28053390277127
"chrY-0013",-1.8268473357308
"chrY-0014",-3.24505202001493
"chrY-0015",-3.27808666286114
"chrY-0016",-2.66619372165036
"chrY-0017",-2.98183298793892
"chrY-0018",-3.66011884735305
